Test,DAYSBACK,PCTMIN,PCTMAX,ATHMIN,ATHMAX,MAXBUYS,BUYDROP,TARGET,STOPLOSS,MAXDURA,WinRate,TotalTrade,Executed,Open,Closed,ProfitTGT,LossSL,LossFEMD,LossFECD,ProfitFEMD,ProfitFECD,Pending,Expired,Invalid,TotalRows,Wins,Losses,TotalStock,SumProfit,SumGainFin,Dur5,Dur10,Dur15,Dur20,Dur25,Dur30,Dur35,Dur40,ExitTGT,ExitSL,ExitFEMD,ExitFECD
305566,25,-0.08,-0.03,-0.45,-0.35,1,0.2,0.2,0.15,20,61.46,772,723,12,711,166,115,159,0,271,0,0,49,6,778,437,274,778,273269.58,2802.38,58,82,84,487,0,0,0,0,166,115,430,0
305567,25,-0.08,-0.03,-0.45,-0.35,1,0.2,0.2,0.15,20,60.99,772,723,13,710,0,117,160,0,433,0,0,49,6,778,433,277,778,281505.14,2911.14,28,38,26,618,0,0,0,0,0,117,593,0
305568,25,-0.08,-0.03,-0.45,-0.35,1,0.2,0.2,0.15,20,64.74,770,721,12,709,170,0,250,0,289,0,0,49,8,778,459,250,778,341741.28,3503.74,30,44,58,577,0,0,0,0,170,0,539,0
305569,25,-0.08,-0.03,-0.45,-0.35,1,0.2,0.2,0.15,30,57.43,772,723,16,707,242,166,135,0,164,0,0,49,6,778,406,301,778,267577.69,2757.3,58,82,84,57,77,349,0,0,242,166,299,0
305570,25,-0.08,-0.03,-0.45,-0.35,1,0.2,0.2,0.15,30,55.6,772,723,18,705,0,168,145,0,392,0,0,49,6,778,392,313,778,253156.23,2660.53,28,38,26,25,28,560,0,0,0,168,537,0
305571,25,-0.08,-0.03,-0.45,-0.35,1,0.2,0.2,0.15,30,63.97,770,721,16,705,259,0,254,0,192,0,0,49,8,778,451,254,778,407728.72,4194.0,30,44,58,38,57,478,0,0,259,0,446,0
305572,25,-0.08,-0.03,-0.45,-0.35,1,0.2,0.2,0.15,40,55.6,772,723,18,705,273,208,74,31,33,86,0,49,6,778,392,313,778,249933.97,2586.3,58,82,84,57,77,50,42,255,273,208,107,117
305573,25,-0.08,-0.03,-0.45,-0.35,1,0.2,0.2,0.15,40,52.63,772,723,20,703,0,217,85,31,90,280,0,49,6,778,370,333,778,214775.66,2204.04,28,38,26,25,28,23,30,505,0,217,175,311
305574,25,-0.08,-0.03,-0.45,-0.35,1,0.2,0.2,0.15,40,63.73,770,721,18,703,296,0,169,86,35,117,0,49,8,778,448,255,778,415496.52,4281.45,30,44,58,38,57,32,28,416,296,0,204,203
305575,25,-0.08,-0.03,-0.45,-0.35,1,0.2,0.2,0.15,50,54.75,772,723,18,705,275,217,0,102,0,111,0,49,6,778,386,319,778,235292.65,2437.78,58,82,84,57,77,50,42,255,275,217,0,213
305576,25,-0.08,-0.03,-0.45,-0.35,1,0.2,0.2,0.15,50,51.07,772,723,20,703,0,226,0,118,0,359,0,49,6,778,359,344,778,188980.83,1934.41,28,38,26,25,28,23,30,505,0,226,0,477
305577,25,-0.08,-0.03,-0.45,-0.35,1,0.2,0.2,0.15,50,63.02,770,721,18,703,298,0,0,260,0,145,0,49,8,778,443,260,778,392639.01,4050.85,30,44,58,38,57,32,28,416,298,0,0,405
305578,25,-0.08,-0.03,-0.45,-0.35,1,0.2,0.2,0.15,60,54.75,772,723,18,705,275,217,0,102,0,111,0,49,6,778,386,319,778,235292.65,2437.78,58,82,84,57,77,50,42,255,275,217,0,213
305579,25,-0.08,-0.03,-0.45,-0.35,1,0.2,0.2,0.15,60,51.07,772,723,20,703,0,226,0,118,0,359,0,49,6,778,359,344,778,188980.83,1934.41,28,38,26,25,28,23,30,505,0,226,0,477
305580,25,-0.08,-0.03,-0.45,-0.35,1,0.2,0.2,0.15,60,63.02,770,721,18,703,298,0,0,260,0,145,0,49,8,778,443,260,778,392639.01,4050.85,30,44,58,38,57,32,28,416,298,0,0,405
305581,25,-0.08,-0.03,-0.45,-0.35,2,0.1,0.1,0.15,20,72.63,772,723,7,716,446,103,93,0,74,0,0,49,6,778,520,196,778,281858.14,3166.29,244,144,111,217,0,0,0,0,446,103,167,0
305582,25,-0.08,-0.03,-0.45,-0.35,2,0.1,0.1,0.15,20,65.92,772,723,13,710,0,117,125,0,468,0,0,49,6,778,468,242,778,384105.62,4150.2,28,38,26,618,0,0,0,0,0,117,593,0
305583,25,-0.08,-0.03,-0.45,-0.35,2,0.1,0.1,0.15,20,77.87,770,721,7,714,471,0,158,0,85,0,0,49,8,778,556,158,778,386195.97,3812.86,216,113,101,284,0,0,0,0,471,0,243,0
305584,25,-0.08,-0.03,-0.45,-0.35,2,0.1,0.1,0.15,30,72.87,772,723,8,715,497,141,53,0,24,0,0,49,6,778,521,194,778,277243.49,3255.26,244,144,111,50,54,112,0,0,497,141,77,0
305585,25,-0.08,-0.03,-0.45,-0.35,2,0.1,0.1,0.15,30,58.44,772,723,18,705,0,168,125,0,412,0,0,49,6,778,412,293,778,382907.84,4163.35,28,38,26,25,28,560,0,0,0,168,537,0
305586,25,-0.08,-0.03,-0.45,-0.35,2,0.1,0.1,0.15,30,82.05,770,721,8,713,543,0,128,0,42,0,0,49,8,778,585,128,778,480422.54,4438.95,216,113,101,41,50,192,0,0,543,0,170,0
305587,25,-0.08,-0.03,-0.45,-0.35,2,0.1,0.1,0.15,40,72.83,772,723,9,714,507,164,22,8,8,5,0,49,6,778,520,194,778,257491.49,3186.0,244,144,111,50,54,35,16,60,507,164,30,13
305588,25,-0.08,-0.03,-0.45,-0.35,2,0.1,0.1,0.15,40,55.62,772,723,20,703,0,217,74,21,101,290,0,49,6,778,391,312,778,348142.43,3939.54,28,38,26,25,28,23,30,505,0,217,175,311
305589,25,-0.08,-0.03,-0.45,-0.35,2,0.1,0.1,0.15,40,83.85,770,721,9,712,570,0,77,38,12,15,0,49,8,778,597,115,778,497735.97,4558.77,216,113,101,41,50,22,19,150,570,0,89,53
305590,25,-0.08,-0.03,-0.45,-0.35,2,0.1,0.1,0.15,50,71.99,772,723,9,714,507,167,0,33,0,7,0,49,6,778,514,200,778,249951.62,3143.76,244,144,111,50,54,35,16,60,507,167,0,40
305591,25,-0.08,-0.03,-0.45,-0.35,2,0.1,0.1,0.15,50,53.34,772,723,20,703,0,226,0,102,0,375,0,49,6,778,375,328,778,311211.52,3674.16,28,38,26,25,28,23,30,505,0,226,0,477
305592,25,-0.08,-0.03,-0.45,-0.35,2,0.1,0.1,0.15,50,83.71,770,721,9,712,571,0,0,116,0,25,0,49,8,778,596,116,778,485942.43,4494.89,216,113,101,41,50,22,19,150,571,0,0,141
305593,25,-0.08,-0.03,-0.45,-0.35,2,0.1,0.1,0.15,60,71.99,772,723,9,714,507,167,0,33,0,7,0,49,6,778,514,200,778,249951.62,3143.76,244,144,111,50,54,35,16,60,507,167,0,40
305594,25,-0.08,-0.03,-0.45,-0.35,2,0.1,0.1,0.15,60,53.34,772,723,20,703,0,226,0,102,0,375,0,49,6,778,375,328,778,311211.52,3674.16,28,38,26,25,28,23,30,505,0,226,0,477
305595,25,-0.08,-0.03,-0.45,-0.35,2,0.1,0.1,0.15,60,83.71,770,721,9,712,571,0,0,116,0,25,0,49,8,778,596,116,778,485942.43,4494.89,216,113,101,41,50,22,19,150,571,0,0,141
305596,25,-0.08,-0.03,-0.45,-0.35,2,0.1,0.2,0.15,20,66.24,772,723,12,711,184,115,125,0,287,0,0,49,6,778,471,240,778,378521.78,4029.84,59,86,91,475,0,0,0,0,184,115,412,0
305597,25,-0.08,-0.03,-0.45,-0.35,2,0.1,0.2,0.15,20,65.92,772,723,13,710,0,117,125,0,468,0,0,49,6,778,468,242,778,384105.62,4150.2,28,38,26,618,0,0,0,0,0,117,593,0
305598,25,-0.08,-0.03,-0.45,-0.35,2,0.1,0.2,0.15,20,71.65,770,721,12,709,194,0,201,0,314,0,0,49,8,778,508,201,778,508908.11,4849.47,31,48,67,563,0,0,0,0,194,0,515,0
305599,25,-0.08,-0.03,-0.45,-0.35,2,0.1,0.2,0.15,30,60.25,772,723,16,707,262,166,115,0,164,0,0,49,6,778,426,281,778,393131.55,4204.8,59,86,91,63,77,331,0,0,262,166,279,0
305600,25,-0.08,-0.03,-0.45,-0.35,2,0.1,0.2,0.15,30,58.44,772,723,18,705,0,168,125,0,412,0,0,49,6,778,412,293,778,382907.84,4163.35,28,38,26,25,28,560,0,0,0,168,537,0
305601,25,-0.08,-0.03,-0.45,-0.35,2,0.1,0.2,0.15,30,70.35,770,721,16,705,290,0,209,0,206,0,0,49,8,778,496,209,778,664456.18,5780.79,31,48,67,48,59,452,0,0,290,0,415,0
305602,25,-0.08,-0.03,-0.45,-0.35,2,0.1,0.2,0.15,40,58.72,772,723,18,705,299,207,63,21,36,79,0,49,6,778,414,291,778,367865.0,4194.23,59,86,91,63,77,52,41,236,299,207,99,100
305603,25,-0.08,-0.03,-0.45,-0.35,2,0.1,0.2,0.15,40,55.62,772,723,20,703,0,217,74,21,101,290,0,49,6,778,391,312,778,348142.43,3939.54,28,38,26,25,28,23,30,505,0,217,175,311
305604,25,-0.08,-0.03,-0.45,-0.35,2,0.1,0.2,0.15,40,70.27,770,721,18,703,336,0,150,59,44,114,0,49,8,778,494,209,778,687685.85,6016.37,31,48,67,48,59,37,28,385,336,0,194,173
305605,25,-0.08,-0.03,-0.45,-0.35,2,0.1,0.2,0.15,50,57.59,772,723,18,705,300,215,0,84,0,106,0,49,6,778,406,299,778,348936.91,4070.88,59,86,91,63,77,52,41,236,300,215,0,190
305606,25,-0.08,-0.03,-0.45,-0.35,2,0.1,0.2,0.15,50,53.34,772,723,20,703,0,226,0,102,0,375,0,49,6,778,375,328,778,311211.52,3674.16,28,38,26,25,28,23,30,505,0,226,0,477
305607,25,-0.08,-0.03,-0.45,-0.35,2,0.1,0.2,0.15,50,70.27,770,721,18,703,337,0,0,209,0,157,0,49,8,778,494,209,778,652119.17,5809.87,31,48,67,48,59,37,28,385,337,0,0,366
305608,25,-0.08,-0.03,-0.45,-0.35,2,0.1,0.2,0.15,60,57.59,772,723,18,705,300,215,0,84,0,106,0,49,6,778,406,299,778,348936.91,4070.88,59,86,91,63,77,52,41,236,300,215,0,190
305609,25,-0.08,-0.03,-0.45,-0.35,2,0.1,0.2,0.15,60,53.34,772,723,20,703,0,226,0,102,0,375,0,49,6,778,375,328,778,311211.52,3674.16,28,38,26,25,28,23,30,505,0,226,0,477
305610,25,-0.08,-0.03,-0.45,-0.35,2,0.1,0.2,0.15,60,70.27,770,721,18,703,337,0,0,209,0,157,0,49,8,778,494,209,778,652119.17,5809.87,31,48,67,48,59,37,28,385,337,0,0,366
305611,25,-0.08,-0.03,-0.45,-0.35,2,0.2,0.1,0.15,20,67.88,772,723,7,716,416,107,123,0,70,0,0,49,6,778,486,230,778,201949.0,2067.02,232,136,100,248,0,0,0,0,416,107,193,0
305612,25,-0.08,-0.03,-0.45,-0.35,2,0.2,0.1,0.15,20,60.99,772,723,13,710,0,117,160,0,433,0,0,49,6,778,433,277,778,281505.14,2911.14,28,38,26,618,0,0,0,0,0,117,593,0
305613,25,-0.08,-0.03,-0.45,-0.35,2,0.2,0.1,0.15,20,71.29,770,721,7,714,433,0,205,0,76,0,0,49,8,778,509,205,778,264090.26,2701.19,204,101,81,328,0,0,0,0,433,0,281,0
305614,25,-0.08,-0.03,-0.45,-0.35,2,0.2,0.1,0.15,30,68.95,772,723,8,715,471,148,74,0,22,0,0,49,6,778,493,222,778,204964.15,2106.56,232,136,100,55,51,141,0,0,471,148,96,0
305615,25,-0.08,-0.03,-0.45,-0.35,2,0.2,0.1,0.15,30,55.6,772,723,18,705,0,168,145,0,392,0,0,49,6,778,392,313,778,253156.23,2660.53,28,38,26,25,28,560,0,0,0,168,537,0
305616,25,-0.08,-0.03,-0.45,-0.35,2,0.2,0.1,0.15,30,75.04,770,721,8,713,502,0,178,0,33,0,0,49,8,778,535,178,778,321460.92,3304.12,204,101,81,47,38,242,0,0,502,0,211,0
305617,25,-0.08,-0.03,-0.45,-0.35,2,0.2,0.1,0.15,40,69.19,772,723,9,714,481,176,29,15,7,6,0,49,6,778,494,220,778,187360.68,1930.16,232,136,100,55,51,45,15,80,481,176,36,21
305618,25,-0.08,-0.03,-0.45,-0.35,2,0.2,0.1,0.15,40,52.63,772,723,20,703,0,217,85,31,90,280,0,49,6,778,370,333,778,214775.66,2204.04,28,38,26,25,28,23,30,505,0,217,175,311
305619,25,-0.08,-0.03,-0.45,-0.35,2,0.2,0.1,0.15,40,76.83,770,721,9,712,522,0,100,65,8,17,0,49,8,778,547,165,778,323396.75,3327.19,204,101,81,47,38,31,8,202,522,0,108,82
305620,25,-0.08,-0.03,-0.45,-0.35,2,0.2,0.1,0.15,50,68.77,772,723,9,714,481,179,0,44,0,10,0,49,6,778,491,223,778,182134.82,1876.63,232,136,100,55,51,45,15,80,481,179,0,54
305621,25,-0.08,-0.03,-0.45,-0.35,2,0.2,0.1,0.15,50,51.07,772,723,20,703,0,226,0,118,0,359,0,49,6,778,359,344,778,188980.83,1934.41,28,38,26,25,28,23,30,505,0,226,0,477
305622,25,-0.08,-0.03,-0.45,-0.35,2,0.2,0.1,0.15,50,76.69,770,721,9,712,522,0,0,166,0,24,0,49,8,778,546,166,778,316890.12,3261.48,204,101,81,47,38,31,8,202,522,0,0,190
305623,25,-0.08,-0.03,-0.45,-0.35,2,0.2,0.1,0.15,60,68.77,772,723,9,714,481,179,0,44,0,10,0,49,6,778,491,223,778,182134.82,1876.63,232,136,100,55,51,45,15,80,481,179,0,54
305624,25,-0.08,-0.03,-0.45,-0.35,2,0.2,0.1,0.15,60,51.07,772,723,20,703,0,226,0,118,0,359,0,49,6,778,359,344,778,188980.83,1934.41,28,38,26,25,28,23,30,505,0,226,0,477
305625,25,-0.08,-0.03,-0.45,-0.35,2,0.2,0.1,0.15,60,76.69,770,721,9,712,522,0,0,166,0,24,0,49,8,778,546,166,778,316890.12,3261.48,204,101,81,47,38,31,8,202,522,0,0,190
305626,25,-0.08,-0.03,-0.45,-0.35,2,0.2,0.2,0.15,20,61.46,772,723,12,711,166,115,159,0,271,0,0,49,6,778,437,274,778,273269.58,2802.38,58,82,84,487,0,0,0,0,166,115,430,0
305627,25,-0.08,-0.03,-0.45,-0.35,2,0.2,0.2,0.15,20,60.99,772,723,13,710,0,117,160,0,433,0,0,49,6,778,433,277,778,281505.14,2911.14,28,38,26,618,0,0,0,0,0,117,593,0
305628,25,-0.08,-0.03,-0.45,-0.35,2,0.2,0.2,0.15,20,64.74,770,721,12,709,170,0,250,0,289,0,0,49,8,778,459,250,778,341741.28,3503.74,30,44,58,577,0,0,0,0,170,0,539,0
305629,25,-0.08,-0.03,-0.45,-0.35,2,0.2,0.2,0.15,30,57.43,772,723,16,707,242,166,135,0,164,0,0,49,6,778,406,301,778,267577.69,2757.3,58,82,84,57,77,349,0,0,242,166,299,0
305630,25,-0.08,-0.03,-0.45,-0.35,2,0.2,0.2,0.15,30,55.6,772,723,18,705,0,168,145,0,392,0,0,49,6,778,392,313,778,253156.23,2660.53,28,38,26,25,28,560,0,0,0,168,537,0
305631,25,-0.08,-0.03,-0.45,-0.35,2,0.2,0.2,0.15,30,63.97,770,721,16,705,259,0,254,0,192,0,0,49,8,778,451,254,778,407728.72,4194.0,30,44,58,38,57,478,0,0,259,0,446,0
305632,25,-0.08,-0.03,-0.45,-0.35,2,0.2,0.2,0.15,40,55.6,772,723,18,705,273,208,74,31,33,86,0,49,6,778,392,313,778,249933.97,2586.3,58,82,84,57,77,50,42,255,273,208,107,117
305633,25,-0.08,-0.03,-0.45,-0.35,2,0.2,0.2,0.15,40,52.63,772,723,20,703,0,217,85,31,90,280,0,49,6,778,370,333,778,214775.66,2204.04,28,38,26,25,28,23,30,505,0,217,175,311
305634,25,-0.08,-0.03,-0.45,-0.35,2,0.2,0.2,0.15,40,63.73,770,721,18,703,296,0,169,86,35,117,0,49,8,778,448,255,778,415496.52,4281.45,30,44,58,38,57,32,28,416,296,0,204,203
305635,25,-0.08,-0.03,-0.45,-0.35,2,0.2,0.2,0.15,50,54.75,772,723,18,705,275,217,0,102,0,111,0,49,6,778,386,319,778,235292.65,2437.78,58,82,84,57,77,50,42,255,275,217,0,213
305636,25,-0.08,-0.03,-0.45,-0.35,2,0.2,0.2,0.15,50,51.07,772,723,20,703,0,226,0,118,0,359,0,49,6,778,359,344,778,188980.83,1934.41,28,38,26,25,28,23,30,505,0,226,0,477
305637,25,-0.08,-0.03,-0.45,-0.35,2,0.2,0.2,0.15,50,63.02,770,721,18,703,298,0,0,260,0,145,0,49,8,778,443,260,778,392639.01,4050.85,30,44,58,38,57,32,28,416,298,0,0,405
305638,25,-0.08,-0.03,-0.45,-0.35,2,0.2,0.2,0.15,60,54.75,772,723,18,705,275,217,0,102,0,111,0,49,6,778,386,319,778,235292.65,2437.78,58,82,84,57,77,50,42,255,275,217,0,213
305639,25,-0.08,-0.03,-0.45,-0.35,2,0.2,0.2,0.15,60,51.07,772,723,20,703,0,226,0,118,0,359,0,49,6,778,359,344,778,188980.83,1934.41,28,38,26,25,28,23,30,505,0,226,0,477
305640,25,-0.08,-0.03,-0.45,-0.35,2,0.2,0.2,0.15,60,63.02,770,721,18,703,298,0,0,260,0,145,0,49,8,778,443,260,778,392639.01,4050.85,30,44,58,38,57,32,28,416,298,0,0,405
305641,25,-0.08,-0.03,-0.45,-0.3,1,0.1,0.1,0.15,20,65.85,1168,1113,12,1101,589,160,216,0,136,0,0,55,9,1177,725,376,1177,271004.22,2765.82,322,206,144,429,0,0,0,0,589,160,352,0
305642,25,-0.08,-0.03,-0.45,-0.3,1,0.1,0.1,0.15,20,59.56,1168,1113,20,1093,0,176,266,0,651,0,0,55,9,1177,651,442,1177,359404.98,3729.81,37,61,46,949,0,0,0,0,0,176,917,0
305643,25,-0.08,-0.03,-0.45,-0.3,1,0.1,0.1,0.15,20,68.79,1166,1111,12,1099,609,0,343,0,147,0,0,55,11,1177,756,343,1177,345130.18,3507.8,285,150,108,556,0,0,0,0,609,0,490,0
305644,25,-0.08,-0.03,-0.45,-0.3,1,0.1,0.1,0.15,30,67.15,1168,1113,14,1099,684,218,143,0,54,0,0,55,9,1177,738,361,1177,287977.92,2955.36,322,206,144,77,83,267,0,0,684,218,197,0
305645,25,-0.08,-0.03,-0.45,-0.3,1,0.1,0.1,0.15,30,54.75,1168,1113,28,1085,0,249,242,0,594,0,0,55,9,1177,594,491,1177,312642.82,3309.24,37,61,46,32,42,867,0,0,0,249,836,0
305646,25,-0.08,-0.03,-0.45,-0.3,1,0.1,0.1,0.15,30,72.56,1166,1111,14,1097,725,0,301,0,71,0,0,55,11,1177,796,301,1177,444159.16,4545.02,285,150,108,66,60,428,0,0,725,0,372,0
305647,25,-0.08,-0.03,-0.45,-0.3,1,0.1,0.1,0.15,40,66.85,1168,1113,15,1098,707,267,66,31,13,14,0,55,9,1177,734,364,1177,246411.76,2533.76,322,206,144,77,83,70,41,155,707,267,79,45
305648,25,-0.08,-0.03,-0.45,-0.3,1,0.1,0.1,0.15,40,51.06,1168,1113,30,1083,0,328,145,57,142,411,0,55,9,1177,553,530,1177,233535.45,2424.52,37,61,46,32,42,31,56,778,0,328,287,468
305649,25,-0.08,-0.03,-0.45,-0.3,1,0.1,0.1,0.15,40,74.0,1166,1111,15,1096,766,0,177,108,14,31,0,55,11,1177,811,285,1177,441384.5,4518.84,285,150,108,66,60,56,24,347,766,0,191,139
305650,25,-0.08,-0.03,-0.45,-0.3,1,0.1,0.1,0.15,50,66.58,1168,1113,15,1098,707,273,0,94,0,24,0,55,9,1177,731,367,1177,236164.98,2428.77,322,206,144,77,83,70,41,155,707,273,0,118
305651,25,-0.08,-0.03,-0.45,-0.3,1,0.1,0.1,0.15,50,49.86,1168,1113,30,1083,0,345,0,198,0,540,0,55,9,1177,540,543,1177,194330.18,2012.09,37,61,46,32,42,31,56,778,0,345,0,738
305652,25,-0.08,-0.03,-0.45,-0.3,1,0.1,0.1,0.15,50,73.91,1166,1111,15,1096,766,0,0,286,0,44,0,55,11,1177,810,286,1177,428565.92,4387.37,285,150,108,66,60,56,24,347,766,0,0,330
305653,25,-0.08,-0.03,-0.45,-0.3,1,0.1,0.1,0.15,60,66.58,1168,1113,15,1098,707,273,0,94,0,24,0,55,9,1177,731,367,1177,236164.98,2428.77,322,206,144,77,83,70,41,155,707,273,0,118
305654,25,-0.08,-0.03,-0.45,-0.3,1,0.1,0.1,0.15,60,49.86,1168,1113,30,1083,0,345,0,198,0,540,0,55,9,1177,540,543,1177,194330.18,2012.09,37,61,46,32,42,31,56,778,0,345,0,738
305655,25,-0.08,-0.03,-0.45,-0.3,1,0.1,0.1,0.15,60,73.91,1166,1111,15,1096,766,0,0,286,0,44,0,55,11,1177,810,286,1177,428565.92,4387.37,285,150,108,66,60,56,24,347,766,0,0,330
305656,25,-0.08,-0.03,-0.45,-0.3,1,0.1,0.2,0.15,20,59.91,1168,1113,18,1095,237,174,265,0,419,0,0,55,9,1177,656,439,1177,363378.57,3743.68,75,121,134,765,0,0,0,0,237,174,684,0
305657,25,-0.08,-0.03,-0.45,-0.3,1,0.1,0.2,0.15,20,59.56,1168,1113,20,1093,0,176,266,0,651,0,0,55,9,1177,651,442,1177,359404.98,3729.81,37,61,46,949,0,0,0,0,0,176,917,0
305658,25,-0.08,-0.03,-0.45,-0.3,1,0.1,0.2,0.15,20,62.67,1166,1111,18,1093,241,0,408,0,444,0,0,55,11,1177,685,408,1177,436942.6,4483.04,38,60,88,907,0,0,0,0,241,0,852,0
305659,25,-0.08,-0.03,-0.45,-0.3,1,0.1,0.2,0.15,30,56.53,1168,1113,25,1088,338,246,227,0,277,0,0,55,9,1177,615,473,1177,361896.49,3762.8,75,121,134,81,101,576,0,0,338,246,504,0
305660,25,-0.08,-0.03,-0.45,-0.3,1,0.1,0.2,0.15,30,54.75,1168,1113,28,1085,0,249,242,0,594,0,0,55,9,1177,594,491,1177,312642.82,3309.24,37,61,46,32,42,867,0,0,0,249,836,0
305661,25,-0.08,-0.03,-0.45,-0.3,1,0.1,0.2,0.15,30,62.25,1166,1111,25,1086,357,0,410,0,319,0,0,55,11,1177,676,410,1177,535629.22,5529.13,38,60,88,55,69,776,0,0,357,0,729,0
305662,25,-0.08,-0.03,-0.45,-0.3,1,0.1,0.2,0.15,40,53.96,1168,1113,27,1086,387,316,129,55,55,144,0,55,9,1177,586,500,1177,317064.6,3315.28,75,121,134,81,101,72,74,428,387,316,184,199
305663,25,-0.08,-0.03,-0.45,-0.3,1,0.1,0.2,0.15,40,51.06,1168,1113,30,1083,0,328,145,57,142,411,0,55,9,1177,553,530,1177,233535.45,2424.52,37,61,46,32,42,31,56,778,0,328,287,468
305664,25,-0.08,-0.03,-0.45,-0.3,1,0.1,0.2,0.15,40,61.53,1166,1111,27,1084,414,0,278,139,58,195,0,55,11,1177,667,417,1177,538903.52,5568.2,38,60,88,55,69,47,41,686,414,0,336,334
305665,25,-0.08,-0.03,-0.45,-0.3,1,0.1,0.2,0.15,50,53.41,1168,1113,27,1086,390,331,0,175,0,190,0,55,9,1177,580,506,1177,294618.3,3085.18,75,121,134,81,101,72,74,428,390,331,0,365
305666,25,-0.08,-0.03,-0.45,-0.3,1,0.1,0.2,0.15,50,49.86,1168,1113,30,1083,0,345,0,198,0,540,0,55,9,1177,540,543,1177,194330.18,2012.09,37,61,46,32,42,31,56,778,0,345,0,738
305667,25,-0.08,-0.03,-0.45,-0.3,1,0.1,0.2,0.15,50,61.07,1166,1111,27,1084,417,0,0,422,0,245,0,55,11,1177,662,422,1177,506564.87,5237.4,38,60,88,55,69,47,41,686,417,0,0,667
305668,25,-0.08,-0.03,-0.45,-0.3,1,0.1,0.2,0.15,60,53.41,1168,1113,27,1086,390,331,0,175,0,190,0,55,9,1177,580,506,1177,294618.3,3085.18,75,121,134,81,101,72,74,428,390,331,0,365
305669,25,-0.08,-0.03,-0.45,-0.3,1,0.1,0.2,0.15,60,49.86,1168,1113,30,1083,0,345,0,198,0,540,0,55,9,1177,540,543,1177,194330.18,2012.09,37,61,46,32,42,31,56,778,0,345,0,738
305670,25,-0.08,-0.03,-0.45,-0.3,1,0.1,0.2,0.15,60,61.07,1166,1111,27,1084,417,0,0,422,0,245,0,55,11,1177,662,422,1177,506564.87,5237.4,38,60,88,55,69,47,41,686,417,0,0,667
305671,25,-0.08,-0.03,-0.45,-0.3,1,0.2,0.1,0.15,20,65.85,1168,1113,12,1101,589,160,216,0,136,0,0,55,9,1177,725,376,1177,271004.22,2765.82,322,206,144,429,0,0,0,0,589,160,352,0
305672,25,-0.08,-0.03,-0.45,-0.3,1,0.2,0.1,0.15,20,59.56,1168,1113,20,1093,0,176,266,0,651,0,0,55,9,1177,651,442,1177,359404.98,3729.81,37,61,46,949,0,0,0,0,0,176,917,0
305673,25,-0.08,-0.03,-0.45,-0.3,1,0.2,0.1,0.15,20,68.79,1166,1111,12,1099,609,0,343,0,147,0,0,55,11,1177,756,343,1177,345130.18,3507.8,285,150,108,556,0,0,0,0,609,0,490,0
305674,25,-0.08,-0.03,-0.45,-0.3,1,0.2,0.1,0.15,30,67.15,1168,1113,14,1099,684,218,143,0,54,0,0,55,9,1177,738,361,1177,287977.92,2955.36,322,206,144,77,83,267,0,0,684,218,197,0
305675,25,-0.08,-0.03,-0.45,-0.3,1,0.2,0.1,0.15,30,54.75,1168,1113,28,1085,0,249,242,0,594,0,0,55,9,1177,594,491,1177,312642.82,3309.24,37,61,46,32,42,867,0,0,0,249,836,0
305676,25,-0.08,-0.03,-0.45,-0.3,1,0.2,0.1,0.15,30,72.56,1166,1111,14,1097,725,0,301,0,71,0,0,55,11,1177,796,301,1177,444159.16,4545.02,285,150,108,66,60,428,0,0,725,0,372,0
305677,25,-0.08,-0.03,-0.45,-0.3,1,0.2,0.1,0.15,40,66.85,1168,1113,15,1098,707,267,66,31,13,14,0,55,9,1177,734,364,1177,246411.76,2533.76,322,206,144,77,83,70,41,155,707,267,79,45
305678,25,-0.08,-0.03,-0.45,-0.3,1,0.2,0.1,0.15,40,51.06,1168,1113,30,1083,0,328,145,57,142,411,0,55,9,1177,553,530,1177,233535.45,2424.52,37,61,46,32,42,31,56,778,0,328,287,468
305679,25,-0.08,-0.03,-0.45,-0.3,1,0.2,0.1,0.15,40,74.0,1166,1111,15,1096,766,0,177,108,14,31,0,55,11,1177,811,285,1177,441384.5,4518.84,285,150,108,66,60,56,24,347,766,0,191,139
305680,25,-0.08,-0.03,-0.45,-0.3,1,0.2,0.1,0.15,50,66.58,1168,1113,15,1098,707,273,0,94,0,24,0,55,9,1177,731,367,1177,236164.98,2428.77,322,206,144,77,83,70,41,155,707,273,0,118
305681,25,-0.08,-0.03,-0.45,-0.3,1,0.2,0.1,0.15,50,49.86,1168,1113,30,1083,0,345,0,198,0,540,0,55,9,1177,540,543,1177,194330.18,2012.09,37,61,46,32,42,31,56,778,0,345,0,738
305682,25,-0.08,-0.03,-0.45,-0.3,1,0.2,0.1,0.15,50,73.91,1166,1111,15,1096,766,0,0,286,0,44,0,55,11,1177,810,286,1177,428565.92,4387.37,285,150,108,66,60,56,24,347,766,0,0,330
305683,25,-0.08,-0.03,-0.45,-0.3,1,0.2,0.1,0.15,60,66.58,1168,1113,15,1098,707,273,0,94,0,24,0,55,9,1177,731,367,1177,236164.98,2428.77,322,206,144,77,83,70,41,155,707,273,0,118
305684,25,-0.08,-0.03,-0.45,-0.3,1,0.2,0.1,0.15,60,49.86,1168,1113,30,1083,0,345,0,198,0,540,0,55,9,1177,540,543,1177,194330.18,2012.09,37,61,46,32,42,31,56,778,0,345,0,738
305685,25,-0.08,-0.03,-0.45,-0.3,1,0.2,0.1,0.15,60,73.91,1166,1111,15,1096,766,0,0,286,0,44,0,55,11,1177,810,286,1177,428565.92,4387.37,285,150,108,66,60,56,24,347,766,0,0,330
305686,25,-0.08,-0.03,-0.45,-0.3,1,0.2,0.2,0.15,20,59.91,1168,1113,18,1095,237,174,265,0,419,0,0,55,9,1177,656,439,1177,363378.57,3743.68,75,121,134,765,0,0,0,0,237,174,684,0
305687,25,-0.08,-0.03,-0.45,-0.3,1,0.2,0.2,0.15,20,59.56,1168,1113,20,1093,0,176,266,0,651,0,0,55,9,1177,651,442,1177,359404.98,3729.81,37,61,46,949,0,0,0,0,0,176,917,0
305688,25,-0.08,-0.03,-0.45,-0.3,1,0.2,0.2,0.15,20,62.67,1166,1111,18,1093,241,0,408,0,444,0,0,55,11,1177,685,408,1177,436942.6,4483.04,38,60,88,907,0,0,0,0,241,0,852,0
305689,25,-0.08,-0.03,-0.45,-0.3,1,0.2,0.2,0.15,30,56.53,1168,1113,25,1088,338,246,227,0,277,0,0,55,9,1177,615,473,1177,361896.49,3762.8,75,121,134,81,101,576,0,0,338,246,504,0
305690,25,-0.08,-0.03,-0.45,-0.3,1,0.2,0.2,0.15,30,54.75,1168,1113,28,1085,0,249,242,0,594,0,0,55,9,1177,594,491,1177,312642.82,3309.24,37,61,46,32,42,867,0,0,0,249,836,0
305691,25,-0.08,-0.03,-0.45,-0.3,1,0.2,0.2,0.15,30,62.25,1166,1111,25,1086,357,0,410,0,319,0,0,55,11,1177,676,410,1177,535629.22,5529.13,38,60,88,55,69,776,0,0,357,0,729,0
305692,25,-0.08,-0.03,-0.45,-0.3,1,0.2,0.2,0.15,40,53.96,1168,1113,27,1086,387,316,129,55,55,144,0,55,9,1177,586,500,1177,317064.6,3315.28,75,121,134,81,101,72,74,428,387,316,184,199
305693,25,-0.08,-0.03,-0.45,-0.3,1,0.2,0.2,0.15,40,51.06,1168,1113,30,1083,0,328,145,57,142,411,0,55,9,1177,553,530,1177,233535.45,2424.52,37,61,46,32,42,31,56,778,0,328,287,468
305694,25,-0.08,-0.03,-0.45,-0.3,1,0.2,0.2,0.15,40,61.53,1166,1111,27,1084,414,0,278,139,58,195,0,55,11,1177,667,417,1177,538903.52,5568.2,38,60,88,55,69,47,41,686,414,0,336,334
305695,25,-0.08,-0.03,-0.45,-0.3,1,0.2,0.2,0.15,50,53.41,1168,1113,27,1086,390,331,0,175,0,190,0,55,9,1177,580,506,1177,294618.3,3085.18,75,121,134,81,101,72,74,428,390,331,0,365
305696,25,-0.08,-0.03,-0.45,-0.3,1,0.2,0.2,0.15,50,49.86,1168,1113,30,1083,0,345,0,198,0,540,0,55,9,1177,540,543,1177,194330.18,2012.09,37,61,46,32,42,31,56,778,0,345,0,738
305697,25,-0.08,-0.03,-0.45,-0.3,1,0.2,0.2,0.15,50,61.07,1166,1111,27,1084,417,0,0,422,0,245,0,55,11,1177,662,422,1177,506564.87,5237.4,38,60,88,55,69,47,41,686,417,0,0,667
305698,25,-0.08,-0.03,-0.45,-0.3,1,0.2,0.2,0.15,60,53.41,1168,1113,27,1086,390,331,0,175,0,190,0,55,9,1177,580,506,1177,294618.3,3085.18,75,121,134,81,101,72,74,428,390,331,0,365
305699,25,-0.08,-0.03,-0.45,-0.3,1,0.2,0.2,0.15,60,49.86,1168,1113,30,1083,0,345,0,198,0,540,0,55,9,1177,540,543,1177,194330.18,2012.09,37,61,46,32,42,31,56,778,0,345,0,738
305700,25,-0.08,-0.03,-0.45,-0.3,1,0.2,0.2,0.15,60,61.07,1166,1111,27,1084,417,0,0,422,0,245,0,55,11,1177,662,422,1177,506564.87,5237.4,38,60,88,55,69,47,41,686,417,0,0,667
305701,25,-0.08,-0.03,-0.45,-0.3,2,0.1,0.1,0.15,20,70.75,1168,1113,12,1101,637,155,167,0,142,0,0,55,9,1177,779,322,1177,390162.97,4469.81,338,218,162,383,0,0,0,0,637,155,309,0
305702,25,-0.08,-0.03,-0.45,-0.3,2,0.1,0.1,0.15,20,64.59,1168,1113,20,1093,0,176,211,0,706,0,0,55,9,1177,706,387,1177,505821.21,5633.02,37,61,46,949,0,0,0,0,0,176,917,0
305703,25,-0.08,-0.03,-0.45,-0.3,2,0.1,0.1,0.15,20,75.34,1166,1111,12,1099,672,0,271,0,156,0,0,55,11,1177,828,271,1177,526147.26,5305.39,301,169,137,492,0,0,0,0,672,0,427,0
305704,25,-0.08,-0.03,-0.45,-0.3,2,0.1,0.1,0.15,30,71.79,1168,1113,14,1099,735,209,101,0,54,0,0,55,9,1177,789,310,1177,419158.98,4812.76,338,218,162,74,93,214,0,0,735,209,155,0
305705,25,-0.08,-0.03,-0.45,-0.3,2,0.1,0.1,0.15,30,58.53,1168,1113,28,1085,0,249,201,0,635,0,0,55,9,1177,635,450,1177,511900.07,5629.43,37,61,46,32,42,867,0,0,0,249,836,0
305706,25,-0.08,-0.03,-0.45,-0.3,2,0.1,0.1,0.15,30,80.31,1166,1111,14,1097,801,0,216,0,80,0,0,55,11,1177,881,216,1177,707793.46,6483.4,301,169,137,65,84,341,0,0,801,0,296,0
305707,25,-0.08,-0.03,-0.45,-0.3,2,0.1,0.1,0.15,40,70.86,1168,1113,15,1098,750,249,52,19,15,13,0,55,9,1177,778,320,1177,361881.65,4559.38,338,218,162,74,93,59,32,122,750,249,67,32
305708,25,-0.08,-0.03,-0.45,-0.3,2,0.1,0.1,0.15,40,54.29,1168,1113,30,1083,0,328,129,38,158,430,0,55,9,1177,588,495,1177,424640.16,5107.69,37,61,46,32,42,31,56,778,0,328,287,468
305709,25,-0.08,-0.03,-0.45,-0.3,2,0.1,0.1,0.15,40,81.39,1166,1111,15,1096,841,0,142,62,20,31,0,55,11,1177,892,204,1177,709318.65,6536.21,301,169,137,65,84,45,27,268,841,0,162,93
305710,25,-0.08,-0.03,-0.45,-0.3,2,0.1,0.1,0.15,50,70.31,1168,1113,15,1098,750,255,0,71,0,22,0,55,9,1177,772,326,1177,347387.68,4487.82,338,218,162,74,93,59,32,122,750,255,0,93
305711,25,-0.08,-0.03,-0.45,-0.3,2,0.1,0.1,0.15,50,52.54,1168,1113,30,1083,0,345,0,169,0,569,0,55,9,1177,569,514,1177,365945.46,4719.83,37,61,46,32,42,31,56,778,0,345,0,738
305712,25,-0.08,-0.03,-0.45,-0.3,2,0.1,0.1,0.15,50,81.39,1166,1111,15,1096,842,0,0,204,0,50,0,55,11,1177,892,204,1177,690387.67,6441.02,301,169,137,65,84,45,27,268,842,0,0,254
305713,25,-0.08,-0.03,-0.45,-0.3,2,0.1,0.1,0.15,60,70.31,1168,1113,15,1098,750,255,0,71,0,22,0,55,9,1177,772,326,1177,347387.68,4487.82,338,218,162,74,93,59,32,122,750,255,0,93
305714,25,-0.08,-0.03,-0.45,-0.3,2,0.1,0.1,0.15,60,52.54,1168,1113,30,1083,0,345,0,169,0,569,0,55,9,1177,569,514,1177,365945.46,4719.83,37,61,46,32,42,31,56,778,0,345,0,738
305715,25,-0.08,-0.03,-0.45,-0.3,2,0.1,0.1,0.15,60,81.39,1166,1111,15,1096,842,0,0,204,0,50,0,55,11,1177,892,204,1177,690387.67,6441.02,301,169,137,65,84,45,27,268,842,0,0,254
305716,25,-0.08,-0.03,-0.45,-0.3,2,0.1,0.2,0.15,20,64.84,1168,1113,18,1095,258,174,211,0,452,0,0,55,9,1177,710,385,1177,511088.47,5626.82,76,127,140,752,0,0,0,0,258,174,663,0
305717,25,-0.08,-0.03,-0.45,-0.3,2,0.1,0.2,0.15,20,64.59,1168,1113,20,1093,0,176,211,0,706,0,0,55,9,1177,706,387,1177,505821.21,5633.02,37,61,46,949,0,0,0,0,0,176,917,0
305718,25,-0.08,-0.03,-0.45,-0.3,2,0.1,0.2,0.15,20,69.35,1166,1111,18,1093,269,0,335,0,489,0,0,55,11,1177,758,335,1177,647554.82,6528.43,39,66,96,892,0,0,0,0,269,0,824,0
305719,25,-0.08,-0.03,-0.45,-0.3,2,0.1,0.2,0.15,30,60.29,1168,1113,25,1088,367,246,186,0,289,0,0,55,9,1177,656,432,1177,560480.57,6032.2,76,127,140,89,104,552,0,0,367,246,475,0
305720,25,-0.08,-0.03,-0.45,-0.3,2,0.1,0.2,0.15,30,58.53,1168,1113,28,1085,0,249,201,0,635,0,0,55,9,1177,635,450,1177,511900.07,5629.43,37,61,46,32,42,867,0,0,0,249,836,0
305721,25,-0.08,-0.03,-0.45,-0.3,2,0.1,0.2,0.15,30,69.06,1166,1111,25,1086,401,0,336,0,349,0,0,55,11,1177,750,336,1177,900819.47,8044.52,39,66,96,68,76,741,0,0,401,0,685,0
305722,25,-0.08,-0.03,-0.45,-0.3,2,0.1,0.2,0.15,40,57.27,1168,1113,27,1086,428,315,112,37,63,131,0,55,9,1177,622,464,1177,495940.47,5874.11,76,127,140,89,104,77,76,397,428,315,175,168
305723,25,-0.08,-0.03,-0.45,-0.3,2,0.1,0.2,0.15,40,54.29,1168,1113,30,1083,0,328,129,38,158,430,0,55,9,1177,588,495,1177,424640.16,5107.69,37,61,46,32,42,31,56,778,0,328,287,468
305724,25,-0.08,-0.03,-0.45,-0.3,2,0.1,0.2,0.15,40,68.63,1166,1111,27,1084,475,0,246,94,76,193,0,55,11,1177,744,340,1177,934334.39,8396.89,39,66,96,68,76,56,46,637,475,0,322,287
305725,25,-0.08,-0.03,-0.45,-0.3,2,0.1,0.2,0.15,50,56.35,1168,1113,27,1086,430,329,0,145,0,182,0,55,9,1177,612,474,1177,461929.89,5684.29,76,127,140,89,104,77,76,397,430,329,0,327
305726,25,-0.08,-0.03,-0.45,-0.3,2,0.1,0.2,0.15,50,52.54,1168,1113,30,1083,0,345,0,169,0,569,0,55,9,1177,569,514,1177,365945.46,4719.83,37,61,46,32,42,31,56,778,0,345,0,738
305727,25,-0.08,-0.03,-0.45,-0.3,2,0.1,0.2,0.15,50,68.54,1166,1111,27,1084,477,0,0,341,0,266,0,55,11,1177,743,341,1177,881342.64,8111.09,39,66,96,68,76,56,46,637,477,0,0,607
305728,25,-0.08,-0.03,-0.45,-0.3,2,0.1,0.2,0.15,60,56.35,1168,1113,27,1086,430,329,0,145,0,182,0,55,9,1177,612,474,1177,461929.89,5684.29,76,127,140,89,104,77,76,397,430,329,0,327
305729,25,-0.08,-0.03,-0.45,-0.3,2,0.1,0.2,0.15,60,52.54,1168,1113,30,1083,0,345,0,169,0,569,0,55,9,1177,569,514,1177,365945.46,4719.83,37,61,46,32,42,31,56,778,0,345,0,738
305730,25,-0.08,-0.03,-0.45,-0.3,2,0.1,0.2,0.15,60,68.54,1166,1111,27,1084,477,0,0,341,0,266,0,55,11,1177,743,341,1177,881342.64,8111.09,39,66,96,68,76,56,46,637,477,0,0,607
305731,25,-0.08,-0.03,-0.45,-0.3,2,0.2,0.1,0.15,20,65.85,1168,1113,12,1101,589,160,216,0,136,0,0,55,9,1177,725,376,1177,271004.22,2765.82,322,206,144,429,0,0,0,0,589,160,352,0
305732,25,-0.08,-0.03,-0.45,-0.3,2,0.2,0.1,0.15,20,59.56,1168,1113,20,1093,0,176,266,0,651,0,0,55,9,1177,651,442,1177,359404.98,3729.81,37,61,46,949,0,0,0,0,0,176,917,0
305733,25,-0.08,-0.03,-0.45,-0.3,2,0.2,0.1,0.15,20,68.79,1166,1111,12,1099,609,0,343,0,147,0,0,55,11,1177,756,343,1177,345130.18,3507.8,285,150,108,556,0,0,0,0,609,0,490,0
305734,25,-0.08,-0.03,-0.45,-0.3,2,0.2,0.1,0.15,30,67.15,1168,1113,14,1099,684,218,143,0,54,0,0,55,9,1177,738,361,1177,287977.92,2955.36,322,206,144,77,83,267,0,0,684,218,197,0
305735,25,-0.08,-0.03,-0.45,-0.3,2,0.2,0.1,0.15,30,54.75,1168,1113,28,1085,0,249,242,0,594,0,0,55,9,1177,594,491,1177,312642.82,3309.24,37,61,46,32,42,867,0,0,0,249,836,0
305736,25,-0.08,-0.03,-0.45,-0.3,2,0.2,0.1,0.15,30,72.56,1166,1111,14,1097,725,0,301,0,71,0,0,55,11,1177,796,301,1177,444159.16,4545.02,285,150,108,66,60,428,0,0,725,0,372,0
305737,25,-0.08,-0.03,-0.45,-0.3,2,0.2,0.1,0.15,40,66.85,1168,1113,15,1098,707,267,66,31,13,14,0,55,9,1177,734,364,1177,246411.76,2533.76,322,206,144,77,83,70,41,155,707,267,79,45
305738,25,-0.08,-0.03,-0.45,-0.3,2,0.2,0.1,0.15,40,51.06,1168,1113,30,1083,0,328,145,57,142,411,0,55,9,1177,553,530,1177,233535.45,2424.52,37,61,46,32,42,31,56,778,0,328,287,468
305739,25,-0.08,-0.03,-0.45,-0.3,2,0.2,0.1,0.15,40,74.0,1166,1111,15,1096,766,0,177,108,14,31,0,55,11,1177,811,285,1177,441384.5,4518.84,285,150,108,66,60,56,24,347,766,0,191,139
305740,25,-0.08,-0.03,-0.45,-0.3,2,0.2,0.1,0.15,50,66.58,1168,1113,15,1098,707,273,0,94,0,24,0,55,9,1177,731,367,1177,236164.98,2428.77,322,206,144,77,83,70,41,155,707,273,0,118
305741,25,-0.08,-0.03,-0.45,-0.3,2,0.2,0.1,0.15,50,49.86,1168,1113,30,1083,0,345,0,198,0,540,0,55,9,1177,540,543,1177,194330.18,2012.09,37,61,46,32,42,31,56,778,0,345,0,738
305742,25,-0.08,-0.03,-0.45,-0.3,2,0.2,0.1,0.15,50,73.91,1166,1111,15,1096,766,0,0,286,0,44,0,55,11,1177,810,286,1177,428565.92,4387.37,285,150,108,66,60,56,24,347,766,0,0,330
305743,25,-0.08,-0.03,-0.45,-0.3,2,0.2,0.1,0.15,60,66.58,1168,1113,15,1098,707,273,0,94,0,24,0,55,9,1177,731,367,1177,236164.98,2428.77,322,206,144,77,83,70,41,155,707,273,0,118
305744,25,-0.08,-0.03,-0.45,-0.3,2,0.2,0.1,0.15,60,49.86,1168,1113,30,1083,0,345,0,198,0,540,0,55,9,1177,540,543,1177,194330.18,2012.09,37,61,46,32,42,31,56,778,0,345,0,738
305745,25,-0.08,-0.03,-0.45,-0.3,2,0.2,0.1,0.15,60,73.91,1166,1111,15,1096,766,0,0,286,0,44,0,55,11,1177,810,286,1177,428565.92,4387.37,285,150,108,66,60,56,24,347,766,0,0,330
305746,25,-0.08,-0.03,-0.45,-0.3,2,0.2,0.2,0.15,20,59.91,1168,1113,18,1095,237,174,265,0,419,0,0,55,9,1177,656,439,1177,363378.57,3743.68,75,121,134,765,0,0,0,0,237,174,684,0
305747,25,-0.08,-0.03,-0.45,-0.3,2,0.2,0.2,0.15,20,59.56,1168,1113,20,1093,0,176,266,0,651,0,0,55,9,1177,651,442,1177,359404.98,3729.81,37,61,46,949,0,0,0,0,0,176,917,0
305748,25,-0.08,-0.03,-0.45,-0.3,2,0.2,0.2,0.15,20,62.67,1166,1111,18,1093,241,0,408,0,444,0,0,55,11,1177,685,408,1177,436942.6,4483.04,38,60,88,907,0,0,0,0,241,0,852,0
305749,25,-0.08,-0.03,-0.45,-0.3,2,0.2,0.2,0.15,30,56.53,1168,1113,25,1088,338,246,227,0,277,0,0,55,9,1177,615,473,1177,361896.49,3762.8,75,121,134,81,101,576,0,0,338,246,504,0
305750,25,-0.08,-0.03,-0.45,-0.3,2,0.2,0.2,0.15,30,54.75,1168,1113,28,1085,0,249,242,0,594,0,0,55,9,1177,594,491,1177,312642.82,3309.24,37,61,46,32,42,867,0,0,0,249,836,0
305751,25,-0.08,-0.03,-0.45,-0.3,2,0.2,0.2,0.15,30,62.25,1166,1111,25,1086,357,0,410,0,319,0,0,55,11,1177,676,410,1177,535629.22,5529.13,38,60,88,55,69,776,0,0,357,0,729,0
305752,25,-0.08,-0.03,-0.45,-0.3,2,0.2,0.2,0.15,40,53.96,1168,1113,27,1086,387,316,129,55,55,144,0,55,9,1177,586,500,1177,317064.6,3315.28,75,121,134,81,101,72,74,428,387,316,184,199
305753,25,-0.08,-0.03,-0.45,-0.3,2,0.2,0.2,0.15,40,51.06,1168,1113,30,1083,0,328,145,57,142,411,0,55,9,1177,553,530,1177,233535.45,2424.52,37,61,46,32,42,31,56,778,0,328,287,468
305754,25,-0.08,-0.03,-0.45,-0.3,2,0.2,0.2,0.15,40,61.53,1166,1111,27,1084,414,0,278,139,58,195,0,55,11,1177,667,417,1177,538903.52,5568.2,38,60,88,55,69,47,41,686,414,0,336,334
305755,25,-0.08,-0.03,-0.45,-0.3,2,0.2,0.2,0.15,50,53.41,1168,1113,27,1086,390,331,0,175,0,190,0,55,9,1177,580,506,1177,294618.3,3085.18,75,121,134,81,101,72,74,428,390,331,0,365
305756,25,-0.08,-0.03,-0.45,-0.3,2,0.2,0.2,0.15,50,49.86,1168,1113,30,1083,0,345,0,198,0,540,0,55,9,1177,540,543,1177,194330.18,2012.09,37,61,46,32,42,31,56,778,0,345,0,738
305757,25,-0.08,-0.03,-0.45,-0.3,2,0.2,0.2,0.15,50,61.07,1166,1111,27,1084,417,0,0,422,0,245,0,55,11,1177,662,422,1177,506564.87,5237.4,38,60,88,55,69,47,41,686,417,0,0,667
305758,25,-0.08,-0.03,-0.45,-0.3,2,0.2,0.2,0.15,60,53.41,1168,1113,27,1086,390,331,0,175,0,190,0,55,9,1177,580,506,1177,294618.3,3085.18,75,121,134,81,101,72,74,428,390,331,0,365
305759,25,-0.08,-0.03,-0.45,-0.3,2,0.2,0.2,0.15,60,49.86,1168,1113,30,1083,0,345,0,198,0,540,0,55,9,1177,540,543,1177,194330.18,2012.09,37,61,46,32,42,31,56,778,0,345,0,738
305760,25,-0.08,-0.03,-0.45,-0.3,2,0.2,0.2,0.15,60,61.07,1166,1111,27,1084,417,0,0,422,0,245,0,55,11,1177,662,422,1177,506564.87,5237.4,38,60,88,55,69,47,41,686,417,0,0,667
305761,25,-0.08,-0.03,-0.45,-0.25,1,0.1,0.1,0.15,20,63.55,1470,1406,15,1391,696,210,297,0,188,0,0,64,15,1485,884,507,1485,278081.01,2834.17,376,248,176,591,0,0,0,0,696,210,485,0
305762,25,-0.08,-0.03,-0.45,-0.25,1,0.1,0.1,0.15,20,57.86,1470,1406,25,1381,0,227,355,0,799,0,0,64,15,1485,799,582,1485,357679.68,3717.8,54,75,59,1193,0,0,0,0,0,227,1154,0
305763,25,-0.08,-0.03,-0.45,-0.25,1,0.1,0.1,0.15,20,66.07,1467,1403,15,1388,717,0,471,0,200,0,0,64,18,1485,917,471,1485,361062.36,3648.44,322,180,127,759,0,0,0,0,717,0,671,0
305764,25,-0.08,-0.03,-0.45,-0.25,1,0.1,0.1,0.15,30,64.24,1470,1406,19,1387,811,284,212,0,80,0,0,64,15,1485,891,496,1485,286688.99,2951.72,376,248,176,106,105,376,0,0,811,284,292,0
305765,25,-0.08,-0.03,-0.45,-0.25,1,0.1,0.1,0.15,30,52.12,1470,1406,38,1368,0,319,336,0,713,0,0,64,15,1485,713,655,1485,268621.65,2874.05,54,75,59,39,55,1086,0,0,0,319,1049,0
305766,25,-0.08,-0.03,-0.45,-0.25,1,0.1,0.1,0.15,30,69.08,1467,1403,19,1384,858,0,428,0,98,0,0,64,18,1485,956,428,1485,465674.61,4753.71,322,180,127,88,74,593,0,0,858,0,526,0
305767,25,-0.08,-0.03,-0.45,-0.25,1,0.1,0.1,0.15,40,64.43,1470,1406,20,1386,845,347,101,45,25,23,0,64,15,1485,893,493,1485,243403.76,2499.66,376,248,176,106,105,84,51,240,845,347,126,68
305768,25,-0.08,-0.03,-0.45,-0.25,1,0.1,0.1,0.15,40,48.9,1470,1406,40,1366,0,414,206,78,177,491,0,64,15,1485,668,698,1485,166136.66,1736.78,54,75,59,39,55,37,69,978,0,414,383,569
305769,25,-0.08,-0.03,-0.45,-0.25,1,0.1,0.1,0.15,40,71.22,1467,1403,20,1383,913,0,243,155,27,45,0,64,18,1485,985,398,1485,475856.13,4844.47,322,180,127,88,74,67,28,497,913,0,270,200
305770,25,-0.08,-0.03,-0.45,-0.25,1,0.1,0.1,0.15,50,64.0,1470,1406,20,1386,846,356,0,143,0,41,0,64,15,1485,887,499,1485,231872.11,2381.55,376,248,176,106,105,84,51,240,846,356,0,184
305771,25,-0.08,-0.03,-0.45,-0.25,1,0.1,0.1,0.15,50,47.8,1470,1406,40,1366,0,438,0,275,0,653,0,64,15,1485,653,713,1485,118995.02,1242.88,54,75,59,39,55,37,69,978,0,438,0,928
305772,25,-0.08,-0.03,-0.45,-0.25,1,0.1,0.1,0.15,50,70.93,1467,1403,20,1383,914,0,0,402,0,67,0,64,18,1485,981,402,1485,457847.32,4659.53,322,180,127,88,74,67,28,497,914,0,0,469
305773,25,-0.08,-0.03,-0.45,-0.25,1,0.1,0.1,0.15,60,64.0,1470,1406,20,1386,846,356,0,143,0,41,0,64,15,1485,887,499,1485,231872.11,2381.55,376,248,176,106,105,84,51,240,846,356,0,184
305774,25,-0.08,-0.03,-0.45,-0.25,1,0.1,0.1,0.15,60,47.8,1470,1406,40,1366,0,438,0,275,0,653,0,64,15,1485,653,713,1485,118995.02,1242.88,54,75,59,39,55,37,69,978,0,438,0,928
305775,25,-0.08,-0.03,-0.45,-0.25,1,0.1,0.1,0.15,60,70.93,1467,1403,20,1383,914,0,0,402,0,67,0,64,18,1485,981,402,1485,457847.32,4659.53,322,180,127,88,74,67,28,497,914,0,0,469
305776,25,-0.08,-0.03,-0.45,-0.25,1,0.1,0.2,0.15,20,58.13,1470,1406,23,1383,261,225,354,0,543,0,0,64,15,1485,804,579,1485,367954.45,3795.61,94,140,155,994,0,0,0,0,261,225,897,0
305777,25,-0.08,-0.03,-0.45,-0.25,1,0.1,0.2,0.15,20,57.86,1470,1406,25,1381,0,227,355,0,799,0,0,64,15,1485,799,582,1485,357679.68,3717.8,54,75,59,1193,0,0,0,0,0,227,1154,0
305778,25,-0.08,-0.03,-0.45,-0.25,1,0.1,0.2,0.15,20,60.43,1467,1403,23,1380,265,0,546,0,569,0,0,64,18,1485,834,546,1485,442450.44,4526.39,40,65,96,1179,0,0,0,0,265,0,1115,0
305779,25,-0.08,-0.03,-0.45,-0.25,1,0.1,0.2,0.15,30,53.86,1470,1406,34,1372,377,315,318,0,362,0,0,64,15,1485,739,633,1485,343807.08,3592.75,94,140,155,97,123,763,0,0,377,315,680,0
305780,25,-0.08,-0.03,-0.45,-0.25,1,0.1,0.2,0.15,30,52.12,1470,1406,38,1368,0,319,336,0,713,0,0,64,15,1485,713,655,1485,268621.65,2874.05,54,75,59,39,55,1086,0,0,0,319,1049,0
305781,25,-0.08,-0.03,-0.45,-0.25,1,0.1,0.2,0.15,30,58.95,1467,1403,34,1369,396,0,562,0,411,0,0,64,18,1485,807,562,1485,535933.36,5525.61,40,65,96,64,79,1025,0,0,396,0,973,0
305782,25,-0.08,-0.03,-0.45,-0.25,1,0.1,0.2,0.15,40,51.75,1470,1406,36,1370,434,401,184,76,84,191,0,64,15,1485,709,661,1485,286499.17,3004.77,94,140,155,97,123,83,88,590,434,401,268,267
305783,25,-0.08,-0.03,-0.45,-0.25,1,0.1,0.2,0.15,40,48.9,1470,1406,40,1366,0,414,206,78,177,491,0,64,15,1485,668,698,1485,166136.66,1736.78,54,75,59,39,55,37,69,978,0,414,383,569
305784,25,-0.08,-0.03,-0.45,-0.25,1,0.1,0.2,0.15,40,59.03,1467,1403,36,1367,463,0,365,195,90,254,0,64,18,1485,807,560,1485,545417.01,5611.84,40,65,96,64,79,52,47,924,463,0,455,449
305785,25,-0.08,-0.03,-0.45,-0.25,1,0.1,0.2,0.15,50,51.09,1470,1406,36,1370,437,422,0,248,0,263,0,64,15,1485,700,670,1485,257718.62,2709.39,94,140,155,97,123,83,88,590,437,422,0,511
305786,25,-0.08,-0.03,-0.45,-0.25,1,0.1,0.2,0.15,50,47.8,1470,1406,40,1366,0,438,0,275,0,653,0,64,15,1485,653,713,1485,118995.02,1242.88,54,75,59,39,55,37,69,978,0,438,0,928
305787,25,-0.08,-0.03,-0.45,-0.25,1,0.1,0.2,0.15,50,58.45,1467,1403,36,1367,466,0,0,568,0,333,0,64,18,1485,799,568,1485,502424.99,5170.82,40,65,96,64,79,52,47,924,466,0,0,901
305788,25,-0.08,-0.03,-0.45,-0.25,1,0.1,0.2,0.15,60,51.09,1470,1406,36,1370,437,422,0,248,0,263,0,64,15,1485,700,670,1485,257718.62,2709.39,94,140,155,97,123,83,88,590,437,422,0,511
305789,25,-0.08,-0.03,-0.45,-0.25,1,0.1,0.2,0.15,60,47.8,1470,1406,40,1366,0,438,0,275,0,653,0,64,15,1485,653,713,1485,118995.02,1242.88,54,75,59,39,55,37,69,978,0,438,0,928
305790,25,-0.08,-0.03,-0.45,-0.25,1,0.1,0.2,0.15,60,58.45,1467,1403,36,1367,466,0,0,568,0,333,0,64,18,1485,799,568,1485,502424.99,5170.82,40,65,96,64,79,52,47,924,466,0,0,901
305791,25,-0.08,-0.03,-0.45,-0.25,1,0.2,0.1,0.15,20,63.55,1470,1406,15,1391,696,210,297,0,188,0,0,64,15,1485,884,507,1485,278081.01,2834.17,376,248,176,591,0,0,0,0,696,210,485,0
305792,25,-0.08,-0.03,-0.45,-0.25,1,0.2,0.1,0.15,20,57.86,1470,1406,25,1381,0,227,355,0,799,0,0,64,15,1485,799,582,1485,357679.68,3717.8,54,75,59,1193,0,0,0,0,0,227,1154,0
305793,25,-0.08,-0.03,-0.45,-0.25,1,0.2,0.1,0.15,20,66.07,1467,1403,15,1388,717,0,471,0,200,0,0,64,18,1485,917,471,1485,361062.36,3648.44,322,180,127,759,0,0,0,0,717,0,671,0
305794,25,-0.08,-0.03,-0.45,-0.25,1,0.2,0.1,0.15,30,64.24,1470,1406,19,1387,811,284,212,0,80,0,0,64,15,1485,891,496,1485,286688.99,2951.72,376,248,176,106,105,376,0,0,811,284,292,0
305795,25,-0.08,-0.03,-0.45,-0.25,1,0.2,0.1,0.15,30,52.12,1470,1406,38,1368,0,319,336,0,713,0,0,64,15,1485,713,655,1485,268621.65,2874.05,54,75,59,39,55,1086,0,0,0,319,1049,0
305796,25,-0.08,-0.03,-0.45,-0.25,1,0.2,0.1,0.15,30,69.08,1467,1403,19,1384,858,0,428,0,98,0,0,64,18,1485,956,428,1485,465674.61,4753.71,322,180,127,88,74,593,0,0,858,0,526,0
305797,25,-0.08,-0.03,-0.45,-0.25,1,0.2,0.1,0.15,40,64.43,1470,1406,20,1386,845,347,101,45,25,23,0,64,15,1485,893,493,1485,243403.76,2499.66,376,248,176,106,105,84,51,240,845,347,126,68
305798,25,-0.08,-0.03,-0.45,-0.25,1,0.2,0.1,0.15,40,48.9,1470,1406,40,1366,0,414,206,78,177,491,0,64,15,1485,668,698,1485,166136.66,1736.78,54,75,59,39,55,37,69,978,0,414,383,569
305799,25,-0.08,-0.03,-0.45,-0.25,1,0.2,0.1,0.15,40,71.22,1467,1403,20,1383,913,0,243,155,27,45,0,64,18,1485,985,398,1485,475856.13,4844.47,322,180,127,88,74,67,28,497,913,0,270,200
305800,25,-0.08,-0.03,-0.45,-0.25,1,0.2,0.1,0.15,50,64.0,1470,1406,20,1386,846,356,0,143,0,41,0,64,15,1485,887,499,1485,231872.11,2381.55,376,248,176,106,105,84,51,240,846,356,0,184
305801,25,-0.08,-0.03,-0.45,-0.25,1,0.2,0.1,0.15,50,47.8,1470,1406,40,1366,0,438,0,275,0,653,0,64,15,1485,653,713,1485,118995.02,1242.88,54,75,59,39,55,37,69,978,0,438,0,928
305802,25,-0.08,-0.03,-0.45,-0.25,1,0.2,0.1,0.15,50,70.93,1467,1403,20,1383,914,0,0,402,0,67,0,64,18,1485,981,402,1485,457847.32,4659.53,322,180,127,88,74,67,28,497,914,0,0,469
305803,25,-0.08,-0.03,-0.45,-0.25,1,0.2,0.1,0.15,60,64.0,1470,1406,20,1386,846,356,0,143,0,41,0,64,15,1485,887,499,1485,231872.11,2381.55,376,248,176,106,105,84,51,240,846,356,0,184
305804,25,-0.08,-0.03,-0.45,-0.25,1,0.2,0.1,0.15,60,47.8,1470,1406,40,1366,0,438,0,275,0,653,0,64,15,1485,653,713,1485,118995.02,1242.88,54,75,59,39,55,37,69,978,0,438,0,928
305805,25,-0.08,-0.03,-0.45,-0.25,1,0.2,0.1,0.15,60,70.93,1467,1403,20,1383,914,0,0,402,0,67,0,64,18,1485,981,402,1485,457847.32,4659.53,322,180,127,88,74,67,28,497,914,0,0,469
305806,25,-0.08,-0.03,-0.45,-0.25,1,0.2,0.2,0.15,20,58.13,1470,1406,23,1383,261,225,354,0,543,0,0,64,15,1485,804,579,1485,367954.45,3795.61,94,140,155,994,0,0,0,0,261,225,897,0
305807,25,-0.08,-0.03,-0.45,-0.25,1,0.2,0.2,0.15,20,57.86,1470,1406,25,1381,0,227,355,0,799,0,0,64,15,1485,799,582,1485,357679.68,3717.8,54,75,59,1193,0,0,0,0,0,227,1154,0
305808,25,-0.08,-0.03,-0.45,-0.25,1,0.2,0.2,0.15,20,60.43,1467,1403,23,1380,265,0,546,0,569,0,0,64,18,1485,834,546,1485,442450.44,4526.39,40,65,96,1179,0,0,0,0,265,0,1115,0
305809,25,-0.08,-0.03,-0.45,-0.25,1,0.2,0.2,0.15,30,53.86,1470,1406,34,1372,377,315,318,0,362,0,0,64,15,1485,739,633,1485,343807.08,3592.75,94,140,155,97,123,763,0,0,377,315,680,0
305810,25,-0.08,-0.03,-0.45,-0.25,1,0.2,0.2,0.15,30,52.12,1470,1406,38,1368,0,319,336,0,713,0,0,64,15,1485,713,655,1485,268621.65,2874.05,54,75,59,39,55,1086,0,0,0,319,1049,0
305811,25,-0.08,-0.03,-0.45,-0.25,1,0.2,0.2,0.15,30,58.95,1467,1403,34,1369,396,0,562,0,411,0,0,64,18,1485,807,562,1485,535933.36,5525.61,40,65,96,64,79,1025,0,0,396,0,973,0
305812,25,-0.08,-0.03,-0.45,-0.25,1,0.2,0.2,0.15,40,51.75,1470,1406,36,1370,434,401,184,76,84,191,0,64,15,1485,709,661,1485,286499.17,3004.77,94,140,155,97,123,83,88,590,434,401,268,267
305813,25,-0.08,-0.03,-0.45,-0.25,1,0.2,0.2,0.15,40,48.9,1470,1406,40,1366,0,414,206,78,177,491,0,64,15,1485,668,698,1485,166136.66,1736.78,54,75,59,39,55,37,69,978,0,414,383,569
305814,25,-0.08,-0.03,-0.45,-0.25,1,0.2,0.2,0.15,40,59.03,1467,1403,36,1367,463,0,365,195,90,254,0,64,18,1485,807,560,1485,545417.01,5611.84,40,65,96,64,79,52,47,924,463,0,455,449
305815,25,-0.08,-0.03,-0.45,-0.25,1,0.2,0.2,0.15,50,51.09,1470,1406,36,1370,437,422,0,248,0,263,0,64,15,1485,700,670,1485,257718.62,2709.39,94,140,155,97,123,83,88,590,437,422,0,511
305816,25,-0.08,-0.03,-0.45,-0.25,1,0.2,0.2,0.15,50,47.8,1470,1406,40,1366,0,438,0,275,0,653,0,64,15,1485,653,713,1485,118995.02,1242.88,54,75,59,39,55,37,69,978,0,438,0,928
305817,25,-0.08,-0.03,-0.45,-0.25,1,0.2,0.2,0.15,50,58.45,1467,1403,36,1367,466,0,0,568,0,333,0,64,18,1485,799,568,1485,502424.99,5170.82,40,65,96,64,79,52,47,924,466,0,0,901
305818,25,-0.08,-0.03,-0.45,-0.25,1,0.2,0.2,0.15,60,51.09,1470,1406,36,1370,437,422,0,248,0,263,0,64,15,1485,700,670,1485,257718.62,2709.39,94,140,155,97,123,83,88,590,437,422,0,511
305819,25,-0.08,-0.03,-0.45,-0.25,1,0.2,0.2,0.15,60,47.8,1470,1406,40,1366,0,438,0,275,0,653,0,64,15,1485,653,713,1485,118995.02,1242.88,54,75,59,39,55,37,69,978,0,438,0,928
305820,25,-0.08,-0.03,-0.45,-0.25,1,0.2,0.2,0.15,60,58.45,1467,1403,36,1367,466,0,0,568,0,333,0,64,18,1485,799,568,1485,502424.99,5170.82,40,65,96,64,79,52,47,924,466,0,0,901
305821,25,-0.08,-0.03,-0.45,-0.25,2,0.1,0.1,0.15,20,68.15,1470,1406,15,1391,757,204,239,0,191,0,0,64,15,1485,948,443,1485,412808.17,5033.55,395,264,196,536,0,0,0,0,757,204,430,0
305822,25,-0.08,-0.03,-0.45,-0.25,2,0.1,0.1,0.15,20,62.56,1470,1406,25,1381,0,227,290,0,864,0,0,64,15,1485,864,517,1485,524182.43,6141.84,54,75,59,1193,0,0,0,0,0,227,1154,0
305823,25,-0.08,-0.03,-0.45,-0.25,2,0.1,0.1,0.15,20,72.33,1467,1403,15,1388,795,0,384,0,209,0,0,64,18,1485,1004,384,1485,563848.6,5939.99,341,203,159,685,0,0,0,0,795,0,593,0
305824,25,-0.08,-0.03,-0.45,-0.25,2,0.1,0.1,0.15,30,69.43,1470,1406,19,1387,875,271,153,0,88,0,0,64,15,1485,963,424,1485,444897.62,5459.19,395,264,196,106,113,313,0,0,875,271,241,0
305825,25,-0.08,-0.03,-0.45,-0.25,2,0.1,0.1,0.15,30,56.21,1470,1406,38,1368,0,319,280,0,769,0,0,64,15,1485,769,599,1485,481191.81,5821.08,54,75,59,39,55,1086,0,0,0,319,1049,0
305826,25,-0.08,-0.03,-0.45,-0.25,2,0.1,0.1,0.15,30,77.02,1467,1403,19,1384,949,0,318,0,117,0,0,64,18,1485,1066,318,1485,765897.42,7286.75,341,203,159,92,98,491,0,0,949,0,435,0
305827,25,-0.08,-0.03,-0.45,-0.25,2,0.1,0.1,0.15,40,68.76,1470,1406,20,1386,901,325,84,24,29,23,0,64,15,1485,953,433,1485,378101.26,5200.62,395,264,196,106,113,72,45,195,901,325,113,47
305828,25,-0.08,-0.03,-0.45,-0.25,2,0.1,0.1,0.15,40,52.49,1470,1406,40,1366,0,414,185,50,198,519,0,64,15,1485,717,649,1485,366432.14,5144.84,54,75,59,39,55,37,69,978,0,414,383,569
305829,25,-0.08,-0.03,-0.45,-0.25,2,0.1,0.1,0.15,40,78.81,1467,1403,20,1383,1006,0,200,93,36,48,0,64,18,1485,1090,293,1485,787084.55,7483.08,341,203,159,92,98,56,35,399,1006,0,236,141
305830,25,-0.08,-0.03,-0.45,-0.25,2,0.1,0.1,0.15,50,68.4,1470,1406,20,1386,902,333,0,105,0,46,0,64,15,1485,948,438,1485,361913.94,5119.57,395,264,196,106,113,72,45,195,902,333,0,151
305831,25,-0.08,-0.03,-0.45,-0.25,2,0.1,0.1,0.15,50,51.17,1470,1406,40,1366,0,438,0,229,0,699,0,64,15,1485,699,667,1485,295280.12,4673.17,54,75,59,39,55,37,69,978,0,438,0,928
305832,25,-0.08,-0.03,-0.45,-0.25,2,0.1,0.1,0.15,50,78.89,1467,1403,20,1383,1008,0,0,292,0,83,0,64,18,1485,1091,292,1485,758573.61,7337.83,341,203,159,92,98,56,35,399,1008,0,0,375
305833,25,-0.08,-0.03,-0.45,-0.25,2,0.1,0.1,0.15,60,68.4,1470,1406,20,1386,902,333,0,105,0,46,0,64,15,1485,948,438,1485,361913.94,5119.57,395,264,196,106,113,72,45,195,902,333,0,151
305834,25,-0.08,-0.03,-0.45,-0.25,2,0.1,0.1,0.15,60,51.17,1470,1406,40,1366,0,438,0,229,0,699,0,64,15,1485,699,667,1485,295280.12,4673.17,54,75,59,39,55,37,69,978,0,438,0,928
305835,25,-0.08,-0.03,-0.45,-0.25,2,0.1,0.1,0.15,60,78.89,1467,1403,20,1383,1008,0,0,292,0,83,0,64,18,1485,1091,292,1485,758573.61,7337.83,341,203,159,92,98,56,35,399,1008,0,0,375
305836,25,-0.08,-0.03,-0.45,-0.25,2,0.1,0.2,0.15,20,62.76,1470,1406,23,1383,285,225,290,0,583,0,0,64,15,1485,868,515,1485,533326.24,6182.87,95,146,162,980,0,0,0,0,285,225,873,0
305837,25,-0.08,-0.03,-0.45,-0.25,2,0.1,0.2,0.15,20,62.56,1470,1406,25,1381,0,227,290,0,864,0,0,64,15,1485,864,517,1485,524182.43,6141.84,54,75,59,1193,0,0,0,0,0,227,1154,0
305838,25,-0.08,-0.03,-0.45,-0.25,2,0.1,0.2,0.15,20,66.88,1467,1403,23,1380,296,0,457,0,627,0,0,64,18,1485,923,457,1485,669501.69,7084.18,41,71,105,1163,0,0,0,0,296,0,1084,0
305839,25,-0.08,-0.03,-0.45,-0.25,2,0.1,0.2,0.15,30,57.94,1470,1406,34,1372,416,315,262,0,379,0,0,64,15,1485,795,577,1485,566419.21,6526.65,95,146,162,107,130,732,0,0,416,315,641,0
305840,25,-0.08,-0.03,-0.45,-0.25,2,0.1,0.2,0.15,30,56.21,1470,1406,38,1368,0,319,280,0,769,0,0,64,15,1485,769,599,1485,481191.81,5821.08,54,75,59,39,55,1086,0,0,0,319,1049,0
305841,25,-0.08,-0.03,-0.45,-0.25,2,0.1,0.2,0.15,30,66.03,1467,1403,34,1369,455,0,465,0,449,0,0,64,18,1485,904,465,1485,945854.68,8744.07,41,71,105,79,91,982,0,0,455,0,914,0
305842,25,-0.08,-0.03,-0.45,-0.25,2,0.1,0.2,0.15,40,55.47,1470,1406,36,1370,485,399,162,49,94,181,0,64,15,1485,760,610,1485,491967.61,6349.41,95,146,162,107,130,91,88,551,485,399,256,230
305843,25,-0.08,-0.03,-0.45,-0.25,2,0.1,0.2,0.15,40,52.49,1470,1406,40,1366,0,414,185,50,198,519,0,64,15,1485,717,649,1485,366432.14,5144.84,54,75,59,39,55,37,69,978,0,414,383,569
305844,25,-0.08,-0.03,-0.45,-0.25,2,0.1,0.2,0.15,40,66.42,1467,1403,36,1367,539,0,326,133,111,258,0,64,18,1485,908,459,1485,1004627.74,9255.55,41,71,105,79,91,68,51,861,539,0,437,391
305845,25,-0.08,-0.03,-0.45,-0.25,2,0.1,0.2,0.15,50,54.82,1470,1406,36,1370,487,418,0,201,0,264,0,64,15,1485,751,619,1485,449477.4,6098.25,95,146,162,107,130,91,88,551,487,418,0,465
305846,25,-0.08,-0.03,-0.45,-0.25,2,0.1,0.2,0.15,50,51.17,1470,1406,40,1366,0,438,0,229,0,699,0,64,15,1485,699,667,1485,295280.12,4673.17,54,75,59,39,55,37,69,978,0,438,0,928
305847,25,-0.08,-0.03,-0.45,-0.25,2,0.1,0.2,0.15,50,66.42,1467,1403,36,1367,541,0,0,459,0,367,0,64,18,1485,908,459,1485,932560.52,8853.6,41,71,105,79,91,68,51,861,541,0,0,826
305848,25,-0.08,-0.03,-0.45,-0.25,2,0.1,0.2,0.15,60,54.82,1470,1406,36,1370,487,418,0,201,0,264,0,64,15,1485,751,619,1485,449477.4,6098.25,95,146,162,107,130,91,88,551,487,418,0,465
305849,25,-0.08,-0.03,-0.45,-0.25,2,0.1,0.2,0.15,60,51.17,1470,1406,40,1366,0,438,0,229,0,699,0,64,15,1485,699,667,1485,295280.12,4673.17,54,75,59,39,55,37,69,978,0,438,0,928
305850,25,-0.08,-0.03,-0.45,-0.25,2,0.1,0.2,0.15,60,66.42,1467,1403,36,1367,541,0,0,459,0,367,0,64,18,1485,908,459,1485,932560.52,8853.6,41,71,105,79,91,68,51,861,541,0,0,826
305851,25,-0.08,-0.03,-0.45,-0.25,2,0.2,0.1,0.15,20,63.55,1470,1406,15,1391,696,210,297,0,188,0,0,64,15,1485,884,507,1485,278081.01,2834.17,376,248,176,591,0,0,0,0,696,210,485,0
305852,25,-0.08,-0.03,-0.45,-0.25,2,0.2,0.1,0.15,20,57.86,1470,1406,25,1381,0,227,355,0,799,0,0,64,15,1485,799,582,1485,357679.68,3717.8,54,75,59,1193,0,0,0,0,0,227,1154,0
305853,25,-0.08,-0.03,-0.45,-0.25,2,0.2,0.1,0.15,20,66.07,1467,1403,15,1388,717,0,471,0,200,0,0,64,18,1485,917,471,1485,361062.36,3648.44,322,180,127,759,0,0,0,0,717,0,671,0
305854,25,-0.08,-0.03,-0.45,-0.25,2,0.2,0.1,0.15,30,64.24,1470,1406,19,1387,811,284,212,0,80,0,0,64,15,1485,891,496,1485,286688.99,2951.72,376,248,176,106,105,376,0,0,811,284,292,0
305855,25,-0.08,-0.03,-0.45,-0.25,2,0.2,0.1,0.15,30,52.12,1470,1406,38,1368,0,319,336,0,713,0,0,64,15,1485,713,655,1485,268621.65,2874.05,54,75,59,39,55,1086,0,0,0,319,1049,0
305856,25,-0.08,-0.03,-0.45,-0.25,2,0.2,0.1,0.15,30,69.08,1467,1403,19,1384,858,0,428,0,98,0,0,64,18,1485,956,428,1485,465674.61,4753.71,322,180,127,88,74,593,0,0,858,0,526,0
305857,25,-0.08,-0.03,-0.45,-0.25,2,0.2,0.1,0.15,40,64.43,1470,1406,20,1386,845,347,101,45,25,23,0,64,15,1485,893,493,1485,243403.76,2499.66,376,248,176,106,105,84,51,240,845,347,126,68
305858,25,-0.08,-0.03,-0.45,-0.25,2,0.2,0.1,0.15,40,48.9,1470,1406,40,1366,0,414,206,78,177,491,0,64,15,1485,668,698,1485,166136.66,1736.78,54,75,59,39,55,37,69,978,0,414,383,569
305859,25,-0.08,-0.03,-0.45,-0.25,2,0.2,0.1,0.15,40,71.22,1467,1403,20,1383,913,0,243,155,27,45,0,64,18,1485,985,398,1485,475856.13,4844.47,322,180,127,88,74,67,28,497,913,0,270,200
305860,25,-0.08,-0.03,-0.45,-0.25,2,0.2,0.1,0.15,50,64.0,1470,1406,20,1386,846,356,0,143,0,41,0,64,15,1485,887,499,1485,231872.11,2381.55,376,248,176,106,105,84,51,240,846,356,0,184
305861,25,-0.08,-0.03,-0.45,-0.25,2,0.2,0.1,0.15,50,47.8,1470,1406,40,1366,0,438,0,275,0,653,0,64,15,1485,653,713,1485,118995.02,1242.88,54,75,59,39,55,37,69,978,0,438,0,928
305862,25,-0.08,-0.03,-0.45,-0.25,2,0.2,0.1,0.15,50,70.93,1467,1403,20,1383,914,0,0,402,0,67,0,64,18,1485,981,402,1485,457847.32,4659.53,322,180,127,88,74,67,28,497,914,0,0,469
305863,25,-0.08,-0.03,-0.45,-0.25,2,0.2,0.1,0.15,60,64.0,1470,1406,20,1386,846,356,0,143,0,41,0,64,15,1485,887,499,1485,231872.11,2381.55,376,248,176,106,105,84,51,240,846,356,0,184
305864,25,-0.08,-0.03,-0.45,-0.25,2,0.2,0.1,0.15,60,47.8,1470,1406,40,1366,0,438,0,275,0,653,0,64,15,1485,653,713,1485,118995.02,1242.88,54,75,59,39,55,37,69,978,0,438,0,928
305865,25,-0.08,-0.03,-0.45,-0.25,2,0.2,0.1,0.15,60,70.93,1467,1403,20,1383,914,0,0,402,0,67,0,64,18,1485,981,402,1485,457847.32,4659.53,322,180,127,88,74,67,28,497,914,0,0,469
305866,25,-0.08,-0.03,-0.45,-0.25,2,0.2,0.2,0.15,20,58.13,1470,1406,23,1383,261,225,354,0,543,0,0,64,15,1485,804,579,1485,367954.45,3795.61,94,140,155,994,0,0,0,0,261,225,897,0
305867,25,-0.08,-0.03,-0.45,-0.25,2,0.2,0.2,0.15,20,57.86,1470,1406,25,1381,0,227,355,0,799,0,0,64,15,1485,799,582,1485,357679.68,3717.8,54,75,59,1193,0,0,0,0,0,227,1154,0
305868,25,-0.08,-0.03,-0.45,-0.25,2,0.2,0.2,0.15,20,60.43,1467,1403,23,1380,265,0,546,0,569,0,0,64,18,1485,834,546,1485,442450.44,4526.39,40,65,96,1179,0,0,0,0,265,0,1115,0
305869,25,-0.08,-0.03,-0.45,-0.25,2,0.2,0.2,0.15,30,53.86,1470,1406,34,1372,377,315,318,0,362,0,0,64,15,1485,739,633,1485,343807.08,3592.75,94,140,155,97,123,763,0,0,377,315,680,0
305870,25,-0.08,-0.03,-0.45,-0.25,2,0.2,0.2,0.15,30,52.12,1470,1406,38,1368,0,319,336,0,713,0,0,64,15,1485,713,655,1485,268621.65,2874.05,54,75,59,39,55,1086,0,0,0,319,1049,0
305871,25,-0.08,-0.03,-0.45,-0.25,2,0.2,0.2,0.15,30,58.95,1467,1403,34,1369,396,0,562,0,411,0,0,64,18,1485,807,562,1485,535933.36,5525.61,40,65,96,64,79,1025,0,0,396,0,973,0
305872,25,-0.08,-0.03,-0.45,-0.25,2,0.2,0.2,0.15,40,51.75,1470,1406,36,1370,434,401,184,76,84,191,0,64,15,1485,709,661,1485,286499.17,3004.77,94,140,155,97,123,83,88,590,434,401,268,267
305873,25,-0.08,-0.03,-0.45,-0.25,2,0.2,0.2,0.15,40,48.9,1470,1406,40,1366,0,414,206,78,177,491,0,64,15,1485,668,698,1485,166136.66,1736.78,54,75,59,39,55,37,69,978,0,414,383,569
305874,25,-0.08,-0.03,-0.45,-0.25,2,0.2,0.2,0.15,40,59.03,1467,1403,36,1367,463,0,365,195,90,254,0,64,18,1485,807,560,1485,545417.01,5611.84,40,65,96,64,79,52,47,924,463,0,455,449
305875,25,-0.08,-0.03,-0.45,-0.25,2,0.2,0.2,0.15,50,51.09,1470,1406,36,1370,437,422,0,248,0,263,0,64,15,1485,700,670,1485,257718.62,2709.39,94,140,155,97,123,83,88,590,437,422,0,511
305876,25,-0.08,-0.03,-0.45,-0.25,2,0.2,0.2,0.15,50,47.8,1470,1406,40,1366,0,438,0,275,0,653,0,64,15,1485,653,713,1485,118995.02,1242.88,54,75,59,39,55,37,69,978,0,438,0,928
305877,25,-0.08,-0.03,-0.45,-0.25,2,0.2,0.2,0.15,50,58.45,1467,1403,36,1367,466,0,0,568,0,333,0,64,18,1485,799,568,1485,502424.99,5170.82,40,65,96,64,79,52,47,924,466,0,0,901
305878,25,-0.08,-0.03,-0.45,-0.25,2,0.2,0.2,0.15,60,51.09,1470,1406,36,1370,437,422,0,248,0,263,0,64,15,1485,700,670,1485,257718.62,2709.39,94,140,155,97,123,83,88,590,437,422,0,511
305879,25,-0.08,-0.03,-0.45,-0.25,2,0.2,0.2,0.15,60,47.8,1470,1406,40,1366,0,438,0,275,0,653,0,64,15,1485,653,713,1485,118995.02,1242.88,54,75,59,39,55,37,69,978,0,438,0,928
305880,25,-0.08,-0.03,-0.45,-0.25,2,0.2,0.2,0.15,60,58.45,1467,1403,36,1367,466,0,0,568,0,333,0,64,18,1485,799,568,1485,502424.99,5170.82,40,65,96,64,79,52,47,924,466,0,0,901
305881,25,-0.08,-0.03,-0.4,-0.35,1,0.1,0.1,0.15,20,65.46,407,391,3,388,223,63,71,0,31,0,0,16,4,411,254,134,411,97521.68,993.3,123,73,68,124,0,0,0,0,223,63,102,0
305882,25,-0.08,-0.03,-0.4,-0.35,1,0.1,0.1,0.15,20,57.77,407,391,5,386,0,69,94,0,223,0,0,16,4,411,223,163,411,121347.88,1250.35,17,23,16,330,0,0,0,0,0,69,317,0
305883,25,-0.08,-0.03,-0.4,-0.35,1,0.1,0.1,0.15,20,68.73,406,390,3,387,230,0,121,0,36,0,0,16,5,411,266,121,411,133750.47,1358.07,106,53,53,175,0,0,0,0,230,0,157,0
305884,25,-0.08,-0.03,-0.4,-0.35,1,0.1,0.1,0.15,30,67.78,407,391,3,388,251,83,42,0,12,0,0,16,4,411,263,125,411,102366.01,1047.62,123,73,68,22,23,79,0,0,251,83,54,0
305885,25,-0.08,-0.03,-0.4,-0.35,1,0.1,0.1,0.15,30,54.15,407,391,5,386,0,93,84,0,209,0,0,16,4,411,209,177,411,105053.88,1113.3,17,23,16,13,11,306,0,0,0,93,293,0
305886,25,-0.08,-0.03,-0.4,-0.35,1,0.1,0.1,0.15,30,73.39,406,390,3,387,267,0,103,0,17,0,0,16,5,411,284,103,411,168445.38,1720.66,106,53,53,18,20,137,0,0,267,0,120,0
305887,25,-0.08,-0.03,-0.4,-0.35,1,0.1,0.1,0.15,40,68.3,407,391,3,388,257,101,12,10,3,5,0,16,4,411,265,123,411,92006.0,941.97,123,73,68,22,23,25,9,45,257,101,15,15
305888,25,-0.08,-0.03,-0.4,-0.35,1,0.1,0.1,0.15,40,52.33,407,391,5,386,0,123,44,17,56,146,0,16,4,411,202,184,411,74670.31,731.49,17,23,16,13,11,13,17,276,0,123,100,163
305889,25,-0.08,-0.03,-0.4,-0.35,1,0.1,0.1,0.15,40,75.97,406,390,3,387,277,0,54,39,4,13,0,16,5,411,294,93,411,165791.98,1691.69,106,53,53,18,20,17,5,115,277,0,58,52
305890,25,-0.08,-0.03,-0.4,-0.35,1,0.1,0.1,0.15,50,67.78,407,391,3,388,257,101,0,24,0,6,0,16,4,411,263,125,411,90753.3,928.8,123,73,68,22,23,25,9,45,257,101,0,30
305891,25,-0.08,-0.03,-0.4,-0.35,1,0.1,0.1,0.15,50,51.3,407,391,5,386,0,127,0,61,0,198,0,16,4,411,198,188,411,62504.15,602.12,17,23,16,13,11,13,17,276,0,127,0,259
305892,25,-0.08,-0.03,-0.4,-0.35,1,0.1,0.1,0.15,50,75.97,406,390,3,387,277,0,0,93,0,17,0,16,5,411,294,93,411,165657.16,1690.48,106,53,53,18,20,17,5,115,277,0,0,110
305893,25,-0.08,-0.03,-0.4,-0.35,1,0.1,0.1,0.15,60,67.78,407,391,3,388,257,101,0,24,0,6,0,16,4,411,263,125,411,90753.3,928.8,123,73,68,22,23,25,9,45,257,101,0,30
305894,25,-0.08,-0.03,-0.4,-0.35,1,0.1,0.1,0.15,60,51.3,407,391,5,386,0,127,0,61,0,198,0,16,4,411,198,188,411,62504.15,602.12,17,23,16,13,11,13,17,276,0,127,0,259
305895,25,-0.08,-0.03,-0.4,-0.35,1,0.1,0.1,0.15,60,75.97,406,390,3,387,277,0,0,93,0,17,0,16,5,411,294,93,411,165657.16,1690.48,106,53,53,18,20,17,5,115,277,0,0,110
305896,25,-0.08,-0.03,-0.4,-0.35,1,0.1,0.2,0.15,20,58.4,407,391,4,387,84,68,93,0,142,0,0,16,4,411,226,161,411,124882.26,1267.23,33,37,52,265,0,0,0,0,84,68,235,0
305897,25,-0.08,-0.03,-0.4,-0.35,1,0.1,0.2,0.15,20,57.77,407,391,5,386,0,69,94,0,223,0,0,16,4,411,223,163,411,121347.88,1250.35,17,23,16,330,0,0,0,0,0,69,317,0
305898,25,-0.08,-0.03,-0.4,-0.35,1,0.1,0.2,0.15,20,61.14,406,390,4,386,85,0,150,0,151,0,0,16,5,411,236,150,411,162107.88,1642.75,16,14,36,320,0,0,0,0,85,0,301,0
305899,25,-0.08,-0.03,-0.4,-0.35,1,0.1,0.2,0.15,30,55.81,407,391,4,387,121,92,79,0,95,0,0,16,4,411,216,171,411,129619.21,1322.0,33,37,52,30,38,197,0,0,121,92,174,0
305900,25,-0.08,-0.03,-0.4,-0.35,1,0.1,0.2,0.15,30,54.15,407,391,5,386,0,93,84,0,209,0,0,16,4,411,209,177,411,105053.88,1113.3,17,23,16,13,11,306,0,0,0,93,293,0
305901,25,-0.08,-0.03,-0.4,-0.35,1,0.1,0.2,0.15,30,61.92,406,390,4,386,130,0,147,0,109,0,0,16,5,411,239,147,411,207940.26,2116.36,16,14,36,19,31,270,0,0,130,0,256,0
305902,25,-0.08,-0.03,-0.4,-0.35,1,0.1,0.2,0.15,40,55.3,407,391,4,387,137,118,38,17,19,58,0,16,4,411,214,173,411,117349.25,1200.46,33,37,52,30,38,23,22,152,137,118,57,75
305903,25,-0.08,-0.03,-0.4,-0.35,1,0.1,0.2,0.15,40,52.33,407,391,5,386,0,123,44,17,56,146,0,16,4,411,202,184,411,74670.31,731.49,17,23,16,13,11,13,17,276,0,123,100,163
305904,25,-0.08,-0.03,-0.4,-0.35,1,0.1,0.2,0.15,40,63.21,406,390,4,386,148,0,93,49,20,76,0,16,5,411,244,142,411,201675.34,2053.45,16,14,36,19,31,14,15,241,148,0,113,125
305905,25,-0.08,-0.03,-0.4,-0.35,1,0.1,0.2,0.15,50,54.78,407,391,4,387,139,122,0,53,0,73,0,16,4,411,212,175,411,112181.36,1148.77,33,37,52,30,38,23,22,152,139,122,0,126
305906,25,-0.08,-0.03,-0.4,-0.35,1,0.1,0.2,0.15,50,51.3,407,391,5,386,0,127,0,61,0,198,0,16,4,411,198,188,411,62504.15,602.12,17,23,16,13,11,13,17,276,0,127,0,259
305907,25,-0.08,-0.03,-0.4,-0.35,1,0.1,0.2,0.15,50,63.21,406,390,4,386,150,0,0,142,0,94,0,16,5,411,244,142,411,195788.1,1995.24,16,14,36,19,31,14,15,241,150,0,0,236
305908,25,-0.08,-0.03,-0.4,-0.35,1,0.1,0.2,0.15,60,54.78,407,391,4,387,139,122,0,53,0,73,0,16,4,411,212,175,411,112181.36,1148.77,33,37,52,30,38,23,22,152,139,122,0,126
305909,25,-0.08,-0.03,-0.4,-0.35,1,0.1,0.2,0.15,60,51.3,407,391,5,386,0,127,0,61,0,198,0,16,4,411,198,188,411,62504.15,602.12,17,23,16,13,11,13,17,276,0,127,0,259
305910,25,-0.08,-0.03,-0.4,-0.35,1,0.1,0.2,0.15,60,63.21,406,390,4,386,150,0,0,142,0,94,0,16,5,411,244,142,411,195788.1,1995.24,16,14,36,19,31,14,15,241,150,0,0,236
305911,25,-0.08,-0.03,-0.4,-0.35,1,0.2,0.1,0.15,20,65.46,407,391,3,388,223,63,71,0,31,0,0,16,4,411,254,134,411,97521.68,993.3,123,73,68,124,0,0,0,0,223,63,102,0
305912,25,-0.08,-0.03,-0.4,-0.35,1,0.2,0.1,0.15,20,57.77,407,391,5,386,0,69,94,0,223,0,0,16,4,411,223,163,411,121347.88,1250.35,17,23,16,330,0,0,0,0,0,69,317,0
305913,25,-0.08,-0.03,-0.4,-0.35,1,0.2,0.1,0.15,20,68.73,406,390,3,387,230,0,121,0,36,0,0,16,5,411,266,121,411,133750.47,1358.07,106,53,53,175,0,0,0,0,230,0,157,0
305914,25,-0.08,-0.03,-0.4,-0.35,1,0.2,0.1,0.15,30,67.78,407,391,3,388,251,83,42,0,12,0,0,16,4,411,263,125,411,102366.01,1047.62,123,73,68,22,23,79,0,0,251,83,54,0
305915,25,-0.08,-0.03,-0.4,-0.35,1,0.2,0.1,0.15,30,54.15,407,391,5,386,0,93,84,0,209,0,0,16,4,411,209,177,411,105053.88,1113.3,17,23,16,13,11,306,0,0,0,93,293,0
305916,25,-0.08,-0.03,-0.4,-0.35,1,0.2,0.1,0.15,30,73.39,406,390,3,387,267,0,103,0,17,0,0,16,5,411,284,103,411,168445.38,1720.66,106,53,53,18,20,137,0,0,267,0,120,0
305917,25,-0.08,-0.03,-0.4,-0.35,1,0.2,0.1,0.15,40,68.3,407,391,3,388,257,101,12,10,3,5,0,16,4,411,265,123,411,92006.0,941.97,123,73,68,22,23,25,9,45,257,101,15,15
305918,25,-0.08,-0.03,-0.4,-0.35,1,0.2,0.1,0.15,40,52.33,407,391,5,386,0,123,44,17,56,146,0,16,4,411,202,184,411,74670.31,731.49,17,23,16,13,11,13,17,276,0,123,100,163
305919,25,-0.08,-0.03,-0.4,-0.35,1,0.2,0.1,0.15,40,75.97,406,390,3,387,277,0,54,39,4,13,0,16,5,411,294,93,411,165791.98,1691.69,106,53,53,18,20,17,5,115,277,0,58,52
305920,25,-0.08,-0.03,-0.4,-0.35,1,0.2,0.1,0.15,50,67.78,407,391,3,388,257,101,0,24,0,6,0,16,4,411,263,125,411,90753.3,928.8,123,73,68,22,23,25,9,45,257,101,0,30
305921,25,-0.08,-0.03,-0.4,-0.35,1,0.2,0.1,0.15,50,51.3,407,391,5,386,0,127,0,61,0,198,0,16,4,411,198,188,411,62504.15,602.12,17,23,16,13,11,13,17,276,0,127,0,259
305922,25,-0.08,-0.03,-0.4,-0.35,1,0.2,0.1,0.15,50,75.97,406,390,3,387,277,0,0,93,0,17,0,16,5,411,294,93,411,165657.16,1690.48,106,53,53,18,20,17,5,115,277,0,0,110
305923,25,-0.08,-0.03,-0.4,-0.35,1,0.2,0.1,0.15,60,67.78,407,391,3,388,257,101,0,24,0,6,0,16,4,411,263,125,411,90753.3,928.8,123,73,68,22,23,25,9,45,257,101,0,30
305924,25,-0.08,-0.03,-0.4,-0.35,1,0.2,0.1,0.15,60,51.3,407,391,5,386,0,127,0,61,0,198,0,16,4,411,198,188,411,62504.15,602.12,17,23,16,13,11,13,17,276,0,127,0,259
305925,25,-0.08,-0.03,-0.4,-0.35,1,0.2,0.1,0.15,60,75.97,406,390,3,387,277,0,0,93,0,17,0,16,5,411,294,93,411,165657.16,1690.48,106,53,53,18,20,17,5,115,277,0,0,110
305926,25,-0.08,-0.03,-0.4,-0.35,1,0.2,0.2,0.15,20,58.4,407,391,4,387,84,68,93,0,142,0,0,16,4,411,226,161,411,124882.26,1267.23,33,37,52,265,0,0,0,0,84,68,235,0
305927,25,-0.08,-0.03,-0.4,-0.35,1,0.2,0.2,0.15,20,57.77,407,391,5,386,0,69,94,0,223,0,0,16,4,411,223,163,411,121347.88,1250.35,17,23,16,330,0,0,0,0,0,69,317,0
305928,25,-0.08,-0.03,-0.4,-0.35,1,0.2,0.2,0.15,20,61.14,406,390,4,386,85,0,150,0,151,0,0,16,5,411,236,150,411,162107.88,1642.75,16,14,36,320,0,0,0,0,85,0,301,0
305929,25,-0.08,-0.03,-0.4,-0.35,1,0.2,0.2,0.15,30,55.81,407,391,4,387,121,92,79,0,95,0,0,16,4,411,216,171,411,129619.21,1322.0,33,37,52,30,38,197,0,0,121,92,174,0
305930,25,-0.08,-0.03,-0.4,-0.35,1,0.2,0.2,0.15,30,54.15,407,391,5,386,0,93,84,0,209,0,0,16,4,411,209,177,411,105053.88,1113.3,17,23,16,13,11,306,0,0,0,93,293,0
305931,25,-0.08,-0.03,-0.4,-0.35,1,0.2,0.2,0.15,30,61.92,406,390,4,386,130,0,147,0,109,0,0,16,5,411,239,147,411,207940.26,2116.36,16,14,36,19,31,270,0,0,130,0,256,0
305932,25,-0.08,-0.03,-0.4,-0.35,1,0.2,0.2,0.15,40,55.3,407,391,4,387,137,118,38,17,19,58,0,16,4,411,214,173,411,117349.25,1200.46,33,37,52,30,38,23,22,152,137,118,57,75
305933,25,-0.08,-0.03,-0.4,-0.35,1,0.2,0.2,0.15,40,52.33,407,391,5,386,0,123,44,17,56,146,0,16,4,411,202,184,411,74670.31,731.49,17,23,16,13,11,13,17,276,0,123,100,163
305934,25,-0.08,-0.03,-0.4,-0.35,1,0.2,0.2,0.15,40,63.21,406,390,4,386,148,0,93,49,20,76,0,16,5,411,244,142,411,201675.34,2053.45,16,14,36,19,31,14,15,241,148,0,113,125
305935,25,-0.08,-0.03,-0.4,-0.35,1,0.2,0.2,0.15,50,54.78,407,391,4,387,139,122,0,53,0,73,0,16,4,411,212,175,411,112181.36,1148.77,33,37,52,30,38,23,22,152,139,122,0,126
305936,25,-0.08,-0.03,-0.4,-0.35,1,0.2,0.2,0.15,50,51.3,407,391,5,386,0,127,0,61,0,198,0,16,4,411,198,188,411,62504.15,602.12,17,23,16,13,11,13,17,276,0,127,0,259
305937,25,-0.08,-0.03,-0.4,-0.35,1,0.2,0.2,0.15,50,63.21,406,390,4,386,150,0,0,142,0,94,0,16,5,411,244,142,411,195788.1,1995.24,16,14,36,19,31,14,15,241,150,0,0,236
305938,25,-0.08,-0.03,-0.4,-0.35,1,0.2,0.2,0.15,60,54.78,407,391,4,387,139,122,0,53,0,73,0,16,4,411,212,175,411,112181.36,1148.77,33,37,52,30,38,23,22,152,139,122,0,126
305939,25,-0.08,-0.03,-0.4,-0.35,1,0.2,0.2,0.15,60,51.3,407,391,5,386,0,127,0,61,0,198,0,16,4,411,198,188,411,62504.15,602.12,17,23,16,13,11,13,17,276,0,127,0,259
305940,25,-0.08,-0.03,-0.4,-0.35,1,0.2,0.2,0.15,60,63.21,406,390,4,386,150,0,0,142,0,94,0,16,5,411,244,142,411,195788.1,1995.24,16,14,36,19,31,14,15,241,150,0,0,236
305941,25,-0.08,-0.03,-0.4,-0.35,2,0.1,0.1,0.15,20,70.88,407,391,3,388,239,61,52,0,36,0,0,16,4,411,275,113,411,135994.23,1621.41,128,79,70,111,0,0,0,0,239,61,88,0
305942,25,-0.08,-0.03,-0.4,-0.35,2,0.1,0.1,0.15,20,63.21,407,391,5,386,0,69,73,0,244,0,0,16,4,411,244,142,411,155325.84,1898.03,17,23,16,330,0,0,0,0,0,69,317,0
305943,25,-0.08,-0.03,-0.4,-0.35,2,0.1,0.1,0.15,20,76.23,406,390,3,387,253,0,92,0,42,0,0,16,5,411,295,92,411,202104.81,2025.13,111,61,61,154,0,0,0,0,253,0,134,0
305944,25,-0.08,-0.03,-0.4,-0.35,2,0.1,0.1,0.15,30,72.16,407,391,3,388,267,80,28,0,13,0,0,16,4,411,280,108,411,139425.55,1700.5,128,79,70,23,27,61,0,0,267,80,41,0
305945,25,-0.08,-0.03,-0.4,-0.35,2,0.1,0.1,0.15,30,57.51,407,391,5,386,0,93,71,0,222,0,0,16,4,411,222,164,411,153676.52,1902.9,17,23,16,13,11,306,0,0,0,93,293,0
305946,25,-0.08,-0.03,-0.4,-0.35,2,0.1,0.1,0.15,30,82.17,406,390,3,387,292,0,69,0,26,0,0,16,5,411,318,69,411,258903.31,2399.15,111,61,61,20,26,108,0,0,292,0,95,0
305947,25,-0.08,-0.03,-0.4,-0.35,2,0.1,0.1,0.15,40,72.16,407,391,3,388,273,94,8,6,3,4,0,16,4,411,280,108,411,128475.5,1659.08,128,79,70,23,27,20,10,31,273,94,11,10
305948,25,-0.08,-0.03,-0.4,-0.35,2,0.1,0.1,0.15,40,55.7,407,391,5,386,0,123,38,10,62,153,0,16,4,411,215,171,411,125058.68,1652.76,17,23,16,13,11,13,17,276,0,123,100,163
305949,25,-0.08,-0.03,-0.4,-0.35,2,0.1,0.1,0.15,40,83.46,406,390,3,387,307,0,41,23,5,11,0,16,5,411,323,64,411,260360.56,2420.41,111,61,61,20,26,13,12,83,307,0,46,34
305950,25,-0.08,-0.03,-0.4,-0.35,2,0.1,0.1,0.15,50,71.39,407,391,3,388,273,94,0,17,0,4,0,16,4,411,277,111,411,126592.65,1651.37,128,79,70,23,27,20,10,31,273,94,0,21
305951,25,-0.08,-0.03,-0.4,-0.35,2,0.1,0.1,0.15,50,53.89,407,391,5,386,0,127,0,51,0,208,0,16,4,411,208,178,411,108872.91,1531.24,17,23,16,13,11,13,17,276,0,127,0,259
305952,25,-0.08,-0.03,-0.4,-0.35,2,0.1,0.1,0.15,50,83.2,406,390,3,387,308,0,0,65,0,14,0,16,5,411,322,65,411,257545.25,2407.39,111,61,61,20,26,13,12,83,308,0,0,79
305953,25,-0.08,-0.03,-0.4,-0.35,2,0.1,0.1,0.15,60,71.39,407,391,3,388,273,94,0,17,0,4,0,16,4,411,277,111,411,126592.65,1651.37,128,79,70,23,27,20,10,31,273,94,0,21
305954,25,-0.08,-0.03,-0.4,-0.35,2,0.1,0.1,0.15,60,53.89,407,391,5,386,0,127,0,51,0,208,0,16,4,411,208,178,411,108872.91,1531.24,17,23,16,13,11,13,17,276,0,127,0,259
305955,25,-0.08,-0.03,-0.4,-0.35,2,0.1,0.1,0.15,60,83.2,406,390,3,387,308,0,0,65,0,14,0,16,5,411,322,65,411,257545.25,2407.39,111,61,61,20,26,13,12,83,308,0,0,79
305956,25,-0.08,-0.03,-0.4,-0.35,2,0.1,0.2,0.15,20,63.57,407,391,4,387,91,68,73,0,155,0,0,16,4,411,246,141,411,165774.86,1929.47,34,41,55,257,0,0,0,0,91,68,228,0
305957,25,-0.08,-0.03,-0.4,-0.35,2,0.1,0.2,0.15,20,63.21,407,391,5,386,0,69,73,0,244,0,0,16,4,411,244,142,411,155325.84,1898.03,17,23,16,330,0,0,0,0,0,69,317,0
305958,25,-0.08,-0.03,-0.4,-0.35,2,0.1,0.2,0.15,20,68.65,406,390,4,386,94,0,121,0,171,0,0,16,5,411,265,121,411,234680.07,2371.24,17,18,40,311,0,0,0,0,94,0,292,0
305959,25,-0.08,-0.03,-0.4,-0.35,2,0.1,0.2,0.15,30,58.91,407,391,4,387,132,92,67,0,96,0,0,16,4,411,228,159,411,182668.62,2104.55,34,41,55,29,38,190,0,0,132,92,163,0
305960,25,-0.08,-0.03,-0.4,-0.35,2,0.1,0.2,0.15,30,57.51,407,391,5,386,0,93,71,0,222,0,0,16,4,411,222,164,411,153676.52,1902.9,17,23,16,13,11,306,0,0,0,93,293,0
305961,25,-0.08,-0.03,-0.4,-0.35,2,0.1,0.2,0.15,30,69.69,406,390,4,386,146,0,117,0,123,0,0,16,5,411,269,117,411,329467.44,2971.2,17,18,40,19,34,258,0,0,146,0,240,0
305962,25,-0.08,-0.03,-0.4,-0.35,2,0.1,0.2,0.15,40,58.91,407,391,4,387,152,118,31,10,21,55,0,16,4,411,228,159,411,168645.96,2102.73,34,41,55,29,38,27,21,142,152,118,52,65
305963,25,-0.08,-0.03,-0.4,-0.35,2,0.1,0.2,0.15,40,55.7,407,391,5,386,0,123,38,10,62,153,0,16,4,411,215,171,411,125058.68,1652.76,17,23,16,13,11,13,17,276,0,123,100,163
305964,25,-0.08,-0.03,-0.4,-0.35,2,0.1,0.2,0.15,40,70.21,406,390,4,386,169,0,83,32,25,77,0,16,5,411,271,115,411,328896.45,3035.85,17,18,40,19,34,18,14,226,169,0,108,109
305965,25,-0.08,-0.03,-0.4,-0.35,2,0.1,0.2,0.15,50,58.14,407,391,4,387,153,121,0,41,0,72,0,16,4,411,225,162,411,162087.87,2064.49,34,41,55,29,38,27,21,142,153,121,0,113
305966,25,-0.08,-0.03,-0.4,-0.35,2,0.1,0.2,0.15,50,53.89,407,391,5,386,0,127,0,51,0,208,0,16,4,411,208,178,411,108872.91,1531.24,17,23,16,13,11,13,17,276,0,127,0,259
305967,25,-0.08,-0.03,-0.4,-0.35,2,0.1,0.2,0.15,50,70.73,406,390,4,386,170,0,0,113,0,103,0,16,5,411,273,113,411,320717.44,2990.03,17,18,40,19,34,18,14,226,170,0,0,216
305968,25,-0.08,-0.03,-0.4,-0.35,2,0.1,0.2,0.15,60,58.14,407,391,4,387,153,121,0,41,0,72,0,16,4,411,225,162,411,162087.87,2064.49,34,41,55,29,38,27,21,142,153,121,0,113
305969,25,-0.08,-0.03,-0.4,-0.35,2,0.1,0.2,0.15,60,53.89,407,391,5,386,0,127,0,51,0,208,0,16,4,411,208,178,411,108872.91,1531.24,17,23,16,13,11,13,17,276,0,127,0,259
305970,25,-0.08,-0.03,-0.4,-0.35,2,0.1,0.2,0.15,60,70.73,406,390,4,386,170,0,0,113,0,103,0,16,5,411,273,113,411,320717.44,2990.03,17,18,40,19,34,18,14,226,170,0,0,216
305971,25,-0.08,-0.03,-0.4,-0.35,2,0.2,0.1,0.15,20,65.46,407,391,3,388,223,63,71,0,31,0,0,16,4,411,254,134,411,97521.68,993.3,123,73,68,124,0,0,0,0,223,63,102,0
305972,25,-0.08,-0.03,-0.4,-0.35,2,0.2,0.1,0.15,20,57.77,407,391,5,386,0,69,94,0,223,0,0,16,4,411,223,163,411,121347.88,1250.35,17,23,16,330,0,0,0,0,0,69,317,0
305973,25,-0.08,-0.03,-0.4,-0.35,2,0.2,0.1,0.15,20,68.73,406,390,3,387,230,0,121,0,36,0,0,16,5,411,266,121,411,133750.47,1358.07,106,53,53,175,0,0,0,0,230,0,157,0
305974,25,-0.08,-0.03,-0.4,-0.35,2,0.2,0.1,0.15,30,67.78,407,391,3,388,251,83,42,0,12,0,0,16,4,411,263,125,411,102366.01,1047.62,123,73,68,22,23,79,0,0,251,83,54,0
305975,25,-0.08,-0.03,-0.4,-0.35,2,0.2,0.1,0.15,30,54.15,407,391,5,386,0,93,84,0,209,0,0,16,4,411,209,177,411,105053.88,1113.3,17,23,16,13,11,306,0,0,0,93,293,0
305976,25,-0.08,-0.03,-0.4,-0.35,2,0.2,0.1,0.15,30,73.39,406,390,3,387,267,0,103,0,17,0,0,16,5,411,284,103,411,168445.38,1720.66,106,53,53,18,20,137,0,0,267,0,120,0
305977,25,-0.08,-0.03,-0.4,-0.35,2,0.2,0.1,0.15,40,68.3,407,391,3,388,257,101,12,10,3,5,0,16,4,411,265,123,411,92006.0,941.97,123,73,68,22,23,25,9,45,257,101,15,15
305978,25,-0.08,-0.03,-0.4,-0.35,2,0.2,0.1,0.15,40,52.33,407,391,5,386,0,123,44,17,56,146,0,16,4,411,202,184,411,74670.31,731.49,17,23,16,13,11,13,17,276,0,123,100,163
305979,25,-0.08,-0.03,-0.4,-0.35,2,0.2,0.1,0.15,40,75.97,406,390,3,387,277,0,54,39,4,13,0,16,5,411,294,93,411,165791.98,1691.69,106,53,53,18,20,17,5,115,277,0,58,52
305980,25,-0.08,-0.03,-0.4,-0.35,2,0.2,0.1,0.15,50,67.78,407,391,3,388,257,101,0,24,0,6,0,16,4,411,263,125,411,90753.3,928.8,123,73,68,22,23,25,9,45,257,101,0,30
305981,25,-0.08,-0.03,-0.4,-0.35,2,0.2,0.1,0.15,50,51.3,407,391,5,386,0,127,0,61,0,198,0,16,4,411,198,188,411,62504.15,602.12,17,23,16,13,11,13,17,276,0,127,0,259
305982,25,-0.08,-0.03,-0.4,-0.35,2,0.2,0.1,0.15,50,75.97,406,390,3,387,277,0,0,93,0,17,0,16,5,411,294,93,411,165657.16,1690.48,106,53,53,18,20,17,5,115,277,0,0,110
305983,25,-0.08,-0.03,-0.4,-0.35,2,0.2,0.1,0.15,60,67.78,407,391,3,388,257,101,0,24,0,6,0,16,4,411,263,125,411,90753.3,928.8,123,73,68,22,23,25,9,45,257,101,0,30
305984,25,-0.08,-0.03,-0.4,-0.35,2,0.2,0.1,0.15,60,51.3,407,391,5,386,0,127,0,61,0,198,0,16,4,411,198,188,411,62504.15,602.12,17,23,16,13,11,13,17,276,0,127,0,259
305985,25,-0.08,-0.03,-0.4,-0.35,2,0.2,0.1,0.15,60,75.97,406,390,3,387,277,0,0,93,0,17,0,16,5,411,294,93,411,165657.16,1690.48,106,53,53,18,20,17,5,115,277,0,0,110
305986,25,-0.08,-0.03,-0.4,-0.35,2,0.2,0.2,0.15,20,58.4,407,391,4,387,84,68,93,0,142,0,0,16,4,411,226,161,411,124882.26,1267.23,33,37,52,265,0,0,0,0,84,68,235,0
305987,25,-0.08,-0.03,-0.4,-0.35,2,0.2,0.2,0.15,20,57.77,407,391,5,386,0,69,94,0,223,0,0,16,4,411,223,163,411,121347.88,1250.35,17,23,16,330,0,0,0,0,0,69,317,0
305988,25,-0.08,-0.03,-0.4,-0.35,2,0.2,0.2,0.15,20,61.14,406,390,4,386,85,0,150,0,151,0,0,16,5,411,236,150,411,162107.88,1642.75,16,14,36,320,0,0,0,0,85,0,301,0
305989,25,-0.08,-0.03,-0.4,-0.35,2,0.2,0.2,0.15,30,55.81,407,391,4,387,121,92,79,0,95,0,0,16,4,411,216,171,411,129619.21,1322.0,33,37,52,30,38,197,0,0,121,92,174,0
305990,25,-0.08,-0.03,-0.4,-0.35,2,0.2,0.2,0.15,30,54.15,407,391,5,386,0,93,84,0,209,0,0,16,4,411,209,177,411,105053.88,1113.3,17,23,16,13,11,306,0,0,0,93,293,0
305991,25,-0.08,-0.03,-0.4,-0.35,2,0.2,0.2,0.15,30,61.92,406,390,4,386,130,0,147,0,109,0,0,16,5,411,239,147,411,207940.26,2116.36,16,14,36,19,31,270,0,0,130,0,256,0
305992,25,-0.08,-0.03,-0.4,-0.35,2,0.2,0.2,0.15,40,55.3,407,391,4,387,137,118,38,17,19,58,0,16,4,411,214,173,411,117349.25,1200.46,33,37,52,30,38,23,22,152,137,118,57,75
305993,25,-0.08,-0.03,-0.4,-0.35,2,0.2,0.2,0.15,40,52.33,407,391,5,386,0,123,44,17,56,146,0,16,4,411,202,184,411,74670.31,731.49,17,23,16,13,11,13,17,276,0,123,100,163
305994,25,-0.08,-0.03,-0.4,-0.35,2,0.2,0.2,0.15,40,63.21,406,390,4,386,148,0,93,49,20,76,0,16,5,411,244,142,411,201675.34,2053.45,16,14,36,19,31,14,15,241,148,0,113,125
305995,25,-0.08,-0.03,-0.4,-0.35,2,0.2,0.2,0.15,50,54.78,407,391,4,387,139,122,0,53,0,73,0,16,4,411,212,175,411,112181.36,1148.77,33,37,52,30,38,23,22,152,139,122,0,126
305996,25,-0.08,-0.03,-0.4,-0.35,2,0.2,0.2,0.15,50,51.3,407,391,5,386,0,127,0,61,0,198,0,16,4,411,198,188,411,62504.15,602.12,17,23,16,13,11,13,17,276,0,127,0,259
305997,25,-0.08,-0.03,-0.4,-0.35,2,0.2,0.2,0.15,50,63.21,406,390,4,386,150,0,0,142,0,94,0,16,5,411,244,142,411,195788.1,1995.24,16,14,36,19,31,14,15,241,150,0,0,236
305998,25,-0.08,-0.03,-0.4,-0.35,2,0.2,0.2,0.15,60,54.78,407,391,4,387,139,122,0,53,0,73,0,16,4,411,212,175,411,112181.36,1148.77,33,37,52,30,38,23,22,152,139,122,0,126
305999,25,-0.08,-0.03,-0.4,-0.35,2,0.2,0.2,0.15,60,51.3,407,391,5,386,0,127,0,61,0,198,0,16,4,411,198,188,411,62504.15,602.12,17,23,16,13,11,13,17,276,0,127,0,259
306000,25,-0.08,-0.03,-0.4,-0.35,2,0.2,0.2,0.15,60,63.21,406,390,4,386,150,0,0,142,0,94,0,16,5,411,244,142,411,195788.1,1995.24,16,14,36,19,31,14,15,241,150,0,0,236
306001,25,-0.08,-0.03,-0.4,-0.3,1,0.1,0.1,0.15,20,63.78,803,781,8,773,396,116,164,0,97,0,0,22,7,810,493,280,810,166576.9,1692.1,213,143,112,305,0,0,0,0,396,116,261,0
306002,25,-0.08,-0.03,-0.4,-0.3,1,0.1,0.1,0.15,20,57.35,803,781,12,769,0,128,200,0,441,0,0,22,7,810,441,328,810,199247.72,2069.02,26,46,36,661,0,0,0,0,0,128,641,0
306003,25,-0.08,-0.03,-0.4,-0.3,1,0.1,0.1,0.15,20,66.45,802,780,8,772,406,0,259,0,107,0,0,22,8,810,513,259,810,214790.39,2164.68,187,102,80,403,0,0,0,0,406,0,366,0
306004,25,-0.08,-0.03,-0.4,-0.3,1,0.1,0.1,0.15,30,65.8,803,781,9,772,464,153,111,0,44,0,0,22,7,810,508,264,810,185379.78,1896.42,213,143,112,44,55,205,0,0,464,153,155,0
306005,25,-0.08,-0.03,-0.4,-0.3,1,0.1,0.1,0.15,30,53.66,803,781,15,766,0,174,181,0,411,0,0,22,7,810,411,355,810,164540.47,1762.01,26,46,36,20,25,613,0,0,0,174,592,0
306006,25,-0.08,-0.03,-0.4,-0.3,1,0.1,0.1,0.15,30,70.69,802,780,9,771,490,0,226,0,55,0,0,22,8,810,545,226,810,291143.62,2961.56,187,102,80,37,42,323,0,0,490,0,281,0
306007,25,-0.08,-0.03,-0.4,-0.3,1,0.1,0.1,0.15,40,65.41,803,781,9,772,483,192,49,26,9,13,0,22,7,810,505,267,810,151057.08,1545.57,213,143,112,44,55,50,35,120,483,192,58,39
306008,25,-0.08,-0.03,-0.4,-0.3,1,0.1,0.1,0.15,40,50.26,803,781,15,766,0,234,104,43,108,277,0,22,7,810,385,381,810,93430.1,951.97,26,46,36,20,25,21,43,549,0,234,212,320
306009,25,-0.08,-0.03,-0.4,-0.3,1,0.1,0.1,0.15,40,72.37,802,780,9,771,521,0,131,82,10,27,0,22,8,810,558,213,810,283779.73,2883.34,187,102,80,37,42,42,21,260,521,0,141,109
306010,25,-0.08,-0.03,-0.4,-0.3,1,0.1,0.1,0.15,50,65.16,803,781,9,772,483,195,0,74,0,20,0,22,7,810,503,269,810,144783.46,1480.94,213,143,112,44,55,50,35,120,483,195,0,94
306011,25,-0.08,-0.03,-0.4,-0.3,1,0.1,0.1,0.15,50,49.48,803,781,15,766,0,246,0,141,0,379,0,22,7,810,379,387,810,67853.5,679.8,26,46,36,20,25,21,43,549,0,246,0,520
306012,25,-0.08,-0.03,-0.4,-0.3,1,0.1,0.1,0.15,50,72.37,802,780,9,771,521,0,0,213,0,37,0,22,8,810,558,213,810,277332.96,2816.37,187,102,80,37,42,42,21,260,521,0,0,250
306013,25,-0.08,-0.03,-0.4,-0.3,1,0.1,0.1,0.15,60,65.16,803,781,9,772,483,195,0,74,0,20,0,22,7,810,503,269,810,144783.46,1480.94,213,143,112,44,55,50,35,120,483,195,0,94
306014,25,-0.08,-0.03,-0.4,-0.3,1,0.1,0.1,0.15,60,49.48,803,781,15,766,0,246,0,141,0,379,0,22,7,810,379,387,810,67853.5,679.8,26,46,36,20,25,21,43,549,0,246,0,520
306015,25,-0.08,-0.03,-0.4,-0.3,1,0.1,0.1,0.15,60,72.37,802,780,9,771,521,0,0,213,0,37,0,22,8,810,558,213,810,277332.96,2816.37,187,102,80,37,42,42,21,260,521,0,0,250
306016,25,-0.08,-0.03,-0.4,-0.3,1,0.1,0.2,0.15,20,57.72,803,781,10,771,155,127,199,0,290,0,0,22,7,810,445,326,810,214991.25,2208.53,50,76,102,543,0,0,0,0,155,127,489,0
306017,25,-0.08,-0.03,-0.4,-0.3,1,0.1,0.2,0.15,20,57.35,803,781,12,769,0,128,200,0,441,0,0,22,7,810,441,328,810,199247.72,2069.02,26,46,36,661,0,0,0,0,0,128,641,0
306018,25,-0.08,-0.03,-0.4,-0.3,1,0.1,0.2,0.15,20,60.0,802,780,10,770,156,0,308,0,306,0,0,22,8,810,462,308,810,257309.2,2622.05,24,30,66,650,0,0,0,0,156,0,614,0
306019,25,-0.08,-0.03,-0.4,-0.3,1,0.1,0.2,0.15,30,55.34,803,781,13,768,217,172,171,0,208,0,0,22,7,810,425,343,810,223938.01,2327.5,50,76,102,54,62,424,0,0,217,172,379,0
306020,25,-0.08,-0.03,-0.4,-0.3,1,0.1,0.2,0.15,30,53.66,803,781,15,766,0,174,181,0,411,0,0,22,7,810,411,355,810,164540.47,1762.01,26,46,36,20,25,613,0,0,0,174,592,0
306021,25,-0.08,-0.03,-0.4,-0.3,1,0.1,0.2,0.15,30,60.5,802,780,13,767,228,0,303,0,236,0,0,22,8,810,464,303,810,335840.76,3451.49,24,30,66,36,43,568,0,0,228,0,539,0
306022,25,-0.08,-0.03,-0.4,-0.3,1,0.1,0.2,0.15,40,53.12,803,781,13,768,251,226,93,41,41,116,0,22,7,810,408,360,810,184479.88,1929.44,50,76,102,54,62,45,54,325,251,226,134,157
306023,25,-0.08,-0.03,-0.4,-0.3,1,0.1,0.2,0.15,40,50.26,803,781,15,766,0,234,104,43,108,277,0,22,7,810,385,381,810,93430.1,951.97,26,46,36,20,25,21,43,549,0,234,212,320
306024,25,-0.08,-0.03,-0.4,-0.3,1,0.1,0.2,0.15,40,60.37,802,780,13,767,266,0,202,102,43,154,0,22,8,810,463,304,810,325082.34,3340.2,24,30,66,36,43,29,28,511,266,0,245,256
306025,25,-0.08,-0.03,-0.4,-0.3,1,0.1,0.2,0.15,50,52.86,803,781,13,768,254,236,0,126,0,152,0,22,7,810,406,362,810,171507.01,1796.17,50,76,102,54,62,45,54,325,254,236,0,278
306026,25,-0.08,-0.03,-0.4,-0.3,1,0.1,0.2,0.15,50,49.48,803,781,15,766,0,246,0,141,0,379,0,22,7,810,379,387,810,67853.5,679.8,26,46,36,20,25,21,43,549,0,246,0,520
306027,25,-0.08,-0.03,-0.4,-0.3,1,0.1,0.2,0.15,50,60.37,802,780,13,767,269,0,0,304,0,194,0,22,8,810,463,304,810,309713.96,3181.79,24,30,66,36,43,29,28,511,269,0,0,498
306028,25,-0.08,-0.03,-0.4,-0.3,1,0.1,0.2,0.15,60,52.86,803,781,13,768,254,236,0,126,0,152,0,22,7,810,406,362,810,171507.01,1796.17,50,76,102,54,62,45,54,325,254,236,0,278
306029,25,-0.08,-0.03,-0.4,-0.3,1,0.1,0.2,0.15,60,49.48,803,781,15,766,0,246,0,141,0,379,0,22,7,810,379,387,810,67853.5,679.8,26,46,36,20,25,21,43,549,0,246,0,520
306030,25,-0.08,-0.03,-0.4,-0.3,1,0.1,0.2,0.15,60,60.37,802,780,13,767,269,0,0,304,0,194,0,22,8,810,463,304,810,309713.96,3181.79,24,30,66,36,43,29,28,511,269,0,0,498
306031,25,-0.08,-0.03,-0.4,-0.3,1,0.2,0.1,0.15,20,63.78,803,781,8,773,396,116,164,0,97,0,0,22,7,810,493,280,810,166576.9,1692.1,213,143,112,305,0,0,0,0,396,116,261,0
306032,25,-0.08,-0.03,-0.4,-0.3,1,0.2,0.1,0.15,20,57.35,803,781,12,769,0,128,200,0,441,0,0,22,7,810,441,328,810,199247.72,2069.02,26,46,36,661,0,0,0,0,0,128,641,0
306033,25,-0.08,-0.03,-0.4,-0.3,1,0.2,0.1,0.15,20,66.45,802,780,8,772,406,0,259,0,107,0,0,22,8,810,513,259,810,214790.39,2164.68,187,102,80,403,0,0,0,0,406,0,366,0
306034,25,-0.08,-0.03,-0.4,-0.3,1,0.2,0.1,0.15,30,65.8,803,781,9,772,464,153,111,0,44,0,0,22,7,810,508,264,810,185379.78,1896.42,213,143,112,44,55,205,0,0,464,153,155,0
306035,25,-0.08,-0.03,-0.4,-0.3,1,0.2,0.1,0.15,30,53.66,803,781,15,766,0,174,181,0,411,0,0,22,7,810,411,355,810,164540.47,1762.01,26,46,36,20,25,613,0,0,0,174,592,0
306036,25,-0.08,-0.03,-0.4,-0.3,1,0.2,0.1,0.15,30,70.69,802,780,9,771,490,0,226,0,55,0,0,22,8,810,545,226,810,291143.62,2961.56,187,102,80,37,42,323,0,0,490,0,281,0
306037,25,-0.08,-0.03,-0.4,-0.3,1,0.2,0.1,0.15,40,65.41,803,781,9,772,483,192,49,26,9,13,0,22,7,810,505,267,810,151057.08,1545.57,213,143,112,44,55,50,35,120,483,192,58,39
306038,25,-0.08,-0.03,-0.4,-0.3,1,0.2,0.1,0.15,40,50.26,803,781,15,766,0,234,104,43,108,277,0,22,7,810,385,381,810,93430.1,951.97,26,46,36,20,25,21,43,549,0,234,212,320
306039,25,-0.08,-0.03,-0.4,-0.3,1,0.2,0.1,0.15,40,72.37,802,780,9,771,521,0,131,82,10,27,0,22,8,810,558,213,810,283779.73,2883.34,187,102,80,37,42,42,21,260,521,0,141,109
306040,25,-0.08,-0.03,-0.4,-0.3,1,0.2,0.1,0.15,50,65.16,803,781,9,772,483,195,0,74,0,20,0,22,7,810,503,269,810,144783.46,1480.94,213,143,112,44,55,50,35,120,483,195,0,94
306041,25,-0.08,-0.03,-0.4,-0.3,1,0.2,0.1,0.15,50,49.48,803,781,15,766,0,246,0,141,0,379,0,22,7,810,379,387,810,67853.5,679.8,26,46,36,20,25,21,43,549,0,246,0,520
306042,25,-0.08,-0.03,-0.4,-0.3,1,0.2,0.1,0.15,50,72.37,802,780,9,771,521,0,0,213,0,37,0,22,8,810,558,213,810,277332.96,2816.37,187,102,80,37,42,42,21,260,521,0,0,250
306043,25,-0.08,-0.03,-0.4,-0.3,1,0.2,0.1,0.15,60,65.16,803,781,9,772,483,195,0,74,0,20,0,22,7,810,503,269,810,144783.46,1480.94,213,143,112,44,55,50,35,120,483,195,0,94
306044,25,-0.08,-0.03,-0.4,-0.3,1,0.2,0.1,0.15,60,49.48,803,781,15,766,0,246,0,141,0,379,0,22,7,810,379,387,810,67853.5,679.8,26,46,36,20,25,21,43,549,0,246,0,520
306045,25,-0.08,-0.03,-0.4,-0.3,1,0.2,0.1,0.15,60,72.37,802,780,9,771,521,0,0,213,0,37,0,22,8,810,558,213,810,277332.96,2816.37,187,102,80,37,42,42,21,260,521,0,0,250
306046,25,-0.08,-0.03,-0.4,-0.3,1,0.2,0.2,0.15,20,57.72,803,781,10,771,155,127,199,0,290,0,0,22,7,810,445,326,810,214991.25,2208.53,50,76,102,543,0,0,0,0,155,127,489,0
306047,25,-0.08,-0.03,-0.4,-0.3,1,0.2,0.2,0.15,20,57.35,803,781,12,769,0,128,200,0,441,0,0,22,7,810,441,328,810,199247.72,2069.02,26,46,36,661,0,0,0,0,0,128,641,0
306048,25,-0.08,-0.03,-0.4,-0.3,1,0.2,0.2,0.15,20,60.0,802,780,10,770,156,0,308,0,306,0,0,22,8,810,462,308,810,257309.2,2622.05,24,30,66,650,0,0,0,0,156,0,614,0
306049,25,-0.08,-0.03,-0.4,-0.3,1,0.2,0.2,0.15,30,55.34,803,781,13,768,217,172,171,0,208,0,0,22,7,810,425,343,810,223938.01,2327.5,50,76,102,54,62,424,0,0,217,172,379,0
306050,25,-0.08,-0.03,-0.4,-0.3,1,0.2,0.2,0.15,30,53.66,803,781,15,766,0,174,181,0,411,0,0,22,7,810,411,355,810,164540.47,1762.01,26,46,36,20,25,613,0,0,0,174,592,0
306051,25,-0.08,-0.03,-0.4,-0.3,1,0.2,0.2,0.15,30,60.5,802,780,13,767,228,0,303,0,236,0,0,22,8,810,464,303,810,335840.76,3451.49,24,30,66,36,43,568,0,0,228,0,539,0
306052,25,-0.08,-0.03,-0.4,-0.3,1,0.2,0.2,0.15,40,53.12,803,781,13,768,251,226,93,41,41,116,0,22,7,810,408,360,810,184479.88,1929.44,50,76,102,54,62,45,54,325,251,226,134,157
306053,25,-0.08,-0.03,-0.4,-0.3,1,0.2,0.2,0.15,40,50.26,803,781,15,766,0,234,104,43,108,277,0,22,7,810,385,381,810,93430.1,951.97,26,46,36,20,25,21,43,549,0,234,212,320
306054,25,-0.08,-0.03,-0.4,-0.3,1,0.2,0.2,0.15,40,60.37,802,780,13,767,266,0,202,102,43,154,0,22,8,810,463,304,810,325082.34,3340.2,24,30,66,36,43,29,28,511,266,0,245,256
306055,25,-0.08,-0.03,-0.4,-0.3,1,0.2,0.2,0.15,50,52.86,803,781,13,768,254,236,0,126,0,152,0,22,7,810,406,362,810,171507.01,1796.17,50,76,102,54,62,45,54,325,254,236,0,278
306056,25,-0.08,-0.03,-0.4,-0.3,1,0.2,0.2,0.15,50,49.48,803,781,15,766,0,246,0,141,0,379,0,22,7,810,379,387,810,67853.5,679.8,26,46,36,20,25,21,43,549,0,246,0,520
306057,25,-0.08,-0.03,-0.4,-0.3,1,0.2,0.2,0.15,50,60.37,802,780,13,767,269,0,0,304,0,194,0,22,8,810,463,304,810,309713.96,3181.79,24,30,66,36,43,29,28,511,269,0,0,498
306058,25,-0.08,-0.03,-0.4,-0.3,1,0.2,0.2,0.15,60,52.86,803,781,13,768,254,236,0,126,0,152,0,22,7,810,406,362,810,171507.01,1796.17,50,76,102,54,62,45,54,325,254,236,0,278
306059,25,-0.08,-0.03,-0.4,-0.3,1,0.2,0.2,0.15,60,49.48,803,781,15,766,0,246,0,141,0,379,0,22,7,810,379,387,810,67853.5,679.8,26,46,36,20,25,21,43,549,0,246,0,520
306060,25,-0.08,-0.03,-0.4,-0.3,1,0.2,0.2,0.15,60,60.37,802,780,13,767,269,0,0,304,0,194,0,22,8,810,463,304,810,309713.96,3181.79,24,30,66,36,43,29,28,511,269,0,0,498
306061,25,-0.08,-0.03,-0.4,-0.3,2,0.1,0.1,0.15,20,69.08,803,781,8,773,430,113,126,0,104,0,0,22,7,810,534,239,810,244299.06,2924.93,222,153,121,277,0,0,0,0,430,113,230,0
306062,25,-0.08,-0.03,-0.4,-0.3,2,0.1,0.1,0.15,20,62.68,803,781,12,769,0,128,159,0,482,0,0,22,7,810,482,287,810,277041.43,3380.85,26,46,36,661,0,0,0,0,0,128,641,0
306063,25,-0.08,-0.03,-0.4,-0.3,2,0.1,0.1,0.15,20,73.45,802,780,8,772,454,0,205,0,113,0,0,22,8,810,567,205,810,342056.1,3517.66,196,117,97,362,0,0,0,0,454,0,318,0
306064,25,-0.08,-0.03,-0.4,-0.3,2,0.1,0.1,0.15,30,70.98,803,781,9,772,505,148,76,0,43,0,0,22,7,810,548,224,810,281341.04,3258.0,222,153,121,47,66,163,0,0,505,148,119,0
306065,25,-0.08,-0.03,-0.4,-0.3,2,0.1,0.1,0.15,30,58.09,803,781,15,766,0,174,147,0,445,0,0,22,7,810,445,321,810,282668.75,3368.98,26,46,36,20,25,613,0,0,0,174,592,0
306066,25,-0.08,-0.03,-0.4,-0.3,2,0.1,0.1,0.15,30,79.64,802,780,9,771,550,0,157,0,64,0,0,22,8,810,614,157,810,486274.23,4443.6,196,117,97,44,60,257,0,0,550,0,221,0
306067,25,-0.08,-0.03,-0.4,-0.3,2,0.1,0.1,0.15,40,69.69,803,781,9,772,516,179,38,17,10,12,0,22,7,810,538,234,810,232865.66,3032.46,222,153,121,47,66,44,26,93,516,179,48,29
306068,25,-0.08,-0.03,-0.4,-0.3,2,0.1,0.1,0.15,40,53.79,803,781,15,766,0,234,93,27,119,293,0,22,7,810,412,354,810,201556.41,2820.91,26,46,36,20,25,21,43,549,0,234,212,320
306069,25,-0.08,-0.03,-0.4,-0.3,2,0.1,0.1,0.15,40,80.16,802,780,9,771,578,0,106,47,13,27,0,22,8,810,618,153,810,471943.24,4397.85,196,117,97,44,60,36,20,201,578,0,119,74
306070,25,-0.08,-0.03,-0.4,-0.3,2,0.1,0.1,0.15,50,69.3,803,781,9,772,516,182,0,55,0,19,0,22,7,810,535,237,810,224028.71,2995.43,222,153,121,47,66,44,26,93,516,182,0,74
306071,25,-0.08,-0.03,-0.4,-0.3,2,0.1,0.1,0.15,50,52.48,803,781,15,766,0,246,0,118,0,402,0,22,7,810,402,364,810,163606.85,2576.91,26,46,36,20,25,21,43,549,0,246,0,520
306072,25,-0.08,-0.03,-0.4,-0.3,2,0.1,0.1,0.15,50,80.16,802,780,9,771,579,0,0,153,0,39,0,22,8,810,618,153,810,461990.49,4353.52,196,117,97,44,60,36,20,201,579,0,0,192
306073,25,-0.08,-0.03,-0.4,-0.3,2,0.1,0.1,0.15,60,69.3,803,781,9,772,516,182,0,55,0,19,0,22,7,810,535,237,810,224028.71,2995.43,222,153,121,47,66,44,26,93,516,182,0,74
306074,25,-0.08,-0.03,-0.4,-0.3,2,0.1,0.1,0.15,60,52.48,803,781,15,766,0,246,0,118,0,402,0,22,7,810,402,364,810,163606.85,2576.91,26,46,36,20,25,21,43,549,0,246,0,520
306075,25,-0.08,-0.03,-0.4,-0.3,2,0.1,0.1,0.15,60,80.16,802,780,9,771,579,0,0,153,0,39,0,22,8,810,618,153,810,461990.49,4353.52,196,117,97,44,60,36,20,201,579,0,0,192
306076,25,-0.08,-0.03,-0.4,-0.3,2,0.1,0.2,0.15,20,62.91,803,781,10,771,165,127,159,0,320,0,0,22,7,810,485,286,810,298341.55,3526.45,51,82,104,534,0,0,0,0,165,127,479,0
306077,25,-0.08,-0.03,-0.4,-0.3,2,0.1,0.2,0.15,20,62.68,803,781,12,769,0,128,159,0,482,0,0,22,7,810,482,287,810,277041.43,3380.85,26,46,36,661,0,0,0,0,0,128,641,0
306078,25,-0.08,-0.03,-0.4,-0.3,2,0.1,0.2,0.15,20,66.88,802,780,10,770,169,0,255,0,346,0,0,22,8,810,515,255,810,373326.78,4050.2,25,36,69,640,0,0,0,0,169,0,601,0
306079,25,-0.08,-0.03,-0.4,-0.3,2,0.1,0.2,0.15,30,59.64,803,781,13,768,237,172,138,0,221,0,0,22,7,810,458,310,810,350017.64,3931.95,51,82,104,55,65,411,0,0,237,172,359,0
306080,25,-0.08,-0.03,-0.4,-0.3,2,0.1,0.2,0.15,30,58.09,803,781,15,766,0,174,147,0,445,0,0,22,7,810,445,321,810,282668.75,3368.98,26,46,36,20,25,613,0,0,0,174,592,0
306081,25,-0.08,-0.03,-0.4,-0.3,2,0.1,0.2,0.15,30,68.19,802,780,13,767,257,0,244,0,266,0,0,22,8,810,523,244,810,565830.73,5234.93,25,36,69,39,51,547,0,0,257,0,510,0
306082,25,-0.08,-0.03,-0.4,-0.3,2,0.1,0.2,0.15,40,56.77,803,781,13,768,281,226,80,26,48,107,0,22,7,810,436,332,810,296721.43,3782.61,51,82,104,55,65,52,56,303,281,226,128,133
306083,25,-0.08,-0.03,-0.4,-0.3,2,0.1,0.2,0.15,40,53.79,803,781,15,766,0,234,93,27,119,293,0,22,7,810,412,354,810,201556.41,2820.91,26,46,36,20,25,21,43,549,0,234,212,320
306084,25,-0.08,-0.03,-0.4,-0.3,2,0.1,0.2,0.15,40,67.93,802,780,13,767,308,0,179,67,57,156,0,22,8,810,521,246,810,575544.99,5416.37,25,36,69,39,51,37,32,478,308,0,236,223
306085,25,-0.08,-0.03,-0.4,-0.3,2,0.1,0.2,0.15,50,56.12,803,781,13,768,283,235,0,102,0,148,0,22,7,810,431,337,810,275080.85,3677.9,51,82,104,55,65,52,56,303,283,235,0,250
306086,25,-0.08,-0.03,-0.4,-0.3,2,0.1,0.2,0.15,50,52.48,803,781,15,766,0,246,0,118,0,402,0,22,7,810,402,364,810,163606.85,2576.91,26,46,36,20,25,21,43,549,0,246,0,520
306087,25,-0.08,-0.03,-0.4,-0.3,2,0.1,0.2,0.15,50,68.06,802,780,13,767,310,0,0,245,0,212,0,22,8,810,522,245,810,549940.91,5291.25,25,36,69,39,51,37,32,478,310,0,0,457
306088,25,-0.08,-0.03,-0.4,-0.3,2,0.1,0.2,0.15,60,56.12,803,781,13,768,283,235,0,102,0,148,0,22,7,810,431,337,810,275080.85,3677.9,51,82,104,55,65,52,56,303,283,235,0,250
306089,25,-0.08,-0.03,-0.4,-0.3,2,0.1,0.2,0.15,60,52.48,803,781,15,766,0,246,0,118,0,402,0,22,7,810,402,364,810,163606.85,2576.91,26,46,36,20,25,21,43,549,0,246,0,520
306090,25,-0.08,-0.03,-0.4,-0.3,2,0.1,0.2,0.15,60,68.06,802,780,13,767,310,0,0,245,0,212,0,22,8,810,522,245,810,549940.91,5291.25,25,36,69,39,51,37,32,478,310,0,0,457
306091,25,-0.08,-0.03,-0.4,-0.3,2,0.2,0.1,0.15,20,63.78,803,781,8,773,396,116,164,0,97,0,0,22,7,810,493,280,810,166576.9,1692.1,213,143,112,305,0,0,0,0,396,116,261,0
306092,25,-0.08,-0.03,-0.4,-0.3,2,0.2,0.1,0.15,20,57.35,803,781,12,769,0,128,200,0,441,0,0,22,7,810,441,328,810,199247.72,2069.02,26,46,36,661,0,0,0,0,0,128,641,0
306093,25,-0.08,-0.03,-0.4,-0.3,2,0.2,0.1,0.15,20,66.45,802,780,8,772,406,0,259,0,107,0,0,22,8,810,513,259,810,214790.39,2164.68,187,102,80,403,0,0,0,0,406,0,366,0
306094,25,-0.08,-0.03,-0.4,-0.3,2,0.2,0.1,0.15,30,65.8,803,781,9,772,464,153,111,0,44,0,0,22,7,810,508,264,810,185379.78,1896.42,213,143,112,44,55,205,0,0,464,153,155,0
306095,25,-0.08,-0.03,-0.4,-0.3,2,0.2,0.1,0.15,30,53.66,803,781,15,766,0,174,181,0,411,0,0,22,7,810,411,355,810,164540.47,1762.01,26,46,36,20,25,613,0,0,0,174,592,0
306096,25,-0.08,-0.03,-0.4,-0.3,2,0.2,0.1,0.15,30,70.69,802,780,9,771,490,0,226,0,55,0,0,22,8,810,545,226,810,291143.62,2961.56,187,102,80,37,42,323,0,0,490,0,281,0
306097,25,-0.08,-0.03,-0.4,-0.3,2,0.2,0.1,0.15,40,65.41,803,781,9,772,483,192,49,26,9,13,0,22,7,810,505,267,810,151057.08,1545.57,213,143,112,44,55,50,35,120,483,192,58,39
306098,25,-0.08,-0.03,-0.4,-0.3,2,0.2,0.1,0.15,40,50.26,803,781,15,766,0,234,104,43,108,277,0,22,7,810,385,381,810,93430.1,951.97,26,46,36,20,25,21,43,549,0,234,212,320
306099,25,-0.08,-0.03,-0.4,-0.3,2,0.2,0.1,0.15,40,72.37,802,780,9,771,521,0,131,82,10,27,0,22,8,810,558,213,810,283779.73,2883.34,187,102,80,37,42,42,21,260,521,0,141,109
306100,25,-0.08,-0.03,-0.4,-0.3,2,0.2,0.1,0.15,50,65.16,803,781,9,772,483,195,0,74,0,20,0,22,7,810,503,269,810,144783.46,1480.94,213,143,112,44,55,50,35,120,483,195,0,94
306101,25,-0.08,-0.03,-0.4,-0.3,2,0.2,0.1,0.15,50,49.48,803,781,15,766,0,246,0,141,0,379,0,22,7,810,379,387,810,67853.5,679.8,26,46,36,20,25,21,43,549,0,246,0,520
306102,25,-0.08,-0.03,-0.4,-0.3,2,0.2,0.1,0.15,50,72.37,802,780,9,771,521,0,0,213,0,37,0,22,8,810,558,213,810,277332.96,2816.37,187,102,80,37,42,42,21,260,521,0,0,250
306103,25,-0.08,-0.03,-0.4,-0.3,2,0.2,0.1,0.15,60,65.16,803,781,9,772,483,195,0,74,0,20,0,22,7,810,503,269,810,144783.46,1480.94,213,143,112,44,55,50,35,120,483,195,0,94
306104,25,-0.08,-0.03,-0.4,-0.3,2,0.2,0.1,0.15,60,49.48,803,781,15,766,0,246,0,141,0,379,0,22,7,810,379,387,810,67853.5,679.8,26,46,36,20,25,21,43,549,0,246,0,520
306105,25,-0.08,-0.03,-0.4,-0.3,2,0.2,0.1,0.15,60,72.37,802,780,9,771,521,0,0,213,0,37,0,22,8,810,558,213,810,277332.96,2816.37,187,102,80,37,42,42,21,260,521,0,0,250
306106,25,-0.08,-0.03,-0.4,-0.3,2,0.2,0.2,0.15,20,57.72,803,781,10,771,155,127,199,0,290,0,0,22,7,810,445,326,810,214991.25,2208.53,50,76,102,543,0,0,0,0,155,127,489,0
306107,25,-0.08,-0.03,-0.4,-0.3,2,0.2,0.2,0.15,20,57.35,803,781,12,769,0,128,200,0,441,0,0,22,7,810,441,328,810,199247.72,2069.02,26,46,36,661,0,0,0,0,0,128,641,0
306108,25,-0.08,-0.03,-0.4,-0.3,2,0.2,0.2,0.15,20,60.0,802,780,10,770,156,0,308,0,306,0,0,22,8,810,462,308,810,257309.2,2622.05,24,30,66,650,0,0,0,0,156,0,614,0
306109,25,-0.08,-0.03,-0.4,-0.3,2,0.2,0.2,0.15,30,55.34,803,781,13,768,217,172,171,0,208,0,0,22,7,810,425,343,810,223938.01,2327.5,50,76,102,54,62,424,0,0,217,172,379,0
306110,25,-0.08,-0.03,-0.4,-0.3,2,0.2,0.2,0.15,30,53.66,803,781,15,766,0,174,181,0,411,0,0,22,7,810,411,355,810,164540.47,1762.01,26,46,36,20,25,613,0,0,0,174,592,0
306111,25,-0.08,-0.03,-0.4,-0.3,2,0.2,0.2,0.15,30,60.5,802,780,13,767,228,0,303,0,236,0,0,22,8,810,464,303,810,335840.76,3451.49,24,30,66,36,43,568,0,0,228,0,539,0
306112,25,-0.08,-0.03,-0.4,-0.3,2,0.2,0.2,0.15,40,53.12,803,781,13,768,251,226,93,41,41,116,0,22,7,810,408,360,810,184479.88,1929.44,50,76,102,54,62,45,54,325,251,226,134,157
306113,25,-0.08,-0.03,-0.4,-0.3,2,0.2,0.2,0.15,40,50.26,803,781,15,766,0,234,104,43,108,277,0,22,7,810,385,381,810,93430.1,951.97,26,46,36,20,25,21,43,549,0,234,212,320
306114,25,-0.08,-0.03,-0.4,-0.3,2,0.2,0.2,0.15,40,60.37,802,780,13,767,266,0,202,102,43,154,0,22,8,810,463,304,810,325082.34,3340.2,24,30,66,36,43,29,28,511,266,0,245,256
306115,25,-0.08,-0.03,-0.4,-0.3,2,0.2,0.2,0.15,50,52.86,803,781,13,768,254,236,0,126,0,152,0,22,7,810,406,362,810,171507.01,1796.17,50,76,102,54,62,45,54,325,254,236,0,278
306116,25,-0.08,-0.03,-0.4,-0.3,2,0.2,0.2,0.15,50,49.48,803,781,15,766,0,246,0,141,0,379,0,22,7,810,379,387,810,67853.5,679.8,26,46,36,20,25,21,43,549,0,246,0,520
306117,25,-0.08,-0.03,-0.4,-0.3,2,0.2,0.2,0.15,50,60.37,802,780,13,767,269,0,0,304,0,194,0,22,8,810,463,304,810,309713.96,3181.79,24,30,66,36,43,29,28,511,269,0,0,498
306118,25,-0.08,-0.03,-0.4,-0.3,2,0.2,0.2,0.15,60,52.86,803,781,13,768,254,236,0,126,0,152,0,22,7,810,406,362,810,171507.01,1796.17,50,76,102,54,62,45,54,325,254,236,0,278
306119,25,-0.08,-0.03,-0.4,-0.3,2,0.2,0.2,0.15,60,49.48,803,781,15,766,0,246,0,141,0,379,0,22,7,810,379,387,810,67853.5,679.8,26,46,36,20,25,21,43,549,0,246,0,520
306120,25,-0.08,-0.03,-0.4,-0.3,2,0.2,0.2,0.15,60,60.37,802,780,13,767,269,0,0,304,0,194,0,22,8,810,463,304,810,309713.96,3181.79,24,30,66,36,43,29,28,511,269,0,0,498
306121,25,-0.08,-0.03,-0.4,-0.25,1,0.1,0.1,0.15,20,61.34,1105,1074,11,1063,503,166,245,0,149,0,0,31,13,1118,652,411,1118,173653.69,1760.45,267,185,144,467,0,0,0,0,503,166,394,0
306122,25,-0.08,-0.03,-0.4,-0.25,1,0.1,0.1,0.15,20,55.72,1105,1074,17,1057,0,179,289,0,589,0,0,31,13,1118,589,468,1118,197522.42,2057.01,43,60,49,905,0,0,0,0,0,179,878,0
306123,25,-0.08,-0.03,-0.4,-0.25,1,0.1,0.1,0.15,20,63.52,1103,1072,11,1061,514,0,387,0,160,0,0,31,15,1118,674,387,1118,230722.57,2305.32,224,132,99,606,0,0,0,0,514,0,547,0
306124,25,-0.08,-0.03,-0.4,-0.25,1,0.1,0.1,0.15,30,62.36,1105,1074,14,1060,591,219,180,0,70,0,0,31,13,1118,661,399,1118,184090.85,1892.78,267,185,144,73,77,314,0,0,591,219,250,0
306125,25,-0.08,-0.03,-0.4,-0.25,1,0.1,0.1,0.15,30,50.52,1105,1074,25,1049,0,244,275,0,530,0,0,31,13,1118,530,519,1118,120519.3,1326.82,43,60,49,27,38,832,0,0,0,244,805,0
306126,25,-0.08,-0.03,-0.4,-0.25,1,0.1,0.1,0.15,30,66.64,1103,1072,14,1058,623,0,353,0,82,0,0,31,15,1118,705,353,1118,312659.07,3170.25,224,132,99,59,56,488,0,0,623,0,435,0
306127,25,-0.08,-0.03,-0.4,-0.25,1,0.1,0.1,0.15,40,62.64,1105,1074,14,1060,621,272,84,40,21,22,0,31,13,1118,664,396,1118,148049.08,1511.47,267,185,144,73,77,64,45,205,621,272,105,62
306128,25,-0.08,-0.03,-0.4,-0.25,1,0.1,0.1,0.15,40,47.66,1105,1074,25,1049,0,320,165,64,143,357,0,31,13,1118,500,549,1118,26031.31,264.23,43,60,49,27,38,27,56,749,0,320,308,421
306129,25,-0.08,-0.03,-0.4,-0.25,1,0.1,0.1,0.15,40,69.19,1103,1072,14,1058,668,0,197,129,23,41,0,31,15,1118,732,326,1118,318251.36,3208.97,224,132,99,59,56,53,25,410,668,0,220,170
306130,25,-0.08,-0.03,-0.4,-0.25,1,0.1,0.1,0.15,50,62.17,1105,1074,14,1060,622,278,0,123,0,37,0,31,13,1118,659,401,1118,140490.59,1433.72,267,185,144,73,77,64,45,205,622,278,0,160
306131,25,-0.08,-0.03,-0.4,-0.25,1,0.1,0.1,0.15,50,46.9,1105,1074,25,1049,0,339,0,218,0,492,0,31,13,1118,492,557,1118,-7481.66,-89.41,43,60,49,27,38,27,56,749,0,339,0,710
306132,25,-0.08,-0.03,-0.4,-0.25,1,0.1,0.1,0.15,50,68.9,1103,1072,14,1058,669,0,0,329,0,60,0,31,15,1118,729,329,1118,306614.36,3088.53,224,132,99,59,56,53,25,410,669,0,0,389
306133,25,-0.08,-0.03,-0.4,-0.25,1,0.1,0.1,0.15,60,62.17,1105,1074,14,1060,622,278,0,123,0,37,0,31,13,1118,659,401,1118,140490.59,1433.72,267,185,144,73,77,64,45,205,622,278,0,160
306134,25,-0.08,-0.03,-0.4,-0.25,1,0.1,0.1,0.15,60,46.9,1105,1074,25,1049,0,339,0,218,0,492,0,31,13,1118,492,557,1118,-7481.66,-89.41,43,60,49,27,38,27,56,749,0,339,0,710
306135,25,-0.08,-0.03,-0.4,-0.25,1,0.1,0.1,0.15,60,68.9,1103,1072,14,1058,669,0,0,329,0,60,0,31,15,1118,729,329,1118,306614.36,3088.53,224,132,99,59,56,53,25,410,669,0,0,389
306136,25,-0.08,-0.03,-0.4,-0.25,1,0.1,0.2,0.15,20,56.0,1105,1074,15,1059,179,178,288,0,414,0,0,31,13,1118,593,466,1118,219567.13,2260.46,69,95,123,772,0,0,0,0,179,178,702,0
306137,25,-0.08,-0.03,-0.4,-0.25,1,0.1,0.2,0.15,20,55.72,1105,1074,17,1057,0,179,289,0,589,0,0,31,13,1118,589,468,1118,197522.42,2057.01,43,60,49,905,0,0,0,0,0,179,878,0
306138,25,-0.08,-0.03,-0.4,-0.25,1,0.1,0.2,0.15,20,57.81,1103,1072,15,1057,180,0,446,0,431,0,0,31,15,1118,611,446,1118,262817.04,2665.4,26,35,74,922,0,0,0,0,180,0,877,0
306139,25,-0.08,-0.03,-0.4,-0.25,1,0.1,0.2,0.15,30,52.19,1105,1074,22,1052,256,241,262,0,293,0,0,31,13,1118,549,503,1118,205848.6,2157.45,69,95,123,70,84,611,0,0,256,241,555,0
306140,25,-0.08,-0.03,-0.4,-0.25,1,0.1,0.2,0.15,30,50.52,1105,1074,25,1049,0,244,275,0,530,0,0,31,13,1118,530,519,1118,120519.3,1326.82,43,60,49,27,38,832,0,0,0,244,805,0
306141,25,-0.08,-0.03,-0.4,-0.25,1,0.1,0.2,0.15,30,56.67,1103,1072,22,1050,267,0,455,0,328,0,0,31,15,1118,595,455,1118,336144.9,3447.97,26,35,74,45,53,817,0,0,267,0,783,0
306142,25,-0.08,-0.03,-0.4,-0.25,1,0.1,0.2,0.15,40,50.48,1105,1074,22,1052,298,311,148,62,70,163,0,31,13,1118,531,521,1118,153914.45,1618.93,69,95,123,70,84,56,68,487,298,311,218,225
306143,25,-0.08,-0.03,-0.4,-0.25,1,0.1,0.2,0.15,40,47.66,1105,1074,25,1049,0,320,165,64,143,357,0,31,13,1118,500,549,1118,26031.31,264.23,43,60,49,27,38,27,56,749,0,320,308,421
306144,25,-0.08,-0.03,-0.4,-0.25,1,0.1,0.2,0.15,40,57.43,1103,1072,22,1050,315,0,289,158,75,213,0,31,15,1118,603,447,1118,331595.83,3383.84,26,35,74,45,53,34,34,749,315,0,364,371
306145,25,-0.08,-0.03,-0.4,-0.25,1,0.1,0.2,0.15,50,50.0,1105,1074,22,1052,301,327,0,199,0,225,0,31,13,1118,526,526,1118,134607.33,1420.38,69,95,123,70,84,56,68,487,301,327,0,424
306146,25,-0.08,-0.03,-0.4,-0.25,1,0.1,0.2,0.15,50,46.9,1105,1074,25,1049,0,339,0,218,0,492,0,31,13,1118,492,557,1118,-7481.66,-89.41,43,60,49,27,38,27,56,749,0,339,0,710
306147,25,-0.08,-0.03,-0.4,-0.25,1,0.1,0.2,0.15,50,57.14,1103,1072,22,1050,318,0,0,450,0,282,0,31,15,1118,600,450,1118,305574.08,3115.21,26,35,74,45,53,34,34,749,318,0,0,732
306148,25,-0.08,-0.03,-0.4,-0.25,1,0.1,0.2,0.15,60,50.0,1105,1074,22,1052,301,327,0,199,0,225,0,31,13,1118,526,526,1118,134607.33,1420.38,69,95,123,70,84,56,68,487,301,327,0,424
306149,25,-0.08,-0.03,-0.4,-0.25,1,0.1,0.2,0.15,60,46.9,1105,1074,25,1049,0,339,0,218,0,492,0,31,13,1118,492,557,1118,-7481.66,-89.41,43,60,49,27,38,27,56,749,0,339,0,710
306150,25,-0.08,-0.03,-0.4,-0.25,1,0.1,0.2,0.15,60,57.14,1103,1072,22,1050,318,0,0,450,0,282,0,31,15,1118,600,450,1118,305574.08,3115.21,26,35,74,45,53,34,34,749,318,0,0,732
306151,25,-0.08,-0.03,-0.4,-0.25,1,0.2,0.1,0.15,20,61.34,1105,1074,11,1063,503,166,245,0,149,0,0,31,13,1118,652,411,1118,173653.69,1760.45,267,185,144,467,0,0,0,0,503,166,394,0
306152,25,-0.08,-0.03,-0.4,-0.25,1,0.2,0.1,0.15,20,55.72,1105,1074,17,1057,0,179,289,0,589,0,0,31,13,1118,589,468,1118,197522.42,2057.01,43,60,49,905,0,0,0,0,0,179,878,0
306153,25,-0.08,-0.03,-0.4,-0.25,1,0.2,0.1,0.15,20,63.52,1103,1072,11,1061,514,0,387,0,160,0,0,31,15,1118,674,387,1118,230722.57,2305.32,224,132,99,606,0,0,0,0,514,0,547,0
306154,25,-0.08,-0.03,-0.4,-0.25,1,0.2,0.1,0.15,30,62.36,1105,1074,14,1060,591,219,180,0,70,0,0,31,13,1118,661,399,1118,184090.85,1892.78,267,185,144,73,77,314,0,0,591,219,250,0
306155,25,-0.08,-0.03,-0.4,-0.25,1,0.2,0.1,0.15,30,50.52,1105,1074,25,1049,0,244,275,0,530,0,0,31,13,1118,530,519,1118,120519.3,1326.82,43,60,49,27,38,832,0,0,0,244,805,0
306156,25,-0.08,-0.03,-0.4,-0.25,1,0.2,0.1,0.15,30,66.64,1103,1072,14,1058,623,0,353,0,82,0,0,31,15,1118,705,353,1118,312659.07,3170.25,224,132,99,59,56,488,0,0,623,0,435,0
306157,25,-0.08,-0.03,-0.4,-0.25,1,0.2,0.1,0.15,40,62.64,1105,1074,14,1060,621,272,84,40,21,22,0,31,13,1118,664,396,1118,148049.08,1511.47,267,185,144,73,77,64,45,205,621,272,105,62
306158,25,-0.08,-0.03,-0.4,-0.25,1,0.2,0.1,0.15,40,47.66,1105,1074,25,1049,0,320,165,64,143,357,0,31,13,1118,500,549,1118,26031.31,264.23,43,60,49,27,38,27,56,749,0,320,308,421
306159,25,-0.08,-0.03,-0.4,-0.25,1,0.2,0.1,0.15,40,69.19,1103,1072,14,1058,668,0,197,129,23,41,0,31,15,1118,732,326,1118,318251.36,3208.97,224,132,99,59,56,53,25,410,668,0,220,170
306160,25,-0.08,-0.03,-0.4,-0.25,1,0.2,0.1,0.15,50,62.17,1105,1074,14,1060,622,278,0,123,0,37,0,31,13,1118,659,401,1118,140490.59,1433.72,267,185,144,73,77,64,45,205,622,278,0,160
306161,25,-0.08,-0.03,-0.4,-0.25,1,0.2,0.1,0.15,50,46.9,1105,1074,25,1049,0,339,0,218,0,492,0,31,13,1118,492,557,1118,-7481.66,-89.41,43,60,49,27,38,27,56,749,0,339,0,710
306162,25,-0.08,-0.03,-0.4,-0.25,1,0.2,0.1,0.15,50,68.9,1103,1072,14,1058,669,0,0,329,0,60,0,31,15,1118,729,329,1118,306614.36,3088.53,224,132,99,59,56,53,25,410,669,0,0,389
306163,25,-0.08,-0.03,-0.4,-0.25,1,0.2,0.1,0.15,60,62.17,1105,1074,14,1060,622,278,0,123,0,37,0,31,13,1118,659,401,1118,140490.59,1433.72,267,185,144,73,77,64,45,205,622,278,0,160
306164,25,-0.08,-0.03,-0.4,-0.25,1,0.2,0.1,0.15,60,46.9,1105,1074,25,1049,0,339,0,218,0,492,0,31,13,1118,492,557,1118,-7481.66,-89.41,43,60,49,27,38,27,56,749,0,339,0,710
306165,25,-0.08,-0.03,-0.4,-0.25,1,0.2,0.1,0.15,60,68.9,1103,1072,14,1058,669,0,0,329,0,60,0,31,15,1118,729,329,1118,306614.36,3088.53,224,132,99,59,56,53,25,410,669,0,0,389
306166,25,-0.08,-0.03,-0.4,-0.25,1,0.2,0.2,0.15,20,56.0,1105,1074,15,1059,179,178,288,0,414,0,0,31,13,1118,593,466,1118,219567.13,2260.46,69,95,123,772,0,0,0,0,179,178,702,0
306167,25,-0.08,-0.03,-0.4,-0.25,1,0.2,0.2,0.15,20,55.72,1105,1074,17,1057,0,179,289,0,589,0,0,31,13,1118,589,468,1118,197522.42,2057.01,43,60,49,905,0,0,0,0,0,179,878,0
306168,25,-0.08,-0.03,-0.4,-0.25,1,0.2,0.2,0.15,20,57.81,1103,1072,15,1057,180,0,446,0,431,0,0,31,15,1118,611,446,1118,262817.04,2665.4,26,35,74,922,0,0,0,0,180,0,877,0
306169,25,-0.08,-0.03,-0.4,-0.25,1,0.2,0.2,0.15,30,52.19,1105,1074,22,1052,256,241,262,0,293,0,0,31,13,1118,549,503,1118,205848.6,2157.45,69,95,123,70,84,611,0,0,256,241,555,0
306170,25,-0.08,-0.03,-0.4,-0.25,1,0.2,0.2,0.15,30,50.52,1105,1074,25,1049,0,244,275,0,530,0,0,31,13,1118,530,519,1118,120519.3,1326.82,43,60,49,27,38,832,0,0,0,244,805,0
306171,25,-0.08,-0.03,-0.4,-0.25,1,0.2,0.2,0.15,30,56.67,1103,1072,22,1050,267,0,455,0,328,0,0,31,15,1118,595,455,1118,336144.9,3447.97,26,35,74,45,53,817,0,0,267,0,783,0
306172,25,-0.08,-0.03,-0.4,-0.25,1,0.2,0.2,0.15,40,50.48,1105,1074,22,1052,298,311,148,62,70,163,0,31,13,1118,531,521,1118,153914.45,1618.93,69,95,123,70,84,56,68,487,298,311,218,225
306173,25,-0.08,-0.03,-0.4,-0.25,1,0.2,0.2,0.15,40,47.66,1105,1074,25,1049,0,320,165,64,143,357,0,31,13,1118,500,549,1118,26031.31,264.23,43,60,49,27,38,27,56,749,0,320,308,421
306174,25,-0.08,-0.03,-0.4,-0.25,1,0.2,0.2,0.15,40,57.43,1103,1072,22,1050,315,0,289,158,75,213,0,31,15,1118,603,447,1118,331595.83,3383.84,26,35,74,45,53,34,34,749,315,0,364,371
306175,25,-0.08,-0.03,-0.4,-0.25,1,0.2,0.2,0.15,50,50.0,1105,1074,22,1052,301,327,0,199,0,225,0,31,13,1118,526,526,1118,134607.33,1420.38,69,95,123,70,84,56,68,487,301,327,0,424
306176,25,-0.08,-0.03,-0.4,-0.25,1,0.2,0.2,0.15,50,46.9,1105,1074,25,1049,0,339,0,218,0,492,0,31,13,1118,492,557,1118,-7481.66,-89.41,43,60,49,27,38,27,56,749,0,339,0,710
306177,25,-0.08,-0.03,-0.4,-0.25,1,0.2,0.2,0.15,50,57.14,1103,1072,22,1050,318,0,0,450,0,282,0,31,15,1118,600,450,1118,305574.08,3115.21,26,35,74,45,53,34,34,749,318,0,0,732
306178,25,-0.08,-0.03,-0.4,-0.25,1,0.2,0.2,0.15,60,50.0,1105,1074,22,1052,301,327,0,199,0,225,0,31,13,1118,526,526,1118,134607.33,1420.38,69,95,123,70,84,56,68,487,301,327,0,424
306179,25,-0.08,-0.03,-0.4,-0.25,1,0.2,0.2,0.15,60,46.9,1105,1074,25,1049,0,339,0,218,0,492,0,31,13,1118,492,557,1118,-7481.66,-89.41,43,60,49,27,38,27,56,749,0,339,0,710
306180,25,-0.08,-0.03,-0.4,-0.25,1,0.2,0.2,0.15,60,57.14,1103,1072,22,1050,318,0,0,450,0,282,0,31,15,1118,600,450,1118,305574.08,3115.21,26,35,74,45,53,34,34,749,318,0,0,732
306181,25,-0.08,-0.03,-0.4,-0.25,2,0.1,0.1,0.15,20,66.13,1105,1074,11,1063,550,162,198,0,153,0,0,31,13,1118,703,360,1118,266944.26,3488.67,279,199,155,430,0,0,0,0,550,162,351,0
306182,25,-0.08,-0.03,-0.4,-0.25,2,0.1,0.1,0.15,20,60.55,1105,1074,17,1057,0,179,238,0,640,0,0,31,13,1118,640,417,1118,295402.65,3889.67,43,60,49,905,0,0,0,0,0,179,878,0
306183,25,-0.08,-0.03,-0.4,-0.25,2,0.1,0.1,0.15,20,70.03,1103,1072,11,1061,577,0,318,0,166,0,0,31,15,1118,743,318,1118,379757.44,4152.26,236,151,119,555,0,0,0,0,577,0,484,0
306184,25,-0.08,-0.03,-0.4,-0.25,2,0.1,0.1,0.15,30,68.11,1105,1074,14,1060,645,210,128,0,77,0,0,31,13,1118,722,338,1118,307079.68,3904.43,279,199,155,79,86,262,0,0,645,210,205,0
306185,25,-0.08,-0.03,-0.4,-0.25,2,0.1,0.1,0.15,30,55.2,1105,1074,25,1049,0,244,226,0,579,0,0,31,13,1118,579,470,1118,251960.49,3560.63,43,60,49,27,38,832,0,0,0,244,805,0
306186,25,-0.08,-0.03,-0.4,-0.25,2,0.1,0.1,0.15,30,75.52,1103,1072,14,1058,698,0,259,0,101,0,0,31,15,1118,799,259,1118,544378.19,5246.95,236,151,119,71,74,407,0,0,698,0,360,0
306187,25,-0.08,-0.03,-0.4,-0.25,2,0.1,0.1,0.15,40,67.26,1105,1074,14,1060,667,255,70,22,24,22,0,31,13,1118,713,347,1118,249085.27,3673.7,279,199,155,79,86,57,39,166,667,255,94,44
306188,25,-0.08,-0.03,-0.4,-0.25,2,0.1,0.1,0.15,40,51.57,1105,1074,25,1049,0,320,149,39,159,382,0,31,13,1118,541,508,1118,143348.39,2858.06,43,60,49,27,38,27,56,749,0,320,308,421
306189,25,-0.08,-0.03,-0.4,-0.25,2,0.1,0.1,0.15,40,77.13,1103,1072,14,1058,743,0,164,78,29,44,0,31,15,1118,816,242,1118,549709.14,5344.72,236,151,119,71,74,47,28,332,743,0,193,122
306190,25,-0.08,-0.03,-0.4,-0.25,2,0.1,0.1,0.15,50,67.08,1105,1074,14,1060,668,260,0,89,0,43,0,31,13,1118,711,349,1118,238554.97,3627.18,279,199,155,79,86,57,39,166,668,260,0,132
306191,25,-0.08,-0.03,-0.4,-0.25,2,0.1,0.1,0.15,50,50.71,1105,1074,25,1049,0,339,0,178,0,532,0,31,13,1118,532,517,1118,92941.51,2530.25,43,60,49,27,38,27,56,749,0,339,0,710
306192,25,-0.08,-0.03,-0.4,-0.25,2,0.1,0.1,0.15,50,77.22,1103,1072,14,1058,745,0,0,241,0,72,0,31,15,1118,817,241,1118,530176.43,5250.33,236,151,119,71,74,47,28,332,745,0,0,313
306193,25,-0.08,-0.03,-0.4,-0.25,2,0.1,0.1,0.15,60,67.08,1105,1074,14,1060,668,260,0,89,0,43,0,31,13,1118,711,349,1118,238554.97,3627.18,279,199,155,79,86,57,39,166,668,260,0,132
306194,25,-0.08,-0.03,-0.4,-0.25,2,0.1,0.1,0.15,60,50.71,1105,1074,25,1049,0,339,0,178,0,532,0,31,13,1118,532,517,1118,92941.51,2530.25,43,60,49,27,38,27,56,749,0,339,0,710
306195,25,-0.08,-0.03,-0.4,-0.25,2,0.1,0.1,0.15,60,77.22,1103,1072,14,1058,745,0,0,241,0,72,0,31,15,1118,817,241,1118,530176.43,5250.33,236,151,119,71,74,47,28,332,745,0,0,313
306196,25,-0.08,-0.03,-0.4,-0.25,2,0.1,0.2,0.15,20,60.72,1105,1074,15,1059,192,178,238,0,451,0,0,31,13,1118,643,416,1118,320579.32,4082.5,70,101,126,762,0,0,0,0,192,178,689,0
306197,25,-0.08,-0.03,-0.4,-0.25,2,0.1,0.2,0.15,20,60.55,1105,1074,17,1057,0,179,238,0,640,0,0,31,13,1118,640,417,1118,295402.65,3889.67,43,60,49,905,0,0,0,0,0,179,878,0
306198,25,-0.08,-0.03,-0.4,-0.25,2,0.1,0.2,0.15,20,64.33,1103,1072,15,1057,196,0,377,0,484,0,0,31,15,1118,680,377,1118,395273.65,4605.95,27,41,78,911,0,0,0,0,196,0,861,0
306199,25,-0.08,-0.03,-0.4,-0.25,2,0.1,0.2,0.15,30,56.75,1105,1074,22,1052,286,241,214,0,311,0,0,31,13,1118,597,455,1118,355956.28,4426.4,70,101,126,73,91,591,0,0,286,241,525,0
306200,25,-0.08,-0.03,-0.4,-0.25,2,0.1,0.2,0.15,30,55.2,1105,1074,25,1049,0,244,226,0,579,0,0,31,13,1118,579,470,1118,251960.49,3560.63,43,60,49,27,38,832,0,0,0,244,805,0
306201,25,-0.08,-0.03,-0.4,-0.25,2,0.1,0.2,0.15,30,64.48,1103,1072,22,1050,311,0,373,0,366,0,0,31,15,1118,677,373,1118,610865.94,5934.48,27,41,78,50,66,788,0,0,311,0,739,0
306202,25,-0.08,-0.03,-0.4,-0.25,2,0.1,0.2,0.15,40,54.56,1105,1074,22,1052,338,310,130,38,79,157,0,31,13,1118,574,478,1118,292748.57,4257.91,70,101,126,73,91,66,68,457,338,310,209,195
306203,25,-0.08,-0.03,-0.4,-0.25,2,0.1,0.2,0.15,40,51.57,1105,1074,25,1049,0,320,149,39,159,382,0,31,13,1118,541,508,1118,143348.39,2858.06,43,60,49,27,38,27,56,749,0,320,308,421
306204,25,-0.08,-0.03,-0.4,-0.25,2,0.1,0.2,0.15,40,65.24,1103,1072,22,1050,372,0,259,106,92,221,0,31,15,1118,685,365,1118,645838.34,6275.03,27,41,78,50,66,49,37,702,372,0,351,327
306205,25,-0.08,-0.03,-0.4,-0.25,2,0.1,0.2,0.15,50,54.18,1105,1074,22,1052,340,324,0,158,0,230,0,31,13,1118,570,482,1118,262628.36,4091.86,70,101,126,73,91,66,68,457,340,324,0,388
306206,25,-0.08,-0.03,-0.4,-0.25,2,0.1,0.2,0.15,50,50.71,1105,1074,25,1049,0,339,0,178,0,532,0,31,13,1118,532,517,1118,92941.51,2530.25,43,60,49,27,38,27,56,749,0,339,0,710
306207,25,-0.08,-0.03,-0.4,-0.25,2,0.1,0.2,0.15,50,65.43,1103,1072,22,1050,374,0,0,363,0,313,0,31,15,1118,687,363,1118,601158.79,6033.76,27,41,78,50,66,49,37,702,374,0,0,676
306208,25,-0.08,-0.03,-0.4,-0.25,2,0.1,0.2,0.15,60,54.18,1105,1074,22,1052,340,324,0,158,0,230,0,31,13,1118,570,482,1118,262628.36,4091.86,70,101,126,73,91,66,68,457,340,324,0,388
306209,25,-0.08,-0.03,-0.4,-0.25,2,0.1,0.2,0.15,60,50.71,1105,1074,25,1049,0,339,0,178,0,532,0,31,13,1118,532,517,1118,92941.51,2530.25,43,60,49,27,38,27,56,749,0,339,0,710
306210,25,-0.08,-0.03,-0.4,-0.25,2,0.1,0.2,0.15,60,65.43,1103,1072,22,1050,374,0,0,363,0,313,0,31,15,1118,687,363,1118,601158.79,6033.76,27,41,78,50,66,49,37,702,374,0,0,676
306211,25,-0.08,-0.03,-0.4,-0.25,2,0.2,0.1,0.15,20,61.34,1105,1074,11,1063,503,166,245,0,149,0,0,31,13,1118,652,411,1118,173653.69,1760.45,267,185,144,467,0,0,0,0,503,166,394,0
306212,25,-0.08,-0.03,-0.4,-0.25,2,0.2,0.1,0.15,20,55.72,1105,1074,17,1057,0,179,289,0,589,0,0,31,13,1118,589,468,1118,197522.42,2057.01,43,60,49,905,0,0,0,0,0,179,878,0
306213,25,-0.08,-0.03,-0.4,-0.25,2,0.2,0.1,0.15,20,63.52,1103,1072,11,1061,514,0,387,0,160,0,0,31,15,1118,674,387,1118,230722.57,2305.32,224,132,99,606,0,0,0,0,514,0,547,0
306214,25,-0.08,-0.03,-0.4,-0.25,2,0.2,0.1,0.15,30,62.36,1105,1074,14,1060,591,219,180,0,70,0,0,31,13,1118,661,399,1118,184090.85,1892.78,267,185,144,73,77,314,0,0,591,219,250,0
306215,25,-0.08,-0.03,-0.4,-0.25,2,0.2,0.1,0.15,30,50.52,1105,1074,25,1049,0,244,275,0,530,0,0,31,13,1118,530,519,1118,120519.3,1326.82,43,60,49,27,38,832,0,0,0,244,805,0
306216,25,-0.08,-0.03,-0.4,-0.25,2,0.2,0.1,0.15,30,66.64,1103,1072,14,1058,623,0,353,0,82,0,0,31,15,1118,705,353,1118,312659.07,3170.25,224,132,99,59,56,488,0,0,623,0,435,0
306217,25,-0.08,-0.03,-0.4,-0.25,2,0.2,0.1,0.15,40,62.64,1105,1074,14,1060,621,272,84,40,21,22,0,31,13,1118,664,396,1118,148049.08,1511.47,267,185,144,73,77,64,45,205,621,272,105,62
306218,25,-0.08,-0.03,-0.4,-0.25,2,0.2,0.1,0.15,40,47.66,1105,1074,25,1049,0,320,165,64,143,357,0,31,13,1118,500,549,1118,26031.31,264.23,43,60,49,27,38,27,56,749,0,320,308,421
306219,25,-0.08,-0.03,-0.4,-0.25,2,0.2,0.1,0.15,40,69.19,1103,1072,14,1058,668,0,197,129,23,41,0,31,15,1118,732,326,1118,318251.36,3208.97,224,132,99,59,56,53,25,410,668,0,220,170
306220,25,-0.08,-0.03,-0.4,-0.25,2,0.2,0.1,0.15,50,62.17,1105,1074,14,1060,622,278,0,123,0,37,0,31,13,1118,659,401,1118,140490.59,1433.72,267,185,144,73,77,64,45,205,622,278,0,160
306221,25,-0.08,-0.03,-0.4,-0.25,2,0.2,0.1,0.15,50,46.9,1105,1074,25,1049,0,339,0,218,0,492,0,31,13,1118,492,557,1118,-7481.66,-89.41,43,60,49,27,38,27,56,749,0,339,0,710
306222,25,-0.08,-0.03,-0.4,-0.25,2,0.2,0.1,0.15,50,68.9,1103,1072,14,1058,669,0,0,329,0,60,0,31,15,1118,729,329,1118,306614.36,3088.53,224,132,99,59,56,53,25,410,669,0,0,389
306223,25,-0.08,-0.03,-0.4,-0.25,2,0.2,0.1,0.15,60,62.17,1105,1074,14,1060,622,278,0,123,0,37,0,31,13,1118,659,401,1118,140490.59,1433.72,267,185,144,73,77,64,45,205,622,278,0,160
306224,25,-0.08,-0.03,-0.4,-0.25,2,0.2,0.1,0.15,60,46.9,1105,1074,25,1049,0,339,0,218,0,492,0,31,13,1118,492,557,1118,-7481.66,-89.41,43,60,49,27,38,27,56,749,0,339,0,710
306225,25,-0.08,-0.03,-0.4,-0.25,2,0.2,0.1,0.15,60,68.9,1103,1072,14,1058,669,0,0,329,0,60,0,31,15,1118,729,329,1118,306614.36,3088.53,224,132,99,59,56,53,25,410,669,0,0,389
306226,25,-0.08,-0.03,-0.4,-0.25,2,0.2,0.2,0.15,20,56.0,1105,1074,15,1059,179,178,288,0,414,0,0,31,13,1118,593,466,1118,219567.13,2260.46,69,95,123,772,0,0,0,0,179,178,702,0
306227,25,-0.08,-0.03,-0.4,-0.25,2,0.2,0.2,0.15,20,55.72,1105,1074,17,1057,0,179,289,0,589,0,0,31,13,1118,589,468,1118,197522.42,2057.01,43,60,49,905,0,0,0,0,0,179,878,0
306228,25,-0.08,-0.03,-0.4,-0.25,2,0.2,0.2,0.15,20,57.81,1103,1072,15,1057,180,0,446,0,431,0,0,31,15,1118,611,446,1118,262817.04,2665.4,26,35,74,922,0,0,0,0,180,0,877,0
306229,25,-0.08,-0.03,-0.4,-0.25,2,0.2,0.2,0.15,30,52.19,1105,1074,22,1052,256,241,262,0,293,0,0,31,13,1118,549,503,1118,205848.6,2157.45,69,95,123,70,84,611,0,0,256,241,555,0
306230,25,-0.08,-0.03,-0.4,-0.25,2,0.2,0.2,0.15,30,50.52,1105,1074,25,1049,0,244,275,0,530,0,0,31,13,1118,530,519,1118,120519.3,1326.82,43,60,49,27,38,832,0,0,0,244,805,0
306231,25,-0.08,-0.03,-0.4,-0.25,2,0.2,0.2,0.15,30,56.67,1103,1072,22,1050,267,0,455,0,328,0,0,31,15,1118,595,455,1118,336144.9,3447.97,26,35,74,45,53,817,0,0,267,0,783,0
306232,25,-0.08,-0.03,-0.4,-0.25,2,0.2,0.2,0.15,40,50.48,1105,1074,22,1052,298,311,148,62,70,163,0,31,13,1118,531,521,1118,153914.45,1618.93,69,95,123,70,84,56,68,487,298,311,218,225
306233,25,-0.08,-0.03,-0.4,-0.25,2,0.2,0.2,0.15,40,47.66,1105,1074,25,1049,0,320,165,64,143,357,0,31,13,1118,500,549,1118,26031.31,264.23,43,60,49,27,38,27,56,749,0,320,308,421
306234,25,-0.08,-0.03,-0.4,-0.25,2,0.2,0.2,0.15,40,57.43,1103,1072,22,1050,315,0,289,158,75,213,0,31,15,1118,603,447,1118,331595.83,3383.84,26,35,74,45,53,34,34,749,315,0,364,371
306235,25,-0.08,-0.03,-0.4,-0.25,2,0.2,0.2,0.15,50,50.0,1105,1074,22,1052,301,327,0,199,0,225,0,31,13,1118,526,526,1118,134607.33,1420.38,69,95,123,70,84,56,68,487,301,327,0,424
306236,25,-0.08,-0.03,-0.4,-0.25,2,0.2,0.2,0.15,50,46.9,1105,1074,25,1049,0,339,0,218,0,492,0,31,13,1118,492,557,1118,-7481.66,-89.41,43,60,49,27,38,27,56,749,0,339,0,710
306237,25,-0.08,-0.03,-0.4,-0.25,2,0.2,0.2,0.15,50,57.14,1103,1072,22,1050,318,0,0,450,0,282,0,31,15,1118,600,450,1118,305574.08,3115.21,26,35,74,45,53,34,34,749,318,0,0,732
306238,25,-0.08,-0.03,-0.4,-0.25,2,0.2,0.2,0.15,60,50.0,1105,1074,22,1052,301,327,0,199,0,225,0,31,13,1118,526,526,1118,134607.33,1420.38,69,95,123,70,84,56,68,487,301,327,0,424
306239,25,-0.08,-0.03,-0.4,-0.25,2,0.2,0.2,0.15,60,46.9,1105,1074,25,1049,0,339,0,218,0,492,0,31,13,1118,492,557,1118,-7481.66,-89.41,43,60,49,27,38,27,56,749,0,339,0,710
306240,25,-0.08,-0.03,-0.4,-0.25,2,0.2,0.2,0.15,60,57.14,1103,1072,22,1050,318,0,0,450,0,282,0,31,15,1118,600,450,1118,305574.08,3115.21,26,35,74,45,53,34,34,749,318,0,0,732
306241,25,-0.08,-0.02,-0.6,-0.45,1,0.1,0.1,0.15,20,68.53,1474,1292,21,1271,791,217,183,0,80,0,1,181,9,1483,871,400,1483,383605.61,3951.13,432,271,192,376,0,0,0,0,791,217,263,0
306242,25,-0.08,-0.02,-0.6,-0.45,1,0.1,0.1,0.15,20,62.38,1474,1292,40,1252,0,226,245,0,781,0,1,181,9,1483,781,471,1483,803009.98,8243.64,32,85,55,1080,0,0,0,0,0,226,1026,0
306243,25,-0.08,-0.02,-0.6,-0.45,1,0.1,0.1,0.15,20,72.78,1474,1292,21,1271,827,0,346,0,98,0,1,181,9,1483,925,346,1483,523166.72,5372.76,401,195,149,526,0,0,0,0,827,0,444,0
306244,25,-0.08,-0.02,-0.6,-0.45,1,0.1,0.1,0.15,30,70.78,1474,1292,29,1263,859,276,93,0,35,0,1,181,9,1483,894,369,1483,381686.99,3920.89,432,271,192,113,69,186,0,0,859,276,128,0
306245,25,-0.08,-0.02,-0.6,-0.45,1,0.1,0.1,0.15,30,57.92,1472,1290,59,1231,0,313,205,0,713,0,1,181,11,1483,713,518,1483,712549.34,7294.07,32,85,55,54,39,966,0,0,0,313,918,0
306246,25,-0.08,-0.02,-0.6,-0.45,1,0.1,0.1,0.15,30,78.81,1474,1292,32,1260,934,0,267,0,59,0,1,181,9,1483,993,267,1483,630161.5,6453.38,401,195,149,82,63,370,0,0,934,0,326,0
306247,25,-0.08,-0.02,-0.6,-0.45,1,0.1,0.1,0.15,40,71.26,1474,1292,29,1263,886,311,39,13,8,6,1,181,9,1483,900,363,1483,381284.83,3921.71,432,271,192,113,69,58,42,86,886,311,47,19
306248,25,-0.08,-0.02,-0.6,-0.45,1,0.1,0.1,0.15,40,54.68,1470,1288,59,1229,0,399,123,35,173,499,1,181,13,1483,672,557,1483,733664.96,7546.49,32,85,55,54,39,48,61,855,0,399,296,534
306249,25,-0.08,-0.02,-0.6,-0.45,1,0.1,0.1,0.15,40,80.71,1474,1292,32,1260,986,0,174,69,10,21,1,181,9,1483,1017,243,1483,646092.43,6619.29,401,195,149,82,63,44,32,294,986,0,184,90
306250,25,-0.08,-0.02,-0.6,-0.45,1,0.1,0.1,0.15,50,70.86,1474,1292,29,1263,886,318,0,50,0,9,1,181,9,1483,895,368,1483,373107.92,3837.62,432,271,192,113,69,58,42,86,886,318,0,59
306251,25,-0.08,-0.02,-0.6,-0.45,1,0.1,0.1,0.15,50,53.46,1470,1288,59,1229,0,422,0,150,0,657,1,181,13,1483,657,572,1483,694997.45,7142.82,32,85,55,54,39,48,61,855,0,422,0,807
306252,25,-0.08,-0.02,-0.6,-0.45,1,0.1,0.1,0.15,50,80.24,1474,1292,32,1260,986,0,0,249,0,25,1,181,9,1483,1011,249,1483,617412.06,6327.22,401,195,149,82,63,44,32,294,986,0,0,274
306253,25,-0.08,-0.02,-0.6,-0.45,1,0.1,0.1,0.15,60,70.86,1474,1292,29,1263,886,318,0,50,0,9,1,181,9,1483,895,368,1483,373107.92,3837.62,432,271,192,113,69,58,42,86,886,318,0,59
306254,25,-0.08,-0.02,-0.6,-0.45,1,0.1,0.1,0.15,60,53.46,1470,1288,59,1229,0,422,0,150,0,657,1,181,13,1483,657,572,1483,694997.45,7142.82,32,85,55,54,39,48,61,855,0,422,0,807
306255,25,-0.08,-0.02,-0.6,-0.45,1,0.1,0.1,0.15,60,80.24,1474,1292,32,1260,986,0,0,249,0,25,1,181,9,1483,1011,249,1483,617412.06,6327.22,401,195,149,82,63,44,32,294,986,0,0,274
306256,25,-0.08,-0.02,-0.6,-0.45,1,0.1,0.2,0.15,20,63.22,1474,1292,36,1256,451,226,236,0,343,0,1,181,9,1483,794,462,1483,680567.63,7000.37,116,211,208,721,0,0,0,0,451,226,579,0
306257,25,-0.08,-0.02,-0.6,-0.45,1,0.1,0.2,0.15,20,62.38,1474,1292,40,1252,0,226,245,0,781,0,1,181,9,1483,781,471,1483,803009.98,8243.64,32,85,55,1080,0,0,0,0,0,226,1026,0
306258,25,-0.08,-0.02,-0.6,-0.45,1,0.1,0.2,0.15,20,67.6,1474,1292,36,1256,462,0,407,0,387,0,1,181,9,1483,849,407,1483,837507.19,8596.19,84,128,157,887,0,0,0,0,462,0,794,0
306259,25,-0.08,-0.02,-0.6,-0.45,1,0.1,0.2,0.15,30,61.54,1474,1292,49,1243,578,307,171,0,187,0,1,181,9,1483,765,478,1483,693776.49,7115.11,116,211,208,142,104,462,0,0,578,307,358,0
306260,25,-0.08,-0.02,-0.6,-0.45,1,0.1,0.2,0.15,30,57.92,1472,1290,59,1231,0,313,205,0,713,0,1,181,11,1483,713,518,1483,712549.34,7294.07,32,85,55,54,39,966,0,0,0,313,918,0
306261,25,-0.08,-0.02,-0.6,-0.45,1,0.1,0.2,0.15,30,70.0,1474,1292,52,1240,614,0,372,0,254,0,1,181,9,1483,868,372,1483,986746.26,10098.92,84,128,157,93,83,695,0,0,614,0,626,0
306262,25,-0.08,-0.02,-0.6,-0.45,1,0.1,0.2,0.15,40,60.02,1474,1292,49,1243,622,377,90,30,53,71,1,181,9,1483,746,497,1483,679127.55,6976.66,116,211,208,142,104,104,72,286,622,377,143,101
306263,25,-0.08,-0.02,-0.6,-0.45,1,0.1,0.2,0.15,40,54.68,1470,1288,59,1229,0,399,123,35,173,499,1,181,13,1483,672,557,1483,733664.96,7546.49,32,85,55,54,39,48,61,855,0,399,296,534
306264,25,-0.08,-0.02,-0.6,-0.45,1,0.1,0.2,0.15,40,69.68,1474,1292,52,1240,673,0,277,99,60,131,1,181,9,1483,864,376,1483,1000901.97,10256.83,84,128,157,93,83,69,39,587,673,0,337,230
306265,25,-0.08,-0.02,-0.6,-0.45,1,0.1,0.2,0.15,50,59.05,1474,1292,49,1243,623,395,0,114,0,111,1,181,9,1483,734,509,1483,654599.38,6720.92,116,211,208,142,104,104,72,286,623,395,0,225
306266,25,-0.08,-0.02,-0.6,-0.45,1,0.1,0.2,0.15,50,53.46,1470,1288,59,1229,0,422,0,150,0,657,1,181,13,1483,657,572,1483,694997.45,7142.82,32,85,55,54,39,48,61,855,0,422,0,807
306267,25,-0.08,-0.02,-0.6,-0.45,1,0.1,0.2,0.15,50,68.55,1474,1292,52,1240,674,0,0,390,0,176,1,181,9,1483,850,390,1483,940335.81,9633.57,84,128,157,93,83,69,39,587,674,0,0,566
306268,25,-0.08,-0.02,-0.6,-0.45,1,0.1,0.2,0.15,60,59.05,1474,1292,49,1243,623,395,0,114,0,111,1,181,9,1483,734,509,1483,654599.38,6720.92,116,211,208,142,104,104,72,286,623,395,0,225
306269,25,-0.08,-0.02,-0.6,-0.45,1,0.1,0.2,0.15,60,53.46,1470,1288,59,1229,0,422,0,150,0,657,1,181,13,1483,657,572,1483,694997.45,7142.82,32,85,55,54,39,48,61,855,0,422,0,807
306270,25,-0.08,-0.02,-0.6,-0.45,1,0.1,0.2,0.15,60,68.55,1474,1292,52,1240,674,0,0,390,0,176,1,181,9,1483,850,390,1483,940335.81,9633.57,84,128,157,93,83,69,39,587,674,0,0,566
306271,25,-0.08,-0.02,-0.6,-0.45,1,0.2,0.1,0.15,20,68.53,1474,1292,21,1271,791,217,183,0,80,0,1,181,9,1483,871,400,1483,383605.61,3951.13,432,271,192,376,0,0,0,0,791,217,263,0
306272,25,-0.08,-0.02,-0.6,-0.45,1,0.2,0.1,0.15,20,62.38,1474,1292,40,1252,0,226,245,0,781,0,1,181,9,1483,781,471,1483,803009.98,8243.64,32,85,55,1080,0,0,0,0,0,226,1026,0
306273,25,-0.08,-0.02,-0.6,-0.45,1,0.2,0.1,0.15,20,72.78,1474,1292,21,1271,827,0,346,0,98,0,1,181,9,1483,925,346,1483,523166.72,5372.76,401,195,149,526,0,0,0,0,827,0,444,0
306274,25,-0.08,-0.02,-0.6,-0.45,1,0.2,0.1,0.15,30,70.78,1474,1292,29,1263,859,276,93,0,35,0,1,181,9,1483,894,369,1483,381686.99,3920.89,432,271,192,113,69,186,0,0,859,276,128,0
306275,25,-0.08,-0.02,-0.6,-0.45,1,0.2,0.1,0.15,30,57.92,1472,1290,59,1231,0,313,205,0,713,0,1,181,11,1483,713,518,1483,712549.34,7294.07,32,85,55,54,39,966,0,0,0,313,918,0
306276,25,-0.08,-0.02,-0.6,-0.45,1,0.2,0.1,0.15,30,78.81,1474,1292,32,1260,934,0,267,0,59,0,1,181,9,1483,993,267,1483,630161.5,6453.38,401,195,149,82,63,370,0,0,934,0,326,0
306277,25,-0.08,-0.02,-0.6,-0.45,1,0.2,0.1,0.15,40,71.26,1474,1292,29,1263,886,311,39,13,8,6,1,181,9,1483,900,363,1483,381284.83,3921.71,432,271,192,113,69,58,42,86,886,311,47,19
306278,25,-0.08,-0.02,-0.6,-0.45,1,0.2,0.1,0.15,40,54.68,1470,1288,59,1229,0,399,123,35,173,499,1,181,13,1483,672,557,1483,733664.96,7546.49,32,85,55,54,39,48,61,855,0,399,296,534
306279,25,-0.08,-0.02,-0.6,-0.45,1,0.2,0.1,0.15,40,80.71,1474,1292,32,1260,986,0,174,69,10,21,1,181,9,1483,1017,243,1483,646092.43,6619.29,401,195,149,82,63,44,32,294,986,0,184,90
306280,25,-0.08,-0.02,-0.6,-0.45,1,0.2,0.1,0.15,50,70.86,1474,1292,29,1263,886,318,0,50,0,9,1,181,9,1483,895,368,1483,373107.92,3837.62,432,271,192,113,69,58,42,86,886,318,0,59
306281,25,-0.08,-0.02,-0.6,-0.45,1,0.2,0.1,0.15,50,53.46,1470,1288,59,1229,0,422,0,150,0,657,1,181,13,1483,657,572,1483,694997.45,7142.82,32,85,55,54,39,48,61,855,0,422,0,807
306282,25,-0.08,-0.02,-0.6,-0.45,1,0.2,0.1,0.15,50,80.24,1474,1292,32,1260,986,0,0,249,0,25,1,181,9,1483,1011,249,1483,617412.06,6327.22,401,195,149,82,63,44,32,294,986,0,0,274
306283,25,-0.08,-0.02,-0.6,-0.45,1,0.2,0.1,0.15,60,70.86,1474,1292,29,1263,886,318,0,50,0,9,1,181,9,1483,895,368,1483,373107.92,3837.62,432,271,192,113,69,58,42,86,886,318,0,59
306284,25,-0.08,-0.02,-0.6,-0.45,1,0.2,0.1,0.15,60,53.46,1470,1288,59,1229,0,422,0,150,0,657,1,181,13,1483,657,572,1483,694997.45,7142.82,32,85,55,54,39,48,61,855,0,422,0,807
306285,25,-0.08,-0.02,-0.6,-0.45,1,0.2,0.1,0.15,60,80.24,1474,1292,32,1260,986,0,0,249,0,25,1,181,9,1483,1011,249,1483,617412.06,6327.22,401,195,149,82,63,44,32,294,986,0,0,274
306286,25,-0.08,-0.02,-0.6,-0.45,1,0.2,0.2,0.15,20,63.22,1474,1292,36,1256,451,226,236,0,343,0,1,181,9,1483,794,462,1483,680567.63,7000.37,116,211,208,721,0,0,0,0,451,226,579,0
306287,25,-0.08,-0.02,-0.6,-0.45,1,0.2,0.2,0.15,20,62.38,1474,1292,40,1252,0,226,245,0,781,0,1,181,9,1483,781,471,1483,803009.98,8243.64,32,85,55,1080,0,0,0,0,0,226,1026,0
306288,25,-0.08,-0.02,-0.6,-0.45,1,0.2,0.2,0.15,20,67.6,1474,1292,36,1256,462,0,407,0,387,0,1,181,9,1483,849,407,1483,837507.19,8596.19,84,128,157,887,0,0,0,0,462,0,794,0
306289,25,-0.08,-0.02,-0.6,-0.45,1,0.2,0.2,0.15,30,61.54,1474,1292,49,1243,578,307,171,0,187,0,1,181,9,1483,765,478,1483,693776.49,7115.11,116,211,208,142,104,462,0,0,578,307,358,0
306290,25,-0.08,-0.02,-0.6,-0.45,1,0.2,0.2,0.15,30,57.92,1472,1290,59,1231,0,313,205,0,713,0,1,181,11,1483,713,518,1483,712549.34,7294.07,32,85,55,54,39,966,0,0,0,313,918,0
306291,25,-0.08,-0.02,-0.6,-0.45,1,0.2,0.2,0.15,30,70.0,1474,1292,52,1240,614,0,372,0,254,0,1,181,9,1483,868,372,1483,986746.26,10098.92,84,128,157,93,83,695,0,0,614,0,626,0
306292,25,-0.08,-0.02,-0.6,-0.45,1,0.2,0.2,0.15,40,60.02,1474,1292,49,1243,622,377,90,30,53,71,1,181,9,1483,746,497,1483,679127.55,6976.66,116,211,208,142,104,104,72,286,622,377,143,101
306293,25,-0.08,-0.02,-0.6,-0.45,1,0.2,0.2,0.15,40,54.68,1470,1288,59,1229,0,399,123,35,173,499,1,181,13,1483,672,557,1483,733664.96,7546.49,32,85,55,54,39,48,61,855,0,399,296,534
306294,25,-0.08,-0.02,-0.6,-0.45,1,0.2,0.2,0.15,40,69.68,1474,1292,52,1240,673,0,277,99,60,131,1,181,9,1483,864,376,1483,1000901.97,10256.83,84,128,157,93,83,69,39,587,673,0,337,230
306295,25,-0.08,-0.02,-0.6,-0.45,1,0.2,0.2,0.15,50,59.05,1474,1292,49,1243,623,395,0,114,0,111,1,181,9,1483,734,509,1483,654599.38,6720.92,116,211,208,142,104,104,72,286,623,395,0,225
306296,25,-0.08,-0.02,-0.6,-0.45,1,0.2,0.2,0.15,50,53.46,1470,1288,59,1229,0,422,0,150,0,657,1,181,13,1483,657,572,1483,694997.45,7142.82,32,85,55,54,39,48,61,855,0,422,0,807
306297,25,-0.08,-0.02,-0.6,-0.45,1,0.2,0.2,0.15,50,68.55,1474,1292,52,1240,674,0,0,390,0,176,1,181,9,1483,850,390,1483,940335.81,9633.57,84,128,157,93,83,69,39,587,674,0,0,566
306298,25,-0.08,-0.02,-0.6,-0.45,1,0.2,0.2,0.15,60,59.05,1474,1292,49,1243,623,395,0,114,0,111,1,181,9,1483,734,509,1483,654599.38,6720.92,116,211,208,142,104,104,72,286,623,395,0,225
306299,25,-0.08,-0.02,-0.6,-0.45,1,0.2,0.2,0.15,60,53.46,1470,1288,59,1229,0,422,0,150,0,657,1,181,13,1483,657,572,1483,694997.45,7142.82,32,85,55,54,39,48,61,855,0,422,0,807
306300,25,-0.08,-0.02,-0.6,-0.45,1,0.2,0.2,0.15,60,68.55,1474,1292,52,1240,674,0,0,390,0,176,1,181,9,1483,850,390,1483,940335.81,9633.57,84,128,157,93,83,69,39,587,674,0,0,566
306301,25,-0.08,-0.02,-0.6,-0.45,2,0.1,0.1,0.15,20,71.15,1474,1292,20,1272,827,215,152,0,78,0,1,181,9,1483,905,367,1483,468731.95,5505.95,441,286,203,342,0,0,0,0,827,215,230,0
306302,25,-0.08,-0.02,-0.6,-0.45,2,0.1,0.1,0.15,20,65.58,1474,1292,40,1252,0,226,205,0,821,0,1,181,9,1483,821,431,1483,1025742.82,10343.33,32,85,55,1080,0,0,0,0,0,226,1026,0
306303,25,-0.08,-0.02,-0.6,-0.45,2,0.1,0.1,0.15,20,77.36,1474,1292,20,1272,881,0,288,0,103,0,1,181,9,1483,984,288,1483,707942.12,7013.35,412,214,165,481,0,0,0,0,881,0,391,0
306304,25,-0.08,-0.02,-0.6,-0.45,2,0.1,0.1,0.15,30,72.94,1474,1292,28,1264,887,270,72,0,35,0,1,181,9,1483,922,342,1483,458673.66,5660.45,441,286,203,112,62,160,0,0,887,270,107,0
306305,25,-0.08,-0.02,-0.6,-0.45,2,0.1,0.1,0.15,30,59.79,1472,1290,59,1231,0,313,182,0,736,0,1,181,11,1483,736,495,1483,976127.83,9920.16,32,85,55,54,39,966,0,0,0,313,918,0
306306,25,-0.08,-0.02,-0.6,-0.45,2,0.1,0.1,0.15,30,84.06,1474,1292,31,1261,1000,0,201,0,60,0,1,181,9,1483,1060,201,1483,888532.87,8174.83,412,214,165,90,70,310,0,0,1000,0,261,0
306307,25,-0.08,-0.02,-0.6,-0.45,2,0.1,0.1,0.15,40,73.26,1474,1292,28,1264,909,300,31,7,11,6,1,181,9,1483,926,338,1483,447792.92,5696.35,441,286,203,112,62,53,34,73,909,300,42,13
306308,25,-0.08,-0.02,-0.6,-0.45,2,0.1,0.1,0.15,40,56.88,1470,1288,59,1229,0,399,107,24,189,510,1,181,13,1483,699,530,1483,978407.23,10503.14,32,85,55,54,39,48,61,855,0,399,296,534
306309,25,-0.08,-0.02,-0.6,-0.45,2,0.1,0.1,0.15,40,85.41,1474,1292,31,1261,1043,0,144,40,13,21,1,181,9,1483,1077,184,1483,911481.06,8391.58,412,214,165,90,70,49,27,234,1043,0,157,61
306310,25,-0.08,-0.02,-0.6,-0.45,2,0.1,0.1,0.15,50,72.78,1474,1292,28,1264,909,306,0,38,0,11,1,181,9,1483,920,344,1483,437384.51,5630.74,441,286,203,112,62,53,34,73,909,306,0,49
306311,25,-0.08,-0.02,-0.6,-0.45,2,0.1,0.1,0.15,50,55.41,1470,1288,59,1229,0,422,0,126,0,681,1,181,13,1483,681,548,1483,922953.08,10095.86,32,85,55,54,39,48,61,855,0,422,0,807
306312,25,-0.08,-0.02,-0.6,-0.45,2,0.1,0.1,0.15,50,85.01,1474,1292,31,1261,1043,0,0,189,0,29,1,181,9,1483,1072,189,1483,869057.15,8163.7,412,214,165,90,70,49,27,234,1043,0,0,218
306313,25,-0.08,-0.02,-0.6,-0.45,2,0.1,0.1,0.15,60,72.78,1474,1292,28,1264,909,306,0,38,0,11,1,181,9,1483,920,344,1483,437384.51,5630.74,441,286,203,112,62,53,34,73,909,306,0,49
306314,25,-0.08,-0.02,-0.6,-0.45,2,0.1,0.1,0.15,60,55.41,1470,1288,59,1229,0,422,0,126,0,681,1,181,13,1483,681,548,1483,922953.08,10095.86,32,85,55,54,39,48,61,855,0,422,0,807
306315,25,-0.08,-0.02,-0.6,-0.45,2,0.1,0.1,0.15,60,85.01,1474,1292,31,1261,1043,0,0,189,0,29,1,181,9,1483,1072,189,1483,869057.15,8163.7,412,214,165,90,70,49,27,234,1043,0,0,218
306316,25,-0.08,-0.02,-0.6,-0.45,2,0.1,0.2,0.15,20,66.4,1474,1292,36,1256,473,226,196,0,361,0,1,181,9,1483,834,422,1483,846096.29,8872.97,118,219,223,696,0,0,0,0,473,226,557,0
306317,25,-0.08,-0.02,-0.6,-0.45,2,0.1,0.2,0.15,20,65.58,1474,1292,40,1252,0,226,205,0,821,0,1,181,9,1483,821,431,1483,1025742.82,10343.33,32,85,55,1080,0,0,0,0,0,226,1026,0
306318,25,-0.08,-0.02,-0.6,-0.45,2,0.1,0.2,0.15,20,72.77,1474,1292,36,1256,499,0,342,0,415,0,1,181,9,1483,914,342,1483,1145632.32,10692.3,86,137,179,854,0,0,0,0,499,0,757,0
306319,25,-0.08,-0.02,-0.6,-0.45,2,0.1,0.2,0.15,30,63.23,1474,1292,49,1243,608,306,151,0,178,0,1,181,9,1483,786,457,1483,875326.7,9319.37,118,219,223,139,111,433,0,0,608,306,329,0
306320,25,-0.08,-0.02,-0.6,-0.45,2,0.1,0.2,0.15,30,59.79,1472,1290,59,1231,0,313,182,0,736,0,1,181,11,1483,736,495,1483,976127.83,9920.16,32,85,55,54,39,966,0,0,0,313,918,0
306321,25,-0.08,-0.02,-0.6,-0.45,2,0.1,0.2,0.15,30,75.24,1474,1292,52,1240,672,0,307,0,261,0,1,181,9,1483,933,307,1483,1449523.39,12612.16,86,137,179,97,96,645,0,0,672,0,568,0
306322,25,-0.08,-0.02,-0.6,-0.45,2,0.1,0.2,0.15,40,62.19,1474,1292,49,1243,655,374,76,20,59,59,1,181,9,1483,773,470,1483,866691.05,9482.35,118,219,223,139,111,104,73,256,655,374,135,79
306323,25,-0.08,-0.02,-0.6,-0.45,2,0.1,0.2,0.15,40,56.88,1470,1288,59,1229,0,399,107,24,189,510,1,181,13,1483,699,530,1483,978407.23,10503.14,32,85,55,54,39,48,61,855,0,399,296,534
306324,25,-0.08,-0.02,-0.6,-0.45,2,0.1,0.2,0.15,40,74.76,1474,1292,52,1240,745,0,250,63,69,113,1,181,9,1483,927,313,1483,1499738.87,13115.92,86,137,179,97,96,77,44,524,745,0,319,176
306325,25,-0.08,-0.02,-0.6,-0.45,2,0.1,0.2,0.15,50,61.06,1474,1292,49,1243,656,392,0,92,0,103,1,181,9,1483,759,484,1483,829467.84,9230.76,118,219,223,139,111,104,73,256,656,392,0,195
306326,25,-0.08,-0.02,-0.6,-0.45,2,0.1,0.2,0.15,50,55.41,1470,1288,59,1229,0,422,0,126,0,681,1,181,13,1483,681,548,1483,922953.08,10095.86,32,85,55,54,39,48,61,855,0,422,0,807
306327,25,-0.08,-0.02,-0.6,-0.45,2,0.1,0.2,0.15,50,73.71,1474,1292,52,1240,746,0,0,326,0,168,1,181,9,1483,914,326,1483,1395325.78,12522.45,86,137,179,97,96,77,44,524,746,0,0,494
306328,25,-0.08,-0.02,-0.6,-0.45,2,0.1,0.2,0.15,60,61.06,1474,1292,49,1243,656,392,0,92,0,103,1,181,9,1483,759,484,1483,829467.84,9230.76,118,219,223,139,111,104,73,256,656,392,0,195
306329,25,-0.08,-0.02,-0.6,-0.45,2,0.1,0.2,0.15,60,55.41,1470,1288,59,1229,0,422,0,126,0,681,1,181,13,1483,681,548,1483,922953.08,10095.86,32,85,55,54,39,48,61,855,0,422,0,807
306330,25,-0.08,-0.02,-0.6,-0.45,2,0.1,0.2,0.15,60,73.71,1474,1292,52,1240,746,0,0,326,0,168,1,181,9,1483,914,326,1483,1395325.78,12522.45,86,137,179,97,96,77,44,524,746,0,0,494
306331,25,-0.08,-0.02,-0.6,-0.45,2,0.2,0.1,0.15,20,68.53,1474,1292,21,1271,791,217,183,0,80,0,1,181,9,1483,871,400,1483,383605.61,3951.13,432,271,192,376,0,0,0,0,791,217,263,0
306332,25,-0.08,-0.02,-0.6,-0.45,2,0.2,0.1,0.15,20,62.38,1474,1292,40,1252,0,226,245,0,781,0,1,181,9,1483,781,471,1483,803009.98,8243.64,32,85,55,1080,0,0,0,0,0,226,1026,0
306333,25,-0.08,-0.02,-0.6,-0.45,2,0.2,0.1,0.15,20,72.78,1474,1292,21,1271,827,0,346,0,98,0,1,181,9,1483,925,346,1483,523166.72,5372.76,401,195,149,526,0,0,0,0,827,0,444,0
306334,25,-0.08,-0.02,-0.6,-0.45,2,0.2,0.1,0.15,30,70.78,1474,1292,29,1263,859,276,93,0,35,0,1,181,9,1483,894,369,1483,381686.99,3920.89,432,271,192,113,69,186,0,0,859,276,128,0
306335,25,-0.08,-0.02,-0.6,-0.45,2,0.2,0.1,0.15,30,57.92,1472,1290,59,1231,0,313,205,0,713,0,1,181,11,1483,713,518,1483,712549.34,7294.07,32,85,55,54,39,966,0,0,0,313,918,0
306336,25,-0.08,-0.02,-0.6,-0.45,2,0.2,0.1,0.15,30,78.81,1474,1292,32,1260,934,0,267,0,59,0,1,181,9,1483,993,267,1483,630161.5,6453.38,401,195,149,82,63,370,0,0,934,0,326,0
306337,25,-0.08,-0.02,-0.6,-0.45,2,0.2,0.1,0.15,40,71.26,1474,1292,29,1263,886,311,39,13,8,6,1,181,9,1483,900,363,1483,381284.83,3921.71,432,271,192,113,69,58,42,86,886,311,47,19
306338,25,-0.08,-0.02,-0.6,-0.45,2,0.2,0.1,0.15,40,54.68,1470,1288,59,1229,0,399,123,35,173,499,1,181,13,1483,672,557,1483,733664.96,7546.49,32,85,55,54,39,48,61,855,0,399,296,534
306339,25,-0.08,-0.02,-0.6,-0.45,2,0.2,0.1,0.15,40,80.71,1474,1292,32,1260,986,0,174,69,10,21,1,181,9,1483,1017,243,1483,646092.43,6619.29,401,195,149,82,63,44,32,294,986,0,184,90
306340,25,-0.08,-0.02,-0.6,-0.45,2,0.2,0.1,0.15,50,70.86,1474,1292,29,1263,886,318,0,50,0,9,1,181,9,1483,895,368,1483,373107.92,3837.62,432,271,192,113,69,58,42,86,886,318,0,59
306341,25,-0.08,-0.02,-0.6,-0.45,2,0.2,0.1,0.15,50,53.46,1470,1288,59,1229,0,422,0,150,0,657,1,181,13,1483,657,572,1483,694997.45,7142.82,32,85,55,54,39,48,61,855,0,422,0,807
306342,25,-0.08,-0.02,-0.6,-0.45,2,0.2,0.1,0.15,50,80.24,1474,1292,32,1260,986,0,0,249,0,25,1,181,9,1483,1011,249,1483,617412.06,6327.22,401,195,149,82,63,44,32,294,986,0,0,274
306343,25,-0.08,-0.02,-0.6,-0.45,2,0.2,0.1,0.15,60,70.86,1474,1292,29,1263,886,318,0,50,0,9,1,181,9,1483,895,368,1483,373107.92,3837.62,432,271,192,113,69,58,42,86,886,318,0,59
306344,25,-0.08,-0.02,-0.6,-0.45,2,0.2,0.1,0.15,60,53.46,1470,1288,59,1229,0,422,0,150,0,657,1,181,13,1483,657,572,1483,694997.45,7142.82,32,85,55,54,39,48,61,855,0,422,0,807
306345,25,-0.08,-0.02,-0.6,-0.45,2,0.2,0.1,0.15,60,80.24,1474,1292,32,1260,986,0,0,249,0,25,1,181,9,1483,1011,249,1483,617412.06,6327.22,401,195,149,82,63,44,32,294,986,0,0,274
306346,25,-0.08,-0.02,-0.6,-0.45,2,0.2,0.2,0.15,20,63.22,1474,1292,36,1256,451,226,236,0,343,0,1,181,9,1483,794,462,1483,680567.63,7000.37,116,211,208,721,0,0,0,0,451,226,579,0
306347,25,-0.08,-0.02,-0.6,-0.45,2,0.2,0.2,0.15,20,62.38,1474,1292,40,1252,0,226,245,0,781,0,1,181,9,1483,781,471,1483,803009.98,8243.64,32,85,55,1080,0,0,0,0,0,226,1026,0
306348,25,-0.08,-0.02,-0.6,-0.45,2,0.2,0.2,0.15,20,67.6,1474,1292,36,1256,462,0,407,0,387,0,1,181,9,1483,849,407,1483,837507.19,8596.19,84,128,157,887,0,0,0,0,462,0,794,0
306349,25,-0.08,-0.02,-0.6,-0.45,2,0.2,0.2,0.15,30,61.54,1474,1292,49,1243,578,307,171,0,187,0,1,181,9,1483,765,478,1483,693776.49,7115.11,116,211,208,142,104,462,0,0,578,307,358,0
306350,25,-0.08,-0.02,-0.6,-0.45,2,0.2,0.2,0.15,30,57.92,1472,1290,59,1231,0,313,205,0,713,0,1,181,11,1483,713,518,1483,712549.34,7294.07,32,85,55,54,39,966,0,0,0,313,918,0
306351,25,-0.08,-0.02,-0.6,-0.45,2,0.2,0.2,0.15,30,70.0,1474,1292,52,1240,614,0,372,0,254,0,1,181,9,1483,868,372,1483,986746.26,10098.92,84,128,157,93,83,695,0,0,614,0,626,0
306352,25,-0.08,-0.02,-0.6,-0.45,2,0.2,0.2,0.15,40,60.02,1474,1292,49,1243,622,377,90,30,53,71,1,181,9,1483,746,497,1483,679127.55,6976.66,116,211,208,142,104,104,72,286,622,377,143,101
306353,25,-0.08,-0.02,-0.6,-0.45,2,0.2,0.2,0.15,40,54.68,1470,1288,59,1229,0,399,123,35,173,499,1,181,13,1483,672,557,1483,733664.96,7546.49,32,85,55,54,39,48,61,855,0,399,296,534
306354,25,-0.08,-0.02,-0.6,-0.45,2,0.2,0.2,0.15,40,69.68,1474,1292,52,1240,673,0,277,99,60,131,1,181,9,1483,864,376,1483,1000901.97,10256.83,84,128,157,93,83,69,39,587,673,0,337,230
306355,25,-0.08,-0.02,-0.6,-0.45,2,0.2,0.2,0.15,50,59.05,1474,1292,49,1243,623,395,0,114,0,111,1,181,9,1483,734,509,1483,654599.38,6720.92,116,211,208,142,104,104,72,286,623,395,0,225
306356,25,-0.08,-0.02,-0.6,-0.45,2,0.2,0.2,0.15,50,53.46,1470,1288,59,1229,0,422,0,150,0,657,1,181,13,1483,657,572,1483,694997.45,7142.82,32,85,55,54,39,48,61,855,0,422,0,807
306357,25,-0.08,-0.02,-0.6,-0.45,2,0.2,0.2,0.15,50,68.55,1474,1292,52,1240,674,0,0,390,0,176,1,181,9,1483,850,390,1483,940335.81,9633.57,84,128,157,93,83,69,39,587,674,0,0,566
306358,25,-0.08,-0.02,-0.6,-0.45,2,0.2,0.2,0.15,60,59.05,1474,1292,49,1243,623,395,0,114,0,111,1,181,9,1483,734,509,1483,654599.38,6720.92,116,211,208,142,104,104,72,286,623,395,0,225
306359,25,-0.08,-0.02,-0.6,-0.45,2,0.2,0.2,0.15,60,53.46,1470,1288,59,1229,0,422,0,150,0,657,1,181,13,1483,657,572,1483,694997.45,7142.82,32,85,55,54,39,48,61,855,0,422,0,807
306360,25,-0.08,-0.02,-0.6,-0.45,2,0.2,0.2,0.15,60,68.55,1474,1292,52,1240,674,0,0,390,0,176,1,181,9,1483,850,390,1483,940335.81,9633.57,84,128,157,93,83,69,39,587,674,0,0,566
306361,25,-0.08,-0.02,-0.6,-0.4,1,0.1,0.1,0.15,20,68.66,2229,1992,39,1953,1179,307,305,0,162,0,1,236,13,2242,1341,612,2242,590661.8,6065.14,624,398,283,648,0,0,0,0,1179,307,467,0
306362,25,-0.08,-0.02,-0.6,-0.4,1,0.1,0.1,0.15,20,62.93,2229,1992,66,1926,0,321,393,0,1212,0,1,236,13,2242,1212,714,2242,1117559.19,11490.16,45,122,80,1679,0,0,0,0,0,321,1605,0
306363,25,-0.08,-0.02,-0.6,-0.4,1,0.1,0.1,0.15,20,72.63,2227,1990,39,1951,1230,0,534,0,187,0,1,236,15,2242,1417,534,2242,793255.47,8138.72,580,286,223,862,0,0,0,0,1230,0,721,0
306364,25,-0.08,-0.02,-0.6,-0.4,1,0.1,0.1,0.15,30,70.21,2229,1992,52,1940,1299,407,171,0,63,0,1,236,13,2242,1362,578,2242,577791.73,5931.68,624,398,283,181,120,334,0,0,1299,407,234,0
306365,25,-0.08,-0.02,-0.6,-0.4,1,0.1,0.1,0.15,30,57.26,2226,1989,96,1893,0,460,349,0,1084,0,1,236,16,2242,1084,809,2242,983950.29,10108.85,45,122,80,74,66,1506,0,0,0,460,1433,0
306366,25,-0.08,-0.02,-0.6,-0.4,1,0.1,0.1,0.15,30,77.67,2227,1990,55,1935,1403,0,432,0,100,0,1,236,15,2242,1503,432,2242,935014.13,9585.41,580,286,223,141,99,606,0,0,1403,0,532,0
306367,25,-0.08,-0.02,-0.6,-0.4,1,0.1,0.1,0.15,40,70.5,2229,1992,53,1939,1340,468,80,24,17,10,1,236,13,2242,1367,572,2242,565774.61,5815.31,624,398,283,181,120,100,66,167,1340,468,97,34
306368,25,-0.08,-0.02,-0.6,-0.4,1,0.1,0.1,0.15,40,53.57,2224,1987,98,1889,0,589,227,61,259,753,1,236,18,2242,1012,877,2242,981245.16,10115.55,45,122,80,74,66,73,90,1339,0,589,486,814
306369,25,-0.08,-0.02,-0.6,-0.4,1,0.1,0.1,0.15,40,79.42,2227,1990,56,1934,1481,0,278,120,21,34,1,236,15,2242,1536,398,2242,964500.34,9893.62,580,286,223,141,99,74,47,484,1481,0,299,154
306370,25,-0.08,-0.02,-0.6,-0.4,1,0.1,0.1,0.15,50,70.14,2229,1992,53,1939,1342,481,0,98,0,18,1,236,13,2242,1360,579,2242,550725.76,5660.59,624,398,283,181,120,100,66,167,1342,481,0,116
306371,25,-0.08,-0.02,-0.6,-0.4,1,0.1,0.1,0.15,50,51.99,2224,1987,98,1889,0,624,0,283,0,982,1,236,18,2242,982,907,2242,919812.66,9473.39,45,122,80,74,66,73,90,1339,0,624,0,1265
306372,25,-0.08,-0.02,-0.6,-0.4,1,0.1,0.1,0.15,50,78.96,2227,1990,56,1934,1483,0,0,407,0,44,1,236,15,2242,1527,407,2242,920385.54,9442.8,580,286,223,141,99,74,47,484,1483,0,0,451
306373,25,-0.08,-0.02,-0.6,-0.4,1,0.1,0.1,0.15,60,70.14,2229,1992,53,1939,1342,481,0,98,0,18,1,236,13,2242,1360,579,2242,550725.76,5660.59,624,398,283,181,120,100,66,167,1342,481,0,116
306374,25,-0.08,-0.02,-0.6,-0.4,1,0.1,0.1,0.15,60,51.99,2224,1987,98,1889,0,624,0,283,0,982,1,236,18,2242,982,907,2242,919812.66,9473.39,45,122,80,74,66,73,90,1339,0,624,0,1265
306375,25,-0.08,-0.02,-0.6,-0.4,1,0.1,0.1,0.15,60,78.96,2227,1990,56,1934,1483,0,0,407,0,44,1,236,15,2242,1527,407,2242,920385.54,9442.8,580,286,223,141,99,74,47,484,1483,0,0,451
306376,25,-0.08,-0.02,-0.6,-0.4,1,0.1,0.2,0.15,20,63.61,2229,1992,60,1932,620,320,383,0,609,0,1,236,13,2242,1229,703,2242,983896.41,10118.66,155,311,283,1183,0,0,0,0,620,320,992,0
306377,25,-0.08,-0.02,-0.6,-0.4,1,0.1,0.2,0.15,20,62.93,2229,1992,66,1926,0,321,393,0,1212,0,1,236,13,2242,1212,714,2242,1117559.19,11490.16,45,122,80,1679,0,0,0,0,0,321,1605,0
306378,25,-0.08,-0.02,-0.6,-0.4,1,0.1,0.2,0.15,20,67.72,2227,1990,60,1930,636,0,623,0,671,0,1,236,15,2242,1307,623,2242,1210459.42,12435.95,110,192,208,1420,0,0,0,0,636,0,1294,0
306379,25,-0.08,-0.02,-0.6,-0.4,1,0.1,0.2,0.15,30,60.44,2229,1992,81,1911,818,452,304,0,337,0,1,236,13,2242,1155,756,2242,964503.3,9916.34,155,311,283,191,172,799,0,0,818,452,641,0
306380,25,-0.08,-0.02,-0.6,-0.4,1,0.1,0.2,0.15,30,57.26,2226,1989,96,1893,0,460,349,0,1084,0,1,236,16,2242,1084,809,2242,983950.29,10108.85,45,122,80,74,66,1506,0,0,0,460,1433,0
306381,25,-0.08,-0.02,-0.6,-0.4,1,0.1,0.2,0.15,30,68.21,2227,1990,84,1906,869,0,606,0,431,0,1,236,15,2242,1300,606,2242,1385064.68,14214.23,110,192,208,126,130,1140,0,0,869,0,1037,0
306382,25,-0.08,-0.02,-0.6,-0.4,1,0.1,0.2,0.15,40,58.46,2229,1992,83,1909,895,559,181,53,91,130,1,236,13,2242,1116,793,2242,941333.91,9689.68,155,311,283,191,172,158,121,518,895,559,272,183
306383,25,-0.08,-0.02,-0.6,-0.4,1,0.1,0.2,0.15,40,53.57,2224,1987,98,1889,0,589,227,61,259,753,1,236,18,2242,1012,877,2242,981245.16,10115.55,45,122,80,74,66,73,90,1339,0,589,486,814
306384,25,-0.08,-0.02,-0.6,-0.4,1,0.1,0.2,0.15,40,67.59,2227,1990,86,1904,970,0,450,167,101,216,1,236,15,2242,1287,617,2242,1425229.47,14639.25,110,192,208,126,130,103,71,964,970,0,551,383
306385,25,-0.08,-0.02,-0.6,-0.4,1,0.1,0.2,0.15,50,57.41,2229,1992,83,1909,896,588,0,225,0,200,1,236,13,2242,1096,813,2242,904606.8,9307.71,155,311,283,191,172,158,121,518,896,588,0,425
306386,25,-0.08,-0.02,-0.6,-0.4,1,0.1,0.2,0.15,50,51.99,2224,1987,98,1889,0,624,0,283,0,982,1,236,18,2242,982,907,2242,919812.66,9473.39,45,122,80,74,66,73,90,1339,0,624,0,1265
306387,25,-0.08,-0.02,-0.6,-0.4,1,0.1,0.2,0.15,50,66.33,2227,1990,86,1904,971,0,0,641,0,292,1,236,15,2242,1263,641,2242,1335803.55,13719.88,110,192,208,126,130,103,71,964,971,0,0,933
306388,25,-0.08,-0.02,-0.6,-0.4,1,0.1,0.2,0.15,60,57.41,2229,1992,83,1909,896,588,0,225,0,200,1,236,13,2242,1096,813,2242,904606.8,9307.71,155,311,283,191,172,158,121,518,896,588,0,425
306389,25,-0.08,-0.02,-0.6,-0.4,1,0.1,0.2,0.15,60,51.99,2224,1987,98,1889,0,624,0,283,0,982,1,236,18,2242,982,907,2242,919812.66,9473.39,45,122,80,74,66,73,90,1339,0,624,0,1265
306390,25,-0.08,-0.02,-0.6,-0.4,1,0.1,0.2,0.15,60,66.33,2227,1990,86,1904,971,0,0,641,0,292,1,236,15,2242,1263,641,2242,1335803.55,13719.88,110,192,208,126,130,103,71,964,971,0,0,933
306391,25,-0.08,-0.02,-0.6,-0.4,1,0.2,0.1,0.15,20,68.66,2229,1992,39,1953,1179,307,305,0,162,0,1,236,13,2242,1341,612,2242,590661.8,6065.14,624,398,283,648,0,0,0,0,1179,307,467,0
306392,25,-0.08,-0.02,-0.6,-0.4,1,0.2,0.1,0.15,20,62.93,2229,1992,66,1926,0,321,393,0,1212,0,1,236,13,2242,1212,714,2242,1117559.19,11490.16,45,122,80,1679,0,0,0,0,0,321,1605,0
306393,25,-0.08,-0.02,-0.6,-0.4,1,0.2,0.1,0.15,20,72.63,2227,1990,39,1951,1230,0,534,0,187,0,1,236,15,2242,1417,534,2242,793255.47,8138.72,580,286,223,862,0,0,0,0,1230,0,721,0
306394,25,-0.08,-0.02,-0.6,-0.4,1,0.2,0.1,0.15,30,70.21,2229,1992,52,1940,1299,407,171,0,63,0,1,236,13,2242,1362,578,2242,577791.73,5931.68,624,398,283,181,120,334,0,0,1299,407,234,0
306395,25,-0.08,-0.02,-0.6,-0.4,1,0.2,0.1,0.15,30,57.26,2226,1989,96,1893,0,460,349,0,1084,0,1,236,16,2242,1084,809,2242,983950.29,10108.85,45,122,80,74,66,1506,0,0,0,460,1433,0
306396,25,-0.08,-0.02,-0.6,-0.4,1,0.2,0.1,0.15,30,77.67,2227,1990,55,1935,1403,0,432,0,100,0,1,236,15,2242,1503,432,2242,935014.13,9585.41,580,286,223,141,99,606,0,0,1403,0,532,0
306397,25,-0.08,-0.02,-0.6,-0.4,1,0.2,0.1,0.15,40,70.5,2229,1992,53,1939,1340,468,80,24,17,10,1,236,13,2242,1367,572,2242,565774.61,5815.31,624,398,283,181,120,100,66,167,1340,468,97,34
306398,25,-0.08,-0.02,-0.6,-0.4,1,0.2,0.1,0.15,40,53.57,2224,1987,98,1889,0,589,227,61,259,753,1,236,18,2242,1012,877,2242,981245.16,10115.55,45,122,80,74,66,73,90,1339,0,589,486,814
306399,25,-0.08,-0.02,-0.6,-0.4,1,0.2,0.1,0.15,40,79.42,2227,1990,56,1934,1481,0,278,120,21,34,1,236,15,2242,1536,398,2242,964500.34,9893.62,580,286,223,141,99,74,47,484,1481,0,299,154
306400,25,-0.08,-0.02,-0.6,-0.4,1,0.2,0.1,0.15,50,70.14,2229,1992,53,1939,1342,481,0,98,0,18,1,236,13,2242,1360,579,2242,550725.76,5660.59,624,398,283,181,120,100,66,167,1342,481,0,116
306401,25,-0.08,-0.02,-0.6,-0.4,1,0.2,0.1,0.15,50,51.99,2224,1987,98,1889,0,624,0,283,0,982,1,236,18,2242,982,907,2242,919812.66,9473.39,45,122,80,74,66,73,90,1339,0,624,0,1265
306402,25,-0.08,-0.02,-0.6,-0.4,1,0.2,0.1,0.15,50,78.96,2227,1990,56,1934,1483,0,0,407,0,44,1,236,15,2242,1527,407,2242,920385.54,9442.8,580,286,223,141,99,74,47,484,1483,0,0,451
306403,25,-0.08,-0.02,-0.6,-0.4,1,0.2,0.1,0.15,60,70.14,2229,1992,53,1939,1342,481,0,98,0,18,1,236,13,2242,1360,579,2242,550725.76,5660.59,624,398,283,181,120,100,66,167,1342,481,0,116
306404,25,-0.08,-0.02,-0.6,-0.4,1,0.2,0.1,0.15,60,51.99,2224,1987,98,1889,0,624,0,283,0,982,1,236,18,2242,982,907,2242,919812.66,9473.39,45,122,80,74,66,73,90,1339,0,624,0,1265
306405,25,-0.08,-0.02,-0.6,-0.4,1,0.2,0.1,0.15,60,78.96,2227,1990,56,1934,1483,0,0,407,0,44,1,236,15,2242,1527,407,2242,920385.54,9442.8,580,286,223,141,99,74,47,484,1483,0,0,451
306406,25,-0.08,-0.02,-0.6,-0.4,1,0.2,0.2,0.15,20,63.61,2229,1992,60,1932,620,320,383,0,609,0,1,236,13,2242,1229,703,2242,983896.41,10118.66,155,311,283,1183,0,0,0,0,620,320,992,0
306407,25,-0.08,-0.02,-0.6,-0.4,1,0.2,0.2,0.15,20,62.93,2229,1992,66,1926,0,321,393,0,1212,0,1,236,13,2242,1212,714,2242,1117559.19,11490.16,45,122,80,1679,0,0,0,0,0,321,1605,0
306408,25,-0.08,-0.02,-0.6,-0.4,1,0.2,0.2,0.15,20,67.72,2227,1990,60,1930,636,0,623,0,671,0,1,236,15,2242,1307,623,2242,1210459.42,12435.95,110,192,208,1420,0,0,0,0,636,0,1294,0
306409,25,-0.08,-0.02,-0.6,-0.4,1,0.2,0.2,0.15,30,60.44,2229,1992,81,1911,818,452,304,0,337,0,1,236,13,2242,1155,756,2242,964503.3,9916.34,155,311,283,191,172,799,0,0,818,452,641,0
306410,25,-0.08,-0.02,-0.6,-0.4,1,0.2,0.2,0.15,30,57.26,2226,1989,96,1893,0,460,349,0,1084,0,1,236,16,2242,1084,809,2242,983950.29,10108.85,45,122,80,74,66,1506,0,0,0,460,1433,0
306411,25,-0.08,-0.02,-0.6,-0.4,1,0.2,0.2,0.15,30,68.21,2227,1990,84,1906,869,0,606,0,431,0,1,236,15,2242,1300,606,2242,1385064.68,14214.23,110,192,208,126,130,1140,0,0,869,0,1037,0
306412,25,-0.08,-0.02,-0.6,-0.4,1,0.2,0.2,0.15,40,58.46,2229,1992,83,1909,895,559,181,53,91,130,1,236,13,2242,1116,793,2242,941333.91,9689.68,155,311,283,191,172,158,121,518,895,559,272,183
306413,25,-0.08,-0.02,-0.6,-0.4,1,0.2,0.2,0.15,40,53.57,2224,1987,98,1889,0,589,227,61,259,753,1,236,18,2242,1012,877,2242,981245.16,10115.55,45,122,80,74,66,73,90,1339,0,589,486,814
306414,25,-0.08,-0.02,-0.6,-0.4,1,0.2,0.2,0.15,40,67.59,2227,1990,86,1904,970,0,450,167,101,216,1,236,15,2242,1287,617,2242,1425229.47,14639.25,110,192,208,126,130,103,71,964,970,0,551,383
306415,25,-0.08,-0.02,-0.6,-0.4,1,0.2,0.2,0.15,50,57.41,2229,1992,83,1909,896,588,0,225,0,200,1,236,13,2242,1096,813,2242,904606.8,9307.71,155,311,283,191,172,158,121,518,896,588,0,425
306416,25,-0.08,-0.02,-0.6,-0.4,1,0.2,0.2,0.15,50,51.99,2224,1987,98,1889,0,624,0,283,0,982,1,236,18,2242,982,907,2242,919812.66,9473.39,45,122,80,74,66,73,90,1339,0,624,0,1265
306417,25,-0.08,-0.02,-0.6,-0.4,1,0.2,0.2,0.15,50,66.33,2227,1990,86,1904,971,0,0,641,0,292,1,236,15,2242,1263,641,2242,1335803.55,13719.88,110,192,208,126,130,103,71,964,971,0,0,933
306418,25,-0.08,-0.02,-0.6,-0.4,1,0.2,0.2,0.15,60,57.41,2229,1992,83,1909,896,588,0,225,0,200,1,236,13,2242,1096,813,2242,904606.8,9307.71,155,311,283,191,172,158,121,518,896,588,0,425
306419,25,-0.08,-0.02,-0.6,-0.4,1,0.2,0.2,0.15,60,51.99,2224,1987,98,1889,0,624,0,283,0,982,1,236,18,2242,982,907,2242,919812.66,9473.39,45,122,80,74,66,73,90,1339,0,624,0,1265
306420,25,-0.08,-0.02,-0.6,-0.4,1,0.2,0.2,0.15,60,66.33,2227,1990,86,1904,971,0,0,641,0,292,1,236,15,2242,1263,641,2242,1335803.55,13719.88,110,192,208,126,130,103,71,964,971,0,0,933
306421,25,-0.08,-0.02,-0.6,-0.4,2,0.1,0.1,0.15,20,71.75,2229,1992,38,1954,1245,303,249,0,157,0,1,236,13,2242,1402,552,2242,764018.17,8576.19,647,418,308,581,0,0,0,0,1245,303,406,0
306422,25,-0.08,-0.02,-0.6,-0.4,2,0.1,0.1,0.15,20,66.36,2229,1992,66,1926,0,321,327,0,1278,0,1,236,13,2242,1278,648,2242,1487504.17,14822.62,45,122,80,1679,0,0,0,0,0,321,1605,0
306423,25,-0.08,-0.02,-0.6,-0.4,2,0.1,0.1,0.15,20,77.72,2227,1990,38,1952,1322,0,435,0,195,0,1,236,15,2242,1517,435,2242,1114922.12,10735.07,605,312,261,774,0,0,0,0,1322,0,630,0
306424,25,-0.08,-0.02,-0.6,-0.4,2,0.1,0.1,0.15,30,72.75,2229,1992,51,1941,1351,394,135,0,61,0,1,236,13,2242,1412,529,2242,734572.95,8746.95,647,418,308,175,111,282,0,0,1351,394,196,0
306425,25,-0.08,-0.02,-0.6,-0.4,2,0.1,0.1,0.15,30,59.32,2226,1989,96,1893,0,460,310,0,1123,0,1,236,16,2242,1123,770,2242,1413272.89,14242.91,45,122,80,74,66,1506,0,0,0,460,1433,0
306426,25,-0.08,-0.02,-0.6,-0.4,2,0.1,0.1,0.15,30,83.06,2227,1990,54,1936,1508,0,328,0,100,0,1,236,15,2242,1608,328,2242,1355359.41,12328.0,605,312,261,144,113,501,0,0,1508,0,428,0
306427,25,-0.08,-0.02,-0.6,-0.4,2,0.1,0.1,0.15,40,73.14,2229,1992,52,1940,1386,448,61,12,23,10,1,236,13,2242,1419,521,2242,709481.25,8757.19,647,418,308,175,111,86,54,141,1386,448,84,22
306428,25,-0.08,-0.02,-0.6,-0.4,2,0.1,0.1,0.15,40,56.38,2224,1987,98,1889,0,589,194,41,292,773,1,236,18,2242,1065,824,2242,1383908.91,14780.5,45,122,80,74,66,73,90,1339,0,589,486,814
306429,25,-0.08,-0.02,-0.6,-0.4,2,0.1,0.1,0.15,40,84.86,2227,1990,55,1935,1580,0,225,68,29,33,1,236,15,2242,1642,293,2242,1417233.59,12799.51,605,312,261,144,113,73,42,385,1580,0,254,101
306430,25,-0.08,-0.02,-0.6,-0.4,2,0.1,0.1,0.15,50,72.58,2229,1992,52,1940,1388,460,0,72,0,20,1,236,13,2242,1408,532,2242,689889.58,8641.81,647,418,308,175,111,86,54,141,1388,460,0,92
306431,25,-0.08,-0.02,-0.6,-0.4,2,0.1,0.1,0.15,50,54.42,2224,1987,98,1889,0,624,0,237,0,1028,1,236,18,2242,1028,861,2242,1293658.72,14148.66,45,122,80,74,66,73,90,1339,0,624,0,1265
306432,25,-0.08,-0.02,-0.6,-0.4,2,0.1,0.1,0.15,50,84.55,2227,1990,55,1935,1582,0,0,299,0,54,1,236,15,2242,1636,299,2242,1352043.4,12453.65,605,312,261,144,113,73,42,385,1582,0,0,353
306433,25,-0.08,-0.02,-0.6,-0.4,2,0.1,0.1,0.15,60,72.58,2229,1992,52,1940,1388,460,0,72,0,20,1,236,13,2242,1408,532,2242,689889.58,8641.81,647,418,308,175,111,86,54,141,1388,460,0,92
306434,25,-0.08,-0.02,-0.6,-0.4,2,0.1,0.1,0.15,60,54.42,2224,1987,98,1889,0,624,0,237,0,1028,1,236,18,2242,1028,861,2242,1293658.72,14148.66,45,122,80,74,66,73,90,1339,0,624,0,1265
306435,25,-0.08,-0.02,-0.6,-0.4,2,0.1,0.1,0.15,60,84.55,2227,1990,55,1935,1582,0,0,299,0,54,1,236,15,2242,1636,299,2242,1352043.4,12453.65,605,312,261,144,113,73,42,385,1582,0,0,353
306436,25,-0.08,-0.02,-0.6,-0.4,2,0.1,0.2,0.15,20,67.08,2229,1992,60,1932,671,319,317,0,625,0,1,236,13,2242,1296,636,2242,1303178.07,13233.94,158,320,309,1145,0,0,0,0,671,319,942,0
306437,25,-0.08,-0.02,-0.6,-0.4,2,0.1,0.2,0.15,20,66.36,2229,1992,66,1926,0,321,327,0,1278,0,1,236,13,2242,1278,648,2242,1487504.17,14822.62,45,122,80,1679,0,0,0,0,0,321,1605,0
306438,25,-0.08,-0.02,-0.6,-0.4,2,0.1,0.2,0.15,20,73.26,2227,1990,60,1930,708,0,516,0,706,0,1,236,15,2242,1414,516,2242,1741916.54,15860.57,113,202,242,1373,0,0,0,0,708,0,1222,0
306439,25,-0.08,-0.02,-0.6,-0.4,2,0.1,0.2,0.15,30,62.59,2229,1992,81,1911,877,449,266,0,319,0,1,236,13,2242,1196,715,2242,1311660.83,13626.02,158,320,309,203,179,742,0,0,877,449,585,0
306440,25,-0.08,-0.02,-0.6,-0.4,2,0.1,0.2,0.15,30,59.32,2226,1989,96,1893,0,460,310,0,1123,0,1,236,16,2242,1123,770,2242,1413272.89,14242.91,45,122,80,74,66,1506,0,0,0,460,1433,0
306441,25,-0.08,-0.02,-0.6,-0.4,2,0.1,0.2,0.15,30,73.71,2227,1990,84,1906,967,0,501,0,438,0,1,236,15,2242,1405,501,2242,2139735.0,18318.15,113,202,242,151,143,1055,0,0,967,0,939,0
306442,25,-0.08,-0.02,-0.6,-0.4,2,0.1,0.2,0.15,40,61.39,2229,1992,83,1909,956,552,150,35,106,110,1,236,13,2242,1172,737,2242,1292608.41,13852.69,158,320,309,203,179,157,116,467,956,552,256,145
306443,25,-0.08,-0.02,-0.6,-0.4,2,0.1,0.2,0.15,40,56.38,2224,1987,98,1889,0,589,194,41,292,773,1,236,18,2242,1065,824,2242,1383908.91,14780.5,45,122,80,74,66,73,90,1339,0,589,486,814
306444,25,-0.08,-0.02,-0.6,-0.4,2,0.1,0.2,0.15,40,73.53,2227,1990,86,1904,1081,0,395,109,125,194,1,236,15,2242,1400,504,2242,2240397.01,19228.08,113,202,242,151,143,116,71,866,1081,0,520,303
306445,25,-0.08,-0.02,-0.6,-0.4,2,0.1,0.2,0.15,50,60.08,2229,1992,83,1909,957,581,0,181,0,190,1,236,13,2242,1147,762,2242,1239427.49,13508.29,158,320,309,203,179,157,116,467,957,581,0,371
306446,25,-0.08,-0.02,-0.6,-0.4,2,0.1,0.2,0.15,50,54.42,2224,1987,98,1889,0,624,0,237,0,1028,1,236,18,2242,1028,861,2242,1293658.72,14148.66,45,122,80,74,66,73,90,1339,0,624,0,1265
306447,25,-0.08,-0.02,-0.6,-0.4,2,0.1,0.2,0.15,50,72.43,2227,1990,86,1904,1082,0,0,525,0,297,1,236,15,2242,1379,525,2242,2087489.39,18376.94,113,202,242,151,143,116,71,866,1082,0,0,822
306448,25,-0.08,-0.02,-0.6,-0.4,2,0.1,0.2,0.15,60,60.08,2229,1992,83,1909,957,581,0,181,0,190,1,236,13,2242,1147,762,2242,1239427.49,13508.29,158,320,309,203,179,157,116,467,957,581,0,371
306449,25,-0.08,-0.02,-0.6,-0.4,2,0.1,0.2,0.15,60,54.42,2224,1987,98,1889,0,624,0,237,0,1028,1,236,18,2242,1028,861,2242,1293658.72,14148.66,45,122,80,74,66,73,90,1339,0,624,0,1265
306450,25,-0.08,-0.02,-0.6,-0.4,2,0.1,0.2,0.15,60,72.43,2227,1990,86,1904,1082,0,0,525,0,297,1,236,15,2242,1379,525,2242,2087489.39,18376.94,113,202,242,151,143,116,71,866,1082,0,0,822
306451,25,-0.08,-0.02,-0.6,-0.4,2,0.2,0.1,0.15,20,68.66,2229,1992,39,1953,1179,307,305,0,162,0,1,236,13,2242,1341,612,2242,590661.8,6065.14,624,398,283,648,0,0,0,0,1179,307,467,0
306452,25,-0.08,-0.02,-0.6,-0.4,2,0.2,0.1,0.15,20,62.93,2229,1992,66,1926,0,321,393,0,1212,0,1,236,13,2242,1212,714,2242,1117559.19,11490.16,45,122,80,1679,0,0,0,0,0,321,1605,0
306453,25,-0.08,-0.02,-0.6,-0.4,2,0.2,0.1,0.15,20,72.63,2227,1990,39,1951,1230,0,534,0,187,0,1,236,15,2242,1417,534,2242,793255.47,8138.72,580,286,223,862,0,0,0,0,1230,0,721,0
306454,25,-0.08,-0.02,-0.6,-0.4,2,0.2,0.1,0.15,30,70.21,2229,1992,52,1940,1299,407,171,0,63,0,1,236,13,2242,1362,578,2242,577791.73,5931.68,624,398,283,181,120,334,0,0,1299,407,234,0
306455,25,-0.08,-0.02,-0.6,-0.4,2,0.2,0.1,0.15,30,57.26,2226,1989,96,1893,0,460,349,0,1084,0,1,236,16,2242,1084,809,2242,983950.29,10108.85,45,122,80,74,66,1506,0,0,0,460,1433,0
306456,25,-0.08,-0.02,-0.6,-0.4,2,0.2,0.1,0.15,30,77.67,2227,1990,55,1935,1403,0,432,0,100,0,1,236,15,2242,1503,432,2242,935014.13,9585.41,580,286,223,141,99,606,0,0,1403,0,532,0
306457,25,-0.08,-0.02,-0.6,-0.4,2,0.2,0.1,0.15,40,70.5,2229,1992,53,1939,1340,468,80,24,17,10,1,236,13,2242,1367,572,2242,565774.61,5815.31,624,398,283,181,120,100,66,167,1340,468,97,34
306458,25,-0.08,-0.02,-0.6,-0.4,2,0.2,0.1,0.15,40,53.57,2224,1987,98,1889,0,589,227,61,259,753,1,236,18,2242,1012,877,2242,981245.16,10115.55,45,122,80,74,66,73,90,1339,0,589,486,814
306459,25,-0.08,-0.02,-0.6,-0.4,2,0.2,0.1,0.15,40,79.42,2227,1990,56,1934,1481,0,278,120,21,34,1,236,15,2242,1536,398,2242,964500.34,9893.62,580,286,223,141,99,74,47,484,1481,0,299,154
306460,25,-0.08,-0.02,-0.6,-0.4,2,0.2,0.1,0.15,50,70.14,2229,1992,53,1939,1342,481,0,98,0,18,1,236,13,2242,1360,579,2242,550725.76,5660.59,624,398,283,181,120,100,66,167,1342,481,0,116
306461,25,-0.08,-0.02,-0.6,-0.4,2,0.2,0.1,0.15,50,51.99,2224,1987,98,1889,0,624,0,283,0,982,1,236,18,2242,982,907,2242,919812.66,9473.39,45,122,80,74,66,73,90,1339,0,624,0,1265
306462,25,-0.08,-0.02,-0.6,-0.4,2,0.2,0.1,0.15,50,78.96,2227,1990,56,1934,1483,0,0,407,0,44,1,236,15,2242,1527,407,2242,920385.54,9442.8,580,286,223,141,99,74,47,484,1483,0,0,451
306463,25,-0.08,-0.02,-0.6,-0.4,2,0.2,0.1,0.15,60,70.14,2229,1992,53,1939,1342,481,0,98,0,18,1,236,13,2242,1360,579,2242,550725.76,5660.59,624,398,283,181,120,100,66,167,1342,481,0,116
306464,25,-0.08,-0.02,-0.6,-0.4,2,0.2,0.1,0.15,60,51.99,2224,1987,98,1889,0,624,0,283,0,982,1,236,18,2242,982,907,2242,919812.66,9473.39,45,122,80,74,66,73,90,1339,0,624,0,1265
306465,25,-0.08,-0.02,-0.6,-0.4,2,0.2,0.1,0.15,60,78.96,2227,1990,56,1934,1483,0,0,407,0,44,1,236,15,2242,1527,407,2242,920385.54,9442.8,580,286,223,141,99,74,47,484,1483,0,0,451
306466,25,-0.08,-0.02,-0.6,-0.4,2,0.2,0.2,0.15,20,63.61,2229,1992,60,1932,620,320,383,0,609,0,1,236,13,2242,1229,703,2242,983896.41,10118.66,155,311,283,1183,0,0,0,0,620,320,992,0
306467,25,-0.08,-0.02,-0.6,-0.4,2,0.2,0.2,0.15,20,62.93,2229,1992,66,1926,0,321,393,0,1212,0,1,236,13,2242,1212,714,2242,1117559.19,11490.16,45,122,80,1679,0,0,0,0,0,321,1605,0
306468,25,-0.08,-0.02,-0.6,-0.4,2,0.2,0.2,0.15,20,67.72,2227,1990,60,1930,636,0,623,0,671,0,1,236,15,2242,1307,623,2242,1210459.42,12435.95,110,192,208,1420,0,0,0,0,636,0,1294,0
306469,25,-0.08,-0.02,-0.6,-0.4,2,0.2,0.2,0.15,30,60.44,2229,1992,81,1911,818,452,304,0,337,0,1,236,13,2242,1155,756,2242,964503.3,9916.34,155,311,283,191,172,799,0,0,818,452,641,0
306470,25,-0.08,-0.02,-0.6,-0.4,2,0.2,0.2,0.15,30,57.26,2226,1989,96,1893,0,460,349,0,1084,0,1,236,16,2242,1084,809,2242,983950.29,10108.85,45,122,80,74,66,1506,0,0,0,460,1433,0
306471,25,-0.08,-0.02,-0.6,-0.4,2,0.2,0.2,0.15,30,68.21,2227,1990,84,1906,869,0,606,0,431,0,1,236,15,2242,1300,606,2242,1385064.68,14214.23,110,192,208,126,130,1140,0,0,869,0,1037,0
306472,25,-0.08,-0.02,-0.6,-0.4,2,0.2,0.2,0.15,40,58.46,2229,1992,83,1909,895,559,181,53,91,130,1,236,13,2242,1116,793,2242,941333.91,9689.68,155,311,283,191,172,158,121,518,895,559,272,183
306473,25,-0.08,-0.02,-0.6,-0.4,2,0.2,0.2,0.15,40,53.57,2224,1987,98,1889,0,589,227,61,259,753,1,236,18,2242,1012,877,2242,981245.16,10115.55,45,122,80,74,66,73,90,1339,0,589,486,814
306474,25,-0.08,-0.02,-0.6,-0.4,2,0.2,0.2,0.15,40,67.59,2227,1990,86,1904,970,0,450,167,101,216,1,236,15,2242,1287,617,2242,1425229.47,14639.25,110,192,208,126,130,103,71,964,970,0,551,383
306475,25,-0.08,-0.02,-0.6,-0.4,2,0.2,0.2,0.15,50,57.41,2229,1992,83,1909,896,588,0,225,0,200,1,236,13,2242,1096,813,2242,904606.8,9307.71,155,311,283,191,172,158,121,518,896,588,0,425
306476,25,-0.08,-0.02,-0.6,-0.4,2,0.2,0.2,0.15,50,51.99,2224,1987,98,1889,0,624,0,283,0,982,1,236,18,2242,982,907,2242,919812.66,9473.39,45,122,80,74,66,73,90,1339,0,624,0,1265
306477,25,-0.08,-0.02,-0.6,-0.4,2,0.2,0.2,0.15,50,66.33,2227,1990,86,1904,971,0,0,641,0,292,1,236,15,2242,1263,641,2242,1335803.55,13719.88,110,192,208,126,130,103,71,964,971,0,0,933
306478,25,-0.08,-0.02,-0.6,-0.4,2,0.2,0.2,0.15,60,57.41,2229,1992,83,1909,896,588,0,225,0,200,1,236,13,2242,1096,813,2242,904606.8,9307.71,155,311,283,191,172,158,121,518,896,588,0,425
306479,25,-0.08,-0.02,-0.6,-0.4,2,0.2,0.2,0.15,60,51.99,2224,1987,98,1889,0,624,0,283,0,982,1,236,18,2242,982,907,2242,919812.66,9473.39,45,122,80,74,66,73,90,1339,0,624,0,1265
306480,25,-0.08,-0.02,-0.6,-0.4,2,0.2,0.2,0.15,60,66.33,2227,1990,86,1904,971,0,0,641,0,292,1,236,15,2242,1263,641,2242,1335803.55,13719.88,110,192,208,126,130,103,71,964,971,0,0,933
306481,25,-0.08,-0.02,-0.6,-0.35,1,0.1,0.1,0.15,20,67.71,3071,2802,46,2756,1621,417,473,0,245,0,1,268,23,3094,1866,890,3094,800485.39,8234.26,838,546,414,958,0,0,0,0,1621,417,718,0
306482,25,-0.08,-0.02,-0.6,-0.35,1,0.1,0.1,0.15,20,61.62,3071,2802,82,2720,0,439,605,0,1676,0,1,268,23,3094,1676,1044,3094,1367126.31,14094.89,68,166,106,2380,0,0,0,0,0,439,2281,0
306483,25,-0.08,-0.02,-0.6,-0.35,1,0.1,0.1,0.15,20,71.35,3065,2796,46,2750,1682,0,788,0,280,0,1,268,29,3094,1962,788,3094,1063898.27,10923.85,771,393,332,1254,0,0,0,0,1682,0,1068,0
306484,25,-0.08,-0.02,-0.6,-0.35,1,0.1,0.1,0.15,30,69.33,3071,2802,60,2742,1797,557,284,0,104,0,1,268,23,3094,1901,841,3094,783527.79,8062.53,838,546,414,240,170,534,0,0,1797,557,388,0
306485,25,-0.08,-0.02,-0.6,-0.35,1,0.1,0.1,0.15,30,56.44,3068,2799,113,2686,0,626,544,0,1516,0,1,268,26,3094,1516,1170,3094,1189120.0,12273.97,68,166,106,99,89,2158,0,0,0,626,2060,0
306486,25,-0.08,-0.02,-0.6,-0.35,1,0.1,0.1,0.15,30,76.14,3065,2796,63,2733,1927,0,652,0,154,0,1,268,29,3094,2081,652,3094,1249450.12,12819.61,771,393,332,186,141,910,0,0,1927,0,806,0
306487,25,-0.08,-0.02,-0.6,-0.35,1,0.1,0.1,0.15,40,69.5,3071,2802,61,2741,1852,662,129,45,24,29,1,268,23,3094,1905,836,3094,743167.29,7657.95,838,546,414,240,170,146,93,294,1852,662,153,74
306488,25,-0.08,-0.02,-0.6,-0.35,1,0.1,0.1,0.15,40,53.23,3066,2797,116,2681,0,818,336,100,382,1045,1,268,28,3094,1427,1254,3094,1109790.93,11419.21,68,166,106,99,89,98,132,1923,0,818,718,1145
306489,25,-0.08,-0.02,-0.6,-0.35,1,0.1,0.1,0.15,40,77.75,3065,2796,64,2732,2027,0,424,184,29,68,1,268,29,3094,2124,608,3094,1268983.78,13025.61,771,393,332,186,141,104,56,749,2027,0,453,252
306490,25,-0.08,-0.02,-0.6,-0.35,1,0.1,0.1,0.15,50,69.17,3071,2802,61,2741,1854,678,0,167,0,42,1,268,23,3094,1896,845,3094,724395.24,7463.81,838,546,414,240,170,146,93,294,1854,678,0,209
306491,25,-0.08,-0.02,-0.6,-0.35,1,0.1,0.1,0.15,50,51.77,3066,2797,116,2681,0,864,0,429,0,1388,1,268,28,3094,1388,1293,3094,1025526.12,10534.9,68,166,106,99,89,98,132,1923,0,864,0,1817
306492,25,-0.08,-0.02,-0.6,-0.35,1,0.1,0.1,0.15,50,77.42,3065,2796,64,2732,2029,0,0,617,0,86,1,268,29,3094,2115,617,3094,1216817.5,12490.97,771,393,332,186,141,104,56,749,2029,0,0,703
306493,25,-0.08,-0.02,-0.6,-0.35,1,0.1,0.1,0.15,60,69.17,3071,2802,61,2741,1854,678,0,167,0,42,1,268,23,3094,1896,845,3094,724395.24,7463.81,838,546,414,240,170,146,93,294,1854,678,0,209
306494,25,-0.08,-0.02,-0.6,-0.35,1,0.1,0.1,0.15,60,51.77,3066,2797,116,2681,0,864,0,429,0,1388,1,268,28,3094,1388,1293,3094,1025526.12,10534.9,68,166,106,99,89,98,132,1923,0,864,0,1817
306495,25,-0.08,-0.02,-0.6,-0.35,1,0.1,0.1,0.15,60,77.42,3065,2796,64,2732,2029,0,0,617,0,86,1,268,29,3094,2115,617,3094,1216817.5,12490.97,771,393,332,186,141,104,56,749,2029,0,0,703
306496,25,-0.08,-0.02,-0.6,-0.35,1,0.1,0.2,0.15,20,62.21,3071,2802,74,2728,778,437,594,0,919,0,1,268,23,3094,1697,1031,3094,1239017.18,12757.01,206,386,375,1761,0,0,0,0,778,437,1513,0
306497,25,-0.08,-0.02,-0.6,-0.35,1,0.1,0.2,0.15,20,61.62,3071,2802,82,2720,0,439,605,0,1676,0,1,268,23,3094,1676,1044,3094,1367126.31,14094.89,68,166,106,2380,0,0,0,0,0,439,2281,0
306498,25,-0.08,-0.02,-0.6,-0.35,1,0.1,0.2,0.15,20,65.83,3065,2796,74,2722,795,0,930,0,997,0,1,268,29,3094,1792,930,3094,1523375.01,15659.57,138,223,274,2087,0,0,0,0,795,0,1927,0
306499,25,-0.08,-0.02,-0.6,-0.35,1,0.1,0.2,0.15,30,58.98,3071,2802,96,2706,1048,617,493,0,548,0,1,268,23,3094,1596,1110,3094,1203215.27,12391.26,206,386,375,248,234,1257,0,0,1048,617,1041,0
306500,25,-0.08,-0.02,-0.6,-0.35,1,0.1,0.2,0.15,30,56.44,3068,2799,113,2686,0,626,544,0,1516,0,1,268,26,3094,1516,1170,3094,1189120.0,12273.97,68,166,106,99,89,2158,0,0,0,626,2060,0
306501,25,-0.08,-0.02,-0.6,-0.35,1,0.1,0.2,0.15,30,66.15,3065,2796,99,2697,1111,0,913,0,673,0,1,268,29,3094,1784,913,3094,1753356.32,18000.94,138,223,274,160,174,1728,0,0,1111,0,1586,0
306502,25,-0.08,-0.02,-0.6,-0.35,1,0.1,0.2,0.15,40,57.31,3071,2802,99,2703,1152,783,280,91,144,253,1,268,23,3094,1549,1154,3094,1148949.45,11853.05,206,386,375,248,234,216,173,865,1152,783,424,344
306503,25,-0.08,-0.02,-0.6,-0.35,1,0.1,0.2,0.15,40,53.23,3066,2797,116,2681,0,818,336,100,382,1045,1,268,28,3094,1427,1254,3094,1109790.93,11419.21,68,166,106,99,89,98,132,1923,0,818,718,1145
306504,25,-0.08,-0.02,-0.6,-0.35,1,0.1,0.2,0.15,40,65.78,3065,2796,102,2694,1245,0,668,254,155,372,1,268,29,3094,1772,922,3094,1780756.71,18299.47,138,223,274,160,174,142,98,1485,1245,0,823,626
306505,25,-0.08,-0.02,-0.6,-0.35,1,0.1,0.2,0.15,50,56.42,3071,2802,99,2703,1159,822,0,356,0,366,1,268,23,3094,1525,1178,3094,1104537.94,11392.87,206,386,375,248,234,216,173,865,1159,822,0,722
306506,25,-0.08,-0.02,-0.6,-0.35,1,0.1,0.2,0.15,50,51.77,3066,2797,116,2681,0,864,0,429,0,1388,1,268,28,3094,1388,1293,3094,1025526.12,10534.9,68,166,106,99,89,98,132,1923,0,864,0,1817
306507,25,-0.08,-0.02,-0.6,-0.35,1,0.1,0.2,0.15,50,64.81,3065,2796,102,2694,1252,0,0,948,0,494,1,268,29,3094,1746,948,3094,1673454.77,17198.03,138,223,274,160,174,142,98,1485,1252,0,0,1442
306508,25,-0.08,-0.02,-0.6,-0.35,1,0.1,0.2,0.15,60,56.42,3071,2802,99,2703,1159,822,0,356,0,366,1,268,23,3094,1525,1178,3094,1104537.94,11392.87,206,386,375,248,234,216,173,865,1159,822,0,722
306509,25,-0.08,-0.02,-0.6,-0.35,1,0.1,0.2,0.15,60,51.77,3066,2797,116,2681,0,864,0,429,0,1388,1,268,28,3094,1388,1293,3094,1025526.12,10534.9,68,166,106,99,89,98,132,1923,0,864,0,1817
306510,25,-0.08,-0.02,-0.6,-0.35,1,0.1,0.2,0.15,60,64.81,3065,2796,102,2694,1252,0,0,948,0,494,1,268,29,3094,1746,948,3094,1673454.77,17198.03,138,223,274,160,174,142,98,1485,1252,0,0,1442
306511,25,-0.08,-0.02,-0.6,-0.35,1,0.2,0.1,0.15,20,67.71,3071,2802,46,2756,1621,417,473,0,245,0,1,268,23,3094,1866,890,3094,800485.39,8234.26,838,546,414,958,0,0,0,0,1621,417,718,0
306512,25,-0.08,-0.02,-0.6,-0.35,1,0.2,0.1,0.15,20,61.62,3071,2802,82,2720,0,439,605,0,1676,0,1,268,23,3094,1676,1044,3094,1367126.31,14094.89,68,166,106,2380,0,0,0,0,0,439,2281,0
306513,25,-0.08,-0.02,-0.6,-0.35,1,0.2,0.1,0.15,20,71.35,3065,2796,46,2750,1682,0,788,0,280,0,1,268,29,3094,1962,788,3094,1063898.27,10923.85,771,393,332,1254,0,0,0,0,1682,0,1068,0
306514,25,-0.08,-0.02,-0.6,-0.35,1,0.2,0.1,0.15,30,69.33,3071,2802,60,2742,1797,557,284,0,104,0,1,268,23,3094,1901,841,3094,783527.79,8062.53,838,546,414,240,170,534,0,0,1797,557,388,0
306515,25,-0.08,-0.02,-0.6,-0.35,1,0.2,0.1,0.15,30,56.44,3068,2799,113,2686,0,626,544,0,1516,0,1,268,26,3094,1516,1170,3094,1189120.0,12273.97,68,166,106,99,89,2158,0,0,0,626,2060,0
306516,25,-0.08,-0.02,-0.6,-0.35,1,0.2,0.1,0.15,30,76.14,3065,2796,63,2733,1927,0,652,0,154,0,1,268,29,3094,2081,652,3094,1249450.12,12819.61,771,393,332,186,141,910,0,0,1927,0,806,0
306517,25,-0.08,-0.02,-0.6,-0.35,1,0.2,0.1,0.15,40,69.5,3071,2802,61,2741,1852,662,129,45,24,29,1,268,23,3094,1905,836,3094,743167.29,7657.95,838,546,414,240,170,146,93,294,1852,662,153,74
306518,25,-0.08,-0.02,-0.6,-0.35,1,0.2,0.1,0.15,40,53.23,3066,2797,116,2681,0,818,336,100,382,1045,1,268,28,3094,1427,1254,3094,1109790.93,11419.21,68,166,106,99,89,98,132,1923,0,818,718,1145
306519,25,-0.08,-0.02,-0.6,-0.35,1,0.2,0.1,0.15,40,77.75,3065,2796,64,2732,2027,0,424,184,29,68,1,268,29,3094,2124,608,3094,1268983.78,13025.61,771,393,332,186,141,104,56,749,2027,0,453,252
306520,25,-0.08,-0.02,-0.6,-0.35,1,0.2,0.1,0.15,50,69.17,3071,2802,61,2741,1854,678,0,167,0,42,1,268,23,3094,1896,845,3094,724395.24,7463.81,838,546,414,240,170,146,93,294,1854,678,0,209
306521,25,-0.08,-0.02,-0.6,-0.35,1,0.2,0.1,0.15,50,51.77,3066,2797,116,2681,0,864,0,429,0,1388,1,268,28,3094,1388,1293,3094,1025526.12,10534.9,68,166,106,99,89,98,132,1923,0,864,0,1817
306522,25,-0.08,-0.02,-0.6,-0.35,1,0.2,0.1,0.15,50,77.42,3065,2796,64,2732,2029,0,0,617,0,86,1,268,29,3094,2115,617,3094,1216817.5,12490.97,771,393,332,186,141,104,56,749,2029,0,0,703
306523,25,-0.08,-0.02,-0.6,-0.35,1,0.2,0.1,0.15,60,69.17,3071,2802,61,2741,1854,678,0,167,0,42,1,268,23,3094,1896,845,3094,724395.24,7463.81,838,546,414,240,170,146,93,294,1854,678,0,209
306524,25,-0.08,-0.02,-0.6,-0.35,1,0.2,0.1,0.15,60,51.77,3066,2797,116,2681,0,864,0,429,0,1388,1,268,28,3094,1388,1293,3094,1025526.12,10534.9,68,166,106,99,89,98,132,1923,0,864,0,1817
306525,25,-0.08,-0.02,-0.6,-0.35,1,0.2,0.1,0.15,60,77.42,3065,2796,64,2732,2029,0,0,617,0,86,1,268,29,3094,2115,617,3094,1216817.5,12490.97,771,393,332,186,141,104,56,749,2029,0,0,703
306526,25,-0.08,-0.02,-0.6,-0.35,1,0.2,0.2,0.15,20,62.21,3071,2802,74,2728,778,437,594,0,919,0,1,268,23,3094,1697,1031,3094,1239017.18,12757.01,206,386,375,1761,0,0,0,0,778,437,1513,0
306527,25,-0.08,-0.02,-0.6,-0.35,1,0.2,0.2,0.15,20,61.62,3071,2802,82,2720,0,439,605,0,1676,0,1,268,23,3094,1676,1044,3094,1367126.31,14094.89,68,166,106,2380,0,0,0,0,0,439,2281,0
306528,25,-0.08,-0.02,-0.6,-0.35,1,0.2,0.2,0.15,20,65.83,3065,2796,74,2722,795,0,930,0,997,0,1,268,29,3094,1792,930,3094,1523375.01,15659.57,138,223,274,2087,0,0,0,0,795,0,1927,0
306529,25,-0.08,-0.02,-0.6,-0.35,1,0.2,0.2,0.15,30,58.98,3071,2802,96,2706,1048,617,493,0,548,0,1,268,23,3094,1596,1110,3094,1203215.27,12391.26,206,386,375,248,234,1257,0,0,1048,617,1041,0
306530,25,-0.08,-0.02,-0.6,-0.35,1,0.2,0.2,0.15,30,56.44,3068,2799,113,2686,0,626,544,0,1516,0,1,268,26,3094,1516,1170,3094,1189120.0,12273.97,68,166,106,99,89,2158,0,0,0,626,2060,0
306531,25,-0.08,-0.02,-0.6,-0.35,1,0.2,0.2,0.15,30,66.15,3065,2796,99,2697,1111,0,913,0,673,0,1,268,29,3094,1784,913,3094,1753356.32,18000.94,138,223,274,160,174,1728,0,0,1111,0,1586,0
306532,25,-0.08,-0.02,-0.6,-0.35,1,0.2,0.2,0.15,40,57.31,3071,2802,99,2703,1152,783,280,91,144,253,1,268,23,3094,1549,1154,3094,1148949.45,11853.05,206,386,375,248,234,216,173,865,1152,783,424,344
306533,25,-0.08,-0.02,-0.6,-0.35,1,0.2,0.2,0.15,40,53.23,3066,2797,116,2681,0,818,336,100,382,1045,1,268,28,3094,1427,1254,3094,1109790.93,11419.21,68,166,106,99,89,98,132,1923,0,818,718,1145
306534,25,-0.08,-0.02,-0.6,-0.35,1,0.2,0.2,0.15,40,65.78,3065,2796,102,2694,1245,0,668,254,155,372,1,268,29,3094,1772,922,3094,1780756.71,18299.47,138,223,274,160,174,142,98,1485,1245,0,823,626
306535,25,-0.08,-0.02,-0.6,-0.35,1,0.2,0.2,0.15,50,56.42,3071,2802,99,2703,1159,822,0,356,0,366,1,268,23,3094,1525,1178,3094,1104537.94,11392.87,206,386,375,248,234,216,173,865,1159,822,0,722
306536,25,-0.08,-0.02,-0.6,-0.35,1,0.2,0.2,0.15,50,51.77,3066,2797,116,2681,0,864,0,429,0,1388,1,268,28,3094,1388,1293,3094,1025526.12,10534.9,68,166,106,99,89,98,132,1923,0,864,0,1817
306537,25,-0.08,-0.02,-0.6,-0.35,1,0.2,0.2,0.15,50,64.81,3065,2796,102,2694,1252,0,0,948,0,494,1,268,29,3094,1746,948,3094,1673454.77,17198.03,138,223,274,160,174,142,98,1485,1252,0,0,1442
306538,25,-0.08,-0.02,-0.6,-0.35,1,0.2,0.2,0.15,60,56.42,3071,2802,99,2703,1159,822,0,356,0,366,1,268,23,3094,1525,1178,3094,1104537.94,11392.87,206,386,375,248,234,216,173,865,1159,822,0,722
306539,25,-0.08,-0.02,-0.6,-0.35,1,0.2,0.2,0.15,60,51.77,3066,2797,116,2681,0,864,0,429,0,1388,1,268,28,3094,1388,1293,3094,1025526.12,10534.9,68,166,106,99,89,98,132,1923,0,864,0,1817
306540,25,-0.08,-0.02,-0.6,-0.35,1,0.2,0.2,0.15,60,64.81,3065,2796,102,2694,1252,0,0,948,0,494,1,268,29,3094,1746,948,3094,1673454.77,17198.03,138,223,274,160,174,142,98,1485,1252,0,0,1442
306541,25,-0.08,-0.02,-0.6,-0.35,2,0.1,0.1,0.15,20,71.35,3071,2802,45,2757,1719,410,380,0,248,0,1,268,23,3094,1967,790,3094,1055751.2,11922.9,869,574,443,871,0,0,0,0,1719,410,628,0
306542,25,-0.08,-0.02,-0.6,-0.35,2,0.1,0.1,0.15,20,65.59,3071,2802,82,2720,0,439,497,0,1784,0,1,268,23,3094,1784,936,3094,1827956.91,18738.24,68,166,106,2380,0,0,0,0,0,439,2281,0
306543,25,-0.08,-0.02,-0.6,-0.35,2,0.1,0.1,0.15,20,76.88,3065,2796,45,2751,1820,0,636,0,295,0,1,268,29,3094,2115,636,3094,1521800.37,14769.87,805,430,383,1133,0,0,0,0,1820,0,931,0
306544,25,-0.08,-0.02,-0.6,-0.35,2,0.1,0.1,0.15,30,72.26,3071,2802,59,2743,1881,539,222,0,101,0,1,268,23,3094,1982,761,3094,1022796.91,12172.66,869,574,443,243,164,450,0,0,1881,539,323,0
306545,25,-0.08,-0.02,-0.6,-0.35,2,0.1,0.1,0.15,30,58.86,3068,2799,113,2686,0,626,479,0,1581,0,1,268,26,3094,1581,1105,3094,1722986.23,18034.39,68,166,106,99,89,2158,0,0,0,626,2060,0
306546,25,-0.08,-0.02,-0.6,-0.35,2,0.1,0.1,0.15,30,82.0,3065,2796,62,2734,2082,0,492,0,160,0,1,268,29,3094,2242,492,3094,1849624.13,16930.41,805,430,383,202,164,750,0,0,2082,0,652,0
306547,25,-0.08,-0.02,-0.6,-0.35,2,0.1,0.1,0.15,40,72.5,3071,2802,60,2742,1935,633,97,24,30,23,1,268,23,3094,1988,754,3094,968951.71,12104.61,869,574,443,243,164,127,87,235,1935,633,127,47
306548,25,-0.08,-0.02,-0.6,-0.35,2,0.1,0.1,0.15,40,56.36,3066,2797,116,2681,0,818,289,63,429,1082,1,268,28,3094,1511,1170,3094,1612259.27,17995.82,68,166,106,99,89,98,132,1923,0,818,718,1145
306549,25,-0.08,-0.02,-0.6,-0.35,2,0.1,0.1,0.15,40,83.75,3065,2796,63,2733,2195,0,338,106,40,54,1,268,29,3094,2289,444,3094,1926863.98,17563.8,805,430,383,202,164,98,67,584,2195,0,378,160
306550,25,-0.08,-0.02,-0.6,-0.35,2,0.1,0.1,0.15,50,71.99,3071,2802,60,2742,1937,647,0,121,0,37,1,268,23,3094,1974,768,3094,944694.15,11957.3,869,574,443,243,164,127,87,235,1937,647,0,158
306551,25,-0.08,-0.02,-0.6,-0.35,2,0.1,0.1,0.15,50,54.53,3066,2797,116,2681,0,864,0,355,0,1462,1,268,28,3094,1462,1219,3094,1492193.81,17128.07,68,166,106,99,89,98,132,1923,0,864,0,1817
306552,25,-0.08,-0.02,-0.6,-0.35,2,0.1,0.1,0.15,50,83.61,3065,2796,63,2733,2198,0,0,448,0,87,1,268,29,3094,2285,448,3094,1849902.09,17147.9,805,430,383,202,164,98,67,584,2198,0,0,535
306553,25,-0.08,-0.02,-0.6,-0.35,2,0.1,0.1,0.15,60,71.99,3071,2802,60,2742,1937,647,0,121,0,37,1,268,23,3094,1974,768,3094,944694.15,11957.3,869,574,443,243,164,127,87,235,1937,647,0,158
306554,25,-0.08,-0.02,-0.6,-0.35,2,0.1,0.1,0.15,60,54.53,3066,2797,116,2681,0,864,0,355,0,1462,1,268,28,3094,1462,1219,3094,1492193.81,17128.07,68,166,106,99,89,98,132,1923,0,864,0,1817
306555,25,-0.08,-0.02,-0.6,-0.35,2,0.1,0.1,0.15,60,83.61,3065,2796,63,2733,2198,0,0,448,0,87,1,268,29,3094,2285,448,3094,1849902.09,17147.9,805,430,383,202,164,98,67,584,2198,0,0,535
306556,25,-0.08,-0.02,-0.6,-0.35,2,0.1,0.2,0.15,20,66.17,3071,2802,74,2728,845,436,487,0,960,0,1,268,23,3094,1805,923,3094,1664030.95,17234.91,210,400,409,1709,0,0,0,0,845,436,1447,0
306557,25,-0.08,-0.02,-0.6,-0.35,2,0.1,0.2,0.15,20,65.59,3071,2802,82,2720,0,439,497,0,1784,0,1,268,23,3094,1784,936,3094,1827956.91,18738.24,68,166,106,2380,0,0,0,0,0,439,2281,0
306558,25,-0.08,-0.02,-0.6,-0.35,2,0.1,0.2,0.15,20,71.75,3065,2796,74,2722,887,0,769,0,1066,0,1,268,29,3094,1953,769,3094,2218195.19,20575.37,142,238,318,2024,0,0,0,0,887,0,1835,0
306559,25,-0.08,-0.02,-0.6,-0.35,2,0.1,0.2,0.15,30,61.57,3071,2802,96,2706,1132,613,427,0,534,0,1,268,23,3094,1666,1040,3094,1682436.94,17823.08,210,400,409,262,246,1179,0,0,1132,613,961,0
306560,25,-0.08,-0.02,-0.6,-0.35,2,0.1,0.2,0.15,30,58.86,3068,2799,113,2686,0,626,479,0,1581,0,1,268,26,3094,1581,1105,3094,1722986.23,18034.39,68,166,106,99,89,2158,0,0,0,626,2060,0
306561,25,-0.08,-0.02,-0.6,-0.35,2,0.1,0.2,0.15,30,71.97,3065,2796,99,2697,1248,0,756,0,693,0,1,268,29,3094,1941,756,3094,2765660.85,23971.05,142,238,318,189,198,1612,0,0,1248,0,1449,0
306562,25,-0.08,-0.02,-0.6,-0.35,2,0.1,0.2,0.15,40,60.67,3071,2802,99,2703,1243,773,234,56,166,231,1,268,23,3094,1640,1063,3094,1625601.52,18011.31,210,400,409,262,246,218,167,791,1243,773,400,287
306563,25,-0.08,-0.02,-0.6,-0.35,2,0.1,0.2,0.15,40,56.36,3066,2797,116,2681,0,818,289,63,429,1082,1,268,28,3094,1511,1170,3094,1612259.27,17995.82,68,166,106,99,89,98,132,1923,0,818,718,1145
306564,25,-0.08,-0.02,-0.6,-0.35,2,0.1,0.2,0.15,40,72.09,3065,2796,102,2694,1401,0,588,164,192,349,1,268,29,3094,1942,752,3094,2868082.37,25058.0,142,238,318,189,198,163,98,1348,1401,0,780,513
306565,25,-0.08,-0.02,-0.6,-0.35,2,0.1,0.2,0.15,50,59.6,3071,2802,99,2703,1249,811,0,281,0,362,1,268,23,3094,1611,1092,3094,1559239.88,17586.58,210,400,409,262,246,218,167,791,1249,811,0,643
306566,25,-0.08,-0.02,-0.6,-0.35,2,0.1,0.2,0.15,50,54.53,3066,2797,116,2681,0,864,0,355,0,1462,1,268,28,3094,1462,1219,3094,1492193.81,17128.07,68,166,106,99,89,98,132,1923,0,864,0,1817
306567,25,-0.08,-0.02,-0.6,-0.35,2,0.1,0.2,0.15,50,71.46,3065,2796,102,2694,1407,0,0,769,0,518,1,268,29,3094,1925,769,3094,2684564.97,24037.05,142,238,318,189,198,163,98,1348,1407,0,0,1287
306568,25,-0.08,-0.02,-0.6,-0.35,2,0.1,0.2,0.15,60,59.6,3071,2802,99,2703,1249,811,0,281,0,362,1,268,23,3094,1611,1092,3094,1559239.88,17586.58,210,400,409,262,246,218,167,791,1249,811,0,643
306569,25,-0.08,-0.02,-0.6,-0.35,2,0.1,0.2,0.15,60,54.53,3066,2797,116,2681,0,864,0,355,0,1462,1,268,28,3094,1462,1219,3094,1492193.81,17128.07,68,166,106,99,89,98,132,1923,0,864,0,1817
306570,25,-0.08,-0.02,-0.6,-0.35,2,0.1,0.2,0.15,60,71.46,3065,2796,102,2694,1407,0,0,769,0,518,1,268,29,3094,1925,769,3094,2684564.97,24037.05,142,238,318,189,198,163,98,1348,1407,0,0,1287
306571,25,-0.08,-0.02,-0.6,-0.35,2,0.2,0.1,0.15,20,67.71,3071,2802,46,2756,1621,417,473,0,245,0,1,268,23,3094,1866,890,3094,800485.39,8234.26,838,546,414,958,0,0,0,0,1621,417,718,0
306572,25,-0.08,-0.02,-0.6,-0.35,2,0.2,0.1,0.15,20,61.62,3071,2802,82,2720,0,439,605,0,1676,0,1,268,23,3094,1676,1044,3094,1367126.31,14094.89,68,166,106,2380,0,0,0,0,0,439,2281,0
306573,25,-0.08,-0.02,-0.6,-0.35,2,0.2,0.1,0.15,20,71.35,3065,2796,46,2750,1682,0,788,0,280,0,1,268,29,3094,1962,788,3094,1063898.27,10923.85,771,393,332,1254,0,0,0,0,1682,0,1068,0
306574,25,-0.08,-0.02,-0.6,-0.35,2,0.2,0.1,0.15,30,69.33,3071,2802,60,2742,1797,557,284,0,104,0,1,268,23,3094,1901,841,3094,783527.79,8062.53,838,546,414,240,170,534,0,0,1797,557,388,0
306575,25,-0.08,-0.02,-0.6,-0.35,2,0.2,0.1,0.15,30,56.44,3068,2799,113,2686,0,626,544,0,1516,0,1,268,26,3094,1516,1170,3094,1189120.0,12273.97,68,166,106,99,89,2158,0,0,0,626,2060,0
306576,25,-0.08,-0.02,-0.6,-0.35,2,0.2,0.1,0.15,30,76.14,3065,2796,63,2733,1927,0,652,0,154,0,1,268,29,3094,2081,652,3094,1249450.12,12819.61,771,393,332,186,141,910,0,0,1927,0,806,0
306577,25,-0.08,-0.02,-0.6,-0.35,2,0.2,0.1,0.15,40,69.5,3071,2802,61,2741,1852,662,129,45,24,29,1,268,23,3094,1905,836,3094,743167.29,7657.95,838,546,414,240,170,146,93,294,1852,662,153,74
306578,25,-0.08,-0.02,-0.6,-0.35,2,0.2,0.1,0.15,40,53.23,3066,2797,116,2681,0,818,336,100,382,1045,1,268,28,3094,1427,1254,3094,1109790.93,11419.21,68,166,106,99,89,98,132,1923,0,818,718,1145
306579,25,-0.08,-0.02,-0.6,-0.35,2,0.2,0.1,0.15,40,77.75,3065,2796,64,2732,2027,0,424,184,29,68,1,268,29,3094,2124,608,3094,1268983.78,13025.61,771,393,332,186,141,104,56,749,2027,0,453,252
306580,25,-0.08,-0.02,-0.6,-0.35,2,0.2,0.1,0.15,50,69.17,3071,2802,61,2741,1854,678,0,167,0,42,1,268,23,3094,1896,845,3094,724395.24,7463.81,838,546,414,240,170,146,93,294,1854,678,0,209
306581,25,-0.08,-0.02,-0.6,-0.35,2,0.2,0.1,0.15,50,51.77,3066,2797,116,2681,0,864,0,429,0,1388,1,268,28,3094,1388,1293,3094,1025526.12,10534.9,68,166,106,99,89,98,132,1923,0,864,0,1817
306582,25,-0.08,-0.02,-0.6,-0.35,2,0.2,0.1,0.15,50,77.42,3065,2796,64,2732,2029,0,0,617,0,86,1,268,29,3094,2115,617,3094,1216817.5,12490.97,771,393,332,186,141,104,56,749,2029,0,0,703
306583,25,-0.08,-0.02,-0.6,-0.35,2,0.2,0.1,0.15,60,69.17,3071,2802,61,2741,1854,678,0,167,0,42,1,268,23,3094,1896,845,3094,724395.24,7463.81,838,546,414,240,170,146,93,294,1854,678,0,209
306584,25,-0.08,-0.02,-0.6,-0.35,2,0.2,0.1,0.15,60,51.77,3066,2797,116,2681,0,864,0,429,0,1388,1,268,28,3094,1388,1293,3094,1025526.12,10534.9,68,166,106,99,89,98,132,1923,0,864,0,1817
306585,25,-0.08,-0.02,-0.6,-0.35,2,0.2,0.1,0.15,60,77.42,3065,2796,64,2732,2029,0,0,617,0,86,1,268,29,3094,2115,617,3094,1216817.5,12490.97,771,393,332,186,141,104,56,749,2029,0,0,703
306586,25,-0.08,-0.02,-0.6,-0.35,2,0.2,0.2,0.15,20,62.21,3071,2802,74,2728,778,437,594,0,919,0,1,268,23,3094,1697,1031,3094,1239017.18,12757.01,206,386,375,1761,0,0,0,0,778,437,1513,0
306587,25,-0.08,-0.02,-0.6,-0.35,2,0.2,0.2,0.15,20,61.62,3071,2802,82,2720,0,439,605,0,1676,0,1,268,23,3094,1676,1044,3094,1367126.31,14094.89,68,166,106,2380,0,0,0,0,0,439,2281,0
306588,25,-0.08,-0.02,-0.6,-0.35,2,0.2,0.2,0.15,20,65.83,3065,2796,74,2722,795,0,930,0,997,0,1,268,29,3094,1792,930,3094,1523375.01,15659.57,138,223,274,2087,0,0,0,0,795,0,1927,0
306589,25,-0.08,-0.02,-0.6,-0.35,2,0.2,0.2,0.15,30,58.98,3071,2802,96,2706,1048,617,493,0,548,0,1,268,23,3094,1596,1110,3094,1203215.27,12391.26,206,386,375,248,234,1257,0,0,1048,617,1041,0
306590,25,-0.08,-0.02,-0.6,-0.35,2,0.2,0.2,0.15,30,56.44,3068,2799,113,2686,0,626,544,0,1516,0,1,268,26,3094,1516,1170,3094,1189120.0,12273.97,68,166,106,99,89,2158,0,0,0,626,2060,0
306591,25,-0.08,-0.02,-0.6,-0.35,2,0.2,0.2,0.15,30,66.15,3065,2796,99,2697,1111,0,913,0,673,0,1,268,29,3094,1784,913,3094,1753356.32,18000.94,138,223,274,160,174,1728,0,0,1111,0,1586,0
306592,25,-0.08,-0.02,-0.6,-0.35,2,0.2,0.2,0.15,40,57.31,3071,2802,99,2703,1152,783,280,91,144,253,1,268,23,3094,1549,1154,3094,1148949.45,11853.05,206,386,375,248,234,216,173,865,1152,783,424,344
306593,25,-0.08,-0.02,-0.6,-0.35,2,0.2,0.2,0.15,40,53.23,3066,2797,116,2681,0,818,336,100,382,1045,1,268,28,3094,1427,1254,3094,1109790.93,11419.21,68,166,106,99,89,98,132,1923,0,818,718,1145
306594,25,-0.08,-0.02,-0.6,-0.35,2,0.2,0.2,0.15,40,65.78,3065,2796,102,2694,1245,0,668,254,155,372,1,268,29,3094,1772,922,3094,1780756.71,18299.47,138,223,274,160,174,142,98,1485,1245,0,823,626
306595,25,-0.08,-0.02,-0.6,-0.35,2,0.2,0.2,0.15,50,56.42,3071,2802,99,2703,1159,822,0,356,0,366,1,268,23,3094,1525,1178,3094,1104537.94,11392.87,206,386,375,248,234,216,173,865,1159,822,0,722
306596,25,-0.08,-0.02,-0.6,-0.35,2,0.2,0.2,0.15,50,51.77,3066,2797,116,2681,0,864,0,429,0,1388,1,268,28,3094,1388,1293,3094,1025526.12,10534.9,68,166,106,99,89,98,132,1923,0,864,0,1817
306597,25,-0.08,-0.02,-0.6,-0.35,2,0.2,0.2,0.15,50,64.81,3065,2796,102,2694,1252,0,0,948,0,494,1,268,29,3094,1746,948,3094,1673454.77,17198.03,138,223,274,160,174,142,98,1485,1252,0,0,1442
306598,25,-0.08,-0.02,-0.6,-0.35,2,0.2,0.2,0.15,60,56.42,3071,2802,99,2703,1159,822,0,356,0,366,1,268,23,3094,1525,1178,3094,1104537.94,11392.87,206,386,375,248,234,216,173,865,1159,822,0,722
306599,25,-0.08,-0.02,-0.6,-0.35,2,0.2,0.2,0.15,60,51.77,3066,2797,116,2681,0,864,0,429,0,1388,1,268,28,3094,1388,1293,3094,1025526.12,10534.9,68,166,106,99,89,98,132,1923,0,864,0,1817
306600,25,-0.08,-0.02,-0.6,-0.35,2,0.2,0.2,0.15,60,64.81,3065,2796,102,2694,1252,0,0,948,0,494,1,268,29,3094,1746,948,3094,1673454.77,17198.03,138,223,274,160,174,142,98,1485,1252,0,0,1442
306601,25,-0.08,-0.02,-0.6,-0.3,1,0.1,0.1,0.15,20,66.75,3883,3600,57,3543,1979,522,656,0,386,0,1,282,30,3913,2365,1178,3913,955493.23,9805.37,1013,678,514,1338,0,0,0,0,1979,522,1042,0
306602,25,-0.08,-0.02,-0.6,-0.3,1,0.1,0.1,0.15,20,61.08,3883,3600,98,3502,0,553,810,0,2139,0,1,282,30,3913,2139,1363,3913,1555721.91,16023.64,92,207,139,3064,0,0,0,0,0,553,2949,0
306603,25,-0.08,-0.02,-0.6,-0.3,1,0.1,0.1,0.15,20,69.89,3877,3594,57,3537,2045,0,1065,0,427,0,1,282,36,3913,2472,1065,3913,1240941.28,12699.39,922,487,404,1724,0,0,0,0,2045,0,1492,0
306604,25,-0.08,-0.02,-0.6,-0.3,1,0.1,0.1,0.15,30,67.84,3883,3600,74,3526,2233,696,438,0,159,0,1,282,30,3913,2392,1134,3913,942188.64,9680.95,1013,678,514,296,231,794,0,0,2233,696,597,0
306605,25,-0.08,-0.02,-0.6,-0.3,1,0.1,0.1,0.15,30,55.62,3880,3597,134,3463,0,784,753,0,1926,0,1,282,33,3913,1926,1537,3913,1314558.7,13580.18,92,207,139,115,111,2799,0,0,0,784,2679,0
306606,25,-0.08,-0.02,-0.6,-0.3,1,0.1,0.1,0.15,30,73.93,3877,3594,77,3517,2382,0,917,0,218,0,1,282,36,3913,2600,917,3913,1479096.75,15138.0,922,487,404,232,190,1282,0,0,2382,0,1135,0
306607,25,-0.08,-0.02,-0.6,-0.3,1,0.1,0.1,0.15,40,67.91,3883,3600,75,3525,2316,852,208,71,37,41,1,282,30,3913,2394,1131,3913,858278.75,8832.61,1013,678,514,296,231,197,147,449,2316,852,245,112
306608,25,-0.08,-0.02,-0.6,-0.3,1,0.1,0.1,0.15,40,52.0,3878,3595,137,3458,0,1049,469,142,517,1281,1,282,35,3913,1798,1660,3913,1144855.71,11789.76,92,207,139,115,111,120,187,2487,0,1049,986,1423
306609,25,-0.08,-0.02,-0.6,-0.3,1,0.1,0.1,0.15,40,75.51,3877,3594,78,3516,2520,0,594,267,44,91,1,282,36,3913,2655,861,3913,1488382.84,15239.31,922,487,404,232,190,147,84,1050,2520,0,638,358
306610,25,-0.08,-0.02,-0.6,-0.3,1,0.1,0.1,0.15,50,67.66,3883,3600,75,3525,2318,874,0,266,0,67,1,282,30,3913,2385,1140,3913,831332.13,8553.3,1013,678,514,296,231,197,147,449,2318,874,0,333
306611,25,-0.08,-0.02,-0.6,-0.3,1,0.1,0.1,0.15,50,50.64,3878,3595,137,3458,0,1109,0,598,0,1751,1,282,35,3913,1751,1707,3913,1028722.9,10568.34,92,207,139,115,111,120,187,2487,0,1109,0,2349
306612,25,-0.08,-0.02,-0.6,-0.3,1,0.1,0.1,0.15,50,75.26,3877,3594,78,3516,2522,0,0,870,0,124,1,282,36,3913,2646,870,3913,1420448.64,14541.26,922,487,404,232,190,147,84,1050,2522,0,0,994
306613,25,-0.08,-0.02,-0.6,-0.3,1,0.1,0.1,0.15,60,67.66,3883,3600,75,3525,2318,874,0,266,0,67,1,282,30,3913,2385,1140,3913,831332.13,8553.3,1013,678,514,296,231,197,147,449,2318,874,0,333
306614,25,-0.08,-0.02,-0.6,-0.3,1,0.1,0.1,0.15,60,50.64,3878,3595,137,3458,0,1109,0,598,0,1751,1,282,35,3913,1751,1707,3913,1028722.9,10568.34,92,207,139,115,111,120,187,2487,0,1109,0,2349
306615,25,-0.08,-0.02,-0.6,-0.3,1,0.1,0.1,0.15,60,75.26,3877,3594,78,3516,2522,0,0,870,0,124,1,282,36,3913,2646,870,3913,1420448.64,14541.26,922,487,404,232,190,147,84,1050,2522,0,0,994
306616,25,-0.08,-0.02,-0.6,-0.3,1,0.1,0.2,0.15,20,61.55,3883,3600,89,3511,921,551,799,0,1240,0,1,282,30,3913,2161,1350,3913,1450911.97,14927.24,242,461,464,2344,0,0,0,0,921,551,2039,0
306617,25,-0.08,-0.02,-0.6,-0.3,1,0.1,0.2,0.15,20,61.08,3883,3600,98,3502,0,553,810,0,2139,0,1,282,30,3913,2139,1363,3913,1555721.91,16023.64,92,207,139,3064,0,0,0,0,0,553,2949,0
306618,25,-0.08,-0.02,-0.6,-0.3,1,0.1,0.2,0.15,20,64.71,3877,3594,89,3505,938,0,1237,0,1330,0,1,282,36,3913,2268,1237,3913,1755906.96,18022.42,150,257,330,2768,0,0,0,0,938,0,2567,0
306619,25,-0.08,-0.02,-0.6,-0.3,1,0.1,0.2,0.15,30,57.84,3883,3600,116,3484,1247,774,695,0,768,0,1,282,30,3913,2015,1469,3913,1391547.02,14357.23,242,461,464,305,285,1727,0,0,1247,774,1463,0
306620,25,-0.08,-0.02,-0.6,-0.3,1,0.1,0.2,0.15,30,55.62,3880,3597,134,3463,0,784,753,0,1926,0,1,282,33,3913,1926,1537,3913,1314558.7,13580.18,92,207,139,115,111,2799,0,0,0,784,2679,0
306621,25,-0.08,-0.02,-0.6,-0.3,1,0.1,0.2,0.15,30,64.23,3877,3594,119,3475,1313,0,1243,0,919,0,1,282,36,3913,2232,1243,3913,2011683.35,20658.78,150,257,330,201,206,2331,0,0,1313,0,2162,0
306622,25,-0.08,-0.02,-0.6,-0.3,1,0.1,0.2,0.15,40,55.79,3883,3600,119,3481,1388,1010,400,129,201,353,1,282,30,3913,1942,1539,3913,1281415.18,13256.79,242,461,464,305,285,264,242,1218,1388,1010,601,482
306623,25,-0.08,-0.02,-0.6,-0.3,1,0.1,0.2,0.15,40,52.0,3878,3595,137,3458,0,1049,469,142,517,1281,1,282,35,3913,1798,1660,3913,1144855.71,11789.76,92,207,139,115,111,120,187,2487,0,1049,986,1423
306624,25,-0.08,-0.02,-0.6,-0.3,1,0.1,0.2,0.15,40,63.68,3877,3594,122,3472,1487,0,905,356,215,509,1,282,36,3913,2211,1261,3913,2026450.58,20833.48,150,257,330,201,206,169,127,2032,1487,0,1120,865
306625,25,-0.08,-0.02,-0.6,-0.3,1,0.1,0.2,0.15,50,55.04,3883,3600,119,3481,1396,1061,0,504,0,520,1,282,30,3913,1916,1565,3913,1219693.01,12616.49,242,461,464,305,285,264,242,1218,1396,1061,0,1024
306626,25,-0.08,-0.02,-0.6,-0.3,1,0.1,0.2,0.15,50,50.64,3878,3595,137,3458,0,1109,0,598,0,1751,1,282,35,3913,1751,1707,3913,1028722.9,10568.34,92,207,139,115,111,120,187,2487,0,1109,0,2349
306627,25,-0.08,-0.02,-0.6,-0.3,1,0.1,0.2,0.15,50,62.87,3877,3594,122,3472,1495,0,0,1289,0,688,1,282,36,3913,2183,1289,3913,1892485.17,19455.49,150,257,330,201,206,169,127,2032,1495,0,0,1977
306628,25,-0.08,-0.02,-0.6,-0.3,1,0.1,0.2,0.15,60,55.04,3883,3600,119,3481,1396,1061,0,504,0,520,1,282,30,3913,1916,1565,3913,1219693.01,12616.49,242,461,464,305,285,264,242,1218,1396,1061,0,1024
306629,25,-0.08,-0.02,-0.6,-0.3,1,0.1,0.2,0.15,60,50.64,3878,3595,137,3458,0,1109,0,598,0,1751,1,282,35,3913,1751,1707,3913,1028722.9,10568.34,92,207,139,115,111,120,187,2487,0,1109,0,2349
306630,25,-0.08,-0.02,-0.6,-0.3,1,0.1,0.2,0.15,60,62.87,3877,3594,122,3472,1495,0,0,1289,0,688,1,282,36,3913,2183,1289,3913,1892485.17,19455.49,150,257,330,201,206,169,127,2032,1495,0,0,1977
306631,25,-0.08,-0.02,-0.6,-0.3,1,0.2,0.1,0.15,20,66.75,3883,3600,57,3543,1979,522,656,0,386,0,1,282,30,3913,2365,1178,3913,955493.23,9805.37,1013,678,514,1338,0,0,0,0,1979,522,1042,0
306632,25,-0.08,-0.02,-0.6,-0.3,1,0.2,0.1,0.15,20,61.08,3883,3600,98,3502,0,553,810,0,2139,0,1,282,30,3913,2139,1363,3913,1555721.91,16023.64,92,207,139,3064,0,0,0,0,0,553,2949,0
306633,25,-0.08,-0.02,-0.6,-0.3,1,0.2,0.1,0.15,20,69.89,3877,3594,57,3537,2045,0,1065,0,427,0,1,282,36,3913,2472,1065,3913,1240941.28,12699.39,922,487,404,1724,0,0,0,0,2045,0,1492,0
306634,25,-0.08,-0.02,-0.6,-0.3,1,0.2,0.1,0.15,30,67.84,3883,3600,74,3526,2233,696,438,0,159,0,1,282,30,3913,2392,1134,3913,942188.64,9680.95,1013,678,514,296,231,794,0,0,2233,696,597,0
306635,25,-0.08,-0.02,-0.6,-0.3,1,0.2,0.1,0.15,30,55.62,3880,3597,134,3463,0,784,753,0,1926,0,1,282,33,3913,1926,1537,3913,1314558.7,13580.18,92,207,139,115,111,2799,0,0,0,784,2679,0
306636,25,-0.08,-0.02,-0.6,-0.3,1,0.2,0.1,0.15,30,73.93,3877,3594,77,3517,2382,0,917,0,218,0,1,282,36,3913,2600,917,3913,1479096.75,15138.0,922,487,404,232,190,1282,0,0,2382,0,1135,0
306637,25,-0.08,-0.02,-0.6,-0.3,1,0.2,0.1,0.15,40,67.91,3883,3600,75,3525,2316,852,208,71,37,41,1,282,30,3913,2394,1131,3913,858278.75,8832.61,1013,678,514,296,231,197,147,449,2316,852,245,112
306638,25,-0.08,-0.02,-0.6,-0.3,1,0.2,0.1,0.15,40,52.0,3878,3595,137,3458,0,1049,469,142,517,1281,1,282,35,3913,1798,1660,3913,1144855.71,11789.76,92,207,139,115,111,120,187,2487,0,1049,986,1423
306639,25,-0.08,-0.02,-0.6,-0.3,1,0.2,0.1,0.15,40,75.51,3877,3594,78,3516,2520,0,594,267,44,91,1,282,36,3913,2655,861,3913,1488382.84,15239.31,922,487,404,232,190,147,84,1050,2520,0,638,358
306640,25,-0.08,-0.02,-0.6,-0.3,1,0.2,0.1,0.15,50,67.66,3883,3600,75,3525,2318,874,0,266,0,67,1,282,30,3913,2385,1140,3913,831332.13,8553.3,1013,678,514,296,231,197,147,449,2318,874,0,333
306641,25,-0.08,-0.02,-0.6,-0.3,1,0.2,0.1,0.15,50,50.64,3878,3595,137,3458,0,1109,0,598,0,1751,1,282,35,3913,1751,1707,3913,1028722.9,10568.34,92,207,139,115,111,120,187,2487,0,1109,0,2349
306642,25,-0.08,-0.02,-0.6,-0.3,1,0.2,0.1,0.15,50,75.26,3877,3594,78,3516,2522,0,0,870,0,124,1,282,36,3913,2646,870,3913,1420448.64,14541.26,922,487,404,232,190,147,84,1050,2522,0,0,994
306643,25,-0.08,-0.02,-0.6,-0.3,1,0.2,0.1,0.15,60,67.66,3883,3600,75,3525,2318,874,0,266,0,67,1,282,30,3913,2385,1140,3913,831332.13,8553.3,1013,678,514,296,231,197,147,449,2318,874,0,333
306644,25,-0.08,-0.02,-0.6,-0.3,1,0.2,0.1,0.15,60,50.64,3878,3595,137,3458,0,1109,0,598,0,1751,1,282,35,3913,1751,1707,3913,1028722.9,10568.34,92,207,139,115,111,120,187,2487,0,1109,0,2349
306645,25,-0.08,-0.02,-0.6,-0.3,1,0.2,0.1,0.15,60,75.26,3877,3594,78,3516,2522,0,0,870,0,124,1,282,36,3913,2646,870,3913,1420448.64,14541.26,922,487,404,232,190,147,84,1050,2522,0,0,994
306646,25,-0.08,-0.02,-0.6,-0.3,1,0.2,0.2,0.15,20,61.55,3883,3600,89,3511,921,551,799,0,1240,0,1,282,30,3913,2161,1350,3913,1450911.97,14927.24,242,461,464,2344,0,0,0,0,921,551,2039,0
306647,25,-0.08,-0.02,-0.6,-0.3,1,0.2,0.2,0.15,20,61.08,3883,3600,98,3502,0,553,810,0,2139,0,1,282,30,3913,2139,1363,3913,1555721.91,16023.64,92,207,139,3064,0,0,0,0,0,553,2949,0
306648,25,-0.08,-0.02,-0.6,-0.3,1,0.2,0.2,0.15,20,64.71,3877,3594,89,3505,938,0,1237,0,1330,0,1,282,36,3913,2268,1237,3913,1755906.96,18022.42,150,257,330,2768,0,0,0,0,938,0,2567,0
306649,25,-0.08,-0.02,-0.6,-0.3,1,0.2,0.2,0.15,30,57.84,3883,3600,116,3484,1247,774,695,0,768,0,1,282,30,3913,2015,1469,3913,1391547.02,14357.23,242,461,464,305,285,1727,0,0,1247,774,1463,0
306650,25,-0.08,-0.02,-0.6,-0.3,1,0.2,0.2,0.15,30,55.62,3880,3597,134,3463,0,784,753,0,1926,0,1,282,33,3913,1926,1537,3913,1314558.7,13580.18,92,207,139,115,111,2799,0,0,0,784,2679,0
306651,25,-0.08,-0.02,-0.6,-0.3,1,0.2,0.2,0.15,30,64.23,3877,3594,119,3475,1313,0,1243,0,919,0,1,282,36,3913,2232,1243,3913,2011683.35,20658.78,150,257,330,201,206,2331,0,0,1313,0,2162,0
306652,25,-0.08,-0.02,-0.6,-0.3,1,0.2,0.2,0.15,40,55.79,3883,3600,119,3481,1388,1010,400,129,201,353,1,282,30,3913,1942,1539,3913,1281415.18,13256.79,242,461,464,305,285,264,242,1218,1388,1010,601,482
306653,25,-0.08,-0.02,-0.6,-0.3,1,0.2,0.2,0.15,40,52.0,3878,3595,137,3458,0,1049,469,142,517,1281,1,282,35,3913,1798,1660,3913,1144855.71,11789.76,92,207,139,115,111,120,187,2487,0,1049,986,1423
306654,25,-0.08,-0.02,-0.6,-0.3,1,0.2,0.2,0.15,40,63.68,3877,3594,122,3472,1487,0,905,356,215,509,1,282,36,3913,2211,1261,3913,2026450.58,20833.48,150,257,330,201,206,169,127,2032,1487,0,1120,865
306655,25,-0.08,-0.02,-0.6,-0.3,1,0.2,0.2,0.15,50,55.04,3883,3600,119,3481,1396,1061,0,504,0,520,1,282,30,3913,1916,1565,3913,1219693.01,12616.49,242,461,464,305,285,264,242,1218,1396,1061,0,1024
306656,25,-0.08,-0.02,-0.6,-0.3,1,0.2,0.2,0.15,50,50.64,3878,3595,137,3458,0,1109,0,598,0,1751,1,282,35,3913,1751,1707,3913,1028722.9,10568.34,92,207,139,115,111,120,187,2487,0,1109,0,2349
306657,25,-0.08,-0.02,-0.6,-0.3,1,0.2,0.2,0.15,50,62.87,3877,3594,122,3472,1495,0,0,1289,0,688,1,282,36,3913,2183,1289,3913,1892485.17,19455.49,150,257,330,201,206,169,127,2032,1495,0,0,1977
306658,25,-0.08,-0.02,-0.6,-0.3,1,0.2,0.2,0.15,60,55.04,3883,3600,119,3481,1396,1061,0,504,0,520,1,282,30,3913,1916,1565,3913,1219693.01,12616.49,242,461,464,305,285,264,242,1218,1396,1061,0,1024
306659,25,-0.08,-0.02,-0.6,-0.3,1,0.2,0.2,0.15,60,50.64,3878,3595,137,3458,0,1109,0,598,0,1751,1,282,35,3913,1751,1707,3913,1028722.9,10568.34,92,207,139,115,111,120,187,2487,0,1109,0,2349
306660,25,-0.08,-0.02,-0.6,-0.3,1,0.2,0.2,0.15,60,62.87,3877,3594,122,3472,1495,0,0,1289,0,688,1,282,36,3913,2183,1289,3913,1892485.17,19455.49,150,257,330,201,206,169,127,2032,1495,0,0,1977
306661,25,-0.08,-0.02,-0.6,-0.3,2,0.1,0.1,0.15,20,70.32,3883,3600,56,3544,2107,514,538,0,385,0,1,282,30,3913,2492,1052,3913,1275533.99,14564.98,1051,715,556,1222,0,0,0,0,2107,514,923,0
306662,25,-0.08,-0.02,-0.6,-0.3,2,0.1,0.1,0.15,20,64.91,3883,3600,98,3502,0,553,676,0,2273,0,1,282,30,3913,2273,1229,3913,2111652.88,21921.66,92,207,139,3064,0,0,0,0,0,553,2949,0
306663,25,-0.08,-0.02,-0.6,-0.3,2,0.1,0.1,0.15,20,75.38,3877,3594,56,3538,2223,0,871,0,444,0,1,282,36,3913,2667,871,3913,1793801.95,17763.48,964,537,470,1567,0,0,0,0,2223,0,1315,0
306664,25,-0.08,-0.02,-0.6,-0.3,2,0.1,0.1,0.15,30,71.0,3883,3600,73,3527,2349,676,347,0,155,0,1,282,30,3913,2504,1023,3913,1260569.11,15030.5,1051,715,556,299,228,678,0,0,2349,676,502,0
306665,25,-0.08,-0.02,-0.6,-0.3,2,0.1,0.1,0.15,30,58.39,3880,3597,134,3463,0,784,657,0,2022,0,1,282,33,3913,2022,1441,3913,1974053.16,20901.35,92,207,139,115,111,2799,0,0,0,784,2679,0
306666,25,-0.08,-0.02,-0.6,-0.3,2,0.1,0.1,0.15,30,79.99,3877,3594,76,3518,2585,0,704,0,229,0,1,282,36,3913,2814,704,3913,2230018.11,20636.0,964,537,470,252,224,1071,0,0,2585,0,933,0
306667,25,-0.08,-0.02,-0.6,-0.3,2,0.1,0.1,0.15,40,70.99,3883,3600,74,3526,2421,816,163,44,47,35,1,282,30,3913,2503,1023,3913,1137111.99,14676.14,1051,715,556,299,228,176,129,372,2421,816,210,79
306668,25,-0.08,-0.02,-0.6,-0.3,2,0.1,0.1,0.15,40,55.15,3878,3595,137,3458,0,1049,409,93,577,1330,1,282,35,3913,1907,1551,3913,1740420.41,20223.67,92,207,139,115,111,120,187,2487,0,1049,986,1423
306669,25,-0.08,-0.02,-0.6,-0.3,2,0.1,0.1,0.15,40,81.63,3877,3594,77,3517,2730,0,486,160,60,81,1,282,36,3913,2871,646,3913,2285508.73,21242.86,964,537,470,252,224,138,88,844,2730,0,546,241
306670,25,-0.08,-0.02,-0.6,-0.3,2,0.1,0.1,0.15,50,70.5,3883,3600,74,3526,2423,835,0,205,0,63,1,282,30,3913,2486,1040,3913,1101788.56,14482.71,1051,715,556,299,228,176,129,372,2423,835,0,268
306671,25,-0.08,-0.02,-0.6,-0.3,2,0.1,0.1,0.15,50,53.35,3878,3595,137,3458,0,1109,0,504,0,1845,1,282,35,3913,1845,1613,3913,1575205.55,19056.09,92,207,139,115,111,120,187,2487,0,1109,0,2349
306672,25,-0.08,-0.02,-0.6,-0.3,2,0.1,0.1,0.15,50,81.46,3877,3594,77,3517,2733,0,0,652,0,132,1,282,36,3913,2865,652,3913,2185746.48,20720.43,964,537,470,252,224,138,88,844,2733,0,0,784
306673,25,-0.08,-0.02,-0.6,-0.3,2,0.1,0.1,0.15,60,70.5,3883,3600,74,3526,2423,835,0,205,0,63,1,282,30,3913,2486,1040,3913,1101788.56,14482.71,1051,715,556,299,228,176,129,372,2423,835,0,268
306674,25,-0.08,-0.02,-0.6,-0.3,2,0.1,0.1,0.15,60,53.35,3878,3595,137,3458,0,1109,0,504,0,1845,1,282,35,3913,1845,1613,3913,1575205.55,19056.09,92,207,139,115,111,120,187,2487,0,1109,0,2349
306675,25,-0.08,-0.02,-0.6,-0.3,2,0.1,0.1,0.15,60,81.46,3877,3594,77,3517,2733,0,0,652,0,132,1,282,36,3913,2865,652,3913,2185746.48,20720.43,964,537,470,252,224,138,88,844,2733,0,0,784
306676,25,-0.08,-0.02,-0.6,-0.3,2,0.1,0.2,0.15,20,65.37,3883,3600,89,3511,995,550,666,0,1300,0,1,282,30,3913,2295,1216,3913,1966321.61,20624.49,246,479,498,2288,0,0,0,0,995,550,1966,0
306677,25,-0.08,-0.02,-0.6,-0.3,2,0.1,0.2,0.15,20,64.91,3883,3600,98,3502,0,553,676,0,2273,0,1,282,30,3913,2273,1229,3913,2111652.88,21921.66,92,207,139,3064,0,0,0,0,0,553,2949,0
306678,25,-0.08,-0.02,-0.6,-0.3,2,0.1,0.2,0.15,20,70.44,3877,3594,89,3505,1040,0,1036,0,1429,0,1,282,36,3913,2469,1036,3913,2552983.07,24256.41,154,276,376,2699,0,0,0,0,1040,0,2465,0
306679,25,-0.08,-0.02,-0.6,-0.3,2,0.1,0.2,0.15,30,60.82,3883,3600,116,3484,1348,769,596,0,771,0,1,282,30,3913,2119,1365,3913,2002481.32,21363.52,246,479,498,322,304,1635,0,0,1348,769,1367,0
306680,25,-0.08,-0.02,-0.6,-0.3,2,0.1,0.2,0.15,30,58.39,3880,3597,134,3463,0,784,657,0,2022,0,1,282,33,3913,2022,1441,3913,1974053.16,20901.35,92,207,139,115,111,2799,0,0,0,784,2679,0
306681,25,-0.08,-0.02,-0.6,-0.3,2,0.1,0.2,0.15,30,70.24,3877,3594,119,3475,1477,0,1034,0,964,0,1,282,36,3913,2441,1034,3913,3224993.8,28406.06,154,276,376,234,242,2193,0,0,1477,0,1998,0
306682,25,-0.08,-0.02,-0.6,-0.3,2,0.1,0.2,0.15,40,59.15,3883,3600,119,3481,1507,998,339,85,234,318,1,282,30,3913,2059,1422,3913,1862281.77,21257.8,246,479,498,322,304,268,241,1123,1507,998,573,403
306683,25,-0.08,-0.02,-0.6,-0.3,2,0.1,0.2,0.15,40,55.15,3878,3595,137,3458,0,1049,409,93,577,1330,1,282,35,3913,1907,1551,3913,1740420.41,20223.67,92,207,139,115,111,120,187,2487,0,1049,986,1423
306684,25,-0.08,-0.02,-0.6,-0.3,2,0.1,0.2,0.15,40,70.13,3877,3594,122,3472,1683,0,799,238,271,481,1,282,36,3913,2435,1037,3913,3330557.37,29668.46,154,276,376,234,242,195,134,1861,1683,0,1070,719
306685,25,-0.08,-0.02,-0.6,-0.3,2,0.1,0.2,0.15,50,58.06,3883,3600,119,3481,1514,1047,0,413,0,507,1,282,30,3913,2021,1460,3913,1768836.68,20699.21,246,479,498,322,304,268,241,1123,1514,1047,0,920
306686,25,-0.08,-0.02,-0.6,-0.3,2,0.1,0.2,0.15,50,53.35,3878,3595,137,3458,0,1109,0,504,0,1845,1,282,35,3913,1845,1613,3913,1575205.55,19056.09,92,207,139,115,111,120,187,2487,0,1109,0,2349
306687,25,-0.08,-0.02,-0.6,-0.3,2,0.1,0.2,0.15,50,69.41,3877,3594,122,3472,1690,0,0,1062,0,720,1,282,36,3913,2410,1062,3913,3101330.06,28418.32,154,276,376,234,242,195,134,1861,1690,0,0,1782
306688,25,-0.08,-0.02,-0.6,-0.3,2,0.1,0.2,0.15,60,58.06,3883,3600,119,3481,1514,1047,0,413,0,507,1,282,30,3913,2021,1460,3913,1768836.68,20699.21,246,479,498,322,304,268,241,1123,1514,1047,0,920
306689,25,-0.08,-0.02,-0.6,-0.3,2,0.1,0.2,0.15,60,53.35,3878,3595,137,3458,0,1109,0,504,0,1845,1,282,35,3913,1845,1613,3913,1575205.55,19056.09,92,207,139,115,111,120,187,2487,0,1109,0,2349
306690,25,-0.08,-0.02,-0.6,-0.3,2,0.1,0.2,0.15,60,69.41,3877,3594,122,3472,1690,0,0,1062,0,720,1,282,36,3913,2410,1062,3913,3101330.06,28418.32,154,276,376,234,242,195,134,1861,1690,0,0,1782
306691,25,-0.08,-0.02,-0.6,-0.3,2,0.2,0.1,0.15,20,66.75,3883,3600,57,3543,1979,522,656,0,386,0,1,282,30,3913,2365,1178,3913,955493.23,9805.37,1013,678,514,1338,0,0,0,0,1979,522,1042,0
306692,25,-0.08,-0.02,-0.6,-0.3,2,0.2,0.1,0.15,20,61.08,3883,3600,98,3502,0,553,810,0,2139,0,1,282,30,3913,2139,1363,3913,1555721.91,16023.64,92,207,139,3064,0,0,0,0,0,553,2949,0
306693,25,-0.08,-0.02,-0.6,-0.3,2,0.2,0.1,0.15,20,69.89,3877,3594,57,3537,2045,0,1065,0,427,0,1,282,36,3913,2472,1065,3913,1240941.28,12699.39,922,487,404,1724,0,0,0,0,2045,0,1492,0
306694,25,-0.08,-0.02,-0.6,-0.3,2,0.2,0.1,0.15,30,67.84,3883,3600,74,3526,2233,696,438,0,159,0,1,282,30,3913,2392,1134,3913,942188.64,9680.95,1013,678,514,296,231,794,0,0,2233,696,597,0
306695,25,-0.08,-0.02,-0.6,-0.3,2,0.2,0.1,0.15,30,55.62,3880,3597,134,3463,0,784,753,0,1926,0,1,282,33,3913,1926,1537,3913,1314558.7,13580.18,92,207,139,115,111,2799,0,0,0,784,2679,0
306696,25,-0.08,-0.02,-0.6,-0.3,2,0.2,0.1,0.15,30,73.93,3877,3594,77,3517,2382,0,917,0,218,0,1,282,36,3913,2600,917,3913,1479096.75,15138.0,922,487,404,232,190,1282,0,0,2382,0,1135,0
306697,25,-0.08,-0.02,-0.6,-0.3,2,0.2,0.1,0.15,40,67.91,3883,3600,75,3525,2316,852,208,71,37,41,1,282,30,3913,2394,1131,3913,858278.75,8832.61,1013,678,514,296,231,197,147,449,2316,852,245,112
306698,25,-0.08,-0.02,-0.6,-0.3,2,0.2,0.1,0.15,40,52.0,3878,3595,137,3458,0,1049,469,142,517,1281,1,282,35,3913,1798,1660,3913,1144855.71,11789.76,92,207,139,115,111,120,187,2487,0,1049,986,1423
306699,25,-0.08,-0.02,-0.6,-0.3,2,0.2,0.1,0.15,40,75.51,3877,3594,78,3516,2520,0,594,267,44,91,1,282,36,3913,2655,861,3913,1488382.84,15239.31,922,487,404,232,190,147,84,1050,2520,0,638,358
306700,25,-0.08,-0.02,-0.6,-0.3,2,0.2,0.1,0.15,50,67.66,3883,3600,75,3525,2318,874,0,266,0,67,1,282,30,3913,2385,1140,3913,831332.13,8553.3,1013,678,514,296,231,197,147,449,2318,874,0,333
306701,25,-0.08,-0.02,-0.6,-0.3,2,0.2,0.1,0.15,50,50.64,3878,3595,137,3458,0,1109,0,598,0,1751,1,282,35,3913,1751,1707,3913,1028722.9,10568.34,92,207,139,115,111,120,187,2487,0,1109,0,2349
306702,25,-0.08,-0.02,-0.6,-0.3,2,0.2,0.1,0.15,50,75.26,3877,3594,78,3516,2522,0,0,870,0,124,1,282,36,3913,2646,870,3913,1420448.64,14541.26,922,487,404,232,190,147,84,1050,2522,0,0,994
306703,25,-0.08,-0.02,-0.6,-0.3,2,0.2,0.1,0.15,60,67.66,3883,3600,75,3525,2318,874,0,266,0,67,1,282,30,3913,2385,1140,3913,831332.13,8553.3,1013,678,514,296,231,197,147,449,2318,874,0,333
306704,25,-0.08,-0.02,-0.6,-0.3,2,0.2,0.1,0.15,60,50.64,3878,3595,137,3458,0,1109,0,598,0,1751,1,282,35,3913,1751,1707,3913,1028722.9,10568.34,92,207,139,115,111,120,187,2487,0,1109,0,2349
306705,25,-0.08,-0.02,-0.6,-0.3,2,0.2,0.1,0.15,60,75.26,3877,3594,78,3516,2522,0,0,870,0,124,1,282,36,3913,2646,870,3913,1420448.64,14541.26,922,487,404,232,190,147,84,1050,2522,0,0,994
306706,25,-0.08,-0.02,-0.6,-0.3,2,0.2,0.2,0.15,20,61.55,3883,3600,89,3511,921,551,799,0,1240,0,1,282,30,3913,2161,1350,3913,1450911.97,14927.24,242,461,464,2344,0,0,0,0,921,551,2039,0
306707,25,-0.08,-0.02,-0.6,-0.3,2,0.2,0.2,0.15,20,61.08,3883,3600,98,3502,0,553,810,0,2139,0,1,282,30,3913,2139,1363,3913,1555721.91,16023.64,92,207,139,3064,0,0,0,0,0,553,2949,0
306708,25,-0.08,-0.02,-0.6,-0.3,2,0.2,0.2,0.15,20,64.71,3877,3594,89,3505,938,0,1237,0,1330,0,1,282,36,3913,2268,1237,3913,1755906.96,18022.42,150,257,330,2768,0,0,0,0,938,0,2567,0
306709,25,-0.08,-0.02,-0.6,-0.3,2,0.2,0.2,0.15,30,57.84,3883,3600,116,3484,1247,774,695,0,768,0,1,282,30,3913,2015,1469,3913,1391547.02,14357.23,242,461,464,305,285,1727,0,0,1247,774,1463,0
306710,25,-0.08,-0.02,-0.6,-0.3,2,0.2,0.2,0.15,30,55.62,3880,3597,134,3463,0,784,753,0,1926,0,1,282,33,3913,1926,1537,3913,1314558.7,13580.18,92,207,139,115,111,2799,0,0,0,784,2679,0
306711,25,-0.08,-0.02,-0.6,-0.3,2,0.2,0.2,0.15,30,64.23,3877,3594,119,3475,1313,0,1243,0,919,0,1,282,36,3913,2232,1243,3913,2011683.35,20658.78,150,257,330,201,206,2331,0,0,1313,0,2162,0
306712,25,-0.08,-0.02,-0.6,-0.3,2,0.2,0.2,0.15,40,55.79,3883,3600,119,3481,1388,1010,400,129,201,353,1,282,30,3913,1942,1539,3913,1281415.18,13256.79,242,461,464,305,285,264,242,1218,1388,1010,601,482
306713,25,-0.08,-0.02,-0.6,-0.3,2,0.2,0.2,0.15,40,52.0,3878,3595,137,3458,0,1049,469,142,517,1281,1,282,35,3913,1798,1660,3913,1144855.71,11789.76,92,207,139,115,111,120,187,2487,0,1049,986,1423
306714,25,-0.08,-0.02,-0.6,-0.3,2,0.2,0.2,0.15,40,63.68,3877,3594,122,3472,1487,0,905,356,215,509,1,282,36,3913,2211,1261,3913,2026450.58,20833.48,150,257,330,201,206,169,127,2032,1487,0,1120,865
306715,25,-0.08,-0.02,-0.6,-0.3,2,0.2,0.2,0.15,50,55.04,3883,3600,119,3481,1396,1061,0,504,0,520,1,282,30,3913,1916,1565,3913,1219693.01,12616.49,242,461,464,305,285,264,242,1218,1396,1061,0,1024
306716,25,-0.08,-0.02,-0.6,-0.3,2,0.2,0.2,0.15,50,50.64,3878,3595,137,3458,0,1109,0,598,0,1751,1,282,35,3913,1751,1707,3913,1028722.9,10568.34,92,207,139,115,111,120,187,2487,0,1109,0,2349
306717,25,-0.08,-0.02,-0.6,-0.3,2,0.2,0.2,0.15,50,62.87,3877,3594,122,3472,1495,0,0,1289,0,688,1,282,36,3913,2183,1289,3913,1892485.17,19455.49,150,257,330,201,206,169,127,2032,1495,0,0,1977
306718,25,-0.08,-0.02,-0.6,-0.3,2,0.2,0.2,0.15,60,55.04,3883,3600,119,3481,1396,1061,0,504,0,520,1,282,30,3913,1916,1565,3913,1219693.01,12616.49,242,461,464,305,285,264,242,1218,1396,1061,0,1024
306719,25,-0.08,-0.02,-0.6,-0.3,2,0.2,0.2,0.15,60,50.64,3878,3595,137,3458,0,1109,0,598,0,1751,1,282,35,3913,1751,1707,3913,1028722.9,10568.34,92,207,139,115,111,120,187,2487,0,1109,0,2349
306720,25,-0.08,-0.02,-0.6,-0.3,2,0.2,0.2,0.15,60,62.87,3877,3594,122,3472,1495,0,0,1289,0,688,1,282,36,3913,2183,1289,3913,1892485.17,19455.49,150,257,330,201,206,169,127,2032,1495,0,0,1977
306721,25,-0.08,-0.02,-0.6,-0.25,1,0.1,0.1,0.15,20,65.27,4555,4259,64,4195,2236,619,838,0,502,0,1,295,38,4593,2738,1457,4593,1006813.84,10303.98,1120,770,596,1709,0,0,0,0,2236,619,1340,0
306722,25,-0.08,-0.02,-0.6,-0.25,1,0.1,0.1,0.15,20,59.76,4555,4259,111,4148,0,651,1018,0,2479,0,1,295,38,4593,2479,1669,4593,1580801.37,16257.44,120,227,168,3633,0,0,0,0,0,651,3497,0
306723,25,-0.08,-0.02,-0.6,-0.25,1,0.1,0.1,0.15,20,68.06,4547,4251,65,4186,2304,0,1337,0,545,0,1,295,46,4593,2849,1337,4593,1310779.02,13372.02,1001,561,457,2167,0,0,0,0,2304,0,1882,0
306724,25,-0.08,-0.02,-0.6,-0.25,1,0.1,0.1,0.15,30,66.04,4555,4259,83,4176,2533,830,588,0,225,0,1,295,38,4593,2758,1418,4593,982910.0,10092.94,1120,770,596,369,272,1049,0,0,2533,830,813,0
306725,25,-0.08,-0.02,-0.6,-0.25,1,0.1,0.1,0.15,30,54.18,4552,4256,155,4101,0,926,953,0,2222,0,1,295,41,4593,2222,1879,4593,1285256.6,13304.42,120,227,168,136,137,3313,0,0,0,926,3175,0
306726,25,-0.08,-0.02,-0.6,-0.25,1,0.1,0.1,0.15,30,71.57,4547,4251,87,4164,2694,0,1184,0,286,0,1,295,46,4593,2980,1184,4593,1570926.44,16059.14,1001,561,457,285,213,1647,0,0,2694,0,1470,0
306727,25,-0.08,-0.02,-0.6,-0.25,1,0.1,0.1,0.15,40,66.23,4555,4259,84,4175,2644,1017,290,103,59,62,1,295,38,4593,2765,1410,4593,889429.06,9126.25,1120,770,596,369,272,236,177,635,2644,1017,349,165
306728,25,-0.08,-0.02,-0.6,-0.25,1,0.1,0.1,0.15,40,50.71,4550,4254,158,4096,0,1233,601,185,608,1469,1,295,43,4593,2077,2019,4593,1060442.29,10942.47,120,227,168,136,137,138,219,2951,0,1233,1209,1654
306729,25,-0.08,-0.02,-0.6,-0.25,1,0.1,0.1,0.15,40,73.36,4547,4251,88,4163,2867,0,753,356,67,120,1,295,46,4593,3054,1109,4593,1594759.42,16295.16,1001,561,457,285,213,177,100,1369,2867,0,820,476
306730,25,-0.08,-0.02,-0.6,-0.25,1,0.1,0.1,0.15,50,65.89,4555,4259,84,4175,2649,1044,0,380,0,102,1,295,38,4593,2751,1424,4593,855551.79,8776.47,1120,770,596,369,272,236,177,635,2649,1044,0,482
306731,25,-0.08,-0.02,-0.6,-0.25,1,0.1,0.1,0.15,50,49.44,4550,4254,158,4096,0,1306,0,765,0,2025,1,295,43,4593,2025,2071,4593,924021.36,9518.62,120,227,168,136,137,138,219,2951,0,1306,0,2790
306732,25,-0.08,-0.02,-0.6,-0.25,1,0.1,0.1,0.15,50,73.07,4547,4251,88,4163,2872,0,0,1121,0,170,1,295,46,4593,3042,1121,4593,1515136.93,15479.42,1001,561,457,285,213,177,100,1369,2872,0,0,1291
306733,25,-0.08,-0.02,-0.6,-0.25,1,0.1,0.1,0.15,60,65.89,4555,4259,84,4175,2649,1044,0,380,0,102,1,295,38,4593,2751,1424,4593,855551.79,8776.47,1120,770,596,369,272,236,177,635,2649,1044,0,482
306734,25,-0.08,-0.02,-0.6,-0.25,1,0.1,0.1,0.15,60,49.44,4550,4254,158,4096,0,1306,0,765,0,2025,1,295,43,4593,2025,2071,4593,924021.36,9518.62,120,227,168,136,137,138,219,2951,0,1306,0,2790
306735,25,-0.08,-0.02,-0.6,-0.25,1,0.1,0.1,0.15,60,73.07,4547,4251,88,4163,2872,0,0,1121,0,170,1,295,46,4593,3042,1121,4593,1515136.93,15479.42,1001,561,457,285,213,177,100,1369,2872,0,0,1291
306736,25,-0.08,-0.02,-0.6,-0.25,1,0.1,0.2,0.15,20,60.2,4555,4259,101,4158,983,649,1006,0,1520,0,1,295,38,4593,2503,1655,4593,1495402.85,15369.54,273,496,515,2874,0,0,0,0,983,649,2526,0
306737,25,-0.08,-0.02,-0.6,-0.25,1,0.1,0.2,0.15,20,59.76,4555,4259,111,4148,0,651,1018,0,2479,0,1,295,38,4593,2479,1669,4593,1580801.37,16257.44,120,227,168,3633,0,0,0,0,0,651,3497,0
306738,25,-0.08,-0.02,-0.6,-0.25,1,0.1,0.2,0.15,20,62.98,4547,4251,102,4149,1000,0,1536,0,1613,0,1,295,46,4593,2613,1536,4593,1810549.29,18552.77,153,272,352,3372,0,0,0,0,1000,0,3149,0
306739,25,-0.08,-0.02,-0.6,-0.25,1,0.1,0.2,0.15,30,56.29,4555,4259,134,4125,1346,915,888,0,976,0,1,295,38,4593,2322,1803,4593,1416598.13,14632.91,273,496,515,348,332,2161,0,0,1346,915,1864,0
306740,25,-0.08,-0.02,-0.6,-0.25,1,0.1,0.2,0.15,30,54.18,4552,4256,155,4101,0,926,953,0,2222,0,1,295,41,4593,2222,1879,4593,1285256.6,13304.42,120,227,168,136,137,3313,0,0,0,926,3175,0
306741,25,-0.08,-0.02,-0.6,-0.25,1,0.1,0.2,0.15,30,62.05,4547,4251,138,4113,1412,0,1561,0,1140,0,1,295,46,4593,2552,1561,4593,2082826.1,21389.67,153,272,352,223,228,2885,0,0,1412,0,2701,0
306742,25,-0.08,-0.02,-0.6,-0.25,1,0.1,0.2,0.15,40,54.25,4555,4259,137,4122,1512,1192,522,172,264,460,1,295,38,4593,2236,1886,4593,1271120.55,13172.69,273,496,515,348,332,297,289,1572,1512,1192,786,632
306743,25,-0.08,-0.02,-0.6,-0.25,1,0.1,0.2,0.15,40,50.71,4550,4254,158,4096,0,1233,601,185,608,1469,1,295,43,4593,2077,2019,4593,1060442.29,10942.47,120,227,168,136,137,138,219,2951,0,1233,1209,1654
306744,25,-0.08,-0.02,-0.6,-0.25,1,0.1,0.2,0.15,40,61.61,4547,4251,141,4110,1613,0,1116,462,282,637,1,295,46,4593,2532,1578,4593,2080685.62,21396.35,153,272,352,223,228,184,149,2549,1613,0,1398,1099
306745,25,-0.08,-0.02,-0.6,-0.25,1,0.1,0.2,0.15,50,53.44,4555,4259,137,4122,1520,1255,0,664,0,683,1,295,38,4593,2203,1919,4593,1192389.6,12365.12,273,496,515,348,332,297,289,1572,1520,1255,0,1347
306746,25,-0.08,-0.02,-0.6,-0.25,1,0.1,0.2,0.15,50,49.44,4550,4254,158,4096,0,1306,0,765,0,2025,1,295,43,4593,2025,2071,4593,924021.36,9518.62,120,227,168,136,137,138,219,2951,0,1306,0,2790
306747,25,-0.08,-0.02,-0.6,-0.25,1,0.1,0.2,0.15,50,60.8,4547,4251,141,4110,1621,0,0,1611,0,878,1,295,46,4593,2499,1611,4593,1921953.5,19775.44,153,272,352,223,228,184,149,2549,1621,0,0,2489
306748,25,-0.08,-0.02,-0.6,-0.25,1,0.1,0.2,0.15,60,53.44,4555,4259,137,4122,1520,1255,0,664,0,683,1,295,38,4593,2203,1919,4593,1192389.6,12365.12,273,496,515,348,332,297,289,1572,1520,1255,0,1347
306749,25,-0.08,-0.02,-0.6,-0.25,1,0.1,0.2,0.15,60,49.44,4550,4254,158,4096,0,1306,0,765,0,2025,1,295,43,4593,2025,2071,4593,924021.36,9518.62,120,227,168,136,137,138,219,2951,0,1306,0,2790
306750,25,-0.08,-0.02,-0.6,-0.25,1,0.1,0.2,0.15,60,60.8,4547,4251,141,4110,1621,0,0,1611,0,878,1,295,46,4593,2499,1611,4593,1921953.5,19775.44,153,272,352,223,228,184,149,2549,1621,0,0,2489
306751,25,-0.08,-0.02,-0.6,-0.25,1,0.2,0.1,0.15,20,65.27,4555,4259,64,4195,2236,619,838,0,502,0,1,295,38,4593,2738,1457,4593,1006813.84,10303.98,1120,770,596,1709,0,0,0,0,2236,619,1340,0
306752,25,-0.08,-0.02,-0.6,-0.25,1,0.2,0.1,0.15,20,59.76,4555,4259,111,4148,0,651,1018,0,2479,0,1,295,38,4593,2479,1669,4593,1580801.37,16257.44,120,227,168,3633,0,0,0,0,0,651,3497,0
306753,25,-0.08,-0.02,-0.6,-0.25,1,0.2,0.1,0.15,20,68.06,4547,4251,65,4186,2304,0,1337,0,545,0,1,295,46,4593,2849,1337,4593,1310779.02,13372.02,1001,561,457,2167,0,0,0,0,2304,0,1882,0
306754,25,-0.08,-0.02,-0.6,-0.25,1,0.2,0.1,0.15,30,66.04,4555,4259,83,4176,2533,830,588,0,225,0,1,295,38,4593,2758,1418,4593,982910.0,10092.94,1120,770,596,369,272,1049,0,0,2533,830,813,0
306755,25,-0.08,-0.02,-0.6,-0.25,1,0.2,0.1,0.15,30,54.18,4552,4256,155,4101,0,926,953,0,2222,0,1,295,41,4593,2222,1879,4593,1285256.6,13304.42,120,227,168,136,137,3313,0,0,0,926,3175,0
306756,25,-0.08,-0.02,-0.6,-0.25,1,0.2,0.1,0.15,30,71.57,4547,4251,87,4164,2694,0,1184,0,286,0,1,295,46,4593,2980,1184,4593,1570926.44,16059.14,1001,561,457,285,213,1647,0,0,2694,0,1470,0
306757,25,-0.08,-0.02,-0.6,-0.25,1,0.2,0.1,0.15,40,66.23,4555,4259,84,4175,2644,1017,290,103,59,62,1,295,38,4593,2765,1410,4593,889429.06,9126.25,1120,770,596,369,272,236,177,635,2644,1017,349,165
306758,25,-0.08,-0.02,-0.6,-0.25,1,0.2,0.1,0.15,40,50.71,4550,4254,158,4096,0,1233,601,185,608,1469,1,295,43,4593,2077,2019,4593,1060442.29,10942.47,120,227,168,136,137,138,219,2951,0,1233,1209,1654
306759,25,-0.08,-0.02,-0.6,-0.25,1,0.2,0.1,0.15,40,73.36,4547,4251,88,4163,2867,0,753,356,67,120,1,295,46,4593,3054,1109,4593,1594759.42,16295.16,1001,561,457,285,213,177,100,1369,2867,0,820,476
306760,25,-0.08,-0.02,-0.6,-0.25,1,0.2,0.1,0.15,50,65.89,4555,4259,84,4175,2649,1044,0,380,0,102,1,295,38,4593,2751,1424,4593,855551.79,8776.47,1120,770,596,369,272,236,177,635,2649,1044,0,482
306761,25,-0.08,-0.02,-0.6,-0.25,1,0.2,0.1,0.15,50,49.44,4550,4254,158,4096,0,1306,0,765,0,2025,1,295,43,4593,2025,2071,4593,924021.36,9518.62,120,227,168,136,137,138,219,2951,0,1306,0,2790
306762,25,-0.08,-0.02,-0.6,-0.25,1,0.2,0.1,0.15,50,73.07,4547,4251,88,4163,2872,0,0,1121,0,170,1,295,46,4593,3042,1121,4593,1515136.93,15479.42,1001,561,457,285,213,177,100,1369,2872,0,0,1291
306763,25,-0.08,-0.02,-0.6,-0.25,1,0.2,0.1,0.15,60,65.89,4555,4259,84,4175,2649,1044,0,380,0,102,1,295,38,4593,2751,1424,4593,855551.79,8776.47,1120,770,596,369,272,236,177,635,2649,1044,0,482
306764,25,-0.08,-0.02,-0.6,-0.25,1,0.2,0.1,0.15,60,49.44,4550,4254,158,4096,0,1306,0,765,0,2025,1,295,43,4593,2025,2071,4593,924021.36,9518.62,120,227,168,136,137,138,219,2951,0,1306,0,2790
306765,25,-0.08,-0.02,-0.6,-0.25,1,0.2,0.1,0.15,60,73.07,4547,4251,88,4163,2872,0,0,1121,0,170,1,295,46,4593,3042,1121,4593,1515136.93,15479.42,1001,561,457,285,213,177,100,1369,2872,0,0,1291
306766,25,-0.08,-0.02,-0.6,-0.25,1,0.2,0.2,0.15,20,60.2,4555,4259,101,4158,983,649,1006,0,1520,0,1,295,38,4593,2503,1655,4593,1495402.85,15369.54,273,496,515,2874,0,0,0,0,983,649,2526,0
306767,25,-0.08,-0.02,-0.6,-0.25,1,0.2,0.2,0.15,20,59.76,4555,4259,111,4148,0,651,1018,0,2479,0,1,295,38,4593,2479,1669,4593,1580801.37,16257.44,120,227,168,3633,0,0,0,0,0,651,3497,0
306768,25,-0.08,-0.02,-0.6,-0.25,1,0.2,0.2,0.15,20,62.98,4547,4251,102,4149,1000,0,1536,0,1613,0,1,295,46,4593,2613,1536,4593,1810549.29,18552.77,153,272,352,3372,0,0,0,0,1000,0,3149,0
306769,25,-0.08,-0.02,-0.6,-0.25,1,0.2,0.2,0.15,30,56.29,4555,4259,134,4125,1346,915,888,0,976,0,1,295,38,4593,2322,1803,4593,1416598.13,14632.91,273,496,515,348,332,2161,0,0,1346,915,1864,0
306770,25,-0.08,-0.02,-0.6,-0.25,1,0.2,0.2,0.15,30,54.18,4552,4256,155,4101,0,926,953,0,2222,0,1,295,41,4593,2222,1879,4593,1285256.6,13304.42,120,227,168,136,137,3313,0,0,0,926,3175,0
306771,25,-0.08,-0.02,-0.6,-0.25,1,0.2,0.2,0.15,30,62.05,4547,4251,138,4113,1412,0,1561,0,1140,0,1,295,46,4593,2552,1561,4593,2082826.1,21389.67,153,272,352,223,228,2885,0,0,1412,0,2701,0
306772,25,-0.08,-0.02,-0.6,-0.25,1,0.2,0.2,0.15,40,54.25,4555,4259,137,4122,1512,1192,522,172,264,460,1,295,38,4593,2236,1886,4593,1271120.55,13172.69,273,496,515,348,332,297,289,1572,1512,1192,786,632
306773,25,-0.08,-0.02,-0.6,-0.25,1,0.2,0.2,0.15,40,50.71,4550,4254,158,4096,0,1233,601,185,608,1469,1,295,43,4593,2077,2019,4593,1060442.29,10942.47,120,227,168,136,137,138,219,2951,0,1233,1209,1654
306774,25,-0.08,-0.02,-0.6,-0.25,1,0.2,0.2,0.15,40,61.61,4547,4251,141,4110,1613,0,1116,462,282,637,1,295,46,4593,2532,1578,4593,2080685.62,21396.35,153,272,352,223,228,184,149,2549,1613,0,1398,1099
306775,25,-0.08,-0.02,-0.6,-0.25,1,0.2,0.2,0.15,50,53.44,4555,4259,137,4122,1520,1255,0,664,0,683,1,295,38,4593,2203,1919,4593,1192389.6,12365.12,273,496,515,348,332,297,289,1572,1520,1255,0,1347
306776,25,-0.08,-0.02,-0.6,-0.25,1,0.2,0.2,0.15,50,49.44,4550,4254,158,4096,0,1306,0,765,0,2025,1,295,43,4593,2025,2071,4593,924021.36,9518.62,120,227,168,136,137,138,219,2951,0,1306,0,2790
306777,25,-0.08,-0.02,-0.6,-0.25,1,0.2,0.2,0.15,50,60.8,4547,4251,141,4110,1621,0,0,1611,0,878,1,295,46,4593,2499,1611,4593,1921953.5,19775.44,153,272,352,223,228,184,149,2549,1621,0,0,2489
306778,25,-0.08,-0.02,-0.6,-0.25,1,0.2,0.2,0.15,60,53.44,4555,4259,137,4122,1520,1255,0,664,0,683,1,295,38,4593,2203,1919,4593,1192389.6,12365.12,273,496,515,348,332,297,289,1572,1520,1255,0,1347
306779,25,-0.08,-0.02,-0.6,-0.25,1,0.2,0.2,0.15,60,49.44,4550,4254,158,4096,0,1306,0,765,0,2025,1,295,43,4593,2025,2071,4593,924021.36,9518.62,120,227,168,136,137,138,219,2951,0,1306,0,2790
306780,25,-0.08,-0.02,-0.6,-0.25,1,0.2,0.2,0.15,60,60.8,4547,4251,141,4110,1621,0,0,1611,0,878,1,295,46,4593,2499,1611,4593,1921953.5,19775.44,153,272,352,223,228,184,149,2549,1621,0,0,2489
306781,25,-0.08,-0.02,-0.6,-0.25,2,0.1,0.1,0.15,20,68.66,4555,4259,63,4196,2386,609,706,0,495,0,1,295,38,4593,2881,1315,4593,1355798.59,16049.56,1162,814,644,1576,0,0,0,0,2386,609,1201,0
306782,25,-0.08,-0.02,-0.6,-0.25,2,0.1,0.1,0.15,20,63.36,4555,4259,111,4148,0,651,869,0,2628,0,1,295,38,4593,2628,1520,4593,2173901.26,23184.13,120,227,168,3633,0,0,0,0,0,651,3497,0
306783,25,-0.08,-0.02,-0.6,-0.25,2,0.1,0.1,0.15,20,73.3,4547,4251,64,4187,2509,0,1118,0,560,0,1,295,46,4593,3069,1118,4593,1908140.97,19478.66,1048,618,533,1988,0,0,0,0,2509,0,1678,0
306784,25,-0.08,-0.02,-0.6,-0.25,2,0.1,0.1,0.15,30,69.67,4555,4259,82,4177,2676,805,462,0,234,0,1,295,38,4593,2910,1267,4593,1350767.74,16710.56,1162,814,644,375,267,915,0,0,2676,805,696,0
306785,25,-0.08,-0.02,-0.6,-0.25,2,0.1,0.1,0.15,30,57.33,4552,4256,155,4101,0,926,824,0,2351,0,1,295,41,4593,2351,1750,4593,1994551.94,21961.21,120,227,168,136,137,3313,0,0,0,926,3175,0
306786,25,-0.08,-0.02,-0.6,-0.25,2,0.1,0.1,0.15,30,77.94,4547,4251,86,4165,2931,0,919,0,315,0,1,295,46,4593,3246,919,4593,2400520.53,22814.3,1048,618,533,310,247,1409,0,0,2931,0,1234,0
306787,25,-0.08,-0.02,-0.6,-0.25,2,0.1,0.1,0.15,40,69.8,4555,4259,83,4176,2778,974,227,60,80,57,1,295,38,4593,2915,1261,4593,1217657.35,16400.85,1162,814,644,375,267,219,161,534,2778,974,307,117
306788,25,-0.08,-0.02,-0.6,-0.25,2,0.1,0.1,0.15,40,54.2,4550,4254,158,4096,0,1233,522,121,687,1533,1,295,43,4593,2220,1876,4593,1690569.82,20923.57,120,227,168,136,137,138,219,2951,0,1233,1209,1654
306789,25,-0.08,-0.02,-0.6,-0.25,2,0.1,0.1,0.15,40,79.97,4547,4251,87,4164,3116,0,617,217,99,115,1,295,46,4593,3330,834,4593,2487839.96,23685.01,1048,618,533,310,247,175,108,1125,3116,0,716,332
306790,25,-0.08,-0.02,-0.6,-0.25,2,0.1,0.1,0.15,50,69.25,4555,4259,83,4176,2783,996,0,288,0,109,1,295,38,4593,2892,1284,4593,1170443.76,16148.06,1162,814,644,375,267,219,161,534,2783,996,0,397
306791,25,-0.08,-0.02,-0.6,-0.25,2,0.1,0.1,0.15,50,52.54,4550,4254,158,4096,0,1306,0,638,0,2152,1,295,43,4593,2152,1944,4593,1492401.99,19552.39,120,227,168,136,137,138,219,2951,0,1306,0,2790
306792,25,-0.08,-0.02,-0.6,-0.25,2,0.1,0.1,0.15,50,79.71,4547,4251,87,4164,3122,0,0,845,0,197,1,295,46,4593,3319,845,4593,2366732.58,23056.74,1048,618,533,310,247,175,108,1125,3122,0,0,1042
306793,25,-0.08,-0.02,-0.6,-0.25,2,0.1,0.1,0.15,60,69.25,4555,4259,83,4176,2783,996,0,288,0,109,1,295,38,4593,2892,1284,4593,1170443.76,16148.06,1162,814,644,375,267,219,161,534,2783,996,0,397
306794,25,-0.08,-0.02,-0.6,-0.25,2,0.1,0.1,0.15,60,52.54,4550,4254,158,4096,0,1306,0,638,0,2152,1,295,43,4593,2152,1944,4593,1492401.99,19552.39,120,227,168,136,137,138,219,2951,0,1306,0,2790
306795,25,-0.08,-0.02,-0.6,-0.25,2,0.1,0.1,0.15,60,79.71,4547,4251,87,4164,3122,0,0,845,0,197,1,295,46,4593,3319,845,4593,2366732.58,23056.74,1048,618,533,310,247,175,108,1125,3122,0,0,1042
306796,25,-0.08,-0.02,-0.6,-0.25,2,0.1,0.2,0.15,20,63.78,4555,4259,101,4158,1063,648,858,0,1589,0,1,295,38,4593,2652,1506,4593,2040601.89,22057.6,277,516,549,2816,0,0,0,0,1063,648,2447,0
306797,25,-0.08,-0.02,-0.6,-0.25,2,0.1,0.2,0.15,20,63.36,4555,4259,111,4148,0,651,869,0,2628,0,1,295,38,4593,2628,1520,4593,2173901.26,23184.13,120,227,168,3633,0,0,0,0,0,651,3497,0
306798,25,-0.08,-0.02,-0.6,-0.25,2,0.1,0.2,0.15,20,68.38,4547,4251,102,4149,1108,0,1312,0,1729,0,1,295,46,4593,2837,1312,4593,2639930.88,25818.52,157,293,398,3301,0,0,0,0,1108,0,3041,0
306799,25,-0.08,-0.02,-0.6,-0.25,2,0.1,0.2,0.15,30,59.61,4555,4259,134,4125,1463,910,756,0,996,0,1,295,38,4593,2459,1666,4593,2083780.57,22990.84,277,516,549,369,356,2058,0,0,1463,910,1752,0
306800,25,-0.08,-0.02,-0.6,-0.25,2,0.1,0.2,0.15,30,57.33,4552,4256,155,4101,0,926,824,0,2351,0,1,295,41,4593,2351,1750,4593,1994551.94,21961.21,120,227,168,136,137,3313,0,0,0,926,3175,0
306801,25,-0.08,-0.02,-0.6,-0.25,2,0.1,0.2,0.15,30,68.34,4547,4251,138,4113,1599,0,1302,0,1212,0,1,295,46,4593,2811,1302,4593,3398385.1,30605.05,157,293,398,260,271,2734,0,0,1599,0,2514,0
306802,25,-0.08,-0.02,-0.6,-0.25,2,0.1,0.2,0.15,40,57.96,4555,4259,137,4122,1649,1179,441,113,310,430,1,295,38,4593,2389,1733,4593,1907721.72,22792.93,277,516,549,369,356,306,286,1463,1649,1179,751,543
306803,25,-0.08,-0.02,-0.6,-0.25,2,0.1,0.2,0.15,40,54.2,4550,4254,158,4096,0,1233,522,121,687,1533,1,295,43,4593,2220,1876,4593,1690569.82,20923.57,120,227,168,136,137,138,219,2951,0,1233,1209,1654
306804,25,-0.08,-0.02,-0.6,-0.25,2,0.1,0.2,0.15,40,68.52,4547,4251,141,4110,1838,0,982,312,355,623,1,295,46,4593,2816,1294,4593,3517663.06,32009.09,157,293,398,260,271,220,159,2352,1838,0,1337,935
306805,25,-0.08,-0.02,-0.6,-0.25,2,0.1,0.2,0.15,50,56.84,4555,4259,137,4122,1656,1239,0,540,0,687,1,295,38,4593,2343,1779,4593,1787027.15,22074.35,277,516,549,369,356,306,286,1463,1656,1239,0,1227
306806,25,-0.08,-0.02,-0.6,-0.25,2,0.1,0.2,0.15,50,52.54,4550,4254,158,4096,0,1306,0,638,0,2152,1,295,43,4593,2152,1944,4593,1492401.99,19552.39,120,227,168,136,137,138,219,2951,0,1306,0,2790
306807,25,-0.08,-0.02,-0.6,-0.25,2,0.1,0.2,0.15,50,67.74,4547,4251,141,4110,1845,0,0,1326,0,939,1,295,46,4593,2784,1326,4593,3236405.17,30515.05,157,293,398,260,271,220,159,2352,1845,0,0,2265
306808,25,-0.08,-0.02,-0.6,-0.25,2,0.1,0.2,0.15,60,56.84,4555,4259,137,4122,1656,1239,0,540,0,687,1,295,38,4593,2343,1779,4593,1787027.15,22074.35,277,516,549,369,356,306,286,1463,1656,1239,0,1227
306809,25,-0.08,-0.02,-0.6,-0.25,2,0.1,0.2,0.15,60,52.54,4550,4254,158,4096,0,1306,0,638,0,2152,1,295,43,4593,2152,1944,4593,1492401.99,19552.39,120,227,168,136,137,138,219,2951,0,1306,0,2790
306810,25,-0.08,-0.02,-0.6,-0.25,2,0.1,0.2,0.15,60,67.74,4547,4251,141,4110,1845,0,0,1326,0,939,1,295,46,4593,2784,1326,4593,3236405.17,30515.05,157,293,398,260,271,220,159,2352,1845,0,0,2265
306811,25,-0.08,-0.02,-0.6,-0.25,2,0.2,0.1,0.15,20,65.27,4555,4259,64,4195,2236,619,838,0,502,0,1,295,38,4593,2738,1457,4593,1006813.84,10303.98,1120,770,596,1709,0,0,0,0,2236,619,1340,0
306812,25,-0.08,-0.02,-0.6,-0.25,2,0.2,0.1,0.15,20,59.76,4555,4259,111,4148,0,651,1018,0,2479,0,1,295,38,4593,2479,1669,4593,1580801.37,16257.44,120,227,168,3633,0,0,0,0,0,651,3497,0
306813,25,-0.08,-0.02,-0.6,-0.25,2,0.2,0.1,0.15,20,68.06,4547,4251,65,4186,2304,0,1337,0,545,0,1,295,46,4593,2849,1337,4593,1310779.02,13372.02,1001,561,457,2167,0,0,0,0,2304,0,1882,0
306814,25,-0.08,-0.02,-0.6,-0.25,2,0.2,0.1,0.15,30,66.04,4555,4259,83,4176,2533,830,588,0,225,0,1,295,38,4593,2758,1418,4593,982910.0,10092.94,1120,770,596,369,272,1049,0,0,2533,830,813,0
306815,25,-0.08,-0.02,-0.6,-0.25,2,0.2,0.1,0.15,30,54.18,4552,4256,155,4101,0,926,953,0,2222,0,1,295,41,4593,2222,1879,4593,1285256.6,13304.42,120,227,168,136,137,3313,0,0,0,926,3175,0
306816,25,-0.08,-0.02,-0.6,-0.25,2,0.2,0.1,0.15,30,71.57,4547,4251,87,4164,2694,0,1184,0,286,0,1,295,46,4593,2980,1184,4593,1570926.44,16059.14,1001,561,457,285,213,1647,0,0,2694,0,1470,0
306817,25,-0.08,-0.02,-0.6,-0.25,2,0.2,0.1,0.15,40,66.23,4555,4259,84,4175,2644,1017,290,103,59,62,1,295,38,4593,2765,1410,4593,889429.06,9126.25,1120,770,596,369,272,236,177,635,2644,1017,349,165
306818,25,-0.08,-0.02,-0.6,-0.25,2,0.2,0.1,0.15,40,50.71,4550,4254,158,4096,0,1233,601,185,608,1469,1,295,43,4593,2077,2019,4593,1060442.29,10942.47,120,227,168,136,137,138,219,2951,0,1233,1209,1654
306819,25,-0.08,-0.02,-0.6,-0.25,2,0.2,0.1,0.15,40,73.36,4547,4251,88,4163,2867,0,753,356,67,120,1,295,46,4593,3054,1109,4593,1594759.42,16295.16,1001,561,457,285,213,177,100,1369,2867,0,820,476
306820,25,-0.08,-0.02,-0.6,-0.25,2,0.2,0.1,0.15,50,65.89,4555,4259,84,4175,2649,1044,0,380,0,102,1,295,38,4593,2751,1424,4593,855551.79,8776.47,1120,770,596,369,272,236,177,635,2649,1044,0,482
306821,25,-0.08,-0.02,-0.6,-0.25,2,0.2,0.1,0.15,50,49.44,4550,4254,158,4096,0,1306,0,765,0,2025,1,295,43,4593,2025,2071,4593,924021.36,9518.62,120,227,168,136,137,138,219,2951,0,1306,0,2790
306822,25,-0.08,-0.02,-0.6,-0.25,2,0.2,0.1,0.15,50,73.07,4547,4251,88,4163,2872,0,0,1121,0,170,1,295,46,4593,3042,1121,4593,1515136.93,15479.42,1001,561,457,285,213,177,100,1369,2872,0,0,1291
306823,25,-0.08,-0.02,-0.6,-0.25,2,0.2,0.1,0.15,60,65.89,4555,4259,84,4175,2649,1044,0,380,0,102,1,295,38,4593,2751,1424,4593,855551.79,8776.47,1120,770,596,369,272,236,177,635,2649,1044,0,482
306824,25,-0.08,-0.02,-0.6,-0.25,2,0.2,0.1,0.15,60,49.44,4550,4254,158,4096,0,1306,0,765,0,2025,1,295,43,4593,2025,2071,4593,924021.36,9518.62,120,227,168,136,137,138,219,2951,0,1306,0,2790
306825,25,-0.08,-0.02,-0.6,-0.25,2,0.2,0.1,0.15,60,73.07,4547,4251,88,4163,2872,0,0,1121,0,170,1,295,46,4593,3042,1121,4593,1515136.93,15479.42,1001,561,457,285,213,177,100,1369,2872,0,0,1291
306826,25,-0.08,-0.02,-0.6,-0.25,2,0.2,0.2,0.15,20,60.2,4555,4259,101,4158,983,649,1006,0,1520,0,1,295,38,4593,2503,1655,4593,1495402.85,15369.54,273,496,515,2874,0,0,0,0,983,649,2526,0
306827,25,-0.08,-0.02,-0.6,-0.25,2,0.2,0.2,0.15,20,59.76,4555,4259,111,4148,0,651,1018,0,2479,0,1,295,38,4593,2479,1669,4593,1580801.37,16257.44,120,227,168,3633,0,0,0,0,0,651,3497,0
306828,25,-0.08,-0.02,-0.6,-0.25,2,0.2,0.2,0.15,20,62.98,4547,4251,102,4149,1000,0,1536,0,1613,0,1,295,46,4593,2613,1536,4593,1810549.29,18552.77,153,272,352,3372,0,0,0,0,1000,0,3149,0
306829,25,-0.08,-0.02,-0.6,-0.25,2,0.2,0.2,0.15,30,56.29,4555,4259,134,4125,1346,915,888,0,976,0,1,295,38,4593,2322,1803,4593,1416598.13,14632.91,273,496,515,348,332,2161,0,0,1346,915,1864,0
306830,25,-0.08,-0.02,-0.6,-0.25,2,0.2,0.2,0.15,30,54.18,4552,4256,155,4101,0,926,953,0,2222,0,1,295,41,4593,2222,1879,4593,1285256.6,13304.42,120,227,168,136,137,3313,0,0,0,926,3175,0
306831,25,-0.08,-0.02,-0.6,-0.25,2,0.2,0.2,0.15,30,62.05,4547,4251,138,4113,1412,0,1561,0,1140,0,1,295,46,4593,2552,1561,4593,2082826.1,21389.67,153,272,352,223,228,2885,0,0,1412,0,2701,0
306832,25,-0.08,-0.02,-0.6,-0.25,2,0.2,0.2,0.15,40,54.25,4555,4259,137,4122,1512,1192,522,172,264,460,1,295,38,4593,2236,1886,4593,1271120.55,13172.69,273,496,515,348,332,297,289,1572,1512,1192,786,632
306833,25,-0.08,-0.02,-0.6,-0.25,2,0.2,0.2,0.15,40,50.71,4550,4254,158,4096,0,1233,601,185,608,1469,1,295,43,4593,2077,2019,4593,1060442.29,10942.47,120,227,168,136,137,138,219,2951,0,1233,1209,1654
306834,25,-0.08,-0.02,-0.6,-0.25,2,0.2,0.2,0.15,40,61.61,4547,4251,141,4110,1613,0,1116,462,282,637,1,295,46,4593,2532,1578,4593,2080685.62,21396.35,153,272,352,223,228,184,149,2549,1613,0,1398,1099
306835,25,-0.08,-0.02,-0.6,-0.25,2,0.2,0.2,0.15,50,53.44,4555,4259,137,4122,1520,1255,0,664,0,683,1,295,38,4593,2203,1919,4593,1192389.6,12365.12,273,496,515,348,332,297,289,1572,1520,1255,0,1347
306836,25,-0.08,-0.02,-0.6,-0.25,2,0.2,0.2,0.15,50,49.44,4550,4254,158,4096,0,1306,0,765,0,2025,1,295,43,4593,2025,2071,4593,924021.36,9518.62,120,227,168,136,137,138,219,2951,0,1306,0,2790
306837,25,-0.08,-0.02,-0.6,-0.25,2,0.2,0.2,0.15,50,60.8,4547,4251,141,4110,1621,0,0,1611,0,878,1,295,46,4593,2499,1611,4593,1921953.5,19775.44,153,272,352,223,228,184,149,2549,1621,0,0,2489
306838,25,-0.08,-0.02,-0.6,-0.25,2,0.2,0.2,0.15,60,53.44,4555,4259,137,4122,1520,1255,0,664,0,683,1,295,38,4593,2203,1919,4593,1192389.6,12365.12,273,496,515,348,332,297,289,1572,1520,1255,0,1347
306839,25,-0.08,-0.02,-0.6,-0.25,2,0.2,0.2,0.15,60,49.44,4550,4254,158,4096,0,1306,0,765,0,2025,1,295,43,4593,2025,2071,4593,924021.36,9518.62,120,227,168,136,137,138,219,2951,0,1306,0,2790
306840,25,-0.08,-0.02,-0.6,-0.25,2,0.2,0.2,0.15,60,60.8,4547,4251,141,4110,1621,0,0,1611,0,878,1,295,46,4593,2499,1611,4593,1921953.5,19775.44,153,272,352,223,228,184,149,2549,1621,0,0,2489
306841,25,-0.08,-0.02,-0.55,-0.45,1,0.1,0.1,0.15,20,69.48,1134,997,14,983,619,146,154,0,64,0,1,136,7,1141,683,300,1141,331651.84,3413.87,324,197,149,313,0,0,0,0,619,146,218,0
306842,25,-0.08,-0.02,-0.55,-0.45,1,0.1,0.1,0.15,20,63.16,1134,997,28,969,0,154,203,0,612,0,1,136,7,1141,612,357,1141,656253.15,6734.82,16,52,42,859,0,0,0,0,0,154,815,0
306843,25,-0.08,-0.02,-0.55,-0.45,1,0.1,0.1,0.15,20,72.63,1134,997,14,983,637,0,269,0,77,0,1,136,7,1141,714,269,1141,417084.07,4286.57,308,150,113,412,0,0,0,0,637,0,346,0
306844,25,-0.08,-0.02,-0.55,-0.45,1,0.1,0.1,0.15,30,72.41,1134,997,22,975,675,197,72,0,31,0,1,136,7,1141,706,269,1141,330901.3,3395.72,324,197,149,95,51,159,0,0,675,197,103,0
306845,25,-0.08,-0.02,-0.55,-0.45,1,0.1,0.1,0.15,30,60.11,1132,995,45,950,0,227,152,0,571,0,1,136,9,1141,571,379,1141,566058.63,5801.05,16,52,42,44,30,766,0,0,0,227,723,0
306846,25,-0.08,-0.02,-0.55,-0.45,1,0.1,0.1,0.15,30,78.81,1134,997,25,972,719,0,206,0,47,0,1,136,7,1141,766,206,1141,480669.05,4924.47,308,150,113,66,45,290,0,0,719,0,253,0
306847,25,-0.08,-0.02,-0.55,-0.45,1,0.1,0.1,0.15,40,73.03,1134,997,22,975,698,225,29,9,8,6,1,136,7,1141,712,263,1141,333431.39,3425.69,324,197,149,95,51,56,37,66,698,225,37,15
306848,25,-0.08,-0.02,-0.55,-0.45,1,0.1,0.1,0.15,40,56.12,1130,993,45,948,0,291,99,26,146,386,1,136,11,1141,532,416,1141,575057.18,5917.27,16,52,42,44,30,43,49,672,0,291,245,412
306849,25,-0.08,-0.02,-0.55,-0.45,1,0.1,0.1,0.15,40,80.97,1134,997,25,972,761,0,137,48,10,16,1,136,7,1141,787,185,1141,494772.37,5070.61,308,150,113,66,45,37,25,228,761,0,147,64
306850,25,-0.08,-0.02,-0.55,-0.45,1,0.1,0.1,0.15,50,72.51,1134,997,22,975,698,230,0,38,0,9,1,136,7,1141,707,268,1141,326340.9,3353.82,324,197,149,95,51,56,37,66,698,230,0,47
306851,25,-0.08,-0.02,-0.55,-0.45,1,0.1,0.1,0.15,50,54.75,1130,993,45,948,0,311,0,118,0,519,1,136,11,1141,519,429,1141,538813.99,5540.79,16,52,42,44,30,43,49,672,0,311,0,637
306852,25,-0.08,-0.02,-0.55,-0.45,1,0.1,0.1,0.15,50,80.35,1134,997,25,972,761,0,0,191,0,20,1,136,7,1141,781,191,1141,473110.33,4851.76,308,150,113,66,45,37,25,228,761,0,0,211
306853,25,-0.08,-0.02,-0.55,-0.45,1,0.1,0.1,0.15,60,72.51,1134,997,22,975,698,230,0,38,0,9,1,136,7,1141,707,268,1141,326340.9,3353.82,324,197,149,95,51,56,37,66,698,230,0,47
306854,25,-0.08,-0.02,-0.55,-0.45,1,0.1,0.1,0.15,60,54.75,1130,993,45,948,0,311,0,118,0,519,1,136,11,1141,519,429,1141,538813.99,5540.79,16,52,42,44,30,43,49,672,0,311,0,637
306855,25,-0.08,-0.02,-0.55,-0.45,1,0.1,0.1,0.15,60,80.35,1134,997,25,972,761,0,0,191,0,20,1,136,7,1141,781,191,1141,473110.33,4851.76,308,150,113,66,45,37,25,228,761,0,0,211
306856,25,-0.08,-0.02,-0.55,-0.45,1,0.1,0.2,0.15,20,64.13,1134,997,24,973,348,154,195,0,276,0,1,136,7,1141,624,349,1141,567478.71,5832.99,74,153,166,580,0,0,0,0,348,154,471,0
306857,25,-0.08,-0.02,-0.55,-0.45,1,0.1,0.2,0.15,20,63.16,1134,997,28,969,0,154,203,0,612,0,1,136,7,1141,612,357,1141,656253.15,6734.82,16,52,42,859,0,0,0,0,0,154,815,0
306858,25,-0.08,-0.02,-0.55,-0.45,1,0.1,0.2,0.15,20,67.42,1134,997,24,973,352,0,317,0,304,0,1,136,7,1141,656,317,1141,662347.16,6800.46,58,101,125,689,0,0,0,0,352,0,621,0
306859,25,-0.08,-0.02,-0.55,-0.45,1,0.1,0.2,0.15,30,63.85,1134,997,37,960,452,221,126,0,161,0,1,136,7,1141,613,347,1141,584212.02,5984.79,74,153,166,109,85,373,0,0,452,221,287,0
306860,25,-0.08,-0.02,-0.55,-0.45,1,0.1,0.2,0.15,30,60.11,1132,995,45,950,0,227,152,0,571,0,1,136,9,1141,571,379,1141,566058.63,5801.05,16,52,42,44,30,766,0,0,0,227,723,0
306861,25,-0.08,-0.02,-0.55,-0.45,1,0.1,0.2,0.15,30,70.64,1134,997,40,957,472,0,281,0,204,0,1,136,7,1141,676,281,1141,759749.63,7775.5,58,101,125,68,69,536,0,0,472,0,485,0
306862,25,-0.08,-0.02,-0.55,-0.45,1,0.1,0.2,0.15,40,62.29,1134,997,37,960,487,273,67,22,48,63,1,136,7,1141,598,362,1141,577336.4,5920.83,74,153,166,109,85,86,56,231,487,273,115,85
306863,25,-0.08,-0.02,-0.55,-0.45,1,0.1,0.2,0.15,40,56.12,1130,993,45,948,0,291,99,26,146,386,1,136,11,1141,532,416,1141,575057.18,5917.27,16,52,42,44,30,43,49,672,0,291,245,412
306864,25,-0.08,-0.02,-0.55,-0.45,1,0.1,0.2,0.15,40,70.43,1134,997,40,957,515,0,212,71,55,104,1,136,7,1141,674,283,1141,768281.62,7871.23,58,101,125,68,69,51,26,459,515,0,267,175
306865,25,-0.08,-0.02,-0.55,-0.45,1,0.1,0.2,0.15,50,61.15,1134,997,37,960,487,288,0,85,0,100,1,136,7,1141,587,373,1141,556937.61,5708.96,74,153,166,109,85,86,56,231,487,288,0,185
306866,25,-0.08,-0.02,-0.55,-0.45,1,0.1,0.2,0.15,50,54.75,1130,993,45,948,0,311,0,118,0,519,1,136,11,1141,519,429,1141,538813.99,5540.79,16,52,42,44,30,43,49,672,0,311,0,637
306867,25,-0.08,-0.02,-0.55,-0.45,1,0.1,0.2,0.15,50,68.97,1134,997,40,957,515,0,0,297,0,145,1,136,7,1141,660,297,1141,721830.26,7393.97,58,101,125,68,69,51,26,459,515,0,0,442
306868,25,-0.08,-0.02,-0.55,-0.45,1,0.1,0.2,0.15,60,61.15,1134,997,37,960,487,288,0,85,0,100,1,136,7,1141,587,373,1141,556937.61,5708.96,74,153,166,109,85,86,56,231,487,288,0,185
306869,25,-0.08,-0.02,-0.55,-0.45,1,0.1,0.2,0.15,60,54.75,1130,993,45,948,0,311,0,118,0,519,1,136,11,1141,519,429,1141,538813.99,5540.79,16,52,42,44,30,43,49,672,0,311,0,637
306870,25,-0.08,-0.02,-0.55,-0.45,1,0.1,0.2,0.15,60,68.97,1134,997,40,957,515,0,0,297,0,145,1,136,7,1141,660,297,1141,721830.26,7393.97,58,101,125,68,69,51,26,459,515,0,0,442
306871,25,-0.08,-0.02,-0.55,-0.45,1,0.2,0.1,0.15,20,69.48,1134,997,14,983,619,146,154,0,64,0,1,136,7,1141,683,300,1141,331651.84,3413.87,324,197,149,313,0,0,0,0,619,146,218,0
306872,25,-0.08,-0.02,-0.55,-0.45,1,0.2,0.1,0.15,20,63.16,1134,997,28,969,0,154,203,0,612,0,1,136,7,1141,612,357,1141,656253.15,6734.82,16,52,42,859,0,0,0,0,0,154,815,0
306873,25,-0.08,-0.02,-0.55,-0.45,1,0.2,0.1,0.15,20,72.63,1134,997,14,983,637,0,269,0,77,0,1,136,7,1141,714,269,1141,417084.07,4286.57,308,150,113,412,0,0,0,0,637,0,346,0
306874,25,-0.08,-0.02,-0.55,-0.45,1,0.2,0.1,0.15,30,72.41,1134,997,22,975,675,197,72,0,31,0,1,136,7,1141,706,269,1141,330901.3,3395.72,324,197,149,95,51,159,0,0,675,197,103,0
306875,25,-0.08,-0.02,-0.55,-0.45,1,0.2,0.1,0.15,30,60.11,1132,995,45,950,0,227,152,0,571,0,1,136,9,1141,571,379,1141,566058.63,5801.05,16,52,42,44,30,766,0,0,0,227,723,0
306876,25,-0.08,-0.02,-0.55,-0.45,1,0.2,0.1,0.15,30,78.81,1134,997,25,972,719,0,206,0,47,0,1,136,7,1141,766,206,1141,480669.05,4924.47,308,150,113,66,45,290,0,0,719,0,253,0
306877,25,-0.08,-0.02,-0.55,-0.45,1,0.2,0.1,0.15,40,73.03,1134,997,22,975,698,225,29,9,8,6,1,136,7,1141,712,263,1141,333431.39,3425.69,324,197,149,95,51,56,37,66,698,225,37,15
306878,25,-0.08,-0.02,-0.55,-0.45,1,0.2,0.1,0.15,40,56.12,1130,993,45,948,0,291,99,26,146,386,1,136,11,1141,532,416,1141,575057.18,5917.27,16,52,42,44,30,43,49,672,0,291,245,412
306879,25,-0.08,-0.02,-0.55,-0.45,1,0.2,0.1,0.15,40,80.97,1134,997,25,972,761,0,137,48,10,16,1,136,7,1141,787,185,1141,494772.37,5070.61,308,150,113,66,45,37,25,228,761,0,147,64
306880,25,-0.08,-0.02,-0.55,-0.45,1,0.2,0.1,0.15,50,72.51,1134,997,22,975,698,230,0,38,0,9,1,136,7,1141,707,268,1141,326340.9,3353.82,324,197,149,95,51,56,37,66,698,230,0,47
306881,25,-0.08,-0.02,-0.55,-0.45,1,0.2,0.1,0.15,50,54.75,1130,993,45,948,0,311,0,118,0,519,1,136,11,1141,519,429,1141,538813.99,5540.79,16,52,42,44,30,43,49,672,0,311,0,637
306882,25,-0.08,-0.02,-0.55,-0.45,1,0.2,0.1,0.15,50,80.35,1134,997,25,972,761,0,0,191,0,20,1,136,7,1141,781,191,1141,473110.33,4851.76,308,150,113,66,45,37,25,228,761,0,0,211
306883,25,-0.08,-0.02,-0.55,-0.45,1,0.2,0.1,0.15,60,72.51,1134,997,22,975,698,230,0,38,0,9,1,136,7,1141,707,268,1141,326340.9,3353.82,324,197,149,95,51,56,37,66,698,230,0,47
306884,25,-0.08,-0.02,-0.55,-0.45,1,0.2,0.1,0.15,60,54.75,1130,993,45,948,0,311,0,118,0,519,1,136,11,1141,519,429,1141,538813.99,5540.79,16,52,42,44,30,43,49,672,0,311,0,637
306885,25,-0.08,-0.02,-0.55,-0.45,1,0.2,0.1,0.15,60,80.35,1134,997,25,972,761,0,0,191,0,20,1,136,7,1141,781,191,1141,473110.33,4851.76,308,150,113,66,45,37,25,228,761,0,0,211
306886,25,-0.08,-0.02,-0.55,-0.45,1,0.2,0.2,0.15,20,64.13,1134,997,24,973,348,154,195,0,276,0,1,136,7,1141,624,349,1141,567478.71,5832.99,74,153,166,580,0,0,0,0,348,154,471,0
306887,25,-0.08,-0.02,-0.55,-0.45,1,0.2,0.2,0.15,20,63.16,1134,997,28,969,0,154,203,0,612,0,1,136,7,1141,612,357,1141,656253.15,6734.82,16,52,42,859,0,0,0,0,0,154,815,0
306888,25,-0.08,-0.02,-0.55,-0.45,1,0.2,0.2,0.15,20,67.42,1134,997,24,973,352,0,317,0,304,0,1,136,7,1141,656,317,1141,662347.16,6800.46,58,101,125,689,0,0,0,0,352,0,621,0
306889,25,-0.08,-0.02,-0.55,-0.45,1,0.2,0.2,0.15,30,63.85,1134,997,37,960,452,221,126,0,161,0,1,136,7,1141,613,347,1141,584212.02,5984.79,74,153,166,109,85,373,0,0,452,221,287,0
306890,25,-0.08,-0.02,-0.55,-0.45,1,0.2,0.2,0.15,30,60.11,1132,995,45,950,0,227,152,0,571,0,1,136,9,1141,571,379,1141,566058.63,5801.05,16,52,42,44,30,766,0,0,0,227,723,0
306891,25,-0.08,-0.02,-0.55,-0.45,1,0.2,0.2,0.15,30,70.64,1134,997,40,957,472,0,281,0,204,0,1,136,7,1141,676,281,1141,759749.63,7775.5,58,101,125,68,69,536,0,0,472,0,485,0
306892,25,-0.08,-0.02,-0.55,-0.45,1,0.2,0.2,0.15,40,62.29,1134,997,37,960,487,273,67,22,48,63,1,136,7,1141,598,362,1141,577336.4,5920.83,74,153,166,109,85,86,56,231,487,273,115,85
306893,25,-0.08,-0.02,-0.55,-0.45,1,0.2,0.2,0.15,40,56.12,1130,993,45,948,0,291,99,26,146,386,1,136,11,1141,532,416,1141,575057.18,5917.27,16,52,42,44,30,43,49,672,0,291,245,412
306894,25,-0.08,-0.02,-0.55,-0.45,1,0.2,0.2,0.15,40,70.43,1134,997,40,957,515,0,212,71,55,104,1,136,7,1141,674,283,1141,768281.62,7871.23,58,101,125,68,69,51,26,459,515,0,267,175
306895,25,-0.08,-0.02,-0.55,-0.45,1,0.2,0.2,0.15,50,61.15,1134,997,37,960,487,288,0,85,0,100,1,136,7,1141,587,373,1141,556937.61,5708.96,74,153,166,109,85,86,56,231,487,288,0,185
306896,25,-0.08,-0.02,-0.55,-0.45,1,0.2,0.2,0.15,50,54.75,1130,993,45,948,0,311,0,118,0,519,1,136,11,1141,519,429,1141,538813.99,5540.79,16,52,42,44,30,43,49,672,0,311,0,637
306897,25,-0.08,-0.02,-0.55,-0.45,1,0.2,0.2,0.15,50,68.97,1134,997,40,957,515,0,0,297,0,145,1,136,7,1141,660,297,1141,721830.26,7393.97,58,101,125,68,69,51,26,459,515,0,0,442
306898,25,-0.08,-0.02,-0.55,-0.45,1,0.2,0.2,0.15,60,61.15,1134,997,37,960,487,288,0,85,0,100,1,136,7,1141,587,373,1141,556937.61,5708.96,74,153,166,109,85,86,56,231,487,288,0,185
306899,25,-0.08,-0.02,-0.55,-0.45,1,0.2,0.2,0.15,60,54.75,1130,993,45,948,0,311,0,118,0,519,1,136,11,1141,519,429,1141,538813.99,5540.79,16,52,42,44,30,43,49,672,0,311,0,637
306900,25,-0.08,-0.02,-0.55,-0.45,1,0.2,0.2,0.15,60,68.97,1134,997,40,957,515,0,0,297,0,145,1,136,7,1141,660,297,1141,721830.26,7393.97,58,101,125,68,69,51,26,459,515,0,0,442
306901,25,-0.08,-0.02,-0.55,-0.45,2,0.1,0.1,0.15,20,72.13,1134,997,14,983,642,145,129,0,67,0,1,136,7,1141,709,274,1141,400530.42,4512.41,331,211,153,288,0,0,0,0,642,145,196,0
306902,25,-0.08,-0.02,-0.55,-0.45,2,0.1,0.1,0.15,20,66.36,1134,997,28,969,0,154,172,0,643,0,1,136,7,1141,643,326,1141,837845.42,8278.55,16,52,42,859,0,0,0,0,0,154,815,0
306903,25,-0.08,-0.02,-0.55,-0.45,2,0.1,0.1,0.15,20,77.11,1134,997,14,983,671,0,225,0,87,0,1,136,7,1141,758,225,1141,548968.58,5455.85,315,166,121,381,0,0,0,0,671,0,312,0
306904,25,-0.08,-0.02,-0.55,-0.45,2,0.1,0.1,0.15,30,74.46,1134,997,22,975,696,194,55,0,30,0,1,136,7,1141,726,249,1141,389887.33,4667.9,331,211,153,92,52,136,0,0,696,194,85,0
306905,25,-0.08,-0.02,-0.55,-0.45,2,0.1,0.1,0.15,30,62.0,1132,995,45,950,0,227,134,0,589,0,1,136,9,1141,589,361,1141,761409.67,7772.46,16,52,42,44,30,766,0,0,0,227,723,0
306906,25,-0.08,-0.02,-0.55,-0.45,2,0.1,0.1,0.15,30,83.54,1134,997,25,972,765,0,160,0,47,0,1,136,7,1141,812,160,1141,649073.04,6211.18,315,166,121,69,57,244,0,0,765,0,207,0
306907,25,-0.08,-0.02,-0.55,-0.45,2,0.1,0.1,0.15,40,74.97,1134,997,22,975,715,217,22,5,10,6,1,136,7,1141,731,244,1141,387171.83,4725.2,331,211,153,92,52,51,30,55,715,217,32,11
306908,25,-0.08,-0.02,-0.55,-0.45,2,0.1,0.1,0.15,40,58.33,1130,993,45,948,0,291,85,19,160,393,1,136,11,1141,553,395,1141,742241.25,8129.49,16,52,42,44,30,43,49,672,0,291,245,412
306909,25,-0.08,-0.02,-0.55,-0.45,2,0.1,0.1,0.15,40,85.19,1134,997,25,972,802,0,114,30,12,14,1,136,7,1141,828,144,1141,671234.37,6402.46,315,166,121,69,57,37,23,184,802,0,126,44
306910,25,-0.08,-0.02,-0.55,-0.45,2,0.1,0.1,0.15,50,74.36,1134,997,22,975,715,221,0,29,0,10,1,136,7,1141,725,250,1141,379042.13,4672.41,331,211,153,92,52,51,30,55,715,221,0,39
306911,25,-0.08,-0.02,-0.55,-0.45,2,0.1,0.1,0.15,50,56.65,1130,993,45,948,0,311,0,100,0,537,1,136,11,1141,537,411,1141,692403.06,7750.99,16,52,42,44,30,43,49,672,0,311,0,637
306912,25,-0.08,-0.02,-0.55,-0.45,2,0.1,0.1,0.15,50,84.67,1134,997,25,972,802,0,0,149,0,21,1,136,7,1141,823,149,1141,640425.43,6235.63,315,166,121,69,57,37,23,184,802,0,0,170
306913,25,-0.08,-0.02,-0.55,-0.45,2,0.1,0.1,0.15,60,74.36,1134,997,22,975,715,221,0,29,0,10,1,136,7,1141,725,250,1141,379042.13,4672.41,331,211,153,92,52,51,30,55,715,221,0,39
306914,25,-0.08,-0.02,-0.55,-0.45,2,0.1,0.1,0.15,60,56.65,1130,993,45,948,0,311,0,100,0,537,1,136,11,1141,537,411,1141,692403.06,7750.99,16,52,42,44,30,43,49,672,0,311,0,637
306915,25,-0.08,-0.02,-0.55,-0.45,2,0.1,0.1,0.15,60,84.67,1134,997,25,972,802,0,0,149,0,21,1,136,7,1141,823,149,1141,640425.43,6235.63,315,166,121,69,57,37,23,184,802,0,0,170
306916,25,-0.08,-0.02,-0.55,-0.45,2,0.1,0.2,0.15,20,67.32,1134,997,24,973,366,154,164,0,289,0,1,136,7,1141,655,318,1141,699883.18,7169.04,75,159,179,560,0,0,0,0,366,154,453,0
306917,25,-0.08,-0.02,-0.55,-0.45,2,0.1,0.2,0.15,20,66.36,1134,997,28,969,0,154,172,0,643,0,1,136,7,1141,643,326,1141,837845.42,8278.55,16,52,42,859,0,0,0,0,0,154,815,0
306918,25,-0.08,-0.02,-0.55,-0.45,2,0.1,0.2,0.15,20,72.46,1134,997,24,973,379,0,268,0,326,0,1,136,7,1141,705,268,1141,883590.12,8290.88,59,107,143,664,0,0,0,0,379,0,594,0
306919,25,-0.08,-0.02,-0.55,-0.45,2,0.1,0.2,0.15,30,65.42,1134,997,37,960,470,220,112,0,158,0,1,136,7,1141,628,332,1141,715490.55,7575.77,75,159,179,107,86,354,0,0,470,220,270,0
306920,25,-0.08,-0.02,-0.55,-0.45,2,0.1,0.2,0.15,30,62.0,1132,995,45,950,0,227,134,0,589,0,1,136,9,1141,589,361,1141,761409.67,7772.46,16,52,42,44,30,766,0,0,0,227,723,0
306921,25,-0.08,-0.02,-0.55,-0.45,2,0.1,0.2,0.15,30,75.34,1134,997,40,957,506,0,236,0,215,0,1,136,7,1141,721,236,1141,1061385.08,9583.07,59,107,143,70,75,503,0,0,506,0,451,0
306922,25,-0.08,-0.02,-0.55,-0.45,2,0.1,0.2,0.15,40,64.17,1134,997,37,960,511,271,56,17,53,52,1,136,7,1141,616,344,1141,719809.94,7759.52,75,159,179,107,86,84,60,210,511,271,109,69
306923,25,-0.08,-0.02,-0.55,-0.45,2,0.1,0.2,0.15,40,58.33,1130,993,45,948,0,291,85,19,160,393,1,136,11,1141,553,395,1141,742241.25,8129.49,16,52,42,44,30,43,49,672,0,291,245,412
306924,25,-0.08,-0.02,-0.55,-0.45,2,0.1,0.2,0.15,40,74.61,1134,997,40,957,566,0,192,51,61,87,1,136,7,1141,714,243,1141,1101812.58,9984.54,59,107,143,70,75,52,34,417,566,0,253,138
306925,25,-0.08,-0.02,-0.55,-0.45,2,0.1,0.2,0.15,50,62.81,1134,997,37,960,511,286,0,71,0,92,1,136,7,1141,603,357,1141,687055.23,7543.66,75,159,179,107,86,84,60,210,511,286,0,163
306926,25,-0.08,-0.02,-0.55,-0.45,2,0.1,0.2,0.15,50,56.65,1130,993,45,948,0,311,0,100,0,537,1,136,11,1141,537,411,1141,692403.06,7750.99,16,52,42,44,30,43,49,672,0,311,0,637
306927,25,-0.08,-0.02,-0.55,-0.45,2,0.1,0.2,0.15,50,73.35,1134,997,40,957,566,0,0,255,0,136,1,136,7,1141,702,255,1141,1020943.65,9524.65,59,107,143,70,75,52,34,417,566,0,0,391
306928,25,-0.08,-0.02,-0.55,-0.45,2,0.1,0.2,0.15,60,62.81,1134,997,37,960,511,286,0,71,0,92,1,136,7,1141,603,357,1141,687055.23,7543.66,75,159,179,107,86,84,60,210,511,286,0,163
306929,25,-0.08,-0.02,-0.55,-0.45,2,0.1,0.2,0.15,60,56.65,1130,993,45,948,0,311,0,100,0,537,1,136,11,1141,537,411,1141,692403.06,7750.99,16,52,42,44,30,43,49,672,0,311,0,637
306930,25,-0.08,-0.02,-0.55,-0.45,2,0.1,0.2,0.15,60,73.35,1134,997,40,957,566,0,0,255,0,136,1,136,7,1141,702,255,1141,1020943.65,9524.65,59,107,143,70,75,52,34,417,566,0,0,391
306931,25,-0.08,-0.02,-0.55,-0.45,2,0.2,0.1,0.15,20,69.48,1134,997,14,983,619,146,154,0,64,0,1,136,7,1141,683,300,1141,331651.84,3413.87,324,197,149,313,0,0,0,0,619,146,218,0
306932,25,-0.08,-0.02,-0.55,-0.45,2,0.2,0.1,0.15,20,63.16,1134,997,28,969,0,154,203,0,612,0,1,136,7,1141,612,357,1141,656253.15,6734.82,16,52,42,859,0,0,0,0,0,154,815,0
306933,25,-0.08,-0.02,-0.55,-0.45,2,0.2,0.1,0.15,20,72.63,1134,997,14,983,637,0,269,0,77,0,1,136,7,1141,714,269,1141,417084.07,4286.57,308,150,113,412,0,0,0,0,637,0,346,0
306934,25,-0.08,-0.02,-0.55,-0.45,2,0.2,0.1,0.15,30,72.41,1134,997,22,975,675,197,72,0,31,0,1,136,7,1141,706,269,1141,330901.3,3395.72,324,197,149,95,51,159,0,0,675,197,103,0
306935,25,-0.08,-0.02,-0.55,-0.45,2,0.2,0.1,0.15,30,60.11,1132,995,45,950,0,227,152,0,571,0,1,136,9,1141,571,379,1141,566058.63,5801.05,16,52,42,44,30,766,0,0,0,227,723,0
306936,25,-0.08,-0.02,-0.55,-0.45,2,0.2,0.1,0.15,30,78.81,1134,997,25,972,719,0,206,0,47,0,1,136,7,1141,766,206,1141,480669.05,4924.47,308,150,113,66,45,290,0,0,719,0,253,0
306937,25,-0.08,-0.02,-0.55,-0.45,2,0.2,0.1,0.15,40,73.03,1134,997,22,975,698,225,29,9,8,6,1,136,7,1141,712,263,1141,333431.39,3425.69,324,197,149,95,51,56,37,66,698,225,37,15
306938,25,-0.08,-0.02,-0.55,-0.45,2,0.2,0.1,0.15,40,56.12,1130,993,45,948,0,291,99,26,146,386,1,136,11,1141,532,416,1141,575057.18,5917.27,16,52,42,44,30,43,49,672,0,291,245,412
306939,25,-0.08,-0.02,-0.55,-0.45,2,0.2,0.1,0.15,40,80.97,1134,997,25,972,761,0,137,48,10,16,1,136,7,1141,787,185,1141,494772.37,5070.61,308,150,113,66,45,37,25,228,761,0,147,64
306940,25,-0.08,-0.02,-0.55,-0.45,2,0.2,0.1,0.15,50,72.51,1134,997,22,975,698,230,0,38,0,9,1,136,7,1141,707,268,1141,326340.9,3353.82,324,197,149,95,51,56,37,66,698,230,0,47
306941,25,-0.08,-0.02,-0.55,-0.45,2,0.2,0.1,0.15,50,54.75,1130,993,45,948,0,311,0,118,0,519,1,136,11,1141,519,429,1141,538813.99,5540.79,16,52,42,44,30,43,49,672,0,311,0,637
306942,25,-0.08,-0.02,-0.55,-0.45,2,0.2,0.1,0.15,50,80.35,1134,997,25,972,761,0,0,191,0,20,1,136,7,1141,781,191,1141,473110.33,4851.76,308,150,113,66,45,37,25,228,761,0,0,211
306943,25,-0.08,-0.02,-0.55,-0.45,2,0.2,0.1,0.15,60,72.51,1134,997,22,975,698,230,0,38,0,9,1,136,7,1141,707,268,1141,326340.9,3353.82,324,197,149,95,51,56,37,66,698,230,0,47
306944,25,-0.08,-0.02,-0.55,-0.45,2,0.2,0.1,0.15,60,54.75,1130,993,45,948,0,311,0,118,0,519,1,136,11,1141,519,429,1141,538813.99,5540.79,16,52,42,44,30,43,49,672,0,311,0,637
306945,25,-0.08,-0.02,-0.55,-0.45,2,0.2,0.1,0.15,60,80.35,1134,997,25,972,761,0,0,191,0,20,1,136,7,1141,781,191,1141,473110.33,4851.76,308,150,113,66,45,37,25,228,761,0,0,211
306946,25,-0.08,-0.02,-0.55,-0.45,2,0.2,0.2,0.15,20,64.13,1134,997,24,973,348,154,195,0,276,0,1,136,7,1141,624,349,1141,567478.71,5832.99,74,153,166,580,0,0,0,0,348,154,471,0
306947,25,-0.08,-0.02,-0.55,-0.45,2,0.2,0.2,0.15,20,63.16,1134,997,28,969,0,154,203,0,612,0,1,136,7,1141,612,357,1141,656253.15,6734.82,16,52,42,859,0,0,0,0,0,154,815,0
306948,25,-0.08,-0.02,-0.55,-0.45,2,0.2,0.2,0.15,20,67.42,1134,997,24,973,352,0,317,0,304,0,1,136,7,1141,656,317,1141,662347.16,6800.46,58,101,125,689,0,0,0,0,352,0,621,0
306949,25,-0.08,-0.02,-0.55,-0.45,2,0.2,0.2,0.15,30,63.85,1134,997,37,960,452,221,126,0,161,0,1,136,7,1141,613,347,1141,584212.02,5984.79,74,153,166,109,85,373,0,0,452,221,287,0
306950,25,-0.08,-0.02,-0.55,-0.45,2,0.2,0.2,0.15,30,60.11,1132,995,45,950,0,227,152,0,571,0,1,136,9,1141,571,379,1141,566058.63,5801.05,16,52,42,44,30,766,0,0,0,227,723,0
306951,25,-0.08,-0.02,-0.55,-0.45,2,0.2,0.2,0.15,30,70.64,1134,997,40,957,472,0,281,0,204,0,1,136,7,1141,676,281,1141,759749.63,7775.5,58,101,125,68,69,536,0,0,472,0,485,0
306952,25,-0.08,-0.02,-0.55,-0.45,2,0.2,0.2,0.15,40,62.29,1134,997,37,960,487,273,67,22,48,63,1,136,7,1141,598,362,1141,577336.4,5920.83,74,153,166,109,85,86,56,231,487,273,115,85
306953,25,-0.08,-0.02,-0.55,-0.45,2,0.2,0.2,0.15,40,56.12,1130,993,45,948,0,291,99,26,146,386,1,136,11,1141,532,416,1141,575057.18,5917.27,16,52,42,44,30,43,49,672,0,291,245,412
306954,25,-0.08,-0.02,-0.55,-0.45,2,0.2,0.2,0.15,40,70.43,1134,997,40,957,515,0,212,71,55,104,1,136,7,1141,674,283,1141,768281.62,7871.23,58,101,125,68,69,51,26,459,515,0,267,175
306955,25,-0.08,-0.02,-0.55,-0.45,2,0.2,0.2,0.15,50,61.15,1134,997,37,960,487,288,0,85,0,100,1,136,7,1141,587,373,1141,556937.61,5708.96,74,153,166,109,85,86,56,231,487,288,0,185
306956,25,-0.08,-0.02,-0.55,-0.45,2,0.2,0.2,0.15,50,54.75,1130,993,45,948,0,311,0,118,0,519,1,136,11,1141,519,429,1141,538813.99,5540.79,16,52,42,44,30,43,49,672,0,311,0,637
306957,25,-0.08,-0.02,-0.55,-0.45,2,0.2,0.2,0.15,50,68.97,1134,997,40,957,515,0,0,297,0,145,1,136,7,1141,660,297,1141,721830.26,7393.97,58,101,125,68,69,51,26,459,515,0,0,442
306958,25,-0.08,-0.02,-0.55,-0.45,2,0.2,0.2,0.15,60,61.15,1134,997,37,960,487,288,0,85,0,100,1,136,7,1141,587,373,1141,556937.61,5708.96,74,153,166,109,85,86,56,231,487,288,0,185
306959,25,-0.08,-0.02,-0.55,-0.45,2,0.2,0.2,0.15,60,54.75,1130,993,45,948,0,311,0,118,0,519,1,136,11,1141,519,429,1141,538813.99,5540.79,16,52,42,44,30,43,49,672,0,311,0,637
306960,25,-0.08,-0.02,-0.55,-0.45,2,0.2,0.2,0.15,60,68.97,1134,997,40,957,515,0,0,297,0,145,1,136,7,1141,660,297,1141,721830.26,7393.97,58,101,125,68,69,51,26,459,515,0,0,442
306961,25,-0.08,-0.02,-0.55,-0.4,1,0.1,0.1,0.15,20,69.25,1889,1697,32,1665,1007,236,276,0,146,0,1,191,11,1900,1153,512,1900,538708.03,5527.88,516,324,240,585,0,0,0,0,1007,236,422,0
306962,25,-0.08,-0.02,-0.55,-0.4,1,0.1,0.1,0.15,20,63.48,1889,1697,54,1643,0,249,351,0,1043,0,1,191,11,1900,1043,600,1900,970802.36,9981.34,29,89,67,1458,0,0,0,0,0,249,1394,0
306963,25,-0.08,-0.02,-0.55,-0.4,1,0.1,0.1,0.15,20,72.52,1887,1695,32,1663,1040,0,457,0,166,0,1,191,13,1900,1206,457,1900,687172.82,7052.53,487,241,187,748,0,0,0,0,1040,0,623,0
306964,25,-0.08,-0.02,-0.55,-0.4,1,0.1,0.1,0.15,30,71.07,1889,1697,45,1652,1115,328,150,0,59,0,1,191,11,1900,1174,478,1900,527006.04,5406.51,516,324,240,163,102,307,0,0,1115,328,209,0
306965,25,-0.08,-0.02,-0.55,-0.4,1,0.1,0.1,0.15,30,58.44,1886,1694,82,1612,0,374,296,0,942,0,1,191,14,1900,942,670,1900,837459.58,8615.83,29,89,67,64,57,1306,0,0,0,374,1238,0
306966,25,-0.08,-0.02,-0.55,-0.4,1,0.1,0.1,0.15,30,77.47,1887,1695,48,1647,1188,0,371,0,88,0,1,191,13,1900,1276,371,1900,785521.68,8056.5,487,241,187,125,81,526,0,0,1188,0,459,0
306967,25,-0.08,-0.02,-0.55,-0.4,1,0.1,0.1,0.15,40,71.41,1889,1697,46,1651,1152,382,70,20,17,10,1,191,11,1900,1179,472,1900,517921.17,5319.29,516,324,240,163,102,98,61,147,1152,382,87,30
306968,25,-0.08,-0.02,-0.55,-0.4,1,0.1,0.1,0.15,40,54.23,1884,1692,84,1608,0,481,203,52,232,640,1,191,16,1900,872,736,1900,822637.38,8486.33,29,89,67,64,57,68,78,1156,0,481,435,692
306969,25,-0.08,-0.02,-0.55,-0.4,1,0.1,0.1,0.15,40,79.34,1887,1695,49,1646,1256,0,241,99,21,29,1,191,13,1900,1306,340,1900,813180.28,8344.94,487,241,187,125,81,67,40,418,1256,0,262,128
306970,25,-0.08,-0.02,-0.55,-0.4,1,0.1,0.1,0.15,50,70.99,1889,1697,46,1651,1154,393,0,86,0,18,1,191,11,1900,1172,479,1900,503958.74,5176.79,516,324,240,163,102,98,61,147,1154,393,0,104
306971,25,-0.08,-0.02,-0.55,-0.4,1,0.1,0.1,0.15,50,52.49,1884,1692,84,1608,0,513,0,251,0,844,1,191,16,1900,844,764,1900,763629.2,7871.36,29,89,67,64,57,68,78,1156,0,513,0,1095
306972,25,-0.08,-0.02,-0.55,-0.4,1,0.1,0.1,0.15,50,78.8,1887,1695,49,1646,1258,0,0,349,0,39,1,191,13,1900,1297,349,1900,776083.81,7967.34,487,241,187,125,81,67,40,418,1258,0,0,388
306973,25,-0.08,-0.02,-0.55,-0.4,1,0.1,0.1,0.15,60,70.99,1889,1697,46,1651,1154,393,0,86,0,18,1,191,11,1900,1172,479,1900,503958.74,5176.79,516,324,240,163,102,98,61,147,1154,393,0,104
306974,25,-0.08,-0.02,-0.55,-0.4,1,0.1,0.1,0.15,60,52.49,1884,1692,84,1608,0,513,0,251,0,844,1,191,16,1900,844,764,1900,763629.2,7871.36,29,89,67,64,57,68,78,1156,0,513,0,1095
306975,25,-0.08,-0.02,-0.55,-0.4,1,0.1,0.1,0.15,60,78.8,1887,1695,49,1646,1258,0,0,349,0,39,1,191,13,1900,1297,349,1900,776083.81,7967.34,487,241,187,125,81,67,40,418,1258,0,0,388
306976,25,-0.08,-0.02,-0.55,-0.4,1,0.1,0.2,0.15,20,64.22,1889,1697,48,1649,517,248,342,0,542,0,1,191,11,1900,1059,590,1900,870807.49,8951.28,113,253,241,1042,0,0,0,0,517,248,884,0
306977,25,-0.08,-0.02,-0.55,-0.4,1,0.1,0.2,0.15,20,63.48,1889,1697,54,1643,0,249,351,0,1043,0,1,191,11,1900,1043,600,1900,970802.36,9981.34,29,89,67,1458,0,0,0,0,0,249,1394,0
306978,25,-0.08,-0.02,-0.55,-0.4,1,0.1,0.2,0.15,20,67.64,1887,1695,48,1647,526,0,533,0,588,0,1,191,13,1900,1114,533,1900,1035299.39,10640.22,84,165,176,1222,0,0,0,0,526,0,1121,0
306979,25,-0.08,-0.02,-0.55,-0.4,1,0.1,0.2,0.15,30,61.61,1889,1697,69,1628,692,366,259,0,311,0,1,191,11,1900,1003,625,1900,854938.83,8786.02,113,253,241,158,153,710,0,0,692,366,570,0
306980,25,-0.08,-0.02,-0.55,-0.4,1,0.1,0.2,0.15,30,58.44,1886,1694,82,1612,0,374,296,0,942,0,1,191,14,1900,942,670,1900,837459.58,8615.83,29,89,67,64,57,1306,0,0,0,374,1238,0
306981,25,-0.08,-0.02,-0.55,-0.4,1,0.1,0.2,0.15,30,68.27,1887,1695,72,1623,727,0,515,0,381,0,1,191,13,1900,1108,515,1900,1158068.05,11890.81,84,165,176,101,116,981,0,0,727,0,896,0
306982,25,-0.08,-0.02,-0.55,-0.4,1,0.1,0.2,0.15,40,59.53,1889,1697,71,1626,760,455,158,45,86,122,1,191,11,1900,968,658,1900,839542.76,8633.85,113,253,241,158,153,140,105,463,760,455,244,167
306983,25,-0.08,-0.02,-0.55,-0.4,1,0.1,0.2,0.15,40,54.23,1884,1692,84,1608,0,481,203,52,232,640,1,191,16,1900,872,736,1900,822637.38,8486.33,29,89,67,64,57,68,78,1156,0,481,435,692
306984,25,-0.08,-0.02,-0.55,-0.4,1,0.1,0.2,0.15,40,67.67,1887,1695,74,1621,812,0,385,139,96,189,1,191,13,1900,1097,524,1900,1192609.12,12253.65,84,165,176,101,116,85,58,836,812,0,481,328
306985,25,-0.08,-0.02,-0.55,-0.4,1,0.1,0.2,0.15,50,58.36,1889,1697,71,1626,760,481,0,196,0,189,1,191,11,1900,949,677,1900,806945.03,8295.75,113,253,241,158,153,140,105,463,760,481,0,385
306986,25,-0.08,-0.02,-0.55,-0.4,1,0.1,0.2,0.15,50,52.49,1884,1692,84,1608,0,513,0,251,0,844,1,191,16,1900,844,764,1900,763629.2,7871.36,29,89,67,64,57,68,78,1156,0,513,0,1095
306987,25,-0.08,-0.02,-0.55,-0.4,1,0.1,0.2,0.15,50,66.19,1887,1695,74,1621,812,0,0,548,0,261,1,191,13,1900,1073,548,1900,1117298.0,11480.28,84,165,176,101,116,85,58,836,812,0,0,809
306988,25,-0.08,-0.02,-0.55,-0.4,1,0.1,0.2,0.15,60,58.36,1889,1697,71,1626,760,481,0,196,0,189,1,191,11,1900,949,677,1900,806945.03,8295.75,113,253,241,158,153,140,105,463,760,481,0,385
306989,25,-0.08,-0.02,-0.55,-0.4,1,0.1,0.2,0.15,60,52.49,1884,1692,84,1608,0,513,0,251,0,844,1,191,16,1900,844,764,1900,763629.2,7871.36,29,89,67,64,57,68,78,1156,0,513,0,1095
306990,25,-0.08,-0.02,-0.55,-0.4,1,0.1,0.2,0.15,60,66.19,1887,1695,74,1621,812,0,0,548,0,261,1,191,13,1900,1073,548,1900,1117298.0,11480.28,84,165,176,101,116,85,58,836,812,0,0,809
306991,25,-0.08,-0.02,-0.55,-0.4,1,0.2,0.1,0.15,20,69.25,1889,1697,32,1665,1007,236,276,0,146,0,1,191,11,1900,1153,512,1900,538708.03,5527.88,516,324,240,585,0,0,0,0,1007,236,422,0
306992,25,-0.08,-0.02,-0.55,-0.4,1,0.2,0.1,0.15,20,63.48,1889,1697,54,1643,0,249,351,0,1043,0,1,191,11,1900,1043,600,1900,970802.36,9981.34,29,89,67,1458,0,0,0,0,0,249,1394,0
306993,25,-0.08,-0.02,-0.55,-0.4,1,0.2,0.1,0.15,20,72.52,1887,1695,32,1663,1040,0,457,0,166,0,1,191,13,1900,1206,457,1900,687172.82,7052.53,487,241,187,748,0,0,0,0,1040,0,623,0
306994,25,-0.08,-0.02,-0.55,-0.4,1,0.2,0.1,0.15,30,71.07,1889,1697,45,1652,1115,328,150,0,59,0,1,191,11,1900,1174,478,1900,527006.04,5406.51,516,324,240,163,102,307,0,0,1115,328,209,0
306995,25,-0.08,-0.02,-0.55,-0.4,1,0.2,0.1,0.15,30,58.44,1886,1694,82,1612,0,374,296,0,942,0,1,191,14,1900,942,670,1900,837459.58,8615.83,29,89,67,64,57,1306,0,0,0,374,1238,0
306996,25,-0.08,-0.02,-0.55,-0.4,1,0.2,0.1,0.15,30,77.47,1887,1695,48,1647,1188,0,371,0,88,0,1,191,13,1900,1276,371,1900,785521.68,8056.5,487,241,187,125,81,526,0,0,1188,0,459,0
306997,25,-0.08,-0.02,-0.55,-0.4,1,0.2,0.1,0.15,40,71.41,1889,1697,46,1651,1152,382,70,20,17,10,1,191,11,1900,1179,472,1900,517921.17,5319.29,516,324,240,163,102,98,61,147,1152,382,87,30
306998,25,-0.08,-0.02,-0.55,-0.4,1,0.2,0.1,0.15,40,54.23,1884,1692,84,1608,0,481,203,52,232,640,1,191,16,1900,872,736,1900,822637.38,8486.33,29,89,67,64,57,68,78,1156,0,481,435,692
306999,25,-0.08,-0.02,-0.55,-0.4,1,0.2,0.1,0.15,40,79.34,1887,1695,49,1646,1256,0,241,99,21,29,1,191,13,1900,1306,340,1900,813180.28,8344.94,487,241,187,125,81,67,40,418,1256,0,262,128
307000,25,-0.08,-0.02,-0.55,-0.4,1,0.2,0.1,0.15,50,70.99,1889,1697,46,1651,1154,393,0,86,0,18,1,191,11,1900,1172,479,1900,503958.74,5176.79,516,324,240,163,102,98,61,147,1154,393,0,104
307001,25,-0.08,-0.02,-0.55,-0.4,1,0.2,0.1,0.15,50,52.49,1884,1692,84,1608,0,513,0,251,0,844,1,191,16,1900,844,764,1900,763629.2,7871.36,29,89,67,64,57,68,78,1156,0,513,0,1095
307002,25,-0.08,-0.02,-0.55,-0.4,1,0.2,0.1,0.15,50,78.8,1887,1695,49,1646,1258,0,0,349,0,39,1,191,13,1900,1297,349,1900,776083.81,7967.34,487,241,187,125,81,67,40,418,1258,0,0,388
307003,25,-0.08,-0.02,-0.55,-0.4,1,0.2,0.1,0.15,60,70.99,1889,1697,46,1651,1154,393,0,86,0,18,1,191,11,1900,1172,479,1900,503958.74,5176.79,516,324,240,163,102,98,61,147,1154,393,0,104
307004,25,-0.08,-0.02,-0.55,-0.4,1,0.2,0.1,0.15,60,52.49,1884,1692,84,1608,0,513,0,251,0,844,1,191,16,1900,844,764,1900,763629.2,7871.36,29,89,67,64,57,68,78,1156,0,513,0,1095
307005,25,-0.08,-0.02,-0.55,-0.4,1,0.2,0.1,0.15,60,78.8,1887,1695,49,1646,1258,0,0,349,0,39,1,191,13,1900,1297,349,1900,776083.81,7967.34,487,241,187,125,81,67,40,418,1258,0,0,388
307006,25,-0.08,-0.02,-0.55,-0.4,1,0.2,0.2,0.15,20,64.22,1889,1697,48,1649,517,248,342,0,542,0,1,191,11,1900,1059,590,1900,870807.49,8951.28,113,253,241,1042,0,0,0,0,517,248,884,0
307007,25,-0.08,-0.02,-0.55,-0.4,1,0.2,0.2,0.15,20,63.48,1889,1697,54,1643,0,249,351,0,1043,0,1,191,11,1900,1043,600,1900,970802.36,9981.34,29,89,67,1458,0,0,0,0,0,249,1394,0
307008,25,-0.08,-0.02,-0.55,-0.4,1,0.2,0.2,0.15,20,67.64,1887,1695,48,1647,526,0,533,0,588,0,1,191,13,1900,1114,533,1900,1035299.39,10640.22,84,165,176,1222,0,0,0,0,526,0,1121,0
307009,25,-0.08,-0.02,-0.55,-0.4,1,0.2,0.2,0.15,30,61.61,1889,1697,69,1628,692,366,259,0,311,0,1,191,11,1900,1003,625,1900,854938.83,8786.02,113,253,241,158,153,710,0,0,692,366,570,0
307010,25,-0.08,-0.02,-0.55,-0.4,1,0.2,0.2,0.15,30,58.44,1886,1694,82,1612,0,374,296,0,942,0,1,191,14,1900,942,670,1900,837459.58,8615.83,29,89,67,64,57,1306,0,0,0,374,1238,0
307011,25,-0.08,-0.02,-0.55,-0.4,1,0.2,0.2,0.15,30,68.27,1887,1695,72,1623,727,0,515,0,381,0,1,191,13,1900,1108,515,1900,1158068.05,11890.81,84,165,176,101,116,981,0,0,727,0,896,0
307012,25,-0.08,-0.02,-0.55,-0.4,1,0.2,0.2,0.15,40,59.53,1889,1697,71,1626,760,455,158,45,86,122,1,191,11,1900,968,658,1900,839542.76,8633.85,113,253,241,158,153,140,105,463,760,455,244,167
307013,25,-0.08,-0.02,-0.55,-0.4,1,0.2,0.2,0.15,40,54.23,1884,1692,84,1608,0,481,203,52,232,640,1,191,16,1900,872,736,1900,822637.38,8486.33,29,89,67,64,57,68,78,1156,0,481,435,692
307014,25,-0.08,-0.02,-0.55,-0.4,1,0.2,0.2,0.15,40,67.67,1887,1695,74,1621,812,0,385,139,96,189,1,191,13,1900,1097,524,1900,1192609.12,12253.65,84,165,176,101,116,85,58,836,812,0,481,328
307015,25,-0.08,-0.02,-0.55,-0.4,1,0.2,0.2,0.15,50,58.36,1889,1697,71,1626,760,481,0,196,0,189,1,191,11,1900,949,677,1900,806945.03,8295.75,113,253,241,158,153,140,105,463,760,481,0,385
307016,25,-0.08,-0.02,-0.55,-0.4,1,0.2,0.2,0.15,50,52.49,1884,1692,84,1608,0,513,0,251,0,844,1,191,16,1900,844,764,1900,763629.2,7871.36,29,89,67,64,57,68,78,1156,0,513,0,1095
307017,25,-0.08,-0.02,-0.55,-0.4,1,0.2,0.2,0.15,50,66.19,1887,1695,74,1621,812,0,0,548,0,261,1,191,13,1900,1073,548,1900,1117298.0,11480.28,84,165,176,101,116,85,58,836,812,0,0,809
307018,25,-0.08,-0.02,-0.55,-0.4,1,0.2,0.2,0.15,60,58.36,1889,1697,71,1626,760,481,0,196,0,189,1,191,11,1900,949,677,1900,806945.03,8295.75,113,253,241,158,153,140,105,463,760,481,0,385
307019,25,-0.08,-0.02,-0.55,-0.4,1,0.2,0.2,0.15,60,52.49,1884,1692,84,1608,0,513,0,251,0,844,1,191,16,1900,844,764,1900,763629.2,7871.36,29,89,67,64,57,68,78,1156,0,513,0,1095
307020,25,-0.08,-0.02,-0.55,-0.4,1,0.2,0.2,0.15,60,66.19,1887,1695,74,1621,812,0,0,548,0,261,1,191,13,1900,1073,548,1900,1117298.0,11480.28,84,165,176,101,116,85,58,836,812,0,0,809
307021,25,-0.08,-0.02,-0.55,-0.4,2,0.1,0.1,0.15,20,72.43,1889,1697,32,1665,1060,233,226,0,146,0,1,191,11,1900,1206,459,1900,695816.64,7582.65,537,343,258,527,0,0,0,0,1060,233,372,0
307022,25,-0.08,-0.02,-0.55,-0.4,2,0.1,0.1,0.15,20,66.95,1889,1697,54,1643,0,249,294,0,1100,0,1,191,11,1900,1100,543,1900,1299606.77,12757.84,29,89,67,1458,0,0,0,0,0,249,1394,0
307023,25,-0.08,-0.02,-0.55,-0.4,2,0.1,0.1,0.15,20,77.63,1887,1695,32,1663,1112,0,372,0,179,0,1,191,13,1900,1291,372,1900,955948.58,9177.57,508,264,217,674,0,0,0,0,1112,0,551,0
307024,25,-0.08,-0.02,-0.55,-0.4,2,0.1,0.1,0.15,30,73.61,1889,1697,45,1652,1160,318,118,0,56,0,1,191,11,1900,1216,436,1900,665786.62,7754.4,537,343,258,155,101,258,0,0,1160,318,174,0
307025,25,-0.08,-0.02,-0.55,-0.4,2,0.1,0.1,0.15,30,60.55,1886,1694,82,1612,0,374,262,0,976,0,1,191,14,1900,976,636,1900,1198554.73,12095.21,29,89,67,64,57,1306,0,0,0,374,1238,0
307026,25,-0.08,-0.02,-0.55,-0.4,2,0.1,0.1,0.15,30,82.57,1887,1695,48,1647,1273,0,287,0,87,0,1,191,13,1900,1360,287,1900,1115899.58,10364.35,508,264,217,123,100,435,0,0,1273,0,374,0
307027,25,-0.08,-0.02,-0.55,-0.4,2,0.1,0.1,0.15,40,74.14,1889,1697,46,1651,1192,365,52,10,22,10,1,191,11,1900,1224,427,1900,648860.16,7786.04,537,343,258,155,101,84,50,123,1192,365,74,20
307028,25,-0.08,-0.02,-0.55,-0.4,2,0.1,0.1,0.15,40,57.15,1884,1692,84,1608,0,481,172,36,263,656,1,191,16,1900,919,689,1900,1147742.93,12406.85,29,89,67,64,57,68,78,1156,0,481,435,692
307029,25,-0.08,-0.02,-0.55,-0.4,2,0.1,0.1,0.15,40,84.63,1887,1695,49,1646,1339,0,195,58,28,26,1,191,13,1900,1393,253,1900,1176986.9,10810.39,508,264,217,123,100,61,38,335,1339,0,223,84
307030,25,-0.08,-0.02,-0.55,-0.4,2,0.1,0.1,0.15,50,73.47,1889,1697,46,1651,1194,375,0,63,0,19,1,191,11,1900,1213,438,1900,631547.2,7683.48,537,343,258,155,101,84,50,123,1194,375,0,82
307031,25,-0.08,-0.02,-0.55,-0.4,2,0.1,0.1,0.15,50,54.98,1884,1692,84,1608,0,513,0,211,0,884,1,191,16,1900,884,724,1900,1063108.7,11803.79,29,89,67,64,57,68,78,1156,0,513,0,1095
307032,25,-0.08,-0.02,-0.55,-0.4,2,0.1,0.1,0.15,50,84.26,1887,1695,49,1646,1341,0,0,259,0,46,1,191,13,1900,1387,259,1900,1123411.68,10525.58,508,264,217,123,100,61,38,335,1341,0,0,305
307033,25,-0.08,-0.02,-0.55,-0.4,2,0.1,0.1,0.15,60,73.47,1889,1697,46,1651,1194,375,0,63,0,19,1,191,11,1900,1213,438,1900,631547.2,7683.48,537,343,258,155,101,84,50,123,1194,375,0,82
307034,25,-0.08,-0.02,-0.55,-0.4,2,0.1,0.1,0.15,60,54.98,1884,1692,84,1608,0,513,0,211,0,884,1,191,16,1900,884,724,1900,1063108.7,11803.79,29,89,67,64,57,68,78,1156,0,513,0,1095
307035,25,-0.08,-0.02,-0.55,-0.4,2,0.1,0.1,0.15,60,84.26,1887,1695,49,1646,1341,0,0,259,0,46,1,191,13,1900,1387,259,1900,1123411.68,10525.58,508,264,217,123,100,61,38,335,1341,0,0,305
307036,25,-0.08,-0.02,-0.55,-0.4,2,0.1,0.2,0.15,20,67.74,1889,1697,48,1649,564,247,285,0,553,0,1,191,11,1900,1117,532,1900,1156964.96,11530.01,115,260,265,1009,0,0,0,0,564,247,838,0
307037,25,-0.08,-0.02,-0.55,-0.4,2,0.1,0.2,0.15,20,66.95,1889,1697,54,1643,0,249,294,0,1100,0,1,191,11,1900,1100,543,1900,1299606.77,12757.84,29,89,67,1458,0,0,0,0,0,249,1394,0
307038,25,-0.08,-0.02,-0.55,-0.4,2,0.1,0.2,0.15,20,73.16,1887,1695,48,1647,588,0,442,0,617,0,1,191,13,1900,1205,442,1900,1479874.34,13459.15,86,172,206,1183,0,0,0,0,588,0,1059,0
307039,25,-0.08,-0.02,-0.55,-0.4,2,0.1,0.2,0.15,30,63.76,1889,1697,69,1628,739,363,227,0,299,0,1,191,11,1900,1038,590,1900,1151824.68,11882.42,115,260,265,171,154,663,0,0,739,363,526,0
307040,25,-0.08,-0.02,-0.55,-0.4,2,0.1,0.2,0.15,30,60.55,1886,1694,82,1612,0,374,262,0,976,0,1,191,14,1900,976,636,1900,1198554.73,12095.21,29,89,67,64,57,1306,0,0,0,374,1238,0
307041,25,-0.08,-0.02,-0.55,-0.4,2,0.1,0.2,0.15,30,73.51,1887,1695,72,1623,801,0,430,0,392,0,1,191,13,1900,1193,430,1900,1751596.69,15289.06,86,172,206,124,122,913,0,0,801,0,822,0
307042,25,-0.08,-0.02,-0.55,-0.4,2,0.1,0.2,0.15,40,62.42,1889,1697,71,1626,812,449,130,32,100,103,1,191,11,1900,1015,611,1900,1145727.3,12129.86,115,260,265,171,154,137,103,421,812,449,230,135
307043,25,-0.08,-0.02,-0.55,-0.4,2,0.1,0.2,0.15,40,57.15,1884,1692,84,1608,0,481,172,36,263,656,1,191,16,1900,919,689,1900,1147742.93,12406.85,29,89,67,64,57,68,78,1156,0,481,435,692
307044,25,-0.08,-0.02,-0.55,-0.4,2,0.1,0.2,0.15,40,73.23,1887,1695,74,1621,902,0,337,97,117,168,1,191,13,1900,1187,434,1900,1842470.72,16096.7,86,172,206,124,122,91,61,759,902,0,454,265
307045,25,-0.08,-0.02,-0.55,-0.4,2,0.1,0.2,0.15,50,60.95,1889,1697,71,1626,812,475,0,160,0,179,1,191,11,1900,991,635,1900,1097014.88,11821.19,115,260,265,171,154,137,103,421,812,475,0,339
307046,25,-0.08,-0.02,-0.55,-0.4,2,0.1,0.2,0.15,50,54.98,1884,1692,84,1608,0,513,0,211,0,884,1,191,16,1900,884,724,1900,1063108.7,11803.79,29,89,67,64,57,68,78,1156,0,513,0,1095
307047,25,-0.08,-0.02,-0.55,-0.4,2,0.1,0.2,0.15,50,71.99,1887,1695,74,1621,902,0,0,454,0,265,1,191,13,1900,1167,454,1900,1713107.26,15379.14,86,172,206,124,122,91,61,759,902,0,0,719
307048,25,-0.08,-0.02,-0.55,-0.4,2,0.1,0.2,0.15,60,60.95,1889,1697,71,1626,812,475,0,160,0,179,1,191,11,1900,991,635,1900,1097014.88,11821.19,115,260,265,171,154,137,103,421,812,475,0,339
307049,25,-0.08,-0.02,-0.55,-0.4,2,0.1,0.2,0.15,60,54.98,1884,1692,84,1608,0,513,0,211,0,884,1,191,16,1900,884,724,1900,1063108.7,11803.79,29,89,67,64,57,68,78,1156,0,513,0,1095
307050,25,-0.08,-0.02,-0.55,-0.4,2,0.1,0.2,0.15,60,71.99,1887,1695,74,1621,902,0,0,454,0,265,1,191,13,1900,1167,454,1900,1713107.26,15379.14,86,172,206,124,122,91,61,759,902,0,0,719
307051,25,-0.08,-0.02,-0.55,-0.4,2,0.2,0.1,0.15,20,69.25,1889,1697,32,1665,1007,236,276,0,146,0,1,191,11,1900,1153,512,1900,538708.03,5527.88,516,324,240,585,0,0,0,0,1007,236,422,0
307052,25,-0.08,-0.02,-0.55,-0.4,2,0.2,0.1,0.15,20,63.48,1889,1697,54,1643,0,249,351,0,1043,0,1,191,11,1900,1043,600,1900,970802.36,9981.34,29,89,67,1458,0,0,0,0,0,249,1394,0
307053,25,-0.08,-0.02,-0.55,-0.4,2,0.2,0.1,0.15,20,72.52,1887,1695,32,1663,1040,0,457,0,166,0,1,191,13,1900,1206,457,1900,687172.82,7052.53,487,241,187,748,0,0,0,0,1040,0,623,0
307054,25,-0.08,-0.02,-0.55,-0.4,2,0.2,0.1,0.15,30,71.07,1889,1697,45,1652,1115,328,150,0,59,0,1,191,11,1900,1174,478,1900,527006.04,5406.51,516,324,240,163,102,307,0,0,1115,328,209,0
307055,25,-0.08,-0.02,-0.55,-0.4,2,0.2,0.1,0.15,30,58.44,1886,1694,82,1612,0,374,296,0,942,0,1,191,14,1900,942,670,1900,837459.58,8615.83,29,89,67,64,57,1306,0,0,0,374,1238,0
307056,25,-0.08,-0.02,-0.55,-0.4,2,0.2,0.1,0.15,30,77.47,1887,1695,48,1647,1188,0,371,0,88,0,1,191,13,1900,1276,371,1900,785521.68,8056.5,487,241,187,125,81,526,0,0,1188,0,459,0
307057,25,-0.08,-0.02,-0.55,-0.4,2,0.2,0.1,0.15,40,71.41,1889,1697,46,1651,1152,382,70,20,17,10,1,191,11,1900,1179,472,1900,517921.17,5319.29,516,324,240,163,102,98,61,147,1152,382,87,30
307058,25,-0.08,-0.02,-0.55,-0.4,2,0.2,0.1,0.15,40,54.23,1884,1692,84,1608,0,481,203,52,232,640,1,191,16,1900,872,736,1900,822637.38,8486.33,29,89,67,64,57,68,78,1156,0,481,435,692
307059,25,-0.08,-0.02,-0.55,-0.4,2,0.2,0.1,0.15,40,79.34,1887,1695,49,1646,1256,0,241,99,21,29,1,191,13,1900,1306,340,1900,813180.28,8344.94,487,241,187,125,81,67,40,418,1256,0,262,128
307060,25,-0.08,-0.02,-0.55,-0.4,2,0.2,0.1,0.15,50,70.99,1889,1697,46,1651,1154,393,0,86,0,18,1,191,11,1900,1172,479,1900,503958.74,5176.79,516,324,240,163,102,98,61,147,1154,393,0,104
307061,25,-0.08,-0.02,-0.55,-0.4,2,0.2,0.1,0.15,50,52.49,1884,1692,84,1608,0,513,0,251,0,844,1,191,16,1900,844,764,1900,763629.2,7871.36,29,89,67,64,57,68,78,1156,0,513,0,1095
307062,25,-0.08,-0.02,-0.55,-0.4,2,0.2,0.1,0.15,50,78.8,1887,1695,49,1646,1258,0,0,349,0,39,1,191,13,1900,1297,349,1900,776083.81,7967.34,487,241,187,125,81,67,40,418,1258,0,0,388
307063,25,-0.08,-0.02,-0.55,-0.4,2,0.2,0.1,0.15,60,70.99,1889,1697,46,1651,1154,393,0,86,0,18,1,191,11,1900,1172,479,1900,503958.74,5176.79,516,324,240,163,102,98,61,147,1154,393,0,104
307064,25,-0.08,-0.02,-0.55,-0.4,2,0.2,0.1,0.15,60,52.49,1884,1692,84,1608,0,513,0,251,0,844,1,191,16,1900,844,764,1900,763629.2,7871.36,29,89,67,64,57,68,78,1156,0,513,0,1095
307065,25,-0.08,-0.02,-0.55,-0.4,2,0.2,0.1,0.15,60,78.8,1887,1695,49,1646,1258,0,0,349,0,39,1,191,13,1900,1297,349,1900,776083.81,7967.34,487,241,187,125,81,67,40,418,1258,0,0,388
307066,25,-0.08,-0.02,-0.55,-0.4,2,0.2,0.2,0.15,20,64.22,1889,1697,48,1649,517,248,342,0,542,0,1,191,11,1900,1059,590,1900,870807.49,8951.28,113,253,241,1042,0,0,0,0,517,248,884,0
307067,25,-0.08,-0.02,-0.55,-0.4,2,0.2,0.2,0.15,20,63.48,1889,1697,54,1643,0,249,351,0,1043,0,1,191,11,1900,1043,600,1900,970802.36,9981.34,29,89,67,1458,0,0,0,0,0,249,1394,0
307068,25,-0.08,-0.02,-0.55,-0.4,2,0.2,0.2,0.15,20,67.64,1887,1695,48,1647,526,0,533,0,588,0,1,191,13,1900,1114,533,1900,1035299.39,10640.22,84,165,176,1222,0,0,0,0,526,0,1121,0
307069,25,-0.08,-0.02,-0.55,-0.4,2,0.2,0.2,0.15,30,61.61,1889,1697,69,1628,692,366,259,0,311,0,1,191,11,1900,1003,625,1900,854938.83,8786.02,113,253,241,158,153,710,0,0,692,366,570,0
307070,25,-0.08,-0.02,-0.55,-0.4,2,0.2,0.2,0.15,30,58.44,1886,1694,82,1612,0,374,296,0,942,0,1,191,14,1900,942,670,1900,837459.58,8615.83,29,89,67,64,57,1306,0,0,0,374,1238,0
307071,25,-0.08,-0.02,-0.55,-0.4,2,0.2,0.2,0.15,30,68.27,1887,1695,72,1623,727,0,515,0,381,0,1,191,13,1900,1108,515,1900,1158068.05,11890.81,84,165,176,101,116,981,0,0,727,0,896,0
307072,25,-0.08,-0.02,-0.55,-0.4,2,0.2,0.2,0.15,40,59.53,1889,1697,71,1626,760,455,158,45,86,122,1,191,11,1900,968,658,1900,839542.76,8633.85,113,253,241,158,153,140,105,463,760,455,244,167
307073,25,-0.08,-0.02,-0.55,-0.4,2,0.2,0.2,0.15,40,54.23,1884,1692,84,1608,0,481,203,52,232,640,1,191,16,1900,872,736,1900,822637.38,8486.33,29,89,67,64,57,68,78,1156,0,481,435,692
307074,25,-0.08,-0.02,-0.55,-0.4,2,0.2,0.2,0.15,40,67.67,1887,1695,74,1621,812,0,385,139,96,189,1,191,13,1900,1097,524,1900,1192609.12,12253.65,84,165,176,101,116,85,58,836,812,0,481,328
307075,25,-0.08,-0.02,-0.55,-0.4,2,0.2,0.2,0.15,50,58.36,1889,1697,71,1626,760,481,0,196,0,189,1,191,11,1900,949,677,1900,806945.03,8295.75,113,253,241,158,153,140,105,463,760,481,0,385
307076,25,-0.08,-0.02,-0.55,-0.4,2,0.2,0.2,0.15,50,52.49,1884,1692,84,1608,0,513,0,251,0,844,1,191,16,1900,844,764,1900,763629.2,7871.36,29,89,67,64,57,68,78,1156,0,513,0,1095
307077,25,-0.08,-0.02,-0.55,-0.4,2,0.2,0.2,0.15,50,66.19,1887,1695,74,1621,812,0,0,548,0,261,1,191,13,1900,1073,548,1900,1117298.0,11480.28,84,165,176,101,116,85,58,836,812,0,0,809
307078,25,-0.08,-0.02,-0.55,-0.4,2,0.2,0.2,0.15,60,58.36,1889,1697,71,1626,760,481,0,196,0,189,1,191,11,1900,949,677,1900,806945.03,8295.75,113,253,241,158,153,140,105,463,760,481,0,385
307079,25,-0.08,-0.02,-0.55,-0.4,2,0.2,0.2,0.15,60,52.49,1884,1692,84,1608,0,513,0,251,0,844,1,191,16,1900,844,764,1900,763629.2,7871.36,29,89,67,64,57,68,78,1156,0,513,0,1095
307080,25,-0.08,-0.02,-0.55,-0.4,2,0.2,0.2,0.15,60,66.19,1887,1695,74,1621,812,0,0,548,0,261,1,191,13,1900,1073,548,1900,1117298.0,11480.28,84,165,176,101,116,85,58,836,812,0,0,809
307081,25,-0.08,-0.02,-0.55,-0.35,1,0.1,0.1,0.15,20,67.99,2731,2507,39,2468,1449,346,444,0,229,0,1,223,21,2752,1678,790,2752,748531.62,7697.0,730,472,371,895,0,0,0,0,1449,346,673,0
307082,25,-0.08,-0.02,-0.55,-0.35,1,0.1,0.1,0.15,20,61.84,2731,2507,70,2437,0,367,563,0,1507,0,1,223,21,2752,1507,930,2752,1220369.48,12586.07,52,133,93,2159,0,0,0,0,0,367,2070,0
307083,25,-0.08,-0.02,-0.55,-0.35,1,0.1,0.1,0.15,20,71.12,2725,2501,39,2462,1492,0,711,0,259,0,1,223,27,2752,1751,711,2752,957815.62,9837.66,678,348,296,1140,0,0,0,0,1492,0,970,0
307084,25,-0.08,-0.02,-0.55,-0.35,1,0.1,0.1,0.15,30,69.8,2731,2507,53,2454,1613,478,263,0,100,0,1,223,21,2752,1713,741,2752,732742.1,7537.36,730,472,371,222,152,507,0,0,1613,478,363,0
307085,25,-0.08,-0.02,-0.55,-0.35,1,0.1,0.1,0.15,30,57.13,2728,2504,99,2405,0,540,491,0,1374,0,1,223,24,2752,1374,1031,2752,1042629.29,10780.95,52,133,93,89,80,1958,0,0,0,540,1865,0
307086,25,-0.08,-0.02,-0.55,-0.35,1,0.1,0.1,0.15,30,75.83,2725,2501,56,2445,1712,0,591,0,142,0,1,223,27,2752,1854,591,2752,1099957.67,11290.7,678,348,296,170,123,830,0,0,1712,0,733,0
307087,25,-0.08,-0.02,-0.55,-0.35,1,0.1,0.1,0.15,40,70.0,2731,2507,54,2453,1664,576,119,41,24,29,1,223,21,2752,1717,736,2752,695313.85,7161.93,730,472,371,222,152,144,88,274,1664,576,143,70
307088,25,-0.08,-0.02,-0.55,-0.35,1,0.1,0.1,0.15,40,53.62,2726,2502,102,2400,0,710,312,91,355,932,1,223,26,2752,1287,1113,2752,951183.15,9789.99,52,133,93,89,80,93,120,1740,0,710,667,1023
307089,25,-0.08,-0.02,-0.55,-0.35,1,0.1,0.1,0.15,40,77.5,2725,2501,57,2444,1802,0,387,163,29,63,1,223,27,2752,1894,550,2752,1117663.72,11476.93,678,348,296,170,123,97,49,683,1802,0,416,226
307090,25,-0.08,-0.02,-0.55,-0.35,1,0.1,0.1,0.15,50,69.63,2731,2507,54,2453,1666,590,0,155,0,42,1,223,21,2752,1708,745,2752,677628.22,6980.01,730,472,371,222,152,144,88,274,1666,590,0,197
307091,25,-0.08,-0.02,-0.55,-0.35,1,0.1,0.1,0.15,50,52.08,2726,2502,102,2400,0,753,0,397,0,1250,1,223,26,2752,1250,1150,2752,869342.66,8932.87,52,133,93,89,80,93,120,1740,0,753,0,1647
307092,25,-0.08,-0.02,-0.55,-0.35,1,0.1,0.1,0.15,50,77.13,2725,2501,57,2444,1804,0,0,559,0,81,1,223,27,2752,1885,559,2752,1072515.77,11015.51,678,348,296,170,123,97,49,683,1804,0,0,640
307093,25,-0.08,-0.02,-0.55,-0.35,1,0.1,0.1,0.15,60,69.63,2731,2507,54,2453,1666,590,0,155,0,42,1,223,21,2752,1708,745,2752,677628.22,6980.01,730,472,371,222,152,144,88,274,1666,590,0,197
307094,25,-0.08,-0.02,-0.55,-0.35,1,0.1,0.1,0.15,60,52.08,2726,2502,102,2400,0,753,0,397,0,1250,1,223,26,2752,1250,1150,2752,869342.66,8932.87,52,133,93,89,80,93,120,1740,0,753,0,1647
307095,25,-0.08,-0.02,-0.55,-0.35,1,0.1,0.1,0.15,60,77.13,2725,2501,57,2444,1804,0,0,559,0,81,1,223,27,2752,1885,559,2752,1072515.77,11015.51,678,348,296,170,123,97,49,683,1804,0,0,640
307096,25,-0.08,-0.02,-0.55,-0.35,1,0.1,0.2,0.15,20,62.45,2731,2507,62,2445,675,365,553,0,852,0,1,223,21,2752,1527,918,2752,1125928.26,11589.63,164,328,333,1620,0,0,0,0,675,365,1405,0
307097,25,-0.08,-0.02,-0.55,-0.35,1,0.1,0.2,0.15,20,61.84,2731,2507,70,2437,0,367,563,0,1507,0,1,223,21,2752,1507,930,2752,1220369.48,12586.07,52,133,93,2159,0,0,0,0,0,367,2070,0
307098,25,-0.08,-0.02,-0.55,-0.35,1,0.1,0.2,0.15,20,65.56,2725,2501,62,2439,685,0,840,0,914,0,1,223,27,2752,1599,840,2752,1348214.98,13863.84,112,196,242,1889,0,0,0,0,685,0,1754,0
307099,25,-0.08,-0.02,-0.55,-0.35,1,0.1,0.2,0.15,30,59.6,2731,2507,84,2423,922,531,448,0,522,0,1,223,21,2752,1444,979,2752,1093650.8,11260.94,164,328,333,215,215,1168,0,0,922,531,970,0
307100,25,-0.08,-0.02,-0.55,-0.35,1,0.1,0.2,0.15,30,57.13,2728,2504,99,2405,0,540,491,0,1374,0,1,223,24,2752,1374,1031,2752,1042629.29,10780.95,52,133,93,89,80,1958,0,0,0,540,1865,0
307101,25,-0.08,-0.02,-0.55,-0.35,1,0.1,0.2,0.15,30,65.95,2725,2501,87,2414,969,0,822,0,623,0,1,223,27,2752,1592,822,2752,1526359.69,15677.52,112,196,242,135,160,1569,0,0,969,0,1445,0
307102,25,-0.08,-0.02,-0.55,-0.35,1,0.1,0.2,0.15,40,57.89,2731,2507,87,2420,1017,679,257,83,139,245,1,223,21,2752,1401,1019,2752,1047158.3,10797.22,164,328,333,215,215,198,157,810,1017,679,396,328
307103,25,-0.08,-0.02,-0.55,-0.35,1,0.1,0.2,0.15,40,53.62,2726,2502,102,2400,0,710,312,91,355,932,1,223,26,2752,1287,1113,2752,951183.15,9789.99,52,133,93,89,80,93,120,1740,0,710,667,1023
307104,25,-0.08,-0.02,-0.55,-0.35,1,0.1,0.2,0.15,40,65.62,2725,2501,90,2411,1087,0,603,226,150,345,1,223,27,2752,1582,829,2752,1548136.36,15913.87,112,196,242,135,160,124,85,1357,1087,0,753,571
307105,25,-0.08,-0.02,-0.55,-0.35,1,0.1,0.2,0.15,50,56.94,2731,2507,87,2420,1023,715,0,327,0,355,1,223,21,2752,1378,1042,2752,1006876.17,10380.91,164,328,333,215,215,198,157,810,1023,715,0,682
307106,25,-0.08,-0.02,-0.55,-0.35,1,0.1,0.2,0.15,50,52.08,2726,2502,102,2400,0,753,0,397,0,1250,1,223,26,2752,1250,1150,2752,869342.66,8932.87,52,133,93,89,80,93,120,1740,0,753,0,1647
307107,25,-0.08,-0.02,-0.55,-0.35,1,0.1,0.2,0.15,50,64.54,2725,2501,90,2411,1093,0,0,855,0,463,1,223,27,2752,1556,855,2752,1454949.22,14958.43,112,196,242,135,160,124,85,1357,1093,0,0,1318
307108,25,-0.08,-0.02,-0.55,-0.35,1,0.1,0.2,0.15,60,56.94,2731,2507,87,2420,1023,715,0,327,0,355,1,223,21,2752,1378,1042,2752,1006876.17,10380.91,164,328,333,215,215,198,157,810,1023,715,0,682
307109,25,-0.08,-0.02,-0.55,-0.35,1,0.1,0.2,0.15,60,52.08,2726,2502,102,2400,0,753,0,397,0,1250,1,223,26,2752,1250,1150,2752,869342.66,8932.87,52,133,93,89,80,93,120,1740,0,753,0,1647
307110,25,-0.08,-0.02,-0.55,-0.35,1,0.1,0.2,0.15,60,64.54,2725,2501,90,2411,1093,0,0,855,0,463,1,223,27,2752,1556,855,2752,1454949.22,14958.43,112,196,242,135,160,124,85,1357,1093,0,0,1318
307111,25,-0.08,-0.02,-0.55,-0.35,1,0.2,0.1,0.15,20,67.99,2731,2507,39,2468,1449,346,444,0,229,0,1,223,21,2752,1678,790,2752,748531.62,7697.0,730,472,371,895,0,0,0,0,1449,346,673,0
307112,25,-0.08,-0.02,-0.55,-0.35,1,0.2,0.1,0.15,20,61.84,2731,2507,70,2437,0,367,563,0,1507,0,1,223,21,2752,1507,930,2752,1220369.48,12586.07,52,133,93,2159,0,0,0,0,0,367,2070,0
307113,25,-0.08,-0.02,-0.55,-0.35,1,0.2,0.1,0.15,20,71.12,2725,2501,39,2462,1492,0,711,0,259,0,1,223,27,2752,1751,711,2752,957815.62,9837.66,678,348,296,1140,0,0,0,0,1492,0,970,0
307114,25,-0.08,-0.02,-0.55,-0.35,1,0.2,0.1,0.15,30,69.8,2731,2507,53,2454,1613,478,263,0,100,0,1,223,21,2752,1713,741,2752,732742.1,7537.36,730,472,371,222,152,507,0,0,1613,478,363,0
307115,25,-0.08,-0.02,-0.55,-0.35,1,0.2,0.1,0.15,30,57.13,2728,2504,99,2405,0,540,491,0,1374,0,1,223,24,2752,1374,1031,2752,1042629.29,10780.95,52,133,93,89,80,1958,0,0,0,540,1865,0
307116,25,-0.08,-0.02,-0.55,-0.35,1,0.2,0.1,0.15,30,75.83,2725,2501,56,2445,1712,0,591,0,142,0,1,223,27,2752,1854,591,2752,1099957.67,11290.7,678,348,296,170,123,830,0,0,1712,0,733,0
307117,25,-0.08,-0.02,-0.55,-0.35,1,0.2,0.1,0.15,40,70.0,2731,2507,54,2453,1664,576,119,41,24,29,1,223,21,2752,1717,736,2752,695313.85,7161.93,730,472,371,222,152,144,88,274,1664,576,143,70
307118,25,-0.08,-0.02,-0.55,-0.35,1,0.2,0.1,0.15,40,53.62,2726,2502,102,2400,0,710,312,91,355,932,1,223,26,2752,1287,1113,2752,951183.15,9789.99,52,133,93,89,80,93,120,1740,0,710,667,1023
307119,25,-0.08,-0.02,-0.55,-0.35,1,0.2,0.1,0.15,40,77.5,2725,2501,57,2444,1802,0,387,163,29,63,1,223,27,2752,1894,550,2752,1117663.72,11476.93,678,348,296,170,123,97,49,683,1802,0,416,226
307120,25,-0.08,-0.02,-0.55,-0.35,1,0.2,0.1,0.15,50,69.63,2731,2507,54,2453,1666,590,0,155,0,42,1,223,21,2752,1708,745,2752,677628.22,6980.01,730,472,371,222,152,144,88,274,1666,590,0,197
307121,25,-0.08,-0.02,-0.55,-0.35,1,0.2,0.1,0.15,50,52.08,2726,2502,102,2400,0,753,0,397,0,1250,1,223,26,2752,1250,1150,2752,869342.66,8932.87,52,133,93,89,80,93,120,1740,0,753,0,1647
307122,25,-0.08,-0.02,-0.55,-0.35,1,0.2,0.1,0.15,50,77.13,2725,2501,57,2444,1804,0,0,559,0,81,1,223,27,2752,1885,559,2752,1072515.77,11015.51,678,348,296,170,123,97,49,683,1804,0,0,640
307123,25,-0.08,-0.02,-0.55,-0.35,1,0.2,0.1,0.15,60,69.63,2731,2507,54,2453,1666,590,0,155,0,42,1,223,21,2752,1708,745,2752,677628.22,6980.01,730,472,371,222,152,144,88,274,1666,590,0,197
307124,25,-0.08,-0.02,-0.55,-0.35,1,0.2,0.1,0.15,60,52.08,2726,2502,102,2400,0,753,0,397,0,1250,1,223,26,2752,1250,1150,2752,869342.66,8932.87,52,133,93,89,80,93,120,1740,0,753,0,1647
307125,25,-0.08,-0.02,-0.55,-0.35,1,0.2,0.1,0.15,60,77.13,2725,2501,57,2444,1804,0,0,559,0,81,1,223,27,2752,1885,559,2752,1072515.77,11015.51,678,348,296,170,123,97,49,683,1804,0,0,640
307126,25,-0.08,-0.02,-0.55,-0.35,1,0.2,0.2,0.15,20,62.45,2731,2507,62,2445,675,365,553,0,852,0,1,223,21,2752,1527,918,2752,1125928.26,11589.63,164,328,333,1620,0,0,0,0,675,365,1405,0
307127,25,-0.08,-0.02,-0.55,-0.35,1,0.2,0.2,0.15,20,61.84,2731,2507,70,2437,0,367,563,0,1507,0,1,223,21,2752,1507,930,2752,1220369.48,12586.07,52,133,93,2159,0,0,0,0,0,367,2070,0
307128,25,-0.08,-0.02,-0.55,-0.35,1,0.2,0.2,0.15,20,65.56,2725,2501,62,2439,685,0,840,0,914,0,1,223,27,2752,1599,840,2752,1348214.98,13863.84,112,196,242,1889,0,0,0,0,685,0,1754,0
307129,25,-0.08,-0.02,-0.55,-0.35,1,0.2,0.2,0.15,30,59.6,2731,2507,84,2423,922,531,448,0,522,0,1,223,21,2752,1444,979,2752,1093650.8,11260.94,164,328,333,215,215,1168,0,0,922,531,970,0
307130,25,-0.08,-0.02,-0.55,-0.35,1,0.2,0.2,0.15,30,57.13,2728,2504,99,2405,0,540,491,0,1374,0,1,223,24,2752,1374,1031,2752,1042629.29,10780.95,52,133,93,89,80,1958,0,0,0,540,1865,0
307131,25,-0.08,-0.02,-0.55,-0.35,1,0.2,0.2,0.15,30,65.95,2725,2501,87,2414,969,0,822,0,623,0,1,223,27,2752,1592,822,2752,1526359.69,15677.52,112,196,242,135,160,1569,0,0,969,0,1445,0
307132,25,-0.08,-0.02,-0.55,-0.35,1,0.2,0.2,0.15,40,57.89,2731,2507,87,2420,1017,679,257,83,139,245,1,223,21,2752,1401,1019,2752,1047158.3,10797.22,164,328,333,215,215,198,157,810,1017,679,396,328
307133,25,-0.08,-0.02,-0.55,-0.35,1,0.2,0.2,0.15,40,53.62,2726,2502,102,2400,0,710,312,91,355,932,1,223,26,2752,1287,1113,2752,951183.15,9789.99,52,133,93,89,80,93,120,1740,0,710,667,1023
307134,25,-0.08,-0.02,-0.55,-0.35,1,0.2,0.2,0.15,40,65.62,2725,2501,90,2411,1087,0,603,226,150,345,1,223,27,2752,1582,829,2752,1548136.36,15913.87,112,196,242,135,160,124,85,1357,1087,0,753,571
307135,25,-0.08,-0.02,-0.55,-0.35,1,0.2,0.2,0.15,50,56.94,2731,2507,87,2420,1023,715,0,327,0,355,1,223,21,2752,1378,1042,2752,1006876.17,10380.91,164,328,333,215,215,198,157,810,1023,715,0,682
307136,25,-0.08,-0.02,-0.55,-0.35,1,0.2,0.2,0.15,50,52.08,2726,2502,102,2400,0,753,0,397,0,1250,1,223,26,2752,1250,1150,2752,869342.66,8932.87,52,133,93,89,80,93,120,1740,0,753,0,1647
307137,25,-0.08,-0.02,-0.55,-0.35,1,0.2,0.2,0.15,50,64.54,2725,2501,90,2411,1093,0,0,855,0,463,1,223,27,2752,1556,855,2752,1454949.22,14958.43,112,196,242,135,160,124,85,1357,1093,0,0,1318
307138,25,-0.08,-0.02,-0.55,-0.35,1,0.2,0.2,0.15,60,56.94,2731,2507,87,2420,1023,715,0,327,0,355,1,223,21,2752,1378,1042,2752,1006876.17,10380.91,164,328,333,215,215,198,157,810,1023,715,0,682
307139,25,-0.08,-0.02,-0.55,-0.35,1,0.2,0.2,0.15,60,52.08,2726,2502,102,2400,0,753,0,397,0,1250,1,223,26,2752,1250,1150,2752,869342.66,8932.87,52,133,93,89,80,93,120,1740,0,753,0,1647
307140,25,-0.08,-0.02,-0.55,-0.35,1,0.2,0.2,0.15,60,64.54,2725,2501,90,2411,1093,0,0,855,0,463,1,223,27,2752,1556,855,2752,1454949.22,14958.43,112,196,242,135,160,124,85,1357,1093,0,0,1318
307141,25,-0.08,-0.02,-0.55,-0.35,2,0.1,0.1,0.15,20,71.76,2731,2507,39,2468,1534,340,357,0,237,0,1,223,21,2752,1771,697,2752,987549.67,10929.36,759,499,393,817,0,0,0,0,1534,340,594,0
307142,25,-0.08,-0.02,-0.55,-0.35,2,0.1,0.1,0.15,20,65.9,2731,2507,70,2437,0,367,464,0,1606,0,1,223,21,2752,1606,831,2752,1640059.51,16673.46,52,133,93,2159,0,0,0,0,0,367,2070,0
307143,25,-0.08,-0.02,-0.55,-0.35,2,0.1,0.1,0.15,20,76.73,2725,2501,39,2462,1610,0,573,0,279,0,1,223,27,2752,1889,573,2752,1362826.83,13212.37,708,382,339,1033,0,0,0,0,1610,0,852,0
307144,25,-0.08,-0.02,-0.55,-0.35,2,0.1,0.1,0.15,30,72.78,2731,2507,53,2454,1690,463,205,0,96,0,1,223,21,2752,1786,668,2752,954010.58,11180.11,759,499,393,223,154,426,0,0,1690,463,301,0
307145,25,-0.08,-0.02,-0.55,-0.35,2,0.1,0.1,0.15,30,59.63,2728,2504,99,2405,0,540,431,0,1434,0,1,223,24,2752,1434,971,2752,1508268.07,15886.69,52,133,93,89,80,1958,0,0,0,540,1865,0
307146,25,-0.08,-0.02,-0.55,-0.35,2,0.1,0.1,0.15,30,81.55,2725,2501,56,2445,1847,0,451,0,147,0,1,223,27,2752,1994,451,2752,1610164.3,14966.76,708,382,339,181,151,684,0,0,1847,0,598,0
307147,25,-0.08,-0.02,-0.55,-0.35,2,0.1,0.1,0.15,40,73.09,2731,2507,54,2453,1741,550,88,22,29,23,1,223,21,2752,1793,660,2752,908330.62,11133.46,759,499,393,223,154,125,83,217,1741,550,117,45
307148,25,-0.08,-0.02,-0.55,-0.35,2,0.1,0.1,0.15,40,56.88,2726,2502,102,2400,0,710,267,58,400,965,1,223,26,2752,1365,1035,2752,1376093.29,15622.17,52,133,93,89,80,93,120,1740,0,710,667,1023
307149,25,-0.08,-0.02,-0.55,-0.35,2,0.1,0.1,0.15,40,83.47,2725,2501,57,2444,1954,0,308,96,39,47,1,223,27,2752,2040,404,2752,1686617.29,15574.68,708,382,339,181,151,86,63,534,1954,0,347,143
307150,25,-0.08,-0.02,-0.55,-0.35,2,0.1,0.1,0.15,50,72.52,2731,2507,54,2453,1743,562,0,112,0,36,1,223,21,2752,1779,674,2752,886351.77,10998.97,759,499,393,223,154,125,83,217,1743,562,0,148
307151,25,-0.08,-0.02,-0.55,-0.35,2,0.1,0.1,0.15,50,54.92,2726,2502,102,2400,0,753,0,329,0,1318,1,223,26,2752,1318,1082,2752,1261643.79,14783.2,52,133,93,89,80,93,120,1740,0,753,0,1647
307152,25,-0.08,-0.02,-0.55,-0.35,2,0.1,0.1,0.15,50,83.31,2725,2501,57,2444,1957,0,0,408,0,79,1,223,27,2752,2036,408,2752,1621270.37,15219.83,708,382,339,181,151,86,63,534,1957,0,0,487
307153,25,-0.08,-0.02,-0.55,-0.35,2,0.1,0.1,0.15,60,72.52,2731,2507,54,2453,1743,562,0,112,0,36,1,223,21,2752,1779,674,2752,886351.77,10998.97,759,499,393,223,154,125,83,217,1743,562,0,148
307154,25,-0.08,-0.02,-0.55,-0.35,2,0.1,0.1,0.15,60,54.92,2726,2502,102,2400,0,753,0,329,0,1318,1,223,26,2752,1318,1082,2752,1261643.79,14783.2,52,133,93,89,80,93,120,1740,0,753,0,1647
307155,25,-0.08,-0.02,-0.55,-0.35,2,0.1,0.1,0.15,60,83.31,2725,2501,57,2444,1957,0,0,408,0,79,1,223,27,2752,2036,408,2752,1621270.37,15219.83,708,382,339,181,151,86,63,534,1957,0,0,487
307156,25,-0.08,-0.02,-0.55,-0.35,2,0.1,0.2,0.15,20,66.5,2731,2507,62,2445,738,364,455,0,888,0,1,223,21,2752,1626,819,2752,1517817.84,15530.98,167,340,365,1573,0,0,0,0,738,364,1343,0
307157,25,-0.08,-0.02,-0.55,-0.35,2,0.1,0.2,0.15,20,65.9,2731,2507,70,2437,0,367,464,0,1606,0,1,223,21,2752,1606,831,2752,1640059.51,16673.46,52,133,93,2159,0,0,0,0,0,367,2070,0
307158,25,-0.08,-0.02,-0.55,-0.35,2,0.1,0.2,0.15,20,71.5,2725,2501,62,2439,767,0,695,0,977,0,1,223,27,2752,1744,695,2752,1956152.99,18173.95,115,208,282,1834,0,0,0,0,767,0,1672,0
307159,25,-0.08,-0.02,-0.55,-0.35,2,0.1,0.2,0.15,30,62.24,2731,2507,84,2423,994,527,388,0,514,0,1,223,21,2752,1508,915,2752,1522600.79,16079.48,167,340,365,230,221,1100,0,0,994,527,902,0
307160,25,-0.08,-0.02,-0.55,-0.35,2,0.1,0.2,0.15,30,59.63,2728,2504,99,2405,0,540,431,0,1434,0,1,223,24,2752,1434,971,2752,1508268.07,15886.69,52,133,93,89,80,1958,0,0,0,540,1865,0
307161,25,-0.08,-0.02,-0.55,-0.35,2,0.1,0.2,0.15,30,71.62,2725,2501,87,2414,1082,0,685,0,647,0,1,223,27,2752,1729,685,2752,2377522.54,20941.96,115,208,282,162,177,1470,0,0,1082,0,1332,0
307162,25,-0.08,-0.02,-0.55,-0.35,2,0.1,0.2,0.15,40,61.28,2731,2507,87,2420,1099,670,214,53,160,224,1,223,21,2752,1483,937,2752,1478720.41,16288.48,167,340,365,230,221,198,154,745,1099,670,374,277
307163,25,-0.08,-0.02,-0.55,-0.35,2,0.1,0.2,0.15,40,56.88,2726,2502,102,2400,0,710,267,58,400,965,1,223,26,2752,1365,1035,2752,1376093.29,15622.17,52,133,93,89,80,93,120,1740,0,710,667,1023
307164,25,-0.08,-0.02,-0.55,-0.35,2,0.1,0.2,0.15,40,71.71,2725,2501,90,2411,1222,0,530,152,184,323,1,223,27,2752,1729,682,2752,2470156.08,21926.62,115,208,282,162,177,138,88,1241,1222,0,714,475
307165,25,-0.08,-0.02,-0.55,-0.35,2,0.1,0.2,0.15,50,60.12,2731,2507,87,2420,1104,705,0,260,0,351,1,223,21,2752,1455,965,2752,1416827.27,15899.48,167,340,365,230,221,198,154,745,1104,705,0,611
307166,25,-0.08,-0.02,-0.55,-0.35,2,0.1,0.2,0.15,50,54.92,2726,2502,102,2400,0,753,0,329,0,1318,1,223,26,2752,1318,1082,2752,1261643.79,14783.2,52,133,93,89,80,93,120,1740,0,753,0,1647
307167,25,-0.08,-0.02,-0.55,-0.35,2,0.1,0.2,0.15,50,71.05,2725,2501,90,2411,1227,0,0,698,0,486,1,223,27,2752,1713,698,2752,2310182.84,21039.25,115,208,282,162,177,138,88,1241,1227,0,0,1184
307168,25,-0.08,-0.02,-0.55,-0.35,2,0.1,0.2,0.15,60,60.12,2731,2507,87,2420,1104,705,0,260,0,351,1,223,21,2752,1455,965,2752,1416827.27,15899.48,167,340,365,230,221,198,154,745,1104,705,0,611
307169,25,-0.08,-0.02,-0.55,-0.35,2,0.1,0.2,0.15,60,54.92,2726,2502,102,2400,0,753,0,329,0,1318,1,223,26,2752,1318,1082,2752,1261643.79,14783.2,52,133,93,89,80,93,120,1740,0,753,0,1647
307170,25,-0.08,-0.02,-0.55,-0.35,2,0.1,0.2,0.15,60,71.05,2725,2501,90,2411,1227,0,0,698,0,486,1,223,27,2752,1713,698,2752,2310182.84,21039.25,115,208,282,162,177,138,88,1241,1227,0,0,1184
307171,25,-0.08,-0.02,-0.55,-0.35,2,0.2,0.1,0.15,20,67.99,2731,2507,39,2468,1449,346,444,0,229,0,1,223,21,2752,1678,790,2752,748531.62,7697.0,730,472,371,895,0,0,0,0,1449,346,673,0
307172,25,-0.08,-0.02,-0.55,-0.35,2,0.2,0.1,0.15,20,61.84,2731,2507,70,2437,0,367,563,0,1507,0,1,223,21,2752,1507,930,2752,1220369.48,12586.07,52,133,93,2159,0,0,0,0,0,367,2070,0
307173,25,-0.08,-0.02,-0.55,-0.35,2,0.2,0.1,0.15,20,71.12,2725,2501,39,2462,1492,0,711,0,259,0,1,223,27,2752,1751,711,2752,957815.62,9837.66,678,348,296,1140,0,0,0,0,1492,0,970,0
307174,25,-0.08,-0.02,-0.55,-0.35,2,0.2,0.1,0.15,30,69.8,2731,2507,53,2454,1613,478,263,0,100,0,1,223,21,2752,1713,741,2752,732742.1,7537.36,730,472,371,222,152,507,0,0,1613,478,363,0
307175,25,-0.08,-0.02,-0.55,-0.35,2,0.2,0.1,0.15,30,57.13,2728,2504,99,2405,0,540,491,0,1374,0,1,223,24,2752,1374,1031,2752,1042629.29,10780.95,52,133,93,89,80,1958,0,0,0,540,1865,0
307176,25,-0.08,-0.02,-0.55,-0.35,2,0.2,0.1,0.15,30,75.83,2725,2501,56,2445,1712,0,591,0,142,0,1,223,27,2752,1854,591,2752,1099957.67,11290.7,678,348,296,170,123,830,0,0,1712,0,733,0
307177,25,-0.08,-0.02,-0.55,-0.35,2,0.2,0.1,0.15,40,70.0,2731,2507,54,2453,1664,576,119,41,24,29,1,223,21,2752,1717,736,2752,695313.85,7161.93,730,472,371,222,152,144,88,274,1664,576,143,70
307178,25,-0.08,-0.02,-0.55,-0.35,2,0.2,0.1,0.15,40,53.62,2726,2502,102,2400,0,710,312,91,355,932,1,223,26,2752,1287,1113,2752,951183.15,9789.99,52,133,93,89,80,93,120,1740,0,710,667,1023
307179,25,-0.08,-0.02,-0.55,-0.35,2,0.2,0.1,0.15,40,77.5,2725,2501,57,2444,1802,0,387,163,29,63,1,223,27,2752,1894,550,2752,1117663.72,11476.93,678,348,296,170,123,97,49,683,1802,0,416,226
307180,25,-0.08,-0.02,-0.55,-0.35,2,0.2,0.1,0.15,50,69.63,2731,2507,54,2453,1666,590,0,155,0,42,1,223,21,2752,1708,745,2752,677628.22,6980.01,730,472,371,222,152,144,88,274,1666,590,0,197
307181,25,-0.08,-0.02,-0.55,-0.35,2,0.2,0.1,0.15,50,52.08,2726,2502,102,2400,0,753,0,397,0,1250,1,223,26,2752,1250,1150,2752,869342.66,8932.87,52,133,93,89,80,93,120,1740,0,753,0,1647
307182,25,-0.08,-0.02,-0.55,-0.35,2,0.2,0.1,0.15,50,77.13,2725,2501,57,2444,1804,0,0,559,0,81,1,223,27,2752,1885,559,2752,1072515.77,11015.51,678,348,296,170,123,97,49,683,1804,0,0,640
307183,25,-0.08,-0.02,-0.55,-0.35,2,0.2,0.1,0.15,60,69.63,2731,2507,54,2453,1666,590,0,155,0,42,1,223,21,2752,1708,745,2752,677628.22,6980.01,730,472,371,222,152,144,88,274,1666,590,0,197
307184,25,-0.08,-0.02,-0.55,-0.35,2,0.2,0.1,0.15,60,52.08,2726,2502,102,2400,0,753,0,397,0,1250,1,223,26,2752,1250,1150,2752,869342.66,8932.87,52,133,93,89,80,93,120,1740,0,753,0,1647
307185,25,-0.08,-0.02,-0.55,-0.35,2,0.2,0.1,0.15,60,77.13,2725,2501,57,2444,1804,0,0,559,0,81,1,223,27,2752,1885,559,2752,1072515.77,11015.51,678,348,296,170,123,97,49,683,1804,0,0,640
307186,25,-0.08,-0.02,-0.55,-0.35,2,0.2,0.2,0.15,20,62.45,2731,2507,62,2445,675,365,553,0,852,0,1,223,21,2752,1527,918,2752,1125928.26,11589.63,164,328,333,1620,0,0,0,0,675,365,1405,0
307187,25,-0.08,-0.02,-0.55,-0.35,2,0.2,0.2,0.15,20,61.84,2731,2507,70,2437,0,367,563,0,1507,0,1,223,21,2752,1507,930,2752,1220369.48,12586.07,52,133,93,2159,0,0,0,0,0,367,2070,0
307188,25,-0.08,-0.02,-0.55,-0.35,2,0.2,0.2,0.15,20,65.56,2725,2501,62,2439,685,0,840,0,914,0,1,223,27,2752,1599,840,2752,1348214.98,13863.84,112,196,242,1889,0,0,0,0,685,0,1754,0
307189,25,-0.08,-0.02,-0.55,-0.35,2,0.2,0.2,0.15,30,59.6,2731,2507,84,2423,922,531,448,0,522,0,1,223,21,2752,1444,979,2752,1093650.8,11260.94,164,328,333,215,215,1168,0,0,922,531,970,0
307190,25,-0.08,-0.02,-0.55,-0.35,2,0.2,0.2,0.15,30,57.13,2728,2504,99,2405,0,540,491,0,1374,0,1,223,24,2752,1374,1031,2752,1042629.29,10780.95,52,133,93,89,80,1958,0,0,0,540,1865,0
307191,25,-0.08,-0.02,-0.55,-0.35,2,0.2,0.2,0.15,30,65.95,2725,2501,87,2414,969,0,822,0,623,0,1,223,27,2752,1592,822,2752,1526359.69,15677.52,112,196,242,135,160,1569,0,0,969,0,1445,0
307192,25,-0.08,-0.02,-0.55,-0.35,2,0.2,0.2,0.15,40,57.89,2731,2507,87,2420,1017,679,257,83,139,245,1,223,21,2752,1401,1019,2752,1047158.3,10797.22,164,328,333,215,215,198,157,810,1017,679,396,328
307193,25,-0.08,-0.02,-0.55,-0.35,2,0.2,0.2,0.15,40,53.62,2726,2502,102,2400,0,710,312,91,355,932,1,223,26,2752,1287,1113,2752,951183.15,9789.99,52,133,93,89,80,93,120,1740,0,710,667,1023
307194,25,-0.08,-0.02,-0.55,-0.35,2,0.2,0.2,0.15,40,65.62,2725,2501,90,2411,1087,0,603,226,150,345,1,223,27,2752,1582,829,2752,1548136.36,15913.87,112,196,242,135,160,124,85,1357,1087,0,753,571
307195,25,-0.08,-0.02,-0.55,-0.35,2,0.2,0.2,0.15,50,56.94,2731,2507,87,2420,1023,715,0,327,0,355,1,223,21,2752,1378,1042,2752,1006876.17,10380.91,164,328,333,215,215,198,157,810,1023,715,0,682
307196,25,-0.08,-0.02,-0.55,-0.35,2,0.2,0.2,0.15,50,52.08,2726,2502,102,2400,0,753,0,397,0,1250,1,223,26,2752,1250,1150,2752,869342.66,8932.87,52,133,93,89,80,93,120,1740,0,753,0,1647
307197,25,-0.08,-0.02,-0.55,-0.35,2,0.2,0.2,0.15,50,64.54,2725,2501,90,2411,1093,0,0,855,0,463,1,223,27,2752,1556,855,2752,1454949.22,14958.43,112,196,242,135,160,124,85,1357,1093,0,0,1318
307198,25,-0.08,-0.02,-0.55,-0.35,2,0.2,0.2,0.15,60,56.94,2731,2507,87,2420,1023,715,0,327,0,355,1,223,21,2752,1378,1042,2752,1006876.17,10380.91,164,328,333,215,215,198,157,810,1023,715,0,682
307199,25,-0.08,-0.02,-0.55,-0.35,2,0.2,0.2,0.15,60,52.08,2726,2502,102,2400,0,753,0,397,0,1250,1,223,26,2752,1250,1150,2752,869342.66,8932.87,52,133,93,89,80,93,120,1740,0,753,0,1647
307200,25,-0.08,-0.02,-0.55,-0.35,2,0.2,0.2,0.15,60,64.54,2725,2501,90,2411,1093,0,0,855,0,463,1,223,27,2752,1556,855,2752,1454949.22,14958.43,112,196,242,135,160,124,85,1357,1093,0,0,1318
307201,25,-0.08,-0.02,-0.55,-0.3,1,0.1,0.1,0.15,20,66.88,3543,3305,50,3255,1807,451,627,0,370,0,1,237,28,3571,2177,1078,3571,903539.46,9268.11,905,604,471,1275,0,0,0,0,1807,451,997,0
307202,25,-0.08,-0.02,-0.55,-0.3,1,0.1,0.1,0.15,20,61.2,3543,3305,86,3219,0,481,768,0,1970,0,1,237,28,3571,1970,1249,3571,1408965.08,14514.82,76,174,126,2843,0,0,0,0,0,481,2738,0
307203,25,-0.08,-0.02,-0.55,-0.3,1,0.1,0.1,0.15,20,69.59,3537,3299,50,3249,1855,0,988,0,406,0,1,237,34,3571,2261,988,3571,1134858.63,11613.2,829,442,368,1610,0,0,0,0,1855,0,1394,0
307204,25,-0.08,-0.02,-0.55,-0.3,1,0.1,0.1,0.15,30,68.07,3543,3305,67,3238,2049,617,417,0,155,0,1,237,28,3571,2204,1034,3571,891402.95,9155.78,905,604,471,278,213,767,0,0,2049,617,572,0
307205,25,-0.08,-0.02,-0.55,-0.3,1,0.1,0.1,0.15,30,56.07,3540,3302,120,3182,0,698,700,0,1784,0,1,237,31,3571,1784,1398,3571,1168067.99,12087.16,76,174,126,105,102,2599,0,0,0,698,2484,0
307206,25,-0.08,-0.02,-0.55,-0.3,1,0.1,0.1,0.15,30,73.49,3537,3299,70,3229,2167,0,856,0,206,0,1,237,34,3571,2373,856,3571,1329604.3,13609.09,829,442,368,216,172,1202,0,0,2167,0,1062,0
307207,25,-0.08,-0.02,-0.55,-0.3,1,0.1,0.1,0.15,40,68.15,3543,3305,68,3237,2128,766,198,67,37,41,1,237,28,3571,2206,1031,3571,810425.31,8336.59,905,604,471,278,213,195,142,429,2128,766,235,108
307208,25,-0.08,-0.02,-0.55,-0.3,1,0.1,0.1,0.15,40,52.19,3538,3300,123,3177,0,941,445,133,490,1168,1,237,33,3571,1658,1519,3571,986247.93,10160.54,76,174,126,105,102,115,175,2304,0,941,935,1301
307209,25,-0.08,-0.02,-0.55,-0.3,1,0.1,0.1,0.15,40,75.12,3537,3299,71,3228,2295,0,557,246,44,86,1,237,34,3571,2425,803,3571,1337062.78,13690.63,829,442,368,216,172,140,77,984,2295,0,601,332
307210,25,-0.08,-0.02,-0.55,-0.3,1,0.1,0.1,0.15,50,67.87,3543,3305,68,3237,2130,786,0,254,0,67,1,237,28,3571,2197,1040,3571,784565.11,8069.5,905,604,471,278,213,195,142,429,2130,786,0,321
307211,25,-0.08,-0.02,-0.55,-0.3,1,0.1,0.1,0.15,50,50.77,3538,3300,123,3177,0,998,0,566,0,1613,1,237,33,3571,1613,1564,3571,872539.44,8966.31,76,174,126,105,102,115,175,2304,0,998,0,2179
307212,25,-0.08,-0.02,-0.55,-0.3,1,0.1,0.1,0.15,50,74.85,3537,3299,71,3228,2297,0,0,812,0,119,1,237,34,3571,2416,812,3571,1276146.91,13065.8,829,442,368,216,172,140,77,984,2297,0,0,931
307213,25,-0.08,-0.02,-0.55,-0.3,1,0.1,0.1,0.15,60,67.87,3543,3305,68,3237,2130,786,0,254,0,67,1,237,28,3571,2197,1040,3571,784565.11,8069.5,905,604,471,278,213,195,142,429,2130,786,0,321
307214,25,-0.08,-0.02,-0.55,-0.3,1,0.1,0.1,0.15,60,50.77,3538,3300,123,3177,0,998,0,566,0,1613,1,237,33,3571,1613,1564,3571,872539.44,8966.31,76,174,126,105,102,115,175,2304,0,998,0,2179
307215,25,-0.08,-0.02,-0.55,-0.3,1,0.1,0.1,0.15,60,74.85,3537,3299,71,3228,2297,0,0,812,0,119,1,237,34,3571,2416,812,3571,1276146.91,13065.8,829,442,368,216,172,140,77,984,2297,0,0,931
307216,25,-0.08,-0.02,-0.55,-0.3,1,0.1,0.2,0.15,20,61.68,3543,3305,77,3228,818,479,758,0,1173,0,1,237,28,3571,1991,1237,3571,1337823.05,13759.86,200,403,422,2203,0,0,0,0,818,479,1931,0
307217,25,-0.08,-0.02,-0.55,-0.3,1,0.1,0.2,0.15,20,61.2,3543,3305,86,3219,0,481,768,0,1970,0,1,237,28,3571,1970,1249,3571,1408965.08,14514.82,76,174,126,2843,0,0,0,0,0,481,2738,0
307218,25,-0.08,-0.02,-0.55,-0.3,1,0.1,0.2,0.15,20,64.4,3537,3299,77,3222,828,0,1147,0,1247,0,1,237,34,3571,2075,1147,3571,1580746.93,16226.69,124,230,298,2570,0,0,0,0,828,0,2394,0
307219,25,-0.08,-0.02,-0.55,-0.3,1,0.1,0.2,0.15,30,58.2,3543,3305,104,3201,1121,688,650,0,742,0,1,237,28,3571,1863,1338,3571,1281982.55,13226.91,200,403,422,272,266,1638,0,0,1121,688,1392,0
307220,25,-0.08,-0.02,-0.55,-0.3,1,0.1,0.2,0.15,30,56.07,3540,3302,120,3182,0,698,700,0,1784,0,1,237,31,3571,1784,1398,3571,1168067.99,12087.16,76,174,126,105,102,2599,0,0,0,698,2484,0
307221,25,-0.08,-0.02,-0.55,-0.3,1,0.1,0.2,0.15,30,63.91,3537,3299,107,3192,1171,0,1152,0,869,0,1,237,34,3571,2040,1152,3571,1784686.72,18335.36,124,230,298,176,192,2172,0,0,1171,0,2021,0
307222,25,-0.08,-0.02,-0.55,-0.3,1,0.1,0.2,0.15,40,56.1,3543,3305,107,3198,1253,906,377,121,196,345,1,237,28,3571,1794,1404,3571,1179624.03,12200.96,200,403,422,272,266,246,226,1163,1253,906,573,466
307223,25,-0.08,-0.02,-0.55,-0.3,1,0.1,0.2,0.15,40,52.19,3538,3300,123,3177,0,941,445,133,490,1168,1,237,33,3571,1658,1519,3571,986247.93,10160.54,76,174,126,105,102,115,175,2304,0,941,935,1301
307224,25,-0.08,-0.02,-0.55,-0.3,1,0.1,0.2,0.15,40,63.37,3537,3299,110,3189,1329,0,840,328,210,482,1,237,34,3571,2021,1168,3571,1793830.23,18447.88,124,230,298,176,192,151,114,1904,1329,0,1050,810
307225,25,-0.08,-0.02,-0.55,-0.3,1,0.1,0.2,0.15,50,55.32,3543,3305,107,3198,1260,954,0,475,0,509,1,237,28,3571,1769,1429,3571,1122031.24,11604.53,200,403,422,272,266,246,226,1163,1260,954,0,984
307226,25,-0.08,-0.02,-0.55,-0.3,1,0.1,0.2,0.15,50,50.77,3538,3300,123,3177,0,998,0,566,0,1613,1,237,33,3571,1613,1564,3571,872539.44,8966.31,76,174,126,105,102,115,175,2304,0,998,0,2179
307227,25,-0.08,-0.02,-0.55,-0.3,1,0.1,0.2,0.15,50,62.5,3537,3299,110,3189,1336,0,0,1196,0,657,1,237,34,3571,1993,1196,3571,1673979.62,17215.89,124,230,298,176,192,151,114,1904,1336,0,0,1853
307228,25,-0.08,-0.02,-0.55,-0.3,1,0.1,0.2,0.15,60,55.32,3543,3305,107,3198,1260,954,0,475,0,509,1,237,28,3571,1769,1429,3571,1122031.24,11604.53,200,403,422,272,266,246,226,1163,1260,954,0,984
307229,25,-0.08,-0.02,-0.55,-0.3,1,0.1,0.2,0.15,60,50.77,3538,3300,123,3177,0,998,0,566,0,1613,1,237,33,3571,1613,1564,3571,872539.44,8966.31,76,174,126,105,102,115,175,2304,0,998,0,2179
307230,25,-0.08,-0.02,-0.55,-0.3,1,0.1,0.2,0.15,60,62.5,3537,3299,110,3189,1336,0,0,1196,0,657,1,237,34,3571,1993,1196,3571,1673979.62,17215.89,124,230,298,176,192,151,114,1904,1336,0,0,1853
307231,25,-0.08,-0.02,-0.55,-0.3,1,0.2,0.1,0.15,20,66.88,3543,3305,50,3255,1807,451,627,0,370,0,1,237,28,3571,2177,1078,3571,903539.46,9268.11,905,604,471,1275,0,0,0,0,1807,451,997,0
307232,25,-0.08,-0.02,-0.55,-0.3,1,0.2,0.1,0.15,20,61.2,3543,3305,86,3219,0,481,768,0,1970,0,1,237,28,3571,1970,1249,3571,1408965.08,14514.82,76,174,126,2843,0,0,0,0,0,481,2738,0
307233,25,-0.08,-0.02,-0.55,-0.3,1,0.2,0.1,0.15,20,69.59,3537,3299,50,3249,1855,0,988,0,406,0,1,237,34,3571,2261,988,3571,1134858.63,11613.2,829,442,368,1610,0,0,0,0,1855,0,1394,0
307234,25,-0.08,-0.02,-0.55,-0.3,1,0.2,0.1,0.15,30,68.07,3543,3305,67,3238,2049,617,417,0,155,0,1,237,28,3571,2204,1034,3571,891402.95,9155.78,905,604,471,278,213,767,0,0,2049,617,572,0
307235,25,-0.08,-0.02,-0.55,-0.3,1,0.2,0.1,0.15,30,56.07,3540,3302,120,3182,0,698,700,0,1784,0,1,237,31,3571,1784,1398,3571,1168067.99,12087.16,76,174,126,105,102,2599,0,0,0,698,2484,0
307236,25,-0.08,-0.02,-0.55,-0.3,1,0.2,0.1,0.15,30,73.49,3537,3299,70,3229,2167,0,856,0,206,0,1,237,34,3571,2373,856,3571,1329604.3,13609.09,829,442,368,216,172,1202,0,0,2167,0,1062,0
307237,25,-0.08,-0.02,-0.55,-0.3,1,0.2,0.1,0.15,40,68.15,3543,3305,68,3237,2128,766,198,67,37,41,1,237,28,3571,2206,1031,3571,810425.31,8336.59,905,604,471,278,213,195,142,429,2128,766,235,108
307238,25,-0.08,-0.02,-0.55,-0.3,1,0.2,0.1,0.15,40,52.19,3538,3300,123,3177,0,941,445,133,490,1168,1,237,33,3571,1658,1519,3571,986247.93,10160.54,76,174,126,105,102,115,175,2304,0,941,935,1301
307239,25,-0.08,-0.02,-0.55,-0.3,1,0.2,0.1,0.15,40,75.12,3537,3299,71,3228,2295,0,557,246,44,86,1,237,34,3571,2425,803,3571,1337062.78,13690.63,829,442,368,216,172,140,77,984,2295,0,601,332
307240,25,-0.08,-0.02,-0.55,-0.3,1,0.2,0.1,0.15,50,67.87,3543,3305,68,3237,2130,786,0,254,0,67,1,237,28,3571,2197,1040,3571,784565.11,8069.5,905,604,471,278,213,195,142,429,2130,786,0,321
307241,25,-0.08,-0.02,-0.55,-0.3,1,0.2,0.1,0.15,50,50.77,3538,3300,123,3177,0,998,0,566,0,1613,1,237,33,3571,1613,1564,3571,872539.44,8966.31,76,174,126,105,102,115,175,2304,0,998,0,2179
307242,25,-0.08,-0.02,-0.55,-0.3,1,0.2,0.1,0.15,50,74.85,3537,3299,71,3228,2297,0,0,812,0,119,1,237,34,3571,2416,812,3571,1276146.91,13065.8,829,442,368,216,172,140,77,984,2297,0,0,931
307243,25,-0.08,-0.02,-0.55,-0.3,1,0.2,0.1,0.15,60,67.87,3543,3305,68,3237,2130,786,0,254,0,67,1,237,28,3571,2197,1040,3571,784565.11,8069.5,905,604,471,278,213,195,142,429,2130,786,0,321
307244,25,-0.08,-0.02,-0.55,-0.3,1,0.2,0.1,0.15,60,50.77,3538,3300,123,3177,0,998,0,566,0,1613,1,237,33,3571,1613,1564,3571,872539.44,8966.31,76,174,126,105,102,115,175,2304,0,998,0,2179
307245,25,-0.08,-0.02,-0.55,-0.3,1,0.2,0.1,0.15,60,74.85,3537,3299,71,3228,2297,0,0,812,0,119,1,237,34,3571,2416,812,3571,1276146.91,13065.8,829,442,368,216,172,140,77,984,2297,0,0,931
307246,25,-0.08,-0.02,-0.55,-0.3,1,0.2,0.2,0.15,20,61.68,3543,3305,77,3228,818,479,758,0,1173,0,1,237,28,3571,1991,1237,3571,1337823.05,13759.86,200,403,422,2203,0,0,0,0,818,479,1931,0
307247,25,-0.08,-0.02,-0.55,-0.3,1,0.2,0.2,0.15,20,61.2,3543,3305,86,3219,0,481,768,0,1970,0,1,237,28,3571,1970,1249,3571,1408965.08,14514.82,76,174,126,2843,0,0,0,0,0,481,2738,0
307248,25,-0.08,-0.02,-0.55,-0.3,1,0.2,0.2,0.15,20,64.4,3537,3299,77,3222,828,0,1147,0,1247,0,1,237,34,3571,2075,1147,3571,1580746.93,16226.69,124,230,298,2570,0,0,0,0,828,0,2394,0
307249,25,-0.08,-0.02,-0.55,-0.3,1,0.2,0.2,0.15,30,58.2,3543,3305,104,3201,1121,688,650,0,742,0,1,237,28,3571,1863,1338,3571,1281982.55,13226.91,200,403,422,272,266,1638,0,0,1121,688,1392,0
307250,25,-0.08,-0.02,-0.55,-0.3,1,0.2,0.2,0.15,30,56.07,3540,3302,120,3182,0,698,700,0,1784,0,1,237,31,3571,1784,1398,3571,1168067.99,12087.16,76,174,126,105,102,2599,0,0,0,698,2484,0
307251,25,-0.08,-0.02,-0.55,-0.3,1,0.2,0.2,0.15,30,63.91,3537,3299,107,3192,1171,0,1152,0,869,0,1,237,34,3571,2040,1152,3571,1784686.72,18335.36,124,230,298,176,192,2172,0,0,1171,0,2021,0
307252,25,-0.08,-0.02,-0.55,-0.3,1,0.2,0.2,0.15,40,56.1,3543,3305,107,3198,1253,906,377,121,196,345,1,237,28,3571,1794,1404,3571,1179624.03,12200.96,200,403,422,272,266,246,226,1163,1253,906,573,466
307253,25,-0.08,-0.02,-0.55,-0.3,1,0.2,0.2,0.15,40,52.19,3538,3300,123,3177,0,941,445,133,490,1168,1,237,33,3571,1658,1519,3571,986247.93,10160.54,76,174,126,105,102,115,175,2304,0,941,935,1301
307254,25,-0.08,-0.02,-0.55,-0.3,1,0.2,0.2,0.15,40,63.37,3537,3299,110,3189,1329,0,840,328,210,482,1,237,34,3571,2021,1168,3571,1793830.23,18447.88,124,230,298,176,192,151,114,1904,1329,0,1050,810
307255,25,-0.08,-0.02,-0.55,-0.3,1,0.2,0.2,0.15,50,55.32,3543,3305,107,3198,1260,954,0,475,0,509,1,237,28,3571,1769,1429,3571,1122031.24,11604.53,200,403,422,272,266,246,226,1163,1260,954,0,984
307256,25,-0.08,-0.02,-0.55,-0.3,1,0.2,0.2,0.15,50,50.77,3538,3300,123,3177,0,998,0,566,0,1613,1,237,33,3571,1613,1564,3571,872539.44,8966.31,76,174,126,105,102,115,175,2304,0,998,0,2179
307257,25,-0.08,-0.02,-0.55,-0.3,1,0.2,0.2,0.15,50,62.5,3537,3299,110,3189,1336,0,0,1196,0,657,1,237,34,3571,1993,1196,3571,1673979.62,17215.89,124,230,298,176,192,151,114,1904,1336,0,0,1853
307258,25,-0.08,-0.02,-0.55,-0.3,1,0.2,0.2,0.15,60,55.32,3543,3305,107,3198,1260,954,0,475,0,509,1,237,28,3571,1769,1429,3571,1122031.24,11604.53,200,403,422,272,266,246,226,1163,1260,954,0,984
307259,25,-0.08,-0.02,-0.55,-0.3,1,0.2,0.2,0.15,60,50.77,3538,3300,123,3177,0,998,0,566,0,1613,1,237,33,3571,1613,1564,3571,872539.44,8966.31,76,174,126,105,102,115,175,2304,0,998,0,2179
307260,25,-0.08,-0.02,-0.55,-0.3,1,0.2,0.2,0.15,60,62.5,3537,3299,110,3189,1336,0,0,1196,0,657,1,237,34,3571,1993,1196,3571,1673979.62,17215.89,124,230,298,176,192,151,114,1904,1336,0,0,1853
307261,25,-0.08,-0.02,-0.55,-0.3,2,0.1,0.1,0.15,20,70.54,3543,3305,50,3255,1922,444,515,0,374,0,1,237,28,3571,2296,959,3571,1207332.46,13571.44,941,640,506,1168,0,0,0,0,1922,444,889,0
307262,25,-0.08,-0.02,-0.55,-0.3,2,0.1,0.1,0.15,20,65.08,3543,3305,86,3219,0,481,643,0,2095,0,1,237,28,3571,2095,1124,3571,1923755.48,19856.88,76,174,126,2843,0,0,0,0,0,481,2738,0
307263,25,-0.08,-0.02,-0.55,-0.3,2,0.1,0.1,0.15,20,75.13,3537,3299,50,3249,2013,0,808,0,428,0,1,237,34,3571,2441,808,3571,1634828.41,16205.98,867,489,426,1467,0,0,0,0,2013,0,1236,0
307264,25,-0.08,-0.02,-0.55,-0.3,2,0.1,0.1,0.15,30,71.28,3543,3305,67,3238,2158,600,330,0,150,0,1,237,28,3571,2308,930,3571,1191782.78,14037.95,941,640,506,279,218,654,0,0,2158,600,480,0
307265,25,-0.08,-0.02,-0.55,-0.3,2,0.1,0.1,0.15,30,58.93,3540,3302,120,3182,0,698,609,0,1875,0,1,237,31,3571,1875,1307,3571,1759335.0,18753.65,76,174,126,105,102,2599,0,0,0,698,2484,0
307266,25,-0.08,-0.02,-0.55,-0.3,2,0.1,0.1,0.15,30,79.47,3537,3299,70,3229,2350,0,663,0,216,0,1,237,34,3571,2566,663,3571,1990558.28,18672.35,867,489,426,231,211,1005,0,0,2350,0,879,0
307267,25,-0.08,-0.02,-0.55,-0.3,2,0.1,0.1,0.15,40,71.3,3543,3305,68,3237,2227,733,154,42,46,35,1,237,28,3571,2308,929,3571,1076490.9,13704.99,941,640,506,279,218,174,125,354,2227,733,200,77
307268,25,-0.08,-0.02,-0.55,-0.3,2,0.1,0.1,0.15,40,55.43,3538,3300,123,3177,0,941,387,88,548,1213,1,237,33,3571,1761,1416,3571,1504254.43,17850.02,76,174,126,105,102,115,175,2304,0,941,935,1301
307269,25,-0.08,-0.02,-0.55,-0.3,2,0.1,0.1,0.15,40,81.23,3537,3299,71,3228,2489,0,456,150,59,74,1,237,34,3571,2622,606,3571,2045262.04,19253.74,867,489,426,231,211,126,84,794,2489,0,515,224
307270,25,-0.08,-0.02,-0.55,-0.3,2,0.1,0.1,0.15,50,70.78,3543,3305,68,3237,2229,750,0,196,0,62,1,237,28,3571,2291,946,3571,1043446.18,13524.38,941,640,506,279,218,174,125,354,2229,750,0,258
307271,25,-0.08,-0.02,-0.55,-0.3,2,0.1,0.1,0.15,50,53.54,3538,3300,123,3177,0,998,0,478,0,1701,1,237,33,3571,1701,1476,3571,1344655.53,16711.22,76,174,126,105,102,115,175,2304,0,998,0,2179
307272,25,-0.08,-0.02,-0.55,-0.3,2,0.1,0.1,0.15,50,81.04,3537,3299,71,3228,2492,0,0,612,0,124,1,237,34,3571,2616,612,3571,1957114.76,18792.36,867,489,426,231,211,126,84,794,2492,0,0,736
307273,25,-0.08,-0.02,-0.55,-0.3,2,0.1,0.1,0.15,60,70.78,3543,3305,68,3237,2229,750,0,196,0,62,1,237,28,3571,2291,946,3571,1043446.18,13524.38,941,640,506,279,218,174,125,354,2229,750,0,258
307274,25,-0.08,-0.02,-0.55,-0.3,2,0.1,0.1,0.15,60,53.54,3538,3300,123,3177,0,998,0,478,0,1701,1,237,33,3571,1701,1476,3571,1344655.53,16711.22,76,174,126,105,102,115,175,2304,0,998,0,2179
307275,25,-0.08,-0.02,-0.55,-0.3,2,0.1,0.1,0.15,60,81.04,3537,3299,71,3228,2492,0,0,612,0,124,1,237,34,3571,2616,612,3571,1957114.76,18792.36,867,489,426,231,211,126,84,794,2492,0,0,736
307276,25,-0.08,-0.02,-0.55,-0.3,2,0.1,0.2,0.15,20,65.55,3543,3305,77,3228,888,478,634,0,1228,0,1,237,28,3571,2116,1112,3571,1820108.5,18920.56,203,419,454,2152,0,0,0,0,888,478,1862,0
307277,25,-0.08,-0.02,-0.55,-0.3,2,0.1,0.2,0.15,20,65.08,3543,3305,86,3219,0,481,643,0,2095,0,1,237,28,3571,2095,1124,3571,1923755.48,19856.88,76,174,126,2843,0,0,0,0,0,481,2738,0
307278,25,-0.08,-0.02,-0.55,-0.3,2,0.1,0.2,0.15,20,70.14,3537,3299,77,3222,920,0,962,0,1340,0,1,237,34,3571,2260,962,3571,2290940.87,21854.99,127,246,340,2509,0,0,0,0,920,0,2302,0
307279,25,-0.08,-0.02,-0.55,-0.3,2,0.1,0.2,0.15,30,61.26,3543,3305,104,3201,1210,683,557,0,751,0,1,237,28,3571,1961,1240,3571,1842645.17,19619.92,203,419,454,290,279,1556,0,0,1210,683,1308,0
307280,25,-0.08,-0.02,-0.55,-0.3,2,0.1,0.2,0.15,30,58.93,3540,3302,120,3182,0,698,609,0,1875,0,1,237,31,3571,1875,1307,3571,1759335.0,18753.65,76,174,126,105,102,2599,0,0,0,698,2484,0
307281,25,-0.08,-0.02,-0.55,-0.3,2,0.1,0.2,0.15,30,69.83,3537,3299,107,3192,1311,0,963,0,918,0,1,237,34,3571,2229,963,3571,2836855.49,25376.97,127,246,340,207,221,2051,0,0,1311,0,1881,0
307282,25,-0.08,-0.02,-0.55,-0.3,2,0.1,0.2,0.15,40,59.47,3543,3305,107,3198,1363,895,319,82,228,311,1,237,28,3571,1902,1296,3571,1715400.66,19534.97,203,419,454,290,279,248,228,1077,1363,895,547,393
307283,25,-0.08,-0.02,-0.55,-0.3,2,0.1,0.2,0.15,40,55.43,3538,3300,123,3177,0,941,387,88,548,1213,1,237,33,3571,1761,1416,3571,1504254.43,17850.02,76,174,126,105,102,115,175,2304,0,941,935,1301
307284,25,-0.08,-0.02,-0.55,-0.3,2,0.1,0.2,0.15,40,69.68,3537,3299,110,3189,1504,0,741,226,263,455,1,237,34,3571,2222,967,3571,2932631.08,26537.08,127,246,340,207,221,170,124,1754,1504,0,1004,681
307285,25,-0.08,-0.02,-0.55,-0.3,2,0.1,0.2,0.15,50,58.32,3543,3305,107,3198,1369,941,0,392,0,496,1,237,28,3571,1865,1333,3571,1626424.07,19012.11,203,419,454,290,279,248,228,1077,1369,941,0,888
307286,25,-0.08,-0.02,-0.55,-0.3,2,0.1,0.2,0.15,50,53.54,3538,3300,123,3177,0,998,0,478,0,1701,1,237,33,3571,1701,1476,3571,1344655.53,16711.22,76,174,126,105,102,115,175,2304,0,998,0,2179
307287,25,-0.08,-0.02,-0.55,-0.3,2,0.1,0.2,0.15,50,68.92,3537,3299,110,3189,1510,0,0,991,0,688,1,237,34,3571,2198,991,3571,2726947.93,25420.52,127,246,340,207,221,170,124,1754,1510,0,0,1679
307288,25,-0.08,-0.02,-0.55,-0.3,2,0.1,0.2,0.15,60,58.32,3543,3305,107,3198,1369,941,0,392,0,496,1,237,28,3571,1865,1333,3571,1626424.07,19012.11,203,419,454,290,279,248,228,1077,1369,941,0,888
307289,25,-0.08,-0.02,-0.55,-0.3,2,0.1,0.2,0.15,60,53.54,3538,3300,123,3177,0,998,0,478,0,1701,1,237,33,3571,1701,1476,3571,1344655.53,16711.22,76,174,126,105,102,115,175,2304,0,998,0,2179
307290,25,-0.08,-0.02,-0.55,-0.3,2,0.1,0.2,0.15,60,68.92,3537,3299,110,3189,1510,0,0,991,0,688,1,237,34,3571,2198,991,3571,2726947.93,25420.52,127,246,340,207,221,170,124,1754,1510,0,0,1679
307291,25,-0.08,-0.02,-0.55,-0.3,2,0.2,0.1,0.15,20,66.88,3543,3305,50,3255,1807,451,627,0,370,0,1,237,28,3571,2177,1078,3571,903539.46,9268.11,905,604,471,1275,0,0,0,0,1807,451,997,0
307292,25,-0.08,-0.02,-0.55,-0.3,2,0.2,0.1,0.15,20,61.2,3543,3305,86,3219,0,481,768,0,1970,0,1,237,28,3571,1970,1249,3571,1408965.08,14514.82,76,174,126,2843,0,0,0,0,0,481,2738,0
307293,25,-0.08,-0.02,-0.55,-0.3,2,0.2,0.1,0.15,20,69.59,3537,3299,50,3249,1855,0,988,0,406,0,1,237,34,3571,2261,988,3571,1134858.63,11613.2,829,442,368,1610,0,0,0,0,1855,0,1394,0
307294,25,-0.08,-0.02,-0.55,-0.3,2,0.2,0.1,0.15,30,68.07,3543,3305,67,3238,2049,617,417,0,155,0,1,237,28,3571,2204,1034,3571,891402.95,9155.78,905,604,471,278,213,767,0,0,2049,617,572,0
307295,25,-0.08,-0.02,-0.55,-0.3,2,0.2,0.1,0.15,30,56.07,3540,3302,120,3182,0,698,700,0,1784,0,1,237,31,3571,1784,1398,3571,1168067.99,12087.16,76,174,126,105,102,2599,0,0,0,698,2484,0
307296,25,-0.08,-0.02,-0.55,-0.3,2,0.2,0.1,0.15,30,73.49,3537,3299,70,3229,2167,0,856,0,206,0,1,237,34,3571,2373,856,3571,1329604.3,13609.09,829,442,368,216,172,1202,0,0,2167,0,1062,0
307297,25,-0.08,-0.02,-0.55,-0.3,2,0.2,0.1,0.15,40,68.15,3543,3305,68,3237,2128,766,198,67,37,41,1,237,28,3571,2206,1031,3571,810425.31,8336.59,905,604,471,278,213,195,142,429,2128,766,235,108
307298,25,-0.08,-0.02,-0.55,-0.3,2,0.2,0.1,0.15,40,52.19,3538,3300,123,3177,0,941,445,133,490,1168,1,237,33,3571,1658,1519,3571,986247.93,10160.54,76,174,126,105,102,115,175,2304,0,941,935,1301
307299,25,-0.08,-0.02,-0.55,-0.3,2,0.2,0.1,0.15,40,75.12,3537,3299,71,3228,2295,0,557,246,44,86,1,237,34,3571,2425,803,3571,1337062.78,13690.63,829,442,368,216,172,140,77,984,2295,0,601,332
307300,25,-0.08,-0.02,-0.55,-0.3,2,0.2,0.1,0.15,50,67.87,3543,3305,68,3237,2130,786,0,254,0,67,1,237,28,3571,2197,1040,3571,784565.11,8069.5,905,604,471,278,213,195,142,429,2130,786,0,321
307301,25,-0.08,-0.02,-0.55,-0.3,2,0.2,0.1,0.15,50,50.77,3538,3300,123,3177,0,998,0,566,0,1613,1,237,33,3571,1613,1564,3571,872539.44,8966.31,76,174,126,105,102,115,175,2304,0,998,0,2179
307302,25,-0.08,-0.02,-0.55,-0.3,2,0.2,0.1,0.15,50,74.85,3537,3299,71,3228,2297,0,0,812,0,119,1,237,34,3571,2416,812,3571,1276146.91,13065.8,829,442,368,216,172,140,77,984,2297,0,0,931
307303,25,-0.08,-0.02,-0.55,-0.3,2,0.2,0.1,0.15,60,67.87,3543,3305,68,3237,2130,786,0,254,0,67,1,237,28,3571,2197,1040,3571,784565.11,8069.5,905,604,471,278,213,195,142,429,2130,786,0,321
307304,25,-0.08,-0.02,-0.55,-0.3,2,0.2,0.1,0.15,60,50.77,3538,3300,123,3177,0,998,0,566,0,1613,1,237,33,3571,1613,1564,3571,872539.44,8966.31,76,174,126,105,102,115,175,2304,0,998,0,2179
307305,25,-0.08,-0.02,-0.55,-0.3,2,0.2,0.1,0.15,60,74.85,3537,3299,71,3228,2297,0,0,812,0,119,1,237,34,3571,2416,812,3571,1276146.91,13065.8,829,442,368,216,172,140,77,984,2297,0,0,931
307306,25,-0.08,-0.02,-0.55,-0.3,2,0.2,0.2,0.15,20,61.68,3543,3305,77,3228,818,479,758,0,1173,0,1,237,28,3571,1991,1237,3571,1337823.05,13759.86,200,403,422,2203,0,0,0,0,818,479,1931,0
307307,25,-0.08,-0.02,-0.55,-0.3,2,0.2,0.2,0.15,20,61.2,3543,3305,86,3219,0,481,768,0,1970,0,1,237,28,3571,1970,1249,3571,1408965.08,14514.82,76,174,126,2843,0,0,0,0,0,481,2738,0
307308,25,-0.08,-0.02,-0.55,-0.3,2,0.2,0.2,0.15,20,64.4,3537,3299,77,3222,828,0,1147,0,1247,0,1,237,34,3571,2075,1147,3571,1580746.93,16226.69,124,230,298,2570,0,0,0,0,828,0,2394,0
307309,25,-0.08,-0.02,-0.55,-0.3,2,0.2,0.2,0.15,30,58.2,3543,3305,104,3201,1121,688,650,0,742,0,1,237,28,3571,1863,1338,3571,1281982.55,13226.91,200,403,422,272,266,1638,0,0,1121,688,1392,0
307310,25,-0.08,-0.02,-0.55,-0.3,2,0.2,0.2,0.15,30,56.07,3540,3302,120,3182,0,698,700,0,1784,0,1,237,31,3571,1784,1398,3571,1168067.99,12087.16,76,174,126,105,102,2599,0,0,0,698,2484,0
307311,25,-0.08,-0.02,-0.55,-0.3,2,0.2,0.2,0.15,30,63.91,3537,3299,107,3192,1171,0,1152,0,869,0,1,237,34,3571,2040,1152,3571,1784686.72,18335.36,124,230,298,176,192,2172,0,0,1171,0,2021,0
307312,25,-0.08,-0.02,-0.55,-0.3,2,0.2,0.2,0.15,40,56.1,3543,3305,107,3198,1253,906,377,121,196,345,1,237,28,3571,1794,1404,3571,1179624.03,12200.96,200,403,422,272,266,246,226,1163,1253,906,573,466
307313,25,-0.08,-0.02,-0.55,-0.3,2,0.2,0.2,0.15,40,52.19,3538,3300,123,3177,0,941,445,133,490,1168,1,237,33,3571,1658,1519,3571,986247.93,10160.54,76,174,126,105,102,115,175,2304,0,941,935,1301
307314,25,-0.08,-0.02,-0.55,-0.3,2,0.2,0.2,0.15,40,63.37,3537,3299,110,3189,1329,0,840,328,210,482,1,237,34,3571,2021,1168,3571,1793830.23,18447.88,124,230,298,176,192,151,114,1904,1329,0,1050,810
307315,25,-0.08,-0.02,-0.55,-0.3,2,0.2,0.2,0.15,50,55.32,3543,3305,107,3198,1260,954,0,475,0,509,1,237,28,3571,1769,1429,3571,1122031.24,11604.53,200,403,422,272,266,246,226,1163,1260,954,0,984
307316,25,-0.08,-0.02,-0.55,-0.3,2,0.2,0.2,0.15,50,50.77,3538,3300,123,3177,0,998,0,566,0,1613,1,237,33,3571,1613,1564,3571,872539.44,8966.31,76,174,126,105,102,115,175,2304,0,998,0,2179
307317,25,-0.08,-0.02,-0.55,-0.3,2,0.2,0.2,0.15,50,62.5,3537,3299,110,3189,1336,0,0,1196,0,657,1,237,34,3571,1993,1196,3571,1673979.62,17215.89,124,230,298,176,192,151,114,1904,1336,0,0,1853
307318,25,-0.08,-0.02,-0.55,-0.3,2,0.2,0.2,0.15,60,55.32,3543,3305,107,3198,1260,954,0,475,0,509,1,237,28,3571,1769,1429,3571,1122031.24,11604.53,200,403,422,272,266,246,226,1163,1260,954,0,984
307319,25,-0.08,-0.02,-0.55,-0.3,2,0.2,0.2,0.15,60,50.77,3538,3300,123,3177,0,998,0,566,0,1613,1,237,33,3571,1613,1564,3571,872539.44,8966.31,76,174,126,105,102,115,175,2304,0,998,0,2179
307320,25,-0.08,-0.02,-0.55,-0.3,2,0.2,0.2,0.15,60,62.5,3537,3299,110,3189,1336,0,0,1196,0,657,1,237,34,3571,1993,1196,3571,1673979.62,17215.89,124,230,298,176,192,151,114,1904,1336,0,0,1853
307321,25,-0.08,-0.02,-0.55,-0.25,1,0.1,0.1,0.15,20,65.27,4215,3964,57,3907,2064,548,809,0,486,0,1,250,36,4251,2550,1357,4251,954860.07,9766.72,1012,696,553,1646,0,0,0,0,2064,548,1295,0
307322,25,-0.08,-0.02,-0.55,-0.25,1,0.1,0.1,0.15,20,59.77,4215,3964,99,3865,0,579,976,0,2310,0,1,250,36,4251,2310,1555,4251,1434044.54,14748.62,104,194,155,3412,0,0,0,0,0,579,3286,0
307323,25,-0.08,-0.02,-0.55,-0.25,1,0.1,0.1,0.15,20,67.68,4207,3956,58,3898,2114,0,1260,0,524,0,1,250,44,4251,2638,1260,4251,1204696.37,12285.83,908,516,421,2053,0,0,0,0,2114,0,1784,0
307324,25,-0.08,-0.02,-0.55,-0.25,1,0.1,0.1,0.15,30,66.1,4215,3964,76,3888,2349,751,567,0,221,0,1,250,36,4251,2570,1318,4251,932124.31,9567.77,1012,696,553,351,254,1022,0,0,2349,751,788,0
307325,25,-0.08,-0.02,-0.55,-0.25,1,0.1,0.1,0.15,30,54.45,4212,3961,141,3820,0,840,900,0,2080,0,1,250,39,4251,2080,1740,4251,1138765.89,11811.4,104,194,155,126,128,3113,0,0,0,840,2980,0
307326,25,-0.08,-0.02,-0.55,-0.25,1,0.1,0.1,0.15,30,71.03,4207,3956,80,3876,2479,0,1123,0,274,0,1,250,44,4251,2753,1123,4251,1421433.99,14530.23,908,516,421,269,195,1567,0,0,2479,0,1397,0
307327,25,-0.08,-0.02,-0.55,-0.25,1,0.1,0.1,0.15,40,66.3,4215,3964,77,3887,2456,931,280,99,59,62,1,250,36,4251,2577,1310,4251,841575.62,8630.23,1012,696,553,351,254,234,172,615,2456,931,339,161
307328,25,-0.08,-0.02,-0.55,-0.25,1,0.1,0.1,0.15,40,50.77,4210,3959,144,3815,0,1125,577,176,581,1356,1,250,41,4251,1937,1878,4251,901834.51,9313.25,104,194,155,126,128,133,207,2768,0,1125,1158,1532
307329,25,-0.08,-0.02,-0.55,-0.25,1,0.1,0.1,0.15,40,72.88,4207,3956,81,3875,2642,0,716,335,67,115,1,250,44,4251,2824,1051,4251,1443439.36,14746.48,908,516,421,269,195,170,93,1303,2642,0,783,450
307330,25,-0.08,-0.02,-0.55,-0.25,1,0.1,0.1,0.15,50,65.94,4215,3964,77,3887,2461,956,0,368,0,102,1,250,36,4251,2563,1324,4251,808784.77,8292.67,1012,696,553,351,254,234,172,615,2461,956,0,470
307331,25,-0.08,-0.02,-0.55,-0.25,1,0.1,0.1,0.15,50,49.46,4210,3959,144,3815,0,1195,0,733,0,1887,1,250,41,4251,1887,1928,4251,767837.9,7916.59,104,194,155,126,128,133,207,2768,0,1195,0,2620
307332,25,-0.08,-0.02,-0.55,-0.25,1,0.1,0.1,0.15,50,72.57,4207,3956,81,3875,2647,0,0,1063,0,165,1,250,44,4251,2812,1063,4251,1370835.2,14003.96,908,516,421,269,195,170,93,1303,2647,0,0,1228
307333,25,-0.08,-0.02,-0.55,-0.25,1,0.1,0.1,0.15,60,65.94,4215,3964,77,3887,2461,956,0,368,0,102,1,250,36,4251,2563,1324,4251,808784.77,8292.67,1012,696,553,351,254,234,172,615,2461,956,0,470
307334,25,-0.08,-0.02,-0.55,-0.25,1,0.1,0.1,0.15,60,49.46,4210,3959,144,3815,0,1195,0,733,0,1887,1,250,41,4251,1887,1928,4251,767837.9,7916.59,104,194,155,126,128,133,207,2768,0,1195,0,2620
307335,25,-0.08,-0.02,-0.55,-0.25,1,0.1,0.1,0.15,60,72.57,4207,3956,81,3875,2647,0,0,1063,0,165,1,250,44,4251,2812,1063,4251,1370835.2,14003.96,908,516,421,269,195,170,93,1303,2647,0,0,1228
307336,25,-0.08,-0.02,-0.55,-0.25,1,0.1,0.2,0.15,20,60.21,4215,3964,89,3875,880,577,965,0,1453,0,1,250,36,4251,2333,1542,4251,1382313.93,14202.16,231,438,473,2733,0,0,0,0,880,577,2418,0
307337,25,-0.08,-0.02,-0.55,-0.25,1,0.1,0.2,0.15,20,59.77,4215,3964,99,3865,0,579,976,0,2310,0,1,250,36,4251,2310,1555,4251,1434044.54,14748.62,104,194,155,3412,0,0,0,0,0,579,3286,0
307338,25,-0.08,-0.02,-0.55,-0.25,1,0.1,0.2,0.15,20,62.6,4207,3956,90,3866,890,0,1446,0,1530,0,1,250,44,4251,2420,1446,4251,1635389.26,16757.04,127,245,320,3174,0,0,0,0,890,0,2976,0
307339,25,-0.08,-0.02,-0.55,-0.25,1,0.1,0.2,0.15,30,56.48,4215,3964,122,3842,1220,829,843,0,950,0,1,250,36,4251,2170,1672,4251,1307033.66,13502.59,231,438,473,315,313,2072,0,0,1220,829,1793,0
307340,25,-0.08,-0.02,-0.55,-0.25,1,0.1,0.2,0.15,30,54.45,4212,3961,141,3820,0,840,900,0,2080,0,1,250,39,4251,2080,1740,4251,1138765.89,11811.4,104,194,155,126,128,3113,0,0,0,840,2980,0
307341,25,-0.08,-0.02,-0.55,-0.25,1,0.1,0.2,0.15,30,61.62,4207,3956,126,3830,1270,0,1470,0,1090,0,1,250,44,4251,2360,1470,4251,1855829.47,19066.25,127,245,320,198,214,2726,0,0,1270,0,2560,0
307342,25,-0.08,-0.02,-0.55,-0.25,1,0.1,0.2,0.15,40,54.39,4215,3964,125,3839,1377,1088,499,164,259,452,1,250,36,4251,2088,1751,4251,1169329.4,12116.86,231,438,473,315,313,279,273,1517,1377,1088,758,616
307343,25,-0.08,-0.02,-0.55,-0.25,1,0.1,0.2,0.15,40,50.77,4210,3959,144,3815,0,1125,577,176,581,1356,1,250,41,4251,1937,1878,4251,901834.51,9313.25,104,194,155,126,128,133,207,2768,0,1125,1158,1532
307344,25,-0.08,-0.02,-0.55,-0.25,1,0.1,0.2,0.15,40,61.2,4207,3956,129,3827,1455,0,1051,434,277,610,1,250,44,4251,2342,1485,4251,1848065.27,19010.75,127,245,320,198,214,166,136,2421,1455,0,1328,1044
307345,25,-0.08,-0.02,-0.55,-0.25,1,0.1,0.2,0.15,50,53.56,4215,3964,125,3839,1384,1148,0,635,0,672,1,250,36,4251,2056,1783,4251,1094727.83,11353.16,231,438,473,315,313,279,273,1517,1384,1148,0,1307
307346,25,-0.08,-0.02,-0.55,-0.25,1,0.1,0.2,0.15,50,49.46,4210,3959,144,3815,0,1195,0,733,0,1887,1,250,41,4251,1887,1928,4251,767837.9,7916.59,104,194,155,126,128,133,207,2768,0,1195,0,2620
307347,25,-0.08,-0.02,-0.55,-0.25,1,0.1,0.2,0.15,50,60.33,4207,3956,129,3827,1462,0,0,1518,0,847,1,250,44,4251,2309,1518,4251,1703447.95,17535.84,127,245,320,198,214,166,136,2421,1462,0,0,2365
307348,25,-0.08,-0.02,-0.55,-0.25,1,0.1,0.2,0.15,60,53.56,4215,3964,125,3839,1384,1148,0,635,0,672,1,250,36,4251,2056,1783,4251,1094727.83,11353.16,231,438,473,315,313,279,273,1517,1384,1148,0,1307
307349,25,-0.08,-0.02,-0.55,-0.25,1,0.1,0.2,0.15,60,49.46,4210,3959,144,3815,0,1195,0,733,0,1887,1,250,41,4251,1887,1928,4251,767837.9,7916.59,104,194,155,126,128,133,207,2768,0,1195,0,2620
307350,25,-0.08,-0.02,-0.55,-0.25,1,0.1,0.2,0.15,60,60.33,4207,3956,129,3827,1462,0,0,1518,0,847,1,250,44,4251,2309,1518,4251,1703447.95,17535.84,127,245,320,198,214,166,136,2421,1462,0,0,2365
307351,25,-0.08,-0.02,-0.55,-0.25,1,0.2,0.1,0.15,20,65.27,4215,3964,57,3907,2064,548,809,0,486,0,1,250,36,4251,2550,1357,4251,954860.07,9766.72,1012,696,553,1646,0,0,0,0,2064,548,1295,0
307352,25,-0.08,-0.02,-0.55,-0.25,1,0.2,0.1,0.15,20,59.77,4215,3964,99,3865,0,579,976,0,2310,0,1,250,36,4251,2310,1555,4251,1434044.54,14748.62,104,194,155,3412,0,0,0,0,0,579,3286,0
307353,25,-0.08,-0.02,-0.55,-0.25,1,0.2,0.1,0.15,20,67.68,4207,3956,58,3898,2114,0,1260,0,524,0,1,250,44,4251,2638,1260,4251,1204696.37,12285.83,908,516,421,2053,0,0,0,0,2114,0,1784,0
307354,25,-0.08,-0.02,-0.55,-0.25,1,0.2,0.1,0.15,30,66.1,4215,3964,76,3888,2349,751,567,0,221,0,1,250,36,4251,2570,1318,4251,932124.31,9567.77,1012,696,553,351,254,1022,0,0,2349,751,788,0
307355,25,-0.08,-0.02,-0.55,-0.25,1,0.2,0.1,0.15,30,54.45,4212,3961,141,3820,0,840,900,0,2080,0,1,250,39,4251,2080,1740,4251,1138765.89,11811.4,104,194,155,126,128,3113,0,0,0,840,2980,0
307356,25,-0.08,-0.02,-0.55,-0.25,1,0.2,0.1,0.15,30,71.03,4207,3956,80,3876,2479,0,1123,0,274,0,1,250,44,4251,2753,1123,4251,1421433.99,14530.23,908,516,421,269,195,1567,0,0,2479,0,1397,0
307357,25,-0.08,-0.02,-0.55,-0.25,1,0.2,0.1,0.15,40,66.3,4215,3964,77,3887,2456,931,280,99,59,62,1,250,36,4251,2577,1310,4251,841575.62,8630.23,1012,696,553,351,254,234,172,615,2456,931,339,161
307358,25,-0.08,-0.02,-0.55,-0.25,1,0.2,0.1,0.15,40,50.77,4210,3959,144,3815,0,1125,577,176,581,1356,1,250,41,4251,1937,1878,4251,901834.51,9313.25,104,194,155,126,128,133,207,2768,0,1125,1158,1532
307359,25,-0.08,-0.02,-0.55,-0.25,1,0.2,0.1,0.15,40,72.88,4207,3956,81,3875,2642,0,716,335,67,115,1,250,44,4251,2824,1051,4251,1443439.36,14746.48,908,516,421,269,195,170,93,1303,2642,0,783,450
307360,25,-0.08,-0.02,-0.55,-0.25,1,0.2,0.1,0.15,50,65.94,4215,3964,77,3887,2461,956,0,368,0,102,1,250,36,4251,2563,1324,4251,808784.77,8292.67,1012,696,553,351,254,234,172,615,2461,956,0,470
