Test,DAYSBACK,PCTMIN,PCTMAX,ATHMIN,ATHMAX,MAXBUYS,BUYDROP,TARGET,STOPLOSS,MAXDURA,WinRate,TotalTrade,Executed,Open,Closed,ProfitTGT,LossSL,LossFEMD,LossFECD,ProfitFEMD,ProfitFECD,Pending,Expired,Invalid,TotalRows,Wins,Losses,TotalStock,SumProfit,SumGainFin,Dur5,Dur10,Dur15,Dur20,Dur25,Dur30,Dur35,Dur40,ExitTGT,ExitSL,ExitFEMD,ExitFECD
207591,20,-0.1,-0.04,-0.5,-0.35,2,0.2,0.2,0.15,30,67.48,599,553,21,532,225,0,173,0,134,0,0,46,9,608,359,173,608,359312.83,3686.98,25,42,51,31,46,337,0,0,225,0,307,0
207592,20,-0.1,-0.04,-0.5,-0.35,2,0.2,0.2,0.15,40,57.87,602,556,22,534,229,165,41,19,26,54,0,46,6,608,309,225,608,233387.53,2415.99,52,72,73,50,58,44,26,159,229,165,67,73
207593,20,-0.1,-0.04,-0.5,-0.35,2,0.2,0.2,0.15,40,55.06,602,556,22,534,0,169,51,20,64,230,0,46,6,608,294,240,608,247133.57,2549.78,27,30,22,26,20,18,21,370,0,169,115,250
207594,20,-0.1,-0.04,-0.5,-0.35,2,0.2,0.2,0.15,40,66.6,599,553,23,530,252,0,119,58,28,73,0,46,9,608,353,177,608,361148.29,3711.46,25,42,51,31,46,30,17,288,252,0,147,131
207595,20,-0.1,-0.04,-0.5,-0.35,2,0.2,0.2,0.15,50,57.12,602,556,22,534,230,170,0,59,0,75,0,46,6,608,305,229,608,225596.37,2335.02,52,72,73,50,58,44,26,159,230,170,0,134
207596,20,-0.1,-0.04,-0.5,-0.35,2,0.2,0.2,0.15,50,53.93,602,556,22,534,0,176,0,70,0,288,0,46,6,608,288,246,608,235168.42,2424.39,27,30,22,26,20,18,21,370,0,176,0,358
207597,20,-0.1,-0.04,-0.5,-0.35,2,0.2,0.2,0.15,50,65.85,599,553,23,530,253,0,0,181,0,96,0,46,9,608,349,181,608,343569.03,3531.84,25,42,51,31,46,30,17,288,253,0,0,277
207598,20,-0.1,-0.04,-0.5,-0.35,2,0.2,0.2,0.15,60,57.12,602,556,22,534,230,170,0,59,0,75,0,46,6,608,305,229,608,225596.37,2335.02,52,72,73,50,58,44,26,159,230,170,0,134
207599,20,-0.1,-0.04,-0.5,-0.35,2,0.2,0.2,0.15,60,53.93,602,556,22,534,0,176,0,70,0,288,0,46,6,608,288,246,608,235168.42,2424.39,27,30,22,26,20,18,21,370,0,176,0,358
207600,20,-0.1,-0.04,-0.5,-0.35,2,0.2,0.2,0.15,60,65.85,599,553,23,530,253,0,0,181,0,96,0,46,9,608,349,181,608,343569.03,3531.84,25,42,51,31,46,30,17,288,253,0,0,277
207601,20,-0.1,-0.04,-0.5,-0.3,1,0.1,0.1,0.15,20,65.27,827,779,13,766,427,136,130,0,73,0,0,48,8,835,500,266,835,170752.39,1774.72,269,153,83,261,0,0,0,0,427,136,203,0
207602,20,-0.1,-0.04,-0.5,-0.3,1,0.1,0.1,0.15,20,58.29,827,779,19,760,0,150,167,0,443,0,0,48,8,835,443,317,835,264852.02,2744.27,34,53,31,642,0,0,0,0,0,150,610,0
207603,20,-0.1,-0.04,-0.5,-0.3,1,0.1,0.1,0.15,20,68.77,823,775,13,762,447,0,238,0,77,0,0,48,12,835,524,238,835,237180.23,2446.25,235,108,60,359,0,0,0,0,447,0,315,0
207604,20,-0.1,-0.04,-0.5,-0.3,1,0.1,0.1,0.15,30,67.63,827,779,16,763,484,175,72,0,32,0,0,48,8,835,516,247,835,180943.86,1892.15,269,153,83,58,53,147,0,0,484,175,104,0
207605,20,-0.1,-0.04,-0.5,-0.3,1,0.1,0.1,0.15,30,55.85,827,779,27,752,0,206,126,0,420,0,0,48,8,835,420,332,835,245535.66,2561.84,34,53,31,32,31,571,0,0,0,206,546,0
207606,20,-0.1,-0.04,-0.5,-0.3,1,0.1,0.1,0.15,30,73.61,823,775,17,758,517,0,200,0,41,0,0,48,12,835,558,200,835,306431.32,3169.15,235,108,60,44,41,270,0,0,517,0,241,0
207607,20,-0.1,-0.04,-0.5,-0.3,1,0.1,0.1,0.15,40,67.32,827,779,17,762,502,199,33,17,4,7,0,48,8,835,513,249,835,168770.39,1769.37,269,153,83,58,53,43,26,77,502,199,37,24
207608,20,-0.1,-0.04,-0.5,-0.3,1,0.1,0.1,0.15,40,52.93,827,779,29,750,0,246,73,34,93,304,0,48,8,835,397,353,835,246883.48,2570.69,34,53,31,32,31,25,33,511,0,246,166,338
207609,20,-0.1,-0.04,-0.5,-0.3,1,0.1,0.1,0.15,40,75.03,823,775,18,757,548,0,123,66,4,16,0,48,12,835,568,189,835,312573.97,3230.21,235,108,60,44,41,29,20,220,548,0,127,82
207610,20,-0.1,-0.04,-0.5,-0.3,1,0.1,0.1,0.15,50,67.32,827,779,17,762,502,201,0,48,0,11,0,48,8,835,513,249,835,164476.82,1724.95,269,153,83,58,53,43,26,77,502,201,0,59
207611,20,-0.1,-0.04,-0.5,-0.3,1,0.1,0.1,0.15,50,52.0,827,779,29,750,0,255,0,105,0,390,0,48,8,835,390,360,835,229482.26,2386.43,34,53,31,32,31,25,33,511,0,255,0,495
207612,20,-0.1,-0.04,-0.5,-0.3,1,0.1,0.1,0.15,50,75.17,823,775,18,757,548,0,0,188,0,21,0,48,12,835,569,188,835,302635.48,3127.56,235,108,60,44,41,29,20,220,548,0,0,209
207613,20,-0.1,-0.04,-0.5,-0.3,1,0.1,0.1,0.15,60,67.32,827,779,17,762,502,201,0,48,0,11,0,48,8,835,513,249,835,164476.82,1724.95,269,153,83,58,53,43,26,77,502,201,0,59
207614,20,-0.1,-0.04,-0.5,-0.3,1,0.1,0.1,0.15,60,52.0,827,779,29,750,0,255,0,105,0,390,0,48,8,835,390,360,835,229482.26,2386.43,34,53,31,32,31,25,33,511,0,255,0,495
207615,20,-0.1,-0.04,-0.5,-0.3,1,0.1,0.1,0.15,60,75.17,823,775,18,757,548,0,0,188,0,21,0,48,12,835,569,188,835,302635.48,3127.56,235,108,60,44,41,29,20,220,548,0,0,209
207616,20,-0.1,-0.04,-0.5,-0.3,1,0.1,0.2,0.15,20,58.42,827,779,19,760,183,150,166,0,261,0,0,48,8,835,444,316,835,250381.67,2596.58,66,104,99,491,0,0,0,0,183,150,427,0
207617,20,-0.1,-0.04,-0.5,-0.3,1,0.1,0.2,0.15,20,58.29,827,779,19,760,0,150,167,0,443,0,0,48,8,835,443,317,835,264852.02,2744.27,34,53,31,642,0,0,0,0,0,150,610,0
207618,20,-0.1,-0.04,-0.5,-0.3,1,0.1,0.2,0.15,20,61.9,823,775,19,756,190,0,288,0,278,0,0,48,12,835,468,288,835,324350.77,3346.75,32,51,68,605,0,0,0,0,190,0,566,0
207619,20,-0.1,-0.04,-0.5,-0.3,1,0.1,0.2,0.15,30,57.58,827,779,27,752,262,205,114,0,171,0,0,48,8,835,433,319,835,260600.02,2717.35,66,104,99,64,77,342,0,0,262,205,285,0
207620,20,-0.1,-0.04,-0.5,-0.3,1,0.1,0.2,0.15,30,55.85,827,779,27,752,0,206,126,0,420,0,0,48,8,835,420,332,835,245535.66,2561.84,34,53,31,32,31,571,0,0,0,206,546,0
207621,20,-0.1,-0.04,-0.5,-0.3,1,0.1,0.2,0.15,30,64.52,823,775,28,747,283,0,265,0,199,0,0,48,12,835,482,265,835,412360.94,4260.3,32,51,68,39,56,501,0,0,283,0,464,0
207622,20,-0.1,-0.04,-0.5,-0.3,1,0.1,0.2,0.15,40,55.47,827,779,29,750,293,241,60,33,39,84,0,48,8,835,416,334,835,258371.55,2707.04,66,104,99,64,77,57,41,242,293,241,99,117
207623,20,-0.1,-0.04,-0.5,-0.3,1,0.1,0.2,0.15,40,52.93,827,779,29,750,0,246,73,34,93,304,0,48,8,835,397,353,835,246883.48,2570.69,34,53,31,32,31,25,33,511,0,246,166,338
207624,20,-0.1,-0.04,-0.5,-0.3,1,0.1,0.2,0.15,40,64.03,823,775,30,745,320,0,176,92,42,115,0,48,12,835,477,268,835,428233.88,4429.05,32,51,68,39,56,37,23,439,320,0,218,207
207625,20,-0.1,-0.04,-0.5,-0.3,1,0.1,0.2,0.15,50,54.93,827,779,29,750,295,246,0,92,0,117,0,48,8,835,412,338,835,248208.79,2601.46,66,104,99,64,77,57,41,242,295,246,0,209
207626,20,-0.1,-0.04,-0.5,-0.3,1,0.1,0.2,0.15,50,52.0,827,779,29,750,0,255,0,105,0,390,0,48,8,835,390,360,835,229482.26,2386.43,34,53,31,32,31,25,33,511,0,255,0,495
207627,20,-0.1,-0.04,-0.5,-0.3,1,0.1,0.2,0.15,50,63.49,823,775,30,745,322,0,0,272,0,151,0,48,12,835,473,272,835,405420.78,4193.41,32,51,68,39,56,37,23,439,322,0,0,423
207628,20,-0.1,-0.04,-0.5,-0.3,1,0.1,0.2,0.15,60,54.93,827,779,29,750,295,246,0,92,0,117,0,48,8,835,412,338,835,248208.79,2601.46,66,104,99,64,77,57,41,242,295,246,0,209
207629,20,-0.1,-0.04,-0.5,-0.3,1,0.1,0.2,0.15,60,52.0,827,779,29,750,0,255,0,105,0,390,0,48,8,835,390,360,835,229482.26,2386.43,34,53,31,32,31,25,33,511,0,255,0,495
207630,20,-0.1,-0.04,-0.5,-0.3,1,0.1,0.2,0.15,60,63.49,823,775,30,745,322,0,0,272,0,151,0,48,12,835,473,272,835,405420.78,4193.41,32,51,68,39,56,37,23,439,322,0,0,423
207631,20,-0.1,-0.04,-0.5,-0.3,1,0.2,0.1,0.15,20,65.27,827,779,13,766,427,136,130,0,73,0,0,48,8,835,500,266,835,170752.39,1774.72,269,153,83,261,0,0,0,0,427,136,203,0
207632,20,-0.1,-0.04,-0.5,-0.3,1,0.2,0.1,0.15,20,58.29,827,779,19,760,0,150,167,0,443,0,0,48,8,835,443,317,835,264852.02,2744.27,34,53,31,642,0,0,0,0,0,150,610,0
207633,20,-0.1,-0.04,-0.5,-0.3,1,0.2,0.1,0.15,20,68.77,823,775,13,762,447,0,238,0,77,0,0,48,12,835,524,238,835,237180.23,2446.25,235,108,60,359,0,0,0,0,447,0,315,0
207634,20,-0.1,-0.04,-0.5,-0.3,1,0.2,0.1,0.15,30,67.63,827,779,16,763,484,175,72,0,32,0,0,48,8,835,516,247,835,180943.86,1892.15,269,153,83,58,53,147,0,0,484,175,104,0
207635,20,-0.1,-0.04,-0.5,-0.3,1,0.2,0.1,0.15,30,55.85,827,779,27,752,0,206,126,0,420,0,0,48,8,835,420,332,835,245535.66,2561.84,34,53,31,32,31,571,0,0,0,206,546,0
207636,20,-0.1,-0.04,-0.5,-0.3,1,0.2,0.1,0.15,30,73.61,823,775,17,758,517,0,200,0,41,0,0,48,12,835,558,200,835,306431.32,3169.15,235,108,60,44,41,270,0,0,517,0,241,0
207637,20,-0.1,-0.04,-0.5,-0.3,1,0.2,0.1,0.15,40,67.32,827,779,17,762,502,199,33,17,4,7,0,48,8,835,513,249,835,168770.39,1769.37,269,153,83,58,53,43,26,77,502,199,37,24
207638,20,-0.1,-0.04,-0.5,-0.3,1,0.2,0.1,0.15,40,52.93,827,779,29,750,0,246,73,34,93,304,0,48,8,835,397,353,835,246883.48,2570.69,34,53,31,32,31,25,33,511,0,246,166,338
207639,20,-0.1,-0.04,-0.5,-0.3,1,0.2,0.1,0.15,40,75.03,823,775,18,757,548,0,123,66,4,16,0,48,12,835,568,189,835,312573.97,3230.21,235,108,60,44,41,29,20,220,548,0,127,82
207640,20,-0.1,-0.04,-0.5,-0.3,1,0.2,0.1,0.15,50,67.32,827,779,17,762,502,201,0,48,0,11,0,48,8,835,513,249,835,164476.82,1724.95,269,153,83,58,53,43,26,77,502,201,0,59
207641,20,-0.1,-0.04,-0.5,-0.3,1,0.2,0.1,0.15,50,52.0,827,779,29,750,0,255,0,105,0,390,0,48,8,835,390,360,835,229482.26,2386.43,34,53,31,32,31,25,33,511,0,255,0,495
207642,20,-0.1,-0.04,-0.5,-0.3,1,0.2,0.1,0.15,50,75.17,823,775,18,757,548,0,0,188,0,21,0,48,12,835,569,188,835,302635.48,3127.56,235,108,60,44,41,29,20,220,548,0,0,209
207643,20,-0.1,-0.04,-0.5,-0.3,1,0.2,0.1,0.15,60,67.32,827,779,17,762,502,201,0,48,0,11,0,48,8,835,513,249,835,164476.82,1724.95,269,153,83,58,53,43,26,77,502,201,0,59
207644,20,-0.1,-0.04,-0.5,-0.3,1,0.2,0.1,0.15,60,52.0,827,779,29,750,0,255,0,105,0,390,0,48,8,835,390,360,835,229482.26,2386.43,34,53,31,32,31,25,33,511,0,255,0,495
207645,20,-0.1,-0.04,-0.5,-0.3,1,0.2,0.1,0.15,60,75.17,823,775,18,757,548,0,0,188,0,21,0,48,12,835,569,188,835,302635.48,3127.56,235,108,60,44,41,29,20,220,548,0,0,209
207646,20,-0.1,-0.04,-0.5,-0.3,1,0.2,0.2,0.15,20,58.42,827,779,19,760,183,150,166,0,261,0,0,48,8,835,444,316,835,250381.67,2596.58,66,104,99,491,0,0,0,0,183,150,427,0
207647,20,-0.1,-0.04,-0.5,-0.3,1,0.2,0.2,0.15,20,58.29,827,779,19,760,0,150,167,0,443,0,0,48,8,835,443,317,835,264852.02,2744.27,34,53,31,642,0,0,0,0,0,150,610,0
207648,20,-0.1,-0.04,-0.5,-0.3,1,0.2,0.2,0.15,20,61.9,823,775,19,756,190,0,288,0,278,0,0,48,12,835,468,288,835,324350.77,3346.75,32,51,68,605,0,0,0,0,190,0,566,0
207649,20,-0.1,-0.04,-0.5,-0.3,1,0.2,0.2,0.15,30,57.58,827,779,27,752,262,205,114,0,171,0,0,48,8,835,433,319,835,260600.02,2717.35,66,104,99,64,77,342,0,0,262,205,285,0
207650,20,-0.1,-0.04,-0.5,-0.3,1,0.2,0.2,0.15,30,55.85,827,779,27,752,0,206,126,0,420,0,0,48,8,835,420,332,835,245535.66,2561.84,34,53,31,32,31,571,0,0,0,206,546,0
207651,20,-0.1,-0.04,-0.5,-0.3,1,0.2,0.2,0.15,30,64.52,823,775,28,747,283,0,265,0,199,0,0,48,12,835,482,265,835,412360.94,4260.3,32,51,68,39,56,501,0,0,283,0,464,0
207652,20,-0.1,-0.04,-0.5,-0.3,1,0.2,0.2,0.15,40,55.47,827,779,29,750,293,241,60,33,39,84,0,48,8,835,416,334,835,258371.55,2707.04,66,104,99,64,77,57,41,242,293,241,99,117
207653,20,-0.1,-0.04,-0.5,-0.3,1,0.2,0.2,0.15,40,52.93,827,779,29,750,0,246,73,34,93,304,0,48,8,835,397,353,835,246883.48,2570.69,34,53,31,32,31,25,33,511,0,246,166,338
207654,20,-0.1,-0.04,-0.5,-0.3,1,0.2,0.2,0.15,40,64.03,823,775,30,745,320,0,176,92,42,115,0,48,12,835,477,268,835,428233.88,4429.05,32,51,68,39,56,37,23,439,320,0,218,207
207655,20,-0.1,-0.04,-0.5,-0.3,1,0.2,0.2,0.15,50,54.93,827,779,29,750,295,246,0,92,0,117,0,48,8,835,412,338,835,248208.79,2601.46,66,104,99,64,77,57,41,242,295,246,0,209
207656,20,-0.1,-0.04,-0.5,-0.3,1,0.2,0.2,0.15,50,52.0,827,779,29,750,0,255,0,105,0,390,0,48,8,835,390,360,835,229482.26,2386.43,34,53,31,32,31,25,33,511,0,255,0,495
207657,20,-0.1,-0.04,-0.5,-0.3,1,0.2,0.2,0.15,50,63.49,823,775,30,745,322,0,0,272,0,151,0,48,12,835,473,272,835,405420.78,4193.41,32,51,68,39,56,37,23,439,322,0,0,423
207658,20,-0.1,-0.04,-0.5,-0.3,1,0.2,0.2,0.15,60,54.93,827,779,29,750,295,246,0,92,0,117,0,48,8,835,412,338,835,248208.79,2601.46,66,104,99,64,77,57,41,242,295,246,0,209
207659,20,-0.1,-0.04,-0.5,-0.3,1,0.2,0.2,0.15,60,52.0,827,779,29,750,0,255,0,105,0,390,0,48,8,835,390,360,835,229482.26,2386.43,34,53,31,32,31,25,33,511,0,255,0,495
207660,20,-0.1,-0.04,-0.5,-0.3,1,0.2,0.2,0.15,60,63.49,823,775,30,745,322,0,0,272,0,151,0,48,12,835,473,272,835,405420.78,4193.41,32,51,68,39,56,37,23,439,322,0,0,423
207661,20,-0.1,-0.04,-0.5,-0.3,2,0.1,0.1,0.15,20,70.23,827,779,13,766,457,133,95,0,81,0,0,48,8,835,538,228,835,236560.27,2991.91,280,158,97,231,0,0,0,0,457,133,176,0
207662,20,-0.1,-0.04,-0.5,-0.3,2,0.1,0.1,0.15,20,63.42,827,779,19,760,0,150,128,0,482,0,0,48,8,835,482,278,835,360715.64,4128.69,34,53,31,642,0,0,0,0,0,150,610,0
207663,20,-0.1,-0.04,-0.5,-0.3,2,0.1,0.1,0.15,20,75.46,823,775,13,762,484,0,187,0,91,0,0,48,12,835,575,187,835,347185.11,3698.54,247,117,82,316,0,0,0,0,484,0,278,0
207664,20,-0.1,-0.04,-0.5,-0.3,2,0.1,0.1,0.15,30,70.9,827,779,16,763,513,169,53,0,28,0,0,48,8,835,541,222,835,244140.12,3130.84,280,158,97,55,57,116,0,0,513,169,81,0
207665,20,-0.1,-0.04,-0.5,-0.3,2,0.1,0.1,0.15,30,57.98,827,779,27,752,0,206,110,0,436,0,0,48,8,835,436,316,835,373102.26,4186.76,34,53,31,32,31,571,0,0,0,206,546,0
207666,20,-0.1,-0.04,-0.5,-0.3,2,0.1,0.1,0.15,30,80.34,823,775,17,758,564,0,149,0,45,0,0,48,12,835,609,149,835,466032.47,4447.92,247,117,82,38,53,221,0,0,564,0,194,0
207667,20,-0.1,-0.04,-0.5,-0.3,2,0.1,0.1,0.15,40,70.87,827,779,17,762,528,185,26,11,5,7,0,48,8,835,540,222,835,236127.99,3140.12,280,158,97,55,57,35,19,61,528,185,31,18
207668,20,-0.1,-0.04,-0.5,-0.3,2,0.1,0.1,0.15,40,55.47,827,779,29,750,0,246,64,24,102,314,0,48,8,835,416,334,835,379473.82,4379.92,34,53,31,32,31,25,33,511,0,246,166,338
207669,20,-0.1,-0.04,-0.5,-0.3,2,0.1,0.1,0.15,40,81.77,823,775,18,757,591,0,98,40,8,20,0,48,12,835,619,138,835,482010.74,4577.37,247,117,82,38,53,27,17,176,591,0,106,60
207670,20,-0.1,-0.04,-0.5,-0.3,2,0.1,0.1,0.15,50,70.73,827,779,17,762,528,187,0,36,0,11,0,48,8,835,539,223,835,229470.34,3101.81,280,158,97,55,57,35,19,61,528,187,0,47
207671,20,-0.1,-0.04,-0.5,-0.3,2,0.1,0.1,0.15,50,54.13,827,779,29,750,0,255,0,89,0,406,0,48,8,835,406,344,835,353997.14,4201.48,34,53,31,32,31,25,33,511,0,255,0,495
207672,20,-0.1,-0.04,-0.5,-0.3,2,0.1,0.1,0.15,50,81.77,823,775,18,757,591,0,0,138,0,28,0,48,12,835,619,138,835,463729.32,4478.59,247,117,82,38,53,27,17,176,591,0,0,166
207673,20,-0.1,-0.04,-0.5,-0.3,2,0.1,0.1,0.15,60,70.73,827,779,17,762,528,187,0,36,0,11,0,48,8,835,539,223,835,229470.34,3101.81,280,158,97,55,57,35,19,61,528,187,0,47
207674,20,-0.1,-0.04,-0.5,-0.3,2,0.1,0.1,0.15,60,54.13,827,779,29,750,0,255,0,89,0,406,0,48,8,835,406,344,835,353997.14,4201.48,34,53,31,32,31,25,33,511,0,255,0,495
207675,20,-0.1,-0.04,-0.5,-0.3,2,0.1,0.1,0.15,60,81.77,823,775,18,757,591,0,0,138,0,28,0,48,12,835,619,138,835,463729.32,4478.59,247,117,82,38,53,27,17,176,591,0,0,166
207676,20,-0.1,-0.04,-0.5,-0.3,2,0.1,0.2,0.15,20,63.55,827,779,19,760,203,150,127,0,280,0,0,48,8,835,483,277,835,342254.93,3968.78,67,112,102,479,0,0,0,0,203,150,407,0
207677,20,-0.1,-0.04,-0.5,-0.3,2,0.1,0.2,0.15,20,63.42,827,779,19,760,0,150,128,0,482,0,0,48,8,835,482,278,835,360715.64,4128.69,34,53,31,642,0,0,0,0,0,150,610,0
207678,20,-0.1,-0.04,-0.5,-0.3,2,0.1,0.2,0.15,20,68.92,823,775,19,756,216,0,235,0,305,0,0,48,12,835,521,235,835,471033.96,4815.83,33,59,75,589,0,0,0,0,216,0,540,0
207679,20,-0.1,-0.04,-0.5,-0.3,2,0.1,0.2,0.15,30,59.71,827,779,27,752,285,205,98,0,164,0,0,48,8,835,449,303,835,379509.14,4268.94,67,112,102,72,78,321,0,0,285,205,262,0
207680,20,-0.1,-0.04,-0.5,-0.3,2,0.1,0.2,0.15,30,57.98,827,779,27,752,0,206,110,0,436,0,0,48,8,835,436,316,835,373102.26,4186.76,34,53,31,32,31,571,0,0,0,206,546,0
207681,20,-0.1,-0.04,-0.5,-0.3,2,0.1,0.2,0.15,30,70.01,823,775,28,747,315,0,224,0,208,0,0,48,12,835,523,224,835,657855.75,5952.35,33,59,75,49,60,471,0,0,315,0,432,0
207682,20,-0.1,-0.04,-0.5,-0.3,2,0.1,0.2,0.15,40,57.87,827,779,29,750,319,241,52,23,42,73,0,48,8,835,434,316,835,363099.86,4321.25,67,112,102,72,78,59,40,220,319,241,94,96
207683,20,-0.1,-0.04,-0.5,-0.3,2,0.1,0.2,0.15,40,55.47,827,779,29,750,0,246,64,24,102,314,0,48,8,835,416,334,835,379473.82,4379.92,34,53,31,32,31,25,33,511,0,246,166,338
207684,20,-0.1,-0.04,-0.5,-0.3,2,0.1,0.2,0.15,40,69.66,823,775,30,745,358,0,159,67,51,110,0,48,12,835,519,226,835,680161.61,6203.94,33,59,75,49,60,39,23,407,358,0,210,177
207685,20,-0.1,-0.04,-0.5,-0.3,2,0.1,0.2,0.15,50,57.07,827,779,29,750,321,245,0,77,0,107,0,48,8,835,428,322,835,349867.1,4237.98,67,112,102,72,78,59,40,220,321,245,0,184
207686,20,-0.1,-0.04,-0.5,-0.3,2,0.1,0.2,0.15,50,54.13,827,779,29,750,0,255,0,89,0,406,0,48,8,835,406,344,835,353997.14,4201.48,34,53,31,32,31,25,33,511,0,255,0,495
207687,20,-0.1,-0.04,-0.5,-0.3,2,0.1,0.2,0.15,50,69.26,823,775,30,745,360,0,0,229,0,156,0,48,12,835,516,229,835,642724.67,5997.63,33,59,75,49,60,39,23,407,360,0,0,385
207688,20,-0.1,-0.04,-0.5,-0.3,2,0.1,0.2,0.15,60,57.07,827,779,29,750,321,245,0,77,0,107,0,48,8,835,428,322,835,349867.1,4237.98,67,112,102,72,78,59,40,220,321,245,0,184
207689,20,-0.1,-0.04,-0.5,-0.3,2,0.1,0.2,0.15,60,54.13,827,779,29,750,0,255,0,89,0,406,0,48,8,835,406,344,835,353997.14,4201.48,34,53,31,32,31,25,33,511,0,255,0,495
207690,20,-0.1,-0.04,-0.5,-0.3,2,0.1,0.2,0.15,60,69.26,823,775,30,745,360,0,0,229,0,156,0,48,12,835,516,229,835,642724.67,5997.63,33,59,75,49,60,39,23,407,360,0,0,385
207691,20,-0.1,-0.04,-0.5,-0.3,2,0.2,0.1,0.15,20,65.27,827,779,13,766,427,136,130,0,73,0,0,48,8,835,500,266,835,170752.39,1774.72,269,153,83,261,0,0,0,0,427,136,203,0
207692,20,-0.1,-0.04,-0.5,-0.3,2,0.2,0.1,0.15,20,58.29,827,779,19,760,0,150,167,0,443,0,0,48,8,835,443,317,835,264852.02,2744.27,34,53,31,642,0,0,0,0,0,150,610,0
207693,20,-0.1,-0.04,-0.5,-0.3,2,0.2,0.1,0.15,20,68.77,823,775,13,762,447,0,238,0,77,0,0,48,12,835,524,238,835,237180.23,2446.25,235,108,60,359,0,0,0,0,447,0,315,0
207694,20,-0.1,-0.04,-0.5,-0.3,2,0.2,0.1,0.15,30,67.63,827,779,16,763,484,175,72,0,32,0,0,48,8,835,516,247,835,180943.86,1892.15,269,153,83,58,53,147,0,0,484,175,104,0
207695,20,-0.1,-0.04,-0.5,-0.3,2,0.2,0.1,0.15,30,55.85,827,779,27,752,0,206,126,0,420,0,0,48,8,835,420,332,835,245535.66,2561.84,34,53,31,32,31,571,0,0,0,206,546,0
207696,20,-0.1,-0.04,-0.5,-0.3,2,0.2,0.1,0.15,30,73.61,823,775,17,758,517,0,200,0,41,0,0,48,12,835,558,200,835,306431.32,3169.15,235,108,60,44,41,270,0,0,517,0,241,0
207697,20,-0.1,-0.04,-0.5,-0.3,2,0.2,0.1,0.15,40,67.32,827,779,17,762,502,199,33,17,4,7,0,48,8,835,513,249,835,168770.39,1769.37,269,153,83,58,53,43,26,77,502,199,37,24
207698,20,-0.1,-0.04,-0.5,-0.3,2,0.2,0.1,0.15,40,52.93,827,779,29,750,0,246,73,34,93,304,0,48,8,835,397,353,835,246883.48,2570.69,34,53,31,32,31,25,33,511,0,246,166,338
207699,20,-0.1,-0.04,-0.5,-0.3,2,0.2,0.1,0.15,40,75.03,823,775,18,757,548,0,123,66,4,16,0,48,12,835,568,189,835,312573.97,3230.21,235,108,60,44,41,29,20,220,548,0,127,82
207700,20,-0.1,-0.04,-0.5,-0.3,2,0.2,0.1,0.15,50,67.32,827,779,17,762,502,201,0,48,0,11,0,48,8,835,513,249,835,164476.82,1724.95,269,153,83,58,53,43,26,77,502,201,0,59
207701,20,-0.1,-0.04,-0.5,-0.3,2,0.2,0.1,0.15,50,52.0,827,779,29,750,0,255,0,105,0,390,0,48,8,835,390,360,835,229482.26,2386.43,34,53,31,32,31,25,33,511,0,255,0,495
207702,20,-0.1,-0.04,-0.5,-0.3,2,0.2,0.1,0.15,50,75.17,823,775,18,757,548,0,0,188,0,21,0,48,12,835,569,188,835,302635.48,3127.56,235,108,60,44,41,29,20,220,548,0,0,209
207703,20,-0.1,-0.04,-0.5,-0.3,2,0.2,0.1,0.15,60,67.32,827,779,17,762,502,201,0,48,0,11,0,48,8,835,513,249,835,164476.82,1724.95,269,153,83,58,53,43,26,77,502,201,0,59
207704,20,-0.1,-0.04,-0.5,-0.3,2,0.2,0.1,0.15,60,52.0,827,779,29,750,0,255,0,105,0,390,0,48,8,835,390,360,835,229482.26,2386.43,34,53,31,32,31,25,33,511,0,255,0,495
207705,20,-0.1,-0.04,-0.5,-0.3,2,0.2,0.1,0.15,60,75.17,823,775,18,757,548,0,0,188,0,21,0,48,12,835,569,188,835,302635.48,3127.56,235,108,60,44,41,29,20,220,548,0,0,209
207706,20,-0.1,-0.04,-0.5,-0.3,2,0.2,0.2,0.15,20,58.42,827,779,19,760,183,150,166,0,261,0,0,48,8,835,444,316,835,250381.67,2596.58,66,104,99,491,0,0,0,0,183,150,427,0
207707,20,-0.1,-0.04,-0.5,-0.3,2,0.2,0.2,0.15,20,58.29,827,779,19,760,0,150,167,0,443,0,0,48,8,835,443,317,835,264852.02,2744.27,34,53,31,642,0,0,0,0,0,150,610,0
207708,20,-0.1,-0.04,-0.5,-0.3,2,0.2,0.2,0.15,20,61.9,823,775,19,756,190,0,288,0,278,0,0,48,12,835,468,288,835,324350.77,3346.75,32,51,68,605,0,0,0,0,190,0,566,0
207709,20,-0.1,-0.04,-0.5,-0.3,2,0.2,0.2,0.15,30,57.58,827,779,27,752,262,205,114,0,171,0,0,48,8,835,433,319,835,260600.02,2717.35,66,104,99,64,77,342,0,0,262,205,285,0
207710,20,-0.1,-0.04,-0.5,-0.3,2,0.2,0.2,0.15,30,55.85,827,779,27,752,0,206,126,0,420,0,0,48,8,835,420,332,835,245535.66,2561.84,34,53,31,32,31,571,0,0,0,206,546,0
207711,20,-0.1,-0.04,-0.5,-0.3,2,0.2,0.2,0.15,30,64.52,823,775,28,747,283,0,265,0,199,0,0,48,12,835,482,265,835,412360.94,4260.3,32,51,68,39,56,501,0,0,283,0,464,0
207712,20,-0.1,-0.04,-0.5,-0.3,2,0.2,0.2,0.15,40,55.47,827,779,29,750,293,241,60,33,39,84,0,48,8,835,416,334,835,258371.55,2707.04,66,104,99,64,77,57,41,242,293,241,99,117
207713,20,-0.1,-0.04,-0.5,-0.3,2,0.2,0.2,0.15,40,52.93,827,779,29,750,0,246,73,34,93,304,0,48,8,835,397,353,835,246883.48,2570.69,34,53,31,32,31,25,33,511,0,246,166,338
207714,20,-0.1,-0.04,-0.5,-0.3,2,0.2,0.2,0.15,40,64.03,823,775,30,745,320,0,176,92,42,115,0,48,12,835,477,268,835,428233.88,4429.05,32,51,68,39,56,37,23,439,320,0,218,207
207715,20,-0.1,-0.04,-0.5,-0.3,2,0.2,0.2,0.15,50,54.93,827,779,29,750,295,246,0,92,0,117,0,48,8,835,412,338,835,248208.79,2601.46,66,104,99,64,77,57,41,242,295,246,0,209
207716,20,-0.1,-0.04,-0.5,-0.3,2,0.2,0.2,0.15,50,52.0,827,779,29,750,0,255,0,105,0,390,0,48,8,835,390,360,835,229482.26,2386.43,34,53,31,32,31,25,33,511,0,255,0,495
207717,20,-0.1,-0.04,-0.5,-0.3,2,0.2,0.2,0.15,50,63.49,823,775,30,745,322,0,0,272,0,151,0,48,12,835,473,272,835,405420.78,4193.41,32,51,68,39,56,37,23,439,322,0,0,423
207718,20,-0.1,-0.04,-0.5,-0.3,2,0.2,0.2,0.15,60,54.93,827,779,29,750,295,246,0,92,0,117,0,48,8,835,412,338,835,248208.79,2601.46,66,104,99,64,77,57,41,242,295,246,0,209
207719,20,-0.1,-0.04,-0.5,-0.3,2,0.2,0.2,0.15,60,52.0,827,779,29,750,0,255,0,105,0,390,0,48,8,835,390,360,835,229482.26,2386.43,34,53,31,32,31,25,33,511,0,255,0,495
207720,20,-0.1,-0.04,-0.5,-0.3,2,0.2,0.2,0.15,60,63.49,823,775,30,745,322,0,0,272,0,151,0,48,12,835,473,272,835,405420.78,4193.41,32,51,68,39,56,37,23,439,322,0,0,423
207721,20,-0.1,-0.04,-0.5,-0.25,1,0.1,0.1,0.15,20,63.47,1002,943,15,928,490,169,170,0,99,0,0,59,11,1013,589,339,1013,170631.41,1773.25,313,178,100,337,0,0,0,0,490,169,269,0
207722,20,-0.1,-0.04,-0.5,-0.25,1,0.1,0.1,0.15,20,56.89,1002,943,22,921,0,184,213,0,524,0,0,59,11,1013,524,397,1013,268889.13,2795.14,47,60,38,776,0,0,0,0,0,184,737,0
207723,20,-0.1,-0.04,-0.5,-0.25,1,0.1,0.1,0.15,20,66.41,998,939,16,923,510,0,310,0,103,0,0,59,15,1013,613,310,1013,234862.0,2437.0,266,127,70,460,0,0,0,0,510,0,413,0
207724,20,-0.1,-0.04,-0.5,-0.25,1,0.1,0.1,0.15,30,65.4,1002,943,21,922,560,219,100,0,43,0,0,59,11,1013,603,319,1013,177111.75,1861.36,313,178,100,68,69,194,0,0,560,219,143,0
207725,20,-0.1,-0.04,-0.5,-0.25,1,0.1,0.1,0.15,30,53.85,1002,943,35,908,0,253,166,0,489,0,0,59,11,1013,489,419,1013,233386.38,2458.57,47,60,38,39,41,683,0,0,0,253,655,0
207726,20,-0.1,-0.04,-0.5,-0.25,1,0.1,0.1,0.15,30,70.74,998,939,23,916,596,0,268,0,52,0,0,59,15,1013,648,268,1013,308179.44,3209.95,266,127,70,47,51,355,0,0,596,0,320,0
207727,20,-0.1,-0.04,-0.5,-0.25,1,0.1,0.1,0.15,40,65.26,1002,943,22,921,585,249,44,27,7,9,0,59,11,1013,601,320,1013,166722.63,1746.17,313,178,100,68,69,51,33,109,585,249,51,36
207728,20,-0.1,-0.04,-0.5,-0.25,1,0.1,0.1,0.15,40,51.43,1002,943,37,906,0,301,94,45,106,360,0,59,11,1013,466,440,1013,229005.74,2404.01,47,60,38,39,41,28,42,611,0,301,200,405
207729,20,-0.1,-0.04,-0.5,-0.25,1,0.1,0.1,0.15,40,72.65,998,939,25,914,636,0,156,94,8,20,0,59,15,1013,664,250,1013,338247.07,3484.46,266,127,70,47,51,35,23,295,636,0,164,114
207730,20,-0.1,-0.04,-0.5,-0.25,1,0.1,0.1,0.15,50,65.26,1002,943,22,921,585,252,0,68,0,16,0,59,11,1013,601,320,1013,162184.11,1698.82,313,178,100,68,69,51,33,109,585,252,0,84
207731,20,-0.1,-0.04,-0.5,-0.25,1,0.1,0.1,0.15,50,50.66,1002,943,37,906,0,312,0,135,0,459,0,59,11,1013,459,447,1013,208946.51,2192.22,47,60,38,39,41,28,42,611,0,312,0,594
207732,20,-0.1,-0.04,-0.5,-0.25,1,0.1,0.1,0.15,50,72.76,998,939,25,914,636,0,0,249,0,29,0,59,15,1013,665,249,1013,324875.53,3345.71,266,127,70,47,51,35,23,295,636,0,0,278
207733,20,-0.1,-0.04,-0.5,-0.25,1,0.1,0.1,0.15,60,65.26,1002,943,22,921,585,252,0,68,0,16,0,59,11,1013,601,320,1013,162184.11,1698.82,313,178,100,68,69,51,33,109,585,252,0,84
207734,20,-0.1,-0.04,-0.5,-0.25,1,0.1,0.1,0.15,60,50.66,1002,943,37,906,0,312,0,135,0,459,0,59,11,1013,459,447,1013,208946.51,2192.22,47,60,38,39,41,28,42,611,0,312,0,594
207735,20,-0.1,-0.04,-0.5,-0.25,1,0.1,0.1,0.15,60,72.76,998,939,25,914,636,0,0,249,0,29,0,59,15,1013,665,249,1013,324875.53,3345.71,266,127,70,47,51,35,23,295,636,0,0,278
207736,20,-0.1,-0.04,-0.5,-0.25,1,0.1,0.2,0.15,20,57.0,1002,943,22,921,208,184,212,0,317,0,0,59,11,1013,525,396,1013,257517.97,2677.1,83,114,114,610,0,0,0,0,208,184,529,0
207737,20,-0.1,-0.04,-0.5,-0.25,1,0.1,0.2,0.15,20,56.89,1002,943,22,921,0,184,213,0,524,0,0,59,11,1013,524,397,1013,268889.13,2795.14,47,60,38,776,0,0,0,0,0,184,737,0
207738,20,-0.1,-0.04,-0.5,-0.25,1,0.1,0.2,0.15,20,59.93,998,939,23,916,215,0,367,0,334,0,0,59,15,1013,549,367,1013,322653.75,3351.61,36,54,76,750,0,0,0,0,215,0,701,0
207739,20,-0.1,-0.04,-0.5,-0.25,1,0.1,0.2,0.15,30,55.78,1002,943,34,909,298,251,151,0,209,0,0,59,11,1013,507,402,1013,268751.39,2818.6,83,114,114,81,92,425,0,0,298,251,360,0
207740,20,-0.1,-0.04,-0.5,-0.25,1,0.1,0.2,0.15,30,53.85,1002,943,35,908,0,253,166,0,489,0,0,59,11,1013,489,419,1013,233386.38,2458.57,47,60,38,39,41,683,0,0,0,253,655,0
207741,20,-0.1,-0.04,-0.5,-0.25,1,0.1,0.2,0.15,30,61.9,998,939,36,903,319,0,344,0,240,0,0,59,15,1013,559,344,1013,421490.41,4385.55,36,54,76,49,62,626,0,0,319,0,584,0
207742,20,-0.1,-0.04,-0.5,-0.25,1,0.1,0.2,0.15,40,54.13,1002,943,36,907,336,295,77,44,45,110,0,59,11,1013,491,416,1013,269736.92,2837.97,83,114,114,81,92,65,53,305,336,295,122,154
207743,20,-0.1,-0.04,-0.5,-0.25,1,0.1,0.2,0.15,40,51.43,1002,943,37,906,0,301,94,45,106,360,0,59,11,1013,466,440,1013,229005.74,2404.01,47,60,38,39,41,28,42,611,0,301,200,405
207744,20,-0.1,-0.04,-0.5,-0.25,1,0.1,0.2,0.15,40,62.33,998,939,39,900,365,0,217,122,49,147,0,59,15,1013,561,339,1013,464058.03,4803.4,36,54,76,49,62,42,29,552,365,0,266,269
207745,20,-0.1,-0.04,-0.5,-0.25,1,0.1,0.2,0.15,50,53.58,1002,943,36,907,338,301,0,120,0,148,0,59,11,1013,486,421,1013,256903.65,2704.46,83,114,114,81,92,65,53,305,338,301,0,268
207746,20,-0.1,-0.04,-0.5,-0.25,1,0.1,0.2,0.15,50,50.66,1002,943,37,906,0,312,0,135,0,459,0,59,11,1013,459,447,1013,208946.51,2192.22,47,60,38,39,41,28,42,611,0,312,0,594
207747,20,-0.1,-0.04,-0.5,-0.25,1,0.1,0.2,0.15,50,61.78,998,939,39,900,367,0,0,344,0,189,0,59,15,1013,556,344,1013,434589.89,4498.66,36,54,76,49,62,42,29,552,367,0,0,533
207748,20,-0.1,-0.04,-0.5,-0.25,1,0.1,0.2,0.15,60,53.58,1002,943,36,907,338,301,0,120,0,148,0,59,11,1013,486,421,1013,256903.65,2704.46,83,114,114,81,92,65,53,305,338,301,0,268
207749,20,-0.1,-0.04,-0.5,-0.25,1,0.1,0.2,0.15,60,50.66,1002,943,37,906,0,312,0,135,0,459,0,59,11,1013,459,447,1013,208946.51,2192.22,47,60,38,39,41,28,42,611,0,312,0,594
207750,20,-0.1,-0.04,-0.5,-0.25,1,0.1,0.2,0.15,60,61.78,998,939,39,900,367,0,0,344,0,189,0,59,15,1013,556,344,1013,434589.89,4498.66,36,54,76,49,62,42,29,552,367,0,0,533
207751,20,-0.1,-0.04,-0.5,-0.25,1,0.2,0.1,0.15,20,63.47,1002,943,15,928,490,169,170,0,99,0,0,59,11,1013,589,339,1013,170631.41,1773.25,313,178,100,337,0,0,0,0,490,169,269,0
207752,20,-0.1,-0.04,-0.5,-0.25,1,0.2,0.1,0.15,20,56.89,1002,943,22,921,0,184,213,0,524,0,0,59,11,1013,524,397,1013,268889.13,2795.14,47,60,38,776,0,0,0,0,0,184,737,0
207753,20,-0.1,-0.04,-0.5,-0.25,1,0.2,0.1,0.15,20,66.41,998,939,16,923,510,0,310,0,103,0,0,59,15,1013,613,310,1013,234862.0,2437.0,266,127,70,460,0,0,0,0,510,0,413,0
207754,20,-0.1,-0.04,-0.5,-0.25,1,0.2,0.1,0.15,30,65.4,1002,943,21,922,560,219,100,0,43,0,0,59,11,1013,603,319,1013,177111.75,1861.36,313,178,100,68,69,194,0,0,560,219,143,0
207755,20,-0.1,-0.04,-0.5,-0.25,1,0.2,0.1,0.15,30,53.85,1002,943,35,908,0,253,166,0,489,0,0,59,11,1013,489,419,1013,233386.38,2458.57,47,60,38,39,41,683,0,0,0,253,655,0
207756,20,-0.1,-0.04,-0.5,-0.25,1,0.2,0.1,0.15,30,70.74,998,939,23,916,596,0,268,0,52,0,0,59,15,1013,648,268,1013,308179.44,3209.95,266,127,70,47,51,355,0,0,596,0,320,0
207757,20,-0.1,-0.04,-0.5,-0.25,1,0.2,0.1,0.15,40,65.26,1002,943,22,921,585,249,44,27,7,9,0,59,11,1013,601,320,1013,166722.63,1746.17,313,178,100,68,69,51,33,109,585,249,51,36
207758,20,-0.1,-0.04,-0.5,-0.25,1,0.2,0.1,0.15,40,51.43,1002,943,37,906,0,301,94,45,106,360,0,59,11,1013,466,440,1013,229005.74,2404.01,47,60,38,39,41,28,42,611,0,301,200,405
207759,20,-0.1,-0.04,-0.5,-0.25,1,0.2,0.1,0.15,40,72.65,998,939,25,914,636,0,156,94,8,20,0,59,15,1013,664,250,1013,338247.07,3484.46,266,127,70,47,51,35,23,295,636,0,164,114
207760,20,-0.1,-0.04,-0.5,-0.25,1,0.2,0.1,0.15,50,65.26,1002,943,22,921,585,252,0,68,0,16,0,59,11,1013,601,320,1013,162184.11,1698.82,313,178,100,68,69,51,33,109,585,252,0,84
207761,20,-0.1,-0.04,-0.5,-0.25,1,0.2,0.1,0.15,50,50.66,1002,943,37,906,0,312,0,135,0,459,0,59,11,1013,459,447,1013,208946.51,2192.22,47,60,38,39,41,28,42,611,0,312,0,594
207762,20,-0.1,-0.04,-0.5,-0.25,1,0.2,0.1,0.15,50,72.76,998,939,25,914,636,0,0,249,0,29,0,59,15,1013,665,249,1013,324875.53,3345.71,266,127,70,47,51,35,23,295,636,0,0,278
207763,20,-0.1,-0.04,-0.5,-0.25,1,0.2,0.1,0.15,60,65.26,1002,943,22,921,585,252,0,68,0,16,0,59,11,1013,601,320,1013,162184.11,1698.82,313,178,100,68,69,51,33,109,585,252,0,84
207764,20,-0.1,-0.04,-0.5,-0.25,1,0.2,0.1,0.15,60,50.66,1002,943,37,906,0,312,0,135,0,459,0,59,11,1013,459,447,1013,208946.51,2192.22,47,60,38,39,41,28,42,611,0,312,0,594
207765,20,-0.1,-0.04,-0.5,-0.25,1,0.2,0.1,0.15,60,72.76,998,939,25,914,636,0,0,249,0,29,0,59,15,1013,665,249,1013,324875.53,3345.71,266,127,70,47,51,35,23,295,636,0,0,278
207766,20,-0.1,-0.04,-0.5,-0.25,1,0.2,0.2,0.15,20,57.0,1002,943,22,921,208,184,212,0,317,0,0,59,11,1013,525,396,1013,257517.97,2677.1,83,114,114,610,0,0,0,0,208,184,529,0
207767,20,-0.1,-0.04,-0.5,-0.25,1,0.2,0.2,0.15,20,56.89,1002,943,22,921,0,184,213,0,524,0,0,59,11,1013,524,397,1013,268889.13,2795.14,47,60,38,776,0,0,0,0,0,184,737,0
207768,20,-0.1,-0.04,-0.5,-0.25,1,0.2,0.2,0.15,20,59.93,998,939,23,916,215,0,367,0,334,0,0,59,15,1013,549,367,1013,322653.75,3351.61,36,54,76,750,0,0,0,0,215,0,701,0
207769,20,-0.1,-0.04,-0.5,-0.25,1,0.2,0.2,0.15,30,55.78,1002,943,34,909,298,251,151,0,209,0,0,59,11,1013,507,402,1013,268751.39,2818.6,83,114,114,81,92,425,0,0,298,251,360,0
207770,20,-0.1,-0.04,-0.5,-0.25,1,0.2,0.2,0.15,30,53.85,1002,943,35,908,0,253,166,0,489,0,0,59,11,1013,489,419,1013,233386.38,2458.57,47,60,38,39,41,683,0,0,0,253,655,0
207771,20,-0.1,-0.04,-0.5,-0.25,1,0.2,0.2,0.15,30,61.9,998,939,36,903,319,0,344,0,240,0,0,59,15,1013,559,344,1013,421490.41,4385.55,36,54,76,49,62,626,0,0,319,0,584,0
207772,20,-0.1,-0.04,-0.5,-0.25,1,0.2,0.2,0.15,40,54.13,1002,943,36,907,336,295,77,44,45,110,0,59,11,1013,491,416,1013,269736.92,2837.97,83,114,114,81,92,65,53,305,336,295,122,154
207773,20,-0.1,-0.04,-0.5,-0.25,1,0.2,0.2,0.15,40,51.43,1002,943,37,906,0,301,94,45,106,360,0,59,11,1013,466,440,1013,229005.74,2404.01,47,60,38,39,41,28,42,611,0,301,200,405
207774,20,-0.1,-0.04,-0.5,-0.25,1,0.2,0.2,0.15,40,62.33,998,939,39,900,365,0,217,122,49,147,0,59,15,1013,561,339,1013,464058.03,4803.4,36,54,76,49,62,42,29,552,365,0,266,269
207775,20,-0.1,-0.04,-0.5,-0.25,1,0.2,0.2,0.15,50,53.58,1002,943,36,907,338,301,0,120,0,148,0,59,11,1013,486,421,1013,256903.65,2704.46,83,114,114,81,92,65,53,305,338,301,0,268
207776,20,-0.1,-0.04,-0.5,-0.25,1,0.2,0.2,0.15,50,50.66,1002,943,37,906,0,312,0,135,0,459,0,59,11,1013,459,447,1013,208946.51,2192.22,47,60,38,39,41,28,42,611,0,312,0,594
207777,20,-0.1,-0.04,-0.5,-0.25,1,0.2,0.2,0.15,50,61.78,998,939,39,900,367,0,0,344,0,189,0,59,15,1013,556,344,1013,434589.89,4498.66,36,54,76,49,62,42,29,552,367,0,0,533
207778,20,-0.1,-0.04,-0.5,-0.25,1,0.2,0.2,0.15,60,53.58,1002,943,36,907,338,301,0,120,0,148,0,59,11,1013,486,421,1013,256903.65,2704.46,83,114,114,81,92,65,53,305,338,301,0,268
207779,20,-0.1,-0.04,-0.5,-0.25,1,0.2,0.2,0.15,60,50.66,1002,943,37,906,0,312,0,135,0,459,0,59,11,1013,459,447,1013,208946.51,2192.22,47,60,38,39,41,28,42,611,0,312,0,594
207780,20,-0.1,-0.04,-0.5,-0.25,1,0.2,0.2,0.15,60,61.78,998,939,39,900,367,0,0,344,0,189,0,59,15,1013,556,344,1013,434589.89,4498.66,36,54,76,49,62,42,29,552,367,0,0,533
207781,20,-0.1,-0.04,-0.5,-0.25,2,0.1,0.1,0.15,20,68.32,1002,943,15,928,529,165,129,0,105,0,0,59,11,1013,634,294,1013,248244.0,3324.28,326,185,114,303,0,0,0,0,529,165,234,0
207782,20,-0.1,-0.04,-0.5,-0.25,2,0.1,0.1,0.15,20,61.89,1002,943,22,921,0,184,167,0,570,0,0,59,11,1013,570,351,1013,375818.99,4516.16,47,60,38,776,0,0,0,0,0,184,737,0
207783,20,-0.1,-0.04,-0.5,-0.25,2,0.1,0.1,0.15,20,73.24,998,939,16,923,556,0,247,0,120,0,0,59,15,1013,676,247,1013,351330.05,4025.3,280,138,93,412,0,0,0,0,556,0,367,0
207784,20,-0.1,-0.04,-0.5,-0.25,2,0.1,0.1,0.15,30,69.34,1002,943,20,923,598,211,72,0,42,0,0,59,11,1013,640,283,1013,255887.52,3494.77,326,185,114,69,72,157,0,0,598,211,114,0
207785,20,-0.1,-0.04,-0.5,-0.25,2,0.1,0.1,0.15,30,56.61,1002,943,35,908,0,253,141,0,514,0,0,59,11,1013,514,394,1013,365706.1,4446.91,47,60,38,39,41,683,0,0,0,253,655,0
207786,20,-0.1,-0.04,-0.5,-0.25,2,0.1,0.1,0.15,30,77.86,998,939,22,917,652,0,203,0,62,0,0,59,15,1013,714,203,1013,479375.78,4853.43,280,138,93,45,63,298,0,0,652,0,265,0
207787,20,-0.1,-0.04,-0.5,-0.25,2,0.1,0.1,0.15,40,69.09,1002,943,21,922,619,233,37,15,8,10,0,59,11,1013,637,285,1013,243880.19,3496.19,326,185,114,69,72,43,27,86,619,233,45,25
207788,20,-0.1,-0.04,-0.5,-0.25,2,0.1,0.1,0.15,40,54.08,1002,943,37,906,0,301,85,30,115,375,0,59,11,1013,490,416,1013,368249.96,4612.57,47,60,38,39,41,28,42,611,0,301,200,405
207789,20,-0.1,-0.04,-0.5,-0.25,2,0.1,0.1,0.15,40,80.0,998,939,24,915,690,0,126,57,14,28,0,59,15,1013,732,183,1013,535152.77,5186.05,280,138,93,45,63,33,23,240,690,0,140,85
207790,20,-0.1,-0.04,-0.5,-0.25,2,0.1,0.1,0.15,50,69.09,1002,943,21,922,619,236,0,49,0,18,0,59,11,1013,637,285,1013,237427.48,3455.16,326,185,114,69,72,43,27,86,619,236,0,67
207791,20,-0.1,-0.04,-0.5,-0.25,2,0.1,0.1,0.15,50,53.09,1002,943,37,906,0,312,0,113,0,481,0,59,11,1013,481,425,1013,340888.92,4406.99,47,60,38,39,41,28,42,611,0,312,0,594
207792,20,-0.1,-0.04,-0.5,-0.25,2,0.1,0.1,0.15,50,80.0,998,939,24,915,690,0,0,183,0,42,0,59,15,1013,732,183,1013,511027.17,5053.16,280,138,93,45,63,33,23,240,690,0,0,225
207793,20,-0.1,-0.04,-0.5,-0.25,2,0.1,0.1,0.15,60,69.09,1002,943,21,922,619,236,0,49,0,18,0,59,11,1013,637,285,1013,237427.48,3455.16,326,185,114,69,72,43,27,86,619,236,0,67
207794,20,-0.1,-0.04,-0.5,-0.25,2,0.1,0.1,0.15,60,53.09,1002,943,37,906,0,312,0,113,0,481,0,59,11,1013,481,425,1013,340888.92,4406.99,47,60,38,39,41,28,42,611,0,312,0,594
207795,20,-0.1,-0.04,-0.5,-0.25,2,0.1,0.1,0.15,60,80.0,998,939,24,915,690,0,0,183,0,42,0,59,15,1013,732,183,1013,511027.17,5053.16,280,138,93,45,63,33,23,240,690,0,0,225
207796,20,-0.1,-0.04,-0.5,-0.25,2,0.1,0.2,0.15,20,62.0,1002,943,22,921,228,184,166,0,343,0,0,59,11,1013,571,350,1013,358219.37,4372.62,84,123,116,598,0,0,0,0,228,184,509,0
207797,20,-0.1,-0.04,-0.5,-0.25,2,0.1,0.2,0.15,20,61.89,1002,943,22,921,0,184,167,0,570,0,0,59,11,1013,570,351,1013,375818.99,4516.16,47,60,38,776,0,0,0,0,0,184,737,0
207798,20,-0.1,-0.04,-0.5,-0.25,2,0.1,0.2,0.15,20,67.03,998,939,23,916,241,0,302,0,373,0,0,59,15,1013,614,302,1013,466148.18,5153.12,37,63,82,734,0,0,0,0,241,0,675,0
207799,20,-0.1,-0.04,-0.5,-0.25,2,0.1,0.2,0.15,30,58.53,1002,943,34,909,325,251,126,0,207,0,0,59,11,1013,532,377,1013,396122.83,4738.61,84,123,116,89,96,401,0,0,325,251,333,0
207800,20,-0.1,-0.04,-0.5,-0.25,2,0.1,0.2,0.15,30,56.61,1002,943,35,908,0,253,141,0,514,0,0,59,11,1013,514,394,1013,365706.1,4446.91,47,60,38,39,41,683,0,0,0,253,655,0
207801,20,-0.1,-0.04,-0.5,-0.25,2,0.1,0.2,0.15,30,68.0,998,939,36,903,357,0,289,0,257,0,0,59,15,1013,614,289,1013,673339.88,6463.18,37,63,82,59,69,593,0,0,357,0,546,0
207802,20,-0.1,-0.04,-0.5,-0.25,2,0.1,0.2,0.15,40,56.78,1002,943,36,907,366,294,69,29,48,101,0,59,11,1013,515,392,1013,387019.87,4860.89,84,123,116,89,96,68,52,279,366,294,117,130
207803,20,-0.1,-0.04,-0.5,-0.25,2,0.1,0.2,0.15,40,54.08,1002,943,37,906,0,301,85,30,115,375,0,59,11,1013,490,416,1013,368249.96,4612.57,47,60,38,39,41,28,42,611,0,301,200,405
207804,20,-0.1,-0.04,-0.5,-0.25,2,0.1,0.2,0.15,40,68.56,998,939,39,900,408,0,196,87,62,147,0,59,15,1013,617,283,1013,745374.04,6987.45,37,63,82,59,69,47,29,514,408,0,258,234
207805,20,-0.1,-0.04,-0.5,-0.25,2,0.1,0.2,0.15,50,56.12,1002,943,36,907,368,299,0,99,0,141,0,59,11,1013,509,398,1013,371450.92,4749.84,84,123,116,89,96,68,52,279,368,299,0,240
207806,20,-0.1,-0.04,-0.5,-0.25,2,0.1,0.2,0.15,50,53.09,1002,943,37,906,0,312,0,113,0,481,0,59,11,1013,481,425,1013,340888.92,4406.99,47,60,38,39,41,28,42,611,0,312,0,594
207807,20,-0.1,-0.04,-0.5,-0.25,2,0.1,0.2,0.15,50,68.0,998,939,39,900,410,0,0,288,0,202,0,59,15,1013,612,288,1013,697155.96,6709.93,37,63,82,59,69,47,29,514,410,0,0,490
207808,20,-0.1,-0.04,-0.5,-0.25,2,0.1,0.2,0.15,60,56.12,1002,943,36,907,368,299,0,99,0,141,0,59,11,1013,509,398,1013,371450.92,4749.84,84,123,116,89,96,68,52,279,368,299,0,240
207809,20,-0.1,-0.04,-0.5,-0.25,2,0.1,0.2,0.15,60,53.09,1002,943,37,906,0,312,0,113,0,481,0,59,11,1013,481,425,1013,340888.92,4406.99,47,60,38,39,41,28,42,611,0,312,0,594
207810,20,-0.1,-0.04,-0.5,-0.25,2,0.1,0.2,0.15,60,68.0,998,939,39,900,410,0,0,288,0,202,0,59,15,1013,612,288,1013,697155.96,6709.93,37,63,82,59,69,47,29,514,410,0,0,490
207811,20,-0.1,-0.04,-0.5,-0.25,2,0.2,0.1,0.15,20,63.47,1002,943,15,928,490,169,170,0,99,0,0,59,11,1013,589,339,1013,170631.41,1773.25,313,178,100,337,0,0,0,0,490,169,269,0
207812,20,-0.1,-0.04,-0.5,-0.25,2,0.2,0.1,0.15,20,56.89,1002,943,22,921,0,184,213,0,524,0,0,59,11,1013,524,397,1013,268889.13,2795.14,47,60,38,776,0,0,0,0,0,184,737,0
207813,20,-0.1,-0.04,-0.5,-0.25,2,0.2,0.1,0.15,20,66.41,998,939,16,923,510,0,310,0,103,0,0,59,15,1013,613,310,1013,234862.0,2437.0,266,127,70,460,0,0,0,0,510,0,413,0
207814,20,-0.1,-0.04,-0.5,-0.25,2,0.2,0.1,0.15,30,65.4,1002,943,21,922,560,219,100,0,43,0,0,59,11,1013,603,319,1013,177111.75,1861.36,313,178,100,68,69,194,0,0,560,219,143,0
207815,20,-0.1,-0.04,-0.5,-0.25,2,0.2,0.1,0.15,30,53.85,1002,943,35,908,0,253,166,0,489,0,0,59,11,1013,489,419,1013,233386.38,2458.57,47,60,38,39,41,683,0,0,0,253,655,0
207816,20,-0.1,-0.04,-0.5,-0.25,2,0.2,0.1,0.15,30,70.74,998,939,23,916,596,0,268,0,52,0,0,59,15,1013,648,268,1013,308179.44,3209.95,266,127,70,47,51,355,0,0,596,0,320,0
207817,20,-0.1,-0.04,-0.5,-0.25,2,0.2,0.1,0.15,40,65.26,1002,943,22,921,585,249,44,27,7,9,0,59,11,1013,601,320,1013,166722.63,1746.17,313,178,100,68,69,51,33,109,585,249,51,36
207818,20,-0.1,-0.04,-0.5,-0.25,2,0.2,0.1,0.15,40,51.43,1002,943,37,906,0,301,94,45,106,360,0,59,11,1013,466,440,1013,229005.74,2404.01,47,60,38,39,41,28,42,611,0,301,200,405
207819,20,-0.1,-0.04,-0.5,-0.25,2,0.2,0.1,0.15,40,72.65,998,939,25,914,636,0,156,94,8,20,0,59,15,1013,664,250,1013,338247.07,3484.46,266,127,70,47,51,35,23,295,636,0,164,114
207820,20,-0.1,-0.04,-0.5,-0.25,2,0.2,0.1,0.15,50,65.26,1002,943,22,921,585,252,0,68,0,16,0,59,11,1013,601,320,1013,162184.11,1698.82,313,178,100,68,69,51,33,109,585,252,0,84
207821,20,-0.1,-0.04,-0.5,-0.25,2,0.2,0.1,0.15,50,50.66,1002,943,37,906,0,312,0,135,0,459,0,59,11,1013,459,447,1013,208946.51,2192.22,47,60,38,39,41,28,42,611,0,312,0,594
207822,20,-0.1,-0.04,-0.5,-0.25,2,0.2,0.1,0.15,50,72.76,998,939,25,914,636,0,0,249,0,29,0,59,15,1013,665,249,1013,324875.53,3345.71,266,127,70,47,51,35,23,295,636,0,0,278
207823,20,-0.1,-0.04,-0.5,-0.25,2,0.2,0.1,0.15,60,65.26,1002,943,22,921,585,252,0,68,0,16,0,59,11,1013,601,320,1013,162184.11,1698.82,313,178,100,68,69,51,33,109,585,252,0,84
207824,20,-0.1,-0.04,-0.5,-0.25,2,0.2,0.1,0.15,60,50.66,1002,943,37,906,0,312,0,135,0,459,0,59,11,1013,459,447,1013,208946.51,2192.22,47,60,38,39,41,28,42,611,0,312,0,594
207825,20,-0.1,-0.04,-0.5,-0.25,2,0.2,0.1,0.15,60,72.76,998,939,25,914,636,0,0,249,0,29,0,59,15,1013,665,249,1013,324875.53,3345.71,266,127,70,47,51,35,23,295,636,0,0,278
207826,20,-0.1,-0.04,-0.5,-0.25,2,0.2,0.2,0.15,20,57.0,1002,943,22,921,208,184,212,0,317,0,0,59,11,1013,525,396,1013,257517.97,2677.1,83,114,114,610,0,0,0,0,208,184,529,0
207827,20,-0.1,-0.04,-0.5,-0.25,2,0.2,0.2,0.15,20,56.89,1002,943,22,921,0,184,213,0,524,0,0,59,11,1013,524,397,1013,268889.13,2795.14,47,60,38,776,0,0,0,0,0,184,737,0
207828,20,-0.1,-0.04,-0.5,-0.25,2,0.2,0.2,0.15,20,59.93,998,939,23,916,215,0,367,0,334,0,0,59,15,1013,549,367,1013,322653.75,3351.61,36,54,76,750,0,0,0,0,215,0,701,0
207829,20,-0.1,-0.04,-0.5,-0.25,2,0.2,0.2,0.15,30,55.78,1002,943,34,909,298,251,151,0,209,0,0,59,11,1013,507,402,1013,268751.39,2818.6,83,114,114,81,92,425,0,0,298,251,360,0
207830,20,-0.1,-0.04,-0.5,-0.25,2,0.2,0.2,0.15,30,53.85,1002,943,35,908,0,253,166,0,489,0,0,59,11,1013,489,419,1013,233386.38,2458.57,47,60,38,39,41,683,0,0,0,253,655,0
207831,20,-0.1,-0.04,-0.5,-0.25,2,0.2,0.2,0.15,30,61.9,998,939,36,903,319,0,344,0,240,0,0,59,15,1013,559,344,1013,421490.41,4385.55,36,54,76,49,62,626,0,0,319,0,584,0
207832,20,-0.1,-0.04,-0.5,-0.25,2,0.2,0.2,0.15,40,54.13,1002,943,36,907,336,295,77,44,45,110,0,59,11,1013,491,416,1013,269736.92,2837.97,83,114,114,81,92,65,53,305,336,295,122,154
207833,20,-0.1,-0.04,-0.5,-0.25,2,0.2,0.2,0.15,40,51.43,1002,943,37,906,0,301,94,45,106,360,0,59,11,1013,466,440,1013,229005.74,2404.01,47,60,38,39,41,28,42,611,0,301,200,405
207834,20,-0.1,-0.04,-0.5,-0.25,2,0.2,0.2,0.15,40,62.33,998,939,39,900,365,0,217,122,49,147,0,59,15,1013,561,339,1013,464058.03,4803.4,36,54,76,49,62,42,29,552,365,0,266,269
207835,20,-0.1,-0.04,-0.5,-0.25,2,0.2,0.2,0.15,50,53.58,1002,943,36,907,338,301,0,120,0,148,0,59,11,1013,486,421,1013,256903.65,2704.46,83,114,114,81,92,65,53,305,338,301,0,268
207836,20,-0.1,-0.04,-0.5,-0.25,2,0.2,0.2,0.15,50,50.66,1002,943,37,906,0,312,0,135,0,459,0,59,11,1013,459,447,1013,208946.51,2192.22,47,60,38,39,41,28,42,611,0,312,0,594
207837,20,-0.1,-0.04,-0.5,-0.25,2,0.2,0.2,0.15,50,61.78,998,939,39,900,367,0,0,344,0,189,0,59,15,1013,556,344,1013,434589.89,4498.66,36,54,76,49,62,42,29,552,367,0,0,533
207838,20,-0.1,-0.04,-0.5,-0.25,2,0.2,0.2,0.15,60,53.58,1002,943,36,907,338,301,0,120,0,148,0,59,11,1013,486,421,1013,256903.65,2704.46,83,114,114,81,92,65,53,305,338,301,0,268
207839,20,-0.1,-0.04,-0.5,-0.25,2,0.2,0.2,0.15,60,50.66,1002,943,37,906,0,312,0,135,0,459,0,59,11,1013,459,447,1013,208946.51,2192.22,47,60,38,39,41,28,42,611,0,312,0,594
207840,20,-0.1,-0.04,-0.5,-0.25,2,0.2,0.2,0.15,60,61.78,998,939,39,900,367,0,0,344,0,189,0,59,15,1013,556,344,1013,434589.89,4498.66,36,54,76,49,62,42,29,552,367,0,0,533
207841,20,-0.1,-0.04,-0.45,-0.4,1,0.1,0.1,0.15,20,70.48,183,168,2,166,101,27,22,0,16,0,0,15,1,184,117,49,184,49733.65,516.76,66,32,17,51,0,0,0,0,101,27,38,0
207842,20,-0.1,-0.04,-0.45,-0.4,1,0.1,0.1,0.15,20,63.19,183,168,5,163,0,29,31,0,103,0,0,15,1,184,103,60,184,69652.26,726.23,9,7,7,140,0,0,0,0,0,29,134,0
207843,20,-0.1,-0.04,-0.45,-0.4,1,0.1,0.1,0.15,20,74.55,182,167,2,165,107,0,42,0,16,0,0,15,2,184,123,42,184,61453.94,638.2,57,25,13,70,0,0,0,0,107,0,58,0
207844,20,-0.1,-0.04,-0.45,-0.4,1,0.1,0.1,0.15,30,72.73,183,168,3,165,117,35,10,0,3,0,0,15,1,184,120,45,184,58911.05,614.03,66,32,17,13,13,24,0,0,117,35,13,0
207845,20,-0.1,-0.04,-0.45,-0.4,1,0.1,0.1,0.15,30,61.88,183,168,8,160,0,41,20,0,99,0,0,15,1,184,99,61,184,76857.59,803.47,9,7,7,6,8,123,0,0,0,41,119,0
207846,20,-0.1,-0.04,-0.45,-0.4,1,0.1,0.1,0.15,30,76.83,182,167,3,164,123,0,38,0,3,0,0,15,2,184,126,38,184,77439.25,806.25,57,25,13,12,8,49,0,0,123,0,41,0
207847,20,-0.1,-0.04,-0.45,-0.4,1,0.1,0.1,0.15,40,73.17,183,168,4,164,119,36,6,2,0,1,0,15,1,184,120,44,184,58151.39,605.44,66,32,17,13,13,11,0,12,119,36,6,3
207848,20,-0.1,-0.04,-0.45,-0.4,1,0.1,0.1,0.15,40,56.96,183,168,10,158,0,43,18,7,17,73,0,15,1,184,90,68,184,78681.46,817.37,9,7,7,6,8,4,2,115,0,43,35,80
207849,20,-0.1,-0.04,-0.45,-0.4,1,0.1,0.1,0.15,40,78.53,182,167,4,163,127,0,22,13,0,1,0,15,2,184,128,35,184,76813.37,798.69,57,25,13,12,8,8,0,40,127,0,22,14
207850,20,-0.1,-0.04,-0.45,-0.4,1,0.1,0.1,0.15,50,73.17,183,168,4,164,119,37,0,7,0,1,0,15,1,184,120,44,184,56840.09,592.18,66,32,17,13,13,11,0,12,119,37,0,8
207851,20,-0.1,-0.04,-0.45,-0.4,1,0.1,0.1,0.15,50,55.7,183,168,10,158,0,45,0,25,0,88,0,15,1,184,88,70,184,72485.93,751.46,9,7,7,6,8,4,2,115,0,45,0,113
207852,20,-0.1,-0.04,-0.45,-0.4,1,0.1,0.1,0.15,50,78.53,182,167,4,163,127,0,0,35,0,1,0,15,2,184,128,35,184,75179.59,782.26,57,25,13,12,8,8,0,40,127,0,0,36
207853,20,-0.1,-0.04,-0.45,-0.4,1,0.1,0.1,0.15,60,73.17,183,168,4,164,119,37,0,7,0,1,0,15,1,184,120,44,184,56840.09,592.18,66,32,17,13,13,11,0,12,119,37,0,8
207854,20,-0.1,-0.04,-0.45,-0.4,1,0.1,0.1,0.15,60,55.7,183,168,10,158,0,45,0,25,0,88,0,15,1,184,88,70,184,72485.93,751.46,9,7,7,6,8,4,2,115,0,45,0,113
207855,20,-0.1,-0.04,-0.45,-0.4,1,0.1,0.1,0.15,60,78.53,182,167,4,163,127,0,0,35,0,1,0,15,2,184,128,35,184,75179.59,782.26,57,25,13,12,8,8,0,40,127,0,0,36
207856,20,-0.1,-0.04,-0.45,-0.4,1,0.1,0.2,0.15,20,63.19,183,168,5,163,41,29,31,0,62,0,0,15,1,184,103,60,184,66021.23,691.53,13,23,21,106,0,0,0,0,41,29,93,0
207857,20,-0.1,-0.04,-0.45,-0.4,1,0.1,0.2,0.15,20,63.19,183,168,5,163,0,29,31,0,103,0,0,15,1,184,103,60,184,69652.26,726.23,9,7,7,140,0,0,0,0,0,29,134,0
207858,20,-0.1,-0.04,-0.45,-0.4,1,0.1,0.2,0.15,20,67.9,182,167,5,162,44,0,52,0,66,0,0,15,2,184,110,52,184,83735.51,875.2,4,16,14,128,0,0,0,0,44,0,118,0
207859,20,-0.1,-0.04,-0.45,-0.4,1,0.1,0.2,0.15,30,62.5,183,168,8,160,63,41,19,0,37,0,0,15,1,184,100,60,184,79902.83,836.04,13,23,21,13,19,71,0,0,63,41,56,0
207860,20,-0.1,-0.04,-0.45,-0.4,1,0.1,0.2,0.15,30,61.88,183,168,8,160,0,41,20,0,99,0,0,15,1,184,99,61,184,76857.59,803.47,9,7,7,6,8,123,0,0,0,41,119,0
207861,20,-0.1,-0.04,-0.45,-0.4,1,0.1,0.2,0.15,30,67.92,182,167,8,159,68,0,51,0,40,0,0,15,2,184,108,51,184,104856.87,1094.98,4,16,14,10,13,102,0,0,68,0,91,0
207862,20,-0.1,-0.04,-0.45,-0.4,1,0.1,0.2,0.15,40,58.86,183,168,10,158,70,42,16,7,6,17,0,15,1,184,93,65,184,79058.34,827.42,13,23,21,13,19,15,4,50,70,42,22,24
207863,20,-0.1,-0.04,-0.45,-0.4,1,0.1,0.2,0.15,40,56.96,183,168,10,158,0,43,18,7,17,73,0,15,1,184,90,68,184,78681.46,817.37,9,7,7,6,8,4,2,115,0,43,35,80
207864,20,-0.1,-0.04,-0.45,-0.4,1,0.1,0.2,0.15,40,65.61,182,167,10,157,76,0,34,20,7,20,0,15,2,184,103,54,184,105806.23,1104.65,4,16,14,10,13,11,4,85,76,0,41,40
207865,20,-0.1,-0.04,-0.45,-0.4,1,0.1,0.2,0.15,50,58.23,183,168,10,158,70,44,0,22,0,22,0,15,1,184,92,66,184,74334.23,777.82,13,23,21,13,19,15,4,50,70,44,0,44
207866,20,-0.1,-0.04,-0.45,-0.4,1,0.1,0.2,0.15,50,55.7,183,168,10,158,0,45,0,25,0,88,0,15,1,184,88,70,184,72485.93,751.46,9,7,7,6,8,4,2,115,0,45,0,113
207867,20,-0.1,-0.04,-0.45,-0.4,1,0.1,0.2,0.15,50,64.33,182,167,10,157,76,0,0,56,0,25,0,15,2,184,101,56,184,98980.22,1033.96,4,16,14,10,13,11,4,85,76,0,0,81
207868,20,-0.1,-0.04,-0.45,-0.4,1,0.1,0.2,0.15,60,58.23,183,168,10,158,70,44,0,22,0,22,0,15,1,184,92,66,184,74334.23,777.82,13,23,21,13,19,15,4,50,70,44,0,44
207869,20,-0.1,-0.04,-0.45,-0.4,1,0.1,0.2,0.15,60,55.7,183,168,10,158,0,45,0,25,0,88,0,15,1,184,88,70,184,72485.93,751.46,9,7,7,6,8,4,2,115,0,45,0,113
207870,20,-0.1,-0.04,-0.45,-0.4,1,0.1,0.2,0.15,60,64.33,182,167,10,157,76,0,0,56,0,25,0,15,2,184,101,56,184,98980.22,1033.96,4,16,14,10,13,11,4,85,76,0,0,81
207871,20,-0.1,-0.04,-0.45,-0.4,1,0.2,0.1,0.15,20,70.48,183,168,2,166,101,27,22,0,16,0,0,15,1,184,117,49,184,49733.65,516.76,66,32,17,51,0,0,0,0,101,27,38,0
207872,20,-0.1,-0.04,-0.45,-0.4,1,0.2,0.1,0.15,20,63.19,183,168,5,163,0,29,31,0,103,0,0,15,1,184,103,60,184,69652.26,726.23,9,7,7,140,0,0,0,0,0,29,134,0
207873,20,-0.1,-0.04,-0.45,-0.4,1,0.2,0.1,0.15,20,74.55,182,167,2,165,107,0,42,0,16,0,0,15,2,184,123,42,184,61453.94,638.2,57,25,13,70,0,0,0,0,107,0,58,0
207874,20,-0.1,-0.04,-0.45,-0.4,1,0.2,0.1,0.15,30,72.73,183,168,3,165,117,35,10,0,3,0,0,15,1,184,120,45,184,58911.05,614.03,66,32,17,13,13,24,0,0,117,35,13,0
207875,20,-0.1,-0.04,-0.45,-0.4,1,0.2,0.1,0.15,30,61.88,183,168,8,160,0,41,20,0,99,0,0,15,1,184,99,61,184,76857.59,803.47,9,7,7,6,8,123,0,0,0,41,119,0
207876,20,-0.1,-0.04,-0.45,-0.4,1,0.2,0.1,0.15,30,76.83,182,167,3,164,123,0,38,0,3,0,0,15,2,184,126,38,184,77439.25,806.25,57,25,13,12,8,49,0,0,123,0,41,0
207877,20,-0.1,-0.04,-0.45,-0.4,1,0.2,0.1,0.15,40,73.17,183,168,4,164,119,36,6,2,0,1,0,15,1,184,120,44,184,58151.39,605.44,66,32,17,13,13,11,0,12,119,36,6,3
207878,20,-0.1,-0.04,-0.45,-0.4,1,0.2,0.1,0.15,40,56.96,183,168,10,158,0,43,18,7,17,73,0,15,1,184,90,68,184,78681.46,817.37,9,7,7,6,8,4,2,115,0,43,35,80
207879,20,-0.1,-0.04,-0.45,-0.4,1,0.2,0.1,0.15,40,78.53,182,167,4,163,127,0,22,13,0,1,0,15,2,184,128,35,184,76813.37,798.69,57,25,13,12,8,8,0,40,127,0,22,14
207880,20,-0.1,-0.04,-0.45,-0.4,1,0.2,0.1,0.15,50,73.17,183,168,4,164,119,37,0,7,0,1,0,15,1,184,120,44,184,56840.09,592.18,66,32,17,13,13,11,0,12,119,37,0,8
207881,20,-0.1,-0.04,-0.45,-0.4,1,0.2,0.1,0.15,50,55.7,183,168,10,158,0,45,0,25,0,88,0,15,1,184,88,70,184,72485.93,751.46,9,7,7,6,8,4,2,115,0,45,0,113
207882,20,-0.1,-0.04,-0.45,-0.4,1,0.2,0.1,0.15,50,78.53,182,167,4,163,127,0,0,35,0,1,0,15,2,184,128,35,184,75179.59,782.26,57,25,13,12,8,8,0,40,127,0,0,36
207883,20,-0.1,-0.04,-0.45,-0.4,1,0.2,0.1,0.15,60,73.17,183,168,4,164,119,37,0,7,0,1,0,15,1,184,120,44,184,56840.09,592.18,66,32,17,13,13,11,0,12,119,37,0,8
207884,20,-0.1,-0.04,-0.45,-0.4,1,0.2,0.1,0.15,60,55.7,183,168,10,158,0,45,0,25,0,88,0,15,1,184,88,70,184,72485.93,751.46,9,7,7,6,8,4,2,115,0,45,0,113
207885,20,-0.1,-0.04,-0.45,-0.4,1,0.2,0.1,0.15,60,78.53,182,167,4,163,127,0,0,35,0,1,0,15,2,184,128,35,184,75179.59,782.26,57,25,13,12,8,8,0,40,127,0,0,36
207886,20,-0.1,-0.04,-0.45,-0.4,1,0.2,0.2,0.15,20,63.19,183,168,5,163,41,29,31,0,62,0,0,15,1,184,103,60,184,66021.23,691.53,13,23,21,106,0,0,0,0,41,29,93,0
207887,20,-0.1,-0.04,-0.45,-0.4,1,0.2,0.2,0.15,20,63.19,183,168,5,163,0,29,31,0,103,0,0,15,1,184,103,60,184,69652.26,726.23,9,7,7,140,0,0,0,0,0,29,134,0
207888,20,-0.1,-0.04,-0.45,-0.4,1,0.2,0.2,0.15,20,67.9,182,167,5,162,44,0,52,0,66,0,0,15,2,184,110,52,184,83735.51,875.2,4,16,14,128,0,0,0,0,44,0,118,0
207889,20,-0.1,-0.04,-0.45,-0.4,1,0.2,0.2,0.15,30,62.5,183,168,8,160,63,41,19,0,37,0,0,15,1,184,100,60,184,79902.83,836.04,13,23,21,13,19,71,0,0,63,41,56,0
207890,20,-0.1,-0.04,-0.45,-0.4,1,0.2,0.2,0.15,30,61.88,183,168,8,160,0,41,20,0,99,0,0,15,1,184,99,61,184,76857.59,803.47,9,7,7,6,8,123,0,0,0,41,119,0
207891,20,-0.1,-0.04,-0.45,-0.4,1,0.2,0.2,0.15,30,67.92,182,167,8,159,68,0,51,0,40,0,0,15,2,184,108,51,184,104856.87,1094.98,4,16,14,10,13,102,0,0,68,0,91,0
207892,20,-0.1,-0.04,-0.45,-0.4,1,0.2,0.2,0.15,40,58.86,183,168,10,158,70,42,16,7,6,17,0,15,1,184,93,65,184,79058.34,827.42,13,23,21,13,19,15,4,50,70,42,22,24
207893,20,-0.1,-0.04,-0.45,-0.4,1,0.2,0.2,0.15,40,56.96,183,168,10,158,0,43,18,7,17,73,0,15,1,184,90,68,184,78681.46,817.37,9,7,7,6,8,4,2,115,0,43,35,80
207894,20,-0.1,-0.04,-0.45,-0.4,1,0.2,0.2,0.15,40,65.61,182,167,10,157,76,0,34,20,7,20,0,15,2,184,103,54,184,105806.23,1104.65,4,16,14,10,13,11,4,85,76,0,41,40
207895,20,-0.1,-0.04,-0.45,-0.4,1,0.2,0.2,0.15,50,58.23,183,168,10,158,70,44,0,22,0,22,0,15,1,184,92,66,184,74334.23,777.82,13,23,21,13,19,15,4,50,70,44,0,44
207896,20,-0.1,-0.04,-0.45,-0.4,1,0.2,0.2,0.15,50,55.7,183,168,10,158,0,45,0,25,0,88,0,15,1,184,88,70,184,72485.93,751.46,9,7,7,6,8,4,2,115,0,45,0,113
207897,20,-0.1,-0.04,-0.45,-0.4,1,0.2,0.2,0.15,50,64.33,182,167,10,157,76,0,0,56,0,25,0,15,2,184,101,56,184,98980.22,1033.96,4,16,14,10,13,11,4,85,76,0,0,81
207898,20,-0.1,-0.04,-0.45,-0.4,1,0.2,0.2,0.15,60,58.23,183,168,10,158,70,44,0,22,0,22,0,15,1,184,92,66,184,74334.23,777.82,13,23,21,13,19,15,4,50,70,44,0,44
207899,20,-0.1,-0.04,-0.45,-0.4,1,0.2,0.2,0.15,60,55.7,183,168,10,158,0,45,0,25,0,88,0,15,1,184,88,70,184,72485.93,751.46,9,7,7,6,8,4,2,115,0,45,0,113
207900,20,-0.1,-0.04,-0.45,-0.4,1,0.2,0.2,0.15,60,64.33,182,167,10,157,76,0,0,56,0,25,0,15,2,184,101,56,184,98980.22,1033.96,4,16,14,10,13,11,4,85,76,0,0,81
207901,20,-0.1,-0.04,-0.45,-0.4,2,0.1,0.1,0.15,20,75.3,183,168,2,166,109,26,15,0,16,0,0,15,1,184,125,41,184,69567.3,804.48,69,34,21,42,0,0,0,0,109,26,31,0
207902,20,-0.1,-0.04,-0.45,-0.4,2,0.1,0.1,0.15,20,68.1,183,168,5,163,0,29,23,0,111,0,0,15,1,184,111,52,184,102021.13,1052.55,9,7,7,140,0,0,0,0,0,29,134,0
207903,20,-0.1,-0.04,-0.45,-0.4,2,0.1,0.1,0.15,20,80.0,182,167,2,165,115,0,33,0,17,0,0,15,2,184,132,33,184,82653.65,895.29,60,27,20,58,0,0,0,0,115,0,50,0
207904,20,-0.1,-0.04,-0.45,-0.4,2,0.1,0.1,0.15,30,77.58,183,168,3,165,123,32,5,0,5,0,0,15,1,184,128,37,184,78914.33,878.12,69,34,21,11,13,17,0,0,123,32,10,0
207905,20,-0.1,-0.04,-0.45,-0.4,2,0.1,0.1,0.15,30,65.62,183,168,8,160,0,41,14,0,105,0,0,15,1,184,105,55,184,120985.44,1165.98,9,7,7,6,8,123,0,0,0,41,119,0
207906,20,-0.1,-0.04,-0.45,-0.4,2,0.1,0.1,0.15,30,84.15,182,167,3,164,131,0,26,0,7,0,0,15,2,184,138,26,184,105679.16,1040.14,60,27,20,8,12,37,0,0,131,0,33,0
207907,20,-0.1,-0.04,-0.45,-0.4,2,0.1,0.1,0.15,40,76.83,183,168,4,164,125,33,5,0,0,1,0,15,1,184,126,38,184,77915.44,877.08,69,34,21,11,13,7,1,8,125,33,5,1
207908,20,-0.1,-0.04,-0.45,-0.4,2,0.1,0.1,0.15,40,60.13,183,168,10,158,0,43,15,5,20,75,0,15,1,184,95,63,184,126469.43,1206.81,9,7,7,6,8,4,2,115,0,43,35,80
207909,20,-0.1,-0.04,-0.45,-0.4,2,0.1,0.1,0.15,40,85.28,182,167,4,163,137,0,16,8,1,1,0,15,2,184,139,24,184,109493.68,1063.18,60,27,20,8,12,4,4,28,137,0,17,9
207910,20,-0.1,-0.04,-0.45,-0.4,2,0.1,0.1,0.15,50,76.83,183,168,4,164,125,34,0,4,0,1,0,15,1,184,126,38,184,75846.16,865.21,69,34,21,11,13,7,1,8,125,34,0,5
207911,20,-0.1,-0.04,-0.45,-0.4,2,0.1,0.1,0.15,50,57.59,183,168,10,158,0,45,0,22,0,91,0,15,1,184,91,67,184,116543.51,1138.98,9,7,7,6,8,4,2,115,0,45,0,113
207912,20,-0.1,-0.04,-0.45,-0.4,2,0.1,0.1,0.15,50,85.89,182,167,4,163,137,0,0,23,0,3,0,15,2,184,140,23,184,107404.94,1051.86,60,27,20,8,12,4,4,28,137,0,0,26
207913,20,-0.1,-0.04,-0.45,-0.4,2,0.1,0.1,0.15,60,76.83,183,168,4,164,125,34,0,4,0,1,0,15,1,184,126,38,184,75846.16,865.21,69,34,21,11,13,7,1,8,125,34,0,5
207914,20,-0.1,-0.04,-0.45,-0.4,2,0.1,0.1,0.15,60,57.59,183,168,10,158,0,45,0,22,0,91,0,15,1,184,91,67,184,116543.51,1138.98,9,7,7,6,8,4,2,115,0,45,0,113
207915,20,-0.1,-0.04,-0.45,-0.4,2,0.1,0.1,0.15,60,85.89,182,167,4,163,137,0,0,23,0,3,0,15,2,184,140,23,184,107404.94,1051.86,60,27,20,8,12,4,4,28,137,0,0,26
207916,20,-0.1,-0.04,-0.45,-0.4,2,0.1,0.2,0.15,20,68.1,183,168,5,163,46,29,23,0,65,0,0,15,1,184,111,52,184,94238.43,1004.23,13,23,22,105,0,0,0,0,46,29,88,0
207917,20,-0.1,-0.04,-0.45,-0.4,2,0.1,0.2,0.15,20,68.1,183,168,5,163,0,29,23,0,111,0,0,15,1,184,111,52,184,102021.13,1052.55,9,7,7,140,0,0,0,0,0,29,134,0
207918,20,-0.1,-0.04,-0.45,-0.4,2,0.1,0.2,0.15,20,73.46,182,167,5,162,50,0,43,0,69,0,0,15,2,184,119,43,184,124592.54,1199.28,4,16,15,127,0,0,0,0,50,0,112,0
207919,20,-0.1,-0.04,-0.45,-0.4,2,0.1,0.2,0.15,30,66.25,183,168,8,160,69,41,13,0,37,0,0,15,1,184,106,54,184,122323.39,1177.58,13,23,22,17,19,66,0,0,69,41,50,0
207920,20,-0.1,-0.04,-0.45,-0.4,2,0.1,0.2,0.15,30,65.62,183,168,8,160,0,41,14,0,105,0,0,15,1,184,105,55,184,120985.44,1165.98,9,7,7,6,8,123,0,0,0,41,119,0
207921,20,-0.1,-0.04,-0.45,-0.4,2,0.1,0.2,0.15,30,74.84,182,167,8,159,76,0,40,0,43,0,0,15,2,184,119,40,184,166565.52,1444.88,4,16,15,15,13,96,0,0,76,0,83,0
207922,20,-0.1,-0.04,-0.45,-0.4,2,0.1,0.2,0.15,40,61.39,183,168,10,158,75,42,14,5,6,16,0,15,1,184,97,61,184,117993.72,1158.38,13,23,22,17,19,16,3,45,75,42,20,21
207923,20,-0.1,-0.04,-0.45,-0.4,2,0.1,0.2,0.15,40,60.13,183,168,10,158,0,43,15,5,20,75,0,15,1,184,95,63,184,126469.43,1206.81,9,7,7,6,8,4,2,115,0,43,35,80
207924,20,-0.1,-0.04,-0.45,-0.4,2,0.1,0.2,0.15,40,70.7,182,167,10,157,84,0,30,16,9,18,0,15,2,184,111,46,184,165145.77,1440.44,4,16,15,15,13,13,3,78,84,0,39,34
207925,20,-0.1,-0.04,-0.45,-0.4,2,0.1,0.2,0.15,50,60.76,183,168,10,158,75,44,0,18,0,21,0,15,1,184,96,62,184,111547.62,1116.68,13,23,22,17,19,16,3,45,75,44,0,39
207926,20,-0.1,-0.04,-0.45,-0.4,2,0.1,0.2,0.15,50,57.59,183,168,10,158,0,45,0,22,0,91,0,15,1,184,91,67,184,116543.51,1138.98,9,7,7,6,8,4,2,115,0,45,0,113
207927,20,-0.1,-0.04,-0.45,-0.4,2,0.1,0.2,0.15,50,70.7,182,167,10,157,84,0,0,46,0,27,0,15,2,184,111,46,184,154139.76,1376.42,4,16,15,15,13,13,3,78,84,0,0,73
207928,20,-0.1,-0.04,-0.45,-0.4,2,0.1,0.2,0.15,60,60.76,183,168,10,158,75,44,0,18,0,21,0,15,1,184,96,62,184,111547.62,1116.68,13,23,22,17,19,16,3,45,75,44,0,39
207929,20,-0.1,-0.04,-0.45,-0.4,2,0.1,0.2,0.15,60,57.59,183,168,10,158,0,45,0,22,0,91,0,15,1,184,91,67,184,116543.51,1138.98,9,7,7,6,8,4,2,115,0,45,0,113
207930,20,-0.1,-0.04,-0.45,-0.4,2,0.1,0.2,0.15,60,70.7,182,167,10,157,84,0,0,46,0,27,0,15,2,184,111,46,184,154139.76,1376.42,4,16,15,15,13,13,3,78,84,0,0,73
207931,20,-0.1,-0.04,-0.45,-0.4,2,0.2,0.1,0.15,20,70.48,183,168,2,166,101,27,22,0,16,0,0,15,1,184,117,49,184,49733.65,516.76,66,32,17,51,0,0,0,0,101,27,38,0
207932,20,-0.1,-0.04,-0.45,-0.4,2,0.2,0.1,0.15,20,63.19,183,168,5,163,0,29,31,0,103,0,0,15,1,184,103,60,184,69652.26,726.23,9,7,7,140,0,0,0,0,0,29,134,0
207933,20,-0.1,-0.04,-0.45,-0.4,2,0.2,0.1,0.15,20,74.55,182,167,2,165,107,0,42,0,16,0,0,15,2,184,123,42,184,61453.94,638.2,57,25,13,70,0,0,0,0,107,0,58,0
207934,20,-0.1,-0.04,-0.45,-0.4,2,0.2,0.1,0.15,30,72.73,183,168,3,165,117,35,10,0,3,0,0,15,1,184,120,45,184,58911.05,614.03,66,32,17,13,13,24,0,0,117,35,13,0
207935,20,-0.1,-0.04,-0.45,-0.4,2,0.2,0.1,0.15,30,61.88,183,168,8,160,0,41,20,0,99,0,0,15,1,184,99,61,184,76857.59,803.47,9,7,7,6,8,123,0,0,0,41,119,0
207936,20,-0.1,-0.04,-0.45,-0.4,2,0.2,0.1,0.15,30,76.83,182,167,3,164,123,0,38,0,3,0,0,15,2,184,126,38,184,77439.25,806.25,57,25,13,12,8,49,0,0,123,0,41,0
207937,20,-0.1,-0.04,-0.45,-0.4,2,0.2,0.1,0.15,40,73.17,183,168,4,164,119,36,6,2,0,1,0,15,1,184,120,44,184,58151.39,605.44,66,32,17,13,13,11,0,12,119,36,6,3
207938,20,-0.1,-0.04,-0.45,-0.4,2,0.2,0.1,0.15,40,56.96,183,168,10,158,0,43,18,7,17,73,0,15,1,184,90,68,184,78681.46,817.37,9,7,7,6,8,4,2,115,0,43,35,80
207939,20,-0.1,-0.04,-0.45,-0.4,2,0.2,0.1,0.15,40,78.53,182,167,4,163,127,0,22,13,0,1,0,15,2,184,128,35,184,76813.37,798.69,57,25,13,12,8,8,0,40,127,0,22,14
207940,20,-0.1,-0.04,-0.45,-0.4,2,0.2,0.1,0.15,50,73.17,183,168,4,164,119,37,0,7,0,1,0,15,1,184,120,44,184,56840.09,592.18,66,32,17,13,13,11,0,12,119,37,0,8
207941,20,-0.1,-0.04,-0.45,-0.4,2,0.2,0.1,0.15,50,55.7,183,168,10,158,0,45,0,25,0,88,0,15,1,184,88,70,184,72485.93,751.46,9,7,7,6,8,4,2,115,0,45,0,113
207942,20,-0.1,-0.04,-0.45,-0.4,2,0.2,0.1,0.15,50,78.53,182,167,4,163,127,0,0,35,0,1,0,15,2,184,128,35,184,75179.59,782.26,57,25,13,12,8,8,0,40,127,0,0,36
207943,20,-0.1,-0.04,-0.45,-0.4,2,0.2,0.1,0.15,60,73.17,183,168,4,164,119,37,0,7,0,1,0,15,1,184,120,44,184,56840.09,592.18,66,32,17,13,13,11,0,12,119,37,0,8
207944,20,-0.1,-0.04,-0.45,-0.4,2,0.2,0.1,0.15,60,55.7,183,168,10,158,0,45,0,25,0,88,0,15,1,184,88,70,184,72485.93,751.46,9,7,7,6,8,4,2,115,0,45,0,113
207945,20,-0.1,-0.04,-0.45,-0.4,2,0.2,0.1,0.15,60,78.53,182,167,4,163,127,0,0,35,0,1,0,15,2,184,128,35,184,75179.59,782.26,57,25,13,12,8,8,0,40,127,0,0,36
207946,20,-0.1,-0.04,-0.45,-0.4,2,0.2,0.2,0.15,20,63.19,183,168,5,163,41,29,31,0,62,0,0,15,1,184,103,60,184,66021.23,691.53,13,23,21,106,0,0,0,0,41,29,93,0
207947,20,-0.1,-0.04,-0.45,-0.4,2,0.2,0.2,0.15,20,63.19,183,168,5,163,0,29,31,0,103,0,0,15,1,184,103,60,184,69652.26,726.23,9,7,7,140,0,0,0,0,0,29,134,0
207948,20,-0.1,-0.04,-0.45,-0.4,2,0.2,0.2,0.15,20,67.9,182,167,5,162,44,0,52,0,66,0,0,15,2,184,110,52,184,83735.51,875.2,4,16,14,128,0,0,0,0,44,0,118,0
207949,20,-0.1,-0.04,-0.45,-0.4,2,0.2,0.2,0.15,30,62.5,183,168,8,160,63,41,19,0,37,0,0,15,1,184,100,60,184,79902.83,836.04,13,23,21,13,19,71,0,0,63,41,56,0
207950,20,-0.1,-0.04,-0.45,-0.4,2,0.2,0.2,0.15,30,61.88,183,168,8,160,0,41,20,0,99,0,0,15,1,184,99,61,184,76857.59,803.47,9,7,7,6,8,123,0,0,0,41,119,0
207951,20,-0.1,-0.04,-0.45,-0.4,2,0.2,0.2,0.15,30,67.92,182,167,8,159,68,0,51,0,40,0,0,15,2,184,108,51,184,104856.87,1094.98,4,16,14,10,13,102,0,0,68,0,91,0
207952,20,-0.1,-0.04,-0.45,-0.4,2,0.2,0.2,0.15,40,58.86,183,168,10,158,70,42,16,7,6,17,0,15,1,184,93,65,184,79058.34,827.42,13,23,21,13,19,15,4,50,70,42,22,24
207953,20,-0.1,-0.04,-0.45,-0.4,2,0.2,0.2,0.15,40,56.96,183,168,10,158,0,43,18,7,17,73,0,15,1,184,90,68,184,78681.46,817.37,9,7,7,6,8,4,2,115,0,43,35,80
207954,20,-0.1,-0.04,-0.45,-0.4,2,0.2,0.2,0.15,40,65.61,182,167,10,157,76,0,34,20,7,20,0,15,2,184,103,54,184,105806.23,1104.65,4,16,14,10,13,11,4,85,76,0,41,40
207955,20,-0.1,-0.04,-0.45,-0.4,2,0.2,0.2,0.15,50,58.23,183,168,10,158,70,44,0,22,0,22,0,15,1,184,92,66,184,74334.23,777.82,13,23,21,13,19,15,4,50,70,44,0,44
207956,20,-0.1,-0.04,-0.45,-0.4,2,0.2,0.2,0.15,50,55.7,183,168,10,158,0,45,0,25,0,88,0,15,1,184,88,70,184,72485.93,751.46,9,7,7,6,8,4,2,115,0,45,0,113
207957,20,-0.1,-0.04,-0.45,-0.4,2,0.2,0.2,0.15,50,64.33,182,167,10,157,76,0,0,56,0,25,0,15,2,184,101,56,184,98980.22,1033.96,4,16,14,10,13,11,4,85,76,0,0,81
207958,20,-0.1,-0.04,-0.45,-0.4,2,0.2,0.2,0.15,60,58.23,183,168,10,158,70,44,0,22,0,22,0,15,1,184,92,66,184,74334.23,777.82,13,23,21,13,19,15,4,50,70,44,0,44
207959,20,-0.1,-0.04,-0.45,-0.4,2,0.2,0.2,0.15,60,55.7,183,168,10,158,0,45,0,25,0,88,0,15,1,184,88,70,184,72485.93,751.46,9,7,7,6,8,4,2,115,0,45,0,113
207960,20,-0.1,-0.04,-0.45,-0.4,2,0.2,0.2,0.15,60,64.33,182,167,10,157,76,0,0,56,0,25,0,15,2,184,101,56,184,98980.22,1033.96,4,16,14,10,13,11,4,85,76,0,0,81
207961,20,-0.1,-0.04,-0.45,-0.35,1,0.1,0.1,0.15,20,66.12,400,376,7,369,209,63,62,0,35,0,0,24,5,405,244,125,405,87459.41,906.04,139,69,42,119,0,0,0,0,209,63,97,0
207962,20,-0.1,-0.04,-0.45,-0.35,1,0.1,0.1,0.15,20,58.47,400,376,10,366,0,69,83,0,214,0,0,24,5,405,214,152,405,121658.33,1262.82,20,19,16,311,0,0,0,0,0,69,297,0
207963,20,-0.1,-0.04,-0.45,-0.35,1,0.1,0.1,0.15,20,70.22,397,373,7,366,221,0,109,0,36,0,0,24,8,405,257,109,405,127856.75,1315.15,119,53,29,165,0,0,0,0,221,0,145,0
207964,20,-0.1,-0.04,-0.45,-0.35,1,0.1,0.1,0.15,30,68.48,400,376,8,368,242,81,35,0,10,0,0,24,5,405,252,116,405,97264.24,1015.16,139,69,42,22,26,70,0,0,242,81,45,0
207965,20,-0.1,-0.04,-0.45,-0.35,1,0.1,0.1,0.15,30,57.58,400,376,13,363,0,95,59,0,209,0,0,24,5,405,209,154,405,128649.12,1345.77,20,19,16,14,14,280,0,0,0,95,268,0
207966,20,-0.1,-0.04,-0.45,-0.35,1,0.1,0.1,0.15,30,73.97,397,373,8,365,257,0,95,0,13,0,0,24,8,405,270,95,405,158476.02,1639.65,119,53,29,20,21,123,0,0,257,0,108,0
207967,20,-0.1,-0.04,-0.45,-0.35,1,0.1,0.1,0.15,40,68.39,400,376,9,367,245,93,15,8,2,4,0,24,5,405,251,116,405,88824.21,927.96,139,69,42,22,26,25,6,38,245,93,17,12
207968,20,-0.1,-0.04,-0.45,-0.35,1,0.1,0.1,0.15,40,54.57,400,376,15,361,0,112,35,17,47,150,0,24,5,405,197,164,405,129851.07,1352.78,20,19,16,14,14,12,11,255,0,112,82,167
207969,20,-0.1,-0.04,-0.45,-0.35,1,0.1,0.1,0.15,40,75.27,397,373,9,364,266,0,57,33,2,6,0,24,8,405,274,90,405,153469.74,1585.87,119,53,29,20,21,15,4,103,266,0,59,39
207970,20,-0.1,-0.04,-0.45,-0.35,1,0.1,0.1,0.15,50,68.12,400,376,9,367,245,94,0,23,0,5,0,24,5,405,250,117,405,87251.6,911.33,139,69,42,22,26,25,6,38,245,94,0,28
207971,20,-0.1,-0.04,-0.45,-0.35,1,0.1,0.1,0.15,50,53.19,400,376,15,361,0,115,0,54,0,192,0,24,5,405,192,169,405,121684.34,1265.31,20,19,16,14,14,12,11,255,0,115,0,246
207972,20,-0.1,-0.04,-0.45,-0.35,1,0.1,0.1,0.15,50,75.27,397,373,9,364,266,0,0,90,0,8,0,24,8,405,274,90,405,152840.02,1579.84,119,53,29,20,21,15,4,103,266,0,0,98
207973,20,-0.1,-0.04,-0.45,-0.35,1,0.1,0.1,0.15,60,68.12,400,376,9,367,245,94,0,23,0,5,0,24,5,405,250,117,405,87251.6,911.33,139,69,42,22,26,25,6,38,245,94,0,28
207974,20,-0.1,-0.04,-0.45,-0.35,1,0.1,0.1,0.15,60,53.19,400,376,15,361,0,115,0,54,0,192,0,24,5,405,192,169,405,121684.34,1265.31,20,19,16,14,14,12,11,255,0,115,0,246
207975,20,-0.1,-0.04,-0.45,-0.35,1,0.1,0.1,0.15,60,75.27,397,373,9,364,266,0,0,90,0,8,0,24,8,405,274,90,405,152840.02,1579.84,119,53,29,20,21,15,4,103,266,0,0,98
207976,20,-0.1,-0.04,-0.45,-0.35,1,0.1,0.2,0.15,20,58.47,400,376,10,366,81,69,83,0,133,0,0,24,5,405,214,152,405,117385.75,1218.8,35,39,45,247,0,0,0,0,81,69,216,0
207977,20,-0.1,-0.04,-0.45,-0.35,1,0.1,0.2,0.15,20,58.47,400,376,10,366,0,69,83,0,214,0,0,24,5,405,214,152,405,121658.33,1262.82,20,19,16,311,0,0,0,0,0,69,297,0
207978,20,-0.1,-0.04,-0.45,-0.35,1,0.1,0.2,0.15,20,62.53,397,373,10,363,85,0,136,0,142,0,0,24,8,405,227,136,405,166374.18,1717.07,15,20,29,299,0,0,0,0,85,0,278,0
207979,20,-0.1,-0.04,-0.45,-0.35,1,0.1,0.2,0.15,30,58.68,400,376,13,363,128,95,55,0,85,0,0,24,5,405,213,150,405,140443.61,1465.06,35,39,45,31,43,170,0,0,128,95,140,0
207980,20,-0.1,-0.04,-0.45,-0.35,1,0.1,0.2,0.15,30,57.58,400,376,13,363,0,95,59,0,209,0,0,24,5,405,209,154,405,128649.12,1345.77,20,19,16,14,14,280,0,0,0,95,268,0
207981,20,-0.1,-0.04,-0.45,-0.35,1,0.1,0.2,0.15,30,65.28,397,373,13,360,140,0,125,0,95,0,0,24,8,405,235,125,405,219165.77,2265.75,15,20,29,21,35,240,0,0,140,0,220,0
207982,20,-0.1,-0.04,-0.45,-0.35,1,0.1,0.2,0.15,40,56.23,400,376,15,361,142,110,31,17,19,42,0,24,5,405,203,158,405,134639.56,1405.98,35,39,45,31,43,30,14,124,142,110,50,59
207983,20,-0.1,-0.04,-0.45,-0.35,1,0.1,0.2,0.15,40,54.57,400,376,15,361,0,112,35,17,47,150,0,24,5,405,197,164,405,129851.07,1352.78,20,19,16,14,14,12,11,255,0,112,82,167
207984,20,-0.1,-0.04,-0.45,-0.35,1,0.1,0.2,0.15,40,63.97,397,373,15,358,156,0,83,46,20,53,0,24,8,405,229,129,405,213671.7,2208.05,15,20,29,21,35,20,9,209,156,0,103,99
207985,20,-0.1,-0.04,-0.45,-0.35,1,0.1,0.2,0.15,50,55.4,400,376,15,361,143,113,0,48,0,57,0,24,5,405,200,161,405,129318.3,1349.73,35,39,45,31,43,30,14,124,143,113,0,105
207986,20,-0.1,-0.04,-0.45,-0.35,1,0.1,0.2,0.15,50,53.19,400,376,15,361,0,115,0,54,0,192,0,24,5,405,192,169,405,121684.34,1265.31,20,19,16,14,14,12,11,255,0,115,0,246
207987,20,-0.1,-0.04,-0.45,-0.35,1,0.1,0.2,0.15,50,63.13,397,373,15,358,157,0,0,132,0,69,0,24,8,405,226,132,405,205838.02,2127.56,15,20,29,21,35,20,9,209,157,0,0,201
207988,20,-0.1,-0.04,-0.45,-0.35,1,0.1,0.2,0.15,60,55.4,400,376,15,361,143,113,0,48,0,57,0,24,5,405,200,161,405,129318.3,1349.73,35,39,45,31,43,30,14,124,143,113,0,105
207989,20,-0.1,-0.04,-0.45,-0.35,1,0.1,0.2,0.15,60,53.19,400,376,15,361,0,115,0,54,0,192,0,24,5,405,192,169,405,121684.34,1265.31,20,19,16,14,14,12,11,255,0,115,0,246
207990,20,-0.1,-0.04,-0.45,-0.35,1,0.1,0.2,0.15,60,63.13,397,373,15,358,157,0,0,132,0,69,0,24,8,405,226,132,405,205838.02,2127.56,15,20,29,21,35,20,9,209,157,0,0,201
207991,20,-0.1,-0.04,-0.45,-0.35,1,0.2,0.1,0.15,20,66.12,400,376,7,369,209,63,62,0,35,0,0,24,5,405,244,125,405,87459.41,906.04,139,69,42,119,0,0,0,0,209,63,97,0
207992,20,-0.1,-0.04,-0.45,-0.35,1,0.2,0.1,0.15,20,58.47,400,376,10,366,0,69,83,0,214,0,0,24,5,405,214,152,405,121658.33,1262.82,20,19,16,311,0,0,0,0,0,69,297,0
207993,20,-0.1,-0.04,-0.45,-0.35,1,0.2,0.1,0.15,20,70.22,397,373,7,366,221,0,109,0,36,0,0,24,8,405,257,109,405,127856.75,1315.15,119,53,29,165,0,0,0,0,221,0,145,0
207994,20,-0.1,-0.04,-0.45,-0.35,1,0.2,0.1,0.15,30,68.48,400,376,8,368,242,81,35,0,10,0,0,24,5,405,252,116,405,97264.24,1015.16,139,69,42,22,26,70,0,0,242,81,45,0
207995,20,-0.1,-0.04,-0.45,-0.35,1,0.2,0.1,0.15,30,57.58,400,376,13,363,0,95,59,0,209,0,0,24,5,405,209,154,405,128649.12,1345.77,20,19,16,14,14,280,0,0,0,95,268,0
207996,20,-0.1,-0.04,-0.45,-0.35,1,0.2,0.1,0.15,30,73.97,397,373,8,365,257,0,95,0,13,0,0,24,8,405,270,95,405,158476.02,1639.65,119,53,29,20,21,123,0,0,257,0,108,0
207997,20,-0.1,-0.04,-0.45,-0.35,1,0.2,0.1,0.15,40,68.39,400,376,9,367,245,93,15,8,2,4,0,24,5,405,251,116,405,88824.21,927.96,139,69,42,22,26,25,6,38,245,93,17,12
207998,20,-0.1,-0.04,-0.45,-0.35,1,0.2,0.1,0.15,40,54.57,400,376,15,361,0,112,35,17,47,150,0,24,5,405,197,164,405,129851.07,1352.78,20,19,16,14,14,12,11,255,0,112,82,167
207999,20,-0.1,-0.04,-0.45,-0.35,1,0.2,0.1,0.15,40,75.27,397,373,9,364,266,0,57,33,2,6,0,24,8,405,274,90,405,153469.74,1585.87,119,53,29,20,21,15,4,103,266,0,59,39
208000,20,-0.1,-0.04,-0.45,-0.35,1,0.2,0.1,0.15,50,68.12,400,376,9,367,245,94,0,23,0,5,0,24,5,405,250,117,405,87251.6,911.33,139,69,42,22,26,25,6,38,245,94,0,28
208001,20,-0.1,-0.04,-0.45,-0.35,1,0.2,0.1,0.15,50,53.19,400,376,15,361,0,115,0,54,0,192,0,24,5,405,192,169,405,121684.34,1265.31,20,19,16,14,14,12,11,255,0,115,0,246
208002,20,-0.1,-0.04,-0.45,-0.35,1,0.2,0.1,0.15,50,75.27,397,373,9,364,266,0,0,90,0,8,0,24,8,405,274,90,405,152840.02,1579.84,119,53,29,20,21,15,4,103,266,0,0,98
208003,20,-0.1,-0.04,-0.45,-0.35,1,0.2,0.1,0.15,60,68.12,400,376,9,367,245,94,0,23,0,5,0,24,5,405,250,117,405,87251.6,911.33,139,69,42,22,26,25,6,38,245,94,0,28
208004,20,-0.1,-0.04,-0.45,-0.35,1,0.2,0.1,0.15,60,53.19,400,376,15,361,0,115,0,54,0,192,0,24,5,405,192,169,405,121684.34,1265.31,20,19,16,14,14,12,11,255,0,115,0,246
208005,20,-0.1,-0.04,-0.45,-0.35,1,0.2,0.1,0.15,60,75.27,397,373,9,364,266,0,0,90,0,8,0,24,8,405,274,90,405,152840.02,1579.84,119,53,29,20,21,15,4,103,266,0,0,98
208006,20,-0.1,-0.04,-0.45,-0.35,1,0.2,0.2,0.15,20,58.47,400,376,10,366,81,69,83,0,133,0,0,24,5,405,214,152,405,117385.75,1218.8,35,39,45,247,0,0,0,0,81,69,216,0
208007,20,-0.1,-0.04,-0.45,-0.35,1,0.2,0.2,0.15,20,58.47,400,376,10,366,0,69,83,0,214,0,0,24,5,405,214,152,405,121658.33,1262.82,20,19,16,311,0,0,0,0,0,69,297,0
208008,20,-0.1,-0.04,-0.45,-0.35,1,0.2,0.2,0.15,20,62.53,397,373,10,363,85,0,136,0,142,0,0,24,8,405,227,136,405,166374.18,1717.07,15,20,29,299,0,0,0,0,85,0,278,0
208009,20,-0.1,-0.04,-0.45,-0.35,1,0.2,0.2,0.15,30,58.68,400,376,13,363,128,95,55,0,85,0,0,24,5,405,213,150,405,140443.61,1465.06,35,39,45,31,43,170,0,0,128,95,140,0
208010,20,-0.1,-0.04,-0.45,-0.35,1,0.2,0.2,0.15,30,57.58,400,376,13,363,0,95,59,0,209,0,0,24,5,405,209,154,405,128649.12,1345.77,20,19,16,14,14,280,0,0,0,95,268,0
208011,20,-0.1,-0.04,-0.45,-0.35,1,0.2,0.2,0.15,30,65.28,397,373,13,360,140,0,125,0,95,0,0,24,8,405,235,125,405,219165.77,2265.75,15,20,29,21,35,240,0,0,140,0,220,0
208012,20,-0.1,-0.04,-0.45,-0.35,1,0.2,0.2,0.15,40,56.23,400,376,15,361,142,110,31,17,19,42,0,24,5,405,203,158,405,134639.56,1405.98,35,39,45,31,43,30,14,124,142,110,50,59
208013,20,-0.1,-0.04,-0.45,-0.35,1,0.2,0.2,0.15,40,54.57,400,376,15,361,0,112,35,17,47,150,0,24,5,405,197,164,405,129851.07,1352.78,20,19,16,14,14,12,11,255,0,112,82,167
208014,20,-0.1,-0.04,-0.45,-0.35,1,0.2,0.2,0.15,40,63.97,397,373,15,358,156,0,83,46,20,53,0,24,8,405,229,129,405,213671.7,2208.05,15,20,29,21,35,20,9,209,156,0,103,99
208015,20,-0.1,-0.04,-0.45,-0.35,1,0.2,0.2,0.15,50,55.4,400,376,15,361,143,113,0,48,0,57,0,24,5,405,200,161,405,129318.3,1349.73,35,39,45,31,43,30,14,124,143,113,0,105
208016,20,-0.1,-0.04,-0.45,-0.35,1,0.2,0.2,0.15,50,53.19,400,376,15,361,0,115,0,54,0,192,0,24,5,405,192,169,405,121684.34,1265.31,20,19,16,14,14,12,11,255,0,115,0,246
208017,20,-0.1,-0.04,-0.45,-0.35,1,0.2,0.2,0.15,50,63.13,397,373,15,358,157,0,0,132,0,69,0,24,8,405,226,132,405,205838.02,2127.56,15,20,29,21,35,20,9,209,157,0,0,201
208018,20,-0.1,-0.04,-0.45,-0.35,1,0.2,0.2,0.15,60,55.4,400,376,15,361,143,113,0,48,0,57,0,24,5,405,200,161,405,129318.3,1349.73,35,39,45,31,43,30,14,124,143,113,0,105
208019,20,-0.1,-0.04,-0.45,-0.35,1,0.2,0.2,0.15,60,53.19,400,376,15,361,0,115,0,54,0,192,0,24,5,405,192,169,405,121684.34,1265.31,20,19,16,14,14,12,11,255,0,115,0,246
208020,20,-0.1,-0.04,-0.45,-0.35,1,0.2,0.2,0.15,60,63.13,397,373,15,358,157,0,0,132,0,69,0,24,8,405,226,132,405,205838.02,2127.56,15,20,29,21,35,20,9,209,157,0,0,201
208021,20,-0.1,-0.04,-0.45,-0.35,2,0.1,0.1,0.15,20,71.54,400,376,7,369,228,61,44,0,36,0,0,24,5,405,264,105,405,131378.33,1550.44,145,71,50,103,0,0,0,0,228,61,80,0
208022,20,-0.1,-0.04,-0.45,-0.35,2,0.1,0.1,0.15,20,64.48,400,376,10,366,0,69,61,0,236,0,0,24,5,405,236,130,405,179363.95,1977.79,20,19,16,311,0,0,0,0,0,69,297,0
208023,20,-0.1,-0.04,-0.45,-0.35,2,0.1,0.1,0.15,20,77.87,397,373,7,366,243,0,81,0,42,0,0,24,8,405,285,81,405,194708.08,1946.54,125,56,46,139,0,0,0,0,243,0,123,0
208024,20,-0.1,-0.04,-0.45,-0.35,2,0.1,0.1,0.15,30,72.28,400,376,8,368,257,77,25,0,9,0,0,24,5,405,266,102,405,135375.35,1636.89,145,71,50,23,27,52,0,0,257,77,34,0
208025,20,-0.1,-0.04,-0.45,-0.35,2,0.1,0.1,0.15,30,60.06,400,376,13,363,0,95,50,0,218,0,0,24,5,405,218,145,405,207853.77,2176.27,20,19,16,14,14,280,0,0,0,95,268,0
208026,20,-0.1,-0.04,-0.45,-0.35,2,0.1,0.1,0.15,30,81.37,397,373,8,365,280,0,68,0,17,0,0,24,8,405,297,68,405,240094.54,2248.84,125,56,46,16,27,95,0,0,280,0,85,0
208027,20,-0.1,-0.04,-0.45,-0.35,2,0.1,0.1,0.15,40,72.48,400,376,9,367,261,85,12,4,2,3,0,24,5,405,266,101,405,133530.64,1632.33,145,71,50,23,27,18,6,27,261,85,14,7
208028,20,-0.1,-0.04,-0.45,-0.35,2,0.1,0.1,0.15,40,57.34,400,376,15,361,0,112,30,12,52,155,0,24,5,405,207,154,405,215694.22,2262.27,20,19,16,14,14,12,11,255,0,112,82,167
208029,20,-0.1,-0.04,-0.45,-0.35,2,0.1,0.1,0.15,40,82.69,397,373,9,364,291,0,45,18,3,7,0,24,8,405,301,63,405,243739.05,2271.4,125,56,46,16,27,10,9,75,291,0,48,25
208030,20,-0.1,-0.04,-0.45,-0.35,2,0.1,0.1,0.15,50,72.21,400,376,9,367,261,86,0,16,0,4,0,24,5,405,265,102,405,130309.96,1617.05,145,71,50,23,27,18,6,27,261,86,0,20
208031,20,-0.1,-0.04,-0.45,-0.35,2,0.1,0.1,0.15,50,55.68,400,376,15,361,0,115,0,45,0,201,0,24,5,405,201,160,405,202764.18,2177.28,20,19,16,14,14,12,11,255,0,115,0,246
208032,20,-0.1,-0.04,-0.45,-0.35,2,0.1,0.1,0.15,50,82.69,397,373,9,364,291,0,0,63,0,10,0,24,8,405,301,63,405,239792.09,2252.62,125,56,46,16,27,10,9,75,291,0,0,73
208033,20,-0.1,-0.04,-0.45,-0.35,2,0.1,0.1,0.15,60,72.21,400,376,9,367,261,86,0,16,0,4,0,24,5,405,265,102,405,130309.96,1617.05,145,71,50,23,27,18,6,27,261,86,0,20
208034,20,-0.1,-0.04,-0.45,-0.35,2,0.1,0.1,0.15,60,55.68,400,376,15,361,0,115,0,45,0,201,0,24,5,405,201,160,405,202764.18,2177.28,20,19,16,14,14,12,11,255,0,115,0,246
208035,20,-0.1,-0.04,-0.45,-0.35,2,0.1,0.1,0.15,60,82.69,397,373,9,364,291,0,0,63,0,10,0,24,8,405,301,63,405,239792.09,2252.62,125,56,46,16,27,10,9,75,291,0,0,73
208036,20,-0.1,-0.04,-0.45,-0.35,2,0.1,0.2,0.15,20,64.48,400,376,10,366,91,69,61,0,145,0,0,24,5,405,236,130,405,174457.56,1934.66,36,43,47,240,0,0,0,0,91,69,206,0
208037,20,-0.1,-0.04,-0.45,-0.35,2,0.1,0.2,0.15,20,64.48,400,376,10,366,0,69,61,0,236,0,0,24,5,405,236,130,405,179363.95,1977.79,20,19,16,311,0,0,0,0,0,69,297,0
208038,20,-0.1,-0.04,-0.45,-0.35,2,0.1,0.2,0.15,20,71.07,397,373,10,363,98,0,105,0,160,0,0,24,8,405,258,105,405,261854.3,2478.21,16,24,32,291,0,0,0,0,98,0,265,0
208039,20,-0.1,-0.04,-0.45,-0.35,2,0.1,0.2,0.15,30,61.16,400,376,13,363,141,95,46,0,81,0,0,24,5,405,222,141,405,217174.38,2268.51,36,43,47,34,43,160,0,0,141,95,127,0
208040,20,-0.1,-0.04,-0.45,-0.35,2,0.1,0.2,0.15,30,60.06,400,376,13,363,0,95,50,0,218,0,0,24,5,405,218,145,405,207853.77,2176.27,20,19,16,14,14,280,0,0,0,95,268,0
208041,20,-0.1,-0.04,-0.45,-0.35,2,0.1,0.2,0.15,30,71.94,397,373,13,360,157,0,101,0,102,0,0,24,8,405,259,101,405,359757.37,3103.0,16,24,32,26,36,226,0,0,157,0,203,0
208042,20,-0.1,-0.04,-0.45,-0.35,2,0.1,0.2,0.15,40,59.0,400,376,15,361,155,110,26,12,20,38,0,24,5,405,213,148,405,201779.35,2213.14,36,43,47,34,43,33,13,112,155,110,46,50
208043,20,-0.1,-0.04,-0.45,-0.35,2,0.1,0.2,0.15,40,57.34,400,376,15,361,0,112,30,12,52,155,0,24,5,405,207,154,405,215694.22,2262.27,20,19,16,14,14,12,11,255,0,112,82,167
208044,20,-0.1,-0.04,-0.45,-0.35,2,0.1,0.2,0.15,40,69.27,397,373,15,358,175,0,75,35,23,50,0,24,8,405,248,110,405,347692.05,3062.38,16,24,32,26,36,23,9,192,175,0,98,85
208045,20,-0.1,-0.04,-0.45,-0.35,2,0.1,0.2,0.15,50,58.17,400,376,15,361,156,112,0,39,0,54,0,24,5,405,210,151,405,195587.33,2176.72,36,43,47,34,43,33,13,112,156,112,0,93
208046,20,-0.1,-0.04,-0.45,-0.35,2,0.1,0.2,0.15,50,55.68,400,376,15,361,0,115,0,45,0,201,0,24,5,405,201,160,405,202764.18,2177.28,20,19,16,14,14,12,11,255,0,115,0,246
208047,20,-0.1,-0.04,-0.45,-0.35,2,0.1,0.2,0.15,50,69.27,397,373,15,358,176,0,0,110,0,72,0,24,8,405,248,110,405,336740.72,3003.37,16,24,32,26,36,23,9,192,176,0,0,182
208048,20,-0.1,-0.04,-0.45,-0.35,2,0.1,0.2,0.15,60,58.17,400,376,15,361,156,112,0,39,0,54,0,24,5,405,210,151,405,195587.33,2176.72,36,43,47,34,43,33,13,112,156,112,0,93
208049,20,-0.1,-0.04,-0.45,-0.35,2,0.1,0.2,0.15,60,55.68,400,376,15,361,0,115,0,45,0,201,0,24,5,405,201,160,405,202764.18,2177.28,20,19,16,14,14,12,11,255,0,115,0,246
208050,20,-0.1,-0.04,-0.45,-0.35,2,0.1,0.2,0.15,60,69.27,397,373,15,358,176,0,0,110,0,72,0,24,8,405,248,110,405,336740.72,3003.37,16,24,32,26,36,23,9,192,176,0,0,182
208051,20,-0.1,-0.04,-0.45,-0.35,2,0.2,0.1,0.15,20,66.12,400,376,7,369,209,63,62,0,35,0,0,24,5,405,244,125,405,87459.41,906.04,139,69,42,119,0,0,0,0,209,63,97,0
208052,20,-0.1,-0.04,-0.45,-0.35,2,0.2,0.1,0.15,20,58.47,400,376,10,366,0,69,83,0,214,0,0,24,5,405,214,152,405,121658.33,1262.82,20,19,16,311,0,0,0,0,0,69,297,0
208053,20,-0.1,-0.04,-0.45,-0.35,2,0.2,0.1,0.15,20,70.22,397,373,7,366,221,0,109,0,36,0,0,24,8,405,257,109,405,127856.75,1315.15,119,53,29,165,0,0,0,0,221,0,145,0
208054,20,-0.1,-0.04,-0.45,-0.35,2,0.2,0.1,0.15,30,68.48,400,376,8,368,242,81,35,0,10,0,0,24,5,405,252,116,405,97264.24,1015.16,139,69,42,22,26,70,0,0,242,81,45,0
208055,20,-0.1,-0.04,-0.45,-0.35,2,0.2,0.1,0.15,30,57.58,400,376,13,363,0,95,59,0,209,0,0,24,5,405,209,154,405,128649.12,1345.77,20,19,16,14,14,280,0,0,0,95,268,0
208056,20,-0.1,-0.04,-0.45,-0.35,2,0.2,0.1,0.15,30,73.97,397,373,8,365,257,0,95,0,13,0,0,24,8,405,270,95,405,158476.02,1639.65,119,53,29,20,21,123,0,0,257,0,108,0
208057,20,-0.1,-0.04,-0.45,-0.35,2,0.2,0.1,0.15,40,68.39,400,376,9,367,245,93,15,8,2,4,0,24,5,405,251,116,405,88824.21,927.96,139,69,42,22,26,25,6,38,245,93,17,12
208058,20,-0.1,-0.04,-0.45,-0.35,2,0.2,0.1,0.15,40,54.57,400,376,15,361,0,112,35,17,47,150,0,24,5,405,197,164,405,129851.07,1352.78,20,19,16,14,14,12,11,255,0,112,82,167
208059,20,-0.1,-0.04,-0.45,-0.35,2,0.2,0.1,0.15,40,75.27,397,373,9,364,266,0,57,33,2,6,0,24,8,405,274,90,405,153469.74,1585.87,119,53,29,20,21,15,4,103,266,0,59,39
208060,20,-0.1,-0.04,-0.45,-0.35,2,0.2,0.1,0.15,50,68.12,400,376,9,367,245,94,0,23,0,5,0,24,5,405,250,117,405,87251.6,911.33,139,69,42,22,26,25,6,38,245,94,0,28
208061,20,-0.1,-0.04,-0.45,-0.35,2,0.2,0.1,0.15,50,53.19,400,376,15,361,0,115,0,54,0,192,0,24,5,405,192,169,405,121684.34,1265.31,20,19,16,14,14,12,11,255,0,115,0,246
208062,20,-0.1,-0.04,-0.45,-0.35,2,0.2,0.1,0.15,50,75.27,397,373,9,364,266,0,0,90,0,8,0,24,8,405,274,90,405,152840.02,1579.84,119,53,29,20,21,15,4,103,266,0,0,98
208063,20,-0.1,-0.04,-0.45,-0.35,2,0.2,0.1,0.15,60,68.12,400,376,9,367,245,94,0,23,0,5,0,24,5,405,250,117,405,87251.6,911.33,139,69,42,22,26,25,6,38,245,94,0,28
208064,20,-0.1,-0.04,-0.45,-0.35,2,0.2,0.1,0.15,60,53.19,400,376,15,361,0,115,0,54,0,192,0,24,5,405,192,169,405,121684.34,1265.31,20,19,16,14,14,12,11,255,0,115,0,246
208065,20,-0.1,-0.04,-0.45,-0.35,2,0.2,0.1,0.15,60,75.27,397,373,9,364,266,0,0,90,0,8,0,24,8,405,274,90,405,152840.02,1579.84,119,53,29,20,21,15,4,103,266,0,0,98
208066,20,-0.1,-0.04,-0.45,-0.35,2,0.2,0.2,0.15,20,58.47,400,376,10,366,81,69,83,0,133,0,0,24,5,405,214,152,405,117385.75,1218.8,35,39,45,247,0,0,0,0,81,69,216,0
208067,20,-0.1,-0.04,-0.45,-0.35,2,0.2,0.2,0.15,20,58.47,400,376,10,366,0,69,83,0,214,0,0,24,5,405,214,152,405,121658.33,1262.82,20,19,16,311,0,0,0,0,0,69,297,0
208068,20,-0.1,-0.04,-0.45,-0.35,2,0.2,0.2,0.15,20,62.53,397,373,10,363,85,0,136,0,142,0,0,24,8,405,227,136,405,166374.18,1717.07,15,20,29,299,0,0,0,0,85,0,278,0
208069,20,-0.1,-0.04,-0.45,-0.35,2,0.2,0.2,0.15,30,58.68,400,376,13,363,128,95,55,0,85,0,0,24,5,405,213,150,405,140443.61,1465.06,35,39,45,31,43,170,0,0,128,95,140,0
208070,20,-0.1,-0.04,-0.45,-0.35,2,0.2,0.2,0.15,30,57.58,400,376,13,363,0,95,59,0,209,0,0,24,5,405,209,154,405,128649.12,1345.77,20,19,16,14,14,280,0,0,0,95,268,0
208071,20,-0.1,-0.04,-0.45,-0.35,2,0.2,0.2,0.15,30,65.28,397,373,13,360,140,0,125,0,95,0,0,24,8,405,235,125,405,219165.77,2265.75,15,20,29,21,35,240,0,0,140,0,220,0
208072,20,-0.1,-0.04,-0.45,-0.35,2,0.2,0.2,0.15,40,56.23,400,376,15,361,142,110,31,17,19,42,0,24,5,405,203,158,405,134639.56,1405.98,35,39,45,31,43,30,14,124,142,110,50,59
208073,20,-0.1,-0.04,-0.45,-0.35,2,0.2,0.2,0.15,40,54.57,400,376,15,361,0,112,35,17,47,150,0,24,5,405,197,164,405,129851.07,1352.78,20,19,16,14,14,12,11,255,0,112,82,167
208074,20,-0.1,-0.04,-0.45,-0.35,2,0.2,0.2,0.15,40,63.97,397,373,15,358,156,0,83,46,20,53,0,24,8,405,229,129,405,213671.7,2208.05,15,20,29,21,35,20,9,209,156,0,103,99
208075,20,-0.1,-0.04,-0.45,-0.35,2,0.2,0.2,0.15,50,55.4,400,376,15,361,143,113,0,48,0,57,0,24,5,405,200,161,405,129318.3,1349.73,35,39,45,31,43,30,14,124,143,113,0,105
208076,20,-0.1,-0.04,-0.45,-0.35,2,0.2,0.2,0.15,50,53.19,400,376,15,361,0,115,0,54,0,192,0,24,5,405,192,169,405,121684.34,1265.31,20,19,16,14,14,12,11,255,0,115,0,246
208077,20,-0.1,-0.04,-0.45,-0.35,2,0.2,0.2,0.15,50,63.13,397,373,15,358,157,0,0,132,0,69,0,24,8,405,226,132,405,205838.02,2127.56,15,20,29,21,35,20,9,209,157,0,0,201
208078,20,-0.1,-0.04,-0.45,-0.35,2,0.2,0.2,0.15,60,55.4,400,376,15,361,143,113,0,48,0,57,0,24,5,405,200,161,405,129318.3,1349.73,35,39,45,31,43,30,14,124,143,113,0,105
208079,20,-0.1,-0.04,-0.45,-0.35,2,0.2,0.2,0.15,60,53.19,400,376,15,361,0,115,0,54,0,192,0,24,5,405,192,169,405,121684.34,1265.31,20,19,16,14,14,12,11,255,0,115,0,246
208080,20,-0.1,-0.04,-0.45,-0.35,2,0.2,0.2,0.15,60,63.13,397,373,15,358,157,0,0,132,0,69,0,24,8,405,226,132,405,205838.02,2127.56,15,20,29,21,35,20,9,209,157,0,0,201
208081,20,-0.1,-0.04,-0.45,-0.3,1,0.1,0.1,0.15,20,64.29,625,599,11,588,313,102,108,0,65,0,0,26,7,632,378,210,632,117539.51,1233.03,202,114,60,212,0,0,0,0,313,102,173,0
208082,20,-0.1,-0.04,-0.45,-0.3,1,0.1,0.1,0.15,20,57.26,625,599,14,585,0,114,136,0,335,0,0,26,7,632,335,250,632,154020.14,1620.38,27,42,25,491,0,0,0,0,0,114,471,0
208083,20,-0.1,-0.04,-0.45,-0.3,1,0.1,0.1,0.15,20,67.64,621,595,11,584,326,0,189,0,69,0,0,26,11,632,395,189,632,161464.25,1679.07,175,78,41,290,0,0,0,0,326,0,258,0
208084,20,-0.1,-0.04,-0.45,-0.3,1,0.1,0.1,0.15,30,66.04,625,599,13,586,361,134,65,0,26,0,0,26,7,632,387,199,632,122940.57,1300.74,202,114,60,39,46,125,0,0,361,134,91,0
208085,20,-0.1,-0.04,-0.45,-0.3,1,0.1,0.1,0.15,30,54.75,625,599,20,579,0,158,104,0,317,0,0,26,7,632,317,262,632,140332.67,1495.57,27,42,25,20,25,440,0,0,0,158,421,0
208086,20,-0.1,-0.04,-0.45,-0.3,1,0.1,0.1,0.15,30,71.48,621,595,13,582,383,0,166,0,33,0,0,26,11,632,416,166,632,212230.91,2212.04,175,78,41,32,35,221,0,0,383,0,199,0
208087,20,-0.1,-0.04,-0.45,-0.3,1,0.1,0.1,0.15,40,65.64,625,599,14,585,373,156,29,16,4,7,0,26,7,632,384,201,632,108282.99,1149.74,202,114,60,39,46,34,20,70,373,156,33,23
208088,20,-0.1,-0.04,-0.45,-0.3,1,0.1,0.1,0.15,40,51.99,625,599,22,577,0,189,57,31,76,224,0,26,7,632,300,277,632,129600.98,1373.69,27,42,25,20,25,19,23,396,0,189,133,255
208089,20,-0.1,-0.04,-0.45,-0.3,1,0.1,0.1,0.15,40,72.81,621,595,14,581,406,0,100,58,4,13,0,26,11,632,423,158,632,216569.8,2253.11,175,78,41,32,35,22,14,184,406,0,104,71
208090,20,-0.1,-0.04,-0.45,-0.3,1,0.1,0.1,0.15,50,65.64,625,599,14,585,373,157,0,44,0,11,0,26,7,632,384,201,632,105112.98,1116.75,202,114,60,39,46,34,20,70,373,157,0,55
208091,20,-0.1,-0.04,-0.45,-0.3,1,0.1,0.1,0.15,50,50.95,625,599,22,577,0,194,0,89,0,294,0,26,7,632,294,283,632,115998.18,1227.35,27,42,25,20,25,19,23,396,0,194,0,383
208092,20,-0.1,-0.04,-0.45,-0.3,1,0.1,0.1,0.15,50,72.98,621,595,14,581,406,0,0,157,0,18,0,26,11,632,424,157,632,212384.66,2209.34,175,78,41,32,35,22,14,184,406,0,0,175
208093,20,-0.1,-0.04,-0.45,-0.3,1,0.1,0.1,0.15,60,65.64,625,599,14,585,373,157,0,44,0,11,0,26,7,632,384,201,632,105112.98,1116.75,202,114,60,39,46,34,20,70,373,157,0,55
208094,20,-0.1,-0.04,-0.45,-0.3,1,0.1,0.1,0.15,60,50.95,625,599,22,577,0,194,0,89,0,294,0,26,7,632,294,283,632,115998.18,1227.35,27,42,25,20,25,19,23,396,0,194,0,383
208095,20,-0.1,-0.04,-0.45,-0.3,1,0.1,0.1,0.15,60,72.98,621,595,14,581,406,0,0,157,0,18,0,26,11,632,424,157,632,212384.66,2209.34,175,78,41,32,35,22,14,184,406,0,0,175
208096,20,-0.1,-0.04,-0.45,-0.3,1,0.1,0.2,0.15,20,57.26,625,599,14,585,122,114,136,0,213,0,0,26,7,632,335,250,632,159484.64,1672.61,49,71,71,394,0,0,0,0,122,114,349,0
208097,20,-0.1,-0.04,-0.45,-0.3,1,0.1,0.2,0.15,20,57.26,625,599,14,585,0,114,136,0,335,0,0,26,7,632,335,250,632,154020.14,1620.38,27,42,25,491,0,0,0,0,0,114,471,0
208098,20,-0.1,-0.04,-0.45,-0.3,1,0.1,0.2,0.15,20,60.41,621,595,14,581,126,0,230,0,225,0,0,26,11,632,351,230,632,205051.49,2137.38,22,29,46,484,0,0,0,0,126,0,455,0
208099,20,-0.1,-0.04,-0.45,-0.3,1,0.1,0.2,0.15,30,55.96,625,599,20,579,183,158,97,0,141,0,0,26,7,632,324,255,632,166884.55,1766.65,49,71,71,45,62,281,0,0,183,158,238,0
208100,20,-0.1,-0.04,-0.45,-0.3,1,0.1,0.2,0.15,30,54.75,625,599,20,579,0,158,104,0,317,0,0,26,7,632,317,262,632,140332.67,1495.57,27,42,25,20,25,440,0,0,0,158,421,0
208101,20,-0.1,-0.04,-0.45,-0.3,1,0.1,0.2,0.15,30,62.26,621,595,20,575,198,0,217,0,160,0,0,26,11,632,358,217,632,272213.88,2839.07,22,29,46,29,45,404,0,0,198,0,377,0
208102,20,-0.1,-0.04,-0.45,-0.3,1,0.1,0.2,0.15,40,53.73,625,599,22,577,206,186,50,31,32,72,0,26,7,632,310,267,632,159623.58,1697.03,49,71,71,45,62,43,29,207,206,186,82,103
208103,20,-0.1,-0.04,-0.45,-0.3,1,0.1,0.2,0.15,40,51.99,625,599,22,577,0,189,57,31,76,224,0,26,7,632,300,277,632,129600.98,1373.69,27,42,25,20,25,19,23,396,0,189,133,255
208104,20,-0.1,-0.04,-0.45,-0.3,1,0.1,0.2,0.15,40,61.61,621,595,22,573,224,0,140,80,34,95,0,26,11,632,353,220,632,280757.29,2925.64,22,29,46,29,45,27,15,360,224,0,174,175
208105,20,-0.1,-0.04,-0.45,-0.3,1,0.1,0.2,0.15,50,53.21,625,599,22,577,208,189,0,81,0,99,0,26,7,632,307,270,632,151930.72,1616.17,49,71,71,45,62,43,29,207,208,189,0,180
208106,20,-0.1,-0.04,-0.45,-0.3,1,0.1,0.2,0.15,50,50.95,625,599,22,577,0,194,0,89,0,294,0,26,7,632,294,283,632,115998.18,1227.35,27,42,25,20,25,19,23,396,0,194,0,383
208107,20,-0.1,-0.04,-0.45,-0.3,1,0.1,0.2,0.15,50,61.08,621,595,22,573,226,0,0,223,0,124,0,26,11,632,350,223,632,267689.77,2789.13,22,29,46,29,45,27,15,360,226,0,0,347
208108,20,-0.1,-0.04,-0.45,-0.3,1,0.1,0.2,0.15,60,53.21,625,599,22,577,208,189,0,81,0,99,0,26,7,632,307,270,632,151930.72,1616.17,49,71,71,45,62,43,29,207,208,189,0,180
208109,20,-0.1,-0.04,-0.45,-0.3,1,0.1,0.2,0.15,60,50.95,625,599,22,577,0,194,0,89,0,294,0,26,7,632,294,283,632,115998.18,1227.35,27,42,25,20,25,19,23,396,0,194,0,383
208110,20,-0.1,-0.04,-0.45,-0.3,1,0.1,0.2,0.15,60,61.08,621,595,22,573,226,0,0,223,0,124,0,26,11,632,350,223,632,267689.77,2789.13,22,29,46,29,45,27,15,360,226,0,0,347
208111,20,-0.1,-0.04,-0.45,-0.3,1,0.2,0.1,0.15,20,64.29,625,599,11,588,313,102,108,0,65,0,0,26,7,632,378,210,632,117539.51,1233.03,202,114,60,212,0,0,0,0,313,102,173,0
208112,20,-0.1,-0.04,-0.45,-0.3,1,0.2,0.1,0.15,20,57.26,625,599,14,585,0,114,136,0,335,0,0,26,7,632,335,250,632,154020.14,1620.38,27,42,25,491,0,0,0,0,0,114,471,0
208113,20,-0.1,-0.04,-0.45,-0.3,1,0.2,0.1,0.15,20,67.64,621,595,11,584,326,0,189,0,69,0,0,26,11,632,395,189,632,161464.25,1679.07,175,78,41,290,0,0,0,0,326,0,258,0
208114,20,-0.1,-0.04,-0.45,-0.3,1,0.2,0.1,0.15,30,66.04,625,599,13,586,361,134,65,0,26,0,0,26,7,632,387,199,632,122940.57,1300.74,202,114,60,39,46,125,0,0,361,134,91,0
208115,20,-0.1,-0.04,-0.45,-0.3,1,0.2,0.1,0.15,30,54.75,625,599,20,579,0,158,104,0,317,0,0,26,7,632,317,262,632,140332.67,1495.57,27,42,25,20,25,440,0,0,0,158,421,0
208116,20,-0.1,-0.04,-0.45,-0.3,1,0.2,0.1,0.15,30,71.48,621,595,13,582,383,0,166,0,33,0,0,26,11,632,416,166,632,212230.91,2212.04,175,78,41,32,35,221,0,0,383,0,199,0
208117,20,-0.1,-0.04,-0.45,-0.3,1,0.2,0.1,0.15,40,65.64,625,599,14,585,373,156,29,16,4,7,0,26,7,632,384,201,632,108282.99,1149.74,202,114,60,39,46,34,20,70,373,156,33,23
208118,20,-0.1,-0.04,-0.45,-0.3,1,0.2,0.1,0.15,40,51.99,625,599,22,577,0,189,57,31,76,224,0,26,7,632,300,277,632,129600.98,1373.69,27,42,25,20,25,19,23,396,0,189,133,255
208119,20,-0.1,-0.04,-0.45,-0.3,1,0.2,0.1,0.15,40,72.81,621,595,14,581,406,0,100,58,4,13,0,26,11,632,423,158,632,216569.8,2253.11,175,78,41,32,35,22,14,184,406,0,104,71
208120,20,-0.1,-0.04,-0.45,-0.3,1,0.2,0.1,0.15,50,65.64,625,599,14,585,373,157,0,44,0,11,0,26,7,632,384,201,632,105112.98,1116.75,202,114,60,39,46,34,20,70,373,157,0,55
208121,20,-0.1,-0.04,-0.45,-0.3,1,0.2,0.1,0.15,50,50.95,625,599,22,577,0,194,0,89,0,294,0,26,7,632,294,283,632,115998.18,1227.35,27,42,25,20,25,19,23,396,0,194,0,383
208122,20,-0.1,-0.04,-0.45,-0.3,1,0.2,0.1,0.15,50,72.98,621,595,14,581,406,0,0,157,0,18,0,26,11,632,424,157,632,212384.66,2209.34,175,78,41,32,35,22,14,184,406,0,0,175
208123,20,-0.1,-0.04,-0.45,-0.3,1,0.2,0.1,0.15,60,65.64,625,599,14,585,373,157,0,44,0,11,0,26,7,632,384,201,632,105112.98,1116.75,202,114,60,39,46,34,20,70,373,157,0,55
208124,20,-0.1,-0.04,-0.45,-0.3,1,0.2,0.1,0.15,60,50.95,625,599,22,577,0,194,0,89,0,294,0,26,7,632,294,283,632,115998.18,1227.35,27,42,25,20,25,19,23,396,0,194,0,383
208125,20,-0.1,-0.04,-0.45,-0.3,1,0.2,0.1,0.15,60,72.98,621,595,14,581,406,0,0,157,0,18,0,26,11,632,424,157,632,212384.66,2209.34,175,78,41,32,35,22,14,184,406,0,0,175
208126,20,-0.1,-0.04,-0.45,-0.3,1,0.2,0.2,0.15,20,57.26,625,599,14,585,122,114,136,0,213,0,0,26,7,632,335,250,632,159484.64,1672.61,49,71,71,394,0,0,0,0,122,114,349,0
208127,20,-0.1,-0.04,-0.45,-0.3,1,0.2,0.2,0.15,20,57.26,625,599,14,585,0,114,136,0,335,0,0,26,7,632,335,250,632,154020.14,1620.38,27,42,25,491,0,0,0,0,0,114,471,0
208128,20,-0.1,-0.04,-0.45,-0.3,1,0.2,0.2,0.15,20,60.41,621,595,14,581,126,0,230,0,225,0,0,26,11,632,351,230,632,205051.49,2137.38,22,29,46,484,0,0,0,0,126,0,455,0
208129,20,-0.1,-0.04,-0.45,-0.3,1,0.2,0.2,0.15,30,55.96,625,599,20,579,183,158,97,0,141,0,0,26,7,632,324,255,632,166884.55,1766.65,49,71,71,45,62,281,0,0,183,158,238,0
208130,20,-0.1,-0.04,-0.45,-0.3,1,0.2,0.2,0.15,30,54.75,625,599,20,579,0,158,104,0,317,0,0,26,7,632,317,262,632,140332.67,1495.57,27,42,25,20,25,440,0,0,0,158,421,0
208131,20,-0.1,-0.04,-0.45,-0.3,1,0.2,0.2,0.15,30,62.26,621,595,20,575,198,0,217,0,160,0,0,26,11,632,358,217,632,272213.88,2839.07,22,29,46,29,45,404,0,0,198,0,377,0
208132,20,-0.1,-0.04,-0.45,-0.3,1,0.2,0.2,0.15,40,53.73,625,599,22,577,206,186,50,31,32,72,0,26,7,632,310,267,632,159623.58,1697.03,49,71,71,45,62,43,29,207,206,186,82,103
208133,20,-0.1,-0.04,-0.45,-0.3,1,0.2,0.2,0.15,40,51.99,625,599,22,577,0,189,57,31,76,224,0,26,7,632,300,277,632,129600.98,1373.69,27,42,25,20,25,19,23,396,0,189,133,255
208134,20,-0.1,-0.04,-0.45,-0.3,1,0.2,0.2,0.15,40,61.61,621,595,22,573,224,0,140,80,34,95,0,26,11,632,353,220,632,280757.29,2925.64,22,29,46,29,45,27,15,360,224,0,174,175
208135,20,-0.1,-0.04,-0.45,-0.3,1,0.2,0.2,0.15,50,53.21,625,599,22,577,208,189,0,81,0,99,0,26,7,632,307,270,632,151930.72,1616.17,49,71,71,45,62,43,29,207,208,189,0,180
208136,20,-0.1,-0.04,-0.45,-0.3,1,0.2,0.2,0.15,50,50.95,625,599,22,577,0,194,0,89,0,294,0,26,7,632,294,283,632,115998.18,1227.35,27,42,25,20,25,19,23,396,0,194,0,383
208137,20,-0.1,-0.04,-0.45,-0.3,1,0.2,0.2,0.15,50,61.08,621,595,22,573,226,0,0,223,0,124,0,26,11,632,350,223,632,267689.77,2789.13,22,29,46,29,45,27,15,360,226,0,0,347
208138,20,-0.1,-0.04,-0.45,-0.3,1,0.2,0.2,0.15,60,53.21,625,599,22,577,208,189,0,81,0,99,0,26,7,632,307,270,632,151930.72,1616.17,49,71,71,45,62,43,29,207,208,189,0,180
208139,20,-0.1,-0.04,-0.45,-0.3,1,0.2,0.2,0.15,60,50.95,625,599,22,577,0,194,0,89,0,294,0,26,7,632,294,283,632,115998.18,1227.35,27,42,25,20,25,19,23,396,0,194,0,383
208140,20,-0.1,-0.04,-0.45,-0.3,1,0.2,0.2,0.15,60,61.08,621,595,22,573,226,0,0,223,0,124,0,26,11,632,350,223,632,267689.77,2789.13,22,29,46,29,45,27,15,360,226,0,0,347
208141,20,-0.1,-0.04,-0.45,-0.3,2,0.1,0.1,0.15,20,69.73,625,599,11,588,341,99,79,0,69,0,0,26,7,632,410,178,632,177504.97,2225.27,211,117,74,186,0,0,0,0,341,99,148,0
208142,20,-0.1,-0.04,-0.45,-0.3,2,0.1,0.1,0.15,20,62.91,625,599,14,585,0,114,103,0,368,0,0,26,7,632,368,217,632,226224.87,2697.91,27,42,25,491,0,0,0,0,0,114,471,0
208143,20,-0.1,-0.04,-0.45,-0.3,2,0.1,0.1,0.15,20,74.83,621,595,11,584,361,0,147,0,76,0,0,26,11,632,437,147,632,251359.47,2713.28,184,84,64,252,0,0,0,0,361,0,223,0
208144,20,-0.1,-0.04,-0.45,-0.3,2,0.1,0.1,0.15,30,69.8,625,599,13,586,387,128,49,0,22,0,0,26,7,632,409,177,632,179750.95,2319.66,211,117,74,38,47,99,0,0,387,128,71,0
208145,20,-0.1,-0.04,-0.45,-0.3,2,0.1,0.1,0.15,30,57.17,625,599,20,579,0,158,90,0,331,0,0,26,7,632,331,248,632,240907.53,2771.93,27,42,25,20,25,440,0,0,0,158,421,0
208146,20,-0.1,-0.04,-0.45,-0.3,2,0.1,0.1,0.15,30,78.69,621,595,13,582,423,0,124,0,35,0,0,26,11,632,458,124,632,338709.45,3268.65,184,84,64,29,43,178,0,0,423,0,159,0
208147,20,-0.1,-0.04,-0.45,-0.3,2,0.1,0.1,0.15,40,69.57,625,599,14,585,396,143,24,11,4,7,0,26,7,632,407,178,632,169409.19,2295.62,211,117,74,38,47,28,14,56,396,143,28,18
208148,20,-0.1,-0.04,-0.45,-0.3,2,0.1,0.1,0.15,40,54.42,625,599,22,577,0,189,52,22,81,233,0,26,7,632,314,263,632,235138.42,2794.38,27,42,25,20,25,19,23,396,0,189,133,255
208149,20,-0.1,-0.04,-0.45,-0.3,2,0.1,0.1,0.15,40,80.21,621,595,14,581,444,0,80,35,6,16,0,26,11,632,466,115,632,355881.0,3383.28,184,84,64,29,43,19,13,145,444,0,86,51
208150,20,-0.1,-0.04,-0.45,-0.3,2,0.1,0.1,0.15,50,69.57,625,599,14,585,396,144,0,34,0,11,0,26,7,632,407,178,632,164785.01,2267.39,211,117,74,38,47,28,14,56,396,144,0,45
208151,20,-0.1,-0.04,-0.45,-0.3,2,0.1,0.1,0.15,50,53.21,625,599,22,577,0,194,0,76,0,307,0,26,7,632,307,270,632,215837.87,2655.08,27,42,25,20,25,19,23,396,0,194,0,383
208152,20,-0.1,-0.04,-0.45,-0.3,2,0.1,0.1,0.15,50,80.38,621,595,14,581,444,0,0,114,0,23,0,26,11,632,467,114,632,348919.3,3342.09,184,84,64,29,43,19,13,145,444,0,0,137
208153,20,-0.1,-0.04,-0.45,-0.3,2,0.1,0.1,0.15,60,69.57,625,599,14,585,396,144,0,34,0,11,0,26,7,632,407,178,632,164785.01,2267.39,211,117,74,38,47,28,14,56,396,144,0,45
208154,20,-0.1,-0.04,-0.45,-0.3,2,0.1,0.1,0.15,60,53.21,625,599,22,577,0,194,0,76,0,307,0,26,7,632,307,270,632,215837.87,2655.08,27,42,25,20,25,19,23,396,0,194,0,383
208155,20,-0.1,-0.04,-0.45,-0.3,2,0.1,0.1,0.15,60,80.38,621,595,14,581,444,0,0,114,0,23,0,26,11,632,467,114,632,348919.3,3342.09,184,84,64,29,43,19,13,145,444,0,0,137
208156,20,-0.1,-0.04,-0.45,-0.3,2,0.1,0.2,0.15,20,62.91,625,599,14,585,135,114,103,0,233,0,0,26,7,632,368,217,632,230461.3,2749.03,50,77,72,386,0,0,0,0,135,114,336,0
208157,20,-0.1,-0.04,-0.45,-0.3,2,0.1,0.2,0.15,20,62.91,625,599,14,585,0,114,103,0,368,0,0,26,7,632,368,217,632,226224.87,2697.91,27,42,25,491,0,0,0,0,0,114,471,0
208158,20,-0.1,-0.04,-0.45,-0.3,2,0.1,0.2,0.15,20,67.99,621,595,14,581,142,0,186,0,253,0,0,26,11,632,395,186,632,305242.42,3289.8,23,35,48,475,0,0,0,0,142,0,439,0
208159,20,-0.1,-0.04,-0.45,-0.3,2,0.1,0.2,0.15,30,58.38,625,599,20,579,201,158,83,0,137,0,0,26,7,632,338,241,632,264771.02,3012.33,50,77,72,50,64,266,0,0,201,158,220,0
208160,20,-0.1,-0.04,-0.45,-0.3,2,0.1,0.2,0.15,30,57.17,625,599,20,579,0,158,90,0,331,0,0,26,7,632,331,248,632,240907.53,2771.93,27,42,25,20,25,440,0,0,0,158,421,0
208161,20,-0.1,-0.04,-0.45,-0.3,2,0.1,0.2,0.15,30,68.17,621,595,20,575,222,0,183,0,170,0,0,26,11,632,392,183,632,456410.88,4198.35,23,35,48,36,50,383,0,0,222,0,353,0
208162,20,-0.1,-0.04,-0.45,-0.3,2,0.1,0.2,0.15,40,56.15,625,599,22,577,227,186,45,22,32,65,0,26,7,632,324,253,632,244589.56,2989.36,50,77,72,50,64,46,28,190,227,186,77,87
208163,20,-0.1,-0.04,-0.45,-0.3,2,0.1,0.2,0.15,40,54.42,625,599,22,577,0,189,52,22,81,233,0,26,7,632,314,263,632,235138.42,2794.38,27,42,25,20,25,19,23,396,0,189,133,255
208164,20,-0.1,-0.04,-0.45,-0.3,2,0.1,0.2,0.15,40,67.54,621,595,22,573,254,0,127,59,40,93,0,26,11,632,387,186,632,471841.27,4351.04,23,35,48,36,50,30,16,335,254,0,167,152
208165,20,-0.1,-0.04,-0.45,-0.3,2,0.1,0.2,0.15,50,55.63,625,599,22,577,229,188,0,68,0,92,0,26,7,632,321,256,632,235673.39,2931.75,50,77,72,50,64,46,28,190,229,188,0,160
208166,20,-0.1,-0.04,-0.45,-0.3,2,0.1,0.2,0.15,50,53.21,625,599,22,577,0,194,0,76,0,307,0,26,7,632,307,270,632,215837.87,2655.08,27,42,25,20,25,19,23,396,0,194,0,383
208167,20,-0.1,-0.04,-0.45,-0.3,2,0.1,0.2,0.15,50,67.54,621,595,22,573,256,0,0,186,0,131,0,26,11,632,387,186,632,452633.27,4241.3,23,35,48,36,50,30,16,335,256,0,0,317
208168,20,-0.1,-0.04,-0.45,-0.3,2,0.1,0.2,0.15,60,55.63,625,599,22,577,229,188,0,68,0,92,0,26,7,632,321,256,632,235673.39,2931.75,50,77,72,50,64,46,28,190,229,188,0,160
208169,20,-0.1,-0.04,-0.45,-0.3,2,0.1,0.2,0.15,60,53.21,625,599,22,577,0,194,0,76,0,307,0,26,7,632,307,270,632,215837.87,2655.08,27,42,25,20,25,19,23,396,0,194,0,383
208170,20,-0.1,-0.04,-0.45,-0.3,2,0.1,0.2,0.15,60,67.54,621,595,22,573,256,0,0,186,0,131,0,26,11,632,387,186,632,452633.27,4241.3,23,35,48,36,50,30,16,335,256,0,0,317
208171,20,-0.1,-0.04,-0.45,-0.3,2,0.2,0.1,0.15,20,64.29,625,599,11,588,313,102,108,0,65,0,0,26,7,632,378,210,632,117539.51,1233.03,202,114,60,212,0,0,0,0,313,102,173,0
208172,20,-0.1,-0.04,-0.45,-0.3,2,0.2,0.1,0.15,20,57.26,625,599,14,585,0,114,136,0,335,0,0,26,7,632,335,250,632,154020.14,1620.38,27,42,25,491,0,0,0,0,0,114,471,0
208173,20,-0.1,-0.04,-0.45,-0.3,2,0.2,0.1,0.15,20,67.64,621,595,11,584,326,0,189,0,69,0,0,26,11,632,395,189,632,161464.25,1679.07,175,78,41,290,0,0,0,0,326,0,258,0
208174,20,-0.1,-0.04,-0.45,-0.3,2,0.2,0.1,0.15,30,66.04,625,599,13,586,361,134,65,0,26,0,0,26,7,632,387,199,632,122940.57,1300.74,202,114,60,39,46,125,0,0,361,134,91,0
208175,20,-0.1,-0.04,-0.45,-0.3,2,0.2,0.1,0.15,30,54.75,625,599,20,579,0,158,104,0,317,0,0,26,7,632,317,262,632,140332.67,1495.57,27,42,25,20,25,440,0,0,0,158,421,0
208176,20,-0.1,-0.04,-0.45,-0.3,2,0.2,0.1,0.15,30,71.48,621,595,13,582,383,0,166,0,33,0,0,26,11,632,416,166,632,212230.91,2212.04,175,78,41,32,35,221,0,0,383,0,199,0
208177,20,-0.1,-0.04,-0.45,-0.3,2,0.2,0.1,0.15,40,65.64,625,599,14,585,373,156,29,16,4,7,0,26,7,632,384,201,632,108282.99,1149.74,202,114,60,39,46,34,20,70,373,156,33,23
208178,20,-0.1,-0.04,-0.45,-0.3,2,0.2,0.1,0.15,40,51.99,625,599,22,577,0,189,57,31,76,224,0,26,7,632,300,277,632,129600.98,1373.69,27,42,25,20,25,19,23,396,0,189,133,255
208179,20,-0.1,-0.04,-0.45,-0.3,2,0.2,0.1,0.15,40,72.81,621,595,14,581,406,0,100,58,4,13,0,26,11,632,423,158,632,216569.8,2253.11,175,78,41,32,35,22,14,184,406,0,104,71
208180,20,-0.1,-0.04,-0.45,-0.3,2,0.2,0.1,0.15,50,65.64,625,599,14,585,373,157,0,44,0,11,0,26,7,632,384,201,632,105112.98,1116.75,202,114,60,39,46,34,20,70,373,157,0,55
208181,20,-0.1,-0.04,-0.45,-0.3,2,0.2,0.1,0.15,50,50.95,625,599,22,577,0,194,0,89,0,294,0,26,7,632,294,283,632,115998.18,1227.35,27,42,25,20,25,19,23,396,0,194,0,383
208182,20,-0.1,-0.04,-0.45,-0.3,2,0.2,0.1,0.15,50,72.98,621,595,14,581,406,0,0,157,0,18,0,26,11,632,424,157,632,212384.66,2209.34,175,78,41,32,35,22,14,184,406,0,0,175
208183,20,-0.1,-0.04,-0.45,-0.3,2,0.2,0.1,0.15,60,65.64,625,599,14,585,373,157,0,44,0,11,0,26,7,632,384,201,632,105112.98,1116.75,202,114,60,39,46,34,20,70,373,157,0,55
208184,20,-0.1,-0.04,-0.45,-0.3,2,0.2,0.1,0.15,60,50.95,625,599,22,577,0,194,0,89,0,294,0,26,7,632,294,283,632,115998.18,1227.35,27,42,25,20,25,19,23,396,0,194,0,383
208185,20,-0.1,-0.04,-0.45,-0.3,2,0.2,0.1,0.15,60,72.98,621,595,14,581,406,0,0,157,0,18,0,26,11,632,424,157,632,212384.66,2209.34,175,78,41,32,35,22,14,184,406,0,0,175
208186,20,-0.1,-0.04,-0.45,-0.3,2,0.2,0.2,0.15,20,57.26,625,599,14,585,122,114,136,0,213,0,0,26,7,632,335,250,632,159484.64,1672.61,49,71,71,394,0,0,0,0,122,114,349,0
208187,20,-0.1,-0.04,-0.45,-0.3,2,0.2,0.2,0.15,20,57.26,625,599,14,585,0,114,136,0,335,0,0,26,7,632,335,250,632,154020.14,1620.38,27,42,25,491,0,0,0,0,0,114,471,0
208188,20,-0.1,-0.04,-0.45,-0.3,2,0.2,0.2,0.15,20,60.41,621,595,14,581,126,0,230,0,225,0,0,26,11,632,351,230,632,205051.49,2137.38,22,29,46,484,0,0,0,0,126,0,455,0
208189,20,-0.1,-0.04,-0.45,-0.3,2,0.2,0.2,0.15,30,55.96,625,599,20,579,183,158,97,0,141,0,0,26,7,632,324,255,632,166884.55,1766.65,49,71,71,45,62,281,0,0,183,158,238,0
208190,20,-0.1,-0.04,-0.45,-0.3,2,0.2,0.2,0.15,30,54.75,625,599,20,579,0,158,104,0,317,0,0,26,7,632,317,262,632,140332.67,1495.57,27,42,25,20,25,440,0,0,0,158,421,0
208191,20,-0.1,-0.04,-0.45,-0.3,2,0.2,0.2,0.15,30,62.26,621,595,20,575,198,0,217,0,160,0,0,26,11,632,358,217,632,272213.88,2839.07,22,29,46,29,45,404,0,0,198,0,377,0
208192,20,-0.1,-0.04,-0.45,-0.3,2,0.2,0.2,0.15,40,53.73,625,599,22,577,206,186,50,31,32,72,0,26,7,632,310,267,632,159623.58,1697.03,49,71,71,45,62,43,29,207,206,186,82,103
208193,20,-0.1,-0.04,-0.45,-0.3,2,0.2,0.2,0.15,40,51.99,625,599,22,577,0,189,57,31,76,224,0,26,7,632,300,277,632,129600.98,1373.69,27,42,25,20,25,19,23,396,0,189,133,255
208194,20,-0.1,-0.04,-0.45,-0.3,2,0.2,0.2,0.15,40,61.61,621,595,22,573,224,0,140,80,34,95,0,26,11,632,353,220,632,280757.29,2925.64,22,29,46,29,45,27,15,360,224,0,174,175
208195,20,-0.1,-0.04,-0.45,-0.3,2,0.2,0.2,0.15,50,53.21,625,599,22,577,208,189,0,81,0,99,0,26,7,632,307,270,632,151930.72,1616.17,49,71,71,45,62,43,29,207,208,189,0,180
208196,20,-0.1,-0.04,-0.45,-0.3,2,0.2,0.2,0.15,50,50.95,625,599,22,577,0,194,0,89,0,294,0,26,7,632,294,283,632,115998.18,1227.35,27,42,25,20,25,19,23,396,0,194,0,383
208197,20,-0.1,-0.04,-0.45,-0.3,2,0.2,0.2,0.15,50,61.08,621,595,22,573,226,0,0,223,0,124,0,26,11,632,350,223,632,267689.77,2789.13,22,29,46,29,45,27,15,360,226,0,0,347
208198,20,-0.1,-0.04,-0.45,-0.3,2,0.2,0.2,0.15,60,53.21,625,599,22,577,208,189,0,81,0,99,0,26,7,632,307,270,632,151930.72,1616.17,49,71,71,45,62,43,29,207,208,189,0,180
208199,20,-0.1,-0.04,-0.45,-0.3,2,0.2,0.2,0.15,60,50.95,625,599,22,577,0,194,0,89,0,294,0,26,7,632,294,283,632,115998.18,1227.35,27,42,25,20,25,19,23,396,0,194,0,383
208200,20,-0.1,-0.04,-0.45,-0.3,2,0.2,0.2,0.15,60,61.08,621,595,22,573,226,0,0,223,0,124,0,26,11,632,350,223,632,267689.77,2789.13,22,29,46,29,45,27,15,360,226,0,0,347
208201,20,-0.1,-0.04,-0.45,-0.25,1,0.1,0.1,0.15,20,62.27,800,763,13,750,376,135,148,0,91,0,0,37,10,810,467,283,810,117418.53,1231.56,246,139,77,288,0,0,0,0,376,135,239,0
208202,20,-0.1,-0.04,-0.45,-0.25,1,0.1,0.1,0.15,20,55.76,800,763,17,746,0,148,182,0,416,0,0,37,10,810,416,330,810,158057.25,1671.25,40,49,32,625,0,0,0,0,0,148,598,0
208203,20,-0.1,-0.04,-0.45,-0.25,1,0.1,0.1,0.15,20,64.97,796,759,14,745,389,0,261,0,95,0,0,37,14,810,484,261,810,159146.02,1669.82,206,97,51,391,0,0,0,0,389,0,356,0
208204,20,-0.1,-0.04,-0.45,-0.25,1,0.1,0.1,0.15,30,63.62,800,763,18,745,437,178,93,0,37,0,0,37,10,810,474,271,810,119108.46,1269.95,246,139,77,49,62,172,0,0,437,178,130,0
208205,20,-0.1,-0.04,-0.45,-0.25,1,0.1,0.1,0.15,30,52.52,800,763,28,735,0,205,144,0,386,0,0,37,10,810,386,349,810,128183.39,1392.3,40,49,32,27,35,552,0,0,0,205,530,0
208206,20,-0.1,-0.04,-0.45,-0.25,1,0.1,0.1,0.15,30,68.38,796,759,19,740,462,0,234,0,44,0,0,37,14,810,506,234,810,213979.03,2252.84,206,97,51,35,45,306,0,0,462,0,278,0
208207,20,-0.1,-0.04,-0.45,-0.25,1,0.1,0.1,0.15,40,63.44,800,763,19,744,456,206,40,26,7,9,0,37,10,810,472,272,810,106235.23,1126.54,246,139,77,49,62,42,27,102,456,206,47,35
208208,20,-0.1,-0.04,-0.45,-0.25,1,0.1,0.1,0.15,40,50.34,800,763,30,733,0,244,78,42,89,280,0,37,10,810,369,364,810,111723.24,1207.01,40,49,32,27,35,22,32,496,0,244,167,322
208209,20,-0.1,-0.04,-0.45,-0.25,1,0.1,0.1,0.15,40,70.33,796,759,21,738,494,0,133,86,8,17,0,37,14,810,519,219,810,242242.9,2507.36,206,97,51,35,45,28,17,259,494,0,141,103
208210,20,-0.1,-0.04,-0.45,-0.25,1,0.1,0.1,0.15,50,63.44,800,763,19,744,456,208,0,64,0,16,0,37,10,810,472,272,810,102820.27,1090.62,246,139,77,49,62,42,27,102,456,208,0,80
208211,20,-0.1,-0.04,-0.45,-0.25,1,0.1,0.1,0.15,50,49.52,800,763,30,733,0,251,0,119,0,363,0,37,10,810,363,370,810,95462.43,1033.14,40,49,32,27,35,22,32,496,0,251,0,482
208212,20,-0.1,-0.04,-0.45,-0.25,1,0.1,0.1,0.15,50,70.46,796,759,21,738,494,0,0,218,0,26,0,37,14,810,520,218,810,234624.71,2427.49,206,97,51,35,45,28,17,259,494,0,0,244
208213,20,-0.1,-0.04,-0.45,-0.25,1,0.1,0.1,0.15,60,63.44,800,763,19,744,456,208,0,64,0,16,0,37,10,810,472,272,810,102820.27,1090.62,246,139,77,49,62,42,27,102,456,208,0,80
208214,20,-0.1,-0.04,-0.45,-0.25,1,0.1,0.1,0.15,60,49.52,800,763,30,733,0,251,0,119,0,363,0,37,10,810,363,370,810,95462.43,1033.14,40,49,32,27,35,22,32,496,0,251,0,482
208215,20,-0.1,-0.04,-0.45,-0.25,1,0.1,0.1,0.15,60,70.46,796,759,21,738,494,0,0,218,0,26,0,37,14,810,520,218,810,234624.71,2427.49,206,97,51,35,45,28,17,259,494,0,0,244
208216,20,-0.1,-0.04,-0.45,-0.25,1,0.1,0.2,0.15,20,55.76,800,763,17,746,147,148,182,0,269,0,0,37,10,810,416,330,810,166620.94,1753.13,66,81,86,513,0,0,0,0,147,148,451,0
208217,20,-0.1,-0.04,-0.45,-0.25,1,0.1,0.2,0.15,20,55.76,800,763,17,746,0,148,182,0,416,0,0,37,10,810,416,330,810,158057.25,1671.25,40,49,32,625,0,0,0,0,0,148,598,0
208218,20,-0.1,-0.04,-0.45,-0.25,1,0.1,0.2,0.15,20,58.3,796,759,18,741,151,0,309,0,281,0,0,37,14,810,432,309,810,203354.47,2142.24,26,32,54,629,0,0,0,0,151,0,590,0
208219,20,-0.1,-0.04,-0.45,-0.25,1,0.1,0.2,0.15,30,54.08,800,763,27,736,219,204,134,0,179,0,0,37,10,810,398,338,810,175035.92,1867.9,66,81,86,62,77,364,0,0,219,204,313,0
208220,20,-0.1,-0.04,-0.45,-0.25,1,0.1,0.2,0.15,30,52.52,800,763,28,735,0,205,144,0,386,0,0,37,10,810,386,349,810,128183.39,1392.3,40,49,32,27,35,552,0,0,0,205,530,0
208221,20,-0.1,-0.04,-0.45,-0.25,1,0.1,0.2,0.15,30,59.51,796,759,28,731,234,0,296,0,201,0,0,37,14,810,435,296,810,281343.35,2964.32,26,32,54,39,51,529,0,0,234,0,497,0
208222,20,-0.1,-0.04,-0.45,-0.25,1,0.1,0.2,0.15,40,52.45,800,763,29,734,249,240,67,42,38,98,0,37,10,810,385,349,810,170988.95,1827.96,66,81,86,62,77,51,41,270,249,240,105,140
208223,20,-0.1,-0.04,-0.45,-0.25,1,0.1,0.2,0.15,40,50.34,800,763,30,733,0,244,78,42,89,280,0,37,10,810,369,364,810,111723.24,1207.01,40,49,32,27,35,22,32,496,0,244,167,322
208224,20,-0.1,-0.04,-0.45,-0.25,1,0.1,0.2,0.15,40,60.03,796,759,31,728,269,0,181,110,41,127,0,37,14,810,437,291,810,316581.44,3299.99,26,32,54,39,51,32,21,473,269,0,222,237
208225,20,-0.1,-0.04,-0.45,-0.25,1,0.1,0.2,0.15,50,51.91,800,763,29,734,251,244,0,109,0,130,0,37,10,810,381,353,810,160625.58,1719.17,66,81,86,62,77,51,41,270,251,244,0,239
208226,20,-0.1,-0.04,-0.45,-0.25,1,0.1,0.2,0.15,50,49.52,800,763,30,733,0,251,0,119,0,363,0,37,10,810,363,370,810,95462.43,1033.14,40,49,32,27,35,22,32,496,0,251,0,482
208227,20,-0.1,-0.04,-0.45,-0.25,1,0.1,0.2,0.15,50,59.48,796,759,31,728,271,0,0,295,0,162,0,37,14,810,433,295,810,296858.88,3094.38,26,32,54,39,51,32,21,473,271,0,0,457
208228,20,-0.1,-0.04,-0.45,-0.25,1,0.1,0.2,0.15,60,51.91,800,763,29,734,251,244,0,109,0,130,0,37,10,810,381,353,810,160625.58,1719.17,66,81,86,62,77,51,41,270,251,244,0,239
208229,20,-0.1,-0.04,-0.45,-0.25,1,0.1,0.2,0.15,60,49.52,800,763,30,733,0,251,0,119,0,363,0,37,10,810,363,370,810,95462.43,1033.14,40,49,32,27,35,22,32,496,0,251,0,482
208230,20,-0.1,-0.04,-0.45,-0.25,1,0.1,0.2,0.15,60,59.48,796,759,31,728,271,0,0,295,0,162,0,37,14,810,433,295,810,296858.88,3094.38,26,32,54,39,51,32,21,473,271,0,0,457
208231,20,-0.1,-0.04,-0.45,-0.25,1,0.2,0.1,0.15,20,62.27,800,763,13,750,376,135,148,0,91,0,0,37,10,810,467,283,810,117418.53,1231.56,246,139,77,288,0,0,0,0,376,135,239,0
208232,20,-0.1,-0.04,-0.45,-0.25,1,0.2,0.1,0.15,20,55.76,800,763,17,746,0,148,182,0,416,0,0,37,10,810,416,330,810,158057.25,1671.25,40,49,32,625,0,0,0,0,0,148,598,0
208233,20,-0.1,-0.04,-0.45,-0.25,1,0.2,0.1,0.15,20,64.97,796,759,14,745,389,0,261,0,95,0,0,37,14,810,484,261,810,159146.02,1669.82,206,97,51,391,0,0,0,0,389,0,356,0
208234,20,-0.1,-0.04,-0.45,-0.25,1,0.2,0.1,0.15,30,63.62,800,763,18,745,437,178,93,0,37,0,0,37,10,810,474,271,810,119108.46,1269.95,246,139,77,49,62,172,0,0,437,178,130,0
208235,20,-0.1,-0.04,-0.45,-0.25,1,0.2,0.1,0.15,30,52.52,800,763,28,735,0,205,144,0,386,0,0,37,10,810,386,349,810,128183.39,1392.3,40,49,32,27,35,552,0,0,0,205,530,0
208236,20,-0.1,-0.04,-0.45,-0.25,1,0.2,0.1,0.15,30,68.38,796,759,19,740,462,0,234,0,44,0,0,37,14,810,506,234,810,213979.03,2252.84,206,97,51,35,45,306,0,0,462,0,278,0
208237,20,-0.1,-0.04,-0.45,-0.25,1,0.2,0.1,0.15,40,63.44,800,763,19,744,456,206,40,26,7,9,0,37,10,810,472,272,810,106235.23,1126.54,246,139,77,49,62,42,27,102,456,206,47,35
208238,20,-0.1,-0.04,-0.45,-0.25,1,0.2,0.1,0.15,40,50.34,800,763,30,733,0,244,78,42,89,280,0,37,10,810,369,364,810,111723.24,1207.01,40,49,32,27,35,22,32,496,0,244,167,322
208239,20,-0.1,-0.04,-0.45,-0.25,1,0.2,0.1,0.15,40,70.33,796,759,21,738,494,0,133,86,8,17,0,37,14,810,519,219,810,242242.9,2507.36,206,97,51,35,45,28,17,259,494,0,141,103
208240,20,-0.1,-0.04,-0.45,-0.25,1,0.2,0.1,0.15,50,63.44,800,763,19,744,456,208,0,64,0,16,0,37,10,810,472,272,810,102820.27,1090.62,246,139,77,49,62,42,27,102,456,208,0,80
208241,20,-0.1,-0.04,-0.45,-0.25,1,0.2,0.1,0.15,50,49.52,800,763,30,733,0,251,0,119,0,363,0,37,10,810,363,370,810,95462.43,1033.14,40,49,32,27,35,22,32,496,0,251,0,482
208242,20,-0.1,-0.04,-0.45,-0.25,1,0.2,0.1,0.15,50,70.46,796,759,21,738,494,0,0,218,0,26,0,37,14,810,520,218,810,234624.71,2427.49,206,97,51,35,45,28,17,259,494,0,0,244
208243,20,-0.1,-0.04,-0.45,-0.25,1,0.2,0.1,0.15,60,63.44,800,763,19,744,456,208,0,64,0,16,0,37,10,810,472,272,810,102820.27,1090.62,246,139,77,49,62,42,27,102,456,208,0,80
208244,20,-0.1,-0.04,-0.45,-0.25,1,0.2,0.1,0.15,60,49.52,800,763,30,733,0,251,0,119,0,363,0,37,10,810,363,370,810,95462.43,1033.14,40,49,32,27,35,22,32,496,0,251,0,482
208245,20,-0.1,-0.04,-0.45,-0.25,1,0.2,0.1,0.15,60,70.46,796,759,21,738,494,0,0,218,0,26,0,37,14,810,520,218,810,234624.71,2427.49,206,97,51,35,45,28,17,259,494,0,0,244
208246,20,-0.1,-0.04,-0.45,-0.25,1,0.2,0.2,0.15,20,55.76,800,763,17,746,147,148,182,0,269,0,0,37,10,810,416,330,810,166620.94,1753.13,66,81,86,513,0,0,0,0,147,148,451,0
208247,20,-0.1,-0.04,-0.45,-0.25,1,0.2,0.2,0.15,20,55.76,800,763,17,746,0,148,182,0,416,0,0,37,10,810,416,330,810,158057.25,1671.25,40,49,32,625,0,0,0,0,0,148,598,0
208248,20,-0.1,-0.04,-0.45,-0.25,1,0.2,0.2,0.15,20,58.3,796,759,18,741,151,0,309,0,281,0,0,37,14,810,432,309,810,203354.47,2142.24,26,32,54,629,0,0,0,0,151,0,590,0
208249,20,-0.1,-0.04,-0.45,-0.25,1,0.2,0.2,0.15,30,54.08,800,763,27,736,219,204,134,0,179,0,0,37,10,810,398,338,810,175035.92,1867.9,66,81,86,62,77,364,0,0,219,204,313,0
208250,20,-0.1,-0.04,-0.45,-0.25,1,0.2,0.2,0.15,30,52.52,800,763,28,735,0,205,144,0,386,0,0,37,10,810,386,349,810,128183.39,1392.3,40,49,32,27,35,552,0,0,0,205,530,0
208251,20,-0.1,-0.04,-0.45,-0.25,1,0.2,0.2,0.15,30,59.51,796,759,28,731,234,0,296,0,201,0,0,37,14,810,435,296,810,281343.35,2964.32,26,32,54,39,51,529,0,0,234,0,497,0
208252,20,-0.1,-0.04,-0.45,-0.25,1,0.2,0.2,0.15,40,52.45,800,763,29,734,249,240,67,42,38,98,0,37,10,810,385,349,810,170988.95,1827.96,66,81,86,62,77,51,41,270,249,240,105,140
208253,20,-0.1,-0.04,-0.45,-0.25,1,0.2,0.2,0.15,40,50.34,800,763,30,733,0,244,78,42,89,280,0,37,10,810,369,364,810,111723.24,1207.01,40,49,32,27,35,22,32,496,0,244,167,322
208254,20,-0.1,-0.04,-0.45,-0.25,1,0.2,0.2,0.15,40,60.03,796,759,31,728,269,0,181,110,41,127,0,37,14,810,437,291,810,316581.44,3299.99,26,32,54,39,51,32,21,473,269,0,222,237
208255,20,-0.1,-0.04,-0.45,-0.25,1,0.2,0.2,0.15,50,51.91,800,763,29,734,251,244,0,109,0,130,0,37,10,810,381,353,810,160625.58,1719.17,66,81,86,62,77,51,41,270,251,244,0,239
208256,20,-0.1,-0.04,-0.45,-0.25,1,0.2,0.2,0.15,50,49.52,800,763,30,733,0,251,0,119,0,363,0,37,10,810,363,370,810,95462.43,1033.14,40,49,32,27,35,22,32,496,0,251,0,482
208257,20,-0.1,-0.04,-0.45,-0.25,1,0.2,0.2,0.15,50,59.48,796,759,31,728,271,0,0,295,0,162,0,37,14,810,433,295,810,296858.88,3094.38,26,32,54,39,51,32,21,473,271,0,0,457
208258,20,-0.1,-0.04,-0.45,-0.25,1,0.2,0.2,0.15,60,51.91,800,763,29,734,251,244,0,109,0,130,0,37,10,810,381,353,810,160625.58,1719.17,66,81,86,62,77,51,41,270,251,244,0,239
208259,20,-0.1,-0.04,-0.45,-0.25,1,0.2,0.2,0.15,60,49.52,800,763,30,733,0,251,0,119,0,363,0,37,10,810,363,370,810,95462.43,1033.14,40,49,32,27,35,22,32,496,0,251,0,482
208260,20,-0.1,-0.04,-0.45,-0.25,1,0.2,0.2,0.15,60,59.48,796,759,31,728,271,0,0,295,0,162,0,37,14,810,433,295,810,296858.88,3094.38,26,32,54,39,51,32,21,473,271,0,0,457
208261,20,-0.1,-0.04,-0.45,-0.25,2,0.1,0.1,0.15,20,67.47,800,763,13,750,413,131,113,0,93,0,0,37,10,810,506,244,810,189188.7,2557.64,257,144,91,258,0,0,0,0,413,131,206,0
208262,20,-0.1,-0.04,-0.45,-0.25,2,0.1,0.1,0.15,20,61.13,800,763,17,746,0,148,142,0,456,0,0,37,10,810,456,290,810,241328.22,3085.38,40,49,32,625,0,0,0,0,0,148,598,0
208263,20,-0.1,-0.04,-0.45,-0.25,2,0.1,0.1,0.15,20,72.21,796,759,14,745,433,0,207,0,105,0,0,37,14,810,538,207,810,255504.41,3040.04,217,105,75,348,0,0,0,0,433,0,312,0
208264,20,-0.1,-0.04,-0.45,-0.25,2,0.1,0.1,0.15,30,68.1,800,763,17,746,472,170,68,0,36,0,0,37,10,810,508,238,810,191498.35,2683.59,257,144,91,52,62,140,0,0,472,170,104,0
208265,20,-0.1,-0.04,-0.45,-0.25,2,0.1,0.1,0.15,30,55.65,800,763,28,735,0,205,121,0,409,0,0,37,10,810,409,326,810,233511.37,3032.08,40,49,32,27,35,552,0,0,0,205,530,0
208266,20,-0.1,-0.04,-0.45,-0.25,2,0.1,0.1,0.15,30,75.98,796,759,18,741,511,0,178,0,52,0,0,37,14,810,563,178,810,352052.76,3674.16,217,105,75,36,53,255,0,0,511,0,230,0
208267,20,-0.1,-0.04,-0.45,-0.25,2,0.1,0.1,0.15,40,67.65,800,763,18,745,487,191,35,15,7,10,0,37,10,810,504,241,810,177161.39,2651.69,257,144,91,52,62,36,22,81,487,191,42,25
208268,20,-0.1,-0.04,-0.45,-0.25,2,0.1,0.1,0.15,40,52.93,800,763,30,733,0,244,73,28,94,294,0,37,10,810,388,345,810,223914.56,3027.03,40,49,32,27,35,22,32,496,0,244,167,322
208269,20,-0.1,-0.04,-0.45,-0.25,2,0.1,0.1,0.15,40,78.35,796,759,20,739,543,0,108,52,12,24,0,37,14,810,579,160,810,409023.03,3991.96,217,105,75,36,53,25,19,209,543,0,120,76
208270,20,-0.1,-0.04,-0.45,-0.25,2,0.1,0.1,0.15,50,67.79,800,763,18,745,487,193,0,47,0,18,0,37,10,810,505,240,810,172742.15,2620.74,257,144,91,52,62,36,22,81,487,193,0,65
208271,20,-0.1,-0.04,-0.45,-0.25,2,0.1,0.1,0.15,50,52.11,800,763,30,733,0,251,0,100,0,382,0,37,10,810,382,351,810,202729.65,2860.59,40,49,32,27,35,22,32,496,0,251,0,482
208272,20,-0.1,-0.04,-0.45,-0.25,2,0.1,0.1,0.15,50,78.48,796,759,20,739,543,0,0,159,0,37,0,37,14,810,580,159,810,396217.15,3916.66,217,105,75,36,53,25,19,209,543,0,0,196
208273,20,-0.1,-0.04,-0.45,-0.25,2,0.1,0.1,0.15,60,67.79,800,763,18,745,487,193,0,47,0,18,0,37,10,810,505,240,810,172742.15,2620.74,257,144,91,52,62,36,22,81,487,193,0,65
208274,20,-0.1,-0.04,-0.45,-0.25,2,0.1,0.1,0.15,60,52.11,800,763,30,733,0,251,0,100,0,382,0,37,10,810,382,351,810,202729.65,2860.59,40,49,32,27,35,22,32,496,0,251,0,482
208275,20,-0.1,-0.04,-0.45,-0.25,2,0.1,0.1,0.15,60,78.48,796,759,20,739,543,0,0,159,0,37,0,37,14,810,580,159,810,396217.15,3916.66,217,105,75,36,53,25,19,209,543,0,0,196
208276,20,-0.1,-0.04,-0.45,-0.25,2,0.1,0.2,0.15,20,61.13,800,763,17,746,160,148,142,0,296,0,0,37,10,810,456,290,810,246425.74,3152.87,67,88,86,505,0,0,0,0,160,148,438,0
208277,20,-0.1,-0.04,-0.45,-0.25,2,0.1,0.2,0.15,20,61.13,800,763,17,746,0,148,142,0,456,0,0,37,10,810,456,290,810,241328.22,3085.38,40,49,32,625,0,0,0,0,0,148,598,0
208278,20,-0.1,-0.04,-0.45,-0.25,2,0.1,0.2,0.15,20,65.86,796,759,18,741,167,0,253,0,321,0,0,37,14,810,488,253,810,300356.64,3627.09,27,39,55,620,0,0,0,0,167,0,574,0
208279,20,-0.1,-0.04,-0.45,-0.25,2,0.1,0.2,0.15,30,57.2,800,763,27,736,241,204,111,0,180,0,0,37,10,810,421,315,810,281384.71,3482.0,67,88,86,67,82,346,0,0,241,204,291,0
208280,20,-0.1,-0.04,-0.45,-0.25,2,0.1,0.2,0.15,30,55.65,800,763,28,735,0,205,121,0,409,0,0,37,10,810,409,326,810,233511.37,3032.08,40,49,32,27,35,552,0,0,0,205,530,0
208281,20,-0.1,-0.04,-0.45,-0.25,2,0.1,0.2,0.15,30,66.07,796,759,28,731,264,0,248,0,219,0,0,37,14,810,483,248,810,471895.01,4709.18,27,39,55,46,59,505,0,0,264,0,467,0
208282,20,-0.1,-0.04,-0.45,-0.25,2,0.1,0.2,0.15,40,55.18,800,763,29,734,274,239,62,28,38,93,0,37,10,810,405,329,810,268509.57,3529.0,67,88,86,67,82,55,40,249,274,239,100,121
208283,20,-0.1,-0.04,-0.45,-0.25,2,0.1,0.2,0.15,40,52.93,800,763,30,733,0,244,73,28,94,294,0,37,10,810,388,345,810,223914.56,3027.03,40,49,32,27,35,22,32,496,0,244,167,322
208284,20,-0.1,-0.04,-0.45,-0.25,2,0.1,0.2,0.15,40,66.62,796,759,31,728,304,0,164,79,51,130,0,37,14,810,485,243,810,537053.7,5134.55,27,39,55,46,59,38,22,442,304,0,215,209
208285,20,-0.1,-0.04,-0.45,-0.25,2,0.1,0.2,0.15,50,54.77,800,763,29,734,276,242,0,90,0,126,0,37,10,810,402,332,810,257257.21,3443.61,67,88,86,67,82,55,40,249,276,242,0,216
208286,20,-0.1,-0.04,-0.45,-0.25,2,0.1,0.2,0.15,50,52.11,800,763,30,733,0,251,0,100,0,382,0,37,10,810,382,351,810,202729.65,2860.59,40,49,32,27,35,22,32,496,0,251,0,482
208287,20,-0.1,-0.04,-0.45,-0.25,2,0.1,0.2,0.15,50,66.35,796,759,31,728,306,0,0,245,0,177,0,37,14,810,483,245,810,507064.56,4953.6,27,39,55,46,59,38,22,442,306,0,0,422
208288,20,-0.1,-0.04,-0.45,-0.25,2,0.1,0.2,0.15,60,54.77,800,763,29,734,276,242,0,90,0,126,0,37,10,810,402,332,810,257257.21,3443.61,67,88,86,67,82,55,40,249,276,242,0,216
208289,20,-0.1,-0.04,-0.45,-0.25,2,0.1,0.2,0.15,60,52.11,800,763,30,733,0,251,0,100,0,382,0,37,10,810,382,351,810,202729.65,2860.59,40,49,32,27,35,22,32,496,0,251,0,482
208290,20,-0.1,-0.04,-0.45,-0.25,2,0.1,0.2,0.15,60,66.35,796,759,31,728,306,0,0,245,0,177,0,37,14,810,483,245,810,507064.56,4953.6,27,39,55,46,59,38,22,442,306,0,0,422
208291,20,-0.1,-0.04,-0.45,-0.25,2,0.2,0.1,0.15,20,62.27,800,763,13,750,376,135,148,0,91,0,0,37,10,810,467,283,810,117418.53,1231.56,246,139,77,288,0,0,0,0,376,135,239,0
208292,20,-0.1,-0.04,-0.45,-0.25,2,0.2,0.1,0.15,20,55.76,800,763,17,746,0,148,182,0,416,0,0,37,10,810,416,330,810,158057.25,1671.25,40,49,32,625,0,0,0,0,0,148,598,0
208293,20,-0.1,-0.04,-0.45,-0.25,2,0.2,0.1,0.15,20,64.97,796,759,14,745,389,0,261,0,95,0,0,37,14,810,484,261,810,159146.02,1669.82,206,97,51,391,0,0,0,0,389,0,356,0
208294,20,-0.1,-0.04,-0.45,-0.25,2,0.2,0.1,0.15,30,63.62,800,763,18,745,437,178,93,0,37,0,0,37,10,810,474,271,810,119108.46,1269.95,246,139,77,49,62,172,0,0,437,178,130,0
208295,20,-0.1,-0.04,-0.45,-0.25,2,0.2,0.1,0.15,30,52.52,800,763,28,735,0,205,144,0,386,0,0,37,10,810,386,349,810,128183.39,1392.3,40,49,32,27,35,552,0,0,0,205,530,0
208296,20,-0.1,-0.04,-0.45,-0.25,2,0.2,0.1,0.15,30,68.38,796,759,19,740,462,0,234,0,44,0,0,37,14,810,506,234,810,213979.03,2252.84,206,97,51,35,45,306,0,0,462,0,278,0
208297,20,-0.1,-0.04,-0.45,-0.25,2,0.2,0.1,0.15,40,63.44,800,763,19,744,456,206,40,26,7,9,0,37,10,810,472,272,810,106235.23,1126.54,246,139,77,49,62,42,27,102,456,206,47,35
208298,20,-0.1,-0.04,-0.45,-0.25,2,0.2,0.1,0.15,40,50.34,800,763,30,733,0,244,78,42,89,280,0,37,10,810,369,364,810,111723.24,1207.01,40,49,32,27,35,22,32,496,0,244,167,322
208299,20,-0.1,-0.04,-0.45,-0.25,2,0.2,0.1,0.15,40,70.33,796,759,21,738,494,0,133,86,8,17,0,37,14,810,519,219,810,242242.9,2507.36,206,97,51,35,45,28,17,259,494,0,141,103
208300,20,-0.1,-0.04,-0.45,-0.25,2,0.2,0.1,0.15,50,63.44,800,763,19,744,456,208,0,64,0,16,0,37,10,810,472,272,810,102820.27,1090.62,246,139,77,49,62,42,27,102,456,208,0,80
208301,20,-0.1,-0.04,-0.45,-0.25,2,0.2,0.1,0.15,50,49.52,800,763,30,733,0,251,0,119,0,363,0,37,10,810,363,370,810,95462.43,1033.14,40,49,32,27,35,22,32,496,0,251,0,482
208302,20,-0.1,-0.04,-0.45,-0.25,2,0.2,0.1,0.15,50,70.46,796,759,21,738,494,0,0,218,0,26,0,37,14,810,520,218,810,234624.71,2427.49,206,97,51,35,45,28,17,259,494,0,0,244
208303,20,-0.1,-0.04,-0.45,-0.25,2,0.2,0.1,0.15,60,63.44,800,763,19,744,456,208,0,64,0,16,0,37,10,810,472,272,810,102820.27,1090.62,246,139,77,49,62,42,27,102,456,208,0,80
208304,20,-0.1,-0.04,-0.45,-0.25,2,0.2,0.1,0.15,60,49.52,800,763,30,733,0,251,0,119,0,363,0,37,10,810,363,370,810,95462.43,1033.14,40,49,32,27,35,22,32,496,0,251,0,482
208305,20,-0.1,-0.04,-0.45,-0.25,2,0.2,0.1,0.15,60,70.46,796,759,21,738,494,0,0,218,0,26,0,37,14,810,520,218,810,234624.71,2427.49,206,97,51,35,45,28,17,259,494,0,0,244
208306,20,-0.1,-0.04,-0.45,-0.25,2,0.2,0.2,0.15,20,55.76,800,763,17,746,147,148,182,0,269,0,0,37,10,810,416,330,810,166620.94,1753.13,66,81,86,513,0,0,0,0,147,148,451,0
208307,20,-0.1,-0.04,-0.45,-0.25,2,0.2,0.2,0.15,20,55.76,800,763,17,746,0,148,182,0,416,0,0,37,10,810,416,330,810,158057.25,1671.25,40,49,32,625,0,0,0,0,0,148,598,0
208308,20,-0.1,-0.04,-0.45,-0.25,2,0.2,0.2,0.15,20,58.3,796,759,18,741,151,0,309,0,281,0,0,37,14,810,432,309,810,203354.47,2142.24,26,32,54,629,0,0,0,0,151,0,590,0
208309,20,-0.1,-0.04,-0.45,-0.25,2,0.2,0.2,0.15,30,54.08,800,763,27,736,219,204,134,0,179,0,0,37,10,810,398,338,810,175035.92,1867.9,66,81,86,62,77,364,0,0,219,204,313,0
208310,20,-0.1,-0.04,-0.45,-0.25,2,0.2,0.2,0.15,30,52.52,800,763,28,735,0,205,144,0,386,0,0,37,10,810,386,349,810,128183.39,1392.3,40,49,32,27,35,552,0,0,0,205,530,0
208311,20,-0.1,-0.04,-0.45,-0.25,2,0.2,0.2,0.15,30,59.51,796,759,28,731,234,0,296,0,201,0,0,37,14,810,435,296,810,281343.35,2964.32,26,32,54,39,51,529,0,0,234,0,497,0
208312,20,-0.1,-0.04,-0.45,-0.25,2,0.2,0.2,0.15,40,52.45,800,763,29,734,249,240,67,42,38,98,0,37,10,810,385,349,810,170988.95,1827.96,66,81,86,62,77,51,41,270,249,240,105,140
208313,20,-0.1,-0.04,-0.45,-0.25,2,0.2,0.2,0.15,40,50.34,800,763,30,733,0,244,78,42,89,280,0,37,10,810,369,364,810,111723.24,1207.01,40,49,32,27,35,22,32,496,0,244,167,322
208314,20,-0.1,-0.04,-0.45,-0.25,2,0.2,0.2,0.15,40,60.03,796,759,31,728,269,0,181,110,41,127,0,37,14,810,437,291,810,316581.44,3299.99,26,32,54,39,51,32,21,473,269,0,222,237
208315,20,-0.1,-0.04,-0.45,-0.25,2,0.2,0.2,0.15,50,51.91,800,763,29,734,251,244,0,109,0,130,0,37,10,810,381,353,810,160625.58,1719.17,66,81,86,62,77,51,41,270,251,244,0,239
208316,20,-0.1,-0.04,-0.45,-0.25,2,0.2,0.2,0.15,50,49.52,800,763,30,733,0,251,0,119,0,363,0,37,10,810,363,370,810,95462.43,1033.14,40,49,32,27,35,22,32,496,0,251,0,482
208317,20,-0.1,-0.04,-0.45,-0.25,2,0.2,0.2,0.15,50,59.48,796,759,31,728,271,0,0,295,0,162,0,37,14,810,433,295,810,296858.88,3094.38,26,32,54,39,51,32,21,473,271,0,0,457
208318,20,-0.1,-0.04,-0.45,-0.25,2,0.2,0.2,0.15,60,51.91,800,763,29,734,251,244,0,109,0,130,0,37,10,810,381,353,810,160625.58,1719.17,66,81,86,62,77,51,41,270,251,244,0,239
208319,20,-0.1,-0.04,-0.45,-0.25,2,0.2,0.2,0.15,60,49.52,800,763,30,733,0,251,0,119,0,363,0,37,10,810,363,370,810,95462.43,1033.14,40,49,32,27,35,22,32,496,0,251,0,482
208320,20,-0.1,-0.04,-0.45,-0.25,2,0.2,0.2,0.15,60,59.48,796,759,31,728,271,0,0,295,0,162,0,37,14,810,433,295,810,296858.88,3094.38,26,32,54,39,51,32,21,473,271,0,0,457
208321,20,-0.1,-0.04,-0.4,-0.35,1,0.1,0.1,0.15,20,62.56,217,208,5,203,108,36,40,0,19,0,0,9,4,221,127,76,221,37725.76,389.28,73,37,25,68,0,0,0,0,108,36,59,0
208322,20,-0.1,-0.04,-0.4,-0.35,1,0.1,0.1,0.15,20,54.68,217,208,5,203,0,40,52,0,111,0,0,9,4,221,111,92,221,52006.07,536.59,11,12,9,171,0,0,0,0,0,40,163,0
208323,20,-0.1,-0.04,-0.4,-0.35,1,0.1,0.1,0.15,20,66.67,215,206,5,201,114,0,67,0,20,0,0,9,6,221,134,67,221,66402.81,676.95,62,28,16,95,0,0,0,0,114,0,87,0
208324,20,-0.1,-0.04,-0.4,-0.35,1,0.1,0.1,0.15,30,65.02,217,208,5,203,125,46,25,0,7,0,0,9,4,221,132,71,221,38353.19,401.13,73,37,25,9,13,46,0,0,125,46,32,0
208325,20,-0.1,-0.04,-0.4,-0.35,1,0.1,0.1,0.15,30,54.19,217,208,5,203,0,54,39,0,110,0,0,9,4,221,110,93,221,51791.53,542.3,11,12,9,8,6,157,0,0,0,54,149,0
208326,20,-0.1,-0.04,-0.4,-0.35,1,0.1,0.1,0.15,30,71.64,215,206,5,201,134,0,57,0,10,0,0,9,6,221,144,57,221,81036.77,833.4,62,28,16,8,13,74,0,0,134,0,67,0
208327,20,-0.1,-0.04,-0.4,-0.35,1,0.1,0.1,0.15,40,64.53,217,208,5,203,126,57,9,6,2,3,0,9,4,221,131,72,221,30672.82,322.52,73,37,25,9,13,14,6,26,126,57,11,9
208328,20,-0.1,-0.04,-0.4,-0.35,1,0.1,0.1,0.15,40,52.71,217,208,5,203,0,69,17,10,30,77,0,9,4,221,107,96,221,51169.61,535.41,11,12,9,8,6,8,9,140,0,69,47,87
208329,20,-0.1,-0.04,-0.4,-0.35,1,0.1,0.1,0.15,40,72.64,215,206,5,201,139,0,35,20,2,5,0,9,6,221,146,55,221,76656.37,787.18,62,28,16,8,13,7,4,63,139,0,37,25
208330,20,-0.1,-0.04,-0.4,-0.35,1,0.1,0.1,0.15,50,64.04,217,208,5,203,126,57,0,16,0,4,0,9,4,221,130,73,221,30411.51,319.15,73,37,25,9,13,14,6,26,126,57,0,20
208331,20,-0.1,-0.04,-0.4,-0.35,1,0.1,0.1,0.15,50,51.23,217,208,5,203,0,70,0,29,0,104,0,9,4,221,104,99,221,49198.41,513.85,11,12,9,8,6,8,9,140,0,70,0,133
208332,20,-0.1,-0.04,-0.4,-0.35,1,0.1,0.1,0.15,50,72.64,215,206,5,201,139,0,0,55,0,7,0,9,6,221,146,55,221,77660.43,797.58,62,28,16,8,13,7,4,63,139,0,0,62
208333,20,-0.1,-0.04,-0.4,-0.35,1,0.1,0.1,0.15,60,64.04,217,208,5,203,126,57,0,16,0,4,0,9,4,221,130,73,221,30411.51,319.15,73,37,25,9,13,14,6,26,126,57,0,20
208334,20,-0.1,-0.04,-0.4,-0.35,1,0.1,0.1,0.15,60,51.23,217,208,5,203,0,70,0,29,0,104,0,9,4,221,104,99,221,49198.41,513.85,11,12,9,8,6,8,9,140,0,70,0,133
208335,20,-0.1,-0.04,-0.4,-0.35,1,0.1,0.1,0.15,60,72.64,215,206,5,201,139,0,0,55,0,7,0,9,6,221,146,55,221,77660.43,797.58,62,28,16,8,13,7,4,63,139,0,0,62
208336,20,-0.1,-0.04,-0.4,-0.35,1,0.1,0.2,0.15,20,54.68,217,208,5,203,40,40,52,0,71,0,0,9,4,221,111,92,221,51364.52,527.27,22,16,24,141,0,0,0,0,40,40,123,0
208337,20,-0.1,-0.04,-0.4,-0.35,1,0.1,0.2,0.15,20,54.68,217,208,5,203,0,40,52,0,111,0,0,9,4,221,111,92,221,52006.07,536.59,11,12,9,171,0,0,0,0,0,40,163,0
208338,20,-0.1,-0.04,-0.4,-0.35,1,0.1,0.2,0.15,20,58.21,215,206,5,201,41,0,84,0,76,0,0,9,6,221,117,84,221,82638.67,841.87,11,4,15,171,0,0,0,0,41,0,160,0
208339,20,-0.1,-0.04,-0.4,-0.35,1,0.1,0.2,0.15,30,55.67,217,208,5,203,65,54,36,0,48,0,0,9,4,221,113,90,221,60540.78,629.02,22,16,24,18,24,99,0,0,65,54,84,0
208340,20,-0.1,-0.04,-0.4,-0.35,1,0.1,0.2,0.15,30,54.19,217,208,5,203,0,54,39,0,110,0,0,9,4,221,110,93,221,51791.53,542.3,11,12,9,8,6,157,0,0,0,54,149,0
208341,20,-0.1,-0.04,-0.4,-0.35,1,0.1,0.2,0.15,30,63.18,215,206,5,201,72,0,74,0,55,0,0,9,6,221,127,74,221,114308.9,1170.77,11,4,15,11,22,138,0,0,72,0,129,0
208342,20,-0.1,-0.04,-0.4,-0.35,1,0.1,0.2,0.15,40,54.19,217,208,5,203,72,68,15,10,13,25,0,9,4,221,110,93,221,55581.22,578.56,22,16,24,18,24,15,10,74,72,68,28,35
208343,20,-0.1,-0.04,-0.4,-0.35,1,0.1,0.2,0.15,40,52.71,217,208,5,203,0,69,17,10,30,77,0,9,4,221,107,96,221,51169.61,535.41,11,12,9,8,6,8,9,140,0,69,47,87
208344,20,-0.1,-0.04,-0.4,-0.35,1,0.1,0.2,0.15,40,62.69,215,206,5,201,80,0,49,26,13,33,0,9,6,221,126,75,221,107865.47,1103.4,11,4,15,11,22,9,5,124,80,0,62,59
208345,20,-0.1,-0.04,-0.4,-0.35,1,0.1,0.2,0.15,50,53.2,217,208,5,203,73,69,0,26,0,35,0,9,4,221,108,95,221,54984.07,571.91,22,16,24,18,24,15,10,74,73,69,0,61
208346,20,-0.1,-0.04,-0.4,-0.35,1,0.1,0.2,0.15,50,51.23,217,208,5,203,0,70,0,29,0,104,0,9,4,221,104,99,221,49198.41,513.85,11,12,9,8,6,8,9,140,0,70,0,133
208347,20,-0.1,-0.04,-0.4,-0.35,1,0.1,0.2,0.15,50,62.19,215,206,5,201,81,0,0,76,0,44,0,9,6,221,125,76,221,106857.8,1093.6,11,4,15,11,22,9,5,124,81,0,0,120
208348,20,-0.1,-0.04,-0.4,-0.35,1,0.1,0.2,0.15,60,53.2,217,208,5,203,73,69,0,26,0,35,0,9,4,221,108,95,221,54984.07,571.91,22,16,24,18,24,15,10,74,73,69,0,61
208349,20,-0.1,-0.04,-0.4,-0.35,1,0.1,0.2,0.15,60,51.23,217,208,5,203,0,70,0,29,0,104,0,9,4,221,104,99,221,49198.41,513.85,11,12,9,8,6,8,9,140,0,70,0,133
208350,20,-0.1,-0.04,-0.4,-0.35,1,0.1,0.2,0.15,60,62.19,215,206,5,201,81,0,0,76,0,44,0,9,6,221,125,76,221,106857.8,1093.6,11,4,15,11,22,9,5,124,81,0,0,120
208351,20,-0.1,-0.04,-0.4,-0.35,1,0.2,0.1,0.15,20,62.56,217,208,5,203,108,36,40,0,19,0,0,9,4,221,127,76,221,37725.76,389.28,73,37,25,68,0,0,0,0,108,36,59,0
208352,20,-0.1,-0.04,-0.4,-0.35,1,0.2,0.1,0.15,20,54.68,217,208,5,203,0,40,52,0,111,0,0,9,4,221,111,92,221,52006.07,536.59,11,12,9,171,0,0,0,0,0,40,163,0
208353,20,-0.1,-0.04,-0.4,-0.35,1,0.2,0.1,0.15,20,66.67,215,206,5,201,114,0,67,0,20,0,0,9,6,221,134,67,221,66402.81,676.95,62,28,16,95,0,0,0,0,114,0,87,0
208354,20,-0.1,-0.04,-0.4,-0.35,1,0.2,0.1,0.15,30,65.02,217,208,5,203,125,46,25,0,7,0,0,9,4,221,132,71,221,38353.19,401.13,73,37,25,9,13,46,0,0,125,46,32,0
208355,20,-0.1,-0.04,-0.4,-0.35,1,0.2,0.1,0.15,30,54.19,217,208,5,203,0,54,39,0,110,0,0,9,4,221,110,93,221,51791.53,542.3,11,12,9,8,6,157,0,0,0,54,149,0
208356,20,-0.1,-0.04,-0.4,-0.35,1,0.2,0.1,0.15,30,71.64,215,206,5,201,134,0,57,0,10,0,0,9,6,221,144,57,221,81036.77,833.4,62,28,16,8,13,74,0,0,134,0,67,0
208357,20,-0.1,-0.04,-0.4,-0.35,1,0.2,0.1,0.15,40,64.53,217,208,5,203,126,57,9,6,2,3,0,9,4,221,131,72,221,30672.82,322.52,73,37,25,9,13,14,6,26,126,57,11,9
208358,20,-0.1,-0.04,-0.4,-0.35,1,0.2,0.1,0.15,40,52.71,217,208,5,203,0,69,17,10,30,77,0,9,4,221,107,96,221,51169.61,535.41,11,12,9,8,6,8,9,140,0,69,47,87
208359,20,-0.1,-0.04,-0.4,-0.35,1,0.2,0.1,0.15,40,72.64,215,206,5,201,139,0,35,20,2,5,0,9,6,221,146,55,221,76656.37,787.18,62,28,16,8,13,7,4,63,139,0,37,25
208360,20,-0.1,-0.04,-0.4,-0.35,1,0.2,0.1,0.15,50,64.04,217,208,5,203,126,57,0,16,0,4,0,9,4,221,130,73,221,30411.51,319.15,73,37,25,9,13,14,6,26,126,57,0,20
208361,20,-0.1,-0.04,-0.4,-0.35,1,0.2,0.1,0.15,50,51.23,217,208,5,203,0,70,0,29,0,104,0,9,4,221,104,99,221,49198.41,513.85,11,12,9,8,6,8,9,140,0,70,0,133
208362,20,-0.1,-0.04,-0.4,-0.35,1,0.2,0.1,0.15,50,72.64,215,206,5,201,139,0,0,55,0,7,0,9,6,221,146,55,221,77660.43,797.58,62,28,16,8,13,7,4,63,139,0,0,62
208363,20,-0.1,-0.04,-0.4,-0.35,1,0.2,0.1,0.15,60,64.04,217,208,5,203,126,57,0,16,0,4,0,9,4,221,130,73,221,30411.51,319.15,73,37,25,9,13,14,6,26,126,57,0,20
208364,20,-0.1,-0.04,-0.4,-0.35,1,0.2,0.1,0.15,60,51.23,217,208,5,203,0,70,0,29,0,104,0,9,4,221,104,99,221,49198.41,513.85,11,12,9,8,6,8,9,140,0,70,0,133
208365,20,-0.1,-0.04,-0.4,-0.35,1,0.2,0.1,0.15,60,72.64,215,206,5,201,139,0,0,55,0,7,0,9,6,221,146,55,221,77660.43,797.58,62,28,16,8,13,7,4,63,139,0,0,62
208366,20,-0.1,-0.04,-0.4,-0.35,1,0.2,0.2,0.15,20,54.68,217,208,5,203,40,40,52,0,71,0,0,9,4,221,111,92,221,51364.52,527.27,22,16,24,141,0,0,0,0,40,40,123,0
208367,20,-0.1,-0.04,-0.4,-0.35,1,0.2,0.2,0.15,20,54.68,217,208,5,203,0,40,52,0,111,0,0,9,4,221,111,92,221,52006.07,536.59,11,12,9,171,0,0,0,0,0,40,163,0
208368,20,-0.1,-0.04,-0.4,-0.35,1,0.2,0.2,0.15,20,58.21,215,206,5,201,41,0,84,0,76,0,0,9,6,221,117,84,221,82638.67,841.87,11,4,15,171,0,0,0,0,41,0,160,0
208369,20,-0.1,-0.04,-0.4,-0.35,1,0.2,0.2,0.15,30,55.67,217,208,5,203,65,54,36,0,48,0,0,9,4,221,113,90,221,60540.78,629.02,22,16,24,18,24,99,0,0,65,54,84,0
208370,20,-0.1,-0.04,-0.4,-0.35,1,0.2,0.2,0.15,30,54.19,217,208,5,203,0,54,39,0,110,0,0,9,4,221,110,93,221,51791.53,542.3,11,12,9,8,6,157,0,0,0,54,149,0
208371,20,-0.1,-0.04,-0.4,-0.35,1,0.2,0.2,0.15,30,63.18,215,206,5,201,72,0,74,0,55,0,0,9,6,221,127,74,221,114308.9,1170.77,11,4,15,11,22,138,0,0,72,0,129,0
208372,20,-0.1,-0.04,-0.4,-0.35,1,0.2,0.2,0.15,40,54.19,217,208,5,203,72,68,15,10,13,25,0,9,4,221,110,93,221,55581.22,578.56,22,16,24,18,24,15,10,74,72,68,28,35
208373,20,-0.1,-0.04,-0.4,-0.35,1,0.2,0.2,0.15,40,52.71,217,208,5,203,0,69,17,10,30,77,0,9,4,221,107,96,221,51169.61,535.41,11,12,9,8,6,8,9,140,0,69,47,87
208374,20,-0.1,-0.04,-0.4,-0.35,1,0.2,0.2,0.15,40,62.69,215,206,5,201,80,0,49,26,13,33,0,9,6,221,126,75,221,107865.47,1103.4,11,4,15,11,22,9,5,124,80,0,62,59
208375,20,-0.1,-0.04,-0.4,-0.35,1,0.2,0.2,0.15,50,53.2,217,208,5,203,73,69,0,26,0,35,0,9,4,221,108,95,221,54984.07,571.91,22,16,24,18,24,15,10,74,73,69,0,61
208376,20,-0.1,-0.04,-0.4,-0.35,1,0.2,0.2,0.15,50,51.23,217,208,5,203,0,70,0,29,0,104,0,9,4,221,104,99,221,49198.41,513.85,11,12,9,8,6,8,9,140,0,70,0,133
208377,20,-0.1,-0.04,-0.4,-0.35,1,0.2,0.2,0.15,50,62.19,215,206,5,201,81,0,0,76,0,44,0,9,6,221,125,76,221,106857.8,1093.6,11,4,15,11,22,9,5,124,81,0,0,120
208378,20,-0.1,-0.04,-0.4,-0.35,1,0.2,0.2,0.15,60,53.2,217,208,5,203,73,69,0,26,0,35,0,9,4,221,108,95,221,54984.07,571.91,22,16,24,18,24,15,10,74,73,69,0,61
208379,20,-0.1,-0.04,-0.4,-0.35,1,0.2,0.2,0.15,60,51.23,217,208,5,203,0,70,0,29,0,104,0,9,4,221,104,99,221,49198.41,513.85,11,12,9,8,6,8,9,140,0,70,0,133
208380,20,-0.1,-0.04,-0.4,-0.35,1,0.2,0.2,0.15,60,62.19,215,206,5,201,81,0,0,76,0,44,0,9,6,221,125,76,221,106857.8,1093.6,11,4,15,11,22,9,5,124,81,0,0,120
208381,20,-0.1,-0.04,-0.4,-0.35,2,0.1,0.1,0.15,20,68.47,217,208,5,203,119,35,29,0,20,0,0,9,4,221,139,64,221,61811.03,745.96,76,37,29,61,0,0,0,0,119,35,49,0
208382,20,-0.1,-0.04,-0.4,-0.35,2,0.1,0.1,0.15,20,61.58,217,208,5,203,0,40,38,0,125,0,0,9,4,221,125,78,221,77342.82,925.24,11,12,9,171,0,0,0,0,0,40,163,0
208383,20,-0.1,-0.04,-0.4,-0.35,2,0.1,0.1,0.15,20,76.12,215,206,5,201,128,0,48,0,25,0,0,9,6,221,153,48,221,112054.43,1051.25,65,29,26,81,0,0,0,0,128,0,73,0
208384,20,-0.1,-0.04,-0.4,-0.35,2,0.1,0.1,0.15,30,67.98,217,208,5,203,134,45,20,0,4,0,0,9,4,221,138,65,221,56461.02,758.77,76,37,29,12,14,35,0,0,134,45,24,0
208385,20,-0.1,-0.04,-0.4,-0.35,2,0.1,0.1,0.15,30,55.67,217,208,5,203,0,54,36,0,113,0,0,9,4,221,113,90,221,86868.33,1010.29,11,12,9,8,6,157,0,0,0,54,149,0
208386,20,-0.1,-0.04,-0.4,-0.35,2,0.1,0.1,0.15,30,79.1,215,206,5,201,149,0,42,0,10,0,0,9,6,221,159,42,221,134415.38,1208.7,65,29,26,8,15,58,0,0,149,0,52,0
208387,20,-0.1,-0.04,-0.4,-0.35,2,0.1,0.1,0.15,40,68.97,217,208,5,203,136,52,7,4,2,2,0,9,4,221,140,63,221,55615.2,755.25,76,37,29,12,14,11,5,19,136,52,9,6
208388,20,-0.1,-0.04,-0.4,-0.35,2,0.1,0.1,0.15,40,55.17,217,208,5,203,0,69,15,7,32,80,0,9,4,221,112,91,221,89224.79,1055.46,11,12,9,8,6,8,9,140,0,69,47,87
208389,20,-0.1,-0.04,-0.4,-0.35,2,0.1,0.1,0.15,40,80.6,215,206,5,201,154,0,29,10,2,6,0,9,6,221,162,39,221,134245.37,1208.22,65,29,26,8,15,6,5,47,154,0,31,16
208390,20,-0.1,-0.04,-0.4,-0.35,2,0.1,0.1,0.15,50,68.47,217,208,5,203,136,52,0,12,0,3,0,9,4,221,139,64,221,54463.8,751.84,76,37,29,12,14,11,5,19,136,52,0,15
208391,20,-0.1,-0.04,-0.4,-0.35,2,0.1,0.1,0.15,50,54.19,217,208,5,203,0,70,0,23,0,110,0,9,4,221,110,93,221,86220.67,1038.3,11,12,9,8,6,8,9,140,0,70,0,133
208392,20,-0.1,-0.04,-0.4,-0.35,2,0.1,0.1,0.15,50,80.1,215,206,5,201,154,0,0,40,0,7,0,9,6,221,161,40,221,132387.15,1200.76,65,29,26,8,15,6,5,47,154,0,0,47
208393,20,-0.1,-0.04,-0.4,-0.35,2,0.1,0.1,0.15,60,68.47,217,208,5,203,136,52,0,12,0,3,0,9,4,221,139,64,221,54463.8,751.84,76,37,29,12,14,11,5,19,136,52,0,15
208394,20,-0.1,-0.04,-0.4,-0.35,2,0.1,0.1,0.15,60,54.19,217,208,5,203,0,70,0,23,0,110,0,9,4,221,110,93,221,86220.67,1038.3,11,12,9,8,6,8,9,140,0,70,0,133
208395,20,-0.1,-0.04,-0.4,-0.35,2,0.1,0.1,0.15,60,80.1,215,206,5,201,154,0,0,40,0,7,0,9,6,221,161,40,221,132387.15,1200.76,65,29,26,8,15,6,5,47,154,0,0,47
208396,20,-0.1,-0.04,-0.4,-0.35,2,0.1,0.2,0.15,20,61.58,217,208,5,203,45,40,38,0,80,0,0,9,4,221,125,78,221,80219.13,930.43,23,20,25,135,0,0,0,0,45,40,118,0
208397,20,-0.1,-0.04,-0.4,-0.35,2,0.1,0.2,0.15,20,61.58,217,208,5,203,0,40,38,0,125,0,0,9,4,221,125,78,221,77342.82,925.24,11,12,9,171,0,0,0,0,0,40,163,0
208398,20,-0.1,-0.04,-0.4,-0.35,2,0.1,0.2,0.15,20,69.15,215,206,5,201,48,0,62,0,91,0,0,9,6,221,139,62,221,137261.76,1278.93,12,8,17,164,0,0,0,0,48,0,153,0
208399,20,-0.1,-0.04,-0.4,-0.35,2,0.1,0.2,0.15,30,57.14,217,208,5,203,72,54,33,0,44,0,0,9,4,221,116,87,221,94850.99,1090.93,23,20,25,17,24,94,0,0,72,54,77,0
208400,20,-0.1,-0.04,-0.4,-0.35,2,0.1,0.2,0.15,30,55.67,217,208,5,203,0,54,36,0,113,0,0,9,4,221,113,90,221,86868.33,1010.29,11,12,9,8,6,157,0,0,0,54,149,0
208401,20,-0.1,-0.04,-0.4,-0.35,2,0.1,0.2,0.15,30,69.65,215,206,5,201,81,0,61,0,59,0,0,9,6,221,140,61,221,193191.85,1658.12,12,8,17,11,23,130,0,0,81,0,120,0
208402,20,-0.1,-0.04,-0.4,-0.35,2,0.1,0.2,0.15,40,57.14,217,208,5,203,80,68,12,7,14,22,0,9,4,221,116,87,221,83785.63,1054.76,23,20,25,17,24,17,10,67,80,68,26,29
208403,20,-0.1,-0.04,-0.4,-0.35,2,0.1,0.2,0.15,40,55.17,217,208,5,203,0,69,15,7,32,80,0,9,4,221,112,91,221,89224.79,1055.46,11,12,9,8,6,8,9,140,0,69,47,87
208404,20,-0.1,-0.04,-0.4,-0.35,2,0.1,0.2,0.15,40,68.16,215,206,5,201,91,0,45,19,14,32,0,9,6,221,137,64,221,182546.28,1621.94,12,8,17,11,23,10,6,114,91,0,59,51
208405,20,-0.1,-0.04,-0.4,-0.35,2,0.1,0.2,0.15,50,56.16,217,208,5,203,81,68,0,21,0,33,0,9,4,221,114,89,221,84039.71,1060.04,23,20,25,17,24,17,10,67,81,68,0,54
208406,20,-0.1,-0.04,-0.4,-0.35,2,0.1,0.2,0.15,50,54.19,217,208,5,203,0,70,0,23,0,110,0,9,4,221,110,93,221,86220.67,1038.3,11,12,9,8,6,8,9,140,0,70,0,133
208407,20,-0.1,-0.04,-0.4,-0.35,2,0.1,0.2,0.15,50,68.16,215,206,5,201,92,0,0,64,0,45,0,9,6,221,137,64,221,182600.96,1626.95,12,8,17,11,23,10,6,114,92,0,0,109
208408,20,-0.1,-0.04,-0.4,-0.35,2,0.1,0.2,0.15,60,56.16,217,208,5,203,81,68,0,21,0,33,0,9,4,221,114,89,221,84039.71,1060.04,23,20,25,17,24,17,10,67,81,68,0,54
208409,20,-0.1,-0.04,-0.4,-0.35,2,0.1,0.2,0.15,60,54.19,217,208,5,203,0,70,0,23,0,110,0,9,4,221,110,93,221,86220.67,1038.3,11,12,9,8,6,8,9,140,0,70,0,133
208410,20,-0.1,-0.04,-0.4,-0.35,2,0.1,0.2,0.15,60,68.16,215,206,5,201,92,0,0,64,0,45,0,9,6,221,137,64,221,182600.96,1626.95,12,8,17,11,23,10,6,114,92,0,0,109
208411,20,-0.1,-0.04,-0.4,-0.35,2,0.2,0.1,0.15,20,62.56,217,208,5,203,108,36,40,0,19,0,0,9,4,221,127,76,221,37725.76,389.28,73,37,25,68,0,0,0,0,108,36,59,0
208412,20,-0.1,-0.04,-0.4,-0.35,2,0.2,0.1,0.15,20,54.68,217,208,5,203,0,40,52,0,111,0,0,9,4,221,111,92,221,52006.07,536.59,11,12,9,171,0,0,0,0,0,40,163,0
208413,20,-0.1,-0.04,-0.4,-0.35,2,0.2,0.1,0.15,20,66.67,215,206,5,201,114,0,67,0,20,0,0,9,6,221,134,67,221,66402.81,676.95,62,28,16,95,0,0,0,0,114,0,87,0
208414,20,-0.1,-0.04,-0.4,-0.35,2,0.2,0.1,0.15,30,65.02,217,208,5,203,125,46,25,0,7,0,0,9,4,221,132,71,221,38353.19,401.13,73,37,25,9,13,46,0,0,125,46,32,0
208415,20,-0.1,-0.04,-0.4,-0.35,2,0.2,0.1,0.15,30,54.19,217,208,5,203,0,54,39,0,110,0,0,9,4,221,110,93,221,51791.53,542.3,11,12,9,8,6,157,0,0,0,54,149,0
208416,20,-0.1,-0.04,-0.4,-0.35,2,0.2,0.1,0.15,30,71.64,215,206,5,201,134,0,57,0,10,0,0,9,6,221,144,57,221,81036.77,833.4,62,28,16,8,13,74,0,0,134,0,67,0
208417,20,-0.1,-0.04,-0.4,-0.35,2,0.2,0.1,0.15,40,64.53,217,208,5,203,126,57,9,6,2,3,0,9,4,221,131,72,221,30672.82,322.52,73,37,25,9,13,14,6,26,126,57,11,9
208418,20,-0.1,-0.04,-0.4,-0.35,2,0.2,0.1,0.15,40,52.71,217,208,5,203,0,69,17,10,30,77,0,9,4,221,107,96,221,51169.61,535.41,11,12,9,8,6,8,9,140,0,69,47,87
208419,20,-0.1,-0.04,-0.4,-0.35,2,0.2,0.1,0.15,40,72.64,215,206,5,201,139,0,35,20,2,5,0,9,6,221,146,55,221,76656.37,787.18,62,28,16,8,13,7,4,63,139,0,37,25
208420,20,-0.1,-0.04,-0.4,-0.35,2,0.2,0.1,0.15,50,64.04,217,208,5,203,126,57,0,16,0,4,0,9,4,221,130,73,221,30411.51,319.15,73,37,25,9,13,14,6,26,126,57,0,20
208421,20,-0.1,-0.04,-0.4,-0.35,2,0.2,0.1,0.15,50,51.23,217,208,5,203,0,70,0,29,0,104,0,9,4,221,104,99,221,49198.41,513.85,11,12,9,8,6,8,9,140,0,70,0,133
208422,20,-0.1,-0.04,-0.4,-0.35,2,0.2,0.1,0.15,50,72.64,215,206,5,201,139,0,0,55,0,7,0,9,6,221,146,55,221,77660.43,797.58,62,28,16,8,13,7,4,63,139,0,0,62
208423,20,-0.1,-0.04,-0.4,-0.35,2,0.2,0.1,0.15,60,64.04,217,208,5,203,126,57,0,16,0,4,0,9,4,221,130,73,221,30411.51,319.15,73,37,25,9,13,14,6,26,126,57,0,20
208424,20,-0.1,-0.04,-0.4,-0.35,2,0.2,0.1,0.15,60,51.23,217,208,5,203,0,70,0,29,0,104,0,9,4,221,104,99,221,49198.41,513.85,11,12,9,8,6,8,9,140,0,70,0,133
208425,20,-0.1,-0.04,-0.4,-0.35,2,0.2,0.1,0.15,60,72.64,215,206,5,201,139,0,0,55,0,7,0,9,6,221,146,55,221,77660.43,797.58,62,28,16,8,13,7,4,63,139,0,0,62
208426,20,-0.1,-0.04,-0.4,-0.35,2,0.2,0.2,0.15,20,54.68,217,208,5,203,40,40,52,0,71,0,0,9,4,221,111,92,221,51364.52,527.27,22,16,24,141,0,0,0,0,40,40,123,0
208427,20,-0.1,-0.04,-0.4,-0.35,2,0.2,0.2,0.15,20,54.68,217,208,5,203,0,40,52,0,111,0,0,9,4,221,111,92,221,52006.07,536.59,11,12,9,171,0,0,0,0,0,40,163,0
208428,20,-0.1,-0.04,-0.4,-0.35,2,0.2,0.2,0.15,20,58.21,215,206,5,201,41,0,84,0,76,0,0,9,6,221,117,84,221,82638.67,841.87,11,4,15,171,0,0,0,0,41,0,160,0
208429,20,-0.1,-0.04,-0.4,-0.35,2,0.2,0.2,0.15,30,55.67,217,208,5,203,65,54,36,0,48,0,0,9,4,221,113,90,221,60540.78,629.02,22,16,24,18,24,99,0,0,65,54,84,0
208430,20,-0.1,-0.04,-0.4,-0.35,2,0.2,0.2,0.15,30,54.19,217,208,5,203,0,54,39,0,110,0,0,9,4,221,110,93,221,51791.53,542.3,11,12,9,8,6,157,0,0,0,54,149,0
208431,20,-0.1,-0.04,-0.4,-0.35,2,0.2,0.2,0.15,30,63.18,215,206,5,201,72,0,74,0,55,0,0,9,6,221,127,74,221,114308.9,1170.77,11,4,15,11,22,138,0,0,72,0,129,0
208432,20,-0.1,-0.04,-0.4,-0.35,2,0.2,0.2,0.15,40,54.19,217,208,5,203,72,68,15,10,13,25,0,9,4,221,110,93,221,55581.22,578.56,22,16,24,18,24,15,10,74,72,68,28,35
208433,20,-0.1,-0.04,-0.4,-0.35,2,0.2,0.2,0.15,40,52.71,217,208,5,203,0,69,17,10,30,77,0,9,4,221,107,96,221,51169.61,535.41,11,12,9,8,6,8,9,140,0,69,47,87
208434,20,-0.1,-0.04,-0.4,-0.35,2,0.2,0.2,0.15,40,62.69,215,206,5,201,80,0,49,26,13,33,0,9,6,221,126,75,221,107865.47,1103.4,11,4,15,11,22,9,5,124,80,0,62,59
208435,20,-0.1,-0.04,-0.4,-0.35,2,0.2,0.2,0.15,50,53.2,217,208,5,203,73,69,0,26,0,35,0,9,4,221,108,95,221,54984.07,571.91,22,16,24,18,24,15,10,74,73,69,0,61
208436,20,-0.1,-0.04,-0.4,-0.35,2,0.2,0.2,0.15,50,51.23,217,208,5,203,0,70,0,29,0,104,0,9,4,221,104,99,221,49198.41,513.85,11,12,9,8,6,8,9,140,0,70,0,133
208437,20,-0.1,-0.04,-0.4,-0.35,2,0.2,0.2,0.15,50,62.19,215,206,5,201,81,0,0,76,0,44,0,9,6,221,125,76,221,106857.8,1093.6,11,4,15,11,22,9,5,124,81,0,0,120
208438,20,-0.1,-0.04,-0.4,-0.35,2,0.2,0.2,0.15,60,53.2,217,208,5,203,73,69,0,26,0,35,0,9,4,221,108,95,221,54984.07,571.91,22,16,24,18,24,15,10,74,73,69,0,61
208439,20,-0.1,-0.04,-0.4,-0.35,2,0.2,0.2,0.15,60,51.23,217,208,5,203,0,70,0,29,0,104,0,9,4,221,104,99,221,49198.41,513.85,11,12,9,8,6,8,9,140,0,70,0,133
208440,20,-0.1,-0.04,-0.4,-0.35,2,0.2,0.2,0.15,60,62.19,215,206,5,201,81,0,0,76,0,44,0,9,6,221,125,76,221,106857.8,1093.6,11,4,15,11,22,9,5,124,81,0,0,120
208441,20,-0.1,-0.04,-0.4,-0.3,1,0.1,0.1,0.15,20,61.85,442,431,9,422,212,75,86,0,49,0,0,11,6,448,261,161,448,67805.86,716.27,136,82,43,161,0,0,0,0,212,75,135,0
208442,20,-0.1,-0.04,-0.4,-0.3,1,0.1,0.1,0.15,20,54.98,442,431,9,422,0,85,105,0,232,0,0,11,6,448,232,190,448,84367.88,894.15,18,35,18,351,0,0,0,0,0,85,337,0
208443,20,-0.1,-0.04,-0.4,-0.3,1,0.1,0.1,0.15,20,64.92,439,428,9,419,219,0,147,0,53,0,0,11,9,448,272,147,448,100010.31,1040.87,118,53,28,220,0,0,0,0,219,0,200,0
208444,20,-0.1,-0.04,-0.4,-0.3,1,0.1,0.1,0.15,30,63.42,442,431,10,421,244,99,55,0,23,0,0,11,6,448,267,154,448,64029.52,686.71,136,82,43,26,33,101,0,0,244,99,78,0
208445,20,-0.1,-0.04,-0.4,-0.3,1,0.1,0.1,0.15,30,52.03,442,431,12,419,0,117,84,0,218,0,0,11,6,448,218,201,448,63475.08,692.1,18,35,18,14,17,317,0,0,0,117,302,0
208446,20,-0.1,-0.04,-0.4,-0.3,1,0.1,0.1,0.15,30,69.38,439,428,10,418,260,0,128,0,30,0,0,11,9,448,290,128,448,134791.66,1405.79,118,53,28,20,27,172,0,0,260,0,158,0
208447,20,-0.1,-0.04,-0.4,-0.3,1,0.1,0.1,0.15,40,62.71,442,431,10,421,254,120,23,14,4,6,0,11,6,448,264,157,448,50131.6,544.3,136,82,43,26,33,23,20,58,254,120,27,20
208448,20,-0.1,-0.04,-0.4,-0.3,1,0.1,0.1,0.15,40,50.12,442,431,12,419,0,146,39,24,59,151,0,11,6,448,210,209,448,50919.52,556.32,18,35,18,14,17,15,21,281,0,146,98,175
208449,20,-0.1,-0.04,-0.4,-0.3,1,0.1,0.1,0.15,40,70.57,439,428,10,418,279,0,78,45,4,12,0,11,9,448,295,123,448,139756.43,1454.42,118,53,28,20,27,14,14,144,279,0,82,57
208450,20,-0.1,-0.04,-0.4,-0.3,1,0.1,0.1,0.15,50,62.71,442,431,10,421,254,120,0,37,0,10,0,11,6,448,264,157,448,48272.89,524.57,136,82,43,26,33,23,20,58,254,120,0,47
208451,20,-0.1,-0.04,-0.4,-0.3,1,0.1,0.1,0.15,50,49.16,442,431,12,419,0,149,0,64,0,206,0,11,6,448,206,213,448,43512.25,475.89,18,35,18,14,17,15,21,281,0,149,0,270
208452,20,-0.1,-0.04,-0.4,-0.3,1,0.1,0.1,0.15,50,70.81,439,428,10,418,279,0,0,122,0,17,0,11,9,448,296,122,448,137205.07,1427.08,118,53,28,20,27,14,14,144,279,0,0,139
208453,20,-0.1,-0.04,-0.4,-0.3,1,0.1,0.1,0.15,60,62.71,442,431,10,421,254,120,0,37,0,10,0,11,6,448,264,157,448,48272.89,524.57,136,82,43,26,33,23,20,58,254,120,0,47
208454,20,-0.1,-0.04,-0.4,-0.3,1,0.1,0.1,0.15,60,49.16,442,431,12,419,0,149,0,64,0,206,0,11,6,448,206,213,448,43512.25,475.89,18,35,18,14,17,15,21,281,0,149,0,270
208455,20,-0.1,-0.04,-0.4,-0.3,1,0.1,0.1,0.15,60,70.81,439,428,10,418,279,0,0,122,0,17,0,11,9,448,296,122,448,137205.07,1427.08,118,53,28,20,27,14,14,144,279,0,0,139
208456,20,-0.1,-0.04,-0.4,-0.3,1,0.1,0.2,0.15,20,54.98,442,431,9,422,81,85,105,0,151,0,0,11,6,448,232,190,448,93463.41,981.08,36,48,50,288,0,0,0,0,81,85,256,0
208457,20,-0.1,-0.04,-0.4,-0.3,1,0.1,0.2,0.15,20,54.98,442,431,9,422,0,85,105,0,232,0,0,11,6,448,232,190,448,84367.88,894.15,18,35,18,351,0,0,0,0,0,85,337,0
208458,20,-0.1,-0.04,-0.4,-0.3,1,0.1,0.2,0.15,20,57.52,439,428,9,419,82,0,178,0,159,0,0,11,9,448,241,178,448,121315.98,1262.18,18,13,32,356,0,0,0,0,82,0,337,0
208459,20,-0.1,-0.04,-0.4,-0.3,1,0.1,0.2,0.15,30,53.46,442,431,12,419,120,117,78,0,104,0,0,11,6,448,224,195,448,86981.72,930.61,36,48,50,32,43,210,0,0,120,117,182,0
208460,20,-0.1,-0.04,-0.4,-0.3,1,0.1,0.2,0.15,30,52.03,442,431,12,419,0,117,84,0,218,0,0,11,6,448,218,201,448,63475.08,692.1,18,35,18,14,17,317,0,0,0,117,302,0
208461,20,-0.1,-0.04,-0.4,-0.3,1,0.1,0.2,0.15,30,60.1,439,428,12,416,130,0,166,0,120,0,0,11,9,448,250,166,448,167357.01,1744.09,18,13,32,19,32,302,0,0,130,0,286,0
208462,20,-0.1,-0.04,-0.4,-0.3,1,0.1,0.2,0.15,40,51.79,442,431,12,419,136,144,34,24,26,55,0,11,6,448,217,202,448,80565.24,869.61,36,48,50,32,43,28,25,157,136,144,60,79
208463,20,-0.1,-0.04,-0.4,-0.3,1,0.1,0.2,0.15,40,50.12,442,431,12,419,0,146,39,24,59,151,0,11,6,448,210,209,448,50919.52,556.32,18,35,18,14,17,15,21,281,0,146,98,175
208464,20,-0.1,-0.04,-0.4,-0.3,1,0.1,0.2,0.15,40,60.1,439,428,12,416,148,0,106,60,27,75,0,11,9,448,250,166,448,174951.06,1820.99,18,13,32,19,32,16,11,275,148,0,133,135
208465,20,-0.1,-0.04,-0.4,-0.3,1,0.1,0.2,0.15,50,51.31,442,431,12,419,138,145,0,59,0,77,0,11,6,448,215,204,448,77596.49,838.35,36,48,50,32,43,28,25,157,138,145,0,136
208466,20,-0.1,-0.04,-0.4,-0.3,1,0.1,0.2,0.15,50,49.16,442,431,12,419,0,149,0,64,0,206,0,11,6,448,206,213,448,43512.25,475.89,18,35,18,14,17,15,21,281,0,149,0,270
208467,20,-0.1,-0.04,-0.4,-0.3,1,0.1,0.2,0.15,50,59.86,439,428,12,416,150,0,0,167,0,99,0,11,9,448,249,167,448,168709.55,1755.17,18,13,32,19,32,16,11,275,150,0,0,266
208468,20,-0.1,-0.04,-0.4,-0.3,1,0.1,0.2,0.15,60,51.31,442,431,12,419,138,145,0,59,0,77,0,11,6,448,215,204,448,77596.49,838.35,36,48,50,32,43,28,25,157,138,145,0,136
208469,20,-0.1,-0.04,-0.4,-0.3,1,0.1,0.2,0.15,60,49.16,442,431,12,419,0,149,0,64,0,206,0,11,6,448,206,213,448,43512.25,475.89,18,35,18,14,17,15,21,281,0,149,0,270
208470,20,-0.1,-0.04,-0.4,-0.3,1,0.1,0.2,0.15,60,59.86,439,428,12,416,150,0,0,167,0,99,0,11,9,448,249,167,448,168709.55,1755.17,18,13,32,19,32,16,11,275,150,0,0,266
208471,20,-0.1,-0.04,-0.4,-0.3,1,0.2,0.1,0.15,20,61.85,442,431,9,422,212,75,86,0,49,0,0,11,6,448,261,161,448,67805.86,716.27,136,82,43,161,0,0,0,0,212,75,135,0
208472,20,-0.1,-0.04,-0.4,-0.3,1,0.2,0.1,0.15,20,54.98,442,431,9,422,0,85,105,0,232,0,0,11,6,448,232,190,448,84367.88,894.15,18,35,18,351,0,0,0,0,0,85,337,0
208473,20,-0.1,-0.04,-0.4,-0.3,1,0.2,0.1,0.15,20,64.92,439,428,9,419,219,0,147,0,53,0,0,11,9,448,272,147,448,100010.31,1040.87,118,53,28,220,0,0,0,0,219,0,200,0
208474,20,-0.1,-0.04,-0.4,-0.3,1,0.2,0.1,0.15,30,63.42,442,431,10,421,244,99,55,0,23,0,0,11,6,448,267,154,448,64029.52,686.71,136,82,43,26,33,101,0,0,244,99,78,0
208475,20,-0.1,-0.04,-0.4,-0.3,1,0.2,0.1,0.15,30,52.03,442,431,12,419,0,117,84,0,218,0,0,11,6,448,218,201,448,63475.08,692.1,18,35,18,14,17,317,0,0,0,117,302,0
208476,20,-0.1,-0.04,-0.4,-0.3,1,0.2,0.1,0.15,30,69.38,439,428,10,418,260,0,128,0,30,0,0,11,9,448,290,128,448,134791.66,1405.79,118,53,28,20,27,172,0,0,260,0,158,0
208477,20,-0.1,-0.04,-0.4,-0.3,1,0.2,0.1,0.15,40,62.71,442,431,10,421,254,120,23,14,4,6,0,11,6,448,264,157,448,50131.6,544.3,136,82,43,26,33,23,20,58,254,120,27,20
208478,20,-0.1,-0.04,-0.4,-0.3,1,0.2,0.1,0.15,40,50.12,442,431,12,419,0,146,39,24,59,151,0,11,6,448,210,209,448,50919.52,556.32,18,35,18,14,17,15,21,281,0,146,98,175
208479,20,-0.1,-0.04,-0.4,-0.3,1,0.2,0.1,0.15,40,70.57,439,428,10,418,279,0,78,45,4,12,0,11,9,448,295,123,448,139756.43,1454.42,118,53,28,20,27,14,14,144,279,0,82,57
208480,20,-0.1,-0.04,-0.4,-0.3,1,0.2,0.1,0.15,50,62.71,442,431,10,421,254,120,0,37,0,10,0,11,6,448,264,157,448,48272.89,524.57,136,82,43,26,33,23,20,58,254,120,0,47
208481,20,-0.1,-0.04,-0.4,-0.3,1,0.2,0.1,0.15,50,49.16,442,431,12,419,0,149,0,64,0,206,0,11,6,448,206,213,448,43512.25,475.89,18,35,18,14,17,15,21,281,0,149,0,270
208482,20,-0.1,-0.04,-0.4,-0.3,1,0.2,0.1,0.15,50,70.81,439,428,10,418,279,0,0,122,0,17,0,11,9,448,296,122,448,137205.07,1427.08,118,53,28,20,27,14,14,144,279,0,0,139
208483,20,-0.1,-0.04,-0.4,-0.3,1,0.2,0.1,0.15,60,62.71,442,431,10,421,254,120,0,37,0,10,0,11,6,448,264,157,448,48272.89,524.57,136,82,43,26,33,23,20,58,254,120,0,47
208484,20,-0.1,-0.04,-0.4,-0.3,1,0.2,0.1,0.15,60,49.16,442,431,12,419,0,149,0,64,0,206,0,11,6,448,206,213,448,43512.25,475.89,18,35,18,14,17,15,21,281,0,149,0,270
208485,20,-0.1,-0.04,-0.4,-0.3,1,0.2,0.1,0.15,60,70.81,439,428,10,418,279,0,0,122,0,17,0,11,9,448,296,122,448,137205.07,1427.08,118,53,28,20,27,14,14,144,279,0,0,139
208486,20,-0.1,-0.04,-0.4,-0.3,1,0.2,0.2,0.15,20,54.98,442,431,9,422,81,85,105,0,151,0,0,11,6,448,232,190,448,93463.41,981.08,36,48,50,288,0,0,0,0,81,85,256,0
208487,20,-0.1,-0.04,-0.4,-0.3,1,0.2,0.2,0.15,20,54.98,442,431,9,422,0,85,105,0,232,0,0,11,6,448,232,190,448,84367.88,894.15,18,35,18,351,0,0,0,0,0,85,337,0
208488,20,-0.1,-0.04,-0.4,-0.3,1,0.2,0.2,0.15,20,57.52,439,428,9,419,82,0,178,0,159,0,0,11,9,448,241,178,448,121315.98,1262.18,18,13,32,356,0,0,0,0,82,0,337,0
208489,20,-0.1,-0.04,-0.4,-0.3,1,0.2,0.2,0.15,30,53.46,442,431,12,419,120,117,78,0,104,0,0,11,6,448,224,195,448,86981.72,930.61,36,48,50,32,43,210,0,0,120,117,182,0
208490,20,-0.1,-0.04,-0.4,-0.3,1,0.2,0.2,0.15,30,52.03,442,431,12,419,0,117,84,0,218,0,0,11,6,448,218,201,448,63475.08,692.1,18,35,18,14,17,317,0,0,0,117,302,0
208491,20,-0.1,-0.04,-0.4,-0.3,1,0.2,0.2,0.15,30,60.1,439,428,12,416,130,0,166,0,120,0,0,11,9,448,250,166,448,167357.01,1744.09,18,13,32,19,32,302,0,0,130,0,286,0
208492,20,-0.1,-0.04,-0.4,-0.3,1,0.2,0.2,0.15,40,51.79,442,431,12,419,136,144,34,24,26,55,0,11,6,448,217,202,448,80565.24,869.61,36,48,50,32,43,28,25,157,136,144,60,79
208493,20,-0.1,-0.04,-0.4,-0.3,1,0.2,0.2,0.15,40,50.12,442,431,12,419,0,146,39,24,59,151,0,11,6,448,210,209,448,50919.52,556.32,18,35,18,14,17,15,21,281,0,146,98,175
208494,20,-0.1,-0.04,-0.4,-0.3,1,0.2,0.2,0.15,40,60.1,439,428,12,416,148,0,106,60,27,75,0,11,9,448,250,166,448,174951.06,1820.99,18,13,32,19,32,16,11,275,148,0,133,135
208495,20,-0.1,-0.04,-0.4,-0.3,1,0.2,0.2,0.15,50,51.31,442,431,12,419,138,145,0,59,0,77,0,11,6,448,215,204,448,77596.49,838.35,36,48,50,32,43,28,25,157,138,145,0,136
208496,20,-0.1,-0.04,-0.4,-0.3,1,0.2,0.2,0.15,50,49.16,442,431,12,419,0,149,0,64,0,206,0,11,6,448,206,213,448,43512.25,475.89,18,35,18,14,17,15,21,281,0,149,0,270
208497,20,-0.1,-0.04,-0.4,-0.3,1,0.2,0.2,0.15,50,59.86,439,428,12,416,150,0,0,167,0,99,0,11,9,448,249,167,448,168709.55,1755.17,18,13,32,19,32,16,11,275,150,0,0,266
208498,20,-0.1,-0.04,-0.4,-0.3,1,0.2,0.2,0.15,60,51.31,442,431,12,419,138,145,0,59,0,77,0,11,6,448,215,204,448,77596.49,838.35,36,48,50,32,43,28,25,157,138,145,0,136
208499,20,-0.1,-0.04,-0.4,-0.3,1,0.2,0.2,0.15,60,49.16,442,431,12,419,0,149,0,64,0,206,0,11,6,448,206,213,448,43512.25,475.89,18,35,18,14,17,15,21,281,0,149,0,270
208500,20,-0.1,-0.04,-0.4,-0.3,1,0.2,0.2,0.15,60,59.86,439,428,12,416,150,0,0,167,0,99,0,11,9,448,249,167,448,168709.55,1755.17,18,13,32,19,32,16,11,275,150,0,0,266
208501,20,-0.1,-0.04,-0.4,-0.3,2,0.1,0.1,0.15,20,67.54,442,431,9,422,232,73,64,0,53,0,0,11,6,448,285,137,448,107937.67,1420.79,142,83,53,144,0,0,0,0,232,73,117,0
208502,20,-0.1,-0.04,-0.4,-0.3,2,0.1,0.1,0.15,20,60.9,442,431,9,422,0,85,80,0,257,0,0,11,6,448,257,165,448,124203.74,1645.36,18,35,18,351,0,0,0,0,0,85,337,0
208503,20,-0.1,-0.04,-0.4,-0.3,2,0.1,0.1,0.15,20,72.79,439,428,9,419,246,0,114,0,59,0,0,11,9,448,305,114,448,168705.82,1817.99,124,57,44,194,0,0,0,0,246,0,173,0
208504,20,-0.1,-0.04,-0.4,-0.3,2,0.1,0.1,0.15,30,66.75,442,431,10,421,264,96,44,0,17,0,0,11,6,448,281,140,448,100836.62,1441.54,142,83,53,27,34,82,0,0,264,96,61,0
208505,20,-0.1,-0.04,-0.4,-0.3,2,0.1,0.1,0.15,30,53.94,442,431,12,419,0,117,76,0,226,0,0,11,6,448,226,193,448,119922.09,1605.95,18,35,18,14,17,317,0,0,0,117,302,0
208506,20,-0.1,-0.04,-0.4,-0.3,2,0.1,0.1,0.15,30,76.56,439,428,10,418,292,0,98,0,28,0,0,11,9,448,320,98,448,233030.29,2228.51,124,57,44,21,31,141,0,0,292,0,126,0
208507,20,-0.1,-0.04,-0.4,-0.3,2,0.1,0.1,0.15,40,66.75,442,431,10,421,271,110,19,11,4,6,0,11,6,448,281,140,448,91493.75,1418.54,142,83,53,27,34,21,13,48,271,110,23,17
208508,20,-0.1,-0.04,-0.4,-0.3,2,0.1,0.1,0.15,40,52.27,442,431,12,419,0,146,37,17,61,158,0,11,6,448,219,200,448,108668.99,1587.57,18,35,18,14,17,15,21,281,0,146,98,175
208509,20,-0.1,-0.04,-0.4,-0.3,2,0.1,0.1,0.15,40,78.23,439,428,10,418,307,0,64,27,5,15,0,11,9,448,327,91,448,246387.32,2320.1,124,57,44,21,31,15,9,117,307,0,69,42
208510,20,-0.1,-0.04,-0.4,-0.3,2,0.1,0.1,0.15,50,66.75,442,431,10,421,271,110,0,30,0,10,0,11,6,448,281,140,448,88938.85,1402.18,142,83,53,27,34,21,13,48,271,110,0,40
208511,20,-0.1,-0.04,-0.4,-0.3,2,0.1,0.1,0.15,50,51.55,442,431,12,419,0,149,0,54,0,216,0,11,6,448,216,203,448,99294.36,1516.1,18,35,18,14,17,15,21,281,0,149,0,270
208512,20,-0.1,-0.04,-0.4,-0.3,2,0.1,0.1,0.15,50,78.23,439,428,10,418,307,0,0,91,0,20,0,11,9,448,327,91,448,241514.36,2290.23,124,57,44,21,31,15,9,117,307,0,0,111
208513,20,-0.1,-0.04,-0.4,-0.3,2,0.1,0.1,0.15,60,66.75,442,431,10,421,271,110,0,30,0,10,0,11,6,448,281,140,448,88938.85,1402.18,142,83,53,27,34,21,13,48,271,110,0,40
208514,20,-0.1,-0.04,-0.4,-0.3,2,0.1,0.1,0.15,60,51.55,442,431,12,419,0,149,0,54,0,216,0,11,6,448,216,203,448,99294.36,1516.1,18,35,18,14,17,15,21,281,0,149,0,270
208515,20,-0.1,-0.04,-0.4,-0.3,2,0.1,0.1,0.15,60,78.23,439,428,10,418,307,0,0,91,0,20,0,11,9,448,327,91,448,241514.36,2290.23,124,57,44,21,31,15,9,117,307,0,0,111
208516,20,-0.1,-0.04,-0.4,-0.3,2,0.1,0.2,0.15,20,60.9,442,431,9,422,89,85,80,0,168,0,0,11,6,448,257,165,448,136222.87,1744.8,37,54,50,281,0,0,0,0,89,85,248,0
208517,20,-0.1,-0.04,-0.4,-0.3,2,0.1,0.2,0.15,20,60.9,442,431,9,422,0,85,80,0,257,0,0,11,6,448,257,165,448,124203.74,1645.36,18,35,18,351,0,0,0,0,0,85,337,0
208518,20,-0.1,-0.04,-0.4,-0.3,2,0.1,0.2,0.15,20,65.87,439,428,9,419,92,0,143,0,184,0,0,11,9,448,276,143,448,180649.88,2090.52,19,19,33,348,0,0,0,0,92,0,327,0
208519,20,-0.1,-0.04,-0.4,-0.3,2,0.1,0.2,0.15,30,55.37,442,431,12,419,132,117,70,0,100,0,0,11,6,448,232,187,448,142447.63,1834.75,37,54,50,33,45,200,0,0,132,117,170,0
208520,20,-0.1,-0.04,-0.4,-0.3,2,0.1,0.2,0.15,30,53.94,442,431,12,419,0,117,76,0,226,0,0,11,6,448,226,193,448,119922.09,1605.95,18,35,18,14,17,317,0,0,0,117,302,0
208521,20,-0.1,-0.04,-0.4,-0.3,2,0.1,0.2,0.15,30,65.62,439,428,12,416,146,0,143,0,127,0,0,11,9,448,273,143,448,289845.36,2753.47,19,19,33,21,37,287,0,0,146,0,270,0
208522,20,-0.1,-0.04,-0.4,-0.3,2,0.1,0.2,0.15,40,54.18,442,431,12,419,152,144,31,17,26,49,0,11,6,448,227,192,448,126595.84,1830.98,37,54,50,33,45,30,25,145,152,144,57,66
208523,20,-0.1,-0.04,-0.4,-0.3,2,0.1,0.2,0.15,40,52.27,442,431,12,419,0,146,37,17,61,158,0,11,6,448,219,200,448,108668.99,1587.57,18,35,18,14,17,15,21,281,0,146,98,175
208524,20,-0.1,-0.04,-0.4,-0.3,2,0.1,0.2,0.15,40,66.35,439,428,12,416,170,0,97,43,31,75,0,11,9,448,276,140,448,306695.5,2910.6,19,19,33,21,37,17,13,257,170,0,128,118
208525,20,-0.1,-0.04,-0.4,-0.3,2,0.1,0.2,0.15,50,53.7,442,431,12,419,154,144,0,50,0,71,0,11,6,448,225,194,448,124125.77,1815.07,37,54,50,33,45,30,25,145,154,144,0,121
208526,20,-0.1,-0.04,-0.4,-0.3,2,0.1,0.2,0.15,50,51.55,442,431,12,419,0,149,0,54,0,216,0,11,6,448,216,203,448,99294.36,1516.1,18,35,18,14,17,15,21,281,0,149,0,270
208527,20,-0.1,-0.04,-0.4,-0.3,2,0.1,0.2,0.15,50,66.35,439,428,12,416,172,0,0,140,0,104,0,11,9,448,276,140,448,298493.51,2864.88,19,19,33,21,37,17,13,257,172,0,0,244
208528,20,-0.1,-0.04,-0.4,-0.3,2,0.1,0.2,0.15,60,53.7,442,431,12,419,154,144,0,50,0,71,0,11,6,448,225,194,448,124125.77,1815.07,37,54,50,33,45,30,25,145,154,144,0,121
208529,20,-0.1,-0.04,-0.4,-0.3,2,0.1,0.2,0.15,60,51.55,442,431,12,419,0,149,0,54,0,216,0,11,6,448,216,203,448,99294.36,1516.1,18,35,18,14,17,15,21,281,0,149,0,270
208530,20,-0.1,-0.04,-0.4,-0.3,2,0.1,0.2,0.15,60,66.35,439,428,12,416,172,0,0,140,0,104,0,11,9,448,276,140,448,298493.51,2864.88,19,19,33,21,37,17,13,257,172,0,0,244
208531,20,-0.1,-0.04,-0.4,-0.3,2,0.2,0.1,0.15,20,61.85,442,431,9,422,212,75,86,0,49,0,0,11,6,448,261,161,448,67805.86,716.27,136,82,43,161,0,0,0,0,212,75,135,0
208532,20,-0.1,-0.04,-0.4,-0.3,2,0.2,0.1,0.15,20,54.98,442,431,9,422,0,85,105,0,232,0,0,11,6,448,232,190,448,84367.88,894.15,18,35,18,351,0,0,0,0,0,85,337,0
208533,20,-0.1,-0.04,-0.4,-0.3,2,0.2,0.1,0.15,20,64.92,439,428,9,419,219,0,147,0,53,0,0,11,9,448,272,147,448,100010.31,1040.87,118,53,28,220,0,0,0,0,219,0,200,0
208534,20,-0.1,-0.04,-0.4,-0.3,2,0.2,0.1,0.15,30,63.42,442,431,10,421,244,99,55,0,23,0,0,11,6,448,267,154,448,64029.52,686.71,136,82,43,26,33,101,0,0,244,99,78,0
208535,20,-0.1,-0.04,-0.4,-0.3,2,0.2,0.1,0.15,30,52.03,442,431,12,419,0,117,84,0,218,0,0,11,6,448,218,201,448,63475.08,692.1,18,35,18,14,17,317,0,0,0,117,302,0
208536,20,-0.1,-0.04,-0.4,-0.3,2,0.2,0.1,0.15,30,69.38,439,428,10,418,260,0,128,0,30,0,0,11,9,448,290,128,448,134791.66,1405.79,118,53,28,20,27,172,0,0,260,0,158,0
208537,20,-0.1,-0.04,-0.4,-0.3,2,0.2,0.1,0.15,40,62.71,442,431,10,421,254,120,23,14,4,6,0,11,6,448,264,157,448,50131.6,544.3,136,82,43,26,33,23,20,58,254,120,27,20
208538,20,-0.1,-0.04,-0.4,-0.3,2,0.2,0.1,0.15,40,50.12,442,431,12,419,0,146,39,24,59,151,0,11,6,448,210,209,448,50919.52,556.32,18,35,18,14,17,15,21,281,0,146,98,175
208539,20,-0.1,-0.04,-0.4,-0.3,2,0.2,0.1,0.15,40,70.57,439,428,10,418,279,0,78,45,4,12,0,11,9,448,295,123,448,139756.43,1454.42,118,53,28,20,27,14,14,144,279,0,82,57
208540,20,-0.1,-0.04,-0.4,-0.3,2,0.2,0.1,0.15,50,62.71,442,431,10,421,254,120,0,37,0,10,0,11,6,448,264,157,448,48272.89,524.57,136,82,43,26,33,23,20,58,254,120,0,47
208541,20,-0.1,-0.04,-0.4,-0.3,2,0.2,0.1,0.15,50,49.16,442,431,12,419,0,149,0,64,0,206,0,11,6,448,206,213,448,43512.25,475.89,18,35,18,14,17,15,21,281,0,149,0,270
208542,20,-0.1,-0.04,-0.4,-0.3,2,0.2,0.1,0.15,50,70.81,439,428,10,418,279,0,0,122,0,17,0,11,9,448,296,122,448,137205.07,1427.08,118,53,28,20,27,14,14,144,279,0,0,139
208543,20,-0.1,-0.04,-0.4,-0.3,2,0.2,0.1,0.15,60,62.71,442,431,10,421,254,120,0,37,0,10,0,11,6,448,264,157,448,48272.89,524.57,136,82,43,26,33,23,20,58,254,120,0,47
208544,20,-0.1,-0.04,-0.4,-0.3,2,0.2,0.1,0.15,60,49.16,442,431,12,419,0,149,0,64,0,206,0,11,6,448,206,213,448,43512.25,475.89,18,35,18,14,17,15,21,281,0,149,0,270
208545,20,-0.1,-0.04,-0.4,-0.3,2,0.2,0.1,0.15,60,70.81,439,428,10,418,279,0,0,122,0,17,0,11,9,448,296,122,448,137205.07,1427.08,118,53,28,20,27,14,14,144,279,0,0,139
208546,20,-0.1,-0.04,-0.4,-0.3,2,0.2,0.2,0.15,20,54.98,442,431,9,422,81,85,105,0,151,0,0,11,6,448,232,190,448,93463.41,981.08,36,48,50,288,0,0,0,0,81,85,256,0
208547,20,-0.1,-0.04,-0.4,-0.3,2,0.2,0.2,0.15,20,54.98,442,431,9,422,0,85,105,0,232,0,0,11,6,448,232,190,448,84367.88,894.15,18,35,18,351,0,0,0,0,0,85,337,0
208548,20,-0.1,-0.04,-0.4,-0.3,2,0.2,0.2,0.15,20,57.52,439,428,9,419,82,0,178,0,159,0,0,11,9,448,241,178,448,121315.98,1262.18,18,13,32,356,0,0,0,0,82,0,337,0
208549,20,-0.1,-0.04,-0.4,-0.3,2,0.2,0.2,0.15,30,53.46,442,431,12,419,120,117,78,0,104,0,0,11,6,448,224,195,448,86981.72,930.61,36,48,50,32,43,210,0,0,120,117,182,0
208550,20,-0.1,-0.04,-0.4,-0.3,2,0.2,0.2,0.15,30,52.03,442,431,12,419,0,117,84,0,218,0,0,11,6,448,218,201,448,63475.08,692.1,18,35,18,14,17,317,0,0,0,117,302,0
208551,20,-0.1,-0.04,-0.4,-0.3,2,0.2,0.2,0.15,30,60.1,439,428,12,416,130,0,166,0,120,0,0,11,9,448,250,166,448,167357.01,1744.09,18,13,32,19,32,302,0,0,130,0,286,0
208552,20,-0.1,-0.04,-0.4,-0.3,2,0.2,0.2,0.15,40,51.79,442,431,12,419,136,144,34,24,26,55,0,11,6,448,217,202,448,80565.24,869.61,36,48,50,32,43,28,25,157,136,144,60,79
208553,20,-0.1,-0.04,-0.4,-0.3,2,0.2,0.2,0.15,40,50.12,442,431,12,419,0,146,39,24,59,151,0,11,6,448,210,209,448,50919.52,556.32,18,35,18,14,17,15,21,281,0,146,98,175
208554,20,-0.1,-0.04,-0.4,-0.3,2,0.2,0.2,0.15,40,60.1,439,428,12,416,148,0,106,60,27,75,0,11,9,448,250,166,448,174951.06,1820.99,18,13,32,19,32,16,11,275,148,0,133,135
208555,20,-0.1,-0.04,-0.4,-0.3,2,0.2,0.2,0.15,50,51.31,442,431,12,419,138,145,0,59,0,77,0,11,6,448,215,204,448,77596.49,838.35,36,48,50,32,43,28,25,157,138,145,0,136
208556,20,-0.1,-0.04,-0.4,-0.3,2,0.2,0.2,0.15,50,49.16,442,431,12,419,0,149,0,64,0,206,0,11,6,448,206,213,448,43512.25,475.89,18,35,18,14,17,15,21,281,0,149,0,270
208557,20,-0.1,-0.04,-0.4,-0.3,2,0.2,0.2,0.15,50,59.86,439,428,12,416,150,0,0,167,0,99,0,11,9,448,249,167,448,168709.55,1755.17,18,13,32,19,32,16,11,275,150,0,0,266
208558,20,-0.1,-0.04,-0.4,-0.3,2,0.2,0.2,0.15,60,51.31,442,431,12,419,138,145,0,59,0,77,0,11,6,448,215,204,448,77596.49,838.35,36,48,50,32,43,28,25,157,138,145,0,136
208559,20,-0.1,-0.04,-0.4,-0.3,2,0.2,0.2,0.15,60,49.16,442,431,12,419,0,149,0,64,0,206,0,11,6,448,206,213,448,43512.25,475.89,18,35,18,14,17,15,21,281,0,149,0,270
208560,20,-0.1,-0.04,-0.4,-0.3,2,0.2,0.2,0.15,60,59.86,439,428,12,416,150,0,0,167,0,99,0,11,9,448,249,167,448,168709.55,1755.17,18,13,32,19,32,16,11,275,150,0,0,266
208561,20,-0.1,-0.04,-0.4,-0.25,1,0.1,0.1,0.15,20,59.93,617,595,11,584,275,108,126,0,75,0,0,22,9,626,350,234,626,67684.88,714.8,180,107,60,237,0,0,0,0,275,108,201,0
208562,20,-0.1,-0.04,-0.4,-0.25,1,0.1,0.1,0.15,20,53.69,617,595,12,583,0,119,151,0,313,0,0,22,9,626,313,270,626,88404.99,945.02,31,42,25,485,0,0,0,0,0,119,464,0
208563,20,-0.1,-0.04,-0.4,-0.25,1,0.1,0.1,0.15,20,62.24,614,592,12,580,282,0,219,0,79,0,0,22,12,626,361,219,626,97692.08,1031.62,149,72,38,321,0,0,0,0,282,0,298,0
208564,20,-0.1,-0.04,-0.4,-0.25,1,0.1,0.1,0.15,30,61.03,617,595,15,580,320,143,83,0,34,0,0,22,9,626,354,226,626,60197.41,655.92,180,107,60,36,49,148,0,0,320,143,117,0
208565,20,-0.1,-0.04,-0.4,-0.25,1,0.1,0.1,0.15,30,49.91,617,595,20,575,0,164,124,0,287,0,0,22,9,626,287,288,626,51325.8,588.83,31,42,25,21,27,429,0,0,0,164,411,0
208566,20,-0.1,-0.04,-0.4,-0.25,1,0.1,0.1,0.15,30,65.97,614,592,16,576,339,0,196,0,41,0,0,22,12,626,380,196,626,136539.78,1446.59,149,72,38,23,37,257,0,0,339,0,237,0
208567,20,-0.1,-0.04,-0.4,-0.25,1,0.1,0.1,0.15,40,60.69,617,595,15,580,337,170,34,24,7,8,0,22,9,626,352,228,626,48083.84,521.1,180,107,60,36,49,31,27,90,337,170,41,32
208568,20,-0.1,-0.04,-0.4,-0.25,1,0.1,0.1,0.15,40,48.52,617,595,20,575,0,201,60,35,72,207,0,22,9,626,279,296,626,33041.78,389.64,31,42,25,21,27,18,30,381,0,201,132,242
208569,20,-0.1,-0.04,-0.4,-0.25,1,0.1,0.1,0.15,40,68.0,614,592,17,575,367,0,111,73,8,16,0,22,12,626,391,184,626,165429.53,1708.67,149,72,38,23,37,20,17,219,367,0,119,89
208570,20,-0.1,-0.04,-0.4,-0.25,1,0.1,0.1,0.15,50,60.69,617,595,15,580,337,171,0,57,0,15,0,22,9,626,352,228,626,45980.18,498.44,180,107,60,36,49,31,27,90,337,171,0,72
208571,20,-0.1,-0.04,-0.4,-0.25,1,0.1,0.1,0.15,50,47.83,617,595,20,575,0,206,0,94,0,275,0,22,9,626,275,300,626,22976.5,281.68,31,42,25,21,27,18,30,381,0,206,0,369
208572,20,-0.1,-0.04,-0.4,-0.25,1,0.1,0.1,0.15,50,68.17,614,592,17,575,367,0,0,183,0,25,0,22,12,626,392,183,626,159445.12,1645.23,149,72,38,23,37,20,17,219,367,0,0,208
208573,20,-0.1,-0.04,-0.4,-0.25,1,0.1,0.1,0.15,60,60.69,617,595,15,580,337,171,0,57,0,15,0,22,9,626,352,228,626,45980.18,498.44,180,107,60,36,49,31,27,90,337,171,0,72
208574,20,-0.1,-0.04,-0.4,-0.25,1,0.1,0.1,0.15,60,47.83,617,595,20,575,0,206,0,94,0,275,0,22,9,626,275,300,626,22976.5,281.68,31,42,25,21,27,18,30,381,0,206,0,369
208575,20,-0.1,-0.04,-0.4,-0.25,1,0.1,0.1,0.15,60,68.17,614,592,17,575,367,0,0,183,0,25,0,22,12,626,392,183,626,159445.12,1645.23,149,72,38,23,37,20,17,219,367,0,0,208
208576,20,-0.1,-0.04,-0.4,-0.25,1,0.1,0.2,0.15,20,53.69,617,595,12,583,106,119,151,0,207,0,0,22,9,626,313,270,626,100599.71,1061.6,53,58,65,407,0,0,0,0,106,119,358,0
208577,20,-0.1,-0.04,-0.4,-0.25,1,0.1,0.2,0.15,20,53.69,617,595,12,583,0,119,151,0,313,0,0,22,9,626,313,270,626,88404.99,945.02,31,42,25,485,0,0,0,0,0,119,464,0
208578,20,-0.1,-0.04,-0.4,-0.25,1,0.1,0.2,0.15,20,55.61,614,592,13,579,107,0,257,0,215,0,0,22,12,626,322,257,626,119618.96,1267.04,22,16,40,501,0,0,0,0,107,0,472,0
208579,20,-0.1,-0.04,-0.4,-0.25,1,0.1,0.2,0.15,30,51.74,617,595,19,576,156,163,115,0,142,0,0,22,9,626,298,278,626,95133.09,1031.86,53,58,65,49,58,293,0,0,156,163,257,0
208580,20,-0.1,-0.04,-0.4,-0.25,1,0.1,0.2,0.15,30,49.91,617,595,20,575,0,164,124,0,287,0,0,22,9,626,287,288,626,51325.8,588.83,31,42,25,21,27,429,0,0,0,164,411,0
208581,20,-0.1,-0.04,-0.4,-0.25,1,0.1,0.2,0.15,30,57.17,614,592,20,572,166,0,245,0,161,0,0,22,12,626,327,245,626,176486.48,1869.34,22,16,40,29,38,427,0,0,166,0,406,0
208582,20,-0.1,-0.04,-0.4,-0.25,1,0.1,0.2,0.15,40,50.69,617,595,19,576,179,198,51,35,32,81,0,22,9,626,292,284,626,91930.61,1000.54,53,58,65,49,58,36,37,220,179,198,83,116
208583,20,-0.1,-0.04,-0.4,-0.25,1,0.1,0.2,0.15,40,48.52,617,595,20,575,0,201,60,35,72,207,0,22,9,626,279,296,626,33041.78,389.64,31,42,25,21,27,18,30,381,0,201,132,242
208584,20,-0.1,-0.04,-0.4,-0.25,1,0.1,0.2,0.15,40,58.49,614,592,21,571,193,0,147,90,34,107,0,22,12,626,334,237,626,210775.21,2195.34,22,16,40,29,38,21,17,388,193,0,181,197
208585,20,-0.1,-0.04,-0.4,-0.25,1,0.1,0.2,0.15,50,50.17,617,595,19,576,181,200,0,87,0,108,0,22,9,626,289,287,626,86291.35,941.35,53,58,65,49,58,36,37,220,181,200,0,195
208586,20,-0.1,-0.04,-0.4,-0.25,1,0.1,0.2,0.15,50,47.83,617,595,20,575,0,206,0,94,0,275,0,22,9,626,275,300,626,22976.5,281.68,31,42,25,21,27,18,30,381,0,206,0,369
208587,20,-0.1,-0.04,-0.4,-0.25,1,0.1,0.2,0.15,50,58.14,614,592,21,571,195,0,0,239,0,137,0,22,12,626,332,239,626,197878.66,2060.42,22,16,40,29,38,21,17,388,195,0,0,376
208588,20,-0.1,-0.04,-0.4,-0.25,1,0.1,0.2,0.15,60,50.17,617,595,19,576,181,200,0,87,0,108,0,22,9,626,289,287,626,86291.35,941.35,53,58,65,49,58,36,37,220,181,200,0,195
208589,20,-0.1,-0.04,-0.4,-0.25,1,0.1,0.2,0.15,60,47.83,617,595,20,575,0,206,0,94,0,275,0,22,9,626,275,300,626,22976.5,281.68,31,42,25,21,27,18,30,381,0,206,0,369
208590,20,-0.1,-0.04,-0.4,-0.25,1,0.1,0.2,0.15,60,58.14,614,592,21,571,195,0,0,239,0,137,0,22,12,626,332,239,626,197878.66,2060.42,22,16,40,29,38,21,17,388,195,0,0,376
208591,20,-0.1,-0.04,-0.4,-0.25,1,0.2,0.1,0.15,20,59.93,617,595,11,584,275,108,126,0,75,0,0,22,9,626,350,234,626,67684.88,714.8,180,107,60,237,0,0,0,0,275,108,201,0
208592,20,-0.1,-0.04,-0.4,-0.25,1,0.2,0.1,0.15,20,53.69,617,595,12,583,0,119,151,0,313,0,0,22,9,626,313,270,626,88404.99,945.02,31,42,25,485,0,0,0,0,0,119,464,0
208593,20,-0.1,-0.04,-0.4,-0.25,1,0.2,0.1,0.15,20,62.24,614,592,12,580,282,0,219,0,79,0,0,22,12,626,361,219,626,97692.08,1031.62,149,72,38,321,0,0,0,0,282,0,298,0
208594,20,-0.1,-0.04,-0.4,-0.25,1,0.2,0.1,0.15,30,61.03,617,595,15,580,320,143,83,0,34,0,0,22,9,626,354,226,626,60197.41,655.92,180,107,60,36,49,148,0,0,320,143,117,0
208595,20,-0.1,-0.04,-0.4,-0.25,1,0.2,0.1,0.15,30,49.91,617,595,20,575,0,164,124,0,287,0,0,22,9,626,287,288,626,51325.8,588.83,31,42,25,21,27,429,0,0,0,164,411,0
208596,20,-0.1,-0.04,-0.4,-0.25,1,0.2,0.1,0.15,30,65.97,614,592,16,576,339,0,196,0,41,0,0,22,12,626,380,196,626,136539.78,1446.59,149,72,38,23,37,257,0,0,339,0,237,0
208597,20,-0.1,-0.04,-0.4,-0.25,1,0.2,0.1,0.15,40,60.69,617,595,15,580,337,170,34,24,7,8,0,22,9,626,352,228,626,48083.84,521.1,180,107,60,36,49,31,27,90,337,170,41,32
208598,20,-0.1,-0.04,-0.4,-0.25,1,0.2,0.1,0.15,40,48.52,617,595,20,575,0,201,60,35,72,207,0,22,9,626,279,296,626,33041.78,389.64,31,42,25,21,27,18,30,381,0,201,132,242
208599,20,-0.1,-0.04,-0.4,-0.25,1,0.2,0.1,0.15,40,68.0,614,592,17,575,367,0,111,73,8,16,0,22,12,626,391,184,626,165429.53,1708.67,149,72,38,23,37,20,17,219,367,0,119,89
208600,20,-0.1,-0.04,-0.4,-0.25,1,0.2,0.1,0.15,50,60.69,617,595,15,580,337,171,0,57,0,15,0,22,9,626,352,228,626,45980.18,498.44,180,107,60,36,49,31,27,90,337,171,0,72
208601,20,-0.1,-0.04,-0.4,-0.25,1,0.2,0.1,0.15,50,47.83,617,595,20,575,0,206,0,94,0,275,0,22,9,626,275,300,626,22976.5,281.68,31,42,25,21,27,18,30,381,0,206,0,369
208602,20,-0.1,-0.04,-0.4,-0.25,1,0.2,0.1,0.15,50,68.17,614,592,17,575,367,0,0,183,0,25,0,22,12,626,392,183,626,159445.12,1645.23,149,72,38,23,37,20,17,219,367,0,0,208
208603,20,-0.1,-0.04,-0.4,-0.25,1,0.2,0.1,0.15,60,60.69,617,595,15,580,337,171,0,57,0,15,0,22,9,626,352,228,626,45980.18,498.44,180,107,60,36,49,31,27,90,337,171,0,72
208604,20,-0.1,-0.04,-0.4,-0.25,1,0.2,0.1,0.15,60,47.83,617,595,20,575,0,206,0,94,0,275,0,22,9,626,275,300,626,22976.5,281.68,31,42,25,21,27,18,30,381,0,206,0,369
208605,20,-0.1,-0.04,-0.4,-0.25,1,0.2,0.1,0.15,60,68.17,614,592,17,575,367,0,0,183,0,25,0,22,12,626,392,183,626,159445.12,1645.23,149,72,38,23,37,20,17,219,367,0,0,208
208606,20,-0.1,-0.04,-0.4,-0.25,1,0.2,0.2,0.15,20,53.69,617,595,12,583,106,119,151,0,207,0,0,22,9,626,313,270,626,100599.71,1061.6,53,58,65,407,0,0,0,0,106,119,358,0
208607,20,-0.1,-0.04,-0.4,-0.25,1,0.2,0.2,0.15,20,53.69,617,595,12,583,0,119,151,0,313,0,0,22,9,626,313,270,626,88404.99,945.02,31,42,25,485,0,0,0,0,0,119,464,0
208608,20,-0.1,-0.04,-0.4,-0.25,1,0.2,0.2,0.15,20,55.61,614,592,13,579,107,0,257,0,215,0,0,22,12,626,322,257,626,119618.96,1267.04,22,16,40,501,0,0,0,0,107,0,472,0
208609,20,-0.1,-0.04,-0.4,-0.25,1,0.2,0.2,0.15,30,51.74,617,595,19,576,156,163,115,0,142,0,0,22,9,626,298,278,626,95133.09,1031.86,53,58,65,49,58,293,0,0,156,163,257,0
208610,20,-0.1,-0.04,-0.4,-0.25,1,0.2,0.2,0.15,30,49.91,617,595,20,575,0,164,124,0,287,0,0,22,9,626,287,288,626,51325.8,588.83,31,42,25,21,27,429,0,0,0,164,411,0
208611,20,-0.1,-0.04,-0.4,-0.25,1,0.2,0.2,0.15,30,57.17,614,592,20,572,166,0,245,0,161,0,0,22,12,626,327,245,626,176486.48,1869.34,22,16,40,29,38,427,0,0,166,0,406,0
208612,20,-0.1,-0.04,-0.4,-0.25,1,0.2,0.2,0.15,40,50.69,617,595,19,576,179,198,51,35,32,81,0,22,9,626,292,284,626,91930.61,1000.54,53,58,65,49,58,36,37,220,179,198,83,116
208613,20,-0.1,-0.04,-0.4,-0.25,1,0.2,0.2,0.15,40,48.52,617,595,20,575,0,201,60,35,72,207,0,22,9,626,279,296,626,33041.78,389.64,31,42,25,21,27,18,30,381,0,201,132,242
208614,20,-0.1,-0.04,-0.4,-0.25,1,0.2,0.2,0.15,40,58.49,614,592,21,571,193,0,147,90,34,107,0,22,12,626,334,237,626,210775.21,2195.34,22,16,40,29,38,21,17,388,193,0,181,197
208615,20,-0.1,-0.04,-0.4,-0.25,1,0.2,0.2,0.15,50,50.17,617,595,19,576,181,200,0,87,0,108,0,22,9,626,289,287,626,86291.35,941.35,53,58,65,49,58,36,37,220,181,200,0,195
208616,20,-0.1,-0.04,-0.4,-0.25,1,0.2,0.2,0.15,50,47.83,617,595,20,575,0,206,0,94,0,275,0,22,9,626,275,300,626,22976.5,281.68,31,42,25,21,27,18,30,381,0,206,0,369
208617,20,-0.1,-0.04,-0.4,-0.25,1,0.2,0.2,0.15,50,58.14,614,592,21,571,195,0,0,239,0,137,0,22,12,626,332,239,626,197878.66,2060.42,22,16,40,29,38,21,17,388,195,0,0,376
208618,20,-0.1,-0.04,-0.4,-0.25,1,0.2,0.2,0.15,60,50.17,617,595,19,576,181,200,0,87,0,108,0,22,9,626,289,287,626,86291.35,941.35,53,58,65,49,58,36,37,220,181,200,0,195
208619,20,-0.1,-0.04,-0.4,-0.25,1,0.2,0.2,0.15,60,47.83,617,595,20,575,0,206,0,94,0,275,0,22,9,626,275,300,626,22976.5,281.68,31,42,25,21,27,18,30,381,0,206,0,369
208620,20,-0.1,-0.04,-0.4,-0.25,1,0.2,0.2,0.15,60,58.14,614,592,21,571,195,0,0,239,0,137,0,22,12,626,332,239,626,197878.66,2060.42,22,16,40,29,38,21,17,388,195,0,0,376
208621,20,-0.1,-0.04,-0.4,-0.25,2,0.1,0.1,0.15,20,65.24,617,595,11,584,304,105,98,0,77,0,0,22,9,626,381,203,626,119621.4,1753.16,188,110,70,216,0,0,0,0,304,105,175,0
208622,20,-0.1,-0.04,-0.4,-0.25,2,0.1,0.1,0.15,20,59.18,617,595,12,583,0,119,119,0,345,0,0,22,9,626,345,238,626,139307.09,2032.83,31,42,25,485,0,0,0,0,0,119,464,0
208623,20,-0.1,-0.04,-0.4,-0.25,2,0.1,0.1,0.15,20,70.0,614,592,12,580,318,0,174,0,88,0,0,22,12,626,406,174,626,172850.76,2144.75,157,78,55,290,0,0,0,0,318,0,262,0
208624,20,-0.1,-0.04,-0.4,-0.25,2,0.1,0.1,0.15,30,65.4,617,595,14,581,349,138,63,0,31,0,0,22,9,626,380,201,626,112584.02,1805.47,188,110,70,41,49,123,0,0,349,138,94,0
208625,20,-0.1,-0.04,-0.4,-0.25,2,0.1,0.1,0.15,30,52.87,617,595,20,575,0,164,107,0,304,0,0,22,9,626,304,271,626,112525.93,1866.1,31,42,25,21,27,429,0,0,0,164,411,0
208626,20,-0.1,-0.04,-0.4,-0.25,2,0.1,0.1,0.15,30,73.66,614,592,15,577,380,0,152,0,45,0,0,22,12,626,425,152,626,246373.6,2634.02,157,78,55,28,41,218,0,0,380,0,197,0
208627,20,-0.1,-0.04,-0.4,-0.25,2,0.1,0.1,0.15,40,65.06,617,595,14,581,362,158,30,15,7,9,0,22,9,626,378,203,626,99245.95,1774.61,188,110,70,41,49,29,21,73,362,158,37,24
208628,20,-0.1,-0.04,-0.4,-0.25,2,0.1,0.1,0.15,40,50.96,617,595,20,575,0,201,58,23,74,219,0,22,9,626,293,282,626,97445.13,1820.22,31,42,25,21,27,18,30,381,0,201,132,242
208629,20,-0.1,-0.04,-0.4,-0.25,2,0.1,0.1,0.15,40,76.39,614,592,16,576,406,0,92,44,11,23,0,22,12,626,440,136,626,299529.35,2928.78,157,78,55,28,41,21,15,181,406,0,103,67
208630,20,-0.1,-0.04,-0.4,-0.25,2,0.1,0.1,0.15,50,65.23,617,595,14,581,362,159,0,43,0,17,0,22,9,626,379,202,626,96895.99,1755.53,188,110,70,41,49,29,21,73,362,159,0,60
208631,20,-0.1,-0.04,-0.4,-0.25,2,0.1,0.1,0.15,50,50.61,617,595,20,575,0,206,0,78,0,291,0,22,9,626,291,284,626,86186.14,1721.61,31,42,25,21,27,18,30,381,0,206,0,369
208632,20,-0.1,-0.04,-0.4,-0.25,2,0.1,0.1,0.15,50,76.39,614,592,16,576,406,0,0,136,0,34,0,22,12,626,440,136,626,288812.21,2864.8,157,78,55,28,41,21,15,181,406,0,0,170
208633,20,-0.1,-0.04,-0.4,-0.25,2,0.1,0.1,0.15,60,65.23,617,595,14,581,362,159,0,43,0,17,0,22,9,626,379,202,626,96895.99,1755.53,188,110,70,41,49,29,21,73,362,159,0,60
208634,20,-0.1,-0.04,-0.4,-0.25,2,0.1,0.1,0.15,60,50.61,617,595,20,575,0,206,0,78,0,291,0,22,9,626,291,284,626,86186.14,1721.61,31,42,25,21,27,18,30,381,0,206,0,369
208635,20,-0.1,-0.04,-0.4,-0.25,2,0.1,0.1,0.15,60,76.39,614,592,16,576,406,0,0,136,0,34,0,22,12,626,440,136,626,288812.21,2864.8,157,78,55,28,41,21,15,181,406,0,0,170
208636,20,-0.1,-0.04,-0.4,-0.25,2,0.1,0.2,0.15,20,59.18,617,595,12,583,114,119,119,0,231,0,0,22,9,626,345,238,626,152187.31,2148.64,54,65,64,400,0,0,0,0,114,119,350,0
208637,20,-0.1,-0.04,-0.4,-0.25,2,0.1,0.2,0.15,20,59.18,617,595,12,583,0,119,119,0,345,0,0,22,9,626,345,238,626,139307.09,2032.83,31,42,25,485,0,0,0,0,0,119,464,0
208638,20,-0.1,-0.04,-0.4,-0.25,2,0.1,0.2,0.15,20,63.73,614,592,13,579,117,0,210,0,252,0,0,22,12,626,369,210,626,175764.1,2427.81,23,23,40,493,0,0,0,0,117,0,462,0
208639,20,-0.1,-0.04,-0.4,-0.25,2,0.1,0.2,0.15,30,54.69,617,595,19,576,172,163,98,0,143,0,0,22,9,626,315,261,626,159061.32,2304.42,54,65,64,50,63,280,0,0,172,163,241,0
208640,20,-0.1,-0.04,-0.4,-0.25,2,0.1,0.2,0.15,30,52.87,617,595,20,575,0,164,107,0,304,0,0,22,9,626,304,271,626,112525.93,1866.1,31,42,25,21,27,429,0,0,0,164,411,0
208641,20,-0.1,-0.04,-0.4,-0.25,2,0.1,0.2,0.15,30,63.64,614,592,20,572,188,0,208,0,176,0,0,22,12,626,364,208,626,305329.49,3264.3,23,23,40,31,46,409,0,0,188,0,384,0
208642,20,-0.1,-0.04,-0.4,-0.25,2,0.1,0.2,0.15,40,53.47,617,595,19,576,199,197,48,23,32,77,0,22,9,626,308,268,626,150515.85,2370.62,54,65,64,50,63,39,37,204,199,197,80,100
208643,20,-0.1,-0.04,-0.4,-0.25,2,0.1,0.2,0.15,40,50.96,617,595,20,575,0,201,58,23,74,219,0,22,9,626,293,282,626,97445.13,1820.22,31,42,25,21,27,18,30,381,0,201,132,242
208644,20,-0.1,-0.04,-0.4,-0.25,2,0.1,0.2,0.15,40,65.5,614,592,21,571,220,0,134,63,42,112,0,22,12,626,374,197,626,371907.93,3694.11,23,23,40,31,46,25,19,364,220,0,176,175
208645,20,-0.1,-0.04,-0.4,-0.25,2,0.1,0.2,0.15,50,53.12,617,595,19,576,201,198,0,72,0,105,0,22,9,626,306,270,626,145709.59,2326.93,54,65,64,50,63,39,37,204,201,198,0,177
208646,20,-0.1,-0.04,-0.4,-0.25,2,0.1,0.2,0.15,50,50.61,617,595,20,575,0,206,0,78,0,291,0,22,9,626,291,284,626,86186.14,1721.61,31,42,25,21,27,18,30,381,0,206,0,369
208647,20,-0.1,-0.04,-0.4,-0.25,2,0.1,0.2,0.15,50,65.15,614,592,21,571,222,0,0,199,0,150,0,22,12,626,372,199,626,352924.8,3577.18,23,23,40,31,46,25,19,364,222,0,0,349
208648,20,-0.1,-0.04,-0.4,-0.25,2,0.1,0.2,0.15,60,53.12,617,595,19,576,201,198,0,72,0,105,0,22,9,626,306,270,626,145709.59,2326.93,54,65,64,50,63,39,37,204,201,198,0,177
208649,20,-0.1,-0.04,-0.4,-0.25,2,0.1,0.2,0.15,60,50.61,617,595,20,575,0,206,0,78,0,291,0,22,9,626,291,284,626,86186.14,1721.61,31,42,25,21,27,18,30,381,0,206,0,369
208650,20,-0.1,-0.04,-0.4,-0.25,2,0.1,0.2,0.15,60,65.15,614,592,21,571,222,0,0,199,0,150,0,22,12,626,372,199,626,352924.8,3577.18,23,23,40,31,46,25,19,364,222,0,0,349
208651,20,-0.1,-0.04,-0.4,-0.25,2,0.2,0.1,0.15,20,59.93,617,595,11,584,275,108,126,0,75,0,0,22,9,626,350,234,626,67684.88,714.8,180,107,60,237,0,0,0,0,275,108,201,0
208652,20,-0.1,-0.04,-0.4,-0.25,2,0.2,0.1,0.15,20,53.69,617,595,12,583,0,119,151,0,313,0,0,22,9,626,313,270,626,88404.99,945.02,31,42,25,485,0,0,0,0,0,119,464,0
208653,20,-0.1,-0.04,-0.4,-0.25,2,0.2,0.1,0.15,20,62.24,614,592,12,580,282,0,219,0,79,0,0,22,12,626,361,219,626,97692.08,1031.62,149,72,38,321,0,0,0,0,282,0,298,0
208654,20,-0.1,-0.04,-0.4,-0.25,2,0.2,0.1,0.15,30,61.03,617,595,15,580,320,143,83,0,34,0,0,22,9,626,354,226,626,60197.41,655.92,180,107,60,36,49,148,0,0,320,143,117,0
208655,20,-0.1,-0.04,-0.4,-0.25,2,0.2,0.1,0.15,30,49.91,617,595,20,575,0,164,124,0,287,0,0,22,9,626,287,288,626,51325.8,588.83,31,42,25,21,27,429,0,0,0,164,411,0
208656,20,-0.1,-0.04,-0.4,-0.25,2,0.2,0.1,0.15,30,65.97,614,592,16,576,339,0,196,0,41,0,0,22,12,626,380,196,626,136539.78,1446.59,149,72,38,23,37,257,0,0,339,0,237,0
208657,20,-0.1,-0.04,-0.4,-0.25,2,0.2,0.1,0.15,40,60.69,617,595,15,580,337,170,34,24,7,8,0,22,9,626,352,228,626,48083.84,521.1,180,107,60,36,49,31,27,90,337,170,41,32
208658,20,-0.1,-0.04,-0.4,-0.25,2,0.2,0.1,0.15,40,48.52,617,595,20,575,0,201,60,35,72,207,0,22,9,626,279,296,626,33041.78,389.64,31,42,25,21,27,18,30,381,0,201,132,242
208659,20,-0.1,-0.04,-0.4,-0.25,2,0.2,0.1,0.15,40,68.0,614,592,17,575,367,0,111,73,8,16,0,22,12,626,391,184,626,165429.53,1708.67,149,72,38,23,37,20,17,219,367,0,119,89
208660,20,-0.1,-0.04,-0.4,-0.25,2,0.2,0.1,0.15,50,60.69,617,595,15,580,337,171,0,57,0,15,0,22,9,626,352,228,626,45980.18,498.44,180,107,60,36,49,31,27,90,337,171,0,72
208661,20,-0.1,-0.04,-0.4,-0.25,2,0.2,0.1,0.15,50,47.83,617,595,20,575,0,206,0,94,0,275,0,22,9,626,275,300,626,22976.5,281.68,31,42,25,21,27,18,30,381,0,206,0,369
208662,20,-0.1,-0.04,-0.4,-0.25,2,0.2,0.1,0.15,50,68.17,614,592,17,575,367,0,0,183,0,25,0,22,12,626,392,183,626,159445.12,1645.23,149,72,38,23,37,20,17,219,367,0,0,208
208663,20,-0.1,-0.04,-0.4,-0.25,2,0.2,0.1,0.15,60,60.69,617,595,15,580,337,171,0,57,0,15,0,22,9,626,352,228,626,45980.18,498.44,180,107,60,36,49,31,27,90,337,171,0,72
208664,20,-0.1,-0.04,-0.4,-0.25,2,0.2,0.1,0.15,60,47.83,617,595,20,575,0,206,0,94,0,275,0,22,9,626,275,300,626,22976.5,281.68,31,42,25,21,27,18,30,381,0,206,0,369
208665,20,-0.1,-0.04,-0.4,-0.25,2,0.2,0.1,0.15,60,68.17,614,592,17,575,367,0,0,183,0,25,0,22,12,626,392,183,626,159445.12,1645.23,149,72,38,23,37,20,17,219,367,0,0,208
208666,20,-0.1,-0.04,-0.4,-0.25,2,0.2,0.2,0.15,20,53.69,617,595,12,583,106,119,151,0,207,0,0,22,9,626,313,270,626,100599.71,1061.6,53,58,65,407,0,0,0,0,106,119,358,0
208667,20,-0.1,-0.04,-0.4,-0.25,2,0.2,0.2,0.15,20,53.69,617,595,12,583,0,119,151,0,313,0,0,22,9,626,313,270,626,88404.99,945.02,31,42,25,485,0,0,0,0,0,119,464,0
208668,20,-0.1,-0.04,-0.4,-0.25,2,0.2,0.2,0.15,20,55.61,614,592,13,579,107,0,257,0,215,0,0,22,12,626,322,257,626,119618.96,1267.04,22,16,40,501,0,0,0,0,107,0,472,0
208669,20,-0.1,-0.04,-0.4,-0.25,2,0.2,0.2,0.15,30,51.74,617,595,19,576,156,163,115,0,142,0,0,22,9,626,298,278,626,95133.09,1031.86,53,58,65,49,58,293,0,0,156,163,257,0
208670,20,-0.1,-0.04,-0.4,-0.25,2,0.2,0.2,0.15,30,49.91,617,595,20,575,0,164,124,0,287,0,0,22,9,626,287,288,626,51325.8,588.83,31,42,25,21,27,429,0,0,0,164,411,0
208671,20,-0.1,-0.04,-0.4,-0.25,2,0.2,0.2,0.15,30,57.17,614,592,20,572,166,0,245,0,161,0,0,22,12,626,327,245,626,176486.48,1869.34,22,16,40,29,38,427,0,0,166,0,406,0
208672,20,-0.1,-0.04,-0.4,-0.25,2,0.2,0.2,0.15,40,50.69,617,595,19,576,179,198,51,35,32,81,0,22,9,626,292,284,626,91930.61,1000.54,53,58,65,49,58,36,37,220,179,198,83,116
208673,20,-0.1,-0.04,-0.4,-0.25,2,0.2,0.2,0.15,40,48.52,617,595,20,575,0,201,60,35,72,207,0,22,9,626,279,296,626,33041.78,389.64,31,42,25,21,27,18,30,381,0,201,132,242
208674,20,-0.1,-0.04,-0.4,-0.25,2,0.2,0.2,0.15,40,58.49,614,592,21,571,193,0,147,90,34,107,0,22,12,626,334,237,626,210775.21,2195.34,22,16,40,29,38,21,17,388,193,0,181,197
208675,20,-0.1,-0.04,-0.4,-0.25,2,0.2,0.2,0.15,50,50.17,617,595,19,576,181,200,0,87,0,108,0,22,9,626,289,287,626,86291.35,941.35,53,58,65,49,58,36,37,220,181,200,0,195
208676,20,-0.1,-0.04,-0.4,-0.25,2,0.2,0.2,0.15,50,47.83,617,595,20,575,0,206,0,94,0,275,0,22,9,626,275,300,626,22976.5,281.68,31,42,25,21,27,18,30,381,0,206,0,369
208677,20,-0.1,-0.04,-0.4,-0.25,2,0.2,0.2,0.15,50,58.14,614,592,21,571,195,0,0,239,0,137,0,22,12,626,332,239,626,197878.66,2060.42,22,16,40,29,38,21,17,388,195,0,0,376
208678,20,-0.1,-0.04,-0.4,-0.25,2,0.2,0.2,0.15,60,50.17,617,595,19,576,181,200,0,87,0,108,0,22,9,626,289,287,626,86291.35,941.35,53,58,65,49,58,36,37,220,181,200,0,195
208679,20,-0.1,-0.04,-0.4,-0.25,2,0.2,0.2,0.15,60,47.83,617,595,20,575,0,206,0,94,0,275,0,22,9,626,275,300,626,22976.5,281.68,31,42,25,21,27,18,30,381,0,206,0,369
208680,20,-0.1,-0.04,-0.4,-0.25,2,0.2,0.2,0.15,60,58.14,614,592,21,571,195,0,0,239,0,137,0,22,12,626,332,239,626,197878.66,2060.42,22,16,40,29,38,21,17,388,195,0,0,376
208681,20,-0.1,-0.03,-0.6,-0.45,1,0.1,0.1,0.15,20,70.11,902,764,8,756,487,123,103,0,43,0,0,138,5,907,530,226,907,256347.72,2627.68,285,158,104,209,0,0,0,0,487,123,146,0
208682,20,-0.1,-0.03,-0.6,-0.45,1,0.1,0.1,0.15,20,64.2,902,764,21,743,0,130,136,0,477,0,0,138,5,907,477,266,907,559448.21,5725.54,24,40,35,644,0,0,0,0,0,130,613,0
208683,20,-0.1,-0.03,-0.6,-0.45,1,0.1,0.1,0.15,20,73.54,902,764,8,756,508,0,200,0,48,0,0,138,5,907,556,200,907,325865.27,3338.17,262,126,79,289,0,0,0,0,508,0,248,0
208684,20,-0.1,-0.03,-0.6,-0.45,1,0.1,0.1,0.15,30,73.13,902,764,16,748,526,159,42,0,21,0,0,138,5,907,547,201,907,260371.31,2673.69,285,158,104,63,39,99,0,0,526,159,63,0
208685,20,-0.1,-0.03,-0.6,-0.45,1,0.1,0.1,0.15,30,60.33,901,763,37,726,0,183,105,0,438,0,0,138,6,907,438,288,907,518728.24,5301.77,24,40,35,31,25,571,0,0,0,183,543,0
208686,20,-0.1,-0.03,-0.6,-0.45,1,0.1,0.1,0.15,30,80.35,902,764,21,743,568,0,146,0,29,0,0,138,5,907,597,146,907,392303.77,4023.15,262,126,79,41,35,200,0,0,568,0,175,0
208687,20,-0.1,-0.03,-0.6,-0.45,1,0.1,0.1,0.15,40,73.26,902,764,16,748,540,171,23,6,5,3,0,138,5,907,548,200,907,262702.5,2705.68,285,158,104,63,39,36,19,44,540,171,28,9
208688,20,-0.1,-0.03,-0.6,-0.45,1,0.1,0.1,0.15,40,57.04,899,761,37,724,0,227,68,16,96,317,0,138,8,907,413,311,907,545668.21,5596.8,24,40,35,31,25,28,36,505,0,227,164,333
208689,20,-0.1,-0.03,-0.6,-0.45,1,0.1,0.1,0.15,40,82.35,901,763,21,742,594,0,91,40,6,11,0,138,6,907,611,131,907,413616.31,4235.77,262,126,79,41,35,25,18,156,594,0,97,51
208690,20,-0.1,-0.03,-0.6,-0.45,1,0.1,0.1,0.15,50,72.86,902,764,16,748,540,175,0,28,0,5,0,138,5,907,545,203,907,257629.97,2652.93,285,158,104,63,39,36,19,44,540,175,0,33
208691,20,-0.1,-0.03,-0.6,-0.45,1,0.1,0.1,0.15,50,56.08,899,761,37,724,0,236,0,82,0,406,0,138,8,907,406,318,907,522030.56,5348.42,24,40,35,31,25,28,36,505,0,236,0,488
208692,20,-0.1,-0.03,-0.6,-0.45,1,0.1,0.1,0.15,50,82.08,901,763,21,742,595,0,0,133,0,14,0,138,6,907,609,133,907,399388.73,4079.98,262,126,79,41,35,25,18,156,595,0,0,147
208693,20,-0.1,-0.03,-0.6,-0.45,1,0.1,0.1,0.15,60,72.86,902,764,16,748,540,175,0,28,0,5,0,138,5,907,545,203,907,257629.97,2652.93,285,158,104,63,39,36,19,44,540,175,0,33
208694,20,-0.1,-0.03,-0.6,-0.45,1,0.1,0.1,0.15,60,56.08,899,761,37,724,0,236,0,82,0,406,0,138,8,907,406,318,907,522030.56,5348.42,24,40,35,31,25,28,36,505,0,236,0,488
208695,20,-0.1,-0.03,-0.6,-0.45,1,0.1,0.1,0.15,60,82.08,901,763,21,742,595,0,0,133,0,14,0,138,6,907,609,133,907,399388.73,4079.98,262,126,79,41,35,25,18,156,595,0,0,147
208696,20,-0.1,-0.03,-0.6,-0.45,1,0.1,0.2,0.15,20,65.23,902,764,19,745,289,130,129,0,197,0,0,138,5,907,486,259,907,459301.15,4712.39,82,127,131,405,0,0,0,0,289,130,326,0
208697,20,-0.1,-0.03,-0.6,-0.45,1,0.1,0.2,0.15,20,64.2,902,764,21,743,0,130,136,0,477,0,0,138,5,907,477,266,907,559448.21,5725.54,24,40,35,644,0,0,0,0,0,130,613,0
208698,20,-0.1,-0.03,-0.6,-0.45,1,0.1,0.2,0.15,20,68.86,902,764,19,745,299,0,232,0,214,0,0,138,5,907,513,232,907,544873.48,5583.75,58,89,99,499,0,0,0,0,299,0,446,0
208699,20,-0.1,-0.03,-0.6,-0.45,1,0.1,0.2,0.15,30,64.31,902,764,30,734,362,178,84,0,110,0,0,138,5,907,472,262,907,467306.54,4787.4,82,127,131,79,67,248,0,0,362,178,194,0
208700,20,-0.1,-0.03,-0.6,-0.45,1,0.1,0.2,0.15,30,60.33,901,763,37,726,0,183,105,0,438,0,0,138,6,907,438,288,907,518728.24,5301.77,24,40,35,31,25,571,0,0,0,183,543,0
208701,20,-0.1,-0.03,-0.6,-0.45,1,0.1,0.2,0.15,30,72.57,902,764,35,729,385,0,200,0,144,0,0,138,5,907,529,200,907,638606.62,6536.69,58,89,99,53,51,379,0,0,385,0,344,0
208702,20,-0.1,-0.03,-0.6,-0.45,1,0.1,0.2,0.15,40,62.53,902,764,30,734,388,210,52,13,28,43,0,138,5,907,459,275,907,460950.22,4737.79,82,127,131,79,67,54,40,154,388,210,80,56
208703,20,-0.1,-0.03,-0.6,-0.45,1,0.1,0.2,0.15,40,57.04,899,761,37,724,0,227,68,16,96,317,0,138,8,907,413,311,907,545668.21,5596.8,24,40,35,31,25,28,36,505,0,227,164,333
208704,20,-0.1,-0.03,-0.6,-0.45,1,0.1,0.2,0.15,40,72.12,901,763,35,728,420,0,143,60,31,74,0,138,6,907,525,203,907,660946.88,6768.95,58,89,99,53,51,35,25,318,420,0,174,134
208705,20,-0.1,-0.03,-0.6,-0.45,1,0.1,0.2,0.15,50,61.72,902,764,30,734,388,217,0,64,0,65,0,138,5,907,453,281,907,446930.26,4592.5,82,127,131,79,67,54,40,154,388,217,0,129
208706,20,-0.1,-0.03,-0.6,-0.45,1,0.1,0.2,0.15,50,56.08,899,761,37,724,0,236,0,82,0,406,0,138,8,907,406,318,907,522030.56,5348.42,24,40,35,31,25,28,36,505,0,236,0,488
208707,20,-0.1,-0.03,-0.6,-0.45,1,0.1,0.2,0.15,50,71.43,901,763,35,728,420,0,0,208,0,100,0,138,6,907,520,208,907,631676.63,6455.53,58,89,99,53,51,35,25,318,420,0,0,308
208708,20,-0.1,-0.03,-0.6,-0.45,1,0.1,0.2,0.15,60,61.72,902,764,30,734,388,217,0,64,0,65,0,138,5,907,453,281,907,446930.26,4592.5,82,127,131,79,67,54,40,154,388,217,0,129
208709,20,-0.1,-0.03,-0.6,-0.45,1,0.1,0.2,0.15,60,56.08,899,761,37,724,0,236,0,82,0,406,0,138,8,907,406,318,907,522030.56,5348.42,24,40,35,31,25,28,36,505,0,236,0,488
208710,20,-0.1,-0.03,-0.6,-0.45,1,0.1,0.2,0.15,60,71.43,901,763,35,728,420,0,0,208,0,100,0,138,6,907,520,208,907,631676.63,6455.53,58,89,99,53,51,35,25,318,420,0,0,308
208711,20,-0.1,-0.03,-0.6,-0.45,1,0.2,0.1,0.15,20,70.11,902,764,8,756,487,123,103,0,43,0,0,138,5,907,530,226,907,256347.72,2627.68,285,158,104,209,0,0,0,0,487,123,146,0
208712,20,-0.1,-0.03,-0.6,-0.45,1,0.2,0.1,0.15,20,64.2,902,764,21,743,0,130,136,0,477,0,0,138,5,907,477,266,907,559448.21,5725.54,24,40,35,644,0,0,0,0,0,130,613,0
208713,20,-0.1,-0.03,-0.6,-0.45,1,0.2,0.1,0.15,20,73.54,902,764,8,756,508,0,200,0,48,0,0,138,5,907,556,200,907,325865.27,3338.17,262,126,79,289,0,0,0,0,508,0,248,0
208714,20,-0.1,-0.03,-0.6,-0.45,1,0.2,0.1,0.15,30,73.13,902,764,16,748,526,159,42,0,21,0,0,138,5,907,547,201,907,260371.31,2673.69,285,158,104,63,39,99,0,0,526,159,63,0
208715,20,-0.1,-0.03,-0.6,-0.45,1,0.2,0.1,0.15,30,60.33,901,763,37,726,0,183,105,0,438,0,0,138,6,907,438,288,907,518728.24,5301.77,24,40,35,31,25,571,0,0,0,183,543,0
208716,20,-0.1,-0.03,-0.6,-0.45,1,0.2,0.1,0.15,30,80.35,902,764,21,743,568,0,146,0,29,0,0,138,5,907,597,146,907,392303.77,4023.15,262,126,79,41,35,200,0,0,568,0,175,0
208717,20,-0.1,-0.03,-0.6,-0.45,1,0.2,0.1,0.15,40,73.26,902,764,16,748,540,171,23,6,5,3,0,138,5,907,548,200,907,262702.5,2705.68,285,158,104,63,39,36,19,44,540,171,28,9
208718,20,-0.1,-0.03,-0.6,-0.45,1,0.2,0.1,0.15,40,57.04,899,761,37,724,0,227,68,16,96,317,0,138,8,907,413,311,907,545668.21,5596.8,24,40,35,31,25,28,36,505,0,227,164,333
208719,20,-0.1,-0.03,-0.6,-0.45,1,0.2,0.1,0.15,40,82.35,901,763,21,742,594,0,91,40,6,11,0,138,6,907,611,131,907,413616.31,4235.77,262,126,79,41,35,25,18,156,594,0,97,51
208720,20,-0.1,-0.03,-0.6,-0.45,1,0.2,0.1,0.15,50,72.86,902,764,16,748,540,175,0,28,0,5,0,138,5,907,545,203,907,257629.97,2652.93,285,158,104,63,39,36,19,44,540,175,0,33
208721,20,-0.1,-0.03,-0.6,-0.45,1,0.2,0.1,0.15,50,56.08,899,761,37,724,0,236,0,82,0,406,0,138,8,907,406,318,907,522030.56,5348.42,24,40,35,31,25,28,36,505,0,236,0,488
208722,20,-0.1,-0.03,-0.6,-0.45,1,0.2,0.1,0.15,50,82.08,901,763,21,742,595,0,0,133,0,14,0,138,6,907,609,133,907,399388.73,4079.98,262,126,79,41,35,25,18,156,595,0,0,147
208723,20,-0.1,-0.03,-0.6,-0.45,1,0.2,0.1,0.15,60,72.86,902,764,16,748,540,175,0,28,0,5,0,138,5,907,545,203,907,257629.97,2652.93,285,158,104,63,39,36,19,44,540,175,0,33
208724,20,-0.1,-0.03,-0.6,-0.45,1,0.2,0.1,0.15,60,56.08,899,761,37,724,0,236,0,82,0,406,0,138,8,907,406,318,907,522030.56,5348.42,24,40,35,31,25,28,36,505,0,236,0,488
208725,20,-0.1,-0.03,-0.6,-0.45,1,0.2,0.1,0.15,60,82.08,901,763,21,742,595,0,0,133,0,14,0,138,6,907,609,133,907,399388.73,4079.98,262,126,79,41,35,25,18,156,595,0,0,147
208726,20,-0.1,-0.03,-0.6,-0.45,1,0.2,0.2,0.15,20,65.23,902,764,19,745,289,130,129,0,197,0,0,138,5,907,486,259,907,459301.15,4712.39,82,127,131,405,0,0,0,0,289,130,326,0
208727,20,-0.1,-0.03,-0.6,-0.45,1,0.2,0.2,0.15,20,64.2,902,764,21,743,0,130,136,0,477,0,0,138,5,907,477,266,907,559448.21,5725.54,24,40,35,644,0,0,0,0,0,130,613,0
208728,20,-0.1,-0.03,-0.6,-0.45,1,0.2,0.2,0.15,20,68.86,902,764,19,745,299,0,232,0,214,0,0,138,5,907,513,232,907,544873.48,5583.75,58,89,99,499,0,0,0,0,299,0,446,0
208729,20,-0.1,-0.03,-0.6,-0.45,1,0.2,0.2,0.15,30,64.31,902,764,30,734,362,178,84,0,110,0,0,138,5,907,472,262,907,467306.54,4787.4,82,127,131,79,67,248,0,0,362,178,194,0
208730,20,-0.1,-0.03,-0.6,-0.45,1,0.2,0.2,0.15,30,60.33,901,763,37,726,0,183,105,0,438,0,0,138,6,907,438,288,907,518728.24,5301.77,24,40,35,31,25,571,0,0,0,183,543,0
208731,20,-0.1,-0.03,-0.6,-0.45,1,0.2,0.2,0.15,30,72.57,902,764,35,729,385,0,200,0,144,0,0,138,5,907,529,200,907,638606.62,6536.69,58,89,99,53,51,379,0,0,385,0,344,0
208732,20,-0.1,-0.03,-0.6,-0.45,1,0.2,0.2,0.15,40,62.53,902,764,30,734,388,210,52,13,28,43,0,138,5,907,459,275,907,460950.22,4737.79,82,127,131,79,67,54,40,154,388,210,80,56
208733,20,-0.1,-0.03,-0.6,-0.45,1,0.2,0.2,0.15,40,57.04,899,761,37,724,0,227,68,16,96,317,0,138,8,907,413,311,907,545668.21,5596.8,24,40,35,31,25,28,36,505,0,227,164,333
208734,20,-0.1,-0.03,-0.6,-0.45,1,0.2,0.2,0.15,40,72.12,901,763,35,728,420,0,143,60,31,74,0,138,6,907,525,203,907,660946.88,6768.95,58,89,99,53,51,35,25,318,420,0,174,134
208735,20,-0.1,-0.03,-0.6,-0.45,1,0.2,0.2,0.15,50,61.72,902,764,30,734,388,217,0,64,0,65,0,138,5,907,453,281,907,446930.26,4592.5,82,127,131,79,67,54,40,154,388,217,0,129
208736,20,-0.1,-0.03,-0.6,-0.45,1,0.2,0.2,0.15,50,56.08,899,761,37,724,0,236,0,82,0,406,0,138,8,907,406,318,907,522030.56,5348.42,24,40,35,31,25,28,36,505,0,236,0,488
208737,20,-0.1,-0.03,-0.6,-0.45,1,0.2,0.2,0.15,50,71.43,901,763,35,728,420,0,0,208,0,100,0,138,6,907,520,208,907,631676.63,6455.53,58,89,99,53,51,35,25,318,420,0,0,308
208738,20,-0.1,-0.03,-0.6,-0.45,1,0.2,0.2,0.15,60,61.72,902,764,30,734,388,217,0,64,0,65,0,138,5,907,453,281,907,446930.26,4592.5,82,127,131,79,67,54,40,154,388,217,0,129
208739,20,-0.1,-0.03,-0.6,-0.45,1,0.2,0.2,0.15,60,56.08,899,761,37,724,0,236,0,82,0,406,0,138,8,907,406,318,907,522030.56,5348.42,24,40,35,31,25,28,36,505,0,236,0,488
208740,20,-0.1,-0.03,-0.6,-0.45,1,0.2,0.2,0.15,60,71.43,901,763,35,728,420,0,0,208,0,100,0,138,6,907,520,208,907,631676.63,6455.53,58,89,99,53,51,35,25,318,420,0,0,308
208741,20,-0.1,-0.03,-0.6,-0.45,2,0.1,0.1,0.15,20,72.22,902,764,8,756,508,122,88,0,38,0,0,138,5,907,546,210,907,302223.51,3458.83,291,163,112,190,0,0,0,0,508,122,126,0
208742,20,-0.1,-0.03,-0.6,-0.45,2,0.1,0.1,0.15,20,66.62,902,764,21,743,0,130,118,0,495,0,0,138,5,907,495,248,907,688650.25,6886.92,24,40,35,644,0,0,0,0,0,130,613,0
208743,20,-0.1,-0.03,-0.6,-0.45,2,0.1,0.1,0.15,20,77.65,902,764,8,756,536,0,169,0,51,0,0,138,5,907,587,169,907,415028.0,4226.56,271,133,86,266,0,0,0,0,536,0,220,0
208744,20,-0.1,-0.03,-0.6,-0.45,2,0.1,0.1,0.15,30,74.93,902,764,14,750,541,155,33,0,21,0,0,138,5,907,562,188,907,304657.26,3617.33,291,163,112,64,35,85,0,0,541,155,54,0
208745,20,-0.1,-0.03,-0.6,-0.45,2,0.1,0.1,0.15,30,61.57,901,763,37,726,0,183,96,0,447,0,0,138,6,907,447,279,907,669482.81,6739.01,24,40,35,31,25,571,0,0,0,183,543,0
208746,20,-0.1,-0.03,-0.6,-0.45,2,0.1,0.1,0.15,30,85.37,902,764,19,745,601,0,109,0,35,0,0,138,5,907,636,109,907,530105.01,4981.63,271,133,86,46,40,169,0,0,601,0,144,0
208747,20,-0.1,-0.03,-0.6,-0.45,2,0.1,0.1,0.15,40,75.33,902,764,14,750,553,166,17,2,8,4,0,138,5,907,565,185,907,301126.36,3648.92,291,163,112,64,35,31,16,38,553,166,25,6
208748,20,-0.1,-0.03,-0.6,-0.45,2,0.1,0.1,0.15,40,59.39,899,761,37,724,0,227,56,11,108,322,0,138,8,907,430,294,907,687825.98,7204.86,24,40,35,31,25,28,36,505,0,227,164,333
208749,20,-0.1,-0.03,-0.6,-0.45,2,0.1,0.1,0.15,40,87.1,901,763,19,744,625,0,74,22,9,14,0,138,6,907,648,96,907,567118.18,5211.3,271,133,86,46,40,25,16,127,625,0,83,36
208750,20,-0.1,-0.03,-0.6,-0.45,2,0.1,0.1,0.15,50,74.8,902,764,14,750,553,170,0,19,0,8,0,138,5,907,561,189,907,293387.69,3600.73,291,163,112,64,35,31,16,38,553,170,0,27
208751,20,-0.1,-0.03,-0.6,-0.45,2,0.1,0.1,0.15,50,58.01,899,761,37,724,0,236,0,68,0,420,0,138,8,907,420,304,907,656071.58,6957.38,24,40,35,31,25,28,36,505,0,236,0,488
208752,20,-0.1,-0.03,-0.6,-0.45,2,0.1,0.1,0.15,50,86.69,901,763,19,744,625,0,0,99,0,20,0,138,6,907,645,99,907,539961.79,5065.08,271,133,86,46,40,25,16,127,625,0,0,119
208753,20,-0.1,-0.03,-0.6,-0.45,2,0.1,0.1,0.15,60,74.8,902,764,14,750,553,170,0,19,0,8,0,138,5,907,561,189,907,293387.69,3600.73,291,163,112,64,35,31,16,38,553,170,0,27
208754,20,-0.1,-0.03,-0.6,-0.45,2,0.1,0.1,0.15,60,58.01,899,761,37,724,0,236,0,68,0,420,0,138,8,907,420,304,907,656071.58,6957.38,24,40,35,31,25,28,36,505,0,236,0,488
208755,20,-0.1,-0.03,-0.6,-0.45,2,0.1,0.1,0.15,60,86.69,901,763,19,744,625,0,0,99,0,20,0,138,6,907,645,99,907,539961.79,5065.08,271,133,86,46,40,25,16,127,625,0,0,119
208756,20,-0.1,-0.03,-0.6,-0.45,2,0.1,0.2,0.15,20,67.65,902,764,19,745,305,130,111,0,199,0,0,138,5,907,504,241,907,562795.07,5775.81,83,134,139,389,0,0,0,0,305,130,310,0
208757,20,-0.1,-0.03,-0.6,-0.45,2,0.1,0.2,0.15,20,66.62,902,764,21,743,0,130,118,0,495,0,0,138,5,907,495,248,907,688650.25,6886.92,24,40,35,644,0,0,0,0,0,130,613,0
208758,20,-0.1,-0.03,-0.6,-0.45,2,0.1,0.2,0.15,20,73.42,902,764,19,745,324,0,198,0,223,0,0,138,5,907,547,198,907,717943.24,6771.71,59,97,114,475,0,0,0,0,324,0,421,0
208759,20,-0.1,-0.03,-0.6,-0.45,2,0.1,0.2,0.15,30,65.67,902,764,30,734,380,178,74,0,102,0,0,138,5,907,482,252,907,577488.59,6011.85,83,134,139,79,69,230,0,0,380,178,176,0
208760,20,-0.1,-0.03,-0.6,-0.45,2,0.1,0.2,0.15,30,61.57,901,763,37,726,0,183,96,0,447,0,0,138,6,907,447,279,907,669482.81,6739.01,24,40,35,31,25,571,0,0,0,183,543,0
208761,20,-0.1,-0.03,-0.6,-0.45,2,0.1,0.2,0.15,30,77.37,902,764,35,729,418,0,165,0,146,0,0,138,5,907,564,165,907,898532.03,7914.75,59,97,114,54,54,351,0,0,418,0,311,0
208762,20,-0.1,-0.03,-0.6,-0.45,2,0.1,0.2,0.15,40,64.85,902,764,30,734,407,209,40,9,36,33,0,138,5,907,476,258,907,567718.89,6096.13,83,134,139,79,69,54,42,134,407,209,76,42
208763,20,-0.1,-0.03,-0.6,-0.45,2,0.1,0.2,0.15,40,59.39,899,761,37,724,0,227,56,11,108,322,0,138,8,907,430,294,907,687825.98,7204.86,24,40,35,31,25,28,36,505,0,227,164,333
208764,20,-0.1,-0.03,-0.6,-0.45,2,0.1,0.2,0.15,40,77.88,901,763,35,728,458,0,124,37,42,67,0,138,6,907,567,161,907,946317.29,8305.7,59,97,114,54,54,40,27,283,458,0,166,104
208765,20,-0.1,-0.03,-0.6,-0.45,2,0.1,0.2,0.15,50,63.76,902,764,30,734,407,216,0,50,0,61,0,138,5,907,468,266,907,548777.48,5965.12,83,134,139,79,69,54,42,134,407,216,0,111
208766,20,-0.1,-0.03,-0.6,-0.45,2,0.1,0.2,0.15,50,58.01,899,761,37,724,0,236,0,68,0,420,0,138,8,907,420,304,907,656071.58,6957.38,24,40,35,31,25,28,36,505,0,236,0,488
208767,20,-0.1,-0.03,-0.6,-0.45,2,0.1,0.2,0.15,50,76.92,901,763,35,728,459,0,0,168,0,101,0,138,6,907,560,168,907,900186.57,8023.56,59,97,114,54,54,40,27,283,459,0,0,269
208768,20,-0.1,-0.03,-0.6,-0.45,2,0.1,0.2,0.15,60,63.76,902,764,30,734,407,216,0,50,0,61,0,138,5,907,468,266,907,548777.48,5965.12,83,134,139,79,69,54,42,134,407,216,0,111
208769,20,-0.1,-0.03,-0.6,-0.45,2,0.1,0.2,0.15,60,58.01,899,761,37,724,0,236,0,68,0,420,0,138,8,907,420,304,907,656071.58,6957.38,24,40,35,31,25,28,36,505,0,236,0,488
208770,20,-0.1,-0.03,-0.6,-0.45,2,0.1,0.2,0.15,60,76.92,901,763,35,728,459,0,0,168,0,101,0,138,6,907,560,168,907,900186.57,8023.56,59,97,114,54,54,40,27,283,459,0,0,269
208771,20,-0.1,-0.03,-0.6,-0.45,2,0.2,0.1,0.15,20,70.11,902,764,8,756,487,123,103,0,43,0,0,138,5,907,530,226,907,256347.72,2627.68,285,158,104,209,0,0,0,0,487,123,146,0
208772,20,-0.1,-0.03,-0.6,-0.45,2,0.2,0.1,0.15,20,64.2,902,764,21,743,0,130,136,0,477,0,0,138,5,907,477,266,907,559448.21,5725.54,24,40,35,644,0,0,0,0,0,130,613,0
208773,20,-0.1,-0.03,-0.6,-0.45,2,0.2,0.1,0.15,20,73.54,902,764,8,756,508,0,200,0,48,0,0,138,5,907,556,200,907,325865.27,3338.17,262,126,79,289,0,0,0,0,508,0,248,0
208774,20,-0.1,-0.03,-0.6,-0.45,2,0.2,0.1,0.15,30,73.13,902,764,16,748,526,159,42,0,21,0,0,138,5,907,547,201,907,260371.31,2673.69,285,158,104,63,39,99,0,0,526,159,63,0
208775,20,-0.1,-0.03,-0.6,-0.45,2,0.2,0.1,0.15,30,60.33,901,763,37,726,0,183,105,0,438,0,0,138,6,907,438,288,907,518728.24,5301.77,24,40,35,31,25,571,0,0,0,183,543,0
208776,20,-0.1,-0.03,-0.6,-0.45,2,0.2,0.1,0.15,30,80.35,902,764,21,743,568,0,146,0,29,0,0,138,5,907,597,146,907,392303.77,4023.15,262,126,79,41,35,200,0,0,568,0,175,0
208777,20,-0.1,-0.03,-0.6,-0.45,2,0.2,0.1,0.15,40,73.26,902,764,16,748,540,171,23,6,5,3,0,138,5,907,548,200,907,262702.5,2705.68,285,158,104,63,39,36,19,44,540,171,28,9
208778,20,-0.1,-0.03,-0.6,-0.45,2,0.2,0.1,0.15,40,57.04,899,761,37,724,0,227,68,16,96,317,0,138,8,907,413,311,907,545668.21,5596.8,24,40,35,31,25,28,36,505,0,227,164,333
208779,20,-0.1,-0.03,-0.6,-0.45,2,0.2,0.1,0.15,40,82.35,901,763,21,742,594,0,91,40,6,11,0,138,6,907,611,131,907,413616.31,4235.77,262,126,79,41,35,25,18,156,594,0,97,51
208780,20,-0.1,-0.03,-0.6,-0.45,2,0.2,0.1,0.15,50,72.86,902,764,16,748,540,175,0,28,0,5,0,138,5,907,545,203,907,257629.97,2652.93,285,158,104,63,39,36,19,44,540,175,0,33
208781,20,-0.1,-0.03,-0.6,-0.45,2,0.2,0.1,0.15,50,56.08,899,761,37,724,0,236,0,82,0,406,0,138,8,907,406,318,907,522030.56,5348.42,24,40,35,31,25,28,36,505,0,236,0,488
208782,20,-0.1,-0.03,-0.6,-0.45,2,0.2,0.1,0.15,50,82.08,901,763,21,742,595,0,0,133,0,14,0,138,6,907,609,133,907,399388.73,4079.98,262,126,79,41,35,25,18,156,595,0,0,147
208783,20,-0.1,-0.03,-0.6,-0.45,2,0.2,0.1,0.15,60,72.86,902,764,16,748,540,175,0,28,0,5,0,138,5,907,545,203,907,257629.97,2652.93,285,158,104,63,39,36,19,44,540,175,0,33
208784,20,-0.1,-0.03,-0.6,-0.45,2,0.2,0.1,0.15,60,56.08,899,761,37,724,0,236,0,82,0,406,0,138,8,907,406,318,907,522030.56,5348.42,24,40,35,31,25,28,36,505,0,236,0,488
208785,20,-0.1,-0.03,-0.6,-0.45,2,0.2,0.1,0.15,60,82.08,901,763,21,742,595,0,0,133,0,14,0,138,6,907,609,133,907,399388.73,4079.98,262,126,79,41,35,25,18,156,595,0,0,147
208786,20,-0.1,-0.03,-0.6,-0.45,2,0.2,0.2,0.15,20,65.23,902,764,19,745,289,130,129,0,197,0,0,138,5,907,486,259,907,459301.15,4712.39,82,127,131,405,0,0,0,0,289,130,326,0
208787,20,-0.1,-0.03,-0.6,-0.45,2,0.2,0.2,0.15,20,64.2,902,764,21,743,0,130,136,0,477,0,0,138,5,907,477,266,907,559448.21,5725.54,24,40,35,644,0,0,0,0,0,130,613,0
208788,20,-0.1,-0.03,-0.6,-0.45,2,0.2,0.2,0.15,20,68.86,902,764,19,745,299,0,232,0,214,0,0,138,5,907,513,232,907,544873.48,5583.75,58,89,99,499,0,0,0,0,299,0,446,0
208789,20,-0.1,-0.03,-0.6,-0.45,2,0.2,0.2,0.15,30,64.31,902,764,30,734,362,178,84,0,110,0,0,138,5,907,472,262,907,467306.54,4787.4,82,127,131,79,67,248,0,0,362,178,194,0
208790,20,-0.1,-0.03,-0.6,-0.45,2,0.2,0.2,0.15,30,60.33,901,763,37,726,0,183,105,0,438,0,0,138,6,907,438,288,907,518728.24,5301.77,24,40,35,31,25,571,0,0,0,183,543,0
208791,20,-0.1,-0.03,-0.6,-0.45,2,0.2,0.2,0.15,30,72.57,902,764,35,729,385,0,200,0,144,0,0,138,5,907,529,200,907,638606.62,6536.69,58,89,99,53,51,379,0,0,385,0,344,0
208792,20,-0.1,-0.03,-0.6,-0.45,2,0.2,0.2,0.15,40,62.53,902,764,30,734,388,210,52,13,28,43,0,138,5,907,459,275,907,460950.22,4737.79,82,127,131,79,67,54,40,154,388,210,80,56
208793,20,-0.1,-0.03,-0.6,-0.45,2,0.2,0.2,0.15,40,57.04,899,761,37,724,0,227,68,16,96,317,0,138,8,907,413,311,907,545668.21,5596.8,24,40,35,31,25,28,36,505,0,227,164,333
208794,20,-0.1,-0.03,-0.6,-0.45,2,0.2,0.2,0.15,40,72.12,901,763,35,728,420,0,143,60,31,74,0,138,6,907,525,203,907,660946.88,6768.95,58,89,99,53,51,35,25,318,420,0,174,134
208795,20,-0.1,-0.03,-0.6,-0.45,2,0.2,0.2,0.15,50,61.72,902,764,30,734,388,217,0,64,0,65,0,138,5,907,453,281,907,446930.26,4592.5,82,127,131,79,67,54,40,154,388,217,0,129
208796,20,-0.1,-0.03,-0.6,-0.45,2,0.2,0.2,0.15,50,56.08,899,761,37,724,0,236,0,82,0,406,0,138,8,907,406,318,907,522030.56,5348.42,24,40,35,31,25,28,36,505,0,236,0,488
208797,20,-0.1,-0.03,-0.6,-0.45,2,0.2,0.2,0.15,50,71.43,901,763,35,728,420,0,0,208,0,100,0,138,6,907,520,208,907,631676.63,6455.53,58,89,99,53,51,35,25,318,420,0,0,308
208798,20,-0.1,-0.03,-0.6,-0.45,2,0.2,0.2,0.15,60,61.72,902,764,30,734,388,217,0,64,0,65,0,138,5,907,453,281,907,446930.26,4592.5,82,127,131,79,67,54,40,154,388,217,0,129
208799,20,-0.1,-0.03,-0.6,-0.45,2,0.2,0.2,0.15,60,56.08,899,761,37,724,0,236,0,82,0,406,0,138,8,907,406,318,907,522030.56,5348.42,24,40,35,31,25,28,36,505,0,236,0,488
208800,20,-0.1,-0.03,-0.6,-0.45,2,0.2,0.2,0.15,60,71.43,901,763,35,728,420,0,0,208,0,100,0,138,6,907,520,208,907,631676.63,6455.53,58,89,99,53,51,35,25,318,420,0,0,308
208801,20,-0.1,-0.03,-0.6,-0.4,1,0.1,0.1,0.15,20,69.65,1313,1142,12,1130,702,179,164,0,85,0,0,171,7,1320,787,343,1320,361972.9,3708.74,406,230,141,353,0,0,0,0,702,179,249,0
208802,20,-0.1,-0.03,-0.6,-0.4,1,0.1,0.1,0.15,20,63.79,1313,1142,29,1113,0,190,213,0,710,0,0,171,7,1320,710,403,1320,725290.64,7438.21,37,59,47,970,0,0,0,0,0,190,923,0
208803,20,-0.1,-0.03,-0.6,-0.4,1,0.1,0.1,0.15,20,73.14,1311,1140,12,1128,734,0,303,0,91,0,0,171,9,1320,825,303,1320,464648.08,4760.97,370,179,110,469,0,0,0,0,734,0,394,0
208804,20,-0.1,-0.03,-0.6,-0.4,1,0.1,0.1,0.15,30,71.85,1313,1142,23,1119,771,238,77,0,33,0,0,171,7,1320,804,315,1320,367326.19,3770.6,406,230,141,104,71,167,0,0,771,238,110,0
208805,20,-0.1,-0.03,-0.6,-0.4,1,0.1,0.1,0.15,30,59.08,1312,1141,56,1085,0,273,171,0,641,0,0,171,8,1320,641,444,1320,674291.37,6914.72,37,59,47,47,44,851,0,0,0,273,812,0
208806,20,-0.1,-0.03,-0.6,-0.4,1,0.1,0.1,0.15,30,78.96,1311,1140,28,1112,831,0,234,0,47,0,0,171,9,1320,878,234,1320,560591.41,5754.51,370,179,110,75,57,321,0,0,831,0,281,0
208807,20,-0.1,-0.03,-0.6,-0.4,1,0.1,0.1,0.15,40,72.0,1313,1142,24,1118,791,261,40,12,10,4,0,171,7,1320,805,313,1320,363055.25,3738.14,406,230,141,104,71,57,26,83,791,261,50,16
208808,20,-0.1,-0.03,-0.6,-0.4,1,0.1,0.1,0.15,40,55.41,1310,1139,58,1081,0,337,114,31,133,466,0,171,10,1320,599,482,1320,692655.91,7125.71,37,59,47,47,44,39,49,759,0,337,247,497
208809,20,-0.1,-0.03,-0.6,-0.4,1,0.1,0.1,0.15,40,80.72,1310,1139,29,1110,869,0,144,70,11,16,0,171,10,1320,896,214,1320,585136.15,6004.21,370,179,110,75,57,40,22,257,869,0,155,86
208810,20,-0.1,-0.03,-0.6,-0.4,1,0.1,0.1,0.15,50,71.65,1313,1142,24,1118,791,268,0,49,0,10,0,171,7,1320,801,317,1320,353973.86,3644.67,406,230,141,104,71,57,26,83,791,268,0,59
208811,20,-0.1,-0.03,-0.6,-0.4,1,0.1,0.1,0.15,50,54.12,1310,1139,58,1081,0,351,0,145,0,585,0,171,10,1320,585,496,1320,653923.6,6721.11,37,59,47,47,44,39,49,759,0,351,0,730
208812,20,-0.1,-0.03,-0.6,-0.4,1,0.1,0.1,0.15,50,80.45,1310,1139,29,1110,870,0,0,217,0,23,0,171,10,1320,893,217,1320,564772.31,5787.83,370,179,110,75,57,40,22,257,870,0,0,240
208813,20,-0.1,-0.03,-0.6,-0.4,1,0.1,0.1,0.15,60,71.65,1313,1142,24,1118,791,268,0,49,0,10,0,171,7,1320,801,317,1320,353973.86,3644.67,406,230,141,104,71,57,26,83,791,268,0,59
208814,20,-0.1,-0.03,-0.6,-0.4,1,0.1,0.1,0.15,60,54.12,1310,1139,58,1081,0,351,0,145,0,585,0,171,10,1320,585,496,1320,653923.6,6721.11,37,59,47,47,44,39,49,759,0,351,0,730
208815,20,-0.1,-0.03,-0.6,-0.4,1,0.1,0.1,0.15,60,80.45,1310,1139,29,1110,870,0,0,217,0,23,0,171,10,1320,893,217,1320,564772.31,5787.83,370,179,110,75,57,40,22,257,870,0,0,240
208816,20,-0.1,-0.03,-0.6,-0.4,1,0.1,0.2,0.15,20,64.57,1313,1142,27,1115,382,189,206,0,338,0,0,171,7,1320,720,395,1320,616031.69,6327.84,111,182,167,655,0,0,0,0,382,189,544,0
208817,20,-0.1,-0.03,-0.6,-0.4,1,0.1,0.2,0.15,20,63.79,1313,1142,29,1113,0,190,213,0,710,0,0,171,7,1320,710,403,1320,725290.64,7438.21,37,59,47,970,0,0,0,0,0,190,923,0
208818,20,-0.1,-0.03,-0.6,-0.4,1,0.1,0.2,0.15,20,68.28,1311,1140,27,1113,395,0,353,0,365,0,0,171,9,1320,760,353,1320,739923.01,7595.65,74,125,123,791,0,0,0,0,395,0,718,0
208819,20,-0.1,-0.03,-0.6,-0.4,1,0.1,0.2,0.15,30,62.37,1313,1142,47,1095,498,267,145,0,185,0,0,171,7,1320,683,412,1320,615457.48,6319.46,111,182,167,111,110,414,0,0,498,267,330,0
208820,20,-0.1,-0.03,-0.6,-0.4,1,0.1,0.2,0.15,30,59.08,1312,1141,56,1085,0,273,171,0,641,0,0,171,8,1320,641,444,1320,674291.37,6914.72,37,59,47,47,44,851,0,0,0,273,812,0
208821,20,-0.1,-0.03,-0.6,-0.4,1,0.1,0.2,0.15,30,70.31,1311,1140,52,1088,530,0,323,0,235,0,0,171,9,1320,765,323,1320,858884.19,8814.8,74,125,123,73,80,613,0,0,530,0,558,0
208822,20,-0.1,-0.03,-0.6,-0.4,1,0.1,0.2,0.15,40,60.2,1313,1142,49,1093,540,316,91,28,44,74,0,171,7,1320,658,435,1320,603424.03,6216.04,111,182,167,111,110,84,60,268,540,316,135,102
208823,20,-0.1,-0.03,-0.6,-0.4,1,0.1,0.2,0.15,40,55.41,1310,1139,58,1081,0,337,114,31,133,466,0,171,10,1320,599,482,1320,692655.91,7125.71,37,59,47,47,44,39,49,759,0,337,247,497
208824,20,-0.1,-0.03,-0.6,-0.4,1,0.1,0.2,0.15,40,69.49,1310,1139,54,1085,585,0,229,102,48,121,0,171,10,1320,754,331,1320,893901.41,9181.32,74,125,123,73,80,55,38,517,585,0,277,223
208825,20,-0.1,-0.03,-0.6,-0.4,1,0.1,0.2,0.15,50,59.29,1313,1142,49,1093,540,328,0,117,0,108,0,171,7,1320,648,445,1320,578921.3,5962.81,111,182,167,111,110,84,60,268,540,328,0,225
208826,20,-0.1,-0.03,-0.6,-0.4,1,0.1,0.2,0.15,50,54.12,1310,1139,58,1081,0,351,0,145,0,585,0,171,10,1320,585,496,1320,653923.6,6721.11,37,59,47,47,44,39,49,759,0,351,0,730
208827,20,-0.1,-0.03,-0.6,-0.4,1,0.1,0.2,0.15,50,68.57,1310,1139,54,1085,585,0,0,341,0,159,0,171,10,1320,744,341,1320,846922.8,8688.67,74,125,123,73,80,55,38,517,585,0,0,500
208828,20,-0.1,-0.03,-0.6,-0.4,1,0.1,0.2,0.15,60,59.29,1313,1142,49,1093,540,328,0,117,0,108,0,171,7,1320,648,445,1320,578921.3,5962.81,111,182,167,111,110,84,60,268,540,328,0,225
208829,20,-0.1,-0.03,-0.6,-0.4,1,0.1,0.2,0.15,60,54.12,1310,1139,58,1081,0,351,0,145,0,585,0,171,10,1320,585,496,1320,653923.6,6721.11,37,59,47,47,44,39,49,759,0,351,0,730
208830,20,-0.1,-0.03,-0.6,-0.4,1,0.1,0.2,0.15,60,68.57,1310,1139,54,1085,585,0,0,341,0,159,0,171,10,1320,744,341,1320,846922.8,8688.67,74,125,123,73,80,55,38,517,585,0,0,500
208831,20,-0.1,-0.03,-0.6,-0.4,1,0.2,0.1,0.15,20,69.65,1313,1142,12,1130,702,179,164,0,85,0,0,171,7,1320,787,343,1320,361972.9,3708.74,406,230,141,353,0,0,0,0,702,179,249,0
208832,20,-0.1,-0.03,-0.6,-0.4,1,0.2,0.1,0.15,20,63.79,1313,1142,29,1113,0,190,213,0,710,0,0,171,7,1320,710,403,1320,725290.64,7438.21,37,59,47,970,0,0,0,0,0,190,923,0
208833,20,-0.1,-0.03,-0.6,-0.4,1,0.2,0.1,0.15,20,73.14,1311,1140,12,1128,734,0,303,0,91,0,0,171,9,1320,825,303,1320,464648.08,4760.97,370,179,110,469,0,0,0,0,734,0,394,0
208834,20,-0.1,-0.03,-0.6,-0.4,1,0.2,0.1,0.15,30,71.85,1313,1142,23,1119,771,238,77,0,33,0,0,171,7,1320,804,315,1320,367326.19,3770.6,406,230,141,104,71,167,0,0,771,238,110,0
208835,20,-0.1,-0.03,-0.6,-0.4,1,0.2,0.1,0.15,30,59.08,1312,1141,56,1085,0,273,171,0,641,0,0,171,8,1320,641,444,1320,674291.37,6914.72,37,59,47,47,44,851,0,0,0,273,812,0
208836,20,-0.1,-0.03,-0.6,-0.4,1,0.2,0.1,0.15,30,78.96,1311,1140,28,1112,831,0,234,0,47,0,0,171,9,1320,878,234,1320,560591.41,5754.51,370,179,110,75,57,321,0,0,831,0,281,0
208837,20,-0.1,-0.03,-0.6,-0.4,1,0.2,0.1,0.15,40,72.0,1313,1142,24,1118,791,261,40,12,10,4,0,171,7,1320,805,313,1320,363055.25,3738.14,406,230,141,104,71,57,26,83,791,261,50,16
208838,20,-0.1,-0.03,-0.6,-0.4,1,0.2,0.1,0.15,40,55.41,1310,1139,58,1081,0,337,114,31,133,466,0,171,10,1320,599,482,1320,692655.91,7125.71,37,59,47,47,44,39,49,759,0,337,247,497
208839,20,-0.1,-0.03,-0.6,-0.4,1,0.2,0.1,0.15,40,80.72,1310,1139,29,1110,869,0,144,70,11,16,0,171,10,1320,896,214,1320,585136.15,6004.21,370,179,110,75,57,40,22,257,869,0,155,86
208840,20,-0.1,-0.03,-0.6,-0.4,1,0.2,0.1,0.15,50,71.65,1313,1142,24,1118,791,268,0,49,0,10,0,171,7,1320,801,317,1320,353973.86,3644.67,406,230,141,104,71,57,26,83,791,268,0,59
208841,20,-0.1,-0.03,-0.6,-0.4,1,0.2,0.1,0.15,50,54.12,1310,1139,58,1081,0,351,0,145,0,585,0,171,10,1320,585,496,1320,653923.6,6721.11,37,59,47,47,44,39,49,759,0,351,0,730
208842,20,-0.1,-0.03,-0.6,-0.4,1,0.2,0.1,0.15,50,80.45,1310,1139,29,1110,870,0,0,217,0,23,0,171,10,1320,893,217,1320,564772.31,5787.83,370,179,110,75,57,40,22,257,870,0,0,240
208843,20,-0.1,-0.03,-0.6,-0.4,1,0.2,0.1,0.15,60,71.65,1313,1142,24,1118,791,268,0,49,0,10,0,171,7,1320,801,317,1320,353973.86,3644.67,406,230,141,104,71,57,26,83,791,268,0,59
208844,20,-0.1,-0.03,-0.6,-0.4,1,0.2,0.1,0.15,60,54.12,1310,1139,58,1081,0,351,0,145,0,585,0,171,10,1320,585,496,1320,653923.6,6721.11,37,59,47,47,44,39,49,759,0,351,0,730
208845,20,-0.1,-0.03,-0.6,-0.4,1,0.2,0.1,0.15,60,80.45,1310,1139,29,1110,870,0,0,217,0,23,0,171,10,1320,893,217,1320,564772.31,5787.83,370,179,110,75,57,40,22,257,870,0,0,240
208846,20,-0.1,-0.03,-0.6,-0.4,1,0.2,0.2,0.15,20,64.57,1313,1142,27,1115,382,189,206,0,338,0,0,171,7,1320,720,395,1320,616031.69,6327.84,111,182,167,655,0,0,0,0,382,189,544,0
208847,20,-0.1,-0.03,-0.6,-0.4,1,0.2,0.2,0.15,20,63.79,1313,1142,29,1113,0,190,213,0,710,0,0,171,7,1320,710,403,1320,725290.64,7438.21,37,59,47,970,0,0,0,0,0,190,923,0
208848,20,-0.1,-0.03,-0.6,-0.4,1,0.2,0.2,0.15,20,68.28,1311,1140,27,1113,395,0,353,0,365,0,0,171,9,1320,760,353,1320,739923.01,7595.65,74,125,123,791,0,0,0,0,395,0,718,0
208849,20,-0.1,-0.03,-0.6,-0.4,1,0.2,0.2,0.15,30,62.37,1313,1142,47,1095,498,267,145,0,185,0,0,171,7,1320,683,412,1320,615457.48,6319.46,111,182,167,111,110,414,0,0,498,267,330,0
208850,20,-0.1,-0.03,-0.6,-0.4,1,0.2,0.2,0.15,30,59.08,1312,1141,56,1085,0,273,171,0,641,0,0,171,8,1320,641,444,1320,674291.37,6914.72,37,59,47,47,44,851,0,0,0,273,812,0
208851,20,-0.1,-0.03,-0.6,-0.4,1,0.2,0.2,0.15,30,70.31,1311,1140,52,1088,530,0,323,0,235,0,0,171,9,1320,765,323,1320,858884.19,8814.8,74,125,123,73,80,613,0,0,530,0,558,0
208852,20,-0.1,-0.03,-0.6,-0.4,1,0.2,0.2,0.15,40,60.2,1313,1142,49,1093,540,316,91,28,44,74,0,171,7,1320,658,435,1320,603424.03,6216.04,111,182,167,111,110,84,60,268,540,316,135,102
208853,20,-0.1,-0.03,-0.6,-0.4,1,0.2,0.2,0.15,40,55.41,1310,1139,58,1081,0,337,114,31,133,466,0,171,10,1320,599,482,1320,692655.91,7125.71,37,59,47,47,44,39,49,759,0,337,247,497
208854,20,-0.1,-0.03,-0.6,-0.4,1,0.2,0.2,0.15,40,69.49,1310,1139,54,1085,585,0,229,102,48,121,0,171,10,1320,754,331,1320,893901.41,9181.32,74,125,123,73,80,55,38,517,585,0,277,223
208855,20,-0.1,-0.03,-0.6,-0.4,1,0.2,0.2,0.15,50,59.29,1313,1142,49,1093,540,328,0,117,0,108,0,171,7,1320,648,445,1320,578921.3,5962.81,111,182,167,111,110,84,60,268,540,328,0,225
208856,20,-0.1,-0.03,-0.6,-0.4,1,0.2,0.2,0.15,50,54.12,1310,1139,58,1081,0,351,0,145,0,585,0,171,10,1320,585,496,1320,653923.6,6721.11,37,59,47,47,44,39,49,759,0,351,0,730
208857,20,-0.1,-0.03,-0.6,-0.4,1,0.2,0.2,0.15,50,68.57,1310,1139,54,1085,585,0,0,341,0,159,0,171,10,1320,744,341,1320,846922.8,8688.67,74,125,123,73,80,55,38,517,585,0,0,500
208858,20,-0.1,-0.03,-0.6,-0.4,1,0.2,0.2,0.15,60,59.29,1313,1142,49,1093,540,328,0,117,0,108,0,171,7,1320,648,445,1320,578921.3,5962.81,111,182,167,111,110,84,60,268,540,328,0,225
208859,20,-0.1,-0.03,-0.6,-0.4,1,0.2,0.2,0.15,60,54.12,1310,1139,58,1081,0,351,0,145,0,585,0,171,10,1320,585,496,1320,653923.6,6721.11,37,59,47,47,44,39,49,759,0,351,0,730
208860,20,-0.1,-0.03,-0.6,-0.4,1,0.2,0.2,0.15,60,68.57,1310,1139,54,1085,585,0,0,341,0,159,0,171,10,1320,744,341,1320,846922.8,8688.67,74,125,123,73,80,55,38,517,585,0,0,500
208861,20,-0.1,-0.03,-0.6,-0.4,2,0.1,0.1,0.15,20,72.3,1313,1142,12,1130,737,176,137,0,80,0,0,171,7,1320,817,313,1320,447756.45,5089.09,419,237,159,315,0,0,0,0,737,176,217,0
208862,20,-0.1,-0.03,-0.6,-0.4,2,0.1,0.1,0.15,20,66.85,1313,1142,29,1113,0,190,179,0,744,0,0,171,7,1320,744,369,1320,927175.94,9287.65,37,59,47,970,0,0,0,0,0,190,923,0
208863,20,-0.1,-0.03,-0.6,-0.4,2,0.1,0.1,0.15,20,77.75,1311,1140,12,1128,777,0,251,0,100,0,0,171,9,1320,877,251,1320,611153.07,6169.17,386,190,130,422,0,0,0,0,777,0,351,0
208864,20,-0.1,-0.03,-0.6,-0.4,2,0.1,0.1,0.15,30,74.13,1313,1142,21,1121,796,230,60,0,35,0,0,171,7,1320,831,290,1320,444799.75,5276.58,419,237,159,98,67,141,0,0,796,230,95,0
208865,20,-0.1,-0.03,-0.6,-0.4,2,0.1,0.1,0.15,30,60.74,1312,1141,56,1085,0,273,153,0,659,0,0,171,8,1320,659,426,1320,907814.63,9160.53,37,59,47,47,44,851,0,0,0,273,812,0
208866,20,-0.1,-0.03,-0.6,-0.4,2,0.1,0.1,0.15,30,83.93,1311,1140,26,1114,880,0,179,0,55,0,0,171,9,1320,935,179,1320,771730.28,7222.88,386,190,130,71,69,268,0,0,880,0,234,0
208867,20,-0.1,-0.03,-0.6,-0.4,2,0.1,0.1,0.15,40,74.46,1313,1142,22,1120,814,251,31,4,14,6,0,171,7,1320,834,286,1320,432667.12,5291.31,419,237,159,98,67,46,23,71,814,251,45,10
208868,20,-0.1,-0.03,-0.6,-0.4,2,0.1,0.1,0.15,40,58.0,1310,1139,58,1081,0,337,95,22,152,475,0,171,10,1320,627,454,1320,918486.77,9653.01,37,59,47,47,44,39,49,759,0,337,247,497
208869,20,-0.1,-0.03,-0.6,-0.4,2,0.1,0.1,0.15,40,85.88,1310,1139,27,1112,918,0,117,40,17,20,0,171,10,1320,955,157,1320,820746.29,7539.71,386,190,130,71,69,34,24,208,918,0,134,60
208870,20,-0.1,-0.03,-0.6,-0.4,2,0.1,0.1,0.15,50,73.84,1313,1142,22,1120,814,258,0,35,0,13,0,171,7,1320,827,293,1320,419235.73,5208.23,419,237,159,98,67,46,23,71,814,258,0,48
208871,20,-0.1,-0.03,-0.6,-0.4,2,0.1,0.1,0.15,50,56.06,1310,1139,58,1081,0,351,0,124,0,606,0,171,10,1320,606,475,1320,863887.74,9245.38,37,59,47,47,44,39,49,759,0,351,0,730
208872,20,-0.1,-0.03,-0.6,-0.4,2,0.1,0.1,0.15,50,85.7,1310,1139,27,1112,918,0,0,159,0,35,0,171,10,1320,953,159,1320,785048.02,7346.73,386,190,130,71,69,34,24,208,918,0,0,194
208873,20,-0.1,-0.03,-0.6,-0.4,2,0.1,0.1,0.15,60,73.84,1313,1142,22,1120,814,258,0,35,0,13,0,171,7,1320,827,293,1320,419235.73,5208.23,419,237,159,98,67,46,23,71,814,258,0,48
208874,20,-0.1,-0.03,-0.6,-0.4,2,0.1,0.1,0.15,60,56.06,1310,1139,58,1081,0,351,0,124,0,606,0,171,10,1320,606,475,1320,863887.74,9245.38,37,59,47,47,44,39,49,759,0,351,0,730
208875,20,-0.1,-0.03,-0.6,-0.4,2,0.1,0.1,0.15,60,85.7,1310,1139,27,1112,918,0,0,159,0,35,0,171,10,1320,953,159,1320,785048.02,7346.73,386,190,130,71,69,34,24,208,918,0,0,194
208876,20,-0.1,-0.03,-0.6,-0.4,2,0.1,0.2,0.15,20,67.62,1313,1142,27,1115,410,189,172,0,344,0,0,171,7,1320,754,361,1320,785805.78,8047.96,112,189,178,636,0,0,0,0,410,189,516,0
208877,20,-0.1,-0.03,-0.6,-0.4,2,0.1,0.2,0.15,20,66.85,1313,1142,29,1113,0,190,179,0,744,0,0,171,7,1320,744,369,1320,927175.94,9287.65,37,59,47,970,0,0,0,0,0,190,923,0
208878,20,-0.1,-0.03,-0.6,-0.4,2,0.1,0.2,0.15,20,73.5,1311,1140,27,1113,436,0,295,0,382,0,0,171,9,1320,818,295,1320,1015626.75,9495.42,75,133,142,763,0,0,0,0,436,0,677,0
208879,20,-0.1,-0.03,-0.6,-0.4,2,0.1,0.2,0.15,30,64.2,1313,1142,47,1095,527,267,125,0,176,0,0,171,7,1320,703,392,1320,802919.66,8323.53,112,189,178,120,113,383,0,0,527,267,301,0
208880,20,-0.1,-0.03,-0.6,-0.4,2,0.1,0.2,0.15,30,60.74,1312,1141,56,1085,0,273,153,0,659,0,0,171,8,1320,659,426,1320,907814.63,9160.53,37,59,47,47,44,851,0,0,0,273,812,0
208881,20,-0.1,-0.03,-0.6,-0.4,2,0.1,0.2,0.15,30,75.18,1311,1140,52,1088,581,0,270,0,237,0,0,171,9,1320,818,270,1320,1269206.65,11047.61,75,133,142,86,84,568,0,0,581,0,507,0
208882,20,-0.1,-0.03,-0.6,-0.4,2,0.1,0.2,0.15,40,62.67,1313,1142,49,1093,572,314,74,20,53,60,0,171,7,1320,685,408,1320,781485.24,8402.41,112,189,178,120,113,82,62,237,572,314,127,80
208883,20,-0.1,-0.03,-0.6,-0.4,2,0.1,0.2,0.15,40,58.0,1310,1139,58,1081,0,337,95,22,152,475,0,171,10,1320,627,454,1320,918486.77,9653.01,37,59,47,47,44,39,49,759,0,337,247,497
208884,20,-0.1,-0.03,-0.6,-0.4,2,0.1,0.2,0.15,40,75.3,1310,1139,54,1085,646,0,200,68,63,108,0,171,10,1320,817,268,1320,1338805.92,11602.93,75,133,142,86,84,61,42,462,646,0,263,176
208885,20,-0.1,-0.03,-0.6,-0.4,2,0.1,0.2,0.15,50,61.48,1313,1142,49,1093,572,326,0,95,0,100,0,171,7,1320,672,421,1320,749639.44,8180.06,112,189,178,120,113,82,62,237,572,326,0,195
208886,20,-0.1,-0.03,-0.6,-0.4,2,0.1,0.2,0.15,50,56.06,1310,1139,58,1081,0,351,0,124,0,606,0,171,10,1320,606,475,1320,863887.74,9245.38,37,59,47,47,44,39,49,759,0,351,0,730
208887,20,-0.1,-0.03,-0.6,-0.4,2,0.1,0.2,0.15,50,74.56,1310,1139,54,1085,647,0,0,276,0,162,0,171,10,1320,809,276,1320,1265225.19,11158.34,75,133,142,86,84,61,42,462,647,0,0,438
208888,20,-0.1,-0.03,-0.6,-0.4,2,0.1,0.2,0.15,60,61.48,1313,1142,49,1093,572,326,0,95,0,100,0,171,7,1320,672,421,1320,749639.44,8180.06,112,189,178,120,113,82,62,237,572,326,0,195
208889,20,-0.1,-0.03,-0.6,-0.4,2,0.1,0.2,0.15,60,56.06,1310,1139,58,1081,0,351,0,124,0,606,0,171,10,1320,606,475,1320,863887.74,9245.38,37,59,47,47,44,39,49,759,0,351,0,730
208890,20,-0.1,-0.03,-0.6,-0.4,2,0.1,0.2,0.15,60,74.56,1310,1139,54,1085,647,0,0,276,0,162,0,171,10,1320,809,276,1320,1265225.19,11158.34,75,133,142,86,84,61,42,462,647,0,0,438
208891,20,-0.1,-0.03,-0.6,-0.4,2,0.2,0.1,0.15,20,69.65,1313,1142,12,1130,702,179,164,0,85,0,0,171,7,1320,787,343,1320,361972.9,3708.74,406,230,141,353,0,0,0,0,702,179,249,0
208892,20,-0.1,-0.03,-0.6,-0.4,2,0.2,0.1,0.15,20,63.79,1313,1142,29,1113,0,190,213,0,710,0,0,171,7,1320,710,403,1320,725290.64,7438.21,37,59,47,970,0,0,0,0,0,190,923,0
208893,20,-0.1,-0.03,-0.6,-0.4,2,0.2,0.1,0.15,20,73.14,1311,1140,12,1128,734,0,303,0,91,0,0,171,9,1320,825,303,1320,464648.08,4760.97,370,179,110,469,0,0,0,0,734,0,394,0
208894,20,-0.1,-0.03,-0.6,-0.4,2,0.2,0.1,0.15,30,71.85,1313,1142,23,1119,771,238,77,0,33,0,0,171,7,1320,804,315,1320,367326.19,3770.6,406,230,141,104,71,167,0,0,771,238,110,0
208895,20,-0.1,-0.03,-0.6,-0.4,2,0.2,0.1,0.15,30,59.08,1312,1141,56,1085,0,273,171,0,641,0,0,171,8,1320,641,444,1320,674291.37,6914.72,37,59,47,47,44,851,0,0,0,273,812,0
208896,20,-0.1,-0.03,-0.6,-0.4,2,0.2,0.1,0.15,30,78.96,1311,1140,28,1112,831,0,234,0,47,0,0,171,9,1320,878,234,1320,560591.41,5754.51,370,179,110,75,57,321,0,0,831,0,281,0
208897,20,-0.1,-0.03,-0.6,-0.4,2,0.2,0.1,0.15,40,72.0,1313,1142,24,1118,791,261,40,12,10,4,0,171,7,1320,805,313,1320,363055.25,3738.14,406,230,141,104,71,57,26,83,791,261,50,16
208898,20,-0.1,-0.03,-0.6,-0.4,2,0.2,0.1,0.15,40,55.41,1310,1139,58,1081,0,337,114,31,133,466,0,171,10,1320,599,482,1320,692655.91,7125.71,37,59,47,47,44,39,49,759,0,337,247,497
208899,20,-0.1,-0.03,-0.6,-0.4,2,0.2,0.1,0.15,40,80.72,1310,1139,29,1110,869,0,144,70,11,16,0,171,10,1320,896,214,1320,585136.15,6004.21,370,179,110,75,57,40,22,257,869,0,155,86
208900,20,-0.1,-0.03,-0.6,-0.4,2,0.2,0.1,0.15,50,71.65,1313,1142,24,1118,791,268,0,49,0,10,0,171,7,1320,801,317,1320,353973.86,3644.67,406,230,141,104,71,57,26,83,791,268,0,59
208901,20,-0.1,-0.03,-0.6,-0.4,2,0.2,0.1,0.15,50,54.12,1310,1139,58,1081,0,351,0,145,0,585,0,171,10,1320,585,496,1320,653923.6,6721.11,37,59,47,47,44,39,49,759,0,351,0,730
208902,20,-0.1,-0.03,-0.6,-0.4,2,0.2,0.1,0.15,50,80.45,1310,1139,29,1110,870,0,0,217,0,23,0,171,10,1320,893,217,1320,564772.31,5787.83,370,179,110,75,57,40,22,257,870,0,0,240
208903,20,-0.1,-0.03,-0.6,-0.4,2,0.2,0.1,0.15,60,71.65,1313,1142,24,1118,791,268,0,49,0,10,0,171,7,1320,801,317,1320,353973.86,3644.67,406,230,141,104,71,57,26,83,791,268,0,59
208904,20,-0.1,-0.03,-0.6,-0.4,2,0.2,0.1,0.15,60,54.12,1310,1139,58,1081,0,351,0,145,0,585,0,171,10,1320,585,496,1320,653923.6,6721.11,37,59,47,47,44,39,49,759,0,351,0,730
208905,20,-0.1,-0.03,-0.6,-0.4,2,0.2,0.1,0.15,60,80.45,1310,1139,29,1110,870,0,0,217,0,23,0,171,10,1320,893,217,1320,564772.31,5787.83,370,179,110,75,57,40,22,257,870,0,0,240
208906,20,-0.1,-0.03,-0.6,-0.4,2,0.2,0.2,0.15,20,64.57,1313,1142,27,1115,382,189,206,0,338,0,0,171,7,1320,720,395,1320,616031.69,6327.84,111,182,167,655,0,0,0,0,382,189,544,0
208907,20,-0.1,-0.03,-0.6,-0.4,2,0.2,0.2,0.15,20,63.79,1313,1142,29,1113,0,190,213,0,710,0,0,171,7,1320,710,403,1320,725290.64,7438.21,37,59,47,970,0,0,0,0,0,190,923,0
208908,20,-0.1,-0.03,-0.6,-0.4,2,0.2,0.2,0.15,20,68.28,1311,1140,27,1113,395,0,353,0,365,0,0,171,9,1320,760,353,1320,739923.01,7595.65,74,125,123,791,0,0,0,0,395,0,718,0
208909,20,-0.1,-0.03,-0.6,-0.4,2,0.2,0.2,0.15,30,62.37,1313,1142,47,1095,498,267,145,0,185,0,0,171,7,1320,683,412,1320,615457.48,6319.46,111,182,167,111,110,414,0,0,498,267,330,0
208910,20,-0.1,-0.03,-0.6,-0.4,2,0.2,0.2,0.15,30,59.08,1312,1141,56,1085,0,273,171,0,641,0,0,171,8,1320,641,444,1320,674291.37,6914.72,37,59,47,47,44,851,0,0,0,273,812,0
208911,20,-0.1,-0.03,-0.6,-0.4,2,0.2,0.2,0.15,30,70.31,1311,1140,52,1088,530,0,323,0,235,0,0,171,9,1320,765,323,1320,858884.19,8814.8,74,125,123,73,80,613,0,0,530,0,558,0
208912,20,-0.1,-0.03,-0.6,-0.4,2,0.2,0.2,0.15,40,60.2,1313,1142,49,1093,540,316,91,28,44,74,0,171,7,1320,658,435,1320,603424.03,6216.04,111,182,167,111,110,84,60,268,540,316,135,102
208913,20,-0.1,-0.03,-0.6,-0.4,2,0.2,0.2,0.15,40,55.41,1310,1139,58,1081,0,337,114,31,133,466,0,171,10,1320,599,482,1320,692655.91,7125.71,37,59,47,47,44,39,49,759,0,337,247,497
208914,20,-0.1,-0.03,-0.6,-0.4,2,0.2,0.2,0.15,40,69.49,1310,1139,54,1085,585,0,229,102,48,121,0,171,10,1320,754,331,1320,893901.41,9181.32,74,125,123,73,80,55,38,517,585,0,277,223
208915,20,-0.1,-0.03,-0.6,-0.4,2,0.2,0.2,0.15,50,59.29,1313,1142,49,1093,540,328,0,117,0,108,0,171,7,1320,648,445,1320,578921.3,5962.81,111,182,167,111,110,84,60,268,540,328,0,225
208916,20,-0.1,-0.03,-0.6,-0.4,2,0.2,0.2,0.15,50,54.12,1310,1139,58,1081,0,351,0,145,0,585,0,171,10,1320,585,496,1320,653923.6,6721.11,37,59,47,47,44,39,49,759,0,351,0,730
208917,20,-0.1,-0.03,-0.6,-0.4,2,0.2,0.2,0.15,50,68.57,1310,1139,54,1085,585,0,0,341,0,159,0,171,10,1320,744,341,1320,846922.8,8688.67,74,125,123,73,80,55,38,517,585,0,0,500
208918,20,-0.1,-0.03,-0.6,-0.4,2,0.2,0.2,0.15,60,59.29,1313,1142,49,1093,540,328,0,117,0,108,0,171,7,1320,648,445,1320,578921.3,5962.81,111,182,167,111,110,84,60,268,540,328,0,225
208919,20,-0.1,-0.03,-0.6,-0.4,2,0.2,0.2,0.15,60,54.12,1310,1139,58,1081,0,351,0,145,0,585,0,171,10,1320,585,496,1320,653923.6,6721.11,37,59,47,47,44,39,49,759,0,351,0,730
208920,20,-0.1,-0.03,-0.6,-0.4,2,0.2,0.2,0.15,60,68.57,1310,1139,54,1085,585,0,0,341,0,159,0,171,10,1320,744,341,1320,846922.8,8688.67,74,125,123,73,80,55,38,517,585,0,0,500
208921,20,-0.1,-0.03,-0.6,-0.35,1,0.1,0.1,0.15,20,68.1,1773,1582,21,1561,941,252,246,0,122,0,0,191,11,1784,1063,498,1784,455394.79,4660.17,541,308,214,498,0,0,0,0,941,252,368,0
208922,20,-0.1,-0.03,-0.6,-0.35,1,0.1,0.1,0.15,20,61.8,1773,1582,40,1542,0,271,318,0,953,0,0,191,11,1784,953,589,1784,847147.39,8693.32,55,87,64,1336,0,0,0,0,0,271,1271,0
208923,20,-0.1,-0.03,-0.6,-0.35,1,0.1,0.1,0.15,20,71.61,1769,1578,21,1557,980,0,442,0,135,0,0,191,15,1784,1115,442,1784,598231.05,6116.75,487,233,167,670,0,0,0,0,980,0,577,0
208924,20,-0.1,-0.03,-0.6,-0.35,1,0.1,0.1,0.15,30,70.39,1773,1582,32,1550,1045,331,128,0,46,0,0,191,11,1784,1091,459,1784,471644.82,4842.37,541,308,214,130,99,258,0,0,1045,331,174,0
208925,20,-0.1,-0.03,-0.6,-0.35,1,0.1,0.1,0.15,30,57.57,1772,1581,68,1513,0,378,264,0,871,0,0,191,12,1784,871,642,1784,789210.2,8134.51,55,87,64,65,55,1187,0,0,0,378,1135,0
208926,20,-0.1,-0.03,-0.6,-0.35,1,0.1,0.1,0.15,30,77.08,1769,1578,38,1540,1121,0,353,0,66,0,0,191,15,1784,1187,353,1784,737769.86,7568.1,487,233,167,93,82,478,0,0,1121,0,419,0
208927,20,-0.1,-0.03,-0.6,-0.35,1,0.1,0.1,0.15,40,70.63,1773,1582,33,1549,1072,374,59,22,13,9,0,191,11,1784,1094,455,1784,456143.63,4695.03,541,308,214,130,99,84,38,135,1072,374,72,31
208928,20,-0.1,-0.03,-0.6,-0.35,1,0.1,0.1,0.15,40,54.41,1770,1579,70,1509,0,474,166,48,198,623,0,191,14,1784,821,688,1784,776632.71,7959.17,55,87,64,65,55,52,68,1063,0,474,364,671
208929,20,-0.1,-0.03,-0.6,-0.35,1,0.1,0.1,0.15,40,79.13,1768,1577,39,1538,1172,0,209,112,15,30,0,191,16,1784,1217,321,1784,767430.66,7868.78,487,233,167,93,82,59,29,388,1172,0,224,142
208930,20,-0.1,-0.03,-0.6,-0.35,1,0.1,0.1,0.15,50,70.24,1773,1582,33,1549,1072,381,0,80,0,16,0,191,11,1784,1088,461,1784,445322.9,4582.63,541,308,214,130,99,84,38,135,1072,381,0,96
208931,20,-0.1,-0.03,-0.6,-0.35,1,0.1,0.1,0.15,50,53.15,1770,1579,70,1509,0,492,0,215,0,802,0,191,14,1784,802,707,1784,724499.4,7411.69,55,87,64,65,55,52,68,1063,0,492,0,1017
208932,20,-0.1,-0.03,-0.6,-0.35,1,0.1,0.1,0.15,50,78.93,1768,1577,39,1538,1173,0,0,324,0,41,0,191,16,1784,1214,324,1784,746223.36,7643.06,487,233,167,93,82,59,29,388,1173,0,0,365
208933,20,-0.1,-0.03,-0.6,-0.35,1,0.1,0.1,0.15,60,70.24,1773,1582,33,1549,1072,381,0,80,0,16,0,191,11,1784,1088,461,1784,445322.9,4582.63,541,308,214,130,99,84,38,135,1072,381,0,96
208934,20,-0.1,-0.03,-0.6,-0.35,1,0.1,0.1,0.15,60,53.15,1770,1579,70,1509,0,492,0,215,0,802,0,191,14,1784,802,707,1784,724499.4,7411.69,55,87,64,65,55,52,68,1063,0,492,0,1017
208935,20,-0.1,-0.03,-0.6,-0.35,1,0.1,0.1,0.15,60,78.93,1768,1577,39,1538,1173,0,0,324,0,41,0,191,16,1784,1214,324,1784,746223.36,7643.06,487,233,167,93,82,59,29,388,1173,0,0,365
208936,20,-0.1,-0.03,-0.6,-0.35,1,0.1,0.2,0.15,20,62.52,1773,1582,37,1545,475,269,310,0,491,0,0,191,11,1784,966,579,1784,740874.94,7593.85,149,225,222,949,0,0,0,0,475,269,801,0
208937,20,-0.1,-0.03,-0.6,-0.35,1,0.1,0.2,0.15,20,61.8,1773,1582,40,1542,0,271,318,0,953,0,0,191,11,1784,953,589,1784,847147.39,8693.32,55,87,64,1336,0,0,0,0,0,271,1271,0
208938,20,-0.1,-0.03,-0.6,-0.35,1,0.1,0.2,0.15,20,66.13,1769,1578,37,1541,489,0,522,0,530,0,0,191,15,1784,1019,522,1784,907595.2,9293.49,94,140,161,1146,0,0,0,0,489,0,1052,0
208939,20,-0.1,-0.03,-0.6,-0.35,1,0.1,0.2,0.15,30,60.37,1773,1582,58,1524,632,371,233,0,288,0,0,191,11,1784,920,604,1784,754071.68,7737.65,149,225,222,148,149,631,0,0,632,371,521,0
208940,20,-0.1,-0.03,-0.6,-0.35,1,0.1,0.2,0.15,30,57.57,1772,1581,68,1513,0,378,264,0,871,0,0,191,12,1784,871,642,1784,789210.2,8134.51,55,87,64,65,55,1187,0,0,0,378,1135,0
208941,20,-0.1,-0.03,-0.6,-0.35,1,0.1,0.2,0.15,30,67.83,1769,1578,64,1514,673,0,487,0,354,0,0,191,15,1784,1027,487,1784,1084932.05,11119.57,94,140,161,94,112,913,0,0,673,0,841,0
208942,20,-0.1,-0.03,-0.6,-0.35,1,0.1,0.2,0.15,40,58.67,1773,1582,60,1522,690,448,136,45,69,134,0,191,11,1784,893,629,1784,730650.95,7522.48,149,225,222,148,149,110,84,435,690,448,205,179
208943,20,-0.1,-0.03,-0.6,-0.35,1,0.1,0.2,0.15,40,54.41,1770,1579,70,1509,0,474,166,48,198,623,0,191,14,1784,821,688,1784,776632.71,7959.17,55,87,64,65,55,52,68,1063,0,474,364,671
208944,20,-0.1,-0.03,-0.6,-0.35,1,0.1,0.2,0.15,40,67.64,1768,1577,66,1511,746,0,334,155,75,201,0,191,16,1784,1022,489,1784,1121587.77,11505.83,94,140,161,94,112,72,53,785,746,0,409,356
208945,20,-0.1,-0.03,-0.6,-0.35,1,0.1,0.2,0.15,50,57.88,1773,1582,60,1522,692,464,0,177,0,189,0,191,11,1784,881,641,1784,700133.29,7207.97,149,225,222,148,149,110,84,435,692,464,0,366
208946,20,-0.1,-0.03,-0.6,-0.35,1,0.1,0.2,0.15,50,53.15,1770,1579,70,1509,0,492,0,215,0,802,0,191,14,1784,802,707,1784,724499.4,7411.69,55,87,64,65,55,52,68,1063,0,492,0,1017
208947,20,-0.1,-0.03,-0.6,-0.35,1,0.1,0.2,0.15,50,66.98,1768,1577,66,1511,748,0,0,499,0,264,0,191,16,1784,1012,499,1784,1067309.68,10939.48,94,140,161,94,112,72,53,785,748,0,0,763
208948,20,-0.1,-0.03,-0.6,-0.35,1,0.1,0.2,0.15,60,57.88,1773,1582,60,1522,692,464,0,177,0,189,0,191,11,1784,881,641,1784,700133.29,7207.97,149,225,222,148,149,110,84,435,692,464,0,366
208949,20,-0.1,-0.03,-0.6,-0.35,1,0.1,0.2,0.15,60,53.15,1770,1579,70,1509,0,492,0,215,0,802,0,191,14,1784,802,707,1784,724499.4,7411.69,55,87,64,65,55,52,68,1063,0,492,0,1017
208950,20,-0.1,-0.03,-0.6,-0.35,1,0.1,0.2,0.15,60,66.98,1768,1577,66,1511,748,0,0,499,0,264,0,191,16,1784,1012,499,1784,1067309.68,10939.48,94,140,161,94,112,72,53,785,748,0,0,763
208951,20,-0.1,-0.03,-0.6,-0.35,1,0.2,0.1,0.15,20,68.1,1773,1582,21,1561,941,252,246,0,122,0,0,191,11,1784,1063,498,1784,455394.79,4660.17,541,308,214,498,0,0,0,0,941,252,368,0
208952,20,-0.1,-0.03,-0.6,-0.35,1,0.2,0.1,0.15,20,61.8,1773,1582,40,1542,0,271,318,0,953,0,0,191,11,1784,953,589,1784,847147.39,8693.32,55,87,64,1336,0,0,0,0,0,271,1271,0
208953,20,-0.1,-0.03,-0.6,-0.35,1,0.2,0.1,0.15,20,71.61,1769,1578,21,1557,980,0,442,0,135,0,0,191,15,1784,1115,442,1784,598231.05,6116.75,487,233,167,670,0,0,0,0,980,0,577,0
208954,20,-0.1,-0.03,-0.6,-0.35,1,0.2,0.1,0.15,30,70.39,1773,1582,32,1550,1045,331,128,0,46,0,0,191,11,1784,1091,459,1784,471644.82,4842.37,541,308,214,130,99,258,0,0,1045,331,174,0
208955,20,-0.1,-0.03,-0.6,-0.35,1,0.2,0.1,0.15,30,57.57,1772,1581,68,1513,0,378,264,0,871,0,0,191,12,1784,871,642,1784,789210.2,8134.51,55,87,64,65,55,1187,0,0,0,378,1135,0
208956,20,-0.1,-0.03,-0.6,-0.35,1,0.2,0.1,0.15,30,77.08,1769,1578,38,1540,1121,0,353,0,66,0,0,191,15,1784,1187,353,1784,737769.86,7568.1,487,233,167,93,82,478,0,0,1121,0,419,0
208957,20,-0.1,-0.03,-0.6,-0.35,1,0.2,0.1,0.15,40,70.63,1773,1582,33,1549,1072,374,59,22,13,9,0,191,11,1784,1094,455,1784,456143.63,4695.03,541,308,214,130,99,84,38,135,1072,374,72,31
208958,20,-0.1,-0.03,-0.6,-0.35,1,0.2,0.1,0.15,40,54.41,1770,1579,70,1509,0,474,166,48,198,623,0,191,14,1784,821,688,1784,776632.71,7959.17,55,87,64,65,55,52,68,1063,0,474,364,671
208959,20,-0.1,-0.03,-0.6,-0.35,1,0.2,0.1,0.15,40,79.13,1768,1577,39,1538,1172,0,209,112,15,30,0,191,16,1784,1217,321,1784,767430.66,7868.78,487,233,167,93,82,59,29,388,1172,0,224,142
208960,20,-0.1,-0.03,-0.6,-0.35,1,0.2,0.1,0.15,50,70.24,1773,1582,33,1549,1072,381,0,80,0,16,0,191,11,1784,1088,461,1784,445322.9,4582.63,541,308,214,130,99,84,38,135,1072,381,0,96
208961,20,-0.1,-0.03,-0.6,-0.35,1,0.2,0.1,0.15,50,53.15,1770,1579,70,1509,0,492,0,215,0,802,0,191,14,1784,802,707,1784,724499.4,7411.69,55,87,64,65,55,52,68,1063,0,492,0,1017
208962,20,-0.1,-0.03,-0.6,-0.35,1,0.2,0.1,0.15,50,78.93,1768,1577,39,1538,1173,0,0,324,0,41,0,191,16,1784,1214,324,1784,746223.36,7643.06,487,233,167,93,82,59,29,388,1173,0,0,365
208963,20,-0.1,-0.03,-0.6,-0.35,1,0.2,0.1,0.15,60,70.24,1773,1582,33,1549,1072,381,0,80,0,16,0,191,11,1784,1088,461,1784,445322.9,4582.63,541,308,214,130,99,84,38,135,1072,381,0,96
208964,20,-0.1,-0.03,-0.6,-0.35,1,0.2,0.1,0.15,60,53.15,1770,1579,70,1509,0,492,0,215,0,802,0,191,14,1784,802,707,1784,724499.4,7411.69,55,87,64,65,55,52,68,1063,0,492,0,1017
208965,20,-0.1,-0.03,-0.6,-0.35,1,0.2,0.1,0.15,60,78.93,1768,1577,39,1538,1173,0,0,324,0,41,0,191,16,1784,1214,324,1784,746223.36,7643.06,487,233,167,93,82,59,29,388,1173,0,0,365
208966,20,-0.1,-0.03,-0.6,-0.35,1,0.2,0.2,0.15,20,62.52,1773,1582,37,1545,475,269,310,0,491,0,0,191,11,1784,966,579,1784,740874.94,7593.85,149,225,222,949,0,0,0,0,475,269,801,0
208967,20,-0.1,-0.03,-0.6,-0.35,1,0.2,0.2,0.15,20,61.8,1773,1582,40,1542,0,271,318,0,953,0,0,191,11,1784,953,589,1784,847147.39,8693.32,55,87,64,1336,0,0,0,0,0,271,1271,0
208968,20,-0.1,-0.03,-0.6,-0.35,1,0.2,0.2,0.15,20,66.13,1769,1578,37,1541,489,0,522,0,530,0,0,191,15,1784,1019,522,1784,907595.2,9293.49,94,140,161,1146,0,0,0,0,489,0,1052,0
208969,20,-0.1,-0.03,-0.6,-0.35,1,0.2,0.2,0.15,30,60.37,1773,1582,58,1524,632,371,233,0,288,0,0,191,11,1784,920,604,1784,754071.68,7737.65,149,225,222,148,149,631,0,0,632,371,521,0
208970,20,-0.1,-0.03,-0.6,-0.35,1,0.2,0.2,0.15,30,57.57,1772,1581,68,1513,0,378,264,0,871,0,0,191,12,1784,871,642,1784,789210.2,8134.51,55,87,64,65,55,1187,0,0,0,378,1135,0
208971,20,-0.1,-0.03,-0.6,-0.35,1,0.2,0.2,0.15,30,67.83,1769,1578,64,1514,673,0,487,0,354,0,0,191,15,1784,1027,487,1784,1084932.05,11119.57,94,140,161,94,112,913,0,0,673,0,841,0
208972,20,-0.1,-0.03,-0.6,-0.35,1,0.2,0.2,0.15,40,58.67,1773,1582,60,1522,690,448,136,45,69,134,0,191,11,1784,893,629,1784,730650.95,7522.48,149,225,222,148,149,110,84,435,690,448,205,179
208973,20,-0.1,-0.03,-0.6,-0.35,1,0.2,0.2,0.15,40,54.41,1770,1579,70,1509,0,474,166,48,198,623,0,191,14,1784,821,688,1784,776632.71,7959.17,55,87,64,65,55,52,68,1063,0,474,364,671
208974,20,-0.1,-0.03,-0.6,-0.35,1,0.2,0.2,0.15,40,67.64,1768,1577,66,1511,746,0,334,155,75,201,0,191,16,1784,1022,489,1784,1121587.77,11505.83,94,140,161,94,112,72,53,785,746,0,409,356
208975,20,-0.1,-0.03,-0.6,-0.35,1,0.2,0.2,0.15,50,57.88,1773,1582,60,1522,692,464,0,177,0,189,0,191,11,1784,881,641,1784,700133.29,7207.97,149,225,222,148,149,110,84,435,692,464,0,366
208976,20,-0.1,-0.03,-0.6,-0.35,1,0.2,0.2,0.15,50,53.15,1770,1579,70,1509,0,492,0,215,0,802,0,191,14,1784,802,707,1784,724499.4,7411.69,55,87,64,65,55,52,68,1063,0,492,0,1017
208977,20,-0.1,-0.03,-0.6,-0.35,1,0.2,0.2,0.15,50,66.98,1768,1577,66,1511,748,0,0,499,0,264,0,191,16,1784,1012,499,1784,1067309.68,10939.48,94,140,161,94,112,72,53,785,748,0,0,763
208978,20,-0.1,-0.03,-0.6,-0.35,1,0.2,0.2,0.15,60,57.88,1773,1582,60,1522,692,464,0,177,0,189,0,191,11,1784,881,641,1784,700133.29,7207.97,149,225,222,148,149,110,84,435,692,464,0,366
208979,20,-0.1,-0.03,-0.6,-0.35,1,0.2,0.2,0.15,60,53.15,1770,1579,70,1509,0,492,0,215,0,802,0,191,14,1784,802,707,1784,724499.4,7411.69,55,87,64,65,55,52,68,1063,0,492,0,1017
208980,20,-0.1,-0.03,-0.6,-0.35,1,0.2,0.2,0.15,60,66.98,1768,1577,66,1511,748,0,0,499,0,264,0,191,16,1784,1012,499,1784,1067309.68,10939.48,94,140,161,94,112,72,53,785,748,0,0,763
208981,20,-0.1,-0.03,-0.6,-0.35,2,0.1,0.1,0.15,20,71.56,1773,1582,21,1561,994,247,197,0,123,0,0,191,11,1784,1117,444,1784,582251.13,6758.31,559,321,235,446,0,0,0,0,994,247,320,0
208982,20,-0.1,-0.03,-0.6,-0.35,2,0.1,0.1,0.15,20,65.56,1773,1582,40,1542,0,271,260,0,1011,0,0,191,11,1784,1011,531,1784,1087897.77,11299.27,55,87,64,1336,0,0,0,0,0,271,1271,0
208983,20,-0.1,-0.03,-0.6,-0.35,2,0.1,0.1,0.15,20,77.01,1769,1578,21,1557,1050,0,358,0,149,0,0,191,15,1784,1199,358,1784,819544.43,8289.06,508,252,196,601,0,0,0,0,1050,0,507,0
208984,20,-0.1,-0.03,-0.6,-0.35,2,0.1,0.1,0.15,30,73.26,1773,1582,30,1552,1087,320,95,0,50,0,0,191,11,1784,1137,415,1784,589896.56,7083.97,559,321,235,126,98,213,0,0,1087,320,145,0
208985,20,-0.1,-0.03,-0.6,-0.35,2,0.1,0.1,0.15,30,59.75,1772,1581,68,1513,0,378,231,0,904,0,0,191,12,1784,904,609,1784,1084343.23,11298.01,55,87,64,65,55,1187,0,0,0,378,1135,0
208986,20,-0.1,-0.03,-0.6,-0.35,2,0.1,0.1,0.15,30,83.08,1769,1578,35,1543,1198,0,261,0,84,0,0,191,15,1784,1282,261,1784,1052548.95,9819.17,508,252,196,94,99,394,0,0,1198,0,345,0
208987,20,-0.1,-0.03,-0.6,-0.35,2,0.1,0.1,0.15,40,73.57,1773,1582,31,1551,1112,356,44,10,19,10,0,191,11,1784,1141,410,1784,567292.1,7069.07,559,321,235,126,98,68,35,109,1112,356,63,20
208988,20,-0.1,-0.03,-0.6,-0.35,2,0.1,0.1,0.15,40,57.26,1770,1579,70,1509,0,474,139,32,225,639,0,191,14,1784,864,645,1784,1064413.73,11545.51,55,87,64,65,55,52,68,1063,0,474,364,671
208989,20,-0.1,-0.03,-0.6,-0.35,2,0.1,0.1,0.15,40,85.14,1768,1577,36,1541,1257,0,164,65,24,31,0,191,16,1784,1312,229,1784,1122108.63,10264.53,508,252,196,94,99,49,41,302,1257,0,188,96
208990,20,-0.1,-0.03,-0.6,-0.35,2,0.1,0.1,0.15,50,72.92,1773,1582,31,1551,1112,363,0,57,0,19,0,191,11,1784,1131,420,1784,550630.46,6972.06,559,321,235,126,98,68,35,109,1112,363,0,76
208991,20,-0.1,-0.03,-0.6,-0.35,2,0.1,0.1,0.15,50,55.4,1770,1579,70,1509,0,492,0,181,0,836,0,191,14,1784,836,673,1784,991280.33,11002.27,55,87,64,65,55,52,68,1063,0,492,0,1017
208992,20,-0.1,-0.03,-0.6,-0.35,2,0.1,0.1,0.15,50,84.94,1768,1577,36,1541,1258,0,0,232,0,51,0,191,16,1784,1309,232,1784,1081959.5,10050.74,508,252,196,94,99,49,41,302,1258,0,0,283
208993,20,-0.1,-0.03,-0.6,-0.35,2,0.1,0.1,0.15,60,72.92,1773,1582,31,1551,1112,363,0,57,0,19,0,191,11,1784,1131,420,1784,550630.46,6972.06,559,321,235,126,98,68,35,109,1112,363,0,76
208994,20,-0.1,-0.03,-0.6,-0.35,2,0.1,0.1,0.15,60,55.4,1770,1579,70,1509,0,492,0,181,0,836,0,191,14,1784,836,673,1784,991280.33,11002.27,55,87,64,65,55,52,68,1063,0,492,0,1017
208995,20,-0.1,-0.03,-0.6,-0.35,2,0.1,0.1,0.15,60,84.94,1768,1577,36,1541,1258,0,0,232,0,51,0,191,16,1784,1309,232,1784,1081959.5,10050.74,508,252,196,94,99,49,41,302,1258,0,0,283
208996,20,-0.1,-0.03,-0.6,-0.35,2,0.1,0.2,0.15,20,66.21,1773,1582,37,1545,511,269,253,0,512,0,0,191,11,1784,1023,522,1784,956081.3,10080.03,151,236,237,921,0,0,0,0,511,269,765,0
208997,20,-0.1,-0.03,-0.6,-0.35,2,0.1,0.2,0.15,20,65.56,1773,1582,40,1542,0,271,260,0,1011,0,0,191,11,1784,1011,531,1784,1087897.77,11299.27,55,87,64,1336,0,0,0,0,0,271,1271,0
208998,20,-0.1,-0.03,-0.6,-0.35,2,0.1,0.2,0.15,20,71.97,1769,1578,37,1541,540,0,432,0,569,0,0,191,15,1784,1109,432,1784,1264947.12,12027.89,96,152,185,1108,0,0,0,0,540,0,1001,0
208999,20,-0.1,-0.03,-0.6,-0.35,2,0.1,0.2,0.15,30,62.6,1773,1582,58,1524,674,371,199,0,280,0,0,191,11,1784,954,570,1784,1004909.06,10633.59,151,236,237,156,153,591,0,0,674,371,479,0
209000,20,-0.1,-0.03,-0.6,-0.35,2,0.1,0.2,0.15,30,59.75,1772,1581,68,1513,0,378,231,0,904,0,0,191,12,1784,904,609,1784,1084343.23,11298.01,55,87,64,65,55,1187,0,0,0,378,1135,0
209001,20,-0.1,-0.03,-0.6,-0.35,2,0.1,0.2,0.15,30,73.45,1769,1578,64,1514,743,0,402,0,369,0,0,191,15,1784,1112,402,1784,1635419.33,14320.14,96,152,185,107,120,854,0,0,743,0,771,0
209002,20,-0.1,-0.03,-0.6,-0.35,2,0.1,0.2,0.15,40,61.5,1773,1582,60,1522,739,446,110,30,81,116,0,191,11,1784,936,586,1784,967507.58,10714.7,151,236,237,156,153,112,85,392,739,446,191,146
209003,20,-0.1,-0.03,-0.6,-0.35,2,0.1,0.2,0.15,40,57.26,1770,1579,70,1509,0,474,139,32,225,639,0,191,14,1784,864,645,1784,1064413.73,11545.51,55,87,64,65,55,52,68,1063,0,474,364,671
209004,20,-0.1,-0.03,-0.6,-0.35,2,0.1,0.2,0.15,40,73.86,1768,1577,66,1511,832,0,291,104,97,187,0,191,16,1784,1116,395,1784,1722085.38,15044.6,96,152,185,107,120,83,57,711,832,0,388,291
209005,20,-0.1,-0.03,-0.6,-0.35,2,0.1,0.2,0.15,50,60.45,1773,1582,60,1522,740,461,0,141,0,180,0,191,11,1784,920,602,1784,927395.89,10444.06,151,236,237,156,153,112,85,392,740,461,0,321
209006,20,-0.1,-0.03,-0.6,-0.35,2,0.1,0.2,0.15,50,55.4,1770,1579,70,1509,0,492,0,181,0,836,0,191,14,1784,836,673,1784,991280.33,11002.27,55,87,64,65,55,52,68,1063,0,492,0,1017
209007,20,-0.1,-0.03,-0.6,-0.35,2,0.1,0.2,0.15,50,73.46,1768,1577,66,1511,834,0,0,401,0,276,0,191,16,1784,1110,401,1784,1638146.09,14541.65,96,152,185,107,120,83,57,711,834,0,0,677
209008,20,-0.1,-0.03,-0.6,-0.35,2,0.1,0.2,0.15,60,60.45,1773,1582,60,1522,740,461,0,141,0,180,0,191,11,1784,920,602,1784,927395.89,10444.06,151,236,237,156,153,112,85,392,740,461,0,321
209009,20,-0.1,-0.03,-0.6,-0.35,2,0.1,0.2,0.15,60,55.4,1770,1579,70,1509,0,492,0,181,0,836,0,191,14,1784,836,673,1784,991280.33,11002.27,55,87,64,65,55,52,68,1063,0,492,0,1017
209010,20,-0.1,-0.03,-0.6,-0.35,2,0.1,0.2,0.15,60,73.46,1768,1577,66,1511,834,0,0,401,0,276,0,191,16,1784,1110,401,1784,1638146.09,14541.65,96,152,185,107,120,83,57,711,834,0,0,677
209011,20,-0.1,-0.03,-0.6,-0.35,2,0.2,0.1,0.15,20,68.1,1773,1582,21,1561,941,252,246,0,122,0,0,191,11,1784,1063,498,1784,455394.79,4660.17,541,308,214,498,0,0,0,0,941,252,368,0
209012,20,-0.1,-0.03,-0.6,-0.35,2,0.2,0.1,0.15,20,61.8,1773,1582,40,1542,0,271,318,0,953,0,0,191,11,1784,953,589,1784,847147.39,8693.32,55,87,64,1336,0,0,0,0,0,271,1271,0
209013,20,-0.1,-0.03,-0.6,-0.35,2,0.2,0.1,0.15,20,71.61,1769,1578,21,1557,980,0,442,0,135,0,0,191,15,1784,1115,442,1784,598231.05,6116.75,487,233,167,670,0,0,0,0,980,0,577,0
209014,20,-0.1,-0.03,-0.6,-0.35,2,0.2,0.1,0.15,30,70.39,1773,1582,32,1550,1045,331,128,0,46,0,0,191,11,1784,1091,459,1784,471644.82,4842.37,541,308,214,130,99,258,0,0,1045,331,174,0
209015,20,-0.1,-0.03,-0.6,-0.35,2,0.2,0.1,0.15,30,57.57,1772,1581,68,1513,0,378,264,0,871,0,0,191,12,1784,871,642,1784,789210.2,8134.51,55,87,64,65,55,1187,0,0,0,378,1135,0
209016,20,-0.1,-0.03,-0.6,-0.35,2,0.2,0.1,0.15,30,77.08,1769,1578,38,1540,1121,0,353,0,66,0,0,191,15,1784,1187,353,1784,737769.86,7568.1,487,233,167,93,82,478,0,0,1121,0,419,0
209017,20,-0.1,-0.03,-0.6,-0.35,2,0.2,0.1,0.15,40,70.63,1773,1582,33,1549,1072,374,59,22,13,9,0,191,11,1784,1094,455,1784,456143.63,4695.03,541,308,214,130,99,84,38,135,1072,374,72,31
209018,20,-0.1,-0.03,-0.6,-0.35,2,0.2,0.1,0.15,40,54.41,1770,1579,70,1509,0,474,166,48,198,623,0,191,14,1784,821,688,1784,776632.71,7959.17,55,87,64,65,55,52,68,1063,0,474,364,671
209019,20,-0.1,-0.03,-0.6,-0.35,2,0.2,0.1,0.15,40,79.13,1768,1577,39,1538,1172,0,209,112,15,30,0,191,16,1784,1217,321,1784,767430.66,7868.78,487,233,167,93,82,59,29,388,1172,0,224,142
209020,20,-0.1,-0.03,-0.6,-0.35,2,0.2,0.1,0.15,50,70.24,1773,1582,33,1549,1072,381,0,80,0,16,0,191,11,1784,1088,461,1784,445322.9,4582.63,541,308,214,130,99,84,38,135,1072,381,0,96
209021,20,-0.1,-0.03,-0.6,-0.35,2,0.2,0.1,0.15,50,53.15,1770,1579,70,1509,0,492,0,215,0,802,0,191,14,1784,802,707,1784,724499.4,7411.69,55,87,64,65,55,52,68,1063,0,492,0,1017
209022,20,-0.1,-0.03,-0.6,-0.35,2,0.2,0.1,0.15,50,78.93,1768,1577,39,1538,1173,0,0,324,0,41,0,191,16,1784,1214,324,1784,746223.36,7643.06,487,233,167,93,82,59,29,388,1173,0,0,365
209023,20,-0.1,-0.03,-0.6,-0.35,2,0.2,0.1,0.15,60,70.24,1773,1582,33,1549,1072,381,0,80,0,16,0,191,11,1784,1088,461,1784,445322.9,4582.63,541,308,214,130,99,84,38,135,1072,381,0,96
209024,20,-0.1,-0.03,-0.6,-0.35,2,0.2,0.1,0.15,60,53.15,1770,1579,70,1509,0,492,0,215,0,802,0,191,14,1784,802,707,1784,724499.4,7411.69,55,87,64,65,55,52,68,1063,0,492,0,1017
209025,20,-0.1,-0.03,-0.6,-0.35,2,0.2,0.1,0.15,60,78.93,1768,1577,39,1538,1173,0,0,324,0,41,0,191,16,1784,1214,324,1784,746223.36,7643.06,487,233,167,93,82,59,29,388,1173,0,0,365
209026,20,-0.1,-0.03,-0.6,-0.35,2,0.2,0.2,0.15,20,62.52,1773,1582,37,1545,475,269,310,0,491,0,0,191,11,1784,966,579,1784,740874.94,7593.85,149,225,222,949,0,0,0,0,475,269,801,0
209027,20,-0.1,-0.03,-0.6,-0.35,2,0.2,0.2,0.15,20,61.8,1773,1582,40,1542,0,271,318,0,953,0,0,191,11,1784,953,589,1784,847147.39,8693.32,55,87,64,1336,0,0,0,0,0,271,1271,0
209028,20,-0.1,-0.03,-0.6,-0.35,2,0.2,0.2,0.15,20,66.13,1769,1578,37,1541,489,0,522,0,530,0,0,191,15,1784,1019,522,1784,907595.2,9293.49,94,140,161,1146,0,0,0,0,489,0,1052,0
209029,20,-0.1,-0.03,-0.6,-0.35,2,0.2,0.2,0.15,30,60.37,1773,1582,58,1524,632,371,233,0,288,0,0,191,11,1784,920,604,1784,754071.68,7737.65,149,225,222,148,149,631,0,0,632,371,521,0
209030,20,-0.1,-0.03,-0.6,-0.35,2,0.2,0.2,0.15,30,57.57,1772,1581,68,1513,0,378,264,0,871,0,0,191,12,1784,871,642,1784,789210.2,8134.51,55,87,64,65,55,1187,0,0,0,378,1135,0
209031,20,-0.1,-0.03,-0.6,-0.35,2,0.2,0.2,0.15,30,67.83,1769,1578,64,1514,673,0,487,0,354,0,0,191,15,1784,1027,487,1784,1084932.05,11119.57,94,140,161,94,112,913,0,0,673,0,841,0
209032,20,-0.1,-0.03,-0.6,-0.35,2,0.2,0.2,0.15,40,58.67,1773,1582,60,1522,690,448,136,45,69,134,0,191,11,1784,893,629,1784,730650.95,7522.48,149,225,222,148,149,110,84,435,690,448,205,179
209033,20,-0.1,-0.03,-0.6,-0.35,2,0.2,0.2,0.15,40,54.41,1770,1579,70,1509,0,474,166,48,198,623,0,191,14,1784,821,688,1784,776632.71,7959.17,55,87,64,65,55,52,68,1063,0,474,364,671
209034,20,-0.1,-0.03,-0.6,-0.35,2,0.2,0.2,0.15,40,67.64,1768,1577,66,1511,746,0,334,155,75,201,0,191,16,1784,1022,489,1784,1121587.77,11505.83,94,140,161,94,112,72,53,785,746,0,409,356
209035,20,-0.1,-0.03,-0.6,-0.35,2,0.2,0.2,0.15,50,57.88,1773,1582,60,1522,692,464,0,177,0,189,0,191,11,1784,881,641,1784,700133.29,7207.97,149,225,222,148,149,110,84,435,692,464,0,366
209036,20,-0.1,-0.03,-0.6,-0.35,2,0.2,0.2,0.15,50,53.15,1770,1579,70,1509,0,492,0,215,0,802,0,191,14,1784,802,707,1784,724499.4,7411.69,55,87,64,65,55,52,68,1063,0,492,0,1017
209037,20,-0.1,-0.03,-0.6,-0.35,2,0.2,0.2,0.15,50,66.98,1768,1577,66,1511,748,0,0,499,0,264,0,191,16,1784,1012,499,1784,1067309.68,10939.48,94,140,161,94,112,72,53,785,748,0,0,763
209038,20,-0.1,-0.03,-0.6,-0.35,2,0.2,0.2,0.15,60,57.88,1773,1582,60,1522,692,464,0,177,0,189,0,191,11,1784,881,641,1784,700133.29,7207.97,149,225,222,148,149,110,84,435,692,464,0,366
209039,20,-0.1,-0.03,-0.6,-0.35,2,0.2,0.2,0.15,60,53.15,1770,1579,70,1509,0,492,0,215,0,802,0,191,14,1784,802,707,1784,724499.4,7411.69,55,87,64,65,55,52,68,1063,0,492,0,1017
209040,20,-0.1,-0.03,-0.6,-0.35,2,0.2,0.2,0.15,60,66.98,1768,1577,66,1511,748,0,0,499,0,264,0,191,16,1784,1012,499,1784,1067309.68,10939.48,94,140,161,94,112,72,53,785,748,0,0,763
209041,20,-0.1,-0.03,-0.6,-0.3,1,0.1,0.1,0.15,20,66.5,2225,2028,28,2000,1135,317,353,0,195,0,0,197,14,2239,1330,670,2239,520326.31,5339.82,650,387,260,703,0,0,0,0,1135,317,548,0
209042,20,-0.1,-0.03,-0.6,-0.3,1,0.1,0.1,0.15,20,60.4,2225,2028,48,1980,0,345,439,0,1196,0,0,197,14,2239,1196,784,2239,926577.84,9561.06,66,118,86,1710,0,0,0,0,0,345,1635,0
209043,20,-0.1,-0.03,-0.6,-0.3,1,0.1,0.1,0.15,20,69.77,2220,2023,28,1995,1178,0,603,0,214,0,0,197,19,2239,1392,603,2239,676494.31,6919.5,585,286,195,929,0,0,0,0,1178,0,817,0
209044,20,-0.1,-0.03,-0.6,-0.3,1,0.1,0.1,0.15,30,68.82,2225,2028,43,1985,1281,414,205,0,85,0,0,197,14,2239,1366,619,2239,553211.44,5700.28,650,387,260,155,133,400,0,0,1281,414,290,0
209045,20,-0.1,-0.03,-0.6,-0.3,1,0.1,0.1,0.15,30,56.56,2224,2027,82,1945,0,476,369,0,1100,0,0,197,15,2239,1100,845,2239,863607.15,8972.92,66,118,86,75,70,1530,0,0,0,476,1469,0
209046,20,-0.1,-0.03,-0.6,-0.3,1,0.1,0.1,0.15,30,75.03,2220,2023,49,1974,1369,0,493,0,112,0,0,197,19,2239,1481,493,2239,862499.3,8853.66,585,286,195,112,107,689,0,0,1369,0,605,0
209047,20,-0.1,-0.03,-0.6,-0.3,1,0.1,0.1,0.15,40,68.75,2225,2028,44,1984,1325,480,101,39,20,19,0,197,14,2239,1364,620,2239,515957.78,5322.34,650,387,260,155,133,110,67,222,1325,480,121,58
209048,20,-0.1,-0.03,-0.6,-0.3,1,0.1,0.1,0.15,40,53.07,2222,2025,84,1941,0,605,231,75,255,775,0,197,17,2239,1030,911,2239,812035.72,8381.67,66,118,86,75,70,61,95,1370,0,605,486,850
209049,20,-0.1,-0.03,-0.6,-0.3,1,0.1,0.1,0.15,40,76.77,2219,2022,50,1972,1446,0,299,159,22,46,0,197,20,2239,1514,458,2239,894526.7,9169.93,585,286,195,112,107,84,49,554,1446,0,321,205
209050,20,-0.1,-0.03,-0.6,-0.3,1,0.1,0.1,0.15,50,68.4,2225,2028,44,1984,1325,490,0,137,0,32,0,197,14,2239,1357,627,2239,499505.51,5152.25,650,387,260,155,133,110,67,222,1325,490,0,169
209051,20,-0.1,-0.03,-0.6,-0.3,1,0.1,0.1,0.15,50,51.93,2222,2025,84,1941,0,631,0,302,0,1008,0,197,17,2239,1008,933,2239,747702.4,7703.86,66,118,86,75,70,61,95,1370,0,631,0,1310
209052,20,-0.1,-0.03,-0.6,-0.3,1,0.1,0.1,0.15,50,76.57,2219,2022,50,1972,1447,0,0,462,0,63,0,197,20,2239,1510,462,2239,865504.68,8862.89,585,286,195,112,107,84,49,554,1447,0,0,525
209053,20,-0.1,-0.03,-0.6,-0.3,1,0.1,0.1,0.15,60,68.4,2225,2028,44,1984,1325,490,0,137,0,32,0,197,14,2239,1357,627,2239,499505.51,5152.25,650,387,260,155,133,110,67,222,1325,490,0,169
209054,20,-0.1,-0.03,-0.6,-0.3,1,0.1,0.1,0.15,60,51.93,2222,2025,84,1941,0,631,0,302,0,1008,0,197,17,2239,1008,933,2239,747702.4,7703.86,66,118,86,75,70,61,95,1370,0,631,0,1310
209055,20,-0.1,-0.03,-0.6,-0.3,1,0.1,0.1,0.15,60,76.57,2219,2022,50,1972,1447,0,0,462,0,63,0,197,20,2239,1510,462,2239,865504.68,8862.89,585,286,195,112,107,84,49,554,1447,0,0,525
209056,20,-0.1,-0.03,-0.6,-0.3,1,0.1,0.2,0.15,20,60.99,2225,2028,44,1984,558,343,431,0,652,0,0,197,14,2239,1210,774,2239,829260.46,8544.04,170,276,277,1261,0,0,0,0,558,343,1083,0
209057,20,-0.1,-0.03,-0.6,-0.3,1,0.1,0.2,0.15,20,60.4,2225,2028,48,1980,0,345,439,0,1196,0,0,197,14,2239,1196,784,2239,926577.84,9561.06,66,118,86,1710,0,0,0,0,0,345,1635,0
209058,20,-0.1,-0.03,-0.6,-0.3,1,0.1,0.2,0.15,20,64.27,2220,2023,44,1979,572,0,707,0,700,0,0,197,19,2239,1272,707,2239,1001733.52,10289.99,104,160,194,1521,0,0,0,0,572,0,1407,0
209059,20,-0.1,-0.03,-0.6,-0.3,1,0.1,0.2,0.15,30,59.02,2225,2028,71,1957,743,468,334,0,412,0,0,197,14,2239,1155,802,2239,850760.26,8796.24,170,276,277,178,175,881,0,0,743,468,746,0
209060,20,-0.1,-0.03,-0.6,-0.3,1,0.1,0.2,0.15,30,56.56,2224,2027,82,1945,0,476,369,0,1100,0,0,197,15,2239,1100,845,2239,863607.15,8972.92,66,118,86,75,70,1530,0,0,0,476,1469,0
209061,20,-0.1,-0.03,-0.6,-0.3,1,0.1,0.2,0.15,30,65.83,2220,2023,77,1946,787,0,665,0,494,0,0,197,19,2239,1281,665,2239,1219916.6,12556.24,104,160,194,114,126,1248,0,0,787,0,1159,0
209062,20,-0.1,-0.03,-0.6,-0.3,1,0.1,0.2,0.15,40,56.93,2225,2028,73,1955,821,576,196,70,93,199,0,197,14,2239,1113,842,2239,802446.32,8320.39,170,276,277,178,175,135,118,626,821,576,289,269
209063,20,-0.1,-0.03,-0.6,-0.3,1,0.1,0.2,0.15,40,53.07,2222,2025,84,1941,0,605,231,75,255,775,0,197,17,2239,1030,911,2239,812035.72,8381.67,66,118,86,75,70,61,95,1370,0,605,486,850
209064,20,-0.1,-0.03,-0.6,-0.3,1,0.1,0.2,0.15,40,65.36,2219,2022,79,1943,882,0,458,215,101,287,0,197,20,2239,1270,673,2239,1260795.64,12976.1,104,160,194,114,126,89,67,1089,882,0,559,502
209065,20,-0.1,-0.03,-0.6,-0.3,1,0.1,0.2,0.15,50,56.27,2225,2028,73,1955,824,598,0,257,0,276,0,197,14,2239,1100,855,2239,763145.56,7914.3,170,276,277,178,175,135,118,626,824,598,0,533
209066,20,-0.1,-0.03,-0.6,-0.3,1,0.1,0.2,0.15,50,51.93,2222,2025,84,1941,0,631,0,302,0,1008,0,197,17,2239,1008,933,2239,747702.4,7703.86,66,118,86,75,70,61,95,1370,0,631,0,1310
209067,20,-0.1,-0.03,-0.6,-0.3,1,0.1,0.2,0.15,50,64.8,2219,2022,79,1943,885,0,0,684,0,374,0,197,20,2239,1259,684,2239,1194470.39,12282.88,104,160,194,114,126,89,67,1089,885,0,0,1058
209068,20,-0.1,-0.03,-0.6,-0.3,1,0.1,0.2,0.15,60,56.27,2225,2028,73,1955,824,598,0,257,0,276,0,197,14,2239,1100,855,2239,763145.56,7914.3,170,276,277,178,175,135,118,626,824,598,0,533
209069,20,-0.1,-0.03,-0.6,-0.3,1,0.1,0.2,0.15,60,51.93,2222,2025,84,1941,0,631,0,302,0,1008,0,197,17,2239,1008,933,2239,747702.4,7703.86,66,118,86,75,70,61,95,1370,0,631,0,1310
209070,20,-0.1,-0.03,-0.6,-0.3,1,0.1,0.2,0.15,60,64.8,2219,2022,79,1943,885,0,0,684,0,374,0,197,20,2239,1259,684,2239,1194470.39,12282.88,104,160,194,114,126,89,67,1089,885,0,0,1058
209071,20,-0.1,-0.03,-0.6,-0.3,1,0.2,0.1,0.15,20,66.5,2225,2028,28,2000,1135,317,353,0,195,0,0,197,14,2239,1330,670,2239,520326.31,5339.82,650,387,260,703,0,0,0,0,1135,317,548,0
209072,20,-0.1,-0.03,-0.6,-0.3,1,0.2,0.1,0.15,20,60.4,2225,2028,48,1980,0,345,439,0,1196,0,0,197,14,2239,1196,784,2239,926577.84,9561.06,66,118,86,1710,0,0,0,0,0,345,1635,0
209073,20,-0.1,-0.03,-0.6,-0.3,1,0.2,0.1,0.15,20,69.77,2220,2023,28,1995,1178,0,603,0,214,0,0,197,19,2239,1392,603,2239,676494.31,6919.5,585,286,195,929,0,0,0,0,1178,0,817,0
209074,20,-0.1,-0.03,-0.6,-0.3,1,0.2,0.1,0.15,30,68.82,2225,2028,43,1985,1281,414,205,0,85,0,0,197,14,2239,1366,619,2239,553211.44,5700.28,650,387,260,155,133,400,0,0,1281,414,290,0
209075,20,-0.1,-0.03,-0.6,-0.3,1,0.2,0.1,0.15,30,56.56,2224,2027,82,1945,0,476,369,0,1100,0,0,197,15,2239,1100,845,2239,863607.15,8972.92,66,118,86,75,70,1530,0,0,0,476,1469,0
209076,20,-0.1,-0.03,-0.6,-0.3,1,0.2,0.1,0.15,30,75.03,2220,2023,49,1974,1369,0,493,0,112,0,0,197,19,2239,1481,493,2239,862499.3,8853.66,585,286,195,112,107,689,0,0,1369,0,605,0
209077,20,-0.1,-0.03,-0.6,-0.3,1,0.2,0.1,0.15,40,68.75,2225,2028,44,1984,1325,480,101,39,20,19,0,197,14,2239,1364,620,2239,515957.78,5322.34,650,387,260,155,133,110,67,222,1325,480,121,58
209078,20,-0.1,-0.03,-0.6,-0.3,1,0.2,0.1,0.15,40,53.07,2222,2025,84,1941,0,605,231,75,255,775,0,197,17,2239,1030,911,2239,812035.72,8381.67,66,118,86,75,70,61,95,1370,0,605,486,850
209079,20,-0.1,-0.03,-0.6,-0.3,1,0.2,0.1,0.15,40,76.77,2219,2022,50,1972,1446,0,299,159,22,46,0,197,20,2239,1514,458,2239,894526.7,9169.93,585,286,195,112,107,84,49,554,1446,0,321,205
209080,20,-0.1,-0.03,-0.6,-0.3,1,0.2,0.1,0.15,50,68.4,2225,2028,44,1984,1325,490,0,137,0,32,0,197,14,2239,1357,627,2239,499505.51,5152.25,650,387,260,155,133,110,67,222,1325,490,0,169
209081,20,-0.1,-0.03,-0.6,-0.3,1,0.2,0.1,0.15,50,51.93,2222,2025,84,1941,0,631,0,302,0,1008,0,197,17,2239,1008,933,2239,747702.4,7703.86,66,118,86,75,70,61,95,1370,0,631,0,1310
209082,20,-0.1,-0.03,-0.6,-0.3,1,0.2,0.1,0.15,50,76.57,2219,2022,50,1972,1447,0,0,462,0,63,0,197,20,2239,1510,462,2239,865504.68,8862.89,585,286,195,112,107,84,49,554,1447,0,0,525
209083,20,-0.1,-0.03,-0.6,-0.3,1,0.2,0.1,0.15,60,68.4,2225,2028,44,1984,1325,490,0,137,0,32,0,197,14,2239,1357,627,2239,499505.51,5152.25,650,387,260,155,133,110,67,222,1325,490,0,169
209084,20,-0.1,-0.03,-0.6,-0.3,1,0.2,0.1,0.15,60,51.93,2222,2025,84,1941,0,631,0,302,0,1008,0,197,17,2239,1008,933,2239,747702.4,7703.86,66,118,86,75,70,61,95,1370,0,631,0,1310
209085,20,-0.1,-0.03,-0.6,-0.3,1,0.2,0.1,0.15,60,76.57,2219,2022,50,1972,1447,0,0,462,0,63,0,197,20,2239,1510,462,2239,865504.68,8862.89,585,286,195,112,107,84,49,554,1447,0,0,525
209086,20,-0.1,-0.03,-0.6,-0.3,1,0.2,0.2,0.15,20,60.99,2225,2028,44,1984,558,343,431,0,652,0,0,197,14,2239,1210,774,2239,829260.46,8544.04,170,276,277,1261,0,0,0,0,558,343,1083,0
209087,20,-0.1,-0.03,-0.6,-0.3,1,0.2,0.2,0.15,20,60.4,2225,2028,48,1980,0,345,439,0,1196,0,0,197,14,2239,1196,784,2239,926577.84,9561.06,66,118,86,1710,0,0,0,0,0,345,1635,0
209088,20,-0.1,-0.03,-0.6,-0.3,1,0.2,0.2,0.15,20,64.27,2220,2023,44,1979,572,0,707,0,700,0,0,197,19,2239,1272,707,2239,1001733.52,10289.99,104,160,194,1521,0,0,0,0,572,0,1407,0
209089,20,-0.1,-0.03,-0.6,-0.3,1,0.2,0.2,0.15,30,59.02,2225,2028,71,1957,743,468,334,0,412,0,0,197,14,2239,1155,802,2239,850760.26,8796.24,170,276,277,178,175,881,0,0,743,468,746,0
209090,20,-0.1,-0.03,-0.6,-0.3,1,0.2,0.2,0.15,30,56.56,2224,2027,82,1945,0,476,369,0,1100,0,0,197,15,2239,1100,845,2239,863607.15,8972.92,66,118,86,75,70,1530,0,0,0,476,1469,0
209091,20,-0.1,-0.03,-0.6,-0.3,1,0.2,0.2,0.15,30,65.83,2220,2023,77,1946,787,0,665,0,494,0,0,197,19,2239,1281,665,2239,1219916.6,12556.24,104,160,194,114,126,1248,0,0,787,0,1159,0
209092,20,-0.1,-0.03,-0.6,-0.3,1,0.2,0.2,0.15,40,56.93,2225,2028,73,1955,821,576,196,70,93,199,0,197,14,2239,1113,842,2239,802446.32,8320.39,170,276,277,178,175,135,118,626,821,576,289,269
209093,20,-0.1,-0.03,-0.6,-0.3,1,0.2,0.2,0.15,40,53.07,2222,2025,84,1941,0,605,231,75,255,775,0,197,17,2239,1030,911,2239,812035.72,8381.67,66,118,86,75,70,61,95,1370,0,605,486,850
209094,20,-0.1,-0.03,-0.6,-0.3,1,0.2,0.2,0.15,40,65.36,2219,2022,79,1943,882,0,458,215,101,287,0,197,20,2239,1270,673,2239,1260795.64,12976.1,104,160,194,114,126,89,67,1089,882,0,559,502
209095,20,-0.1,-0.03,-0.6,-0.3,1,0.2,0.2,0.15,50,56.27,2225,2028,73,1955,824,598,0,257,0,276,0,197,14,2239,1100,855,2239,763145.56,7914.3,170,276,277,178,175,135,118,626,824,598,0,533
209096,20,-0.1,-0.03,-0.6,-0.3,1,0.2,0.2,0.15,50,51.93,2222,2025,84,1941,0,631,0,302,0,1008,0,197,17,2239,1008,933,2239,747702.4,7703.86,66,118,86,75,70,61,95,1370,0,631,0,1310
209097,20,-0.1,-0.03,-0.6,-0.3,1,0.2,0.2,0.15,50,64.8,2219,2022,79,1943,885,0,0,684,0,374,0,197,20,2239,1259,684,2239,1194470.39,12282.88,104,160,194,114,126,89,67,1089,885,0,0,1058
209098,20,-0.1,-0.03,-0.6,-0.3,1,0.2,0.2,0.15,60,56.27,2225,2028,73,1955,824,598,0,257,0,276,0,197,14,2239,1100,855,2239,763145.56,7914.3,170,276,277,178,175,135,118,626,824,598,0,533
209099,20,-0.1,-0.03,-0.6,-0.3,1,0.2,0.2,0.15,60,51.93,2222,2025,84,1941,0,631,0,302,0,1008,0,197,17,2239,1008,933,2239,747702.4,7703.86,66,118,86,75,70,61,95,1370,0,631,0,1310
209100,20,-0.1,-0.03,-0.6,-0.3,1,0.2,0.2,0.15,60,64.8,2219,2022,79,1943,885,0,0,684,0,374,0,197,20,2239,1259,684,2239,1194470.39,12282.88,104,160,194,114,126,89,67,1089,885,0,0,1058
209101,20,-0.1,-0.03,-0.6,-0.3,2,0.1,0.1,0.15,20,70.4,2225,2028,28,2000,1207,311,281,0,201,0,0,197,14,2239,1408,592,2239,688810.54,8134.95,674,403,289,634,0,0,0,0,1207,311,482,0
209102,20,-0.1,-0.03,-0.6,-0.3,2,0.1,0.1,0.15,20,64.55,2225,2028,48,1980,0,345,357,0,1278,0,0,197,14,2239,1278,702,2239,1212858.5,12937.31,66,118,86,1710,0,0,0,0,0,345,1635,0
209103,20,-0.1,-0.03,-0.6,-0.3,2,0.1,0.1,0.15,20,75.44,2220,2023,28,1995,1274,0,490,0,231,0,0,197,19,2239,1505,490,2239,957314.91,9868.66,613,311,233,838,0,0,0,0,1274,0,721,0
209104,20,-0.1,-0.03,-0.6,-0.3,2,0.1,0.1,0.15,30,72.22,2225,2028,41,1987,1352,401,151,0,83,0,0,197,14,2239,1435,552,2239,733776.22,8729.77,674,403,289,152,142,327,0,0,1352,401,234,0
209105,20,-0.1,-0.03,-0.6,-0.3,2,0.1,0.1,0.15,30,59.33,2224,2027,82,1945,0,476,315,0,1154,0,0,197,15,2239,1154,791,2239,1238104.92,13074.15,66,118,86,75,70,1530,0,0,0,476,1469,0
209106,20,-0.1,-0.03,-0.6,-0.3,2,0.1,0.1,0.15,30,81.49,2220,2023,46,1977,1486,0,366,0,125,0,0,197,19,2239,1611,366,2239,1284500.4,11980.39,613,311,233,117,140,563,0,0,1486,0,491,0
209107,20,-0.1,-0.03,-0.6,-0.3,2,0.1,0.1,0.15,40,71.95,2225,2028,42,1986,1383,456,79,22,27,19,0,197,14,2239,1429,557,2239,673150.76,8540.88,674,403,289,152,142,93,51,182,1383,456,106,41
209108,20,-0.1,-0.03,-0.6,-0.3,2,0.1,0.1,0.15,40,56.0,2222,2025,84,1941,0,605,199,50,287,800,0,197,17,2239,1087,854,2239,1163438.03,13039.16,66,118,86,75,70,61,95,1370,0,605,486,850
209109,20,-0.1,-0.03,-0.6,-0.3,2,0.1,0.1,0.15,40,83.09,2219,2022,47,1975,1560,0,241,93,33,48,0,197,20,2239,1641,334,2239,1348649.96,12424.64,613,311,233,117,140,72,49,440,1560,0,274,141
209110,20,-0.1,-0.03,-0.6,-0.3,2,0.1,0.1,0.15,50,71.4,2225,2028,42,1986,1383,466,0,102,0,35,0,197,14,2239,1418,568,2239,648924.4,8408.32,674,403,289,152,142,93,51,182,1383,466,0,137
209111,20,-0.1,-0.03,-0.6,-0.3,2,0.1,0.1,0.15,50,54.35,2222,2025,84,1941,0,631,0,255,0,1055,0,197,17,2239,1055,886,2239,1071782.37,12386.96,66,118,86,75,70,61,95,1370,0,631,0,1310
209112,20,-0.1,-0.03,-0.6,-0.3,2,0.1,0.1,0.15,50,82.94,2219,2022,47,1975,1561,0,0,337,0,77,0,197,20,2239,1638,337,2239,1298842.12,12163.46,613,311,233,117,140,72,49,440,1561,0,0,414
209113,20,-0.1,-0.03,-0.6,-0.3,2,0.1,0.1,0.15,60,71.4,2225,2028,42,1986,1383,466,0,102,0,35,0,197,14,2239,1418,568,2239,648924.4,8408.32,674,403,289,152,142,93,51,182,1383,466,0,137
209114,20,-0.1,-0.03,-0.6,-0.3,2,0.1,0.1,0.15,60,54.35,2222,2025,84,1941,0,631,0,255,0,1055,0,197,17,2239,1055,886,2239,1071782.37,12386.96,66,118,86,75,70,61,95,1370,0,631,0,1310
209115,20,-0.1,-0.03,-0.6,-0.3,2,0.1,0.1,0.15,60,82.94,2219,2022,47,1975,1561,0,0,337,0,77,0,197,20,2239,1638,337,2239,1298842.12,12163.46,613,311,233,117,140,72,49,440,1561,0,0,414
209116,20,-0.1,-0.03,-0.6,-0.3,2,0.1,0.2,0.15,20,65.07,2225,2028,44,1984,598,343,350,0,693,0,0,197,14,2239,1291,693,2239,1088136.01,11790.53,172,290,291,1231,0,0,0,0,598,343,1043,0
209117,20,-0.1,-0.03,-0.6,-0.3,2,0.1,0.2,0.15,20,64.55,2225,2028,48,1980,0,345,357,0,1278,0,0,197,14,2239,1278,702,2239,1212858.5,12937.31,66,118,86,1710,0,0,0,0,0,345,1635,0
209118,20,-0.1,-0.03,-0.6,-0.3,2,0.1,0.2,0.15,20,70.24,2220,2023,44,1979,629,0,589,0,761,0,0,197,19,2239,1390,589,2239,1402400.69,13832.91,106,175,218,1480,0,0,0,0,629,0,1350,0
209119,20,-0.1,-0.03,-0.6,-0.3,2,0.1,0.2,0.15,30,61.83,2225,2028,71,1957,795,468,279,0,415,0,0,197,14,2239,1210,747,2239,1181142.47,12629.27,172,290,291,188,183,833,0,0,795,468,694,0
209120,20,-0.1,-0.03,-0.6,-0.3,2,0.1,0.2,0.15,30,59.33,2224,2027,82,1945,0,476,315,0,1154,0,0,197,15,2239,1154,791,2239,1238104.92,13074.15,66,118,86,75,70,1530,0,0,0,476,1469,0
209121,20,-0.1,-0.03,-0.6,-0.3,2,0.1,0.2,0.15,30,71.69,2220,2023,77,1946,872,0,551,0,523,0,0,197,19,2239,1395,551,2239,1887911.71,16811.79,106,175,218,130,140,1177,0,0,872,0,1074,0
209122,20,-0.1,-0.03,-0.6,-0.3,2,0.1,0.2,0.15,40,59.85,2225,2028,73,1955,887,574,164,47,109,174,0,197,14,2239,1170,785,2239,1106459.1,12588.81,172,290,291,188,183,139,123,569,887,574,273,221
209123,20,-0.1,-0.03,-0.6,-0.3,2,0.1,0.2,0.15,40,56.0,2222,2025,84,1941,0,605,199,50,287,800,0,197,17,2239,1087,854,2239,1163438.03,13039.16,66,118,86,75,70,61,95,1370,0,605,486,850
209124,20,-0.1,-0.03,-0.6,-0.3,2,0.1,0.2,0.15,40,71.9,2219,2022,79,1943,993,0,401,145,132,272,0,197,20,2239,1397,546,2239,2003733.77,17765.35,106,175,218,130,140,103,78,993,993,0,533,417
209125,20,-0.1,-0.03,-0.6,-0.3,2,0.1,0.2,0.15,50,58.87,2225,2028,73,1955,889,595,0,209,0,262,0,197,14,2239,1151,804,2239,1050654.3,12245.47,172,290,291,188,183,139,123,569,889,595,0,471
209126,20,-0.1,-0.03,-0.6,-0.3,2,0.1,0.2,0.15,50,54.35,2222,2025,84,1941,0,631,0,255,0,1055,0,197,17,2239,1055,886,2239,1071782.37,12386.96,66,118,86,75,70,61,95,1370,0,631,0,1310
209127,20,-0.1,-0.03,-0.6,-0.3,2,0.1,0.2,0.15,50,71.49,2219,2022,79,1943,996,0,0,554,0,393,0,197,20,2239,1389,554,2239,1898360.29,17159.28,106,175,218,130,140,103,78,993,996,0,0,947
209128,20,-0.1,-0.03,-0.6,-0.3,2,0.1,0.2,0.15,60,58.87,2225,2028,73,1955,889,595,0,209,0,262,0,197,14,2239,1151,804,2239,1050654.3,12245.47,172,290,291,188,183,139,123,569,889,595,0,471
209129,20,-0.1,-0.03,-0.6,-0.3,2,0.1,0.2,0.15,60,54.35,2222,2025,84,1941,0,631,0,255,0,1055,0,197,17,2239,1055,886,2239,1071782.37,12386.96,66,118,86,75,70,61,95,1370,0,631,0,1310
209130,20,-0.1,-0.03,-0.6,-0.3,2,0.1,0.2,0.15,60,71.49,2219,2022,79,1943,996,0,0,554,0,393,0,197,20,2239,1389,554,2239,1898360.29,17159.28,106,175,218,130,140,103,78,993,996,0,0,947
209131,20,-0.1,-0.03,-0.6,-0.3,2,0.2,0.1,0.15,20,66.5,2225,2028,28,2000,1135,317,353,0,195,0,0,197,14,2239,1330,670,2239,520326.31,5339.82,650,387,260,703,0,0,0,0,1135,317,548,0
209132,20,-0.1,-0.03,-0.6,-0.3,2,0.2,0.1,0.15,20,60.4,2225,2028,48,1980,0,345,439,0,1196,0,0,197,14,2239,1196,784,2239,926577.84,9561.06,66,118,86,1710,0,0,0,0,0,345,1635,0
209133,20,-0.1,-0.03,-0.6,-0.3,2,0.2,0.1,0.15,20,69.77,2220,2023,28,1995,1178,0,603,0,214,0,0,197,19,2239,1392,603,2239,676494.31,6919.5,585,286,195,929,0,0,0,0,1178,0,817,0
209134,20,-0.1,-0.03,-0.6,-0.3,2,0.2,0.1,0.15,30,68.82,2225,2028,43,1985,1281,414,205,0,85,0,0,197,14,2239,1366,619,2239,553211.44,5700.28,650,387,260,155,133,400,0,0,1281,414,290,0
209135,20,-0.1,-0.03,-0.6,-0.3,2,0.2,0.1,0.15,30,56.56,2224,2027,82,1945,0,476,369,0,1100,0,0,197,15,2239,1100,845,2239,863607.15,8972.92,66,118,86,75,70,1530,0,0,0,476,1469,0
209136,20,-0.1,-0.03,-0.6,-0.3,2,0.2,0.1,0.15,30,75.03,2220,2023,49,1974,1369,0,493,0,112,0,0,197,19,2239,1481,493,2239,862499.3,8853.66,585,286,195,112,107,689,0,0,1369,0,605,0
209137,20,-0.1,-0.03,-0.6,-0.3,2,0.2,0.1,0.15,40,68.75,2225,2028,44,1984,1325,480,101,39,20,19,0,197,14,2239,1364,620,2239,515957.78,5322.34,650,387,260,155,133,110,67,222,1325,480,121,58
209138,20,-0.1,-0.03,-0.6,-0.3,2,0.2,0.1,0.15,40,53.07,2222,2025,84,1941,0,605,231,75,255,775,0,197,17,2239,1030,911,2239,812035.72,8381.67,66,118,86,75,70,61,95,1370,0,605,486,850
209139,20,-0.1,-0.03,-0.6,-0.3,2,0.2,0.1,0.15,40,76.77,2219,2022,50,1972,1446,0,299,159,22,46,0,197,20,2239,1514,458,2239,894526.7,9169.93,585,286,195,112,107,84,49,554,1446,0,321,205
209140,20,-0.1,-0.03,-0.6,-0.3,2,0.2,0.1,0.15,50,68.4,2225,2028,44,1984,1325,490,0,137,0,32,0,197,14,2239,1357,627,2239,499505.51,5152.25,650,387,260,155,133,110,67,222,1325,490,0,169
209141,20,-0.1,-0.03,-0.6,-0.3,2,0.2,0.1,0.15,50,51.93,2222,2025,84,1941,0,631,0,302,0,1008,0,197,17,2239,1008,933,2239,747702.4,7703.86,66,118,86,75,70,61,95,1370,0,631,0,1310
209142,20,-0.1,-0.03,-0.6,-0.3,2,0.2,0.1,0.15,50,76.57,2219,2022,50,1972,1447,0,0,462,0,63,0,197,20,2239,1510,462,2239,865504.68,8862.89,585,286,195,112,107,84,49,554,1447,0,0,525
209143,20,-0.1,-0.03,-0.6,-0.3,2,0.2,0.1,0.15,60,68.4,2225,2028,44,1984,1325,490,0,137,0,32,0,197,14,2239,1357,627,2239,499505.51,5152.25,650,387,260,155,133,110,67,222,1325,490,0,169
209144,20,-0.1,-0.03,-0.6,-0.3,2,0.2,0.1,0.15,60,51.93,2222,2025,84,1941,0,631,0,302,0,1008,0,197,17,2239,1008,933,2239,747702.4,7703.86,66,118,86,75,70,61,95,1370,0,631,0,1310
209145,20,-0.1,-0.03,-0.6,-0.3,2,0.2,0.1,0.15,60,76.57,2219,2022,50,1972,1447,0,0,462,0,63,0,197,20,2239,1510,462,2239,865504.68,8862.89,585,286,195,112,107,84,49,554,1447,0,0,525
209146,20,-0.1,-0.03,-0.6,-0.3,2,0.2,0.2,0.15,20,60.99,2225,2028,44,1984,558,343,431,0,652,0,0,197,14,2239,1210,774,2239,829260.46,8544.04,170,276,277,1261,0,0,0,0,558,343,1083,0
209147,20,-0.1,-0.03,-0.6,-0.3,2,0.2,0.2,0.15,20,60.4,2225,2028,48,1980,0,345,439,0,1196,0,0,197,14,2239,1196,784,2239,926577.84,9561.06,66,118,86,1710,0,0,0,0,0,345,1635,0
209148,20,-0.1,-0.03,-0.6,-0.3,2,0.2,0.2,0.15,20,64.27,2220,2023,44,1979,572,0,707,0,700,0,0,197,19,2239,1272,707,2239,1001733.52,10289.99,104,160,194,1521,0,0,0,0,572,0,1407,0
209149,20,-0.1,-0.03,-0.6,-0.3,2,0.2,0.2,0.15,30,59.02,2225,2028,71,1957,743,468,334,0,412,0,0,197,14,2239,1155,802,2239,850760.26,8796.24,170,276,277,178,175,881,0,0,743,468,746,0
209150,20,-0.1,-0.03,-0.6,-0.3,2,0.2,0.2,0.15,30,56.56,2224,2027,82,1945,0,476,369,0,1100,0,0,197,15,2239,1100,845,2239,863607.15,8972.92,66,118,86,75,70,1530,0,0,0,476,1469,0
209151,20,-0.1,-0.03,-0.6,-0.3,2,0.2,0.2,0.15,30,65.83,2220,2023,77,1946,787,0,665,0,494,0,0,197,19,2239,1281,665,2239,1219916.6,12556.24,104,160,194,114,126,1248,0,0,787,0,1159,0
209152,20,-0.1,-0.03,-0.6,-0.3,2,0.2,0.2,0.15,40,56.93,2225,2028,73,1955,821,576,196,70,93,199,0,197,14,2239,1113,842,2239,802446.32,8320.39,170,276,277,178,175,135,118,626,821,576,289,269
209153,20,-0.1,-0.03,-0.6,-0.3,2,0.2,0.2,0.15,40,53.07,2222,2025,84,1941,0,605,231,75,255,775,0,197,17,2239,1030,911,2239,812035.72,8381.67,66,118,86,75,70,61,95,1370,0,605,486,850
209154,20,-0.1,-0.03,-0.6,-0.3,2,0.2,0.2,0.15,40,65.36,2219,2022,79,1943,882,0,458,215,101,287,0,197,20,2239,1270,673,2239,1260795.64,12976.1,104,160,194,114,126,89,67,1089,882,0,559,502
209155,20,-0.1,-0.03,-0.6,-0.3,2,0.2,0.2,0.15,50,56.27,2225,2028,73,1955,824,598,0,257,0,276,0,197,14,2239,1100,855,2239,763145.56,7914.3,170,276,277,178,175,135,118,626,824,598,0,533
209156,20,-0.1,-0.03,-0.6,-0.3,2,0.2,0.2,0.15,50,51.93,2222,2025,84,1941,0,631,0,302,0,1008,0,197,17,2239,1008,933,2239,747702.4,7703.86,66,118,86,75,70,61,95,1370,0,631,0,1310
209157,20,-0.1,-0.03,-0.6,-0.3,2,0.2,0.2,0.15,50,64.8,2219,2022,79,1943,885,0,0,684,0,374,0,197,20,2239,1259,684,2239,1194470.39,12282.88,104,160,194,114,126,89,67,1089,885,0,0,1058
209158,20,-0.1,-0.03,-0.6,-0.3,2,0.2,0.2,0.15,60,56.27,2225,2028,73,1955,824,598,0,257,0,276,0,197,14,2239,1100,855,2239,763145.56,7914.3,170,276,277,178,175,135,118,626,824,598,0,533
209159,20,-0.1,-0.03,-0.6,-0.3,2,0.2,0.2,0.15,60,51.93,2222,2025,84,1941,0,631,0,302,0,1008,0,197,17,2239,1008,933,2239,747702.4,7703.86,66,118,86,75,70,61,95,1370,0,631,0,1310
209160,20,-0.1,-0.03,-0.6,-0.3,2,0.2,0.2,0.15,60,64.8,2219,2022,79,1943,885,0,0,684,0,374,0,197,20,2239,1259,684,2239,1194470.39,12282.88,104,160,194,114,126,89,67,1089,885,0,0,1058
209161,20,-0.1,-0.03,-0.6,-0.25,1,0.1,0.1,0.15,20,64.78,2592,2381,33,2348,1263,377,450,0,258,0,0,211,20,2612,1521,827,2612,527236.07,5406.26,721,434,297,896,0,0,0,0,1263,377,708,0
209162,20,-0.1,-0.03,-0.6,-0.25,1,0.1,0.1,0.15,20,59.13,2592,2381,54,2327,0,406,545,0,1376,0,0,211,20,2612,1376,951,2612,931533.0,9622.82,87,133,100,2007,0,0,0,0,0,406,1921,0
209163,20,-0.1,-0.03,-0.6,-0.25,1,0.1,0.1,0.15,20,67.71,2586,2375,34,2341,1307,0,756,0,278,0,0,211,26,2612,1585,756,2612,686129.5,7012.1,635,320,218,1168,0,0,0,0,1307,0,1034,0
209164,20,-0.1,-0.03,-0.6,-0.25,1,0.1,0.1,0.15,30,66.57,2592,2381,54,2327,1435,494,284,0,114,0,0,211,20,2612,1549,778,2612,555567.27,5739.9,721,434,297,188,160,527,0,0,1435,494,398,0
209165,20,-0.1,-0.03,-0.6,-0.25,1,0.1,0.1,0.15,30,54.71,2591,2380,97,2283,0,560,474,0,1249,0,0,211,21,2612,1249,1034,2612,835886.3,8714.97,87,133,100,86,85,1792,0,0,0,560,1723,0
209166,20,-0.1,-0.03,-0.6,-0.25,1,0.1,0.1,0.15,30,72.26,2586,2375,61,2314,1530,0,642,0,142,0,0,211,26,2612,1672,642,2612,886393.41,9109.21,635,320,218,134,125,882,0,0,1530,0,784,0
209167,20,-0.1,-0.03,-0.6,-0.25,1,0.1,0.1,0.15,40,66.81,2592,2381,55,2326,1491,575,141,56,33,30,0,211,20,2612,1554,772,2612,514751.06,5312.83,721,434,297,188,160,129,77,320,1491,575,174,86
209168,20,-0.1,-0.03,-0.6,-0.25,1,0.1,0.1,0.15,40,51.56,2589,2378,99,2279,0,706,299,99,298,877,0,211,23,2612,1175,1104,2612,762470.94,7887.18,87,133,100,86,85,69,108,1611,0,706,597,976
209169,20,-0.1,-0.03,-0.6,-0.25,1,0.1,0.1,0.15,40,74.51,2585,2374,63,2311,1624,0,378,211,36,62,0,211,27,2612,1722,589,2612,941862.58,9631.31,635,320,218,134,125,98,55,726,1624,0,414,273
209170,20,-0.1,-0.03,-0.6,-0.25,1,0.1,0.1,0.15,50,66.42,2592,2381,55,2326,1492,588,0,193,0,53,0,211,20,2612,1545,781,2612,497274.84,5132.13,721,434,297,188,160,129,77,320,1492,588,0,246
209171,20,-0.1,-0.03,-0.6,-0.25,1,0.1,0.1,0.15,50,50.55,2589,2378,99,2279,0,739,0,388,0,1152,0,211,23,2612,1152,1127,2612,689892.09,7125.04,87,133,100,86,85,69,108,1611,0,739,0,1540
209172,20,-0.1,-0.03,-0.6,-0.25,1,0.1,0.1,0.15,50,74.25,2585,2374,63,2311,1626,0,0,595,0,90,0,211,27,2612,1716,595,2612,907466.8,9268.72,635,320,218,134,125,98,55,726,1626,0,0,685
209173,20,-0.1,-0.03,-0.6,-0.25,1,0.1,0.1,0.15,60,66.42,2592,2381,55,2326,1492,588,0,193,0,53,0,211,20,2612,1545,781,2612,497274.84,5132.13,721,434,297,188,160,129,77,320,1492,588,0,246
209174,20,-0.1,-0.03,-0.6,-0.25,1,0.1,0.1,0.15,60,50.55,2589,2378,99,2279,0,739,0,388,0,1152,0,211,23,2612,1152,1127,2612,689892.09,7125.04,87,133,100,86,85,69,108,1611,0,739,0,1540
209175,20,-0.1,-0.03,-0.6,-0.25,1,0.1,0.1,0.15,60,74.25,2585,2374,63,2311,1626,0,0,595,0,90,0,211,27,2612,1716,595,2612,907466.8,9268.72,635,320,218,134,125,98,55,726,1626,0,0,685
209176,20,-0.1,-0.03,-0.6,-0.25,1,0.1,0.2,0.15,20,59.63,2592,2381,50,2331,594,404,537,0,796,0,0,211,20,2612,1390,941,2612,842798.9,8691.69,196,298,302,1535,0,0,0,0,594,404,1333,0
209177,20,-0.1,-0.03,-0.6,-0.25,1,0.1,0.2,0.15,20,59.13,2592,2381,54,2327,0,406,545,0,1376,0,0,211,20,2612,1376,951,2612,931533.0,9622.82,87,133,100,2007,0,0,0,0,0,406,1921,0
209178,20,-0.1,-0.03,-0.6,-0.25,1,0.1,0.2,0.15,20,62.52,2586,2375,51,2324,608,0,871,0,845,0,0,211,26,2612,1453,871,2612,1010073.96,10382.93,109,167,205,1843,0,0,0,0,608,0,1716,0
209179,20,-0.1,-0.03,-0.6,-0.25,1,0.1,0.2,0.15,30,57.1,2592,2381,85,2296,801,551,434,0,510,0,0,211,20,2612,1311,985,2612,855187.22,8866.46,196,298,302,202,203,1095,0,0,801,551,944,0
209180,20,-0.1,-0.03,-0.6,-0.25,1,0.1,0.2,0.15,30,54.71,2591,2380,97,2283,0,560,474,0,1249,0,0,211,21,2612,1249,1034,2612,835886.3,8714.97,87,133,100,86,85,1792,0,0,0,560,1723,0
209181,20,-0.1,-0.03,-0.6,-0.25,1,0.1,0.2,0.15,30,63.25,2586,2375,92,2283,845,0,839,0,599,0,0,211,26,2612,1444,839,2612,1239874.41,12780.49,109,167,205,127,140,1535,0,0,845,0,1438,0
209182,20,-0.1,-0.03,-0.6,-0.25,1,0.1,0.2,0.15,40,55.27,2592,2381,87,2294,892,676,256,94,124,252,0,211,20,2612,1268,1026,2612,799711.93,8306.47,196,298,302,202,203,151,136,806,892,676,380,346
209183,20,-0.1,-0.03,-0.6,-0.25,1,0.1,0.2,0.15,40,51.56,2589,2378,99,2279,0,706,299,99,298,877,0,211,23,2612,1175,1104,2612,762470.94,7887.18,87,133,100,86,85,69,108,1611,0,706,597,976
209184,20,-0.1,-0.03,-0.6,-0.25,1,0.1,0.2,0.15,40,63.27,2585,2374,95,2279,955,0,561,276,135,352,0,211,27,2612,1442,837,2612,1301295.69,13377.68,109,167,205,127,140,97,77,1357,955,0,696,628
209185,20,-0.1,-0.03,-0.6,-0.25,1,0.1,0.2,0.15,50,54.62,2592,2381,87,2294,895,703,0,338,0,358,0,211,20,2612,1253,1041,2612,754407.92,7838.41,196,298,302,202,203,151,136,806,895,703,0,696
209186,20,-0.1,-0.03,-0.6,-0.25,1,0.1,0.2,0.15,50,50.55,2589,2378,99,2279,0,739,0,388,0,1152,0,211,23,2612,1152,1127,2612,689892.09,7125.04,87,133,100,86,85,69,108,1611,0,739,0,1540
209187,20,-0.1,-0.03,-0.6,-0.25,1,0.1,0.2,0.15,50,62.7,2585,2374,95,2279,958,0,0,850,0,471,0,211,27,2612,1429,850,2612,1222926.59,12559.95,109,167,205,127,140,97,77,1357,958,0,0,1321
209188,20,-0.1,-0.03,-0.6,-0.25,1,0.1,0.2,0.15,60,54.62,2592,2381,87,2294,895,703,0,338,0,358,0,211,20,2612,1253,1041,2612,754407.92,7838.41,196,298,302,202,203,151,136,806,895,703,0,696
209189,20,-0.1,-0.03,-0.6,-0.25,1,0.1,0.2,0.15,60,50.55,2589,2378,99,2279,0,739,0,388,0,1152,0,211,23,2612,1152,1127,2612,689892.09,7125.04,87,133,100,86,85,69,108,1611,0,739,0,1540
209190,20,-0.1,-0.03,-0.6,-0.25,1,0.1,0.2,0.15,60,62.7,2585,2374,95,2279,958,0,0,850,0,471,0,211,27,2612,1429,850,2612,1222926.59,12559.95,109,167,205,127,140,97,77,1357,958,0,0,1321
209191,20,-0.1,-0.03,-0.6,-0.25,1,0.2,0.1,0.15,20,64.78,2592,2381,33,2348,1263,377,450,0,258,0,0,211,20,2612,1521,827,2612,527236.07,5406.26,721,434,297,896,0,0,0,0,1263,377,708,0
209192,20,-0.1,-0.03,-0.6,-0.25,1,0.2,0.1,0.15,20,59.13,2592,2381,54,2327,0,406,545,0,1376,0,0,211,20,2612,1376,951,2612,931533.0,9622.82,87,133,100,2007,0,0,0,0,0,406,1921,0
209193,20,-0.1,-0.03,-0.6,-0.25,1,0.2,0.1,0.15,20,67.71,2586,2375,34,2341,1307,0,756,0,278,0,0,211,26,2612,1585,756,2612,686129.5,7012.1,635,320,218,1168,0,0,0,0,1307,0,1034,0
209194,20,-0.1,-0.03,-0.6,-0.25,1,0.2,0.1,0.15,30,66.57,2592,2381,54,2327,1435,494,284,0,114,0,0,211,20,2612,1549,778,2612,555567.27,5739.9,721,434,297,188,160,527,0,0,1435,494,398,0
209195,20,-0.1,-0.03,-0.6,-0.25,1,0.2,0.1,0.15,30,54.71,2591,2380,97,2283,0,560,474,0,1249,0,0,211,21,2612,1249,1034,2612,835886.3,8714.97,87,133,100,86,85,1792,0,0,0,560,1723,0
209196,20,-0.1,-0.03,-0.6,-0.25,1,0.2,0.1,0.15,30,72.26,2586,2375,61,2314,1530,0,642,0,142,0,0,211,26,2612,1672,642,2612,886393.41,9109.21,635,320,218,134,125,882,0,0,1530,0,784,0
209197,20,-0.1,-0.03,-0.6,-0.25,1,0.2,0.1,0.15,40,66.81,2592,2381,55,2326,1491,575,141,56,33,30,0,211,20,2612,1554,772,2612,514751.06,5312.83,721,434,297,188,160,129,77,320,1491,575,174,86
209198,20,-0.1,-0.03,-0.6,-0.25,1,0.2,0.1,0.15,40,51.56,2589,2378,99,2279,0,706,299,99,298,877,0,211,23,2612,1175,1104,2612,762470.94,7887.18,87,133,100,86,85,69,108,1611,0,706,597,976
209199,20,-0.1,-0.03,-0.6,-0.25,1,0.2,0.1,0.15,40,74.51,2585,2374,63,2311,1624,0,378,211,36,62,0,211,27,2612,1722,589,2612,941862.58,9631.31,635,320,218,134,125,98,55,726,1624,0,414,273
209200,20,-0.1,-0.03,-0.6,-0.25,1,0.2,0.1,0.15,50,66.42,2592,2381,55,2326,1492,588,0,193,0,53,0,211,20,2612,1545,781,2612,497274.84,5132.13,721,434,297,188,160,129,77,320,1492,588,0,246
209201,20,-0.1,-0.03,-0.6,-0.25,1,0.2,0.1,0.15,50,50.55,2589,2378,99,2279,0,739,0,388,0,1152,0,211,23,2612,1152,1127,2612,689892.09,7125.04,87,133,100,86,85,69,108,1611,0,739,0,1540
209202,20,-0.1,-0.03,-0.6,-0.25,1,0.2,0.1,0.15,50,74.25,2585,2374,63,2311,1626,0,0,595,0,90,0,211,27,2612,1716,595,2612,907466.8,9268.72,635,320,218,134,125,98,55,726,1626,0,0,685
209203,20,-0.1,-0.03,-0.6,-0.25,1,0.2,0.1,0.15,60,66.42,2592,2381,55,2326,1492,588,0,193,0,53,0,211,20,2612,1545,781,2612,497274.84,5132.13,721,434,297,188,160,129,77,320,1492,588,0,246
209204,20,-0.1,-0.03,-0.6,-0.25,1,0.2,0.1,0.15,60,50.55,2589,2378,99,2279,0,739,0,388,0,1152,0,211,23,2612,1152,1127,2612,689892.09,7125.04,87,133,100,86,85,69,108,1611,0,739,0,1540
209205,20,-0.1,-0.03,-0.6,-0.25,1,0.2,0.1,0.15,60,74.25,2585,2374,63,2311,1626,0,0,595,0,90,0,211,27,2612,1716,595,2612,907466.8,9268.72,635,320,218,134,125,98,55,726,1626,0,0,685
209206,20,-0.1,-0.03,-0.6,-0.25,1,0.2,0.2,0.15,20,59.63,2592,2381,50,2331,594,404,537,0,796,0,0,211,20,2612,1390,941,2612,842798.9,8691.69,196,298,302,1535,0,0,0,0,594,404,1333,0
209207,20,-0.1,-0.03,-0.6,-0.25,1,0.2,0.2,0.15,20,59.13,2592,2381,54,2327,0,406,545,0,1376,0,0,211,20,2612,1376,951,2612,931533.0,9622.82,87,133,100,2007,0,0,0,0,0,406,1921,0
209208,20,-0.1,-0.03,-0.6,-0.25,1,0.2,0.2,0.15,20,62.52,2586,2375,51,2324,608,0,871,0,845,0,0,211,26,2612,1453,871,2612,1010073.96,10382.93,109,167,205,1843,0,0,0,0,608,0,1716,0
209209,20,-0.1,-0.03,-0.6,-0.25,1,0.2,0.2,0.15,30,57.1,2592,2381,85,2296,801,551,434,0,510,0,0,211,20,2612,1311,985,2612,855187.22,8866.46,196,298,302,202,203,1095,0,0,801,551,944,0
209210,20,-0.1,-0.03,-0.6,-0.25,1,0.2,0.2,0.15,30,54.71,2591,2380,97,2283,0,560,474,0,1249,0,0,211,21,2612,1249,1034,2612,835886.3,8714.97,87,133,100,86,85,1792,0,0,0,560,1723,0
209211,20,-0.1,-0.03,-0.6,-0.25,1,0.2,0.2,0.15,30,63.25,2586,2375,92,2283,845,0,839,0,599,0,0,211,26,2612,1444,839,2612,1239874.41,12780.49,109,167,205,127,140,1535,0,0,845,0,1438,0
209212,20,-0.1,-0.03,-0.6,-0.25,1,0.2,0.2,0.15,40,55.27,2592,2381,87,2294,892,676,256,94,124,252,0,211,20,2612,1268,1026,2612,799711.93,8306.47,196,298,302,202,203,151,136,806,892,676,380,346
209213,20,-0.1,-0.03,-0.6,-0.25,1,0.2,0.2,0.15,40,51.56,2589,2378,99,2279,0,706,299,99,298,877,0,211,23,2612,1175,1104,2612,762470.94,7887.18,87,133,100,86,85,69,108,1611,0,706,597,976
209214,20,-0.1,-0.03,-0.6,-0.25,1,0.2,0.2,0.15,40,63.27,2585,2374,95,2279,955,0,561,276,135,352,0,211,27,2612,1442,837,2612,1301295.69,13377.68,109,167,205,127,140,97,77,1357,955,0,696,628
209215,20,-0.1,-0.03,-0.6,-0.25,1,0.2,0.2,0.15,50,54.62,2592,2381,87,2294,895,703,0,338,0,358,0,211,20,2612,1253,1041,2612,754407.92,7838.41,196,298,302,202,203,151,136,806,895,703,0,696
209216,20,-0.1,-0.03,-0.6,-0.25,1,0.2,0.2,0.15,50,50.55,2589,2378,99,2279,0,739,0,388,0,1152,0,211,23,2612,1152,1127,2612,689892.09,7125.04,87,133,100,86,85,69,108,1611,0,739,0,1540
209217,20,-0.1,-0.03,-0.6,-0.25,1,0.2,0.2,0.15,50,62.7,2585,2374,95,2279,958,0,0,850,0,471,0,211,27,2612,1429,850,2612,1222926.59,12559.95,109,167,205,127,140,97,77,1357,958,0,0,1321
209218,20,-0.1,-0.03,-0.6,-0.25,1,0.2,0.2,0.15,60,54.62,2592,2381,87,2294,895,703,0,338,0,358,0,211,20,2612,1253,1041,2612,754407.92,7838.41,196,298,302,202,203,151,136,806,895,703,0,696
209219,20,-0.1,-0.03,-0.6,-0.25,1,0.2,0.2,0.15,60,50.55,2589,2378,99,2279,0,739,0,388,0,1152,0,211,23,2612,1152,1127,2612,689892.09,7125.04,87,133,100,86,85,69,108,1611,0,739,0,1540
209220,20,-0.1,-0.03,-0.6,-0.25,1,0.2,0.2,0.15,60,62.7,2585,2374,95,2279,958,0,0,850,0,471,0,211,27,2612,1429,850,2612,1222926.59,12559.95,109,167,205,127,140,97,77,1357,958,0,0,1321
209221,20,-0.1,-0.03,-0.6,-0.25,2,0.1,0.1,0.15,20,68.61,2592,2381,33,2348,1350,370,367,0,261,0,0,211,20,2612,1611,737,2612,715056.12,8801.15,748,454,328,818,0,0,0,0,1350,370,628,0
209222,20,-0.1,-0.03,-0.6,-0.25,2,0.1,0.1,0.15,20,63.21,2592,2381,54,2327,0,406,450,0,1471,0,0,211,20,2612,1471,856,2612,1243651.73,13632.92,87,133,100,2007,0,0,0,0,0,406,1921,0
209223,20,-0.1,-0.03,-0.6,-0.25,2,0.1,0.1,0.15,20,73.3,2586,2375,34,2341,1420,0,625,0,296,0,0,211,26,2612,1716,625,2612,985172.7,10556.19,666,349,259,1067,0,0,0,0,1420,0,921,0
209224,20,-0.1,-0.03,-0.6,-0.25,2,0.1,0.1,0.15,30,70.47,2592,2381,51,2330,1522,477,211,0,120,0,0,211,20,2612,1642,688,2612,766353.32,9520.39,748,454,328,190,168,442,0,0,1522,477,331,0
209225,20,-0.1,-0.03,-0.6,-0.25,2,0.1,0.1,0.15,30,57.82,2591,2380,97,2283,0,560,403,0,1320,0,0,211,21,2612,1320,963,2612,1234311.72,13568.75,87,133,100,86,85,1792,0,0,0,560,1723,0
209226,20,-0.1,-0.03,-0.6,-0.25,2,0.1,0.1,0.15,30,79.12,2586,2375,57,2318,1666,0,484,0,168,0,0,211,26,2612,1834,484,2612,1346485.36,12932.9,666,349,259,146,159,739,0,0,1666,0,652,0
209227,20,-0.1,-0.03,-0.6,-0.25,2,0.1,0.1,0.15,40,70.24,2592,2381,52,2329,1565,547,116,30,42,29,0,211,20,2612,1636,693,2612,693228.07,9313.93,748,454,328,190,168,111,64,266,1565,547,158,59
209228,20,-0.1,-0.03,-0.6,-0.25,2,0.1,0.1,0.15,40,54.67,2589,2378,99,2279,0,706,262,65,335,911,0,211,23,2612,1246,1033,2612,1136858.91,13401.71,87,133,100,86,85,69,108,1611,0,706,597,976
209229,20,-0.1,-0.03,-0.6,-0.25,2,0.1,0.1,0.15,40,81.04,2585,2374,59,2315,1760,0,310,129,51,65,0,211,27,2612,1876,439,2612,1450040.04,13611.81,666,349,259,146,159,87,59,590,1760,0,361,194
209230,20,-0.1,-0.03,-0.6,-0.25,2,0.1,0.1,0.15,50,69.86,2592,2381,52,2329,1566,559,0,143,0,61,0,211,20,2612,1627,702,2612,667638.58,9174.42,748,454,328,190,168,111,64,266,1566,559,0,204
209231,20,-0.1,-0.03,-0.6,-0.25,2,0.1,0.1,0.15,50,53.36,2589,2378,99,2279,0,739,0,324,0,1216,0,211,23,2612,1216,1063,2612,1033538.82,12663.4,87,133,100,86,85,69,108,1611,0,739,0,1540
209232,20,-0.1,-0.03,-0.6,-0.25,2,0.1,0.1,0.15,50,80.95,2585,2374,59,2315,1762,0,0,441,0,112,0,211,27,2612,1874,441,2612,1390231.06,13299.14,666,349,259,146,159,87,59,590,1762,0,0,553
209233,20,-0.1,-0.03,-0.6,-0.25,2,0.1,0.1,0.15,60,69.86,2592,2381,52,2329,1566,559,0,143,0,61,0,211,20,2612,1627,702,2612,667638.58,9174.42,748,454,328,190,168,111,64,266,1566,559,0,204
209234,20,-0.1,-0.03,-0.6,-0.25,2,0.1,0.1,0.15,60,53.36,2589,2378,99,2279,0,739,0,324,0,1216,0,211,23,2612,1216,1063,2612,1033538.82,12663.4,87,133,100,86,85,69,108,1611,0,739,0,1540
209235,20,-0.1,-0.03,-0.6,-0.25,2,0.1,0.1,0.15,60,80.95,2585,2374,59,2315,1762,0,0,441,0,112,0,211,27,2612,1874,441,2612,1390231.06,13299.14,666,349,259,146,159,87,59,590,1762,0,0,553
209236,20,-0.1,-0.03,-0.6,-0.25,2,0.1,0.2,0.15,20,63.66,2592,2381,50,2331,636,404,443,0,848,0,0,211,20,2612,1484,847,2612,1122800.35,12546.71,198,313,316,1504,0,0,0,0,636,404,1291,0
209237,20,-0.1,-0.03,-0.6,-0.25,2,0.1,0.2,0.15,20,63.21,2592,2381,54,2327,0,406,450,0,1471,0,0,211,20,2612,1471,856,2612,1243651.73,13632.92,87,133,100,2007,0,0,0,0,0,406,1921,0
209238,20,-0.1,-0.03,-0.6,-0.25,2,0.1,0.2,0.15,20,68.46,2586,2375,51,2324,667,0,733,0,924,0,0,211,26,2612,1591,733,2612,1423330.2,14539.26,111,183,229,1801,0,0,0,0,667,0,1657,0
209239,20,-0.1,-0.03,-0.6,-0.25,2,0.1,0.2,0.15,30,60.24,2592,2381,85,2296,863,551,362,0,520,0,0,211,20,2612,1383,913,2612,1216672.34,13465.99,198,313,316,213,215,1041,0,0,863,551,882,0
209240,20,-0.1,-0.03,-0.6,-0.25,2,0.1,0.2,0.15,30,57.82,2591,2380,97,2283,0,560,403,0,1320,0,0,211,21,2612,1320,963,2612,1234311.72,13568.75,87,133,100,86,85,1792,0,0,0,560,1723,0
209241,20,-0.1,-0.03,-0.6,-0.25,2,0.1,0.2,0.15,30,69.51,2586,2375,92,2283,945,0,696,0,642,0,0,211,26,2612,1587,696,2612,1955928.58,17839.6,111,183,229,144,159,1457,0,0,945,0,1338,0
209242,20,-0.1,-0.03,-0.6,-0.25,2,0.1,0.2,0.15,40,58.37,2592,2381,87,2294,968,673,220,62,142,229,0,211,20,2612,1339,955,2612,1134600.28,13434.71,198,313,316,213,215,159,140,740,968,673,362,291
209243,20,-0.1,-0.03,-0.6,-0.25,2,0.1,0.2,0.15,40,54.67,2589,2378,99,2279,0,706,262,65,335,911,0,211,23,2612,1246,1033,2612,1136858.91,13401.71,87,133,100,86,85,69,108,1611,0,706,597,976
209244,20,-0.1,-0.03,-0.6,-0.25,2,0.1,0.2,0.15,40,69.99,2585,2374,95,2279,1082,0,495,189,171,342,0,211,27,2612,1595,684,2612,2119124.92,19067.95,111,183,229,144,159,119,89,1245,1082,0,666,531
209245,20,-0.1,-0.03,-0.6,-0.25,2,0.1,0.2,0.15,50,57.63,2592,2381,87,2294,970,699,0,273,0,352,0,211,20,2612,1322,972,2612,1069997.95,13027.67,198,313,316,213,215,159,140,740,970,699,0,625
209246,20,-0.1,-0.03,-0.6,-0.25,2,0.1,0.2,0.15,50,53.36,2589,2378,99,2279,0,739,0,324,0,1216,0,211,23,2612,1216,1063,2612,1033538.82,12663.4,87,133,100,86,85,69,108,1611,0,739,0,1540
209247,20,-0.1,-0.03,-0.6,-0.25,2,0.1,0.2,0.15,50,69.64,2585,2374,95,2279,1085,0,0,692,0,502,0,211,27,2612,1587,692,2612,1991780.22,18330.12,111,183,229,144,159,119,89,1245,1085,0,0,1194
209248,20,-0.1,-0.03,-0.6,-0.25,2,0.1,0.2,0.15,60,57.63,2592,2381,87,2294,970,699,0,273,0,352,0,211,20,2612,1322,972,2612,1069997.95,13027.67,198,313,316,213,215,159,140,740,970,699,0,625
209249,20,-0.1,-0.03,-0.6,-0.25,2,0.1,0.2,0.15,60,53.36,2589,2378,99,2279,0,739,0,324,0,1216,0,211,23,2612,1216,1063,2612,1033538.82,12663.4,87,133,100,86,85,69,108,1611,0,739,0,1540
209250,20,-0.1,-0.03,-0.6,-0.25,2,0.1,0.2,0.15,60,69.64,2585,2374,95,2279,1085,0,0,692,0,502,0,211,27,2612,1587,692,2612,1991780.22,18330.12,111,183,229,144,159,119,89,1245,1085,0,0,1194
209251,20,-0.1,-0.03,-0.6,-0.25,2,0.2,0.1,0.15,20,64.78,2592,2381,33,2348,1263,377,450,0,258,0,0,211,20,2612,1521,827,2612,527236.07,5406.26,721,434,297,896,0,0,0,0,1263,377,708,0
209252,20,-0.1,-0.03,-0.6,-0.25,2,0.2,0.1,0.15,20,59.13,2592,2381,54,2327,0,406,545,0,1376,0,0,211,20,2612,1376,951,2612,931533.0,9622.82,87,133,100,2007,0,0,0,0,0,406,1921,0
209253,20,-0.1,-0.03,-0.6,-0.25,2,0.2,0.1,0.15,20,67.71,2586,2375,34,2341,1307,0,756,0,278,0,0,211,26,2612,1585,756,2612,686129.5,7012.1,635,320,218,1168,0,0,0,0,1307,0,1034,0
209254,20,-0.1,-0.03,-0.6,-0.25,2,0.2,0.1,0.15,30,66.57,2592,2381,54,2327,1435,494,284,0,114,0,0,211,20,2612,1549,778,2612,555567.27,5739.9,721,434,297,188,160,527,0,0,1435,494,398,0
209255,20,-0.1,-0.03,-0.6,-0.25,2,0.2,0.1,0.15,30,54.71,2591,2380,97,2283,0,560,474,0,1249,0,0,211,21,2612,1249,1034,2612,835886.3,8714.97,87,133,100,86,85,1792,0,0,0,560,1723,0
209256,20,-0.1,-0.03,-0.6,-0.25,2,0.2,0.1,0.15,30,72.26,2586,2375,61,2314,1530,0,642,0,142,0,0,211,26,2612,1672,642,2612,886393.41,9109.21,635,320,218,134,125,882,0,0,1530,0,784,0
209257,20,-0.1,-0.03,-0.6,-0.25,2,0.2,0.1,0.15,40,66.81,2592,2381,55,2326,1491,575,141,56,33,30,0,211,20,2612,1554,772,2612,514751.06,5312.83,721,434,297,188,160,129,77,320,1491,575,174,86
209258,20,-0.1,-0.03,-0.6,-0.25,2,0.2,0.1,0.15,40,51.56,2589,2378,99,2279,0,706,299,99,298,877,0,211,23,2612,1175,1104,2612,762470.94,7887.18,87,133,100,86,85,69,108,1611,0,706,597,976
209259,20,-0.1,-0.03,-0.6,-0.25,2,0.2,0.1,0.15,40,74.51,2585,2374,63,2311,1624,0,378,211,36,62,0,211,27,2612,1722,589,2612,941862.58,9631.31,635,320,218,134,125,98,55,726,1624,0,414,273
209260,20,-0.1,-0.03,-0.6,-0.25,2,0.2,0.1,0.15,50,66.42,2592,2381,55,2326,1492,588,0,193,0,53,0,211,20,2612,1545,781,2612,497274.84,5132.13,721,434,297,188,160,129,77,320,1492,588,0,246
209261,20,-0.1,-0.03,-0.6,-0.25,2,0.2,0.1,0.15,50,50.55,2589,2378,99,2279,0,739,0,388,0,1152,0,211,23,2612,1152,1127,2612,689892.09,7125.04,87,133,100,86,85,69,108,1611,0,739,0,1540
209262,20,-0.1,-0.03,-0.6,-0.25,2,0.2,0.1,0.15,50,74.25,2585,2374,63,2311,1626,0,0,595,0,90,0,211,27,2612,1716,595,2612,907466.8,9268.72,635,320,218,134,125,98,55,726,1626,0,0,685
209263,20,-0.1,-0.03,-0.6,-0.25,2,0.2,0.1,0.15,60,66.42,2592,2381,55,2326,1492,588,0,193,0,53,0,211,20,2612,1545,781,2612,497274.84,5132.13,721,434,297,188,160,129,77,320,1492,588,0,246
209264,20,-0.1,-0.03,-0.6,-0.25,2,0.2,0.1,0.15,60,50.55,2589,2378,99,2279,0,739,0,388,0,1152,0,211,23,2612,1152,1127,2612,689892.09,7125.04,87,133,100,86,85,69,108,1611,0,739,0,1540
209265,20,-0.1,-0.03,-0.6,-0.25,2,0.2,0.1,0.15,60,74.25,2585,2374,63,2311,1626,0,0,595,0,90,0,211,27,2612,1716,595,2612,907466.8,9268.72,635,320,218,134,125,98,55,726,1626,0,0,685
209266,20,-0.1,-0.03,-0.6,-0.25,2,0.2,0.2,0.15,20,59.63,2592,2381,50,2331,594,404,537,0,796,0,0,211,20,2612,1390,941,2612,842798.9,8691.69,196,298,302,1535,0,0,0,0,594,404,1333,0
209267,20,-0.1,-0.03,-0.6,-0.25,2,0.2,0.2,0.15,20,59.13,2592,2381,54,2327,0,406,545,0,1376,0,0,211,20,2612,1376,951,2612,931533.0,9622.82,87,133,100,2007,0,0,0,0,0,406,1921,0
209268,20,-0.1,-0.03,-0.6,-0.25,2,0.2,0.2,0.15,20,62.52,2586,2375,51,2324,608,0,871,0,845,0,0,211,26,2612,1453,871,2612,1010073.96,10382.93,109,167,205,1843,0,0,0,0,608,0,1716,0
209269,20,-0.1,-0.03,-0.6,-0.25,2,0.2,0.2,0.15,30,57.1,2592,2381,85,2296,801,551,434,0,510,0,0,211,20,2612,1311,985,2612,855187.22,8866.46,196,298,302,202,203,1095,0,0,801,551,944,0
209270,20,-0.1,-0.03,-0.6,-0.25,2,0.2,0.2,0.15,30,54.71,2591,2380,97,2283,0,560,474,0,1249,0,0,211,21,2612,1249,1034,2612,835886.3,8714.97,87,133,100,86,85,1792,0,0,0,560,1723,0
209271,20,-0.1,-0.03,-0.6,-0.25,2,0.2,0.2,0.15,30,63.25,2586,2375,92,2283,845,0,839,0,599,0,0,211,26,2612,1444,839,2612,1239874.41,12780.49,109,167,205,127,140,1535,0,0,845,0,1438,0
209272,20,-0.1,-0.03,-0.6,-0.25,2,0.2,0.2,0.15,40,55.27,2592,2381,87,2294,892,676,256,94,124,252,0,211,20,2612,1268,1026,2612,799711.93,8306.47,196,298,302,202,203,151,136,806,892,676,380,346
209273,20,-0.1,-0.03,-0.6,-0.25,2,0.2,0.2,0.15,40,51.56,2589,2378,99,2279,0,706,299,99,298,877,0,211,23,2612,1175,1104,2612,762470.94,7887.18,87,133,100,86,85,69,108,1611,0,706,597,976
209274,20,-0.1,-0.03,-0.6,-0.25,2,0.2,0.2,0.15,40,63.27,2585,2374,95,2279,955,0,561,276,135,352,0,211,27,2612,1442,837,2612,1301295.69,13377.68,109,167,205,127,140,97,77,1357,955,0,696,628
209275,20,-0.1,-0.03,-0.6,-0.25,2,0.2,0.2,0.15,50,54.62,2592,2381,87,2294,895,703,0,338,0,358,0,211,20,2612,1253,1041,2612,754407.92,7838.41,196,298,302,202,203,151,136,806,895,703,0,696
209276,20,-0.1,-0.03,-0.6,-0.25,2,0.2,0.2,0.15,50,50.55,2589,2378,99,2279,0,739,0,388,0,1152,0,211,23,2612,1152,1127,2612,689892.09,7125.04,87,133,100,86,85,69,108,1611,0,739,0,1540
209277,20,-0.1,-0.03,-0.6,-0.25,2,0.2,0.2,0.15,50,62.7,2585,2374,95,2279,958,0,0,850,0,471,0,211,27,2612,1429,850,2612,1222926.59,12559.95,109,167,205,127,140,97,77,1357,958,0,0,1321
209278,20,-0.1,-0.03,-0.6,-0.25,2,0.2,0.2,0.15,60,54.62,2592,2381,87,2294,895,703,0,338,0,358,0,211,20,2612,1253,1041,2612,754407.92,7838.41,196,298,302,202,203,151,136,806,895,703,0,696
209279,20,-0.1,-0.03,-0.6,-0.25,2,0.2,0.2,0.15,60,50.55,2589,2378,99,2279,0,739,0,388,0,1152,0,211,23,2612,1152,1127,2612,689892.09,7125.04,87,133,100,86,85,69,108,1611,0,739,0,1540
209280,20,-0.1,-0.03,-0.6,-0.25,2,0.2,0.2,0.15,60,62.7,2585,2374,95,2279,958,0,0,850,0,471,0,211,27,2612,1429,850,2612,1222926.59,12559.95,109,167,205,127,140,97,77,1357,958,0,0,1321
209281,20,-0.1,-0.03,-0.55,-0.45,1,0.1,0.1,0.15,20,70.58,679,575,4,571,370,81,87,0,33,0,0,104,4,683,403,168,683,208533.7,2132.79,206,117,77,171,0,0,0,0,370,81,120,0
209282,20,-0.1,-0.03,-0.55,-0.45,1,0.1,0.1,0.15,20,64.72,679,575,11,564,0,86,113,0,365,0,0,104,4,683,365,199,683,426967.82,4364.16,11,25,26,502,0,0,0,0,0,86,478,0
209283,20,-0.1,-0.03,-0.55,-0.45,1,0.1,0.1,0.15,20,72.85,679,575,4,571,380,0,155,0,36,0,0,104,4,683,416,155,683,249815.23,2557.07,195,96,56,224,0,0,0,0,380,0,191,0
209284,20,-0.1,-0.03,-0.55,-0.45,1,0.1,0.1,0.15,30,74.29,679,575,11,564,400,112,33,0,19,0,0,104,4,683,419,145,683,210873.06,2160.41,206,117,77,51,28,85,0,0,400,112,52,0
209285,20,-0.1,-0.03,-0.55,-0.45,1,0.1,0.1,0.15,30,62.79,678,574,23,551,0,130,75,0,346,0,0,104,5,683,346,205,683,397051.31,4064.18,11,25,26,24,19,446,0,0,0,130,421,0
209286,20,-0.1,-0.03,-0.55,-0.45,1,0.1,0.1,0.15,30,79.82,679,575,15,560,423,0,113,0,24,0,0,104,4,683,447,113,683,288030.6,2952.18,195,96,56,33,22,158,0,0,423,0,137,0
209287,20,-0.1,-0.03,-0.55,-0.45,1,0.1,0.1,0.15,40,74.47,679,575,11,564,412,121,18,5,5,3,0,104,4,683,420,144,683,214575.29,2204.58,206,117,77,51,28,33,16,36,412,121,23,8
209288,20,-0.1,-0.03,-0.55,-0.45,1,0.1,0.1,0.15,40,58.83,676,572,23,549,0,159,54,13,81,242,0,104,7,683,323,226,683,423244.4,4348.66,11,25,26,24,19,25,26,393,0,159,135,255
209289,20,-0.1,-0.03,-0.55,-0.45,1,0.1,0.1,0.15,40,81.61,679,575,15,560,442,0,71,32,6,9,0,104,4,683,457,103,683,300194.19,3070.74,195,96,56,33,22,21,13,124,442,0,77,41
209290,20,-0.1,-0.03,-0.55,-0.45,1,0.1,0.1,0.15,50,73.94,679,575,11,564,412,124,0,23,0,5,0,104,4,683,417,147,683,210120.52,2159.19,206,117,77,51,28,33,16,36,412,124,0,28
209291,20,-0.1,-0.03,-0.55,-0.45,1,0.1,0.1,0.15,50,57.74,676,572,23,549,0,167,0,65,0,317,0,104,7,683,317,232,683,402965.91,4138.94,11,25,26,24,19,25,26,393,0,167,0,382
209292,20,-0.1,-0.03,-0.55,-0.45,1,0.1,0.1,0.15,50,81.25,679,575,15,560,443,0,0,105,0,12,0,104,4,683,455,105,683,290331.47,2960.2,195,96,56,33,22,21,13,124,443,0,0,117
209293,20,-0.1,-0.03,-0.55,-0.45,1,0.1,0.1,0.15,60,73.94,679,575,11,564,412,124,0,23,0,5,0,104,4,683,417,147,683,210120.52,2159.19,206,117,77,51,28,33,16,36,412,124,0,28
209294,20,-0.1,-0.03,-0.55,-0.45,1,0.1,0.1,0.15,60,57.74,676,572,23,549,0,167,0,65,0,317,0,104,7,683,317,232,683,402965.91,4138.94,11,25,26,24,19,25,26,393,0,167,0,382
209295,20,-0.1,-0.03,-0.55,-0.45,1,0.1,0.1,0.15,60,81.25,679,575,15,560,443,0,0,105,0,12,0,104,4,683,455,105,683,290331.47,2960.2,195,96,56,33,22,21,13,124,443,0,0,117
209296,20,-0.1,-0.03,-0.55,-0.45,1,0.1,0.2,0.15,20,65.78,679,575,11,564,211,86,107,0,160,0,0,104,4,683,371,193,683,360619.14,3692.25,46,92,102,324,0,0,0,0,211,86,267,0
209297,20,-0.1,-0.03,-0.55,-0.45,1,0.1,0.2,0.15,20,64.72,679,575,11,564,0,86,113,0,365,0,0,104,4,683,365,199,683,426967.82,4364.16,11,25,26,502,0,0,0,0,0,86,478,0
209298,20,-0.1,-0.03,-0.55,-0.45,1,0.1,0.2,0.15,20,68.26,679,575,11,564,214,0,179,0,171,0,0,104,4,683,385,179,683,409691.55,4194.6,35,67,76,386,0,0,0,0,214,0,350,0
209299,20,-0.1,-0.03,-0.55,-0.45,1,0.1,0.2,0.15,30,66.31,679,575,20,555,272,125,62,0,96,0,0,104,4,683,368,187,683,374306.67,3825.18,46,92,102,57,54,204,0,0,272,125,158,0
209300,20,-0.1,-0.03,-0.55,-0.45,1,0.1,0.2,0.15,30,62.79,678,574,23,551,0,130,75,0,346,0,0,104,5,683,346,205,683,397051.31,4064.18,11,25,26,24,19,446,0,0,0,130,421,0
209301,20,-0.1,-0.03,-0.55,-0.45,1,0.1,0.2,0.15,30,72.78,679,575,24,551,284,0,150,0,117,0,0,104,4,683,401,150,683,473922.97,4845.65,35,67,76,36,42,295,0,0,284,0,267,0
209302,20,-0.1,-0.03,-0.55,-0.45,1,0.1,0.2,0.15,40,64.5,679,575,20,555,294,147,39,11,26,38,0,104,4,683,358,197,683,373571.97,3826.2,46,92,102,57,54,46,30,128,294,147,65,49
209303,20,-0.1,-0.03,-0.55,-0.45,1,0.1,0.2,0.15,40,58.83,676,572,23,549,0,159,54,13,81,242,0,104,7,683,323,226,683,423244.4,4348.66,11,25,26,24,19,25,26,393,0,159,135,255
209304,20,-0.1,-0.03,-0.55,-0.45,1,0.1,0.2,0.15,40,72.05,679,575,24,551,310,0,107,47,29,58,0,104,4,683,397,154,683,482320.03,4930.64,35,67,76,36,42,28,17,250,310,0,136,105
209305,20,-0.1,-0.03,-0.55,-0.45,1,0.1,0.2,0.15,50,63.42,679,575,20,555,294,153,0,50,0,58,0,104,4,683,352,203,683,363412.91,3721.89,46,92,102,57,54,46,30,128,294,153,0,108
209306,20,-0.1,-0.03,-0.55,-0.45,1,0.1,0.2,0.15,50,57.74,676,572,23,549,0,167,0,65,0,317,0,104,7,683,317,232,683,402965.91,4138.94,11,25,26,24,19,25,26,393,0,167,0,382
209307,20,-0.1,-0.03,-0.55,-0.45,1,0.1,0.2,0.15,50,70.96,679,575,24,551,310,0,0,160,0,81,0,104,4,683,391,160,683,462376.59,4713.44,35,67,76,36,42,28,17,250,310,0,0,241
209308,20,-0.1,-0.03,-0.55,-0.45,1,0.1,0.2,0.15,60,63.42,679,575,20,555,294,153,0,50,0,58,0,104,4,683,352,203,683,363412.91,3721.89,46,92,102,57,54,46,30,128,294,153,0,108
209309,20,-0.1,-0.03,-0.55,-0.45,1,0.1,0.2,0.15,60,57.74,676,572,23,549,0,167,0,65,0,317,0,104,7,683,317,232,683,402965.91,4138.94,11,25,26,24,19,25,26,393,0,167,0,382
209310,20,-0.1,-0.03,-0.55,-0.45,1,0.1,0.2,0.15,60,70.96,679,575,24,551,310,0,0,160,0,81,0,104,4,683,391,160,683,462376.59,4713.44,35,67,76,36,42,28,17,250,310,0,0,241
209311,20,-0.1,-0.03,-0.55,-0.45,1,0.2,0.1,0.15,20,70.58,679,575,4,571,370,81,87,0,33,0,0,104,4,683,403,168,683,208533.7,2132.79,206,117,77,171,0,0,0,0,370,81,120,0
209312,20,-0.1,-0.03,-0.55,-0.45,1,0.2,0.1,0.15,20,64.72,679,575,11,564,0,86,113,0,365,0,0,104,4,683,365,199,683,426967.82,4364.16,11,25,26,502,0,0,0,0,0,86,478,0
209313,20,-0.1,-0.03,-0.55,-0.45,1,0.2,0.1,0.15,20,72.85,679,575,4,571,380,0,155,0,36,0,0,104,4,683,416,155,683,249815.23,2557.07,195,96,56,224,0,0,0,0,380,0,191,0
209314,20,-0.1,-0.03,-0.55,-0.45,1,0.2,0.1,0.15,30,74.29,679,575,11,564,400,112,33,0,19,0,0,104,4,683,419,145,683,210873.06,2160.41,206,117,77,51,28,85,0,0,400,112,52,0
209315,20,-0.1,-0.03,-0.55,-0.45,1,0.2,0.1,0.15,30,62.79,678,574,23,551,0,130,75,0,346,0,0,104,5,683,346,205,683,397051.31,4064.18,11,25,26,24,19,446,0,0,0,130,421,0
209316,20,-0.1,-0.03,-0.55,-0.45,1,0.2,0.1,0.15,30,79.82,679,575,15,560,423,0,113,0,24,0,0,104,4,683,447,113,683,288030.6,2952.18,195,96,56,33,22,158,0,0,423,0,137,0
209317,20,-0.1,-0.03,-0.55,-0.45,1,0.2,0.1,0.15,40,74.47,679,575,11,564,412,121,18,5,5,3,0,104,4,683,420,144,683,214575.29,2204.58,206,117,77,51,28,33,16,36,412,121,23,8
209318,20,-0.1,-0.03,-0.55,-0.45,1,0.2,0.1,0.15,40,58.83,676,572,23,549,0,159,54,13,81,242,0,104,7,683,323,226,683,423244.4,4348.66,11,25,26,24,19,25,26,393,0,159,135,255
209319,20,-0.1,-0.03,-0.55,-0.45,1,0.2,0.1,0.15,40,81.61,679,575,15,560,442,0,71,32,6,9,0,104,4,683,457,103,683,300194.19,3070.74,195,96,56,33,22,21,13,124,442,0,77,41
209320,20,-0.1,-0.03,-0.55,-0.45,1,0.2,0.1,0.15,50,73.94,679,575,11,564,412,124,0,23,0,5,0,104,4,683,417,147,683,210120.52,2159.19,206,117,77,51,28,33,16,36,412,124,0,28
209321,20,-0.1,-0.03,-0.55,-0.45,1,0.2,0.1,0.15,50,57.74,676,572,23,549,0,167,0,65,0,317,0,104,7,683,317,232,683,402965.91,4138.94,11,25,26,24,19,25,26,393,0,167,0,382
209322,20,-0.1,-0.03,-0.55,-0.45,1,0.2,0.1,0.15,50,81.25,679,575,15,560,443,0,0,105,0,12,0,104,4,683,455,105,683,290331.47,2960.2,195,96,56,33,22,21,13,124,443,0,0,117
209323,20,-0.1,-0.03,-0.55,-0.45,1,0.2,0.1,0.15,60,73.94,679,575,11,564,412,124,0,23,0,5,0,104,4,683,417,147,683,210120.52,2159.19,206,117,77,51,28,33,16,36,412,124,0,28
209324,20,-0.1,-0.03,-0.55,-0.45,1,0.2,0.1,0.15,60,57.74,676,572,23,549,0,167,0,65,0,317,0,104,7,683,317,232,683,402965.91,4138.94,11,25,26,24,19,25,26,393,0,167,0,382
209325,20,-0.1,-0.03,-0.55,-0.45,1,0.2,0.1,0.15,60,81.25,679,575,15,560,443,0,0,105,0,12,0,104,4,683,455,105,683,290331.47,2960.2,195,96,56,33,22,21,13,124,443,0,0,117
209326,20,-0.1,-0.03,-0.55,-0.45,1,0.2,0.2,0.15,20,65.78,679,575,11,564,211,86,107,0,160,0,0,104,4,683,371,193,683,360619.14,3692.25,46,92,102,324,0,0,0,0,211,86,267,0
209327,20,-0.1,-0.03,-0.55,-0.45,1,0.2,0.2,0.15,20,64.72,679,575,11,564,0,86,113,0,365,0,0,104,4,683,365,199,683,426967.82,4364.16,11,25,26,502,0,0,0,0,0,86,478,0
209328,20,-0.1,-0.03,-0.55,-0.45,1,0.2,0.2,0.15,20,68.26,679,575,11,564,214,0,179,0,171,0,0,104,4,683,385,179,683,409691.55,4194.6,35,67,76,386,0,0,0,0,214,0,350,0
209329,20,-0.1,-0.03,-0.55,-0.45,1,0.2,0.2,0.15,30,66.31,679,575,20,555,272,125,62,0,96,0,0,104,4,683,368,187,683,374306.67,3825.18,46,92,102,57,54,204,0,0,272,125,158,0
209330,20,-0.1,-0.03,-0.55,-0.45,1,0.2,0.2,0.15,30,62.79,678,574,23,551,0,130,75,0,346,0,0,104,5,683,346,205,683,397051.31,4064.18,11,25,26,24,19,446,0,0,0,130,421,0
209331,20,-0.1,-0.03,-0.55,-0.45,1,0.2,0.2,0.15,30,72.78,679,575,24,551,284,0,150,0,117,0,0,104,4,683,401,150,683,473922.97,4845.65,35,67,76,36,42,295,0,0,284,0,267,0
209332,20,-0.1,-0.03,-0.55,-0.45,1,0.2,0.2,0.15,40,64.5,679,575,20,555,294,147,39,11,26,38,0,104,4,683,358,197,683,373571.97,3826.2,46,92,102,57,54,46,30,128,294,147,65,49
209333,20,-0.1,-0.03,-0.55,-0.45,1,0.2,0.2,0.15,40,58.83,676,572,23,549,0,159,54,13,81,242,0,104,7,683,323,226,683,423244.4,4348.66,11,25,26,24,19,25,26,393,0,159,135,255
209334,20,-0.1,-0.03,-0.55,-0.45,1,0.2,0.2,0.15,40,72.05,679,575,24,551,310,0,107,47,29,58,0,104,4,683,397,154,683,482320.03,4930.64,35,67,76,36,42,28,17,250,310,0,136,105
209335,20,-0.1,-0.03,-0.55,-0.45,1,0.2,0.2,0.15,50,63.42,679,575,20,555,294,153,0,50,0,58,0,104,4,683,352,203,683,363412.91,3721.89,46,92,102,57,54,46,30,128,294,153,0,108
209336,20,-0.1,-0.03,-0.55,-0.45,1,0.2,0.2,0.15,50,57.74,676,572,23,549,0,167,0,65,0,317,0,104,7,683,317,232,683,402965.91,4138.94,11,25,26,24,19,25,26,393,0,167,0,382
209337,20,-0.1,-0.03,-0.55,-0.45,1,0.2,0.2,0.15,50,70.96,679,575,24,551,310,0,0,160,0,81,0,104,4,683,391,160,683,462376.59,4713.44,35,67,76,36,42,28,17,250,310,0,0,241
209338,20,-0.1,-0.03,-0.55,-0.45,1,0.2,0.2,0.15,60,63.42,679,575,20,555,294,153,0,50,0,58,0,104,4,683,352,203,683,363412.91,3721.89,46,92,102,57,54,46,30,128,294,153,0,108
209339,20,-0.1,-0.03,-0.55,-0.45,1,0.2,0.2,0.15,60,57.74,676,572,23,549,0,167,0,65,0,317,0,104,7,683,317,232,683,402965.91,4138.94,11,25,26,24,19,25,26,393,0,167,0,382
209340,20,-0.1,-0.03,-0.55,-0.45,1,0.2,0.2,0.15,60,70.96,679,575,24,551,310,0,0,160,0,81,0,104,4,683,391,160,683,462376.59,4713.44,35,67,76,36,42,28,17,250,310,0,0,241
209341,20,-0.1,-0.03,-0.55,-0.45,2,0.1,0.1,0.15,20,72.5,679,575,4,571,383,81,76,0,31,0,0,104,4,683,414,157,683,242905.09,2706.05,211,123,79,158,0,0,0,0,383,81,107,0
209342,20,-0.1,-0.03,-0.55,-0.45,2,0.1,0.1,0.15,20,66.84,679,575,11,564,0,86,101,0,377,0,0,104,4,683,377,187,683,530294.48,5212.13,11,25,26,502,0,0,0,0,0,86,478,0
209343,20,-0.1,-0.03,-0.55,-0.45,2,0.1,0.1,0.15,20,76.71,679,575,4,571,398,0,133,0,40,0,0,104,4,683,438,133,683,314388.59,3182.57,201,103,58,209,0,0,0,0,398,0,173,0
209344,20,-0.1,-0.03,-0.55,-0.45,2,0.1,0.1,0.15,30,75.93,679,575,10,565,410,110,26,0,19,0,0,104,4,683,429,136,683,241104.69,2841.24,211,123,79,51,29,72,0,0,410,110,45,0
209345,20,-0.1,-0.03,-0.55,-0.45,2,0.1,0.1,0.15,30,64.07,678,574,23,551,0,130,68,0,353,0,0,104,5,683,353,198,683,508178.71,5135.99,11,25,26,24,19,446,0,0,0,130,421,0
209346,20,-0.1,-0.03,-0.55,-0.45,2,0.1,0.1,0.15,30,84.31,679,575,14,561,445,0,88,0,28,0,0,104,4,683,473,88,683,372731.69,3646.58,201,103,58,36,30,133,0,0,445,0,116,0
209347,20,-0.1,-0.03,-0.55,-0.45,2,0.1,0.1,0.15,40,76.46,679,575,10,565,421,118,13,2,7,4,0,104,4,683,432,133,683,241716.15,2887.17,211,123,79,51,29,27,14,31,421,118,20,6
209348,20,-0.1,-0.03,-0.55,-0.45,2,0.1,0.1,0.15,40,61.38,676,572,23,549,0,159,44,9,91,246,0,104,7,683,337,212,683,528181.85,5537.68,11,25,26,24,19,25,26,393,0,159,135,255
209349,20,-0.1,-0.03,-0.55,-0.45,2,0.1,0.1,0.15,40,86.1,679,575,14,561,464,0,59,19,8,11,0,104,4,683,483,78,683,397837.55,3809.32,201,103,58,36,30,17,12,104,464,0,67,30
209350,20,-0.1,-0.03,-0.55,-0.45,2,0.1,0.1,0.15,50,75.75,679,575,10,565,421,121,0,16,0,7,0,104,4,683,428,137,683,235254.65,2846.66,211,123,79,51,29,27,14,31,421,121,0,23
209351,20,-0.1,-0.03,-0.55,-0.45,2,0.1,0.1,0.15,50,59.74,676,572,23,549,0,167,0,54,0,328,0,104,7,683,328,221,683,501735.15,5329.82,11,25,26,24,19,25,26,393,0,167,0,382
209352,20,-0.1,-0.03,-0.55,-0.45,2,0.1,0.1,0.15,50,85.56,679,575,14,561,464,0,0,81,0,16,0,104,4,683,480,81,683,377890.63,3700.8,201,103,58,36,30,17,12,104,464,0,0,97
209353,20,-0.1,-0.03,-0.55,-0.45,2,0.1,0.1,0.15,60,75.75,679,575,10,565,421,121,0,16,0,7,0,104,4,683,428,137,683,235254.65,2846.66,211,123,79,51,29,27,14,31,421,121,0,23
209354,20,-0.1,-0.03,-0.55,-0.45,2,0.1,0.1,0.15,60,59.74,676,572,23,549,0,167,0,54,0,328,0,104,7,683,328,221,683,501735.15,5329.82,11,25,26,24,19,25,26,393,0,167,0,382
209355,20,-0.1,-0.03,-0.55,-0.45,2,0.1,0.1,0.15,60,85.56,679,575,14,561,464,0,0,81,0,16,0,104,4,683,480,81,683,377890.63,3700.8,201,103,58,36,30,17,12,104,464,0,0,97
209356,20,-0.1,-0.03,-0.55,-0.45,2,0.1,0.2,0.15,20,67.91,679,575,11,564,224,86,95,0,159,0,0,104,4,683,383,181,683,439788.13,4438.3,46,97,109,312,0,0,0,0,224,86,254,0
209357,20,-0.1,-0.03,-0.55,-0.45,2,0.1,0.2,0.15,20,66.84,679,575,11,564,0,86,101,0,377,0,0,104,4,683,377,187,683,530294.48,5212.13,11,25,26,502,0,0,0,0,0,86,478,0
209358,20,-0.1,-0.03,-0.55,-0.45,2,0.1,0.2,0.15,20,72.34,679,575,11,564,233,0,156,0,175,0,0,104,4,683,408,156,683,533056.61,5024.59,35,72,88,369,0,0,0,0,233,0,331,0
209359,20,-0.1,-0.03,-0.55,-0.45,2,0.1,0.2,0.15,30,67.57,679,575,20,555,284,125,55,0,91,0,0,104,4,683,375,180,683,451548.31,4707.33,46,97,109,58,54,191,0,0,284,125,146,0
209360,20,-0.1,-0.03,-0.55,-0.45,2,0.1,0.2,0.15,30,64.07,678,574,23,551,0,130,68,0,353,0,0,104,5,683,353,198,683,508178.71,5135.99,11,25,26,24,19,446,0,0,0,130,421,0
209361,20,-0.1,-0.03,-0.55,-0.45,2,0.1,0.2,0.15,30,77.13,679,575,24,551,304,0,126,0,121,0,0,104,4,683,425,126,683,640925.2,5829.29,35,72,88,38,42,276,0,0,304,0,247,0
209362,20,-0.1,-0.03,-0.55,-0.45,2,0.1,0.2,0.15,40,66.67,679,575,20,555,307,147,30,8,33,30,0,104,4,683,370,185,683,447759.43,4793.75,46,97,109,58,54,45,33,113,307,147,63,38
209363,20,-0.1,-0.03,-0.55,-0.45,2,0.1,0.2,0.15,40,61.38,676,572,23,549,0,159,44,9,91,246,0,104,7,683,337,212,683,528181.85,5537.68,11,25,26,24,19,25,26,393,0,159,135,255
209364,20,-0.1,-0.03,-0.55,-0.45,2,0.1,0.2,0.15,40,76.95,679,575,24,551,334,0,95,32,36,54,0,104,4,683,424,127,683,660019.93,6040.13,35,72,88,38,42,29,20,227,334,0,131,86
209365,20,-0.1,-0.03,-0.55,-0.45,2,0.1,0.2,0.15,50,65.23,679,575,20,555,307,153,0,40,0,55,0,104,4,683,362,193,683,432796.18,4695.47,46,97,109,58,54,45,33,113,307,153,0,95
209366,20,-0.1,-0.03,-0.55,-0.45,2,0.1,0.2,0.15,50,59.74,676,572,23,549,0,167,0,54,0,328,0,104,7,683,328,221,683,501735.15,5329.82,11,25,26,24,19,25,26,393,0,167,0,382
209367,20,-0.1,-0.03,-0.55,-0.45,2,0.1,0.2,0.15,50,75.68,679,575,24,551,335,0,0,134,0,82,0,104,4,683,417,134,683,628269.03,5843.41,35,72,88,38,42,29,20,227,335,0,0,216
209368,20,-0.1,-0.03,-0.55,-0.45,2,0.1,0.2,0.15,60,65.23,679,575,20,555,307,153,0,40,0,55,0,104,4,683,362,193,683,432796.18,4695.47,46,97,109,58,54,45,33,113,307,153,0,95
209369,20,-0.1,-0.03,-0.55,-0.45,2,0.1,0.2,0.15,60,59.74,676,572,23,549,0,167,0,54,0,328,0,104,7,683,328,221,683,501735.15,5329.82,11,25,26,24,19,25,26,393,0,167,0,382
209370,20,-0.1,-0.03,-0.55,-0.45,2,0.1,0.2,0.15,60,75.68,679,575,24,551,335,0,0,134,0,82,0,104,4,683,417,134,683,628269.03,5843.41,35,72,88,38,42,29,20,227,335,0,0,216
209371,20,-0.1,-0.03,-0.55,-0.45,2,0.2,0.1,0.15,20,70.58,679,575,4,571,370,81,87,0,33,0,0,104,4,683,403,168,683,208533.7,2132.79,206,117,77,171,0,0,0,0,370,81,120,0
209372,20,-0.1,-0.03,-0.55,-0.45,2,0.2,0.1,0.15,20,64.72,679,575,11,564,0,86,113,0,365,0,0,104,4,683,365,199,683,426967.82,4364.16,11,25,26,502,0,0,0,0,0,86,478,0
209373,20,-0.1,-0.03,-0.55,-0.45,2,0.2,0.1,0.15,20,72.85,679,575,4,571,380,0,155,0,36,0,0,104,4,683,416,155,683,249815.23,2557.07,195,96,56,224,0,0,0,0,380,0,191,0
209374,20,-0.1,-0.03,-0.55,-0.45,2,0.2,0.1,0.15,30,74.29,679,575,11,564,400,112,33,0,19,0,0,104,4,683,419,145,683,210873.06,2160.41,206,117,77,51,28,85,0,0,400,112,52,0
209375,20,-0.1,-0.03,-0.55,-0.45,2,0.2,0.1,0.15,30,62.79,678,574,23,551,0,130,75,0,346,0,0,104,5,683,346,205,683,397051.31,4064.18,11,25,26,24,19,446,0,0,0,130,421,0
209376,20,-0.1,-0.03,-0.55,-0.45,2,0.2,0.1,0.15,30,79.82,679,575,15,560,423,0,113,0,24,0,0,104,4,683,447,113,683,288030.6,2952.18,195,96,56,33,22,158,0,0,423,0,137,0
209377,20,-0.1,-0.03,-0.55,-0.45,2,0.2,0.1,0.15,40,74.47,679,575,11,564,412,121,18,5,5,3,0,104,4,683,420,144,683,214575.29,2204.58,206,117,77,51,28,33,16,36,412,121,23,8
209378,20,-0.1,-0.03,-0.55,-0.45,2,0.2,0.1,0.15,40,58.83,676,572,23,549,0,159,54,13,81,242,0,104,7,683,323,226,683,423244.4,4348.66,11,25,26,24,19,25,26,393,0,159,135,255
209379,20,-0.1,-0.03,-0.55,-0.45,2,0.2,0.1,0.15,40,81.61,679,575,15,560,442,0,71,32,6,9,0,104,4,683,457,103,683,300194.19,3070.74,195,96,56,33,22,21,13,124,442,0,77,41
209380,20,-0.1,-0.03,-0.55,-0.45,2,0.2,0.1,0.15,50,73.94,679,575,11,564,412,124,0,23,0,5,0,104,4,683,417,147,683,210120.52,2159.19,206,117,77,51,28,33,16,36,412,124,0,28
209381,20,-0.1,-0.03,-0.55,-0.45,2,0.2,0.1,0.15,50,57.74,676,572,23,549,0,167,0,65,0,317,0,104,7,683,317,232,683,402965.91,4138.94,11,25,26,24,19,25,26,393,0,167,0,382
209382,20,-0.1,-0.03,-0.55,-0.45,2,0.2,0.1,0.15,50,81.25,679,575,15,560,443,0,0,105,0,12,0,104,4,683,455,105,683,290331.47,2960.2,195,96,56,33,22,21,13,124,443,0,0,117
209383,20,-0.1,-0.03,-0.55,-0.45,2,0.2,0.1,0.15,60,73.94,679,575,11,564,412,124,0,23,0,5,0,104,4,683,417,147,683,210120.52,2159.19,206,117,77,51,28,33,16,36,412,124,0,28
209384,20,-0.1,-0.03,-0.55,-0.45,2,0.2,0.1,0.15,60,57.74,676,572,23,549,0,167,0,65,0,317,0,104,7,683,317,232,683,402965.91,4138.94,11,25,26,24,19,25,26,393,0,167,0,382
209385,20,-0.1,-0.03,-0.55,-0.45,2,0.2,0.1,0.15,60,81.25,679,575,15,560,443,0,0,105,0,12,0,104,4,683,455,105,683,290331.47,2960.2,195,96,56,33,22,21,13,124,443,0,0,117
209386,20,-0.1,-0.03,-0.55,-0.45,2,0.2,0.2,0.15,20,65.78,679,575,11,564,211,86,107,0,160,0,0,104,4,683,371,193,683,360619.14,3692.25,46,92,102,324,0,0,0,0,211,86,267,0
209387,20,-0.1,-0.03,-0.55,-0.45,2,0.2,0.2,0.15,20,64.72,679,575,11,564,0,86,113,0,365,0,0,104,4,683,365,199,683,426967.82,4364.16,11,25,26,502,0,0,0,0,0,86,478,0
209388,20,-0.1,-0.03,-0.55,-0.45,2,0.2,0.2,0.15,20,68.26,679,575,11,564,214,0,179,0,171,0,0,104,4,683,385,179,683,409691.55,4194.6,35,67,76,386,0,0,0,0,214,0,350,0
209389,20,-0.1,-0.03,-0.55,-0.45,2,0.2,0.2,0.15,30,66.31,679,575,20,555,272,125,62,0,96,0,0,104,4,683,368,187,683,374306.67,3825.18,46,92,102,57,54,204,0,0,272,125,158,0
209390,20,-0.1,-0.03,-0.55,-0.45,2,0.2,0.2,0.15,30,62.79,678,574,23,551,0,130,75,0,346,0,0,104,5,683,346,205,683,397051.31,4064.18,11,25,26,24,19,446,0,0,0,130,421,0
209391,20,-0.1,-0.03,-0.55,-0.45,2,0.2,0.2,0.15,30,72.78,679,575,24,551,284,0,150,0,117,0,0,104,4,683,401,150,683,473922.97,4845.65,35,67,76,36,42,295,0,0,284,0,267,0
209392,20,-0.1,-0.03,-0.55,-0.45,2,0.2,0.2,0.15,40,64.5,679,575,20,555,294,147,39,11,26,38,0,104,4,683,358,197,683,373571.97,3826.2,46,92,102,57,54,46,30,128,294,147,65,49
209393,20,-0.1,-0.03,-0.55,-0.45,2,0.2,0.2,0.15,40,58.83,676,572,23,549,0,159,54,13,81,242,0,104,7,683,323,226,683,423244.4,4348.66,11,25,26,24,19,25,26,393,0,159,135,255
209394,20,-0.1,-0.03,-0.55,-0.45,2,0.2,0.2,0.15,40,72.05,679,575,24,551,310,0,107,47,29,58,0,104,4,683,397,154,683,482320.03,4930.64,35,67,76,36,42,28,17,250,310,0,136,105
209395,20,-0.1,-0.03,-0.55,-0.45,2,0.2,0.2,0.15,50,63.42,679,575,20,555,294,153,0,50,0,58,0,104,4,683,352,203,683,363412.91,3721.89,46,92,102,57,54,46,30,128,294,153,0,108
209396,20,-0.1,-0.03,-0.55,-0.45,2,0.2,0.2,0.15,50,57.74,676,572,23,549,0,167,0,65,0,317,0,104,7,683,317,232,683,402965.91,4138.94,11,25,26,24,19,25,26,393,0,167,0,382
209397,20,-0.1,-0.03,-0.55,-0.45,2,0.2,0.2,0.15,50,70.96,679,575,24,551,310,0,0,160,0,81,0,104,4,683,391,160,683,462376.59,4713.44,35,67,76,36,42,28,17,250,310,0,0,241
209398,20,-0.1,-0.03,-0.55,-0.45,2,0.2,0.2,0.15,60,63.42,679,575,20,555,294,153,0,50,0,58,0,104,4,683,352,203,683,363412.91,3721.89,46,92,102,57,54,46,30,128,294,153,0,108
209399,20,-0.1,-0.03,-0.55,-0.45,2,0.2,0.2,0.15,60,57.74,676,572,23,549,0,167,0,65,0,317,0,104,7,683,317,232,683,402965.91,4138.94,11,25,26,24,19,25,26,393,0,167,0,382
209400,20,-0.1,-0.03,-0.55,-0.45,2,0.2,0.2,0.15,60,70.96,679,575,24,551,310,0,0,160,0,81,0,104,4,683,391,160,683,462376.59,4713.44,35,67,76,36,42,28,17,250,310,0,0,241
209401,20,-0.1,-0.03,-0.55,-0.4,1,0.1,0.1,0.15,20,69.84,1090,953,8,945,585,137,148,0,75,0,0,137,6,1096,660,285,1096,314158.88,3213.85,327,189,114,315,0,0,0,0,585,137,223,0
209402,20,-0.1,-0.03,-0.55,-0.4,1,0.1,0.1,0.15,20,64.03,1090,953,19,934,0,146,190,0,598,0,0,137,6,1096,598,336,1096,592810.25,6076.83,24,44,38,828,0,0,0,0,0,146,788,0
209403,20,-0.1,-0.03,-0.55,-0.4,1,0.1,0.1,0.15,20,72.64,1088,951,8,943,606,0,258,0,79,0,0,137,8,1096,685,258,1096,388598.04,3979.87,303,149,87,404,0,0,0,0,606,0,337,0
209404,20,-0.1,-0.03,-0.55,-0.4,1,0.1,0.1,0.15,30,72.3,1090,953,18,935,645,191,68,0,31,0,0,137,6,1096,676,259,1096,317827.94,3257.32,327,189,114,92,60,153,0,0,645,191,99,0
209405,20,-0.1,-0.03,-0.55,-0.4,1,0.1,0.1,0.15,30,60.33,1089,952,42,910,0,220,141,0,549,0,0,137,7,1096,549,361,1096,552614.44,5677.13,24,44,38,40,38,726,0,0,0,220,690,0
209406,20,-0.1,-0.03,-0.55,-0.4,1,0.1,0.1,0.15,30,78.36,1088,951,22,929,686,0,201,0,42,0,0,137,8,1096,728,201,1096,456318.24,4683.54,303,149,87,67,44,279,0,0,686,0,243,0
209407,20,-0.1,-0.03,-0.55,-0.4,1,0.1,0.1,0.15,40,72.48,1090,953,19,934,663,211,35,11,10,4,0,137,6,1096,677,257,1096,314928.04,3237.04,327,189,114,92,60,54,23,75,663,211,45,15
209408,20,-0.1,-0.03,-0.55,-0.4,1,0.1,0.1,0.15,40,56.18,1087,950,44,906,0,269,100,28,118,391,0,137,9,1096,509,397,1096,570232.1,5877.57,24,44,38,40,38,36,39,647,0,269,218,419
209409,20,-0.1,-0.03,-0.55,-0.4,1,0.1,0.1,0.15,40,79.96,1088,951,23,928,717,0,124,62,11,14,0,137,8,1096,742,186,1096,471714.03,4839.18,303,149,87,67,44,36,17,225,717,0,135,76
209410,20,-0.1,-0.03,-0.55,-0.4,1,0.1,0.1,0.15,50,72.06,1090,953,19,934,663,217,0,44,0,10,0,137,6,1096,673,261,1096,306464.41,3150.93,327,189,114,92,60,54,23,75,663,217,0,54
209411,20,-0.1,-0.03,-0.55,-0.4,1,0.1,0.1,0.15,50,54.75,1087,950,44,906,0,282,0,128,0,496,0,137,9,1096,496,410,1096,534858.95,5511.63,24,44,38,40,38,36,39,647,0,282,0,624
209412,20,-0.1,-0.03,-0.55,-0.4,1,0.1,0.1,0.15,50,79.63,1088,951,23,928,718,0,0,189,0,21,0,137,8,1096,739,189,1096,455715.05,4668.05,303,149,87,67,44,36,17,225,718,0,0,210
209413,20,-0.1,-0.03,-0.55,-0.4,1,0.1,0.1,0.15,60,72.06,1090,953,19,934,663,217,0,44,0,10,0,137,6,1096,673,261,1096,306464.41,3150.93,327,189,114,92,60,54,23,75,663,217,0,54
209414,20,-0.1,-0.03,-0.55,-0.4,1,0.1,0.1,0.15,60,54.75,1087,950,44,906,0,282,0,128,0,496,0,137,9,1096,496,410,1096,534858.95,5511.63,24,44,38,40,38,36,39,647,0,282,0,624
209415,20,-0.1,-0.03,-0.55,-0.4,1,0.1,0.1,0.15,60,79.63,1088,951,23,928,718,0,0,189,0,21,0,137,8,1096,739,189,1096,455715.05,4668.05,303,149,87,67,44,36,17,225,718,0,0,210
209416,20,-0.1,-0.03,-0.55,-0.4,1,0.1,0.2,0.15,20,64.78,1090,953,19,934,304,145,184,0,301,0,0,137,6,1096,605,329,1096,517349.68,5307.7,75,147,138,574,0,0,0,0,304,145,485,0
209417,20,-0.1,-0.03,-0.55,-0.4,1,0.1,0.2,0.15,20,64.03,1090,953,19,934,0,146,190,0,598,0,0,137,6,1096,598,336,1096,592810.25,6076.83,24,44,38,828,0,0,0,0,0,146,788,0
209418,20,-0.1,-0.03,-0.55,-0.4,1,0.1,0.2,0.15,20,67.81,1088,951,19,932,310,0,300,0,322,0,0,137,8,1096,632,300,1096,604741.08,6206.5,51,103,100,678,0,0,0,0,310,0,622,0
209419,20,-0.1,-0.03,-0.55,-0.4,1,0.1,0.2,0.15,30,63.21,1090,953,37,916,408,214,123,0,171,0,0,137,6,1096,579,337,1096,522457.61,5357.24,75,147,138,89,97,370,0,0,408,214,294,0
209420,20,-0.1,-0.03,-0.55,-0.4,1,0.1,0.2,0.15,30,60.33,1089,952,42,910,0,220,141,0,549,0,0,137,7,1096,549,361,1096,552614.44,5677.13,24,44,38,40,38,726,0,0,0,220,690,0
209421,20,-0.1,-0.03,-0.55,-0.4,1,0.1,0.2,0.15,30,70.0,1088,951,41,910,429,0,273,0,208,0,0,137,8,1096,637,273,1096,694200.54,7123.76,51,103,100,56,71,529,0,0,429,0,481,0
209422,20,-0.1,-0.03,-0.55,-0.4,1,0.1,0.2,0.15,40,60.94,1090,953,39,914,446,253,78,26,42,69,0,137,6,1096,557,357,1096,516045.78,5304.45,75,147,138,89,97,76,50,242,446,253,120,95
209423,20,-0.1,-0.03,-0.55,-0.4,1,0.1,0.2,0.15,40,56.18,1087,950,44,906,0,269,100,28,118,391,0,137,9,1096,509,397,1096,570232.1,5877.57,24,44,38,40,38,36,39,647,0,269,218,419
209424,20,-0.1,-0.03,-0.55,-0.4,1,0.1,0.2,0.15,40,68.94,1088,951,43,908,475,0,193,89,46,105,0,137,8,1096,626,282,1096,715274.56,7343.01,51,103,100,56,71,48,30,449,475,0,239,194
209425,20,-0.1,-0.03,-0.55,-0.4,1,0.1,0.2,0.15,50,59.85,1090,953,39,914,446,264,0,103,0,101,0,137,6,1096,547,367,1096,495403.95,5092.2,75,147,138,89,97,76,50,242,446,264,0,204
209426,20,-0.1,-0.03,-0.55,-0.4,1,0.1,0.2,0.15,50,54.75,1087,950,44,906,0,282,0,128,0,496,0,137,9,1096,496,410,1096,534858.95,5511.63,24,44,38,40,38,36,39,647,0,282,0,624
209427,20,-0.1,-0.03,-0.55,-0.4,1,0.1,0.2,0.15,50,67.73,1088,951,43,908,475,0,0,293,0,140,0,137,8,1096,615,293,1096,677622.76,6946.58,51,103,100,56,71,48,30,449,475,0,0,433
209428,20,-0.1,-0.03,-0.55,-0.4,1,0.1,0.2,0.15,60,59.85,1090,953,39,914,446,264,0,103,0,101,0,137,6,1096,547,367,1096,495403.95,5092.2,75,147,138,89,97,76,50,242,446,264,0,204
209429,20,-0.1,-0.03,-0.55,-0.4,1,0.1,0.2,0.15,60,54.75,1087,950,44,906,0,282,0,128,0,496,0,137,9,1096,496,410,1096,534858.95,5511.63,24,44,38,40,38,36,39,647,0,282,0,624
209430,20,-0.1,-0.03,-0.55,-0.4,1,0.1,0.2,0.15,60,67.73,1088,951,43,908,475,0,0,293,0,140,0,137,8,1096,615,293,1096,677622.76,6946.58,51,103,100,56,71,48,30,449,475,0,0,433
209431,20,-0.1,-0.03,-0.55,-0.4,1,0.2,0.1,0.15,20,69.84,1090,953,8,945,585,137,148,0,75,0,0,137,6,1096,660,285,1096,314158.88,3213.85,327,189,114,315,0,0,0,0,585,137,223,0
209432,20,-0.1,-0.03,-0.55,-0.4,1,0.2,0.1,0.15,20,64.03,1090,953,19,934,0,146,190,0,598,0,0,137,6,1096,598,336,1096,592810.25,6076.83,24,44,38,828,0,0,0,0,0,146,788,0
209433,20,-0.1,-0.03,-0.55,-0.4,1,0.2,0.1,0.15,20,72.64,1088,951,8,943,606,0,258,0,79,0,0,137,8,1096,685,258,1096,388598.04,3979.87,303,149,87,404,0,0,0,0,606,0,337,0
209434,20,-0.1,-0.03,-0.55,-0.4,1,0.2,0.1,0.15,30,72.3,1090,953,18,935,645,191,68,0,31,0,0,137,6,1096,676,259,1096,317827.94,3257.32,327,189,114,92,60,153,0,0,645,191,99,0
209435,20,-0.1,-0.03,-0.55,-0.4,1,0.2,0.1,0.15,30,60.33,1089,952,42,910,0,220,141,0,549,0,0,137,7,1096,549,361,1096,552614.44,5677.13,24,44,38,40,38,726,0,0,0,220,690,0
209436,20,-0.1,-0.03,-0.55,-0.4,1,0.2,0.1,0.15,30,78.36,1088,951,22,929,686,0,201,0,42,0,0,137,8,1096,728,201,1096,456318.24,4683.54,303,149,87,67,44,279,0,0,686,0,243,0
209437,20,-0.1,-0.03,-0.55,-0.4,1,0.2,0.1,0.15,40,72.48,1090,953,19,934,663,211,35,11,10,4,0,137,6,1096,677,257,1096,314928.04,3237.04,327,189,114,92,60,54,23,75,663,211,45,15
209438,20,-0.1,-0.03,-0.55,-0.4,1,0.2,0.1,0.15,40,56.18,1087,950,44,906,0,269,100,28,118,391,0,137,9,1096,509,397,1096,570232.1,5877.57,24,44,38,40,38,36,39,647,0,269,218,419
209439,20,-0.1,-0.03,-0.55,-0.4,1,0.2,0.1,0.15,40,79.96,1088,951,23,928,717,0,124,62,11,14,0,137,8,1096,742,186,1096,471714.03,4839.18,303,149,87,67,44,36,17,225,717,0,135,76
209440,20,-0.1,-0.03,-0.55,-0.4,1,0.2,0.1,0.15,50,72.06,1090,953,19,934,663,217,0,44,0,10,0,137,6,1096,673,261,1096,306464.41,3150.93,327,189,114,92,60,54,23,75,663,217,0,54
209441,20,-0.1,-0.03,-0.55,-0.4,1,0.2,0.1,0.15,50,54.75,1087,950,44,906,0,282,0,128,0,496,0,137,9,1096,496,410,1096,534858.95,5511.63,24,44,38,40,38,36,39,647,0,282,0,624
209442,20,-0.1,-0.03,-0.55,-0.4,1,0.2,0.1,0.15,50,79.63,1088,951,23,928,718,0,0,189,0,21,0,137,8,1096,739,189,1096,455715.05,4668.05,303,149,87,67,44,36,17,225,718,0,0,210
209443,20,-0.1,-0.03,-0.55,-0.4,1,0.2,0.1,0.15,60,72.06,1090,953,19,934,663,217,0,44,0,10,0,137,6,1096,673,261,1096,306464.41,3150.93,327,189,114,92,60,54,23,75,663,217,0,54
209444,20,-0.1,-0.03,-0.55,-0.4,1,0.2,0.1,0.15,60,54.75,1087,950,44,906,0,282,0,128,0,496,0,137,9,1096,496,410,1096,534858.95,5511.63,24,44,38,40,38,36,39,647,0,282,0,624
209445,20,-0.1,-0.03,-0.55,-0.4,1,0.2,0.1,0.15,60,79.63,1088,951,23,928,718,0,0,189,0,21,0,137,8,1096,739,189,1096,455715.05,4668.05,303,149,87,67,44,36,17,225,718,0,0,210
209446,20,-0.1,-0.03,-0.55,-0.4,1,0.2,0.2,0.15,20,64.78,1090,953,19,934,304,145,184,0,301,0,0,137,6,1096,605,329,1096,517349.68,5307.7,75,147,138,574,0,0,0,0,304,145,485,0
209447,20,-0.1,-0.03,-0.55,-0.4,1,0.2,0.2,0.15,20,64.03,1090,953,19,934,0,146,190,0,598,0,0,137,6,1096,598,336,1096,592810.25,6076.83,24,44,38,828,0,0,0,0,0,146,788,0
209448,20,-0.1,-0.03,-0.55,-0.4,1,0.2,0.2,0.15,20,67.81,1088,951,19,932,310,0,300,0,322,0,0,137,8,1096,632,300,1096,604741.08,6206.5,51,103,100,678,0,0,0,0,310,0,622,0
209449,20,-0.1,-0.03,-0.55,-0.4,1,0.2,0.2,0.15,30,63.21,1090,953,37,916,408,214,123,0,171,0,0,137,6,1096,579,337,1096,522457.61,5357.24,75,147,138,89,97,370,0,0,408,214,294,0
209450,20,-0.1,-0.03,-0.55,-0.4,1,0.2,0.2,0.15,30,60.33,1089,952,42,910,0,220,141,0,549,0,0,137,7,1096,549,361,1096,552614.44,5677.13,24,44,38,40,38,726,0,0,0,220,690,0
209451,20,-0.1,-0.03,-0.55,-0.4,1,0.2,0.2,0.15,30,70.0,1088,951,41,910,429,0,273,0,208,0,0,137,8,1096,637,273,1096,694200.54,7123.76,51,103,100,56,71,529,0,0,429,0,481,0
209452,20,-0.1,-0.03,-0.55,-0.4,1,0.2,0.2,0.15,40,60.94,1090,953,39,914,446,253,78,26,42,69,0,137,6,1096,557,357,1096,516045.78,5304.45,75,147,138,89,97,76,50,242,446,253,120,95
209453,20,-0.1,-0.03,-0.55,-0.4,1,0.2,0.2,0.15,40,56.18,1087,950,44,906,0,269,100,28,118,391,0,137,9,1096,509,397,1096,570232.1,5877.57,24,44,38,40,38,36,39,647,0,269,218,419
209454,20,-0.1,-0.03,-0.55,-0.4,1,0.2,0.2,0.15,40,68.94,1088,951,43,908,475,0,193,89,46,105,0,137,8,1096,626,282,1096,715274.56,7343.01,51,103,100,56,71,48,30,449,475,0,239,194
209455,20,-0.1,-0.03,-0.55,-0.4,1,0.2,0.2,0.15,50,59.85,1090,953,39,914,446,264,0,103,0,101,0,137,6,1096,547,367,1096,495403.95,5092.2,75,147,138,89,97,76,50,242,446,264,0,204
209456,20,-0.1,-0.03,-0.55,-0.4,1,0.2,0.2,0.15,50,54.75,1087,950,44,906,0,282,0,128,0,496,0,137,9,1096,496,410,1096,534858.95,5511.63,24,44,38,40,38,36,39,647,0,282,0,624
209457,20,-0.1,-0.03,-0.55,-0.4,1,0.2,0.2,0.15,50,67.73,1088,951,43,908,475,0,0,293,0,140,0,137,8,1096,615,293,1096,677622.76,6946.58,51,103,100,56,71,48,30,449,475,0,0,433
209458,20,-0.1,-0.03,-0.55,-0.4,1,0.2,0.2,0.15,60,59.85,1090,953,39,914,446,264,0,103,0,101,0,137,6,1096,547,367,1096,495403.95,5092.2,75,147,138,89,97,76,50,242,446,264,0,204
209459,20,-0.1,-0.03,-0.55,-0.4,1,0.2,0.2,0.15,60,54.75,1087,950,44,906,0,282,0,128,0,496,0,137,9,1096,496,410,1096,534858.95,5511.63,24,44,38,40,38,36,39,647,0,282,0,624
209460,20,-0.1,-0.03,-0.55,-0.4,1,0.2,0.2,0.15,60,67.73,1088,951,43,908,475,0,0,293,0,140,0,137,8,1096,615,293,1096,677622.76,6946.58,51,103,100,56,71,48,30,449,475,0,0,433
209461,20,-0.1,-0.03,-0.55,-0.4,2,0.1,0.1,0.15,20,72.49,1090,953,8,945,612,135,125,0,73,0,0,137,6,1096,685,260,1096,388438.03,4336.31,339,197,126,283,0,0,0,0,612,135,198,0
209462,20,-0.1,-0.03,-0.55,-0.4,2,0.1,0.1,0.15,20,67.02,1090,953,19,934,0,146,162,0,626,0,0,137,6,1096,626,308,1096,768820.17,7612.86,24,44,38,828,0,0,0,0,0,146,788,0
209463,20,-0.1,-0.03,-0.55,-0.4,2,0.1,0.1,0.15,20,77.2,1088,951,8,943,639,0,215,0,89,0,0,137,8,1096,728,215,1096,510513.66,5125.18,316,160,102,365,0,0,0,0,639,0,304,0
209464,20,-0.1,-0.03,-0.55,-0.4,2,0.1,0.1,0.15,30,74.57,1090,953,17,936,665,185,53,0,33,0,0,137,6,1096,698,238,1096,381247.18,4500.49,339,197,126,85,61,128,0,0,665,185,86,0
209465,20,-0.1,-0.03,-0.55,-0.4,2,0.1,0.1,0.15,30,62.09,1089,952,42,910,0,220,125,0,565,0,0,137,7,1096,565,345,1096,746510.53,7557.51,24,44,38,40,38,726,0,0,0,220,690,0
209466,20,-0.1,-0.03,-0.55,-0.4,2,0.1,0.1,0.15,30,83.01,1088,951,21,930,724,0,158,0,48,0,0,137,8,1096,772,158,1096,614356.96,5887.83,316,160,102,61,59,232,0,0,724,0,206,0
209467,20,-0.1,-0.03,-0.55,-0.4,2,0.1,0.1,0.15,40,74.97,1090,953,18,935,682,203,27,4,13,6,0,137,6,1096,701,234,1096,373256.91,4529.56,339,197,126,85,61,42,21,64,682,203,40,10
209468,20,-0.1,-0.03,-0.55,-0.4,2,0.1,0.1,0.15,40,58.94,1087,950,44,906,0,269,83,20,135,399,0,137,9,1096,534,372,1096,758842.64,7985.83,24,44,38,40,38,36,39,647,0,269,218,419
209469,20,-0.1,-0.03,-0.55,-0.4,2,0.1,0.1,0.15,40,85.04,1088,951,22,929,757,0,102,37,16,17,0,137,8,1096,790,139,1096,651465.66,6137.73,316,160,102,61,59,26,20,185,757,0,118,54
209470,20,-0.1,-0.03,-0.55,-0.4,2,0.1,0.1,0.15,50,74.22,1090,953,18,935,682,209,0,32,0,12,0,137,6,1096,694,241,1096,361102.69,4454.16,339,197,126,85,61,42,21,64,682,209,0,44
209471,20,-0.1,-0.03,-0.55,-0.4,2,0.1,0.1,0.15,50,56.73,1087,950,44,906,0,282,0,110,0,514,0,137,9,1096,514,392,1096,709551.31,7617.82,24,44,38,40,38,36,39,647,0,282,0,624
209472,20,-0.1,-0.03,-0.55,-0.4,2,0.1,0.1,0.15,50,84.82,1088,951,22,929,757,0,0,141,0,31,0,137,8,1096,788,141,1096,622976.86,5982.45,316,160,102,61,59,26,20,185,757,0,0,172
209473,20,-0.1,-0.03,-0.55,-0.4,2,0.1,0.1,0.15,60,74.22,1090,953,18,935,682,209,0,32,0,12,0,137,6,1096,694,241,1096,361102.69,4454.16,339,197,126,85,61,42,21,64,682,209,0,44
209474,20,-0.1,-0.03,-0.55,-0.4,2,0.1,0.1,0.15,60,56.73,1087,950,44,906,0,282,0,110,0,514,0,137,9,1096,514,392,1096,709551.31,7617.82,24,44,38,40,38,36,39,647,0,282,0,624
209475,20,-0.1,-0.03,-0.55,-0.4,2,0.1,0.1,0.15,60,84.82,1088,951,22,929,757,0,0,141,0,31,0,137,8,1096,788,141,1096,622976.86,5982.45,316,160,102,61,59,26,20,185,757,0,0,172
209476,20,-0.1,-0.03,-0.55,-0.4,2,0.1,0.2,0.15,20,67.77,1090,953,19,934,329,145,156,0,304,0,0,137,6,1096,633,301,1096,662798.84,6710.45,75,152,148,559,0,0,0,0,329,145,460,0
209477,20,-0.1,-0.03,-0.55,-0.4,2,0.1,0.2,0.15,20,67.02,1090,953,19,934,0,146,162,0,626,0,0,137,6,1096,626,308,1096,768820.17,7612.86,24,44,38,828,0,0,0,0,0,146,788,0
209478,20,-0.1,-0.03,-0.55,-0.4,2,0.1,0.2,0.15,20,72.85,1088,951,19,932,345,0,253,0,334,0,0,137,8,1096,679,253,1096,830740.12,7748.3,51,108,116,657,0,0,0,0,345,0,587,0
209479,20,-0.1,-0.03,-0.55,-0.4,2,0.1,0.2,0.15,30,65.07,1090,953,37,916,431,214,106,0,165,0,0,137,6,1096,596,320,1096,676979.38,7019.01,75,152,148,99,98,344,0,0,431,214,271,0
209480,20,-0.1,-0.03,-0.55,-0.4,2,0.1,0.2,0.15,30,62.09,1089,952,42,910,0,220,125,0,565,0,0,137,7,1096,565,345,1096,746510.53,7557.51,24,44,38,40,38,726,0,0,0,220,690,0
209481,20,-0.1,-0.03,-0.55,-0.4,2,0.1,0.2,0.15,30,74.62,1088,951,41,910,467,0,231,0,212,0,0,137,8,1096,679,231,1096,1011599.82,8962.15,51,108,116,70,72,493,0,0,467,0,443,0
209482,20,-0.1,-0.03,-0.55,-0.4,2,0.1,0.2,0.15,40,63.35,1090,953,39,914,472,252,64,19,50,57,0,137,6,1096,579,335,1096,661525.78,7100.03,75,152,148,99,98,73,53,216,472,252,114,76
209483,20,-0.1,-0.03,-0.55,-0.4,2,0.1,0.2,0.15,40,58.94,1087,950,44,906,0,269,83,20,135,399,0,137,9,1096,534,372,1096,758842.64,7985.83,24,44,38,40,38,36,39,647,0,269,218,419
209484,20,-0.1,-0.03,-0.55,-0.4,2,0.1,0.2,0.15,40,74.23,1088,951,43,908,522,0,171,63,57,95,0,137,8,1096,674,234,1096,1052508.56,9337.36,51,108,116,70,72,50,35,406,522,0,228,158
209485,20,-0.1,-0.03,-0.55,-0.4,2,0.1,0.2,0.15,50,61.93,1090,953,39,914,472,263,0,85,0,94,0,137,6,1096,566,348,1096,633658.14,6910.41,75,152,148,99,98,73,53,216,472,263,0,179
209486,20,-0.1,-0.03,-0.55,-0.4,2,0.1,0.2,0.15,50,56.73,1087,950,44,906,0,282,0,110,0,514,0,137,9,1096,514,392,1096,709551.31,7617.82,24,44,38,40,38,36,39,647,0,282,0,624
209487,20,-0.1,-0.03,-0.55,-0.4,2,0.1,0.2,0.15,50,73.35,1088,951,43,908,523,0,0,242,0,143,0,137,8,1096,666,242,1096,993307.65,8978.19,51,108,116,70,72,50,35,406,523,0,0,385
209488,20,-0.1,-0.03,-0.55,-0.4,2,0.1,0.2,0.15,60,61.93,1090,953,39,914,472,263,0,85,0,94,0,137,6,1096,566,348,1096,633658.14,6910.41,75,152,148,99,98,73,53,216,472,263,0,179
209489,20,-0.1,-0.03,-0.55,-0.4,2,0.1,0.2,0.15,60,56.73,1087,950,44,906,0,282,0,110,0,514,0,137,9,1096,514,392,1096,709551.31,7617.82,24,44,38,40,38,36,39,647,0,282,0,624
209490,20,-0.1,-0.03,-0.55,-0.4,2,0.1,0.2,0.15,60,73.35,1088,951,43,908,523,0,0,242,0,143,0,137,8,1096,666,242,1096,993307.65,8978.19,51,108,116,70,72,50,35,406,523,0,0,385
209491,20,-0.1,-0.03,-0.55,-0.4,2,0.2,0.1,0.15,20,69.84,1090,953,8,945,585,137,148,0,75,0,0,137,6,1096,660,285,1096,314158.88,3213.85,327,189,114,315,0,0,0,0,585,137,223,0
209492,20,-0.1,-0.03,-0.55,-0.4,2,0.2,0.1,0.15,20,64.03,1090,953,19,934,0,146,190,0,598,0,0,137,6,1096,598,336,1096,592810.25,6076.83,24,44,38,828,0,0,0,0,0,146,788,0
209493,20,-0.1,-0.03,-0.55,-0.4,2,0.2,0.1,0.15,20,72.64,1088,951,8,943,606,0,258,0,79,0,0,137,8,1096,685,258,1096,388598.04,3979.87,303,149,87,404,0,0,0,0,606,0,337,0
209494,20,-0.1,-0.03,-0.55,-0.4,2,0.2,0.1,0.15,30,72.3,1090,953,18,935,645,191,68,0,31,0,0,137,6,1096,676,259,1096,317827.94,3257.32,327,189,114,92,60,153,0,0,645,191,99,0
209495,20,-0.1,-0.03,-0.55,-0.4,2,0.2,0.1,0.15,30,60.33,1089,952,42,910,0,220,141,0,549,0,0,137,7,1096,549,361,1096,552614.44,5677.13,24,44,38,40,38,726,0,0,0,220,690,0
209496,20,-0.1,-0.03,-0.55,-0.4,2,0.2,0.1,0.15,30,78.36,1088,951,22,929,686,0,201,0,42,0,0,137,8,1096,728,201,1096,456318.24,4683.54,303,149,87,67,44,279,0,0,686,0,243,0
209497,20,-0.1,-0.03,-0.55,-0.4,2,0.2,0.1,0.15,40,72.48,1090,953,19,934,663,211,35,11,10,4,0,137,6,1096,677,257,1096,314928.04,3237.04,327,189,114,92,60,54,23,75,663,211,45,15
209498,20,-0.1,-0.03,-0.55,-0.4,2,0.2,0.1,0.15,40,56.18,1087,950,44,906,0,269,100,28,118,391,0,137,9,1096,509,397,1096,570232.1,5877.57,24,44,38,40,38,36,39,647,0,269,218,419
209499,20,-0.1,-0.03,-0.55,-0.4,2,0.2,0.1,0.15,40,79.96,1088,951,23,928,717,0,124,62,11,14,0,137,8,1096,742,186,1096,471714.03,4839.18,303,149,87,67,44,36,17,225,717,0,135,76
209500,20,-0.1,-0.03,-0.55,-0.4,2,0.2,0.1,0.15,50,72.06,1090,953,19,934,663,217,0,44,0,10,0,137,6,1096,673,261,1096,306464.41,3150.93,327,189,114,92,60,54,23,75,663,217,0,54
209501,20,-0.1,-0.03,-0.55,-0.4,2,0.2,0.1,0.15,50,54.75,1087,950,44,906,0,282,0,128,0,496,0,137,9,1096,496,410,1096,534858.95,5511.63,24,44,38,40,38,36,39,647,0,282,0,624
209502,20,-0.1,-0.03,-0.55,-0.4,2,0.2,0.1,0.15,50,79.63,1088,951,23,928,718,0,0,189,0,21,0,137,8,1096,739,189,1096,455715.05,4668.05,303,149,87,67,44,36,17,225,718,0,0,210
209503,20,-0.1,-0.03,-0.55,-0.4,2,0.2,0.1,0.15,60,72.06,1090,953,19,934,663,217,0,44,0,10,0,137,6,1096,673,261,1096,306464.41,3150.93,327,189,114,92,60,54,23,75,663,217,0,54
209504,20,-0.1,-0.03,-0.55,-0.4,2,0.2,0.1,0.15,60,54.75,1087,950,44,906,0,282,0,128,0,496,0,137,9,1096,496,410,1096,534858.95,5511.63,24,44,38,40,38,36,39,647,0,282,0,624
209505,20,-0.1,-0.03,-0.55,-0.4,2,0.2,0.1,0.15,60,79.63,1088,951,23,928,718,0,0,189,0,21,0,137,8,1096,739,189,1096,455715.05,4668.05,303,149,87,67,44,36,17,225,718,0,0,210
209506,20,-0.1,-0.03,-0.55,-0.4,2,0.2,0.2,0.15,20,64.78,1090,953,19,934,304,145,184,0,301,0,0,137,6,1096,605,329,1096,517349.68,5307.7,75,147,138,574,0,0,0,0,304,145,485,0
209507,20,-0.1,-0.03,-0.55,-0.4,2,0.2,0.2,0.15,20,64.03,1090,953,19,934,0,146,190,0,598,0,0,137,6,1096,598,336,1096,592810.25,6076.83,24,44,38,828,0,0,0,0,0,146,788,0
209508,20,-0.1,-0.03,-0.55,-0.4,2,0.2,0.2,0.15,20,67.81,1088,951,19,932,310,0,300,0,322,0,0,137,8,1096,632,300,1096,604741.08,6206.5,51,103,100,678,0,0,0,0,310,0,622,0
209509,20,-0.1,-0.03,-0.55,-0.4,2,0.2,0.2,0.15,30,63.21,1090,953,37,916,408,214,123,0,171,0,0,137,6,1096,579,337,1096,522457.61,5357.24,75,147,138,89,97,370,0,0,408,214,294,0
209510,20,-0.1,-0.03,-0.55,-0.4,2,0.2,0.2,0.15,30,60.33,1089,952,42,910,0,220,141,0,549,0,0,137,7,1096,549,361,1096,552614.44,5677.13,24,44,38,40,38,726,0,0,0,220,690,0
209511,20,-0.1,-0.03,-0.55,-0.4,2,0.2,0.2,0.15,30,70.0,1088,951,41,910,429,0,273,0,208,0,0,137,8,1096,637,273,1096,694200.54,7123.76,51,103,100,56,71,529,0,0,429,0,481,0
209512,20,-0.1,-0.03,-0.55,-0.4,2,0.2,0.2,0.15,40,60.94,1090,953,39,914,446,253,78,26,42,69,0,137,6,1096,557,357,1096,516045.78,5304.45,75,147,138,89,97,76,50,242,446,253,120,95
209513,20,-0.1,-0.03,-0.55,-0.4,2,0.2,0.2,0.15,40,56.18,1087,950,44,906,0,269,100,28,118,391,0,137,9,1096,509,397,1096,570232.1,5877.57,24,44,38,40,38,36,39,647,0,269,218,419
209514,20,-0.1,-0.03,-0.55,-0.4,2,0.2,0.2,0.15,40,68.94,1088,951,43,908,475,0,193,89,46,105,0,137,8,1096,626,282,1096,715274.56,7343.01,51,103,100,56,71,48,30,449,475,0,239,194
209515,20,-0.1,-0.03,-0.55,-0.4,2,0.2,0.2,0.15,50,59.85,1090,953,39,914,446,264,0,103,0,101,0,137,6,1096,547,367,1096,495403.95,5092.2,75,147,138,89,97,76,50,242,446,264,0,204
209516,20,-0.1,-0.03,-0.55,-0.4,2,0.2,0.2,0.15,50,54.75,1087,950,44,906,0,282,0,128,0,496,0,137,9,1096,496,410,1096,534858.95,5511.63,24,44,38,40,38,36,39,647,0,282,0,624
209517,20,-0.1,-0.03,-0.55,-0.4,2,0.2,0.2,0.15,50,67.73,1088,951,43,908,475,0,0,293,0,140,0,137,8,1096,615,293,1096,677622.76,6946.58,51,103,100,56,71,48,30,449,475,0,0,433
209518,20,-0.1,-0.03,-0.55,-0.4,2,0.2,0.2,0.15,60,59.85,1090,953,39,914,446,264,0,103,0,101,0,137,6,1096,547,367,1096,495403.95,5092.2,75,147,138,89,97,76,50,242,446,264,0,204
209519,20,-0.1,-0.03,-0.55,-0.4,2,0.2,0.2,0.15,60,54.75,1087,950,44,906,0,282,0,128,0,496,0,137,9,1096,496,410,1096,534858.95,5511.63,24,44,38,40,38,36,39,647,0,282,0,624
209520,20,-0.1,-0.03,-0.55,-0.4,2,0.2,0.2,0.15,60,67.73,1088,951,43,908,475,0,0,293,0,140,0,137,8,1096,615,293,1096,677622.76,6946.58,51,103,100,56,71,48,30,449,475,0,0,433
209521,20,-0.1,-0.03,-0.55,-0.35,1,0.1,0.1,0.15,20,68.02,1550,1393,17,1376,824,210,230,0,112,0,0,157,10,1560,936,440,1560,407580.77,4165.28,462,267,187,460,0,0,0,0,824,210,342,0
209522,20,-0.1,-0.03,-0.55,-0.35,1,0.1,0.1,0.15,20,61.7,1550,1393,30,1363,0,227,295,0,841,0,0,157,10,1560,841,522,1560,714667.0,7331.94,42,72,55,1194,0,0,0,0,0,227,1136,0
209523,20,-0.1,-0.03,-0.55,-0.35,1,0.1,0.1,0.15,20,71.06,1546,1389,17,1372,852,0,397,0,123,0,0,157,14,1560,975,397,1560,522181.01,5335.65,420,203,144,605,0,0,0,0,852,0,520,0
209524,20,-0.1,-0.03,-0.55,-0.35,1,0.1,0.1,0.15,30,70.5,1550,1393,27,1366,919,284,119,0,44,0,0,157,10,1560,963,403,1560,422146.57,4329.09,462,267,187,118,88,244,0,0,919,284,163,0
209525,20,-0.1,-0.03,-0.55,-0.35,1,0.1,0.1,0.15,30,58.22,1549,1392,54,1338,0,325,234,0,779,0,0,157,11,1560,779,559,1560,667533.27,6896.92,42,72,55,58,49,1062,0,0,0,325,1013,0
209526,20,-0.1,-0.03,-0.55,-0.35,1,0.1,0.1,0.15,30,76.42,1546,1389,32,1357,976,0,320,0,61,0,0,157,14,1560,1037,320,1560,633496.69,6497.13,420,203,144,85,69,436,0,0,976,0,381,0
209527,20,-0.1,-0.03,-0.55,-0.35,1,0.1,0.1,0.15,40,70.77,1550,1393,28,1365,944,324,54,21,13,9,0,157,10,1560,966,399,1560,408016.42,4193.93,462,267,187,118,88,81,35,127,944,324,67,30
209528,20,-0.1,-0.03,-0.55,-0.35,1,0.1,0.1,0.15,40,54.8,1547,1390,56,1334,0,406,152,45,183,548,0,157,13,1560,731,603,1560,654208.9,6711.03,42,72,55,58,49,49,58,951,0,406,335,593
209529,20,-0.1,-0.03,-0.55,-0.35,1,0.1,0.1,0.15,40,78.39,1546,1389,33,1356,1020,0,189,104,15,28,0,157,14,1560,1063,293,1560,654008.54,6703.75,420,203,144,85,69,55,24,356,1020,0,204,132
209530,20,-0.1,-0.03,-0.55,-0.35,1,0.1,0.1,0.15,50,70.33,1550,1393,28,1365,944,330,0,75,0,16,0,157,10,1560,960,405,1560,397813.45,4088.89,462,267,187,118,88,81,35,127,944,330,0,91
209531,20,-0.1,-0.03,-0.55,-0.35,1,0.1,0.1,0.15,50,53.45,1547,1390,56,1334,0,423,0,198,0,713,0,157,13,1560,713,621,1560,605434.75,6202.21,42,72,55,58,49,49,58,951,0,423,0,911
209532,20,-0.1,-0.03,-0.55,-0.35,1,0.1,0.1,0.15,50,78.17,1546,1389,33,1356,1021,0,0,296,0,39,0,157,14,1560,1060,296,1560,637166.1,6523.28,420,203,144,85,69,55,24,356,1021,0,0,335
209533,20,-0.1,-0.03,-0.55,-0.35,1,0.1,0.1,0.15,60,70.33,1550,1393,28,1365,944,330,0,75,0,16,0,157,10,1560,960,405,1560,397813.45,4088.89,462,267,187,118,88,81,35,127,944,330,0,91
209534,20,-0.1,-0.03,-0.55,-0.35,1,0.1,0.1,0.15,60,53.45,1547,1390,56,1334,0,423,0,198,0,713,0,157,13,1560,713,621,1560,605434.75,6202.21,42,72,55,58,49,49,58,951,0,423,0,911
209535,20,-0.1,-0.03,-0.55,-0.35,1,0.1,0.1,0.15,60,78.17,1546,1389,33,1356,1021,0,0,296,0,39,0,157,14,1560,1060,296,1560,637166.1,6523.28,420,203,144,85,69,55,24,356,1021,0,0,335
209536,20,-0.1,-0.03,-0.55,-0.35,1,0.1,0.2,0.15,20,62.39,1550,1393,29,1364,397,225,288,0,454,0,0,157,10,1560,851,513,1560,642192.93,6573.71,113,190,193,868,0,0,0,0,397,225,742,0
209537,20,-0.1,-0.03,-0.55,-0.35,1,0.1,0.2,0.15,20,61.7,1550,1393,30,1363,0,227,295,0,841,0,0,157,10,1560,841,522,1560,714667.0,7331.94,42,72,55,1194,0,0,0,0,0,227,1136,0
209538,20,-0.1,-0.03,-0.55,-0.35,1,0.1,0.2,0.15,20,65.51,1546,1389,29,1360,404,0,469,0,487,0,0,157,14,1560,891,469,1560,772413.27,7904.34,71,118,138,1033,0,0,0,0,404,0,956,0
209539,20,-0.1,-0.03,-0.55,-0.35,1,0.1,0.2,0.15,30,60.67,1550,1393,48,1345,542,318,211,0,274,0,0,157,10,1560,816,529,1560,661071.81,6775.43,113,190,193,126,136,587,0,0,542,318,485,0
209540,20,-0.1,-0.03,-0.55,-0.35,1,0.1,0.2,0.15,30,58.22,1549,1392,54,1338,0,325,234,0,779,0,0,157,11,1560,779,559,1560,667533.27,6896.92,42,72,55,58,49,1062,0,0,0,325,1013,0
209541,20,-0.1,-0.03,-0.55,-0.35,1,0.1,0.2,0.15,30,67.29,1546,1389,53,1336,572,0,437,0,327,0,0,157,14,1560,899,437,1560,920248.4,9428.53,71,118,138,77,103,829,0,0,572,0,764,0
209542,20,-0.1,-0.03,-0.55,-0.35,1,0.1,0.2,0.15,40,58.97,1550,1393,50,1343,596,385,123,43,67,129,0,157,10,1560,792,551,1560,643272.7,6610.89,113,190,193,126,136,102,74,409,596,385,190,172
209543,20,-0.1,-0.03,-0.55,-0.35,1,0.1,0.2,0.15,40,54.8,1547,1390,56,1334,0,406,152,45,183,548,0,157,13,1560,731,603,1560,654208.9,6711.03,42,72,55,58,49,49,58,951,0,406,335,593
209544,20,-0.1,-0.03,-0.55,-0.35,1,0.1,0.2,0.15,40,67.02,1546,1389,55,1334,636,0,298,142,73,185,0,157,14,1560,894,440,1560,942960.92,9667.52,71,118,138,77,103,65,45,717,636,0,371,327
209545,20,-0.1,-0.03,-0.55,-0.35,1,0.1,0.2,0.15,50,58.08,1550,1393,50,1343,598,400,0,163,0,182,0,157,10,1560,780,563,1560,616615.94,6337.36,113,190,193,126,136,102,74,409,598,400,0,345
209546,20,-0.1,-0.03,-0.55,-0.35,1,0.1,0.2,0.15,50,53.45,1547,1390,56,1334,0,423,0,198,0,713,0,157,13,1560,713,621,1560,605434.75,6202.21,42,72,55,58,49,49,58,951,0,423,0,911
209547,20,-0.1,-0.03,-0.55,-0.35,1,0.1,0.2,0.15,50,66.19,1546,1389,55,1334,638,0,0,451,0,245,0,157,14,1560,883,451,1560,898009.64,9197.39,71,118,138,77,103,65,45,717,638,0,0,696
209548,20,-0.1,-0.03,-0.55,-0.35,1,0.1,0.2,0.15,60,58.08,1550,1393,50,1343,598,400,0,163,0,182,0,157,10,1560,780,563,1560,616615.94,6337.36,113,190,193,126,136,102,74,409,598,400,0,345
209549,20,-0.1,-0.03,-0.55,-0.35,1,0.1,0.2,0.15,60,53.45,1547,1390,56,1334,0,423,0,198,0,713,0,157,13,1560,713,621,1560,605434.75,6202.21,42,72,55,58,49,49,58,951,0,423,0,911
209550,20,-0.1,-0.03,-0.55,-0.35,1,0.1,0.2,0.15,60,66.19,1546,1389,55,1334,638,0,0,451,0,245,0,157,14,1560,883,451,1560,898009.64,9197.39,71,118,138,77,103,65,45,717,638,0,0,696
209551,20,-0.1,-0.03,-0.55,-0.35,1,0.2,0.1,0.15,20,68.02,1550,1393,17,1376,824,210,230,0,112,0,0,157,10,1560,936,440,1560,407580.77,4165.28,462,267,187,460,0,0,0,0,824,210,342,0
209552,20,-0.1,-0.03,-0.55,-0.35,1,0.2,0.1,0.15,20,61.7,1550,1393,30,1363,0,227,295,0,841,0,0,157,10,1560,841,522,1560,714667.0,7331.94,42,72,55,1194,0,0,0,0,0,227,1136,0
209553,20,-0.1,-0.03,-0.55,-0.35,1,0.2,0.1,0.15,20,71.06,1546,1389,17,1372,852,0,397,0,123,0,0,157,14,1560,975,397,1560,522181.01,5335.65,420,203,144,605,0,0,0,0,852,0,520,0
209554,20,-0.1,-0.03,-0.55,-0.35,1,0.2,0.1,0.15,30,70.5,1550,1393,27,1366,919,284,119,0,44,0,0,157,10,1560,963,403,1560,422146.57,4329.09,462,267,187,118,88,244,0,0,919,284,163,0
209555,20,-0.1,-0.03,-0.55,-0.35,1,0.2,0.1,0.15,30,58.22,1549,1392,54,1338,0,325,234,0,779,0,0,157,11,1560,779,559,1560,667533.27,6896.92,42,72,55,58,49,1062,0,0,0,325,1013,0
209556,20,-0.1,-0.03,-0.55,-0.35,1,0.2,0.1,0.15,30,76.42,1546,1389,32,1357,976,0,320,0,61,0,0,157,14,1560,1037,320,1560,633496.69,6497.13,420,203,144,85,69,436,0,0,976,0,381,0
209557,20,-0.1,-0.03,-0.55,-0.35,1,0.2,0.1,0.15,40,70.77,1550,1393,28,1365,944,324,54,21,13,9,0,157,10,1560,966,399,1560,408016.42,4193.93,462,267,187,118,88,81,35,127,944,324,67,30
209558,20,-0.1,-0.03,-0.55,-0.35,1,0.2,0.1,0.15,40,54.8,1547,1390,56,1334,0,406,152,45,183,548,0,157,13,1560,731,603,1560,654208.9,6711.03,42,72,55,58,49,49,58,951,0,406,335,593
209559,20,-0.1,-0.03,-0.55,-0.35,1,0.2,0.1,0.15,40,78.39,1546,1389,33,1356,1020,0,189,104,15,28,0,157,14,1560,1063,293,1560,654008.54,6703.75,420,203,144,85,69,55,24,356,1020,0,204,132
209560,20,-0.1,-0.03,-0.55,-0.35,1,0.2,0.1,0.15,50,70.33,1550,1393,28,1365,944,330,0,75,0,16,0,157,10,1560,960,405,1560,397813.45,4088.89,462,267,187,118,88,81,35,127,944,330,0,91
209561,20,-0.1,-0.03,-0.55,-0.35,1,0.2,0.1,0.15,50,53.45,1547,1390,56,1334,0,423,0,198,0,713,0,157,13,1560,713,621,1560,605434.75,6202.21,42,72,55,58,49,49,58,951,0,423,0,911
209562,20,-0.1,-0.03,-0.55,-0.35,1,0.2,0.1,0.15,50,78.17,1546,1389,33,1356,1021,0,0,296,0,39,0,157,14,1560,1060,296,1560,637166.1,6523.28,420,203,144,85,69,55,24,356,1021,0,0,335
209563,20,-0.1,-0.03,-0.55,-0.35,1,0.2,0.1,0.15,60,70.33,1550,1393,28,1365,944,330,0,75,0,16,0,157,10,1560,960,405,1560,397813.45,4088.89,462,267,187,118,88,81,35,127,944,330,0,91
209564,20,-0.1,-0.03,-0.55,-0.35,1,0.2,0.1,0.15,60,53.45,1547,1390,56,1334,0,423,0,198,0,713,0,157,13,1560,713,621,1560,605434.75,6202.21,42,72,55,58,49,49,58,951,0,423,0,911
209565,20,-0.1,-0.03,-0.55,-0.35,1,0.2,0.1,0.15,60,78.17,1546,1389,33,1356,1021,0,0,296,0,39,0,157,14,1560,1060,296,1560,637166.1,6523.28,420,203,144,85,69,55,24,356,1021,0,0,335
209566,20,-0.1,-0.03,-0.55,-0.35,1,0.2,0.2,0.15,20,62.39,1550,1393,29,1364,397,225,288,0,454,0,0,157,10,1560,851,513,1560,642192.93,6573.71,113,190,193,868,0,0,0,0,397,225,742,0
209567,20,-0.1,-0.03,-0.55,-0.35,1,0.2,0.2,0.15,20,61.7,1550,1393,30,1363,0,227,295,0,841,0,0,157,10,1560,841,522,1560,714667.0,7331.94,42,72,55,1194,0,0,0,0,0,227,1136,0
209568,20,-0.1,-0.03,-0.55,-0.35,1,0.2,0.2,0.15,20,65.51,1546,1389,29,1360,404,0,469,0,487,0,0,157,14,1560,891,469,1560,772413.27,7904.34,71,118,138,1033,0,0,0,0,404,0,956,0
209569,20,-0.1,-0.03,-0.55,-0.35,1,0.2,0.2,0.15,30,60.67,1550,1393,48,1345,542,318,211,0,274,0,0,157,10,1560,816,529,1560,661071.81,6775.43,113,190,193,126,136,587,0,0,542,318,485,0
209570,20,-0.1,-0.03,-0.55,-0.35,1,0.2,0.2,0.15,30,58.22,1549,1392,54,1338,0,325,234,0,779,0,0,157,11,1560,779,559,1560,667533.27,6896.92,42,72,55,58,49,1062,0,0,0,325,1013,0
209571,20,-0.1,-0.03,-0.55,-0.35,1,0.2,0.2,0.15,30,67.29,1546,1389,53,1336,572,0,437,0,327,0,0,157,14,1560,899,437,1560,920248.4,9428.53,71,118,138,77,103,829,0,0,572,0,764,0
209572,20,-0.1,-0.03,-0.55,-0.35,1,0.2,0.2,0.15,40,58.97,1550,1393,50,1343,596,385,123,43,67,129,0,157,10,1560,792,551,1560,643272.7,6610.89,113,190,193,126,136,102,74,409,596,385,190,172
209573,20,-0.1,-0.03,-0.55,-0.35,1,0.2,0.2,0.15,40,54.8,1547,1390,56,1334,0,406,152,45,183,548,0,157,13,1560,731,603,1560,654208.9,6711.03,42,72,55,58,49,49,58,951,0,406,335,593
209574,20,-0.1,-0.03,-0.55,-0.35,1,0.2,0.2,0.15,40,67.02,1546,1389,55,1334,636,0,298,142,73,185,0,157,14,1560,894,440,1560,942960.92,9667.52,71,118,138,77,103,65,45,717,636,0,371,327
209575,20,-0.1,-0.03,-0.55,-0.35,1,0.2,0.2,0.15,50,58.08,1550,1393,50,1343,598,400,0,163,0,182,0,157,10,1560,780,563,1560,616615.94,6337.36,113,190,193,126,136,102,74,409,598,400,0,345
209576,20,-0.1,-0.03,-0.55,-0.35,1,0.2,0.2,0.15,50,53.45,1547,1390,56,1334,0,423,0,198,0,713,0,157,13,1560,713,621,1560,605434.75,6202.21,42,72,55,58,49,49,58,951,0,423,0,911
209577,20,-0.1,-0.03,-0.55,-0.35,1,0.2,0.2,0.15,50,66.19,1546,1389,55,1334,638,0,0,451,0,245,0,157,14,1560,883,451,1560,898009.64,9197.39,71,118,138,77,103,65,45,717,638,0,0,696
209578,20,-0.1,-0.03,-0.55,-0.35,1,0.2,0.2,0.15,60,58.08,1550,1393,50,1343,598,400,0,163,0,182,0,157,10,1560,780,563,1560,616615.94,6337.36,113,190,193,126,136,102,74,409,598,400,0,345
209579,20,-0.1,-0.03,-0.55,-0.35,1,0.2,0.2,0.15,60,53.45,1547,1390,56,1334,0,423,0,198,0,713,0,157,13,1560,713,621,1560,605434.75,6202.21,42,72,55,58,49,49,58,951,0,423,0,911
209580,20,-0.1,-0.03,-0.55,-0.35,1,0.2,0.2,0.15,60,66.19,1546,1389,55,1334,638,0,0,451,0,245,0,157,14,1560,883,451,1560,898009.64,9197.39,71,118,138,77,103,65,45,717,638,0,0,696
209581,20,-0.1,-0.03,-0.55,-0.35,2,0.1,0.1,0.15,20,71.58,1550,1393,17,1376,869,206,185,0,116,0,0,157,10,1560,985,391,1560,522932.71,6005.53,479,281,202,414,0,0,0,0,869,206,301,0
209582,20,-0.1,-0.03,-0.55,-0.35,2,0.1,0.1,0.15,20,65.52,1550,1393,30,1363,0,227,243,0,893,0,0,157,10,1560,893,470,1560,929542.0,9624.48,42,72,55,1194,0,0,0,0,0,227,1136,0
209583,20,-0.1,-0.03,-0.55,-0.35,2,0.1,0.1,0.15,20,76.53,1546,1389,17,1372,912,0,322,0,138,0,0,157,14,1560,1050,322,1560,718905.02,7245.07,438,222,168,544,0,0,0,0,912,0,460,0
209584,20,-0.1,-0.03,-0.55,-0.35,2,0.1,0.1,0.15,30,73.45,1550,1393,26,1367,956,275,88,0,48,0,0,157,10,1560,1004,363,1560,526343.99,6307.88,479,281,202,113,92,200,0,0,956,275,136,0
209585,20,-0.1,-0.03,-0.55,-0.35,2,0.1,0.1,0.15,30,60.54,1549,1392,54,1338,0,325,203,0,810,0,0,157,11,1560,810,528,1560,923039.13,9694.99,42,72,55,58,49,1062,0,0,0,325,1013,0
209586,20,-0.1,-0.03,-0.55,-0.35,2,0.1,0.1,0.15,30,82.34,1546,1389,30,1359,1042,0,240,0,77,0,0,157,14,1560,1119,240,1560,895175.63,8484.12,438,222,168,84,89,358,0,0,1042,0,317,0
209587,20,-0.1,-0.03,-0.55,-0.35,2,0.1,0.1,0.15,40,73.79,1550,1393,27,1366,980,308,40,10,18,10,0,157,10,1560,1008,358,1560,507881.89,6307.32,479,281,202,113,92,64,33,102,980,308,58,20
209588,20,-0.1,-0.03,-0.55,-0.35,2,0.1,0.1,0.15,40,57.8,1547,1390,56,1334,0,406,127,30,208,563,0,157,13,1560,771,563,1560,904769.6,9878.33,42,72,55,58,49,49,58,951,0,406,335,593
209589,20,-0.1,-0.03,-0.55,-0.35,2,0.1,0.1,0.15,40,84.46,1546,1389,31,1358,1096,0,149,62,23,28,0,157,14,1560,1147,211,1560,952828.0,8862.55,438,222,168,84,89,41,37,279,1096,0,172,90
209590,20,-0.1,-0.03,-0.55,-0.35,2,0.1,0.1,0.15,50,73.06,1550,1393,27,1366,980,314,0,54,0,18,0,157,10,1560,998,368,1560,492497.42,6217.99,479,281,202,113,92,64,33,102,980,314,0,72
209591,20,-0.1,-0.03,-0.55,-0.35,2,0.1,0.1,0.15,50,55.77,1547,1390,56,1334,0,423,0,167,0,744,0,157,13,1560,744,590,1560,836943.9,9374.71,42,72,55,58,49,49,58,951,0,423,0,911
209592,20,-0.1,-0.03,-0.55,-0.35,2,0.1,0.1,0.15,50,84.24,1546,1389,31,1358,1097,0,0,214,0,47,0,157,14,1560,1144,214,1560,919888.34,8686.46,438,222,168,84,89,41,37,279,1097,0,0,261
209593,20,-0.1,-0.03,-0.55,-0.35,2,0.1,0.1,0.15,60,73.06,1550,1393,27,1366,980,314,0,54,0,18,0,157,10,1560,998,368,1560,492497.42,6217.99,479,281,202,113,92,64,33,102,980,314,0,72
209594,20,-0.1,-0.03,-0.55,-0.35,2,0.1,0.1,0.15,60,55.77,1547,1390,56,1334,0,423,0,167,0,744,0,157,13,1560,744,590,1560,836943.9,9374.71,42,72,55,58,49,49,58,951,0,423,0,911
209595,20,-0.1,-0.03,-0.55,-0.35,2,0.1,0.1,0.15,60,84.24,1546,1389,31,1358,1097,0,0,214,0,47,0,157,14,1560,1144,214,1560,919888.34,8686.46,438,222,168,84,89,41,37,279,1097,0,0,261
209596,20,-0.1,-0.03,-0.55,-0.35,2,0.1,0.2,0.15,20,66.13,1550,1393,29,1364,430,225,237,0,472,0,0,157,10,1560,902,462,1560,833074.36,8742.52,114,199,207,844,0,0,0,0,430,225,709,0
209597,20,-0.1,-0.03,-0.55,-0.35,2,0.1,0.2,0.15,20,65.52,1550,1393,30,1363,0,227,243,0,893,0,0,157,10,1560,893,470,1560,929542.0,9624.48,42,72,55,1194,0,0,0,0,0,227,1136,0
209598,20,-0.1,-0.03,-0.55,-0.35,2,0.1,0.2,0.15,20,71.32,1546,1389,29,1360,449,0,390,0,521,0,0,157,14,1560,970,390,1560,1080060.49,10280.77,72,127,159,1002,0,0,0,0,449,0,911,0
209599,20,-0.1,-0.03,-0.55,-0.35,2,0.1,0.2,0.15,30,62.97,1550,1393,48,1345,578,318,180,0,269,0,0,157,10,1560,847,498,1560,878968.78,9329.07,114,199,207,135,138,552,0,0,578,318,449,0
209600,20,-0.1,-0.03,-0.55,-0.35,2,0.1,0.2,0.15,30,60.54,1549,1392,54,1338,0,325,203,0,810,0,0,157,11,1560,810,528,1560,923039.13,9694.99,42,72,55,58,49,1062,0,0,0,325,1013,0
209601,20,-0.1,-0.03,-0.55,-0.35,2,0.1,0.2,0.15,30,72.83,1546,1389,53,1336,629,0,363,0,344,0,0,157,14,1560,973,363,1560,1377812.5,12234.68,72,127,159,91,108,779,0,0,629,0,707,0
209602,20,-0.1,-0.03,-0.55,-0.35,2,0.1,0.2,0.15,40,61.8,1550,1393,50,1343,639,384,100,29,78,113,0,157,10,1560,830,513,1560,847548.12,9412.32,114,199,207,135,138,103,76,371,639,384,178,142
209603,20,-0.1,-0.03,-0.55,-0.35,2,0.1,0.2,0.15,40,57.8,1547,1390,56,1334,0,406,127,30,208,563,0,157,13,1560,771,563,1560,904769.6,9878.33,42,72,55,58,49,49,58,951,0,406,335,593
209604,20,-0.1,-0.03,-0.55,-0.35,2,0.1,0.2,0.15,40,72.94,1546,1389,55,1334,708,0,262,99,91,174,0,157,14,1560,973,361,1560,1435788.02,12779.03,72,127,159,91,108,72,50,655,708,0,353,273
209605,20,-0.1,-0.03,-0.55,-0.35,2,0.1,0.2,0.15,50,60.61,1550,1393,50,1343,640,398,0,131,0,174,0,157,10,1560,814,529,1560,811414.59,9174.41,114,199,207,135,138,103,76,371,640,398,0,305
209606,20,-0.1,-0.03,-0.55,-0.35,2,0.1,0.2,0.15,50,55.77,1547,1390,56,1334,0,423,0,167,0,744,0,157,13,1560,744,590,1560,836943.9,9374.71,42,72,55,58,49,49,58,951,0,423,0,911
209607,20,-0.1,-0.03,-0.55,-0.35,2,0.1,0.2,0.15,50,72.49,1546,1389,55,1334,710,0,0,367,0,257,0,157,14,1560,967,367,1560,1366228.55,12361.5,72,127,159,91,108,72,50,655,710,0,0,624
209608,20,-0.1,-0.03,-0.55,-0.35,2,0.1,0.2,0.15,60,60.61,1550,1393,50,1343,640,398,0,131,0,174,0,157,10,1560,814,529,1560,811414.59,9174.41,114,199,207,135,138,103,76,371,640,398,0,305
209609,20,-0.1,-0.03,-0.55,-0.35,2,0.1,0.2,0.15,60,55.77,1547,1390,56,1334,0,423,0,167,0,744,0,157,13,1560,744,590,1560,836943.9,9374.71,42,72,55,58,49,49,58,951,0,423,0,911
209610,20,-0.1,-0.03,-0.55,-0.35,2,0.1,0.2,0.15,60,72.49,1546,1389,55,1334,710,0,0,367,0,257,0,157,14,1560,967,367,1560,1366228.55,12361.5,72,127,159,91,108,72,50,655,710,0,0,624
209611,20,-0.1,-0.03,-0.55,-0.35,2,0.2,0.1,0.15,20,68.02,1550,1393,17,1376,824,210,230,0,112,0,0,157,10,1560,936,440,1560,407580.77,4165.28,462,267,187,460,0,0,0,0,824,210,342,0
209612,20,-0.1,-0.03,-0.55,-0.35,2,0.2,0.1,0.15,20,61.7,1550,1393,30,1363,0,227,295,0,841,0,0,157,10,1560,841,522,1560,714667.0,7331.94,42,72,55,1194,0,0,0,0,0,227,1136,0
209613,20,-0.1,-0.03,-0.55,-0.35,2,0.2,0.1,0.15,20,71.06,1546,1389,17,1372,852,0,397,0,123,0,0,157,14,1560,975,397,1560,522181.01,5335.65,420,203,144,605,0,0,0,0,852,0,520,0
209614,20,-0.1,-0.03,-0.55,-0.35,2,0.2,0.1,0.15,30,70.5,1550,1393,27,1366,919,284,119,0,44,0,0,157,10,1560,963,403,1560,422146.57,4329.09,462,267,187,118,88,244,0,0,919,284,163,0
209615,20,-0.1,-0.03,-0.55,-0.35,2,0.2,0.1,0.15,30,58.22,1549,1392,54,1338,0,325,234,0,779,0,0,157,11,1560,779,559,1560,667533.27,6896.92,42,72,55,58,49,1062,0,0,0,325,1013,0
209616,20,-0.1,-0.03,-0.55,-0.35,2,0.2,0.1,0.15,30,76.42,1546,1389,32,1357,976,0,320,0,61,0,0,157,14,1560,1037,320,1560,633496.69,6497.13,420,203,144,85,69,436,0,0,976,0,381,0
209617,20,-0.1,-0.03,-0.55,-0.35,2,0.2,0.1,0.15,40,70.77,1550,1393,28,1365,944,324,54,21,13,9,0,157,10,1560,966,399,1560,408016.42,4193.93,462,267,187,118,88,81,35,127,944,324,67,30
209618,20,-0.1,-0.03,-0.55,-0.35,2,0.2,0.1,0.15,40,54.8,1547,1390,56,1334,0,406,152,45,183,548,0,157,13,1560,731,603,1560,654208.9,6711.03,42,72,55,58,49,49,58,951,0,406,335,593
209619,20,-0.1,-0.03,-0.55,-0.35,2,0.2,0.1,0.15,40,78.39,1546,1389,33,1356,1020,0,189,104,15,28,0,157,14,1560,1063,293,1560,654008.54,6703.75,420,203,144,85,69,55,24,356,1020,0,204,132
209620,20,-0.1,-0.03,-0.55,-0.35,2,0.2,0.1,0.15,50,70.33,1550,1393,28,1365,944,330,0,75,0,16,0,157,10,1560,960,405,1560,397813.45,4088.89,462,267,187,118,88,81,35,127,944,330,0,91
209621,20,-0.1,-0.03,-0.55,-0.35,2,0.2,0.1,0.15,50,53.45,1547,1390,56,1334,0,423,0,198,0,713,0,157,13,1560,713,621,1560,605434.75,6202.21,42,72,55,58,49,49,58,951,0,423,0,911
209622,20,-0.1,-0.03,-0.55,-0.35,2,0.2,0.1,0.15,50,78.17,1546,1389,33,1356,1021,0,0,296,0,39,0,157,14,1560,1060,296,1560,637166.1,6523.28,420,203,144,85,69,55,24,356,1021,0,0,335
209623,20,-0.1,-0.03,-0.55,-0.35,2,0.2,0.1,0.15,60,70.33,1550,1393,28,1365,944,330,0,75,0,16,0,157,10,1560,960,405,1560,397813.45,4088.89,462,267,187,118,88,81,35,127,944,330,0,91
209624,20,-0.1,-0.03,-0.55,-0.35,2,0.2,0.1,0.15,60,53.45,1547,1390,56,1334,0,423,0,198,0,713,0,157,13,1560,713,621,1560,605434.75,6202.21,42,72,55,58,49,49,58,951,0,423,0,911
209625,20,-0.1,-0.03,-0.55,-0.35,2,0.2,0.1,0.15,60,78.17,1546,1389,33,1356,1021,0,0,296,0,39,0,157,14,1560,1060,296,1560,637166.1,6523.28,420,203,144,85,69,55,24,356,1021,0,0,335
209626,20,-0.1,-0.03,-0.55,-0.35,2,0.2,0.2,0.15,20,62.39,1550,1393,29,1364,397,225,288,0,454,0,0,157,10,1560,851,513,1560,642192.93,6573.71,113,190,193,868,0,0,0,0,397,225,742,0
209627,20,-0.1,-0.03,-0.55,-0.35,2,0.2,0.2,0.15,20,61.7,1550,1393,30,1363,0,227,295,0,841,0,0,157,10,1560,841,522,1560,714667.0,7331.94,42,72,55,1194,0,0,0,0,0,227,1136,0
209628,20,-0.1,-0.03,-0.55,-0.35,2,0.2,0.2,0.15,20,65.51,1546,1389,29,1360,404,0,469,0,487,0,0,157,14,1560,891,469,1560,772413.27,7904.34,71,118,138,1033,0,0,0,0,404,0,956,0
209629,20,-0.1,-0.03,-0.55,-0.35,2,0.2,0.2,0.15,30,60.67,1550,1393,48,1345,542,318,211,0,274,0,0,157,10,1560,816,529,1560,661071.81,6775.43,113,190,193,126,136,587,0,0,542,318,485,0
209630,20,-0.1,-0.03,-0.55,-0.35,2,0.2,0.2,0.15,30,58.22,1549,1392,54,1338,0,325,234,0,779,0,0,157,11,1560,779,559,1560,667533.27,6896.92,42,72,55,58,49,1062,0,0,0,325,1013,0
209631,20,-0.1,-0.03,-0.55,-0.35,2,0.2,0.2,0.15,30,67.29,1546,1389,53,1336,572,0,437,0,327,0,0,157,14,1560,899,437,1560,920248.4,9428.53,71,118,138,77,103,829,0,0,572,0,764,0
209632,20,-0.1,-0.03,-0.55,-0.35,2,0.2,0.2,0.15,40,58.97,1550,1393,50,1343,596,385,123,43,67,129,0,157,10,1560,792,551,1560,643272.7,6610.89,113,190,193,126,136,102,74,409,596,385,190,172
209633,20,-0.1,-0.03,-0.55,-0.35,2,0.2,0.2,0.15,40,54.8,1547,1390,56,1334,0,406,152,45,183,548,0,157,13,1560,731,603,1560,654208.9,6711.03,42,72,55,58,49,49,58,951,0,406,335,593
209634,20,-0.1,-0.03,-0.55,-0.35,2,0.2,0.2,0.15,40,67.02,1546,1389,55,1334,636,0,298,142,73,185,0,157,14,1560,894,440,1560,942960.92,9667.52,71,118,138,77,103,65,45,717,636,0,371,327
209635,20,-0.1,-0.03,-0.55,-0.35,2,0.2,0.2,0.15,50,58.08,1550,1393,50,1343,598,400,0,163,0,182,0,157,10,1560,780,563,1560,616615.94,6337.36,113,190,193,126,136,102,74,409,598,400,0,345
209636,20,-0.1,-0.03,-0.55,-0.35,2,0.2,0.2,0.15,50,53.45,1547,1390,56,1334,0,423,0,198,0,713,0,157,13,1560,713,621,1560,605434.75,6202.21,42,72,55,58,49,49,58,951,0,423,0,911
209637,20,-0.1,-0.03,-0.55,-0.35,2,0.2,0.2,0.15,50,66.19,1546,1389,55,1334,638,0,0,451,0,245,0,157,14,1560,883,451,1560,898009.64,9197.39,71,118,138,77,103,65,45,717,638,0,0,696
209638,20,-0.1,-0.03,-0.55,-0.35,2,0.2,0.2,0.15,60,58.08,1550,1393,50,1343,598,400,0,163,0,182,0,157,10,1560,780,563,1560,616615.94,6337.36,113,190,193,126,136,102,74,409,598,400,0,345
209639,20,-0.1,-0.03,-0.55,-0.35,2,0.2,0.2,0.15,60,53.45,1547,1390,56,1334,0,423,0,198,0,713,0,157,13,1560,713,621,1560,605434.75,6202.21,42,72,55,58,49,49,58,951,0,423,0,911
209640,20,-0.1,-0.03,-0.55,-0.35,2,0.2,0.2,0.15,60,66.19,1546,1389,55,1334,638,0,0,451,0,245,0,157,14,1560,883,451,1560,898009.64,9197.39,71,118,138,77,103,65,45,717,638,0,0,696
209641,20,-0.1,-0.03,-0.55,-0.3,1,0.1,0.1,0.15,20,66.28,2002,1839,24,1815,1018,275,337,0,185,0,0,163,13,2015,1203,612,2015,472512.29,4844.93,571,346,233,665,0,0,0,0,1018,275,522,0
209642,20,-0.1,-0.03,-0.55,-0.3,1,0.1,0.1,0.15,20,60.19,2002,1839,38,1801,0,301,416,0,1084,0,0,163,13,2015,1084,717,2015,794097.45,8199.68,53,103,77,1568,0,0,0,0,0,301,1500,0
209643,20,-0.1,-0.03,-0.55,-0.3,1,0.1,0.1,0.15,20,69.17,1997,1834,24,1810,1050,0,558,0,202,0,0,163,18,2015,1252,558,2015,600444.27,6138.4,518,256,172,864,0,0,0,0,1050,0,760,0
209644,20,-0.1,-0.03,-0.55,-0.3,1,0.1,0.1,0.15,30,68.74,2002,1839,38,1801,1155,367,196,0,83,0,0,163,13,2015,1238,563,2015,503713.19,5187.0,571,346,233,143,122,386,0,0,1155,367,279,0
209645,20,-0.1,-0.03,-0.55,-0.3,1,0.1,0.1,0.15,30,56.95,2001,1838,68,1770,0,423,339,0,1008,0,0,163,14,2015,1008,762,2015,741930.22,7735.33,53,103,77,68,64,1405,0,0,0,423,1347,0
209646,20,-0.1,-0.03,-0.55,-0.3,1,0.1,0.1,0.15,30,74.32,1997,1834,43,1791,1224,0,460,0,107,0,0,163,18,2015,1331,460,2015,758226.13,7782.69,518,256,172,104,94,647,0,0,1224,0,567,0
209647,20,-0.1,-0.03,-0.55,-0.3,1,0.1,0.1,0.15,40,68.67,2002,1839,39,1800,1197,430,96,38,20,19,0,163,13,2015,1236,564,2015,467830.57,4821.24,571,346,233,143,122,107,64,214,1197,430,116,57
209648,20,-0.1,-0.03,-0.55,-0.3,1,0.1,0.1,0.15,40,53.23,1999,1836,70,1766,0,537,217,72,240,700,0,163,16,2015,940,826,2015,689611.91,7133.53,53,103,77,68,64,58,85,1258,0,537,457,772
209649,20,-0.1,-0.03,-0.55,-0.3,1,0.1,0.1,0.15,40,75.98,1997,1834,44,1790,1294,0,279,151,22,44,0,163,18,2015,1360,430,2015,781104.58,8004.9,518,256,172,104,94,80,44,522,1294,0,301,195
209650,20,-0.1,-0.03,-0.55,-0.3,1,0.1,0.1,0.15,50,68.28,2002,1839,39,1800,1197,439,0,132,0,32,0,163,13,2015,1229,571,2015,451996.06,4658.51,571,346,233,143,122,107,64,214,1197,439,0,164
209651,20,-0.1,-0.03,-0.55,-0.3,1,0.1,0.1,0.15,50,52.04,1999,1836,70,1766,0,562,0,285,0,919,0,163,16,2015,919,847,2015,628637.75,6494.38,53,103,77,68,64,58,85,1258,0,562,0,1204
209652,20,-0.1,-0.03,-0.55,-0.3,1,0.1,0.1,0.15,50,75.75,1997,1834,44,1790,1295,0,0,434,0,61,0,163,18,2015,1356,434,2015,756447.42,7743.11,518,256,172,104,94,80,44,522,1295,0,0,495
209653,20,-0.1,-0.03,-0.55,-0.3,1,0.1,0.1,0.15,60,68.28,2002,1839,39,1800,1197,439,0,132,0,32,0,163,13,2015,1229,571,2015,451996.06,4658.51,571,346,233,143,122,107,64,214,1197,439,0,164
209654,20,-0.1,-0.03,-0.55,-0.3,1,0.1,0.1,0.15,60,52.04,1999,1836,70,1766,0,562,0,285,0,919,0,163,16,2015,919,847,2015,628637.75,6494.38,53,103,77,68,64,58,85,1258,0,562,0,1204
209655,20,-0.1,-0.03,-0.55,-0.3,1,0.1,0.1,0.15,60,75.75,1997,1834,44,1790,1295,0,0,434,0,61,0,163,18,2015,1356,434,2015,756447.42,7743.11,518,256,172,104,94,80,44,522,1295,0,0,495
209656,20,-0.1,-0.03,-0.55,-0.3,1,0.1,0.2,0.15,20,60.73,2002,1839,36,1803,480,299,409,0,615,0,0,163,13,2015,1095,708,2015,730578.45,7523.9,134,241,248,1180,0,0,0,0,480,299,1024,0
209657,20,-0.1,-0.03,-0.55,-0.3,1,0.1,0.2,0.15,20,60.19,2002,1839,38,1801,0,301,416,0,1084,0,0,163,13,2015,1084,717,2015,794097.45,8199.68,53,103,77,1568,0,0,0,0,0,301,1500,0
209658,20,-0.1,-0.03,-0.55,-0.3,1,0.1,0.2,0.15,20,63.63,1997,1834,36,1798,487,0,654,0,657,0,0,163,18,2015,1144,654,2015,866551.59,8900.84,81,138,171,1408,0,0,0,0,487,0,1311,0
209659,20,-0.1,-0.03,-0.55,-0.3,1,0.1,0.2,0.15,30,59.11,2002,1839,61,1778,653,415,312,0,398,0,0,163,13,2015,1051,727,2015,757760.39,7834.02,134,241,248,156,162,837,0,0,653,415,710,0
209660,20,-0.1,-0.03,-0.55,-0.3,1,0.1,0.2,0.15,30,56.95,2001,1838,68,1770,0,423,339,0,1008,0,0,163,14,2015,1008,762,2015,741930.22,7735.33,53,103,77,68,64,1405,0,0,0,423,1347,0
209661,20,-0.1,-0.03,-0.55,-0.3,1,0.1,0.2,0.15,30,65.21,1997,1834,66,1768,686,0,615,0,467,0,0,163,18,2015,1153,615,2015,1055232.95,10865.2,81,138,171,97,117,1164,0,0,686,0,1082,0
209662,20,-0.1,-0.03,-0.55,-0.3,1,0.1,0.2,0.15,40,56.98,2002,1839,63,1776,727,513,183,68,91,194,0,163,13,2015,1012,764,2015,715068.07,7408.8,134,241,248,156,162,127,108,600,727,513,274,262
209663,20,-0.1,-0.03,-0.55,-0.3,1,0.1,0.2,0.15,40,53.23,1999,1836,70,1766,0,537,217,72,240,700,0,163,16,2015,940,826,2015,689611.91,7133.53,53,103,77,68,64,58,85,1258,0,537,457,772
209664,20,-0.1,-0.03,-0.55,-0.3,1,0.1,0.2,0.15,40,64.67,1997,1834,68,1766,772,0,422,202,99,271,0,163,18,2015,1142,624,2015,1082168.79,11137.79,81,138,171,97,117,82,59,1021,772,0,521,473
209665,20,-0.1,-0.03,-0.55,-0.3,1,0.1,0.2,0.15,50,56.25,2002,1839,63,1776,730,534,0,243,0,269,0,163,13,2015,999,777,2015,679628.21,7043.69,134,241,248,156,162,127,108,600,730,534,0,512
209666,20,-0.1,-0.03,-0.55,-0.3,1,0.1,0.2,0.15,50,52.04,1999,1836,70,1766,0,562,0,285,0,919,0,163,16,2015,919,847,2015,628637.75,6494.38,53,103,77,68,64,58,85,1258,0,562,0,1204
209667,20,-0.1,-0.03,-0.55,-0.3,1,0.1,0.2,0.15,50,63.99,1997,1834,68,1766,775,0,0,636,0,355,0,163,18,2015,1130,636,2015,1025170.35,10540.79,81,138,171,97,117,82,59,1021,775,0,0,991
209668,20,-0.1,-0.03,-0.55,-0.3,1,0.1,0.2,0.15,60,56.25,2002,1839,63,1776,730,534,0,243,0,269,0,163,13,2015,999,777,2015,679628.21,7043.69,134,241,248,156,162,127,108,600,730,534,0,512
209669,20,-0.1,-0.03,-0.55,-0.3,1,0.1,0.2,0.15,60,52.04,1999,1836,70,1766,0,562,0,285,0,919,0,163,16,2015,919,847,2015,628637.75,6494.38,53,103,77,68,64,58,85,1258,0,562,0,1204
209670,20,-0.1,-0.03,-0.55,-0.3,1,0.1,0.2,0.15,60,63.99,1997,1834,68,1766,775,0,0,636,0,355,0,163,18,2015,1130,636,2015,1025170.35,10540.79,81,138,171,97,117,82,59,1021,775,0,0,991
209671,20,-0.1,-0.03,-0.55,-0.3,1,0.2,0.1,0.15,20,66.28,2002,1839,24,1815,1018,275,337,0,185,0,0,163,13,2015,1203,612,2015,472512.29,4844.93,571,346,233,665,0,0,0,0,1018,275,522,0
209672,20,-0.1,-0.03,-0.55,-0.3,1,0.2,0.1,0.15,20,60.19,2002,1839,38,1801,0,301,416,0,1084,0,0,163,13,2015,1084,717,2015,794097.45,8199.68,53,103,77,1568,0,0,0,0,0,301,1500,0
209673,20,-0.1,-0.03,-0.55,-0.3,1,0.2,0.1,0.15,20,69.17,1997,1834,24,1810,1050,0,558,0,202,0,0,163,18,2015,1252,558,2015,600444.27,6138.4,518,256,172,864,0,0,0,0,1050,0,760,0
209674,20,-0.1,-0.03,-0.55,-0.3,1,0.2,0.1,0.15,30,68.74,2002,1839,38,1801,1155,367,196,0,83,0,0,163,13,2015,1238,563,2015,503713.19,5187.0,571,346,233,143,122,386,0,0,1155,367,279,0
209675,20,-0.1,-0.03,-0.55,-0.3,1,0.2,0.1,0.15,30,56.95,2001,1838,68,1770,0,423,339,0,1008,0,0,163,14,2015,1008,762,2015,741930.22,7735.33,53,103,77,68,64,1405,0,0,0,423,1347,0
209676,20,-0.1,-0.03,-0.55,-0.3,1,0.2,0.1,0.15,30,74.32,1997,1834,43,1791,1224,0,460,0,107,0,0,163,18,2015,1331,460,2015,758226.13,7782.69,518,256,172,104,94,647,0,0,1224,0,567,0
209677,20,-0.1,-0.03,-0.55,-0.3,1,0.2,0.1,0.15,40,68.67,2002,1839,39,1800,1197,430,96,38,20,19,0,163,13,2015,1236,564,2015,467830.57,4821.24,571,346,233,143,122,107,64,214,1197,430,116,57
209678,20,-0.1,-0.03,-0.55,-0.3,1,0.2,0.1,0.15,40,53.23,1999,1836,70,1766,0,537,217,72,240,700,0,163,16,2015,940,826,2015,689611.91,7133.53,53,103,77,68,64,58,85,1258,0,537,457,772
209679,20,-0.1,-0.03,-0.55,-0.3,1,0.2,0.1,0.15,40,75.98,1997,1834,44,1790,1294,0,279,151,22,44,0,163,18,2015,1360,430,2015,781104.58,8004.9,518,256,172,104,94,80,44,522,1294,0,301,195
209680,20,-0.1,-0.03,-0.55,-0.3,1,0.2,0.1,0.15,50,68.28,2002,1839,39,1800,1197,439,0,132,0,32,0,163,13,2015,1229,571,2015,451996.06,4658.51,571,346,233,143,122,107,64,214,1197,439,0,164
209681,20,-0.1,-0.03,-0.55,-0.3,1,0.2,0.1,0.15,50,52.04,1999,1836,70,1766,0,562,0,285,0,919,0,163,16,2015,919,847,2015,628637.75,6494.38,53,103,77,68,64,58,85,1258,0,562,0,1204
209682,20,-0.1,-0.03,-0.55,-0.3,1,0.2,0.1,0.15,50,75.75,1997,1834,44,1790,1295,0,0,434,0,61,0,163,18,2015,1356,434,2015,756447.42,7743.11,518,256,172,104,94,80,44,522,1295,0,0,495
209683,20,-0.1,-0.03,-0.55,-0.3,1,0.2,0.1,0.15,60,68.28,2002,1839,39,1800,1197,439,0,132,0,32,0,163,13,2015,1229,571,2015,451996.06,4658.51,571,346,233,143,122,107,64,214,1197,439,0,164
209684,20,-0.1,-0.03,-0.55,-0.3,1,0.2,0.1,0.15,60,52.04,1999,1836,70,1766,0,562,0,285,0,919,0,163,16,2015,919,847,2015,628637.75,6494.38,53,103,77,68,64,58,85,1258,0,562,0,1204
209685,20,-0.1,-0.03,-0.55,-0.3,1,0.2,0.1,0.15,60,75.75,1997,1834,44,1790,1295,0,0,434,0,61,0,163,18,2015,1356,434,2015,756447.42,7743.11,518,256,172,104,94,80,44,522,1295,0,0,495
209686,20,-0.1,-0.03,-0.55,-0.3,1,0.2,0.2,0.15,20,60.73,2002,1839,36,1803,480,299,409,0,615,0,0,163,13,2015,1095,708,2015,730578.45,7523.9,134,241,248,1180,0,0,0,0,480,299,1024,0
209687,20,-0.1,-0.03,-0.55,-0.3,1,0.2,0.2,0.15,20,60.19,2002,1839,38,1801,0,301,416,0,1084,0,0,163,13,2015,1084,717,2015,794097.45,8199.68,53,103,77,1568,0,0,0,0,0,301,1500,0
209688,20,-0.1,-0.03,-0.55,-0.3,1,0.2,0.2,0.15,20,63.63,1997,1834,36,1798,487,0,654,0,657,0,0,163,18,2015,1144,654,2015,866551.59,8900.84,81,138,171,1408,0,0,0,0,487,0,1311,0
209689,20,-0.1,-0.03,-0.55,-0.3,1,0.2,0.2,0.15,30,59.11,2002,1839,61,1778,653,415,312,0,398,0,0,163,13,2015,1051,727,2015,757760.39,7834.02,134,241,248,156,162,837,0,0,653,415,710,0
209690,20,-0.1,-0.03,-0.55,-0.3,1,0.2,0.2,0.15,30,56.95,2001,1838,68,1770,0,423,339,0,1008,0,0,163,14,2015,1008,762,2015,741930.22,7735.33,53,103,77,68,64,1405,0,0,0,423,1347,0
209691,20,-0.1,-0.03,-0.55,-0.3,1,0.2,0.2,0.15,30,65.21,1997,1834,66,1768,686,0,615,0,467,0,0,163,18,2015,1153,615,2015,1055232.95,10865.2,81,138,171,97,117,1164,0,0,686,0,1082,0
209692,20,-0.1,-0.03,-0.55,-0.3,1,0.2,0.2,0.15,40,56.98,2002,1839,63,1776,727,513,183,68,91,194,0,163,13,2015,1012,764,2015,715068.07,7408.8,134,241,248,156,162,127,108,600,727,513,274,262
209693,20,-0.1,-0.03,-0.55,-0.3,1,0.2,0.2,0.15,40,53.23,1999,1836,70,1766,0,537,217,72,240,700,0,163,16,2015,940,826,2015,689611.91,7133.53,53,103,77,68,64,58,85,1258,0,537,457,772
209694,20,-0.1,-0.03,-0.55,-0.3,1,0.2,0.2,0.15,40,64.67,1997,1834,68,1766,772,0,422,202,99,271,0,163,18,2015,1142,624,2015,1082168.79,11137.79,81,138,171,97,117,82,59,1021,772,0,521,473
209695,20,-0.1,-0.03,-0.55,-0.3,1,0.2,0.2,0.15,50,56.25,2002,1839,63,1776,730,534,0,243,0,269,0,163,13,2015,999,777,2015,679628.21,7043.69,134,241,248,156,162,127,108,600,730,534,0,512
209696,20,-0.1,-0.03,-0.55,-0.3,1,0.2,0.2,0.15,50,52.04,1999,1836,70,1766,0,562,0,285,0,919,0,163,16,2015,919,847,2015,628637.75,6494.38,53,103,77,68,64,58,85,1258,0,562,0,1204
209697,20,-0.1,-0.03,-0.55,-0.3,1,0.2,0.2,0.15,50,63.99,1997,1834,68,1766,775,0,0,636,0,355,0,163,18,2015,1130,636,2015,1025170.35,10540.79,81,138,171,97,117,82,59,1021,775,0,0,991
209698,20,-0.1,-0.03,-0.55,-0.3,1,0.2,0.2,0.15,60,56.25,2002,1839,63,1776,730,534,0,243,0,269,0,163,13,2015,999,777,2015,679628.21,7043.69,134,241,248,156,162,127,108,600,730,534,0,512
209699,20,-0.1,-0.03,-0.55,-0.3,1,0.2,0.2,0.15,60,52.04,1999,1836,70,1766,0,562,0,285,0,919,0,163,16,2015,919,847,2015,628637.75,6494.38,53,103,77,68,64,58,85,1258,0,562,0,1204
209700,20,-0.1,-0.03,-0.55,-0.3,1,0.2,0.2,0.15,60,63.99,1997,1834,68,1766,775,0,0,636,0,355,0,163,18,2015,1130,636,2015,1025170.35,10540.79,81,138,171,97,117,82,59,1021,775,0,0,991
209701,20,-0.1,-0.03,-0.55,-0.3,2,0.1,0.1,0.15,20,70.3,2002,1839,24,1815,1082,270,269,0,194,0,0,163,13,2015,1276,539,2015,629492.12,7382.17,594,363,256,602,0,0,0,0,1082,270,463,0
209702,20,-0.1,-0.03,-0.55,-0.3,2,0.1,0.1,0.15,20,64.41,2002,1839,38,1801,0,301,340,0,1160,0,0,163,13,2015,1160,641,2015,1054502.73,11262.52,53,103,77,1568,0,0,0,0,0,301,1500,0
209703,20,-0.1,-0.03,-0.55,-0.3,2,0.1,0.1,0.15,20,74.92,1997,1834,24,1810,1136,0,454,0,220,0,0,163,18,2015,1356,454,2015,856675.5,8824.67,543,281,205,781,0,0,0,0,1136,0,674,0
209704,20,-0.1,-0.03,-0.55,-0.3,2,0.1,0.1,0.15,30,72.25,2002,1839,37,1802,1221,356,144,0,81,0,0,163,13,2015,1302,500,2015,670223.65,7953.68,594,363,256,139,136,314,0,0,1221,356,225,0
209705,20,-0.1,-0.03,-0.55,-0.3,2,0.1,0.1,0.15,30,59.89,2001,1838,68,1770,0,423,287,0,1060,0,0,163,14,2015,1060,710,2015,1076800.82,11471.13,53,103,77,68,64,1405,0,0,0,423,1347,0
209706,20,-0.1,-0.03,-0.55,-0.3,2,0.1,0.1,0.15,30,80.76,1997,1834,41,1793,1330,0,345,0,118,0,0,163,18,2015,1448,345,2015,1127127.08,10645.34,543,281,205,107,130,527,0,0,1330,0,463,0
209707,20,-0.1,-0.03,-0.55,-0.3,2,0.1,0.1,0.15,40,71.96,2002,1839,38,1801,1251,408,75,22,26,19,0,163,13,2015,1296,505,2015,613740.55,7779.13,594,363,256,139,136,89,49,175,1251,408,101,41
209708,20,-0.1,-0.03,-0.55,-0.3,2,0.1,0.1,0.15,40,56.29,1999,1836,70,1766,0,537,187,48,270,724,0,163,16,2015,994,772,2015,1003793.9,11371.98,53,103,77,68,64,58,85,1258,0,537,457,772
209709,20,-0.1,-0.03,-0.55,-0.3,2,0.1,0.1,0.15,40,82.37,1997,1834,42,1792,1399,0,226,90,32,45,0,163,18,2015,1476,316,2015,1179369.33,11022.66,543,281,205,107,130,64,45,417,1399,0,258,135
209710,20,-0.1,-0.03,-0.55,-0.3,2,0.1,0.1,0.15,50,71.35,2002,1839,38,1801,1251,417,0,99,0,34,0,163,13,2015,1285,516,2015,590791.36,7654.25,594,363,256,139,136,89,49,175,1251,417,0,133
209711,20,-0.1,-0.03,-0.55,-0.3,2,0.1,0.1,0.15,50,54.53,1999,1836,70,1766,0,562,0,241,0,963,0,163,16,2015,963,803,2015,917445.94,10759.4,53,103,77,68,64,58,85,1258,0,562,0,1204
209712,20,-0.1,-0.03,-0.55,-0.3,2,0.1,0.1,0.15,50,82.2,1997,1834,42,1792,1400,0,0,319,0,73,0,163,18,2015,1473,319,2015,1136770.96,10799.18,543,281,205,107,130,64,45,417,1400,0,0,392
209713,20,-0.1,-0.03,-0.55,-0.3,2,0.1,0.1,0.15,60,71.35,2002,1839,38,1801,1251,417,0,99,0,34,0,163,13,2015,1285,516,2015,590791.36,7654.25,594,363,256,139,136,89,49,175,1251,417,0,133
209714,20,-0.1,-0.03,-0.55,-0.3,2,0.1,0.1,0.15,60,54.53,1999,1836,70,1766,0,562,0,241,0,963,0,163,16,2015,963,803,2015,917445.94,10759.4,53,103,77,68,64,58,85,1258,0,562,0,1204
209715,20,-0.1,-0.03,-0.55,-0.3,2,0.1,0.1,0.15,60,82.2,1997,1834,42,1792,1400,0,0,319,0,73,0,163,18,2015,1473,319,2015,1136770.96,10799.18,543,281,205,107,130,64,45,417,1400,0,0,392
209716,20,-0.1,-0.03,-0.55,-0.3,2,0.1,0.2,0.15,20,64.89,2002,1839,36,1803,517,299,334,0,653,0,0,163,13,2015,1170,633,2015,965129.07,10453.02,135,253,261,1154,0,0,0,0,517,299,987,0
209717,20,-0.1,-0.03,-0.55,-0.3,2,0.1,0.2,0.15,20,64.41,2002,1839,38,1801,0,301,340,0,1160,0,0,163,13,2015,1160,641,2015,1054502.73,11262.52,53,103,77,1568,0,0,0,0,0,301,1500,0
209718,20,-0.1,-0.03,-0.55,-0.3,2,0.1,0.2,0.15,20,69.58,1997,1834,36,1798,538,0,547,0,713,0,0,163,18,2015,1251,547,2015,1217514.06,12085.79,82,150,192,1374,0,0,0,0,538,0,1260,0
209719,20,-0.1,-0.03,-0.55,-0.3,2,0.1,0.2,0.15,30,62.04,2002,1839,61,1778,699,415,260,0,404,0,0,163,13,2015,1103,675,2015,1055202.19,11324.75,135,253,261,167,168,794,0,0,699,415,664,0
209720,20,-0.1,-0.03,-0.55,-0.3,2,0.1,0.2,0.15,30,59.89,2001,1838,68,1770,0,423,287,0,1060,0,0,163,14,2015,1060,710,2015,1076800.82,11471.13,53,103,77,68,64,1405,0,0,0,423,1347,0
209721,20,-0.1,-0.03,-0.55,-0.3,2,0.1,0.2,0.15,30,71.04,1997,1834,66,1768,758,0,512,0,498,0,0,163,18,2015,1256,512,2015,1630304.88,14726.33,82,150,192,114,128,1102,0,0,758,0,1010,0
209722,20,-0.1,-0.03,-0.55,-0.3,2,0.1,0.2,0.15,40,59.91,2002,1839,63,1776,787,512,154,46,106,171,0,163,13,2015,1064,712,2015,986499.64,11286.43,135,253,261,167,168,130,114,548,787,512,260,217
209723,20,-0.1,-0.03,-0.55,-0.3,2,0.1,0.2,0.15,40,56.29,1999,1836,70,1766,0,537,187,48,270,724,0,163,16,2015,994,772,2015,1003793.9,11371.98,53,103,77,68,64,58,85,1258,0,537,457,772
209724,20,-0.1,-0.03,-0.55,-0.3,2,0.1,0.2,0.15,40,71.01,1997,1834,68,1766,869,0,372,140,126,259,0,163,18,2015,1254,512,2015,1717436.41,15499.78,82,150,192,114,128,92,71,937,869,0,498,399
209725,20,-0.1,-0.03,-0.55,-0.3,2,0.1,0.2,0.15,50,58.84,2002,1839,63,1776,789,532,0,199,0,256,0,163,13,2015,1045,731,2015,934673.0,10975.82,135,253,261,167,168,130,114,548,789,532,0,455
209726,20,-0.1,-0.03,-0.55,-0.3,2,0.1,0.2,0.15,50,54.53,1999,1836,70,1766,0,562,0,241,0,963,0,163,16,2015,963,803,2015,917445.94,10759.4,53,103,77,68,64,58,85,1258,0,562,0,1204
209727,20,-0.1,-0.03,-0.55,-0.3,2,0.1,0.2,0.15,50,70.55,1997,1834,68,1766,872,0,0,520,0,374,0,163,18,2015,1246,520,2015,1626442.75,14979.13,82,150,192,114,128,92,71,937,872,0,0,894
209728,20,-0.1,-0.03,-0.55,-0.3,2,0.1,0.2,0.15,60,58.84,2002,1839,63,1776,789,532,0,199,0,256,0,163,13,2015,1045,731,2015,934673.0,10975.82,135,253,261,167,168,130,114,548,789,532,0,455
209729,20,-0.1,-0.03,-0.55,-0.3,2,0.1,0.2,0.15,60,54.53,1999,1836,70,1766,0,562,0,241,0,963,0,163,16,2015,963,803,2015,917445.94,10759.4,53,103,77,68,64,58,85,1258,0,562,0,1204
209730,20,-0.1,-0.03,-0.55,-0.3,2,0.1,0.2,0.15,60,70.55,1997,1834,68,1766,872,0,0,520,0,374,0,163,18,2015,1246,520,2015,1626442.75,14979.13,82,150,192,114,128,92,71,937,872,0,0,894
209731,20,-0.1,-0.03,-0.55,-0.3,2,0.2,0.1,0.15,20,66.28,2002,1839,24,1815,1018,275,337,0,185,0,0,163,13,2015,1203,612,2015,472512.29,4844.93,571,346,233,665,0,0,0,0,1018,275,522,0
209732,20,-0.1,-0.03,-0.55,-0.3,2,0.2,0.1,0.15,20,60.19,2002,1839,38,1801,0,301,416,0,1084,0,0,163,13,2015,1084,717,2015,794097.45,8199.68,53,103,77,1568,0,0,0,0,0,301,1500,0
209733,20,-0.1,-0.03,-0.55,-0.3,2,0.2,0.1,0.15,20,69.17,1997,1834,24,1810,1050,0,558,0,202,0,0,163,18,2015,1252,558,2015,600444.27,6138.4,518,256,172,864,0,0,0,0,1050,0,760,0
209734,20,-0.1,-0.03,-0.55,-0.3,2,0.2,0.1,0.15,30,68.74,2002,1839,38,1801,1155,367,196,0,83,0,0,163,13,2015,1238,563,2015,503713.19,5187.0,571,346,233,143,122,386,0,0,1155,367,279,0
209735,20,-0.1,-0.03,-0.55,-0.3,2,0.2,0.1,0.15,30,56.95,2001,1838,68,1770,0,423,339,0,1008,0,0,163,14,2015,1008,762,2015,741930.22,7735.33,53,103,77,68,64,1405,0,0,0,423,1347,0
209736,20,-0.1,-0.03,-0.55,-0.3,2,0.2,0.1,0.15,30,74.32,1997,1834,43,1791,1224,0,460,0,107,0,0,163,18,2015,1331,460,2015,758226.13,7782.69,518,256,172,104,94,647,0,0,1224,0,567,0
209737,20,-0.1,-0.03,-0.55,-0.3,2,0.2,0.1,0.15,40,68.67,2002,1839,39,1800,1197,430,96,38,20,19,0,163,13,2015,1236,564,2015,467830.57,4821.24,571,346,233,143,122,107,64,214,1197,430,116,57
209738,20,-0.1,-0.03,-0.55,-0.3,2,0.2,0.1,0.15,40,53.23,1999,1836,70,1766,0,537,217,72,240,700,0,163,16,2015,940,826,2015,689611.91,7133.53,53,103,77,68,64,58,85,1258,0,537,457,772
209739,20,-0.1,-0.03,-0.55,-0.3,2,0.2,0.1,0.15,40,75.98,1997,1834,44,1790,1294,0,279,151,22,44,0,163,18,2015,1360,430,2015,781104.58,8004.9,518,256,172,104,94,80,44,522,1294,0,301,195
209740,20,-0.1,-0.03,-0.55,-0.3,2,0.2,0.1,0.15,50,68.28,2002,1839,39,1800,1197,439,0,132,0,32,0,163,13,2015,1229,571,2015,451996.06,4658.51,571,346,233,143,122,107,64,214,1197,439,0,164
209741,20,-0.1,-0.03,-0.55,-0.3,2,0.2,0.1,0.15,50,52.04,1999,1836,70,1766,0,562,0,285,0,919,0,163,16,2015,919,847,2015,628637.75,6494.38,53,103,77,68,64,58,85,1258,0,562,0,1204
209742,20,-0.1,-0.03,-0.55,-0.3,2,0.2,0.1,0.15,50,75.75,1997,1834,44,1790,1295,0,0,434,0,61,0,163,18,2015,1356,434,2015,756447.42,7743.11,518,256,172,104,94,80,44,522,1295,0,0,495
209743,20,-0.1,-0.03,-0.55,-0.3,2,0.2,0.1,0.15,60,68.28,2002,1839,39,1800,1197,439,0,132,0,32,0,163,13,2015,1229,571,2015,451996.06,4658.51,571,346,233,143,122,107,64,214,1197,439,0,164
209744,20,-0.1,-0.03,-0.55,-0.3,2,0.2,0.1,0.15,60,52.04,1999,1836,70,1766,0,562,0,285,0,919,0,163,16,2015,919,847,2015,628637.75,6494.38,53,103,77,68,64,58,85,1258,0,562,0,1204
209745,20,-0.1,-0.03,-0.55,-0.3,2,0.2,0.1,0.15,60,75.75,1997,1834,44,1790,1295,0,0,434,0,61,0,163,18,2015,1356,434,2015,756447.42,7743.11,518,256,172,104,94,80,44,522,1295,0,0,495
209746,20,-0.1,-0.03,-0.55,-0.3,2,0.2,0.2,0.15,20,60.73,2002,1839,36,1803,480,299,409,0,615,0,0,163,13,2015,1095,708,2015,730578.45,7523.9,134,241,248,1180,0,0,0,0,480,299,1024,0
209747,20,-0.1,-0.03,-0.55,-0.3,2,0.2,0.2,0.15,20,60.19,2002,1839,38,1801,0,301,416,0,1084,0,0,163,13,2015,1084,717,2015,794097.45,8199.68,53,103,77,1568,0,0,0,0,0,301,1500,0
209748,20,-0.1,-0.03,-0.55,-0.3,2,0.2,0.2,0.15,20,63.63,1997,1834,36,1798,487,0,654,0,657,0,0,163,18,2015,1144,654,2015,866551.59,8900.84,81,138,171,1408,0,0,0,0,487,0,1311,0
209749,20,-0.1,-0.03,-0.55,-0.3,2,0.2,0.2,0.15,30,59.11,2002,1839,61,1778,653,415,312,0,398,0,0,163,13,2015,1051,727,2015,757760.39,7834.02,134,241,248,156,162,837,0,0,653,415,710,0
209750,20,-0.1,-0.03,-0.55,-0.3,2,0.2,0.2,0.15,30,56.95,2001,1838,68,1770,0,423,339,0,1008,0,0,163,14,2015,1008,762,2015,741930.22,7735.33,53,103,77,68,64,1405,0,0,0,423,1347,0
209751,20,-0.1,-0.03,-0.55,-0.3,2,0.2,0.2,0.15,30,65.21,1997,1834,66,1768,686,0,615,0,467,0,0,163,18,2015,1153,615,2015,1055232.95,10865.2,81,138,171,97,117,1164,0,0,686,0,1082,0
209752,20,-0.1,-0.03,-0.55,-0.3,2,0.2,0.2,0.15,40,56.98,2002,1839,63,1776,727,513,183,68,91,194,0,163,13,2015,1012,764,2015,715068.07,7408.8,134,241,248,156,162,127,108,600,727,513,274,262
209753,20,-0.1,-0.03,-0.55,-0.3,2,0.2,0.2,0.15,40,53.23,1999,1836,70,1766,0,537,217,72,240,700,0,163,16,2015,940,826,2015,689611.91,7133.53,53,103,77,68,64,58,85,1258,0,537,457,772
209754,20,-0.1,-0.03,-0.55,-0.3,2,0.2,0.2,0.15,40,64.67,1997,1834,68,1766,772,0,422,202,99,271,0,163,18,2015,1142,624,2015,1082168.79,11137.79,81,138,171,97,117,82,59,1021,772,0,521,473
209755,20,-0.1,-0.03,-0.55,-0.3,2,0.2,0.2,0.15,50,56.25,2002,1839,63,1776,730,534,0,243,0,269,0,163,13,2015,999,777,2015,679628.21,7043.69,134,241,248,156,162,127,108,600,730,534,0,512
209756,20,-0.1,-0.03,-0.55,-0.3,2,0.2,0.2,0.15,50,52.04,1999,1836,70,1766,0,562,0,285,0,919,0,163,16,2015,919,847,2015,628637.75,6494.38,53,103,77,68,64,58,85,1258,0,562,0,1204
209757,20,-0.1,-0.03,-0.55,-0.3,2,0.2,0.2,0.15,50,63.99,1997,1834,68,1766,775,0,0,636,0,355,0,163,18,2015,1130,636,2015,1025170.35,10540.79,81,138,171,97,117,82,59,1021,775,0,0,991
209758,20,-0.1,-0.03,-0.55,-0.3,2,0.2,0.2,0.15,60,56.25,2002,1839,63,1776,730,534,0,243,0,269,0,163,13,2015,999,777,2015,679628.21,7043.69,134,241,248,156,162,127,108,600,730,534,0,512
209759,20,-0.1,-0.03,-0.55,-0.3,2,0.2,0.2,0.15,60,52.04,1999,1836,70,1766,0,562,0,285,0,919,0,163,16,2015,919,847,2015,628637.75,6494.38,53,103,77,68,64,58,85,1258,0,562,0,1204
209760,20,-0.1,-0.03,-0.55,-0.3,2,0.2,0.2,0.15,60,63.99,1997,1834,68,1766,775,0,0,636,0,355,0,163,18,2015,1130,636,2015,1025170.35,10540.79,81,138,171,97,117,82,59,1021,775,0,0,991
209761,20,-0.1,-0.03,-0.55,-0.25,1,0.1,0.1,0.15,20,64.45,2369,2192,29,2163,1146,335,434,0,248,0,0,177,19,2388,1394,769,2388,479422.05,4911.37,642,393,270,858,0,0,0,0,1146,335,682,0
209762,20,-0.1,-0.03,-0.55,-0.25,1,0.1,0.1,0.15,20,58.85,2369,2192,44,2148,0,362,522,0,1264,0,0,177,19,2388,1264,884,2388,799052.61,8261.44,74,118,91,1865,0,0,0,0,0,362,1786,0
209763,20,-0.1,-0.03,-0.55,-0.25,1,0.1,0.1,0.15,20,67.02,2363,2186,30,2156,1179,0,711,0,266,0,0,177,25,2388,1445,711,2388,610079.46,6231.0,568,290,195,1103,0,0,0,0,1179,0,977,0
209764,20,-0.1,-0.03,-0.55,-0.25,1,0.1,0.1,0.15,30,66.31,2369,2192,49,2143,1309,447,275,0,112,0,0,177,19,2388,1421,722,2388,506069.02,5226.62,642,393,270,176,149,513,0,0,1309,447,387,0
209765,20,-0.1,-0.03,-0.55,-0.25,1,0.1,0.1,0.15,30,54.89,2368,2191,83,2108,0,507,444,0,1157,0,0,177,20,2388,1157,951,2388,714209.37,7477.38,74,118,91,79,79,1667,0,0,0,507,1601,0
209766,20,-0.1,-0.03,-0.55,-0.25,1,0.1,0.1,0.15,30,71.42,2363,2186,55,2131,1385,0,609,0,137,0,0,177,25,2388,1522,609,2388,782120.24,8038.24,568,290,195,126,112,840,0,0,1385,0,746,0
209767,20,-0.1,-0.03,-0.55,-0.25,1,0.1,0.1,0.15,40,66.57,2369,2192,50,2142,1363,525,136,55,33,30,0,177,19,2388,1426,716,2388,466623.85,4811.73,642,393,270,176,149,126,74,312,1363,525,169,85
209768,20,-0.1,-0.03,-0.55,-0.25,1,0.1,0.1,0.15,40,51.57,2366,2189,85,2104,0,638,285,96,283,802,0,177,22,2388,1085,1019,2388,640047.13,6639.04,74,118,91,79,79,66,98,1499,0,638,568,898
209769,20,-0.1,-0.03,-0.55,-0.25,1,0.1,0.1,0.15,40,73.65,2363,2186,57,2129,1472,0,358,203,36,60,0,177,25,2388,1568,561,2388,828440.46,8466.28,568,290,195,126,112,94,50,694,1472,0,394,263
209770,20,-0.1,-0.03,-0.55,-0.25,1,0.1,0.1,0.15,50,66.15,2369,2192,50,2142,1364,537,0,188,0,53,0,177,19,2388,1417,725,2388,449765.39,4638.39,642,393,270,176,149,126,74,312,1364,537,0,241
209771,20,-0.1,-0.03,-0.55,-0.25,1,0.1,0.1,0.15,50,50.52,2366,2189,85,2104,0,670,0,371,0,1063,0,177,22,2388,1063,1041,2388,570827.44,5915.56,74,118,91,79,79,66,98,1499,0,670,0,1434
209772,20,-0.1,-0.03,-0.55,-0.25,1,0.1,0.1,0.15,50,73.37,2363,2186,57,2129,1474,0,0,567,0,88,0,177,25,2388,1562,567,2388,798409.54,8148.94,568,290,195,126,112,94,50,694,1474,0,0,655
209773,20,-0.1,-0.03,-0.55,-0.25,1,0.1,0.1,0.15,60,66.15,2369,2192,50,2142,1364,537,0,188,0,53,0,177,19,2388,1417,725,2388,449765.39,4638.39,642,393,270,176,149,126,74,312,1364,537,0,241
209774,20,-0.1,-0.03,-0.55,-0.25,1,0.1,0.1,0.15,60,50.52,2366,2189,85,2104,0,670,0,371,0,1063,0,177,22,2388,1063,1041,2388,570827.44,5915.56,74,118,91,79,79,66,98,1499,0,670,0,1434
209775,20,-0.1,-0.03,-0.55,-0.25,1,0.1,0.1,0.15,60,73.37,2363,2186,57,2129,1474,0,0,567,0,88,0,177,25,2388,1562,567,2388,798409.54,8148.94,568,290,195,126,112,94,50,694,1474,0,0,655
209776,20,-0.1,-0.03,-0.55,-0.25,1,0.1,0.2,0.15,20,59.3,2369,2192,42,2150,516,360,515,0,759,0,0,177,19,2388,1275,875,2388,744116.89,7671.55,160,263,273,1454,0,0,0,0,516,360,1274,0
209777,20,-0.1,-0.03,-0.55,-0.25,1,0.1,0.2,0.15,20,58.85,2369,2192,44,2148,0,362,522,0,1264,0,0,177,19,2388,1264,884,2388,799052.61,8261.44,74,118,91,1865,0,0,0,0,0,362,1786,0
209778,20,-0.1,-0.03,-0.55,-0.25,1,0.1,0.2,0.15,20,61.83,2363,2186,43,2143,523,0,818,0,802,0,0,177,25,2388,1325,818,2388,874892.03,8993.78,86,145,182,1730,0,0,0,0,523,0,1620,0
209779,20,-0.1,-0.03,-0.55,-0.25,1,0.1,0.2,0.15,30,57.01,2369,2192,75,2117,711,498,412,0,496,0,0,177,19,2388,1207,910,2388,762187.35,7904.24,160,263,273,180,190,1051,0,0,711,498,908,0
209780,20,-0.1,-0.03,-0.55,-0.25,1,0.1,0.2,0.15,30,54.89,2368,2191,83,2108,0,507,444,0,1157,0,0,177,20,2388,1157,951,2388,714209.37,7477.38,74,118,91,79,79,1667,0,0,0,507,1601,0
209781,20,-0.1,-0.03,-0.55,-0.25,1,0.1,0.2,0.15,30,62.52,2363,2186,81,2105,744,0,789,0,572,0,0,177,25,2388,1316,789,2388,1075190.76,11089.45,86,145,182,110,131,1451,0,0,744,0,1361,0
209782,20,-0.1,-0.03,-0.55,-0.25,1,0.1,0.2,0.15,40,55.18,2369,2192,77,2115,798,613,243,92,122,247,0,177,19,2388,1167,948,2388,712333.68,7394.88,160,263,273,180,190,143,126,780,798,613,365,339
209783,20,-0.1,-0.03,-0.55,-0.25,1,0.1,0.2,0.15,40,51.57,2366,2189,85,2104,0,638,285,96,283,802,0,177,22,2388,1085,1019,2388,640047.13,6639.04,74,118,91,79,79,66,98,1499,0,638,568,898
209784,20,-0.1,-0.03,-0.55,-0.25,1,0.1,0.2,0.15,40,62.51,2363,2186,84,2102,845,0,525,263,133,336,0,177,25,2388,1314,788,2388,1122668.84,11539.37,86,145,182,110,131,90,69,1289,845,0,658,599
209785,20,-0.1,-0.03,-0.55,-0.25,1,0.1,0.2,0.15,50,54.47,2369,2192,77,2115,801,639,0,324,0,351,0,177,19,2388,1152,963,2388,670890.57,6967.8,160,263,273,180,190,143,126,780,801,639,0,675
209786,20,-0.1,-0.03,-0.55,-0.25,1,0.1,0.2,0.15,50,50.52,2366,2189,85,2104,0,670,0,371,0,1063,0,177,22,2388,1063,1041,2388,570827.44,5915.56,74,118,91,79,79,66,98,1499,0,670,0,1434
209787,20,-0.1,-0.03,-0.55,-0.25,1,0.1,0.2,0.15,50,61.85,2363,2186,84,2102,848,0,0,802,0,452,0,177,25,2388,1300,802,2388,1053626.55,10817.86,86,145,182,110,131,90,69,1289,848,0,0,1254
209788,20,-0.1,-0.03,-0.55,-0.25,1,0.1,0.2,0.15,60,54.47,2369,2192,77,2115,801,639,0,324,0,351,0,177,19,2388,1152,963,2388,670890.57,6967.8,160,263,273,180,190,143,126,780,801,639,0,675
209789,20,-0.1,-0.03,-0.55,-0.25,1,0.1,0.2,0.15,60,50.52,2366,2189,85,2104,0,670,0,371,0,1063,0,177,22,2388,1063,1041,2388,570827.44,5915.56,74,118,91,79,79,66,98,1499,0,670,0,1434
209790,20,-0.1,-0.03,-0.55,-0.25,1,0.1,0.2,0.15,60,61.85,2363,2186,84,2102,848,0,0,802,0,452,0,177,25,2388,1300,802,2388,1053626.55,10817.86,86,145,182,110,131,90,69,1289,848,0,0,1254
209791,20,-0.1,-0.03,-0.55,-0.25,1,0.2,0.1,0.15,20,64.45,2369,2192,29,2163,1146,335,434,0,248,0,0,177,19,2388,1394,769,2388,479422.05,4911.37,642,393,270,858,0,0,0,0,1146,335,682,0
209792,20,-0.1,-0.03,-0.55,-0.25,1,0.2,0.1,0.15,20,58.85,2369,2192,44,2148,0,362,522,0,1264,0,0,177,19,2388,1264,884,2388,799052.61,8261.44,74,118,91,1865,0,0,0,0,0,362,1786,0
209793,20,-0.1,-0.03,-0.55,-0.25,1,0.2,0.1,0.15,20,67.02,2363,2186,30,2156,1179,0,711,0,266,0,0,177,25,2388,1445,711,2388,610079.46,6231.0,568,290,195,1103,0,0,0,0,1179,0,977,0
209794,20,-0.1,-0.03,-0.55,-0.25,1,0.2,0.1,0.15,30,66.31,2369,2192,49,2143,1309,447,275,0,112,0,0,177,19,2388,1421,722,2388,506069.02,5226.62,642,393,270,176,149,513,0,0,1309,447,387,0
209795,20,-0.1,-0.03,-0.55,-0.25,1,0.2,0.1,0.15,30,54.89,2368,2191,83,2108,0,507,444,0,1157,0,0,177,20,2388,1157,951,2388,714209.37,7477.38,74,118,91,79,79,1667,0,0,0,507,1601,0
209796,20,-0.1,-0.03,-0.55,-0.25,1,0.2,0.1,0.15,30,71.42,2363,2186,55,2131,1385,0,609,0,137,0,0,177,25,2388,1522,609,2388,782120.24,8038.24,568,290,195,126,112,840,0,0,1385,0,746,0
209797,20,-0.1,-0.03,-0.55,-0.25,1,0.2,0.1,0.15,40,66.57,2369,2192,50,2142,1363,525,136,55,33,30,0,177,19,2388,1426,716,2388,466623.85,4811.73,642,393,270,176,149,126,74,312,1363,525,169,85
209798,20,-0.1,-0.03,-0.55,-0.25,1,0.2,0.1,0.15,40,51.57,2366,2189,85,2104,0,638,285,96,283,802,0,177,22,2388,1085,1019,2388,640047.13,6639.04,74,118,91,79,79,66,98,1499,0,638,568,898
209799,20,-0.1,-0.03,-0.55,-0.25,1,0.2,0.1,0.15,40,73.65,2363,2186,57,2129,1472,0,358,203,36,60,0,177,25,2388,1568,561,2388,828440.46,8466.28,568,290,195,126,112,94,50,694,1472,0,394,263
209800,20,-0.1,-0.03,-0.55,-0.25,1,0.2,0.1,0.15,50,66.15,2369,2192,50,2142,1364,537,0,188,0,53,0,177,19,2388,1417,725,2388,449765.39,4638.39,642,393,270,176,149,126,74,312,1364,537,0,241
209801,20,-0.1,-0.03,-0.55,-0.25,1,0.2,0.1,0.15,50,50.52,2366,2189,85,2104,0,670,0,371,0,1063,0,177,22,2388,1063,1041,2388,570827.44,5915.56,74,118,91,79,79,66,98,1499,0,670,0,1434
209802,20,-0.1,-0.03,-0.55,-0.25,1,0.2,0.1,0.15,50,73.37,2363,2186,57,2129,1474,0,0,567,0,88,0,177,25,2388,1562,567,2388,798409.54,8148.94,568,290,195,126,112,94,50,694,1474,0,0,655
209803,20,-0.1,-0.03,-0.55,-0.25,1,0.2,0.1,0.15,60,66.15,2369,2192,50,2142,1364,537,0,188,0,53,0,177,19,2388,1417,725,2388,449765.39,4638.39,642,393,270,176,149,126,74,312,1364,537,0,241
209804,20,-0.1,-0.03,-0.55,-0.25,1,0.2,0.1,0.15,60,50.52,2366,2189,85,2104,0,670,0,371,0,1063,0,177,22,2388,1063,1041,2388,570827.44,5915.56,74,118,91,79,79,66,98,1499,0,670,0,1434
209805,20,-0.1,-0.03,-0.55,-0.25,1,0.2,0.1,0.15,60,73.37,2363,2186,57,2129,1474,0,0,567,0,88,0,177,25,2388,1562,567,2388,798409.54,8148.94,568,290,195,126,112,94,50,694,1474,0,0,655
209806,20,-0.1,-0.03,-0.55,-0.25,1,0.2,0.2,0.15,20,59.3,2369,2192,42,2150,516,360,515,0,759,0,0,177,19,2388,1275,875,2388,744116.89,7671.55,160,263,273,1454,0,0,0,0,516,360,1274,0
209807,20,-0.1,-0.03,-0.55,-0.25,1,0.2,0.2,0.15,20,58.85,2369,2192,44,2148,0,362,522,0,1264,0,0,177,19,2388,1264,884,2388,799052.61,8261.44,74,118,91,1865,0,0,0,0,0,362,1786,0
209808,20,-0.1,-0.03,-0.55,-0.25,1,0.2,0.2,0.15,20,61.83,2363,2186,43,2143,523,0,818,0,802,0,0,177,25,2388,1325,818,2388,874892.03,8993.78,86,145,182,1730,0,0,0,0,523,0,1620,0
209809,20,-0.1,-0.03,-0.55,-0.25,1,0.2,0.2,0.15,30,57.01,2369,2192,75,2117,711,498,412,0,496,0,0,177,19,2388,1207,910,2388,762187.35,7904.24,160,263,273,180,190,1051,0,0,711,498,908,0
209810,20,-0.1,-0.03,-0.55,-0.25,1,0.2,0.2,0.15,30,54.89,2368,2191,83,2108,0,507,444,0,1157,0,0,177,20,2388,1157,951,2388,714209.37,7477.38,74,118,91,79,79,1667,0,0,0,507,1601,0
209811,20,-0.1,-0.03,-0.55,-0.25,1,0.2,0.2,0.15,30,62.52,2363,2186,81,2105,744,0,789,0,572,0,0,177,25,2388,1316,789,2388,1075190.76,11089.45,86,145,182,110,131,1451,0,0,744,0,1361,0
209812,20,-0.1,-0.03,-0.55,-0.25,1,0.2,0.2,0.15,40,55.18,2369,2192,77,2115,798,613,243,92,122,247,0,177,19,2388,1167,948,2388,712333.68,7394.88,160,263,273,180,190,143,126,780,798,613,365,339
209813,20,-0.1,-0.03,-0.55,-0.25,1,0.2,0.2,0.15,40,51.57,2366,2189,85,2104,0,638,285,96,283,802,0,177,22,2388,1085,1019,2388,640047.13,6639.04,74,118,91,79,79,66,98,1499,0,638,568,898
209814,20,-0.1,-0.03,-0.55,-0.25,1,0.2,0.2,0.15,40,62.51,2363,2186,84,2102,845,0,525,263,133,336,0,177,25,2388,1314,788,2388,1122668.84,11539.37,86,145,182,110,131,90,69,1289,845,0,658,599
209815,20,-0.1,-0.03,-0.55,-0.25,1,0.2,0.2,0.15,50,54.47,2369,2192,77,2115,801,639,0,324,0,351,0,177,19,2388,1152,963,2388,670890.57,6967.8,160,263,273,180,190,143,126,780,801,639,0,675
209816,20,-0.1,-0.03,-0.55,-0.25,1,0.2,0.2,0.15,50,50.52,2366,2189,85,2104,0,670,0,371,0,1063,0,177,22,2388,1063,1041,2388,570827.44,5915.56,74,118,91,79,79,66,98,1499,0,670,0,1434
209817,20,-0.1,-0.03,-0.55,-0.25,1,0.2,0.2,0.15,50,61.85,2363,2186,84,2102,848,0,0,802,0,452,0,177,25,2388,1300,802,2388,1053626.55,10817.86,86,145,182,110,131,90,69,1289,848,0,0,1254
209818,20,-0.1,-0.03,-0.55,-0.25,1,0.2,0.2,0.15,60,54.47,2369,2192,77,2115,801,639,0,324,0,351,0,177,19,2388,1152,963,2388,670890.57,6967.8,160,263,273,180,190,143,126,780,801,639,0,675
209819,20,-0.1,-0.03,-0.55,-0.25,1,0.2,0.2,0.15,60,50.52,2366,2189,85,2104,0,670,0,371,0,1063,0,177,22,2388,1063,1041,2388,570827.44,5915.56,74,118,91,79,79,66,98,1499,0,670,0,1434
209820,20,-0.1,-0.03,-0.55,-0.25,1,0.2,0.2,0.15,60,61.85,2363,2186,84,2102,848,0,0,802,0,452,0,177,25,2388,1300,802,2388,1053626.55,10817.86,86,145,182,110,131,90,69,1289,848,0,0,1254
209821,20,-0.1,-0.03,-0.55,-0.25,2,0.1,0.1,0.15,20,68.38,2369,2192,29,2163,1225,329,355,0,254,0,0,177,19,2388,1479,684,2388,655737.7,8048.37,668,414,295,786,0,0,0,0,1225,329,609,0
209822,20,-0.1,-0.03,-0.55,-0.25,2,0.1,0.1,0.15,20,62.99,2369,2192,44,2148,0,362,433,0,1353,0,0,177,19,2388,1353,795,2388,1085295.96,11958.13,74,118,91,1865,0,0,0,0,0,362,1786,0
209823,20,-0.1,-0.03,-0.55,-0.25,2,0.1,0.1,0.15,20,72.68,2363,2186,30,2156,1282,0,589,0,285,0,0,177,25,2388,1567,589,2388,884533.29,9512.2,596,319,231,1010,0,0,0,0,1282,0,874,0
209824,20,-0.1,-0.03,-0.55,-0.25,2,0.1,0.1,0.15,30,70.35,2369,2192,47,2145,1391,432,204,0,118,0,0,177,19,2388,1509,636,2388,702800.75,8744.3,668,414,295,177,162,429,0,0,1391,432,322,0
209825,20,-0.1,-0.03,-0.55,-0.25,2,0.1,0.1,0.15,30,58.16,2368,2191,83,2108,0,507,375,0,1226,0,0,177,20,2388,1226,882,2388,1073007.62,11965.73,74,118,91,79,79,1667,0,0,0,507,1601,0
209826,20,-0.1,-0.03,-0.55,-0.25,2,0.1,0.1,0.15,30,78.3,2363,2186,52,2134,1510,0,463,0,161,0,0,177,25,2388,1671,463,2388,1189112.04,11597.85,596,319,231,136,149,703,0,0,1510,0,624,0
209827,20,-0.1,-0.03,-0.55,-0.25,2,0.1,0.1,0.15,40,70.1,2369,2192,48,2144,1433,499,112,30,41,29,0,177,19,2388,1503,641,2388,633817.86,8552.18,668,414,295,177,162,107,62,259,1433,499,153,59
209828,20,-0.1,-0.03,-0.55,-0.25,2,0.1,0.1,0.15,40,54.8,2366,2189,85,2104,0,638,250,63,318,835,0,177,22,2388,1153,951,2388,977214.78,11734.53,74,118,91,79,79,66,98,1499,0,638,568,898
209829,20,-0.1,-0.03,-0.55,-0.25,2,0.1,0.1,0.15,40,80.25,2363,2186,54,2132,1599,0,295,126,50,62,0,177,25,2388,1711,421,2388,1280759.41,12209.83,596,319,231,136,149,79,55,567,1599,0,345,188
209830,20,-0.1,-0.03,-0.55,-0.25,2,0.1,0.1,0.15,50,69.68,2369,2192,48,2144,1434,510,0,140,0,60,0,177,19,2388,1494,650,2388,609505.54,8420.35,668,414,295,177,162,107,62,259,1434,510,0,200
209831,20,-0.1,-0.03,-0.55,-0.25,2,0.1,0.1,0.15,50,53.42,2366,2189,85,2104,0,670,0,310,0,1124,0,177,22,2388,1124,980,2388,879202.39,11035.84,74,118,91,79,79,66,98,1499,0,670,0,1434
209832,20,-0.1,-0.03,-0.55,-0.25,2,0.1,0.1,0.15,50,80.16,2363,2186,54,2132,1601,0,0,423,0,108,0,177,25,2388,1709,423,2388,1228159.9,11934.86,596,319,231,136,149,79,55,567,1601,0,0,531
209833,20,-0.1,-0.03,-0.55,-0.25,2,0.1,0.1,0.15,60,69.68,2369,2192,48,2144,1434,510,0,140,0,60,0,177,19,2388,1494,650,2388,609505.54,8420.35,668,414,295,177,162,107,62,259,1434,510,0,200
209834,20,-0.1,-0.03,-0.55,-0.25,2,0.1,0.1,0.15,60,53.42,2366,2189,85,2104,0,670,0,310,0,1124,0,177,22,2388,1124,980,2388,879202.39,11035.84,74,118,91,79,79,66,98,1499,0,670,0,1434
209835,20,-0.1,-0.03,-0.55,-0.25,2,0.1,0.1,0.15,60,80.16,2363,2186,54,2132,1601,0,0,423,0,108,0,177,25,2388,1709,423,2388,1228159.9,11934.86,596,319,231,136,149,79,55,567,1601,0,0,531
209836,20,-0.1,-0.03,-0.55,-0.25,2,0.1,0.2,0.15,20,63.4,2369,2192,42,2150,555,360,427,0,808,0,0,177,19,2388,1363,787,2388,999793.41,11209.2,161,276,286,1427,0,0,0,0,555,360,1235,0
209837,20,-0.1,-0.03,-0.55,-0.25,2,0.1,0.2,0.15,20,62.99,2369,2192,44,2148,0,362,433,0,1353,0,0,177,19,2388,1353,795,2388,1085295.96,11958.13,74,118,91,1865,0,0,0,0,0,362,1786,0
209838,20,-0.1,-0.03,-0.55,-0.25,2,0.1,0.2,0.15,20,67.76,2363,2186,43,2143,576,0,691,0,876,0,0,177,25,2388,1452,691,2388,1238443.57,12792.14,87,158,203,1695,0,0,0,0,576,0,1567,0
209839,20,-0.1,-0.03,-0.55,-0.25,2,0.1,0.2,0.15,30,60.27,2369,2192,75,2117,767,498,343,0,509,0,0,177,19,2388,1276,841,2388,1090732.06,12161.47,161,276,286,192,200,1002,0,0,767,498,852,0
209840,20,-0.1,-0.03,-0.55,-0.25,2,0.1,0.2,0.15,30,58.16,2368,2191,83,2108,0,507,375,0,1226,0,0,177,20,2388,1226,882,2388,1073007.62,11965.73,74,118,91,79,79,1667,0,0,0,507,1601,0
209841,20,-0.1,-0.03,-0.55,-0.25,2,0.1,0.2,0.15,30,68.79,2363,2186,81,2105,831,0,657,0,617,0,0,177,25,2388,1448,657,2388,1698321.75,15754.14,87,158,203,128,147,1382,0,0,831,0,1274,0
209842,20,-0.1,-0.03,-0.55,-0.25,2,0.1,0.2,0.15,40,58.3,2369,2192,77,2115,868,611,210,61,139,226,0,177,19,2388,1233,882,2388,1014640.82,12132.33,161,276,286,192,200,150,131,719,868,611,349,287
209843,20,-0.1,-0.03,-0.55,-0.25,2,0.1,0.2,0.15,40,54.8,2366,2189,85,2104,0,638,250,63,318,835,0,177,22,2388,1153,951,2388,977214.78,11734.53,74,118,91,79,79,66,98,1499,0,638,568,898
209844,20,-0.1,-0.03,-0.55,-0.25,2,0.1,0.2,0.15,40,69.08,2363,2186,84,2102,958,0,466,184,165,329,0,177,25,2388,1452,650,2388,1832827.56,16802.38,87,158,203,128,147,108,82,1189,958,0,631,513
209845,20,-0.1,-0.03,-0.55,-0.25,2,0.1,0.2,0.15,50,57.49,2369,2192,77,2115,870,636,0,263,0,346,0,177,19,2388,1216,899,2388,954016.65,11758.02,161,276,286,192,200,150,131,719,870,636,0,609
209846,20,-0.1,-0.03,-0.55,-0.25,2,0.1,0.2,0.15,50,53.42,2366,2189,85,2104,0,670,0,310,0,1124,0,177,22,2388,1124,980,2388,879202.39,11035.84,74,118,91,79,79,66,98,1499,0,670,0,1434
209847,20,-0.1,-0.03,-0.55,-0.25,2,0.1,0.2,0.15,50,68.7,2363,2186,84,2102,961,0,0,658,0,483,0,177,25,2388,1444,658,2388,1719862.68,16149.97,87,158,203,128,147,108,82,1189,961,0,0,1141
209848,20,-0.1,-0.03,-0.55,-0.25,2,0.1,0.2,0.15,60,57.49,2369,2192,77,2115,870,636,0,263,0,346,0,177,19,2388,1216,899,2388,954016.65,11758.02,161,276,286,192,200,150,131,719,870,636,0,609
209849,20,-0.1,-0.03,-0.55,-0.25,2,0.1,0.2,0.15,60,53.42,2366,2189,85,2104,0,670,0,310,0,1124,0,177,22,2388,1124,980,2388,879202.39,11035.84,74,118,91,79,79,66,98,1499,0,670,0,1434
209850,20,-0.1,-0.03,-0.55,-0.25,2,0.1,0.2,0.15,60,68.7,2363,2186,84,2102,961,0,0,658,0,483,0,177,25,2388,1444,658,2388,1719862.68,16149.97,87,158,203,128,147,108,82,1189,961,0,0,1141
209851,20,-0.1,-0.03,-0.55,-0.25,2,0.2,0.1,0.15,20,64.45,2369,2192,29,2163,1146,335,434,0,248,0,0,177,19,2388,1394,769,2388,479422.05,4911.37,642,393,270,858,0,0,0,0,1146,335,682,0
209852,20,-0.1,-0.03,-0.55,-0.25,2,0.2,0.1,0.15,20,58.85,2369,2192,44,2148,0,362,522,0,1264,0,0,177,19,2388,1264,884,2388,799052.61,8261.44,74,118,91,1865,0,0,0,0,0,362,1786,0
209853,20,-0.1,-0.03,-0.55,-0.25,2,0.2,0.1,0.15,20,67.02,2363,2186,30,2156,1179,0,711,0,266,0,0,177,25,2388,1445,711,2388,610079.46,6231.0,568,290,195,1103,0,0,0,0,1179,0,977,0
209854,20,-0.1,-0.03,-0.55,-0.25,2,0.2,0.1,0.15,30,66.31,2369,2192,49,2143,1309,447,275,0,112,0,0,177,19,2388,1421,722,2388,506069.02,5226.62,642,393,270,176,149,513,0,0,1309,447,387,0
209855,20,-0.1,-0.03,-0.55,-0.25,2,0.2,0.1,0.15,30,54.89,2368,2191,83,2108,0,507,444,0,1157,0,0,177,20,2388,1157,951,2388,714209.37,7477.38,74,118,91,79,79,1667,0,0,0,507,1601,0
209856,20,-0.1,-0.03,-0.55,-0.25,2,0.2,0.1,0.15,30,71.42,2363,2186,55,2131,1385,0,609,0,137,0,0,177,25,2388,1522,609,2388,782120.24,8038.24,568,290,195,126,112,840,0,0,1385,0,746,0
209857,20,-0.1,-0.03,-0.55,-0.25,2,0.2,0.1,0.15,40,66.57,2369,2192,50,2142,1363,525,136,55,33,30,0,177,19,2388,1426,716,2388,466623.85,4811.73,642,393,270,176,149,126,74,312,1363,525,169,85
209858,20,-0.1,-0.03,-0.55,-0.25,2,0.2,0.1,0.15,40,51.57,2366,2189,85,2104,0,638,285,96,283,802,0,177,22,2388,1085,1019,2388,640047.13,6639.04,74,118,91,79,79,66,98,1499,0,638,568,898
209859,20,-0.1,-0.03,-0.55,-0.25,2,0.2,0.1,0.15,40,73.65,2363,2186,57,2129,1472,0,358,203,36,60,0,177,25,2388,1568,561,2388,828440.46,8466.28,568,290,195,126,112,94,50,694,1472,0,394,263
209860,20,-0.1,-0.03,-0.55,-0.25,2,0.2,0.1,0.15,50,66.15,2369,2192,50,2142,1364,537,0,188,0,53,0,177,19,2388,1417,725,2388,449765.39,4638.39,642,393,270,176,149,126,74,312,1364,537,0,241
209861,20,-0.1,-0.03,-0.55,-0.25,2,0.2,0.1,0.15,50,50.52,2366,2189,85,2104,0,670,0,371,0,1063,0,177,22,2388,1063,1041,2388,570827.44,5915.56,74,118,91,79,79,66,98,1499,0,670,0,1434
209862,20,-0.1,-0.03,-0.55,-0.25,2,0.2,0.1,0.15,50,73.37,2363,2186,57,2129,1474,0,0,567,0,88,0,177,25,2388,1562,567,2388,798409.54,8148.94,568,290,195,126,112,94,50,694,1474,0,0,655
209863,20,-0.1,-0.03,-0.55,-0.25,2,0.2,0.1,0.15,60,66.15,2369,2192,50,2142,1364,537,0,188,0,53,0,177,19,2388,1417,725,2388,449765.39,4638.39,642,393,270,176,149,126,74,312,1364,537,0,241
209864,20,-0.1,-0.03,-0.55,-0.25,2,0.2,0.1,0.15,60,50.52,2366,2189,85,2104,0,670,0,371,0,1063,0,177,22,2388,1063,1041,2388,570827.44,5915.56,74,118,91,79,79,66,98,1499,0,670,0,1434
209865,20,-0.1,-0.03,-0.55,-0.25,2,0.2,0.1,0.15,60,73.37,2363,2186,57,2129,1474,0,0,567,0,88,0,177,25,2388,1562,567,2388,798409.54,8148.94,568,290,195,126,112,94,50,694,1474,0,0,655
209866,20,-0.1,-0.03,-0.55,-0.25,2,0.2,0.2,0.15,20,59.3,2369,2192,42,2150,516,360,515,0,759,0,0,177,19,2388,1275,875,2388,744116.89,7671.55,160,263,273,1454,0,0,0,0,516,360,1274,0
209867,20,-0.1,-0.03,-0.55,-0.25,2,0.2,0.2,0.15,20,58.85,2369,2192,44,2148,0,362,522,0,1264,0,0,177,19,2388,1264,884,2388,799052.61,8261.44,74,118,91,1865,0,0,0,0,0,362,1786,0
209868,20,-0.1,-0.03,-0.55,-0.25,2,0.2,0.2,0.15,20,61.83,2363,2186,43,2143,523,0,818,0,802,0,0,177,25,2388,1325,818,2388,874892.03,8993.78,86,145,182,1730,0,0,0,0,523,0,1620,0
209869,20,-0.1,-0.03,-0.55,-0.25,2,0.2,0.2,0.15,30,57.01,2369,2192,75,2117,711,498,412,0,496,0,0,177,19,2388,1207,910,2388,762187.35,7904.24,160,263,273,180,190,1051,0,0,711,498,908,0
209870,20,-0.1,-0.03,-0.55,-0.25,2,0.2,0.2,0.15,30,54.89,2368,2191,83,2108,0,507,444,0,1157,0,0,177,20,2388,1157,951,2388,714209.37,7477.38,74,118,91,79,79,1667,0,0,0,507,1601,0
209871,20,-0.1,-0.03,-0.55,-0.25,2,0.2,0.2,0.15,30,62.52,2363,2186,81,2105,744,0,789,0,572,0,0,177,25,2388,1316,789,2388,1075190.76,11089.45,86,145,182,110,131,1451,0,0,744,0,1361,0
209872,20,-0.1,-0.03,-0.55,-0.25,2,0.2,0.2,0.15,40,55.18,2369,2192,77,2115,798,613,243,92,122,247,0,177,19,2388,1167,948,2388,712333.68,7394.88,160,263,273,180,190,143,126,780,798,613,365,339
209873,20,-0.1,-0.03,-0.55,-0.25,2,0.2,0.2,0.15,40,51.57,2366,2189,85,2104,0,638,285,96,283,802,0,177,22,2388,1085,1019,2388,640047.13,6639.04,74,118,91,79,79,66,98,1499,0,638,568,898
209874,20,-0.1,-0.03,-0.55,-0.25,2,0.2,0.2,0.15,40,62.51,2363,2186,84,2102,845,0,525,263,133,336,0,177,25,2388,1314,788,2388,1122668.84,11539.37,86,145,182,110,131,90,69,1289,845,0,658,599
209875,20,-0.1,-0.03,-0.55,-0.25,2,0.2,0.2,0.15,50,54.47,2369,2192,77,2115,801,639,0,324,0,351,0,177,19,2388,1152,963,2388,670890.57,6967.8,160,263,273,180,190,143,126,780,801,639,0,675
209876,20,-0.1,-0.03,-0.55,-0.25,2,0.2,0.2,0.15,50,50.52,2366,2189,85,2104,0,670,0,371,0,1063,0,177,22,2388,1063,1041,2388,570827.44,5915.56,74,118,91,79,79,66,98,1499,0,670,0,1434
209877,20,-0.1,-0.03,-0.55,-0.25,2,0.2,0.2,0.15,50,61.85,2363,2186,84,2102,848,0,0,802,0,452,0,177,25,2388,1300,802,2388,1053626.55,10817.86,86,145,182,110,131,90,69,1289,848,0,0,1254
209878,20,-0.1,-0.03,-0.55,-0.25,2,0.2,0.2,0.15,60,54.47,2369,2192,77,2115,801,639,0,324,0,351,0,177,19,2388,1152,963,2388,670890.57,6967.8,160,263,273,180,190,143,126,780,801,639,0,675
209879,20,-0.1,-0.03,-0.55,-0.25,2,0.2,0.2,0.15,60,50.52,2366,2189,85,2104,0,670,0,371,0,1063,0,177,22,2388,1063,1041,2388,570827.44,5915.56,74,118,91,79,79,66,98,1499,0,670,0,1434
209880,20,-0.1,-0.03,-0.55,-0.25,2,0.2,0.2,0.15,60,61.85,2363,2186,84,2102,848,0,0,802,0,452,0,177,25,2388,1300,802,2388,1053626.55,10817.86,86,145,182,110,131,90,69,1289,848,0,0,1254
209881,20,-0.1,-0.03,-0.5,-0.45,1,0.1,0.1,0.15,20,67.6,366,324,3,321,199,51,53,0,18,0,0,42,2,368,217,104,368,97983.7,992.86,108,64,41,108,0,0,0,0,199,51,71,0
209882,20,-0.1,-0.03,-0.5,-0.45,1,0.1,0.1,0.15,20,62.15,366,324,7,317,0,55,65,0,197,0,0,42,2,368,197,120,368,199101.42,2020.13,8,15,13,281,0,0,0,0,0,55,262,0
209883,20,-0.1,-0.03,-0.5,-0.45,1,0.1,0.1,0.15,20,70.09,366,324,3,321,207,0,96,0,18,0,0,42,2,368,225,96,368,126648.79,1283.5,100,52,31,138,0,0,0,0,207,0,114,0
209884,20,-0.1,-0.03,-0.5,-0.45,1,0.1,0.1,0.15,30,71.79,366,324,5,319,218,69,21,0,11,0,0,42,2,368,229,90,368,105015.26,1066.13,108,64,41,37,18,51,0,0,218,69,32,0
209885,20,-0.1,-0.03,-0.5,-0.45,1,0.1,0.1,0.15,30,59.74,366,324,11,313,0,81,45,0,187,0,0,42,2,368,187,126,368,186825.04,1893.52,8,15,13,19,13,245,0,0,0,81,232,0
209886,20,-0.1,-0.03,-0.5,-0.45,1,0.1,0.1,0.15,30,77.92,366,324,7,317,232,0,70,0,15,0,0,42,2,368,247,70,368,154469.86,1571.4,100,52,31,24,13,97,0,0,232,0,85,0
209887,20,-0.1,-0.03,-0.5,-0.45,1,0.1,0.1,0.15,40,72.73,366,324,5,319,228,74,10,3,2,2,0,42,2,368,232,87,368,109016.73,1112.58,108,64,41,37,18,19,11,21,228,74,12,5
209888,20,-0.1,-0.03,-0.5,-0.45,1,0.1,0.1,0.15,40,56.55,366,324,11,313,0,95,33,8,41,136,0,42,2,368,177,136,368,199824.57,2033.73,8,15,13,19,13,13,14,218,0,95,74,144
209889,20,-0.1,-0.03,-0.5,-0.45,1,0.1,0.1,0.15,40,79.81,366,324,7,317,245,0,46,18,2,6,0,42,2,368,253,64,368,153820.19,1570.3,100,52,31,24,13,12,9,76,245,0,48,24
209890,20,-0.1,-0.03,-0.5,-0.45,1,0.1,0.1,0.15,50,72.41,366,324,5,319,228,76,0,12,0,3,0,42,2,368,231,88,368,106649.43,1088.65,108,64,41,37,18,19,11,21,228,76,0,15
209891,20,-0.1,-0.03,-0.5,-0.45,1,0.1,0.1,0.15,50,54.95,366,324,11,313,0,102,0,39,0,172,0,42,2,368,172,141,368,186887.27,1901.51,8,15,13,19,13,13,14,218,0,102,0,211
209892,20,-0.1,-0.03,-0.5,-0.45,1,0.1,0.1,0.15,50,79.5,366,324,7,317,245,0,0,65,0,7,0,42,2,368,252,65,368,144763.08,1478.62,100,52,31,24,13,12,9,76,245,0,0,72
209893,20,-0.1,-0.03,-0.5,-0.45,1,0.1,0.1,0.15,60,72.41,366,324,5,319,228,76,0,12,0,3,0,42,2,368,231,88,368,106649.43,1088.65,108,64,41,37,18,19,11,21,228,76,0,15
209894,20,-0.1,-0.03,-0.5,-0.45,1,0.1,0.1,0.15,60,54.95,366,324,11,313,0,102,0,39,0,172,0,42,2,368,172,141,368,186887.27,1901.51,8,15,13,19,13,13,14,218,0,102,0,211
209895,20,-0.1,-0.03,-0.5,-0.45,1,0.1,0.1,0.15,60,79.5,366,324,7,317,245,0,0,65,0,7,0,42,2,368,252,65,368,144763.08,1478.62,100,52,31,24,13,12,9,76,245,0,0,72
209896,20,-0.1,-0.03,-0.5,-0.45,1,0.1,0.2,0.15,20,62.78,366,324,7,317,102,55,63,0,97,0,0,42,2,368,199,118,368,166985.43,1695.28,21,49,50,197,0,0,0,0,102,55,160,0
209897,20,-0.1,-0.03,-0.5,-0.45,1,0.1,0.2,0.15,20,62.15,366,324,7,317,0,55,65,0,197,0,0,42,2,368,197,120,368,199101.42,2020.13,8,15,13,281,0,0,0,0,0,55,262,0
209898,20,-0.1,-0.03,-0.5,-0.45,1,0.1,0.2,0.15,20,65.93,366,324,7,317,105,0,108,0,104,0,0,42,2,368,209,108,368,204722.45,2077.8,13,34,37,233,0,0,0,0,105,0,212,0
209899,20,-0.1,-0.03,-0.5,-0.45,1,0.1,0.2,0.15,30,62.42,366,324,10,314,141,78,40,0,55,0,0,42,2,368,196,118,368,179228.81,1817.44,21,49,50,37,33,124,0,0,141,78,95,0
209900,20,-0.1,-0.03,-0.5,-0.45,1,0.1,0.2,0.15,30,59.74,366,324,11,313,0,81,45,0,187,0,0,42,2,368,187,126,368,186825.04,1893.52,8,15,13,19,13,245,0,0,0,81,232,0
209901,20,-0.1,-0.03,-0.5,-0.45,1,0.1,0.2,0.15,30,70.19,366,324,12,312,149,0,93,0,70,0,0,42,2,368,219,93,368,246462.19,2502.3,13,34,37,21,25,182,0,0,149,0,163,0
209902,20,-0.1,-0.03,-0.5,-0.45,1,0.1,0.2,0.15,40,62.1,366,324,10,314,155,91,22,6,16,24,0,42,2,368,195,119,368,182522.73,1858.83,21,49,50,37,33,29,19,76,155,91,38,30
209903,20,-0.1,-0.03,-0.5,-0.45,1,0.1,0.2,0.15,40,56.55,366,324,11,313,0,95,33,8,41,136,0,42,2,368,177,136,368,199824.57,2033.73,8,15,13,19,13,13,14,218,0,95,74,144
209904,20,-0.1,-0.03,-0.5,-0.45,1,0.1,0.2,0.15,40,69.87,366,324,12,312,166,0,66,28,18,34,0,42,2,368,218,94,368,246751.91,2515.07,13,34,37,21,25,19,11,152,166,0,84,62
209905,20,-0.1,-0.03,-0.5,-0.45,1,0.1,0.2,0.15,50,61.15,366,324,10,314,155,96,0,26,0,37,0,42,2,368,192,122,368,177380.56,1806.04,21,49,50,37,33,29,19,76,155,96,0,63
209906,20,-0.1,-0.03,-0.5,-0.45,1,0.1,0.2,0.15,50,54.95,366,324,11,313,0,102,0,39,0,172,0,42,2,368,172,141,368,186887.27,1901.51,8,15,13,19,13,13,14,218,0,102,0,211
209907,20,-0.1,-0.03,-0.5,-0.45,1,0.1,0.2,0.15,50,68.59,366,324,12,312,166,0,0,98,0,48,0,42,2,368,214,98,368,231557.99,2359.88,13,34,37,21,25,19,11,152,166,0,0,146
209908,20,-0.1,-0.03,-0.5,-0.45,1,0.1,0.2,0.15,60,61.15,366,324,10,314,155,96,0,26,0,37,0,42,2,368,192,122,368,177380.56,1806.04,21,49,50,37,33,29,19,76,155,96,0,63
209909,20,-0.1,-0.03,-0.5,-0.45,1,0.1,0.2,0.15,60,54.95,366,324,11,313,0,102,0,39,0,172,0,42,2,368,172,141,368,186887.27,1901.51,8,15,13,19,13,13,14,218,0,102,0,211
209910,20,-0.1,-0.03,-0.5,-0.45,1,0.1,0.2,0.15,60,68.59,366,324,12,312,166,0,0,98,0,48,0,42,2,368,214,98,368,231557.99,2359.88,13,34,37,21,25,19,11,152,166,0,0,146
209911,20,-0.1,-0.03,-0.5,-0.45,1,0.2,0.1,0.15,20,67.6,366,324,3,321,199,51,53,0,18,0,0,42,2,368,217,104,368,97983.7,992.86,108,64,41,108,0,0,0,0,199,51,71,0
209912,20,-0.1,-0.03,-0.5,-0.45,1,0.2,0.1,0.15,20,62.15,366,324,7,317,0,55,65,0,197,0,0,42,2,368,197,120,368,199101.42,2020.13,8,15,13,281,0,0,0,0,0,55,262,0
209913,20,-0.1,-0.03,-0.5,-0.45,1,0.2,0.1,0.15,20,70.09,366,324,3,321,207,0,96,0,18,0,0,42,2,368,225,96,368,126648.79,1283.5,100,52,31,138,0,0,0,0,207,0,114,0
209914,20,-0.1,-0.03,-0.5,-0.45,1,0.2,0.1,0.15,30,71.79,366,324,5,319,218,69,21,0,11,0,0,42,2,368,229,90,368,105015.26,1066.13,108,64,41,37,18,51,0,0,218,69,32,0
209915,20,-0.1,-0.03,-0.5,-0.45,1,0.2,0.1,0.15,30,59.74,366,324,11,313,0,81,45,0,187,0,0,42,2,368,187,126,368,186825.04,1893.52,8,15,13,19,13,245,0,0,0,81,232,0
209916,20,-0.1,-0.03,-0.5,-0.45,1,0.2,0.1,0.15,30,77.92,366,324,7,317,232,0,70,0,15,0,0,42,2,368,247,70,368,154469.86,1571.4,100,52,31,24,13,97,0,0,232,0,85,0
209917,20,-0.1,-0.03,-0.5,-0.45,1,0.2,0.1,0.15,40,72.73,366,324,5,319,228,74,10,3,2,2,0,42,2,368,232,87,368,109016.73,1112.58,108,64,41,37,18,19,11,21,228,74,12,5
209918,20,-0.1,-0.03,-0.5,-0.45,1,0.2,0.1,0.15,40,56.55,366,324,11,313,0,95,33,8,41,136,0,42,2,368,177,136,368,199824.57,2033.73,8,15,13,19,13,13,14,218,0,95,74,144
209919,20,-0.1,-0.03,-0.5,-0.45,1,0.2,0.1,0.15,40,79.81,366,324,7,317,245,0,46,18,2,6,0,42,2,368,253,64,368,153820.19,1570.3,100,52,31,24,13,12,9,76,245,0,48,24
209920,20,-0.1,-0.03,-0.5,-0.45,1,0.2,0.1,0.15,50,72.41,366,324,5,319,228,76,0,12,0,3,0,42,2,368,231,88,368,106649.43,1088.65,108,64,41,37,18,19,11,21,228,76,0,15
209921,20,-0.1,-0.03,-0.5,-0.45,1,0.2,0.1,0.15,50,54.95,366,324,11,313,0,102,0,39,0,172,0,42,2,368,172,141,368,186887.27,1901.51,8,15,13,19,13,13,14,218,0,102,0,211
209922,20,-0.1,-0.03,-0.5,-0.45,1,0.2,0.1,0.15,50,79.5,366,324,7,317,245,0,0,65,0,7,0,42,2,368,252,65,368,144763.08,1478.62,100,52,31,24,13,12,9,76,245,0,0,72
209923,20,-0.1,-0.03,-0.5,-0.45,1,0.2,0.1,0.15,60,72.41,366,324,5,319,228,76,0,12,0,3,0,42,2,368,231,88,368,106649.43,1088.65,108,64,41,37,18,19,11,21,228,76,0,15
209924,20,-0.1,-0.03,-0.5,-0.45,1,0.2,0.1,0.15,60,54.95,366,324,11,313,0,102,0,39,0,172,0,42,2,368,172,141,368,186887.27,1901.51,8,15,13,19,13,13,14,218,0,102,0,211
209925,20,-0.1,-0.03,-0.5,-0.45,1,0.2,0.1,0.15,60,79.5,366,324,7,317,245,0,0,65,0,7,0,42,2,368,252,65,368,144763.08,1478.62,100,52,31,24,13,12,9,76,245,0,0,72
209926,20,-0.1,-0.03,-0.5,-0.45,1,0.2,0.2,0.15,20,62.78,366,324,7,317,102,55,63,0,97,0,0,42,2,368,199,118,368,166985.43,1695.28,21,49,50,197,0,0,0,0,102,55,160,0
209927,20,-0.1,-0.03,-0.5,-0.45,1,0.2,0.2,0.15,20,62.15,366,324,7,317,0,55,65,0,197,0,0,42,2,368,197,120,368,199101.42,2020.13,8,15,13,281,0,0,0,0,0,55,262,0
209928,20,-0.1,-0.03,-0.5,-0.45,1,0.2,0.2,0.15,20,65.93,366,324,7,317,105,0,108,0,104,0,0,42,2,368,209,108,368,204722.45,2077.8,13,34,37,233,0,0,0,0,105,0,212,0
209929,20,-0.1,-0.03,-0.5,-0.45,1,0.2,0.2,0.15,30,62.42,366,324,10,314,141,78,40,0,55,0,0,42,2,368,196,118,368,179228.81,1817.44,21,49,50,37,33,124,0,0,141,78,95,0
209930,20,-0.1,-0.03,-0.5,-0.45,1,0.2,0.2,0.15,30,59.74,366,324,11,313,0,81,45,0,187,0,0,42,2,368,187,126,368,186825.04,1893.52,8,15,13,19,13,245,0,0,0,81,232,0
209931,20,-0.1,-0.03,-0.5,-0.45,1,0.2,0.2,0.15,30,70.19,366,324,12,312,149,0,93,0,70,0,0,42,2,368,219,93,368,246462.19,2502.3,13,34,37,21,25,182,0,0,149,0,163,0
209932,20,-0.1,-0.03,-0.5,-0.45,1,0.2,0.2,0.15,40,62.1,366,324,10,314,155,91,22,6,16,24,0,42,2,368,195,119,368,182522.73,1858.83,21,49,50,37,33,29,19,76,155,91,38,30
209933,20,-0.1,-0.03,-0.5,-0.45,1,0.2,0.2,0.15,40,56.55,366,324,11,313,0,95,33,8,41,136,0,42,2,368,177,136,368,199824.57,2033.73,8,15,13,19,13,13,14,218,0,95,74,144
209934,20,-0.1,-0.03,-0.5,-0.45,1,0.2,0.2,0.15,40,69.87,366,324,12,312,166,0,66,28,18,34,0,42,2,368,218,94,368,246751.91,2515.07,13,34,37,21,25,19,11,152,166,0,84,62
209935,20,-0.1,-0.03,-0.5,-0.45,1,0.2,0.2,0.15,50,61.15,366,324,10,314,155,96,0,26,0,37,0,42,2,368,192,122,368,177380.56,1806.04,21,49,50,37,33,29,19,76,155,96,0,63
209936,20,-0.1,-0.03,-0.5,-0.45,1,0.2,0.2,0.15,50,54.95,366,324,11,313,0,102,0,39,0,172,0,42,2,368,172,141,368,186887.27,1901.51,8,15,13,19,13,13,14,218,0,102,0,211
209937,20,-0.1,-0.03,-0.5,-0.45,1,0.2,0.2,0.15,50,68.59,366,324,12,312,166,0,0,98,0,48,0,42,2,368,214,98,368,231557.99,2359.88,13,34,37,21,25,19,11,152,166,0,0,146
209938,20,-0.1,-0.03,-0.5,-0.45,1,0.2,0.2,0.15,60,61.15,366,324,10,314,155,96,0,26,0,37,0,42,2,368,192,122,368,177380.56,1806.04,21,49,50,37,33,29,19,76,155,96,0,63
209939,20,-0.1,-0.03,-0.5,-0.45,1,0.2,0.2,0.15,60,54.95,366,324,11,313,0,102,0,39,0,172,0,42,2,368,172,141,368,186887.27,1901.51,8,15,13,19,13,13,14,218,0,102,0,211
209940,20,-0.1,-0.03,-0.5,-0.45,1,0.2,0.2,0.15,60,68.59,366,324,12,312,166,0,0,98,0,48,0,42,2,368,214,98,368,231557.99,2359.88,13,34,37,21,25,19,11,152,166,0,0,146
209941,20,-0.1,-0.03,-0.5,-0.45,2,0.1,0.1,0.15,20,70.4,366,324,3,321,207,51,44,0,19,0,0,42,2,368,226,95,368,116399.84,1375.79,110,67,43,101,0,0,0,0,207,51,63,0
209942,20,-0.1,-0.03,-0.5,-0.45,2,0.1,0.1,0.15,20,64.98,366,324,7,317,0,55,56,0,206,0,0,42,2,368,206,111,368,242855.78,2531.22,8,15,13,281,0,0,0,0,0,55,262,0
209943,20,-0.1,-0.03,-0.5,-0.45,2,0.1,0.1,0.15,20,74.45,366,324,3,321,215,0,82,0,24,0,0,42,2,368,239,82,368,163129.37,1671.27,103,56,32,130,0,0,0,0,215,0,106,0
209944,20,-0.1,-0.03,-0.5,-0.45,2,0.1,0.1,0.15,30,74.29,366,324,5,319,226,68,14,0,11,0,0,42,2,368,237,82,368,127011.37,1500.88,110,67,43,38,19,42,0,0,226,68,25,0
209945,20,-0.1,-0.03,-0.5,-0.45,2,0.1,0.1,0.15,30,61.66,366,324,11,313,0,81,39,0,193,0,0,42,2,368,193,120,368,246368.97,2527.39,8,15,13,19,13,245,0,0,0,81,232,0
209946,20,-0.1,-0.03,-0.5,-0.45,2,0.1,0.1,0.15,30,83.28,366,324,7,317,246,0,53,0,18,0,0,42,2,368,264,53,368,210768.56,2010.21,103,56,32,24,18,84,0,0,246,0,71,0
209947,20,-0.1,-0.03,-0.5,-0.45,2,0.1,0.1,0.15,40,74.92,366,324,5,319,235,72,7,1,2,2,0,42,2,368,239,80,368,126801.38,1533.31,110,67,43,38,19,17,9,16,235,72,9,3
209948,20,-0.1,-0.03,-0.5,-0.45,2,0.1,0.1,0.15,40,59.42,366,324,11,313,0,95,27,5,47,139,0,42,2,368,186,127,368,255787.95,2730.66,8,15,13,19,13,13,14,218,0,95,74,144
209949,20,-0.1,-0.03,-0.5,-0.45,2,0.1,0.1,0.15,40,84.23,366,324,7,317,257,0,39,11,3,7,0,42,2,368,267,50,368,205509.42,2025.03,103,56,32,24,18,13,7,64,257,0,42,18
209950,20,-0.1,-0.03,-0.5,-0.45,2,0.1,0.1,0.15,50,74.61,366,324,5,319,235,74,0,7,0,3,0,42,2,368,238,81,368,123233.02,1514.68,110,67,43,38,19,17,9,16,235,74,0,10
209951,20,-0.1,-0.03,-0.5,-0.45,2,0.1,0.1,0.15,50,57.51,366,324,11,313,0,102,0,31,0,180,0,42,2,368,180,133,368,238194.91,2601.06,8,15,13,19,13,13,14,218,0,102,0,211
209952,20,-0.1,-0.03,-0.5,-0.45,2,0.1,0.1,0.15,50,83.91,366,324,7,317,257,0,0,51,0,9,0,42,2,368,266,51,368,188919.07,1940.48,103,56,32,24,18,13,7,64,257,0,0,60
209953,20,-0.1,-0.03,-0.5,-0.45,2,0.1,0.1,0.15,60,74.61,366,324,5,319,235,74,0,7,0,3,0,42,2,368,238,81,368,123233.02,1514.68,110,67,43,38,19,17,9,16,235,74,0,10
209954,20,-0.1,-0.03,-0.5,-0.45,2,0.1,0.1,0.15,60,57.51,366,324,11,313,0,102,0,31,0,180,0,42,2,368,180,133,368,238194.91,2601.06,8,15,13,19,13,13,14,218,0,102,0,211
209955,20,-0.1,-0.03,-0.5,-0.45,2,0.1,0.1,0.15,60,83.91,366,324,7,317,257,0,0,51,0,9,0,42,2,368,266,51,368,188919.07,1940.48,103,56,32,24,18,13,7,64,257,0,0,60
209956,20,-0.1,-0.03,-0.5,-0.45,2,0.1,0.2,0.15,20,65.62,366,324,7,317,111,55,54,0,97,0,0,42,2,368,208,109,368,206901.08,2192.08,21,51,53,192,0,0,0,0,111,55,151,0
209957,20,-0.1,-0.03,-0.5,-0.45,2,0.1,0.2,0.15,20,64.98,366,324,7,317,0,55,56,0,206,0,0,42,2,368,206,111,368,242855.78,2531.22,8,15,13,281,0,0,0,0,0,55,262,0
209958,20,-0.1,-0.03,-0.5,-0.45,2,0.1,0.2,0.15,20,70.35,366,324,7,317,119,0,94,0,104,0,0,42,2,368,223,94,368,279387.07,2618.25,13,36,45,223,0,0,0,0,119,0,198,0
209959,20,-0.1,-0.03,-0.5,-0.45,2,0.1,0.2,0.15,30,64.33,366,324,10,314,149,78,34,0,53,0,0,42,2,368,202,112,368,222396.67,2357.07,21,51,53,41,33,115,0,0,149,78,87,0
209960,20,-0.1,-0.03,-0.5,-0.45,2,0.1,0.2,0.15,30,61.66,366,324,11,313,0,81,39,0,193,0,0,42,2,368,193,120,368,246368.97,2527.39,8,15,13,19,13,245,0,0,0,81,232,0
209961,20,-0.1,-0.03,-0.5,-0.45,2,0.1,0.2,0.15,30,74.68,366,324,12,312,161,0,79,0,72,0,0,42,2,368,233,79,368,346524.3,3086.85,13,36,45,25,24,169,0,0,161,0,151,0
209962,20,-0.1,-0.03,-0.5,-0.45,2,0.1,0.2,0.15,40,64.33,366,324,10,314,164,91,17,4,21,17,0,42,2,368,202,112,368,224520.63,2446.53,21,51,53,41,33,28,20,67,164,91,38,21
209963,20,-0.1,-0.03,-0.5,-0.45,2,0.1,0.2,0.15,40,59.42,366,324,11,313,0,95,27,5,47,139,0,42,2,368,186,127,368,255787.95,2730.66,8,15,13,19,13,13,14,218,0,95,74,144
209964,20,-0.1,-0.03,-0.5,-0.45,2,0.1,0.2,0.15,40,74.36,366,324,12,312,180,0,60,20,22,30,0,42,2,368,232,80,368,344802.18,3174.61,13,36,45,25,24,18,12,139,180,0,82,50
209965,20,-0.1,-0.03,-0.5,-0.45,2,0.1,0.2,0.15,50,63.06,366,324,10,314,164,96,0,20,0,34,0,42,2,368,198,116,368,215512.14,2396.78,21,51,53,41,33,28,20,67,164,96,0,54
209966,20,-0.1,-0.03,-0.5,-0.45,2,0.1,0.2,0.15,50,57.51,366,324,11,313,0,102,0,31,0,180,0,42,2,368,180,133,368,238194.91,2601.06,8,15,13,19,13,13,14,218,0,102,0,211
209967,20,-0.1,-0.03,-0.5,-0.45,2,0.1,0.2,0.15,50,73.08,366,324,12,312,180,0,0,84,0,48,0,42,2,368,228,84,368,317514.36,3032.35,13,36,45,25,24,18,12,139,180,0,0,132
209968,20,-0.1,-0.03,-0.5,-0.45,2,0.1,0.2,0.15,60,63.06,366,324,10,314,164,96,0,20,0,34,0,42,2,368,198,116,368,215512.14,2396.78,21,51,53,41,33,28,20,67,164,96,0,54
209969,20,-0.1,-0.03,-0.5,-0.45,2,0.1,0.2,0.15,60,57.51,366,324,11,313,0,102,0,31,0,180,0,42,2,368,180,133,368,238194.91,2601.06,8,15,13,19,13,13,14,218,0,102,0,211
209970,20,-0.1,-0.03,-0.5,-0.45,2,0.1,0.2,0.15,60,73.08,366,324,12,312,180,0,0,84,0,48,0,42,2,368,228,84,368,317514.36,3032.35,13,36,45,25,24,18,12,139,180,0,0,132
209971,20,-0.1,-0.03,-0.5,-0.45,2,0.2,0.1,0.15,20,67.6,366,324,3,321,199,51,53,0,18,0,0,42,2,368,217,104,368,97983.7,992.86,108,64,41,108,0,0,0,0,199,51,71,0
209972,20,-0.1,-0.03,-0.5,-0.45,2,0.2,0.1,0.15,20,62.15,366,324,7,317,0,55,65,0,197,0,0,42,2,368,197,120,368,199101.42,2020.13,8,15,13,281,0,0,0,0,0,55,262,0
209973,20,-0.1,-0.03,-0.5,-0.45,2,0.2,0.1,0.15,20,70.09,366,324,3,321,207,0,96,0,18,0,0,42,2,368,225,96,368,126648.79,1283.5,100,52,31,138,0,0,0,0,207,0,114,0
209974,20,-0.1,-0.03,-0.5,-0.45,2,0.2,0.1,0.15,30,71.79,366,324,5,319,218,69,21,0,11,0,0,42,2,368,229,90,368,105015.26,1066.13,108,64,41,37,18,51,0,0,218,69,32,0
209975,20,-0.1,-0.03,-0.5,-0.45,2,0.2,0.1,0.15,30,59.74,366,324,11,313,0,81,45,0,187,0,0,42,2,368,187,126,368,186825.04,1893.52,8,15,13,19,13,245,0,0,0,81,232,0
209976,20,-0.1,-0.03,-0.5,-0.45,2,0.2,0.1,0.15,30,77.92,366,324,7,317,232,0,70,0,15,0,0,42,2,368,247,70,368,154469.86,1571.4,100,52,31,24,13,97,0,0,232,0,85,0
209977,20,-0.1,-0.03,-0.5,-0.45,2,0.2,0.1,0.15,40,72.73,366,324,5,319,228,74,10,3,2,2,0,42,2,368,232,87,368,109016.73,1112.58,108,64,41,37,18,19,11,21,228,74,12,5
209978,20,-0.1,-0.03,-0.5,-0.45,2,0.2,0.1,0.15,40,56.55,366,324,11,313,0,95,33,8,41,136,0,42,2,368,177,136,368,199824.57,2033.73,8,15,13,19,13,13,14,218,0,95,74,144
209979,20,-0.1,-0.03,-0.5,-0.45,2,0.2,0.1,0.15,40,79.81,366,324,7,317,245,0,46,18,2,6,0,42,2,368,253,64,368,153820.19,1570.3,100,52,31,24,13,12,9,76,245,0,48,24
209980,20,-0.1,-0.03,-0.5,-0.45,2,0.2,0.1,0.15,50,72.41,366,324,5,319,228,76,0,12,0,3,0,42,2,368,231,88,368,106649.43,1088.65,108,64,41,37,18,19,11,21,228,76,0,15
209981,20,-0.1,-0.03,-0.5,-0.45,2,0.2,0.1,0.15,50,54.95,366,324,11,313,0,102,0,39,0,172,0,42,2,368,172,141,368,186887.27,1901.51,8,15,13,19,13,13,14,218,0,102,0,211
209982,20,-0.1,-0.03,-0.5,-0.45,2,0.2,0.1,0.15,50,79.5,366,324,7,317,245,0,0,65,0,7,0,42,2,368,252,65,368,144763.08,1478.62,100,52,31,24,13,12,9,76,245,0,0,72
209983,20,-0.1,-0.03,-0.5,-0.45,2,0.2,0.1,0.15,60,72.41,366,324,5,319,228,76,0,12,0,3,0,42,2,368,231,88,368,106649.43,1088.65,108,64,41,37,18,19,11,21,228,76,0,15
209984,20,-0.1,-0.03,-0.5,-0.45,2,0.2,0.1,0.15,60,54.95,366,324,11,313,0,102,0,39,0,172,0,42,2,368,172,141,368,186887.27,1901.51,8,15,13,19,13,13,14,218,0,102,0,211
209985,20,-0.1,-0.03,-0.5,-0.45,2,0.2,0.1,0.15,60,79.5,366,324,7,317,245,0,0,65,0,7,0,42,2,368,252,65,368,144763.08,1478.62,100,52,31,24,13,12,9,76,245,0,0,72
209986,20,-0.1,-0.03,-0.5,-0.45,2,0.2,0.2,0.15,20,62.78,366,324,7,317,102,55,63,0,97,0,0,42,2,368,199,118,368,166985.43,1695.28,21,49,50,197,0,0,0,0,102,55,160,0
209987,20,-0.1,-0.03,-0.5,-0.45,2,0.2,0.2,0.15,20,62.15,366,324,7,317,0,55,65,0,197,0,0,42,2,368,197,120,368,199101.42,2020.13,8,15,13,281,0,0,0,0,0,55,262,0
209988,20,-0.1,-0.03,-0.5,-0.45,2,0.2,0.2,0.15,20,65.93,366,324,7,317,105,0,108,0,104,0,0,42,2,368,209,108,368,204722.45,2077.8,13,34,37,233,0,0,0,0,105,0,212,0
209989,20,-0.1,-0.03,-0.5,-0.45,2,0.2,0.2,0.15,30,62.42,366,324,10,314,141,78,40,0,55,0,0,42,2,368,196,118,368,179228.81,1817.44,21,49,50,37,33,124,0,0,141,78,95,0
209990,20,-0.1,-0.03,-0.5,-0.45,2,0.2,0.2,0.15,30,59.74,366,324,11,313,0,81,45,0,187,0,0,42,2,368,187,126,368,186825.04,1893.52,8,15,13,19,13,245,0,0,0,81,232,0
209991,20,-0.1,-0.03,-0.5,-0.45,2,0.2,0.2,0.15,30,70.19,366,324,12,312,149,0,93,0,70,0,0,42,2,368,219,93,368,246462.19,2502.3,13,34,37,21,25,182,0,0,149,0,163,0
209992,20,-0.1,-0.03,-0.5,-0.45,2,0.2,0.2,0.15,40,62.1,366,324,10,314,155,91,22,6,16,24,0,42,2,368,195,119,368,182522.73,1858.83,21,49,50,37,33,29,19,76,155,91,38,30
209993,20,-0.1,-0.03,-0.5,-0.45,2,0.2,0.2,0.15,40,56.55,366,324,11,313,0,95,33,8,41,136,0,42,2,368,177,136,368,199824.57,2033.73,8,15,13,19,13,13,14,218,0,95,74,144
209994,20,-0.1,-0.03,-0.5,-0.45,2,0.2,0.2,0.15,40,69.87,366,324,12,312,166,0,66,28,18,34,0,42,2,368,218,94,368,246751.91,2515.07,13,34,37,21,25,19,11,152,166,0,84,62
209995,20,-0.1,-0.03,-0.5,-0.45,2,0.2,0.2,0.15,50,61.15,366,324,10,314,155,96,0,26,0,37,0,42,2,368,192,122,368,177380.56,1806.04,21,49,50,37,33,29,19,76,155,96,0,63
209996,20,-0.1,-0.03,-0.5,-0.45,2,0.2,0.2,0.15,50,54.95,366,324,11,313,0,102,0,39,0,172,0,42,2,368,172,141,368,186887.27,1901.51,8,15,13,19,13,13,14,218,0,102,0,211
209997,20,-0.1,-0.03,-0.5,-0.45,2,0.2,0.2,0.15,50,68.59,366,324,12,312,166,0,0,98,0,48,0,42,2,368,214,98,368,231557.99,2359.88,13,34,37,21,25,19,11,152,166,0,0,146
209998,20,-0.1,-0.03,-0.5,-0.45,2,0.2,0.2,0.15,60,61.15,366,324,10,314,155,96,0,26,0,37,0,42,2,368,192,122,368,177380.56,1806.04,21,49,50,37,33,29,19,76,155,96,0,63
209999,20,-0.1,-0.03,-0.5,-0.45,2,0.2,0.2,0.15,60,54.95,366,324,11,313,0,102,0,39,0,172,0,42,2,368,172,141,368,186887.27,1901.51,8,15,13,19,13,13,14,218,0,102,0,211
210000,20,-0.1,-0.03,-0.5,-0.45,2,0.2,0.2,0.15,60,68.59,366,324,12,312,166,0,0,98,0,48,0,42,2,368,214,98,368,231557.99,2359.88,13,34,37,21,25,19,11,152,166,0,0,146
210001,20,-0.1,-0.03,-0.5,-0.4,1,0.1,0.1,0.15,20,68.2,777,702,7,695,414,107,114,0,60,0,0,75,4,781,474,221,781,203608.88,2073.92,229,136,78,252,0,0,0,0,414,107,174,0
210002,20,-0.1,-0.03,-0.5,-0.4,1,0.1,0.1,0.15,20,62.59,777,702,15,687,0,115,142,0,430,0,0,75,4,781,430,257,781,364943.85,3732.8,21,34,25,607,0,0,0,0,0,115,572,0
210003,20,-0.1,-0.03,-0.5,-0.4,1,0.1,0.1,0.15,20,71.28,775,700,7,693,433,0,199,0,61,0,0,75,6,781,494,199,781,265431.6,2706.3,208,105,62,318,0,0,0,0,433,0,260,0
210004,20,-0.1,-0.03,-0.5,-0.4,1,0.1,0.1,0.15,30,70.43,777,702,12,690,463,148,56,0,23,0,0,75,4,781,486,204,781,211970.14,2163.04,229,136,78,78,50,119,0,0,463,148,79,0
210005,20,-0.1,-0.03,-0.5,-0.4,1,0.1,0.1,0.15,30,58.04,777,702,30,672,0,171,111,0,390,0,0,75,4,781,390,282,781,342388.17,3506.47,21,34,25,35,32,525,0,0,0,171,501,0
210006,20,-0.1,-0.03,-0.5,-0.4,1,0.1,0.1,0.15,30,76.97,775,700,14,686,495,0,158,0,33,0,0,75,6,781,528,158,781,322757.5,3302.76,208,105,62,58,35,218,0,0,495,0,191,0
210007,20,-0.1,-0.03,-0.5,-0.4,1,0.1,0.1,0.15,40,70.97,777,702,13,689,479,164,27,9,7,3,0,75,4,781,489,200,781,209369.48,2145.04,229,136,78,78,50,40,18,60,479,164,34,12
210008,20,-0.1,-0.03,-0.5,-0.4,1,0.1,0.1,0.15,40,54.18,777,702,32,670,0,205,79,23,78,285,0,75,4,781,363,307,781,346812.27,3562.64,21,34,25,35,32,24,27,472,0,205,157,308
210009,20,-0.1,-0.03,-0.5,-0.4,1,0.1,0.1,0.15,40,78.54,775,700,15,685,520,0,99,48,7,11,0,75,6,781,538,147,781,325340.03,3338.74,208,105,62,58,35,27,13,177,520,0,106,59
210010,20,-0.1,-0.03,-0.5,-0.4,1,0.1,0.1,0.15,50,70.68,777,702,13,689,479,169,0,33,0,8,0,75,4,781,487,202,781,202993.32,2080.39,229,136,78,78,50,40,18,60,479,169,0,41
210011,20,-0.1,-0.03,-0.5,-0.4,1,0.1,0.1,0.15,50,52.39,777,702,32,670,0,217,0,102,0,351,0,75,4,781,351,319,781,318780.31,3274.2,21,34,25,35,32,24,27,472,0,217,0,453
210012,20,-0.1,-0.03,-0.5,-0.4,1,0.1,0.1,0.15,50,78.25,775,700,15,685,520,0,0,149,0,16,0,75,6,781,536,149,781,310146.66,3186.47,208,105,62,58,35,27,13,177,520,0,0,165
210013,20,-0.1,-0.03,-0.5,-0.4,1,0.1,0.1,0.15,60,70.68,777,702,13,689,479,169,0,33,0,8,0,75,4,781,487,202,781,202993.32,2080.39,229,136,78,78,50,40,18,60,479,169,0,41
210014,20,-0.1,-0.03,-0.5,-0.4,1,0.1,0.1,0.15,60,52.39,777,702,32,670,0,217,0,102,0,351,0,75,4,781,351,319,781,318780.31,3274.2,21,34,25,35,32,24,27,472,0,217,0,453
210015,20,-0.1,-0.03,-0.5,-0.4,1,0.1,0.1,0.15,60,78.25,775,700,15,685,520,0,0,149,0,16,0,75,6,781,536,149,781,310146.66,3186.47,208,105,62,58,35,27,13,177,520,0,0,165
210016,20,-0.1,-0.03,-0.5,-0.4,1,0.1,0.2,0.15,20,63.03,777,702,15,687,195,114,140,0,238,0,0,75,4,781,433,254,781,323715.97,3310.73,50,104,86,447,0,0,0,0,195,114,378,0
210017,20,-0.1,-0.03,-0.5,-0.4,1,0.1,0.2,0.15,20,62.59,777,702,15,687,0,115,142,0,430,0,0,75,4,781,430,257,781,364943.85,3732.8,21,34,25,607,0,0,0,0,0,115,572,0
210018,20,-0.1,-0.03,-0.5,-0.4,1,0.1,0.2,0.15,20,66.57,775,700,15,685,201,0,229,0,255,0,0,75,6,781,456,229,781,399771.98,4089.7,29,70,61,525,0,0,0,0,201,0,484,0
210019,20,-0.1,-0.03,-0.5,-0.4,1,0.1,0.2,0.15,30,60.3,777,702,27,675,277,167,101,0,130,0,0,75,4,781,407,268,781,327379.75,3349.5,50,104,86,69,76,290,0,0,277,167,231,0
210020,20,-0.1,-0.03,-0.5,-0.4,1,0.1,0.2,0.15,30,58.04,777,702,30,672,0,171,111,0,390,0,0,75,4,781,390,282,781,342388.17,3506.47,21,34,25,35,32,525,0,0,0,171,501,0
210021,20,-0.1,-0.03,-0.5,-0.4,1,0.1,0.2,0.15,30,67.81,775,700,29,671,294,0,216,0,161,0,0,75,6,781,455,216,781,466739.76,4780.41,29,70,61,41,54,416,0,0,294,0,377,0
210022,20,-0.1,-0.03,-0.5,-0.4,1,0.1,0.2,0.15,40,58.54,777,702,29,673,307,197,61,21,32,55,0,75,4,781,394,279,781,324996.54,3337.08,50,104,86,69,76,59,39,190,307,197,93,76
210023,20,-0.1,-0.03,-0.5,-0.4,1,0.1,0.2,0.15,40,54.18,777,702,32,670,0,205,79,23,78,285,0,75,4,781,363,307,781,346812.27,3562.64,21,34,25,35,32,24,27,472,0,205,157,308
210024,20,-0.1,-0.03,-0.5,-0.4,1,0.1,0.2,0.15,40,66.82,775,700,31,669,331,0,152,70,35,81,0,75,6,781,447,222,781,479706.44,4927.44,29,70,61,41,54,39,24,351,331,0,187,151
210025,20,-0.1,-0.03,-0.5,-0.4,1,0.1,0.2,0.15,50,57.5,777,702,29,673,307,207,0,79,0,80,0,75,4,781,387,286,781,309371.6,3176.35,50,104,86,69,76,59,39,190,307,207,0,159
210026,20,-0.1,-0.03,-0.5,-0.4,1,0.1,0.2,0.15,50,52.39,777,702,32,670,0,217,0,102,0,351,0,75,4,781,351,319,781,318780.31,3274.2,21,34,25,35,32,24,27,472,0,217,0,453
210027,20,-0.1,-0.03,-0.5,-0.4,1,0.1,0.2,0.15,50,65.47,775,700,31,669,331,0,0,231,0,107,0,75,6,781,438,231,781,446804.16,4593.02,29,70,61,41,54,39,24,351,331,0,0,338
210028,20,-0.1,-0.03,-0.5,-0.4,1,0.1,0.2,0.15,60,57.5,777,702,29,673,307,207,0,79,0,80,0,75,4,781,387,286,781,309371.6,3176.35,50,104,86,69,76,59,39,190,307,207,0,159
210029,20,-0.1,-0.03,-0.5,-0.4,1,0.1,0.2,0.15,60,52.39,777,702,32,670,0,217,0,102,0,351,0,75,4,781,351,319,781,318780.31,3274.2,21,34,25,35,32,24,27,472,0,217,0,453
210030,20,-0.1,-0.03,-0.5,-0.4,1,0.1,0.2,0.15,60,65.47,775,700,31,669,331,0,0,231,0,107,0,75,6,781,438,231,781,446804.16,4593.02,29,70,61,41,54,39,24,351,331,0,0,338
210031,20,-0.1,-0.03,-0.5,-0.4,1,0.2,0.1,0.15,20,68.2,777,702,7,695,414,107,114,0,60,0,0,75,4,781,474,221,781,203608.88,2073.92,229,136,78,252,0,0,0,0,414,107,174,0
210032,20,-0.1,-0.03,-0.5,-0.4,1,0.2,0.1,0.15,20,62.59,777,702,15,687,0,115,142,0,430,0,0,75,4,781,430,257,781,364943.85,3732.8,21,34,25,607,0,0,0,0,0,115,572,0
210033,20,-0.1,-0.03,-0.5,-0.4,1,0.2,0.1,0.15,20,71.28,775,700,7,693,433,0,199,0,61,0,0,75,6,781,494,199,781,265431.6,2706.3,208,105,62,318,0,0,0,0,433,0,260,0
210034,20,-0.1,-0.03,-0.5,-0.4,1,0.2,0.1,0.15,30,70.43,777,702,12,690,463,148,56,0,23,0,0,75,4,781,486,204,781,211970.14,2163.04,229,136,78,78,50,119,0,0,463,148,79,0
210035,20,-0.1,-0.03,-0.5,-0.4,1,0.2,0.1,0.15,30,58.04,777,702,30,672,0,171,111,0,390,0,0,75,4,781,390,282,781,342388.17,3506.47,21,34,25,35,32,525,0,0,0,171,501,0
210036,20,-0.1,-0.03,-0.5,-0.4,1,0.2,0.1,0.15,30,76.97,775,700,14,686,495,0,158,0,33,0,0,75,6,781,528,158,781,322757.5,3302.76,208,105,62,58,35,218,0,0,495,0,191,0
210037,20,-0.1,-0.03,-0.5,-0.4,1,0.2,0.1,0.15,40,70.97,777,702,13,689,479,164,27,9,7,3,0,75,4,781,489,200,781,209369.48,2145.04,229,136,78,78,50,40,18,60,479,164,34,12
210038,20,-0.1,-0.03,-0.5,-0.4,1,0.2,0.1,0.15,40,54.18,777,702,32,670,0,205,79,23,78,285,0,75,4,781,363,307,781,346812.27,3562.64,21,34,25,35,32,24,27,472,0,205,157,308
210039,20,-0.1,-0.03,-0.5,-0.4,1,0.2,0.1,0.15,40,78.54,775,700,15,685,520,0,99,48,7,11,0,75,6,781,538,147,781,325340.03,3338.74,208,105,62,58,35,27,13,177,520,0,106,59
210040,20,-0.1,-0.03,-0.5,-0.4,1,0.2,0.1,0.15,50,70.68,777,702,13,689,479,169,0,33,0,8,0,75,4,781,487,202,781,202993.32,2080.39,229,136,78,78,50,40,18,60,479,169,0,41
210041,20,-0.1,-0.03,-0.5,-0.4,1,0.2,0.1,0.15,50,52.39,777,702,32,670,0,217,0,102,0,351,0,75,4,781,351,319,781,318780.31,3274.2,21,34,25,35,32,24,27,472,0,217,0,453
210042,20,-0.1,-0.03,-0.5,-0.4,1,0.2,0.1,0.15,50,78.25,775,700,15,685,520,0,0,149,0,16,0,75,6,781,536,149,781,310146.66,3186.47,208,105,62,58,35,27,13,177,520,0,0,165
210043,20,-0.1,-0.03,-0.5,-0.4,1,0.2,0.1,0.15,60,70.68,777,702,13,689,479,169,0,33,0,8,0,75,4,781,487,202,781,202993.32,2080.39,229,136,78,78,50,40,18,60,479,169,0,41
210044,20,-0.1,-0.03,-0.5,-0.4,1,0.2,0.1,0.15,60,52.39,777,702,32,670,0,217,0,102,0,351,0,75,4,781,351,319,781,318780.31,3274.2,21,34,25,35,32,24,27,472,0,217,0,453
210045,20,-0.1,-0.03,-0.5,-0.4,1,0.2,0.1,0.15,60,78.25,775,700,15,685,520,0,0,149,0,16,0,75,6,781,536,149,781,310146.66,3186.47,208,105,62,58,35,27,13,177,520,0,0,165
210046,20,-0.1,-0.03,-0.5,-0.4,1,0.2,0.2,0.15,20,63.03,777,702,15,687,195,114,140,0,238,0,0,75,4,781,433,254,781,323715.97,3310.73,50,104,86,447,0,0,0,0,195,114,378,0
210047,20,-0.1,-0.03,-0.5,-0.4,1,0.2,0.2,0.15,20,62.59,777,702,15,687,0,115,142,0,430,0,0,75,4,781,430,257,781,364943.85,3732.8,21,34,25,607,0,0,0,0,0,115,572,0
210048,20,-0.1,-0.03,-0.5,-0.4,1,0.2,0.2,0.15,20,66.57,775,700,15,685,201,0,229,0,255,0,0,75,6,781,456,229,781,399771.98,4089.7,29,70,61,525,0,0,0,0,201,0,484,0
210049,20,-0.1,-0.03,-0.5,-0.4,1,0.2,0.2,0.15,30,60.3,777,702,27,675,277,167,101,0,130,0,0,75,4,781,407,268,781,327379.75,3349.5,50,104,86,69,76,290,0,0,277,167,231,0
210050,20,-0.1,-0.03,-0.5,-0.4,1,0.2,0.2,0.15,30,58.04,777,702,30,672,0,171,111,0,390,0,0,75,4,781,390,282,781,342388.17,3506.47,21,34,25,35,32,525,0,0,0,171,501,0
210051,20,-0.1,-0.03,-0.5,-0.4,1,0.2,0.2,0.15,30,67.81,775,700,29,671,294,0,216,0,161,0,0,75,6,781,455,216,781,466739.76,4780.41,29,70,61,41,54,416,0,0,294,0,377,0
210052,20,-0.1,-0.03,-0.5,-0.4,1,0.2,0.2,0.15,40,58.54,777,702,29,673,307,197,61,21,32,55,0,75,4,781,394,279,781,324996.54,3337.08,50,104,86,69,76,59,39,190,307,197,93,76
210053,20,-0.1,-0.03,-0.5,-0.4,1,0.2,0.2,0.15,40,54.18,777,702,32,670,0,205,79,23,78,285,0,75,4,781,363,307,781,346812.27,3562.64,21,34,25,35,32,24,27,472,0,205,157,308
210054,20,-0.1,-0.03,-0.5,-0.4,1,0.2,0.2,0.15,40,66.82,775,700,31,669,331,0,152,70,35,81,0,75,6,781,447,222,781,479706.44,4927.44,29,70,61,41,54,39,24,351,331,0,187,151
210055,20,-0.1,-0.03,-0.5,-0.4,1,0.2,0.2,0.15,50,57.5,777,702,29,673,307,207,0,79,0,80,0,75,4,781,387,286,781,309371.6,3176.35,50,104,86,69,76,59,39,190,307,207,0,159
210056,20,-0.1,-0.03,-0.5,-0.4,1,0.2,0.2,0.15,50,52.39,777,702,32,670,0,217,0,102,0,351,0,75,4,781,351,319,781,318780.31,3274.2,21,34,25,35,32,24,27,472,0,217,0,453
210057,20,-0.1,-0.03,-0.5,-0.4,1,0.2,0.2,0.15,50,65.47,775,700,31,669,331,0,0,231,0,107,0,75,6,781,438,231,781,446804.16,4593.02,29,70,61,41,54,39,24,351,331,0,0,338
210058,20,-0.1,-0.03,-0.5,-0.4,1,0.2,0.2,0.15,60,57.5,777,702,29,673,307,207,0,79,0,80,0,75,4,781,387,286,781,309371.6,3176.35,50,104,86,69,76,59,39,190,307,207,0,159
210059,20,-0.1,-0.03,-0.5,-0.4,1,0.2,0.2,0.15,60,52.39,777,702,32,670,0,217,0,102,0,351,0,75,4,781,351,319,781,318780.31,3274.2,21,34,25,35,32,24,27,472,0,217,0,453
210060,20,-0.1,-0.03,-0.5,-0.4,1,0.2,0.2,0.15,60,65.47,775,700,31,669,331,0,0,231,0,107,0,75,6,781,438,231,781,446804.16,4593.02,29,70,61,41,54,39,24,351,331,0,0,338
210061,20,-0.1,-0.03,-0.5,-0.4,2,0.1,0.1,0.15,20,71.51,777,702,7,695,436,105,93,0,61,0,0,75,4,781,497,198,781,261932.78,3006.05,238,141,90,226,0,0,0,0,436,105,154,0
210062,20,-0.1,-0.03,-0.5,-0.4,2,0.1,0.1,0.15,20,66.23,777,702,15,687,0,115,117,0,455,0,0,75,4,781,455,232,781,481381.47,4931.95,21,34,25,607,0,0,0,0,0,115,572,0
210063,20,-0.1,-0.03,-0.5,-0.4,2,0.1,0.1,0.15,20,76.33,775,700,7,693,456,0,164,0,73,0,0,75,6,781,529,164,781,359254.44,3613.88,218,113,76,286,0,0,0,0,456,0,237,0
210064,20,-0.1,-0.03,-0.5,-0.4,2,0.1,0.1,0.15,30,73.33,777,702,12,690,481,143,41,0,25,0,0,75,4,781,506,184,781,267153.86,3160.13,238,141,90,72,51,98,0,0,481,143,66,0
210065,20,-0.1,-0.03,-0.5,-0.4,2,0.1,0.1,0.15,30,60.27,777,702,30,672,0,171,96,0,405,0,0,75,4,781,405,267,781,484700.79,4948.91,21,34,25,35,32,525,0,0,0,171,501,0
210066,20,-0.1,-0.03,-0.5,-0.4,2,0.1,0.1,0.15,30,82.07,775,700,14,686,525,0,123,0,38,0,0,75,6,781,563,123,781,452393.83,4251.46,218,113,76,49,47,183,0,0,525,0,161,0
210067,20,-0.1,-0.03,-0.5,-0.4,2,0.1,0.1,0.15,40,73.73,777,702,13,689,496,157,21,3,8,4,0,75,4,781,508,181,781,258342.14,3175.7,238,141,90,72,51,32,16,49,496,157,29,7
210068,20,-0.1,-0.03,-0.5,-0.4,2,0.1,0.1,0.15,40,57.16,777,702,32,670,0,205,66,16,91,292,0,75,4,781,383,287,781,486448.74,5178.81,21,34,25,35,32,24,27,472,0,205,157,308
210069,20,-0.1,-0.03,-0.5,-0.4,2,0.1,0.1,0.15,40,83.8,775,700,15,685,550,0,82,29,11,13,0,75,6,781,574,111,781,459137.53,4353.44,218,113,76,49,47,22,15,145,550,0,93,42
210070,20,-0.1,-0.03,-0.5,-0.4,2,0.1,0.1,0.15,50,73.15,777,702,13,689,496,162,0,23,0,8,0,75,4,781,504,185,781,249081.06,3122.18,238,141,90,72,51,32,16,49,496,162,0,31
210071,20,-0.1,-0.03,-0.5,-0.4,2,0.1,0.1,0.15,50,54.63,777,702,32,670,0,217,0,87,0,366,0,75,4,781,366,304,781,446011.07,4889.06,21,34,25,35,32,24,27,472,0,217,0,453
210072,20,-0.1,-0.03,-0.5,-0.4,2,0.1,0.1,0.15,50,83.8,775,700,15,685,550,0,0,111,0,24,0,75,6,781,574,111,781,434005.3,4222.13,218,113,76,49,47,22,15,145,550,0,0,135
210073,20,-0.1,-0.03,-0.5,-0.4,2,0.1,0.1,0.15,60,73.15,777,702,13,689,496,162,0,23,0,8,0,75,4,781,504,185,781,249081.06,3122.18,238,141,90,72,51,32,16,49,496,162,0,31
210074,20,-0.1,-0.03,-0.5,-0.4,2,0.1,0.1,0.15,60,54.63,777,702,32,670,0,217,0,87,0,366,0,75,4,781,366,304,781,446011.07,4889.06,21,34,25,35,32,24,27,472,0,217,0,453
210075,20,-0.1,-0.03,-0.5,-0.4,2,0.1,0.1,0.15,60,83.8,775,700,15,685,550,0,0,111,0,24,0,75,6,781,574,111,781,434005.3,4222.13,218,113,76,49,47,22,15,145,550,0,0,135
210076,20,-0.1,-0.03,-0.5,-0.4,2,0.1,0.2,0.15,20,66.67,777,702,15,687,216,114,115,0,242,0,0,75,4,781,458,229,781,429911.79,4464.23,50,106,92,439,0,0,0,0,216,114,357,0
210077,20,-0.1,-0.03,-0.5,-0.4,2,0.1,0.2,0.15,20,66.23,777,702,15,687,0,115,117,0,455,0,0,75,4,781,455,232,781,481381.47,4931.95,21,34,25,607,0,0,0,0,0,115,572,0
210078,20,-0.1,-0.03,-0.5,-0.4,2,0.1,0.2,0.15,20,72.12,775,700,15,685,231,0,191,0,263,0,0,75,6,781,494,191,781,577070.58,5341.96,29,72,73,511,0,0,0,0,231,0,454,0
210079,20,-0.1,-0.03,-0.5,-0.4,2,0.1,0.2,0.15,30,62.67,777,702,27,675,296,167,85,0,127,0,0,75,4,781,423,252,781,447827.74,4668.75,50,106,92,82,77,268,0,0,296,167,212,0
210080,20,-0.1,-0.03,-0.5,-0.4,2,0.1,0.2,0.15,30,60.27,777,702,30,672,0,171,96,0,405,0,0,75,4,781,405,267,781,484700.79,4948.91,21,34,25,35,32,525,0,0,0,171,501,0
210081,20,-0.1,-0.03,-0.5,-0.4,2,0.1,0.2,0.15,30,72.58,775,700,29,671,324,0,184,0,163,0,0,75,6,781,487,184,781,717198.92,6219.71,29,72,73,57,54,386,0,0,324,0,347,0
210082,20,-0.1,-0.03,-0.5,-0.4,2,0.1,0.2,0.15,40,61.07,777,702,29,673,329,196,51,15,38,44,0,75,4,781,411,262,781,438286.98,4752.81,50,106,92,82,77,56,40,170,329,196,89,59
210083,20,-0.1,-0.03,-0.5,-0.4,2,0.1,0.2,0.15,40,57.16,777,702,32,670,0,205,66,16,91,292,0,75,4,781,383,287,781,486448.74,5178.81,21,34,25,35,32,24,27,472,0,205,157,308
210084,20,-0.1,-0.03,-0.5,-0.4,2,0.1,0.2,0.15,40,72.05,775,700,31,669,368,0,136,51,43,71,0,75,6,781,482,187,781,737290.81,6471.84,29,72,73,57,54,39,27,318,368,0,179,122
210085,20,-0.1,-0.03,-0.5,-0.4,2,0.1,0.2,0.15,50,59.73,777,702,29,673,329,206,0,65,0,73,0,75,4,781,402,271,781,416374.1,4611.72,50,106,92,82,77,56,40,170,329,206,0,138
210086,20,-0.1,-0.03,-0.5,-0.4,2,0.1,0.2,0.15,50,54.63,777,702,32,670,0,217,0,87,0,366,0,75,4,781,366,304,781,446011.07,4889.06,21,34,25,35,32,24,27,472,0,217,0,453
210087,20,-0.1,-0.03,-0.5,-0.4,2,0.1,0.2,0.15,50,71.3,775,700,31,669,368,0,0,192,0,109,0,75,6,781,477,192,781,682552.98,6167.13,29,72,73,57,54,39,27,318,368,0,0,301
210088,20,-0.1,-0.03,-0.5,-0.4,2,0.1,0.2,0.15,60,59.73,777,702,29,673,329,206,0,65,0,73,0,75,4,781,402,271,781,416374.1,4611.72,50,106,92,82,77,56,40,170,329,206,0,138
210089,20,-0.1,-0.03,-0.5,-0.4,2,0.1,0.2,0.15,60,54.63,777,702,32,670,0,217,0,87,0,366,0,75,4,781,366,304,781,446011.07,4889.06,21,34,25,35,32,24,27,472,0,217,0,453
210090,20,-0.1,-0.03,-0.5,-0.4,2,0.1,0.2,0.15,60,71.3,775,700,31,669,368,0,0,192,0,109,0,75,6,781,477,192,781,682552.98,6167.13,29,72,73,57,54,39,27,318,368,0,0,301
210091,20,-0.1,-0.03,-0.5,-0.4,2,0.2,0.1,0.15,20,68.2,777,702,7,695,414,107,114,0,60,0,0,75,4,781,474,221,781,203608.88,2073.92,229,136,78,252,0,0,0,0,414,107,174,0
210092,20,-0.1,-0.03,-0.5,-0.4,2,0.2,0.1,0.15,20,62.59,777,702,15,687,0,115,142,0,430,0,0,75,4,781,430,257,781,364943.85,3732.8,21,34,25,607,0,0,0,0,0,115,572,0
210093,20,-0.1,-0.03,-0.5,-0.4,2,0.2,0.1,0.15,20,71.28,775,700,7,693,433,0,199,0,61,0,0,75,6,781,494,199,781,265431.6,2706.3,208,105,62,318,0,0,0,0,433,0,260,0
210094,20,-0.1,-0.03,-0.5,-0.4,2,0.2,0.1,0.15,30,70.43,777,702,12,690,463,148,56,0,23,0,0,75,4,781,486,204,781,211970.14,2163.04,229,136,78,78,50,119,0,0,463,148,79,0
210095,20,-0.1,-0.03,-0.5,-0.4,2,0.2,0.1,0.15,30,58.04,777,702,30,672,0,171,111,0,390,0,0,75,4,781,390,282,781,342388.17,3506.47,21,34,25,35,32,525,0,0,0,171,501,0
210096,20,-0.1,-0.03,-0.5,-0.4,2,0.2,0.1,0.15,30,76.97,775,700,14,686,495,0,158,0,33,0,0,75,6,781,528,158,781,322757.5,3302.76,208,105,62,58,35,218,0,0,495,0,191,0
210097,20,-0.1,-0.03,-0.5,-0.4,2,0.2,0.1,0.15,40,70.97,777,702,13,689,479,164,27,9,7,3,0,75,4,781,489,200,781,209369.48,2145.04,229,136,78,78,50,40,18,60,479,164,34,12
210098,20,-0.1,-0.03,-0.5,-0.4,2,0.2,0.1,0.15,40,54.18,777,702,32,670,0,205,79,23,78,285,0,75,4,781,363,307,781,346812.27,3562.64,21,34,25,35,32,24,27,472,0,205,157,308
210099,20,-0.1,-0.03,-0.5,-0.4,2,0.2,0.1,0.15,40,78.54,775,700,15,685,520,0,99,48,7,11,0,75,6,781,538,147,781,325340.03,3338.74,208,105,62,58,35,27,13,177,520,0,106,59
210100,20,-0.1,-0.03,-0.5,-0.4,2,0.2,0.1,0.15,50,70.68,777,702,13,689,479,169,0,33,0,8,0,75,4,781,487,202,781,202993.32,2080.39,229,136,78,78,50,40,18,60,479,169,0,41
210101,20,-0.1,-0.03,-0.5,-0.4,2,0.2,0.1,0.15,50,52.39,777,702,32,670,0,217,0,102,0,351,0,75,4,781,351,319,781,318780.31,3274.2,21,34,25,35,32,24,27,472,0,217,0,453
210102,20,-0.1,-0.03,-0.5,-0.4,2,0.2,0.1,0.15,50,78.25,775,700,15,685,520,0,0,149,0,16,0,75,6,781,536,149,781,310146.66,3186.47,208,105,62,58,35,27,13,177,520,0,0,165
210103,20,-0.1,-0.03,-0.5,-0.4,2,0.2,0.1,0.15,60,70.68,777,702,13,689,479,169,0,33,0,8,0,75,4,781,487,202,781,202993.32,2080.39,229,136,78,78,50,40,18,60,479,169,0,41
210104,20,-0.1,-0.03,-0.5,-0.4,2,0.2,0.1,0.15,60,52.39,777,702,32,670,0,217,0,102,0,351,0,75,4,781,351,319,781,318780.31,3274.2,21,34,25,35,32,24,27,472,0,217,0,453
210105,20,-0.1,-0.03,-0.5,-0.4,2,0.2,0.1,0.15,60,78.25,775,700,15,685,520,0,0,149,0,16,0,75,6,781,536,149,781,310146.66,3186.47,208,105,62,58,35,27,13,177,520,0,0,165
210106,20,-0.1,-0.03,-0.5,-0.4,2,0.2,0.2,0.15,20,63.03,777,702,15,687,195,114,140,0,238,0,0,75,4,781,433,254,781,323715.97,3310.73,50,104,86,447,0,0,0,0,195,114,378,0
210107,20,-0.1,-0.03,-0.5,-0.4,2,0.2,0.2,0.15,20,62.59,777,702,15,687,0,115,142,0,430,0,0,75,4,781,430,257,781,364943.85,3732.8,21,34,25,607,0,0,0,0,0,115,572,0
210108,20,-0.1,-0.03,-0.5,-0.4,2,0.2,0.2,0.15,20,66.57,775,700,15,685,201,0,229,0,255,0,0,75,6,781,456,229,781,399771.98,4089.7,29,70,61,525,0,0,0,0,201,0,484,0
210109,20,-0.1,-0.03,-0.5,-0.4,2,0.2,0.2,0.15,30,60.3,777,702,27,675,277,167,101,0,130,0,0,75,4,781,407,268,781,327379.75,3349.5,50,104,86,69,76,290,0,0,277,167,231,0
210110,20,-0.1,-0.03,-0.5,-0.4,2,0.2,0.2,0.15,30,58.04,777,702,30,672,0,171,111,0,390,0,0,75,4,781,390,282,781,342388.17,3506.47,21,34,25,35,32,525,0,0,0,171,501,0
210111,20,-0.1,-0.03,-0.5,-0.4,2,0.2,0.2,0.15,30,67.81,775,700,29,671,294,0,216,0,161,0,0,75,6,781,455,216,781,466739.76,4780.41,29,70,61,41,54,416,0,0,294,0,377,0
210112,20,-0.1,-0.03,-0.5,-0.4,2,0.2,0.2,0.15,40,58.54,777,702,29,673,307,197,61,21,32,55,0,75,4,781,394,279,781,324996.54,3337.08,50,104,86,69,76,59,39,190,307,197,93,76
210113,20,-0.1,-0.03,-0.5,-0.4,2,0.2,0.2,0.15,40,54.18,777,702,32,670,0,205,79,23,78,285,0,75,4,781,363,307,781,346812.27,3562.64,21,34,25,35,32,24,27,472,0,205,157,308
210114,20,-0.1,-0.03,-0.5,-0.4,2,0.2,0.2,0.15,40,66.82,775,700,31,669,331,0,152,70,35,81,0,75,6,781,447,222,781,479706.44,4927.44,29,70,61,41,54,39,24,351,331,0,187,151
210115,20,-0.1,-0.03,-0.5,-0.4,2,0.2,0.2,0.15,50,57.5,777,702,29,673,307,207,0,79,0,80,0,75,4,781,387,286,781,309371.6,3176.35,50,104,86,69,76,59,39,190,307,207,0,159
210116,20,-0.1,-0.03,-0.5,-0.4,2,0.2,0.2,0.15,50,52.39,777,702,32,670,0,217,0,102,0,351,0,75,4,781,351,319,781,318780.31,3274.2,21,34,25,35,32,24,27,472,0,217,0,453
210117,20,-0.1,-0.03,-0.5,-0.4,2,0.2,0.2,0.15,50,65.47,775,700,31,669,331,0,0,231,0,107,0,75,6,781,438,231,781,446804.16,4593.02,29,70,61,41,54,39,24,351,331,0,0,338
210118,20,-0.1,-0.03,-0.5,-0.4,2,0.2,0.2,0.15,60,57.5,777,702,29,673,307,207,0,79,0,80,0,75,4,781,387,286,781,309371.6,3176.35,50,104,86,69,76,59,39,190,307,207,0,159
210119,20,-0.1,-0.03,-0.5,-0.4,2,0.2,0.2,0.15,60,52.39,777,702,32,670,0,217,0,102,0,351,0,75,4,781,351,319,781,318780.31,3274.2,21,34,25,35,32,24,27,472,0,217,0,453
210120,20,-0.1,-0.03,-0.5,-0.4,2,0.2,0.2,0.15,60,65.47,775,700,31,669,331,0,0,231,0,107,0,75,6,781,438,231,781,446804.16,4593.02,29,70,61,41,54,39,24,351,331,0,0,338
210121,20,-0.1,-0.03,-0.5,-0.35,1,0.1,0.1,0.15,20,66.61,1237,1142,16,1126,653,180,196,0,97,0,0,95,8,1245,750,376,1245,297030.77,3025.35,364,214,151,397,0,0,0,0,653,180,293,0
210122,20,-0.1,-0.03,-0.5,-0.35,1,0.1,0.1,0.15,20,60.3,1237,1142,26,1116,0,196,247,0,673,0,0,95,8,1245,673,443,1245,486800.6,4987.91,39,62,42,973,0,0,0,0,0,196,920,0
210123,20,-0.1,-0.03,-0.5,-0.35,1,0.1,0.1,0.15,20,69.88,1233,1138,16,1122,679,0,338,0,105,0,0,95,12,1245,784,338,1245,399014.57,4062.08,325,159,119,519,0,0,0,0,679,0,443,0
210124,20,-0.1,-0.03,-0.5,-0.35,1,0.1,0.1,0.15,30,68.96,1237,1142,21,1121,737,241,107,0,36,0,0,95,8,1245,773,348,1245,316288.77,3234.81,364,214,151,104,78,210,0,0,737,241,143,0
210125,20,-0.1,-0.03,-0.5,-0.35,1,0.1,0.1,0.15,30,56.36,1237,1142,42,1100,0,276,204,0,620,0,0,95,8,1245,620,480,1245,457307.0,4726.26,39,62,42,53,43,861,0,0,0,276,824,0
210126,20,-0.1,-0.03,-0.5,-0.35,1,0.1,0.1,0.15,30,75.13,1233,1138,24,1114,785,0,277,0,52,0,0,95,12,1245,837,277,1245,499935.95,5116.35,325,159,119,76,60,375,0,0,785,0,329,0
210127,20,-0.1,-0.03,-0.5,-0.35,1,0.1,0.1,0.15,40,69.46,1237,1142,22,1120,760,277,46,19,10,8,0,95,8,1245,778,342,1245,302457.86,3101.93,364,214,151,104,78,67,30,112,760,277,56,27
210128,20,-0.1,-0.03,-0.5,-0.35,1,0.1,0.1,0.15,40,53.28,1237,1142,44,1098,0,342,131,40,143,442,0,95,8,1245,585,513,1245,430789.07,4396.1,39,62,42,53,43,37,46,776,0,342,274,482
210129,20,-0.1,-0.03,-0.5,-0.35,1,0.1,0.1,0.15,40,77.18,1233,1138,25,1113,823,0,164,90,11,25,0,95,12,1245,859,254,1245,507634.54,5203.31,325,159,119,76,60,46,20,308,823,0,175,115
210130,20,-0.1,-0.03,-0.5,-0.35,1,0.1,0.1,0.15,50,69.11,1237,1142,22,1120,760,282,0,64,0,14,0,95,8,1245,774,346,1245,294342.36,3018.35,364,214,151,104,78,67,30,112,760,282,0,78
210131,20,-0.1,-0.03,-0.5,-0.35,1,0.1,0.1,0.15,50,51.73,1237,1142,44,1098,0,358,0,172,0,568,0,95,8,1245,568,530,1245,389356.11,3964.78,39,62,42,53,43,37,46,776,0,358,0,740
210132,20,-0.1,-0.03,-0.5,-0.35,1,0.1,0.1,0.15,50,77.0,1233,1138,25,1113,823,0,0,256,0,34,0,95,12,1245,857,256,1245,491597.71,5041.7,325,159,119,76,60,46,20,308,823,0,0,290
210133,20,-0.1,-0.03,-0.5,-0.35,1,0.1,0.1,0.15,60,69.11,1237,1142,22,1120,760,282,0,64,0,14,0,95,8,1245,774,346,1245,294342.36,3018.35,364,214,151,104,78,67,30,112,760,282,0,78
210134,20,-0.1,-0.03,-0.5,-0.35,1,0.1,0.1,0.15,60,51.73,1237,1142,44,1098,0,358,0,172,0,568,0,95,8,1245,568,530,1245,389356.11,3964.78,39,62,42,53,43,37,46,776,0,358,0,740
210135,20,-0.1,-0.03,-0.5,-0.35,1,0.1,0.1,0.15,60,77.0,1233,1138,25,1113,823,0,0,256,0,34,0,95,12,1245,857,256,1245,491597.71,5041.7,325,159,119,76,60,46,20,308,823,0,0,290
210136,20,-0.1,-0.03,-0.5,-0.35,1,0.1,0.2,0.15,20,60.79,1237,1142,25,1117,288,194,244,0,391,0,0,95,8,1245,679,438,1245,448559.22,4576.74,88,147,141,741,0,0,0,0,288,194,635,0
210137,20,-0.1,-0.03,-0.5,-0.35,1,0.1,0.2,0.15,20,60.3,1237,1142,26,1116,0,196,247,0,673,0,0,95,8,1245,673,443,1245,486800.6,4987.91,39,62,42,973,0,0,0,0,0,196,920,0
210138,20,-0.1,-0.03,-0.5,-0.35,1,0.1,0.2,0.15,20,64.24,1233,1138,25,1113,295,0,398,0,420,0,0,95,12,1245,715,398,1245,567444.17,5787.54,49,85,99,880,0,0,0,0,295,0,818,0
210139,20,-0.1,-0.03,-0.5,-0.35,1,0.1,0.2,0.15,30,58.33,1237,1142,38,1104,411,271,189,0,233,0,0,95,8,1245,644,460,1245,465993.95,4767.69,88,147,141,106,115,507,0,0,411,271,422,0
210140,20,-0.1,-0.03,-0.5,-0.35,1,0.1,0.2,0.15,30,56.36,1237,1142,42,1100,0,276,204,0,620,0,0,95,8,1245,620,480,1245,457307.0,4726.26,39,62,42,53,43,861,0,0,0,276,824,0
210141,20,-0.1,-0.03,-0.5,-0.35,1,0.1,0.2,0.15,30,65.36,1233,1138,41,1097,437,0,380,0,280,0,0,95,12,1245,717,380,1245,692787.62,7085.18,49,85,99,62,86,716,0,0,437,0,660,0
210142,20,-0.1,-0.03,-0.5,-0.35,1,0.1,0.2,0.15,40,57.08,1237,1142,40,1102,457,329,106,38,57,115,0,95,8,1245,629,473,1245,452223.46,4643.52,88,147,141,106,115,85,63,357,457,329,163,153
210143,20,-0.1,-0.03,-0.5,-0.35,1,0.1,0.2,0.15,40,53.28,1237,1142,44,1098,0,342,131,40,143,442,0,95,8,1245,585,513,1245,430789.07,4396.1,39,62,42,53,43,37,46,776,0,342,274,482
210144,20,-0.1,-0.03,-0.5,-0.35,1,0.1,0.2,0.15,40,65.3,1233,1138,43,1095,492,0,257,123,62,161,0,95,12,1245,715,380,1245,707392.8,7251.95,49,85,99,62,86,56,39,619,492,0,319,284
210145,20,-0.1,-0.03,-0.5,-0.35,1,0.1,0.2,0.15,50,56.26,1237,1142,40,1102,459,343,0,139,0,161,0,95,8,1245,620,482,1245,430583.59,4421.51,88,147,141,106,115,85,63,357,459,343,0,300
210146,20,-0.1,-0.03,-0.5,-0.35,1,0.1,0.2,0.15,50,51.73,1237,1142,44,1098,0,358,0,172,0,568,0,95,8,1245,568,530,1245,389356.11,3964.78,39,62,42,53,43,37,46,776,0,358,0,740
210147,20,-0.1,-0.03,-0.5,-0.35,1,0.1,0.2,0.15,50,64.47,1233,1138,43,1095,494,0,0,389,0,212,0,95,12,1245,706,389,1245,667191.04,6843.83,49,85,99,62,86,56,39,619,494,0,0,601
210148,20,-0.1,-0.03,-0.5,-0.35,1,0.1,0.2,0.15,60,56.26,1237,1142,40,1102,459,343,0,139,0,161,0,95,8,1245,620,482,1245,430583.59,4421.51,88,147,141,106,115,85,63,357,459,343,0,300
210149,20,-0.1,-0.03,-0.5,-0.35,1,0.1,0.2,0.15,60,51.73,1237,1142,44,1098,0,358,0,172,0,568,0,95,8,1245,568,530,1245,389356.11,3964.78,39,62,42,53,43,37,46,776,0,358,0,740
210150,20,-0.1,-0.03,-0.5,-0.35,1,0.1,0.2,0.15,60,64.47,1233,1138,43,1095,494,0,0,389,0,212,0,95,12,1245,706,389,1245,667191.04,6843.83,49,85,99,62,86,56,39,619,494,0,0,601
210151,20,-0.1,-0.03,-0.5,-0.35,1,0.2,0.1,0.15,20,66.61,1237,1142,16,1126,653,180,196,0,97,0,0,95,8,1245,750,376,1245,297030.77,3025.35,364,214,151,397,0,0,0,0,653,180,293,0
210152,20,-0.1,-0.03,-0.5,-0.35,1,0.2,0.1,0.15,20,60.3,1237,1142,26,1116,0,196,247,0,673,0,0,95,8,1245,673,443,1245,486800.6,4987.91,39,62,42,973,0,0,0,0,0,196,920,0
210153,20,-0.1,-0.03,-0.5,-0.35,1,0.2,0.1,0.15,20,69.88,1233,1138,16,1122,679,0,338,0,105,0,0,95,12,1245,784,338,1245,399014.57,4062.08,325,159,119,519,0,0,0,0,679,0,443,0
210154,20,-0.1,-0.03,-0.5,-0.35,1,0.2,0.1,0.15,30,68.96,1237,1142,21,1121,737,241,107,0,36,0,0,95,8,1245,773,348,1245,316288.77,3234.81,364,214,151,104,78,210,0,0,737,241,143,0
210155,20,-0.1,-0.03,-0.5,-0.35,1,0.2,0.1,0.15,30,56.36,1237,1142,42,1100,0,276,204,0,620,0,0,95,8,1245,620,480,1245,457307.0,4726.26,39,62,42,53,43,861,0,0,0,276,824,0
210156,20,-0.1,-0.03,-0.5,-0.35,1,0.2,0.1,0.15,30,75.13,1233,1138,24,1114,785,0,277,0,52,0,0,95,12,1245,837,277,1245,499935.95,5116.35,325,159,119,76,60,375,0,0,785,0,329,0
210157,20,-0.1,-0.03,-0.5,-0.35,1,0.2,0.1,0.15,40,69.46,1237,1142,22,1120,760,277,46,19,10,8,0,95,8,1245,778,342,1245,302457.86,3101.93,364,214,151,104,78,67,30,112,760,277,56,27
210158,20,-0.1,-0.03,-0.5,-0.35,1,0.2,0.1,0.15,40,53.28,1237,1142,44,1098,0,342,131,40,143,442,0,95,8,1245,585,513,1245,430789.07,4396.1,39,62,42,53,43,37,46,776,0,342,274,482
210159,20,-0.1,-0.03,-0.5,-0.35,1,0.2,0.1,0.15,40,77.18,1233,1138,25,1113,823,0,164,90,11,25,0,95,12,1245,859,254,1245,507634.54,5203.31,325,159,119,76,60,46,20,308,823,0,175,115
210160,20,-0.1,-0.03,-0.5,-0.35,1,0.2,0.1,0.15,50,69.11,1237,1142,22,1120,760,282,0,64,0,14,0,95,8,1245,774,346,1245,294342.36,3018.35,364,214,151,104,78,67,30,112,760,282,0,78
210161,20,-0.1,-0.03,-0.5,-0.35,1,0.2,0.1,0.15,50,51.73,1237,1142,44,1098,0,358,0,172,0,568,0,95,8,1245,568,530,1245,389356.11,3964.78,39,62,42,53,43,37,46,776,0,358,0,740
210162,20,-0.1,-0.03,-0.5,-0.35,1,0.2,0.1,0.15,50,77.0,1233,1138,25,1113,823,0,0,256,0,34,0,95,12,1245,857,256,1245,491597.71,5041.7,325,159,119,76,60,46,20,308,823,0,0,290
210163,20,-0.1,-0.03,-0.5,-0.35,1,0.2,0.1,0.15,60,69.11,1237,1142,22,1120,760,282,0,64,0,14,0,95,8,1245,774,346,1245,294342.36,3018.35,364,214,151,104,78,67,30,112,760,282,0,78
210164,20,-0.1,-0.03,-0.5,-0.35,1,0.2,0.1,0.15,60,51.73,1237,1142,44,1098,0,358,0,172,0,568,0,95,8,1245,568,530,1245,389356.11,3964.78,39,62,42,53,43,37,46,776,0,358,0,740
210165,20,-0.1,-0.03,-0.5,-0.35,1,0.2,0.1,0.15,60,77.0,1233,1138,25,1113,823,0,0,256,0,34,0,95,12,1245,857,256,1245,491597.71,5041.7,325,159,119,76,60,46,20,308,823,0,0,290
210166,20,-0.1,-0.03,-0.5,-0.35,1,0.2,0.2,0.15,20,60.79,1237,1142,25,1117,288,194,244,0,391,0,0,95,8,1245,679,438,1245,448559.22,4576.74,88,147,141,741,0,0,0,0,288,194,635,0
210167,20,-0.1,-0.03,-0.5,-0.35,1,0.2,0.2,0.15,20,60.3,1237,1142,26,1116,0,196,247,0,673,0,0,95,8,1245,673,443,1245,486800.6,4987.91,39,62,42,973,0,0,0,0,0,196,920,0
210168,20,-0.1,-0.03,-0.5,-0.35,1,0.2,0.2,0.15,20,64.24,1233,1138,25,1113,295,0,398,0,420,0,0,95,12,1245,715,398,1245,567444.17,5787.54,49,85,99,880,0,0,0,0,295,0,818,0
210169,20,-0.1,-0.03,-0.5,-0.35,1,0.2,0.2,0.15,30,58.33,1237,1142,38,1104,411,271,189,0,233,0,0,95,8,1245,644,460,1245,465993.95,4767.69,88,147,141,106,115,507,0,0,411,271,422,0
210170,20,-0.1,-0.03,-0.5,-0.35,1,0.2,0.2,0.15,30,56.36,1237,1142,42,1100,0,276,204,0,620,0,0,95,8,1245,620,480,1245,457307.0,4726.26,39,62,42,53,43,861,0,0,0,276,824,0
210171,20,-0.1,-0.03,-0.5,-0.35,1,0.2,0.2,0.15,30,65.36,1233,1138,41,1097,437,0,380,0,280,0,0,95,12,1245,717,380,1245,692787.62,7085.18,49,85,99,62,86,716,0,0,437,0,660,0
210172,20,-0.1,-0.03,-0.5,-0.35,1,0.2,0.2,0.15,40,57.08,1237,1142,40,1102,457,329,106,38,57,115,0,95,8,1245,629,473,1245,452223.46,4643.52,88,147,141,106,115,85,63,357,457,329,163,153
210173,20,-0.1,-0.03,-0.5,-0.35,1,0.2,0.2,0.15,40,53.28,1237,1142,44,1098,0,342,131,40,143,442,0,95,8,1245,585,513,1245,430789.07,4396.1,39,62,42,53,43,37,46,776,0,342,274,482
210174,20,-0.1,-0.03,-0.5,-0.35,1,0.2,0.2,0.15,40,65.3,1233,1138,43,1095,492,0,257,123,62,161,0,95,12,1245,715,380,1245,707392.8,7251.95,49,85,99,62,86,56,39,619,492,0,319,284
210175,20,-0.1,-0.03,-0.5,-0.35,1,0.2,0.2,0.15,50,56.26,1237,1142,40,1102,459,343,0,139,0,161,0,95,8,1245,620,482,1245,430583.59,4421.51,88,147,141,106,115,85,63,357,459,343,0,300
210176,20,-0.1,-0.03,-0.5,-0.35,1,0.2,0.2,0.15,50,51.73,1237,1142,44,1098,0,358,0,172,0,568,0,95,8,1245,568,530,1245,389356.11,3964.78,39,62,42,53,43,37,46,776,0,358,0,740
210177,20,-0.1,-0.03,-0.5,-0.35,1,0.2,0.2,0.15,50,64.47,1233,1138,43,1095,494,0,0,389,0,212,0,95,12,1245,706,389,1245,667191.04,6843.83,49,85,99,62,86,56,39,619,494,0,0,601
210178,20,-0.1,-0.03,-0.5,-0.35,1,0.2,0.2,0.15,60,56.26,1237,1142,40,1102,459,343,0,139,0,161,0,95,8,1245,620,482,1245,430583.59,4421.51,88,147,141,106,115,85,63,357,459,343,0,300
210179,20,-0.1,-0.03,-0.5,-0.35,1,0.2,0.2,0.15,60,51.73,1237,1142,44,1098,0,358,0,172,0,568,0,95,8,1245,568,530,1245,389356.11,3964.78,39,62,42,53,43,37,46,776,0,358,0,740
210180,20,-0.1,-0.03,-0.5,-0.35,1,0.2,0.2,0.15,60,64.47,1233,1138,43,1095,494,0,0,389,0,212,0,95,12,1245,706,389,1245,667191.04,6843.83,49,85,99,62,86,56,39,619,494,0,0,601
210181,20,-0.1,-0.03,-0.5,-0.35,2,0.1,0.1,0.15,20,70.78,1237,1142,16,1126,693,176,153,0,104,0,0,95,8,1245,797,329,1245,396427.46,4675.27,378,225,166,357,0,0,0,0,693,176,257,0
210182,20,-0.1,-0.03,-0.5,-0.35,2,0.1,0.1,0.15,20,64.7,1237,1142,26,1116,0,196,198,0,722,0,0,95,8,1245,722,394,1245,642103.3,6943.57,39,62,42,973,0,0,0,0,0,196,920,0
210183,20,-0.1,-0.03,-0.5,-0.35,2,0.1,0.1,0.15,20,75.85,1233,1138,16,1122,729,0,271,0,122,0,0,95,12,1245,851,271,1245,567645.8,5733.77,340,175,142,465,0,0,0,0,729,0,393,0
210184,20,-0.1,-0.03,-0.5,-0.35,2,0.1,0.1,0.15,30,72.44,1237,1142,21,1121,772,233,76,0,40,0,0,95,8,1245,812,309,1245,412250.67,4967.52,378,225,166,100,82,170,0,0,772,233,116,0
210185,20,-0.1,-0.03,-0.5,-0.35,2,0.1,0.1,0.15,30,59.09,1237,1142,42,1100,0,276,174,0,650,0,0,95,8,1245,650,450,1245,661229.39,7086.39,39,62,42,53,43,861,0,0,0,276,824,0
210186,20,-0.1,-0.03,-0.5,-0.35,2,0.1,0.1,0.15,30,81.61,1233,1138,23,1115,843,0,205,0,67,0,0,95,12,1245,910,205,1245,733212.5,6847.75,340,175,142,72,77,309,0,0,843,0,272,0
210187,20,-0.1,-0.03,-0.5,-0.35,2,0.1,0.1,0.15,40,72.77,1237,1142,22,1120,794,262,34,9,13,8,0,95,8,1245,815,305,1245,392967.12,4953.46,378,225,166,100,82,54,28,87,794,262,47,17
210188,20,-0.1,-0.03,-0.5,-0.35,2,0.1,0.1,0.15,40,56.47,1237,1142,44,1098,0,342,110,26,164,456,0,95,8,1245,620,478,1245,632375.7,7071.31,39,62,42,53,43,37,46,776,0,342,274,482
210189,20,-0.1,-0.03,-0.5,-0.35,2,0.1,0.1,0.15,40,83.57,1233,1138,24,1114,889,0,129,54,18,24,0,95,12,1245,931,183,1245,760499.87,7078.26,340,175,142,72,77,37,32,239,889,0,147,78
210190,20,-0.1,-0.03,-0.5,-0.35,2,0.1,0.1,0.15,50,72.14,1237,1142,22,1120,794,267,0,45,0,14,0,95,8,1245,808,312,1245,380475.79,4886.01,378,225,166,100,82,54,28,87,794,267,0,59
210191,20,-0.1,-0.03,-0.5,-0.35,2,0.1,0.1,0.15,50,54.28,1237,1142,44,1098,0,358,0,144,0,596,0,95,8,1245,596,502,1245,573403.66,6645.95,39,62,42,53,43,37,46,776,0,358,0,740
210192,20,-0.1,-0.03,-0.5,-0.35,2,0.1,0.1,0.15,50,83.48,1233,1138,24,1114,890,0,0,184,0,40,0,95,12,1245,930,184,1245,730916.78,6926.14,340,175,142,72,77,37,32,239,890,0,0,224
210193,20,-0.1,-0.03,-0.5,-0.35,2,0.1,0.1,0.15,60,72.14,1237,1142,22,1120,794,267,0,45,0,14,0,95,8,1245,808,312,1245,380475.79,4886.01,378,225,166,100,82,54,28,87,794,267,0,59
210194,20,-0.1,-0.03,-0.5,-0.35,2,0.1,0.1,0.15,60,54.28,1237,1142,44,1098,0,358,0,144,0,596,0,95,8,1245,596,502,1245,573403.66,6645.95,39,62,42,53,43,37,46,776,0,358,0,740
210195,20,-0.1,-0.03,-0.5,-0.35,2,0.1,0.1,0.15,60,83.48,1233,1138,24,1114,890,0,0,184,0,40,0,95,12,1245,930,184,1245,730916.78,6926.14,340,175,142,72,77,37,32,239,890,0,0,224
210196,20,-0.1,-0.03,-0.5,-0.35,2,0.1,0.2,0.15,20,65.09,1237,1142,25,1117,317,194,196,0,410,0,0,95,8,1245,727,390,1245,600187.31,6496.3,89,153,151,724,0,0,0,0,317,194,606,0
210197,20,-0.1,-0.03,-0.5,-0.35,2,0.1,0.2,0.15,20,64.7,1237,1142,26,1116,0,196,198,0,722,0,0,95,8,1245,722,394,1245,642103.3,6943.57,39,62,42,973,0,0,0,0,0,196,920,0
210198,20,-0.1,-0.03,-0.5,-0.35,2,0.1,0.2,0.15,20,70.53,1233,1138,25,1113,335,0,328,0,450,0,0,95,12,1245,785,328,1245,826390.95,7874.43,50,91,116,856,0,0,0,0,335,0,778,0
210199,20,-0.1,-0.03,-0.5,-0.35,2,0.1,0.2,0.15,30,61.05,1237,1142,38,1104,443,271,159,0,231,0,0,95,8,1245,674,430,1245,649817.14,6978.81,89,153,151,118,117,476,0,0,443,271,390,0
210200,20,-0.1,-0.03,-0.5,-0.35,2,0.1,0.2,0.15,30,59.09,1237,1142,42,1100,0,276,174,0,650,0,0,95,8,1245,650,450,1245,661229.39,7086.39,39,62,42,53,43,861,0,0,0,276,824,0
210201,20,-0.1,-0.03,-0.5,-0.35,2,0.1,0.2,0.15,30,71.19,1233,1138,41,1097,486,0,316,0,295,0,0,95,12,1245,781,316,1245,1083411.6,9492.24,50,91,116,78,90,672,0,0,486,0,611,0
210202,20,-0.1,-0.03,-0.5,-0.35,2,0.1,0.2,0.15,40,60.07,1237,1142,40,1102,496,328,87,25,66,100,0,95,8,1245,662,440,1245,624309.32,7065.1,89,153,151,118,117,86,63,325,496,328,153,125
210203,20,-0.1,-0.03,-0.5,-0.35,2,0.1,0.2,0.15,40,56.47,1237,1142,44,1098,0,342,110,26,164,456,0,95,8,1245,620,478,1245,632375.7,7071.31,39,62,42,53,43,37,46,776,0,342,274,482
210204,20,-0.1,-0.03,-0.5,-0.35,2,0.1,0.2,0.15,40,71.32,1233,1138,43,1095,554,0,227,87,77,150,0,95,12,1245,781,314,1245,1120570.27,9913.51,50,91,116,78,90,61,42,567,554,0,304,237
210205,20,-0.1,-0.03,-0.5,-0.35,2,0.1,0.2,0.15,50,58.98,1237,1142,40,1102,497,341,0,111,0,153,0,95,8,1245,650,452,1245,594130.55,6875.72,89,153,151,118,117,86,63,325,497,341,0,264
210206,20,-0.1,-0.03,-0.5,-0.35,2,0.1,0.2,0.15,50,54.28,1237,1142,44,1098,0,358,0,144,0,596,0,95,8,1245,596,502,1245,573403.66,6645.95,39,62,42,53,43,37,46,776,0,358,0,740
210207,20,-0.1,-0.03,-0.5,-0.35,2,0.1,0.2,0.15,50,71.05,1233,1138,43,1095,555,0,0,317,0,223,0,95,12,1245,778,317,1245,1055473.88,9550.44,50,91,116,78,90,61,42,567,555,0,0,540
210208,20,-0.1,-0.03,-0.5,-0.35,2,0.1,0.2,0.15,60,58.98,1237,1142,40,1102,497,341,0,111,0,153,0,95,8,1245,650,452,1245,594130.55,6875.72,89,153,151,118,117,86,63,325,497,341,0,264
210209,20,-0.1,-0.03,-0.5,-0.35,2,0.1,0.2,0.15,60,54.28,1237,1142,44,1098,0,358,0,144,0,596,0,95,8,1245,596,502,1245,573403.66,6645.95,39,62,42,53,43,37,46,776,0,358,0,740
210210,20,-0.1,-0.03,-0.5,-0.35,2,0.1,0.2,0.15,60,71.05,1233,1138,43,1095,555,0,0,317,0,223,0,95,12,1245,778,317,1245,1055473.88,9550.44,50,91,116,78,90,61,42,567,555,0,0,540
210211,20,-0.1,-0.03,-0.5,-0.35,2,0.2,0.1,0.15,20,66.61,1237,1142,16,1126,653,180,196,0,97,0,0,95,8,1245,750,376,1245,297030.77,3025.35,364,214,151,397,0,0,0,0,653,180,293,0
210212,20,-0.1,-0.03,-0.5,-0.35,2,0.2,0.1,0.15,20,60.3,1237,1142,26,1116,0,196,247,0,673,0,0,95,8,1245,673,443,1245,486800.6,4987.91,39,62,42,973,0,0,0,0,0,196,920,0
210213,20,-0.1,-0.03,-0.5,-0.35,2,0.2,0.1,0.15,20,69.88,1233,1138,16,1122,679,0,338,0,105,0,0,95,12,1245,784,338,1245,399014.57,4062.08,325,159,119,519,0,0,0,0,679,0,443,0
210214,20,-0.1,-0.03,-0.5,-0.35,2,0.2,0.1,0.15,30,68.96,1237,1142,21,1121,737,241,107,0,36,0,0,95,8,1245,773,348,1245,316288.77,3234.81,364,214,151,104,78,210,0,0,737,241,143,0
210215,20,-0.1,-0.03,-0.5,-0.35,2,0.2,0.1,0.15,30,56.36,1237,1142,42,1100,0,276,204,0,620,0,0,95,8,1245,620,480,1245,457307.0,4726.26,39,62,42,53,43,861,0,0,0,276,824,0
210216,20,-0.1,-0.03,-0.5,-0.35,2,0.2,0.1,0.15,30,75.13,1233,1138,24,1114,785,0,277,0,52,0,0,95,12,1245,837,277,1245,499935.95,5116.35,325,159,119,76,60,375,0,0,785,0,329,0
210217,20,-0.1,-0.03,-0.5,-0.35,2,0.2,0.1,0.15,40,69.46,1237,1142,22,1120,760,277,46,19,10,8,0,95,8,1245,778,342,1245,302457.86,3101.93,364,214,151,104,78,67,30,112,760,277,56,27
210218,20,-0.1,-0.03,-0.5,-0.35,2,0.2,0.1,0.15,40,53.28,1237,1142,44,1098,0,342,131,40,143,442,0,95,8,1245,585,513,1245,430789.07,4396.1,39,62,42,53,43,37,46,776,0,342,274,482
210219,20,-0.1,-0.03,-0.5,-0.35,2,0.2,0.1,0.15,40,77.18,1233,1138,25,1113,823,0,164,90,11,25,0,95,12,1245,859,254,1245,507634.54,5203.31,325,159,119,76,60,46,20,308,823,0,175,115
210220,20,-0.1,-0.03,-0.5,-0.35,2,0.2,0.1,0.15,50,69.11,1237,1142,22,1120,760,282,0,64,0,14,0,95,8,1245,774,346,1245,294342.36,3018.35,364,214,151,104,78,67,30,112,760,282,0,78
210221,20,-0.1,-0.03,-0.5,-0.35,2,0.2,0.1,0.15,50,51.73,1237,1142,44,1098,0,358,0,172,0,568,0,95,8,1245,568,530,1245,389356.11,3964.78,39,62,42,53,43,37,46,776,0,358,0,740
210222,20,-0.1,-0.03,-0.5,-0.35,2,0.2,0.1,0.15,50,77.0,1233,1138,25,1113,823,0,0,256,0,34,0,95,12,1245,857,256,1245,491597.71,5041.7,325,159,119,76,60,46,20,308,823,0,0,290
210223,20,-0.1,-0.03,-0.5,-0.35,2,0.2,0.1,0.15,60,69.11,1237,1142,22,1120,760,282,0,64,0,14,0,95,8,1245,774,346,1245,294342.36,3018.35,364,214,151,104,78,67,30,112,760,282,0,78
210224,20,-0.1,-0.03,-0.5,-0.35,2,0.2,0.1,0.15,60,51.73,1237,1142,44,1098,0,358,0,172,0,568,0,95,8,1245,568,530,1245,389356.11,3964.78,39,62,42,53,43,37,46,776,0,358,0,740
210225,20,-0.1,-0.03,-0.5,-0.35,2,0.2,0.1,0.15,60,77.0,1233,1138,25,1113,823,0,0,256,0,34,0,95,12,1245,857,256,1245,491597.71,5041.7,325,159,119,76,60,46,20,308,823,0,0,290
210226,20,-0.1,-0.03,-0.5,-0.35,2,0.2,0.2,0.15,20,60.79,1237,1142,25,1117,288,194,244,0,391,0,0,95,8,1245,679,438,1245,448559.22,4576.74,88,147,141,741,0,0,0,0,288,194,635,0
210227,20,-0.1,-0.03,-0.5,-0.35,2,0.2,0.2,0.15,20,60.3,1237,1142,26,1116,0,196,247,0,673,0,0,95,8,1245,673,443,1245,486800.6,4987.91,39,62,42,973,0,0,0,0,0,196,920,0
210228,20,-0.1,-0.03,-0.5,-0.35,2,0.2,0.2,0.15,20,64.24,1233,1138,25,1113,295,0,398,0,420,0,0,95,12,1245,715,398,1245,567444.17,5787.54,49,85,99,880,0,0,0,0,295,0,818,0
210229,20,-0.1,-0.03,-0.5,-0.35,2,0.2,0.2,0.15,30,58.33,1237,1142,38,1104,411,271,189,0,233,0,0,95,8,1245,644,460,1245,465993.95,4767.69,88,147,141,106,115,507,0,0,411,271,422,0
210230,20,-0.1,-0.03,-0.5,-0.35,2,0.2,0.2,0.15,30,56.36,1237,1142,42,1100,0,276,204,0,620,0,0,95,8,1245,620,480,1245,457307.0,4726.26,39,62,42,53,43,861,0,0,0,276,824,0
210231,20,-0.1,-0.03,-0.5,-0.35,2,0.2,0.2,0.15,30,65.36,1233,1138,41,1097,437,0,380,0,280,0,0,95,12,1245,717,380,1245,692787.62,7085.18,49,85,99,62,86,716,0,0,437,0,660,0
210232,20,-0.1,-0.03,-0.5,-0.35,2,0.2,0.2,0.15,40,57.08,1237,1142,40,1102,457,329,106,38,57,115,0,95,8,1245,629,473,1245,452223.46,4643.52,88,147,141,106,115,85,63,357,457,329,163,153
210233,20,-0.1,-0.03,-0.5,-0.35,2,0.2,0.2,0.15,40,53.28,1237,1142,44,1098,0,342,131,40,143,442,0,95,8,1245,585,513,1245,430789.07,4396.1,39,62,42,53,43,37,46,776,0,342,274,482
210234,20,-0.1,-0.03,-0.5,-0.35,2,0.2,0.2,0.15,40,65.3,1233,1138,43,1095,492,0,257,123,62,161,0,95,12,1245,715,380,1245,707392.8,7251.95,49,85,99,62,86,56,39,619,492,0,319,284
210235,20,-0.1,-0.03,-0.5,-0.35,2,0.2,0.2,0.15,50,56.26,1237,1142,40,1102,459,343,0,139,0,161,0,95,8,1245,620,482,1245,430583.59,4421.51,88,147,141,106,115,85,63,357,459,343,0,300
210236,20,-0.1,-0.03,-0.5,-0.35,2,0.2,0.2,0.15,50,51.73,1237,1142,44,1098,0,358,0,172,0,568,0,95,8,1245,568,530,1245,389356.11,3964.78,39,62,42,53,43,37,46,776,0,358,0,740
210237,20,-0.1,-0.03,-0.5,-0.35,2,0.2,0.2,0.15,50,64.47,1233,1138,43,1095,494,0,0,389,0,212,0,95,12,1245,706,389,1245,667191.04,6843.83,49,85,99,62,86,56,39,619,494,0,0,601
210238,20,-0.1,-0.03,-0.5,-0.35,2,0.2,0.2,0.15,60,56.26,1237,1142,40,1102,459,343,0,139,0,161,0,95,8,1245,620,482,1245,430583.59,4421.51,88,147,141,106,115,85,63,357,459,343,0,300
210239,20,-0.1,-0.03,-0.5,-0.35,2,0.2,0.2,0.15,60,51.73,1237,1142,44,1098,0,358,0,172,0,568,0,95,8,1245,568,530,1245,389356.11,3964.78,39,62,42,53,43,37,46,776,0,358,0,740
210240,20,-0.1,-0.03,-0.5,-0.35,2,0.2,0.2,0.15,60,64.47,1233,1138,43,1095,494,0,0,389,0,212,0,95,12,1245,706,389,1245,667191.04,6843.83,49,85,99,62,86,56,39,619,494,0,0,601
210241,20,-0.1,-0.03,-0.5,-0.3,1,0.1,0.1,0.15,20,64.98,1689,1588,23,1565,847,245,303,0,170,0,0,101,11,1700,1017,548,1700,361962.29,3705.0,473,293,197,602,0,0,0,0,847,245,473,0
210242,20,-0.1,-0.03,-0.5,-0.3,1,0.1,0.1,0.15,20,58.94,1689,1588,34,1554,0,270,368,0,916,0,0,101,11,1700,916,638,1700,566231.05,5855.65,50,93,64,1347,0,0,0,0,0,270,1284,0
210243,20,-0.1,-0.03,-0.5,-0.3,1,0.1,0.1,0.15,20,68.01,1684,1583,23,1560,877,0,499,0,184,0,0,101,16,1700,1061,499,1700,477277.83,4864.83,423,212,147,778,0,0,0,0,877,0,683,0
210244,20,-0.1,-0.03,-0.5,-0.3,1,0.1,0.1,0.15,30,67.35,1689,1588,32,1556,973,324,184,0,75,0,0,101,11,1700,1048,508,1700,397855.39,4092.72,473,293,197,129,112,352,0,0,973,324,259,0
210245,20,-0.1,-0.03,-0.5,-0.3,1,0.1,0.1,0.15,30,55.42,1689,1588,56,1532,0,374,309,0,849,0,0,101,11,1700,849,683,1700,531703.95,5564.67,50,93,64,63,58,1204,0,0,0,374,1158,0
210246,20,-0.1,-0.03,-0.5,-0.3,1,0.1,0.1,0.15,30,73.06,1684,1583,35,1548,1033,0,417,0,98,0,0,101,16,1700,1131,417,1700,624665.39,6401.91,423,212,147,95,85,586,0,0,1033,0,515,0
210247,20,-0.1,-0.03,-0.5,-0.3,1,0.1,0.1,0.15,40,67.4,1689,1588,33,1555,1013,383,88,36,17,18,0,101,11,1700,1048,507,1700,362272.01,3729.24,473,293,197,129,112,93,59,199,1013,383,105,54
210248,20,-0.1,-0.03,-0.5,-0.3,1,0.1,0.1,0.15,40,51.9,1689,1588,58,1530,0,473,196,67,200,594,0,101,11,1700,794,736,1700,466192.08,4818.6,50,93,64,63,58,46,73,1083,0,473,396,661
210249,20,-0.1,-0.03,-0.5,-0.3,1,0.1,0.1,0.15,40,74.73,1684,1583,36,1547,1097,0,254,137,18,41,0,101,16,1700,1156,391,1700,634730.58,6504.46,423,212,147,95,85,71,40,474,1097,0,272,178
210250,20,-0.1,-0.03,-0.5,-0.3,1,0.1,0.1,0.15,50,67.07,1689,1588,33,1555,1013,391,0,121,0,30,0,101,11,1700,1043,512,1700,348524.97,3587.97,473,293,197,129,112,93,59,199,1013,391,0,151
210251,20,-0.1,-0.03,-0.5,-0.3,1,0.1,0.1,0.15,50,50.59,1689,1588,58,1530,0,497,0,259,0,774,0,101,11,1700,774,756,1700,412559.11,4256.95,50,93,64,63,58,46,73,1083,0,497,0,1033
210252,20,-0.1,-0.03,-0.5,-0.3,1,0.1,0.1,0.15,50,74.53,1684,1583,36,1547,1097,0,0,394,0,56,0,101,16,1700,1153,394,1700,610879.03,6261.53,423,212,147,95,85,71,40,474,1097,0,0,450
210253,20,-0.1,-0.03,-0.5,-0.3,1,0.1,0.1,0.15,60,67.07,1689,1588,33,1555,1013,391,0,121,0,30,0,101,11,1700,1043,512,1700,348524.97,3587.97,473,293,197,129,112,93,59,199,1013,391,0,151
210254,20,-0.1,-0.03,-0.5,-0.3,1,0.1,0.1,0.15,60,50.59,1689,1588,58,1530,0,497,0,259,0,774,0,101,11,1700,774,756,1700,412559.11,4256.95,50,93,64,63,58,46,73,1083,0,497,0,1033
210255,20,-0.1,-0.03,-0.5,-0.3,1,0.1,0.1,0.15,60,74.53,1684,1583,36,1547,1097,0,0,394,0,56,0,101,16,1700,1153,394,1700,610879.03,6261.53,423,212,147,95,85,71,40,474,1097,0,0,450
210256,20,-0.1,-0.03,-0.5,-0.3,1,0.1,0.2,0.15,20,59.32,1689,1588,32,1556,371,268,365,0,552,0,0,101,11,1700,923,633,1700,536944.74,5526.93,109,198,196,1053,0,0,0,0,371,268,917,0
210257,20,-0.1,-0.03,-0.5,-0.3,1,0.1,0.2,0.15,20,58.94,1689,1588,34,1554,0,270,368,0,916,0,0,101,11,1700,916,638,1700,566231.05,5855.65,50,93,64,1347,0,0,0,0,0,270,1284,0
210258,20,-0.1,-0.03,-0.5,-0.3,1,0.1,0.2,0.15,20,62.41,1684,1583,32,1551,378,0,583,0,590,0,0,101,16,1700,968,583,1700,661582.49,6784.04,59,105,132,1255,0,0,0,0,378,0,1173,0
210259,20,-0.1,-0.03,-0.5,-0.3,1,0.1,0.2,0.15,30,57.19,1689,1588,51,1537,522,368,290,0,357,0,0,101,11,1700,879,658,1700,562682.53,5826.28,109,198,196,136,141,757,0,0,522,368,647,0
210260,20,-0.1,-0.03,-0.5,-0.3,1,0.1,0.2,0.15,30,55.42,1689,1588,56,1532,0,374,309,0,849,0,0,101,11,1700,849,683,1700,531703.95,5564.67,50,93,64,63,58,1204,0,0,0,374,1158,0
210261,20,-0.1,-0.03,-0.5,-0.3,1,0.1,0.2,0.15,30,63.51,1684,1583,54,1529,551,0,558,0,420,0,0,101,16,1700,971,558,1700,827772.17,8521.85,59,105,132,82,100,1051,0,0,551,0,978,0
210262,20,-0.1,-0.03,-0.5,-0.3,1,0.1,0.2,0.15,40,55.31,1689,1588,53,1535,588,457,166,63,81,180,0,101,11,1700,849,686,1700,524018.83,5441.43,109,198,196,136,141,110,97,548,588,457,247,243
210263,20,-0.1,-0.03,-0.5,-0.3,1,0.1,0.2,0.15,40,51.9,1689,1588,58,1530,0,473,196,67,200,594,0,101,11,1700,794,736,1700,466192.08,4818.6,50,93,64,63,58,46,73,1083,0,473,396,661
210264,20,-0.1,-0.03,-0.5,-0.3,1,0.1,0.2,0.15,40,63.06,1684,1583,56,1527,628,0,381,183,88,247,0,101,16,1700,963,564,1700,846600.67,8722.22,59,105,132,82,100,73,53,923,628,0,469,430
210265,20,-0.1,-0.03,-0.5,-0.3,1,0.1,0.2,0.15,50,54.66,1689,1588,53,1535,591,477,0,219,0,248,0,101,11,1700,839,696,1700,493595.86,5127.84,109,198,196,136,141,110,97,548,591,477,0,467
210266,20,-0.1,-0.03,-0.5,-0.3,1,0.1,0.2,0.15,50,50.59,1689,1588,58,1530,0,497,0,259,0,774,0,101,11,1700,774,756,1700,412559.11,4256.95,50,93,64,63,58,46,73,1083,0,497,0,1033
210267,20,-0.1,-0.03,-0.5,-0.3,1,0.1,0.2,0.15,50,62.41,1684,1583,56,1527,631,0,0,574,0,322,0,101,16,1700,953,574,1700,794351.75,8187.23,59,105,132,82,100,73,53,923,631,0,0,896
210268,20,-0.1,-0.03,-0.5,-0.3,1,0.1,0.2,0.15,60,54.66,1689,1588,53,1535,591,477,0,219,0,248,0,101,11,1700,839,696,1700,493595.86,5127.84,109,198,196,136,141,110,97,548,591,477,0,467
210269,20,-0.1,-0.03,-0.5,-0.3,1,0.1,0.2,0.15,60,50.59,1689,1588,58,1530,0,497,0,259,0,774,0,101,11,1700,774,756,1700,412559.11,4256.95,50,93,64,63,58,46,73,1083,0,497,0,1033
210270,20,-0.1,-0.03,-0.5,-0.3,1,0.1,0.2,0.15,60,62.41,1684,1583,56,1527,631,0,0,574,0,322,0,101,16,1700,953,574,1700,794351.75,8187.23,59,105,132,82,100,73,53,923,631,0,0,896
210271,20,-0.1,-0.03,-0.5,-0.3,1,0.2,0.1,0.15,20,64.98,1689,1588,23,1565,847,245,303,0,170,0,0,101,11,1700,1017,548,1700,361962.29,3705.0,473,293,197,602,0,0,0,0,847,245,473,0
210272,20,-0.1,-0.03,-0.5,-0.3,1,0.2,0.1,0.15,20,58.94,1689,1588,34,1554,0,270,368,0,916,0,0,101,11,1700,916,638,1700,566231.05,5855.65,50,93,64,1347,0,0,0,0,0,270,1284,0
210273,20,-0.1,-0.03,-0.5,-0.3,1,0.2,0.1,0.15,20,68.01,1684,1583,23,1560,877,0,499,0,184,0,0,101,16,1700,1061,499,1700,477277.83,4864.83,423,212,147,778,0,0,0,0,877,0,683,0
210274,20,-0.1,-0.03,-0.5,-0.3,1,0.2,0.1,0.15,30,67.35,1689,1588,32,1556,973,324,184,0,75,0,0,101,11,1700,1048,508,1700,397855.39,4092.72,473,293,197,129,112,352,0,0,973,324,259,0
210275,20,-0.1,-0.03,-0.5,-0.3,1,0.2,0.1,0.15,30,55.42,1689,1588,56,1532,0,374,309,0,849,0,0,101,11,1700,849,683,1700,531703.95,5564.67,50,93,64,63,58,1204,0,0,0,374,1158,0
210276,20,-0.1,-0.03,-0.5,-0.3,1,0.2,0.1,0.15,30,73.06,1684,1583,35,1548,1033,0,417,0,98,0,0,101,16,1700,1131,417,1700,624665.39,6401.91,423,212,147,95,85,586,0,0,1033,0,515,0
210277,20,-0.1,-0.03,-0.5,-0.3,1,0.2,0.1,0.15,40,67.4,1689,1588,33,1555,1013,383,88,36,17,18,0,101,11,1700,1048,507,1700,362272.01,3729.24,473,293,197,129,112,93,59,199,1013,383,105,54
210278,20,-0.1,-0.03,-0.5,-0.3,1,0.2,0.1,0.15,40,51.9,1689,1588,58,1530,0,473,196,67,200,594,0,101,11,1700,794,736,1700,466192.08,4818.6,50,93,64,63,58,46,73,1083,0,473,396,661
210279,20,-0.1,-0.03,-0.5,-0.3,1,0.2,0.1,0.15,40,74.73,1684,1583,36,1547,1097,0,254,137,18,41,0,101,16,1700,1156,391,1700,634730.58,6504.46,423,212,147,95,85,71,40,474,1097,0,272,178
210280,20,-0.1,-0.03,-0.5,-0.3,1,0.2,0.1,0.15,50,67.07,1689,1588,33,1555,1013,391,0,121,0,30,0,101,11,1700,1043,512,1700,348524.97,3587.97,473,293,197,129,112,93,59,199,1013,391,0,151
210281,20,-0.1,-0.03,-0.5,-0.3,1,0.2,0.1,0.15,50,50.59,1689,1588,58,1530,0,497,0,259,0,774,0,101,11,1700,774,756,1700,412559.11,4256.95,50,93,64,63,58,46,73,1083,0,497,0,1033
210282,20,-0.1,-0.03,-0.5,-0.3,1,0.2,0.1,0.15,50,74.53,1684,1583,36,1547,1097,0,0,394,0,56,0,101,16,1700,1153,394,1700,610879.03,6261.53,423,212,147,95,85,71,40,474,1097,0,0,450
210283,20,-0.1,-0.03,-0.5,-0.3,1,0.2,0.1,0.15,60,67.07,1689,1588,33,1555,1013,391,0,121,0,30,0,101,11,1700,1043,512,1700,348524.97,3587.97,473,293,197,129,112,93,59,199,1013,391,0,151
210284,20,-0.1,-0.03,-0.5,-0.3,1,0.2,0.1,0.15,60,50.59,1689,1588,58,1530,0,497,0,259,0,774,0,101,11,1700,774,756,1700,412559.11,4256.95,50,93,64,63,58,46,73,1083,0,497,0,1033
210285,20,-0.1,-0.03,-0.5,-0.3,1,0.2,0.1,0.15,60,74.53,1684,1583,36,1547,1097,0,0,394,0,56,0,101,16,1700,1153,394,1700,610879.03,6261.53,423,212,147,95,85,71,40,474,1097,0,0,450
210286,20,-0.1,-0.03,-0.5,-0.3,1,0.2,0.2,0.15,20,59.32,1689,1588,32,1556,371,268,365,0,552,0,0,101,11,1700,923,633,1700,536944.74,5526.93,109,198,196,1053,0,0,0,0,371,268,917,0
210287,20,-0.1,-0.03,-0.5,-0.3,1,0.2,0.2,0.15,20,58.94,1689,1588,34,1554,0,270,368,0,916,0,0,101,11,1700,916,638,1700,566231.05,5855.65,50,93,64,1347,0,0,0,0,0,270,1284,0
210288,20,-0.1,-0.03,-0.5,-0.3,1,0.2,0.2,0.15,20,62.41,1684,1583,32,1551,378,0,583,0,590,0,0,101,16,1700,968,583,1700,661582.49,6784.04,59,105,132,1255,0,0,0,0,378,0,1173,0
210289,20,-0.1,-0.03,-0.5,-0.3,1,0.2,0.2,0.15,30,57.19,1689,1588,51,1537,522,368,290,0,357,0,0,101,11,1700,879,658,1700,562682.53,5826.28,109,198,196,136,141,757,0,0,522,368,647,0
210290,20,-0.1,-0.03,-0.5,-0.3,1,0.2,0.2,0.15,30,55.42,1689,1588,56,1532,0,374,309,0,849,0,0,101,11,1700,849,683,1700,531703.95,5564.67,50,93,64,63,58,1204,0,0,0,374,1158,0
210291,20,-0.1,-0.03,-0.5,-0.3,1,0.2,0.2,0.15,30,63.51,1684,1583,54,1529,551,0,558,0,420,0,0,101,16,1700,971,558,1700,827772.17,8521.85,59,105,132,82,100,1051,0,0,551,0,978,0
210292,20,-0.1,-0.03,-0.5,-0.3,1,0.2,0.2,0.15,40,55.31,1689,1588,53,1535,588,457,166,63,81,180,0,101,11,1700,849,686,1700,524018.83,5441.43,109,198,196,136,141,110,97,548,588,457,247,243
210293,20,-0.1,-0.03,-0.5,-0.3,1,0.2,0.2,0.15,40,51.9,1689,1588,58,1530,0,473,196,67,200,594,0,101,11,1700,794,736,1700,466192.08,4818.6,50,93,64,63,58,46,73,1083,0,473,396,661
210294,20,-0.1,-0.03,-0.5,-0.3,1,0.2,0.2,0.15,40,63.06,1684,1583,56,1527,628,0,381,183,88,247,0,101,16,1700,963,564,1700,846600.67,8722.22,59,105,132,82,100,73,53,923,628,0,469,430
210295,20,-0.1,-0.03,-0.5,-0.3,1,0.2,0.2,0.15,50,54.66,1689,1588,53,1535,591,477,0,219,0,248,0,101,11,1700,839,696,1700,493595.86,5127.84,109,198,196,136,141,110,97,548,591,477,0,467
210296,20,-0.1,-0.03,-0.5,-0.3,1,0.2,0.2,0.15,50,50.59,1689,1588,58,1530,0,497,0,259,0,774,0,101,11,1700,774,756,1700,412559.11,4256.95,50,93,64,63,58,46,73,1083,0,497,0,1033
210297,20,-0.1,-0.03,-0.5,-0.3,1,0.2,0.2,0.15,50,62.41,1684,1583,56,1527,631,0,0,574,0,322,0,101,16,1700,953,574,1700,794351.75,8187.23,59,105,132,82,100,73,53,923,631,0,0,896
210298,20,-0.1,-0.03,-0.5,-0.3,1,0.2,0.2,0.15,60,54.66,1689,1588,53,1535,591,477,0,219,0,248,0,101,11,1700,839,696,1700,493595.86,5127.84,109,198,196,136,141,110,97,548,591,477,0,467
210299,20,-0.1,-0.03,-0.5,-0.3,1,0.2,0.2,0.15,60,50.59,1689,1588,58,1530,0,497,0,259,0,774,0,101,11,1700,774,756,1700,412559.11,4256.95,50,93,64,63,58,46,73,1083,0,497,0,1033
210300,20,-0.1,-0.03,-0.5,-0.3,1,0.2,0.2,0.15,60,62.41,1684,1583,56,1527,631,0,0,574,0,322,0,101,16,1700,953,574,1700,794351.75,8187.23,59,105,132,82,100,73,53,923,631,0,0,896
210301,20,-0.1,-0.03,-0.5,-0.3,2,0.1,0.1,0.15,20,69.52,1689,1588,23,1565,906,240,237,0,182,0,0,101,11,1700,1088,477,1700,502986.87,6051.91,493,307,220,545,0,0,0,0,906,240,419,0
210302,20,-0.1,-0.03,-0.5,-0.3,2,0.1,0.1,0.15,20,63.64,1689,1588,34,1554,0,270,295,0,989,0,0,101,11,1700,989,565,1700,767064.03,8581.61,50,93,64,1347,0,0,0,0,0,270,1284,0
210303,20,-0.1,-0.03,-0.5,-0.3,2,0.1,0.1,0.15,20,74.17,1684,1583,23,1560,953,0,403,0,204,0,0,101,16,1700,1157,403,1700,705416.28,7313.37,445,234,179,702,0,0,0,0,953,0,607,0
210304,20,-0.1,-0.03,-0.5,-0.3,2,0.1,0.1,0.15,30,71.34,1689,1588,32,1556,1037,314,132,0,73,0,0,101,11,1700,1110,446,1700,556130.33,6613.32,493,307,220,126,126,284,0,0,1037,314,205,0
210305,20,-0.1,-0.03,-0.5,-0.3,2,0.1,0.1,0.15,30,58.75,1689,1588,56,1532,0,374,258,0,900,0,0,101,11,1700,900,632,1700,814991.08,8862.53,50,93,64,63,58,1204,0,0,0,374,1158,0
210306,20,-0.1,-0.03,-0.5,-0.3,2,0.1,0.1,0.15,30,79.99,1684,1583,34,1549,1131,0,310,0,108,0,0,101,16,1700,1239,310,1700,965163.95,9008.97,445,234,179,95,118,478,0,0,1131,0,418,0
210307,20,-0.1,-0.03,-0.5,-0.3,2,0.1,0.1,0.15,40,70.93,1689,1588,33,1555,1065,362,69,21,21,17,0,101,11,1700,1103,452,1700,498825.78,6425.27,493,307,220,126,126,79,44,160,1065,362,90,38
210308,20,-0.1,-0.03,-0.5,-0.3,2,0.1,0.1,0.15,40,55.1,1689,1588,58,1530,0,473,170,44,226,617,0,101,11,1700,843,687,1700,731400.0,8564.96,50,93,64,63,58,46,73,1083,0,473,396,661
210309,20,-0.1,-0.03,-0.5,-0.3,2,0.1,0.1,0.15,40,81.4,1684,1583,35,1548,1192,0,206,82,27,41,0,101,16,1700,1260,288,1700,987041.2,9238.37,445,234,179,95,118,60,40,377,1192,0,233,123
210310,20,-0.1,-0.03,-0.5,-0.3,2,0.1,0.1,0.15,50,70.42,1689,1588,33,1555,1065,370,0,90,0,30,0,101,11,1700,1095,460,1700,478769.73,6322.27,493,307,220,126,126,79,44,160,1065,370,0,120
210311,20,-0.1,-0.03,-0.5,-0.3,2,0.1,0.1,0.15,50,53.27,1689,1588,58,1530,0,497,0,218,0,815,0,101,11,1700,815,715,1700,653905.7,8030.64,50,93,64,63,58,46,73,1083,0,497,0,1033
210312,20,-0.1,-0.03,-0.5,-0.3,2,0.1,0.1,0.15,50,81.33,1684,1583,35,1548,1193,0,0,289,0,66,0,101,16,1700,1259,289,1700,947799.4,9038.86,445,234,179,95,118,60,40,377,1193,0,0,355
210313,20,-0.1,-0.03,-0.5,-0.3,2,0.1,0.1,0.15,60,70.42,1689,1588,33,1555,1065,370,0,90,0,30,0,101,11,1700,1095,460,1700,478769.73,6322.27,493,307,220,126,126,79,44,160,1065,370,0,120
210314,20,-0.1,-0.03,-0.5,-0.3,2,0.1,0.1,0.15,60,53.27,1689,1588,58,1530,0,497,0,218,0,815,0,101,11,1700,815,715,1700,653905.7,8030.64,50,93,64,63,58,46,73,1083,0,497,0,1033
210315,20,-0.1,-0.03,-0.5,-0.3,2,0.1,0.1,0.15,60,81.33,1684,1583,35,1548,1193,0,0,289,0,66,0,101,16,1700,1259,289,1700,947799.4,9038.86,445,234,179,95,118,60,40,377,1193,0,0,355
210316,20,-0.1,-0.03,-0.5,-0.3,2,0.1,0.2,0.15,20,63.95,1689,1588,32,1556,404,268,293,0,591,0,0,101,11,1700,995,561,1700,732242.02,8206.8,110,207,205,1034,0,0,0,0,404,268,884,0
210317,20,-0.1,-0.03,-0.5,-0.3,2,0.1,0.2,0.15,20,63.64,1689,1588,34,1554,0,270,295,0,989,0,0,101,11,1700,989,565,1700,767064.03,8581.61,50,93,64,1347,0,0,0,0,0,270,1284,0
210318,20,-0.1,-0.03,-0.5,-0.3,2,0.1,0.2,0.15,20,68.73,1684,1583,32,1551,424,0,485,0,642,0,0,101,16,1700,1066,485,1700,963844.52,9679.45,60,114,149,1228,0,0,0,0,424,0,1127,0
210319,20,-0.1,-0.03,-0.5,-0.3,2,0.1,0.2,0.15,30,60.51,1689,1588,51,1537,564,368,239,0,366,0,0,101,11,1700,930,607,1700,826050.55,8974.49,110,207,205,150,147,718,0,0,564,368,605,0
210320,20,-0.1,-0.03,-0.5,-0.3,2,0.1,0.2,0.15,30,58.75,1689,1588,56,1532,0,374,258,0,900,0,0,101,11,1700,900,632,1700,814991.08,8862.53,50,93,64,63,58,1204,0,0,0,374,1158,0
210321,20,-0.1,-0.03,-0.5,-0.3,2,0.1,0.2,0.15,30,69.59,1684,1583,54,1529,615,0,465,0,449,0,0,101,16,1700,1064,465,1700,1335903.98,11983.89,60,114,149,101,110,995,0,0,615,0,914,0
210322,20,-0.1,-0.03,-0.5,-0.3,2,0.1,0.2,0.15,40,58.37,1689,1588,53,1535,644,456,141,42,94,158,0,101,11,1700,896,639,1700,763260.84,8939.21,110,207,205,150,147,113,101,502,644,456,235,200
210323,20,-0.1,-0.03,-0.5,-0.3,2,0.1,0.2,0.15,40,55.1,1689,1588,58,1530,0,473,170,44,226,617,0,101,11,1700,843,687,1700,731400.0,8564.96,50,93,64,63,58,46,73,1083,0,473,396,661
210324,20,-0.1,-0.03,-0.5,-0.3,2,0.1,0.2,0.15,40,69.55,1684,1583,56,1527,715,0,337,128,112,235,0,101,16,1700,1062,465,1700,1402218.66,12634.26,60,114,149,101,110,81,63,849,715,0,449,363
210325,20,-0.1,-0.03,-0.5,-0.3,2,0.1,0.2,0.15,50,57.39,1689,1588,53,1535,646,475,0,179,0,235,0,101,11,1700,881,654,1700,717388.96,8677.13,110,207,205,150,147,113,101,502,646,475,0,414
210326,20,-0.1,-0.03,-0.5,-0.3,2,0.1,0.2,0.15,50,53.27,1689,1588,58,1530,0,497,0,218,0,815,0,101,11,1700,815,715,1700,653905.7,8030.64,50,93,64,63,58,46,73,1083,0,497,0,1033
210327,20,-0.1,-0.03,-0.5,-0.3,2,0.1,0.2,0.15,50,69.22,1684,1583,56,1527,717,0,0,470,0,340,0,101,16,1700,1057,470,1700,1315688.08,12168.07,60,114,149,101,110,81,63,849,717,0,0,810
210328,20,-0.1,-0.03,-0.5,-0.3,2,0.1,0.2,0.15,60,57.39,1689,1588,53,1535,646,475,0,179,0,235,0,101,11,1700,881,654,1700,717388.96,8677.13,110,207,205,150,147,113,101,502,646,475,0,414
210329,20,-0.1,-0.03,-0.5,-0.3,2,0.1,0.2,0.15,60,53.27,1689,1588,58,1530,0,497,0,218,0,815,0,101,11,1700,815,715,1700,653905.7,8030.64,50,93,64,63,58,46,73,1083,0,497,0,1033
210330,20,-0.1,-0.03,-0.5,-0.3,2,0.1,0.2,0.15,60,69.22,1684,1583,56,1527,717,0,0,470,0,340,0,101,16,1700,1057,470,1700,1315688.08,12168.07,60,114,149,101,110,81,63,849,717,0,0,810
210331,20,-0.1,-0.03,-0.5,-0.3,2,0.2,0.1,0.15,20,64.98,1689,1588,23,1565,847,245,303,0,170,0,0,101,11,1700,1017,548,1700,361962.29,3705.0,473,293,197,602,0,0,0,0,847,245,473,0
210332,20,-0.1,-0.03,-0.5,-0.3,2,0.2,0.1,0.15,20,58.94,1689,1588,34,1554,0,270,368,0,916,0,0,101,11,1700,916,638,1700,566231.05,5855.65,50,93,64,1347,0,0,0,0,0,270,1284,0
210333,20,-0.1,-0.03,-0.5,-0.3,2,0.2,0.1,0.15,20,68.01,1684,1583,23,1560,877,0,499,0,184,0,0,101,16,1700,1061,499,1700,477277.83,4864.83,423,212,147,778,0,0,0,0,877,0,683,0
210334,20,-0.1,-0.03,-0.5,-0.3,2,0.2,0.1,0.15,30,67.35,1689,1588,32,1556,973,324,184,0,75,0,0,101,11,1700,1048,508,1700,397855.39,4092.72,473,293,197,129,112,352,0,0,973,324,259,0
210335,20,-0.1,-0.03,-0.5,-0.3,2,0.2,0.1,0.15,30,55.42,1689,1588,56,1532,0,374,309,0,849,0,0,101,11,1700,849,683,1700,531703.95,5564.67,50,93,64,63,58,1204,0,0,0,374,1158,0
210336,20,-0.1,-0.03,-0.5,-0.3,2,0.2,0.1,0.15,30,73.06,1684,1583,35,1548,1033,0,417,0,98,0,0,101,16,1700,1131,417,1700,624665.39,6401.91,423,212,147,95,85,586,0,0,1033,0,515,0
210337,20,-0.1,-0.03,-0.5,-0.3,2,0.2,0.1,0.15,40,67.4,1689,1588,33,1555,1013,383,88,36,17,18,0,101,11,1700,1048,507,1700,362272.01,3729.24,473,293,197,129,112,93,59,199,1013,383,105,54
210338,20,-0.1,-0.03,-0.5,-0.3,2,0.2,0.1,0.15,40,51.9,1689,1588,58,1530,0,473,196,67,200,594,0,101,11,1700,794,736,1700,466192.08,4818.6,50,93,64,63,58,46,73,1083,0,473,396,661
210339,20,-0.1,-0.03,-0.5,-0.3,2,0.2,0.1,0.15,40,74.73,1684,1583,36,1547,1097,0,254,137,18,41,0,101,16,1700,1156,391,1700,634730.58,6504.46,423,212,147,95,85,71,40,474,1097,0,272,178
210340,20,-0.1,-0.03,-0.5,-0.3,2,0.2,0.1,0.15,50,67.07,1689,1588,33,1555,1013,391,0,121,0,30,0,101,11,1700,1043,512,1700,348524.97,3587.97,473,293,197,129,112,93,59,199,1013,391,0,151
210341,20,-0.1,-0.03,-0.5,-0.3,2,0.2,0.1,0.15,50,50.59,1689,1588,58,1530,0,497,0,259,0,774,0,101,11,1700,774,756,1700,412559.11,4256.95,50,93,64,63,58,46,73,1083,0,497,0,1033
210342,20,-0.1,-0.03,-0.5,-0.3,2,0.2,0.1,0.15,50,74.53,1684,1583,36,1547,1097,0,0,394,0,56,0,101,16,1700,1153,394,1700,610879.03,6261.53,423,212,147,95,85,71,40,474,1097,0,0,450
210343,20,-0.1,-0.03,-0.5,-0.3,2,0.2,0.1,0.15,60,67.07,1689,1588,33,1555,1013,391,0,121,0,30,0,101,11,1700,1043,512,1700,348524.97,3587.97,473,293,197,129,112,93,59,199,1013,391,0,151
210344,20,-0.1,-0.03,-0.5,-0.3,2,0.2,0.1,0.15,60,50.59,1689,1588,58,1530,0,497,0,259,0,774,0,101,11,1700,774,756,1700,412559.11,4256.95,50,93,64,63,58,46,73,1083,0,497,0,1033
210345,20,-0.1,-0.03,-0.5,-0.3,2,0.2,0.1,0.15,60,74.53,1684,1583,36,1547,1097,0,0,394,0,56,0,101,16,1700,1153,394,1700,610879.03,6261.53,423,212,147,95,85,71,40,474,1097,0,0,450
210346,20,-0.1,-0.03,-0.5,-0.3,2,0.2,0.2,0.15,20,59.32,1689,1588,32,1556,371,268,365,0,552,0,0,101,11,1700,923,633,1700,536944.74,5526.93,109,198,196,1053,0,0,0,0,371,268,917,0
210347,20,-0.1,-0.03,-0.5,-0.3,2,0.2,0.2,0.15,20,58.94,1689,1588,34,1554,0,270,368,0,916,0,0,101,11,1700,916,638,1700,566231.05,5855.65,50,93,64,1347,0,0,0,0,0,270,1284,0
210348,20,-0.1,-0.03,-0.5,-0.3,2,0.2,0.2,0.15,20,62.41,1684,1583,32,1551,378,0,583,0,590,0,0,101,16,1700,968,583,1700,661582.49,6784.04,59,105,132,1255,0,0,0,0,378,0,1173,0
210349,20,-0.1,-0.03,-0.5,-0.3,2,0.2,0.2,0.15,30,57.19,1689,1588,51,1537,522,368,290,0,357,0,0,101,11,1700,879,658,1700,562682.53,5826.28,109,198,196,136,141,757,0,0,522,368,647,0
210350,20,-0.1,-0.03,-0.5,-0.3,2,0.2,0.2,0.15,30,55.42,1689,1588,56,1532,0,374,309,0,849,0,0,101,11,1700,849,683,1700,531703.95,5564.67,50,93,64,63,58,1204,0,0,0,374,1158,0
210351,20,-0.1,-0.03,-0.5,-0.3,2,0.2,0.2,0.15,30,63.51,1684,1583,54,1529,551,0,558,0,420,0,0,101,16,1700,971,558,1700,827772.17,8521.85,59,105,132,82,100,1051,0,0,551,0,978,0
210352,20,-0.1,-0.03,-0.5,-0.3,2,0.2,0.2,0.15,40,55.31,1689,1588,53,1535,588,457,166,63,81,180,0,101,11,1700,849,686,1700,524018.83,5441.43,109,198,196,136,141,110,97,548,588,457,247,243
210353,20,-0.1,-0.03,-0.5,-0.3,2,0.2,0.2,0.15,40,51.9,1689,1588,58,1530,0,473,196,67,200,594,0,101,11,1700,794,736,1700,466192.08,4818.6,50,93,64,63,58,46,73,1083,0,473,396,661
210354,20,-0.1,-0.03,-0.5,-0.3,2,0.2,0.2,0.15,40,63.06,1684,1583,56,1527,628,0,381,183,88,247,0,101,16,1700,963,564,1700,846600.67,8722.22,59,105,132,82,100,73,53,923,628,0,469,430
210355,20,-0.1,-0.03,-0.5,-0.3,2,0.2,0.2,0.15,50,54.66,1689,1588,53,1535,591,477,0,219,0,248,0,101,11,1700,839,696,1700,493595.86,5127.84,109,198,196,136,141,110,97,548,591,477,0,467
210356,20,-0.1,-0.03,-0.5,-0.3,2,0.2,0.2,0.15,50,50.59,1689,1588,58,1530,0,497,0,259,0,774,0,101,11,1700,774,756,1700,412559.11,4256.95,50,93,64,63,58,46,73,1083,0,497,0,1033
210357,20,-0.1,-0.03,-0.5,-0.3,2,0.2,0.2,0.15,50,62.41,1684,1583,56,1527,631,0,0,574,0,322,0,101,16,1700,953,574,1700,794351.75,8187.23,59,105,132,82,100,73,53,923,631,0,0,896
210358,20,-0.1,-0.03,-0.5,-0.3,2,0.2,0.2,0.15,60,54.66,1689,1588,53,1535,591,477,0,219,0,248,0,101,11,1700,839,696,1700,493595.86,5127.84,109,198,196,136,141,110,97,548,591,477,0,467
210359,20,-0.1,-0.03,-0.5,-0.3,2,0.2,0.2,0.15,60,50.59,1689,1588,58,1530,0,497,0,259,0,774,0,101,11,1700,774,756,1700,412559.11,4256.95,50,93,64,63,58,46,73,1083,0,497,0,1033
210360,20,-0.1,-0.03,-0.5,-0.3,2,0.2,0.2,0.15,60,62.41,1684,1583,56,1527,631,0,0,574,0,322,0,101,16,1700,953,574,1700,794351.75,8187.23,59,105,132,82,100,73,53,923,631,0,0,896
210361,20,-0.1,-0.03,-0.5,-0.25,1,0.1,0.1,0.15,20,63.15,2056,1941,28,1913,975,305,400,0,233,0,0,115,17,2073,1208,705,2073,368872.05,3771.44,544,340,234,795,0,0,0,0,975,305,633,0
210362,20,-0.1,-0.03,-0.5,-0.25,1,0.1,0.1,0.15,20,57.65,2056,1941,40,1901,0,331,474,0,1096,0,0,115,17,2073,1096,805,2073,571186.21,5917.41,71,108,78,1644,0,0,0,0,0,331,1570,0
210363,20,-0.1,-0.03,-0.5,-0.25,1,0.1,0.1,0.15,20,65.79,2050,1935,29,1906,1006,0,652,0,248,0,0,115,23,2073,1254,652,2073,486913.02,4957.43,473,246,170,1017,0,0,0,0,1006,0,900,0
210364,20,-0.1,-0.03,-0.5,-0.25,1,0.1,0.1,0.15,30,64.86,2056,1941,43,1898,1127,404,263,0,104,0,0,115,17,2073,1231,667,2073,400211.22,4132.34,544,340,234,162,139,479,0,0,1127,404,367,0
210365,20,-0.1,-0.03,-0.5,-0.25,1,0.1,0.1,0.15,30,53.37,2056,1941,71,1870,0,458,414,0,998,0,0,115,17,2073,998,872,2073,503983.1,5306.72,71,108,78,74,73,1466,0,0,0,458,1412,0
210366,20,-0.1,-0.03,-0.5,-0.25,1,0.1,0.1,0.15,30,70.02,2050,1935,47,1888,1194,0,566,0,128,0,0,115,23,2073,1322,566,2073,648559.5,6657.46,473,246,170,117,103,779,0,0,1194,0,694,0
210367,20,-0.1,-0.03,-0.5,-0.25,1,0.1,0.1,0.15,40,65.26,2056,1941,44,1897,1179,478,128,53,30,29,0,115,17,2073,1238,659,2073,361065.29,3719.73,544,340,234,162,139,112,69,297,1179,478,158,82
210368,20,-0.1,-0.03,-0.5,-0.25,1,0.1,0.1,0.15,40,50.27,2056,1941,73,1868,0,574,264,91,243,696,0,115,17,2073,939,929,2073,416627.3,4324.11,71,108,78,74,73,54,86,1324,0,574,507,787
210369,20,-0.1,-0.03,-0.5,-0.25,1,0.1,0.1,0.15,40,72.32,2050,1935,49,1886,1275,0,333,189,32,57,0,115,23,2073,1364,522,2073,682066.46,6965.84,473,246,170,117,103,85,46,646,1275,0,365,246
210370,20,-0.1,-0.03,-0.5,-0.25,1,0.1,0.1,0.15,50,64.89,2056,1941,44,1897,1180,489,0,177,0,51,0,115,17,2073,1231,666,2073,346294.3,3567.85,544,340,234,162,139,112,69,297,1180,489,0,228
210371,20,-0.1,-0.03,-0.5,-0.25,1,0.1,0.1,0.15,50,49.14,2056,1941,73,1868,0,605,0,345,0,918,0,115,17,2073,918,950,2073,354748.8,3678.13,71,108,78,74,73,54,86,1324,0,605,0,1263
210372,20,-0.1,-0.03,-0.5,-0.25,1,0.1,0.1,0.15,50,72.06,2050,1935,49,1886,1276,0,0,527,0,83,0,115,23,2073,1359,527,2073,652841.15,6667.36,473,246,170,117,103,85,46,646,1276,0,0,610
210373,20,-0.1,-0.03,-0.5,-0.25,1,0.1,0.1,0.15,60,64.89,2056,1941,44,1897,1180,489,0,177,0,51,0,115,17,2073,1231,666,2073,346294.3,3567.85,544,340,234,162,139,112,69,297,1180,489,0,228
210374,20,-0.1,-0.03,-0.5,-0.25,1,0.1,0.1,0.15,60,49.14,2056,1941,73,1868,0,605,0,345,0,918,0,115,17,2073,918,950,2073,354748.8,3678.13,71,108,78,74,73,54,86,1324,0,605,0,1263
210375,20,-0.1,-0.03,-0.5,-0.25,1,0.1,0.1,0.15,60,72.06,2050,1935,49,1886,1276,0,0,527,0,83,0,115,23,2073,1359,527,2073,652841.15,6667.36,473,246,170,117,103,85,46,646,1276,0,0,610
210376,20,-0.1,-0.03,-0.5,-0.25,1,0.1,0.2,0.15,20,57.96,2056,1941,38,1903,407,329,471,0,696,0,0,115,17,2073,1103,800,2073,550483.18,5674.58,135,220,221,1327,0,0,0,0,407,329,1167,0
210377,20,-0.1,-0.03,-0.5,-0.25,1,0.1,0.2,0.15,20,57.65,2056,1941,40,1901,0,331,474,0,1096,0,0,115,17,2073,1096,805,2073,571186.21,5917.41,71,108,78,1644,0,0,0,0,0,331,1570,0
210378,20,-0.1,-0.03,-0.5,-0.25,1,0.1,0.2,0.15,20,60.6,2050,1935,39,1896,414,0,747,0,735,0,0,115,23,2073,1149,747,2073,669922.93,6876.98,64,112,143,1577,0,0,0,0,414,0,1482,0
210379,20,-0.1,-0.03,-0.5,-0.25,1,0.1,0.2,0.15,30,55.17,2056,1941,65,1876,580,451,390,0,455,0,0,115,17,2073,1035,841,2073,567109.49,5896.5,135,220,221,160,169,971,0,0,580,451,845,0
210380,20,-0.1,-0.03,-0.5,-0.25,1,0.1,0.2,0.15,30,53.37,2056,1941,71,1870,0,458,414,0,998,0,0,115,17,2073,998,872,2073,503983.1,5306.72,71,108,78,74,73,1466,0,0,0,458,1412,0
210381,20,-0.1,-0.03,-0.5,-0.25,1,0.1,0.2,0.15,30,60.77,2050,1935,69,1866,609,0,732,0,525,0,0,115,23,2073,1134,732,2073,847729.98,8746.1,64,112,143,95,114,1338,0,0,609,0,1257,0
210382,20,-0.1,-0.03,-0.5,-0.25,1,0.1,0.2,0.15,40,53.58,2056,1941,67,1874,659,557,226,87,112,233,0,115,17,2073,1004,870,2073,521284.44,5427.51,135,220,221,160,169,126,115,728,659,557,338,320
210383,20,-0.1,-0.03,-0.5,-0.25,1,0.1,0.2,0.15,40,50.27,2056,1941,73,1868,0,574,264,91,243,696,0,115,17,2073,939,929,2073,416627.3,4324.11,71,108,78,74,73,54,86,1324,0,574,507,787
210384,20,-0.1,-0.03,-0.5,-0.25,1,0.1,0.2,0.15,40,60.92,2050,1935,72,1863,701,0,484,244,122,312,0,115,23,2073,1135,728,2073,887100.72,9123.8,64,112,143,95,114,81,63,1191,701,0,606,556
210385,20,-0.1,-0.03,-0.5,-0.25,1,0.1,0.2,0.15,50,52.93,2056,1941,67,1874,662,582,0,300,0,330,0,115,17,2073,992,882,2073,484858.22,5051.95,135,220,221,160,169,126,115,728,662,582,0,630
210386,20,-0.1,-0.03,-0.5,-0.25,1,0.1,0.2,0.15,50,49.14,2056,1941,73,1868,0,605,0,345,0,918,0,115,17,2073,918,950,2073,354748.8,3678.13,71,108,78,74,73,54,86,1324,0,605,0,1263
210387,20,-0.1,-0.03,-0.5,-0.25,1,0.1,0.2,0.15,50,60.28,2050,1935,72,1863,704,0,0,740,0,419,0,115,23,2073,1123,740,2073,822807.95,8464.3,64,112,143,95,114,81,63,1191,704,0,0,1159
210388,20,-0.1,-0.03,-0.5,-0.25,1,0.1,0.2,0.15,60,52.93,2056,1941,67,1874,662,582,0,300,0,330,0,115,17,2073,992,882,2073,484858.22,5051.95,135,220,221,160,169,126,115,728,662,582,0,630
210389,20,-0.1,-0.03,-0.5,-0.25,1,0.1,0.2,0.15,60,49.14,2056,1941,73,1868,0,605,0,345,0,918,0,115,17,2073,918,950,2073,354748.8,3678.13,71,108,78,74,73,54,86,1324,0,605,0,1263
210390,20,-0.1,-0.03,-0.5,-0.25,1,0.1,0.2,0.15,60,60.28,2050,1935,72,1863,704,0,0,740,0,419,0,115,23,2073,1123,740,2073,822807.95,8464.3,64,112,143,95,114,81,63,1191,704,0,0,1159
210391,20,-0.1,-0.03,-0.5,-0.25,1,0.2,0.1,0.15,20,63.15,2056,1941,28,1913,975,305,400,0,233,0,0,115,17,2073,1208,705,2073,368872.05,3771.44,544,340,234,795,0,0,0,0,975,305,633,0
210392,20,-0.1,-0.03,-0.5,-0.25,1,0.2,0.1,0.15,20,57.65,2056,1941,40,1901,0,331,474,0,1096,0,0,115,17,2073,1096,805,2073,571186.21,5917.41,71,108,78,1644,0,0,0,0,0,331,1570,0
210393,20,-0.1,-0.03,-0.5,-0.25,1,0.2,0.1,0.15,20,65.79,2050,1935,29,1906,1006,0,652,0,248,0,0,115,23,2073,1254,652,2073,486913.02,4957.43,473,246,170,1017,0,0,0,0,1006,0,900,0
210394,20,-0.1,-0.03,-0.5,-0.25,1,0.2,0.1,0.15,30,64.86,2056,1941,43,1898,1127,404,263,0,104,0,0,115,17,2073,1231,667,2073,400211.22,4132.34,544,340,234,162,139,479,0,0,1127,404,367,0
210395,20,-0.1,-0.03,-0.5,-0.25,1,0.2,0.1,0.15,30,53.37,2056,1941,71,1870,0,458,414,0,998,0,0,115,17,2073,998,872,2073,503983.1,5306.72,71,108,78,74,73,1466,0,0,0,458,1412,0
210396,20,-0.1,-0.03,-0.5,-0.25,1,0.2,0.1,0.15,30,70.02,2050,1935,47,1888,1194,0,566,0,128,0,0,115,23,2073,1322,566,2073,648559.5,6657.46,473,246,170,117,103,779,0,0,1194,0,694,0
210397,20,-0.1,-0.03,-0.5,-0.25,1,0.2,0.1,0.15,40,65.26,2056,1941,44,1897,1179,478,128,53,30,29,0,115,17,2073,1238,659,2073,361065.29,3719.73,544,340,234,162,139,112,69,297,1179,478,158,82
210398,20,-0.1,-0.03,-0.5,-0.25,1,0.2,0.1,0.15,40,50.27,2056,1941,73,1868,0,574,264,91,243,696,0,115,17,2073,939,929,2073,416627.3,4324.11,71,108,78,74,73,54,86,1324,0,574,507,787
210399,20,-0.1,-0.03,-0.5,-0.25,1,0.2,0.1,0.15,40,72.32,2050,1935,49,1886,1275,0,333,189,32,57,0,115,23,2073,1364,522,2073,682066.46,6965.84,473,246,170,117,103,85,46,646,1275,0,365,246
210400,20,-0.1,-0.03,-0.5,-0.25,1,0.2,0.1,0.15,50,64.89,2056,1941,44,1897,1180,489,0,177,0,51,0,115,17,2073,1231,666,2073,346294.3,3567.85,544,340,234,162,139,112,69,297,1180,489,0,228
210401,20,-0.1,-0.03,-0.5,-0.25,1,0.2,0.1,0.15,50,49.14,2056,1941,73,1868,0,605,0,345,0,918,0,115,17,2073,918,950,2073,354748.8,3678.13,71,108,78,74,73,54,86,1324,0,605,0,1263
210402,20,-0.1,-0.03,-0.5,-0.25,1,0.2,0.1,0.15,50,72.06,2050,1935,49,1886,1276,0,0,527,0,83,0,115,23,2073,1359,527,2073,652841.15,6667.36,473,246,170,117,103,85,46,646,1276,0,0,610
210403,20,-0.1,-0.03,-0.5,-0.25,1,0.2,0.1,0.15,60,64.89,2056,1941,44,1897,1180,489,0,177,0,51,0,115,17,2073,1231,666,2073,346294.3,3567.85,544,340,234,162,139,112,69,297,1180,489,0,228
210404,20,-0.1,-0.03,-0.5,-0.25,1,0.2,0.1,0.15,60,49.14,2056,1941,73,1868,0,605,0,345,0,918,0,115,17,2073,918,950,2073,354748.8,3678.13,71,108,78,74,73,54,86,1324,0,605,0,1263
210405,20,-0.1,-0.03,-0.5,-0.25,1,0.2,0.1,0.15,60,72.06,2050,1935,49,1886,1276,0,0,527,0,83,0,115,23,2073,1359,527,2073,652841.15,6667.36,473,246,170,117,103,85,46,646,1276,0,0,610
210406,20,-0.1,-0.03,-0.5,-0.25,1,0.2,0.2,0.15,20,57.96,2056,1941,38,1903,407,329,471,0,696,0,0,115,17,2073,1103,800,2073,550483.18,5674.58,135,220,221,1327,0,0,0,0,407,329,1167,0
210407,20,-0.1,-0.03,-0.5,-0.25,1,0.2,0.2,0.15,20,57.65,2056,1941,40,1901,0,331,474,0,1096,0,0,115,17,2073,1096,805,2073,571186.21,5917.41,71,108,78,1644,0,0,0,0,0,331,1570,0
210408,20,-0.1,-0.03,-0.5,-0.25,1,0.2,0.2,0.15,20,60.6,2050,1935,39,1896,414,0,747,0,735,0,0,115,23,2073,1149,747,2073,669922.93,6876.98,64,112,143,1577,0,0,0,0,414,0,1482,0
210409,20,-0.1,-0.03,-0.5,-0.25,1,0.2,0.2,0.15,30,55.17,2056,1941,65,1876,580,451,390,0,455,0,0,115,17,2073,1035,841,2073,567109.49,5896.5,135,220,221,160,169,971,0,0,580,451,845,0
210410,20,-0.1,-0.03,-0.5,-0.25,1,0.2,0.2,0.15,30,53.37,2056,1941,71,1870,0,458,414,0,998,0,0,115,17,2073,998,872,2073,503983.1,5306.72,71,108,78,74,73,1466,0,0,0,458,1412,0
210411,20,-0.1,-0.03,-0.5,-0.25,1,0.2,0.2,0.15,30,60.77,2050,1935,69,1866,609,0,732,0,525,0,0,115,23,2073,1134,732,2073,847729.98,8746.1,64,112,143,95,114,1338,0,0,609,0,1257,0
210412,20,-0.1,-0.03,-0.5,-0.25,1,0.2,0.2,0.15,40,53.58,2056,1941,67,1874,659,557,226,87,112,233,0,115,17,2073,1004,870,2073,521284.44,5427.51,135,220,221,160,169,126,115,728,659,557,338,320
210413,20,-0.1,-0.03,-0.5,-0.25,1,0.2,0.2,0.15,40,50.27,2056,1941,73,1868,0,574,264,91,243,696,0,115,17,2073,939,929,2073,416627.3,4324.11,71,108,78,74,73,54,86,1324,0,574,507,787
210414,20,-0.1,-0.03,-0.5,-0.25,1,0.2,0.2,0.15,40,60.92,2050,1935,72,1863,701,0,484,244,122,312,0,115,23,2073,1135,728,2073,887100.72,9123.8,64,112,143,95,114,81,63,1191,701,0,606,556
210415,20,-0.1,-0.03,-0.5,-0.25,1,0.2,0.2,0.15,50,52.93,2056,1941,67,1874,662,582,0,300,0,330,0,115,17,2073,992,882,2073,484858.22,5051.95,135,220,221,160,169,126,115,728,662,582,0,630
210416,20,-0.1,-0.03,-0.5,-0.25,1,0.2,0.2,0.15,50,49.14,2056,1941,73,1868,0,605,0,345,0,918,0,115,17,2073,918,950,2073,354748.8,3678.13,71,108,78,74,73,54,86,1324,0,605,0,1263
210417,20,-0.1,-0.03,-0.5,-0.25,1,0.2,0.2,0.15,50,60.28,2050,1935,72,1863,704,0,0,740,0,419,0,115,23,2073,1123,740,2073,822807.95,8464.3,64,112,143,95,114,81,63,1191,704,0,0,1159
210418,20,-0.1,-0.03,-0.5,-0.25,1,0.2,0.2,0.15,60,52.93,2056,1941,67,1874,662,582,0,300,0,330,0,115,17,2073,992,882,2073,484858.22,5051.95,135,220,221,160,169,126,115,728,662,582,0,630
210419,20,-0.1,-0.03,-0.5,-0.25,1,0.2,0.2,0.15,60,49.14,2056,1941,73,1868,0,605,0,345,0,918,0,115,17,2073,918,950,2073,354748.8,3678.13,71,108,78,74,73,54,86,1324,0,605,0,1263
210420,20,-0.1,-0.03,-0.5,-0.25,1,0.2,0.2,0.15,60,60.28,2050,1935,72,1863,704,0,0,740,0,419,0,115,23,2073,1123,740,2073,822807.95,8464.3,64,112,143,95,114,81,63,1191,704,0,0,1159
210421,20,-0.1,-0.03,-0.5,-0.25,2,0.1,0.1,0.15,20,67.49,2056,1941,28,1913,1049,299,323,0,242,0,0,115,17,2073,1291,622,2073,529232.45,6718.11,567,358,259,729,0,0,0,0,1049,299,565,0
210422,20,-0.1,-0.03,-0.5,-0.25,2,0.1,0.1,0.15,20,62.18,2056,1941,40,1901,0,331,388,0,1182,0,0,115,17,2073,1182,719,2073,797857.26,9277.22,71,108,78,1644,0,0,0,0,0,331,1570,0
210423,20,-0.1,-0.03,-0.5,-0.25,2,0.1,0.1,0.15,20,71.77,2050,1935,29,1906,1099,0,538,0,269,0,0,115,23,2073,1368,538,2073,733274.07,8000.9,498,272,205,931,0,0,0,0,1099,0,807,0
210424,20,-0.1,-0.03,-0.5,-0.25,2,0.1,0.1,0.15,30,69.35,2056,1941,42,1899,1207,390,192,0,110,0,0,115,17,2073,1317,582,2073,588707.43,7403.94,567,358,259,164,152,399,0,0,1207,390,302,0
210425,20,-0.1,-0.03,-0.5,-0.25,2,0.1,0.1,0.15,30,57.01,2056,1941,71,1870,0,458,346,0,1066,0,0,115,17,2073,1066,804,2073,811197.88,9357.13,71,108,78,74,73,1466,0,0,0,458,1412,0
210426,20,-0.1,-0.03,-0.5,-0.25,2,0.1,0.1,0.15,30,77.35,2050,1935,45,1890,1311,0,428,0,151,0,0,115,23,2073,1462,428,2073,1027148.91,9961.48,498,272,205,124,137,654,0,0,1311,0,579,0
210427,20,-0.1,-0.03,-0.5,-0.25,2,0.1,0.1,0.15,40,69.02,2056,1941,43,1898,1247,453,106,29,36,27,0,115,17,2073,1310,588,2073,518903.09,7198.32,567,358,259,164,152,97,57,244,1247,453,142,56
210428,20,-0.1,-0.03,-0.5,-0.25,2,0.1,0.1,0.15,40,53.64,2056,1941,73,1868,0,574,233,59,274,728,0,115,17,2073,1002,866,2073,704820.88,8927.51,71,108,78,74,73,54,86,1324,0,574,507,787
210429,20,-0.1,-0.03,-0.5,-0.25,2,0.1,0.1,0.15,40,79.18,2050,1935,47,1888,1392,0,275,118,45,58,0,115,23,2073,1495,393,2073,1088431.28,10425.54,498,272,205,124,137,75,50,527,1392,0,320,176
210430,20,-0.1,-0.03,-0.5,-0.25,2,0.1,0.1,0.15,50,68.7,2056,1941,43,1898,1248,463,0,131,0,56,0,115,17,2073,1304,594,2073,497483.91,7088.37,567,358,259,164,152,97,57,244,1248,463,0,187
210431,20,-0.1,-0.03,-0.5,-0.25,2,0.1,0.1,0.15,50,52.25,2056,1941,73,1868,0,605,0,287,0,976,0,115,17,2073,976,892,2073,615662.15,8307.08,71,108,78,74,73,54,86,1324,0,605,0,1263
210432,20,-0.1,-0.03,-0.5,-0.25,2,0.1,0.1,0.15,50,79.18,2050,1935,47,1888,1394,0,0,393,0,101,0,115,23,2073,1495,393,2073,1039188.34,10174.54,498,272,205,124,137,75,50,527,1394,0,0,494
210433,20,-0.1,-0.03,-0.5,-0.25,2,0.1,0.1,0.15,60,68.7,2056,1941,43,1898,1248,463,0,131,0,56,0,115,17,2073,1304,594,2073,497483.91,7088.37,567,358,259,164,152,97,57,244,1248,463,0,187
210434,20,-0.1,-0.03,-0.5,-0.25,2,0.1,0.1,0.15,60,52.25,2056,1941,73,1868,0,605,0,287,0,976,0,115,17,2073,976,892,2073,615662.15,8307.08,71,108,78,74,73,54,86,1324,0,605,0,1263
210435,20,-0.1,-0.03,-0.5,-0.25,2,0.1,0.1,0.15,60,79.18,2050,1935,47,1888,1394,0,0,393,0,101,0,115,23,2073,1495,393,2073,1039188.34,10174.54,498,272,205,124,137,75,50,527,1394,0,0,494
210436,20,-0.1,-0.03,-0.5,-0.25,2,0.1,0.2,0.15,20,62.43,2056,1941,38,1903,442,329,386,0,746,0,0,115,17,2073,1188,715,2073,766906.36,8962.98,136,230,230,1307,0,0,0,0,442,329,1132,0
210437,20,-0.1,-0.03,-0.5,-0.25,2,0.1,0.2,0.15,20,62.18,2056,1941,40,1901,0,331,388,0,1182,0,0,115,17,2073,1182,719,2073,797857.26,9277.22,71,108,78,1644,0,0,0,0,0,331,1570,0
210438,20,-0.1,-0.03,-0.5,-0.25,2,0.1,0.2,0.15,20,66.82,2050,1935,39,1896,462,0,629,0,805,0,0,115,23,2073,1267,629,2073,984774.03,10385.8,65,122,160,1549,0,0,0,0,462,0,1434,0
210439,20,-0.1,-0.03,-0.5,-0.25,2,0.1,0.2,0.15,30,58.8,2056,1941,65,1876,632,451,322,0,471,0,0,115,17,2073,1103,773,2073,861580.42,9811.21,136,230,230,175,179,926,0,0,632,451,793,0
210440,20,-0.1,-0.03,-0.5,-0.25,2,0.1,0.2,0.15,30,57.01,2056,1941,71,1870,0,458,346,0,1066,0,0,115,17,2073,1066,804,2073,811197.88,9357.13,71,108,78,74,73,1466,0,0,0,458,1412,0
210441,20,-0.1,-0.03,-0.5,-0.25,2,0.1,0.2,0.15,30,67.31,2050,1935,69,1866,688,0,610,0,568,0,0,115,23,2073,1256,610,2073,1403920.85,13011.7,65,122,160,115,129,1275,0,0,688,0,1178,0
210442,20,-0.1,-0.03,-0.5,-0.25,2,0.1,0.2,0.15,40,56.83,2056,1941,67,1874,725,555,197,57,127,213,0,115,17,2073,1065,809,2073,791402.02,9785.11,136,230,230,175,179,133,118,673,725,555,324,270
210443,20,-0.1,-0.03,-0.5,-0.25,2,0.1,0.2,0.15,40,53.64,2056,1941,73,1868,0,574,233,59,274,728,0,115,17,2073,1002,866,2073,704820.88,8927.51,71,108,78,74,73,54,86,1324,0,574,507,787
210444,20,-0.1,-0.03,-0.5,-0.25,2,0.1,0.2,0.15,40,67.63,2050,1935,72,1863,804,0,431,172,151,305,0,115,23,2073,1260,603,2073,1517609.81,13936.86,65,122,160,115,129,97,74,1101,804,0,582,477
210445,20,-0.1,-0.03,-0.5,-0.25,2,0.1,0.2,0.15,50,56.14,2056,1941,67,1874,727,579,0,243,0,325,0,115,17,2073,1052,822,2073,736732.61,9459.33,136,230,230,175,179,133,118,673,727,579,0,568
210446,20,-0.1,-0.03,-0.5,-0.25,2,0.1,0.2,0.15,50,52.25,2056,1941,73,1868,0,605,0,287,0,976,0,115,17,2073,976,892,2073,615662.15,8307.08,71,108,78,74,73,54,86,1324,0,605,0,1263
210447,20,-0.1,-0.03,-0.5,-0.25,2,0.1,0.2,0.15,50,67.36,2050,1935,72,1863,806,0,0,608,0,449,0,115,23,2073,1255,608,2073,1409108.01,13338.91,65,122,160,115,129,97,74,1101,806,0,0,1057
210448,20,-0.1,-0.03,-0.5,-0.25,2,0.1,0.2,0.15,60,56.14,2056,1941,67,1874,727,579,0,243,0,325,0,115,17,2073,1052,822,2073,736732.61,9459.33,136,230,230,175,179,133,118,673,727,579,0,568
210449,20,-0.1,-0.03,-0.5,-0.25,2,0.1,0.2,0.15,60,52.25,2056,1941,73,1868,0,605,0,287,0,976,0,115,17,2073,976,892,2073,615662.15,8307.08,71,108,78,74,73,54,86,1324,0,605,0,1263
210450,20,-0.1,-0.03,-0.5,-0.25,2,0.1,0.2,0.15,60,67.36,2050,1935,72,1863,806,0,0,608,0,449,0,115,23,2073,1255,608,2073,1409108.01,13338.91,65,122,160,115,129,97,74,1101,806,0,0,1057
210451,20,-0.1,-0.03,-0.5,-0.25,2,0.2,0.1,0.15,20,63.15,2056,1941,28,1913,975,305,400,0,233,0,0,115,17,2073,1208,705,2073,368872.05,3771.44,544,340,234,795,0,0,0,0,975,305,633,0
210452,20,-0.1,-0.03,-0.5,-0.25,2,0.2,0.1,0.15,20,57.65,2056,1941,40,1901,0,331,474,0,1096,0,0,115,17,2073,1096,805,2073,571186.21,5917.41,71,108,78,1644,0,0,0,0,0,331,1570,0
210453,20,-0.1,-0.03,-0.5,-0.25,2,0.2,0.1,0.15,20,65.79,2050,1935,29,1906,1006,0,652,0,248,0,0,115,23,2073,1254,652,2073,486913.02,4957.43,473,246,170,1017,0,0,0,0,1006,0,900,0
210454,20,-0.1,-0.03,-0.5,-0.25,2,0.2,0.1,0.15,30,64.86,2056,1941,43,1898,1127,404,263,0,104,0,0,115,17,2073,1231,667,2073,400211.22,4132.34,544,340,234,162,139,479,0,0,1127,404,367,0
210455,20,-0.1,-0.03,-0.5,-0.25,2,0.2,0.1,0.15,30,53.37,2056,1941,71,1870,0,458,414,0,998,0,0,115,17,2073,998,872,2073,503983.1,5306.72,71,108,78,74,73,1466,0,0,0,458,1412,0
210456,20,-0.1,-0.03,-0.5,-0.25,2,0.2,0.1,0.15,30,70.02,2050,1935,47,1888,1194,0,566,0,128,0,0,115,23,2073,1322,566,2073,648559.5,6657.46,473,246,170,117,103,779,0,0,1194,0,694,0
210457,20,-0.1,-0.03,-0.5,-0.25,2,0.2,0.1,0.15,40,65.26,2056,1941,44,1897,1179,478,128,53,30,29,0,115,17,2073,1238,659,2073,361065.29,3719.73,544,340,234,162,139,112,69,297,1179,478,158,82
210458,20,-0.1,-0.03,-0.5,-0.25,2,0.2,0.1,0.15,40,50.27,2056,1941,73,1868,0,574,264,91,243,696,0,115,17,2073,939,929,2073,416627.3,4324.11,71,108,78,74,73,54,86,1324,0,574,507,787
210459,20,-0.1,-0.03,-0.5,-0.25,2,0.2,0.1,0.15,40,72.32,2050,1935,49,1886,1275,0,333,189,32,57,0,115,23,2073,1364,522,2073,682066.46,6965.84,473,246,170,117,103,85,46,646,1275,0,365,246
210460,20,-0.1,-0.03,-0.5,-0.25,2,0.2,0.1,0.15,50,64.89,2056,1941,44,1897,1180,489,0,177,0,51,0,115,17,2073,1231,666,2073,346294.3,3567.85,544,340,234,162,139,112,69,297,1180,489,0,228
210461,20,-0.1,-0.03,-0.5,-0.25,2,0.2,0.1,0.15,50,49.14,2056,1941,73,1868,0,605,0,345,0,918,0,115,17,2073,918,950,2073,354748.8,3678.13,71,108,78,74,73,54,86,1324,0,605,0,1263
210462,20,-0.1,-0.03,-0.5,-0.25,2,0.2,0.1,0.15,50,72.06,2050,1935,49,1886,1276,0,0,527,0,83,0,115,23,2073,1359,527,2073,652841.15,6667.36,473,246,170,117,103,85,46,646,1276,0,0,610
210463,20,-0.1,-0.03,-0.5,-0.25,2,0.2,0.1,0.15,60,64.89,2056,1941,44,1897,1180,489,0,177,0,51,0,115,17,2073,1231,666,2073,346294.3,3567.85,544,340,234,162,139,112,69,297,1180,489,0,228
210464,20,-0.1,-0.03,-0.5,-0.25,2,0.2,0.1,0.15,60,49.14,2056,1941,73,1868,0,605,0,345,0,918,0,115,17,2073,918,950,2073,354748.8,3678.13,71,108,78,74,73,54,86,1324,0,605,0,1263
210465,20,-0.1,-0.03,-0.5,-0.25,2,0.2,0.1,0.15,60,72.06,2050,1935,49,1886,1276,0,0,527,0,83,0,115,23,2073,1359,527,2073,652841.15,6667.36,473,246,170,117,103,85,46,646,1276,0,0,610
210466,20,-0.1,-0.03,-0.5,-0.25,2,0.2,0.2,0.15,20,57.96,2056,1941,38,1903,407,329,471,0,696,0,0,115,17,2073,1103,800,2073,550483.18,5674.58,135,220,221,1327,0,0,0,0,407,329,1167,0
210467,20,-0.1,-0.03,-0.5,-0.25,2,0.2,0.2,0.15,20,57.65,2056,1941,40,1901,0,331,474,0,1096,0,0,115,17,2073,1096,805,2073,571186.21,5917.41,71,108,78,1644,0,0,0,0,0,331,1570,0
210468,20,-0.1,-0.03,-0.5,-0.25,2,0.2,0.2,0.15,20,60.6,2050,1935,39,1896,414,0,747,0,735,0,0,115,23,2073,1149,747,2073,669922.93,6876.98,64,112,143,1577,0,0,0,0,414,0,1482,0
210469,20,-0.1,-0.03,-0.5,-0.25,2,0.2,0.2,0.15,30,55.17,2056,1941,65,1876,580,451,390,0,455,0,0,115,17,2073,1035,841,2073,567109.49,5896.5,135,220,221,160,169,971,0,0,580,451,845,0
210470,20,-0.1,-0.03,-0.5,-0.25,2,0.2,0.2,0.15,30,53.37,2056,1941,71,1870,0,458,414,0,998,0,0,115,17,2073,998,872,2073,503983.1,5306.72,71,108,78,74,73,1466,0,0,0,458,1412,0
210471,20,-0.1,-0.03,-0.5,-0.25,2,0.2,0.2,0.15,30,60.77,2050,1935,69,1866,609,0,732,0,525,0,0,115,23,2073,1134,732,2073,847729.98,8746.1,64,112,143,95,114,1338,0,0,609,0,1257,0
210472,20,-0.1,-0.03,-0.5,-0.25,2,0.2,0.2,0.15,40,53.58,2056,1941,67,1874,659,557,226,87,112,233,0,115,17,2073,1004,870,2073,521284.44,5427.51,135,220,221,160,169,126,115,728,659,557,338,320
210473,20,-0.1,-0.03,-0.5,-0.25,2,0.2,0.2,0.15,40,50.27,2056,1941,73,1868,0,574,264,91,243,696,0,115,17,2073,939,929,2073,416627.3,4324.11,71,108,78,74,73,54,86,1324,0,574,507,787
210474,20,-0.1,-0.03,-0.5,-0.25,2,0.2,0.2,0.15,40,60.92,2050,1935,72,1863,701,0,484,244,122,312,0,115,23,2073,1135,728,2073,887100.72,9123.8,64,112,143,95,114,81,63,1191,701,0,606,556
210475,20,-0.1,-0.03,-0.5,-0.25,2,0.2,0.2,0.15,50,52.93,2056,1941,67,1874,662,582,0,300,0,330,0,115,17,2073,992,882,2073,484858.22,5051.95,135,220,221,160,169,126,115,728,662,582,0,630
210476,20,-0.1,-0.03,-0.5,-0.25,2,0.2,0.2,0.15,50,49.14,2056,1941,73,1868,0,605,0,345,0,918,0,115,17,2073,918,950,2073,354748.8,3678.13,71,108,78,74,73,54,86,1324,0,605,0,1263
210477,20,-0.1,-0.03,-0.5,-0.25,2,0.2,0.2,0.15,50,60.28,2050,1935,72,1863,704,0,0,740,0,419,0,115,23,2073,1123,740,2073,822807.95,8464.3,64,112,143,95,114,81,63,1191,704,0,0,1159
210478,20,-0.1,-0.03,-0.5,-0.25,2,0.2,0.2,0.15,60,52.93,2056,1941,67,1874,662,582,0,300,0,330,0,115,17,2073,992,882,2073,484858.22,5051.95,135,220,221,160,169,126,115,728,662,582,0,630
210479,20,-0.1,-0.03,-0.5,-0.25,2,0.2,0.2,0.15,60,49.14,2056,1941,73,1868,0,605,0,345,0,918,0,115,17,2073,918,950,2073,354748.8,3678.13,71,108,78,74,73,54,86,1324,0,605,0,1263
210480,20,-0.1,-0.03,-0.5,-0.25,2,0.2,0.2,0.15,60,60.28,2050,1935,72,1863,704,0,0,740,0,419,0,115,23,2073,1123,740,2073,822807.95,8464.3,64,112,143,95,114,81,63,1191,704,0,0,1159
210481,20,-0.1,-0.03,-0.45,-0.4,1,0.1,0.1,0.15,20,68.72,411,378,4,374,215,56,61,0,42,0,0,33,2,413,257,117,413,105625.18,1081.06,121,72,37,144,0,0,0,0,215,56,103,0
210482,20,-0.1,-0.03,-0.45,-0.4,1,0.1,0.1,0.15,20,62.97,411,378,8,370,0,60,77,0,233,0,0,33,2,413,233,137,413,165842.43,1712.67,13,19,12,326,0,0,0,0,0,60,310,0
210483,20,-0.1,-0.03,-0.45,-0.4,1,0.1,0.1,0.15,20,72.31,409,376,4,372,226,0,103,0,43,0,0,33,4,413,269,103,413,138782.81,1422.8,108,53,31,180,0,0,0,0,226,0,146,0
210484,20,-0.1,-0.03,-0.45,-0.4,1,0.1,0.1,0.15,30,69.27,411,378,7,371,245,79,35,0,12,0,0,33,2,413,257,114,413,106954.88,1096.91,121,72,37,41,32,68,0,0,245,79,47,0
210485,20,-0.1,-0.03,-0.45,-0.4,1,0.1,0.1,0.15,30,56.55,411,378,19,359,0,90,66,0,203,0,0,33,2,413,203,156,413,155563.13,1612.95,13,19,12,16,19,280,0,0,0,90,269,0
210486,20,-0.1,-0.03,-0.45,-0.4,1,0.1,0.1,0.15,30,76.15,409,376,7,369,263,0,88,0,18,0,0,33,4,413,281,88,413,168287.64,1731.36,108,53,31,34,22,121,0,0,263,0,106,0
210487,20,-0.1,-0.03,-0.45,-0.4,1,0.1,0.1,0.15,40,69.46,411,378,8,370,251,90,17,6,5,1,0,33,2,413,257,113,413,100352.75,1032.46,121,72,37,41,32,21,7,39,251,90,22,7
210488,20,-0.1,-0.03,-0.45,-0.4,1,0.1,0.1,0.15,40,52.1,411,378,21,357,0,110,46,15,37,149,0,33,2,413,186,171,413,146987.7,1528.91,13,19,12,16,19,11,13,254,0,110,83,164
210489,20,-0.1,-0.03,-0.45,-0.4,1,0.1,0.1,0.15,40,77.45,409,376,8,368,275,0,53,30,5,5,0,33,4,413,285,83,413,171519.84,1768.44,108,53,31,34,22,15,4,101,275,0,58,35
210490,20,-0.1,-0.03,-0.45,-0.4,1,0.1,0.1,0.15,50,69.19,411,378,8,370,251,93,0,21,0,5,0,33,2,413,256,114,413,96343.89,991.74,121,72,37,41,32,21,7,39,251,93,0,26
210491,20,-0.1,-0.03,-0.45,-0.4,1,0.1,0.1,0.15,50,50.14,411,378,21,357,0,115,0,63,0,179,0,33,2,413,179,178,413,131893.04,1372.69,13,19,12,16,19,11,13,254,0,115,0,242
210492,20,-0.1,-0.03,-0.45,-0.4,1,0.1,0.1,0.15,50,77.17,409,376,8,368,275,0,0,84,0,9,0,33,4,413,284,84,413,165383.58,1707.85,108,53,31,34,22,15,4,101,275,0,0,93
210493,20,-0.1,-0.03,-0.45,-0.4,1,0.1,0.1,0.15,60,69.19,411,378,8,370,251,93,0,21,0,5,0,33,2,413,256,114,413,96343.89,991.74,121,72,37,41,32,21,7,39,251,93,0,26
210494,20,-0.1,-0.03,-0.45,-0.4,1,0.1,0.1,0.15,60,50.14,411,378,21,357,0,115,0,63,0,179,0,33,2,413,179,178,413,131893.04,1372.69,13,19,12,16,19,11,13,254,0,115,0,242
210495,20,-0.1,-0.03,-0.45,-0.4,1,0.1,0.1,0.15,60,77.17,409,376,8,368,275,0,0,84,0,9,0,33,4,413,284,84,413,165383.58,1707.85,108,53,31,34,22,15,4,101,275,0,0,93
210496,20,-0.1,-0.03,-0.45,-0.4,1,0.1,0.2,0.15,20,63.24,411,378,8,370,93,59,77,0,141,0,0,33,2,413,234,136,413,156730.54,1615.45,29,55,36,250,0,0,0,0,93,59,218,0
210497,20,-0.1,-0.03,-0.45,-0.4,1,0.1,0.2,0.15,20,62.97,411,378,8,370,0,60,77,0,233,0,0,33,2,413,233,137,413,165842.43,1712.67,13,19,12,326,0,0,0,0,0,60,310,0
210498,20,-0.1,-0.03,-0.45,-0.4,1,0.1,0.2,0.15,20,67.12,409,376,8,368,96,0,121,0,151,0,0,33,4,413,247,121,413,195049.53,2011.9,16,36,24,292,0,0,0,0,96,0,272,0
210499,20,-0.1,-0.03,-0.45,-0.4,1,0.1,0.2,0.15,30,58.45,411,378,17,361,136,89,61,0,75,0,0,33,2,413,211,150,413,148150.94,1532.06,29,55,36,32,43,166,0,0,136,89,136,0
210500,20,-0.1,-0.03,-0.45,-0.4,1,0.1,0.2,0.15,30,56.55,411,378,19,359,0,90,66,0,203,0,0,33,2,413,203,156,413,155563.13,1612.95,13,19,12,16,19,280,0,0,0,90,269,0
210501,20,-0.1,-0.03,-0.45,-0.4,1,0.1,0.2,0.15,30,65.74,409,376,17,359,145,0,123,0,91,0,0,33,4,413,236,123,413,220277.57,2278.11,16,36,24,20,29,234,0,0,145,0,214,0
210502,20,-0.1,-0.03,-0.45,-0.4,1,0.1,0.2,0.15,40,55.43,411,378,19,359,152,106,39,15,16,31,0,33,2,413,199,160,413,142473.81,1478.25,29,55,36,32,43,30,20,114,152,106,55,46
210503,20,-0.1,-0.03,-0.45,-0.4,1,0.1,0.2,0.15,40,52.1,411,378,21,357,0,110,46,15,37,149,0,33,2,413,186,171,413,146987.7,1528.91,13,19,12,16,19,11,13,254,0,110,83,164
210504,20,-0.1,-0.03,-0.45,-0.4,1,0.1,0.2,0.15,40,64.15,409,376,19,357,165,0,86,42,17,47,0,33,4,413,229,128,413,232954.53,2412.37,16,36,24,20,29,20,13,199,165,0,103,89
210505,20,-0.1,-0.03,-0.45,-0.4,1,0.1,0.2,0.15,50,54.32,411,378,19,359,152,111,0,53,0,43,0,33,2,413,195,164,413,131991.04,1370.31,29,55,36,32,43,30,20,114,152,111,0,96
210506,20,-0.1,-0.03,-0.45,-0.4,1,0.1,0.2,0.15,50,50.14,411,378,21,357,0,115,0,63,0,179,0,33,2,413,179,178,413,131893.04,1372.69,13,19,12,16,19,11,13,254,0,115,0,242
210507,20,-0.1,-0.03,-0.45,-0.4,1,0.1,0.2,0.15,50,62.75,409,376,19,357,165,0,0,133,0,59,0,33,4,413,224,133,413,215246.17,2233.14,16,36,24,20,29,20,13,199,165,0,0,192
210508,20,-0.1,-0.03,-0.45,-0.4,1,0.1,0.2,0.15,60,54.32,411,378,19,359,152,111,0,53,0,43,0,33,2,413,195,164,413,131991.04,1370.31,29,55,36,32,43,30,20,114,152,111,0,96
210509,20,-0.1,-0.03,-0.45,-0.4,1,0.1,0.2,0.15,60,50.14,411,378,21,357,0,115,0,63,0,179,0,33,2,413,179,178,413,131893.04,1372.69,13,19,12,16,19,11,13,254,0,115,0,242
210510,20,-0.1,-0.03,-0.45,-0.4,1,0.1,0.2,0.15,60,62.75,409,376,19,357,165,0,0,133,0,59,0,33,4,413,224,133,413,215246.17,2233.14,16,36,24,20,29,20,13,199,165,0,0,192
210511,20,-0.1,-0.03,-0.45,-0.4,1,0.2,0.1,0.15,20,68.72,411,378,4,374,215,56,61,0,42,0,0,33,2,413,257,117,413,105625.18,1081.06,121,72,37,144,0,0,0,0,215,56,103,0
210512,20,-0.1,-0.03,-0.45,-0.4,1,0.2,0.1,0.15,20,62.97,411,378,8,370,0,60,77,0,233,0,0,33,2,413,233,137,413,165842.43,1712.67,13,19,12,326,0,0,0,0,0,60,310,0
210513,20,-0.1,-0.03,-0.45,-0.4,1,0.2,0.1,0.15,20,72.31,409,376,4,372,226,0,103,0,43,0,0,33,4,413,269,103,413,138782.81,1422.8,108,53,31,180,0,0,0,0,226,0,146,0
210514,20,-0.1,-0.03,-0.45,-0.4,1,0.2,0.1,0.15,30,69.27,411,378,7,371,245,79,35,0,12,0,0,33,2,413,257,114,413,106954.88,1096.91,121,72,37,41,32,68,0,0,245,79,47,0
210515,20,-0.1,-0.03,-0.45,-0.4,1,0.2,0.1,0.15,30,56.55,411,378,19,359,0,90,66,0,203,0,0,33,2,413,203,156,413,155563.13,1612.95,13,19,12,16,19,280,0,0,0,90,269,0
210516,20,-0.1,-0.03,-0.45,-0.4,1,0.2,0.1,0.15,30,76.15,409,376,7,369,263,0,88,0,18,0,0,33,4,413,281,88,413,168287.64,1731.36,108,53,31,34,22,121,0,0,263,0,106,0
210517,20,-0.1,-0.03,-0.45,-0.4,1,0.2,0.1,0.15,40,69.46,411,378,8,370,251,90,17,6,5,1,0,33,2,413,257,113,413,100352.75,1032.46,121,72,37,41,32,21,7,39,251,90,22,7
210518,20,-0.1,-0.03,-0.45,-0.4,1,0.2,0.1,0.15,40,52.1,411,378,21,357,0,110,46,15,37,149,0,33,2,413,186,171,413,146987.7,1528.91,13,19,12,16,19,11,13,254,0,110,83,164
210519,20,-0.1,-0.03,-0.45,-0.4,1,0.2,0.1,0.15,40,77.45,409,376,8,368,275,0,53,30,5,5,0,33,4,413,285,83,413,171519.84,1768.44,108,53,31,34,22,15,4,101,275,0,58,35
210520,20,-0.1,-0.03,-0.45,-0.4,1,0.2,0.1,0.15,50,69.19,411,378,8,370,251,93,0,21,0,5,0,33,2,413,256,114,413,96343.89,991.74,121,72,37,41,32,21,7,39,251,93,0,26
210521,20,-0.1,-0.03,-0.45,-0.4,1,0.2,0.1,0.15,50,50.14,411,378,21,357,0,115,0,63,0,179,0,33,2,413,179,178,413,131893.04,1372.69,13,19,12,16,19,11,13,254,0,115,0,242
210522,20,-0.1,-0.03,-0.45,-0.4,1,0.2,0.1,0.15,50,77.17,409,376,8,368,275,0,0,84,0,9,0,33,4,413,284,84,413,165383.58,1707.85,108,53,31,34,22,15,4,101,275,0,0,93
210523,20,-0.1,-0.03,-0.45,-0.4,1,0.2,0.1,0.15,60,69.19,411,378,8,370,251,93,0,21,0,5,0,33,2,413,256,114,413,96343.89,991.74,121,72,37,41,32,21,7,39,251,93,0,26
210524,20,-0.1,-0.03,-0.45,-0.4,1,0.2,0.1,0.15,60,50.14,411,378,21,357,0,115,0,63,0,179,0,33,2,413,179,178,413,131893.04,1372.69,13,19,12,16,19,11,13,254,0,115,0,242
210525,20,-0.1,-0.03,-0.45,-0.4,1,0.2,0.1,0.15,60,77.17,409,376,8,368,275,0,0,84,0,9,0,33,4,413,284,84,413,165383.58,1707.85,108,53,31,34,22,15,4,101,275,0,0,93
210526,20,-0.1,-0.03,-0.45,-0.4,1,0.2,0.2,0.15,20,63.24,411,378,8,370,93,59,77,0,141,0,0,33,2,413,234,136,413,156730.54,1615.45,29,55,36,250,0,0,0,0,93,59,218,0
210527,20,-0.1,-0.03,-0.45,-0.4,1,0.2,0.2,0.15,20,62.97,411,378,8,370,0,60,77,0,233,0,0,33,2,413,233,137,413,165842.43,1712.67,13,19,12,326,0,0,0,0,0,60,310,0
210528,20,-0.1,-0.03,-0.45,-0.4,1,0.2,0.2,0.15,20,67.12,409,376,8,368,96,0,121,0,151,0,0,33,4,413,247,121,413,195049.53,2011.9,16,36,24,292,0,0,0,0,96,0,272,0
210529,20,-0.1,-0.03,-0.45,-0.4,1,0.2,0.2,0.15,30,58.45,411,378,17,361,136,89,61,0,75,0,0,33,2,413,211,150,413,148150.94,1532.06,29,55,36,32,43,166,0,0,136,89,136,0
210530,20,-0.1,-0.03,-0.45,-0.4,1,0.2,0.2,0.15,30,56.55,411,378,19,359,0,90,66,0,203,0,0,33,2,413,203,156,413,155563.13,1612.95,13,19,12,16,19,280,0,0,0,90,269,0
210531,20,-0.1,-0.03,-0.45,-0.4,1,0.2,0.2,0.15,30,65.74,409,376,17,359,145,0,123,0,91,0,0,33,4,413,236,123,413,220277.57,2278.11,16,36,24,20,29,234,0,0,145,0,214,0
210532,20,-0.1,-0.03,-0.45,-0.4,1,0.2,0.2,0.15,40,55.43,411,378,19,359,152,106,39,15,16,31,0,33,2,413,199,160,413,142473.81,1478.25,29,55,36,32,43,30,20,114,152,106,55,46
210533,20,-0.1,-0.03,-0.45,-0.4,1,0.2,0.2,0.15,40,52.1,411,378,21,357,0,110,46,15,37,149,0,33,2,413,186,171,413,146987.7,1528.91,13,19,12,16,19,11,13,254,0,110,83,164
210534,20,-0.1,-0.03,-0.45,-0.4,1,0.2,0.2,0.15,40,64.15,409,376,19,357,165,0,86,42,17,47,0,33,4,413,229,128,413,232954.53,2412.37,16,36,24,20,29,20,13,199,165,0,103,89
210535,20,-0.1,-0.03,-0.45,-0.4,1,0.2,0.2,0.15,50,54.32,411,378,19,359,152,111,0,53,0,43,0,33,2,413,195,164,413,131991.04,1370.31,29,55,36,32,43,30,20,114,152,111,0,96
210536,20,-0.1,-0.03,-0.45,-0.4,1,0.2,0.2,0.15,50,50.14,411,378,21,357,0,115,0,63,0,179,0,33,2,413,179,178,413,131893.04,1372.69,13,19,12,16,19,11,13,254,0,115,0,242
210537,20,-0.1,-0.03,-0.45,-0.4,1,0.2,0.2,0.15,50,62.75,409,376,19,357,165,0,0,133,0,59,0,33,4,413,224,133,413,215246.17,2233.14,16,36,24,20,29,20,13,199,165,0,0,192
210538,20,-0.1,-0.03,-0.45,-0.4,1,0.2,0.2,0.15,60,54.32,411,378,19,359,152,111,0,53,0,43,0,33,2,413,195,164,413,131991.04,1370.31,29,55,36,32,43,30,20,114,152,111,0,96
210539,20,-0.1,-0.03,-0.45,-0.4,1,0.2,0.2,0.15,60,50.14,411,378,21,357,0,115,0,63,0,179,0,33,2,413,179,178,413,131893.04,1372.69,13,19,12,16,19,11,13,254,0,115,0,242
210540,20,-0.1,-0.03,-0.45,-0.4,1,0.2,0.2,0.15,60,62.75,409,376,19,357,165,0,0,133,0,59,0,33,4,413,224,133,413,215246.17,2233.14,16,36,24,20,29,20,13,199,165,0,0,192
210541,20,-0.1,-0.03,-0.45,-0.4,2,0.1,0.1,0.15,20,72.46,411,378,4,374,229,54,49,0,42,0,0,33,2,413,271,103,413,145532.94,1630.26,128,74,47,125,0,0,0,0,229,54,91,0
210542,20,-0.1,-0.03,-0.45,-0.4,2,0.1,0.1,0.15,20,67.3,411,378,8,370,0,60,61,0,249,0,0,33,2,413,249,121,413,238525.69,2400.73,13,19,12,326,0,0,0,0,0,60,310,0
210543,20,-0.1,-0.03,-0.45,-0.4,2,0.1,0.1,0.15,20,77.96,409,376,4,372,241,0,82,0,49,0,0,33,4,413,290,82,413,196125.07,1942.61,115,57,44,156,0,0,0,0,241,0,131,0
210544,20,-0.1,-0.03,-0.45,-0.4,2,0.1,0.1,0.15,30,72.51,411,378,7,371,255,75,27,0,14,0,0,33,2,413,269,102,413,140142.49,1659.25,128,74,47,34,32,56,0,0,255,75,41,0
210545,20,-0.1,-0.03,-0.45,-0.4,2,0.1,0.1,0.15,30,59.05,411,378,19,359,0,90,57,0,212,0,0,33,2,413,212,147,413,238331.82,2421.52,13,19,12,16,19,280,0,0,0,90,269,0
210546,20,-0.1,-0.03,-0.45,-0.4,2,0.1,0.1,0.15,30,81.03,409,376,7,369,279,0,70,0,20,0,0,33,4,413,299,70,413,241625.27,2241.25,115,57,44,25,29,99,0,0,279,0,90,0
210547,20,-0.1,-0.03,-0.45,-0.4,2,0.1,0.1,0.15,40,72.7,411,378,8,370,261,85,14,2,6,2,0,33,2,413,269,101,413,131540.76,1642.39,128,74,47,34,32,15,7,33,261,85,20,4
210548,20,-0.1,-0.03,-0.45,-0.4,2,0.1,0.1,0.15,40,55.18,411,378,21,357,0,110,39,11,44,153,0,33,2,413,197,160,413,230660.79,2448.15,13,19,12,16,19,11,13,254,0,110,83,164
210549,20,-0.1,-0.03,-0.45,-0.4,2,0.1,0.1,0.15,40,83.42,409,376,8,368,293,0,43,18,8,6,0,33,4,413,307,61,413,253628.11,2328.41,115,57,44,25,29,9,8,81,293,0,51,24
210550,20,-0.1,-0.03,-0.45,-0.4,2,0.1,0.1,0.15,50,71.89,411,378,8,370,261,88,0,16,0,5,0,33,2,413,266,104,413,125848.04,1607.5,128,74,47,34,32,15,7,33,261,88,0,21
210551,20,-0.1,-0.03,-0.45,-0.4,2,0.1,0.1,0.15,50,52.1,411,378,21,357,0,115,0,56,0,186,0,33,2,413,186,171,413,207816.16,2288.0,13,19,12,16,19,11,13,254,0,115,0,242
210552,20,-0.1,-0.03,-0.45,-0.4,2,0.1,0.1,0.15,50,83.7,409,376,8,368,293,0,0,60,0,15,0,33,4,413,308,60,413,245086.23,2281.65,115,57,44,25,29,9,8,81,293,0,0,75
210553,20,-0.1,-0.03,-0.45,-0.4,2,0.1,0.1,0.15,60,71.89,411,378,8,370,261,88,0,16,0,5,0,33,2,413,266,104,413,125848.04,1607.5,128,74,47,34,32,15,7,33,261,88,0,21
210554,20,-0.1,-0.03,-0.45,-0.4,2,0.1,0.1,0.15,60,52.1,411,378,21,357,0,115,0,56,0,186,0,33,2,413,186,171,413,207816.16,2288.0,13,19,12,16,19,11,13,254,0,115,0,242
210555,20,-0.1,-0.03,-0.45,-0.4,2,0.1,0.1,0.15,60,83.7,409,376,8,368,293,0,0,60,0,15,0,33,4,413,308,60,413,245086.23,2281.65,115,57,44,25,29,9,8,81,293,0,0,75
210556,20,-0.1,-0.03,-0.45,-0.4,2,0.1,0.2,0.15,20,67.57,411,378,8,370,105,59,61,0,145,0,0,33,2,413,250,120,413,223010.71,2272.15,29,55,39,247,0,0,0,0,105,59,206,0
210557,20,-0.1,-0.03,-0.45,-0.4,2,0.1,0.2,0.15,20,67.3,411,378,8,370,0,60,61,0,249,0,0,33,2,413,249,121,413,238525.69,2400.73,13,19,12,326,0,0,0,0,0,60,310,0
210558,20,-0.1,-0.03,-0.45,-0.4,2,0.1,0.2,0.15,20,73.64,409,376,8,368,112,0,97,0,159,0,0,33,4,413,271,97,413,297683.51,2723.71,16,36,28,288,0,0,0,0,112,0,256,0
210559,20,-0.1,-0.03,-0.45,-0.4,2,0.1,0.2,0.15,30,61.22,411,378,17,361,147,89,51,0,74,0,0,33,2,413,221,140,413,225431.07,2311.68,29,55,39,41,44,153,0,0,147,89,125,0
210560,20,-0.1,-0.03,-0.45,-0.4,2,0.1,0.2,0.15,30,59.05,411,378,19,359,0,90,57,0,212,0,0,33,2,413,212,147,413,238331.82,2421.52,13,19,12,16,19,280,0,0,0,90,269,0
210561,20,-0.1,-0.03,-0.45,-0.4,2,0.1,0.2,0.15,30,70.75,409,376,17,359,163,0,105,0,91,0,0,33,4,413,254,105,413,370674.62,3132.86,16,36,28,32,30,217,0,0,163,0,196,0
210562,20,-0.1,-0.03,-0.45,-0.4,2,0.1,0.2,0.15,40,58.22,411,378,19,359,165,105,34,11,17,27,0,33,2,413,209,150,413,213766.35,2306.28,29,55,39,41,44,28,20,103,165,105,51,38
210563,20,-0.1,-0.03,-0.45,-0.4,2,0.1,0.2,0.15,40,55.18,411,378,21,357,0,110,39,11,44,153,0,33,2,413,197,160,413,230660.79,2448.15,13,19,12,16,19,11,13,254,0,110,83,164
210564,20,-0.1,-0.03,-0.45,-0.4,2,0.1,0.2,0.15,40,70.03,409,376,19,357,188,0,76,31,21,41,0,33,4,413,250,107,413,392488.63,3297.23,16,36,28,32,30,21,15,179,188,0,97,72
210565,20,-0.1,-0.03,-0.45,-0.4,2,0.1,0.2,0.15,50,56.82,411,378,19,359,165,110,0,45,0,39,0,33,2,413,204,155,413,200861.96,2214.94,29,55,39,41,44,28,20,103,165,110,0,84
210566,20,-0.1,-0.03,-0.45,-0.4,2,0.1,0.2,0.15,50,52.1,411,378,21,357,0,115,0,56,0,186,0,33,2,413,186,171,413,207816.16,2288.0,13,19,12,16,19,11,13,254,0,115,0,242
210567,20,-0.1,-0.03,-0.45,-0.4,2,0.1,0.2,0.15,50,69.75,409,376,19,357,188,0,0,108,0,61,0,33,4,413,249,108,413,365038.62,3134.78,16,36,28,32,30,21,15,179,188,0,0,169
210568,20,-0.1,-0.03,-0.45,-0.4,2,0.1,0.2,0.15,60,56.82,411,378,19,359,165,110,0,45,0,39,0,33,2,413,204,155,413,200861.96,2214.94,29,55,39,41,44,28,20,103,165,110,0,84
210569,20,-0.1,-0.03,-0.45,-0.4,2,0.1,0.2,0.15,60,52.1,411,378,21,357,0,115,0,56,0,186,0,33,2,413,186,171,413,207816.16,2288.0,13,19,12,16,19,11,13,254,0,115,0,242
210570,20,-0.1,-0.03,-0.45,-0.4,2,0.1,0.2,0.15,60,69.75,409,376,19,357,188,0,0,108,0,61,0,33,4,413,249,108,413,365038.62,3134.78,16,36,28,32,30,21,15,179,188,0,0,169
210571,20,-0.1,-0.03,-0.45,-0.4,2,0.2,0.1,0.15,20,68.72,411,378,4,374,215,56,61,0,42,0,0,33,2,413,257,117,413,105625.18,1081.06,121,72,37,144,0,0,0,0,215,56,103,0
210572,20,-0.1,-0.03,-0.45,-0.4,2,0.2,0.1,0.15,20,62.97,411,378,8,370,0,60,77,0,233,0,0,33,2,413,233,137,413,165842.43,1712.67,13,19,12,326,0,0,0,0,0,60,310,0
210573,20,-0.1,-0.03,-0.45,-0.4,2,0.2,0.1,0.15,20,72.31,409,376,4,372,226,0,103,0,43,0,0,33,4,413,269,103,413,138782.81,1422.8,108,53,31,180,0,0,0,0,226,0,146,0
210574,20,-0.1,-0.03,-0.45,-0.4,2,0.2,0.1,0.15,30,69.27,411,378,7,371,245,79,35,0,12,0,0,33,2,413,257,114,413,106954.88,1096.91,121,72,37,41,32,68,0,0,245,79,47,0
210575,20,-0.1,-0.03,-0.45,-0.4,2,0.2,0.1,0.15,30,56.55,411,378,19,359,0,90,66,0,203,0,0,33,2,413,203,156,413,155563.13,1612.95,13,19,12,16,19,280,0,0,0,90,269,0
210576,20,-0.1,-0.03,-0.45,-0.4,2,0.2,0.1,0.15,30,76.15,409,376,7,369,263,0,88,0,18,0,0,33,4,413,281,88,413,168287.64,1731.36,108,53,31,34,22,121,0,0,263,0,106,0
210577,20,-0.1,-0.03,-0.45,-0.4,2,0.2,0.1,0.15,40,69.46,411,378,8,370,251,90,17,6,5,1,0,33,2,413,257,113,413,100352.75,1032.46,121,72,37,41,32,21,7,39,251,90,22,7
210578,20,-0.1,-0.03,-0.45,-0.4,2,0.2,0.1,0.15,40,52.1,411,378,21,357,0,110,46,15,37,149,0,33,2,413,186,171,413,146987.7,1528.91,13,19,12,16,19,11,13,254,0,110,83,164
210579,20,-0.1,-0.03,-0.45,-0.4,2,0.2,0.1,0.15,40,77.45,409,376,8,368,275,0,53,30,5,5,0,33,4,413,285,83,413,171519.84,1768.44,108,53,31,34,22,15,4,101,275,0,58,35
210580,20,-0.1,-0.03,-0.45,-0.4,2,0.2,0.1,0.15,50,69.19,411,378,8,370,251,93,0,21,0,5,0,33,2,413,256,114,413,96343.89,991.74,121,72,37,41,32,21,7,39,251,93,0,26
210581,20,-0.1,-0.03,-0.45,-0.4,2,0.2,0.1,0.15,50,50.14,411,378,21,357,0,115,0,63,0,179,0,33,2,413,179,178,413,131893.04,1372.69,13,19,12,16,19,11,13,254,0,115,0,242
210582,20,-0.1,-0.03,-0.45,-0.4,2,0.2,0.1,0.15,50,77.17,409,376,8,368,275,0,0,84,0,9,0,33,4,413,284,84,413,165383.58,1707.85,108,53,31,34,22,15,4,101,275,0,0,93
210583,20,-0.1,-0.03,-0.45,-0.4,2,0.2,0.1,0.15,60,69.19,411,378,8,370,251,93,0,21,0,5,0,33,2,413,256,114,413,96343.89,991.74,121,72,37,41,32,21,7,39,251,93,0,26
210584,20,-0.1,-0.03,-0.45,-0.4,2,0.2,0.1,0.15,60,50.14,411,378,21,357,0,115,0,63,0,179,0,33,2,413,179,178,413,131893.04,1372.69,13,19,12,16,19,11,13,254,0,115,0,242
210585,20,-0.1,-0.03,-0.45,-0.4,2,0.2,0.1,0.15,60,77.17,409,376,8,368,275,0,0,84,0,9,0,33,4,413,284,84,413,165383.58,1707.85,108,53,31,34,22,15,4,101,275,0,0,93
210586,20,-0.1,-0.03,-0.45,-0.4,2,0.2,0.2,0.15,20,63.24,411,378,8,370,93,59,77,0,141,0,0,33,2,413,234,136,413,156730.54,1615.45,29,55,36,250,0,0,0,0,93,59,218,0
210587,20,-0.1,-0.03,-0.45,-0.4,2,0.2,0.2,0.15,20,62.97,411,378,8,370,0,60,77,0,233,0,0,33,2,413,233,137,413,165842.43,1712.67,13,19,12,326,0,0,0,0,0,60,310,0
210588,20,-0.1,-0.03,-0.45,-0.4,2,0.2,0.2,0.15,20,67.12,409,376,8,368,96,0,121,0,151,0,0,33,4,413,247,121,413,195049.53,2011.9,16,36,24,292,0,0,0,0,96,0,272,0
210589,20,-0.1,-0.03,-0.45,-0.4,2,0.2,0.2,0.15,30,58.45,411,378,17,361,136,89,61,0,75,0,0,33,2,413,211,150,413,148150.94,1532.06,29,55,36,32,43,166,0,0,136,89,136,0
210590,20,-0.1,-0.03,-0.45,-0.4,2,0.2,0.2,0.15,30,56.55,411,378,19,359,0,90,66,0,203,0,0,33,2,413,203,156,413,155563.13,1612.95,13,19,12,16,19,280,0,0,0,90,269,0
210591,20,-0.1,-0.03,-0.45,-0.4,2,0.2,0.2,0.15,30,65.74,409,376,17,359,145,0,123,0,91,0,0,33,4,413,236,123,413,220277.57,2278.11,16,36,24,20,29,234,0,0,145,0,214,0
210592,20,-0.1,-0.03,-0.45,-0.4,2,0.2,0.2,0.15,40,55.43,411,378,19,359,152,106,39,15,16,31,0,33,2,413,199,160,413,142473.81,1478.25,29,55,36,32,43,30,20,114,152,106,55,46
210593,20,-0.1,-0.03,-0.45,-0.4,2,0.2,0.2,0.15,40,52.1,411,378,21,357,0,110,46,15,37,149,0,33,2,413,186,171,413,146987.7,1528.91,13,19,12,16,19,11,13,254,0,110,83,164
210594,20,-0.1,-0.03,-0.45,-0.4,2,0.2,0.2,0.15,40,64.15,409,376,19,357,165,0,86,42,17,47,0,33,4,413,229,128,413,232954.53,2412.37,16,36,24,20,29,20,13,199,165,0,103,89
210595,20,-0.1,-0.03,-0.45,-0.4,2,0.2,0.2,0.15,50,54.32,411,378,19,359,152,111,0,53,0,43,0,33,2,413,195,164,413,131991.04,1370.31,29,55,36,32,43,30,20,114,152,111,0,96
210596,20,-0.1,-0.03,-0.45,-0.4,2,0.2,0.2,0.15,50,50.14,411,378,21,357,0,115,0,63,0,179,0,33,2,413,179,178,413,131893.04,1372.69,13,19,12,16,19,11,13,254,0,115,0,242
210597,20,-0.1,-0.03,-0.45,-0.4,2,0.2,0.2,0.15,50,62.75,409,376,19,357,165,0,0,133,0,59,0,33,4,413,224,133,413,215246.17,2233.14,16,36,24,20,29,20,13,199,165,0,0,192
210598,20,-0.1,-0.03,-0.45,-0.4,2,0.2,0.2,0.15,60,54.32,411,378,19,359,152,111,0,53,0,43,0,33,2,413,195,164,413,131991.04,1370.31,29,55,36,32,43,30,20,114,152,111,0,96
210599,20,-0.1,-0.03,-0.45,-0.4,2,0.2,0.2,0.15,60,50.14,411,378,21,357,0,115,0,63,0,179,0,33,2,413,179,178,413,131893.04,1372.69,13,19,12,16,19,11,13,254,0,115,0,242
210600,20,-0.1,-0.03,-0.45,-0.4,2,0.2,0.2,0.15,60,62.75,409,376,19,357,165,0,0,133,0,59,0,33,4,413,224,133,413,215246.17,2233.14,16,36,24,20,29,20,13,199,165,0,0,192
210601,20,-0.1,-0.03,-0.45,-0.35,1,0.1,0.1,0.15,20,66.21,871,818,13,805,454,129,143,0,79,0,0,53,6,877,533,272,877,199047.07,2032.49,256,150,110,289,0,0,0,0,454,129,222,0
210602,20,-0.1,-0.03,-0.45,-0.35,1,0.1,0.1,0.15,20,59.57,871,818,19,799,0,141,182,0,476,0,0,53,6,877,476,323,877,287699.18,2967.78,31,47,29,692,0,0,0,0,0,141,658,0
210603,20,-0.1,-0.03,-0.45,-0.35,1,0.1,0.1,0.15,20,69.79,867,814,13,801,472,0,242,0,87,0,0,53,10,877,559,242,877,272365.78,2778.58,225,107,88,381,0,0,0,0,472,0,329,0
210604,20,-0.1,-0.03,-0.45,-0.35,1,0.1,0.1,0.15,30,67.83,871,818,16,802,519,172,86,0,25,0,0,53,6,877,544,258,877,211273.51,2168.68,256,150,110,67,60,159,0,0,519,172,111,0
210605,20,-0.1,-0.03,-0.45,-0.35,1,0.1,0.1,0.15,30,55.02,871,818,31,787,0,195,159,0,433,0,0,53,6,877,433,354,877,270481.96,2832.74,31,47,29,34,30,616,0,0,0,195,592,0
210606,20,-0.1,-0.03,-0.45,-0.35,1,0.1,0.1,0.15,30,74.03,867,814,17,797,553,0,207,0,37,0,0,53,10,877,590,207,877,345466.09,3544.95,225,107,88,52,47,278,0,0,553,0,244,0
210607,20,-0.1,-0.03,-0.45,-0.35,1,0.1,0.1,0.15,40,68.16,871,818,17,801,532,203,36,16,8,6,0,53,6,877,546,255,877,193441.13,1989.35,256,150,110,67,60,48,19,91,532,203,44,22
210608,20,-0.1,-0.03,-0.45,-0.35,1,0.1,0.1,0.15,40,51.97,871,818,33,785,0,247,98,32,102,306,0,53,6,877,408,377,877,230964.5,2362.37,31,47,29,34,30,24,32,558,0,247,200,338
210609,20,-0.1,-0.03,-0.45,-0.35,1,0.1,0.1,0.15,40,76.13,867,814,18,796,578,0,118,72,9,19,0,53,10,877,606,190,877,353814.35,3633.01,225,107,88,52,47,34,11,232,578,0,127,91
210610,20,-0.1,-0.03,-0.45,-0.35,1,0.1,0.1,0.15,50,67.79,871,818,17,801,532,206,0,52,0,11,0,53,6,877,543,258,877,187692.93,1929.7,256,150,110,67,60,48,19,91,532,206,0,63
210611,20,-0.1,-0.03,-0.45,-0.35,1,0.1,0.1,0.15,50,50.45,871,818,33,785,0,256,0,133,0,396,0,53,6,877,396,389,877,202468.84,2063.27,31,47,29,34,30,24,32,558,0,256,0,529
210612,20,-0.1,-0.03,-0.45,-0.35,1,0.1,0.1,0.15,50,76.01,867,814,18,796,578,0,0,191,0,27,0,53,10,877,605,191,877,346834.63,3563.08,225,107,88,52,47,34,11,232,578,0,0,218
210613,20,-0.1,-0.03,-0.45,-0.35,1,0.1,0.1,0.15,60,67.79,871,818,17,801,532,206,0,52,0,11,0,53,6,877,543,258,877,187692.93,1929.7,256,150,110,67,60,48,19,91,532,206,0,63
210614,20,-0.1,-0.03,-0.45,-0.35,1,0.1,0.1,0.15,60,50.45,871,818,33,785,0,256,0,133,0,396,0,53,6,877,396,389,877,202468.84,2063.27,31,47,29,34,30,24,32,558,0,256,0,529
210615,20,-0.1,-0.03,-0.45,-0.35,1,0.1,0.1,0.15,60,76.01,867,814,18,796,578,0,0,191,0,27,0,53,10,877,605,191,877,346834.63,3563.08,225,107,88,52,47,34,11,232,578,0,0,218
210616,20,-0.1,-0.03,-0.45,-0.35,1,0.1,0.2,0.15,20,60.0,871,818,18,800,186,139,181,0,294,0,0,53,6,877,480,320,877,281573.79,2881.46,67,98,91,544,0,0,0,0,186,139,475,0
210617,20,-0.1,-0.03,-0.45,-0.35,1,0.1,0.2,0.15,20,59.57,871,818,19,799,0,141,182,0,476,0,0,53,6,877,476,323,877,287699.18,2967.78,31,47,29,692,0,0,0,0,0,141,658,0
210618,20,-0.1,-0.03,-0.45,-0.35,1,0.1,0.2,0.15,20,63.57,867,814,18,796,190,0,290,0,316,0,0,53,10,877,506,290,877,362721.72,3709.74,36,51,62,647,0,0,0,0,190,0,606,0
210619,20,-0.1,-0.03,-0.45,-0.35,1,0.1,0.2,0.15,30,56.71,871,818,28,790,270,193,149,0,178,0,0,53,6,877,448,342,877,286765.14,2950.25,67,98,91,69,82,383,0,0,270,193,327,0
210620,20,-0.1,-0.03,-0.45,-0.35,1,0.1,0.2,0.15,30,55.02,871,818,31,787,0,195,159,0,433,0,0,53,6,877,433,354,877,270481.96,2832.74,31,47,29,34,30,616,0,0,0,195,592,0
210621,20,-0.1,-0.03,-0.45,-0.35,1,0.1,0.2,0.15,30,63.44,867,814,29,785,288,0,287,0,210,0,0,53,10,877,498,287,877,446325.43,4582.88,36,51,62,41,61,534,0,0,288,0,497,0
210622,20,-0.1,-0.03,-0.45,-0.35,1,0.1,0.2,0.15,40,55.08,871,818,30,788,302,238,84,32,41,91,0,53,6,877,434,354,877,269700.73,2784.69,67,98,91,69,82,56,44,281,302,238,125,123
210623,20,-0.1,-0.03,-0.45,-0.35,1,0.1,0.2,0.15,40,51.97,871,818,33,785,0,247,98,32,102,306,0,53,6,877,408,377,877,230964.5,2362.37,31,47,29,34,30,24,32,558,0,247,200,338
210624,20,-0.1,-0.03,-0.45,-0.35,1,0.1,0.2,0.15,40,63.47,867,814,31,783,326,0,191,95,44,127,0,53,10,877,497,286,877,460640.89,4736.88,36,51,62,41,61,37,28,467,326,0,235,222
210625,20,-0.1,-0.03,-0.45,-0.35,1,0.1,0.2,0.15,50,54.31,871,818,30,788,304,247,0,113,0,124,0,53,6,877,428,360,877,253203.03,2615.47,67,98,91,69,82,56,44,281,304,247,0,237
210626,20,-0.1,-0.03,-0.45,-0.35,1,0.1,0.2,0.15,50,50.45,871,818,33,785,0,256,0,133,0,396,0,53,6,877,396,389,877,202468.84,2063.27,31,47,29,34,30,24,32,558,0,256,0,529
210627,20,-0.1,-0.03,-0.45,-0.35,1,0.1,0.2,0.15,50,62.84,867,814,31,783,328,0,0,291,0,164,0,53,10,877,492,291,877,435633.05,4483.95,36,51,62,41,61,37,28,467,328,0,0,455
210628,20,-0.1,-0.03,-0.45,-0.35,1,0.1,0.2,0.15,60,54.31,871,818,30,788,304,247,0,113,0,124,0,53,6,877,428,360,877,253203.03,2615.47,67,98,91,69,82,56,44,281,304,247,0,237
210629,20,-0.1,-0.03,-0.45,-0.35,1,0.1,0.2,0.15,60,50.45,871,818,33,785,0,256,0,133,0,396,0,53,6,877,396,389,877,202468.84,2063.27,31,47,29,34,30,24,32,558,0,256,0,529
210630,20,-0.1,-0.03,-0.45,-0.35,1,0.1,0.2,0.15,60,62.84,867,814,31,783,328,0,0,291,0,164,0,53,10,877,492,291,877,435633.05,4483.95,36,51,62,41,61,37,28,467,328,0,0,455
210631,20,-0.1,-0.03,-0.45,-0.35,1,0.2,0.1,0.15,20,66.21,871,818,13,805,454,129,143,0,79,0,0,53,6,877,533,272,877,199047.07,2032.49,256,150,110,289,0,0,0,0,454,129,222,0
210632,20,-0.1,-0.03,-0.45,-0.35,1,0.2,0.1,0.15,20,59.57,871,818,19,799,0,141,182,0,476,0,0,53,6,877,476,323,877,287699.18,2967.78,31,47,29,692,0,0,0,0,0,141,658,0
210633,20,-0.1,-0.03,-0.45,-0.35,1,0.2,0.1,0.15,20,69.79,867,814,13,801,472,0,242,0,87,0,0,53,10,877,559,242,877,272365.78,2778.58,225,107,88,381,0,0,0,0,472,0,329,0
210634,20,-0.1,-0.03,-0.45,-0.35,1,0.2,0.1,0.15,30,67.83,871,818,16,802,519,172,86,0,25,0,0,53,6,877,544,258,877,211273.51,2168.68,256,150,110,67,60,159,0,0,519,172,111,0
210635,20,-0.1,-0.03,-0.45,-0.35,1,0.2,0.1,0.15,30,55.02,871,818,31,787,0,195,159,0,433,0,0,53,6,877,433,354,877,270481.96,2832.74,31,47,29,34,30,616,0,0,0,195,592,0
210636,20,-0.1,-0.03,-0.45,-0.35,1,0.2,0.1,0.15,30,74.03,867,814,17,797,553,0,207,0,37,0,0,53,10,877,590,207,877,345466.09,3544.95,225,107,88,52,47,278,0,0,553,0,244,0
210637,20,-0.1,-0.03,-0.45,-0.35,1,0.2,0.1,0.15,40,68.16,871,818,17,801,532,203,36,16,8,6,0,53,6,877,546,255,877,193441.13,1989.35,256,150,110,67,60,48,19,91,532,203,44,22
210638,20,-0.1,-0.03,-0.45,-0.35,1,0.2,0.1,0.15,40,51.97,871,818,33,785,0,247,98,32,102,306,0,53,6,877,408,377,877,230964.5,2362.37,31,47,29,34,30,24,32,558,0,247,200,338
210639,20,-0.1,-0.03,-0.45,-0.35,1,0.2,0.1,0.15,40,76.13,867,814,18,796,578,0,118,72,9,19,0,53,10,877,606,190,877,353814.35,3633.01,225,107,88,52,47,34,11,232,578,0,127,91
210640,20,-0.1,-0.03,-0.45,-0.35,1,0.2,0.1,0.15,50,67.79,871,818,17,801,532,206,0,52,0,11,0,53,6,877,543,258,877,187692.93,1929.7,256,150,110,67,60,48,19,91,532,206,0,63
210641,20,-0.1,-0.03,-0.45,-0.35,1,0.2,0.1,0.15,50,50.45,871,818,33,785,0,256,0,133,0,396,0,53,6,877,396,389,877,202468.84,2063.27,31,47,29,34,30,24,32,558,0,256,0,529
210642,20,-0.1,-0.03,-0.45,-0.35,1,0.2,0.1,0.15,50,76.01,867,814,18,796,578,0,0,191,0,27,0,53,10,877,605,191,877,346834.63,3563.08,225,107,88,52,47,34,11,232,578,0,0,218
210643,20,-0.1,-0.03,-0.45,-0.35,1,0.2,0.1,0.15,60,67.79,871,818,17,801,532,206,0,52,0,11,0,53,6,877,543,258,877,187692.93,1929.7,256,150,110,67,60,48,19,91,532,206,0,63
210644,20,-0.1,-0.03,-0.45,-0.35,1,0.2,0.1,0.15,60,50.45,871,818,33,785,0,256,0,133,0,396,0,53,6,877,396,389,877,202468.84,2063.27,31,47,29,34,30,24,32,558,0,256,0,529
210645,20,-0.1,-0.03,-0.45,-0.35,1,0.2,0.1,0.15,60,76.01,867,814,18,796,578,0,0,191,0,27,0,53,10,877,605,191,877,346834.63,3563.08,225,107,88,52,47,34,11,232,578,0,0,218
210646,20,-0.1,-0.03,-0.45,-0.35,1,0.2,0.2,0.15,20,60.0,871,818,18,800,186,139,181,0,294,0,0,53,6,877,480,320,877,281573.79,2881.46,67,98,91,544,0,0,0,0,186,139,475,0
210647,20,-0.1,-0.03,-0.45,-0.35,1,0.2,0.2,0.15,20,59.57,871,818,19,799,0,141,182,0,476,0,0,53,6,877,476,323,877,287699.18,2967.78,31,47,29,692,0,0,0,0,0,141,658,0
210648,20,-0.1,-0.03,-0.45,-0.35,1,0.2,0.2,0.15,20,63.57,867,814,18,796,190,0,290,0,316,0,0,53,10,877,506,290,877,362721.72,3709.74,36,51,62,647,0,0,0,0,190,0,606,0
210649,20,-0.1,-0.03,-0.45,-0.35,1,0.2,0.2,0.15,30,56.71,871,818,28,790,270,193,149,0,178,0,0,53,6,877,448,342,877,286765.14,2950.25,67,98,91,69,82,383,0,0,270,193,327,0
210650,20,-0.1,-0.03,-0.45,-0.35,1,0.2,0.2,0.15,30,55.02,871,818,31,787,0,195,159,0,433,0,0,53,6,877,433,354,877,270481.96,2832.74,31,47,29,34,30,616,0,0,0,195,592,0
210651,20,-0.1,-0.03,-0.45,-0.35,1,0.2,0.2,0.15,30,63.44,867,814,29,785,288,0,287,0,210,0,0,53,10,877,498,287,877,446325.43,4582.88,36,51,62,41,61,534,0,0,288,0,497,0
210652,20,-0.1,-0.03,-0.45,-0.35,1,0.2,0.2,0.15,40,55.08,871,818,30,788,302,238,84,32,41,91,0,53,6,877,434,354,877,269700.73,2784.69,67,98,91,69,82,56,44,281,302,238,125,123
210653,20,-0.1,-0.03,-0.45,-0.35,1,0.2,0.2,0.15,40,51.97,871,818,33,785,0,247,98,32,102,306,0,53,6,877,408,377,877,230964.5,2362.37,31,47,29,34,30,24,32,558,0,247,200,338
210654,20,-0.1,-0.03,-0.45,-0.35,1,0.2,0.2,0.15,40,63.47,867,814,31,783,326,0,191,95,44,127,0,53,10,877,497,286,877,460640.89,4736.88,36,51,62,41,61,37,28,467,326,0,235,222
210655,20,-0.1,-0.03,-0.45,-0.35,1,0.2,0.2,0.15,50,54.31,871,818,30,788,304,247,0,113,0,124,0,53,6,877,428,360,877,253203.03,2615.47,67,98,91,69,82,56,44,281,304,247,0,237
210656,20,-0.1,-0.03,-0.45,-0.35,1,0.2,0.2,0.15,50,50.45,871,818,33,785,0,256,0,133,0,396,0,53,6,877,396,389,877,202468.84,2063.27,31,47,29,34,30,24,32,558,0,256,0,529
210657,20,-0.1,-0.03,-0.45,-0.35,1,0.2,0.2,0.15,50,62.84,867,814,31,783,328,0,0,291,0,164,0,53,10,877,492,291,877,435633.05,4483.95,36,51,62,41,61,37,28,467,328,0,0,455
210658,20,-0.1,-0.03,-0.45,-0.35,1,0.2,0.2,0.15,60,54.31,871,818,30,788,304,247,0,113,0,124,0,53,6,877,428,360,877,253203.03,2615.47,67,98,91,69,82,56,44,281,304,247,0,237
210659,20,-0.1,-0.03,-0.45,-0.35,1,0.2,0.2,0.15,60,50.45,871,818,33,785,0,256,0,133,0,396,0,53,6,877,396,389,877,202468.84,2063.27,31,47,29,34,30,24,32,558,0,256,0,529
210660,20,-0.1,-0.03,-0.45,-0.35,1,0.2,0.2,0.15,60,62.84,867,814,31,783,328,0,0,291,0,164,0,53,10,877,492,291,877,435633.05,4483.95,36,51,62,41,61,37,28,467,328,0,0,455
210661,20,-0.1,-0.03,-0.45,-0.35,2,0.1,0.1,0.15,20,70.93,871,818,13,805,486,125,109,0,85,0,0,53,6,877,571,234,877,280027.62,3299.48,268,158,123,256,0,0,0,0,486,125,194,0
210662,20,-0.1,-0.03,-0.45,-0.35,2,0.1,0.1,0.15,20,64.58,871,818,19,799,0,141,142,0,516,0,0,53,6,877,516,283,877,399247.52,4412.35,31,47,29,692,0,0,0,0,0,141,658,0
210663,20,-0.1,-0.03,-0.45,-0.35,2,0.1,0.1,0.15,20,76.4,867,814,13,801,514,0,189,0,98,0,0,53,10,877,612,189,877,404516.43,4062.5,237,119,110,335,0,0,0,0,514,0,287,0
210664,20,-0.1,-0.03,-0.45,-0.35,2,0.1,0.1,0.15,30,71.7,871,818,16,802,546,165,62,0,29,0,0,53,6,877,575,227,877,285239.3,3466.64,268,158,123,62,63,128,0,0,546,165,91,0
210665,20,-0.1,-0.03,-0.45,-0.35,2,0.1,0.1,0.15,30,58.07,871,818,31,787,0,195,135,0,457,0,0,53,6,877,457,330,877,414860.42,4559.0,31,47,29,34,30,616,0,0,0,195,592,0
210666,20,-0.1,-0.03,-0.45,-0.35,2,0.1,0.1,0.15,30,80.95,867,814,16,798,597,0,152,0,49,0,0,53,10,877,646,152,877,522443.94,4837.54,237,119,110,48,59,225,0,0,597,0,201,0
210667,20,-0.1,-0.03,-0.45,-0.35,2,0.1,0.1,0.15,40,71.91,871,818,17,801,559,190,27,8,11,6,0,53,6,877,576,225,877,266165.74,3420.15,268,158,123,62,63,37,19,71,559,190,38,14
210668,20,-0.1,-0.03,-0.45,-0.35,2,0.1,0.1,0.15,40,55.29,871,818,33,785,0,247,83,21,117,317,0,53,6,877,434,351,877,376587.75,4340.65,31,47,29,34,30,24,32,558,0,247,200,338
210669,20,-0.1,-0.03,-0.45,-0.35,2,0.1,0.1,0.15,40,83.31,867,814,17,797,632,0,90,43,15,17,0,53,10,877,664,133,877,554990.45,5053.23,237,119,110,48,59,24,25,175,632,0,105,60
210670,20,-0.1,-0.03,-0.45,-0.35,2,0.1,0.1,0.15,50,71.16,871,818,17,801,559,193,0,38,0,11,0,53,6,877,570,231,877,257242.77,3371.33,268,158,123,62,63,37,19,71,559,193,0,49
210671,20,-0.1,-0.03,-0.45,-0.35,2,0.1,0.1,0.15,50,52.99,871,818,33,785,0,256,0,113,0,416,0,53,6,877,416,369,877,335208.75,4044.89,31,47,29,34,30,24,32,558,0,256,0,529
210672,20,-0.1,-0.03,-0.45,-0.35,2,0.1,0.1,0.15,50,83.31,867,814,17,797,633,0,0,133,0,31,0,53,10,877,664,133,877,541997.71,4985.66,237,119,110,48,59,24,25,175,633,0,0,164
210673,20,-0.1,-0.03,-0.45,-0.35,2,0.1,0.1,0.15,60,71.16,871,818,17,801,559,193,0,38,0,11,0,53,6,877,570,231,877,257242.77,3371.33,268,158,123,62,63,37,19,71,559,193,0,49
210674,20,-0.1,-0.03,-0.45,-0.35,2,0.1,0.1,0.15,60,52.99,871,818,33,785,0,256,0,113,0,416,0,53,6,877,416,369,877,335208.75,4044.89,31,47,29,34,30,24,32,558,0,256,0,529
210675,20,-0.1,-0.03,-0.45,-0.35,2,0.1,0.1,0.15,60,83.31,867,814,17,797,633,0,0,133,0,31,0,53,10,877,664,133,877,541997.71,4985.66,237,119,110,48,59,24,25,175,633,0,0,164
210676,20,-0.1,-0.03,-0.45,-0.35,2,0.1,0.2,0.15,20,64.88,871,818,18,800,206,139,142,0,313,0,0,53,6,877,519,281,877,393286.23,4304.22,68,102,98,532,0,0,0,0,206,139,455,0
210677,20,-0.1,-0.03,-0.45,-0.35,2,0.1,0.2,0.15,20,64.58,871,818,19,799,0,141,142,0,516,0,0,53,6,877,516,283,877,399247.52,4412.35,31,47,29,692,0,0,0,0,0,141,658,0
210678,20,-0.1,-0.03,-0.45,-0.35,2,0.1,0.2,0.15,20,70.6,867,814,18,796,216,0,234,0,346,0,0,53,10,877,562,234,877,547003.88,5256.18,37,55,71,633,0,0,0,0,216,0,580,0
210679,20,-0.1,-0.03,-0.45,-0.35,2,0.1,0.2,0.15,30,59.75,871,818,28,790,294,193,125,0,178,0,0,53,6,877,472,318,877,427420.47,4621.74,68,102,98,77,84,361,0,0,294,193,303,0
210680,20,-0.1,-0.03,-0.45,-0.35,2,0.1,0.2,0.15,30,58.07,871,818,31,787,0,195,135,0,457,0,0,53,6,877,457,330,877,414860.42,4559.0,31,47,29,34,30,616,0,0,0,195,592,0
210681,20,-0.1,-0.03,-0.45,-0.35,2,0.1,0.2,0.15,30,69.81,867,814,29,785,325,0,237,0,223,0,0,53,10,877,548,237,877,736887.3,6405.39,37,55,71,53,66,503,0,0,325,0,460,0
210682,20,-0.1,-0.03,-0.45,-0.35,2,0.1,0.2,0.15,40,58.38,871,818,30,788,332,237,70,21,45,83,0,53,6,877,460,328,877,399788.69,4618.57,68,102,98,77,84,58,43,258,332,237,115,104
210683,20,-0.1,-0.03,-0.45,-0.35,2,0.1,0.2,0.15,40,55.29,871,818,33,785,0,247,83,21,117,317,0,53,6,877,434,351,877,376587.75,4340.65,31,47,29,34,30,24,32,558,0,247,200,338
210684,20,-0.1,-0.03,-0.45,-0.35,2,0.1,0.2,0.15,40,70.11,867,814,31,783,374,0,167,67,55,120,0,53,10,877,549,234,877,775768.09,6738.9,37,55,71,53,66,43,30,428,374,0,222,187
210685,20,-0.1,-0.03,-0.45,-0.35,2,0.1,0.2,0.15,50,57.36,871,818,30,788,333,245,0,91,0,119,0,53,6,877,452,336,877,378618.41,4478.94,68,102,98,77,84,58,43,258,333,245,0,210
210686,20,-0.1,-0.03,-0.45,-0.35,2,0.1,0.2,0.15,50,52.99,871,818,33,785,0,256,0,113,0,416,0,53,6,877,416,369,877,335208.75,4044.89,31,47,29,34,30,24,32,558,0,256,0,529
210687,20,-0.1,-0.03,-0.45,-0.35,2,0.1,0.2,0.15,50,70.24,867,814,31,783,375,0,0,233,0,175,0,53,10,877,550,233,877,737959.52,6518.09,37,55,71,53,66,43,30,428,375,0,0,408
210688,20,-0.1,-0.03,-0.45,-0.35,2,0.1,0.2,0.15,60,57.36,871,818,30,788,333,245,0,91,0,119,0,53,6,877,452,336,877,378618.41,4478.94,68,102,98,77,84,58,43,258,333,245,0,210
210689,20,-0.1,-0.03,-0.45,-0.35,2,0.1,0.2,0.15,60,52.99,871,818,33,785,0,256,0,113,0,416,0,53,6,877,416,369,877,335208.75,4044.89,31,47,29,34,30,24,32,558,0,256,0,529
210690,20,-0.1,-0.03,-0.45,-0.35,2,0.1,0.2,0.15,60,70.24,867,814,31,783,375,0,0,233,0,175,0,53,10,877,550,233,877,737959.52,6518.09,37,55,71,53,66,43,30,428,375,0,0,408
210691,20,-0.1,-0.03,-0.45,-0.35,2,0.2,0.1,0.15,20,66.21,871,818,13,805,454,129,143,0,79,0,0,53,6,877,533,272,877,199047.07,2032.49,256,150,110,289,0,0,0,0,454,129,222,0
210692,20,-0.1,-0.03,-0.45,-0.35,2,0.2,0.1,0.15,20,59.57,871,818,19,799,0,141,182,0,476,0,0,53,6,877,476,323,877,287699.18,2967.78,31,47,29,692,0,0,0,0,0,141,658,0
210693,20,-0.1,-0.03,-0.45,-0.35,2,0.2,0.1,0.15,20,69.79,867,814,13,801,472,0,242,0,87,0,0,53,10,877,559,242,877,272365.78,2778.58,225,107,88,381,0,0,0,0,472,0,329,0
210694,20,-0.1,-0.03,-0.45,-0.35,2,0.2,0.1,0.15,30,67.83,871,818,16,802,519,172,86,0,25,0,0,53,6,877,544,258,877,211273.51,2168.68,256,150,110,67,60,159,0,0,519,172,111,0
210695,20,-0.1,-0.03,-0.45,-0.35,2,0.2,0.1,0.15,30,55.02,871,818,31,787,0,195,159,0,433,0,0,53,6,877,433,354,877,270481.96,2832.74,31,47,29,34,30,616,0,0,0,195,592,0
210696,20,-0.1,-0.03,-0.45,-0.35,2,0.2,0.1,0.15,30,74.03,867,814,17,797,553,0,207,0,37,0,0,53,10,877,590,207,877,345466.09,3544.95,225,107,88,52,47,278,0,0,553,0,244,0
210697,20,-0.1,-0.03,-0.45,-0.35,2,0.2,0.1,0.15,40,68.16,871,818,17,801,532,203,36,16,8,6,0,53,6,877,546,255,877,193441.13,1989.35,256,150,110,67,60,48,19,91,532,203,44,22
210698,20,-0.1,-0.03,-0.45,-0.35,2,0.2,0.1,0.15,40,51.97,871,818,33,785,0,247,98,32,102,306,0,53,6,877,408,377,877,230964.5,2362.37,31,47,29,34,30,24,32,558,0,247,200,338
210699,20,-0.1,-0.03,-0.45,-0.35,2,0.2,0.1,0.15,40,76.13,867,814,18,796,578,0,118,72,9,19,0,53,10,877,606,190,877,353814.35,3633.01,225,107,88,52,47,34,11,232,578,0,127,91
210700,20,-0.1,-0.03,-0.45,-0.35,2,0.2,0.1,0.15,50,67.79,871,818,17,801,532,206,0,52,0,11,0,53,6,877,543,258,877,187692.93,1929.7,256,150,110,67,60,48,19,91,532,206,0,63
210701,20,-0.1,-0.03,-0.45,-0.35,2,0.2,0.1,0.15,50,50.45,871,818,33,785,0,256,0,133,0,396,0,53,6,877,396,389,877,202468.84,2063.27,31,47,29,34,30,24,32,558,0,256,0,529
210702,20,-0.1,-0.03,-0.45,-0.35,2,0.2,0.1,0.15,50,76.01,867,814,18,796,578,0,0,191,0,27,0,53,10,877,605,191,877,346834.63,3563.08,225,107,88,52,47,34,11,232,578,0,0,218
210703,20,-0.1,-0.03,-0.45,-0.35,2,0.2,0.1,0.15,60,67.79,871,818,17,801,532,206,0,52,0,11,0,53,6,877,543,258,877,187692.93,1929.7,256,150,110,67,60,48,19,91,532,206,0,63
210704,20,-0.1,-0.03,-0.45,-0.35,2,0.2,0.1,0.15,60,50.45,871,818,33,785,0,256,0,133,0,396,0,53,6,877,396,389,877,202468.84,2063.27,31,47,29,34,30,24,32,558,0,256,0,529
210705,20,-0.1,-0.03,-0.45,-0.35,2,0.2,0.1,0.15,60,76.01,867,814,18,796,578,0,0,191,0,27,0,53,10,877,605,191,877,346834.63,3563.08,225,107,88,52,47,34,11,232,578,0,0,218
210706,20,-0.1,-0.03,-0.45,-0.35,2,0.2,0.2,0.15,20,60.0,871,818,18,800,186,139,181,0,294,0,0,53,6,877,480,320,877,281573.79,2881.46,67,98,91,544,0,0,0,0,186,139,475,0
210707,20,-0.1,-0.03,-0.45,-0.35,2,0.2,0.2,0.15,20,59.57,871,818,19,799,0,141,182,0,476,0,0,53,6,877,476,323,877,287699.18,2967.78,31,47,29,692,0,0,0,0,0,141,658,0
210708,20,-0.1,-0.03,-0.45,-0.35,2,0.2,0.2,0.15,20,63.57,867,814,18,796,190,0,290,0,316,0,0,53,10,877,506,290,877,362721.72,3709.74,36,51,62,647,0,0,0,0,190,0,606,0
210709,20,-0.1,-0.03,-0.45,-0.35,2,0.2,0.2,0.15,30,56.71,871,818,28,790,270,193,149,0,178,0,0,53,6,877,448,342,877,286765.14,2950.25,67,98,91,69,82,383,0,0,270,193,327,0
210710,20,-0.1,-0.03,-0.45,-0.35,2,0.2,0.2,0.15,30,55.02,871,818,31,787,0,195,159,0,433,0,0,53,6,877,433,354,877,270481.96,2832.74,31,47,29,34,30,616,0,0,0,195,592,0
210711,20,-0.1,-0.03,-0.45,-0.35,2,0.2,0.2,0.15,30,63.44,867,814,29,785,288,0,287,0,210,0,0,53,10,877,498,287,877,446325.43,4582.88,36,51,62,41,61,534,0,0,288,0,497,0
210712,20,-0.1,-0.03,-0.45,-0.35,2,0.2,0.2,0.15,40,55.08,871,818,30,788,302,238,84,32,41,91,0,53,6,877,434,354,877,269700.73,2784.69,67,98,91,69,82,56,44,281,302,238,125,123
210713,20,-0.1,-0.03,-0.45,-0.35,2,0.2,0.2,0.15,40,51.97,871,818,33,785,0,247,98,32,102,306,0,53,6,877,408,377,877,230964.5,2362.37,31,47,29,34,30,24,32,558,0,247,200,338
210714,20,-0.1,-0.03,-0.45,-0.35,2,0.2,0.2,0.15,40,63.47,867,814,31,783,326,0,191,95,44,127,0,53,10,877,497,286,877,460640.89,4736.88,36,51,62,41,61,37,28,467,326,0,235,222
210715,20,-0.1,-0.03,-0.45,-0.35,2,0.2,0.2,0.15,50,54.31,871,818,30,788,304,247,0,113,0,124,0,53,6,877,428,360,877,253203.03,2615.47,67,98,91,69,82,56,44,281,304,247,0,237
210716,20,-0.1,-0.03,-0.45,-0.35,2,0.2,0.2,0.15,50,50.45,871,818,33,785,0,256,0,133,0,396,0,53,6,877,396,389,877,202468.84,2063.27,31,47,29,34,30,24,32,558,0,256,0,529
210717,20,-0.1,-0.03,-0.45,-0.35,2,0.2,0.2,0.15,50,62.84,867,814,31,783,328,0,0,291,0,164,0,53,10,877,492,291,877,435633.05,4483.95,36,51,62,41,61,37,28,467,328,0,0,455
210718,20,-0.1,-0.03,-0.45,-0.35,2,0.2,0.2,0.15,60,54.31,871,818,30,788,304,247,0,113,0,124,0,53,6,877,428,360,877,253203.03,2615.47,67,98,91,69,82,56,44,281,304,247,0,237
210719,20,-0.1,-0.03,-0.45,-0.35,2,0.2,0.2,0.15,60,50.45,871,818,33,785,0,256,0,133,0,396,0,53,6,877,396,389,877,202468.84,2063.27,31,47,29,34,30,24,32,558,0,256,0,529
210720,20,-0.1,-0.03,-0.45,-0.35,2,0.2,0.2,0.15,60,62.84,867,814,31,783,328,0,0,291,0,164,0,53,10,877,492,291,877,435633.05,4483.95,36,51,62,41,61,37,28,467,328,0,0,455
210721,20,-0.1,-0.03,-0.45,-0.3,1,0.1,0.1,0.15,20,64.31,1323,1264,20,1244,648,194,250,0,152,0,0,59,9,1332,800,444,1332,263978.59,2712.14,365,229,156,494,0,0,0,0,648,194,402,0
210722,20,-0.1,-0.03,-0.45,-0.3,1,0.1,0.1,0.15,20,58.12,1323,1264,27,1237,0,215,303,0,719,0,0,59,9,1332,719,518,1332,367129.63,3835.52,42,78,51,1066,0,0,0,0,0,215,1022,0
210723,20,-0.1,-0.03,-0.45,-0.3,1,0.1,0.1,0.15,20,67.47,1318,1259,20,1239,670,0,403,0,166,0,0,59,14,1332,836,403,1332,350629.04,3581.33,323,160,116,640,0,0,0,0,670,0,569,0
210724,20,-0.1,-0.03,-0.45,-0.3,1,0.1,0.1,0.15,30,66.21,1323,1264,27,1237,755,255,163,0,64,0,0,59,9,1332,819,418,1332,292840.13,3026.59,365,229,156,92,94,301,0,0,755,255,227,0
210725,20,-0.1,-0.03,-0.45,-0.3,1,0.1,0.1,0.15,30,54.31,1323,1264,45,1219,0,293,264,0,662,0,0,59,9,1332,662,557,1332,344878.91,3671.15,42,78,51,44,45,959,0,0,0,293,926,0
210726,20,-0.1,-0.03,-0.45,-0.3,1,0.1,0.1,0.15,30,71.81,1318,1259,28,1231,801,0,347,0,83,0,0,59,14,1332,884,347,1332,470195.53,4830.51,323,160,116,71,72,489,0,0,801,0,430,0
210727,20,-0.1,-0.03,-0.45,-0.3,1,0.1,0.1,0.15,40,66.02,1323,1264,28,1236,785,309,78,33,15,16,0,59,9,1332,816,420,1332,253255.28,2616.66,365,229,156,92,94,74,48,178,785,309,93,49
210728,20,-0.1,-0.03,-0.45,-0.3,1,0.1,0.1,0.15,40,50.7,1323,1264,47,1217,0,378,163,59,159,458,0,59,9,1332,617,600,1332,266367.51,2784.87,42,78,51,44,45,33,59,865,0,378,322,517
210729,20,-0.1,-0.03,-0.45,-0.3,1,0.1,0.1,0.15,40,73.41,1318,1259,29,1230,852,0,208,119,16,35,0,59,14,1332,903,327,1332,480910.39,4934.16,323,160,116,71,72,59,31,398,852,0,224,154
210730,20,-0.1,-0.03,-0.45,-0.3,1,0.1,0.1,0.15,50,65.7,1323,1264,28,1236,785,315,0,109,0,27,0,59,9,1332,812,424,1332,241875.54,2499.32,365,229,156,92,94,74,48,178,785,315,0,136
210731,20,-0.1,-0.03,-0.45,-0.3,1,0.1,0.1,0.15,50,49.47,1323,1264,47,1217,0,395,0,220,0,602,0,59,9,1332,602,615,1332,225671.84,2355.44,42,78,51,44,45,33,59,865,0,395,0,822
210732,20,-0.1,-0.03,-0.45,-0.3,1,0.1,0.1,0.15,50,73.25,1318,1259,29,1230,852,0,0,329,0,49,0,59,14,1332,901,329,1332,466115.95,4782.91,323,160,116,71,72,59,31,398,852,0,0,378
210733,20,-0.1,-0.03,-0.45,-0.3,1,0.1,0.1,0.15,60,65.7,1323,1264,28,1236,785,315,0,109,0,27,0,59,9,1332,812,424,1332,241875.54,2499.32,365,229,156,92,94,74,48,178,785,315,0,136
210734,20,-0.1,-0.03,-0.45,-0.3,1,0.1,0.1,0.15,60,49.47,1323,1264,47,1217,0,395,0,220,0,602,0,59,9,1332,602,615,1332,225671.84,2355.44,42,78,51,44,45,33,59,865,0,395,0,822
210735,20,-0.1,-0.03,-0.45,-0.3,1,0.1,0.1,0.15,60,73.25,1318,1259,29,1230,852,0,0,329,0,49,0,59,14,1332,901,329,1332,466115.95,4782.91,323,160,116,71,72,59,31,398,852,0,0,378
210736,20,-0.1,-0.03,-0.45,-0.3,1,0.1,0.2,0.15,20,58.43,1323,1264,25,1239,269,213,302,0,455,0,0,59,9,1332,724,515,1332,369959.31,3831.65,88,149,146,856,0,0,0,0,269,213,757,0
210737,20,-0.1,-0.03,-0.45,-0.3,1,0.1,0.2,0.15,20,58.12,1323,1264,27,1237,0,215,303,0,719,0,0,59,9,1332,719,518,1332,367129.63,3835.52,42,78,51,1066,0,0,0,0,0,215,1022,0
210738,20,-0.1,-0.03,-0.45,-0.3,1,0.1,0.2,0.15,20,61.51,1318,1259,25,1234,273,0,475,0,486,0,0,59,14,1332,759,475,1332,456860.04,4706.24,46,71,95,1022,0,0,0,0,273,0,961,0
210739,20,-0.1,-0.03,-0.45,-0.3,1,0.1,0.2,0.15,30,55.85,1323,1264,41,1223,381,290,250,0,302,0,0,59,9,1332,683,540,1332,383453.72,4008.84,88,149,146,99,108,633,0,0,381,290,552,0
210740,20,-0.1,-0.03,-0.45,-0.3,1,0.1,0.2,0.15,30,54.31,1323,1264,45,1219,0,293,264,0,662,0,0,59,9,1332,662,557,1332,344878.91,3671.15,42,78,51,44,45,959,0,0,0,293,926,0
210741,20,-0.1,-0.03,-0.45,-0.3,1,0.1,0.2,0.15,30,61.79,1318,1259,42,1217,402,0,465,0,350,0,0,59,14,1332,752,465,1332,581309.98,6019.55,46,71,95,61,75,869,0,0,402,0,815,0
210742,20,-0.1,-0.03,-0.45,-0.3,1,0.1,0.2,0.15,40,53.56,1323,1264,43,1221,433,366,144,57,65,156,0,59,9,1332,654,567,1332,341496.1,3582.6,88,149,146,99,108,81,78,472,433,366,209,213
210743,20,-0.1,-0.03,-0.45,-0.3,1,0.1,0.2,0.15,40,50.7,1323,1264,47,1217,0,378,163,59,159,458,0,59,9,1332,617,600,1332,266367.51,2784.87,42,78,51,44,45,33,59,865,0,378,322,517
210744,20,-0.1,-0.03,-0.45,-0.3,1,0.1,0.2,0.15,40,61.32,1318,1259,44,1215,462,0,315,155,70,213,0,59,14,1332,745,470,1332,599848.76,6207.15,46,71,95,61,75,54,42,771,462,0,385,368
210745,20,-0.1,-0.03,-0.45,-0.3,1,0.1,0.2,0.15,50,52.99,1323,1264,43,1221,436,381,0,193,0,211,0,59,9,1332,647,574,1332,316215.3,3321.8,88,149,146,99,108,81,78,472,436,381,0,404
210746,20,-0.1,-0.03,-0.45,-0.3,1,0.1,0.2,0.15,50,49.47,1323,1264,47,1217,0,395,0,220,0,602,0,59,9,1332,602,615,1332,225671.84,2355.44,42,78,51,44,45,33,59,865,0,395,0,822
210747,20,-0.1,-0.03,-0.45,-0.3,1,0.1,0.2,0.15,50,60.82,1318,1259,44,1215,465,0,0,476,0,274,0,59,14,1332,739,476,1332,562793.76,5827.35,46,71,95,61,75,54,42,771,465,0,0,750
210748,20,-0.1,-0.03,-0.45,-0.3,1,0.1,0.2,0.15,60,52.99,1323,1264,43,1221,436,381,0,193,0,211,0,59,9,1332,647,574,1332,316215.3,3321.8,88,149,146,99,108,81,78,472,436,381,0,404
210749,20,-0.1,-0.03,-0.45,-0.3,1,0.1,0.2,0.15,60,49.47,1323,1264,47,1217,0,395,0,220,0,602,0,59,9,1332,602,615,1332,225671.84,2355.44,42,78,51,44,45,33,59,865,0,395,0,822
210750,20,-0.1,-0.03,-0.45,-0.3,1,0.1,0.2,0.15,60,60.82,1318,1259,44,1215,465,0,0,476,0,274,0,59,14,1332,739,476,1332,562793.76,5827.35,46,71,95,61,75,54,42,771,465,0,0,750
210751,20,-0.1,-0.03,-0.45,-0.3,1,0.2,0.1,0.15,20,64.31,1323,1264,20,1244,648,194,250,0,152,0,0,59,9,1332,800,444,1332,263978.59,2712.14,365,229,156,494,0,0,0,0,648,194,402,0
210752,20,-0.1,-0.03,-0.45,-0.3,1,0.2,0.1,0.15,20,58.12,1323,1264,27,1237,0,215,303,0,719,0,0,59,9,1332,719,518,1332,367129.63,3835.52,42,78,51,1066,0,0,0,0,0,215,1022,0
210753,20,-0.1,-0.03,-0.45,-0.3,1,0.2,0.1,0.15,20,67.47,1318,1259,20,1239,670,0,403,0,166,0,0,59,14,1332,836,403,1332,350629.04,3581.33,323,160,116,640,0,0,0,0,670,0,569,0
210754,20,-0.1,-0.03,-0.45,-0.3,1,0.2,0.1,0.15,30,66.21,1323,1264,27,1237,755,255,163,0,64,0,0,59,9,1332,819,418,1332,292840.13,3026.59,365,229,156,92,94,301,0,0,755,255,227,0
210755,20,-0.1,-0.03,-0.45,-0.3,1,0.2,0.1,0.15,30,54.31,1323,1264,45,1219,0,293,264,0,662,0,0,59,9,1332,662,557,1332,344878.91,3671.15,42,78,51,44,45,959,0,0,0,293,926,0
210756,20,-0.1,-0.03,-0.45,-0.3,1,0.2,0.1,0.15,30,71.81,1318,1259,28,1231,801,0,347,0,83,0,0,59,14,1332,884,347,1332,470195.53,4830.51,323,160,116,71,72,489,0,0,801,0,430,0
210757,20,-0.1,-0.03,-0.45,-0.3,1,0.2,0.1,0.15,40,66.02,1323,1264,28,1236,785,309,78,33,15,16,0,59,9,1332,816,420,1332,253255.28,2616.66,365,229,156,92,94,74,48,178,785,309,93,49
210758,20,-0.1,-0.03,-0.45,-0.3,1,0.2,0.1,0.15,40,50.7,1323,1264,47,1217,0,378,163,59,159,458,0,59,9,1332,617,600,1332,266367.51,2784.87,42,78,51,44,45,33,59,865,0,378,322,517
210759,20,-0.1,-0.03,-0.45,-0.3,1,0.2,0.1,0.15,40,73.41,1318,1259,29,1230,852,0,208,119,16,35,0,59,14,1332,903,327,1332,480910.39,4934.16,323,160,116,71,72,59,31,398,852,0,224,154
210760,20,-0.1,-0.03,-0.45,-0.3,1,0.2,0.1,0.15,50,65.7,1323,1264,28,1236,785,315,0,109,0,27,0,59,9,1332,812,424,1332,241875.54,2499.32,365,229,156,92,94,74,48,178,785,315,0,136
210761,20,-0.1,-0.03,-0.45,-0.3,1,0.2,0.1,0.15,50,49.47,1323,1264,47,1217,0,395,0,220,0,602,0,59,9,1332,602,615,1332,225671.84,2355.44,42,78,51,44,45,33,59,865,0,395,0,822
210762,20,-0.1,-0.03,-0.45,-0.3,1,0.2,0.1,0.15,50,73.25,1318,1259,29,1230,852,0,0,329,0,49,0,59,14,1332,901,329,1332,466115.95,4782.91,323,160,116,71,72,59,31,398,852,0,0,378
210763,20,-0.1,-0.03,-0.45,-0.3,1,0.2,0.1,0.15,60,65.7,1323,1264,28,1236,785,315,0,109,0,27,0,59,9,1332,812,424,1332,241875.54,2499.32,365,229,156,92,94,74,48,178,785,315,0,136
210764,20,-0.1,-0.03,-0.45,-0.3,1,0.2,0.1,0.15,60,49.47,1323,1264,47,1217,0,395,0,220,0,602,0,59,9,1332,602,615,1332,225671.84,2355.44,42,78,51,44,45,33,59,865,0,395,0,822
210765,20,-0.1,-0.03,-0.45,-0.3,1,0.2,0.1,0.15,60,73.25,1318,1259,29,1230,852,0,0,329,0,49,0,59,14,1332,901,329,1332,466115.95,4782.91,323,160,116,71,72,59,31,398,852,0,0,378
210766,20,-0.1,-0.03,-0.45,-0.3,1,0.2,0.2,0.15,20,58.43,1323,1264,25,1239,269,213,302,0,455,0,0,59,9,1332,724,515,1332,369959.31,3831.65,88,149,146,856,0,0,0,0,269,213,757,0
210767,20,-0.1,-0.03,-0.45,-0.3,1,0.2,0.2,0.15,20,58.12,1323,1264,27,1237,0,215,303,0,719,0,0,59,9,1332,719,518,1332,367129.63,3835.52,42,78,51,1066,0,0,0,0,0,215,1022,0
210768,20,-0.1,-0.03,-0.45,-0.3,1,0.2,0.2,0.15,20,61.51,1318,1259,25,1234,273,0,475,0,486,0,0,59,14,1332,759,475,1332,456860.04,4706.24,46,71,95,1022,0,0,0,0,273,0,961,0
210769,20,-0.1,-0.03,-0.45,-0.3,1,0.2,0.2,0.15,30,55.85,1323,1264,41,1223,381,290,250,0,302,0,0,59,9,1332,683,540,1332,383453.72,4008.84,88,149,146,99,108,633,0,0,381,290,552,0
210770,20,-0.1,-0.03,-0.45,-0.3,1,0.2,0.2,0.15,30,54.31,1323,1264,45,1219,0,293,264,0,662,0,0,59,9,1332,662,557,1332,344878.91,3671.15,42,78,51,44,45,959,0,0,0,293,926,0
210771,20,-0.1,-0.03,-0.45,-0.3,1,0.2,0.2,0.15,30,61.79,1318,1259,42,1217,402,0,465,0,350,0,0,59,14,1332,752,465,1332,581309.98,6019.55,46,71,95,61,75,869,0,0,402,0,815,0
210772,20,-0.1,-0.03,-0.45,-0.3,1,0.2,0.2,0.15,40,53.56,1323,1264,43,1221,433,366,144,57,65,156,0,59,9,1332,654,567,1332,341496.1,3582.6,88,149,146,99,108,81,78,472,433,366,209,213
210773,20,-0.1,-0.03,-0.45,-0.3,1,0.2,0.2,0.15,40,50.7,1323,1264,47,1217,0,378,163,59,159,458,0,59,9,1332,617,600,1332,266367.51,2784.87,42,78,51,44,45,33,59,865,0,378,322,517
210774,20,-0.1,-0.03,-0.45,-0.3,1,0.2,0.2,0.15,40,61.32,1318,1259,44,1215,462,0,315,155,70,213,0,59,14,1332,745,470,1332,599848.76,6207.15,46,71,95,61,75,54,42,771,462,0,385,368
210775,20,-0.1,-0.03,-0.45,-0.3,1,0.2,0.2,0.15,50,52.99,1323,1264,43,1221,436,381,0,193,0,211,0,59,9,1332,647,574,1332,316215.3,3321.8,88,149,146,99,108,81,78,472,436,381,0,404
210776,20,-0.1,-0.03,-0.45,-0.3,1,0.2,0.2,0.15,50,49.47,1323,1264,47,1217,0,395,0,220,0,602,0,59,9,1332,602,615,1332,225671.84,2355.44,42,78,51,44,45,33,59,865,0,395,0,822
210777,20,-0.1,-0.03,-0.45,-0.3,1,0.2,0.2,0.15,50,60.82,1318,1259,44,1215,465,0,0,476,0,274,0,59,14,1332,739,476,1332,562793.76,5827.35,46,71,95,61,75,54,42,771,465,0,0,750
210778,20,-0.1,-0.03,-0.45,-0.3,1,0.2,0.2,0.15,60,52.99,1323,1264,43,1221,436,381,0,193,0,211,0,59,9,1332,647,574,1332,316215.3,3321.8,88,149,146,99,108,81,78,472,436,381,0,404
210779,20,-0.1,-0.03,-0.45,-0.3,1,0.2,0.2,0.15,60,49.47,1323,1264,47,1217,0,395,0,220,0,602,0,59,9,1332,602,615,1332,225671.84,2355.44,42,78,51,44,45,33,59,865,0,395,0,822
210780,20,-0.1,-0.03,-0.45,-0.3,1,0.2,0.2,0.15,60,60.82,1318,1259,44,1215,465,0,0,476,0,274,0,59,14,1332,739,476,1332,562793.76,5827.35,46,71,95,61,75,54,42,771,465,0,0,750
210781,20,-0.1,-0.03,-0.45,-0.3,2,0.1,0.1,0.15,20,69.29,1323,1264,20,1244,699,189,193,0,163,0,0,59,9,1332,862,382,1332,386587.03,4676.12,383,240,177,444,0,0,0,0,699,189,356,0
210782,20,-0.1,-0.03,-0.45,-0.3,2,0.1,0.1,0.15,20,63.3,1323,1264,27,1237,0,215,239,0,783,0,0,59,9,1332,783,454,1332,524208.25,6050.39,42,78,51,1066,0,0,0,0,0,215,1022,0
210783,20,-0.1,-0.03,-0.45,-0.3,2,0.1,0.1,0.15,20,74.09,1318,1259,20,1239,738,0,321,0,180,0,0,59,14,1332,918,321,1332,542286.91,5642.1,342,178,147,572,0,0,0,0,738,0,501,0
210784,20,-0.1,-0.03,-0.45,-0.3,2,0.1,0.1,0.15,30,70.57,1323,1264,27,1237,811,246,118,0,62,0,0,59,9,1332,873,364,1332,429118.96,5112.44,383,240,177,88,107,242,0,0,811,246,180,0
210785,20,-0.1,-0.03,-0.45,-0.3,2,0.1,0.1,0.15,30,58.0,1323,1264,45,1219,0,293,219,0,707,0,0,59,9,1332,707,512,1332,568622.11,6335.14,42,78,51,44,45,959,0,0,0,293,926,0
210786,20,-0.1,-0.03,-0.45,-0.3,2,0.1,0.1,0.15,30,79.14,1318,1259,27,1232,885,0,257,0,90,0,0,59,14,1332,975,257,1332,754395.39,6998.76,342,178,147,71,100,394,0,0,885,0,347,0
210787,20,-0.1,-0.03,-0.45,-0.3,2,0.1,0.1,0.15,40,69.9,1323,1264,28,1236,830,290,62,20,19,15,0,59,9,1332,864,372,1332,372024.4,4891.96,383,240,177,88,107,62,35,144,830,290,81,35
210788,20,-0.1,-0.03,-0.45,-0.3,2,0.1,0.1,0.15,40,53.99,1323,1264,47,1217,0,378,143,39,179,478,0,59,9,1332,657,560,1332,475612.05,5834.3,42,78,51,44,45,33,59,865,0,378,322,517
210789,20,-0.1,-0.03,-0.45,-0.3,2,0.1,0.1,0.15,40,80.67,1318,1259,28,1231,935,0,167,71,24,34,0,59,14,1332,993,238,1332,781531.78,7213.34,342,178,147,71,100,47,33,313,935,0,191,105
210790,20,-0.1,-0.03,-0.45,-0.3,2,0.1,0.1,0.15,50,69.34,1323,1264,28,1236,830,296,0,83,0,27,0,59,9,1332,857,379,1332,355536.71,4807.59,383,240,177,88,107,62,35,144,830,296,0,110
210791,20,-0.1,-0.03,-0.45,-0.3,2,0.1,0.1,0.15,50,52.18,1323,1264,47,1217,0,395,0,187,0,635,0,59,9,1332,635,582,1332,415710.79,5429.58,42,78,51,44,45,33,59,865,0,395,0,822
210792,20,-0.1,-0.03,-0.45,-0.3,2,0.1,0.1,0.15,50,80.67,1318,1259,28,1231,936,0,0,238,0,57,0,59,14,1332,993,238,1332,758880.33,7098.38,342,178,147,71,100,47,33,313,936,0,0,295
210793,20,-0.1,-0.03,-0.45,-0.3,2,0.1,0.1,0.15,60,69.34,1323,1264,28,1236,830,296,0,83,0,27,0,59,9,1332,857,379,1332,355536.71,4807.59,383,240,177,88,107,62,35,144,830,296,0,110
210794,20,-0.1,-0.03,-0.45,-0.3,2,0.1,0.1,0.15,60,52.18,1323,1264,47,1217,0,395,0,187,0,635,0,59,9,1332,635,582,1332,415710.79,5429.58,42,78,51,44,45,33,59,865,0,395,0,822
210795,20,-0.1,-0.03,-0.45,-0.3,2,0.1,0.1,0.15,60,80.67,1318,1259,28,1231,936,0,0,238,0,57,0,59,14,1332,993,238,1332,758880.33,7098.38,342,178,147,71,100,47,33,313,936,0,0,295
210796,20,-0.1,-0.03,-0.45,-0.3,2,0.1,0.2,0.15,20,63.52,1323,1264,25,1239,293,213,239,0,494,0,0,59,9,1332,787,452,1332,525340.94,6014.72,89,156,152,842,0,0,0,0,293,213,733,0
210797,20,-0.1,-0.03,-0.45,-0.3,2,0.1,0.2,0.15,20,63.3,1323,1264,27,1237,0,215,239,0,783,0,0,59,9,1332,783,454,1332,524208.25,6050.39,42,78,51,1066,0,0,0,0,0,215,1022,0
210798,20,-0.1,-0.03,-0.45,-0.3,2,0.1,0.2,0.15,20,68.31,1318,1259,25,1234,305,0,391,0,538,0,0,59,14,1332,843,391,1332,684457.45,7061.2,47,78,104,1005,0,0,0,0,305,0,929,0
210799,20,-0.1,-0.03,-0.45,-0.3,2,0.1,0.2,0.15,30,59.53,1323,1264,41,1223,415,290,205,0,313,0,0,59,9,1332,728,495,1332,603653.88,6617.42,89,156,152,109,114,603,0,0,415,290,518,0
210800,20,-0.1,-0.03,-0.45,-0.3,2,0.1,0.2,0.15,30,58.0,1323,1264,45,1219,0,293,219,0,707,0,0,59,9,1332,707,512,1332,568622.11,6335.14,42,78,51,44,45,959,0,0,0,293,926,0
210801,20,-0.1,-0.03,-0.45,-0.3,2,0.1,0.2,0.15,30,68.28,1318,1259,42,1217,454,0,386,0,377,0,0,59,14,1332,831,386,1332,989379.68,8897.04,47,78,104,76,86,826,0,0,454,0,763,0
210802,20,-0.1,-0.03,-0.45,-0.3,2,0.1,0.2,0.15,40,56.84,1323,1264,43,1221,480,365,124,38,73,141,0,59,9,1332,694,527,1332,538740.21,6492.68,89,156,152,109,114,85,81,435,480,365,197,179
210803,20,-0.1,-0.03,-0.45,-0.3,2,0.1,0.2,0.15,40,53.99,1323,1264,47,1217,0,378,143,39,179,478,0,59,9,1332,657,560,1332,475612.05,5834.3,42,78,51,44,45,33,59,865,0,378,322,517
210804,20,-0.1,-0.03,-0.45,-0.3,2,0.1,0.2,0.15,40,68.31,1318,1259,44,1215,535,0,277,108,90,205,0,59,14,1332,830,385,1332,1057416.48,9459.65,47,78,104,76,86,63,51,710,535,0,367,313
210805,20,-0.1,-0.03,-0.45,-0.3,2,0.1,0.2,0.15,50,55.94,1323,1264,43,1221,482,379,0,159,0,201,0,59,9,1332,683,538,1332,501876.82,6280.35,89,156,152,109,114,85,81,435,482,379,0,360
210806,20,-0.1,-0.03,-0.45,-0.3,2,0.1,0.2,0.15,50,52.18,1323,1264,47,1217,0,395,0,187,0,635,0,59,9,1332,635,582,1332,415710.79,5429.58,42,78,51,44,45,33,59,865,0,395,0,822
210807,20,-0.1,-0.03,-0.45,-0.3,2,0.1,0.2,0.15,50,68.23,1318,1259,44,1215,537,0,0,386,0,292,0,59,14,1332,829,386,1332,998173.72,9135.72,47,78,104,76,86,63,51,710,537,0,0,678
210808,20,-0.1,-0.03,-0.45,-0.3,2,0.1,0.2,0.15,60,55.94,1323,1264,43,1221,482,379,0,159,0,201,0,59,9,1332,683,538,1332,501876.82,6280.35,89,156,152,109,114,85,81,435,482,379,0,360
210809,20,-0.1,-0.03,-0.45,-0.3,2,0.1,0.2,0.15,60,52.18,1323,1264,47,1217,0,395,0,187,0,635,0,59,9,1332,635,582,1332,415710.79,5429.58,42,78,51,44,45,33,59,865,0,395,0,822
210810,20,-0.1,-0.03,-0.45,-0.3,2,0.1,0.2,0.15,60,68.23,1318,1259,44,1215,537,0,0,386,0,292,0,59,14,1332,829,386,1332,998173.72,9135.72,47,78,104,76,86,63,51,710,537,0,0,678
210811,20,-0.1,-0.03,-0.45,-0.3,2,0.2,0.1,0.15,20,64.31,1323,1264,20,1244,648,194,250,0,152,0,0,59,9,1332,800,444,1332,263978.59,2712.14,365,229,156,494,0,0,0,0,648,194,402,0
210812,20,-0.1,-0.03,-0.45,-0.3,2,0.2,0.1,0.15,20,58.12,1323,1264,27,1237,0,215,303,0,719,0,0,59,9,1332,719,518,1332,367129.63,3835.52,42,78,51,1066,0,0,0,0,0,215,1022,0
210813,20,-0.1,-0.03,-0.45,-0.3,2,0.2,0.1,0.15,20,67.47,1318,1259,20,1239,670,0,403,0,166,0,0,59,14,1332,836,403,1332,350629.04,3581.33,323,160,116,640,0,0,0,0,670,0,569,0
210814,20,-0.1,-0.03,-0.45,-0.3,2,0.2,0.1,0.15,30,66.21,1323,1264,27,1237,755,255,163,0,64,0,0,59,9,1332,819,418,1332,292840.13,3026.59,365,229,156,92,94,301,0,0,755,255,227,0
210815,20,-0.1,-0.03,-0.45,-0.3,2,0.2,0.1,0.15,30,54.31,1323,1264,45,1219,0,293,264,0,662,0,0,59,9,1332,662,557,1332,344878.91,3671.15,42,78,51,44,45,959,0,0,0,293,926,0
210816,20,-0.1,-0.03,-0.45,-0.3,2,0.2,0.1,0.15,30,71.81,1318,1259,28,1231,801,0,347,0,83,0,0,59,14,1332,884,347,1332,470195.53,4830.51,323,160,116,71,72,489,0,0,801,0,430,0
210817,20,-0.1,-0.03,-0.45,-0.3,2,0.2,0.1,0.15,40,66.02,1323,1264,28,1236,785,309,78,33,15,16,0,59,9,1332,816,420,1332,253255.28,2616.66,365,229,156,92,94,74,48,178,785,309,93,49
210818,20,-0.1,-0.03,-0.45,-0.3,2,0.2,0.1,0.15,40,50.7,1323,1264,47,1217,0,378,163,59,159,458,0,59,9,1332,617,600,1332,266367.51,2784.87,42,78,51,44,45,33,59,865,0,378,322,517
210819,20,-0.1,-0.03,-0.45,-0.3,2,0.2,0.1,0.15,40,73.41,1318,1259,29,1230,852,0,208,119,16,35,0,59,14,1332,903,327,1332,480910.39,4934.16,323,160,116,71,72,59,31,398,852,0,224,154
210820,20,-0.1,-0.03,-0.45,-0.3,2,0.2,0.1,0.15,50,65.7,1323,1264,28,1236,785,315,0,109,0,27,0,59,9,1332,812,424,1332,241875.54,2499.32,365,229,156,92,94,74,48,178,785,315,0,136
210821,20,-0.1,-0.03,-0.45,-0.3,2,0.2,0.1,0.15,50,49.47,1323,1264,47,1217,0,395,0,220,0,602,0,59,9,1332,602,615,1332,225671.84,2355.44,42,78,51,44,45,33,59,865,0,395,0,822
210822,20,-0.1,-0.03,-0.45,-0.3,2,0.2,0.1,0.15,50,73.25,1318,1259,29,1230,852,0,0,329,0,49,0,59,14,1332,901,329,1332,466115.95,4782.91,323,160,116,71,72,59,31,398,852,0,0,378
210823,20,-0.1,-0.03,-0.45,-0.3,2,0.2,0.1,0.15,60,65.7,1323,1264,28,1236,785,315,0,109,0,27,0,59,9,1332,812,424,1332,241875.54,2499.32,365,229,156,92,94,74,48,178,785,315,0,136
210824,20,-0.1,-0.03,-0.45,-0.3,2,0.2,0.1,0.15,60,49.47,1323,1264,47,1217,0,395,0,220,0,602,0,59,9,1332,602,615,1332,225671.84,2355.44,42,78,51,44,45,33,59,865,0,395,0,822
210825,20,-0.1,-0.03,-0.45,-0.3,2,0.2,0.1,0.15,60,73.25,1318,1259,29,1230,852,0,0,329,0,49,0,59,14,1332,901,329,1332,466115.95,4782.91,323,160,116,71,72,59,31,398,852,0,0,378
210826,20,-0.1,-0.03,-0.45,-0.3,2,0.2,0.2,0.15,20,58.43,1323,1264,25,1239,269,213,302,0,455,0,0,59,9,1332,724,515,1332,369959.31,3831.65,88,149,146,856,0,0,0,0,269,213,757,0
210827,20,-0.1,-0.03,-0.45,-0.3,2,0.2,0.2,0.15,20,58.12,1323,1264,27,1237,0,215,303,0,719,0,0,59,9,1332,719,518,1332,367129.63,3835.52,42,78,51,1066,0,0,0,0,0,215,1022,0
210828,20,-0.1,-0.03,-0.45,-0.3,2,0.2,0.2,0.15,20,61.51,1318,1259,25,1234,273,0,475,0,486,0,0,59,14,1332,759,475,1332,456860.04,4706.24,46,71,95,1022,0,0,0,0,273,0,961,0
210829,20,-0.1,-0.03,-0.45,-0.3,2,0.2,0.2,0.15,30,55.85,1323,1264,41,1223,381,290,250,0,302,0,0,59,9,1332,683,540,1332,383453.72,4008.84,88,149,146,99,108,633,0,0,381,290,552,0
210830,20,-0.1,-0.03,-0.45,-0.3,2,0.2,0.2,0.15,30,54.31,1323,1264,45,1219,0,293,264,0,662,0,0,59,9,1332,662,557,1332,344878.91,3671.15,42,78,51,44,45,959,0,0,0,293,926,0
210831,20,-0.1,-0.03,-0.45,-0.3,2,0.2,0.2,0.15,30,61.79,1318,1259,42,1217,402,0,465,0,350,0,0,59,14,1332,752,465,1332,581309.98,6019.55,46,71,95,61,75,869,0,0,402,0,815,0
210832,20,-0.1,-0.03,-0.45,-0.3,2,0.2,0.2,0.15,40,53.56,1323,1264,43,1221,433,366,144,57,65,156,0,59,9,1332,654,567,1332,341496.1,3582.6,88,149,146,99,108,81,78,472,433,366,209,213
210833,20,-0.1,-0.03,-0.45,-0.3,2,0.2,0.2,0.15,40,50.7,1323,1264,47,1217,0,378,163,59,159,458,0,59,9,1332,617,600,1332,266367.51,2784.87,42,78,51,44,45,33,59,865,0,378,322,517
210834,20,-0.1,-0.03,-0.45,-0.3,2,0.2,0.2,0.15,40,61.32,1318,1259,44,1215,462,0,315,155,70,213,0,59,14,1332,745,470,1332,599848.76,6207.15,46,71,95,61,75,54,42,771,462,0,385,368
210835,20,-0.1,-0.03,-0.45,-0.3,2,0.2,0.2,0.15,50,52.99,1323,1264,43,1221,436,381,0,193,0,211,0,59,9,1332,647,574,1332,316215.3,3321.8,88,149,146,99,108,81,78,472,436,381,0,404
210836,20,-0.1,-0.03,-0.45,-0.3,2,0.2,0.2,0.15,50,49.47,1323,1264,47,1217,0,395,0,220,0,602,0,59,9,1332,602,615,1332,225671.84,2355.44,42,78,51,44,45,33,59,865,0,395,0,822
210837,20,-0.1,-0.03,-0.45,-0.3,2,0.2,0.2,0.15,50,60.82,1318,1259,44,1215,465,0,0,476,0,274,0,59,14,1332,739,476,1332,562793.76,5827.35,46,71,95,61,75,54,42,771,465,0,0,750
210838,20,-0.1,-0.03,-0.45,-0.3,2,0.2,0.2,0.15,60,52.99,1323,1264,43,1221,436,381,0,193,0,211,0,59,9,1332,647,574,1332,316215.3,3321.8,88,149,146,99,108,81,78,472,436,381,0,404
210839,20,-0.1,-0.03,-0.45,-0.3,2,0.2,0.2,0.15,60,49.47,1323,1264,47,1217,0,395,0,220,0,602,0,59,9,1332,602,615,1332,225671.84,2355.44,42,78,51,44,45,33,59,865,0,395,0,822
210840,20,-0.1,-0.03,-0.45,-0.3,2,0.2,0.2,0.15,60,60.82,1318,1259,44,1215,465,0,0,476,0,274,0,59,14,1332,739,476,1332,562793.76,5827.35,46,71,95,61,75,54,42,771,465,0,0,750
210841,20,-0.1,-0.03,-0.45,-0.25,1,0.1,0.1,0.15,20,62.25,1690,1617,25,1592,776,254,347,0,215,0,0,73,15,1705,991,601,1705,270888.35,2778.58,436,276,193,687,0,0,0,0,776,254,562,0
210842,20,-0.1,-0.03,-0.45,-0.25,1,0.1,0.1,0.15,20,56.76,1690,1617,33,1584,0,276,409,0,899,0,0,73,15,1705,899,685,1705,372084.79,3897.28,63,93,65,1363,0,0,0,0,0,276,1308,0
210843,20,-0.1,-0.03,-0.45,-0.25,1,0.1,0.1,0.15,20,64.92,1684,1611,26,1585,799,0,556,0,230,0,0,73,21,1705,1029,556,1705,360264.23,3673.93,373,194,139,879,0,0,0,0,799,0,786,0
210844,20,-0.1,-0.03,-0.45,-0.25,1,0.1,0.1,0.15,30,63.46,1690,1617,38,1579,909,335,242,0,93,0,0,73,15,1705,1002,577,1705,295195.96,3066.21,436,276,193,125,121,428,0,0,909,335,335,0
210845,20,-0.1,-0.03,-0.45,-0.25,1,0.1,0.1,0.15,30,52.09,1690,1617,60,1557,0,377,369,0,811,0,0,73,15,1705,811,746,1705,317158.06,3413.2,63,93,65,55,60,1221,0,0,0,377,1180,0
210846,20,-0.1,-0.03,-0.45,-0.25,1,0.1,0.1,0.15,30,68.43,1684,1611,40,1571,962,0,496,0,113,0,0,73,21,1705,1075,496,1705,494089.64,5086.06,373,194,139,93,90,682,0,0,962,0,609,0
210847,20,-0.1,-0.03,-0.45,-0.25,1,0.1,0.1,0.15,40,63.75,1690,1617,39,1578,951,404,118,50,28,27,0,73,15,1705,1006,572,1705,252048.56,2607.15,436,276,193,125,121,93,58,276,951,404,146,77
210848,20,-0.1,-0.03,-0.45,-0.25,1,0.1,0.1,0.15,40,49.0,1690,1617,62,1555,0,479,231,83,202,560,0,73,15,1705,762,793,1705,216802.73,2290.38,63,93,65,55,60,41,72,1106,0,479,433,643
210849,20,-0.1,-0.03,-0.45,-0.25,1,0.1,0.1,0.15,40,70.81,1684,1611,42,1569,1030,0,287,171,30,51,0,73,21,1705,1111,458,1705,528246.27,5395.54,373,194,139,93,90,73,37,570,1030,0,317,222
210850,20,-0.1,-0.03,-0.45,-0.25,1,0.1,0.1,0.15,50,63.37,1690,1617,39,1578,952,413,0,165,0,48,0,73,15,1705,1000,578,1705,239644.87,2479.2,436,276,193,125,121,93,58,276,952,413,0,213
210851,20,-0.1,-0.03,-0.45,-0.25,1,0.1,0.1,0.15,50,47.97,1690,1617,62,1555,0,503,0,306,0,746,0,73,15,1705,746,809,1705,167861.53,1776.62,63,93,65,55,60,41,72,1106,0,503,0,1052
210852,20,-0.1,-0.03,-0.45,-0.25,1,0.1,0.1,0.15,50,70.55,1684,1611,42,1569,1031,0,0,462,0,76,0,73,21,1705,1107,462,1705,508078.07,5188.74,373,194,139,93,90,73,37,570,1031,0,0,538
210853,20,-0.1,-0.03,-0.45,-0.25,1,0.1,0.1,0.15,60,63.37,1690,1617,39,1578,952,413,0,165,0,48,0,73,15,1705,1000,578,1705,239644.87,2479.2,436,276,193,125,121,93,58,276,952,413,0,213
210854,20,-0.1,-0.03,-0.45,-0.25,1,0.1,0.1,0.15,60,47.97,1690,1617,62,1555,0,503,0,306,0,746,0,73,15,1705,746,809,1705,167861.53,1776.62,63,93,65,55,60,41,72,1106,0,503,0,1052
210855,20,-0.1,-0.03,-0.45,-0.25,1,0.1,0.1,0.15,60,70.55,1684,1611,42,1569,1031,0,0,462,0,76,0,73,21,1705,1107,462,1705,508078.07,5188.74,373,194,139,93,90,73,37,570,1031,0,0,538
210856,20,-0.1,-0.03,-0.45,-0.25,1,0.1,0.2,0.15,20,57.0,1690,1617,31,1586,305,274,408,0,599,0,0,73,15,1705,904,682,1705,383497.75,3979.3,114,171,171,1130,0,0,0,0,305,274,1007,0
210857,20,-0.1,-0.03,-0.45,-0.25,1,0.1,0.2,0.15,20,56.76,1690,1617,33,1584,0,276,409,0,899,0,0,73,15,1705,899,685,1705,372084.79,3897.28,63,93,65,1363,0,0,0,0,0,276,1308,0
210858,20,-0.1,-0.03,-0.45,-0.25,1,0.1,0.2,0.15,20,59.53,1684,1611,32,1579,309,0,639,0,631,0,0,73,21,1705,940,639,1705,465200.48,4799.18,51,78,106,1344,0,0,0,0,309,0,1270,0
210859,20,-0.1,-0.03,-0.45,-0.25,1,0.1,0.2,0.15,30,53.71,1690,1617,55,1562,439,373,350,0,400,0,0,73,15,1705,839,723,1705,387880.68,4079.06,114,171,171,123,136,847,0,0,439,373,750,0
210860,20,-0.1,-0.03,-0.45,-0.25,1,0.1,0.2,0.15,30,52.09,1690,1617,60,1557,0,377,369,0,811,0,0,73,15,1705,811,746,1705,317158.06,3413.2,63,93,65,55,60,1221,0,0,0,377,1180,0
210861,20,-0.1,-0.03,-0.45,-0.25,1,0.1,0.2,0.15,30,58.88,1684,1611,57,1554,460,0,639,0,455,0,0,73,21,1705,915,639,1705,601267.79,6243.8,51,78,106,74,89,1156,0,0,460,0,1094,0
210862,20,-0.1,-0.03,-0.45,-0.25,1,0.1,0.2,0.15,40,51.86,1690,1617,57,1560,504,466,204,81,96,209,0,73,15,1705,809,751,1705,338761.71,3568.68,114,171,171,123,136,97,96,652,504,466,300,290
210863,20,-0.1,-0.03,-0.45,-0.25,1,0.1,0.2,0.15,40,49.0,1690,1617,62,1555,0,479,231,83,202,560,0,73,15,1705,762,793,1705,216802.73,2290.38,63,93,65,55,60,41,72,1106,0,479,433,643
210864,20,-0.1,-0.03,-0.45,-0.25,1,0.1,0.2,0.15,40,59.12,1684,1611,60,1551,535,0,418,216,104,278,0,73,21,1705,917,634,1705,640348.81,6608.73,51,78,106,74,89,62,52,1039,535,0,522,494
210865,20,-0.1,-0.03,-0.45,-0.25,1,0.1,0.2,0.15,50,51.28,1690,1617,57,1560,507,486,0,274,0,293,0,73,15,1705,800,760,1705,307477.66,3245.91,114,171,171,123,136,97,96,652,507,486,0,567
210866,20,-0.1,-0.03,-0.45,-0.25,1,0.1,0.2,0.15,50,47.97,1690,1617,62,1555,0,503,0,306,0,746,0,73,15,1705,746,809,1705,167861.53,1776.62,63,93,65,55,60,41,72,1106,0,503,0,1052
210867,20,-0.1,-0.03,-0.45,-0.25,1,0.1,0.2,0.15,50,58.61,1684,1611,60,1551,538,0,0,642,0,371,0,73,21,1705,909,642,1705,591249.96,6104.42,51,78,106,74,89,62,52,1039,538,0,0,1013
210868,20,-0.1,-0.03,-0.45,-0.25,1,0.1,0.2,0.15,60,51.28,1690,1617,57,1560,507,486,0,274,0,293,0,73,15,1705,800,760,1705,307477.66,3245.91,114,171,171,123,136,97,96,652,507,486,0,567
210869,20,-0.1,-0.03,-0.45,-0.25,1,0.1,0.2,0.15,60,47.97,1690,1617,62,1555,0,503,0,306,0,746,0,73,15,1705,746,809,1705,167861.53,1776.62,63,93,65,55,60,41,72,1106,0,503,0,1052
210870,20,-0.1,-0.03,-0.45,-0.25,1,0.1,0.2,0.15,60,58.61,1684,1611,60,1551,538,0,0,642,0,371,0,73,21,1705,909,642,1705,591249.96,6104.42,51,78,106,74,89,62,52,1039,538,0,0,1013
210871,20,-0.1,-0.03,-0.45,-0.25,1,0.2,0.1,0.15,20,62.25,1690,1617,25,1592,776,254,347,0,215,0,0,73,15,1705,991,601,1705,270888.35,2778.58,436,276,193,687,0,0,0,0,776,254,562,0
210872,20,-0.1,-0.03,-0.45,-0.25,1,0.2,0.1,0.15,20,56.76,1690,1617,33,1584,0,276,409,0,899,0,0,73,15,1705,899,685,1705,372084.79,3897.28,63,93,65,1363,0,0,0,0,0,276,1308,0
210873,20,-0.1,-0.03,-0.45,-0.25,1,0.2,0.1,0.15,20,64.92,1684,1611,26,1585,799,0,556,0,230,0,0,73,21,1705,1029,556,1705,360264.23,3673.93,373,194,139,879,0,0,0,0,799,0,786,0
210874,20,-0.1,-0.03,-0.45,-0.25,1,0.2,0.1,0.15,30,63.46,1690,1617,38,1579,909,335,242,0,93,0,0,73,15,1705,1002,577,1705,295195.96,3066.21,436,276,193,125,121,428,0,0,909,335,335,0
210875,20,-0.1,-0.03,-0.45,-0.25,1,0.2,0.1,0.15,30,52.09,1690,1617,60,1557,0,377,369,0,811,0,0,73,15,1705,811,746,1705,317158.06,3413.2,63,93,65,55,60,1221,0,0,0,377,1180,0
210876,20,-0.1,-0.03,-0.45,-0.25,1,0.2,0.1,0.15,30,68.43,1684,1611,40,1571,962,0,496,0,113,0,0,73,21,1705,1075,496,1705,494089.64,5086.06,373,194,139,93,90,682,0,0,962,0,609,0
210877,20,-0.1,-0.03,-0.45,-0.25,1,0.2,0.1,0.15,40,63.75,1690,1617,39,1578,951,404,118,50,28,27,0,73,15,1705,1006,572,1705,252048.56,2607.15,436,276,193,125,121,93,58,276,951,404,146,77
210878,20,-0.1,-0.03,-0.45,-0.25,1,0.2,0.1,0.15,40,49.0,1690,1617,62,1555,0,479,231,83,202,560,0,73,15,1705,762,793,1705,216802.73,2290.38,63,93,65,55,60,41,72,1106,0,479,433,643
210879,20,-0.1,-0.03,-0.45,-0.25,1,0.2,0.1,0.15,40,70.81,1684,1611,42,1569,1030,0,287,171,30,51,0,73,21,1705,1111,458,1705,528246.27,5395.54,373,194,139,93,90,73,37,570,1030,0,317,222
210880,20,-0.1,-0.03,-0.45,-0.25,1,0.2,0.1,0.15,50,63.37,1690,1617,39,1578,952,413,0,165,0,48,0,73,15,1705,1000,578,1705,239644.87,2479.2,436,276,193,125,121,93,58,276,952,413,0,213
210881,20,-0.1,-0.03,-0.45,-0.25,1,0.2,0.1,0.15,50,47.97,1690,1617,62,1555,0,503,0,306,0,746,0,73,15,1705,746,809,1705,167861.53,1776.62,63,93,65,55,60,41,72,1106,0,503,0,1052
210882,20,-0.1,-0.03,-0.45,-0.25,1,0.2,0.1,0.15,50,70.55,1684,1611,42,1569,1031,0,0,462,0,76,0,73,21,1705,1107,462,1705,508078.07,5188.74,373,194,139,93,90,73,37,570,1031,0,0,538
210883,20,-0.1,-0.03,-0.45,-0.25,1,0.2,0.1,0.15,60,63.37,1690,1617,39,1578,952,413,0,165,0,48,0,73,15,1705,1000,578,1705,239644.87,2479.2,436,276,193,125,121,93,58,276,952,413,0,213
210884,20,-0.1,-0.03,-0.45,-0.25,1,0.2,0.1,0.15,60,47.97,1690,1617,62,1555,0,503,0,306,0,746,0,73,15,1705,746,809,1705,167861.53,1776.62,63,93,65,55,60,41,72,1106,0,503,0,1052
210885,20,-0.1,-0.03,-0.45,-0.25,1,0.2,0.1,0.15,60,70.55,1684,1611,42,1569,1031,0,0,462,0,76,0,73,21,1705,1107,462,1705,508078.07,5188.74,373,194,139,93,90,73,37,570,1031,0,0,538
210886,20,-0.1,-0.03,-0.45,-0.25,1,0.2,0.2,0.15,20,57.0,1690,1617,31,1586,305,274,408,0,599,0,0,73,15,1705,904,682,1705,383497.75,3979.3,114,171,171,1130,0,0,0,0,305,274,1007,0
210887,20,-0.1,-0.03,-0.45,-0.25,1,0.2,0.2,0.15,20,56.76,1690,1617,33,1584,0,276,409,0,899,0,0,73,15,1705,899,685,1705,372084.79,3897.28,63,93,65,1363,0,0,0,0,0,276,1308,0
210888,20,-0.1,-0.03,-0.45,-0.25,1,0.2,0.2,0.15,20,59.53,1684,1611,32,1579,309,0,639,0,631,0,0,73,21,1705,940,639,1705,465200.48,4799.18,51,78,106,1344,0,0,0,0,309,0,1270,0
210889,20,-0.1,-0.03,-0.45,-0.25,1,0.2,0.2,0.15,30,53.71,1690,1617,55,1562,439,373,350,0,400,0,0,73,15,1705,839,723,1705,387880.68,4079.06,114,171,171,123,136,847,0,0,439,373,750,0
210890,20,-0.1,-0.03,-0.45,-0.25,1,0.2,0.2,0.15,30,52.09,1690,1617,60,1557,0,377,369,0,811,0,0,73,15,1705,811,746,1705,317158.06,3413.2,63,93,65,55,60,1221,0,0,0,377,1180,0
210891,20,-0.1,-0.03,-0.45,-0.25,1,0.2,0.2,0.15,30,58.88,1684,1611,57,1554,460,0,639,0,455,0,0,73,21,1705,915,639,1705,601267.79,6243.8,51,78,106,74,89,1156,0,0,460,0,1094,0
210892,20,-0.1,-0.03,-0.45,-0.25,1,0.2,0.2,0.15,40,51.86,1690,1617,57,1560,504,466,204,81,96,209,0,73,15,1705,809,751,1705,338761.71,3568.68,114,171,171,123,136,97,96,652,504,466,300,290
210893,20,-0.1,-0.03,-0.45,-0.25,1,0.2,0.2,0.15,40,49.0,1690,1617,62,1555,0,479,231,83,202,560,0,73,15,1705,762,793,1705,216802.73,2290.38,63,93,65,55,60,41,72,1106,0,479,433,643
210894,20,-0.1,-0.03,-0.45,-0.25,1,0.2,0.2,0.15,40,59.12,1684,1611,60,1551,535,0,418,216,104,278,0,73,21,1705,917,634,1705,640348.81,6608.73,51,78,106,74,89,62,52,1039,535,0,522,494
210895,20,-0.1,-0.03,-0.45,-0.25,1,0.2,0.2,0.15,50,51.28,1690,1617,57,1560,507,486,0,274,0,293,0,73,15,1705,800,760,1705,307477.66,3245.91,114,171,171,123,136,97,96,652,507,486,0,567
210896,20,-0.1,-0.03,-0.45,-0.25,1,0.2,0.2,0.15,50,47.97,1690,1617,62,1555,0,503,0,306,0,746,0,73,15,1705,746,809,1705,167861.53,1776.62,63,93,65,55,60,41,72,1106,0,503,0,1052
210897,20,-0.1,-0.03,-0.45,-0.25,1,0.2,0.2,0.15,50,58.61,1684,1611,60,1551,538,0,0,642,0,371,0,73,21,1705,909,642,1705,591249.96,6104.42,51,78,106,74,89,62,52,1039,538,0,0,1013
210898,20,-0.1,-0.03,-0.45,-0.25,1,0.2,0.2,0.15,60,51.28,1690,1617,57,1560,507,486,0,274,0,293,0,73,15,1705,800,760,1705,307477.66,3245.91,114,171,171,123,136,97,96,652,507,486,0,567
210899,20,-0.1,-0.03,-0.45,-0.25,1,0.2,0.2,0.15,60,47.97,1690,1617,62,1555,0,503,0,306,0,746,0,73,15,1705,746,809,1705,167861.53,1776.62,63,93,65,55,60,41,72,1106,0,503,0,1052
210900,20,-0.1,-0.03,-0.45,-0.25,1,0.2,0.2,0.15,60,58.61,1684,1611,60,1551,538,0,0,642,0,371,0,73,21,1705,909,642,1705,591249.96,6104.42,51,78,106,74,89,62,52,1039,538,0,0,1013
210901,20,-0.1,-0.03,-0.45,-0.25,2,0.1,0.1,0.15,20,66.9,1690,1617,25,1592,842,248,279,0,223,0,0,73,15,1705,1065,527,1705,412832.61,5342.32,457,291,216,628,0,0,0,0,842,248,502,0
210902,20,-0.1,-0.03,-0.45,-0.25,2,0.1,0.1,0.15,20,61.62,1690,1617,33,1584,0,276,332,0,976,0,0,73,15,1705,976,608,1705,555001.48,6746.0,63,93,65,1363,0,0,0,0,0,276,1308,0
210903,20,-0.1,-0.03,-0.45,-0.25,2,0.1,0.1,0.15,20,71.23,1684,1611,26,1585,884,0,456,0,245,0,0,73,21,1705,1129,456,1705,570144.7,6329.63,395,216,173,801,0,0,0,0,884,0,701,0
210904,20,-0.1,-0.03,-0.45,-0.25,2,0.1,0.1,0.15,30,68.35,1690,1617,37,1580,981,322,178,0,99,0,0,73,15,1705,1080,500,1705,461696.06,5903.06,457,291,216,126,133,357,0,0,981,322,277,0
210905,20,-0.1,-0.03,-0.45,-0.25,2,0.1,0.1,0.15,30,56.07,1690,1617,60,1557,0,377,307,0,873,0,0,73,15,1705,873,684,1705,564828.91,6829.74,63,93,65,55,60,1221,0,0,0,377,1180,0
210906,20,-0.1,-0.03,-0.45,-0.25,2,0.1,0.1,0.15,30,76.16,1684,1611,38,1573,1065,0,375,0,133,0,0,73,21,1705,1198,375,1705,816380.35,7951.27,395,216,173,100,119,570,0,0,1065,0,508,0
210907,20,-0.1,-0.03,-0.45,-0.25,2,0.1,0.1,0.15,40,67.83,1690,1617,38,1579,1012,381,99,28,34,25,0,73,15,1705,1071,508,1705,392101.71,5665.01,457,291,216,126,133,80,48,228,1012,381,133,53
210908,20,-0.1,-0.03,-0.45,-0.25,2,0.1,0.1,0.15,40,52.48,1690,1617,62,1555,0,479,206,54,227,589,0,73,15,1705,816,739,1705,449032.93,6196.85,63,93,65,55,60,41,72,1106,0,479,433,643
210909,20,-0.1,-0.03,-0.45,-0.25,2,0.1,0.1,0.15,40,78.17,1684,1611,40,1571,1135,0,236,107,42,51,0,73,21,1705,1228,343,1705,882921.86,8400.51,395,216,173,100,119,62,43,463,1135,0,278,158
210910,20,-0.1,-0.03,-0.45,-0.25,2,0.1,0.1,0.15,50,67.51,1690,1617,38,1579,1013,389,0,124,0,53,0,73,15,1705,1066,513,1705,374250.89,5573.69,457,291,216,126,133,80,48,228,1013,389,0,177
210911,20,-0.1,-0.03,-0.45,-0.25,2,0.1,0.1,0.15,50,51.19,1690,1617,62,1555,0,503,0,256,0,796,0,73,15,1705,796,759,1705,377467.24,5706.02,63,93,65,55,60,41,72,1106,0,503,0,1052
210912,20,-0.1,-0.03,-0.45,-0.25,2,0.1,0.1,0.15,50,78.23,1684,1611,40,1571,1137,0,0,342,0,92,0,73,21,1705,1229,342,1705,850269.27,8234.06,395,216,173,100,119,62,43,463,1137,0,0,434
210913,20,-0.1,-0.03,-0.45,-0.25,2,0.1,0.1,0.15,60,67.51,1690,1617,38,1579,1013,389,0,124,0,53,0,73,15,1705,1066,513,1705,374250.89,5573.69,457,291,216,126,133,80,48,228,1013,389,0,177
210914,20,-0.1,-0.03,-0.45,-0.25,2,0.1,0.1,0.15,60,51.19,1690,1617,62,1555,0,503,0,256,0,796,0,73,15,1705,796,759,1705,377467.24,5706.02,63,93,65,55,60,41,72,1106,0,503,0,1052
210915,20,-0.1,-0.03,-0.45,-0.25,2,0.1,0.1,0.15,60,78.23,1684,1611,40,1571,1137,0,0,342,0,92,0,73,21,1705,1229,342,1705,850269.27,8234.06,395,216,173,100,119,62,43,463,1137,0,0,434
210916,20,-0.1,-0.03,-0.45,-0.25,2,0.1,0.2,0.15,20,61.79,1690,1617,31,1586,331,274,332,0,649,0,0,73,15,1705,980,606,1705,560005.28,6770.9,115,179,177,1115,0,0,0,0,331,274,981,0
210917,20,-0.1,-0.03,-0.45,-0.25,2,0.1,0.2,0.15,20,61.62,1690,1617,33,1584,0,276,332,0,976,0,0,73,15,1705,976,608,1705,555001.48,6746.0,63,93,65,1363,0,0,0,0,0,276,1308,0
210918,20,-0.1,-0.03,-0.45,-0.25,2,0.1,0.2,0.15,20,66.12,1684,1611,32,1579,343,0,535,0,701,0,0,73,21,1705,1044,535,1705,705386.96,7767.55,52,86,115,1326,0,0,0,0,343,0,1236,0
210919,20,-0.1,-0.03,-0.45,-0.25,2,0.1,0.2,0.15,30,57.68,1690,1617,55,1562,483,373,288,0,418,0,0,73,15,1705,901,661,1705,639183.75,7454.14,115,179,177,134,146,811,0,0,483,373,706,0
210920,20,-0.1,-0.03,-0.45,-0.25,2,0.1,0.2,0.15,30,56.07,1690,1617,60,1557,0,377,307,0,873,0,0,73,15,1705,873,684,1705,564828.91,6829.74,63,93,65,55,60,1221,0,0,0,377,1180,0
210921,20,-0.1,-0.03,-0.45,-0.25,2,0.1,0.2,0.15,30,65.83,1684,1611,57,1554,527,0,531,0,496,0,0,73,21,1705,1023,531,1705,1057396.55,9924.85,52,86,115,90,105,1106,0,0,527,0,1027,0
210922,20,-0.1,-0.03,-0.45,-0.25,2,0.1,0.2,0.15,40,55.32,1690,1617,57,1560,561,464,180,53,106,196,0,73,15,1705,863,697,1705,566881.39,7338.58,115,179,177,134,146,105,98,606,561,464,286,249
210923,20,-0.1,-0.03,-0.45,-0.25,2,0.1,0.2,0.15,40,52.48,1690,1617,62,1555,0,479,206,54,227,589,0,73,15,1705,816,739,1705,449032.93,6196.85,63,93,65,55,60,41,72,1106,0,479,433,643
210924,20,-0.1,-0.03,-0.45,-0.25,2,0.1,0.2,0.15,40,66.28,1684,1611,60,1551,624,0,371,152,129,275,0,73,21,1705,1028,523,1705,1172807.63,10762.25,52,86,115,90,105,79,62,962,624,0,500,427
210925,20,-0.1,-0.03,-0.45,-0.25,2,0.1,0.2,0.15,50,54.74,1690,1617,57,1560,563,483,0,223,0,291,0,73,15,1705,854,706,1705,521220.47,7062.55,115,179,177,134,146,105,98,606,563,483,0,514
210926,20,-0.1,-0.03,-0.45,-0.25,2,0.1,0.2,0.15,50,51.19,1690,1617,62,1555,0,503,0,256,0,796,0,73,15,1705,796,759,1705,377467.24,5706.02,63,93,65,55,60,41,72,1106,0,503,0,1052
210927,20,-0.1,-0.03,-0.45,-0.25,2,0.1,0.2,0.15,50,66.22,1684,1611,60,1551,626,0,0,524,0,401,0,73,21,1705,1027,524,1705,1091593.65,10306.56,52,86,115,90,105,79,62,962,626,0,0,925
210928,20,-0.1,-0.03,-0.45,-0.25,2,0.1,0.2,0.15,60,54.74,1690,1617,57,1560,563,483,0,223,0,291,0,73,15,1705,854,706,1705,521220.47,7062.55,115,179,177,134,146,105,98,606,563,483,0,514
210929,20,-0.1,-0.03,-0.45,-0.25,2,0.1,0.2,0.15,60,51.19,1690,1617,62,1555,0,503,0,256,0,796,0,73,15,1705,796,759,1705,377467.24,5706.02,63,93,65,55,60,41,72,1106,0,503,0,1052
210930,20,-0.1,-0.03,-0.45,-0.25,2,0.1,0.2,0.15,60,66.22,1684,1611,60,1551,626,0,0,524,0,401,0,73,21,1705,1027,524,1705,1091593.65,10306.56,52,86,115,90,105,79,62,962,626,0,0,925
210931,20,-0.1,-0.03,-0.45,-0.25,2,0.2,0.1,0.15,20,62.25,1690,1617,25,1592,776,254,347,0,215,0,0,73,15,1705,991,601,1705,270888.35,2778.58,436,276,193,687,0,0,0,0,776,254,562,0
210932,20,-0.1,-0.03,-0.45,-0.25,2,0.2,0.1,0.15,20,56.76,1690,1617,33,1584,0,276,409,0,899,0,0,73,15,1705,899,685,1705,372084.79,3897.28,63,93,65,1363,0,0,0,0,0,276,1308,0
210933,20,-0.1,-0.03,-0.45,-0.25,2,0.2,0.1,0.15,20,64.92,1684,1611,26,1585,799,0,556,0,230,0,0,73,21,1705,1029,556,1705,360264.23,3673.93,373,194,139,879,0,0,0,0,799,0,786,0
210934,20,-0.1,-0.03,-0.45,-0.25,2,0.2,0.1,0.15,30,63.46,1690,1617,38,1579,909,335,242,0,93,0,0,73,15,1705,1002,577,1705,295195.96,3066.21,436,276,193,125,121,428,0,0,909,335,335,0
210935,20,-0.1,-0.03,-0.45,-0.25,2,0.2,0.1,0.15,30,52.09,1690,1617,60,1557,0,377,369,0,811,0,0,73,15,1705,811,746,1705,317158.06,3413.2,63,93,65,55,60,1221,0,0,0,377,1180,0
210936,20,-0.1,-0.03,-0.45,-0.25,2,0.2,0.1,0.15,30,68.43,1684,1611,40,1571,962,0,496,0,113,0,0,73,21,1705,1075,496,1705,494089.64,5086.06,373,194,139,93,90,682,0,0,962,0,609,0
210937,20,-0.1,-0.03,-0.45,-0.25,2,0.2,0.1,0.15,40,63.75,1690,1617,39,1578,951,404,118,50,28,27,0,73,15,1705,1006,572,1705,252048.56,2607.15,436,276,193,125,121,93,58,276,951,404,146,77
210938,20,-0.1,-0.03,-0.45,-0.25,2,0.2,0.1,0.15,40,49.0,1690,1617,62,1555,0,479,231,83,202,560,0,73,15,1705,762,793,1705,216802.73,2290.38,63,93,65,55,60,41,72,1106,0,479,433,643
210939,20,-0.1,-0.03,-0.45,-0.25,2,0.2,0.1,0.15,40,70.81,1684,1611,42,1569,1030,0,287,171,30,51,0,73,21,1705,1111,458,1705,528246.27,5395.54,373,194,139,93,90,73,37,570,1030,0,317,222
210940,20,-0.1,-0.03,-0.45,-0.25,2,0.2,0.1,0.15,50,63.37,1690,1617,39,1578,952,413,0,165,0,48,0,73,15,1705,1000,578,1705,239644.87,2479.2,436,276,193,125,121,93,58,276,952,413,0,213
210941,20,-0.1,-0.03,-0.45,-0.25,2,0.2,0.1,0.15,50,47.97,1690,1617,62,1555,0,503,0,306,0,746,0,73,15,1705,746,809,1705,167861.53,1776.62,63,93,65,55,60,41,72,1106,0,503,0,1052
210942,20,-0.1,-0.03,-0.45,-0.25,2,0.2,0.1,0.15,50,70.55,1684,1611,42,1569,1031,0,0,462,0,76,0,73,21,1705,1107,462,1705,508078.07,5188.74,373,194,139,93,90,73,37,570,1031,0,0,538
210943,20,-0.1,-0.03,-0.45,-0.25,2,0.2,0.1,0.15,60,63.37,1690,1617,39,1578,952,413,0,165,0,48,0,73,15,1705,1000,578,1705,239644.87,2479.2,436,276,193,125,121,93,58,276,952,413,0,213
210944,20,-0.1,-0.03,-0.45,-0.25,2,0.2,0.1,0.15,60,47.97,1690,1617,62,1555,0,503,0,306,0,746,0,73,15,1705,746,809,1705,167861.53,1776.62,63,93,65,55,60,41,72,1106,0,503,0,1052
210945,20,-0.1,-0.03,-0.45,-0.25,2,0.2,0.1,0.15,60,70.55,1684,1611,42,1569,1031,0,0,462,0,76,0,73,21,1705,1107,462,1705,508078.07,5188.74,373,194,139,93,90,73,37,570,1031,0,0,538
210946,20,-0.1,-0.03,-0.45,-0.25,2,0.2,0.2,0.15,20,57.0,1690,1617,31,1586,305,274,408,0,599,0,0,73,15,1705,904,682,1705,383497.75,3979.3,114,171,171,1130,0,0,0,0,305,274,1007,0
210947,20,-0.1,-0.03,-0.45,-0.25,2,0.2,0.2,0.15,20,56.76,1690,1617,33,1584,0,276,409,0,899,0,0,73,15,1705,899,685,1705,372084.79,3897.28,63,93,65,1363,0,0,0,0,0,276,1308,0
210948,20,-0.1,-0.03,-0.45,-0.25,2,0.2,0.2,0.15,20,59.53,1684,1611,32,1579,309,0,639,0,631,0,0,73,21,1705,940,639,1705,465200.48,4799.18,51,78,106,1344,0,0,0,0,309,0,1270,0
210949,20,-0.1,-0.03,-0.45,-0.25,2,0.2,0.2,0.15,30,53.71,1690,1617,55,1562,439,373,350,0,400,0,0,73,15,1705,839,723,1705,387880.68,4079.06,114,171,171,123,136,847,0,0,439,373,750,0
210950,20,-0.1,-0.03,-0.45,-0.25,2,0.2,0.2,0.15,30,52.09,1690,1617,60,1557,0,377,369,0,811,0,0,73,15,1705,811,746,1705,317158.06,3413.2,63,93,65,55,60,1221,0,0,0,377,1180,0
210951,20,-0.1,-0.03,-0.45,-0.25,2,0.2,0.2,0.15,30,58.88,1684,1611,57,1554,460,0,639,0,455,0,0,73,21,1705,915,639,1705,601267.79,6243.8,51,78,106,74,89,1156,0,0,460,0,1094,0
210952,20,-0.1,-0.03,-0.45,-0.25,2,0.2,0.2,0.15,40,51.86,1690,1617,57,1560,504,466,204,81,96,209,0,73,15,1705,809,751,1705,338761.71,3568.68,114,171,171,123,136,97,96,652,504,466,300,290
210953,20,-0.1,-0.03,-0.45,-0.25,2,0.2,0.2,0.15,40,49.0,1690,1617,62,1555,0,479,231,83,202,560,0,73,15,1705,762,793,1705,216802.73,2290.38,63,93,65,55,60,41,72,1106,0,479,433,643
210954,20,-0.1,-0.03,-0.45,-0.25,2,0.2,0.2,0.15,40,59.12,1684,1611,60,1551,535,0,418,216,104,278,0,73,21,1705,917,634,1705,640348.81,6608.73,51,78,106,74,89,62,52,1039,535,0,522,494
210955,20,-0.1,-0.03,-0.45,-0.25,2,0.2,0.2,0.15,50,51.28,1690,1617,57,1560,507,486,0,274,0,293,0,73,15,1705,800,760,1705,307477.66,3245.91,114,171,171,123,136,97,96,652,507,486,0,567
210956,20,-0.1,-0.03,-0.45,-0.25,2,0.2,0.2,0.15,50,47.97,1690,1617,62,1555,0,503,0,306,0,746,0,73,15,1705,746,809,1705,167861.53,1776.62,63,93,65,55,60,41,72,1106,0,503,0,1052
210957,20,-0.1,-0.03,-0.45,-0.25,2,0.2,0.2,0.15,50,58.61,1684,1611,60,1551,538,0,0,642,0,371,0,73,21,1705,909,642,1705,591249.96,6104.42,51,78,106,74,89,62,52,1039,538,0,0,1013
210958,20,-0.1,-0.03,-0.45,-0.25,2,0.2,0.2,0.15,60,51.28,1690,1617,57,1560,507,486,0,274,0,293,0,73,15,1705,800,760,1705,307477.66,3245.91,114,171,171,123,136,97,96,652,507,486,0,567
210959,20,-0.1,-0.03,-0.45,-0.25,2,0.2,0.2,0.15,60,47.97,1690,1617,62,1555,0,503,0,306,0,746,0,73,15,1705,746,809,1705,167861.53,1776.62,63,93,65,55,60,41,72,1106,0,503,0,1052
210960,20,-0.1,-0.03,-0.45,-0.25,2,0.2,0.2,0.15,60,58.61,1684,1611,60,1551,538,0,0,642,0,371,0,73,21,1705,909,642,1705,591249.96,6104.42,51,78,106,74,89,62,52,1039,538,0,0,1013
210961,20,-0.1,-0.03,-0.4,-0.35,1,0.1,0.1,0.15,20,64.04,460,440,9,431,239,73,82,0,37,0,0,20,4,464,276,155,464,93421.89,951.43,135,78,73,145,0,0,0,0,239,73,119,0
210962,20,-0.1,-0.03,-0.4,-0.35,1,0.1,0.1,0.15,20,56.64,460,440,11,429,0,81,105,0,243,0,0,20,4,464,243,186,464,121856.75,1255.11,18,28,17,366,0,0,0,0,0,81,348,0
210963,20,-0.1,-0.03,-0.4,-0.35,1,0.1,0.1,0.15,20,67.6,458,438,9,429,246,0,139,0,44,0,0,20,6,464,290,139,464,133582.97,1355.78,117,54,57,201,0,0,0,0,246,0,183,0
210964,20,-0.1,-0.03,-0.4,-0.35,1,0.1,0.1,0.15,30,66.59,460,440,9,431,274,93,51,0,13,0,0,20,4,464,287,144,464,104318.63,1071.77,135,78,73,26,28,91,0,0,274,93,64,0
210965,20,-0.1,-0.03,-0.4,-0.35,1,0.1,0.1,0.15,30,53.74,460,440,12,428,0,105,93,0,230,0,0,20,4,464,230,198,464,114918.83,1219.79,18,28,17,18,11,336,0,0,0,105,323,0
210966,20,-0.1,-0.03,-0.4,-0.35,1,0.1,0.1,0.15,30,72.2,458,438,10,428,290,0,119,0,19,0,0,20,6,464,309,119,464,177178.45,1813.59,117,54,57,18,25,157,0,0,290,0,138,0
210967,20,-0.1,-0.03,-0.4,-0.35,1,0.1,0.1,0.15,40,67.05,460,440,9,431,281,113,19,10,3,5,0,20,4,464,289,142,464,93088.38,956.89,135,78,73,26,28,27,12,52,281,113,22,15
210968,20,-0.1,-0.03,-0.4,-0.35,1,0.1,0.1,0.15,40,51.87,460,440,12,428,0,137,52,17,65,157,0,20,4,464,222,206,464,83976.8,833.46,18,28,17,18,11,13,19,304,0,137,117,174
210969,20,-0.1,-0.03,-0.4,-0.35,1,0.1,0.1,0.15,40,75.0,458,438,10,428,303,0,65,42,4,14,0,20,6,464,321,107,464,182294.51,1864.57,117,54,57,18,25,19,7,131,303,0,69,56
210970,20,-0.1,-0.03,-0.4,-0.35,1,0.1,0.1,0.15,50,66.59,460,440,9,431,281,113,0,31,0,6,0,20,4,464,287,144,464,91349.04,937.96,135,78,73,26,28,27,12,52,281,113,0,37
210971,20,-0.1,-0.03,-0.4,-0.35,1,0.1,0.1,0.15,50,50.7,460,440,12,428,0,141,0,70,0,217,0,20,4,464,217,211,464,70575.8,690.58,18,28,17,18,11,13,19,304,0,141,0,287
210972,20,-0.1,-0.03,-0.4,-0.35,1,0.1,0.1,0.15,50,75.0,458,438,10,428,303,0,0,107,0,18,0,20,6,464,321,107,464,181451.05,1855.23,117,54,57,18,25,19,7,131,303,0,0,125
210973,20,-0.1,-0.03,-0.4,-0.35,1,0.1,0.1,0.15,60,66.59,460,440,9,431,281,113,0,31,0,6,0,20,4,464,287,144,464,91349.04,937.96,135,78,73,26,28,27,12,52,281,113,0,37
210974,20,-0.1,-0.03,-0.4,-0.35,1,0.1,0.1,0.15,60,50.7,460,440,12,428,0,141,0,70,0,217,0,20,4,464,217,211,464,70575.8,690.58,18,28,17,18,11,13,19,304,0,141,0,287
210975,20,-0.1,-0.03,-0.4,-0.35,1,0.1,0.1,0.15,60,75.0,458,438,10,428,303,0,0,107,0,18,0,20,6,464,321,107,464,181451.05,1855.23,117,54,57,18,25,19,7,131,303,0,0,125
210976,20,-0.1,-0.03,-0.4,-0.35,1,0.1,0.2,0.15,20,57.21,460,440,10,430,93,80,104,0,153,0,0,20,4,464,246,184,464,124843.25,1266.01,38,43,55,294,0,0,0,0,93,80,257,0
210977,20,-0.1,-0.03,-0.4,-0.35,1,0.1,0.2,0.15,20,56.64,460,440,11,429,0,81,105,0,243,0,0,20,4,464,243,186,464,121856.75,1255.11,18,28,17,366,0,0,0,0,0,81,348,0
210978,20,-0.1,-0.03,-0.4,-0.35,1,0.1,0.2,0.15,20,60.51,458,438,10,428,94,0,169,0,165,0,0,20,6,464,259,169,464,167672.19,1697.84,20,15,38,355,0,0,0,0,94,0,334,0
210979,20,-0.1,-0.03,-0.4,-0.35,1,0.1,0.2,0.15,30,55.24,460,440,11,429,134,104,88,0,103,0,0,20,4,464,237,192,464,138614.2,1418.19,38,43,55,37,39,217,0,0,134,104,191,0
210980,20,-0.1,-0.03,-0.4,-0.35,1,0.1,0.2,0.15,30,53.74,460,440,12,428,0,105,93,0,230,0,0,20,4,464,230,198,464,114918.83,1219.79,18,28,17,18,11,336,0,0,0,105,323,0
210981,20,-0.1,-0.03,-0.4,-0.35,1,0.1,0.2,0.15,30,61.5,458,438,12,426,143,0,164,0,119,0,0,20,6,464,262,164,464,226047.86,2304.77,20,15,38,21,32,300,0,0,143,0,283,0
210982,20,-0.1,-0.03,-0.4,-0.35,1,0.1,0.2,0.15,40,54.78,460,440,11,429,150,132,45,17,25,60,0,20,4,464,235,194,464,127226.92,1306.44,38,43,55,37,39,26,24,167,150,132,70,77
210983,20,-0.1,-0.03,-0.4,-0.35,1,0.1,0.2,0.15,40,51.87,460,440,12,428,0,137,52,17,65,157,0,20,4,464,222,206,464,83976.8,833.46,18,28,17,18,11,13,19,304,0,137,117,174
210984,20,-0.1,-0.03,-0.4,-0.35,1,0.1,0.2,0.15,40,62.91,458,438,12,426,161,0,105,53,27,80,0,20,6,464,268,158,464,227686.36,2324.51,20,15,38,21,32,17,15,268,161,0,132,133
210985,20,-0.1,-0.03,-0.4,-0.35,1,0.1,0.2,0.15,50,54.31,460,440,11,429,152,136,0,60,0,81,0,20,4,464,233,196,464,121211.99,1245.16,38,43,55,37,39,26,24,167,152,136,0,141
210986,20,-0.1,-0.03,-0.4,-0.35,1,0.1,0.2,0.15,50,50.7,460,440,12,428,0,141,0,70,0,217,0,20,4,464,217,211,464,70575.8,690.58,18,28,17,18,11,13,19,304,0,141,0,287
210987,20,-0.1,-0.03,-0.4,-0.35,1,0.1,0.2,0.15,50,62.91,458,438,12,426,163,0,0,158,0,105,0,20,6,464,268,158,464,220386.88,2250.81,20,15,38,21,32,17,15,268,163,0,0,263
210988,20,-0.1,-0.03,-0.4,-0.35,1,0.1,0.2,0.15,60,54.31,460,440,11,429,152,136,0,60,0,81,0,20,4,464,233,196,464,121211.99,1245.16,38,43,55,37,39,26,24,167,152,136,0,141
210989,20,-0.1,-0.03,-0.4,-0.35,1,0.1,0.2,0.15,60,50.7,460,440,12,428,0,141,0,70,0,217,0,20,4,464,217,211,464,70575.8,690.58,18,28,17,18,11,13,19,304,0,141,0,287
210990,20,-0.1,-0.03,-0.4,-0.35,1,0.1,0.2,0.15,60,62.91,458,438,12,426,163,0,0,158,0,105,0,20,6,464,268,158,464,220386.88,2250.81,20,15,38,21,32,17,15,268,163,0,0,263
210991,20,-0.1,-0.03,-0.4,-0.35,1,0.2,0.1,0.15,20,64.04,460,440,9,431,239,73,82,0,37,0,0,20,4,464,276,155,464,93421.89,951.43,135,78,73,145,0,0,0,0,239,73,119,0
210992,20,-0.1,-0.03,-0.4,-0.35,1,0.2,0.1,0.15,20,56.64,460,440,11,429,0,81,105,0,243,0,0,20,4,464,243,186,464,121856.75,1255.11,18,28,17,366,0,0,0,0,0,81,348,0
210993,20,-0.1,-0.03,-0.4,-0.35,1,0.2,0.1,0.15,20,67.6,458,438,9,429,246,0,139,0,44,0,0,20,6,464,290,139,464,133582.97,1355.78,117,54,57,201,0,0,0,0,246,0,183,0
210994,20,-0.1,-0.03,-0.4,-0.35,1,0.2,0.1,0.15,30,66.59,460,440,9,431,274,93,51,0,13,0,0,20,4,464,287,144,464,104318.63,1071.77,135,78,73,26,28,91,0,0,274,93,64,0
210995,20,-0.1,-0.03,-0.4,-0.35,1,0.2,0.1,0.15,30,53.74,460,440,12,428,0,105,93,0,230,0,0,20,4,464,230,198,464,114918.83,1219.79,18,28,17,18,11,336,0,0,0,105,323,0
210996,20,-0.1,-0.03,-0.4,-0.35,1,0.2,0.1,0.15,30,72.2,458,438,10,428,290,0,119,0,19,0,0,20,6,464,309,119,464,177178.45,1813.59,117,54,57,18,25,157,0,0,290,0,138,0
210997,20,-0.1,-0.03,-0.4,-0.35,1,0.2,0.1,0.15,40,67.05,460,440,9,431,281,113,19,10,3,5,0,20,4,464,289,142,464,93088.38,956.89,135,78,73,26,28,27,12,52,281,113,22,15
210998,20,-0.1,-0.03,-0.4,-0.35,1,0.2,0.1,0.15,40,51.87,460,440,12,428,0,137,52,17,65,157,0,20,4,464,222,206,464,83976.8,833.46,18,28,17,18,11,13,19,304,0,137,117,174
210999,20,-0.1,-0.03,-0.4,-0.35,1,0.2,0.1,0.15,40,75.0,458,438,10,428,303,0,65,42,4,14,0,20,6,464,321,107,464,182294.51,1864.57,117,54,57,18,25,19,7,131,303,0,69,56
211000,20,-0.1,-0.03,-0.4,-0.35,1,0.2,0.1,0.15,50,66.59,460,440,9,431,281,113,0,31,0,6,0,20,4,464,287,144,464,91349.04,937.96,135,78,73,26,28,27,12,52,281,113,0,37
211001,20,-0.1,-0.03,-0.4,-0.35,1,0.2,0.1,0.15,50,50.7,460,440,12,428,0,141,0,70,0,217,0,20,4,464,217,211,464,70575.8,690.58,18,28,17,18,11,13,19,304,0,141,0,287
211002,20,-0.1,-0.03,-0.4,-0.35,1,0.2,0.1,0.15,50,75.0,458,438,10,428,303,0,0,107,0,18,0,20,6,464,321,107,464,181451.05,1855.23,117,54,57,18,25,19,7,131,303,0,0,125
211003,20,-0.1,-0.03,-0.4,-0.35,1,0.2,0.1,0.15,60,66.59,460,440,9,431,281,113,0,31,0,6,0,20,4,464,287,144,464,91349.04,937.96,135,78,73,26,28,27,12,52,281,113,0,37
211004,20,-0.1,-0.03,-0.4,-0.35,1,0.2,0.1,0.15,60,50.7,460,440,12,428,0,141,0,70,0,217,0,20,4,464,217,211,464,70575.8,690.58,18,28,17,18,11,13,19,304,0,141,0,287
211005,20,-0.1,-0.03,-0.4,-0.35,1,0.2,0.1,0.15,60,75.0,458,438,10,428,303,0,0,107,0,18,0,20,6,464,321,107,464,181451.05,1855.23,117,54,57,18,25,19,7,131,303,0,0,125
211006,20,-0.1,-0.03,-0.4,-0.35,1,0.2,0.2,0.15,20,57.21,460,440,10,430,93,80,104,0,153,0,0,20,4,464,246,184,464,124843.25,1266.01,38,43,55,294,0,0,0,0,93,80,257,0
211007,20,-0.1,-0.03,-0.4,-0.35,1,0.2,0.2,0.15,20,56.64,460,440,11,429,0,81,105,0,243,0,0,20,4,464,243,186,464,121856.75,1255.11,18,28,17,366,0,0,0,0,0,81,348,0
211008,20,-0.1,-0.03,-0.4,-0.35,1,0.2,0.2,0.15,20,60.51,458,438,10,428,94,0,169,0,165,0,0,20,6,464,259,169,464,167672.19,1697.84,20,15,38,355,0,0,0,0,94,0,334,0
211009,20,-0.1,-0.03,-0.4,-0.35,1,0.2,0.2,0.15,30,55.24,460,440,11,429,134,104,88,0,103,0,0,20,4,464,237,192,464,138614.2,1418.19,38,43,55,37,39,217,0,0,134,104,191,0
211010,20,-0.1,-0.03,-0.4,-0.35,1,0.2,0.2,0.15,30,53.74,460,440,12,428,0,105,93,0,230,0,0,20,4,464,230,198,464,114918.83,1219.79,18,28,17,18,11,336,0,0,0,105,323,0
211011,20,-0.1,-0.03,-0.4,-0.35,1,0.2,0.2,0.15,30,61.5,458,438,12,426,143,0,164,0,119,0,0,20,6,464,262,164,464,226047.86,2304.77,20,15,38,21,32,300,0,0,143,0,283,0
211012,20,-0.1,-0.03,-0.4,-0.35,1,0.2,0.2,0.15,40,54.78,460,440,11,429,150,132,45,17,25,60,0,20,4,464,235,194,464,127226.92,1306.44,38,43,55,37,39,26,24,167,150,132,70,77
211013,20,-0.1,-0.03,-0.4,-0.35,1,0.2,0.2,0.15,40,51.87,460,440,12,428,0,137,52,17,65,157,0,20,4,464,222,206,464,83976.8,833.46,18,28,17,18,11,13,19,304,0,137,117,174
211014,20,-0.1,-0.03,-0.4,-0.35,1,0.2,0.2,0.15,40,62.91,458,438,12,426,161,0,105,53,27,80,0,20,6,464,268,158,464,227686.36,2324.51,20,15,38,21,32,17,15,268,161,0,132,133
211015,20,-0.1,-0.03,-0.4,-0.35,1,0.2,0.2,0.15,50,54.31,460,440,11,429,152,136,0,60,0,81,0,20,4,464,233,196,464,121211.99,1245.16,38,43,55,37,39,26,24,167,152,136,0,141
211016,20,-0.1,-0.03,-0.4,-0.35,1,0.2,0.2,0.15,50,50.7,460,440,12,428,0,141,0,70,0,217,0,20,4,464,217,211,464,70575.8,690.58,18,28,17,18,11,13,19,304,0,141,0,287
211017,20,-0.1,-0.03,-0.4,-0.35,1,0.2,0.2,0.15,50,62.91,458,438,12,426,163,0,0,158,0,105,0,20,6,464,268,158,464,220386.88,2250.81,20,15,38,21,32,17,15,268,163,0,0,263
211018,20,-0.1,-0.03,-0.4,-0.35,1,0.2,0.2,0.15,60,54.31,460,440,11,429,152,136,0,60,0,81,0,20,4,464,233,196,464,121211.99,1245.16,38,43,55,37,39,26,24,167,152,136,0,141
211019,20,-0.1,-0.03,-0.4,-0.35,1,0.2,0.2,0.15,60,50.7,460,440,12,428,0,141,0,70,0,217,0,20,4,464,217,211,464,70575.8,690.58,18,28,17,18,11,13,19,304,0,141,0,287
211020,20,-0.1,-0.03,-0.4,-0.35,1,0.2,0.2,0.15,60,62.91,458,438,12,426,163,0,0,158,0,105,0,20,6,464,268,158,464,220386.88,2250.81,20,15,38,21,32,17,15,268,163,0,0,263
211021,20,-0.1,-0.03,-0.4,-0.35,2,0.1,0.1,0.15,20,69.61,460,440,9,431,257,71,60,0,43,0,0,20,4,464,300,131,464,134494.68,1669.22,140,84,76,131,0,0,0,0,257,71,103,0
211022,20,-0.1,-0.03,-0.4,-0.35,2,0.1,0.1,0.15,20,62.24,460,440,11,429,0,81,81,0,267,0,0,20,4,464,267,162,464,160721.83,2011.62,18,28,17,366,0,0,0,0,0,81,348,0
211023,20,-0.1,-0.03,-0.4,-0.35,2,0.1,0.1,0.15,20,75.06,458,438,9,429,273,0,107,0,49,0,0,20,6,464,322,107,464,208391.36,2119.89,122,62,66,179,0,0,0,0,273,0,156,0
211024,20,-0.1,-0.03,-0.4,-0.35,2,0.1,0.1,0.15,30,71.0,460,440,9,431,291,90,35,0,15,0,0,20,4,464,306,125,464,145096.81,1807.39,140,84,76,28,31,72,0,0,291,90,50,0
211025,20,-0.1,-0.03,-0.4,-0.35,2,0.1,0.1,0.15,30,57.24,460,440,12,428,0,105,78,0,245,0,0,20,4,464,245,183,464,176528.6,2137.48,18,28,17,18,11,336,0,0,0,105,323,0
211026,20,-0.1,-0.03,-0.4,-0.35,2,0.1,0.1,0.15,30,80.89,458,438,9,429,318,0,82,0,29,0,0,20,6,464,347,82,464,280818.67,2596.29,122,62,66,23,30,126,0,0,318,0,111,0
211027,20,-0.1,-0.03,-0.4,-0.35,2,0.1,0.1,0.15,40,71.23,460,440,9,431,298,105,13,6,5,4,0,20,4,464,307,124,464,134624.98,1777.76,140,84,76,28,31,22,12,38,298,105,18,10
211028,20,-0.1,-0.03,-0.4,-0.35,2,0.1,0.1,0.15,40,55.37,460,440,12,428,0,137,44,10,73,164,0,20,4,464,237,191,464,145926.96,1892.5,18,28,17,18,11,13,19,304,0,137,117,174
211029,20,-0.1,-0.03,-0.4,-0.35,2,0.1,0.1,0.15,40,83.22,458,438,9,429,339,0,47,25,7,11,0,20,6,464,357,72,464,301362.34,2724.82,122,62,66,23,30,15,17,94,339,0,54,36
211030,20,-0.1,-0.03,-0.4,-0.35,2,0.1,0.1,0.15,50,70.53,460,440,9,431,298,105,0,22,0,6,0,20,4,464,304,127,464,131394.73,1763.83,140,84,76,28,31,22,12,38,298,105,0,28
211031,20,-0.1,-0.03,-0.4,-0.35,2,0.1,0.1,0.15,50,53.74,460,440,12,428,0,141,0,57,0,230,0,20,4,464,230,198,464,127392.59,1756.89,18,28,17,18,11,13,19,304,0,141,0,287
211032,20,-0.1,-0.03,-0.4,-0.35,2,0.1,0.1,0.15,50,82.98,458,438,9,429,340,0,0,73,0,16,0,20,6,464,356,73,464,296911.48,2704.01,122,62,66,23,30,15,17,94,340,0,0,89
211033,20,-0.1,-0.03,-0.4,-0.35,2,0.1,0.1,0.15,60,70.53,460,440,9,431,298,105,0,22,0,6,0,20,4,464,304,127,464,131394.73,1763.83,140,84,76,28,31,22,12,38,298,105,0,28
211034,20,-0.1,-0.03,-0.4,-0.35,2,0.1,0.1,0.15,60,53.74,460,440,12,428,0,141,0,57,0,230,0,20,4,464,230,198,464,127392.59,1756.89,18,28,17,18,11,13,19,304,0,141,0,287
211035,20,-0.1,-0.03,-0.4,-0.35,2,0.1,0.1,0.15,60,82.98,458,438,9,429,340,0,0,73,0,16,0,20,6,464,356,73,464,296911.48,2704.01,122,62,66,23,30,15,17,94,340,0,0,89
211036,20,-0.1,-0.03,-0.4,-0.35,2,0.1,0.2,0.15,20,62.56,460,440,10,430,101,80,81,0,168,0,0,20,4,464,269,161,464,170275.52,2032.07,39,47,59,285,0,0,0,0,101,80,249,0
211037,20,-0.1,-0.03,-0.4,-0.35,2,0.1,0.2,0.15,20,62.24,460,440,11,429,0,81,81,0,267,0,0,20,4,464,267,162,464,160721.83,2011.62,18,28,17,366,0,0,0,0,0,81,348,0
211038,20,-0.1,-0.03,-0.4,-0.35,2,0.1,0.2,0.15,20,67.99,458,438,10,428,104,0,137,0,187,0,0,20,6,464,291,137,464,249320.37,2532.47,21,19,43,345,0,0,0,0,104,0,324,0
211039,20,-0.1,-0.03,-0.4,-0.35,2,0.1,0.2,0.15,30,58.51,460,440,11,429,147,104,74,0,104,0,0,20,4,464,251,178,464,201989.4,2310.06,39,47,59,36,40,208,0,0,147,104,178,0
211040,20,-0.1,-0.03,-0.4,-0.35,2,0.1,0.2,0.15,30,57.24,460,440,12,428,0,105,78,0,245,0,0,20,4,464,245,183,464,176528.6,2137.48,18,28,17,18,11,336,0,0,0,105,323,0
211041,20,-0.1,-0.03,-0.4,-0.35,2,0.1,0.2,0.15,30,69.01,458,438,12,426,162,0,132,0,132,0,0,20,6,464,294,132,464,366212.68,3272.53,21,19,43,21,36,286,0,0,162,0,264,0
211042,20,-0.1,-0.03,-0.4,-0.35,2,0.1,0.2,0.15,40,58.51,460,440,11,429,167,132,36,10,28,56,0,20,4,464,251,178,464,186022.34,2312.29,39,47,59,36,40,30,23,155,167,132,64,66
211043,20,-0.1,-0.03,-0.4,-0.35,2,0.1,0.2,0.15,40,55.37,460,440,12,428,0,137,44,10,73,164,0,20,4,464,237,191,464,145926.96,1892.5,18,28,17,18,11,13,19,304,0,137,117,174
211044,20,-0.1,-0.03,-0.4,-0.35,2,0.1,0.2,0.15,40,70.19,458,438,12,426,186,0,91,36,34,79,0,20,6,464,299,127,464,383279.46,3441.67,21,19,43,21,36,22,15,249,186,0,125,115
211045,20,-0.1,-0.03,-0.4,-0.35,2,0.1,0.2,0.15,50,57.81,460,440,11,429,168,135,0,46,0,80,0,20,4,464,248,181,464,177756.45,2264.0,39,47,59,36,40,30,23,155,168,135,0,126
211046,20,-0.1,-0.03,-0.4,-0.35,2,0.1,0.2,0.15,50,53.74,460,440,12,428,0,141,0,57,0,230,0,20,4,464,230,198,464,127392.59,1756.89,18,28,17,18,11,13,19,304,0,141,0,287
211047,20,-0.1,-0.03,-0.4,-0.35,2,0.1,0.2,0.15,50,70.66,458,438,12,426,187,0,0,125,0,114,0,20,6,464,301,125,464,372920.9,3383.31,21,19,43,21,36,22,15,249,187,0,0,239
211048,20,-0.1,-0.03,-0.4,-0.35,2,0.1,0.2,0.15,60,57.81,460,440,11,429,168,135,0,46,0,80,0,20,4,464,248,181,464,177756.45,2264.0,39,47,59,36,40,30,23,155,168,135,0,126
211049,20,-0.1,-0.03,-0.4,-0.35,2,0.1,0.2,0.15,60,53.74,460,440,12,428,0,141,0,57,0,230,0,20,4,464,230,198,464,127392.59,1756.89,18,28,17,18,11,13,19,304,0,141,0,287
211050,20,-0.1,-0.03,-0.4,-0.35,2,0.1,0.2,0.15,60,70.66,458,438,12,426,187,0,0,125,0,114,0,20,6,464,301,125,464,372920.9,3383.31,21,19,43,21,36,22,15,249,187,0,0,239
211051,20,-0.1,-0.03,-0.4,-0.35,2,0.2,0.1,0.15,20,64.04,460,440,9,431,239,73,82,0,37,0,0,20,4,464,276,155,464,93421.89,951.43,135,78,73,145,0,0,0,0,239,73,119,0
211052,20,-0.1,-0.03,-0.4,-0.35,2,0.2,0.1,0.15,20,56.64,460,440,11,429,0,81,105,0,243,0,0,20,4,464,243,186,464,121856.75,1255.11,18,28,17,366,0,0,0,0,0,81,348,0
211053,20,-0.1,-0.03,-0.4,-0.35,2,0.2,0.1,0.15,20,67.6,458,438,9,429,246,0,139,0,44,0,0,20,6,464,290,139,464,133582.97,1355.78,117,54,57,201,0,0,0,0,246,0,183,0
211054,20,-0.1,-0.03,-0.4,-0.35,2,0.2,0.1,0.15,30,66.59,460,440,9,431,274,93,51,0,13,0,0,20,4,464,287,144,464,104318.63,1071.77,135,78,73,26,28,91,0,0,274,93,64,0
211055,20,-0.1,-0.03,-0.4,-0.35,2,0.2,0.1,0.15,30,53.74,460,440,12,428,0,105,93,0,230,0,0,20,4,464,230,198,464,114918.83,1219.79,18,28,17,18,11,336,0,0,0,105,323,0
211056,20,-0.1,-0.03,-0.4,-0.35,2,0.2,0.1,0.15,30,72.2,458,438,10,428,290,0,119,0,19,0,0,20,6,464,309,119,464,177178.45,1813.59,117,54,57,18,25,157,0,0,290,0,138,0
211057,20,-0.1,-0.03,-0.4,-0.35,2,0.2,0.1,0.15,40,67.05,460,440,9,431,281,113,19,10,3,5,0,20,4,464,289,142,464,93088.38,956.89,135,78,73,26,28,27,12,52,281,113,22,15
211058,20,-0.1,-0.03,-0.4,-0.35,2,0.2,0.1,0.15,40,51.87,460,440,12,428,0,137,52,17,65,157,0,20,4,464,222,206,464,83976.8,833.46,18,28,17,18,11,13,19,304,0,137,117,174
211059,20,-0.1,-0.03,-0.4,-0.35,2,0.2,0.1,0.15,40,75.0,458,438,10,428,303,0,65,42,4,14,0,20,6,464,321,107,464,182294.51,1864.57,117,54,57,18,25,19,7,131,303,0,69,56
211060,20,-0.1,-0.03,-0.4,-0.35,2,0.2,0.1,0.15,50,66.59,460,440,9,431,281,113,0,31,0,6,0,20,4,464,287,144,464,91349.04,937.96,135,78,73,26,28,27,12,52,281,113,0,37
211061,20,-0.1,-0.03,-0.4,-0.35,2,0.2,0.1,0.15,50,50.7,460,440,12,428,0,141,0,70,0,217,0,20,4,464,217,211,464,70575.8,690.58,18,28,17,18,11,13,19,304,0,141,0,287
211062,20,-0.1,-0.03,-0.4,-0.35,2,0.2,0.1,0.15,50,75.0,458,438,10,428,303,0,0,107,0,18,0,20,6,464,321,107,464,181451.05,1855.23,117,54,57,18,25,19,7,131,303,0,0,125
211063,20,-0.1,-0.03,-0.4,-0.35,2,0.2,0.1,0.15,60,66.59,460,440,9,431,281,113,0,31,0,6,0,20,4,464,287,144,464,91349.04,937.96,135,78,73,26,28,27,12,52,281,113,0,37
211064,20,-0.1,-0.03,-0.4,-0.35,2,0.2,0.1,0.15,60,50.7,460,440,12,428,0,141,0,70,0,217,0,20,4,464,217,211,464,70575.8,690.58,18,28,17,18,11,13,19,304,0,141,0,287
211065,20,-0.1,-0.03,-0.4,-0.35,2,0.2,0.1,0.15,60,75.0,458,438,10,428,303,0,0,107,0,18,0,20,6,464,321,107,464,181451.05,1855.23,117,54,57,18,25,19,7,131,303,0,0,125
211066,20,-0.1,-0.03,-0.4,-0.35,2,0.2,0.2,0.15,20,57.21,460,440,10,430,93,80,104,0,153,0,0,20,4,464,246,184,464,124843.25,1266.01,38,43,55,294,0,0,0,0,93,80,257,0
211067,20,-0.1,-0.03,-0.4,-0.35,2,0.2,0.2,0.15,20,56.64,460,440,11,429,0,81,105,0,243,0,0,20,4,464,243,186,464,121856.75,1255.11,18,28,17,366,0,0,0,0,0,81,348,0
211068,20,-0.1,-0.03,-0.4,-0.35,2,0.2,0.2,0.15,20,60.51,458,438,10,428,94,0,169,0,165,0,0,20,6,464,259,169,464,167672.19,1697.84,20,15,38,355,0,0,0,0,94,0,334,0
211069,20,-0.1,-0.03,-0.4,-0.35,2,0.2,0.2,0.15,30,55.24,460,440,11,429,134,104,88,0,103,0,0,20,4,464,237,192,464,138614.2,1418.19,38,43,55,37,39,217,0,0,134,104,191,0
211070,20,-0.1,-0.03,-0.4,-0.35,2,0.2,0.2,0.15,30,53.74,460,440,12,428,0,105,93,0,230,0,0,20,4,464,230,198,464,114918.83,1219.79,18,28,17,18,11,336,0,0,0,105,323,0
211071,20,-0.1,-0.03,-0.4,-0.35,2,0.2,0.2,0.15,30,61.5,458,438,12,426,143,0,164,0,119,0,0,20,6,464,262,164,464,226047.86,2304.77,20,15,38,21,32,300,0,0,143,0,283,0
211072,20,-0.1,-0.03,-0.4,-0.35,2,0.2,0.2,0.15,40,54.78,460,440,11,429,150,132,45,17,25,60,0,20,4,464,235,194,464,127226.92,1306.44,38,43,55,37,39,26,24,167,150,132,70,77
211073,20,-0.1,-0.03,-0.4,-0.35,2,0.2,0.2,0.15,40,51.87,460,440,12,428,0,137,52,17,65,157,0,20,4,464,222,206,464,83976.8,833.46,18,28,17,18,11,13,19,304,0,137,117,174
211074,20,-0.1,-0.03,-0.4,-0.35,2,0.2,0.2,0.15,40,62.91,458,438,12,426,161,0,105,53,27,80,0,20,6,464,268,158,464,227686.36,2324.51,20,15,38,21,32,17,15,268,161,0,132,133
211075,20,-0.1,-0.03,-0.4,-0.35,2,0.2,0.2,0.15,50,54.31,460,440,11,429,152,136,0,60,0,81,0,20,4,464,233,196,464,121211.99,1245.16,38,43,55,37,39,26,24,167,152,136,0,141
211076,20,-0.1,-0.03,-0.4,-0.35,2,0.2,0.2,0.15,50,50.7,460,440,12,428,0,141,0,70,0,217,0,20,4,464,217,211,464,70575.8,690.58,18,28,17,18,11,13,19,304,0,141,0,287
211077,20,-0.1,-0.03,-0.4,-0.35,2,0.2,0.2,0.15,50,62.91,458,438,12,426,163,0,0,158,0,105,0,20,6,464,268,158,464,220386.88,2250.81,20,15,38,21,32,17,15,268,163,0,0,263
211078,20,-0.1,-0.03,-0.4,-0.35,2,0.2,0.2,0.15,60,54.31,460,440,11,429,152,136,0,60,0,81,0,20,4,464,233,196,464,121211.99,1245.16,38,43,55,37,39,26,24,167,152,136,0,141
211079,20,-0.1,-0.03,-0.4,-0.35,2,0.2,0.2,0.15,60,50.7,460,440,12,428,0,141,0,70,0,217,0,20,4,464,217,211,464,70575.8,690.58,18,28,17,18,11,13,19,304,0,141,0,287
211080,20,-0.1,-0.03,-0.4,-0.35,2,0.2,0.2,0.15,60,62.91,458,438,12,426,163,0,0,158,0,105,0,20,6,464,268,158,464,220386.88,2250.81,20,15,38,21,32,17,15,268,163,0,0,263
211081,20,-0.1,-0.03,-0.4,-0.3,1,0.1,0.1,0.15,20,62.41,912,886,16,870,433,138,189,0,110,0,0,26,7,919,543,327,919,158353.41,1631.08,244,157,119,350,0,0,0,0,433,138,299,0
211082,20,-0.1,-0.03,-0.4,-0.3,1,0.1,0.1,0.15,20,56.06,912,886,19,867,0,155,226,0,486,0,0,26,7,919,486,381,919,201287.2,2122.85,29,59,39,740,0,0,0,0,0,155,712,0
211083,20,-0.1,-0.03,-0.4,-0.3,1,0.1,0.1,0.15,20,65.4,909,883,16,867,444,0,300,0,123,0,0,26,10,919,567,300,919,211846.23,2158.53,215,107,85,460,0,0,0,0,444,0,423,0
211084,20,-0.1,-0.03,-0.4,-0.3,1,0.1,0.1,0.15,30,64.9,912,886,20,866,510,176,128,0,52,0,0,26,7,919,562,304,919,185885.25,1929.68,244,157,119,51,62,233,0,0,510,176,180,0
211085,20,-0.1,-0.03,-0.4,-0.3,1,0.1,0.1,0.15,30,53.37,912,886,26,860,0,203,198,0,459,0,0,26,7,919,459,401,919,189315.78,2058.2,29,59,39,28,26,679,0,0,0,203,657,0
211086,20,-0.1,-0.03,-0.4,-0.3,1,0.1,0.1,0.15,30,69.95,909,883,21,862,538,0,259,0,65,0,0,26,10,919,603,259,919,301907.89,3099.15,215,107,85,37,50,368,0,0,538,0,324,0
211087,20,-0.1,-0.03,-0.4,-0.3,1,0.1,0.1,0.15,40,64.55,912,886,20,866,534,219,61,27,10,15,0,26,7,919,559,307,919,152902.53,1584.2,244,157,119,51,62,53,41,139,534,219,71,42
211088,20,-0.1,-0.03,-0.4,-0.3,1,0.1,0.1,0.15,40,50.12,912,886,26,860,0,268,117,44,122,309,0,26,7,919,431,429,919,119379.81,1255.96,29,59,39,28,26,22,46,611,0,268,239,353
211089,20,-0.1,-0.03,-0.4,-0.3,1,0.1,0.1,0.15,40,71.69,909,883,21,862,577,0,155,89,11,30,0,26,10,919,618,244,919,309390.55,3165.72,215,107,85,37,50,44,27,297,577,0,166,119
211090,20,-0.1,-0.03,-0.4,-0.3,1,0.1,0.1,0.15,50,64.2,912,886,20,866,534,222,0,88,0,22,0,26,7,919,556,310,919,145531.65,1507.58,244,157,119,51,62,53,41,139,534,222,0,110
211091,20,-0.1,-0.03,-0.4,-0.3,1,0.1,0.1,0.15,50,49.19,912,886,26,860,0,280,0,157,0,423,0,26,7,919,423,437,919,93778.8,982.75,29,59,39,28,26,22,46,611,0,280,0,580
211092,20,-0.1,-0.03,-0.4,-0.3,1,0.1,0.1,0.15,50,71.58,909,883,21,862,577,0,0,245,0,40,0,26,10,919,617,245,919,300732.37,3075.06,215,107,85,37,50,44,27,297,577,0,0,285
211093,20,-0.1,-0.03,-0.4,-0.3,1,0.1,0.1,0.15,60,64.2,912,886,20,866,534,222,0,88,0,22,0,26,7,919,556,310,919,145531.65,1507.58,244,157,119,51,62,53,41,139,534,222,0,110
211094,20,-0.1,-0.03,-0.4,-0.3,1,0.1,0.1,0.15,60,49.19,912,886,26,860,0,280,0,157,0,423,0,26,7,919,423,437,919,93778.8,982.75,29,59,39,28,26,22,46,611,0,280,0,580
211095,20,-0.1,-0.03,-0.4,-0.3,1,0.1,0.1,0.15,60,71.58,909,883,21,862,577,0,0,245,0,40,0,26,10,919,617,245,919,300732.37,3075.06,215,107,85,37,50,44,27,297,577,0,0,285
211096,20,-0.1,-0.03,-0.4,-0.3,1,0.1,0.2,0.15,20,56.39,912,886,17,869,176,154,225,0,314,0,0,26,7,919,490,379,919,213228.77,2216.2,59,94,110,606,0,0,0,0,176,154,539,0
211097,20,-0.1,-0.03,-0.4,-0.3,1,0.1,0.2,0.15,20,56.06,912,886,19,867,0,155,226,0,486,0,0,26,7,919,486,381,919,201287.2,2122.85,29,59,39,740,0,0,0,0,0,155,712,0
211098,20,-0.1,-0.03,-0.4,-0.3,1,0.1,0.2,0.15,20,59.12,909,883,17,866,177,0,354,0,335,0,0,26,10,919,512,354,919,261810.51,2694.34,30,35,71,730,0,0,0,0,177,0,689,0
211099,20,-0.1,-0.03,-0.4,-0.3,1,0.1,0.2,0.15,30,54.76,912,886,24,862,245,201,189,0,227,0,0,26,7,919,472,390,919,235302.78,2476.78,59,94,110,67,65,467,0,0,245,201,416,0
211100,20,-0.1,-0.03,-0.4,-0.3,1,0.1,0.2,0.15,30,53.37,912,886,26,860,0,203,198,0,459,0,0,26,7,919,459,401,919,189315.78,2058.2,29,59,39,28,26,679,0,0,0,203,657,0
211101,20,-0.1,-0.03,-0.4,-0.3,1,0.1,0.2,0.15,30,60.14,909,883,25,858,257,0,342,0,259,0,0,26,10,919,516,342,919,361032.41,3741.44,30,35,71,41,46,635,0,0,257,0,601,0
211102,20,-0.1,-0.03,-0.4,-0.3,1,0.1,0.2,0.15,40,52.78,912,886,24,862,281,260,105,42,49,125,0,26,7,919,455,407,919,199022.29,2104.35,59,94,110,67,65,51,58,358,281,260,154,167
211103,20,-0.1,-0.03,-0.4,-0.3,1,0.1,0.2,0.15,40,50.12,912,886,26,860,0,268,117,44,122,309,0,26,7,919,431,429,919,119379.81,1255.96,29,59,39,28,26,22,46,611,0,268,239,353
211104,20,-0.1,-0.03,-0.4,-0.3,1,0.1,0.2,0.15,40,60.14,909,883,25,858,297,0,229,113,53,166,0,26,10,919,516,342,919,366894.23,3794.78,30,35,71,41,46,34,29,572,297,0,282,279
211105,20,-0.1,-0.03,-0.4,-0.3,1,0.1,0.2,0.15,50,52.44,912,886,24,862,284,270,0,140,0,168,0,26,7,919,452,410,919,184224.26,1951.49,59,94,110,67,65,51,58,358,284,270,0,308
211106,20,-0.1,-0.03,-0.4,-0.3,1,0.1,0.2,0.15,50,49.19,912,886,26,860,0,280,0,157,0,423,0,26,7,919,423,437,919,93778.8,982.75,29,59,39,28,26,22,46,611,0,280,0,580
211107,20,-0.1,-0.03,-0.4,-0.3,1,0.1,0.2,0.15,50,60.02,909,883,25,858,300,0,0,343,0,215,0,26,10,919,515,343,919,347547.59,3594.21,30,35,71,41,46,34,29,572,300,0,0,558
211108,20,-0.1,-0.03,-0.4,-0.3,1,0.1,0.2,0.15,60,52.44,912,886,24,862,284,270,0,140,0,168,0,26,7,919,452,410,919,184224.26,1951.49,59,94,110,67,65,51,58,358,284,270,0,308
211109,20,-0.1,-0.03,-0.4,-0.3,1,0.1,0.2,0.15,60,49.19,912,886,26,860,0,280,0,157,0,423,0,26,7,919,423,437,919,93778.8,982.75,29,59,39,28,26,22,46,611,0,280,0,580
211110,20,-0.1,-0.03,-0.4,-0.3,1,0.1,0.2,0.15,60,60.02,909,883,25,858,300,0,0,343,0,215,0,26,10,919,515,343,919,347547.59,3594.21,30,35,71,41,46,34,29,572,300,0,0,558
211111,20,-0.1,-0.03,-0.4,-0.3,1,0.2,0.1,0.15,20,62.41,912,886,16,870,433,138,189,0,110,0,0,26,7,919,543,327,919,158353.41,1631.08,244,157,119,350,0,0,0,0,433,138,299,0
211112,20,-0.1,-0.03,-0.4,-0.3,1,0.2,0.1,0.15,20,56.06,912,886,19,867,0,155,226,0,486,0,0,26,7,919,486,381,919,201287.2,2122.85,29,59,39,740,0,0,0,0,0,155,712,0
211113,20,-0.1,-0.03,-0.4,-0.3,1,0.2,0.1,0.15,20,65.4,909,883,16,867,444,0,300,0,123,0,0,26,10,919,567,300,919,211846.23,2158.53,215,107,85,460,0,0,0,0,444,0,423,0
211114,20,-0.1,-0.03,-0.4,-0.3,1,0.2,0.1,0.15,30,64.9,912,886,20,866,510,176,128,0,52,0,0,26,7,919,562,304,919,185885.25,1929.68,244,157,119,51,62,233,0,0,510,176,180,0
211115,20,-0.1,-0.03,-0.4,-0.3,1,0.2,0.1,0.15,30,53.37,912,886,26,860,0,203,198,0,459,0,0,26,7,919,459,401,919,189315.78,2058.2,29,59,39,28,26,679,0,0,0,203,657,0
211116,20,-0.1,-0.03,-0.4,-0.3,1,0.2,0.1,0.15,30,69.95,909,883,21,862,538,0,259,0,65,0,0,26,10,919,603,259,919,301907.89,3099.15,215,107,85,37,50,368,0,0,538,0,324,0
211117,20,-0.1,-0.03,-0.4,-0.3,1,0.2,0.1,0.15,40,64.55,912,886,20,866,534,219,61,27,10,15,0,26,7,919,559,307,919,152902.53,1584.2,244,157,119,51,62,53,41,139,534,219,71,42
211118,20,-0.1,-0.03,-0.4,-0.3,1,0.2,0.1,0.15,40,50.12,912,886,26,860,0,268,117,44,122,309,0,26,7,919,431,429,919,119379.81,1255.96,29,59,39,28,26,22,46,611,0,268,239,353
211119,20,-0.1,-0.03,-0.4,-0.3,1,0.2,0.1,0.15,40,71.69,909,883,21,862,577,0,155,89,11,30,0,26,10,919,618,244,919,309390.55,3165.72,215,107,85,37,50,44,27,297,577,0,166,119
211120,20,-0.1,-0.03,-0.4,-0.3,1,0.2,0.1,0.15,50,64.2,912,886,20,866,534,222,0,88,0,22,0,26,7,919,556,310,919,145531.65,1507.58,244,157,119,51,62,53,41,139,534,222,0,110
211121,20,-0.1,-0.03,-0.4,-0.3,1,0.2,0.1,0.15,50,49.19,912,886,26,860,0,280,0,157,0,423,0,26,7,919,423,437,919,93778.8,982.75,29,59,39,28,26,22,46,611,0,280,0,580
211122,20,-0.1,-0.03,-0.4,-0.3,1,0.2,0.1,0.15,50,71.58,909,883,21,862,577,0,0,245,0,40,0,26,10,919,617,245,919,300732.37,3075.06,215,107,85,37,50,44,27,297,577,0,0,285
211123,20,-0.1,-0.03,-0.4,-0.3,1,0.2,0.1,0.15,60,64.2,912,886,20,866,534,222,0,88,0,22,0,26,7,919,556,310,919,145531.65,1507.58,244,157,119,51,62,53,41,139,534,222,0,110
211124,20,-0.1,-0.03,-0.4,-0.3,1,0.2,0.1,0.15,60,49.19,912,886,26,860,0,280,0,157,0,423,0,26,7,919,423,437,919,93778.8,982.75,29,59,39,28,26,22,46,611,0,280,0,580
211125,20,-0.1,-0.03,-0.4,-0.3,1,0.2,0.1,0.15,60,71.58,909,883,21,862,577,0,0,245,0,40,0,26,10,919,617,245,919,300732.37,3075.06,215,107,85,37,50,44,27,297,577,0,0,285
211126,20,-0.1,-0.03,-0.4,-0.3,1,0.2,0.2,0.15,20,56.39,912,886,17,869,176,154,225,0,314,0,0,26,7,919,490,379,919,213228.77,2216.2,59,94,110,606,0,0,0,0,176,154,539,0
211127,20,-0.1,-0.03,-0.4,-0.3,1,0.2,0.2,0.15,20,56.06,912,886,19,867,0,155,226,0,486,0,0,26,7,919,486,381,919,201287.2,2122.85,29,59,39,740,0,0,0,0,0,155,712,0
211128,20,-0.1,-0.03,-0.4,-0.3,1,0.2,0.2,0.15,20,59.12,909,883,17,866,177,0,354,0,335,0,0,26,10,919,512,354,919,261810.51,2694.34,30,35,71,730,0,0,0,0,177,0,689,0
211129,20,-0.1,-0.03,-0.4,-0.3,1,0.2,0.2,0.15,30,54.76,912,886,24,862,245,201,189,0,227,0,0,26,7,919,472,390,919,235302.78,2476.78,59,94,110,67,65,467,0,0,245,201,416,0
211130,20,-0.1,-0.03,-0.4,-0.3,1,0.2,0.2,0.15,30,53.37,912,886,26,860,0,203,198,0,459,0,0,26,7,919,459,401,919,189315.78,2058.2,29,59,39,28,26,679,0,0,0,203,657,0
211131,20,-0.1,-0.03,-0.4,-0.3,1,0.2,0.2,0.15,30,60.14,909,883,25,858,257,0,342,0,259,0,0,26,10,919,516,342,919,361032.41,3741.44,30,35,71,41,46,635,0,0,257,0,601,0
211132,20,-0.1,-0.03,-0.4,-0.3,1,0.2,0.2,0.15,40,52.78,912,886,24,862,281,260,105,42,49,125,0,26,7,919,455,407,919,199022.29,2104.35,59,94,110,67,65,51,58,358,281,260,154,167
211133,20,-0.1,-0.03,-0.4,-0.3,1,0.2,0.2,0.15,40,50.12,912,886,26,860,0,268,117,44,122,309,0,26,7,919,431,429,919,119379.81,1255.96,29,59,39,28,26,22,46,611,0,268,239,353
211134,20,-0.1,-0.03,-0.4,-0.3,1,0.2,0.2,0.15,40,60.14,909,883,25,858,297,0,229,113,53,166,0,26,10,919,516,342,919,366894.23,3794.78,30,35,71,41,46,34,29,572,297,0,282,279
211135,20,-0.1,-0.03,-0.4,-0.3,1,0.2,0.2,0.15,50,52.44,912,886,24,862,284,270,0,140,0,168,0,26,7,919,452,410,919,184224.26,1951.49,59,94,110,67,65,51,58,358,284,270,0,308
211136,20,-0.1,-0.03,-0.4,-0.3,1,0.2,0.2,0.15,50,49.19,912,886,26,860,0,280,0,157,0,423,0,26,7,919,423,437,919,93778.8,982.75,29,59,39,28,26,22,46,611,0,280,0,580
211137,20,-0.1,-0.03,-0.4,-0.3,1,0.2,0.2,0.15,50,60.02,909,883,25,858,300,0,0,343,0,215,0,26,10,919,515,343,919,347547.59,3594.21,30,35,71,41,46,34,29,572,300,0,0,558
211138,20,-0.1,-0.03,-0.4,-0.3,1,0.2,0.2,0.15,60,52.44,912,886,24,862,284,270,0,140,0,168,0,26,7,919,452,410,919,184224.26,1951.49,59,94,110,67,65,51,58,358,284,270,0,308
211139,20,-0.1,-0.03,-0.4,-0.3,1,0.2,0.2,0.15,60,49.19,912,886,26,860,0,280,0,157,0,423,0,26,7,919,423,437,919,93778.8,982.75,29,59,39,28,26,22,46,611,0,280,0,580
211140,20,-0.1,-0.03,-0.4,-0.3,1,0.2,0.2,0.15,60,60.02,909,883,25,858,300,0,0,343,0,215,0,26,10,919,515,343,919,347547.59,3594.21,30,35,71,41,46,34,29,572,300,0,0,558
211141,20,-0.1,-0.03,-0.4,-0.3,2,0.1,0.1,0.15,20,67.93,912,886,16,870,470,135,144,0,121,0,0,26,7,919,591,279,919,241054.09,3045.86,255,166,130,319,0,0,0,0,470,135,265,0
211142,20,-0.1,-0.03,-0.4,-0.3,2,0.1,0.1,0.15,20,61.59,912,886,19,867,0,155,178,0,534,0,0,26,7,919,534,333,919,285682.56,3649.66,29,59,39,740,0,0,0,0,0,155,712,0
211143,20,-0.1,-0.03,-0.4,-0.3,2,0.1,0.1,0.15,20,72.43,909,883,16,867,497,0,239,0,131,0,0,26,10,919,628,239,919,346161.84,3699.49,227,121,103,416,0,0,0,0,497,0,370,0
211144,20,-0.1,-0.03,-0.4,-0.3,2,0.1,0.1,0.15,30,69.75,912,886,20,866,556,171,91,0,48,0,0,26,7,919,604,262,919,288976.47,3453.19,255,166,130,54,75,186,0,0,556,171,139,0
211145,20,-0.1,-0.03,-0.4,-0.3,2,0.1,0.1,0.15,30,57.56,912,886,26,860,0,203,162,0,495,0,0,26,7,919,495,365,919,330290.29,3913.62,29,59,39,28,26,679,0,0,0,203,657,0
211146,20,-0.1,-0.03,-0.4,-0.3,2,0.1,0.1,0.15,30,78.33,909,883,20,863,606,0,187,0,70,0,0,26,10,919,676,187,919,512770.12,4757.51,227,121,103,46,71,295,0,0,606,0,257,0
211147,20,-0.1,-0.03,-0.4,-0.3,2,0.1,0.1,0.15,40,68.71,912,886,20,866,569,205,48,18,13,13,0,26,7,919,595,271,919,240483.64,3249.57,255,166,130,54,75,47,28,111,569,205,61,31
211148,20,-0.1,-0.03,-0.4,-0.3,2,0.1,0.1,0.15,40,53.49,912,886,26,860,0,268,104,28,135,325,0,26,7,919,460,400,919,244951.26,3386.15,29,59,39,28,26,22,46,611,0,268,239,353
211149,20,-0.1,-0.03,-0.4,-0.3,2,0.1,0.1,0.15,40,79.49,909,883,20,863,642,0,124,53,16,28,0,26,10,919,686,177,919,527903.67,4884.93,227,121,103,46,71,38,25,232,642,0,140,81
211150,20,-0.1,-0.03,-0.4,-0.3,2,0.1,0.1,0.15,50,68.24,912,886,20,866,569,208,0,67,0,22,0,26,7,919,591,275,919,229688.67,3200.09,255,166,130,54,75,47,28,111,569,208,0,89
211151,20,-0.1,-0.03,-0.4,-0.3,2,0.1,0.1,0.15,50,52.21,912,886,26,860,0,280,0,131,0,449,0,26,7,919,449,411,919,207894.63,3141.58,29,59,39,28,26,22,46,611,0,280,0,580
211152,20,-0.1,-0.03,-0.4,-0.3,2,0.1,0.1,0.15,50,79.37,909,883,20,863,643,0,0,178,0,42,0,26,10,919,685,178,919,513794.1,4816.73,227,121,103,46,71,38,25,232,643,0,0,220
211153,20,-0.1,-0.03,-0.4,-0.3,2,0.1,0.1,0.15,60,68.24,912,886,20,866,569,208,0,67,0,22,0,26,7,919,591,275,919,229688.67,3200.09,255,166,130,54,75,47,28,111,569,208,0,89
211154,20,-0.1,-0.03,-0.4,-0.3,2,0.1,0.1,0.15,60,52.21,912,886,26,860,0,280,0,131,0,449,0,26,7,919,449,411,919,207894.63,3141.58,29,59,39,28,26,22,46,611,0,280,0,580
211155,20,-0.1,-0.03,-0.4,-0.3,2,0.1,0.1,0.15,60,79.37,909,883,20,863,643,0,0,178,0,42,0,26,10,919,685,178,919,513794.1,4816.73,227,121,103,46,71,38,25,232,643,0,0,220
211156,20,-0.1,-0.03,-0.4,-0.3,2,0.1,0.2,0.15,20,61.8,912,886,17,869,188,154,178,0,349,0,0,26,7,919,537,332,919,302330.23,3742.57,60,101,113,595,0,0,0,0,188,154,527,0
211157,20,-0.1,-0.03,-0.4,-0.3,2,0.1,0.2,0.15,20,61.59,912,886,19,867,0,155,178,0,534,0,0,26,7,919,534,333,919,285682.56,3649.66,29,59,39,740,0,0,0,0,0,155,712,0
211158,20,-0.1,-0.03,-0.4,-0.3,2,0.1,0.2,0.15,20,66.05,909,883,17,866,193,0,294,0,379,0,0,26,10,919,572,294,919,386773.94,4337.49,31,42,76,717,0,0,0,0,193,0,673,0
211159,20,-0.1,-0.03,-0.4,-0.3,2,0.1,0.2,0.15,30,58.82,912,886,24,862,268,201,154,0,239,0,0,26,7,919,507,355,919,378222.81,4305.74,60,101,113,68,70,450,0,0,268,201,393,0
211160,20,-0.1,-0.03,-0.4,-0.3,2,0.1,0.2,0.15,30,57.56,912,886,26,860,0,203,162,0,495,0,0,26,7,919,495,365,919,330290.29,3913.62,29,59,39,28,26,679,0,0,0,203,657,0
211161,20,-0.1,-0.03,-0.4,-0.3,2,0.1,0.2,0.15,30,67.25,909,883,25,858,291,0,281,0,286,0,0,26,10,919,577,281,919,618705.06,5764.18,31,42,76,44,56,609,0,0,291,0,567,0
211162,20,-0.1,-0.03,-0.4,-0.3,2,0.1,0.2,0.15,40,56.26,912,886,24,862,315,260,90,27,56,114,0,26,7,919,485,377,919,324973.86,4186.4,60,101,113,68,70,57,61,332,315,260,146,141
211163,20,-0.1,-0.03,-0.4,-0.3,2,0.1,0.2,0.15,40,53.49,912,886,26,860,0,268,104,28,135,325,0,26,7,919,460,400,919,244951.26,3386.15,29,59,39,28,26,22,46,611,0,268,239,353
211164,20,-0.1,-0.03,-0.4,-0.3,2,0.1,0.2,0.15,40,67.6,909,883,25,858,347,0,201,77,69,164,0,26,10,919,580,278,919,664927.85,6162.42,31,42,76,44,56,42,36,531,347,0,270,241
211165,20,-0.1,-0.03,-0.4,-0.3,2,0.1,0.2,0.15,50,55.57,912,886,24,862,317,269,0,114,0,162,0,26,7,919,479,383,919,301014.86,4065.41,60,101,113,68,70,57,61,332,317,269,0,276
211166,20,-0.1,-0.03,-0.4,-0.3,2,0.1,0.2,0.15,50,52.21,912,886,26,860,0,280,0,131,0,449,0,26,7,919,449,411,919,207894.63,3141.58,29,59,39,28,26,22,46,611,0,280,0,580
211167,20,-0.1,-0.03,-0.4,-0.3,2,0.1,0.2,0.15,50,67.6,909,883,25,858,349,0,0,278,0,231,0,26,10,919,580,278,919,633135.1,6000.94,31,42,76,44,56,42,36,531,349,0,0,509
211168,20,-0.1,-0.03,-0.4,-0.3,2,0.1,0.2,0.15,60,55.57,912,886,24,862,317,269,0,114,0,162,0,26,7,919,479,383,919,301014.86,4065.41,60,101,113,68,70,57,61,332,317,269,0,276
211169,20,-0.1,-0.03,-0.4,-0.3,2,0.1,0.2,0.15,60,52.21,912,886,26,860,0,280,0,131,0,449,0,26,7,919,449,411,919,207894.63,3141.58,29,59,39,28,26,22,46,611,0,280,0,580
211170,20,-0.1,-0.03,-0.4,-0.3,2,0.1,0.2,0.15,60,67.6,909,883,25,858,349,0,0,278,0,231,0,26,10,919,580,278,919,633135.1,6000.94,31,42,76,44,56,42,36,531,349,0,0,509
211171,20,-0.1,-0.03,-0.4,-0.3,2,0.2,0.1,0.15,20,62.41,912,886,16,870,433,138,189,0,110,0,0,26,7,919,543,327,919,158353.41,1631.08,244,157,119,350,0,0,0,0,433,138,299,0
211172,20,-0.1,-0.03,-0.4,-0.3,2,0.2,0.1,0.15,20,56.06,912,886,19,867,0,155,226,0,486,0,0,26,7,919,486,381,919,201287.2,2122.85,29,59,39,740,0,0,0,0,0,155,712,0
211173,20,-0.1,-0.03,-0.4,-0.3,2,0.2,0.1,0.15,20,65.4,909,883,16,867,444,0,300,0,123,0,0,26,10,919,567,300,919,211846.23,2158.53,215,107,85,460,0,0,0,0,444,0,423,0
211174,20,-0.1,-0.03,-0.4,-0.3,2,0.2,0.1,0.15,30,64.9,912,886,20,866,510,176,128,0,52,0,0,26,7,919,562,304,919,185885.25,1929.68,244,157,119,51,62,233,0,0,510,176,180,0
211175,20,-0.1,-0.03,-0.4,-0.3,2,0.2,0.1,0.15,30,53.37,912,886,26,860,0,203,198,0,459,0,0,26,7,919,459,401,919,189315.78,2058.2,29,59,39,28,26,679,0,0,0,203,657,0
211176,20,-0.1,-0.03,-0.4,-0.3,2,0.2,0.1,0.15,30,69.95,909,883,21,862,538,0,259,0,65,0,0,26,10,919,603,259,919,301907.89,3099.15,215,107,85,37,50,368,0,0,538,0,324,0
211177,20,-0.1,-0.03,-0.4,-0.3,2,0.2,0.1,0.15,40,64.55,912,886,20,866,534,219,61,27,10,15,0,26,7,919,559,307,919,152902.53,1584.2,244,157,119,51,62,53,41,139,534,219,71,42
211178,20,-0.1,-0.03,-0.4,-0.3,2,0.2,0.1,0.15,40,50.12,912,886,26,860,0,268,117,44,122,309,0,26,7,919,431,429,919,119379.81,1255.96,29,59,39,28,26,22,46,611,0,268,239,353
211179,20,-0.1,-0.03,-0.4,-0.3,2,0.2,0.1,0.15,40,71.69,909,883,21,862,577,0,155,89,11,30,0,26,10,919,618,244,919,309390.55,3165.72,215,107,85,37,50,44,27,297,577,0,166,119
211180,20,-0.1,-0.03,-0.4,-0.3,2,0.2,0.1,0.15,50,64.2,912,886,20,866,534,222,0,88,0,22,0,26,7,919,556,310,919,145531.65,1507.58,244,157,119,51,62,53,41,139,534,222,0,110
211181,20,-0.1,-0.03,-0.4,-0.3,2,0.2,0.1,0.15,50,49.19,912,886,26,860,0,280,0,157,0,423,0,26,7,919,423,437,919,93778.8,982.75,29,59,39,28,26,22,46,611,0,280,0,580
211182,20,-0.1,-0.03,-0.4,-0.3,2,0.2,0.1,0.15,50,71.58,909,883,21,862,577,0,0,245,0,40,0,26,10,919,617,245,919,300732.37,3075.06,215,107,85,37,50,44,27,297,577,0,0,285
211183,20,-0.1,-0.03,-0.4,-0.3,2,0.2,0.1,0.15,60,64.2,912,886,20,866,534,222,0,88,0,22,0,26,7,919,556,310,919,145531.65,1507.58,244,157,119,51,62,53,41,139,534,222,0,110
211184,20,-0.1,-0.03,-0.4,-0.3,2,0.2,0.1,0.15,60,49.19,912,886,26,860,0,280,0,157,0,423,0,26,7,919,423,437,919,93778.8,982.75,29,59,39,28,26,22,46,611,0,280,0,580
211185,20,-0.1,-0.03,-0.4,-0.3,2,0.2,0.1,0.15,60,71.58,909,883,21,862,577,0,0,245,0,40,0,26,10,919,617,245,919,300732.37,3075.06,215,107,85,37,50,44,27,297,577,0,0,285
211186,20,-0.1,-0.03,-0.4,-0.3,2,0.2,0.2,0.15,20,56.39,912,886,17,869,176,154,225,0,314,0,0,26,7,919,490,379,919,213228.77,2216.2,59,94,110,606,0,0,0,0,176,154,539,0
211187,20,-0.1,-0.03,-0.4,-0.3,2,0.2,0.2,0.15,20,56.06,912,886,19,867,0,155,226,0,486,0,0,26,7,919,486,381,919,201287.2,2122.85,29,59,39,740,0,0,0,0,0,155,712,0
211188,20,-0.1,-0.03,-0.4,-0.3,2,0.2,0.2,0.15,20,59.12,909,883,17,866,177,0,354,0,335,0,0,26,10,919,512,354,919,261810.51,2694.34,30,35,71,730,0,0,0,0,177,0,689,0
211189,20,-0.1,-0.03,-0.4,-0.3,2,0.2,0.2,0.15,30,54.76,912,886,24,862,245,201,189,0,227,0,0,26,7,919,472,390,919,235302.78,2476.78,59,94,110,67,65,467,0,0,245,201,416,0
211190,20,-0.1,-0.03,-0.4,-0.3,2,0.2,0.2,0.15,30,53.37,912,886,26,860,0,203,198,0,459,0,0,26,7,919,459,401,919,189315.78,2058.2,29,59,39,28,26,679,0,0,0,203,657,0
211191,20,-0.1,-0.03,-0.4,-0.3,2,0.2,0.2,0.15,30,60.14,909,883,25,858,257,0,342,0,259,0,0,26,10,919,516,342,919,361032.41,3741.44,30,35,71,41,46,635,0,0,257,0,601,0
211192,20,-0.1,-0.03,-0.4,-0.3,2,0.2,0.2,0.15,40,52.78,912,886,24,862,281,260,105,42,49,125,0,26,7,919,455,407,919,199022.29,2104.35,59,94,110,67,65,51,58,358,281,260,154,167
211193,20,-0.1,-0.03,-0.4,-0.3,2,0.2,0.2,0.15,40,50.12,912,886,26,860,0,268,117,44,122,309,0,26,7,919,431,429,919,119379.81,1255.96,29,59,39,28,26,22,46,611,0,268,239,353
211194,20,-0.1,-0.03,-0.4,-0.3,2,0.2,0.2,0.15,40,60.14,909,883,25,858,297,0,229,113,53,166,0,26,10,919,516,342,919,366894.23,3794.78,30,35,71,41,46,34,29,572,297,0,282,279
211195,20,-0.1,-0.03,-0.4,-0.3,2,0.2,0.2,0.15,50,52.44,912,886,24,862,284,270,0,140,0,168,0,26,7,919,452,410,919,184224.26,1951.49,59,94,110,67,65,51,58,358,284,270,0,308
211196,20,-0.1,-0.03,-0.4,-0.3,2,0.2,0.2,0.15,50,49.19,912,886,26,860,0,280,0,157,0,423,0,26,7,919,423,437,919,93778.8,982.75,29,59,39,28,26,22,46,611,0,280,0,580
211197,20,-0.1,-0.03,-0.4,-0.3,2,0.2,0.2,0.15,50,60.02,909,883,25,858,300,0,0,343,0,215,0,26,10,919,515,343,919,347547.59,3594.21,30,35,71,41,46,34,29,572,300,0,0,558
211198,20,-0.1,-0.03,-0.4,-0.3,2,0.2,0.2,0.15,60,52.44,912,886,24,862,284,270,0,140,0,168,0,26,7,919,452,410,919,184224.26,1951.49,59,94,110,67,65,51,58,358,284,270,0,308
211199,20,-0.1,-0.03,-0.4,-0.3,2,0.2,0.2,0.15,60,49.19,912,886,26,860,0,280,0,157,0,423,0,26,7,919,423,437,919,93778.8,982.75,29,59,39,28,26,22,46,611,0,280,0,580
211200,20,-0.1,-0.03,-0.4,-0.3,2,0.2,0.2,0.15,60,60.02,909,883,25,858,300,0,0,343,0,215,0,26,10,919,515,343,919,347547.59,3594.21,30,35,71,41,46,34,29,572,300,0,0,558
211201,20,-0.1,-0.03,-0.4,-0.25,1,0.1,0.1,0.15,20,60.26,1279,1239,21,1218,561,198,286,0,173,0,0,40,13,1292,734,484,1292,165263.17,1697.52,315,204,156,543,0,0,0,0,561,198,459,0
211202,20,-0.1,-0.03,-0.4,-0.25,1,0.1,0.1,0.15,20,54.86,1279,1239,25,1214,0,216,332,0,666,0,0,40,13,1292,666,548,1292,206242.36,2184.61,50,74,53,1037,0,0,0,0,0,216,998,0
211203,20,-0.1,-0.03,-0.4,-0.25,1,0.1,0.1,0.15,20,62.65,1275,1235,22,1213,573,0,453,0,187,0,0,40,17,1292,760,453,1292,221481.42,2251.13,265,141,108,699,0,0,0,0,573,0,640,0
211204,20,-0.1,-0.03,-0.4,-0.25,1,0.1,0.1,0.15,30,61.67,1279,1239,31,1208,664,256,207,0,81,0,0,40,13,1292,745,463,1292,188241.08,1969.3,315,204,156,84,89,360,0,0,664,256,288,0
211205,20,-0.1,-0.03,-0.4,-0.25,1,0.1,0.1,0.15,30,50.75,1279,1239,41,1198,0,287,303,0,608,0,0,40,13,1292,608,590,1292,161594.93,1800.25,50,74,53,39,41,941,0,0,0,287,911,0
211206,20,-0.1,-0.03,-0.4,-0.25,1,0.1,0.1,0.15,30,66.06,1275,1235,33,1202,699,0,408,0,95,0,0,40,17,1292,794,408,1292,325802.0,3354.7,265,141,108,59,68,561,0,0,699,0,503,0
211207,20,-0.1,-0.03,-0.4,-0.25,1,0.1,0.1,0.15,40,62.0,1279,1239,31,1208,700,314,101,44,23,26,0,40,13,1292,749,459,1292,151695.81,1574.69,315,204,156,84,89,72,51,237,700,314,124,70
211208,20,-0.1,-0.03,-0.4,-0.25,1,0.1,0.1,0.15,40,48.08,1279,1239,41,1198,0,369,185,68,165,411,0,40,13,1292,576,622,1292,69815.03,761.47,50,74,53,39,41,30,59,852,0,369,350,479
211209,20,-0.1,-0.03,-0.4,-0.25,1,0.1,0.1,0.15,40,68.78,1275,1235,34,1201,755,0,234,141,25,46,0,40,17,1292,826,375,1292,356726.43,3627.1,265,141,108,59,68,58,33,469,755,0,259,187
211210,20,-0.1,-0.03,-0.4,-0.25,1,0.1,0.1,0.15,50,61.59,1279,1239,31,1208,701,320,0,144,0,43,0,40,13,1292,744,464,1292,143300.98,1487.46,315,204,156,84,89,72,51,237,701,320,0,187
211211,20,-0.1,-0.03,-0.4,-0.25,1,0.1,0.1,0.15,50,47.33,1279,1239,41,1198,0,388,0,243,0,567,0,40,13,1292,567,631,1292,35968.49,403.93,50,74,53,39,41,30,59,852,0,388,0,810
211212,20,-0.1,-0.03,-0.4,-0.25,1,0.1,0.1,0.15,50,68.53,1275,1235,34,1201,756,0,0,378,0,67,0,40,17,1292,823,378,1292,342694.49,3480.89,265,141,108,59,68,58,33,469,756,0,0,445
211213,20,-0.1,-0.03,-0.4,-0.25,1,0.1,0.1,0.15,60,61.59,1279,1239,31,1208,701,320,0,144,0,43,0,40,13,1292,744,464,1292,143300.98,1487.46,315,204,156,84,89,72,51,237,701,320,0,187
211214,20,-0.1,-0.03,-0.4,-0.25,1,0.1,0.1,0.15,60,47.33,1279,1239,41,1198,0,388,0,243,0,567,0,40,13,1292,567,631,1292,35968.49,403.93,50,74,53,39,41,30,59,852,0,388,0,810
211215,20,-0.1,-0.03,-0.4,-0.25,1,0.1,0.1,0.15,60,68.53,1275,1235,34,1201,756,0,0,378,0,67,0,40,17,1292,823,378,1292,342694.49,3480.89,265,141,108,59,68,58,33,469,756,0,0,445
211216,20,-0.1,-0.03,-0.4,-0.25,1,0.1,0.2,0.15,20,55.1,1279,1239,23,1216,212,215,331,0,458,0,0,40,13,1292,670,546,1292,226767.21,2363.85,85,116,135,880,0,0,0,0,212,215,789,0
211217,20,-0.1,-0.03,-0.4,-0.25,1,0.1,0.2,0.15,20,54.86,1279,1239,25,1214,0,216,332,0,666,0,0,40,13,1292,666,548,1292,206242.36,2184.61,50,74,53,1037,0,0,0,0,0,216,998,0
211218,20,-0.1,-0.03,-0.4,-0.25,1,0.1,0.2,0.15,20,57.23,1275,1235,24,1211,213,0,518,0,480,0,0,40,17,1292,693,518,1292,270150.95,2787.28,35,42,82,1052,0,0,0,0,213,0,998,0
211219,20,-0.1,-0.03,-0.4,-0.25,1,0.1,0.2,0.15,30,52.29,1279,1239,38,1201,303,284,289,0,325,0,0,40,13,1292,628,573,1292,239729.74,2547.0,85,116,135,91,93,681,0,0,303,284,614,0
211220,20,-0.1,-0.03,-0.4,-0.25,1,0.1,0.2,0.15,30,50.75,1279,1239,41,1198,0,287,303,0,608,0,0,40,13,1292,608,590,1292,161594.93,1800.25,50,74,53,39,41,941,0,0,0,287,911,0
211221,20,-0.1,-0.03,-0.4,-0.25,1,0.1,0.2,0.15,30,56.82,1275,1235,40,1195,315,0,516,0,364,0,0,40,17,1292,679,516,1292,380990.22,3965.69,35,42,82,54,60,922,0,0,315,0,880,0
211222,20,-0.1,-0.03,-0.4,-0.25,1,0.1,0.2,0.15,40,50.79,1279,1239,38,1201,352,360,165,66,80,178,0,40,13,1292,610,591,1292,196287.9,2090.43,85,116,135,91,93,67,76,538,352,360,245,244
211223,20,-0.1,-0.03,-0.4,-0.25,1,0.1,0.2,0.15,40,48.08,1279,1239,41,1198,0,369,185,68,165,411,0,40,13,1292,576,622,1292,69815.03,761.47,50,74,53,39,41,30,59,852,0,369,350,479
211224,20,-0.1,-0.03,-0.4,-0.25,1,0.1,0.2,0.15,40,57.62,1275,1235,41,1194,370,0,332,174,87,231,0,40,17,1292,688,506,1292,407394.28,4196.36,35,42,82,54,60,42,39,840,370,0,419,405
211225,20,-0.1,-0.03,-0.4,-0.25,1,0.1,0.2,0.15,50,50.37,1279,1239,38,1201,355,375,0,221,0,250,0,40,13,1292,605,596,1292,175486.62,1875.6,85,116,135,91,93,67,76,538,355,375,0,471
211226,20,-0.1,-0.03,-0.4,-0.25,1,0.1,0.2,0.15,50,47.33,1279,1239,41,1198,0,388,0,243,0,567,0,40,13,1292,567,631,1292,35968.49,403.93,50,74,53,39,41,30,59,852,0,388,0,810
211227,20,-0.1,-0.03,-0.4,-0.25,1,0.1,0.2,0.15,50,57.37,1275,1235,41,1194,373,0,0,509,0,312,0,40,17,1292,685,509,1292,376003.79,3871.28,35,42,82,54,60,42,39,840,373,0,0,821
211228,20,-0.1,-0.03,-0.4,-0.25,1,0.1,0.2,0.15,60,50.37,1279,1239,38,1201,355,375,0,221,0,250,0,40,13,1292,605,596,1292,175486.62,1875.6,85,116,135,91,93,67,76,538,355,375,0,471
211229,20,-0.1,-0.03,-0.4,-0.25,1,0.1,0.2,0.15,60,47.33,1279,1239,41,1198,0,388,0,243,0,567,0,40,13,1292,567,631,1292,35968.49,403.93,50,74,53,39,41,30,59,852,0,388,0,810
211230,20,-0.1,-0.03,-0.4,-0.25,1,0.1,0.2,0.15,60,57.37,1275,1235,41,1194,373,0,0,509,0,312,0,40,17,1292,685,509,1292,376003.79,3871.28,35,42,82,54,60,42,39,840,373,0,0,821
211231,20,-0.1,-0.03,-0.4,-0.25,1,0.2,0.1,0.15,20,60.26,1279,1239,21,1218,561,198,286,0,173,0,0,40,13,1292,734,484,1292,165263.17,1697.52,315,204,156,543,0,0,0,0,561,198,459,0
211232,20,-0.1,-0.03,-0.4,-0.25,1,0.2,0.1,0.15,20,54.86,1279,1239,25,1214,0,216,332,0,666,0,0,40,13,1292,666,548,1292,206242.36,2184.61,50,74,53,1037,0,0,0,0,0,216,998,0
211233,20,-0.1,-0.03,-0.4,-0.25,1,0.2,0.1,0.15,20,62.65,1275,1235,22,1213,573,0,453,0,187,0,0,40,17,1292,760,453,1292,221481.42,2251.13,265,141,108,699,0,0,0,0,573,0,640,0
211234,20,-0.1,-0.03,-0.4,-0.25,1,0.2,0.1,0.15,30,61.67,1279,1239,31,1208,664,256,207,0,81,0,0,40,13,1292,745,463,1292,188241.08,1969.3,315,204,156,84,89,360,0,0,664,256,288,0
211235,20,-0.1,-0.03,-0.4,-0.25,1,0.2,0.1,0.15,30,50.75,1279,1239,41,1198,0,287,303,0,608,0,0,40,13,1292,608,590,1292,161594.93,1800.25,50,74,53,39,41,941,0,0,0,287,911,0
211236,20,-0.1,-0.03,-0.4,-0.25,1,0.2,0.1,0.15,30,66.06,1275,1235,33,1202,699,0,408,0,95,0,0,40,17,1292,794,408,1292,325802.0,3354.7,265,141,108,59,68,561,0,0,699,0,503,0
211237,20,-0.1,-0.03,-0.4,-0.25,1,0.2,0.1,0.15,40,62.0,1279,1239,31,1208,700,314,101,44,23,26,0,40,13,1292,749,459,1292,151695.81,1574.69,315,204,156,84,89,72,51,237,700,314,124,70
211238,20,-0.1,-0.03,-0.4,-0.25,1,0.2,0.1,0.15,40,48.08,1279,1239,41,1198,0,369,185,68,165,411,0,40,13,1292,576,622,1292,69815.03,761.47,50,74,53,39,41,30,59,852,0,369,350,479
211239,20,-0.1,-0.03,-0.4,-0.25,1,0.2,0.1,0.15,40,68.78,1275,1235,34,1201,755,0,234,141,25,46,0,40,17,1292,826,375,1292,356726.43,3627.1,265,141,108,59,68,58,33,469,755,0,259,187
211240,20,-0.1,-0.03,-0.4,-0.25,1,0.2,0.1,0.15,50,61.59,1279,1239,31,1208,701,320,0,144,0,43,0,40,13,1292,744,464,1292,143300.98,1487.46,315,204,156,84,89,72,51,237,701,320,0,187
211241,20,-0.1,-0.03,-0.4,-0.25,1,0.2,0.1,0.15,50,47.33,1279,1239,41,1198,0,388,0,243,0,567,0,40,13,1292,567,631,1292,35968.49,403.93,50,74,53,39,41,30,59,852,0,388,0,810
211242,20,-0.1,-0.03,-0.4,-0.25,1,0.2,0.1,0.15,50,68.53,1275,1235,34,1201,756,0,0,378,0,67,0,40,17,1292,823,378,1292,342694.49,3480.89,265,141,108,59,68,58,33,469,756,0,0,445
211243,20,-0.1,-0.03,-0.4,-0.25,1,0.2,0.1,0.15,60,61.59,1279,1239,31,1208,701,320,0,144,0,43,0,40,13,1292,744,464,1292,143300.98,1487.46,315,204,156,84,89,72,51,237,701,320,0,187
211244,20,-0.1,-0.03,-0.4,-0.25,1,0.2,0.1,0.15,60,47.33,1279,1239,41,1198,0,388,0,243,0,567,0,40,13,1292,567,631,1292,35968.49,403.93,50,74,53,39,41,30,59,852,0,388,0,810
211245,20,-0.1,-0.03,-0.4,-0.25,1,0.2,0.1,0.15,60,68.53,1275,1235,34,1201,756,0,0,378,0,67,0,40,17,1292,823,378,1292,342694.49,3480.89,265,141,108,59,68,58,33,469,756,0,0,445
211246,20,-0.1,-0.03,-0.4,-0.25,1,0.2,0.2,0.15,20,55.1,1279,1239,23,1216,212,215,331,0,458,0,0,40,13,1292,670,546,1292,226767.21,2363.85,85,116,135,880,0,0,0,0,212,215,789,0
211247,20,-0.1,-0.03,-0.4,-0.25,1,0.2,0.2,0.15,20,54.86,1279,1239,25,1214,0,216,332,0,666,0,0,40,13,1292,666,548,1292,206242.36,2184.61,50,74,53,1037,0,0,0,0,0,216,998,0
211248,20,-0.1,-0.03,-0.4,-0.25,1,0.2,0.2,0.15,20,57.23,1275,1235,24,1211,213,0,518,0,480,0,0,40,17,1292,693,518,1292,270150.95,2787.28,35,42,82,1052,0,0,0,0,213,0,998,0
211249,20,-0.1,-0.03,-0.4,-0.25,1,0.2,0.2,0.15,30,52.29,1279,1239,38,1201,303,284,289,0,325,0,0,40,13,1292,628,573,1292,239729.74,2547.0,85,116,135,91,93,681,0,0,303,284,614,0
211250,20,-0.1,-0.03,-0.4,-0.25,1,0.2,0.2,0.15,30,50.75,1279,1239,41,1198,0,287,303,0,608,0,0,40,13,1292,608,590,1292,161594.93,1800.25,50,74,53,39,41,941,0,0,0,287,911,0
211251,20,-0.1,-0.03,-0.4,-0.25,1,0.2,0.2,0.15,30,56.82,1275,1235,40,1195,315,0,516,0,364,0,0,40,17,1292,679,516,1292,380990.22,3965.69,35,42,82,54,60,922,0,0,315,0,880,0
211252,20,-0.1,-0.03,-0.4,-0.25,1,0.2,0.2,0.15,40,50.79,1279,1239,38,1201,352,360,165,66,80,178,0,40,13,1292,610,591,1292,196287.9,2090.43,85,116,135,91,93,67,76,538,352,360,245,244
211253,20,-0.1,-0.03,-0.4,-0.25,1,0.2,0.2,0.15,40,48.08,1279,1239,41,1198,0,369,185,68,165,411,0,40,13,1292,576,622,1292,69815.03,761.47,50,74,53,39,41,30,59,852,0,369,350,479
211254,20,-0.1,-0.03,-0.4,-0.25,1,0.2,0.2,0.15,40,57.62,1275,1235,41,1194,370,0,332,174,87,231,0,40,17,1292,688,506,1292,407394.28,4196.36,35,42,82,54,60,42,39,840,370,0,419,405
211255,20,-0.1,-0.03,-0.4,-0.25,1,0.2,0.2,0.15,50,50.37,1279,1239,38,1201,355,375,0,221,0,250,0,40,13,1292,605,596,1292,175486.62,1875.6,85,116,135,91,93,67,76,538,355,375,0,471
211256,20,-0.1,-0.03,-0.4,-0.25,1,0.2,0.2,0.15,50,47.33,1279,1239,41,1198,0,388,0,243,0,567,0,40,13,1292,567,631,1292,35968.49,403.93,50,74,53,39,41,30,59,852,0,388,0,810
211257,20,-0.1,-0.03,-0.4,-0.25,1,0.2,0.2,0.15,50,57.37,1275,1235,41,1194,373,0,0,509,0,312,0,40,17,1292,685,509,1292,376003.79,3871.28,35,42,82,54,60,42,39,840,373,0,0,821
211258,20,-0.1,-0.03,-0.4,-0.25,1,0.2,0.2,0.15,60,50.37,1279,1239,38,1201,355,375,0,221,0,250,0,40,13,1292,605,596,1292,175486.62,1875.6,85,116,135,91,93,67,76,538,355,375,0,471
211259,20,-0.1,-0.03,-0.4,-0.25,1,0.2,0.2,0.15,60,47.33,1279,1239,41,1198,0,388,0,243,0,567,0,40,13,1292,567,631,1292,35968.49,403.93,50,74,53,39,41,30,59,852,0,388,0,810
211260,20,-0.1,-0.03,-0.4,-0.25,1,0.2,0.2,0.15,60,57.37,1275,1235,41,1194,373,0,0,509,0,312,0,40,17,1292,685,509,1292,376003.79,3871.28,35,42,82,54,60,42,39,840,373,0,0,821
211261,20,-0.1,-0.03,-0.4,-0.25,2,0.1,0.1,0.15,20,65.19,1279,1239,21,1218,613,194,230,0,181,0,0,40,13,1292,794,424,1292,267299.67,3712.06,329,217,169,503,0,0,0,0,613,194,411,0
211262,20,-0.1,-0.03,-0.4,-0.25,2,0.1,0.1,0.15,20,59.88,1279,1239,25,1214,0,216,271,0,727,0,0,40,13,1292,727,487,1292,316475.79,4345.27,50,74,53,1037,0,0,0,0,0,216,998,0
211263,20,-0.1,-0.03,-0.4,-0.25,2,0.1,0.1,0.15,20,69.17,1275,1235,22,1213,643,0,374,0,196,0,0,40,17,1292,839,374,1292,374019.63,4387.02,280,159,129,645,0,0,0,0,643,0,570,0
211264,20,-0.1,-0.03,-0.4,-0.25,2,0.1,0.1,0.15,30,67.08,1279,1239,30,1209,726,247,151,0,85,0,0,40,13,1292,811,398,1292,321553.57,4243.81,329,217,169,92,101,301,0,0,726,247,236,0
211265,20,-0.1,-0.03,-0.4,-0.25,2,0.1,0.1,0.15,30,55.18,1279,1239,41,1198,0,287,250,0,661,0,0,40,13,1292,661,537,1292,326497.09,4408.22,50,74,53,39,41,941,0,0,0,287,911,0
211266,20,-0.1,-0.03,-0.4,-0.25,2,0.1,0.1,0.15,30,74.67,1275,1235,31,1204,786,0,305,0,113,0,0,40,17,1292,899,305,1292,574755.08,5710.02,280,159,129,75,90,471,0,0,786,0,418,0
211267,20,-0.1,-0.03,-0.4,-0.25,2,0.1,0.1,0.15,40,66.34,1279,1239,30,1209,751,296,85,26,28,23,0,40,13,1292,802,407,1292,260560.95,4022.62,329,217,169,92,101,65,41,195,751,296,113,49
211268,20,-0.1,-0.03,-0.4,-0.25,2,0.1,0.1,0.15,40,51.67,1279,1239,41,1198,0,369,167,43,183,436,0,40,13,1292,619,579,1292,218372.14,3748.7,50,74,53,39,41,30,59,852,0,369,350,479
211269,20,-0.1,-0.03,-0.4,-0.25,2,0.1,0.1,0.15,40,76.56,1275,1235,32,1203,842,0,193,89,34,45,0,40,17,1292,921,282,1292,629293.75,6072.1,280,159,129,75,90,53,35,382,842,0,227,134
211270,20,-0.1,-0.03,-0.4,-0.25,2,0.1,0.1,0.15,50,66.17,1279,1239,30,1209,752,301,0,108,0,48,0,40,13,1292,800,409,1292,248402.85,3966.19,329,217,169,92,101,65,41,195,752,301,0,156
211271,20,-0.1,-0.03,-0.4,-0.25,2,0.1,0.1,0.15,50,50.92,1279,1239,41,1198,0,388,0,200,0,610,0,40,13,1292,610,588,1292,169651.08,3418.02,50,74,53,39,41,30,59,852,0,388,0,810
211272,20,-0.1,-0.03,-0.4,-0.25,2,0.1,0.1,0.15,50,76.56,1275,1235,32,1203,844,0,0,282,0,77,0,40,17,1292,921,282,1292,605183.04,5952.41,280,159,129,75,90,53,35,382,844,0,0,359
211273,20,-0.1,-0.03,-0.4,-0.25,2,0.1,0.1,0.15,60,66.17,1279,1239,30,1209,752,301,0,108,0,48,0,40,13,1292,800,409,1292,248402.85,3966.19,329,217,169,92,101,65,41,195,752,301,0,156
211274,20,-0.1,-0.03,-0.4,-0.25,2,0.1,0.1,0.15,60,50.92,1279,1239,41,1198,0,388,0,200,0,610,0,40,13,1292,610,588,1292,169651.08,3418.02,50,74,53,39,41,30,59,852,0,388,0,810
211275,20,-0.1,-0.03,-0.4,-0.25,2,0.1,0.1,0.15,60,76.56,1275,1235,32,1203,844,0,0,282,0,77,0,40,17,1292,921,282,1292,605183.04,5952.41,280,159,129,75,90,53,35,382,844,0,0,359
211276,20,-0.1,-0.03,-0.4,-0.25,2,0.1,0.2,0.15,20,60.03,1279,1239,23,1216,226,215,271,0,504,0,0,40,13,1292,730,486,1292,336994.57,4498.75,86,124,138,868,0,0,0,0,226,215,775,0
211277,20,-0.1,-0.03,-0.4,-0.25,2,0.1,0.2,0.15,20,59.88,1279,1239,25,1214,0,216,271,0,727,0,0,40,13,1292,727,487,1292,316475.79,4345.27,50,74,53,1037,0,0,0,0,0,216,998,0
211278,20,-0.1,-0.03,-0.4,-0.25,2,0.1,0.2,0.15,20,63.83,1275,1235,24,1211,231,0,438,0,542,0,0,40,17,1292,773,438,1292,407703.45,5043.84,36,50,87,1038,0,0,0,0,231,0,980,0
211279,20,-0.1,-0.03,-0.4,-0.25,2,0.1,0.2,0.15,30,56.62,1279,1239,38,1201,336,284,237,0,344,0,0,40,13,1292,680,521,1292,413752.68,5142.46,86,124,138,93,102,658,0,0,336,284,581,0
211280,20,-0.1,-0.03,-0.4,-0.25,2,0.1,0.2,0.15,30,55.18,1279,1239,41,1198,0,287,250,0,661,0,0,40,13,1292,661,537,1292,326497.09,4408.22,50,74,53,39,41,941,0,0,0,287,911,0
211281,20,-0.1,-0.03,-0.4,-0.25,2,0.1,0.2,0.15,30,64.35,1275,1235,40,1195,364,0,426,0,405,0,0,40,17,1292,769,426,1292,686721.93,6791.99,36,50,87,58,75,889,0,0,364,0,831,0
211282,20,-0.1,-0.03,-0.4,-0.25,2,0.1,0.2,0.15,40,54.45,1279,1239,38,1201,396,359,146,42,89,169,0,40,13,1292,654,547,1292,353115.04,5032.3,86,124,138,93,102,77,78,503,396,359,235,211
211283,20,-0.1,-0.03,-0.4,-0.25,2,0.1,0.2,0.15,40,51.67,1279,1239,41,1198,0,369,167,43,183,436,0,40,13,1292,619,579,1292,218372.14,3748.7,50,74,53,39,41,30,59,852,0,369,350,479
211284,20,-0.1,-0.03,-0.4,-0.25,2,0.1,0.2,0.15,40,65.16,1275,1235,41,1194,436,0,295,121,108,234,0,40,17,1292,778,416,1292,780319.0,7465.02,36,50,87,58,75,58,47,783,436,0,403,355
211285,20,-0.1,-0.03,-0.4,-0.25,2,0.1,0.2,0.15,50,54.12,1279,1239,38,1201,398,373,0,178,0,252,0,40,13,1292,650,551,1292,320358.51,4847.61,86,124,138,93,102,77,78,503,398,373,0,430
211286,20,-0.1,-0.03,-0.4,-0.25,2,0.1,0.2,0.15,50,50.92,1279,1239,41,1198,0,388,0,200,0,610,0,40,13,1292,610,588,1292,169651.08,3418.02,50,74,53,39,41,30,59,852,0,388,0,810
211287,20,-0.1,-0.03,-0.4,-0.25,2,0.1,0.2,0.15,50,65.16,1275,1235,41,1194,438,0,0,416,0,340,0,40,17,1292,778,416,1292,726555.03,7171.78,36,50,87,58,75,58,47,783,438,0,0,756
211288,20,-0.1,-0.03,-0.4,-0.25,2,0.1,0.2,0.15,60,54.12,1279,1239,38,1201,398,373,0,178,0,252,0,40,13,1292,650,551,1292,320358.51,4847.61,86,124,138,93,102,77,78,503,398,373,0,430
211289,20,-0.1,-0.03,-0.4,-0.25,2,0.1,0.2,0.15,60,50.92,1279,1239,41,1198,0,388,0,200,0,610,0,40,13,1292,610,588,1292,169651.08,3418.02,50,74,53,39,41,30,59,852,0,388,0,810
211290,20,-0.1,-0.03,-0.4,-0.25,2,0.1,0.2,0.15,60,65.16,1275,1235,41,1194,438,0,0,416,0,340,0,40,17,1292,778,416,1292,726555.03,7171.78,36,50,87,58,75,58,47,783,438,0,0,756
211291,20,-0.1,-0.03,-0.4,-0.25,2,0.2,0.1,0.15,20,60.26,1279,1239,21,1218,561,198,286,0,173,0,0,40,13,1292,734,484,1292,165263.17,1697.52,315,204,156,543,0,0,0,0,561,198,459,0
211292,20,-0.1,-0.03,-0.4,-0.25,2,0.2,0.1,0.15,20,54.86,1279,1239,25,1214,0,216,332,0,666,0,0,40,13,1292,666,548,1292,206242.36,2184.61,50,74,53,1037,0,0,0,0,0,216,998,0
211293,20,-0.1,-0.03,-0.4,-0.25,2,0.2,0.1,0.15,20,62.65,1275,1235,22,1213,573,0,453,0,187,0,0,40,17,1292,760,453,1292,221481.42,2251.13,265,141,108,699,0,0,0,0,573,0,640,0
211294,20,-0.1,-0.03,-0.4,-0.25,2,0.2,0.1,0.15,30,61.67,1279,1239,31,1208,664,256,207,0,81,0,0,40,13,1292,745,463,1292,188241.08,1969.3,315,204,156,84,89,360,0,0,664,256,288,0
211295,20,-0.1,-0.03,-0.4,-0.25,2,0.2,0.1,0.15,30,50.75,1279,1239,41,1198,0,287,303,0,608,0,0,40,13,1292,608,590,1292,161594.93,1800.25,50,74,53,39,41,941,0,0,0,287,911,0
211296,20,-0.1,-0.03,-0.4,-0.25,2,0.2,0.1,0.15,30,66.06,1275,1235,33,1202,699,0,408,0,95,0,0,40,17,1292,794,408,1292,325802.0,3354.7,265,141,108,59,68,561,0,0,699,0,503,0
211297,20,-0.1,-0.03,-0.4,-0.25,2,0.2,0.1,0.15,40,62.0,1279,1239,31,1208,700,314,101,44,23,26,0,40,13,1292,749,459,1292,151695.81,1574.69,315,204,156,84,89,72,51,237,700,314,124,70
211298,20,-0.1,-0.03,-0.4,-0.25,2,0.2,0.1,0.15,40,48.08,1279,1239,41,1198,0,369,185,68,165,411,0,40,13,1292,576,622,1292,69815.03,761.47,50,74,53,39,41,30,59,852,0,369,350,479
211299,20,-0.1,-0.03,-0.4,-0.25,2,0.2,0.1,0.15,40,68.78,1275,1235,34,1201,755,0,234,141,25,46,0,40,17,1292,826,375,1292,356726.43,3627.1,265,141,108,59,68,58,33,469,755,0,259,187
211300,20,-0.1,-0.03,-0.4,-0.25,2,0.2,0.1,0.15,50,61.59,1279,1239,31,1208,701,320,0,144,0,43,0,40,13,1292,744,464,1292,143300.98,1487.46,315,204,156,84,89,72,51,237,701,320,0,187
211301,20,-0.1,-0.03,-0.4,-0.25,2,0.2,0.1,0.15,50,47.33,1279,1239,41,1198,0,388,0,243,0,567,0,40,13,1292,567,631,1292,35968.49,403.93,50,74,53,39,41,30,59,852,0,388,0,810
211302,20,-0.1,-0.03,-0.4,-0.25,2,0.2,0.1,0.15,50,68.53,1275,1235,34,1201,756,0,0,378,0,67,0,40,17,1292,823,378,1292,342694.49,3480.89,265,141,108,59,68,58,33,469,756,0,0,445
211303,20,-0.1,-0.03,-0.4,-0.25,2,0.2,0.1,0.15,60,61.59,1279,1239,31,1208,701,320,0,144,0,43,0,40,13,1292,744,464,1292,143300.98,1487.46,315,204,156,84,89,72,51,237,701,320,0,187
211304,20,-0.1,-0.03,-0.4,-0.25,2,0.2,0.1,0.15,60,47.33,1279,1239,41,1198,0,388,0,243,0,567,0,40,13,1292,567,631,1292,35968.49,403.93,50,74,53,39,41,30,59,852,0,388,0,810
211305,20,-0.1,-0.03,-0.4,-0.25,2,0.2,0.1,0.15,60,68.53,1275,1235,34,1201,756,0,0,378,0,67,0,40,17,1292,823,378,1292,342694.49,3480.89,265,141,108,59,68,58,33,469,756,0,0,445
211306,20,-0.1,-0.03,-0.4,-0.25,2,0.2,0.2,0.15,20,55.1,1279,1239,23,1216,212,215,331,0,458,0,0,40,13,1292,670,546,1292,226767.21,2363.85,85,116,135,880,0,0,0,0,212,215,789,0
211307,20,-0.1,-0.03,-0.4,-0.25,2,0.2,0.2,0.15,20,54.86,1279,1239,25,1214,0,216,332,0,666,0,0,40,13,1292,666,548,1292,206242.36,2184.61,50,74,53,1037,0,0,0,0,0,216,998,0
211308,20,-0.1,-0.03,-0.4,-0.25,2,0.2,0.2,0.15,20,57.23,1275,1235,24,1211,213,0,518,0,480,0,0,40,17,1292,693,518,1292,270150.95,2787.28,35,42,82,1052,0,0,0,0,213,0,998,0
211309,20,-0.1,-0.03,-0.4,-0.25,2,0.2,0.2,0.15,30,52.29,1279,1239,38,1201,303,284,289,0,325,0,0,40,13,1292,628,573,1292,239729.74,2547.0,85,116,135,91,93,681,0,0,303,284,614,0
211310,20,-0.1,-0.03,-0.4,-0.25,2,0.2,0.2,0.15,30,50.75,1279,1239,41,1198,0,287,303,0,608,0,0,40,13,1292,608,590,1292,161594.93,1800.25,50,74,53,39,41,941,0,0,0,287,911,0
211311,20,-0.1,-0.03,-0.4,-0.25,2,0.2,0.2,0.15,30,56.82,1275,1235,40,1195,315,0,516,0,364,0,0,40,17,1292,679,516,1292,380990.22,3965.69,35,42,82,54,60,922,0,0,315,0,880,0
211312,20,-0.1,-0.03,-0.4,-0.25,2,0.2,0.2,0.15,40,50.79,1279,1239,38,1201,352,360,165,66,80,178,0,40,13,1292,610,591,1292,196287.9,2090.43,85,116,135,91,93,67,76,538,352,360,245,244
211313,20,-0.1,-0.03,-0.4,-0.25,2,0.2,0.2,0.15,40,48.08,1279,1239,41,1198,0,369,185,68,165,411,0,40,13,1292,576,622,1292,69815.03,761.47,50,74,53,39,41,30,59,852,0,369,350,479
211314,20,-0.1,-0.03,-0.4,-0.25,2,0.2,0.2,0.15,40,57.62,1275,1235,41,1194,370,0,332,174,87,231,0,40,17,1292,688,506,1292,407394.28,4196.36,35,42,82,54,60,42,39,840,370,0,419,405
211315,20,-0.1,-0.03,-0.4,-0.25,2,0.2,0.2,0.15,50,50.37,1279,1239,38,1201,355,375,0,221,0,250,0,40,13,1292,605,596,1292,175486.62,1875.6,85,116,135,91,93,67,76,538,355,375,0,471
211316,20,-0.1,-0.03,-0.4,-0.25,2,0.2,0.2,0.15,50,47.33,1279,1239,41,1198,0,388,0,243,0,567,0,40,13,1292,567,631,1292,35968.49,403.93,50,74,53,39,41,30,59,852,0,388,0,810
211317,20,-0.1,-0.03,-0.4,-0.25,2,0.2,0.2,0.15,50,57.37,1275,1235,41,1194,373,0,0,509,0,312,0,40,17,1292,685,509,1292,376003.79,3871.28,35,42,82,54,60,42,39,840,373,0,0,821
211318,20,-0.1,-0.03,-0.4,-0.25,2,0.2,0.2,0.15,60,50.37,1279,1239,38,1201,355,375,0,221,0,250,0,40,13,1292,605,596,1292,175486.62,1875.6,85,116,135,91,93,67,76,538,355,375,0,471
211319,20,-0.1,-0.03,-0.4,-0.25,2,0.2,0.2,0.15,60,47.33,1279,1239,41,1198,0,388,0,243,0,567,0,40,13,1292,567,631,1292,35968.49,403.93,50,74,53,39,41,30,59,852,0,388,0,810
211320,20,-0.1,-0.03,-0.4,-0.25,2,0.2,0.2,0.15,60,57.37,1275,1235,41,1194,373,0,0,509,0,312,0,40,17,1292,685,509,1292,376003.79,3871.28,35,42,82,54,60,42,39,840,373,0,0,821
211321,20,-0.1,-0.02,-0.6,-0.45,1,0.1,0.1,0.15,20,68.14,1624,1435,29,1406,860,242,206,0,98,0,0,189,12,1636,958,448,1636,407660.14,4214.06,469,299,208,430,0,0,0,0,860,242,304,0
211322,20,-0.1,-0.02,-0.6,-0.45,1,0.1,0.1,0.15,20,61.98,1624,1435,49,1386,0,253,274,0,859,0,0,189,12,1636,859,527,1636,876051.25,9023.09,35,97,62,1192,0,0,0,0,0,253,1133,0
211323,20,-0.1,-0.02,-0.6,-0.45,1,0.1,0.1,0.15,20,72.4,1624,1435,29,1406,900,0,388,0,118,0,0,189,12,1636,1018,388,1636,561378.25,5781.99,435,212,161,598,0,0,0,0,900,0,506,0
211324,20,-0.1,-0.02,-0.6,-0.45,1,0.1,0.1,0.15,30,70.63,1624,1435,46,1389,944,305,103,0,37,0,0,189,12,1636,981,408,1636,415034.46,4294.62,469,299,208,126,80,207,0,0,944,305,140,0
211325,20,-0.1,-0.02,-0.6,-0.45,1,0.1,0.1,0.15,30,57.94,1622,1433,85,1348,0,345,222,0,781,0,0,189,14,1636,781,567,1636,800744.39,8236.68,35,97,62,59,42,1053,0,0,0,345,1003,0
211326,20,-0.1,-0.02,-0.6,-0.45,1,0.1,0.1,0.15,30,78.89,1624,1435,52,1383,1028,0,292,0,63,0,0,189,12,1636,1091,292,1636,690518.63,7104.15,435,212,161,92,73,410,0,0,1028,0,355,0
211327,20,-0.1,-0.02,-0.6,-0.45,1,0.1,0.1,0.15,40,71.35,1624,1435,46,1389,973,343,41,14,10,8,0,189,12,1636,991,398,1636,415400.51,4303.7,469,299,208,126,80,67,45,95,973,343,51,22
211328,20,-0.1,-0.02,-0.6,-0.45,1,0.1,0.1,0.15,40,55.05,1620,1431,85,1346,0,436,132,37,188,553,0,189,16,1636,741,605,1636,842982.75,8695.3,35,97,62,59,42,50,65,936,0,436,320,590
211329,20,-0.1,-0.02,-0.6,-0.45,1,0.1,0.1,0.15,40,81.26,1623,1434,52,1382,1084,0,187,72,12,27,0,189,13,1636,1123,259,1636,723845.24,7436.11,435,212,161,92,73,55,33,321,1084,0,199,99
211330,20,-0.1,-0.02,-0.6,-0.45,1,0.1,0.1,0.15,50,70.99,1624,1435,46,1389,973,350,0,53,0,13,0,189,12,1636,986,403,1636,407158.8,4218.96,469,299,208,126,80,67,45,95,973,350,0,66
211331,20,-0.1,-0.02,-0.6,-0.45,1,0.1,0.1,0.15,50,53.98,1620,1431,86,1345,0,460,0,159,0,726,0,189,16,1636,726,619,1636,801453.47,8261.04,35,97,62,59,42,50,65,935,0,460,0,885
211332,20,-0.1,-0.02,-0.6,-0.45,1,0.1,0.1,0.15,50,80.9,1623,1434,52,1382,1085,0,0,264,0,33,0,189,13,1636,1118,264,1636,694414.66,7124.19,435,212,161,92,73,55,33,321,1085,0,0,297
211333,20,-0.1,-0.02,-0.6,-0.45,1,0.1,0.1,0.15,60,70.99,1624,1435,46,1389,973,350,0,53,0,13,0,189,12,1636,986,403,1636,407158.8,4218.96,469,299,208,126,80,67,45,95,973,350,0,66
211334,20,-0.1,-0.02,-0.6,-0.45,1,0.1,0.1,0.15,60,53.98,1620,1431,86,1345,0,460,0,159,0,726,0,189,16,1636,726,619,1636,801453.47,8261.04,35,97,62,59,42,50,65,935,0,460,0,885
211335,20,-0.1,-0.02,-0.6,-0.45,1,0.1,0.1,0.15,60,80.9,1623,1434,52,1382,1085,0,0,264,0,33,0,189,13,1636,1118,264,1636,694414.66,7124.19,435,212,161,92,73,55,33,321,1085,0,0,297
211336,20,-0.1,-0.02,-0.6,-0.45,1,0.1,0.2,0.15,20,62.88,1624,1435,45,1390,491,253,263,0,383,0,0,189,12,1636,874,516,1636,728928.95,7522.43,127,236,225,802,0,0,0,0,491,253,646,0
211337,20,-0.1,-0.02,-0.6,-0.45,1,0.1,0.2,0.15,20,61.98,1624,1435,49,1386,0,253,274,0,859,0,0,189,12,1636,859,527,1636,876051.25,9023.09,35,97,62,1192,0,0,0,0,0,253,1133,0
211338,20,-0.1,-0.02,-0.6,-0.45,1,0.1,0.2,0.15,20,67.27,1624,1435,45,1390,504,0,455,0,431,0,0,189,12,1636,935,455,1636,900926.84,9274.44,92,141,168,989,0,0,0,0,504,0,886,0
211339,20,-0.1,-0.02,-0.6,-0.45,1,0.1,0.2,0.15,30,61.45,1624,1435,73,1362,631,339,186,0,206,0,0,189,12,1636,837,525,1636,755395.44,7789.84,127,236,225,156,113,505,0,0,631,339,392,0
211340,20,-0.1,-0.02,-0.6,-0.45,1,0.1,0.2,0.15,30,57.94,1622,1433,85,1348,0,345,222,0,781,0,0,189,14,1636,781,567,1636,800744.39,8236.68,35,97,62,59,42,1053,0,0,0,345,1003,0
211341,20,-0.1,-0.02,-0.6,-0.45,1,0.1,0.2,0.15,30,70.06,1624,1435,79,1356,670,0,406,0,280,0,0,189,12,1636,950,406,1636,1076689.33,11065.85,92,141,168,103,89,763,0,0,670,0,686,0
211342,20,-0.1,-0.02,-0.6,-0.45,1,0.1,0.2,0.15,40,60.13,1624,1435,73,1362,680,413,99,31,56,83,0,189,12,1636,819,543,1636,739606.56,7641.79,127,236,225,156,113,113,79,313,680,413,155,114
211343,20,-0.1,-0.02,-0.6,-0.45,1,0.1,0.2,0.15,40,55.05,1620,1431,85,1346,0,436,132,37,188,553,0,189,16,1636,741,605,1636,842982.75,8695.3,35,97,62,59,42,50,65,936,0,436,320,590
211344,20,-0.1,-0.02,-0.6,-0.45,1,0.1,0.2,0.15,40,70.18,1623,1434,79,1355,735,0,300,104,63,153,0,189,13,1636,951,404,1636,1108078.19,11390.53,92,141,168,103,89,77,45,640,735,0,363,257
211345,20,-0.1,-0.02,-0.6,-0.45,1,0.1,0.2,0.15,50,59.29,1624,1435,74,1361,681,432,0,122,0,126,0,189,12,1636,807,554,1636,714037.23,7376.13,127,236,225,156,113,113,79,312,681,432,0,248
211346,20,-0.1,-0.02,-0.6,-0.45,1,0.1,0.2,0.15,50,53.98,1620,1431,86,1345,0,460,0,159,0,726,0,189,16,1636,726,619,1636,801453.47,8261.04,35,97,62,59,42,50,65,935,0,460,0,885
211347,20,-0.1,-0.02,-0.6,-0.45,1,0.1,0.2,0.15,50,69.28,1623,1434,80,1354,736,0,0,416,0,202,0,189,13,1636,938,416,1636,1044725.87,10724.41,92,141,168,103,89,77,45,639,736,0,0,618
211348,20,-0.1,-0.02,-0.6,-0.45,1,0.1,0.2,0.15,60,59.29,1624,1435,74,1361,681,432,0,122,0,126,0,189,12,1636,807,554,1636,714037.23,7376.13,127,236,225,156,113,113,79,312,681,432,0,248
211349,20,-0.1,-0.02,-0.6,-0.45,1,0.1,0.2,0.15,60,53.98,1620,1431,86,1345,0,460,0,159,0,726,0,189,16,1636,726,619,1636,801453.47,8261.04,35,97,62,59,42,50,65,935,0,460,0,885
211350,20,-0.1,-0.02,-0.6,-0.45,1,0.1,0.2,0.15,60,69.28,1623,1434,80,1354,736,0,0,416,0,202,0,189,13,1636,938,416,1636,1044725.87,10724.41,92,141,168,103,89,77,45,639,736,0,0,618
211351,20,-0.1,-0.02,-0.6,-0.45,1,0.2,0.1,0.15,20,68.14,1624,1435,29,1406,860,242,206,0,98,0,0,189,12,1636,958,448,1636,407660.14,4214.06,469,299,208,430,0,0,0,0,860,242,304,0
211352,20,-0.1,-0.02,-0.6,-0.45,1,0.2,0.1,0.15,20,61.98,1624,1435,49,1386,0,253,274,0,859,0,0,189,12,1636,859,527,1636,876051.25,9023.09,35,97,62,1192,0,0,0,0,0,253,1133,0
211353,20,-0.1,-0.02,-0.6,-0.45,1,0.2,0.1,0.15,20,72.4,1624,1435,29,1406,900,0,388,0,118,0,0,189,12,1636,1018,388,1636,561378.25,5781.99,435,212,161,598,0,0,0,0,900,0,506,0
211354,20,-0.1,-0.02,-0.6,-0.45,1,0.2,0.1,0.15,30,70.63,1624,1435,46,1389,944,305,103,0,37,0,0,189,12,1636,981,408,1636,415034.46,4294.62,469,299,208,126,80,207,0,0,944,305,140,0
211355,20,-0.1,-0.02,-0.6,-0.45,1,0.2,0.1,0.15,30,57.94,1622,1433,85,1348,0,345,222,0,781,0,0,189,14,1636,781,567,1636,800744.39,8236.68,35,97,62,59,42,1053,0,0,0,345,1003,0
211356,20,-0.1,-0.02,-0.6,-0.45,1,0.2,0.1,0.15,30,78.89,1624,1435,52,1383,1028,0,292,0,63,0,0,189,12,1636,1091,292,1636,690518.63,7104.15,435,212,161,92,73,410,0,0,1028,0,355,0
211357,20,-0.1,-0.02,-0.6,-0.45,1,0.2,0.1,0.15,40,71.35,1624,1435,46,1389,973,343,41,14,10,8,0,189,12,1636,991,398,1636,415400.51,4303.7,469,299,208,126,80,67,45,95,973,343,51,22
211358,20,-0.1,-0.02,-0.6,-0.45,1,0.2,0.1,0.15,40,55.05,1620,1431,85,1346,0,436,132,37,188,553,0,189,16,1636,741,605,1636,842982.75,8695.3,35,97,62,59,42,50,65,936,0,436,320,590
211359,20,-0.1,-0.02,-0.6,-0.45,1,0.2,0.1,0.15,40,81.26,1623,1434,52,1382,1084,0,187,72,12,27,0,189,13,1636,1123,259,1636,723845.24,7436.11,435,212,161,92,73,55,33,321,1084,0,199,99
211360,20,-0.1,-0.02,-0.6,-0.45,1,0.2,0.1,0.15,50,70.99,1624,1435,46,1389,973,350,0,53,0,13,0,189,12,1636,986,403,1636,407158.8,4218.96,469,299,208,126,80,67,45,95,973,350,0,66
211361,20,-0.1,-0.02,-0.6,-0.45,1,0.2,0.1,0.15,50,53.98,1620,1431,86,1345,0,460,0,159,0,726,0,189,16,1636,726,619,1636,801453.47,8261.04,35,97,62,59,42,50,65,935,0,460,0,885
211362,20,-0.1,-0.02,-0.6,-0.45,1,0.2,0.1,0.15,50,80.9,1623,1434,52,1382,1085,0,0,264,0,33,0,189,13,1636,1118,264,1636,694414.66,7124.19,435,212,161,92,73,55,33,321,1085,0,0,297
211363,20,-0.1,-0.02,-0.6,-0.45,1,0.2,0.1,0.15,60,70.99,1624,1435,46,1389,973,350,0,53,0,13,0,189,12,1636,986,403,1636,407158.8,4218.96,469,299,208,126,80,67,45,95,973,350,0,66
211364,20,-0.1,-0.02,-0.6,-0.45,1,0.2,0.1,0.15,60,53.98,1620,1431,86,1345,0,460,0,159,0,726,0,189,16,1636,726,619,1636,801453.47,8261.04,35,97,62,59,42,50,65,935,0,460,0,885
211365,20,-0.1,-0.02,-0.6,-0.45,1,0.2,0.1,0.15,60,80.9,1623,1434,52,1382,1085,0,0,264,0,33,0,189,13,1636,1118,264,1636,694414.66,7124.19,435,212,161,92,73,55,33,321,1085,0,0,297
211366,20,-0.1,-0.02,-0.6,-0.45,1,0.2,0.2,0.15,20,62.88,1624,1435,45,1390,491,253,263,0,383,0,0,189,12,1636,874,516,1636,728928.95,7522.43,127,236,225,802,0,0,0,0,491,253,646,0
211367,20,-0.1,-0.02,-0.6,-0.45,1,0.2,0.2,0.15,20,61.98,1624,1435,49,1386,0,253,274,0,859,0,0,189,12,1636,859,527,1636,876051.25,9023.09,35,97,62,1192,0,0,0,0,0,253,1133,0
211368,20,-0.1,-0.02,-0.6,-0.45,1,0.2,0.2,0.15,20,67.27,1624,1435,45,1390,504,0,455,0,431,0,0,189,12,1636,935,455,1636,900926.84,9274.44,92,141,168,989,0,0,0,0,504,0,886,0
211369,20,-0.1,-0.02,-0.6,-0.45,1,0.2,0.2,0.15,30,61.45,1624,1435,73,1362,631,339,186,0,206,0,0,189,12,1636,837,525,1636,755395.44,7789.84,127,236,225,156,113,505,0,0,631,339,392,0
211370,20,-0.1,-0.02,-0.6,-0.45,1,0.2,0.2,0.15,30,57.94,1622,1433,85,1348,0,345,222,0,781,0,0,189,14,1636,781,567,1636,800744.39,8236.68,35,97,62,59,42,1053,0,0,0,345,1003,0
211371,20,-0.1,-0.02,-0.6,-0.45,1,0.2,0.2,0.15,30,70.06,1624,1435,79,1356,670,0,406,0,280,0,0,189,12,1636,950,406,1636,1076689.33,11065.85,92,141,168,103,89,763,0,0,670,0,686,0
211372,20,-0.1,-0.02,-0.6,-0.45,1,0.2,0.2,0.15,40,60.13,1624,1435,73,1362,680,413,99,31,56,83,0,189,12,1636,819,543,1636,739606.56,7641.79,127,236,225,156,113,113,79,313,680,413,155,114
211373,20,-0.1,-0.02,-0.6,-0.45,1,0.2,0.2,0.15,40,55.05,1620,1431,85,1346,0,436,132,37,188,553,0,189,16,1636,741,605,1636,842982.75,8695.3,35,97,62,59,42,50,65,936,0,436,320,590
211374,20,-0.1,-0.02,-0.6,-0.45,1,0.2,0.2,0.15,40,70.18,1623,1434,79,1355,735,0,300,104,63,153,0,189,13,1636,951,404,1636,1108078.19,11390.53,92,141,168,103,89,77,45,640,735,0,363,257
211375,20,-0.1,-0.02,-0.6,-0.45,1,0.2,0.2,0.15,50,59.29,1624,1435,74,1361,681,432,0,122,0,126,0,189,12,1636,807,554,1636,714037.23,7376.13,127,236,225,156,113,113,79,312,681,432,0,248
211376,20,-0.1,-0.02,-0.6,-0.45,1,0.2,0.2,0.15,50,53.98,1620,1431,86,1345,0,460,0,159,0,726,0,189,16,1636,726,619,1636,801453.47,8261.04,35,97,62,59,42,50,65,935,0,460,0,885
211377,20,-0.1,-0.02,-0.6,-0.45,1,0.2,0.2,0.15,50,69.28,1623,1434,80,1354,736,0,0,416,0,202,0,189,13,1636,938,416,1636,1044725.87,10724.41,92,141,168,103,89,77,45,639,736,0,0,618
211378,20,-0.1,-0.02,-0.6,-0.45,1,0.2,0.2,0.15,60,59.29,1624,1435,74,1361,681,432,0,122,0,126,0,189,12,1636,807,554,1636,714037.23,7376.13,127,236,225,156,113,113,79,312,681,432,0,248
211379,20,-0.1,-0.02,-0.6,-0.45,1,0.2,0.2,0.15,60,53.98,1620,1431,86,1345,0,460,0,159,0,726,0,189,16,1636,726,619,1636,801453.47,8261.04,35,97,62,59,42,50,65,935,0,460,0,885
211380,20,-0.1,-0.02,-0.6,-0.45,1,0.2,0.2,0.15,60,69.28,1623,1434,80,1354,736,0,0,416,0,202,0,189,13,1636,938,416,1636,1044725.87,10724.41,92,141,168,103,89,77,45,639,736,0,0,618
211381,20,-0.1,-0.02,-0.6,-0.45,2,0.1,0.1,0.15,20,70.93,1624,1435,28,1407,905,240,169,0,93,0,0,189,12,1636,998,409,1636,508561.17,5996.56,478,315,220,394,0,0,0,0,905,240,262,0
211382,20,-0.1,-0.02,-0.6,-0.45,2,0.1,0.1,0.15,20,65.37,1624,1435,49,1386,0,253,227,0,906,0,0,189,12,1636,906,480,1636,1136438.94,11418.41,35,97,62,1192,0,0,0,0,0,253,1133,0
211383,20,-0.1,-0.02,-0.6,-0.45,2,0.1,0.1,0.15,20,77.26,1624,1435,28,1407,964,0,320,0,123,0,0,189,12,1636,1087,320,1636,771102.74,7647.04,447,232,177,551,0,0,0,0,964,0,443,0
211384,20,-0.1,-0.02,-0.6,-0.45,2,0.1,0.1,0.15,30,72.79,1624,1435,42,1393,978,299,80,0,36,0,0,189,12,1636,1014,379,1636,508770.31,6235.09,478,315,220,132,72,176,0,0,978,299,116,0
211385,20,-0.1,-0.02,-0.6,-0.45,2,0.1,0.1,0.15,30,59.79,1622,1433,85,1348,0,345,197,0,806,0,0,189,14,1636,806,542,1636,1101635.77,11158.01,35,97,62,59,42,1053,0,0,0,345,1003,0
211386,20,-0.1,-0.02,-0.6,-0.45,2,0.1,0.1,0.15,30,84.14,1624,1435,48,1387,1103,0,220,0,64,0,0,189,12,1636,1167,220,1636,982877.29,8999.05,447,232,177,108,83,340,0,0,1103,0,284,0
211387,20,-0.1,-0.02,-0.6,-0.45,2,0.1,0.1,0.15,40,73.3,1624,1435,42,1393,1002,331,33,8,12,7,0,189,12,1636,1021,372,1636,497565.95,6287.41,478,315,220,132,72,60,36,80,1002,331,45,15
211388,20,-0.1,-0.02,-0.6,-0.45,2,0.1,0.1,0.15,40,57.28,1620,1431,85,1346,0,436,113,26,207,564,0,189,16,1636,771,575,1636,1125504.92,11962.49,35,97,62,59,42,50,65,936,0,436,320,590
211389,20,-0.1,-0.02,-0.6,-0.45,2,0.1,0.1,0.15,40,85.93,1623,1434,48,1386,1151,0,152,43,16,24,0,189,13,1636,1191,195,1636,1039709.46,9390.41,447,232,177,108,83,56,28,255,1151,0,168,67
211390,20,-0.1,-0.02,-0.6,-0.45,2,0.1,0.1,0.15,50,72.86,1624,1435,42,1393,1002,337,0,41,0,13,0,189,12,1636,1015,378,1636,487099.74,6221.22,478,315,220,132,72,60,36,80,1002,337,0,54
211391,20,-0.1,-0.02,-0.6,-0.45,2,0.1,0.1,0.15,50,55.76,1620,1431,86,1345,0,460,0,135,0,750,0,189,16,1636,750,595,1636,1064675.96,11518.35,35,97,62,59,42,50,65,935,0,460,0,885
211392,20,-0.1,-0.02,-0.6,-0.45,2,0.1,0.1,0.15,50,85.57,1623,1434,48,1386,1151,0,0,200,0,35,0,189,13,1636,1186,200,1636,992184.13,9134.61,447,232,177,108,83,56,28,255,1151,0,0,235
211393,20,-0.1,-0.02,-0.6,-0.45,2,0.1,0.1,0.15,60,72.86,1624,1435,42,1393,1002,337,0,41,0,13,0,189,12,1636,1015,378,1636,487099.74,6221.22,478,315,220,132,72,60,36,80,1002,337,0,54
211394,20,-0.1,-0.02,-0.6,-0.45,2,0.1,0.1,0.15,60,55.76,1620,1431,86,1345,0,460,0,135,0,750,0,189,16,1636,750,595,1636,1064675.96,11518.35,35,97,62,59,42,50,65,935,0,460,0,885
211395,20,-0.1,-0.02,-0.6,-0.45,2,0.1,0.1,0.15,60,85.57,1623,1434,48,1386,1151,0,0,200,0,35,0,189,13,1636,1186,200,1636,992184.13,9134.61,447,232,177,108,83,56,28,255,1151,0,0,235
211396,20,-0.1,-0.02,-0.6,-0.45,2,0.1,0.2,0.15,20,66.26,1624,1435,45,1390,515,253,216,0,406,0,0,189,12,1636,921,469,1636,921793.65,9664.1,129,245,239,777,0,0,0,0,515,253,622,0
211397,20,-0.1,-0.02,-0.6,-0.45,2,0.1,0.2,0.15,20,65.37,1624,1435,49,1386,0,253,227,0,906,0,0,189,12,1636,906,480,1636,1136438.94,11418.41,35,97,62,1192,0,0,0,0,0,253,1133,0
211398,20,-0.1,-0.02,-0.6,-0.45,2,0.1,0.2,0.15,20,72.73,1624,1435,45,1390,544,0,379,0,467,0,0,189,12,1636,1011,379,1636,1249225.83,11658.23,94,151,191,954,0,0,0,0,544,0,846,0
211399,20,-0.1,-0.02,-0.6,-0.45,2,0.1,0.2,0.15,30,63.14,1624,1435,73,1362,666,338,164,0,194,0,0,189,12,1636,860,502,1636,967684.48,10249.98,129,245,239,155,123,471,0,0,666,338,358,0
211400,20,-0.1,-0.02,-0.6,-0.45,2,0.1,0.2,0.15,30,59.79,1622,1433,85,1348,0,345,197,0,806,0,0,189,14,1636,806,542,1636,1101635.77,11158.01,35,97,62,59,42,1053,0,0,0,345,1003,0
211401,20,-0.1,-0.02,-0.6,-0.45,2,0.1,0.2,0.15,30,75.29,1624,1435,79,1356,735,0,335,0,286,0,0,189,12,1636,1021,335,1636,1593949.6,13842.03,94,151,191,108,105,707,0,0,735,0,621,0
211402,20,-0.1,-0.02,-0.6,-0.45,2,0.1,0.2,0.15,40,62.33,1624,1435,73,1362,718,410,82,21,64,67,0,189,12,1636,849,513,1636,952749.66,10411.11,129,245,239,155,123,113,80,278,718,410,146,88
211403,20,-0.1,-0.02,-0.6,-0.45,2,0.1,0.2,0.15,40,57.28,1620,1431,85,1346,0,436,113,26,207,564,0,189,16,1636,771,575,1636,1125504.92,11962.49,35,97,62,59,42,50,65,936,0,436,320,590
211404,20,-0.1,-0.02,-0.6,-0.45,2,0.1,0.2,0.15,40,75.5,1623,1434,79,1355,814,0,266,66,78,131,0,189,13,1636,1023,332,1636,1672637.53,14511.16,94,151,191,108,105,86,49,571,814,0,344,197
211405,20,-0.1,-0.02,-0.6,-0.45,2,0.1,0.2,0.15,50,61.2,1624,1435,74,1361,719,429,0,99,0,114,0,189,12,1636,833,528,1636,912956.65,10148.35,129,245,239,155,123,113,80,277,719,429,0,213
211406,20,-0.1,-0.02,-0.6,-0.45,2,0.1,0.2,0.15,50,55.76,1620,1431,86,1345,0,460,0,135,0,750,0,189,16,1636,750,595,1636,1064675.96,11518.35,35,97,62,59,42,50,65,935,0,460,0,885
211407,20,-0.1,-0.02,-0.6,-0.45,2,0.1,0.2,0.15,50,74.45,1623,1434,80,1354,816,0,0,346,0,192,0,189,13,1636,1008,346,1636,1561996.7,13872.44,94,151,191,108,105,86,49,570,816,0,0,538
211408,20,-0.1,-0.02,-0.6,-0.45,2,0.1,0.2,0.15,60,61.2,1624,1435,74,1361,719,429,0,99,0,114,0,189,12,1636,833,528,1636,912956.65,10148.35,129,245,239,155,123,113,80,277,719,429,0,213
211409,20,-0.1,-0.02,-0.6,-0.45,2,0.1,0.2,0.15,60,55.76,1620,1431,86,1345,0,460,0,135,0,750,0,189,16,1636,750,595,1636,1064675.96,11518.35,35,97,62,59,42,50,65,935,0,460,0,885
211410,20,-0.1,-0.02,-0.6,-0.45,2,0.1,0.2,0.15,60,74.45,1623,1434,80,1354,816,0,0,346,0,192,0,189,13,1636,1008,346,1636,1561996.7,13872.44,94,151,191,108,105,86,49,570,816,0,0,538
211411,20,-0.1,-0.02,-0.6,-0.45,2,0.2,0.1,0.15,20,68.14,1624,1435,29,1406,860,242,206,0,98,0,0,189,12,1636,958,448,1636,407660.14,4214.06,469,299,208,430,0,0,0,0,860,242,304,0
211412,20,-0.1,-0.02,-0.6,-0.45,2,0.2,0.1,0.15,20,61.98,1624,1435,49,1386,0,253,274,0,859,0,0,189,12,1636,859,527,1636,876051.25,9023.09,35,97,62,1192,0,0,0,0,0,253,1133,0
211413,20,-0.1,-0.02,-0.6,-0.45,2,0.2,0.1,0.15,20,72.4,1624,1435,29,1406,900,0,388,0,118,0,0,189,12,1636,1018,388,1636,561378.25,5781.99,435,212,161,598,0,0,0,0,900,0,506,0
211414,20,-0.1,-0.02,-0.6,-0.45,2,0.2,0.1,0.15,30,70.63,1624,1435,46,1389,944,305,103,0,37,0,0,189,12,1636,981,408,1636,415034.46,4294.62,469,299,208,126,80,207,0,0,944,305,140,0
211415,20,-0.1,-0.02,-0.6,-0.45,2,0.2,0.1,0.15,30,57.94,1622,1433,85,1348,0,345,222,0,781,0,0,189,14,1636,781,567,1636,800744.39,8236.68,35,97,62,59,42,1053,0,0,0,345,1003,0
211416,20,-0.1,-0.02,-0.6,-0.45,2,0.2,0.1,0.15,30,78.89,1624,1435,52,1383,1028,0,292,0,63,0,0,189,12,1636,1091,292,1636,690518.63,7104.15,435,212,161,92,73,410,0,0,1028,0,355,0
211417,20,-0.1,-0.02,-0.6,-0.45,2,0.2,0.1,0.15,40,71.35,1624,1435,46,1389,973,343,41,14,10,8,0,189,12,1636,991,398,1636,415400.51,4303.7,469,299,208,126,80,67,45,95,973,343,51,22
211418,20,-0.1,-0.02,-0.6,-0.45,2,0.2,0.1,0.15,40,55.05,1620,1431,85,1346,0,436,132,37,188,553,0,189,16,1636,741,605,1636,842982.75,8695.3,35,97,62,59,42,50,65,936,0,436,320,590
211419,20,-0.1,-0.02,-0.6,-0.45,2,0.2,0.1,0.15,40,81.26,1623,1434,52,1382,1084,0,187,72,12,27,0,189,13,1636,1123,259,1636,723845.24,7436.11,435,212,161,92,73,55,33,321,1084,0,199,99
211420,20,-0.1,-0.02,-0.6,-0.45,2,0.2,0.1,0.15,50,70.99,1624,1435,46,1389,973,350,0,53,0,13,0,189,12,1636,986,403,1636,407158.8,4218.96,469,299,208,126,80,67,45,95,973,350,0,66
211421,20,-0.1,-0.02,-0.6,-0.45,2,0.2,0.1,0.15,50,53.98,1620,1431,86,1345,0,460,0,159,0,726,0,189,16,1636,726,619,1636,801453.47,8261.04,35,97,62,59,42,50,65,935,0,460,0,885
211422,20,-0.1,-0.02,-0.6,-0.45,2,0.2,0.1,0.15,50,80.9,1623,1434,52,1382,1085,0,0,264,0,33,0,189,13,1636,1118,264,1636,694414.66,7124.19,435,212,161,92,73,55,33,321,1085,0,0,297
211423,20,-0.1,-0.02,-0.6,-0.45,2,0.2,0.1,0.15,60,70.99,1624,1435,46,1389,973,350,0,53,0,13,0,189,12,1636,986,403,1636,407158.8,4218.96,469,299,208,126,80,67,45,95,973,350,0,66
211424,20,-0.1,-0.02,-0.6,-0.45,2,0.2,0.1,0.15,60,53.98,1620,1431,86,1345,0,460,0,159,0,726,0,189,16,1636,726,619,1636,801453.47,8261.04,35,97,62,59,42,50,65,935,0,460,0,885
211425,20,-0.1,-0.02,-0.6,-0.45,2,0.2,0.1,0.15,60,80.9,1623,1434,52,1382,1085,0,0,264,0,33,0,189,13,1636,1118,264,1636,694414.66,7124.19,435,212,161,92,73,55,33,321,1085,0,0,297
211426,20,-0.1,-0.02,-0.6,-0.45,2,0.2,0.2,0.15,20,62.88,1624,1435,45,1390,491,253,263,0,383,0,0,189,12,1636,874,516,1636,728928.95,7522.43,127,236,225,802,0,0,0,0,491,253,646,0
211427,20,-0.1,-0.02,-0.6,-0.45,2,0.2,0.2,0.15,20,61.98,1624,1435,49,1386,0,253,274,0,859,0,0,189,12,1636,859,527,1636,876051.25,9023.09,35,97,62,1192,0,0,0,0,0,253,1133,0
211428,20,-0.1,-0.02,-0.6,-0.45,2,0.2,0.2,0.15,20,67.27,1624,1435,45,1390,504,0,455,0,431,0,0,189,12,1636,935,455,1636,900926.84,9274.44,92,141,168,989,0,0,0,0,504,0,886,0
211429,20,-0.1,-0.02,-0.6,-0.45,2,0.2,0.2,0.15,30,61.45,1624,1435,73,1362,631,339,186,0,206,0,0,189,12,1636,837,525,1636,755395.44,7789.84,127,236,225,156,113,505,0,0,631,339,392,0
211430,20,-0.1,-0.02,-0.6,-0.45,2,0.2,0.2,0.15,30,57.94,1622,1433,85,1348,0,345,222,0,781,0,0,189,14,1636,781,567,1636,800744.39,8236.68,35,97,62,59,42,1053,0,0,0,345,1003,0
211431,20,-0.1,-0.02,-0.6,-0.45,2,0.2,0.2,0.15,30,70.06,1624,1435,79,1356,670,0,406,0,280,0,0,189,12,1636,950,406,1636,1076689.33,11065.85,92,141,168,103,89,763,0,0,670,0,686,0
211432,20,-0.1,-0.02,-0.6,-0.45,2,0.2,0.2,0.15,40,60.13,1624,1435,73,1362,680,413,99,31,56,83,0,189,12,1636,819,543,1636,739606.56,7641.79,127,236,225,156,113,113,79,313,680,413,155,114
211433,20,-0.1,-0.02,-0.6,-0.45,2,0.2,0.2,0.15,40,55.05,1620,1431,85,1346,0,436,132,37,188,553,0,189,16,1636,741,605,1636,842982.75,8695.3,35,97,62,59,42,50,65,936,0,436,320,590
211434,20,-0.1,-0.02,-0.6,-0.45,2,0.2,0.2,0.15,40,70.18,1623,1434,79,1355,735,0,300,104,63,153,0,189,13,1636,951,404,1636,1108078.19,11390.53,92,141,168,103,89,77,45,640,735,0,363,257
211435,20,-0.1,-0.02,-0.6,-0.45,2,0.2,0.2,0.15,50,59.29,1624,1435,74,1361,681,432,0,122,0,126,0,189,12,1636,807,554,1636,714037.23,7376.13,127,236,225,156,113,113,79,312,681,432,0,248
211436,20,-0.1,-0.02,-0.6,-0.45,2,0.2,0.2,0.15,50,53.98,1620,1431,86,1345,0,460,0,159,0,726,0,189,16,1636,726,619,1636,801453.47,8261.04,35,97,62,59,42,50,65,935,0,460,0,885
211437,20,-0.1,-0.02,-0.6,-0.45,2,0.2,0.2,0.15,50,69.28,1623,1434,80,1354,736,0,0,416,0,202,0,189,13,1636,938,416,1636,1044725.87,10724.41,92,141,168,103,89,77,45,639,736,0,0,618
211438,20,-0.1,-0.02,-0.6,-0.45,2,0.2,0.2,0.15,60,59.29,1624,1435,74,1361,681,432,0,122,0,126,0,189,12,1636,807,554,1636,714037.23,7376.13,127,236,225,156,113,113,79,312,681,432,0,248
211439,20,-0.1,-0.02,-0.6,-0.45,2,0.2,0.2,0.15,60,53.98,1620,1431,86,1345,0,460,0,159,0,726,0,189,16,1636,726,619,1636,801453.47,8261.04,35,97,62,59,42,50,65,935,0,460,0,885
211440,20,-0.1,-0.02,-0.6,-0.45,2,0.2,0.2,0.15,60,69.28,1623,1434,80,1354,736,0,0,416,0,202,0,189,13,1636,938,416,1636,1044725.87,10724.41,92,141,168,103,89,77,45,639,736,0,0,618
211441,20,-0.1,-0.02,-0.6,-0.4,1,0.1,0.1,0.15,20,67.77,2461,2218,49,2169,1284,350,349,0,186,0,0,243,16,2477,1470,699,2477,616735.85,6343.76,675,440,315,739,0,0,0,0,1284,350,535,0
211442,20,-0.1,-0.02,-0.6,-0.4,1,0.1,0.1,0.15,20,62.09,2461,2218,76,2142,0,366,446,0,1330,0,0,243,16,2477,1330,812,2477,1199969.87,12365.5,50,139,93,1860,0,0,0,0,0,366,1776,0
211443,20,-0.1,-0.02,-0.6,-0.4,1,0.1,0.1,0.15,20,71.75,2458,2215,49,2166,1341,0,612,0,213,0,0,243,19,2477,1554,612,2477,846727.47,8699.86,626,312,245,983,0,0,0,0,1341,0,825,0
211444,20,-0.1,-0.02,-0.6,-0.4,1,0.1,0.1,0.15,30,69.78,2461,2218,74,2144,1426,459,189,0,70,0,0,243,16,2477,1496,648,2477,616839.65,6357.31,675,440,315,204,138,372,0,0,1426,459,259,0
211445,20,-0.1,-0.02,-0.6,-0.4,1,0.1,0.1,0.15,30,56.95,2458,2215,136,2079,0,517,378,0,1184,0,0,243,19,2477,1184,895,2477,1081305.4,11145.28,50,139,93,84,74,1639,0,0,0,517,1562,0
211446,20,-0.1,-0.02,-0.6,-0.4,1,0.1,0.1,0.15,30,77.52,2458,2215,80,2135,1544,0,480,0,111,0,0,243,19,2477,1655,480,2477,1018754.55,10470.92,626,312,245,158,115,679,0,0,1544,0,591,0
211447,20,-0.1,-0.02,-0.6,-0.4,1,0.1,0.1,0.15,40,70.28,2461,2218,75,2143,1470,524,87,26,23,13,0,243,16,2477,1506,637,2477,605849.75,6251.36,675,440,315,204,138,113,68,190,1470,524,110,39
211448,20,-0.1,-0.02,-0.6,-0.4,1,0.1,0.1,0.15,40,53.64,2456,2213,138,2075,0,653,245,64,285,828,0,243,21,2477,1113,962,2477,1104806.67,11409.25,50,139,93,84,74,77,93,1465,0,653,530,892
211449,20,-0.1,-0.02,-0.6,-0.4,1,0.1,0.1,0.15,40,79.61,2457,2214,81,2133,1627,0,308,127,27,44,0,243,20,2477,1698,435,2477,1062338.29,10910.12,626,312,245,158,115,88,48,541,1627,0,335,171
211450,20,-0.1,-0.02,-0.6,-0.4,1,0.1,0.1,0.15,50,69.9,2461,2218,75,2143,1473,537,0,108,0,25,0,243,16,2477,1498,645,2477,591049.77,6099.03,675,440,315,204,138,113,68,190,1473,537,0,133
211451,20,-0.1,-0.02,-0.6,-0.4,1,0.1,0.1,0.15,50,52.22,2456,2213,139,2074,0,689,0,302,0,1083,0,243,21,2477,1083,991,2477,1037900.13,10707.84,50,139,93,84,74,77,93,1464,0,689,0,1385
211452,20,-0.1,-0.02,-0.6,-0.4,1,0.1,0.1,0.15,50,79.18,2457,2214,81,2133,1631,0,0,444,0,58,0,243,20,2477,1689,444,2477,1017255.79,10438.6,626,312,245,158,115,88,48,541,1631,0,0,502
211453,20,-0.1,-0.02,-0.6,-0.4,1,0.1,0.1,0.15,60,69.9,2461,2218,75,2143,1473,537,0,108,0,25,0,243,16,2477,1498,645,2477,591049.77,6099.03,675,440,315,204,138,113,68,190,1473,537,0,133
211454,20,-0.1,-0.02,-0.6,-0.4,1,0.1,0.1,0.15,60,52.22,2456,2213,139,2074,0,689,0,302,0,1083,0,243,21,2477,1083,991,2477,1037900.13,10707.84,50,139,93,84,74,77,93,1464,0,689,0,1385
211455,20,-0.1,-0.02,-0.6,-0.4,1,0.1,0.1,0.15,60,79.18,2457,2214,81,2133,1631,0,0,444,0,58,0,243,20,2477,1689,444,2477,1017255.79,10438.6,626,312,245,158,115,88,48,541,1631,0,0,502
211456,20,-0.1,-0.02,-0.6,-0.4,1,0.1,0.2,0.15,20,62.79,2461,2218,71,2147,675,365,434,0,673,0,0,243,16,2477,1348,799,2477,1043937.21,10759.14,171,347,310,1319,0,0,0,0,675,365,1107,0
211457,20,-0.1,-0.02,-0.6,-0.4,1,0.1,0.2,0.15,20,62.09,2461,2218,76,2142,0,366,446,0,1330,0,0,243,16,2477,1330,812,2477,1199969.87,12365.5,50,139,93,1860,0,0,0,0,0,366,1776,0
211458,20,-0.1,-0.02,-0.6,-0.4,1,0.1,0.2,0.15,20,66.88,2458,2215,71,2144,694,0,710,0,740,0,0,243,19,2477,1434,710,2477,1299562.45,13377.11,121,211,223,1589,0,0,0,0,694,0,1450,0
211459,20,-0.1,-0.02,-0.6,-0.4,1,0.1,0.2,0.15,30,60.01,2461,2218,120,2098,892,509,330,0,367,0,0,243,16,2477,1259,839,2477,1033427.35,10665.02,171,347,310,212,188,870,0,0,892,509,697,0
211460,20,-0.1,-0.02,-0.6,-0.4,1,0.1,0.2,0.15,30,56.95,2458,2215,136,2079,0,517,378,0,1184,0,0,243,19,2477,1184,895,2477,1081305.4,11145.28,50,139,93,84,74,1639,0,0,0,517,1562,0
211461,20,-0.1,-0.02,-0.6,-0.4,1,0.1,0.2,0.15,30,68.07,2458,2215,126,2089,948,0,667,0,474,0,0,243,19,2477,1422,667,2477,1501250.08,15451.33,121,211,223,139,139,1256,0,0,948,0,1141,0
211462,20,-0.1,-0.02,-0.6,-0.4,1,0.1,0.2,0.15,40,58.35,2461,2218,122,2096,977,622,196,55,100,146,0,243,16,2477,1223,873,2477,1011523.03,10453.46,171,347,310,212,188,173,129,566,977,622,296,201
211463,20,-0.1,-0.02,-0.6,-0.4,1,0.1,0.2,0.15,40,53.64,2456,2213,138,2075,0,653,245,64,285,828,0,243,21,2477,1113,962,2477,1104806.67,11409.25,50,139,93,84,74,77,93,1465,0,653,530,892
211464,20,-0.1,-0.02,-0.6,-0.4,1,0.1,0.2,0.15,40,67.88,2457,2214,128,2086,1058,0,492,178,110,248,0,243,20,2477,1416,670,2477,1557365.22,16029.1,121,211,223,139,139,115,79,1059,1058,0,602,426
211465,20,-0.1,-0.02,-0.6,-0.4,1,0.1,0.2,0.15,50,57.42,2461,2218,123,2095,978,652,0,240,0,225,0,243,16,2477,1203,892,2477,973490.62,10058.23,171,347,310,212,188,173,129,565,978,652,0,465
211466,20,-0.1,-0.02,-0.6,-0.4,1,0.1,0.2,0.15,50,52.22,2456,2213,139,2074,0,689,0,302,0,1083,0,243,21,2477,1083,991,2477,1037900.13,10707.84,50,139,93,84,74,77,93,1464,0,689,0,1385
211467,20,-0.1,-0.02,-0.6,-0.4,1,0.1,0.2,0.15,50,66.81,2457,2214,129,2085,1059,0,0,692,0,334,0,243,20,2477,1393,692,2477,1464442.5,15060.49,121,211,223,139,139,115,79,1058,1059,0,0,1026
211468,20,-0.1,-0.02,-0.6,-0.4,1,0.1,0.2,0.15,60,57.42,2461,2218,123,2095,978,652,0,240,0,225,0,243,16,2477,1203,892,2477,973490.62,10058.23,171,347,310,212,188,173,129,565,978,652,0,465
211469,20,-0.1,-0.02,-0.6,-0.4,1,0.1,0.2,0.15,60,52.22,2456,2213,139,2074,0,689,0,302,0,1083,0,243,21,2477,1083,991,2477,1037900.13,10707.84,50,139,93,84,74,77,93,1464,0,689,0,1385
211470,20,-0.1,-0.02,-0.6,-0.4,1,0.1,0.2,0.15,60,66.81,2457,2214,129,2085,1059,0,0,692,0,334,0,243,20,2477,1393,692,2477,1464442.5,15060.49,121,211,223,139,139,115,79,1058,1059,0,0,1026
211471,20,-0.1,-0.02,-0.6,-0.4,1,0.2,0.1,0.15,20,67.77,2461,2218,49,2169,1284,350,349,0,186,0,0,243,16,2477,1470,699,2477,616735.85,6343.76,675,440,315,739,0,0,0,0,1284,350,535,0
211472,20,-0.1,-0.02,-0.6,-0.4,1,0.2,0.1,0.15,20,62.09,2461,2218,76,2142,0,366,446,0,1330,0,0,243,16,2477,1330,812,2477,1199969.87,12365.5,50,139,93,1860,0,0,0,0,0,366,1776,0
211473,20,-0.1,-0.02,-0.6,-0.4,1,0.2,0.1,0.15,20,71.75,2458,2215,49,2166,1341,0,612,0,213,0,0,243,19,2477,1554,612,2477,846727.47,8699.86,626,312,245,983,0,0,0,0,1341,0,825,0
211474,20,-0.1,-0.02,-0.6,-0.4,1,0.2,0.1,0.15,30,69.78,2461,2218,74,2144,1426,459,189,0,70,0,0,243,16,2477,1496,648,2477,616839.65,6357.31,675,440,315,204,138,372,0,0,1426,459,259,0
211475,20,-0.1,-0.02,-0.6,-0.4,1,0.2,0.1,0.15,30,56.95,2458,2215,136,2079,0,517,378,0,1184,0,0,243,19,2477,1184,895,2477,1081305.4,11145.28,50,139,93,84,74,1639,0,0,0,517,1562,0
211476,20,-0.1,-0.02,-0.6,-0.4,1,0.2,0.1,0.15,30,77.52,2458,2215,80,2135,1544,0,480,0,111,0,0,243,19,2477,1655,480,2477,1018754.55,10470.92,626,312,245,158,115,679,0,0,1544,0,591,0
211477,20,-0.1,-0.02,-0.6,-0.4,1,0.2,0.1,0.15,40,70.28,2461,2218,75,2143,1470,524,87,26,23,13,0,243,16,2477,1506,637,2477,605849.75,6251.36,675,440,315,204,138,113,68,190,1470,524,110,39
211478,20,-0.1,-0.02,-0.6,-0.4,1,0.2,0.1,0.15,40,53.64,2456,2213,138,2075,0,653,245,64,285,828,0,243,21,2477,1113,962,2477,1104806.67,11409.25,50,139,93,84,74,77,93,1465,0,653,530,892
211479,20,-0.1,-0.02,-0.6,-0.4,1,0.2,0.1,0.15,40,79.61,2457,2214,81,2133,1627,0,308,127,27,44,0,243,20,2477,1698,435,2477,1062338.29,10910.12,626,312,245,158,115,88,48,541,1627,0,335,171
211480,20,-0.1,-0.02,-0.6,-0.4,1,0.2,0.1,0.15,50,69.9,2461,2218,75,2143,1473,537,0,108,0,25,0,243,16,2477,1498,645,2477,591049.77,6099.03,675,440,315,204,138,113,68,190,1473,537,0,133
211481,20,-0.1,-0.02,-0.6,-0.4,1,0.2,0.1,0.15,50,52.22,2456,2213,139,2074,0,689,0,302,0,1083,0,243,21,2477,1083,991,2477,1037900.13,10707.84,50,139,93,84,74,77,93,1464,0,689,0,1385
211482,20,-0.1,-0.02,-0.6,-0.4,1,0.2,0.1,0.15,50,79.18,2457,2214,81,2133,1631,0,0,444,0,58,0,243,20,2477,1689,444,2477,1017255.79,10438.6,626,312,245,158,115,88,48,541,1631,0,0,502
211483,20,-0.1,-0.02,-0.6,-0.4,1,0.2,0.1,0.15,60,69.9,2461,2218,75,2143,1473,537,0,108,0,25,0,243,16,2477,1498,645,2477,591049.77,6099.03,675,440,315,204,138,113,68,190,1473,537,0,133
211484,20,-0.1,-0.02,-0.6,-0.4,1,0.2,0.1,0.15,60,52.22,2456,2213,139,2074,0,689,0,302,0,1083,0,243,21,2477,1083,991,2477,1037900.13,10707.84,50,139,93,84,74,77,93,1464,0,689,0,1385
211485,20,-0.1,-0.02,-0.6,-0.4,1,0.2,0.1,0.15,60,79.18,2457,2214,81,2133,1631,0,0,444,0,58,0,243,20,2477,1689,444,2477,1017255.79,10438.6,626,312,245,158,115,88,48,541,1631,0,0,502
211486,20,-0.1,-0.02,-0.6,-0.4,1,0.2,0.2,0.15,20,62.79,2461,2218,71,2147,675,365,434,0,673,0,0,243,16,2477,1348,799,2477,1043937.21,10759.14,171,347,310,1319,0,0,0,0,675,365,1107,0
211487,20,-0.1,-0.02,-0.6,-0.4,1,0.2,0.2,0.15,20,62.09,2461,2218,76,2142,0,366,446,0,1330,0,0,243,16,2477,1330,812,2477,1199969.87,12365.5,50,139,93,1860,0,0,0,0,0,366,1776,0
211488,20,-0.1,-0.02,-0.6,-0.4,1,0.2,0.2,0.15,20,66.88,2458,2215,71,2144,694,0,710,0,740,0,0,243,19,2477,1434,710,2477,1299562.45,13377.11,121,211,223,1589,0,0,0,0,694,0,1450,0
211489,20,-0.1,-0.02,-0.6,-0.4,1,0.2,0.2,0.15,30,60.01,2461,2218,120,2098,892,509,330,0,367,0,0,243,16,2477,1259,839,2477,1033427.35,10665.02,171,347,310,212,188,870,0,0,892,509,697,0
211490,20,-0.1,-0.02,-0.6,-0.4,1,0.2,0.2,0.15,30,56.95,2458,2215,136,2079,0,517,378,0,1184,0,0,243,19,2477,1184,895,2477,1081305.4,11145.28,50,139,93,84,74,1639,0,0,0,517,1562,0
211491,20,-0.1,-0.02,-0.6,-0.4,1,0.2,0.2,0.15,30,68.07,2458,2215,126,2089,948,0,667,0,474,0,0,243,19,2477,1422,667,2477,1501250.08,15451.33,121,211,223,139,139,1256,0,0,948,0,1141,0
211492,20,-0.1,-0.02,-0.6,-0.4,1,0.2,0.2,0.15,40,58.35,2461,2218,122,2096,977,622,196,55,100,146,0,243,16,2477,1223,873,2477,1011523.03,10453.46,171,347,310,212,188,173,129,566,977,622,296,201
211493,20,-0.1,-0.02,-0.6,-0.4,1,0.2,0.2,0.15,40,53.64,2456,2213,138,2075,0,653,245,64,285,828,0,243,21,2477,1113,962,2477,1104806.67,11409.25,50,139,93,84,74,77,93,1465,0,653,530,892
211494,20,-0.1,-0.02,-0.6,-0.4,1,0.2,0.2,0.15,40,67.88,2457,2214,128,2086,1058,0,492,178,110,248,0,243,20,2477,1416,670,2477,1557365.22,16029.1,121,211,223,139,139,115,79,1059,1058,0,602,426
211495,20,-0.1,-0.02,-0.6,-0.4,1,0.2,0.2,0.15,50,57.42,2461,2218,123,2095,978,652,0,240,0,225,0,243,16,2477,1203,892,2477,973490.62,10058.23,171,347,310,212,188,173,129,565,978,652,0,465
211496,20,-0.1,-0.02,-0.6,-0.4,1,0.2,0.2,0.15,50,52.22,2456,2213,139,2074,0,689,0,302,0,1083,0,243,21,2477,1083,991,2477,1037900.13,10707.84,50,139,93,84,74,77,93,1464,0,689,0,1385
211497,20,-0.1,-0.02,-0.6,-0.4,1,0.2,0.2,0.15,50,66.81,2457,2214,129,2085,1059,0,0,692,0,334,0,243,20,2477,1393,692,2477,1464442.5,15060.49,121,211,223,139,139,115,79,1058,1059,0,0,1026
211498,20,-0.1,-0.02,-0.6,-0.4,1,0.2,0.2,0.15,60,57.42,2461,2218,123,2095,978,652,0,240,0,225,0,243,16,2477,1203,892,2477,973490.62,10058.23,171,347,310,212,188,173,129,565,978,652,0,465
211499,20,-0.1,-0.02,-0.6,-0.4,1,0.2,0.2,0.15,60,52.22,2456,2213,139,2074,0,689,0,302,0,1083,0,243,21,2477,1083,991,2477,1037900.13,10707.84,50,139,93,84,74,77,93,1464,0,689,0,1385
211500,20,-0.1,-0.02,-0.6,-0.4,1,0.2,0.2,0.15,60,66.81,2457,2214,129,2085,1059,0,0,692,0,334,0,243,20,2477,1393,692,2477,1464442.5,15060.49,121,211,223,139,139,115,79,1058,1059,0,0,1026
211501,20,-0.1,-0.02,-0.6,-0.4,2,0.1,0.1,0.15,20,70.97,2461,2218,48,2170,1360,346,284,0,180,0,0,243,16,2477,1540,630,2477,804028.27,9211.66,698,461,342,669,0,0,0,0,1360,346,464,0
211502,20,-0.1,-0.02,-0.6,-0.4,2,0.1,0.1,0.15,20,65.69,2461,2218,76,2142,0,366,369,0,1407,0,0,243,16,2477,1407,735,2477,1613412.87,16146.7,50,139,93,1860,0,0,0,0,0,366,1776,0
211503,20,-0.1,-0.02,-0.6,-0.4,2,0.1,0.1,0.15,20,77.2,2458,2215,48,2167,1444,0,494,0,229,0,0,243,19,2477,1673,494,2477,1201858.58,11649.19,652,339,284,892,0,0,0,0,1444,0,723,0
211504,20,-0.1,-0.02,-0.6,-0.4,2,0.1,0.1,0.15,30,72.21,2461,2218,70,2148,1486,446,151,0,65,0,0,243,16,2477,1551,597,2477,786427.34,9500.15,698,461,342,205,128,314,0,0,1486,446,216,0
211505,20,-0.1,-0.02,-0.6,-0.4,2,0.1,0.1,0.15,30,58.97,2458,2215,136,2079,0,517,336,0,1226,0,0,243,19,2477,1226,853,2477,1553024.9,15742.47,50,139,93,84,74,1639,0,0,0,517,1562,0
211506,20,-0.1,-0.02,-0.6,-0.4,2,0.1,0.1,0.15,30,82.75,2458,2215,76,2139,1662,0,369,0,108,0,0,243,19,2477,1770,369,2477,1481926.77,13502.09,652,339,284,169,133,562,0,0,1662,0,477,0
211507,20,-0.1,-0.02,-0.6,-0.4,2,0.1,0.1,0.15,40,72.94,2461,2218,71,2147,1524,502,66,13,30,12,0,243,16,2477,1566,581,2477,765357.94,9555.4,698,461,342,205,128,98,55,160,1524,502,96,25
211508,20,-0.1,-0.02,-0.6,-0.4,2,0.1,0.1,0.15,40,56.58,2456,2213,138,2075,0,653,205,43,325,849,0,243,21,2477,1174,901,2477,1553394.34,16574.4,50,139,93,84,74,77,93,1465,0,653,530,892
211509,20,-0.1,-0.02,-0.6,-0.4,2,0.1,0.1,0.15,40,84.98,2457,2214,77,2137,1740,0,248,73,38,38,0,243,20,2477,1816,321,2477,1574139.49,14134.62,652,339,284,169,133,85,43,432,1740,0,286,111
211510,20,-0.1,-0.02,-0.6,-0.4,2,0.1,0.1,0.15,50,72.38,2461,2218,71,2147,1527,514,0,79,0,27,0,243,16,2477,1554,593,2477,745201.88,9436.54,698,461,342,205,128,98,55,160,1527,514,0,106
211511,20,-0.1,-0.02,-0.6,-0.4,2,0.1,0.1,0.15,50,54.53,2456,2213,139,2074,0,689,0,254,0,1131,0,243,21,2477,1131,943,2477,1455149.43,15877.04,50,139,93,84,74,77,93,1464,0,689,0,1385
211512,20,-0.1,-0.02,-0.6,-0.4,2,0.1,0.1,0.15,50,84.7,2457,2214,77,2137,1743,0,0,327,0,67,0,243,20,2477,1810,327,2477,1502114.65,13753.78,652,339,284,169,133,85,43,432,1743,0,0,394
211513,20,-0.1,-0.02,-0.6,-0.4,2,0.1,0.1,0.15,60,72.38,2461,2218,71,2147,1527,514,0,79,0,27,0,243,16,2477,1554,593,2477,745201.88,9436.54,698,461,342,205,128,98,55,160,1527,514,0,106
211514,20,-0.1,-0.02,-0.6,-0.4,2,0.1,0.1,0.15,60,54.53,2456,2213,139,2074,0,689,0,254,0,1131,0,243,21,2477,1131,943,2477,1455149.43,15877.04,50,139,93,84,74,77,93,1464,0,689,0,1385
211515,20,-0.1,-0.02,-0.6,-0.4,2,0.1,0.1,0.15,60,84.7,2457,2214,77,2137,1743,0,0,327,0,67,0,243,20,2477,1810,327,2477,1502114.65,13753.78,652,339,284,169,133,85,43,432,1743,0,0,394
211516,20,-0.1,-0.02,-0.6,-0.4,2,0.1,0.2,0.15,20,66.42,2461,2218,71,2147,728,364,357,0,698,0,0,243,16,2477,1426,721,2477,1392204.5,14284.45,174,357,334,1282,0,0,0,0,728,364,1055,0
211517,20,-0.1,-0.02,-0.6,-0.4,2,0.1,0.2,0.15,20,65.69,2461,2218,76,2142,0,366,369,0,1407,0,0,243,16,2477,1407,735,2477,1613412.87,16146.7,50,139,93,1860,0,0,0,0,0,366,1776,0
211518,20,-0.1,-0.02,-0.6,-0.4,2,0.1,0.2,0.15,20,72.85,2458,2215,71,2144,769,0,582,0,793,0,0,243,19,2477,1562,582,2477,1885157.78,17235.65,124,222,257,1541,0,0,0,0,769,0,1375,0
211519,20,-0.1,-0.02,-0.6,-0.4,2,0.1,0.2,0.15,30,62.11,2461,2218,120,2098,958,506,289,0,345,0,0,243,16,2477,1303,795,2477,1415886.72,14805.83,174,357,334,227,200,806,0,0,958,506,634,0
211520,20,-0.1,-0.02,-0.6,-0.4,2,0.1,0.2,0.15,30,58.97,2458,2215,136,2079,0,517,336,0,1226,0,0,243,19,2477,1226,853,2477,1553024.9,15742.47,50,139,93,84,74,1639,0,0,0,517,1562,0
211521,20,-0.1,-0.02,-0.6,-0.4,2,0.1,0.2,0.15,30,73.48,2458,2215,126,2089,1056,0,554,0,479,0,0,243,19,2477,1535,554,2477,2333025.47,20009.54,124,222,257,166,158,1162,0,0,1056,0,1033,0
211522,20,-0.1,-0.02,-0.6,-0.4,2,0.1,0.2,0.15,40,61.35,2461,2218,122,2096,1044,615,159,36,119,123,0,243,16,2477,1286,810,2477,1393077.59,15051.95,174,357,334,227,200,172,124,508,1044,615,278,159
211523,20,-0.1,-0.02,-0.6,-0.4,2,0.1,0.2,0.15,40,56.58,2456,2213,138,2075,0,653,205,43,325,849,0,243,21,2477,1174,901,2477,1553394.34,16574.4,50,139,93,84,74,77,93,1465,0,653,530,892
211524,20,-0.1,-0.02,-0.6,-0.4,2,0.1,0.2,0.15,40,73.92,2457,2214,128,2086,1179,0,427,117,142,221,0,243,20,2477,1542,544,2477,2457603.66,21067.77,124,222,257,166,158,129,79,951,1179,0,569,338
211525,20,-0.1,-0.02,-0.6,-0.4,2,0.1,0.2,0.15,50,60.05,2461,2218,123,2095,1045,645,0,192,0,213,0,243,16,2477,1258,837,2477,1338154.19,14698.24,174,357,334,227,200,172,124,507,1045,645,0,405
211526,20,-0.1,-0.02,-0.6,-0.4,2,0.1,0.2,0.15,50,54.53,2456,2213,139,2074,0,689,0,254,0,1131,0,243,21,2477,1131,943,2477,1455149.43,15877.04,50,139,93,84,74,77,93,1464,0,689,0,1385
211527,20,-0.1,-0.02,-0.6,-0.4,2,0.1,0.2,0.15,50,72.85,2457,2214,129,2085,1181,0,0,566,0,338,0,243,20,2477,1519,566,2477,2298247.48,20169.98,124,222,257,166,158,129,79,950,1181,0,0,904
211528,20,-0.1,-0.02,-0.6,-0.4,2,0.1,0.2,0.15,60,60.05,2461,2218,123,2095,1045,645,0,192,0,213,0,243,16,2477,1258,837,2477,1338154.19,14698.24,174,357,334,227,200,172,124,507,1045,645,0,405
211529,20,-0.1,-0.02,-0.6,-0.4,2,0.1,0.2,0.15,60,54.53,2456,2213,139,2074,0,689,0,254,0,1131,0,243,21,2477,1131,943,2477,1455149.43,15877.04,50,139,93,84,74,77,93,1464,0,689,0,1385
211530,20,-0.1,-0.02,-0.6,-0.4,2,0.1,0.2,0.15,60,72.85,2457,2214,129,2085,1181,0,0,566,0,338,0,243,20,2477,1519,566,2477,2298247.48,20169.98,124,222,257,166,158,129,79,950,1181,0,0,904
211531,20,-0.1,-0.02,-0.6,-0.4,2,0.2,0.1,0.15,20,67.77,2461,2218,49,2169,1284,350,349,0,186,0,0,243,16,2477,1470,699,2477,616735.85,6343.76,675,440,315,739,0,0,0,0,1284,350,535,0
211532,20,-0.1,-0.02,-0.6,-0.4,2,0.2,0.1,0.15,20,62.09,2461,2218,76,2142,0,366,446,0,1330,0,0,243,16,2477,1330,812,2477,1199969.87,12365.5,50,139,93,1860,0,0,0,0,0,366,1776,0
211533,20,-0.1,-0.02,-0.6,-0.4,2,0.2,0.1,0.15,20,71.75,2458,2215,49,2166,1341,0,612,0,213,0,0,243,19,2477,1554,612,2477,846727.47,8699.86,626,312,245,983,0,0,0,0,1341,0,825,0
211534,20,-0.1,-0.02,-0.6,-0.4,2,0.2,0.1,0.15,30,69.78,2461,2218,74,2144,1426,459,189,0,70,0,0,243,16,2477,1496,648,2477,616839.65,6357.31,675,440,315,204,138,372,0,0,1426,459,259,0
211535,20,-0.1,-0.02,-0.6,-0.4,2,0.2,0.1,0.15,30,56.95,2458,2215,136,2079,0,517,378,0,1184,0,0,243,19,2477,1184,895,2477,1081305.4,11145.28,50,139,93,84,74,1639,0,0,0,517,1562,0
211536,20,-0.1,-0.02,-0.6,-0.4,2,0.2,0.1,0.15,30,77.52,2458,2215,80,2135,1544,0,480,0,111,0,0,243,19,2477,1655,480,2477,1018754.55,10470.92,626,312,245,158,115,679,0,0,1544,0,591,0
211537,20,-0.1,-0.02,-0.6,-0.4,2,0.2,0.1,0.15,40,70.28,2461,2218,75,2143,1470,524,87,26,23,13,0,243,16,2477,1506,637,2477,605849.75,6251.36,675,440,315,204,138,113,68,190,1470,524,110,39
211538,20,-0.1,-0.02,-0.6,-0.4,2,0.2,0.1,0.15,40,53.64,2456,2213,138,2075,0,653,245,64,285,828,0,243,21,2477,1113,962,2477,1104806.67,11409.25,50,139,93,84,74,77,93,1465,0,653,530,892
211539,20,-0.1,-0.02,-0.6,-0.4,2,0.2,0.1,0.15,40,79.61,2457,2214,81,2133,1627,0,308,127,27,44,0,243,20,2477,1698,435,2477,1062338.29,10910.12,626,312,245,158,115,88,48,541,1627,0,335,171
211540,20,-0.1,-0.02,-0.6,-0.4,2,0.2,0.1,0.15,50,69.9,2461,2218,75,2143,1473,537,0,108,0,25,0,243,16,2477,1498,645,2477,591049.77,6099.03,675,440,315,204,138,113,68,190,1473,537,0,133
211541,20,-0.1,-0.02,-0.6,-0.4,2,0.2,0.1,0.15,50,52.22,2456,2213,139,2074,0,689,0,302,0,1083,0,243,21,2477,1083,991,2477,1037900.13,10707.84,50,139,93,84,74,77,93,1464,0,689,0,1385
211542,20,-0.1,-0.02,-0.6,-0.4,2,0.2,0.1,0.15,50,79.18,2457,2214,81,2133,1631,0,0,444,0,58,0,243,20,2477,1689,444,2477,1017255.79,10438.6,626,312,245,158,115,88,48,541,1631,0,0,502
211543,20,-0.1,-0.02,-0.6,-0.4,2,0.2,0.1,0.15,60,69.9,2461,2218,75,2143,1473,537,0,108,0,25,0,243,16,2477,1498,645,2477,591049.77,6099.03,675,440,315,204,138,113,68,190,1473,537,0,133
211544,20,-0.1,-0.02,-0.6,-0.4,2,0.2,0.1,0.15,60,52.22,2456,2213,139,2074,0,689,0,302,0,1083,0,243,21,2477,1083,991,2477,1037900.13,10707.84,50,139,93,84,74,77,93,1464,0,689,0,1385
211545,20,-0.1,-0.02,-0.6,-0.4,2,0.2,0.1,0.15,60,79.18,2457,2214,81,2133,1631,0,0,444,0,58,0,243,20,2477,1689,444,2477,1017255.79,10438.6,626,312,245,158,115,88,48,541,1631,0,0,502
211546,20,-0.1,-0.02,-0.6,-0.4,2,0.2,0.2,0.15,20,62.79,2461,2218,71,2147,675,365,434,0,673,0,0,243,16,2477,1348,799,2477,1043937.21,10759.14,171,347,310,1319,0,0,0,0,675,365,1107,0
211547,20,-0.1,-0.02,-0.6,-0.4,2,0.2,0.2,0.15,20,62.09,2461,2218,76,2142,0,366,446,0,1330,0,0,243,16,2477,1330,812,2477,1199969.87,12365.5,50,139,93,1860,0,0,0,0,0,366,1776,0
211548,20,-0.1,-0.02,-0.6,-0.4,2,0.2,0.2,0.15,20,66.88,2458,2215,71,2144,694,0,710,0,740,0,0,243,19,2477,1434,710,2477,1299562.45,13377.11,121,211,223,1589,0,0,0,0,694,0,1450,0
211549,20,-0.1,-0.02,-0.6,-0.4,2,0.2,0.2,0.15,30,60.01,2461,2218,120,2098,892,509,330,0,367,0,0,243,16,2477,1259,839,2477,1033427.35,10665.02,171,347,310,212,188,870,0,0,892,509,697,0
211550,20,-0.1,-0.02,-0.6,-0.4,2,0.2,0.2,0.15,30,56.95,2458,2215,136,2079,0,517,378,0,1184,0,0,243,19,2477,1184,895,2477,1081305.4,11145.28,50,139,93,84,74,1639,0,0,0,517,1562,0
211551,20,-0.1,-0.02,-0.6,-0.4,2,0.2,0.2,0.15,30,68.07,2458,2215,126,2089,948,0,667,0,474,0,0,243,19,2477,1422,667,2477,1501250.08,15451.33,121,211,223,139,139,1256,0,0,948,0,1141,0
211552,20,-0.1,-0.02,-0.6,-0.4,2,0.2,0.2,0.15,40,58.35,2461,2218,122,2096,977,622,196,55,100,146,0,243,16,2477,1223,873,2477,1011523.03,10453.46,171,347,310,212,188,173,129,566,977,622,296,201
211553,20,-0.1,-0.02,-0.6,-0.4,2,0.2,0.2,0.15,40,53.64,2456,2213,138,2075,0,653,245,64,285,828,0,243,21,2477,1113,962,2477,1104806.67,11409.25,50,139,93,84,74,77,93,1465,0,653,530,892
211554,20,-0.1,-0.02,-0.6,-0.4,2,0.2,0.2,0.15,40,67.88,2457,2214,128,2086,1058,0,492,178,110,248,0,243,20,2477,1416,670,2477,1557365.22,16029.1,121,211,223,139,139,115,79,1059,1058,0,602,426
211555,20,-0.1,-0.02,-0.6,-0.4,2,0.2,0.2,0.15,50,57.42,2461,2218,123,2095,978,652,0,240,0,225,0,243,16,2477,1203,892,2477,973490.62,10058.23,171,347,310,212,188,173,129,565,978,652,0,465
211556,20,-0.1,-0.02,-0.6,-0.4,2,0.2,0.2,0.15,50,52.22,2456,2213,139,2074,0,689,0,302,0,1083,0,243,21,2477,1083,991,2477,1037900.13,10707.84,50,139,93,84,74,77,93,1464,0,689,0,1385
211557,20,-0.1,-0.02,-0.6,-0.4,2,0.2,0.2,0.15,50,66.81,2457,2214,129,2085,1059,0,0,692,0,334,0,243,20,2477,1393,692,2477,1464442.5,15060.49,121,211,223,139,139,115,79,1058,1059,0,0,1026
211558,20,-0.1,-0.02,-0.6,-0.4,2,0.2,0.2,0.15,60,57.42,2461,2218,123,2095,978,652,0,240,0,225,0,243,16,2477,1203,892,2477,973490.62,10058.23,171,347,310,212,188,173,129,565,978,652,0,465
211559,20,-0.1,-0.02,-0.6,-0.4,2,0.2,0.2,0.15,60,52.22,2456,2213,139,2074,0,689,0,302,0,1083,0,243,21,2477,1083,991,2477,1037900.13,10707.84,50,139,93,84,74,77,93,1464,0,689,0,1385
211560,20,-0.1,-0.02,-0.6,-0.4,2,0.2,0.2,0.15,60,66.81,2457,2214,129,2085,1059,0,0,692,0,334,0,243,20,2477,1393,692,2477,1464442.5,15060.49,121,211,223,139,139,115,79,1058,1059,0,0,1026
211561,20,-0.1,-0.02,-0.6,-0.35,1,0.1,0.1,0.15,20,66.82,3396,3118,65,3053,1762,478,535,0,278,0,0,278,26,3422,2040,1013,3422,830313.05,8552.66,912,598,458,1085,0,0,0,0,1762,478,813,0
211562,20,-0.1,-0.02,-0.6,-0.35,1,0.1,0.1,0.15,20,60.64,3396,3118,100,3018,0,504,684,0,1830,0,0,278,26,3422,1830,1188,3422,1453506.45,15022.32,77,190,121,2630,0,0,0,0,0,504,2514,0
211563,20,-0.1,-0.02,-0.6,-0.35,1,0.1,0.1,0.15,20,70.52,3389,3111,65,3046,1831,0,898,0,317,0,0,278,33,3422,2148,898,3422,1126248.14,11577.39,836,423,364,1423,0,0,0,0,1831,0,1215,0
211564,20,-0.1,-0.02,-0.6,-0.35,1,0.1,0.1,0.15,30,68.92,3396,3118,94,3024,1968,627,313,0,116,0,0,278,26,3422,2084,940,3422,832497.62,8597.45,912,598,458,272,196,588,0,0,1968,627,429,0
211565,20,-0.1,-0.02,-0.6,-0.35,1,0.1,0.1,0.15,30,56.16,3393,3115,168,2947,0,704,588,0,1655,0,0,278,29,3422,1655,1292,3422,1294003.65,13395.41,77,190,121,116,99,2344,0,0,0,704,2243,0
211566,20,-0.1,-0.02,-0.6,-0.35,1,0.1,0.1,0.15,30,75.98,3389,3111,101,3010,2114,0,723,0,173,0,0,278,33,3422,2287,723,3422,1352822.92,13914.61,836,423,364,208,164,1015,0,0,2114,0,896,0
211567,20,-0.1,-0.02,-0.6,-0.35,1,0.1,0.1,0.15,40,69.2,3396,3118,95,3023,2028,740,144,47,32,32,0,278,26,3422,2092,931,3422,790883.05,8179.49,912,598,458,272,196,159,100,328,2028,740,176,79
211568,20,-0.1,-0.02,-0.6,-0.35,1,0.1,0.1,0.15,40,53.13,3391,3113,171,2942,0,909,366,104,423,1140,0,278,31,3422,1563,1379,3422,1239834.8,12787.38,77,190,121,116,99,101,140,2098,0,909,789,1244
211569,20,-0.1,-0.02,-0.6,-0.35,1,0.1,0.1,0.15,40,77.79,3388,3110,102,3008,2223,0,469,199,37,80,0,278,34,3422,2340,668,3422,1392166.79,14310.16,836,423,364,208,164,119,59,835,2223,0,506,279
211570,20,-0.1,-0.02,-0.6,-0.35,1,0.1,0.1,0.15,50,68.87,3396,3118,95,3023,2031,756,0,185,0,51,0,278,26,3422,2082,941,3422,771923.03,7983.08,912,598,458,272,196,159,100,328,2031,756,0,236
211571,20,-0.1,-0.02,-0.6,-0.35,1,0.1,0.1,0.15,50,51.75,3391,3113,172,2941,0,956,0,463,0,1522,0,278,31,3422,1522,1419,3422,1148812.76,11830.64,77,190,121,116,99,101,140,2097,0,956,0,1985
211572,20,-0.1,-0.02,-0.6,-0.35,1,0.1,0.1,0.15,50,77.49,3388,3110,102,3008,2227,0,0,677,0,104,0,278,34,3422,2331,677,3422,1336790.61,13731.08,836,423,364,208,164,119,59,835,2227,0,0,781
211573,20,-0.1,-0.02,-0.6,-0.35,1,0.1,0.1,0.15,60,68.87,3396,3118,95,3023,2031,756,0,185,0,51,0,278,26,3422,2082,941,3422,771923.03,7983.08,912,598,458,272,196,159,100,328,2031,756,0,236
211574,20,-0.1,-0.02,-0.6,-0.35,1,0.1,0.1,0.15,60,51.75,3391,3113,172,2941,0,956,0,463,0,1522,0,278,31,3422,1522,1419,3422,1148812.76,11830.64,77,190,121,116,99,101,140,2097,0,956,0,1985
211575,20,-0.1,-0.02,-0.6,-0.35,1,0.1,0.1,0.15,60,77.49,3388,3110,102,3008,2227,0,0,677,0,104,0,278,34,3422,2331,677,3422,1336790.61,13731.08,836,423,364,208,164,119,59,835,2227,0,0,781
211576,20,-0.1,-0.02,-0.6,-0.35,1,0.1,0.2,0.15,20,61.22,3396,3118,93,3025,848,502,671,0,1004,0,0,278,26,3422,1852,1173,3422,1300923.82,13420.22,231,432,406,1956,0,0,0,0,848,502,1675,0
211577,20,-0.1,-0.02,-0.6,-0.35,1,0.1,0.2,0.15,20,60.64,3396,3118,100,3018,0,504,684,0,1830,0,0,278,26,3422,1830,1188,3422,1453506.45,15022.32,77,190,121,2630,0,0,0,0,0,504,2514,0
211578,20,-0.1,-0.02,-0.6,-0.35,1,0.1,0.2,0.15,20,64.94,3389,3111,93,3018,868,0,1058,0,1092,0,0,278,33,3422,1960,1058,3422,1620839.81,16689.75,154,245,291,2328,0,0,0,0,868,0,2150,0
211579,20,-0.1,-0.02,-0.6,-0.35,1,0.1,0.2,0.15,30,58.62,3396,3118,148,2970,1139,695,534,0,602,0,0,278,26,3422,1741,1229,3422,1282439.75,13255.47,231,432,406,281,253,1367,0,0,1139,695,1136,0
211580,20,-0.1,-0.02,-0.6,-0.35,1,0.1,0.2,0.15,30,56.16,3393,3115,168,2947,0,704,588,0,1655,0,0,278,29,3422,1655,1292,3422,1294003.65,13395.41,77,190,121,116,99,2344,0,0,0,704,2243,0
211581,20,-0.1,-0.02,-0.6,-0.35,1,0.1,0.2,0.15,30,66.04,3389,3111,155,2956,1208,0,1004,0,744,0,0,278,33,3422,1952,1004,3422,1891416.13,19472.29,154,245,291,178,184,1904,0,0,1208,0,1748,0
211582,20,-0.1,-0.02,-0.6,-0.35,1,0.1,0.2,0.15,40,57.09,3396,3118,151,2967,1257,873,306,94,163,274,0,278,26,3422,1694,1273,3422,1231314.47,12753.01,231,432,406,281,253,231,190,943,1257,873,469,368
211583,20,-0.1,-0.02,-0.6,-0.35,1,0.1,0.2,0.15,40,53.13,3391,3113,171,2942,0,909,366,104,423,1140,0,278,31,3422,1563,1379,3422,1239834.8,12787.38,77,190,121,116,99,101,140,2098,0,909,789,1244
211584,20,-0.1,-0.02,-0.6,-0.35,1,0.1,0.2,0.15,40,65.85,3388,3110,158,2952,1357,0,733,275,175,412,0,278,34,3422,1944,1008,3422,1942444.19,20004.28,154,245,291,178,184,156,110,1634,1357,0,908,687
211585,20,-0.1,-0.02,-0.6,-0.35,1,0.1,0.2,0.15,50,56.27,3396,3118,152,2966,1264,913,0,384,0,405,0,278,26,3422,1669,1297,3422,1184738.02,12270.69,231,432,406,281,253,231,190,942,1264,913,0,789
211586,20,-0.1,-0.02,-0.6,-0.35,1,0.1,0.2,0.15,50,51.75,3391,3113,172,2941,0,956,0,463,0,1522,0,278,31,3422,1522,1419,3422,1148812.76,11830.64,77,190,121,116,99,101,140,2097,0,956,0,1985
211587,20,-0.1,-0.02,-0.6,-0.35,1,0.1,0.2,0.15,50,64.99,3388,3110,159,2951,1364,0,0,1033,0,554,0,278,34,3422,1918,1033,3422,1827429.45,18809.79,154,245,291,178,184,156,110,1633,1364,0,0,1587
211588,20,-0.1,-0.02,-0.6,-0.35,1,0.1,0.2,0.15,60,56.27,3396,3118,152,2966,1264,913,0,384,0,405,0,278,26,3422,1669,1297,3422,1184738.02,12270.69,231,432,406,281,253,231,190,942,1264,913,0,789
211589,20,-0.1,-0.02,-0.6,-0.35,1,0.1,0.2,0.15,60,51.75,3391,3113,172,2941,0,956,0,463,0,1522,0,278,31,3422,1522,1419,3422,1148812.76,11830.64,77,190,121,116,99,101,140,2097,0,956,0,1985
211590,20,-0.1,-0.02,-0.6,-0.35,1,0.1,0.2,0.15,60,64.99,3388,3110,159,2951,1364,0,0,1033,0,554,0,278,34,3422,1918,1033,3422,1827429.45,18809.79,154,245,291,178,184,156,110,1633,1364,0,0,1587
211591,20,-0.1,-0.02,-0.6,-0.35,1,0.2,0.1,0.15,20,66.82,3396,3118,65,3053,1762,478,535,0,278,0,0,278,26,3422,2040,1013,3422,830313.05,8552.66,912,598,458,1085,0,0,0,0,1762,478,813,0
211592,20,-0.1,-0.02,-0.6,-0.35,1,0.2,0.1,0.15,20,60.64,3396,3118,100,3018,0,504,684,0,1830,0,0,278,26,3422,1830,1188,3422,1453506.45,15022.32,77,190,121,2630,0,0,0,0,0,504,2514,0
211593,20,-0.1,-0.02,-0.6,-0.35,1,0.2,0.1,0.15,20,70.52,3389,3111,65,3046,1831,0,898,0,317,0,0,278,33,3422,2148,898,3422,1126248.14,11577.39,836,423,364,1423,0,0,0,0,1831,0,1215,0
211594,20,-0.1,-0.02,-0.6,-0.35,1,0.2,0.1,0.15,30,68.92,3396,3118,94,3024,1968,627,313,0,116,0,0,278,26,3422,2084,940,3422,832497.62,8597.45,912,598,458,272,196,588,0,0,1968,627,429,0
211595,20,-0.1,-0.02,-0.6,-0.35,1,0.2,0.1,0.15,30,56.16,3393,3115,168,2947,0,704,588,0,1655,0,0,278,29,3422,1655,1292,3422,1294003.65,13395.41,77,190,121,116,99,2344,0,0,0,704,2243,0
211596,20,-0.1,-0.02,-0.6,-0.35,1,0.2,0.1,0.15,30,75.98,3389,3111,101,3010,2114,0,723,0,173,0,0,278,33,3422,2287,723,3422,1352822.92,13914.61,836,423,364,208,164,1015,0,0,2114,0,896,0
211597,20,-0.1,-0.02,-0.6,-0.35,1,0.2,0.1,0.15,40,69.2,3396,3118,95,3023,2028,740,144,47,32,32,0,278,26,3422,2092,931,3422,790883.05,8179.49,912,598,458,272,196,159,100,328,2028,740,176,79
211598,20,-0.1,-0.02,-0.6,-0.35,1,0.2,0.1,0.15,40,53.13,3391,3113,171,2942,0,909,366,104,423,1140,0,278,31,3422,1563,1379,3422,1239834.8,12787.38,77,190,121,116,99,101,140,2098,0,909,789,1244
211599,20,-0.1,-0.02,-0.6,-0.35,1,0.2,0.1,0.15,40,77.79,3388,3110,102,3008,2223,0,469,199,37,80,0,278,34,3422,2340,668,3422,1392166.79,14310.16,836,423,364,208,164,119,59,835,2223,0,506,279
211600,20,-0.1,-0.02,-0.6,-0.35,1,0.2,0.1,0.15,50,68.87,3396,3118,95,3023,2031,756,0,185,0,51,0,278,26,3422,2082,941,3422,771923.03,7983.08,912,598,458,272,196,159,100,328,2031,756,0,236
211601,20,-0.1,-0.02,-0.6,-0.35,1,0.2,0.1,0.15,50,51.75,3391,3113,172,2941,0,956,0,463,0,1522,0,278,31,3422,1522,1419,3422,1148812.76,11830.64,77,190,121,116,99,101,140,2097,0,956,0,1985
211602,20,-0.1,-0.02,-0.6,-0.35,1,0.2,0.1,0.15,50,77.49,3388,3110,102,3008,2227,0,0,677,0,104,0,278,34,3422,2331,677,3422,1336790.61,13731.08,836,423,364,208,164,119,59,835,2227,0,0,781
211603,20,-0.1,-0.02,-0.6,-0.35,1,0.2,0.1,0.15,60,68.87,3396,3118,95,3023,2031,756,0,185,0,51,0,278,26,3422,2082,941,3422,771923.03,7983.08,912,598,458,272,196,159,100,328,2031,756,0,236
211604,20,-0.1,-0.02,-0.6,-0.35,1,0.2,0.1,0.15,60,51.75,3391,3113,172,2941,0,956,0,463,0,1522,0,278,31,3422,1522,1419,3422,1148812.76,11830.64,77,190,121,116,99,101,140,2097,0,956,0,1985
211605,20,-0.1,-0.02,-0.6,-0.35,1,0.2,0.1,0.15,60,77.49,3388,3110,102,3008,2227,0,0,677,0,104,0,278,34,3422,2331,677,3422,1336790.61,13731.08,836,423,364,208,164,119,59,835,2227,0,0,781
211606,20,-0.1,-0.02,-0.6,-0.35,1,0.2,0.2,0.15,20,61.22,3396,3118,93,3025,848,502,671,0,1004,0,0,278,26,3422,1852,1173,3422,1300923.82,13420.22,231,432,406,1956,0,0,0,0,848,502,1675,0
211607,20,-0.1,-0.02,-0.6,-0.35,1,0.2,0.2,0.15,20,60.64,3396,3118,100,3018,0,504,684,0,1830,0,0,278,26,3422,1830,1188,3422,1453506.45,15022.32,77,190,121,2630,0,0,0,0,0,504,2514,0
211608,20,-0.1,-0.02,-0.6,-0.35,1,0.2,0.2,0.15,20,64.94,3389,3111,93,3018,868,0,1058,0,1092,0,0,278,33,3422,1960,1058,3422,1620839.81,16689.75,154,245,291,2328,0,0,0,0,868,0,2150,0
211609,20,-0.1,-0.02,-0.6,-0.35,1,0.2,0.2,0.15,30,58.62,3396,3118,148,2970,1139,695,534,0,602,0,0,278,26,3422,1741,1229,3422,1282439.75,13255.47,231,432,406,281,253,1367,0,0,1139,695,1136,0
211610,20,-0.1,-0.02,-0.6,-0.35,1,0.2,0.2,0.15,30,56.16,3393,3115,168,2947,0,704,588,0,1655,0,0,278,29,3422,1655,1292,3422,1294003.65,13395.41,77,190,121,116,99,2344,0,0,0,704,2243,0
211611,20,-0.1,-0.02,-0.6,-0.35,1,0.2,0.2,0.15,30,66.04,3389,3111,155,2956,1208,0,1004,0,744,0,0,278,33,3422,1952,1004,3422,1891416.13,19472.29,154,245,291,178,184,1904,0,0,1208,0,1748,0
211612,20,-0.1,-0.02,-0.6,-0.35,1,0.2,0.2,0.15,40,57.09,3396,3118,151,2967,1257,873,306,94,163,274,0,278,26,3422,1694,1273,3422,1231314.47,12753.01,231,432,406,281,253,231,190,943,1257,873,469,368
211613,20,-0.1,-0.02,-0.6,-0.35,1,0.2,0.2,0.15,40,53.13,3391,3113,171,2942,0,909,366,104,423,1140,0,278,31,3422,1563,1379,3422,1239834.8,12787.38,77,190,121,116,99,101,140,2098,0,909,789,1244
211614,20,-0.1,-0.02,-0.6,-0.35,1,0.2,0.2,0.15,40,65.85,3388,3110,158,2952,1357,0,733,275,175,412,0,278,34,3422,1944,1008,3422,1942444.19,20004.28,154,245,291,178,184,156,110,1634,1357,0,908,687
211615,20,-0.1,-0.02,-0.6,-0.35,1,0.2,0.2,0.15,50,56.27,3396,3118,152,2966,1264,913,0,384,0,405,0,278,26,3422,1669,1297,3422,1184738.02,12270.69,231,432,406,281,253,231,190,942,1264,913,0,789
211616,20,-0.1,-0.02,-0.6,-0.35,1,0.2,0.2,0.15,50,51.75,3391,3113,172,2941,0,956,0,463,0,1522,0,278,31,3422,1522,1419,3422,1148812.76,11830.64,77,190,121,116,99,101,140,2097,0,956,0,1985
211617,20,-0.1,-0.02,-0.6,-0.35,1,0.2,0.2,0.15,50,64.99,3388,3110,159,2951,1364,0,0,1033,0,554,0,278,34,3422,1918,1033,3422,1827429.45,18809.79,154,245,291,178,184,156,110,1633,1364,0,0,1587
211618,20,-0.1,-0.02,-0.6,-0.35,1,0.2,0.2,0.15,60,56.27,3396,3118,152,2966,1264,913,0,384,0,405,0,278,26,3422,1669,1297,3422,1184738.02,12270.69,231,432,406,281,253,231,190,942,1264,913,0,789
211619,20,-0.1,-0.02,-0.6,-0.35,1,0.2,0.2,0.15,60,51.75,3391,3113,172,2941,0,956,0,463,0,1522,0,278,31,3422,1522,1419,3422,1148812.76,11830.64,77,190,121,116,99,101,140,2097,0,956,0,1985
211620,20,-0.1,-0.02,-0.6,-0.35,1,0.2,0.2,0.15,60,64.99,3388,3110,159,2951,1364,0,0,1033,0,554,0,278,34,3422,1918,1033,3422,1827429.45,18809.79,154,245,291,178,184,156,110,1633,1364,0,0,1587
211621,20,-0.1,-0.02,-0.6,-0.35,2,0.1,0.1,0.15,20,70.6,3396,3118,64,3054,1873,471,427,0,283,0,0,278,26,3422,2156,898,3422,1102929.96,12744.83,943,627,490,994,0,0,0,0,1873,471,710,0
211622,20,-0.1,-0.02,-0.6,-0.35,2,0.1,0.1,0.15,20,64.78,3396,3118,100,3018,0,504,559,0,1955,0,0,278,26,3422,1955,1063,3422,1964038.03,20289.03,77,190,121,2630,0,0,0,0,0,504,2514,0
211623,20,-0.1,-0.02,-0.6,-0.35,2,0.1,0.1,0.15,20,76.37,3389,3111,64,3047,1985,0,720,0,342,0,0,278,33,3422,2327,720,3422,1623883.2,15933.99,871,461,418,1297,0,0,0,0,1985,0,1062,0
211624,20,-0.1,-0.02,-0.6,-0.35,2,0.1,0.1,0.15,30,71.73,3396,3118,90,3028,2062,609,247,0,110,0,0,278,26,3422,2172,856,3422,1088792.2,13164.36,943,627,490,284,189,495,0,0,2062,609,357,0
211625,20,-0.1,-0.02,-0.6,-0.35,2,0.1,0.1,0.15,30,58.53,3393,3115,168,2947,0,704,518,0,1725,0,0,278,29,3422,1725,1222,3422,1887137.11,19823.96,77,190,121,116,99,2344,0,0,0,704,2243,0
211626,20,-0.1,-0.02,-0.6,-0.35,2,0.1,0.1,0.15,30,81.66,3389,3111,96,3015,2288,0,553,0,174,0,0,278,33,3422,2462,553,3422,2011162.83,18473.15,871,461,418,235,192,838,0,0,2288,0,727,0
211627,20,-0.1,-0.02,-0.6,-0.35,2,0.1,0.1,0.15,40,72.25,3396,3118,91,3027,2121,708,107,25,41,25,0,278,26,3422,2187,840,3422,1037139.09,13139.77,943,627,490,284,189,138,92,264,2121,708,148,50
211628,20,-0.1,-0.02,-0.6,-0.35,2,0.1,0.1,0.15,40,56.36,3391,3113,171,2942,0,909,309,66,480,1178,0,278,31,3422,1658,1284,3422,1801459.33,20077.48,77,190,121,116,99,101,140,2098,0,909,789,1244
211629,20,-0.1,-0.02,-0.6,-0.35,2,0.1,0.1,0.15,40,83.87,3388,3110,97,3013,2414,0,370,116,53,60,0,278,34,3422,2527,486,3422,2136970.44,19369.24,871,461,418,235,192,111,73,652,2414,0,423,176
211630,20,-0.1,-0.02,-0.6,-0.35,2,0.1,0.1,0.15,50,71.75,3396,3118,91,3027,2124,722,0,133,0,48,0,278,26,3422,2172,855,3422,1011414.74,12984.08,943,627,490,284,189,138,92,264,2124,722,0,181
211631,20,-0.1,-0.02,-0.6,-0.35,2,0.1,0.1,0.15,50,54.51,3391,3113,172,2941,0,956,0,382,0,1603,0,278,31,3422,1603,1338,3422,1670805.0,19130.36,77,190,121,116,99,101,140,2097,0,956,0,1985
211632,20,-0.1,-0.02,-0.6,-0.35,2,0.1,0.1,0.15,50,83.7,3388,3110,97,3013,2418,0,0,491,0,104,0,278,34,3422,2522,491,3422,2048614.44,18894.25,871,461,418,235,192,111,73,652,2418,0,0,595
211633,20,-0.1,-0.02,-0.6,-0.35,2,0.1,0.1,0.15,60,71.75,3396,3118,91,3027,2124,722,0,133,0,48,0,278,26,3422,2172,855,3422,1011414.74,12984.08,943,627,490,284,189,138,92,264,2124,722,0,181
211634,20,-0.1,-0.02,-0.6,-0.35,2,0.1,0.1,0.15,60,54.51,3391,3113,172,2941,0,956,0,382,0,1603,0,278,31,3422,1603,1338,3422,1670805.0,19130.36,77,190,121,116,99,101,140,2097,0,956,0,1985
211635,20,-0.1,-0.02,-0.6,-0.35,2,0.1,0.1,0.15,60,83.7,3388,3110,97,3013,2418,0,0,491,0,104,0,278,34,3422,2522,491,3422,2048614.44,18894.25,871,461,418,235,192,111,73,652,2418,0,0,595
211636,20,-0.1,-0.02,-0.6,-0.35,2,0.1,0.2,0.15,20,65.36,3396,3118,93,3025,918,501,547,0,1059,0,0,278,26,3422,1977,1048,3422,1760778.73,18477.76,235,447,439,1904,0,0,0,0,918,501,1606,0
211637,20,-0.1,-0.02,-0.6,-0.35,2,0.1,0.2,0.15,20,64.78,3396,3118,100,3018,0,504,559,0,1955,0,0,278,26,3422,1955,1063,3422,1964038.03,20289.03,77,190,121,2630,0,0,0,0,0,504,2514,0
211638,20,-0.1,-0.02,-0.6,-0.35,2,0.1,0.2,0.15,20,71.21,3389,3111,93,3018,964,0,869,0,1185,0,0,278,33,3422,2149,869,3422,2381226.91,22226.94,158,261,336,2263,0,0,0,0,964,0,2054,0
211639,20,-0.1,-0.02,-0.6,-0.35,2,0.1,0.2,0.15,30,61.14,3396,3118,148,2970,1234,691,463,0,582,0,0,278,26,3422,1816,1154,3422,1812009.51,19311.4,235,447,439,298,272,1279,0,0,1234,691,1045,0
211640,20,-0.1,-0.02,-0.6,-0.35,2,0.1,0.2,0.15,30,58.53,3393,3115,168,2947,0,704,518,0,1725,0,0,278,29,3422,1725,1222,3422,1887137.11,19823.96,77,190,121,116,99,2344,0,0,0,704,2243,0
211641,20,-0.1,-0.02,-0.6,-0.35,2,0.1,0.2,0.15,30,71.72,3389,3111,155,2956,1360,0,836,0,760,0,0,278,33,3422,2120,836,3422,3005639.83,26103.12,158,261,336,209,217,1775,0,0,1360,0,1596,0
211642,20,-0.1,-0.02,-0.6,-0.35,2,0.1,0.2,0.15,40,60.5,3396,3118,151,2967,1357,863,251,58,191,247,0,278,26,3422,1795,1172,3422,1745375.87,19516.27,235,447,439,298,272,234,183,859,1357,863,442,305
211643,20,-0.1,-0.02,-0.6,-0.35,2,0.1,0.2,0.15,40,56.36,3391,3113,171,2942,0,909,309,66,480,1178,0,278,31,3422,1658,1284,3422,1801459.33,20077.48,77,190,121,116,99,101,140,2098,0,909,789,1244
211644,20,-0.1,-0.02,-0.6,-0.35,2,0.1,0.2,0.15,40,72.26,3388,3110,158,2952,1528,0,638,181,223,382,0,278,34,3422,2133,819,3422,3142927.88,27422.49,158,261,336,209,217,179,110,1482,1528,0,861,563
211645,20,-0.1,-0.02,-0.6,-0.35,2,0.1,0.2,0.15,50,59.44,3396,3118,152,2966,1363,902,0,301,0,400,0,278,26,3422,1763,1203,3422,1675354.15,19072.8,235,447,439,298,272,234,183,858,1363,902,0,701
211646,20,-0.1,-0.02,-0.6,-0.35,2,0.1,0.2,0.15,50,54.51,3391,3113,172,2941,0,956,0,382,0,1603,0,278,31,3422,1603,1338,3422,1670805.0,19130.36,77,190,121,116,99,101,140,2097,0,956,0,1985
211647,20,-0.1,-0.02,-0.6,-0.35,2,0.1,0.2,0.15,50,71.6,3388,3110,159,2951,1535,0,0,838,0,578,0,278,34,3422,2113,838,3422,2944646.94,26312.33,158,261,336,209,217,179,110,1481,1535,0,0,1416
211648,20,-0.1,-0.02,-0.6,-0.35,2,0.1,0.2,0.15,60,59.44,3396,3118,152,2966,1363,902,0,301,0,400,0,278,26,3422,1763,1203,3422,1675354.15,19072.8,235,447,439,298,272,234,183,858,1363,902,0,701
211649,20,-0.1,-0.02,-0.6,-0.35,2,0.1,0.2,0.15,60,54.51,3391,3113,172,2941,0,956,0,382,0,1603,0,278,31,3422,1603,1338,3422,1670805.0,19130.36,77,190,121,116,99,101,140,2097,0,956,0,1985
211650,20,-0.1,-0.02,-0.6,-0.35,2,0.1,0.2,0.15,60,71.6,3388,3110,159,2951,1535,0,0,838,0,578,0,278,34,3422,2113,838,3422,2944646.94,26312.33,158,261,336,209,217,179,110,1481,1535,0,0,1416
211651,20,-0.1,-0.02,-0.6,-0.35,2,0.2,0.1,0.15,20,66.82,3396,3118,65,3053,1762,478,535,0,278,0,0,278,26,3422,2040,1013,3422,830313.05,8552.66,912,598,458,1085,0,0,0,0,1762,478,813,0
211652,20,-0.1,-0.02,-0.6,-0.35,2,0.2,0.1,0.15,20,60.64,3396,3118,100,3018,0,504,684,0,1830,0,0,278,26,3422,1830,1188,3422,1453506.45,15022.32,77,190,121,2630,0,0,0,0,0,504,2514,0
211653,20,-0.1,-0.02,-0.6,-0.35,2,0.2,0.1,0.15,20,70.52,3389,3111,65,3046,1831,0,898,0,317,0,0,278,33,3422,2148,898,3422,1126248.14,11577.39,836,423,364,1423,0,0,0,0,1831,0,1215,0
211654,20,-0.1,-0.02,-0.6,-0.35,2,0.2,0.1,0.15,30,68.92,3396,3118,94,3024,1968,627,313,0,116,0,0,278,26,3422,2084,940,3422,832497.62,8597.45,912,598,458,272,196,588,0,0,1968,627,429,0
211655,20,-0.1,-0.02,-0.6,-0.35,2,0.2,0.1,0.15,30,56.16,3393,3115,168,2947,0,704,588,0,1655,0,0,278,29,3422,1655,1292,3422,1294003.65,13395.41,77,190,121,116,99,2344,0,0,0,704,2243,0
211656,20,-0.1,-0.02,-0.6,-0.35,2,0.2,0.1,0.15,30,75.98,3389,3111,101,3010,2114,0,723,0,173,0,0,278,33,3422,2287,723,3422,1352822.92,13914.61,836,423,364,208,164,1015,0,0,2114,0,896,0
211657,20,-0.1,-0.02,-0.6,-0.35,2,0.2,0.1,0.15,40,69.2,3396,3118,95,3023,2028,740,144,47,32,32,0,278,26,3422,2092,931,3422,790883.05,8179.49,912,598,458,272,196,159,100,328,2028,740,176,79
211658,20,-0.1,-0.02,-0.6,-0.35,2,0.2,0.1,0.15,40,53.13,3391,3113,171,2942,0,909,366,104,423,1140,0,278,31,3422,1563,1379,3422,1239834.8,12787.38,77,190,121,116,99,101,140,2098,0,909,789,1244
211659,20,-0.1,-0.02,-0.6,-0.35,2,0.2,0.1,0.15,40,77.79,3388,3110,102,3008,2223,0,469,199,37,80,0,278,34,3422,2340,668,3422,1392166.79,14310.16,836,423,364,208,164,119,59,835,2223,0,506,279
211660,20,-0.1,-0.02,-0.6,-0.35,2,0.2,0.1,0.15,50,68.87,3396,3118,95,3023,2031,756,0,185,0,51,0,278,26,3422,2082,941,3422,771923.03,7983.08,912,598,458,272,196,159,100,328,2031,756,0,236
211661,20,-0.1,-0.02,-0.6,-0.35,2,0.2,0.1,0.15,50,51.75,3391,3113,172,2941,0,956,0,463,0,1522,0,278,31,3422,1522,1419,3422,1148812.76,11830.64,77,190,121,116,99,101,140,2097,0,956,0,1985
211662,20,-0.1,-0.02,-0.6,-0.35,2,0.2,0.1,0.15,50,77.49,3388,3110,102,3008,2227,0,0,677,0,104,0,278,34,3422,2331,677,3422,1336790.61,13731.08,836,423,364,208,164,119,59,835,2227,0,0,781
211663,20,-0.1,-0.02,-0.6,-0.35,2,0.2,0.1,0.15,60,68.87,3396,3118,95,3023,2031,756,0,185,0,51,0,278,26,3422,2082,941,3422,771923.03,7983.08,912,598,458,272,196,159,100,328,2031,756,0,236
211664,20,-0.1,-0.02,-0.6,-0.35,2,0.2,0.1,0.15,60,51.75,3391,3113,172,2941,0,956,0,463,0,1522,0,278,31,3422,1522,1419,3422,1148812.76,11830.64,77,190,121,116,99,101,140,2097,0,956,0,1985
211665,20,-0.1,-0.02,-0.6,-0.35,2,0.2,0.1,0.15,60,77.49,3388,3110,102,3008,2227,0,0,677,0,104,0,278,34,3422,2331,677,3422,1336790.61,13731.08,836,423,364,208,164,119,59,835,2227,0,0,781
211666,20,-0.1,-0.02,-0.6,-0.35,2,0.2,0.2,0.15,20,61.22,3396,3118,93,3025,848,502,671,0,1004,0,0,278,26,3422,1852,1173,3422,1300923.82,13420.22,231,432,406,1956,0,0,0,0,848,502,1675,0
211667,20,-0.1,-0.02,-0.6,-0.35,2,0.2,0.2,0.15,20,60.64,3396,3118,100,3018,0,504,684,0,1830,0,0,278,26,3422,1830,1188,3422,1453506.45,15022.32,77,190,121,2630,0,0,0,0,0,504,2514,0
211668,20,-0.1,-0.02,-0.6,-0.35,2,0.2,0.2,0.15,20,64.94,3389,3111,93,3018,868,0,1058,0,1092,0,0,278,33,3422,1960,1058,3422,1620839.81,16689.75,154,245,291,2328,0,0,0,0,868,0,2150,0
211669,20,-0.1,-0.02,-0.6,-0.35,2,0.2,0.2,0.15,30,58.62,3396,3118,148,2970,1139,695,534,0,602,0,0,278,26,3422,1741,1229,3422,1282439.75,13255.47,231,432,406,281,253,1367,0,0,1139,695,1136,0
211670,20,-0.1,-0.02,-0.6,-0.35,2,0.2,0.2,0.15,30,56.16,3393,3115,168,2947,0,704,588,0,1655,0,0,278,29,3422,1655,1292,3422,1294003.65,13395.41,77,190,121,116,99,2344,0,0,0,704,2243,0
211671,20,-0.1,-0.02,-0.6,-0.35,2,0.2,0.2,0.15,30,66.04,3389,3111,155,2956,1208,0,1004,0,744,0,0,278,33,3422,1952,1004,3422,1891416.13,19472.29,154,245,291,178,184,1904,0,0,1208,0,1748,0
211672,20,-0.1,-0.02,-0.6,-0.35,2,0.2,0.2,0.15,40,57.09,3396,3118,151,2967,1257,873,306,94,163,274,0,278,26,3422,1694,1273,3422,1231314.47,12753.01,231,432,406,281,253,231,190,943,1257,873,469,368
211673,20,-0.1,-0.02,-0.6,-0.35,2,0.2,0.2,0.15,40,53.13,3391,3113,171,2942,0,909,366,104,423,1140,0,278,31,3422,1563,1379,3422,1239834.8,12787.38,77,190,121,116,99,101,140,2098,0,909,789,1244
211674,20,-0.1,-0.02,-0.6,-0.35,2,0.2,0.2,0.15,40,65.85,3388,3110,158,2952,1357,0,733,275,175,412,0,278,34,3422,1944,1008,3422,1942444.19,20004.28,154,245,291,178,184,156,110,1634,1357,0,908,687
211675,20,-0.1,-0.02,-0.6,-0.35,2,0.2,0.2,0.15,50,56.27,3396,3118,152,2966,1264,913,0,384,0,405,0,278,26,3422,1669,1297,3422,1184738.02,12270.69,231,432,406,281,253,231,190,942,1264,913,0,789
211676,20,-0.1,-0.02,-0.6,-0.35,2,0.2,0.2,0.15,50,51.75,3391,3113,172,2941,0,956,0,463,0,1522,0,278,31,3422,1522,1419,3422,1148812.76,11830.64,77,190,121,116,99,101,140,2097,0,956,0,1985
211677,20,-0.1,-0.02,-0.6,-0.35,2,0.2,0.2,0.15,50,64.99,3388,3110,159,2951,1364,0,0,1033,0,554,0,278,34,3422,1918,1033,3422,1827429.45,18809.79,154,245,291,178,184,156,110,1633,1364,0,0,1587
211678,20,-0.1,-0.02,-0.6,-0.35,2,0.2,0.2,0.15,60,56.27,3396,3118,152,2966,1264,913,0,384,0,405,0,278,26,3422,1669,1297,3422,1184738.02,12270.69,231,432,406,281,253,231,190,942,1264,913,0,789
211679,20,-0.1,-0.02,-0.6,-0.35,2,0.2,0.2,0.15,60,51.75,3391,3113,172,2941,0,956,0,463,0,1522,0,278,31,3422,1522,1419,3422,1148812.76,11830.64,77,190,121,116,99,101,140,2097,0,956,0,1985
211680,20,-0.1,-0.02,-0.6,-0.35,2,0.2,0.2,0.15,60,64.99,3388,3110,159,2951,1364,0,0,1033,0,554,0,278,34,3422,1918,1033,3422,1827429.45,18809.79,154,245,291,178,184,156,110,1633,1364,0,0,1587
211681,20,-0.1,-0.02,-0.6,-0.3,1,0.1,0.1,0.15,20,65.84,4319,4027,78,3949,2163,597,752,0,437,0,0,292,33,4352,2600,1349,4352,996359.33,10257.89,1111,745,565,1528,0,0,0,0,2163,597,1189,0
211682,20,-0.1,-0.02,-0.6,-0.3,1,0.1,0.1,0.15,20,60.1,4319,4027,117,3910,0,635,925,0,2350,0,0,292,33,4352,2350,1560,4352,1661836.02,17184.57,103,240,157,3410,0,0,0,0,0,635,3275,0
211683,20,-0.1,-0.02,-0.6,-0.3,1,0.1,0.1,0.15,20,69.02,4311,4019,78,3941,2237,0,1221,0,483,0,0,292,41,4352,2720,1221,4352,1315597.17,13502.01,1009,526,440,1966,0,0,0,0,2237,0,1704,0
211684,20,-0.1,-0.02,-0.6,-0.3,1,0.1,0.1,0.15,30,67.58,4319,4027,116,3911,2459,784,484,0,184,0,0,292,33,4352,2643,1268,4352,1009792.15,10429.17,1111,745,565,339,262,889,0,0,2459,784,668,0
211685,20,-0.1,-0.02,-0.6,-0.3,1,0.1,0.1,0.15,30,55.44,4316,4024,202,3822,0,886,817,0,2119,0,0,292,36,4352,2119,1703,4352,1441637.69,14965.53,103,240,157,135,123,3064,0,0,0,886,2936,0
211686,20,-0.1,-0.02,-0.6,-0.3,1,0.1,0.1,0.15,30,73.84,4311,4019,123,3896,2626,0,1019,0,251,0,0,292,41,4352,2877,1019,4352,1605932.05,16495.73,1009,526,440,262,220,1439,0,0,2626,0,1270,0
211687,20,-0.1,-0.02,-0.6,-0.3,1,0.1,0.1,0.15,40,67.75,4319,4027,117,3910,2553,950,235,76,49,47,0,292,33,4352,2649,1261,4352,930602.82,9620.53,1111,745,565,339,262,221,157,510,2553,950,284,123
211688,20,-0.1,-0.02,-0.6,-0.3,1,0.1,0.1,0.15,40,52.0,4314,4022,205,3817,0,1168,514,150,583,1402,0,292,38,4352,1985,1832,4352,1305498.57,13503.31,103,240,157,135,123,128,196,2735,0,1168,1097,1552
211689,20,-0.1,-0.02,-0.6,-0.3,1,0.1,0.1,0.15,40,75.55,4310,4018,124,3894,2780,0,665,287,56,106,0,292,42,4352,2942,952,4352,1645203.98,16882.88,1009,526,440,262,220,169,91,1177,2780,0,721,393
211690,20,-0.1,-0.02,-0.6,-0.3,1,0.1,0.1,0.15,50,67.52,4319,4027,117,3910,2556,972,0,298,0,84,0,292,33,4352,2640,1270,4352,903160.54,9335.89,1111,745,565,339,262,221,157,510,2556,972,0,382
211691,20,-0.1,-0.02,-0.6,-0.3,1,0.1,0.1,0.15,50,50.73,4314,4022,206,3816,0,1229,0,651,0,1936,0,292,38,4352,1936,1880,4352,1182592.84,12209.39,103,240,157,135,123,128,196,2734,0,1229,0,2587
211692,20,-0.1,-0.02,-0.6,-0.3,1,0.1,0.1,0.15,50,75.35,4310,4018,124,3894,2784,0,0,960,0,150,0,292,42,4352,2934,960,4352,1572569.28,16125.57,1009,526,440,262,220,169,91,1177,2784,0,0,1110
211693,20,-0.1,-0.02,-0.6,-0.3,1,0.1,0.1,0.15,60,67.52,4319,4027,117,3910,2556,972,0,298,0,84,0,292,33,4352,2640,1270,4352,903160.54,9335.89,1111,745,565,339,262,221,157,510,2556,972,0,382
211694,20,-0.1,-0.02,-0.6,-0.3,1,0.1,0.1,0.15,60,50.73,4314,4022,206,3816,0,1229,0,651,0,1936,0,292,38,4352,1936,1880,4352,1182592.84,12209.39,103,240,157,135,123,128,196,2734,0,1229,0,2587
211695,20,-0.1,-0.02,-0.6,-0.3,1,0.1,0.1,0.15,60,75.35,4310,4018,124,3894,2784,0,0,960,0,150,0,292,42,4352,2934,960,4352,1572569.28,16125.57,1009,526,440,262,220,169,91,1177,2784,0,0,1110
211696,20,-0.1,-0.02,-0.6,-0.3,1,0.1,0.2,0.15,20,60.57,4319,4027,109,3918,1009,633,912,0,1364,0,0,292,33,4352,2373,1545,4352,1528110.62,15772.16,271,520,501,2626,0,0,0,0,1009,633,2276,0
211697,20,-0.1,-0.02,-0.6,-0.3,1,0.1,0.2,0.15,20,60.1,4319,4027,117,3910,0,635,925,0,2350,0,0,292,33,4352,2350,1560,4352,1661836.02,17184.57,103,240,157,3410,0,0,0,0,0,635,3275,0
211698,20,-0.1,-0.02,-0.6,-0.3,1,0.1,0.2,0.15,20,63.79,4311,4019,109,3910,1029,0,1416,0,1465,0,0,292,41,4352,2494,1416,4352,1868867.28,19238.46,168,283,350,3109,0,0,0,0,1029,0,2881,0
211699,20,-0.1,-0.02,-0.6,-0.3,1,0.1,0.2,0.15,30,57.54,4319,4027,181,3846,1362,876,757,0,851,0,0,292,33,4352,2213,1633,4352,1484210.35,15386.93,271,520,501,350,307,1897,0,0,1362,876,1608,0
211700,20,-0.1,-0.02,-0.6,-0.3,1,0.1,0.2,0.15,30,55.44,4316,4024,202,3822,0,886,817,0,2119,0,0,292,36,4352,2119,1703,4352,1441637.69,14965.53,103,240,157,135,123,3064,0,0,0,886,2936,0
211701,20,-0.1,-0.02,-0.6,-0.3,1,0.1,0.2,0.15,30,64.13,4311,4019,188,3831,1435,0,1374,0,1022,0,0,292,41,4352,2457,1374,4352,2171044.39,22376.16,168,283,350,228,218,2584,0,0,1435,0,2396,0
211702,20,-0.1,-0.02,-0.6,-0.3,1,0.1,0.2,0.15,40,55.66,4319,4027,184,3843,1522,1128,440,136,234,383,0,292,33,4352,2139,1704,4352,1384582.58,14391.19,271,520,501,350,307,289,263,1342,1522,1128,674,519
211703,20,-0.1,-0.02,-0.6,-0.3,1,0.1,0.2,0.15,40,52.0,4314,4022,205,3817,0,1168,514,150,583,1402,0,292,38,4352,1985,1832,4352,1305498.57,13503.31,103,240,157,135,123,128,196,2735,0,1168,1097,1552
211704,20,-0.1,-0.02,-0.6,-0.3,1,0.1,0.2,0.15,40,63.76,4310,4018,191,3827,1629,0,1002,385,250,561,0,292,42,4352,2440,1387,4352,2223120.66,22918.03,168,283,350,228,218,188,142,2250,1629,0,1252,946
211705,20,-0.1,-0.02,-0.6,-0.3,1,0.1,0.2,0.15,50,54.97,4319,4027,185,3842,1530,1180,0,550,0,582,0,292,33,4352,2112,1730,4352,1318409.23,13705.46,271,520,501,350,307,289,263,1341,1530,1180,0,1132
211706,20,-0.1,-0.02,-0.6,-0.3,1,0.1,0.2,0.15,50,50.73,4314,4022,206,3816,0,1229,0,651,0,1936,0,292,38,4352,1936,1880,4352,1182592.84,12209.39,103,240,157,135,123,128,196,2734,0,1229,0,2587
211707,20,-0.1,-0.02,-0.6,-0.3,1,0.1,0.2,0.15,50,63.04,4310,4018,192,3826,1637,0,0,1414,0,775,0,292,42,4352,2412,1414,4352,2077018.2,21402.0,168,283,350,228,218,188,142,2249,1637,0,0,2189
211708,20,-0.1,-0.02,-0.6,-0.3,1,0.1,0.2,0.15,60,54.97,4319,4027,185,3842,1530,1180,0,550,0,582,0,292,33,4352,2112,1730,4352,1318409.23,13705.46,271,520,501,350,307,289,263,1341,1530,1180,0,1132
211709,20,-0.1,-0.02,-0.6,-0.3,1,0.1,0.2,0.15,60,50.73,4314,4022,206,3816,0,1229,0,651,0,1936,0,292,38,4352,1936,1880,4352,1182592.84,12209.39,103,240,157,135,123,128,196,2734,0,1229,0,2587
211710,20,-0.1,-0.02,-0.6,-0.3,1,0.1,0.2,0.15,60,63.04,4310,4018,192,3826,1637,0,0,1414,0,775,0,292,42,4352,2412,1414,4352,2077018.2,21402.0,168,283,350,228,218,188,142,2249,1637,0,0,2189
211711,20,-0.1,-0.02,-0.6,-0.3,1,0.2,0.1,0.15,20,65.84,4319,4027,78,3949,2163,597,752,0,437,0,0,292,33,4352,2600,1349,4352,996359.33,10257.89,1111,745,565,1528,0,0,0,0,2163,597,1189,0
211712,20,-0.1,-0.02,-0.6,-0.3,1,0.2,0.1,0.15,20,60.1,4319,4027,117,3910,0,635,925,0,2350,0,0,292,33,4352,2350,1560,4352,1661836.02,17184.57,103,240,157,3410,0,0,0,0,0,635,3275,0
211713,20,-0.1,-0.02,-0.6,-0.3,1,0.2,0.1,0.15,20,69.02,4311,4019,78,3941,2237,0,1221,0,483,0,0,292,41,4352,2720,1221,4352,1315597.17,13502.01,1009,526,440,1966,0,0,0,0,2237,0,1704,0
211714,20,-0.1,-0.02,-0.6,-0.3,1,0.2,0.1,0.15,30,67.58,4319,4027,116,3911,2459,784,484,0,184,0,0,292,33,4352,2643,1268,4352,1009792.15,10429.17,1111,745,565,339,262,889,0,0,2459,784,668,0
211715,20,-0.1,-0.02,-0.6,-0.3,1,0.2,0.1,0.15,30,55.44,4316,4024,202,3822,0,886,817,0,2119,0,0,292,36,4352,2119,1703,4352,1441637.69,14965.53,103,240,157,135,123,3064,0,0,0,886,2936,0
211716,20,-0.1,-0.02,-0.6,-0.3,1,0.2,0.1,0.15,30,73.84,4311,4019,123,3896,2626,0,1019,0,251,0,0,292,41,4352,2877,1019,4352,1605932.05,16495.73,1009,526,440,262,220,1439,0,0,2626,0,1270,0
211717,20,-0.1,-0.02,-0.6,-0.3,1,0.2,0.1,0.15,40,67.75,4319,4027,117,3910,2553,950,235,76,49,47,0,292,33,4352,2649,1261,4352,930602.82,9620.53,1111,745,565,339,262,221,157,510,2553,950,284,123
211718,20,-0.1,-0.02,-0.6,-0.3,1,0.2,0.1,0.15,40,52.0,4314,4022,205,3817,0,1168,514,150,583,1402,0,292,38,4352,1985,1832,4352,1305498.57,13503.31,103,240,157,135,123,128,196,2735,0,1168,1097,1552
211719,20,-0.1,-0.02,-0.6,-0.3,1,0.2,0.1,0.15,40,75.55,4310,4018,124,3894,2780,0,665,287,56,106,0,292,42,4352,2942,952,4352,1645203.98,16882.88,1009,526,440,262,220,169,91,1177,2780,0,721,393
211720,20,-0.1,-0.02,-0.6,-0.3,1,0.2,0.1,0.15,50,67.52,4319,4027,117,3910,2556,972,0,298,0,84,0,292,33,4352,2640,1270,4352,903160.54,9335.89,1111,745,565,339,262,221,157,510,2556,972,0,382
211721,20,-0.1,-0.02,-0.6,-0.3,1,0.2,0.1,0.15,50,50.73,4314,4022,206,3816,0,1229,0,651,0,1936,0,292,38,4352,1936,1880,4352,1182592.84,12209.39,103,240,157,135,123,128,196,2734,0,1229,0,2587
211722,20,-0.1,-0.02,-0.6,-0.3,1,0.2,0.1,0.15,50,75.35,4310,4018,124,3894,2784,0,0,960,0,150,0,292,42,4352,2934,960,4352,1572569.28,16125.57,1009,526,440,262,220,169,91,1177,2784,0,0,1110
211723,20,-0.1,-0.02,-0.6,-0.3,1,0.2,0.1,0.15,60,67.52,4319,4027,117,3910,2556,972,0,298,0,84,0,292,33,4352,2640,1270,4352,903160.54,9335.89,1111,745,565,339,262,221,157,510,2556,972,0,382
211724,20,-0.1,-0.02,-0.6,-0.3,1,0.2,0.1,0.15,60,50.73,4314,4022,206,3816,0,1229,0,651,0,1936,0,292,38,4352,1936,1880,4352,1182592.84,12209.39,103,240,157,135,123,128,196,2734,0,1229,0,2587
211725,20,-0.1,-0.02,-0.6,-0.3,1,0.2,0.1,0.15,60,75.35,4310,4018,124,3894,2784,0,0,960,0,150,0,292,42,4352,2934,960,4352,1572569.28,16125.57,1009,526,440,262,220,169,91,1177,2784,0,0,1110
211726,20,-0.1,-0.02,-0.6,-0.3,1,0.2,0.2,0.15,20,60.57,4319,4027,109,3918,1009,633,912,0,1364,0,0,292,33,4352,2373,1545,4352,1528110.62,15772.16,271,520,501,2626,0,0,0,0,1009,633,2276,0
211727,20,-0.1,-0.02,-0.6,-0.3,1,0.2,0.2,0.15,20,60.1,4319,4027,117,3910,0,635,925,0,2350,0,0,292,33,4352,2350,1560,4352,1661836.02,17184.57,103,240,157,3410,0,0,0,0,0,635,3275,0
211728,20,-0.1,-0.02,-0.6,-0.3,1,0.2,0.2,0.15,20,63.79,4311,4019,109,3910,1029,0,1416,0,1465,0,0,292,41,4352,2494,1416,4352,1868867.28,19238.46,168,283,350,3109,0,0,0,0,1029,0,2881,0
211729,20,-0.1,-0.02,-0.6,-0.3,1,0.2,0.2,0.15,30,57.54,4319,4027,181,3846,1362,876,757,0,851,0,0,292,33,4352,2213,1633,4352,1484210.35,15386.93,271,520,501,350,307,1897,0,0,1362,876,1608,0
211730,20,-0.1,-0.02,-0.6,-0.3,1,0.2,0.2,0.15,30,55.44,4316,4024,202,3822,0,886,817,0,2119,0,0,292,36,4352,2119,1703,4352,1441637.69,14965.53,103,240,157,135,123,3064,0,0,0,886,2936,0
211731,20,-0.1,-0.02,-0.6,-0.3,1,0.2,0.2,0.15,30,64.13,4311,4019,188,3831,1435,0,1374,0,1022,0,0,292,41,4352,2457,1374,4352,2171044.39,22376.16,168,283,350,228,218,2584,0,0,1435,0,2396,0
211732,20,-0.1,-0.02,-0.6,-0.3,1,0.2,0.2,0.15,40,55.66,4319,4027,184,3843,1522,1128,440,136,234,383,0,292,33,4352,2139,1704,4352,1384582.58,14391.19,271,520,501,350,307,289,263,1342,1522,1128,674,519
211733,20,-0.1,-0.02,-0.6,-0.3,1,0.2,0.2,0.15,40,52.0,4314,4022,205,3817,0,1168,514,150,583,1402,0,292,38,4352,1985,1832,4352,1305498.57,13503.31,103,240,157,135,123,128,196,2735,0,1168,1097,1552
211734,20,-0.1,-0.02,-0.6,-0.3,1,0.2,0.2,0.15,40,63.76,4310,4018,191,3827,1629,0,1002,385,250,561,0,292,42,4352,2440,1387,4352,2223120.66,22918.03,168,283,350,228,218,188,142,2250,1629,0,1252,946
211735,20,-0.1,-0.02,-0.6,-0.3,1,0.2,0.2,0.15,50,54.97,4319,4027,185,3842,1530,1180,0,550,0,582,0,292,33,4352,2112,1730,4352,1318409.23,13705.46,271,520,501,350,307,289,263,1341,1530,1180,0,1132
211736,20,-0.1,-0.02,-0.6,-0.3,1,0.2,0.2,0.15,50,50.73,4314,4022,206,3816,0,1229,0,651,0,1936,0,292,38,4352,1936,1880,4352,1182592.84,12209.39,103,240,157,135,123,128,196,2734,0,1229,0,2587
211737,20,-0.1,-0.02,-0.6,-0.3,1,0.2,0.2,0.15,50,63.04,4310,4018,192,3826,1637,0,0,1414,0,775,0,292,42,4352,2412,1414,4352,2077018.2,21402.0,168,283,350,228,218,188,142,2249,1637,0,0,2189
211738,20,-0.1,-0.02,-0.6,-0.3,1,0.2,0.2,0.15,60,54.97,4319,4027,185,3842,1530,1180,0,550,0,582,0,292,33,4352,2112,1730,4352,1318409.23,13705.46,271,520,501,350,307,289,263,1341,1530,1180,0,1132
211739,20,-0.1,-0.02,-0.6,-0.3,1,0.2,0.2,0.15,60,50.73,4314,4022,206,3816,0,1229,0,651,0,1936,0,292,38,4352,1936,1880,4352,1182592.84,12209.39,103,240,157,135,123,128,196,2734,0,1229,0,2587
211740,20,-0.1,-0.02,-0.6,-0.3,1,0.2,0.2,0.15,60,63.04,4310,4018,192,3826,1637,0,0,1414,0,775,0,292,42,4352,2412,1414,4352,2077018.2,21402.0,168,283,350,228,218,188,142,2249,1637,0,0,2189
211741,20,-0.1,-0.02,-0.6,-0.3,2,0.1,0.1,0.15,20,69.54,4319,4027,77,3950,2305,589,614,0,442,0,0,292,33,4352,2747,1203,4352,1337441.99,15637.97,1150,783,612,1405,0,0,0,0,2305,589,1056,0
211742,20,-0.1,-0.02,-0.6,-0.3,2,0.1,0.1,0.15,20,64.09,4319,4027,117,3910,0,635,769,0,2506,0,0,292,33,4352,2506,1404,4352,2274049.28,23854.27,103,240,157,3410,0,0,0,0,0,635,3275,0
211743,20,-0.1,-0.02,-0.6,-0.3,2,0.1,0.1,0.15,20,74.76,4311,4019,77,3942,2432,0,995,0,515,0,0,292,41,4352,2947,995,4352,1911670.21,19193.63,1053,577,511,1801,0,0,0,0,2432,0,1510,0
211744,20,-0.1,-0.02,-0.6,-0.3,2,0.1,0.1,0.15,30,70.55,4319,4027,112,3915,2590,764,389,0,172,0,0,292,33,4352,2762,1153,4352,1349204.2,16370.73,1150,783,612,349,262,759,0,0,2590,764,561,0
211745,20,-0.1,-0.02,-0.6,-0.3,2,0.1,0.1,0.15,30,58.08,4316,4024,202,3822,0,886,716,0,2220,0,0,292,36,4352,2220,1602,4352,2169860.37,23144.81,103,240,157,135,123,3064,0,0,0,886,2936,0
211746,20,-0.1,-0.02,-0.6,-0.3,2,0.1,0.1,0.15,30,79.59,4311,4019,118,3901,2854,0,796,0,251,0,0,292,41,4352,3105,796,4352,2420221.35,22565.64,1053,577,511,291,264,1205,0,0,2854,0,1047,0
211747,20,-0.1,-0.02,-0.6,-0.3,2,0.1,0.1,0.15,40,70.8,4319,4027,113,3914,2670,911,184,48,63,38,0,292,33,4352,2771,1143,4352,1232703.67,16101.71,1150,783,612,349,262,198,134,426,2670,911,247,86
211748,20,-0.1,-0.02,-0.6,-0.3,2,0.1,0.1,0.15,40,55.17,4314,4022,205,3817,0,1168,443,100,654,1452,0,292,38,4352,2106,1711,4352,1972462.86,22857.22,103,240,157,135,123,128,196,2735,0,1168,1097,1552
211749,20,-0.1,-0.02,-0.6,-0.3,2,0.1,0.1,0.15,40,81.61,4310,4018,119,3899,3016,0,542,175,78,88,0,292,42,4352,3182,717,4352,2538630.11,23525.47,1053,577,511,291,264,158,94,951,3016,0,620,263
211750,20,-0.1,-0.02,-0.6,-0.3,2,0.1,0.1,0.15,50,70.34,4319,4027,113,3914,2673,930,0,231,0,80,0,292,33,4352,2753,1161,4352,1195960.09,15897.03,1150,783,612,349,262,198,134,426,2673,930,0,311
211751,20,-0.1,-0.02,-0.6,-0.3,2,0.1,0.1,0.15,50,53.38,4314,4022,206,3816,0,1229,0,550,0,2037,0,292,38,4352,2037,1779,4352,1798805.67,21611.33,103,240,157,135,123,128,196,2734,0,1229,0,2587
211752,20,-0.1,-0.02,-0.6,-0.3,2,0.1,0.1,0.15,50,81.46,4310,4018,119,3899,3020,0,0,723,0,156,0,292,42,4352,3176,723,4352,2425039.46,22928.69,1053,577,511,291,264,158,94,951,3020,0,0,879
211753,20,-0.1,-0.02,-0.6,-0.3,2,0.1,0.1,0.15,60,70.34,4319,4027,113,3914,2673,930,0,231,0,80,0,292,33,4352,2753,1161,4352,1195960.09,15897.03,1150,783,612,349,262,198,134,426,2673,930,0,311
211754,20,-0.1,-0.02,-0.6,-0.3,2,0.1,0.1,0.15,60,53.38,4314,4022,206,3816,0,1229,0,550,0,2037,0,292,38,4352,2037,1779,4352,1798805.67,21611.33,103,240,157,135,123,128,196,2734,0,1229,0,2587
211755,20,-0.1,-0.02,-0.6,-0.3,2,0.1,0.1,0.15,60,81.46,4310,4018,119,3899,3020,0,0,723,0,156,0,292,42,4352,3176,723,4352,2425039.46,22928.69,1053,577,511,291,264,158,94,951,3020,0,0,879
211756,20,-0.1,-0.02,-0.6,-0.3,2,0.1,0.2,0.15,20,64.55,4319,4027,109,3918,1088,632,757,0,1441,0,0,292,33,4352,2529,1389,4352,2085760.24,22204.31,275,539,535,2569,0,0,0,0,1088,632,2198,0
211757,20,-0.1,-0.02,-0.6,-0.3,2,0.1,0.2,0.15,20,64.09,4319,4027,117,3910,0,635,769,0,2506,0,0,292,33,4352,2506,1404,4352,2274049.28,23854.27,103,240,157,3410,0,0,0,0,0,635,3275,0
211758,20,-0.1,-0.02,-0.6,-0.3,2,0.1,0.2,0.15,20,69.8,4311,4019,109,3910,1137,0,1181,0,1592,0,0,292,41,4352,2729,1181,4352,2737535.98,26248.51,172,303,398,3037,0,0,0,0,1137,0,2773,0
211759,20,-0.1,-0.02,-0.6,-0.3,2,0.1,0.2,0.15,30,60.37,4319,4027,181,3846,1476,871,653,0,846,0,0,292,33,4352,2322,1524,4352,2155615.75,23214.54,275,539,535,371,334,1792,0,0,1476,871,1499,0
211760,20,-0.1,-0.02,-0.6,-0.3,2,0.1,0.2,0.15,30,58.08,4316,4024,202,3822,0,886,716,0,2220,0,0,292,36,4352,2220,1602,4352,2169860.37,23144.81,103,240,157,135,123,3064,0,0,0,886,2936,0
211761,20,-0.1,-0.02,-0.6,-0.3,2,0.1,0.2,0.15,30,69.88,4311,4019,188,3831,1616,0,1154,0,1061,0,0,292,41,4352,2677,1154,4352,3501131.59,30987.85,172,303,398,264,264,2430,0,0,1616,0,2215,0
211762,20,-0.1,-0.02,-0.6,-0.3,2,0.1,0.2,0.15,40,58.99,4319,4027,184,3843,1653,1116,369,91,272,342,0,292,33,4352,2267,1576,4352,2016526.26,23205.16,275,539,535,371,334,293,262,1234,1653,1116,641,433
211763,20,-0.1,-0.02,-0.6,-0.3,2,0.1,0.2,0.15,40,55.17,4314,4022,205,3817,0,1168,443,100,654,1452,0,292,38,4352,2106,1711,4352,1972462.86,22857.22,103,240,157,135,123,128,196,2735,0,1168,1097,1552
211764,20,-0.1,-0.02,-0.6,-0.3,2,0.1,0.2,0.15,40,70.16,4310,4018,191,3827,1844,0,879,263,317,524,0,292,42,4352,2685,1142,4352,3667479.33,32638.36,172,303,398,264,264,215,151,2060,1844,0,1196,787
211765,20,-0.1,-0.02,-0.6,-0.3,2,0.1,0.2,0.15,50,57.91,4319,4027,185,3842,1660,1166,0,451,0,565,0,292,33,4352,2225,1617,4352,1917856.68,22608.5,275,539,535,371,334,293,262,1233,1660,1166,0,1016
211766,20,-0.1,-0.02,-0.6,-0.3,2,0.1,0.2,0.15,50,53.38,4314,4022,206,3816,0,1229,0,550,0,2037,0,292,38,4352,2037,1779,4352,1798805.67,21611.33,103,240,157,135,123,128,196,2734,0,1229,0,2587
211767,20,-0.1,-0.02,-0.6,-0.3,2,0.1,0.2,0.15,50,69.45,4310,4018,192,3826,1852,0,0,1169,0,805,0,292,42,4352,2657,1169,4352,3417409.29,31256.8,172,303,398,264,264,215,151,2059,1852,0,0,1974
211768,20,-0.1,-0.02,-0.6,-0.3,2,0.1,0.2,0.15,60,57.91,4319,4027,185,3842,1660,1166,0,451,0,565,0,292,33,4352,2225,1617,4352,1917856.68,22608.5,275,539,535,371,334,293,262,1233,1660,1166,0,1016
211769,20,-0.1,-0.02,-0.6,-0.3,2,0.1,0.2,0.15,60,53.38,4314,4022,206,3816,0,1229,0,550,0,2037,0,292,38,4352,2037,1779,4352,1798805.67,21611.33,103,240,157,135,123,128,196,2734,0,1229,0,2587
211770,20,-0.1,-0.02,-0.6,-0.3,2,0.1,0.2,0.15,60,69.45,4310,4018,192,3826,1852,0,0,1169,0,805,0,292,42,4352,2657,1169,4352,3417409.29,31256.8,172,303,398,264,264,215,151,2059,1852,0,0,1974
211771,20,-0.1,-0.02,-0.6,-0.3,2,0.2,0.1,0.15,20,65.84,4319,4027,78,3949,2163,597,752,0,437,0,0,292,33,4352,2600,1349,4352,996359.33,10257.89,1111,745,565,1528,0,0,0,0,2163,597,1189,0
211772,20,-0.1,-0.02,-0.6,-0.3,2,0.2,0.1,0.15,20,60.1,4319,4027,117,3910,0,635,925,0,2350,0,0,292,33,4352,2350,1560,4352,1661836.02,17184.57,103,240,157,3410,0,0,0,0,0,635,3275,0
211773,20,-0.1,-0.02,-0.6,-0.3,2,0.2,0.1,0.15,20,69.02,4311,4019,78,3941,2237,0,1221,0,483,0,0,292,41,4352,2720,1221,4352,1315597.17,13502.01,1009,526,440,1966,0,0,0,0,2237,0,1704,0
211774,20,-0.1,-0.02,-0.6,-0.3,2,0.2,0.1,0.15,30,67.58,4319,4027,116,3911,2459,784,484,0,184,0,0,292,33,4352,2643,1268,4352,1009792.15,10429.17,1111,745,565,339,262,889,0,0,2459,784,668,0
211775,20,-0.1,-0.02,-0.6,-0.3,2,0.2,0.1,0.15,30,55.44,4316,4024,202,3822,0,886,817,0,2119,0,0,292,36,4352,2119,1703,4352,1441637.69,14965.53,103,240,157,135,123,3064,0,0,0,886,2936,0
211776,20,-0.1,-0.02,-0.6,-0.3,2,0.2,0.1,0.15,30,73.84,4311,4019,123,3896,2626,0,1019,0,251,0,0,292,41,4352,2877,1019,4352,1605932.05,16495.73,1009,526,440,262,220,1439,0,0,2626,0,1270,0
211777,20,-0.1,-0.02,-0.6,-0.3,2,0.2,0.1,0.15,40,67.75,4319,4027,117,3910,2553,950,235,76,49,47,0,292,33,4352,2649,1261,4352,930602.82,9620.53,1111,745,565,339,262,221,157,510,2553,950,284,123
211778,20,-0.1,-0.02,-0.6,-0.3,2,0.2,0.1,0.15,40,52.0,4314,4022,205,3817,0,1168,514,150,583,1402,0,292,38,4352,1985,1832,4352,1305498.57,13503.31,103,240,157,135,123,128,196,2735,0,1168,1097,1552
211779,20,-0.1,-0.02,-0.6,-0.3,2,0.2,0.1,0.15,40,75.55,4310,4018,124,3894,2780,0,665,287,56,106,0,292,42,4352,2942,952,4352,1645203.98,16882.88,1009,526,440,262,220,169,91,1177,2780,0,721,393
211780,20,-0.1,-0.02,-0.6,-0.3,2,0.2,0.1,0.15,50,67.52,4319,4027,117,3910,2556,972,0,298,0,84,0,292,33,4352,2640,1270,4352,903160.54,9335.89,1111,745,565,339,262,221,157,510,2556,972,0,382
211781,20,-0.1,-0.02,-0.6,-0.3,2,0.2,0.1,0.15,50,50.73,4314,4022,206,3816,0,1229,0,651,0,1936,0,292,38,4352,1936,1880,4352,1182592.84,12209.39,103,240,157,135,123,128,196,2734,0,1229,0,2587
211782,20,-0.1,-0.02,-0.6,-0.3,2,0.2,0.1,0.15,50,75.35,4310,4018,124,3894,2784,0,0,960,0,150,0,292,42,4352,2934,960,4352,1572569.28,16125.57,1009,526,440,262,220,169,91,1177,2784,0,0,1110
211783,20,-0.1,-0.02,-0.6,-0.3,2,0.2,0.1,0.15,60,67.52,4319,4027,117,3910,2556,972,0,298,0,84,0,292,33,4352,2640,1270,4352,903160.54,9335.89,1111,745,565,339,262,221,157,510,2556,972,0,382
211784,20,-0.1,-0.02,-0.6,-0.3,2,0.2,0.1,0.15,60,50.73,4314,4022,206,3816,0,1229,0,651,0,1936,0,292,38,4352,1936,1880,4352,1182592.84,12209.39,103,240,157,135,123,128,196,2734,0,1229,0,2587
211785,20,-0.1,-0.02,-0.6,-0.3,2,0.2,0.1,0.15,60,75.35,4310,4018,124,3894,2784,0,0,960,0,150,0,292,42,4352,2934,960,4352,1572569.28,16125.57,1009,526,440,262,220,169,91,1177,2784,0,0,1110
211786,20,-0.1,-0.02,-0.6,-0.3,2,0.2,0.2,0.15,20,60.57,4319,4027,109,3918,1009,633,912,0,1364,0,0,292,33,4352,2373,1545,4352,1528110.62,15772.16,271,520,501,2626,0,0,0,0,1009,633,2276,0
211787,20,-0.1,-0.02,-0.6,-0.3,2,0.2,0.2,0.15,20,60.1,4319,4027,117,3910,0,635,925,0,2350,0,0,292,33,4352,2350,1560,4352,1661836.02,17184.57,103,240,157,3410,0,0,0,0,0,635,3275,0
211788,20,-0.1,-0.02,-0.6,-0.3,2,0.2,0.2,0.15,20,63.79,4311,4019,109,3910,1029,0,1416,0,1465,0,0,292,41,4352,2494,1416,4352,1868867.28,19238.46,168,283,350,3109,0,0,0,0,1029,0,2881,0
211789,20,-0.1,-0.02,-0.6,-0.3,2,0.2,0.2,0.15,30,57.54,4319,4027,181,3846,1362,876,757,0,851,0,0,292,33,4352,2213,1633,4352,1484210.35,15386.93,271,520,501,350,307,1897,0,0,1362,876,1608,0
211790,20,-0.1,-0.02,-0.6,-0.3,2,0.2,0.2,0.15,30,55.44,4316,4024,202,3822,0,886,817,0,2119,0,0,292,36,4352,2119,1703,4352,1441637.69,14965.53,103,240,157,135,123,3064,0,0,0,886,2936,0
211791,20,-0.1,-0.02,-0.6,-0.3,2,0.2,0.2,0.15,30,64.13,4311,4019,188,3831,1435,0,1374,0,1022,0,0,292,41,4352,2457,1374,4352,2171044.39,22376.16,168,283,350,228,218,2584,0,0,1435,0,2396,0
211792,20,-0.1,-0.02,-0.6,-0.3,2,0.2,0.2,0.15,40,55.66,4319,4027,184,3843,1522,1128,440,136,234,383,0,292,33,4352,2139,1704,4352,1384582.58,14391.19,271,520,501,350,307,289,263,1342,1522,1128,674,519
211793,20,-0.1,-0.02,-0.6,-0.3,2,0.2,0.2,0.15,40,52.0,4314,4022,205,3817,0,1168,514,150,583,1402,0,292,38,4352,1985,1832,4352,1305498.57,13503.31,103,240,157,135,123,128,196,2735,0,1168,1097,1552
211794,20,-0.1,-0.02,-0.6,-0.3,2,0.2,0.2,0.15,40,63.76,4310,4018,191,3827,1629,0,1002,385,250,561,0,292,42,4352,2440,1387,4352,2223120.66,22918.03,168,283,350,228,218,188,142,2250,1629,0,1252,946
211795,20,-0.1,-0.02,-0.6,-0.3,2,0.2,0.2,0.15,50,54.97,4319,4027,185,3842,1530,1180,0,550,0,582,0,292,33,4352,2112,1730,4352,1318409.23,13705.46,271,520,501,350,307,289,263,1341,1530,1180,0,1132
211796,20,-0.1,-0.02,-0.6,-0.3,2,0.2,0.2,0.15,50,50.73,4314,4022,206,3816,0,1229,0,651,0,1936,0,292,38,4352,1936,1880,4352,1182592.84,12209.39,103,240,157,135,123,128,196,2734,0,1229,0,2587
211797,20,-0.1,-0.02,-0.6,-0.3,2,0.2,0.2,0.15,50,63.04,4310,4018,192,3826,1637,0,0,1414,0,775,0,292,42,4352,2412,1414,4352,2077018.2,21402.0,168,283,350,228,218,188,142,2249,1637,0,0,2189
211798,20,-0.1,-0.02,-0.6,-0.3,2,0.2,0.2,0.15,60,54.97,4319,4027,185,3842,1530,1180,0,550,0,582,0,292,33,4352,2112,1730,4352,1318409.23,13705.46,271,520,501,350,307,289,263,1341,1530,1180,0,1132
211799,20,-0.1,-0.02,-0.6,-0.3,2,0.2,0.2,0.15,60,50.73,4314,4022,206,3816,0,1229,0,651,0,1936,0,292,38,4352,1936,1880,4352,1182592.84,12209.39,103,240,157,135,123,128,196,2734,0,1229,0,2587
211800,20,-0.1,-0.02,-0.6,-0.3,2,0.2,0.2,0.15,60,63.04,4310,4018,192,3826,1637,0,0,1414,0,775,0,292,42,4352,2412,1414,4352,2077018.2,21402.0,168,283,350,228,218,188,142,2249,1637,0,0,2189
211801,20,-0.1,-0.02,-0.6,-0.25,1,0.1,0.1,0.15,20,64.39,5099,4789,88,4701,2457,706,968,0,570,0,0,310,43,5142,3027,1674,5142,1053128.42,10809.36,1243,848,656,1954,0,0,0,0,2457,706,1538,0
211802,20,-0.1,-0.02,-0.6,-0.25,1,0.1,0.1,0.15,20,58.91,5099,4789,131,4658,0,746,1168,0,2744,0,0,310,43,5142,2744,1914,5142,1696752.21,17522.86,134,262,191,4071,0,0,0,0,0,746,3912,0
211803,20,-0.1,-0.02,-0.6,-0.25,1,0.1,0.1,0.15,20,67.21,5089,4779,89,4690,2534,0,1538,0,618,0,0,310,53,5142,3152,1538,5142,1389812.94,14233.42,1111,609,497,2473,0,0,0,0,2534,0,2156,0
211804,20,-0.1,-0.02,-0.6,-0.25,1,0.1,0.1,0.15,30,65.71,5099,4789,134,4655,2804,936,660,0,255,0,0,310,43,5142,3059,1596,5142,1058113.43,10922.41,1243,848,656,416,311,1181,0,0,2804,936,915,0
211805,20,-0.1,-0.02,-0.6,-0.25,1,0.1,0.1,0.15,30,54.04,5096,4786,230,4556,0,1047,1047,0,2462,0,0,310,46,5142,2462,2094,5142,1433108.01,14919.6,134,262,191,159,153,3657,0,0,0,1047,3509,0
211806,20,-0.1,-0.02,-0.6,-0.25,1,0.1,0.1,0.15,30,71.38,5089,4779,142,4637,2983,0,1327,0,327,0,0,310,53,5142,3310,1327,5142,1705735.62,17517.2,1111,609,497,317,248,1855,0,0,2983,0,1654,0
211807,20,-0.1,-0.02,-0.6,-0.25,1,0.1,0.1,0.15,40,66.05,5099,4789,135,4654,2930,1137,332,111,75,69,0,310,43,5142,3074,1580,5142,967168.72,9972.91,1243,848,656,416,311,266,192,722,2930,1137,407,180
211808,20,-0.1,-0.02,-0.6,-0.25,1,0.1,0.1,0.15,40,50.87,5094,4784,233,4551,0,1376,664,196,693,1622,0,310,48,5142,2315,2236,5142,1240847.5,12875.58,134,262,191,159,153,148,231,3273,0,1376,1357,1818
211809,20,-0.1,-0.02,-0.6,-0.25,1,0.1,0.1,0.15,40,73.33,5088,4778,144,4634,3178,0,853,383,83,137,0,310,54,5142,3398,1236,5142,1768138.23,18107.62,1111,609,497,317,248,201,111,1540,3178,0,936,520
211810,20,-0.1,-0.02,-0.6,-0.25,1,0.1,0.1,0.15,50,65.77,5099,4789,135,4654,2936,1164,0,429,0,125,0,310,43,5142,3061,1593,5142,932089.14,9610.3,1243,848,656,416,311,266,192,722,2936,1164,0,554
211811,20,-0.1,-0.02,-0.6,-0.25,1,0.1,0.1,0.15,50,49.71,5094,4784,234,4550,0,1450,0,838,0,2262,0,310,48,5142,2262,2288,5142,1096966.54,11371.89,134,262,191,159,153,148,231,3272,0,1450,0,3100
211812,20,-0.1,-0.02,-0.6,-0.25,1,0.1,0.1,0.15,50,73.11,5088,4778,144,4634,3185,0,0,1246,0,203,0,310,54,5142,3388,1246,5142,1680813.92,17201.26,1111,609,497,317,248,201,111,1540,3185,0,0,1449
211813,20,-0.1,-0.02,-0.6,-0.25,1,0.1,0.1,0.15,60,65.77,5099,4789,135,4654,2936,1164,0,429,0,125,0,310,43,5142,3061,1593,5142,932089.14,9610.3,1243,848,656,416,311,266,192,722,2936,1164,0,554
211814,20,-0.1,-0.02,-0.6,-0.25,1,0.1,0.1,0.15,60,49.71,5094,4784,234,4550,0,1450,0,838,0,2262,0,310,48,5142,2262,2288,5142,1096966.54,11371.89,134,262,191,159,153,148,231,3272,0,1450,0,3100
211815,20,-0.1,-0.02,-0.6,-0.25,1,0.1,0.1,0.15,60,73.11,5088,4778,144,4634,3185,0,0,1246,0,203,0,310,54,5142,3388,1246,5142,1680813.92,17201.26,1111,609,497,317,248,201,111,1540,3185,0,0,1449
211816,20,-0.1,-0.02,-0.6,-0.25,1,0.1,0.2,0.15,20,59.33,5099,4789,122,4667,1085,744,1154,0,1684,0,0,310,43,5142,2769,1898,5142,1584807.2,16340.74,308,562,558,3239,0,0,0,0,1085,744,2838,0
211817,20,-0.1,-0.02,-0.6,-0.25,1,0.1,0.2,0.15,20,58.91,5099,4789,131,4658,0,746,1168,0,2744,0,0,310,43,5142,2744,1914,5142,1696752.21,17522.86,134,262,191,4071,0,0,0,0,0,746,3912,0
211818,20,-0.1,-0.02,-0.6,-0.25,1,0.1,0.2,0.15,20,62.16,5089,4779,123,4656,1105,0,1762,0,1789,0,0,310,53,5142,2894,1762,5142,1934375.28,19898.31,174,303,373,3806,0,0,0,0,1105,0,3551,0
211819,20,-0.1,-0.02,-0.6,-0.25,1,0.1,0.2,0.15,30,56.08,5099,4789,206,4583,1484,1036,977,0,1086,0,0,310,43,5142,2570,2013,5142,1534633.57,15932.81,308,562,558,401,365,2389,0,0,1484,1036,2063,0
211820,20,-0.1,-0.02,-0.6,-0.25,1,0.1,0.2,0.15,30,54.04,5096,4786,230,4556,0,1047,1047,0,2462,0,0,310,46,5142,2462,2094,5142,1433108.01,14919.6,134,262,191,159,153,3657,0,0,0,1047,3509,0
211821,20,-0.1,-0.02,-0.6,-0.25,1,0.1,0.2,0.15,30,61.97,5089,4779,214,4565,1557,0,1736,0,1272,0,0,310,53,5142,2829,1736,5142,2267203.92,23389.12,174,303,373,255,247,3213,0,0,1557,0,3008,0
211822,20,-0.1,-0.02,-0.6,-0.25,1,0.1,0.2,0.15,40,54.3,5099,4789,209,4580,1677,1334,577,182,310,500,0,310,43,5142,2487,2093,5142,1403896.53,14621.4,308,562,558,401,365,326,319,1741,1677,1334,887,682
211823,20,-0.1,-0.02,-0.6,-0.25,1,0.1,0.2,0.15,40,50.87,5094,4784,233,4551,0,1376,664,196,693,1622,0,310,48,5142,2315,2236,5142,1240847.5,12875.58,134,262,191,159,153,148,231,3273,0,1376,1357,1818
211824,20,-0.1,-0.02,-0.6,-0.25,1,0.1,0.2,0.15,40,61.75,5088,4778,218,4560,1787,0,1246,498,330,699,0,310,54,5142,2816,1744,5142,2314874.6,23873.2,174,303,373,255,247,205,171,2832,1787,0,1576,1197
211825,20,-0.1,-0.02,-0.6,-0.25,1,0.1,0.2,0.15,50,53.59,5099,4789,210,4579,1685,1397,0,728,0,769,0,310,43,5142,2454,2125,5142,1321310.26,13774.27,308,562,558,401,365,326,319,1740,1685,1397,0,1497
211826,20,-0.1,-0.02,-0.6,-0.25,1,0.1,0.2,0.15,50,49.71,5094,4784,234,4550,0,1450,0,838,0,2262,0,310,48,5142,2262,2288,5142,1096966.54,11371.89,134,262,191,159,153,148,231,3272,0,1450,0,3100
211827,20,-0.1,-0.02,-0.6,-0.25,1,0.1,0.2,0.15,50,61.07,5088,4778,219,4559,1795,0,0,1775,0,989,0,310,54,5142,2784,1775,5142,2141627.49,22089.42,174,303,373,255,247,205,171,2831,1795,0,0,2764
211828,20,-0.1,-0.02,-0.6,-0.25,1,0.1,0.2,0.15,60,53.59,5099,4789,210,4579,1685,1397,0,728,0,769,0,310,43,5142,2454,2125,5142,1321310.26,13774.27,308,562,558,401,365,326,319,1740,1685,1397,0,1497
211829,20,-0.1,-0.02,-0.6,-0.25,1,0.1,0.2,0.15,60,49.71,5094,4784,234,4550,0,1450,0,838,0,2262,0,310,48,5142,2262,2288,5142,1096966.54,11371.89,134,262,191,159,153,148,231,3272,0,1450,0,3100
211830,20,-0.1,-0.02,-0.6,-0.25,1,0.1,0.2,0.15,60,61.07,5088,4778,219,4559,1795,0,0,1775,0,989,0,310,54,5142,2784,1775,5142,2141627.49,22089.42,174,303,373,255,247,205,171,2831,1795,0,0,2764
211831,20,-0.1,-0.02,-0.6,-0.25,1,0.2,0.1,0.15,20,64.39,5099,4789,88,4701,2457,706,968,0,570,0,0,310,43,5142,3027,1674,5142,1053128.42,10809.36,1243,848,656,1954,0,0,0,0,2457,706,1538,0
211832,20,-0.1,-0.02,-0.6,-0.25,1,0.2,0.1,0.15,20,58.91,5099,4789,131,4658,0,746,1168,0,2744,0,0,310,43,5142,2744,1914,5142,1696752.21,17522.86,134,262,191,4071,0,0,0,0,0,746,3912,0
211833,20,-0.1,-0.02,-0.6,-0.25,1,0.2,0.1,0.15,20,67.21,5089,4779,89,4690,2534,0,1538,0,618,0,0,310,53,5142,3152,1538,5142,1389812.94,14233.42,1111,609,497,2473,0,0,0,0,2534,0,2156,0
211834,20,-0.1,-0.02,-0.6,-0.25,1,0.2,0.1,0.15,30,65.71,5099,4789,134,4655,2804,936,660,0,255,0,0,310,43,5142,3059,1596,5142,1058113.43,10922.41,1243,848,656,416,311,1181,0,0,2804,936,915,0
211835,20,-0.1,-0.02,-0.6,-0.25,1,0.2,0.1,0.15,30,54.04,5096,4786,230,4556,0,1047,1047,0,2462,0,0,310,46,5142,2462,2094,5142,1433108.01,14919.6,134,262,191,159,153,3657,0,0,0,1047,3509,0
211836,20,-0.1,-0.02,-0.6,-0.25,1,0.2,0.1,0.15,30,71.38,5089,4779,142,4637,2983,0,1327,0,327,0,0,310,53,5142,3310,1327,5142,1705735.62,17517.2,1111,609,497,317,248,1855,0,0,2983,0,1654,0
211837,20,-0.1,-0.02,-0.6,-0.25,1,0.2,0.1,0.15,40,66.05,5099,4789,135,4654,2930,1137,332,111,75,69,0,310,43,5142,3074,1580,5142,967168.72,9972.91,1243,848,656,416,311,266,192,722,2930,1137,407,180
211838,20,-0.1,-0.02,-0.6,-0.25,1,0.2,0.1,0.15,40,50.87,5094,4784,233,4551,0,1376,664,196,693,1622,0,310,48,5142,2315,2236,5142,1240847.5,12875.58,134,262,191,159,153,148,231,3273,0,1376,1357,1818
211839,20,-0.1,-0.02,-0.6,-0.25,1,0.2,0.1,0.15,40,73.33,5088,4778,144,4634,3178,0,853,383,83,137,0,310,54,5142,3398,1236,5142,1768138.23,18107.62,1111,609,497,317,248,201,111,1540,3178,0,936,520
211840,20,-0.1,-0.02,-0.6,-0.25,1,0.2,0.1,0.15,50,65.77,5099,4789,135,4654,2936,1164,0,429,0,125,0,310,43,5142,3061,1593,5142,932089.14,9610.3,1243,848,656,416,311,266,192,722,2936,1164,0,554
211841,20,-0.1,-0.02,-0.6,-0.25,1,0.2,0.1,0.15,50,49.71,5094,4784,234,4550,0,1450,0,838,0,2262,0,310,48,5142,2262,2288,5142,1096966.54,11371.89,134,262,191,159,153,148,231,3272,0,1450,0,3100
211842,20,-0.1,-0.02,-0.6,-0.25,1,0.2,0.1,0.15,50,73.11,5088,4778,144,4634,3185,0,0,1246,0,203,0,310,54,5142,3388,1246,5142,1680813.92,17201.26,1111,609,497,317,248,201,111,1540,3185,0,0,1449
211843,20,-0.1,-0.02,-0.6,-0.25,1,0.2,0.1,0.15,60,65.77,5099,4789,135,4654,2936,1164,0,429,0,125,0,310,43,5142,3061,1593,5142,932089.14,9610.3,1243,848,656,416,311,266,192,722,2936,1164,0,554
211844,20,-0.1,-0.02,-0.6,-0.25,1,0.2,0.1,0.15,60,49.71,5094,4784,234,4550,0,1450,0,838,0,2262,0,310,48,5142,2262,2288,5142,1096966.54,11371.89,134,262,191,159,153,148,231,3272,0,1450,0,3100
211845,20,-0.1,-0.02,-0.6,-0.25,1,0.2,0.1,0.15,60,73.11,5088,4778,144,4634,3185,0,0,1246,0,203,0,310,54,5142,3388,1246,5142,1680813.92,17201.26,1111,609,497,317,248,201,111,1540,3185,0,0,1449
211846,20,-0.1,-0.02,-0.6,-0.25,1,0.2,0.2,0.15,20,59.33,5099,4789,122,4667,1085,744,1154,0,1684,0,0,310,43,5142,2769,1898,5142,1584807.2,16340.74,308,562,558,3239,0,0,0,0,1085,744,2838,0
211847,20,-0.1,-0.02,-0.6,-0.25,1,0.2,0.2,0.15,20,58.91,5099,4789,131,4658,0,746,1168,0,2744,0,0,310,43,5142,2744,1914,5142,1696752.21,17522.86,134,262,191,4071,0,0,0,0,0,746,3912,0
211848,20,-0.1,-0.02,-0.6,-0.25,1,0.2,0.2,0.15,20,62.16,5089,4779,123,4656,1105,0,1762,0,1789,0,0,310,53,5142,2894,1762,5142,1934375.28,19898.31,174,303,373,3806,0,0,0,0,1105,0,3551,0
211849,20,-0.1,-0.02,-0.6,-0.25,1,0.2,0.2,0.15,30,56.08,5099,4789,206,4583,1484,1036,977,0,1086,0,0,310,43,5142,2570,2013,5142,1534633.57,15932.81,308,562,558,401,365,2389,0,0,1484,1036,2063,0
211850,20,-0.1,-0.02,-0.6,-0.25,1,0.2,0.2,0.15,30,54.04,5096,4786,230,4556,0,1047,1047,0,2462,0,0,310,46,5142,2462,2094,5142,1433108.01,14919.6,134,262,191,159,153,3657,0,0,0,1047,3509,0
211851,20,-0.1,-0.02,-0.6,-0.25,1,0.2,0.2,0.15,30,61.97,5089,4779,214,4565,1557,0,1736,0,1272,0,0,310,53,5142,2829,1736,5142,2267203.92,23389.12,174,303,373,255,247,3213,0,0,1557,0,3008,0
211852,20,-0.1,-0.02,-0.6,-0.25,1,0.2,0.2,0.15,40,54.3,5099,4789,209,4580,1677,1334,577,182,310,500,0,310,43,5142,2487,2093,5142,1403896.53,14621.4,308,562,558,401,365,326,319,1741,1677,1334,887,682
211853,20,-0.1,-0.02,-0.6,-0.25,1,0.2,0.2,0.15,40,50.87,5094,4784,233,4551,0,1376,664,196,693,1622,0,310,48,5142,2315,2236,5142,1240847.5,12875.58,134,262,191,159,153,148,231,3273,0,1376,1357,1818
211854,20,-0.1,-0.02,-0.6,-0.25,1,0.2,0.2,0.15,40,61.75,5088,4778,218,4560,1787,0,1246,498,330,699,0,310,54,5142,2816,1744,5142,2314874.6,23873.2,174,303,373,255,247,205,171,2832,1787,0,1576,1197
211855,20,-0.1,-0.02,-0.6,-0.25,1,0.2,0.2,0.15,50,53.59,5099,4789,210,4579,1685,1397,0,728,0,769,0,310,43,5142,2454,2125,5142,1321310.26,13774.27,308,562,558,401,365,326,319,1740,1685,1397,0,1497
211856,20,-0.1,-0.02,-0.6,-0.25,1,0.2,0.2,0.15,50,49.71,5094,4784,234,4550,0,1450,0,838,0,2262,0,310,48,5142,2262,2288,5142,1096966.54,11371.89,134,262,191,159,153,148,231,3272,0,1450,0,3100
211857,20,-0.1,-0.02,-0.6,-0.25,1,0.2,0.2,0.15,50,61.07,5088,4778,219,4559,1795,0,0,1775,0,989,0,310,54,5142,2784,1775,5142,2141627.49,22089.42,174,303,373,255,247,205,171,2831,1795,0,0,2764
211858,20,-0.1,-0.02,-0.6,-0.25,1,0.2,0.2,0.15,60,53.59,5099,4789,210,4579,1685,1397,0,728,0,769,0,310,43,5142,2454,2125,5142,1321310.26,13774.27,308,562,558,401,365,326,319,1740,1685,1397,0,1497
211859,20,-0.1,-0.02,-0.6,-0.25,1,0.2,0.2,0.15,60,49.71,5094,4784,234,4550,0,1450,0,838,0,2262,0,310,48,5142,2262,2288,5142,1096966.54,11371.89,134,262,191,159,153,148,231,3272,0,1450,0,3100
211860,20,-0.1,-0.02,-0.6,-0.25,1,0.2,0.2,0.15,60,61.07,5088,4778,219,4559,1795,0,0,1775,0,989,0,310,54,5142,2784,1775,5142,2141627.49,22089.42,174,303,373,255,247,205,171,2831,1795,0,0,2764
211861,20,-0.1,-0.02,-0.6,-0.25,2,0.1,0.1,0.15,20,67.95,5099,4789,87,4702,2624,696,811,0,571,0,0,310,43,5142,3195,1507,5142,1428787.45,17302.99,1286,893,709,1814,0,0,0,0,2624,696,1382,0
211862,20,-0.1,-0.02,-0.6,-0.25,2,0.1,0.1,0.15,20,62.71,5099,4789,131,4658,0,746,991,0,2921,0,0,310,43,5142,2921,1737,5142,2353044.32,25355.42,134,262,191,4071,0,0,0,0,0,746,3912,0
211863,20,-0.1,-0.02,-0.6,-0.25,2,0.1,0.1,0.15,20,72.78,5089,4779,88,4691,2759,0,1277,0,655,0,0,310,53,5142,3414,1277,5142,2033128.87,21103.52,1160,667,579,2285,0,0,0,0,2759,0,1932,0
211864,20,-0.1,-0.02,-0.6,-0.25,2,0.1,0.1,0.15,30,69.1,5099,4789,129,4660,2966,911,529,0,254,0,0,310,43,5142,3220,1440,5142,1451564.93,18273.78,1286,893,709,432,310,1030,0,0,2966,911,783,0
211865,20,-0.1,-0.02,-0.6,-0.25,2,0.1,0.1,0.15,30,57.0,5096,4786,230,4556,0,1047,912,0,2597,0,0,310,46,5142,2597,1959,5142,2225219.27,24607.26,134,262,191,159,153,3657,0,0,0,1047,3509,0
211866,20,-0.1,-0.02,-0.6,-0.25,2,0.1,0.1,0.15,30,77.43,5089,4779,136,4643,3252,0,1048,0,343,0,0,310,53,5142,3595,1048,5142,2602507.11,25005.63,1160,667,579,353,293,1591,0,0,3252,0,1391,0
211867,20,-0.1,-0.02,-0.6,-0.25,2,0.1,0.1,0.15,40,69.52,5099,4789,130,4659,3079,1091,262,67,100,60,0,310,43,5142,3239,1420,5142,1322028.03,18037.14,1286,893,709,432,310,247,170,612,3079,1091,362,127
211868,20,-0.1,-0.02,-0.6,-0.25,2,0.1,0.1,0.15,40,54.27,5094,4784,233,4551,0,1376,574,131,783,1687,0,310,48,5142,2470,2081,5142,1963496.44,23967.87,134,262,191,159,153,148,231,3273,0,1376,1357,1818
211869,20,-0.1,-0.02,-0.6,-0.25,2,0.1,0.1,0.15,40,79.81,5088,4778,138,4640,3458,0,700,237,122,123,0,310,54,5142,3703,937,5142,2768687.16,26311.28,1160,667,579,353,293,200,117,1271,3458,0,822,360
211870,20,-0.1,-0.02,-0.6,-0.25,2,0.1,0.1,0.15,50,69.03,5099,4789,130,4659,3085,1113,0,330,0,131,0,310,43,5142,3216,1443,5142,1272647.34,17771.31,1286,893,709,432,310,247,170,612,3085,1113,0,461
211871,20,-0.1,-0.02,-0.6,-0.25,2,0.1,0.1,0.15,50,52.66,5094,4784,234,4550,0,1450,0,704,0,2396,0,310,48,5142,2396,2154,5142,1757996.72,22521.92,134,262,191,159,153,148,231,3272,0,1450,0,3100
211872,20,-0.1,-0.02,-0.6,-0.25,2,0.1,0.1,0.15,50,79.57,5088,4778,138,4640,3465,0,0,948,0,227,0,310,54,5142,3692,948,5142,2628211.6,25581.73,1160,667,579,353,293,200,117,1271,3465,0,0,1175
211873,20,-0.1,-0.02,-0.6,-0.25,2,0.1,0.1,0.15,60,69.03,5099,4789,130,4659,3085,1113,0,330,0,131,0,310,43,5142,3216,1443,5142,1272647.34,17771.31,1286,893,709,432,310,247,170,612,3085,1113,0,461
211874,20,-0.1,-0.02,-0.6,-0.25,2,0.1,0.1,0.15,60,52.66,5094,4784,234,4550,0,1450,0,704,0,2396,0,310,48,5142,2396,2154,5142,1757996.72,22521.92,134,262,191,159,153,148,231,3272,0,1450,0,3100
211875,20,-0.1,-0.02,-0.6,-0.25,2,0.1,0.1,0.15,60,79.57,5088,4778,138,4640,3465,0,0,948,0,227,0,310,54,5142,3692,948,5142,2628211.6,25581.73,1160,667,579,353,293,200,117,1271,3465,0,0,1175
211876,20,-0.1,-0.02,-0.6,-0.25,2,0.1,0.2,0.15,20,63.12,5099,4789,122,4667,1169,743,978,0,1777,0,0,310,43,5142,2946,1721,5142,2178861.75,23896.4,312,583,592,3180,0,0,0,0,1169,743,2755,0
211877,20,-0.1,-0.02,-0.6,-0.25,2,0.1,0.2,0.15,20,62.71,5099,4789,131,4658,0,746,991,0,2921,0,0,310,43,5142,2921,1737,5142,2353044.32,25355.42,134,262,191,4071,0,0,0,0,0,746,3912,0
211878,20,-0.1,-0.02,-0.6,-0.25,2,0.1,0.2,0.15,20,67.93,5089,4779,123,4656,1218,0,1493,0,1945,0,0,310,53,5142,3163,1493,5142,2839404.41,28091.87,178,325,421,3732,0,0,0,0,1218,0,3438,0
211879,20,-0.1,-0.02,-0.6,-0.25,2,0.1,0.2,0.15,30,59.2,5099,4789,206,4583,1616,1031,839,0,1097,0,0,310,43,5142,2713,1870,5142,2273297.53,25267.97,312,583,592,425,398,2273,0,0,1616,1031,1936,0
211880,20,-0.1,-0.02,-0.6,-0.25,2,0.1,0.2,0.15,30,57.0,5096,4786,230,4556,0,1047,912,0,2597,0,0,310,46,5142,2597,1959,5142,2225219.27,24607.26,134,262,191,159,153,3657,0,0,0,1047,3509,0
211881,20,-0.1,-0.02,-0.6,-0.25,2,0.1,0.2,0.15,30,67.97,5089,4779,214,4565,1764,0,1462,0,1339,0,0,310,53,5142,3103,1462,5142,3708129.84,33647.16,178,325,421,294,302,3045,0,0,1764,0,2801,0
211882,20,-0.1,-0.02,-0.6,-0.25,2,0.1,0.2,0.15,40,57.86,5099,4789,209,4580,1828,1321,487,122,360,462,0,310,43,5142,2650,1930,5142,2099628.52,25182.97,312,583,592,425,398,337,316,1617,1828,1321,847,584
211883,20,-0.1,-0.02,-0.6,-0.25,2,0.1,0.2,0.15,40,54.27,5094,4784,233,4551,0,1376,574,131,783,1687,0,310,48,5142,2470,2081,5142,1963496.44,23967.87,134,262,191,159,153,148,231,3273,0,1376,1357,1818
211884,20,-0.1,-0.02,-0.6,-0.25,2,0.1,0.2,0.15,40,68.51,5088,4778,218,4560,2033,0,1094,342,415,676,0,310,54,5142,3124,1436,5142,3902873.74,35520.24,178,325,421,294,302,244,182,2614,2033,0,1509,1018
211885,20,-0.1,-0.02,-0.6,-0.25,2,0.1,0.2,0.15,50,56.8,5099,4789,210,4579,1836,1382,0,596,0,765,0,310,43,5142,2601,1978,5142,1975006.09,24434.5,312,583,592,425,398,337,316,1616,1836,1382,0,1361
211886,20,-0.1,-0.02,-0.6,-0.25,2,0.1,0.2,0.15,50,52.66,5094,4784,234,4550,0,1450,0,704,0,2396,0,310,48,5142,2396,2154,5142,1757996.72,22521.92,134,262,191,159,153,148,231,3272,0,1450,0,3100
211887,20,-0.1,-0.02,-0.6,-0.25,2,0.1,0.2,0.15,50,67.73,5088,4778,219,4559,2042,0,0,1471,0,1046,0,310,54,5142,3088,1471,5142,3596171.27,33872.24,178,325,421,294,302,244,182,2613,2042,0,0,2517
211888,20,-0.1,-0.02,-0.6,-0.25,2,0.1,0.2,0.15,60,56.8,5099,4789,210,4579,1836,1382,0,596,0,765,0,310,43,5142,2601,1978,5142,1975006.09,24434.5,312,583,592,425,398,337,316,1616,1836,1382,0,1361
211889,20,-0.1,-0.02,-0.6,-0.25,2,0.1,0.2,0.15,60,52.66,5094,4784,234,4550,0,1450,0,704,0,2396,0,310,48,5142,2396,2154,5142,1757996.72,22521.92,134,262,191,159,153,148,231,3272,0,1450,0,3100
211890,20,-0.1,-0.02,-0.6,-0.25,2,0.1,0.2,0.15,60,67.73,5088,4778,219,4559,2042,0,0,1471,0,1046,0,310,54,5142,3088,1471,5142,3596171.27,33872.24,178,325,421,294,302,244,182,2613,2042,0,0,2517
211891,20,-0.1,-0.02,-0.6,-0.25,2,0.2,0.1,0.15,20,64.39,5099,4789,88,4701,2457,706,968,0,570,0,0,310,43,5142,3027,1674,5142,1053128.42,10809.36,1243,848,656,1954,0,0,0,0,2457,706,1538,0
211892,20,-0.1,-0.02,-0.6,-0.25,2,0.2,0.1,0.15,20,58.91,5099,4789,131,4658,0,746,1168,0,2744,0,0,310,43,5142,2744,1914,5142,1696752.21,17522.86,134,262,191,4071,0,0,0,0,0,746,3912,0
211893,20,-0.1,-0.02,-0.6,-0.25,2,0.2,0.1,0.15,20,67.21,5089,4779,89,4690,2534,0,1538,0,618,0,0,310,53,5142,3152,1538,5142,1389812.94,14233.42,1111,609,497,2473,0,0,0,0,2534,0,2156,0
211894,20,-0.1,-0.02,-0.6,-0.25,2,0.2,0.1,0.15,30,65.71,5099,4789,134,4655,2804,936,660,0,255,0,0,310,43,5142,3059,1596,5142,1058113.43,10922.41,1243,848,656,416,311,1181,0,0,2804,936,915,0
211895,20,-0.1,-0.02,-0.6,-0.25,2,0.2,0.1,0.15,30,54.04,5096,4786,230,4556,0,1047,1047,0,2462,0,0,310,46,5142,2462,2094,5142,1433108.01,14919.6,134,262,191,159,153,3657,0,0,0,1047,3509,0
211896,20,-0.1,-0.02,-0.6,-0.25,2,0.2,0.1,0.15,30,71.38,5089,4779,142,4637,2983,0,1327,0,327,0,0,310,53,5142,3310,1327,5142,1705735.62,17517.2,1111,609,497,317,248,1855,0,0,2983,0,1654,0
211897,20,-0.1,-0.02,-0.6,-0.25,2,0.2,0.1,0.15,40,66.05,5099,4789,135,4654,2930,1137,332,111,75,69,0,310,43,5142,3074,1580,5142,967168.72,9972.91,1243,848,656,416,311,266,192,722,2930,1137,407,180
211898,20,-0.1,-0.02,-0.6,-0.25,2,0.2,0.1,0.15,40,50.87,5094,4784,233,4551,0,1376,664,196,693,1622,0,310,48,5142,2315,2236,5142,1240847.5,12875.58,134,262,191,159,153,148,231,3273,0,1376,1357,1818
211899,20,-0.1,-0.02,-0.6,-0.25,2,0.2,0.1,0.15,40,73.33,5088,4778,144,4634,3178,0,853,383,83,137,0,310,54,5142,3398,1236,5142,1768138.23,18107.62,1111,609,497,317,248,201,111,1540,3178,0,936,520
211900,20,-0.1,-0.02,-0.6,-0.25,2,0.2,0.1,0.15,50,65.77,5099,4789,135,4654,2936,1164,0,429,0,125,0,310,43,5142,3061,1593,5142,932089.14,9610.3,1243,848,656,416,311,266,192,722,2936,1164,0,554
211901,20,-0.1,-0.02,-0.6,-0.25,2,0.2,0.1,0.15,50,49.71,5094,4784,234,4550,0,1450,0,838,0,2262,0,310,48,5142,2262,2288,5142,1096966.54,11371.89,134,262,191,159,153,148,231,3272,0,1450,0,3100
211902,20,-0.1,-0.02,-0.6,-0.25,2,0.2,0.1,0.15,50,73.11,5088,4778,144,4634,3185,0,0,1246,0,203,0,310,54,5142,3388,1246,5142,1680813.92,17201.26,1111,609,497,317,248,201,111,1540,3185,0,0,1449
211903,20,-0.1,-0.02,-0.6,-0.25,2,0.2,0.1,0.15,60,65.77,5099,4789,135,4654,2936,1164,0,429,0,125,0,310,43,5142,3061,1593,5142,932089.14,9610.3,1243,848,656,416,311,266,192,722,2936,1164,0,554
211904,20,-0.1,-0.02,-0.6,-0.25,2,0.2,0.1,0.15,60,49.71,5094,4784,234,4550,0,1450,0,838,0,2262,0,310,48,5142,2262,2288,5142,1096966.54,11371.89,134,262,191,159,153,148,231,3272,0,1450,0,3100
211905,20,-0.1,-0.02,-0.6,-0.25,2,0.2,0.1,0.15,60,73.11,5088,4778,144,4634,3185,0,0,1246,0,203,0,310,54,5142,3388,1246,5142,1680813.92,17201.26,1111,609,497,317,248,201,111,1540,3185,0,0,1449
211906,20,-0.1,-0.02,-0.6,-0.25,2,0.2,0.2,0.15,20,59.33,5099,4789,122,4667,1085,744,1154,0,1684,0,0,310,43,5142,2769,1898,5142,1584807.2,16340.74,308,562,558,3239,0,0,0,0,1085,744,2838,0
211907,20,-0.1,-0.02,-0.6,-0.25,2,0.2,0.2,0.15,20,58.91,5099,4789,131,4658,0,746,1168,0,2744,0,0,310,43,5142,2744,1914,5142,1696752.21,17522.86,134,262,191,4071,0,0,0,0,0,746,3912,0
211908,20,-0.1,-0.02,-0.6,-0.25,2,0.2,0.2,0.15,20,62.16,5089,4779,123,4656,1105,0,1762,0,1789,0,0,310,53,5142,2894,1762,5142,1934375.28,19898.31,174,303,373,3806,0,0,0,0,1105,0,3551,0
211909,20,-0.1,-0.02,-0.6,-0.25,2,0.2,0.2,0.15,30,56.08,5099,4789,206,4583,1484,1036,977,0,1086,0,0,310,43,5142,2570,2013,5142,1534633.57,15932.81,308,562,558,401,365,2389,0,0,1484,1036,2063,0
211910,20,-0.1,-0.02,-0.6,-0.25,2,0.2,0.2,0.15,30,54.04,5096,4786,230,4556,0,1047,1047,0,2462,0,0,310,46,5142,2462,2094,5142,1433108.01,14919.6,134,262,191,159,153,3657,0,0,0,1047,3509,0
211911,20,-0.1,-0.02,-0.6,-0.25,2,0.2,0.2,0.15,30,61.97,5089,4779,214,4565,1557,0,1736,0,1272,0,0,310,53,5142,2829,1736,5142,2267203.92,23389.12,174,303,373,255,247,3213,0,0,1557,0,3008,0
211912,20,-0.1,-0.02,-0.6,-0.25,2,0.2,0.2,0.15,40,54.3,5099,4789,209,4580,1677,1334,577,182,310,500,0,310,43,5142,2487,2093,5142,1403896.53,14621.4,308,562,558,401,365,326,319,1741,1677,1334,887,682
211913,20,-0.1,-0.02,-0.6,-0.25,2,0.2,0.2,0.15,40,50.87,5094,4784,233,4551,0,1376,664,196,693,1622,0,310,48,5142,2315,2236,5142,1240847.5,12875.58,134,262,191,159,153,148,231,3273,0,1376,1357,1818
211914,20,-0.1,-0.02,-0.6,-0.25,2,0.2,0.2,0.15,40,61.75,5088,4778,218,4560,1787,0,1246,498,330,699,0,310,54,5142,2816,1744,5142,2314874.6,23873.2,174,303,373,255,247,205,171,2832,1787,0,1576,1197
211915,20,-0.1,-0.02,-0.6,-0.25,2,0.2,0.2,0.15,50,53.59,5099,4789,210,4579,1685,1397,0,728,0,769,0,310,43,5142,2454,2125,5142,1321310.26,13774.27,308,562,558,401,365,326,319,1740,1685,1397,0,1497
211916,20,-0.1,-0.02,-0.6,-0.25,2,0.2,0.2,0.15,50,49.71,5094,4784,234,4550,0,1450,0,838,0,2262,0,310,48,5142,2262,2288,5142,1096966.54,11371.89,134,262,191,159,153,148,231,3272,0,1450,0,3100
211917,20,-0.1,-0.02,-0.6,-0.25,2,0.2,0.2,0.15,50,61.07,5088,4778,219,4559,1795,0,0,1775,0,989,0,310,54,5142,2784,1775,5142,2141627.49,22089.42,174,303,373,255,247,205,171,2831,1795,0,0,2764
211918,20,-0.1,-0.02,-0.6,-0.25,2,0.2,0.2,0.15,60,53.59,5099,4789,210,4579,1685,1397,0,728,0,769,0,310,43,5142,2454,2125,5142,1321310.26,13774.27,308,562,558,401,365,326,319,1740,1685,1397,0,1497
211919,20,-0.1,-0.02,-0.6,-0.25,2,0.2,0.2,0.15,60,49.71,5094,4784,234,4550,0,1450,0,838,0,2262,0,310,48,5142,2262,2288,5142,1096966.54,11371.89,134,262,191,159,153,148,231,3272,0,1450,0,3100
211920,20,-0.1,-0.02,-0.6,-0.25,2,0.2,0.2,0.15,60,61.07,5088,4778,219,4559,1795,0,0,1775,0,989,0,310,54,5142,2784,1775,5142,2141627.49,22089.42,174,303,373,255,247,205,171,2831,1795,0,0,2764
211921,20,-0.1,-0.02,-0.55,-0.45,1,0.1,0.1,0.15,20,69.3,1236,1094,19,1075,665,164,166,0,80,0,0,142,9,1245,745,330,1245,348068.07,3586.18,345,221,160,349,0,0,0,0,665,164,246,0
211922,20,-0.1,-0.02,-0.55,-0.45,1,0.1,0.1,0.15,20,63.22,1236,1094,31,1063,0,172,219,0,672,0,0,142,9,1245,672,391,1245,704894.37,7234.0,18,60,47,938,0,0,0,0,0,172,891,0
211923,20,-0.1,-0.02,-0.55,-0.45,1,0.1,0.1,0.15,20,72.56,1236,1094,19,1075,686,0,295,0,94,0,0,142,9,1245,780,295,1245,445947.85,4587.53,327,166,121,461,0,0,0,0,686,0,389,0
211924,20,-0.1,-0.02,-0.55,-0.45,1,0.1,0.1,0.15,30,71.91,1236,1094,33,1061,730,219,79,0,33,0,0,142,9,1245,763,298,1245,348228.19,3590.26,345,221,160,103,60,172,0,0,730,219,112,0
211925,20,-0.1,-0.02,-0.55,-0.45,1,0.1,0.1,0.15,30,59.88,1234,1092,60,1032,0,250,164,0,618,0,0,142,11,1245,618,414,1245,623275.24,6396.77,18,60,47,47,33,827,0,0,0,250,782,0
211926,20,-0.1,-0.02,-0.55,-0.45,1,0.1,0.1,0.15,30,78.79,1236,1094,38,1056,781,0,224,0,51,0,0,142,9,1245,832,224,1245,521462.84,5359.7,327,166,121,72,52,318,0,0,781,0,275,0
211927,20,-0.1,-0.02,-0.55,-0.45,1,0.1,0.1,0.15,40,72.76,1236,1094,33,1061,755,249,30,10,10,7,0,142,9,1245,772,289,1245,352051.57,3633.61,345,221,160,103,60,60,39,73,755,249,40,17
211928,20,-0.1,-0.02,-0.55,-0.45,1,0.1,0.1,0.15,40,56.5,1232,1090,60,1030,0,317,104,27,157,425,0,142,13,1245,582,448,1245,653280.26,6726.49,18,60,47,47,33,45,51,729,0,317,261,452
211929,20,-0.1,-0.02,-0.55,-0.45,1,0.1,0.1,0.15,40,81.25,1236,1094,38,1056,826,0,146,52,12,20,0,142,9,1245,858,198,1245,546606.27,5607.23,327,166,121,72,52,43,26,249,826,0,158,72
211930,20,-0.1,-0.02,-0.55,-0.45,1,0.1,0.1,0.15,50,72.29,1236,1094,33,1061,755,254,0,40,0,12,0,142,9,1245,767,294,1245,344896.28,3561.09,345,221,160,103,60,60,39,73,755,254,0,52
211931,20,-0.1,-0.02,-0.55,-0.45,1,0.1,0.1,0.15,50,55.24,1232,1090,60,1030,0,338,0,123,0,569,0,142,13,1245,569,461,1245,615122.02,6330.49,18,60,47,47,33,45,51,729,0,338,0,692
211932,20,-0.1,-0.02,-0.55,-0.45,1,0.1,0.1,0.15,50,80.78,1236,1094,38,1056,827,0,0,203,0,26,0,142,9,1245,853,203,1245,524228.67,5368.88,327,166,121,72,52,43,26,249,827,0,0,229
211933,20,-0.1,-0.02,-0.55,-0.45,1,0.1,0.1,0.15,60,72.29,1236,1094,33,1061,755,254,0,40,0,12,0,142,9,1245,767,294,1245,344896.28,3561.09,345,221,160,103,60,60,39,73,755,254,0,52
211934,20,-0.1,-0.02,-0.55,-0.45,1,0.1,0.1,0.15,60,55.24,1232,1090,60,1030,0,338,0,123,0,569,0,142,13,1245,569,461,1245,615122.02,6330.49,18,60,47,47,33,45,51,729,0,338,0,692
211935,20,-0.1,-0.02,-0.55,-0.45,1,0.1,0.1,0.15,60,80.78,1236,1094,38,1056,827,0,0,203,0,26,0,142,9,1245,853,203,1245,524228.67,5368.88,327,166,121,72,52,43,26,249,827,0,0,229
211936,20,-0.1,-0.02,-0.55,-0.45,1,0.1,0.2,0.15,20,64.1,1236,1094,30,1064,371,172,210,0,311,0,0,142,9,1245,682,382,1245,598580.95,6155.46,78,169,181,636,0,0,0,0,371,172,521,0
211937,20,-0.1,-0.02,-0.55,-0.45,1,0.1,0.2,0.15,20,63.22,1236,1094,31,1063,0,172,219,0,672,0,0,142,9,1245,672,391,1245,704894.37,7234.0,18,60,47,938,0,0,0,0,0,172,891,0
211938,20,-0.1,-0.02,-0.55,-0.45,1,0.1,0.2,0.15,20,67.48,1236,1094,30,1064,376,0,346,0,342,0,0,142,9,1245,718,346,1245,705927.85,7252.76,60,109,136,759,0,0,0,0,376,0,688,0
211939,20,-0.1,-0.02,-0.55,-0.45,1,0.1,0.2,0.15,30,63.37,1236,1094,54,1040,485,244,137,0,174,0,0,142,9,1245,659,381,1245,617452.41,6341.93,78,169,181,115,93,404,0,0,485,244,311,0
211940,20,-0.1,-0.02,-0.55,-0.45,1,0.1,0.2,0.15,30,59.88,1234,1092,60,1032,0,250,164,0,618,0,0,142,11,1245,618,414,1245,623275.24,6396.77,18,60,47,47,33,827,0,0,0,250,782,0
211941,20,-0.1,-0.02,-0.55,-0.45,1,0.1,0.2,0.15,30,70.53,1236,1094,59,1035,506,0,305,0,224,0,0,142,9,1245,730,305,1245,815161.11,8362.0,60,109,136,71,74,585,0,0,506,0,529,0
211942,20,-0.1,-0.02,-0.55,-0.45,1,0.1,0.2,0.15,40,62.12,1236,1094,54,1040,524,299,72,23,51,71,0,142,9,1245,646,394,1245,613819.4,6312.05,78,169,181,115,93,93,60,251,524,299,123,94
211943,20,-0.1,-0.02,-0.55,-0.45,1,0.1,0.2,0.15,40,56.5,1232,1090,60,1030,0,317,104,27,157,425,0,142,13,1245,582,448,1245,653280.26,6726.49,18,60,47,47,33,45,51,729,0,317,261,452
211944,20,-0.1,-0.02,-0.55,-0.45,1,0.1,0.2,0.15,40,70.72,1236,1094,59,1035,554,0,227,76,58,120,0,142,9,1245,732,303,1245,837397.08,8588.03,60,109,136,71,74,56,30,499,554,0,285,196
211945,20,-0.1,-0.02,-0.55,-0.45,1,0.1,0.2,0.15,50,61.06,1236,1094,54,1040,524,315,0,90,0,111,0,142,9,1245,635,405,1245,592832.37,6094.95,78,169,181,115,93,93,60,251,524,315,0,201
211946,20,-0.1,-0.02,-0.55,-0.45,1,0.1,0.2,0.15,50,55.24,1232,1090,60,1030,0,338,0,123,0,569,0,142,13,1245,569,461,1245,615122.02,6330.49,18,60,47,47,33,45,51,729,0,338,0,692
211947,20,-0.1,-0.02,-0.55,-0.45,1,0.1,0.2,0.15,50,69.47,1236,1094,59,1035,554,0,0,316,0,165,0,142,9,1245,719,316,1245,789017.13,8076.66,60,109,136,71,74,56,30,499,554,0,0,481
211948,20,-0.1,-0.02,-0.55,-0.45,1,0.1,0.2,0.15,60,61.06,1236,1094,54,1040,524,315,0,90,0,111,0,142,9,1245,635,405,1245,592832.37,6094.95,78,169,181,115,93,93,60,251,524,315,0,201
211949,20,-0.1,-0.02,-0.55,-0.45,1,0.1,0.2,0.15,60,55.24,1232,1090,60,1030,0,338,0,123,0,569,0,142,13,1245,569,461,1245,615122.02,6330.49,18,60,47,47,33,45,51,729,0,338,0,692
211950,20,-0.1,-0.02,-0.55,-0.45,1,0.1,0.2,0.15,60,69.47,1236,1094,59,1035,554,0,0,316,0,165,0,142,9,1245,719,316,1245,789017.13,8076.66,60,109,136,71,74,56,30,499,554,0,0,481
211951,20,-0.1,-0.02,-0.55,-0.45,1,0.2,0.1,0.15,20,69.3,1236,1094,19,1075,665,164,166,0,80,0,0,142,9,1245,745,330,1245,348068.07,3586.18,345,221,160,349,0,0,0,0,665,164,246,0
211952,20,-0.1,-0.02,-0.55,-0.45,1,0.2,0.1,0.15,20,63.22,1236,1094,31,1063,0,172,219,0,672,0,0,142,9,1245,672,391,1245,704894.37,7234.0,18,60,47,938,0,0,0,0,0,172,891,0
211953,20,-0.1,-0.02,-0.55,-0.45,1,0.2,0.1,0.15,20,72.56,1236,1094,19,1075,686,0,295,0,94,0,0,142,9,1245,780,295,1245,445947.85,4587.53,327,166,121,461,0,0,0,0,686,0,389,0
211954,20,-0.1,-0.02,-0.55,-0.45,1,0.2,0.1,0.15,30,71.91,1236,1094,33,1061,730,219,79,0,33,0,0,142,9,1245,763,298,1245,348228.19,3590.26,345,221,160,103,60,172,0,0,730,219,112,0
211955,20,-0.1,-0.02,-0.55,-0.45,1,0.2,0.1,0.15,30,59.88,1234,1092,60,1032,0,250,164,0,618,0,0,142,11,1245,618,414,1245,623275.24,6396.77,18,60,47,47,33,827,0,0,0,250,782,0
211956,20,-0.1,-0.02,-0.55,-0.45,1,0.2,0.1,0.15,30,78.79,1236,1094,38,1056,781,0,224,0,51,0,0,142,9,1245,832,224,1245,521462.84,5359.7,327,166,121,72,52,318,0,0,781,0,275,0
211957,20,-0.1,-0.02,-0.55,-0.45,1,0.2,0.1,0.15,40,72.76,1236,1094,33,1061,755,249,30,10,10,7,0,142,9,1245,772,289,1245,352051.57,3633.61,345,221,160,103,60,60,39,73,755,249,40,17
211958,20,-0.1,-0.02,-0.55,-0.45,1,0.2,0.1,0.15,40,56.5,1232,1090,60,1030,0,317,104,27,157,425,0,142,13,1245,582,448,1245,653280.26,6726.49,18,60,47,47,33,45,51,729,0,317,261,452
211959,20,-0.1,-0.02,-0.55,-0.45,1,0.2,0.1,0.15,40,81.25,1236,1094,38,1056,826,0,146,52,12,20,0,142,9,1245,858,198,1245,546606.27,5607.23,327,166,121,72,52,43,26,249,826,0,158,72
211960,20,-0.1,-0.02,-0.55,-0.45,1,0.2,0.1,0.15,50,72.29,1236,1094,33,1061,755,254,0,40,0,12,0,142,9,1245,767,294,1245,344896.28,3561.09,345,221,160,103,60,60,39,73,755,254,0,52
211961,20,-0.1,-0.02,-0.55,-0.45,1,0.2,0.1,0.15,50,55.24,1232,1090,60,1030,0,338,0,123,0,569,0,142,13,1245,569,461,1245,615122.02,6330.49,18,60,47,47,33,45,51,729,0,338,0,692
211962,20,-0.1,-0.02,-0.55,-0.45,1,0.2,0.1,0.15,50,80.78,1236,1094,38,1056,827,0,0,203,0,26,0,142,9,1245,853,203,1245,524228.67,5368.88,327,166,121,72,52,43,26,249,827,0,0,229
211963,20,-0.1,-0.02,-0.55,-0.45,1,0.2,0.1,0.15,60,72.29,1236,1094,33,1061,755,254,0,40,0,12,0,142,9,1245,767,294,1245,344896.28,3561.09,345,221,160,103,60,60,39,73,755,254,0,52
211964,20,-0.1,-0.02,-0.55,-0.45,1,0.2,0.1,0.15,60,55.24,1232,1090,60,1030,0,338,0,123,0,569,0,142,13,1245,569,461,1245,615122.02,6330.49,18,60,47,47,33,45,51,729,0,338,0,692
211965,20,-0.1,-0.02,-0.55,-0.45,1,0.2,0.1,0.15,60,80.78,1236,1094,38,1056,827,0,0,203,0,26,0,142,9,1245,853,203,1245,524228.67,5368.88,327,166,121,72,52,43,26,249,827,0,0,229
211966,20,-0.1,-0.02,-0.55,-0.45,1,0.2,0.2,0.15,20,64.1,1236,1094,30,1064,371,172,210,0,311,0,0,142,9,1245,682,382,1245,598580.95,6155.46,78,169,181,636,0,0,0,0,371,172,521,0
211967,20,-0.1,-0.02,-0.55,-0.45,1,0.2,0.2,0.15,20,63.22,1236,1094,31,1063,0,172,219,0,672,0,0,142,9,1245,672,391,1245,704894.37,7234.0,18,60,47,938,0,0,0,0,0,172,891,0
211968,20,-0.1,-0.02,-0.55,-0.45,1,0.2,0.2,0.15,20,67.48,1236,1094,30,1064,376,0,346,0,342,0,0,142,9,1245,718,346,1245,705927.85,7252.76,60,109,136,759,0,0,0,0,376,0,688,0
211969,20,-0.1,-0.02,-0.55,-0.45,1,0.2,0.2,0.15,30,63.37,1236,1094,54,1040,485,244,137,0,174,0,0,142,9,1245,659,381,1245,617452.41,6341.93,78,169,181,115,93,404,0,0,485,244,311,0
211970,20,-0.1,-0.02,-0.55,-0.45,1,0.2,0.2,0.15,30,59.88,1234,1092,60,1032,0,250,164,0,618,0,0,142,11,1245,618,414,1245,623275.24,6396.77,18,60,47,47,33,827,0,0,0,250,782,0
211971,20,-0.1,-0.02,-0.55,-0.45,1,0.2,0.2,0.15,30,70.53,1236,1094,59,1035,506,0,305,0,224,0,0,142,9,1245,730,305,1245,815161.11,8362.0,60,109,136,71,74,585,0,0,506,0,529,0
211972,20,-0.1,-0.02,-0.55,-0.45,1,0.2,0.2,0.15,40,62.12,1236,1094,54,1040,524,299,72,23,51,71,0,142,9,1245,646,394,1245,613819.4,6312.05,78,169,181,115,93,93,60,251,524,299,123,94
211973,20,-0.1,-0.02,-0.55,-0.45,1,0.2,0.2,0.15,40,56.5,1232,1090,60,1030,0,317,104,27,157,425,0,142,13,1245,582,448,1245,653280.26,6726.49,18,60,47,47,33,45,51,729,0,317,261,452
211974,20,-0.1,-0.02,-0.55,-0.45,1,0.2,0.2,0.15,40,70.72,1236,1094,59,1035,554,0,227,76,58,120,0,142,9,1245,732,303,1245,837397.08,8588.03,60,109,136,71,74,56,30,499,554,0,285,196
211975,20,-0.1,-0.02,-0.55,-0.45,1,0.2,0.2,0.15,50,61.06,1236,1094,54,1040,524,315,0,90,0,111,0,142,9,1245,635,405,1245,592832.37,6094.95,78,169,181,115,93,93,60,251,524,315,0,201
211976,20,-0.1,-0.02,-0.55,-0.45,1,0.2,0.2,0.15,50,55.24,1232,1090,60,1030,0,338,0,123,0,569,0,142,13,1245,569,461,1245,615122.02,6330.49,18,60,47,47,33,45,51,729,0,338,0,692
211977,20,-0.1,-0.02,-0.55,-0.45,1,0.2,0.2,0.15,50,69.47,1236,1094,59,1035,554,0,0,316,0,165,0,142,9,1245,719,316,1245,789017.13,8076.66,60,109,136,71,74,56,30,499,554,0,0,481
211978,20,-0.1,-0.02,-0.55,-0.45,1,0.2,0.2,0.15,60,61.06,1236,1094,54,1040,524,315,0,90,0,111,0,142,9,1245,635,405,1245,592832.37,6094.95,78,169,181,115,93,93,60,251,524,315,0,201
211979,20,-0.1,-0.02,-0.55,-0.45,1,0.2,0.2,0.15,60,55.24,1232,1090,60,1030,0,338,0,123,0,569,0,142,13,1245,569,461,1245,615122.02,6330.49,18,60,47,47,33,45,51,729,0,338,0,692
211980,20,-0.1,-0.02,-0.55,-0.45,1,0.2,0.2,0.15,60,69.47,1236,1094,59,1035,554,0,0,316,0,165,0,142,9,1245,719,316,1245,789017.13,8076.66,60,109,136,71,74,56,30,499,554,0,0,481
211981,20,-0.1,-0.02,-0.55,-0.45,2,0.1,0.1,0.15,20,71.72,1236,1094,19,1075,696,163,141,0,75,0,0,142,9,1245,771,304,1245,431007.23,4835.84,352,236,164,323,0,0,0,0,696,163,216,0
211982,20,-0.1,-0.02,-0.55,-0.45,2,0.1,0.1,0.15,20,66.23,1236,1094,31,1063,0,172,187,0,704,0,0,142,9,1245,704,359,1245,924934.75,9002.79,18,60,47,938,0,0,0,0,0,172,891,0
211983,20,-0.1,-0.02,-0.55,-0.45,2,0.1,0.1,0.15,20,76.93,1236,1094,19,1075,729,0,248,0,98,0,0,142,9,1245,827,248,1245,600938.72,5905.09,335,183,128,429,0,0,0,0,729,0,346,0
211984,20,-0.1,-0.02,-0.55,-0.45,2,0.1,0.1,0.15,30,73.92,1236,1094,32,1062,755,216,61,0,30,0,0,142,9,1245,785,277,1245,419829.7,5004.69,352,236,164,107,59,144,0,0,755,216,91,0
211985,20,-0.1,-0.02,-0.55,-0.45,2,0.1,0.1,0.15,30,61.72,1234,1092,60,1032,0,250,145,0,637,0,0,142,11,1245,637,395,1245,853002.41,8595.79,18,60,47,47,33,827,0,0,0,250,782,0
211986,20,-0.1,-0.02,-0.55,-0.45,2,0.1,0.1,0.15,30,83.54,1236,1094,37,1057,833,0,174,0,50,0,0,142,9,1245,883,174,1245,718047.67,6763.09,335,183,128,83,66,262,0,0,833,0,224,0
211987,20,-0.1,-0.02,-0.55,-0.45,2,0.1,0.1,0.15,40,74.67,1236,1094,32,1062,776,240,23,6,11,6,0,142,9,1245,793,269,1245,418370.68,5084.05,352,236,164,107,59,53,31,60,776,240,34,12
211988,20,-0.1,-0.02,-0.55,-0.45,2,0.1,0.1,0.15,40,58.64,1232,1090,60,1030,0,317,89,20,172,432,0,142,13,1245,604,426,1245,862541.87,9180.27,18,60,47,47,33,45,51,729,0,317,261,452
211989,20,-0.1,-0.02,-0.55,-0.45,2,0.1,0.1,0.15,40,85.62,1236,1094,37,1057,874,0,119,33,15,16,0,142,9,1245,905,152,1245,763316.06,7072.3,335,183,128,83,66,38,24,200,874,0,134,49
211990,20,-0.1,-0.02,-0.55,-0.45,2,0.1,0.1,0.15,50,74.11,1236,1094,32,1062,776,244,0,31,0,11,0,142,9,1245,787,275,1245,410183.18,5030.68,352,236,164,107,59,53,31,60,776,244,0,42
211991,20,-0.1,-0.02,-0.55,-0.45,2,0.1,0.1,0.15,50,56.99,1232,1090,60,1030,0,338,0,105,0,587,0,142,13,1245,587,443,1245,809905.78,8781.81,18,60,47,47,33,45,51,729,0,338,0,692
211992,20,-0.1,-0.02,-0.55,-0.45,2,0.1,0.1,0.15,50,85.15,1236,1094,37,1057,874,0,0,157,0,26,0,142,9,1245,900,157,1245,727405.7,6877.55,335,183,128,83,66,38,24,200,874,0,0,183
211993,20,-0.1,-0.02,-0.55,-0.45,2,0.1,0.1,0.15,60,74.11,1236,1094,32,1062,776,244,0,31,0,11,0,142,9,1245,787,275,1245,410183.18,5030.68,352,236,164,107,59,53,31,60,776,244,0,42
211994,20,-0.1,-0.02,-0.55,-0.45,2,0.1,0.1,0.15,60,56.99,1232,1090,60,1030,0,338,0,105,0,587,0,142,13,1245,587,443,1245,809905.78,8781.81,18,60,47,47,33,45,51,729,0,338,0,692
211995,20,-0.1,-0.02,-0.55,-0.45,2,0.1,0.1,0.15,60,85.15,1236,1094,37,1057,874,0,0,157,0,26,0,142,9,1245,900,157,1245,727405.7,6877.55,335,183,128,83,66,38,24,200,874,0,0,183
211996,20,-0.1,-0.02,-0.55,-0.45,2,0.1,0.2,0.15,20,67.11,1236,1094,30,1064,391,172,178,0,323,0,0,142,9,1245,714,350,1245,759114.72,7690.01,79,176,193,616,0,0,0,0,391,172,501,0
211997,20,-0.1,-0.02,-0.55,-0.45,2,0.1,0.2,0.15,20,66.23,1236,1094,31,1063,0,172,187,0,704,0,0,142,9,1245,704,359,1245,924934.75,9002.79,18,60,47,938,0,0,0,0,0,172,891,0
211998,20,-0.1,-0.02,-0.55,-0.45,2,0.1,0.2,0.15,20,72.46,1236,1094,30,1064,406,0,293,0,365,0,0,142,9,1245,771,293,1245,967707.73,8956.03,61,116,154,733,0,0,0,0,406,0,658,0
211999,20,-0.1,-0.02,-0.55,-0.45,2,0.1,0.2,0.15,30,64.9,1236,1094,54,1040,508,243,122,0,167,0,0,142,9,1245,675,365,1245,777111.25,8129.72,79,176,193,115,98,379,0,0,508,243,289,0
212000,20,-0.1,-0.02,-0.55,-0.45,2,0.1,0.2,0.15,30,61.72,1234,1092,60,1032,0,250,145,0,637,0,0,142,11,1245,637,395,1245,853002.41,8595.79,18,60,47,47,33,827,0,0,0,250,782,0
212001,20,-0.1,-0.02,-0.55,-0.45,2,0.1,0.2,0.15,30,75.27,1236,1094,59,1035,547,0,256,0,232,0,0,142,9,1245,779,256,1245,1166913.09,10379.4,61,116,154,75,84,545,0,0,547,0,488,0
212002,20,-0.1,-0.02,-0.55,-0.45,2,0.1,0.2,0.15,40,63.94,1236,1094,54,1040,551,297,60,18,56,58,0,142,9,1245,665,375,1245,779419.05,8321.05,79,176,193,115,98,90,63,226,551,297,116,76
212003,20,-0.1,-0.02,-0.55,-0.45,2,0.1,0.2,0.15,40,58.64,1232,1090,60,1030,0,317,89,20,172,432,0,142,13,1245,604,426,1245,862541.87,9180.27,18,60,47,47,33,45,51,729,0,317,261,452
212004,20,-0.1,-0.02,-0.55,-0.45,2,0.1,0.2,0.15,40,75.17,1236,1094,59,1035,609,0,203,54,67,102,0,142,9,1245,778,257,1245,1224060.96,10874.75,61,116,154,75,84,57,36,452,609,0,270,156
212005,20,-0.1,-0.02,-0.55,-0.45,2,0.1,0.2,0.15,50,62.69,1236,1094,54,1040,551,313,0,75,0,101,0,142,9,1245,652,388,1245,746177.65,8104.54,79,176,193,115,98,90,63,226,551,313,0,176
212006,20,-0.1,-0.02,-0.55,-0.45,2,0.1,0.2,0.15,50,56.99,1232,1090,60,1030,0,338,0,105,0,587,0,142,13,1245,587,443,1245,809905.78,8781.81,18,60,47,47,33,45,51,729,0,338,0,692
212007,20,-0.1,-0.02,-0.55,-0.45,2,0.1,0.2,0.15,50,74.01,1236,1094,59,1035,610,0,0,269,0,156,0,142,9,1245,766,269,1245,1139899.85,10384.42,61,116,154,75,84,57,36,452,610,0,0,425
212008,20,-0.1,-0.02,-0.55,-0.45,2,0.1,0.2,0.15,60,62.69,1236,1094,54,1040,551,313,0,75,0,101,0,142,9,1245,652,388,1245,746177.65,8104.54,79,176,193,115,98,90,63,226,551,313,0,176
212009,20,-0.1,-0.02,-0.55,-0.45,2,0.1,0.2,0.15,60,56.99,1232,1090,60,1030,0,338,0,105,0,587,0,142,13,1245,587,443,1245,809905.78,8781.81,18,60,47,47,33,45,51,729,0,338,0,692
212010,20,-0.1,-0.02,-0.55,-0.45,2,0.1,0.2,0.15,60,74.01,1236,1094,59,1035,610,0,0,269,0,156,0,142,9,1245,766,269,1245,1139899.85,10384.42,61,116,154,75,84,57,36,452,610,0,0,425
212011,20,-0.1,-0.02,-0.55,-0.45,2,0.2,0.1,0.15,20,69.3,1236,1094,19,1075,665,164,166,0,80,0,0,142,9,1245,745,330,1245,348068.07,3586.18,345,221,160,349,0,0,0,0,665,164,246,0
212012,20,-0.1,-0.02,-0.55,-0.45,2,0.2,0.1,0.15,20,63.22,1236,1094,31,1063,0,172,219,0,672,0,0,142,9,1245,672,391,1245,704894.37,7234.0,18,60,47,938,0,0,0,0,0,172,891,0
212013,20,-0.1,-0.02,-0.55,-0.45,2,0.2,0.1,0.15,20,72.56,1236,1094,19,1075,686,0,295,0,94,0,0,142,9,1245,780,295,1245,445947.85,4587.53,327,166,121,461,0,0,0,0,686,0,389,0
212014,20,-0.1,-0.02,-0.55,-0.45,2,0.2,0.1,0.15,30,71.91,1236,1094,33,1061,730,219,79,0,33,0,0,142,9,1245,763,298,1245,348228.19,3590.26,345,221,160,103,60,172,0,0,730,219,112,0
212015,20,-0.1,-0.02,-0.55,-0.45,2,0.2,0.1,0.15,30,59.88,1234,1092,60,1032,0,250,164,0,618,0,0,142,11,1245,618,414,1245,623275.24,6396.77,18,60,47,47,33,827,0,0,0,250,782,0
212016,20,-0.1,-0.02,-0.55,-0.45,2,0.2,0.1,0.15,30,78.79,1236,1094,38,1056,781,0,224,0,51,0,0,142,9,1245,832,224,1245,521462.84,5359.7,327,166,121,72,52,318,0,0,781,0,275,0
212017,20,-0.1,-0.02,-0.55,-0.45,2,0.2,0.1,0.15,40,72.76,1236,1094,33,1061,755,249,30,10,10,7,0,142,9,1245,772,289,1245,352051.57,3633.61,345,221,160,103,60,60,39,73,755,249,40,17
212018,20,-0.1,-0.02,-0.55,-0.45,2,0.2,0.1,0.15,40,56.5,1232,1090,60,1030,0,317,104,27,157,425,0,142,13,1245,582,448,1245,653280.26,6726.49,18,60,47,47,33,45,51,729,0,317,261,452
212019,20,-0.1,-0.02,-0.55,-0.45,2,0.2,0.1,0.15,40,81.25,1236,1094,38,1056,826,0,146,52,12,20,0,142,9,1245,858,198,1245,546606.27,5607.23,327,166,121,72,52,43,26,249,826,0,158,72
212020,20,-0.1,-0.02,-0.55,-0.45,2,0.2,0.1,0.15,50,72.29,1236,1094,33,1061,755,254,0,40,0,12,0,142,9,1245,767,294,1245,344896.28,3561.09,345,221,160,103,60,60,39,73,755,254,0,52
212021,20,-0.1,-0.02,-0.55,-0.45,2,0.2,0.1,0.15,50,55.24,1232,1090,60,1030,0,338,0,123,0,569,0,142,13,1245,569,461,1245,615122.02,6330.49,18,60,47,47,33,45,51,729,0,338,0,692
212022,20,-0.1,-0.02,-0.55,-0.45,2,0.2,0.1,0.15,50,80.78,1236,1094,38,1056,827,0,0,203,0,26,0,142,9,1245,853,203,1245,524228.67,5368.88,327,166,121,72,52,43,26,249,827,0,0,229
212023,20,-0.1,-0.02,-0.55,-0.45,2,0.2,0.1,0.15,60,72.29,1236,1094,33,1061,755,254,0,40,0,12,0,142,9,1245,767,294,1245,344896.28,3561.09,345,221,160,103,60,60,39,73,755,254,0,52
212024,20,-0.1,-0.02,-0.55,-0.45,2,0.2,0.1,0.15,60,55.24,1232,1090,60,1030,0,338,0,123,0,569,0,142,13,1245,569,461,1245,615122.02,6330.49,18,60,47,47,33,45,51,729,0,338,0,692
212025,20,-0.1,-0.02,-0.55,-0.45,2,0.2,0.1,0.15,60,80.78,1236,1094,38,1056,827,0,0,203,0,26,0,142,9,1245,853,203,1245,524228.67,5368.88,327,166,121,72,52,43,26,249,827,0,0,229
212026,20,-0.1,-0.02,-0.55,-0.45,2,0.2,0.2,0.15,20,64.1,1236,1094,30,1064,371,172,210,0,311,0,0,142,9,1245,682,382,1245,598580.95,6155.46,78,169,181,636,0,0,0,0,371,172,521,0
212027,20,-0.1,-0.02,-0.55,-0.45,2,0.2,0.2,0.15,20,63.22,1236,1094,31,1063,0,172,219,0,672,0,0,142,9,1245,672,391,1245,704894.37,7234.0,18,60,47,938,0,0,0,0,0,172,891,0
212028,20,-0.1,-0.02,-0.55,-0.45,2,0.2,0.2,0.15,20,67.48,1236,1094,30,1064,376,0,346,0,342,0,0,142,9,1245,718,346,1245,705927.85,7252.76,60,109,136,759,0,0,0,0,376,0,688,0
212029,20,-0.1,-0.02,-0.55,-0.45,2,0.2,0.2,0.15,30,63.37,1236,1094,54,1040,485,244,137,0,174,0,0,142,9,1245,659,381,1245,617452.41,6341.93,78,169,181,115,93,404,0,0,485,244,311,0
212030,20,-0.1,-0.02,-0.55,-0.45,2,0.2,0.2,0.15,30,59.88,1234,1092,60,1032,0,250,164,0,618,0,0,142,11,1245,618,414,1245,623275.24,6396.77,18,60,47,47,33,827,0,0,0,250,782,0
212031,20,-0.1,-0.02,-0.55,-0.45,2,0.2,0.2,0.15,30,70.53,1236,1094,59,1035,506,0,305,0,224,0,0,142,9,1245,730,305,1245,815161.11,8362.0,60,109,136,71,74,585,0,0,506,0,529,0
212032,20,-0.1,-0.02,-0.55,-0.45,2,0.2,0.2,0.15,40,62.12,1236,1094,54,1040,524,299,72,23,51,71,0,142,9,1245,646,394,1245,613819.4,6312.05,78,169,181,115,93,93,60,251,524,299,123,94
212033,20,-0.1,-0.02,-0.55,-0.45,2,0.2,0.2,0.15,40,56.5,1232,1090,60,1030,0,317,104,27,157,425,0,142,13,1245,582,448,1245,653280.26,6726.49,18,60,47,47,33,45,51,729,0,317,261,452
212034,20,-0.1,-0.02,-0.55,-0.45,2,0.2,0.2,0.15,40,70.72,1236,1094,59,1035,554,0,227,76,58,120,0,142,9,1245,732,303,1245,837397.08,8588.03,60,109,136,71,74,56,30,499,554,0,285,196
212035,20,-0.1,-0.02,-0.55,-0.45,2,0.2,0.2,0.15,50,61.06,1236,1094,54,1040,524,315,0,90,0,111,0,142,9,1245,635,405,1245,592832.37,6094.95,78,169,181,115,93,93,60,251,524,315,0,201
212036,20,-0.1,-0.02,-0.55,-0.45,2,0.2,0.2,0.15,50,55.24,1232,1090,60,1030,0,338,0,123,0,569,0,142,13,1245,569,461,1245,615122.02,6330.49,18,60,47,47,33,45,51,729,0,338,0,692
212037,20,-0.1,-0.02,-0.55,-0.45,2,0.2,0.2,0.15,50,69.47,1236,1094,59,1035,554,0,0,316,0,165,0,142,9,1245,719,316,1245,789017.13,8076.66,60,109,136,71,74,56,30,499,554,0,0,481
212038,20,-0.1,-0.02,-0.55,-0.45,2,0.2,0.2,0.15,60,61.06,1236,1094,54,1040,524,315,0,90,0,111,0,142,9,1245,635,405,1245,592832.37,6094.95,78,169,181,115,93,93,60,251,524,315,0,201
212039,20,-0.1,-0.02,-0.55,-0.45,2,0.2,0.2,0.15,60,55.24,1232,1090,60,1030,0,338,0,123,0,569,0,142,13,1245,569,461,1245,615122.02,6330.49,18,60,47,47,33,45,51,729,0,338,0,692
212040,20,-0.1,-0.02,-0.55,-0.45,2,0.2,0.2,0.15,60,69.47,1236,1094,59,1035,554,0,0,316,0,165,0,142,9,1245,719,316,1245,789017.13,8076.66,60,109,136,71,74,56,30,499,554,0,0,481
212041,20,-0.1,-0.02,-0.55,-0.4,1,0.1,0.1,0.15,20,68.39,2073,1877,39,1838,1089,272,309,0,168,0,0,196,13,2086,1257,581,2086,557143.78,5715.88,551,362,267,658,0,0,0,0,1089,272,477,0
212042,20,-0.1,-0.02,-0.55,-0.4,1,0.1,0.1,0.15,20,62.84,2073,1877,58,1819,0,285,391,0,1143,0,0,196,13,2086,1143,676,2086,1028812.99,10576.41,33,102,78,1606,0,0,0,0,0,285,1534,0
212043,20,-0.1,-0.02,-0.55,-0.4,1,0.1,0.1,0.15,20,71.72,2070,1874,39,1835,1127,0,519,0,189,0,0,196,16,2086,1316,519,2086,731297.07,7505.4,518,266,205,846,0,0,0,0,1127,0,708,0
212044,20,-0.1,-0.02,-0.55,-0.4,1,0.1,0.1,0.15,30,70.37,2073,1877,61,1816,1212,373,165,0,66,0,0,196,13,2086,1278,538,2086,550033.38,5652.95,551,362,267,181,118,337,0,0,1212,373,231,0
212045,20,-0.1,-0.02,-0.55,-0.4,1,0.1,0.1,0.15,30,57.91,2070,1874,111,1763,0,422,320,0,1021,0,0,196,16,2086,1021,742,2086,903836.25,9305.37,33,102,78,72,65,1413,0,0,0,422,1341,0
212046,20,-0.1,-0.02,-0.55,-0.4,1,0.1,0.1,0.15,30,77.21,2070,1874,66,1808,1297,0,412,0,99,0,0,196,16,2086,1396,412,2086,849698.76,8726.47,518,266,205,138,94,587,0,0,1297,0,511,0
212047,20,-0.1,-0.02,-0.55,-0.4,1,0.1,0.1,0.15,40,70.91,2073,1877,62,1815,1252,430,76,22,23,12,0,196,13,2086,1287,528,2086,542500.81,5581.27,551,362,267,181,118,106,62,168,1252,430,99,34
212048,20,-0.1,-0.02,-0.55,-0.4,1,0.1,0.1,0.15,40,54.24,2068,1872,113,1759,0,534,217,54,254,700,0,196,18,2086,954,805,2086,915104.18,9440.44,33,102,78,72,65,72,79,1258,0,534,471,754
212049,20,-0.1,-0.02,-0.55,-0.4,1,0.1,0.1,0.15,40,79.3,2070,1874,67,1807,1369,0,267,107,27,37,0,196,16,2086,1433,374,2086,885099.32,9081.24,518,266,205,138,94,76,41,469,1369,0,294,144
212050,20,-0.1,-0.02,-0.55,-0.4,1,0.1,0.1,0.15,50,70.47,2073,1877,62,1815,1255,441,0,95,0,24,0,196,13,2086,1279,536,2086,528787.25,5441.16,551,362,267,181,118,106,62,168,1255,441,0,119
212051,20,-0.1,-0.02,-0.55,-0.4,1,0.1,0.1,0.15,50,52.64,2068,1872,113,1759,0,567,0,266,0,926,0,196,18,2086,926,833,2086,851568.68,8777.29,33,102,78,72,65,72,79,1258,0,567,0,1192
212052,20,-0.1,-0.02,-0.55,-0.4,1,0.1,0.1,0.15,50,78.8,2070,1874,67,1807,1373,0,0,383,0,51,0,196,16,2086,1424,383,2086,847069.8,8683.29,518,266,205,138,94,76,41,469,1373,0,0,434
212053,20,-0.1,-0.02,-0.55,-0.4,1,0.1,0.1,0.15,60,70.47,2073,1877,62,1815,1255,441,0,95,0,24,0,196,13,2086,1279,536,2086,528787.25,5441.16,551,362,267,181,118,106,62,168,1255,441,0,119
212054,20,-0.1,-0.02,-0.55,-0.4,1,0.1,0.1,0.15,60,52.64,2068,1872,113,1759,0,567,0,266,0,926,0,196,18,2086,926,833,2086,851568.68,8777.29,33,102,78,72,65,72,79,1258,0,567,0,1192
212055,20,-0.1,-0.02,-0.55,-0.4,1,0.1,0.1,0.15,60,78.8,2070,1874,67,1807,1373,0,0,383,0,51,0,196,16,2086,1424,383,2086,847069.8,8683.29,518,266,205,138,94,76,41,469,1373,0,0,434
212056,20,-0.1,-0.02,-0.55,-0.4,1,0.1,0.2,0.15,20,63.48,2073,1877,56,1821,555,284,381,0,601,0,0,196,13,2086,1156,665,2086,913589.21,9392.17,122,280,266,1153,0,0,0,0,555,284,982,0
212057,20,-0.1,-0.02,-0.55,-0.4,1,0.1,0.2,0.15,20,62.84,2073,1877,58,1819,0,285,391,0,1143,0,0,196,13,2086,1143,676,2086,1028812.99,10576.41,33,102,78,1606,0,0,0,0,0,285,1534,0
212058,20,-0.1,-0.02,-0.55,-0.4,1,0.1,0.2,0.15,20,66.94,2070,1874,56,1818,566,0,601,0,651,0,0,196,16,2086,1217,601,2086,1104563.46,11355.43,89,179,191,1359,0,0,0,0,566,0,1252,0
212059,20,-0.1,-0.02,-0.55,-0.4,1,0.1,0.2,0.15,30,60.87,2073,1877,101,1776,746,414,281,0,335,0,0,196,13,2086,1081,695,2086,895484.32,9217.11,122,280,266,171,168,769,0,0,746,414,616,0
212060,20,-0.1,-0.02,-0.55,-0.4,1,0.1,0.2,0.15,30,57.91,2070,1874,111,1763,0,422,320,0,1021,0,0,196,16,2086,1021,742,2086,903836.25,9305.37,33,102,78,72,65,1413,0,0,0,422,1341,0
212061,20,-0.1,-0.02,-0.55,-0.4,1,0.1,0.2,0.15,30,67.99,2070,1874,106,1768,784,0,566,0,418,0,0,196,16,2086,1202,566,2086,1239721.86,12747.48,89,179,191,107,124,1078,0,0,784,0,984,0
212062,20,-0.1,-0.02,-0.55,-0.4,1,0.1,0.2,0.15,40,59.19,2073,1877,103,1774,821,508,169,47,95,134,0,196,13,2086,1050,724,2086,885735.87,9123.72,122,280,266,171,168,153,110,504,821,508,264,181
212063,20,-0.1,-0.02,-0.55,-0.4,1,0.1,0.2,0.15,40,54.24,2068,1872,113,1759,0,534,217,54,254,700,0,196,18,2086,954,805,2086,915104.18,9440.44,33,102,78,72,65,72,79,1258,0,534,471,754
212064,20,-0.1,-0.02,-0.55,-0.4,1,0.1,0.2,0.15,40,67.78,2070,1874,108,1766,877,0,419,150,105,215,0,196,16,2086,1197,569,2086,1286684.11,13226.6,89,179,191,107,124,94,64,918,877,0,524,365
212065,20,-0.1,-0.02,-0.55,-0.4,1,0.1,0.2,0.15,50,58.12,2073,1877,103,1774,821,535,0,208,0,210,0,196,13,2086,1031,743,2086,852285.76,8777.05,122,280,266,171,168,153,110,504,821,535,0,418
212066,20,-0.1,-0.02,-0.55,-0.4,1,0.1,0.2,0.15,50,52.64,2068,1872,113,1759,0,567,0,266,0,926,0,196,18,2086,926,833,2086,851568.68,8777.29,33,102,78,72,65,72,79,1258,0,567,0,1192
212067,20,-0.1,-0.02,-0.55,-0.4,1,0.1,0.2,0.15,50,66.48,2070,1874,108,1766,877,0,0,592,0,297,0,196,16,2086,1174,592,2086,1208733.76,12412.74,89,179,191,107,124,94,64,918,877,0,0,889
212068,20,-0.1,-0.02,-0.55,-0.4,1,0.1,0.2,0.15,60,58.12,2073,1877,103,1774,821,535,0,208,0,210,0,196,13,2086,1031,743,2086,852285.76,8777.05,122,280,266,171,168,153,110,504,821,535,0,418
212069,20,-0.1,-0.02,-0.55,-0.4,1,0.1,0.2,0.15,60,52.64,2068,1872,113,1759,0,567,0,266,0,926,0,196,18,2086,926,833,2086,851568.68,8777.29,33,102,78,72,65,72,79,1258,0,567,0,1192
212070,20,-0.1,-0.02,-0.55,-0.4,1,0.1,0.2,0.15,60,66.48,2070,1874,108,1766,877,0,0,592,0,297,0,196,16,2086,1174,592,2086,1208733.76,12412.74,89,179,191,107,124,94,64,918,877,0,0,889
212071,20,-0.1,-0.02,-0.55,-0.4,1,0.2,0.1,0.15,20,68.39,2073,1877,39,1838,1089,272,309,0,168,0,0,196,13,2086,1257,581,2086,557143.78,5715.88,551,362,267,658,0,0,0,0,1089,272,477,0
212072,20,-0.1,-0.02,-0.55,-0.4,1,0.2,0.1,0.15,20,62.84,2073,1877,58,1819,0,285,391,0,1143,0,0,196,13,2086,1143,676,2086,1028812.99,10576.41,33,102,78,1606,0,0,0,0,0,285,1534,0
212073,20,-0.1,-0.02,-0.55,-0.4,1,0.2,0.1,0.15,20,71.72,2070,1874,39,1835,1127,0,519,0,189,0,0,196,16,2086,1316,519,2086,731297.07,7505.4,518,266,205,846,0,0,0,0,1127,0,708,0
212074,20,-0.1,-0.02,-0.55,-0.4,1,0.2,0.1,0.15,30,70.37,2073,1877,61,1816,1212,373,165,0,66,0,0,196,13,2086,1278,538,2086,550033.38,5652.95,551,362,267,181,118,337,0,0,1212,373,231,0
212075,20,-0.1,-0.02,-0.55,-0.4,1,0.2,0.1,0.15,30,57.91,2070,1874,111,1763,0,422,320,0,1021,0,0,196,16,2086,1021,742,2086,903836.25,9305.37,33,102,78,72,65,1413,0,0,0,422,1341,0
212076,20,-0.1,-0.02,-0.55,-0.4,1,0.2,0.1,0.15,30,77.21,2070,1874,66,1808,1297,0,412,0,99,0,0,196,16,2086,1396,412,2086,849698.76,8726.47,518,266,205,138,94,587,0,0,1297,0,511,0
212077,20,-0.1,-0.02,-0.55,-0.4,1,0.2,0.1,0.15,40,70.91,2073,1877,62,1815,1252,430,76,22,23,12,0,196,13,2086,1287,528,2086,542500.81,5581.27,551,362,267,181,118,106,62,168,1252,430,99,34
212078,20,-0.1,-0.02,-0.55,-0.4,1,0.2,0.1,0.15,40,54.24,2068,1872,113,1759,0,534,217,54,254,700,0,196,18,2086,954,805,2086,915104.18,9440.44,33,102,78,72,65,72,79,1258,0,534,471,754
212079,20,-0.1,-0.02,-0.55,-0.4,1,0.2,0.1,0.15,40,79.3,2070,1874,67,1807,1369,0,267,107,27,37,0,196,16,2086,1433,374,2086,885099.32,9081.24,518,266,205,138,94,76,41,469,1369,0,294,144
212080,20,-0.1,-0.02,-0.55,-0.4,1,0.2,0.1,0.15,50,70.47,2073,1877,62,1815,1255,441,0,95,0,24,0,196,13,2086,1279,536,2086,528787.25,5441.16,551,362,267,181,118,106,62,168,1255,441,0,119
212081,20,-0.1,-0.02,-0.55,-0.4,1,0.2,0.1,0.15,50,52.64,2068,1872,113,1759,0,567,0,266,0,926,0,196,18,2086,926,833,2086,851568.68,8777.29,33,102,78,72,65,72,79,1258,0,567,0,1192
212082,20,-0.1,-0.02,-0.55,-0.4,1,0.2,0.1,0.15,50,78.8,2070,1874,67,1807,1373,0,0,383,0,51,0,196,16,2086,1424,383,2086,847069.8,8683.29,518,266,205,138,94,76,41,469,1373,0,0,434
212083,20,-0.1,-0.02,-0.55,-0.4,1,0.2,0.1,0.15,60,70.47,2073,1877,62,1815,1255,441,0,95,0,24,0,196,13,2086,1279,536,2086,528787.25,5441.16,551,362,267,181,118,106,62,168,1255,441,0,119
212084,20,-0.1,-0.02,-0.55,-0.4,1,0.2,0.1,0.15,60,52.64,2068,1872,113,1759,0,567,0,266,0,926,0,196,18,2086,926,833,2086,851568.68,8777.29,33,102,78,72,65,72,79,1258,0,567,0,1192
212085,20,-0.1,-0.02,-0.55,-0.4,1,0.2,0.1,0.15,60,78.8,2070,1874,67,1807,1373,0,0,383,0,51,0,196,16,2086,1424,383,2086,847069.8,8683.29,518,266,205,138,94,76,41,469,1373,0,0,434
212086,20,-0.1,-0.02,-0.55,-0.4,1,0.2,0.2,0.15,20,63.48,2073,1877,56,1821,555,284,381,0,601,0,0,196,13,2086,1156,665,2086,913589.21,9392.17,122,280,266,1153,0,0,0,0,555,284,982,0
212087,20,-0.1,-0.02,-0.55,-0.4,1,0.2,0.2,0.15,20,62.84,2073,1877,58,1819,0,285,391,0,1143,0,0,196,13,2086,1143,676,2086,1028812.99,10576.41,33,102,78,1606,0,0,0,0,0,285,1534,0
212088,20,-0.1,-0.02,-0.55,-0.4,1,0.2,0.2,0.15,20,66.94,2070,1874,56,1818,566,0,601,0,651,0,0,196,16,2086,1217,601,2086,1104563.46,11355.43,89,179,191,1359,0,0,0,0,566,0,1252,0
212089,20,-0.1,-0.02,-0.55,-0.4,1,0.2,0.2,0.15,30,60.87,2073,1877,101,1776,746,414,281,0,335,0,0,196,13,2086,1081,695,2086,895484.32,9217.11,122,280,266,171,168,769,0,0,746,414,616,0
212090,20,-0.1,-0.02,-0.55,-0.4,1,0.2,0.2,0.15,30,57.91,2070,1874,111,1763,0,422,320,0,1021,0,0,196,16,2086,1021,742,2086,903836.25,9305.37,33,102,78,72,65,1413,0,0,0,422,1341,0
212091,20,-0.1,-0.02,-0.55,-0.4,1,0.2,0.2,0.15,30,67.99,2070,1874,106,1768,784,0,566,0,418,0,0,196,16,2086,1202,566,2086,1239721.86,12747.48,89,179,191,107,124,1078,0,0,784,0,984,0
212092,20,-0.1,-0.02,-0.55,-0.4,1,0.2,0.2,0.15,40,59.19,2073,1877,103,1774,821,508,169,47,95,134,0,196,13,2086,1050,724,2086,885735.87,9123.72,122,280,266,171,168,153,110,504,821,508,264,181
212093,20,-0.1,-0.02,-0.55,-0.4,1,0.2,0.2,0.15,40,54.24,2068,1872,113,1759,0,534,217,54,254,700,0,196,18,2086,954,805,2086,915104.18,9440.44,33,102,78,72,65,72,79,1258,0,534,471,754
212094,20,-0.1,-0.02,-0.55,-0.4,1,0.2,0.2,0.15,40,67.78,2070,1874,108,1766,877,0,419,150,105,215,0,196,16,2086,1197,569,2086,1286684.11,13226.6,89,179,191,107,124,94,64,918,877,0,524,365
212095,20,-0.1,-0.02,-0.55,-0.4,1,0.2,0.2,0.15,50,58.12,2073,1877,103,1774,821,535,0,208,0,210,0,196,13,2086,1031,743,2086,852285.76,8777.05,122,280,266,171,168,153,110,504,821,535,0,418
212096,20,-0.1,-0.02,-0.55,-0.4,1,0.2,0.2,0.15,50,52.64,2068,1872,113,1759,0,567,0,266,0,926,0,196,18,2086,926,833,2086,851568.68,8777.29,33,102,78,72,65,72,79,1258,0,567,0,1192
212097,20,-0.1,-0.02,-0.55,-0.4,1,0.2,0.2,0.15,50,66.48,2070,1874,108,1766,877,0,0,592,0,297,0,196,16,2086,1174,592,2086,1208733.76,12412.74,89,179,191,107,124,94,64,918,877,0,0,889
212098,20,-0.1,-0.02,-0.55,-0.4,1,0.2,0.2,0.15,60,58.12,2073,1877,103,1774,821,535,0,208,0,210,0,196,13,2086,1031,743,2086,852285.76,8777.05,122,280,266,171,168,153,110,504,821,535,0,418
212099,20,-0.1,-0.02,-0.55,-0.4,1,0.2,0.2,0.15,60,52.64,2068,1872,113,1759,0,567,0,266,0,926,0,196,18,2086,926,833,2086,851568.68,8777.29,33,102,78,72,65,72,79,1258,0,567,0,1192
212100,20,-0.1,-0.02,-0.55,-0.4,1,0.2,0.2,0.15,60,66.48,2070,1874,108,1766,877,0,0,592,0,297,0,196,16,2086,1174,592,2086,1208733.76,12412.74,89,179,191,107,124,94,64,918,877,0,0,889
212101,20,-0.1,-0.02,-0.55,-0.4,2,0.1,0.1,0.15,20,71.44,2073,1877,39,1838,1151,269,256,0,162,0,0,196,13,2086,1313,525,2086,726474.33,8050.94,572,382,286,598,0,0,0,0,1151,269,418,0
212102,20,-0.1,-0.02,-0.55,-0.4,2,0.1,0.1,0.15,20,66.25,2073,1877,58,1819,0,285,329,0,1205,0,0,196,13,2086,1205,614,2086,1401908.68,13731.08,33,102,78,1606,0,0,0,0,0,285,1534,0
212103,20,-0.1,-0.02,-0.55,-0.4,2,0.1,0.1,0.15,20,77.0,2070,1874,39,1835,1209,0,422,0,204,0,0,196,16,2086,1413,422,2086,1031694.56,9907.24,540,290,235,770,0,0,0,0,1209,0,626,0
212104,20,-0.1,-0.02,-0.55,-0.4,2,0.1,0.1,0.15,30,72.76,2073,1877,60,1817,1263,363,132,0,59,0,0,196,13,2086,1322,495,2086,697486.73,8269.75,572,382,286,180,115,282,0,0,1263,363,191,0
212105,20,-0.1,-0.02,-0.55,-0.4,2,0.1,0.1,0.15,30,59.95,2070,1874,111,1763,0,422,284,0,1057,0,0,196,16,2086,1057,706,2086,1304391.54,13180.25,33,102,78,72,65,1413,0,0,0,422,1341,0
212106,20,-0.1,-0.02,-0.55,-0.4,2,0.1,0.1,0.15,30,82.14,2070,1874,65,1809,1392,0,323,0,94,0,0,196,16,2086,1486,323,2086,1217097.15,11266.13,540,290,235,144,116,484,0,0,1392,0,417,0
212107,20,-0.1,-0.02,-0.55,-0.4,2,0.1,0.1,0.15,40,73.68,2073,1877,61,1816,1298,411,56,11,29,11,0,196,13,2086,1338,478,2086,686162.67,8352.04,572,382,286,180,115,91,50,140,1298,411,85,22
212108,20,-0.1,-0.02,-0.55,-0.4,2,0.1,0.1,0.15,40,57.25,2068,1872,113,1759,0,534,181,37,290,717,0,196,18,2086,1007,752,2086,1290431.29,13792.18,33,102,78,72,65,72,79,1258,0,534,471,754
212109,20,-0.1,-0.02,-0.55,-0.4,2,0.1,0.1,0.15,40,84.62,2070,1874,66,1808,1463,0,215,63,37,30,0,196,16,2086,1530,278,2086,1297746.09,11816.51,540,290,235,144,116,67,39,377,1463,0,252,93
212110,20,-0.1,-0.02,-0.55,-0.4,2,0.1,0.1,0.15,50,73.02,2073,1877,61,1816,1301,421,0,69,0,25,0,196,13,2086,1326,490,2086,668285.32,8246.0,572,382,286,180,115,91,50,140,1301,421,0,94
212111,20,-0.1,-0.02,-0.55,-0.4,2,0.1,0.1,0.15,50,55.03,2068,1872,113,1759,0,567,0,224,0,968,0,196,18,2086,968,791,2086,1200379.25,13140.5,33,102,78,72,65,72,79,1258,0,567,0,1192
212112,20,-0.1,-0.02,-0.55,-0.4,2,0.1,0.1,0.15,50,84.29,2070,1874,66,1808,1466,0,0,284,0,58,0,196,16,2086,1524,284,2086,1237336.22,11496.72,540,290,235,144,116,67,39,377,1466,0,0,342
212113,20,-0.1,-0.02,-0.55,-0.4,2,0.1,0.1,0.15,60,73.02,2073,1877,61,1816,1301,421,0,69,0,25,0,196,13,2086,1326,490,2086,668285.32,8246.0,572,382,286,180,115,91,50,140,1301,421,0,94
212114,20,-0.1,-0.02,-0.55,-0.4,2,0.1,0.1,0.15,60,55.03,2068,1872,113,1759,0,567,0,224,0,968,0,196,18,2086,968,791,2086,1200379.25,13140.5,33,102,78,72,65,72,79,1258,0,567,0,1192
212115,20,-0.1,-0.02,-0.55,-0.4,2,0.1,0.1,0.15,60,84.29,2070,1874,66,1808,1466,0,0,284,0,58,0,196,16,2086,1524,284,2086,1237336.22,11496.72,540,290,235,144,116,67,39,377,1466,0,0,342
212116,20,-0.1,-0.02,-0.55,-0.4,2,0.1,0.2,0.15,20,66.94,2073,1877,56,1821,604,283,319,0,615,0,0,196,13,2086,1219,602,2086,1229525.57,12310.36,124,288,288,1121,0,0,0,0,604,283,934,0
212117,20,-0.1,-0.02,-0.55,-0.4,2,0.1,0.2,0.15,20,66.25,2073,1877,58,1819,0,285,329,0,1205,0,0,196,13,2086,1205,614,2086,1401908.68,13731.08,33,102,78,1606,0,0,0,0,0,285,1534,0
212118,20,-0.1,-0.02,-0.55,-0.4,2,0.1,0.2,0.15,20,72.72,2070,1874,56,1818,631,0,496,0,691,0,0,196,16,2086,1322,496,2086,1603639.68,14533.45,91,187,220,1320,0,0,0,0,631,0,1187,0
212119,20,-0.1,-0.02,-0.55,-0.4,2,0.1,0.2,0.15,30,62.95,2073,1877,101,1776,800,411,247,0,318,0,0,196,13,2086,1118,658,2086,1225313.49,12685.57,124,288,288,187,175,714,0,0,800,411,565,0
212120,20,-0.1,-0.02,-0.55,-0.4,2,0.1,0.2,0.15,30,59.95,2070,1874,111,1763,0,422,284,0,1057,0,0,196,16,2086,1057,706,2086,1304391.54,13180.25,33,102,78,72,65,1413,0,0,0,422,1341,0
212121,20,-0.1,-0.02,-0.55,-0.4,2,0.1,0.2,0.15,30,73.13,2070,1874,106,1768,868,0,475,0,425,0,0,196,16,2086,1293,475,2086,1905988.96,16546.91,91,187,220,133,137,1000,0,0,868,0,900,0
212122,20,-0.1,-0.02,-0.55,-0.4,2,0.1,0.2,0.15,40,62.12,2073,1877,103,1774,877,502,137,33,111,114,0,196,13,2086,1102,672,2086,1219746.98,12961.89,124,288,288,187,175,149,107,456,877,502,248,147
212123,20,-0.1,-0.02,-0.55,-0.4,2,0.1,0.2,0.15,40,57.25,2068,1872,113,1759,0,534,181,37,290,717,0,196,18,2086,1007,752,2086,1290431.29,13792.18,33,102,78,72,65,72,79,1258,0,534,471,754
212124,20,-0.1,-0.02,-0.55,-0.4,2,0.1,0.2,0.15,40,73.44,2070,1874,108,1766,974,0,364,105,131,192,0,196,16,2086,1297,469,2086,2009027.09,17431.36,91,187,220,133,137,100,66,832,974,0,495,297
212125,20,-0.1,-0.02,-0.55,-0.4,2,0.1,0.2,0.15,50,60.71,2073,1877,103,1774,877,529,0,168,0,200,0,196,13,2086,1077,697,2086,1171375.19,12654.43,124,288,288,187,175,149,107,456,877,529,0,368
212126,20,-0.1,-0.02,-0.55,-0.4,2,0.1,0.2,0.15,50,55.03,2068,1872,113,1759,0,567,0,224,0,968,0,196,18,2086,968,791,2086,1200379.25,13140.5,33,102,78,72,65,72,79,1258,0,567,0,1192
212127,20,-0.1,-0.02,-0.55,-0.4,2,0.1,0.2,0.15,50,72.31,2070,1874,108,1766,975,0,0,489,0,302,0,196,16,2086,1277,489,2086,1876150.63,16681.96,91,187,220,133,137,100,66,832,975,0,0,791
212128,20,-0.1,-0.02,-0.55,-0.4,2,0.1,0.2,0.15,60,60.71,2073,1877,103,1774,877,529,0,168,0,200,0,196,13,2086,1077,697,2086,1171375.19,12654.43,124,288,288,187,175,149,107,456,877,529,0,368
212129,20,-0.1,-0.02,-0.55,-0.4,2,0.1,0.2,0.15,60,55.03,2068,1872,113,1759,0,567,0,224,0,968,0,196,18,2086,968,791,2086,1200379.25,13140.5,33,102,78,72,65,72,79,1258,0,567,0,1192
212130,20,-0.1,-0.02,-0.55,-0.4,2,0.1,0.2,0.15,60,72.31,2070,1874,108,1766,975,0,0,489,0,302,0,196,16,2086,1277,489,2086,1876150.63,16681.96,91,187,220,133,137,100,66,832,975,0,0,791
212131,20,-0.1,-0.02,-0.55,-0.4,2,0.2,0.1,0.15,20,68.39,2073,1877,39,1838,1089,272,309,0,168,0,0,196,13,2086,1257,581,2086,557143.78,5715.88,551,362,267,658,0,0,0,0,1089,272,477,0
212132,20,-0.1,-0.02,-0.55,-0.4,2,0.2,0.1,0.15,20,62.84,2073,1877,58,1819,0,285,391,0,1143,0,0,196,13,2086,1143,676,2086,1028812.99,10576.41,33,102,78,1606,0,0,0,0,0,285,1534,0
212133,20,-0.1,-0.02,-0.55,-0.4,2,0.2,0.1,0.15,20,71.72,2070,1874,39,1835,1127,0,519,0,189,0,0,196,16,2086,1316,519,2086,731297.07,7505.4,518,266,205,846,0,0,0,0,1127,0,708,0
212134,20,-0.1,-0.02,-0.55,-0.4,2,0.2,0.1,0.15,30,70.37,2073,1877,61,1816,1212,373,165,0,66,0,0,196,13,2086,1278,538,2086,550033.38,5652.95,551,362,267,181,118,337,0,0,1212,373,231,0
212135,20,-0.1,-0.02,-0.55,-0.4,2,0.2,0.1,0.15,30,57.91,2070,1874,111,1763,0,422,320,0,1021,0,0,196,16,2086,1021,742,2086,903836.25,9305.37,33,102,78,72,65,1413,0,0,0,422,1341,0
212136,20,-0.1,-0.02,-0.55,-0.4,2,0.2,0.1,0.15,30,77.21,2070,1874,66,1808,1297,0,412,0,99,0,0,196,16,2086,1396,412,2086,849698.76,8726.47,518,266,205,138,94,587,0,0,1297,0,511,0
212137,20,-0.1,-0.02,-0.55,-0.4,2,0.2,0.1,0.15,40,70.91,2073,1877,62,1815,1252,430,76,22,23,12,0,196,13,2086,1287,528,2086,542500.81,5581.27,551,362,267,181,118,106,62,168,1252,430,99,34
212138,20,-0.1,-0.02,-0.55,-0.4,2,0.2,0.1,0.15,40,54.24,2068,1872,113,1759,0,534,217,54,254,700,0,196,18,2086,954,805,2086,915104.18,9440.44,33,102,78,72,65,72,79,1258,0,534,471,754
212139,20,-0.1,-0.02,-0.55,-0.4,2,0.2,0.1,0.15,40,79.3,2070,1874,67,1807,1369,0,267,107,27,37,0,196,16,2086,1433,374,2086,885099.32,9081.24,518,266,205,138,94,76,41,469,1369,0,294,144
212140,20,-0.1,-0.02,-0.55,-0.4,2,0.2,0.1,0.15,50,70.47,2073,1877,62,1815,1255,441,0,95,0,24,0,196,13,2086,1279,536,2086,528787.25,5441.16,551,362,267,181,118,106,62,168,1255,441,0,119
212141,20,-0.1,-0.02,-0.55,-0.4,2,0.2,0.1,0.15,50,52.64,2068,1872,113,1759,0,567,0,266,0,926,0,196,18,2086,926,833,2086,851568.68,8777.29,33,102,78,72,65,72,79,1258,0,567,0,1192
212142,20,-0.1,-0.02,-0.55,-0.4,2,0.2,0.1,0.15,50,78.8,2070,1874,67,1807,1373,0,0,383,0,51,0,196,16,2086,1424,383,2086,847069.8,8683.29,518,266,205,138,94,76,41,469,1373,0,0,434
212143,20,-0.1,-0.02,-0.55,-0.4,2,0.2,0.1,0.15,60,70.47,2073,1877,62,1815,1255,441,0,95,0,24,0,196,13,2086,1279,536,2086,528787.25,5441.16,551,362,267,181,118,106,62,168,1255,441,0,119
212144,20,-0.1,-0.02,-0.55,-0.4,2,0.2,0.1,0.15,60,52.64,2068,1872,113,1759,0,567,0,266,0,926,0,196,18,2086,926,833,2086,851568.68,8777.29,33,102,78,72,65,72,79,1258,0,567,0,1192
212145,20,-0.1,-0.02,-0.55,-0.4,2,0.2,0.1,0.15,60,78.8,2070,1874,67,1807,1373,0,0,383,0,51,0,196,16,2086,1424,383,2086,847069.8,8683.29,518,266,205,138,94,76,41,469,1373,0,0,434
212146,20,-0.1,-0.02,-0.55,-0.4,2,0.2,0.2,0.15,20,63.48,2073,1877,56,1821,555,284,381,0,601,0,0,196,13,2086,1156,665,2086,913589.21,9392.17,122,280,266,1153,0,0,0,0,555,284,982,0
212147,20,-0.1,-0.02,-0.55,-0.4,2,0.2,0.2,0.15,20,62.84,2073,1877,58,1819,0,285,391,0,1143,0,0,196,13,2086,1143,676,2086,1028812.99,10576.41,33,102,78,1606,0,0,0,0,0,285,1534,0
212148,20,-0.1,-0.02,-0.55,-0.4,2,0.2,0.2,0.15,20,66.94,2070,1874,56,1818,566,0,601,0,651,0,0,196,16,2086,1217,601,2086,1104563.46,11355.43,89,179,191,1359,0,0,0,0,566,0,1252,0
212149,20,-0.1,-0.02,-0.55,-0.4,2,0.2,0.2,0.15,30,60.87,2073,1877,101,1776,746,414,281,0,335,0,0,196,13,2086,1081,695,2086,895484.32,9217.11,122,280,266,171,168,769,0,0,746,414,616,0
212150,20,-0.1,-0.02,-0.55,-0.4,2,0.2,0.2,0.15,30,57.91,2070,1874,111,1763,0,422,320,0,1021,0,0,196,16,2086,1021,742,2086,903836.25,9305.37,33,102,78,72,65,1413,0,0,0,422,1341,0
212151,20,-0.1,-0.02,-0.55,-0.4,2,0.2,0.2,0.15,30,67.99,2070,1874,106,1768,784,0,566,0,418,0,0,196,16,2086,1202,566,2086,1239721.86,12747.48,89,179,191,107,124,1078,0,0,784,0,984,0
212152,20,-0.1,-0.02,-0.55,-0.4,2,0.2,0.2,0.15,40,59.19,2073,1877,103,1774,821,508,169,47,95,134,0,196,13,2086,1050,724,2086,885735.87,9123.72,122,280,266,171,168,153,110,504,821,508,264,181
212153,20,-0.1,-0.02,-0.55,-0.4,2,0.2,0.2,0.15,40,54.24,2068,1872,113,1759,0,534,217,54,254,700,0,196,18,2086,954,805,2086,915104.18,9440.44,33,102,78,72,65,72,79,1258,0,534,471,754
212154,20,-0.1,-0.02,-0.55,-0.4,2,0.2,0.2,0.15,40,67.78,2070,1874,108,1766,877,0,419,150,105,215,0,196,16,2086,1197,569,2086,1286684.11,13226.6,89,179,191,107,124,94,64,918,877,0,524,365
212155,20,-0.1,-0.02,-0.55,-0.4,2,0.2,0.2,0.15,50,58.12,2073,1877,103,1774,821,535,0,208,0,210,0,196,13,2086,1031,743,2086,852285.76,8777.05,122,280,266,171,168,153,110,504,821,535,0,418
212156,20,-0.1,-0.02,-0.55,-0.4,2,0.2,0.2,0.15,50,52.64,2068,1872,113,1759,0,567,0,266,0,926,0,196,18,2086,926,833,2086,851568.68,8777.29,33,102,78,72,65,72,79,1258,0,567,0,1192
212157,20,-0.1,-0.02,-0.55,-0.4,2,0.2,0.2,0.15,50,66.48,2070,1874,108,1766,877,0,0,592,0,297,0,196,16,2086,1174,592,2086,1208733.76,12412.74,89,179,191,107,124,94,64,918,877,0,0,889
212158,20,-0.1,-0.02,-0.55,-0.4,2,0.2,0.2,0.15,60,58.12,2073,1877,103,1774,821,535,0,208,0,210,0,196,13,2086,1031,743,2086,852285.76,8777.05,122,280,266,171,168,153,110,504,821,535,0,418
212159,20,-0.1,-0.02,-0.55,-0.4,2,0.2,0.2,0.15,60,52.64,2068,1872,113,1759,0,567,0,266,0,926,0,196,18,2086,926,833,2086,851568.68,8777.29,33,102,78,72,65,72,79,1258,0,567,0,1192
212160,20,-0.1,-0.02,-0.55,-0.4,2,0.2,0.2,0.15,60,66.48,2070,1874,108,1766,877,0,0,592,0,297,0,196,16,2086,1174,592,2086,1208733.76,12412.74,89,179,191,107,124,94,64,918,877,0,0,889
212161,20,-0.1,-0.02,-0.55,-0.35,1,0.1,0.1,0.15,20,67.12,3008,2777,55,2722,1567,400,495,0,260,0,0,231,23,3031,1827,895,3031,770720.98,7924.78,788,520,410,1004,0,0,0,0,1567,400,755,0
212162,20,-0.1,-0.02,-0.55,-0.35,1,0.1,0.1,0.15,20,60.96,3008,2777,82,2695,0,423,629,0,1643,0,0,231,23,3031,1643,1052,3031,1282349.57,13233.23,60,153,106,2376,0,0,0,0,0,423,2272,0
212163,20,-0.1,-0.02,-0.55,-0.35,1,0.1,0.1,0.15,20,70.35,3001,2770,55,2715,1617,0,805,0,293,0,0,231,30,3031,1910,805,3031,1010817.74,10382.93,728,377,324,1286,0,0,0,0,1617,0,1098,0
212164,20,-0.1,-0.02,-0.55,-0.35,1,0.1,0.1,0.15,30,69.21,3008,2777,81,2696,1754,541,289,0,112,0,0,231,23,3031,1866,830,3031,765691.35,7893.09,788,520,410,249,176,553,0,0,1754,541,401,0
212165,20,-0.1,-0.02,-0.55,-0.35,1,0.1,0.1,0.15,30,56.71,3005,2774,143,2631,0,609,530,0,1492,0,0,231,26,3031,1492,1139,3031,1116534.5,11555.5,60,153,106,104,90,2118,0,0,0,609,2022,0
212166,20,-0.1,-0.02,-0.55,-0.35,1,0.1,0.1,0.15,30,75.59,3001,2770,87,2683,1867,0,655,0,161,0,0,231,30,3031,2028,655,3031,1183767.13,12170.16,728,377,324,188,143,923,0,0,1867,0,816,0
212167,20,-0.1,-0.02,-0.55,-0.35,1,0.1,0.1,0.15,40,69.5,3008,2777,82,2695,1810,646,133,43,32,31,0,231,23,3031,1873,822,3031,727534.11,7509.4,788,520,410,249,176,152,94,306,1810,646,165,74
212168,20,-0.1,-0.02,-0.55,-0.35,1,0.1,0.1,0.15,40,53.47,3003,2772,146,2626,0,790,338,94,392,1012,0,231,28,3031,1404,1222,3031,1050132.31,10818.57,60,153,106,104,90,96,126,1891,0,790,730,1106
212169,20,-0.1,-0.02,-0.55,-0.35,1,0.1,0.1,0.15,40,77.37,3001,2770,88,2682,1965,0,428,179,37,73,0,231,30,3031,2075,607,3031,1214927.82,12481.28,728,377,324,188,143,107,52,763,1965,0,465,252
212170,20,-0.1,-0.02,-0.55,-0.35,1,0.1,0.1,0.15,50,69.13,3008,2777,82,2695,1813,660,0,172,0,50,0,231,23,3031,1863,832,3031,709660.51,7325.21,788,520,410,249,176,152,94,306,1813,660,0,222
212171,20,-0.1,-0.02,-0.55,-0.35,1,0.1,0.1,0.15,50,51.98,3003,2772,146,2626,0,834,0,427,0,1365,0,231,28,3031,1365,1261,3031,962481.31,9900.09,60,153,106,104,90,96,126,1891,0,834,0,1792
212172,20,-0.1,-0.02,-0.55,-0.35,1,0.1,0.1,0.15,50,77.03,3001,2770,88,2682,1969,0,0,616,0,97,0,231,30,3031,2066,616,3031,1166604.62,11975.77,728,377,324,188,143,107,52,763,1969,0,0,713
212173,20,-0.1,-0.02,-0.55,-0.35,1,0.1,0.1,0.15,60,69.13,3008,2777,82,2695,1813,660,0,172,0,50,0,231,23,3031,1863,832,3031,709660.51,7325.21,788,520,410,249,176,152,94,306,1813,660,0,222
212174,20,-0.1,-0.02,-0.55,-0.35,1,0.1,0.1,0.15,60,51.98,3003,2772,146,2626,0,834,0,427,0,1365,0,231,28,3031,1365,1261,3031,962481.31,9900.09,60,153,106,104,90,96,126,1891,0,834,0,1792
212175,20,-0.1,-0.02,-0.55,-0.35,1,0.1,0.1,0.15,60,77.03,3001,2770,88,2682,1969,0,0,616,0,97,0,231,30,3031,2066,616,3031,1166604.62,11975.77,728,377,324,188,143,107,52,763,1969,0,0,713
212176,20,-0.1,-0.02,-0.55,-0.35,1,0.1,0.2,0.15,20,61.5,3008,2777,78,2699,728,421,618,0,932,0,0,231,23,3031,1660,1039,3031,1170575.82,12053.25,182,365,362,1790,0,0,0,0,728,421,1550,0
212177,20,-0.1,-0.02,-0.55,-0.35,1,0.1,0.2,0.15,20,60.96,3008,2777,82,2695,0,423,629,0,1643,0,0,231,23,3031,1643,1052,3031,1282349.57,13233.23,60,153,106,2376,0,0,0,0,0,423,2272,0
212178,20,-0.1,-0.02,-0.55,-0.35,1,0.1,0.2,0.15,20,64.75,3001,2770,78,2692,740,0,949,0,1003,0,0,231,30,3031,1743,949,3031,1425840.82,14668.07,122,213,259,2098,0,0,0,0,740,0,1952,0
212179,20,-0.1,-0.02,-0.55,-0.35,1,0.1,0.2,0.15,30,59.03,3008,2777,129,2648,993,600,485,0,570,0,0,231,23,3031,1563,1085,3031,1144496.72,11807.56,182,365,362,240,233,1266,0,0,993,600,1055,0
212180,20,-0.1,-0.02,-0.55,-0.35,1,0.1,0.2,0.15,30,56.71,3005,2774,143,2631,0,609,530,0,1492,0,0,231,26,3031,1492,1139,3031,1116534.5,11555.5,60,153,106,104,90,2118,0,0,0,609,2022,0
212181,20,-0.1,-0.02,-0.55,-0.35,1,0.1,0.2,0.15,30,65.73,3001,2770,135,2635,1044,0,903,0,688,0,0,231,30,3031,1732,903,3031,1629887.91,16768.44,122,213,259,146,169,1726,0,0,1044,0,1591,0
212182,20,-0.1,-0.02,-0.55,-0.35,1,0.1,0.2,0.15,40,57.5,3008,2777,132,2645,1101,759,279,86,158,262,0,231,23,3031,1521,1124,3031,1105527.31,11423.27,182,365,362,240,233,211,171,881,1101,759,437,348
212183,20,-0.1,-0.02,-0.55,-0.35,1,0.1,0.2,0.15,40,53.47,3003,2772,146,2626,0,790,338,94,392,1012,0,231,28,3031,1404,1222,3031,1050132.31,10818.57,60,153,106,104,90,96,126,1891,0,790,730,1106
212184,20,-0.1,-0.02,-0.55,-0.35,1,0.1,0.2,0.15,40,65.54,3001,2770,138,2632,1176,0,660,247,170,379,0,231,30,3031,1725,907,3031,1671763.08,17201.78,122,213,259,146,169,135,95,1493,1176,0,830,626
212185,20,-0.1,-0.02,-0.55,-0.35,1,0.1,0.2,0.15,50,56.6,3008,2777,132,2645,1107,796,0,352,0,390,0,231,23,3031,1497,1148,3031,1063533.16,10989.51,182,365,362,240,233,211,171,881,1107,796,0,742
212186,20,-0.1,-0.02,-0.55,-0.35,1,0.1,0.2,0.15,50,51.98,3003,2772,146,2626,0,834,0,427,0,1365,0,231,28,3031,1365,1261,3031,962481.31,9900.09,60,153,106,104,90,96,126,1891,0,834,0,1792
212187,20,-0.1,-0.02,-0.55,-0.35,1,0.1,0.2,0.15,50,64.55,3001,2770,138,2632,1182,0,0,933,0,517,0,231,30,3031,1699,933,3031,1571720.71,16162.04,122,213,259,146,169,135,95,1493,1182,0,0,1450
212188,20,-0.1,-0.02,-0.55,-0.35,1,0.1,0.2,0.15,60,56.6,3008,2777,132,2645,1107,796,0,352,0,390,0,231,23,3031,1497,1148,3031,1063533.16,10989.51,182,365,362,240,233,211,171,881,1107,796,0,742
212189,20,-0.1,-0.02,-0.55,-0.35,1,0.1,0.2,0.15,60,51.98,3003,2772,146,2626,0,834,0,427,0,1365,0,231,28,3031,1365,1261,3031,962481.31,9900.09,60,153,106,104,90,96,126,1891,0,834,0,1792
212190,20,-0.1,-0.02,-0.55,-0.35,1,0.1,0.2,0.15,60,64.55,3001,2770,138,2632,1182,0,0,933,0,517,0,231,30,3031,1699,933,3031,1571720.71,16162.04,122,213,259,146,169,135,95,1493,1182,0,0,1450
212191,20,-0.1,-0.02,-0.55,-0.35,1,0.2,0.1,0.15,20,67.12,3008,2777,55,2722,1567,400,495,0,260,0,0,231,23,3031,1827,895,3031,770720.98,7924.78,788,520,410,1004,0,0,0,0,1567,400,755,0
212192,20,-0.1,-0.02,-0.55,-0.35,1,0.2,0.1,0.15,20,60.96,3008,2777,82,2695,0,423,629,0,1643,0,0,231,23,3031,1643,1052,3031,1282349.57,13233.23,60,153,106,2376,0,0,0,0,0,423,2272,0
212193,20,-0.1,-0.02,-0.55,-0.35,1,0.2,0.1,0.15,20,70.35,3001,2770,55,2715,1617,0,805,0,293,0,0,231,30,3031,1910,805,3031,1010817.74,10382.93,728,377,324,1286,0,0,0,0,1617,0,1098,0
212194,20,-0.1,-0.02,-0.55,-0.35,1,0.2,0.1,0.15,30,69.21,3008,2777,81,2696,1754,541,289,0,112,0,0,231,23,3031,1866,830,3031,765691.35,7893.09,788,520,410,249,176,553,0,0,1754,541,401,0
212195,20,-0.1,-0.02,-0.55,-0.35,1,0.2,0.1,0.15,30,56.71,3005,2774,143,2631,0,609,530,0,1492,0,0,231,26,3031,1492,1139,3031,1116534.5,11555.5,60,153,106,104,90,2118,0,0,0,609,2022,0
212196,20,-0.1,-0.02,-0.55,-0.35,1,0.2,0.1,0.15,30,75.59,3001,2770,87,2683,1867,0,655,0,161,0,0,231,30,3031,2028,655,3031,1183767.13,12170.16,728,377,324,188,143,923,0,0,1867,0,816,0
212197,20,-0.1,-0.02,-0.55,-0.35,1,0.2,0.1,0.15,40,69.5,3008,2777,82,2695,1810,646,133,43,32,31,0,231,23,3031,1873,822,3031,727534.11,7509.4,788,520,410,249,176,152,94,306,1810,646,165,74
212198,20,-0.1,-0.02,-0.55,-0.35,1,0.2,0.1,0.15,40,53.47,3003,2772,146,2626,0,790,338,94,392,1012,0,231,28,3031,1404,1222,3031,1050132.31,10818.57,60,153,106,104,90,96,126,1891,0,790,730,1106
212199,20,-0.1,-0.02,-0.55,-0.35,1,0.2,0.1,0.15,40,77.37,3001,2770,88,2682,1965,0,428,179,37,73,0,231,30,3031,2075,607,3031,1214927.82,12481.28,728,377,324,188,143,107,52,763,1965,0,465,252
212200,20,-0.1,-0.02,-0.55,-0.35,1,0.2,0.1,0.15,50,69.13,3008,2777,82,2695,1813,660,0,172,0,50,0,231,23,3031,1863,832,3031,709660.51,7325.21,788,520,410,249,176,152,94,306,1813,660,0,222
212201,20,-0.1,-0.02,-0.55,-0.35,1,0.2,0.1,0.15,50,51.98,3003,2772,146,2626,0,834,0,427,0,1365,0,231,28,3031,1365,1261,3031,962481.31,9900.09,60,153,106,104,90,96,126,1891,0,834,0,1792
212202,20,-0.1,-0.02,-0.55,-0.35,1,0.2,0.1,0.15,50,77.03,3001,2770,88,2682,1969,0,0,616,0,97,0,231,30,3031,2066,616,3031,1166604.62,11975.77,728,377,324,188,143,107,52,763,1969,0,0,713
212203,20,-0.1,-0.02,-0.55,-0.35,1,0.2,0.1,0.15,60,69.13,3008,2777,82,2695,1813,660,0,172,0,50,0,231,23,3031,1863,832,3031,709660.51,7325.21,788,520,410,249,176,152,94,306,1813,660,0,222
212204,20,-0.1,-0.02,-0.55,-0.35,1,0.2,0.1,0.15,60,51.98,3003,2772,146,2626,0,834,0,427,0,1365,0,231,28,3031,1365,1261,3031,962481.31,9900.09,60,153,106,104,90,96,126,1891,0,834,0,1792
212205,20,-0.1,-0.02,-0.55,-0.35,1,0.2,0.1,0.15,60,77.03,3001,2770,88,2682,1969,0,0,616,0,97,0,231,30,3031,2066,616,3031,1166604.62,11975.77,728,377,324,188,143,107,52,763,1969,0,0,713
212206,20,-0.1,-0.02,-0.55,-0.35,1,0.2,0.2,0.15,20,61.5,3008,2777,78,2699,728,421,618,0,932,0,0,231,23,3031,1660,1039,3031,1170575.82,12053.25,182,365,362,1790,0,0,0,0,728,421,1550,0
212207,20,-0.1,-0.02,-0.55,-0.35,1,0.2,0.2,0.15,20,60.96,3008,2777,82,2695,0,423,629,0,1643,0,0,231,23,3031,1643,1052,3031,1282349.57,13233.23,60,153,106,2376,0,0,0,0,0,423,2272,0
212208,20,-0.1,-0.02,-0.55,-0.35,1,0.2,0.2,0.15,20,64.75,3001,2770,78,2692,740,0,949,0,1003,0,0,231,30,3031,1743,949,3031,1425840.82,14668.07,122,213,259,2098,0,0,0,0,740,0,1952,0
212209,20,-0.1,-0.02,-0.55,-0.35,1,0.2,0.2,0.15,30,59.03,3008,2777,129,2648,993,600,485,0,570,0,0,231,23,3031,1563,1085,3031,1144496.72,11807.56,182,365,362,240,233,1266,0,0,993,600,1055,0
212210,20,-0.1,-0.02,-0.55,-0.35,1,0.2,0.2,0.15,30,56.71,3005,2774,143,2631,0,609,530,0,1492,0,0,231,26,3031,1492,1139,3031,1116534.5,11555.5,60,153,106,104,90,2118,0,0,0,609,2022,0
212211,20,-0.1,-0.02,-0.55,-0.35,1,0.2,0.2,0.15,30,65.73,3001,2770,135,2635,1044,0,903,0,688,0,0,231,30,3031,1732,903,3031,1629887.91,16768.44,122,213,259,146,169,1726,0,0,1044,0,1591,0
212212,20,-0.1,-0.02,-0.55,-0.35,1,0.2,0.2,0.15,40,57.5,3008,2777,132,2645,1101,759,279,86,158,262,0,231,23,3031,1521,1124,3031,1105527.31,11423.27,182,365,362,240,233,211,171,881,1101,759,437,348
212213,20,-0.1,-0.02,-0.55,-0.35,1,0.2,0.2,0.15,40,53.47,3003,2772,146,2626,0,790,338,94,392,1012,0,231,28,3031,1404,1222,3031,1050132.31,10818.57,60,153,106,104,90,96,126,1891,0,790,730,1106
212214,20,-0.1,-0.02,-0.55,-0.35,1,0.2,0.2,0.15,40,65.54,3001,2770,138,2632,1176,0,660,247,170,379,0,231,30,3031,1725,907,3031,1671763.08,17201.78,122,213,259,146,169,135,95,1493,1176,0,830,626
212215,20,-0.1,-0.02,-0.55,-0.35,1,0.2,0.2,0.15,50,56.6,3008,2777,132,2645,1107,796,0,352,0,390,0,231,23,3031,1497,1148,3031,1063533.16,10989.51,182,365,362,240,233,211,171,881,1107,796,0,742
212216,20,-0.1,-0.02,-0.55,-0.35,1,0.2,0.2,0.15,50,51.98,3003,2772,146,2626,0,834,0,427,0,1365,0,231,28,3031,1365,1261,3031,962481.31,9900.09,60,153,106,104,90,96,126,1891,0,834,0,1792
212217,20,-0.1,-0.02,-0.55,-0.35,1,0.2,0.2,0.15,50,64.55,3001,2770,138,2632,1182,0,0,933,0,517,0,231,30,3031,1699,933,3031,1571720.71,16162.04,122,213,259,146,169,135,95,1493,1182,0,0,1450
212218,20,-0.1,-0.02,-0.55,-0.35,1,0.2,0.2,0.15,60,56.6,3008,2777,132,2645,1107,796,0,352,0,390,0,231,23,3031,1497,1148,3031,1063533.16,10989.51,182,365,362,240,233,211,171,881,1107,796,0,742
212219,20,-0.1,-0.02,-0.55,-0.35,1,0.2,0.2,0.15,60,51.98,3003,2772,146,2626,0,834,0,427,0,1365,0,231,28,3031,1365,1261,3031,962481.31,9900.09,60,153,106,104,90,96,126,1891,0,834,0,1792
212220,20,-0.1,-0.02,-0.55,-0.35,1,0.2,0.2,0.15,60,64.55,3001,2770,138,2632,1182,0,0,933,0,517,0,231,30,3031,1699,933,3031,1571720.71,16162.04,122,213,259,146,169,135,95,1493,1182,0,0,1450
212221,20,-0.1,-0.02,-0.55,-0.35,2,0.1,0.1,0.15,20,70.87,3008,2777,55,2722,1664,394,399,0,265,0,0,231,23,3031,1929,793,3031,1025376.02,11584.11,817,548,434,923,0,0,0,0,1664,394,664,0
212222,20,-0.1,-0.02,-0.55,-0.35,2,0.1,0.1,0.15,20,65.05,3008,2777,82,2695,0,423,519,0,1753,0,0,231,23,3031,1753,942,3031,1752533.84,17873.41,60,153,106,2376,0,0,0,0,0,423,2272,0
212223,20,-0.1,-0.02,-0.55,-0.35,2,0.1,0.1,0.15,20,76.13,3001,2770,55,2715,1750,0,648,0,317,0,0,231,30,3031,2067,648,3031,1453719.18,14192.04,759,412,369,1175,0,0,0,0,1750,0,965,0
212224,20,-0.1,-0.02,-0.55,-0.35,2,0.1,0.1,0.15,30,72.04,3008,2777,80,2697,1839,526,228,0,104,0,0,231,23,3031,1943,754,3031,999851.59,11933.96,817,548,434,259,176,463,0,0,1839,526,332,0
212225,20,-0.1,-0.02,-0.55,-0.35,2,0.1,0.1,0.15,30,59.14,3005,2774,143,2631,0,609,466,0,1556,0,0,231,26,3031,1556,1075,3031,1638503.75,17261.74,60,153,106,104,90,2118,0,0,0,609,2022,0
212226,20,-0.1,-0.02,-0.55,-0.35,2,0.1,0.1,0.15,30,81.12,3001,2770,85,2685,2018,0,507,0,160,0,0,231,30,3031,2178,507,3031,1746333.21,16237.19,759,412,369,210,175,760,0,0,2018,0,667,0
212227,20,-0.1,-0.02,-0.55,-0.35,2,0.1,0.1,0.15,40,72.66,3008,2777,81,2696,1895,617,97,23,40,24,0,231,23,3031,1959,737,3031,957943.82,11936.41,817,548,434,259,176,131,87,244,1895,617,137,47
212228,20,-0.1,-0.02,-0.55,-0.35,2,0.1,0.1,0.15,40,56.78,3003,2772,146,2626,0,790,285,60,445,1046,0,231,28,3031,1491,1135,3031,1538496.28,17295.26,60,153,106,104,90,96,126,1891,0,790,730,1106
212229,20,-0.1,-0.02,-0.55,-0.35,2,0.1,0.1,0.15,40,83.49,3001,2770,86,2684,2137,0,337,106,52,52,0,231,30,3031,2241,443,3031,1860577.04,17051.13,759,412,369,210,175,93,69,597,2137,0,389,158
212230,20,-0.1,-0.02,-0.55,-0.35,2,0.1,0.1,0.15,50,72.11,3008,2777,81,2696,1898,629,0,123,0,46,0,231,23,3031,1944,752,3031,934498.18,11793.54,817,548,434,259,176,131,87,244,1898,629,0,169
212231,20,-0.1,-0.02,-0.55,-0.35,2,0.1,0.1,0.15,50,54.84,3003,2772,146,2626,0,834,0,352,0,1440,0,231,28,3031,1440,1186,3031,1416034.82,16393.82,60,153,106,104,90,96,126,1891,0,834,0,1792
212232,20,-0.1,-0.02,-0.55,-0.35,2,0.1,0.1,0.15,50,83.31,3001,2770,86,2684,2141,0,0,448,0,95,0,231,30,3031,2236,448,3031,1783836.01,16637.19,759,412,369,210,175,93,69,597,2141,0,0,543
212233,20,-0.1,-0.02,-0.55,-0.35,2,0.1,0.1,0.15,60,72.11,3008,2777,81,2696,1898,629,0,123,0,46,0,231,23,3031,1944,752,3031,934498.18,11793.54,817,548,434,259,176,131,87,244,1898,629,0,169
212234,20,-0.1,-0.02,-0.55,-0.35,2,0.1,0.1,0.15,60,54.84,3003,2772,146,2626,0,834,0,352,0,1440,0,231,28,3031,1440,1186,3031,1416034.82,16393.82,60,153,106,104,90,96,126,1891,0,834,0,1792
212235,20,-0.1,-0.02,-0.55,-0.35,2,0.1,0.1,0.15,60,83.31,3001,2770,86,2684,2141,0,0,448,0,95,0,231,30,3031,2236,448,3031,1783836.01,16637.19,759,412,369,210,175,93,69,597,2141,0,0,543
212236,20,-0.1,-0.02,-0.55,-0.35,2,0.1,0.2,0.15,20,65.58,3008,2777,78,2699,794,420,509,0,976,0,0,231,23,3031,1770,929,3031,1598099.8,16503.67,185,378,393,1743,0,0,0,0,794,420,1485,0
212237,20,-0.1,-0.02,-0.55,-0.35,2,0.1,0.2,0.15,20,65.05,3008,2777,82,2695,0,423,519,0,1753,0,0,231,23,3031,1753,942,3031,1752533.84,17873.41,60,153,106,2376,0,0,0,0,0,423,2272,0
212238,20,-0.1,-0.02,-0.55,-0.35,2,0.1,0.2,0.15,20,70.91,3001,2770,78,2692,826,0,783,0,1083,0,0,231,30,3031,1909,783,3031,2099708.81,19524.74,125,226,299,2042,0,0,0,0,826,0,1866,0
212239,20,-0.1,-0.02,-0.55,-0.35,2,0.1,0.2,0.15,30,61.59,3008,2777,129,2648,1076,596,421,0,555,0,0,231,23,3031,1631,1017,3031,1621436.28,17191.14,185,378,393,258,247,1187,0,0,1076,596,976,0
212240,20,-0.1,-0.02,-0.55,-0.35,2,0.1,0.2,0.15,30,59.14,3005,2774,143,2631,0,609,466,0,1556,0,0,231,26,3031,1556,1075,3031,1638503.75,17261.74,60,153,106,104,90,2118,0,0,0,609,2022,0
212241,20,-0.1,-0.02,-0.55,-0.35,2,0.1,0.2,0.15,30,71.27,3001,2770,135,2635,1172,0,757,0,706,0,0,231,30,3031,1878,757,3031,2578603.32,22640.49,125,226,299,176,196,1613,0,0,1172,0,1463,0
212242,20,-0.1,-0.02,-0.55,-0.35,2,0.1,0.2,0.15,40,60.91,3008,2777,132,2645,1190,750,229,55,183,238,0,231,23,3031,1611,1034,3031,1572045.26,17426.21,185,378,393,258,247,211,166,807,1190,750,412,293
212243,20,-0.1,-0.02,-0.55,-0.35,2,0.1,0.2,0.15,40,56.78,3003,2772,146,2626,0,790,285,60,445,1046,0,231,28,3031,1491,1135,3031,1538496.28,17295.26,60,153,106,104,90,96,126,1891,0,790,730,1106
212244,20,-0.1,-0.02,-0.55,-0.35,2,0.1,0.2,0.15,40,71.73,3001,2770,138,2632,1323,0,575,169,212,353,0,231,30,3031,1888,744,3031,2694351.31,23786.08,125,226,299,176,196,150,97,1363,1323,0,787,522
212245,20,-0.1,-0.02,-0.55,-0.35,2,0.1,0.2,0.15,50,59.81,3008,2777,132,2645,1195,786,0,277,0,387,0,231,23,3031,1582,1063,3031,1508575.15,17028.99,185,378,393,258,247,211,166,807,1195,786,0,664
212246,20,-0.1,-0.02,-0.55,-0.35,2,0.1,0.2,0.15,50,54.84,3003,2772,146,2626,0,834,0,352,0,1440,0,231,28,3031,1440,1186,3031,1416034.82,16393.82,60,153,106,104,90,96,126,1891,0,834,0,1792
212247,20,-0.1,-0.02,-0.55,-0.35,2,0.1,0.2,0.15,50,71.09,3001,2770,138,2632,1329,0,0,761,0,542,0,231,30,3031,1871,761,3031,2522550.09,22824.31,125,226,299,176,196,150,97,1363,1329,0,0,1303
212248,20,-0.1,-0.02,-0.55,-0.35,2,0.1,0.2,0.15,60,59.81,3008,2777,132,2645,1195,786,0,277,0,387,0,231,23,3031,1582,1063,3031,1508575.15,17028.99,185,378,393,258,247,211,166,807,1195,786,0,664
212249,20,-0.1,-0.02,-0.55,-0.35,2,0.1,0.2,0.15,60,54.84,3003,2772,146,2626,0,834,0,352,0,1440,0,231,28,3031,1440,1186,3031,1416034.82,16393.82,60,153,106,104,90,96,126,1891,0,834,0,1792
212250,20,-0.1,-0.02,-0.55,-0.35,2,0.1,0.2,0.15,60,71.09,3001,2770,138,2632,1329,0,0,761,0,542,0,231,30,3031,1871,761,3031,2522550.09,22824.31,125,226,299,176,196,150,97,1363,1329,0,0,1303
212251,20,-0.1,-0.02,-0.55,-0.35,2,0.2,0.1,0.15,20,67.12,3008,2777,55,2722,1567,400,495,0,260,0,0,231,23,3031,1827,895,3031,770720.98,7924.78,788,520,410,1004,0,0,0,0,1567,400,755,0
212252,20,-0.1,-0.02,-0.55,-0.35,2,0.2,0.1,0.15,20,60.96,3008,2777,82,2695,0,423,629,0,1643,0,0,231,23,3031,1643,1052,3031,1282349.57,13233.23,60,153,106,2376,0,0,0,0,0,423,2272,0
212253,20,-0.1,-0.02,-0.55,-0.35,2,0.2,0.1,0.15,20,70.35,3001,2770,55,2715,1617,0,805,0,293,0,0,231,30,3031,1910,805,3031,1010817.74,10382.93,728,377,324,1286,0,0,0,0,1617,0,1098,0
212254,20,-0.1,-0.02,-0.55,-0.35,2,0.2,0.1,0.15,30,69.21,3008,2777,81,2696,1754,541,289,0,112,0,0,231,23,3031,1866,830,3031,765691.35,7893.09,788,520,410,249,176,553,0,0,1754,541,401,0
212255,20,-0.1,-0.02,-0.55,-0.35,2,0.2,0.1,0.15,30,56.71,3005,2774,143,2631,0,609,530,0,1492,0,0,231,26,3031,1492,1139,3031,1116534.5,11555.5,60,153,106,104,90,2118,0,0,0,609,2022,0
212256,20,-0.1,-0.02,-0.55,-0.35,2,0.2,0.1,0.15,30,75.59,3001,2770,87,2683,1867,0,655,0,161,0,0,231,30,3031,2028,655,3031,1183767.13,12170.16,728,377,324,188,143,923,0,0,1867,0,816,0
212257,20,-0.1,-0.02,-0.55,-0.35,2,0.2,0.1,0.15,40,69.5,3008,2777,82,2695,1810,646,133,43,32,31,0,231,23,3031,1873,822,3031,727534.11,7509.4,788,520,410,249,176,152,94,306,1810,646,165,74
212258,20,-0.1,-0.02,-0.55,-0.35,2,0.2,0.1,0.15,40,53.47,3003,2772,146,2626,0,790,338,94,392,1012,0,231,28,3031,1404,1222,3031,1050132.31,10818.57,60,153,106,104,90,96,126,1891,0,790,730,1106
212259,20,-0.1,-0.02,-0.55,-0.35,2,0.2,0.1,0.15,40,77.37,3001,2770,88,2682,1965,0,428,179,37,73,0,231,30,3031,2075,607,3031,1214927.82,12481.28,728,377,324,188,143,107,52,763,1965,0,465,252
212260,20,-0.1,-0.02,-0.55,-0.35,2,0.2,0.1,0.15,50,69.13,3008,2777,82,2695,1813,660,0,172,0,50,0,231,23,3031,1863,832,3031,709660.51,7325.21,788,520,410,249,176,152,94,306,1813,660,0,222
212261,20,-0.1,-0.02,-0.55,-0.35,2,0.2,0.1,0.15,50,51.98,3003,2772,146,2626,0,834,0,427,0,1365,0,231,28,3031,1365,1261,3031,962481.31,9900.09,60,153,106,104,90,96,126,1891,0,834,0,1792
212262,20,-0.1,-0.02,-0.55,-0.35,2,0.2,0.1,0.15,50,77.03,3001,2770,88,2682,1969,0,0,616,0,97,0,231,30,3031,2066,616,3031,1166604.62,11975.77,728,377,324,188,143,107,52,763,1969,0,0,713
212263,20,-0.1,-0.02,-0.55,-0.35,2,0.2,0.1,0.15,60,69.13,3008,2777,82,2695,1813,660,0,172,0,50,0,231,23,3031,1863,832,3031,709660.51,7325.21,788,520,410,249,176,152,94,306,1813,660,0,222
212264,20,-0.1,-0.02,-0.55,-0.35,2,0.2,0.1,0.15,60,51.98,3003,2772,146,2626,0,834,0,427,0,1365,0,231,28,3031,1365,1261,3031,962481.31,9900.09,60,153,106,104,90,96,126,1891,0,834,0,1792
212265,20,-0.1,-0.02,-0.55,-0.35,2,0.2,0.1,0.15,60,77.03,3001,2770,88,2682,1969,0,0,616,0,97,0,231,30,3031,2066,616,3031,1166604.62,11975.77,728,377,324,188,143,107,52,763,1969,0,0,713
212266,20,-0.1,-0.02,-0.55,-0.35,2,0.2,0.2,0.15,20,61.5,3008,2777,78,2699,728,421,618,0,932,0,0,231,23,3031,1660,1039,3031,1170575.82,12053.25,182,365,362,1790,0,0,0,0,728,421,1550,0
212267,20,-0.1,-0.02,-0.55,-0.35,2,0.2,0.2,0.15,20,60.96,3008,2777,82,2695,0,423,629,0,1643,0,0,231,23,3031,1643,1052,3031,1282349.57,13233.23,60,153,106,2376,0,0,0,0,0,423,2272,0
212268,20,-0.1,-0.02,-0.55,-0.35,2,0.2,0.2,0.15,20,64.75,3001,2770,78,2692,740,0,949,0,1003,0,0,231,30,3031,1743,949,3031,1425840.82,14668.07,122,213,259,2098,0,0,0,0,740,0,1952,0
212269,20,-0.1,-0.02,-0.55,-0.35,2,0.2,0.2,0.15,30,59.03,3008,2777,129,2648,993,600,485,0,570,0,0,231,23,3031,1563,1085,3031,1144496.72,11807.56,182,365,362,240,233,1266,0,0,993,600,1055,0
212270,20,-0.1,-0.02,-0.55,-0.35,2,0.2,0.2,0.15,30,56.71,3005,2774,143,2631,0,609,530,0,1492,0,0,231,26,3031,1492,1139,3031,1116534.5,11555.5,60,153,106,104,90,2118,0,0,0,609,2022,0
212271,20,-0.1,-0.02,-0.55,-0.35,2,0.2,0.2,0.15,30,65.73,3001,2770,135,2635,1044,0,903,0,688,0,0,231,30,3031,1732,903,3031,1629887.91,16768.44,122,213,259,146,169,1726,0,0,1044,0,1591,0
212272,20,-0.1,-0.02,-0.55,-0.35,2,0.2,0.2,0.15,40,57.5,3008,2777,132,2645,1101,759,279,86,158,262,0,231,23,3031,1521,1124,3031,1105527.31,11423.27,182,365,362,240,233,211,171,881,1101,759,437,348
212273,20,-0.1,-0.02,-0.55,-0.35,2,0.2,0.2,0.15,40,53.47,3003,2772,146,2626,0,790,338,94,392,1012,0,231,28,3031,1404,1222,3031,1050132.31,10818.57,60,153,106,104,90,96,126,1891,0,790,730,1106
212274,20,-0.1,-0.02,-0.55,-0.35,2,0.2,0.2,0.15,40,65.54,3001,2770,138,2632,1176,0,660,247,170,379,0,231,30,3031,1725,907,3031,1671763.08,17201.78,122,213,259,146,169,135,95,1493,1176,0,830,626
212275,20,-0.1,-0.02,-0.55,-0.35,2,0.2,0.2,0.15,50,56.6,3008,2777,132,2645,1107,796,0,352,0,390,0,231,23,3031,1497,1148,3031,1063533.16,10989.51,182,365,362,240,233,211,171,881,1107,796,0,742
212276,20,-0.1,-0.02,-0.55,-0.35,2,0.2,0.2,0.15,50,51.98,3003,2772,146,2626,0,834,0,427,0,1365,0,231,28,3031,1365,1261,3031,962481.31,9900.09,60,153,106,104,90,96,126,1891,0,834,0,1792
212277,20,-0.1,-0.02,-0.55,-0.35,2,0.2,0.2,0.15,50,64.55,3001,2770,138,2632,1182,0,0,933,0,517,0,231,30,3031,1699,933,3031,1571720.71,16162.04,122,213,259,146,169,135,95,1493,1182,0,0,1450
212278,20,-0.1,-0.02,-0.55,-0.35,2,0.2,0.2,0.15,60,56.6,3008,2777,132,2645,1107,796,0,352,0,390,0,231,23,3031,1497,1148,3031,1063533.16,10989.51,182,365,362,240,233,211,171,881,1107,796,0,742
212279,20,-0.1,-0.02,-0.55,-0.35,2,0.2,0.2,0.15,60,51.98,3003,2772,146,2626,0,834,0,427,0,1365,0,231,28,3031,1365,1261,3031,962481.31,9900.09,60,153,106,104,90,96,126,1891,0,834,0,1792
212280,20,-0.1,-0.02,-0.55,-0.35,2,0.2,0.2,0.15,60,64.55,3001,2770,138,2632,1182,0,0,933,0,517,0,231,30,3031,1699,933,3031,1571720.71,16162.04,122,213,259,146,169,135,95,1493,1182,0,0,1450
212281,20,-0.1,-0.02,-0.55,-0.3,1,0.1,0.1,0.15,20,65.98,3931,3686,68,3618,1968,519,712,0,419,0,0,245,30,3961,2387,1231,3961,936767.26,9630.01,987,667,517,1447,0,0,0,0,1968,519,1131,0
212282,20,-0.1,-0.02,-0.55,-0.3,1,0.1,0.1,0.15,20,60.3,3931,3686,99,3587,0,554,870,0,2163,0,0,245,30,3961,2163,1424,3961,1490679.14,15395.48,86,203,142,3156,0,0,0,0,0,554,3033,0
212283,20,-0.1,-0.02,-0.55,-0.3,1,0.1,0.1,0.15,20,68.75,3923,3678,68,3610,2023,0,1128,0,459,0,0,245,38,3961,2482,1128,3961,1200166.77,12307.55,901,480,400,1829,0,0,0,0,2023,0,1587,0
212284,20,-0.1,-0.02,-0.55,-0.3,1,0.1,0.1,0.15,30,67.68,3931,3686,103,3583,2245,698,460,0,180,0,0,245,30,3961,2425,1158,3961,942985.88,9724.81,987,667,517,316,242,854,0,0,2245,698,640,0
212285,20,-0.1,-0.02,-0.55,-0.3,1,0.1,0.1,0.15,30,55.79,3928,3683,177,3506,0,791,759,0,1956,0,0,245,33,3961,1956,1550,3961,1264168.54,13125.62,86,203,142,123,114,2838,0,0,0,791,2715,0
212286,20,-0.1,-0.02,-0.55,-0.3,1,0.1,0.1,0.15,30,73.35,3923,3678,109,3569,2379,0,951,0,239,0,0,245,38,3961,2618,951,3961,1436876.26,14751.28,901,480,400,242,199,1347,0,0,2379,0,1190,0
212287,20,-0.1,-0.02,-0.55,-0.3,1,0.1,0.1,0.15,40,67.84,3931,3686,104,3582,2335,856,224,72,49,46,0,245,30,3961,2430,1152,3961,867253.88,8950.44,987,667,517,316,242,214,151,488,2335,856,273,118
212288,20,-0.1,-0.02,-0.55,-0.3,1,0.1,0.1,0.15,40,52.16,3926,3681,180,3501,0,1049,486,140,552,1274,0,245,35,3961,1826,1675,3961,1115796.08,11534.5,86,203,142,123,114,123,182,2528,0,1049,1038,1414
212289,20,-0.1,-0.02,-0.55,-0.3,1,0.1,0.1,0.15,40,75.03,3923,3678,110,3568,2522,0,624,267,56,99,0,245,38,3961,2677,891,3961,1467965.01,15054.0,901,480,400,242,199,157,84,1105,2522,0,680,366
212290,20,-0.1,-0.02,-0.55,-0.3,1,0.1,0.1,0.15,50,67.59,3931,3686,104,3582,2338,876,0,285,0,83,0,245,30,3961,2421,1161,3961,840898.02,8678.02,987,667,517,316,242,214,151,488,2338,876,0,368
212291,20,-0.1,-0.02,-0.55,-0.3,1,0.1,0.1,0.15,50,50.81,3926,3681,180,3501,0,1107,0,615,0,1779,0,245,35,3961,1779,1722,3961,996261.39,10278.84,86,203,142,123,114,123,182,2528,0,1107,0,2394
212292,20,-0.1,-0.02,-0.55,-0.3,1,0.1,0.1,0.15,50,74.8,3923,3678,110,3568,2526,0,0,899,0,143,0,245,38,3961,2669,899,3961,1402383.29,14370.26,901,480,400,242,199,157,84,1105,2526,0,0,1042
212293,20,-0.1,-0.02,-0.55,-0.3,1,0.1,0.1,0.15,60,67.59,3931,3686,104,3582,2338,876,0,285,0,83,0,245,30,3961,2421,1161,3961,840898.02,8678.02,987,667,517,316,242,214,151,488,2338,876,0,368
212294,20,-0.1,-0.02,-0.55,-0.3,1,0.1,0.1,0.15,60,50.81,3926,3681,180,3501,0,1107,0,615,0,1779,0,245,35,3961,1779,1722,3961,996261.39,10278.84,86,203,142,123,114,123,182,2528,0,1107,0,2394
212295,20,-0.1,-0.02,-0.55,-0.3,1,0.1,0.1,0.15,60,74.8,3923,3678,110,3568,2526,0,0,899,0,143,0,245,38,3961,2669,899,3961,1402383.29,14370.26,901,480,400,242,199,157,84,1105,2526,0,0,1042
212296,20,-0.1,-0.02,-0.55,-0.3,1,0.1,0.2,0.15,20,60.72,3931,3686,94,3592,889,552,859,0,1292,0,0,245,30,3961,2181,1411,3961,1397762.62,14405.19,222,453,457,2460,0,0,0,0,889,552,2151,0
212297,20,-0.1,-0.02,-0.55,-0.3,1,0.1,0.2,0.15,20,60.3,3931,3686,99,3587,0,554,870,0,2163,0,0,245,30,3961,2163,1424,3961,1490679.14,15395.48,86,203,142,3156,0,0,0,0,0,554,3033,0
212298,20,-0.1,-0.02,-0.55,-0.3,1,0.1,0.2,0.15,20,63.53,3923,3678,94,3584,901,0,1307,0,1376,0,0,245,38,3961,2277,1307,3961,1673868.29,17216.78,136,251,318,2879,0,0,0,0,901,0,2683,0
212299,20,-0.1,-0.02,-0.55,-0.3,1,0.1,0.2,0.15,30,57.75,3931,3686,162,3524,1216,781,708,0,819,0,0,245,30,3961,2035,1489,3961,1346267.32,13939.02,222,453,457,309,287,1796,0,0,1216,781,1527,0
212300,20,-0.1,-0.02,-0.55,-0.3,1,0.1,0.2,0.15,30,55.79,3928,3683,177,3506,0,791,759,0,1956,0,0,245,33,3961,1956,1550,3961,1264168.54,13125.62,86,203,142,123,114,2838,0,0,0,791,2715,0
212301,20,-0.1,-0.02,-0.55,-0.3,1,0.1,0.2,0.15,30,63.73,3923,3678,168,3510,1271,0,1273,0,966,0,0,245,38,3961,2237,1273,3961,1909516.17,19672.31,136,251,318,196,203,2406,0,0,1271,0,2239,0
212302,20,-0.1,-0.02,-0.55,-0.3,1,0.1,0.2,0.15,40,55.84,3931,3686,165,3521,1366,1014,413,128,229,371,0,245,30,3961,1966,1555,3961,1258795.42,13061.45,222,453,457,309,287,269,244,1280,1366,1014,642,499
212303,20,-0.1,-0.02,-0.55,-0.3,1,0.1,0.2,0.15,40,52.16,3926,3681,180,3501,0,1049,486,140,552,1274,0,245,35,3961,1826,1675,3961,1115796.08,11534.5,86,203,142,123,114,123,182,2528,0,1049,1038,1414
212304,20,-0.1,-0.02,-0.55,-0.3,1,0.1,0.2,0.15,40,63.33,3923,3678,171,3507,1448,0,929,357,245,528,0,245,38,3961,2221,1286,3961,1952439.55,20115.53,136,251,318,196,203,167,127,2109,1448,0,1174,885
212305,20,-0.1,-0.02,-0.55,-0.3,1,0.1,0.2,0.15,50,55.1,3931,3686,165,3521,1373,1063,0,518,0,567,0,245,30,3961,1940,1581,3961,1197204.37,12424.28,222,453,457,309,287,269,244,1280,1373,1063,0,1085
212306,20,-0.1,-0.02,-0.55,-0.3,1,0.1,0.2,0.15,50,50.81,3926,3681,180,3501,0,1107,0,615,0,1779,0,245,35,3961,1779,1722,3961,996261.39,10278.84,86,203,142,123,114,123,182,2528,0,1107,0,2394
212307,20,-0.1,-0.02,-0.55,-0.3,1,0.1,0.2,0.15,50,62.53,3923,3678,171,3507,1455,0,0,1314,0,738,0,245,38,3961,2193,1314,3961,1821309.46,18754.25,136,251,318,196,203,167,127,2109,1455,0,0,2052
212308,20,-0.1,-0.02,-0.55,-0.3,1,0.1,0.2,0.15,60,55.1,3931,3686,165,3521,1373,1063,0,518,0,567,0,245,30,3961,1940,1581,3961,1197204.37,12424.28,222,453,457,309,287,269,244,1280,1373,1063,0,1085
212309,20,-0.1,-0.02,-0.55,-0.3,1,0.1,0.2,0.15,60,50.81,3926,3681,180,3501,0,1107,0,615,0,1779,0,245,35,3961,1779,1722,3961,996261.39,10278.84,86,203,142,123,114,123,182,2528,0,1107,0,2394
212310,20,-0.1,-0.02,-0.55,-0.3,1,0.1,0.2,0.15,60,62.53,3923,3678,171,3507,1455,0,0,1314,0,738,0,245,38,3961,2193,1314,3961,1821309.46,18754.25,136,251,318,196,203,167,127,2109,1455,0,0,2052
212311,20,-0.1,-0.02,-0.55,-0.3,1,0.2,0.1,0.15,20,65.98,3931,3686,68,3618,1968,519,712,0,419,0,0,245,30,3961,2387,1231,3961,936767.26,9630.01,987,667,517,1447,0,0,0,0,1968,519,1131,0
212312,20,-0.1,-0.02,-0.55,-0.3,1,0.2,0.1,0.15,20,60.3,3931,3686,99,3587,0,554,870,0,2163,0,0,245,30,3961,2163,1424,3961,1490679.14,15395.48,86,203,142,3156,0,0,0,0,0,554,3033,0
212313,20,-0.1,-0.02,-0.55,-0.3,1,0.2,0.1,0.15,20,68.75,3923,3678,68,3610,2023,0,1128,0,459,0,0,245,38,3961,2482,1128,3961,1200166.77,12307.55,901,480,400,1829,0,0,0,0,2023,0,1587,0
212314,20,-0.1,-0.02,-0.55,-0.3,1,0.2,0.1,0.15,30,67.68,3931,3686,103,3583,2245,698,460,0,180,0,0,245,30,3961,2425,1158,3961,942985.88,9724.81,987,667,517,316,242,854,0,0,2245,698,640,0
212315,20,-0.1,-0.02,-0.55,-0.3,1,0.2,0.1,0.15,30,55.79,3928,3683,177,3506,0,791,759,0,1956,0,0,245,33,3961,1956,1550,3961,1264168.54,13125.62,86,203,142,123,114,2838,0,0,0,791,2715,0
212316,20,-0.1,-0.02,-0.55,-0.3,1,0.2,0.1,0.15,30,73.35,3923,3678,109,3569,2379,0,951,0,239,0,0,245,38,3961,2618,951,3961,1436876.26,14751.28,901,480,400,242,199,1347,0,0,2379,0,1190,0
212317,20,-0.1,-0.02,-0.55,-0.3,1,0.2,0.1,0.15,40,67.84,3931,3686,104,3582,2335,856,224,72,49,46,0,245,30,3961,2430,1152,3961,867253.88,8950.44,987,667,517,316,242,214,151,488,2335,856,273,118
212318,20,-0.1,-0.02,-0.55,-0.3,1,0.2,0.1,0.15,40,52.16,3926,3681,180,3501,0,1049,486,140,552,1274,0,245,35,3961,1826,1675,3961,1115796.08,11534.5,86,203,142,123,114,123,182,2528,0,1049,1038,1414
212319,20,-0.1,-0.02,-0.55,-0.3,1,0.2,0.1,0.15,40,75.03,3923,3678,110,3568,2522,0,624,267,56,99,0,245,38,3961,2677,891,3961,1467965.01,15054.0,901,480,400,242,199,157,84,1105,2522,0,680,366
212320,20,-0.1,-0.02,-0.55,-0.3,1,0.2,0.1,0.15,50,67.59,3931,3686,104,3582,2338,876,0,285,0,83,0,245,30,3961,2421,1161,3961,840898.02,8678.02,987,667,517,316,242,214,151,488,2338,876,0,368
212321,20,-0.1,-0.02,-0.55,-0.3,1,0.2,0.1,0.15,50,50.81,3926,3681,180,3501,0,1107,0,615,0,1779,0,245,35,3961,1779,1722,3961,996261.39,10278.84,86,203,142,123,114,123,182,2528,0,1107,0,2394
212322,20,-0.1,-0.02,-0.55,-0.3,1,0.2,0.1,0.15,50,74.8,3923,3678,110,3568,2526,0,0,899,0,143,0,245,38,3961,2669,899,3961,1402383.29,14370.26,901,480,400,242,199,157,84,1105,2526,0,0,1042
212323,20,-0.1,-0.02,-0.55,-0.3,1,0.2,0.1,0.15,60,67.59,3931,3686,104,3582,2338,876,0,285,0,83,0,245,30,3961,2421,1161,3961,840898.02,8678.02,987,667,517,316,242,214,151,488,2338,876,0,368
212324,20,-0.1,-0.02,-0.55,-0.3,1,0.2,0.1,0.15,60,50.81,3926,3681,180,3501,0,1107,0,615,0,1779,0,245,35,3961,1779,1722,3961,996261.39,10278.84,86,203,142,123,114,123,182,2528,0,1107,0,2394
212325,20,-0.1,-0.02,-0.55,-0.3,1,0.2,0.1,0.15,60,74.8,3923,3678,110,3568,2526,0,0,899,0,143,0,245,38,3961,2669,899,3961,1402383.29,14370.26,901,480,400,242,199,157,84,1105,2526,0,0,1042
212326,20,-0.1,-0.02,-0.55,-0.3,1,0.2,0.2,0.15,20,60.72,3931,3686,94,3592,889,552,859,0,1292,0,0,245,30,3961,2181,1411,3961,1397762.62,14405.19,222,453,457,2460,0,0,0,0,889,552,2151,0
212327,20,-0.1,-0.02,-0.55,-0.3,1,0.2,0.2,0.15,20,60.3,3931,3686,99,3587,0,554,870,0,2163,0,0,245,30,3961,2163,1424,3961,1490679.14,15395.48,86,203,142,3156,0,0,0,0,0,554,3033,0
212328,20,-0.1,-0.02,-0.55,-0.3,1,0.2,0.2,0.15,20,63.53,3923,3678,94,3584,901,0,1307,0,1376,0,0,245,38,3961,2277,1307,3961,1673868.29,17216.78,136,251,318,2879,0,0,0,0,901,0,2683,0
212329,20,-0.1,-0.02,-0.55,-0.3,1,0.2,0.2,0.15,30,57.75,3931,3686,162,3524,1216,781,708,0,819,0,0,245,30,3961,2035,1489,3961,1346267.32,13939.02,222,453,457,309,287,1796,0,0,1216,781,1527,0
212330,20,-0.1,-0.02,-0.55,-0.3,1,0.2,0.2,0.15,30,55.79,3928,3683,177,3506,0,791,759,0,1956,0,0,245,33,3961,1956,1550,3961,1264168.54,13125.62,86,203,142,123,114,2838,0,0,0,791,2715,0
212331,20,-0.1,-0.02,-0.55,-0.3,1,0.2,0.2,0.15,30,63.73,3923,3678,168,3510,1271,0,1273,0,966,0,0,245,38,3961,2237,1273,3961,1909516.17,19672.31,136,251,318,196,203,2406,0,0,1271,0,2239,0
212332,20,-0.1,-0.02,-0.55,-0.3,1,0.2,0.2,0.15,40,55.84,3931,3686,165,3521,1366,1014,413,128,229,371,0,245,30,3961,1966,1555,3961,1258795.42,13061.45,222,453,457,309,287,269,244,1280,1366,1014,642,499
212333,20,-0.1,-0.02,-0.55,-0.3,1,0.2,0.2,0.15,40,52.16,3926,3681,180,3501,0,1049,486,140,552,1274,0,245,35,3961,1826,1675,3961,1115796.08,11534.5,86,203,142,123,114,123,182,2528,0,1049,1038,1414
212334,20,-0.1,-0.02,-0.55,-0.3,1,0.2,0.2,0.15,40,63.33,3923,3678,171,3507,1448,0,929,357,245,528,0,245,38,3961,2221,1286,3961,1952439.55,20115.53,136,251,318,196,203,167,127,2109,1448,0,1174,885
212335,20,-0.1,-0.02,-0.55,-0.3,1,0.2,0.2,0.15,50,55.1,3931,3686,165,3521,1373,1063,0,518,0,567,0,245,30,3961,1940,1581,3961,1197204.37,12424.28,222,453,457,309,287,269,244,1280,1373,1063,0,1085
212336,20,-0.1,-0.02,-0.55,-0.3,1,0.2,0.2,0.15,50,50.81,3926,3681,180,3501,0,1107,0,615,0,1779,0,245,35,3961,1779,1722,3961,996261.39,10278.84,86,203,142,123,114,123,182,2528,0,1107,0,2394
212337,20,-0.1,-0.02,-0.55,-0.3,1,0.2,0.2,0.15,50,62.53,3923,3678,171,3507,1455,0,0,1314,0,738,0,245,38,3961,2193,1314,3961,1821309.46,18754.25,136,251,318,196,203,167,127,2109,1455,0,0,2052
212338,20,-0.1,-0.02,-0.55,-0.3,1,0.2,0.2,0.15,60,55.1,3931,3686,165,3521,1373,1063,0,518,0,567,0,245,30,3961,1940,1581,3961,1197204.37,12424.28,222,453,457,309,287,269,244,1280,1373,1063,0,1085
212339,20,-0.1,-0.02,-0.55,-0.3,1,0.2,0.2,0.15,60,50.81,3926,3681,180,3501,0,1107,0,615,0,1779,0,245,35,3961,1779,1722,3961,996261.39,10278.84,86,203,142,123,114,123,182,2528,0,1107,0,2394
212340,20,-0.1,-0.02,-0.55,-0.3,1,0.2,0.2,0.15,60,62.53,3923,3678,171,3507,1455,0,0,1314,0,738,0,245,38,3961,2193,1314,3961,1821309.46,18754.25,136,251,318,196,203,167,127,2109,1455,0,0,2052
212341,20,-0.1,-0.02,-0.55,-0.3,2,0.1,0.1,0.15,20,69.65,3931,3686,68,3618,2096,512,586,0,424,0,0,245,30,3961,2520,1098,3961,1259888.05,14477.25,1024,704,556,1334,0,0,0,0,2096,512,1010,0
212342,20,-0.1,-0.02,-0.55,-0.3,2,0.1,0.1,0.15,20,64.23,3931,3686,99,3587,0,554,729,0,2304,0,0,245,30,3961,2304,1283,3961,2062545.09,21438.65,86,203,142,3156,0,0,0,0,0,554,3033,0
212343,20,-0.1,-0.02,-0.55,-0.3,2,0.1,0.1,0.15,20,74.43,3923,3678,68,3610,2197,0,923,0,490,0,0,245,38,3961,2687,923,3961,1741506.19,17451.68,941,528,462,1679,0,0,0,0,2197,0,1413,0
212344,20,-0.1,-0.02,-0.55,-0.3,2,0.1,0.1,0.15,30,70.68,3931,3686,102,3584,2367,681,370,0,166,0,0,245,30,3961,2533,1051,3961,1260263.59,15140.33,1024,704,556,324,249,727,0,0,2367,681,536,0
212345,20,-0.1,-0.02,-0.55,-0.3,2,0.1,0.1,0.15,30,58.5,3928,3683,177,3506,0,791,664,0,2051,0,0,245,33,3961,2051,1455,3961,1921227.01,20582.59,86,203,142,123,114,2838,0,0,0,791,2715,0
212346,20,-0.1,-0.02,-0.55,-0.3,2,0.1,0.1,0.15,30,79.0,3923,3678,107,3571,2584,0,750,0,237,0,0,245,38,3961,2821,750,3961,2155391.73,20329.68,941,528,462,266,247,1127,0,0,2584,0,987,0
212347,20,-0.1,-0.02,-0.55,-0.3,2,0.1,0.1,0.15,40,70.97,3931,3686,103,3583,2444,820,174,46,62,37,0,245,30,3961,2543,1040,3961,1153508.4,14898.35,1024,704,556,324,249,191,129,406,2444,820,236,83
212348,20,-0.1,-0.02,-0.55,-0.3,2,0.1,0.1,0.15,40,55.38,3926,3681,180,3501,0,1049,419,94,619,1320,0,245,35,3961,1939,1562,3961,1709499.81,20075.0,86,203,142,123,114,123,182,2528,0,1049,1038,1414
212349,20,-0.1,-0.02,-0.55,-0.3,2,0.1,0.1,0.15,40,81.12,3923,3678,108,3570,2739,0,509,165,77,80,0,245,38,3961,2896,674,3961,2262236.71,21207.36,941,528,462,266,247,140,90,896,2739,0,586,245
212350,20,-0.1,-0.02,-0.55,-0.3,2,0.1,0.1,0.15,50,70.47,3931,3686,103,3583,2447,837,0,221,0,78,0,245,30,3961,2525,1058,3961,1119043.53,14706.49,1024,704,556,324,249,191,129,406,2447,837,0,299
212351,20,-0.1,-0.02,-0.55,-0.3,2,0.1,0.1,0.15,50,53.53,3926,3681,180,3501,0,1107,0,520,0,1874,0,245,35,3961,1874,1627,3961,1544035.49,18874.79,86,203,142,123,114,123,182,2528,0,1107,0,2394
212352,20,-0.1,-0.02,-0.55,-0.3,2,0.1,0.1,0.15,50,80.95,3923,3678,108,3570,2743,0,0,680,0,147,0,245,38,3961,2890,680,3961,2160261.03,20671.63,941,528,462,266,247,140,90,896,2743,0,0,827
212353,20,-0.1,-0.02,-0.55,-0.3,2,0.1,0.1,0.15,60,70.47,3931,3686,103,3583,2447,837,0,221,0,78,0,245,30,3961,2525,1058,3961,1119043.53,14706.49,1024,704,556,324,249,191,129,406,2447,837,0,299
212354,20,-0.1,-0.02,-0.55,-0.3,2,0.1,0.1,0.15,60,53.53,3926,3681,180,3501,0,1107,0,520,0,1874,0,245,35,3961,1874,1627,3961,1544035.49,18874.79,86,203,142,123,114,123,182,2528,0,1107,0,2394
212355,20,-0.1,-0.02,-0.55,-0.3,2,0.1,0.1,0.15,60,80.95,3923,3678,108,3570,2743,0,0,680,0,147,0,245,38,3961,2890,680,3961,2160261.03,20671.63,941,528,462,266,247,140,90,896,2743,0,0,827
212356,20,-0.1,-0.02,-0.55,-0.3,2,0.1,0.2,0.15,20,64.64,3931,3686,94,3592,964,551,719,0,1358,0,0,245,30,3961,2322,1270,3961,1923081.31,20230.22,225,470,489,2408,0,0,0,0,964,551,2077,0
212357,20,-0.1,-0.02,-0.55,-0.3,2,0.1,0.2,0.15,20,64.23,3931,3686,99,3587,0,554,729,0,2304,0,0,245,30,3961,2304,1283,3961,2062545.09,21438.65,86,203,142,3156,0,0,0,0,0,554,3033,0
212358,20,-0.1,-0.02,-0.55,-0.3,2,0.1,0.2,0.15,20,69.45,3923,3678,94,3584,999,0,1095,0,1490,0,0,245,38,3961,2489,1095,3961,2456017.88,23546.31,139,268,361,2816,0,0,0,0,999,0,2585,0
212359,20,-0.1,-0.02,-0.55,-0.3,2,0.1,0.2,0.15,30,60.64,3931,3686,162,3524,1318,776,611,0,819,0,0,245,30,3961,2137,1387,3961,1965042.52,21094.28,225,470,489,331,309,1700,0,0,1318,776,1430,0
212360,20,-0.1,-0.02,-0.55,-0.3,2,0.1,0.2,0.15,30,58.5,3928,3683,177,3506,0,791,664,0,2051,0,0,245,33,3961,2051,1455,3961,1921227.01,20582.59,86,203,142,123,114,2838,0,0,0,791,2715,0
212361,20,-0.1,-0.02,-0.55,-0.3,2,0.1,0.2,0.15,30,69.37,3923,3678,168,3510,1428,0,1075,0,1007,0,0,245,38,3961,2435,1075,3961,3074095.08,27525.22,139,268,361,231,243,2268,0,0,1428,0,2082,0
212362,20,-0.1,-0.02,-0.55,-0.3,2,0.1,0.2,0.15,40,59.16,3931,3686,165,3521,1486,1003,347,88,264,333,0,245,30,3961,2083,1438,3961,1843195.65,21115.1,225,470,489,331,309,270,245,1182,1486,1003,611,421
212363,20,-0.1,-0.02,-0.55,-0.3,2,0.1,0.2,0.15,40,55.38,3926,3681,180,3501,0,1049,419,94,619,1320,0,245,35,3961,1939,1562,3961,1709499.81,20075.0,86,203,142,123,114,123,182,2528,0,1049,1038,1414
212364,20,-0.1,-0.02,-0.55,-0.3,2,0.1,0.2,0.15,40,69.58,3923,3678,171,3507,1639,0,816,251,306,495,0,245,38,3961,2440,1067,3961,3218902.76,29001.95,139,268,361,231,243,186,138,1941,1639,0,1122,746
212365,20,-0.1,-0.02,-0.55,-0.3,2,0.1,0.2,0.15,50,58.05,3931,3686,165,3521,1492,1050,0,427,0,552,0,245,30,3961,2044,1477,3961,1751077.68,20564.69,225,470,489,331,309,270,245,1182,1492,1050,0,979
212366,20,-0.1,-0.02,-0.55,-0.3,2,0.1,0.2,0.15,50,53.53,3926,3681,180,3501,0,1107,0,520,0,1874,0,245,35,3961,1874,1627,3961,1544035.49,18874.79,86,203,142,123,114,123,182,2528,0,1107,0,2394
212367,20,-0.1,-0.02,-0.55,-0.3,2,0.1,0.2,0.15,50,68.86,3923,3678,171,3507,1646,0,0,1092,0,769,0,245,38,3961,2415,1092,3961,2995312.44,27768.78,139,268,361,231,243,186,138,1941,1646,0,0,1861
212368,20,-0.1,-0.02,-0.55,-0.3,2,0.1,0.2,0.15,60,58.05,3931,3686,165,3521,1492,1050,0,427,0,552,0,245,30,3961,2044,1477,3961,1751077.68,20564.69,225,470,489,331,309,270,245,1182,1492,1050,0,979
212369,20,-0.1,-0.02,-0.55,-0.3,2,0.1,0.2,0.15,60,53.53,3926,3681,180,3501,0,1107,0,520,0,1874,0,245,35,3961,1874,1627,3961,1544035.49,18874.79,86,203,142,123,114,123,182,2528,0,1107,0,2394
212370,20,-0.1,-0.02,-0.55,-0.3,2,0.1,0.2,0.15,60,68.86,3923,3678,171,3507,1646,0,0,1092,0,769,0,245,38,3961,2415,1092,3961,2995312.44,27768.78,139,268,361,231,243,186,138,1941,1646,0,0,1861
212371,20,-0.1,-0.02,-0.55,-0.3,2,0.2,0.1,0.15,20,65.98,3931,3686,68,3618,1968,519,712,0,419,0,0,245,30,3961,2387,1231,3961,936767.26,9630.01,987,667,517,1447,0,0,0,0,1968,519,1131,0
212372,20,-0.1,-0.02,-0.55,-0.3,2,0.2,0.1,0.15,20,60.3,3931,3686,99,3587,0,554,870,0,2163,0,0,245,30,3961,2163,1424,3961,1490679.14,15395.48,86,203,142,3156,0,0,0,0,0,554,3033,0
212373,20,-0.1,-0.02,-0.55,-0.3,2,0.2,0.1,0.15,20,68.75,3923,3678,68,3610,2023,0,1128,0,459,0,0,245,38,3961,2482,1128,3961,1200166.77,12307.55,901,480,400,1829,0,0,0,0,2023,0,1587,0
212374,20,-0.1,-0.02,-0.55,-0.3,2,0.2,0.1,0.15,30,67.68,3931,3686,103,3583,2245,698,460,0,180,0,0,245,30,3961,2425,1158,3961,942985.88,9724.81,987,667,517,316,242,854,0,0,2245,698,640,0
212375,20,-0.1,-0.02,-0.55,-0.3,2,0.2,0.1,0.15,30,55.79,3928,3683,177,3506,0,791,759,0,1956,0,0,245,33,3961,1956,1550,3961,1264168.54,13125.62,86,203,142,123,114,2838,0,0,0,791,2715,0
212376,20,-0.1,-0.02,-0.55,-0.3,2,0.2,0.1,0.15,30,73.35,3923,3678,109,3569,2379,0,951,0,239,0,0,245,38,3961,2618,951,3961,1436876.26,14751.28,901,480,400,242,199,1347,0,0,2379,0,1190,0
212377,20,-0.1,-0.02,-0.55,-0.3,2,0.2,0.1,0.15,40,67.84,3931,3686,104,3582,2335,856,224,72,49,46,0,245,30,3961,2430,1152,3961,867253.88,8950.44,987,667,517,316,242,214,151,488,2335,856,273,118
212378,20,-0.1,-0.02,-0.55,-0.3,2,0.2,0.1,0.15,40,52.16,3926,3681,180,3501,0,1049,486,140,552,1274,0,245,35,3961,1826,1675,3961,1115796.08,11534.5,86,203,142,123,114,123,182,2528,0,1049,1038,1414
212379,20,-0.1,-0.02,-0.55,-0.3,2,0.2,0.1,0.15,40,75.03,3923,3678,110,3568,2522,0,624,267,56,99,0,245,38,3961,2677,891,3961,1467965.01,15054.0,901,480,400,242,199,157,84,1105,2522,0,680,366
212380,20,-0.1,-0.02,-0.55,-0.3,2,0.2,0.1,0.15,50,67.59,3931,3686,104,3582,2338,876,0,285,0,83,0,245,30,3961,2421,1161,3961,840898.02,8678.02,987,667,517,316,242,214,151,488,2338,876,0,368
212381,20,-0.1,-0.02,-0.55,-0.3,2,0.2,0.1,0.15,50,50.81,3926,3681,180,3501,0,1107,0,615,0,1779,0,245,35,3961,1779,1722,3961,996261.39,10278.84,86,203,142,123,114,123,182,2528,0,1107,0,2394
212382,20,-0.1,-0.02,-0.55,-0.3,2,0.2,0.1,0.15,50,74.8,3923,3678,110,3568,2526,0,0,899,0,143,0,245,38,3961,2669,899,3961,1402383.29,14370.26,901,480,400,242,199,157,84,1105,2526,0,0,1042
212383,20,-0.1,-0.02,-0.55,-0.3,2,0.2,0.1,0.15,60,67.59,3931,3686,104,3582,2338,876,0,285,0,83,0,245,30,3961,2421,1161,3961,840898.02,8678.02,987,667,517,316,242,214,151,488,2338,876,0,368
212384,20,-0.1,-0.02,-0.55,-0.3,2,0.2,0.1,0.15,60,50.81,3926,3681,180,3501,0,1107,0,615,0,1779,0,245,35,3961,1779,1722,3961,996261.39,10278.84,86,203,142,123,114,123,182,2528,0,1107,0,2394
212385,20,-0.1,-0.02,-0.55,-0.3,2,0.2,0.1,0.15,60,74.8,3923,3678,110,3568,2526,0,0,899,0,143,0,245,38,3961,2669,899,3961,1402383.29,14370.26,901,480,400,242,199,157,84,1105,2526,0,0,1042
212386,20,-0.1,-0.02,-0.55,-0.3,2,0.2,0.2,0.15,20,60.72,3931,3686,94,3592,889,552,859,0,1292,0,0,245,30,3961,2181,1411,3961,1397762.62,14405.19,222,453,457,2460,0,0,0,0,889,552,2151,0
212387,20,-0.1,-0.02,-0.55,-0.3,2,0.2,0.2,0.15,20,60.3,3931,3686,99,3587,0,554,870,0,2163,0,0,245,30,3961,2163,1424,3961,1490679.14,15395.48,86,203,142,3156,0,0,0,0,0,554,3033,0
212388,20,-0.1,-0.02,-0.55,-0.3,2,0.2,0.2,0.15,20,63.53,3923,3678,94,3584,901,0,1307,0,1376,0,0,245,38,3961,2277,1307,3961,1673868.29,17216.78,136,251,318,2879,0,0,0,0,901,0,2683,0
212389,20,-0.1,-0.02,-0.55,-0.3,2,0.2,0.2,0.15,30,57.75,3931,3686,162,3524,1216,781,708,0,819,0,0,245,30,3961,2035,1489,3961,1346267.32,13939.02,222,453,457,309,287,1796,0,0,1216,781,1527,0
212390,20,-0.1,-0.02,-0.55,-0.3,2,0.2,0.2,0.15,30,55.79,3928,3683,177,3506,0,791,759,0,1956,0,0,245,33,3961,1956,1550,3961,1264168.54,13125.62,86,203,142,123,114,2838,0,0,0,791,2715,0
212391,20,-0.1,-0.02,-0.55,-0.3,2,0.2,0.2,0.15,30,63.73,3923,3678,168,3510,1271,0,1273,0,966,0,0,245,38,3961,2237,1273,3961,1909516.17,19672.31,136,251,318,196,203,2406,0,0,1271,0,2239,0
212392,20,-0.1,-0.02,-0.55,-0.3,2,0.2,0.2,0.15,40,55.84,3931,3686,165,3521,1366,1014,413,128,229,371,0,245,30,3961,1966,1555,3961,1258795.42,13061.45,222,453,457,309,287,269,244,1280,1366,1014,642,499
212393,20,-0.1,-0.02,-0.55,-0.3,2,0.2,0.2,0.15,40,52.16,3926,3681,180,3501,0,1049,486,140,552,1274,0,245,35,3961,1826,1675,3961,1115796.08,11534.5,86,203,142,123,114,123,182,2528,0,1049,1038,1414
212394,20,-0.1,-0.02,-0.55,-0.3,2,0.2,0.2,0.15,40,63.33,3923,3678,171,3507,1448,0,929,357,245,528,0,245,38,3961,2221,1286,3961,1952439.55,20115.53,136,251,318,196,203,167,127,2109,1448,0,1174,885
212395,20,-0.1,-0.02,-0.55,-0.3,2,0.2,0.2,0.15,50,55.1,3931,3686,165,3521,1373,1063,0,518,0,567,0,245,30,3961,1940,1581,3961,1197204.37,12424.28,222,453,457,309,287,269,244,1280,1373,1063,0,1085
212396,20,-0.1,-0.02,-0.55,-0.3,2,0.2,0.2,0.15,50,50.81,3926,3681,180,3501,0,1107,0,615,0,1779,0,245,35,3961,1779,1722,3961,996261.39,10278.84,86,203,142,123,114,123,182,2528,0,1107,0,2394
212397,20,-0.1,-0.02,-0.55,-0.3,2,0.2,0.2,0.15,50,62.53,3923,3678,171,3507,1455,0,0,1314,0,738,0,245,38,3961,2193,1314,3961,1821309.46,18754.25,136,251,318,196,203,167,127,2109,1455,0,0,2052
212398,20,-0.1,-0.02,-0.55,-0.3,2,0.2,0.2,0.15,60,55.1,3931,3686,165,3521,1373,1063,0,518,0,567,0,245,30,3961,1940,1581,3961,1197204.37,12424.28,222,453,457,309,287,269,244,1280,1373,1063,0,1085
212399,20,-0.1,-0.02,-0.55,-0.3,2,0.2,0.2,0.15,60,50.81,3926,3681,180,3501,0,1107,0,615,0,1779,0,245,35,3961,1779,1722,3961,996261.39,10278.84,86,203,142,123,114,123,182,2528,0,1107,0,2394
212400,20,-0.1,-0.02,-0.55,-0.3,2,0.2,0.2,0.15,60,62.53,3923,3678,171,3507,1455,0,0,1314,0,738,0,245,38,3961,2193,1314,3961,1821309.46,18754.25,136,251,318,196,203,167,127,2109,1455,0,0,2052
212401,20,-0.1,-0.02,-0.55,-0.25,1,0.1,0.1,0.15,20,64.39,4711,4448,78,4370,2262,628,928,0,552,0,0,263,40,4751,2814,1556,4751,993536.35,10181.48,1119,770,608,1873,0,0,0,0,2262,628,1480,0
212402,20,-0.1,-0.02,-0.55,-0.25,1,0.1,0.1,0.15,20,58.99,4711,4448,113,4335,0,665,1113,0,2557,0,0,263,40,4751,2557,1778,4751,1525595.33,15733.77,117,225,176,3817,0,0,0,0,0,665,3670,0
212403,20,-0.1,-0.02,-0.55,-0.25,1,0.1,0.1,0.15,20,66.85,4701,4438,79,4359,2320,0,1445,0,594,0,0,263,50,4751,2914,1445,4751,1274382.54,13038.96,1003,563,457,2336,0,0,0,0,2320,0,2039,0
212404,20,-0.1,-0.02,-0.55,-0.25,1,0.1,0.1,0.15,30,65.66,4711,4448,121,4327,2590,850,636,0,251,0,0,263,40,4751,2841,1486,4751,991307.16,10218.05,1119,770,608,393,291,1146,0,0,2590,850,887,0
212405,20,-0.1,-0.02,-0.55,-0.25,1,0.1,0.1,0.15,30,54.22,4708,4445,205,4240,0,952,989,0,2299,0,0,263,43,4751,2299,1941,4751,1255638.86,13079.69,117,225,176,147,144,3431,0,0,0,952,3288,0
212406,20,-0.1,-0.02,-0.55,-0.25,1,0.1,0.1,0.15,30,70.79,4701,4438,128,4310,2736,0,1259,0,315,0,0,263,50,4751,3051,1259,4751,1536679.83,15772.75,1003,563,457,297,227,1763,0,0,2736,0,1574,0
212407,20,-0.1,-0.02,-0.55,-0.25,1,0.1,0.1,0.15,40,66.0,4711,4448,122,4326,2712,1043,321,107,75,68,0,263,40,4751,2855,1471,4751,903819.78,9302.82,1119,770,608,393,291,259,186,700,2712,1043,396,175
212408,20,-0.1,-0.02,-0.55,-0.25,1,0.1,0.1,0.15,40,50.91,4706,4443,208,4235,0,1257,636,186,662,1494,0,263,45,4751,2156,2079,4751,1051145.01,10906.77,117,225,176,147,144,143,217,3066,0,1257,1298,1680
212409,20,-0.1,-0.02,-0.55,-0.25,1,0.1,0.1,0.15,40,72.73,4701,4438,130,4308,2920,0,812,363,83,130,0,263,50,4751,3133,1175,4751,1590899.26,16278.74,1003,563,457,297,227,189,104,1468,2920,0,895,493
212410,20,-0.1,-0.02,-0.55,-0.25,1,0.1,0.1,0.15,50,65.7,4711,4448,122,4326,2718,1068,0,416,0,124,0,263,40,4751,2842,1484,4751,869826.62,8952.43,1119,770,608,393,291,259,186,700,2718,1068,0,540
212411,20,-0.1,-0.02,-0.55,-0.25,1,0.1,0.1,0.15,50,49.7,4706,4443,208,4235,0,1328,0,802,0,2105,0,263,45,4751,2105,2130,4751,910635.09,9441.34,117,225,176,147,144,143,217,3066,0,1328,0,2907
212412,20,-0.1,-0.02,-0.55,-0.25,1,0.1,0.1,0.15,50,72.49,4701,4438,130,4308,2927,0,0,1185,0,196,0,263,50,4751,3123,1185,4751,1510627.93,15445.95,1003,563,457,297,227,189,104,1468,2927,0,0,1381
212413,20,-0.1,-0.02,-0.55,-0.25,1,0.1,0.1,0.15,60,65.7,4711,4448,122,4326,2718,1068,0,416,0,124,0,263,40,4751,2842,1484,4751,869826.62,8952.43,1119,770,608,393,291,259,186,700,2718,1068,0,540
212414,20,-0.1,-0.02,-0.55,-0.25,1,0.1,0.1,0.15,60,49.7,4706,4443,208,4235,0,1328,0,802,0,2105,0,263,45,4751,2105,2130,4751,910635.09,9441.34,117,225,176,147,144,143,217,3066,0,1328,0,2907
212415,20,-0.1,-0.02,-0.55,-0.25,1,0.1,0.1,0.15,60,72.49,4701,4438,130,4308,2927,0,0,1185,0,196,0,263,50,4751,3123,1185,4751,1510627.93,15445.95,1003,563,457,297,227,189,104,1468,2927,0,0,1381
212416,20,-0.1,-0.02,-0.55,-0.25,1,0.1,0.2,0.15,20,59.36,4711,4448,107,4341,965,663,1101,0,1612,0,0,263,40,4751,2577,1764,4751,1454459.2,14973.77,259,495,514,3073,0,0,0,0,965,663,2713,0
212417,20,-0.1,-0.02,-0.55,-0.25,1,0.1,0.2,0.15,20,58.99,4711,4448,113,4335,0,665,1113,0,2557,0,0,263,40,4751,2557,1778,4751,1525595.33,15733.77,117,225,176,3817,0,0,0,0,0,665,3670,0
212418,20,-0.1,-0.02,-0.55,-0.25,1,0.1,0.2,0.15,20,61.82,4701,4438,108,4330,977,0,1653,0,1700,0,0,263,50,4751,2677,1653,4751,1739376.29,17876.63,142,271,341,3576,0,0,0,0,977,0,3353,0
212419,20,-0.1,-0.02,-0.55,-0.25,1,0.1,0.2,0.15,30,56.14,4711,4448,187,4261,1338,941,928,0,1054,0,0,263,40,4751,2392,1869,4751,1396690.54,14484.9,259,495,514,360,345,2288,0,0,1338,941,1982,0
212420,20,-0.1,-0.02,-0.55,-0.25,1,0.1,0.2,0.15,30,54.22,4708,4445,205,4240,0,952,989,0,2299,0,0,263,43,4751,2299,1941,4751,1255638.86,13079.69,117,225,176,147,144,3431,0,0,0,952,3288,0
212421,20,-0.1,-0.02,-0.55,-0.25,1,0.1,0.2,0.15,30,61.48,4701,4438,194,4244,1393,0,1635,0,1216,0,0,263,50,4751,2609,1635,4751,2005675.7,20685.27,142,271,341,223,232,3035,0,0,1393,0,2851,0
212422,20,-0.1,-0.02,-0.55,-0.25,1,0.1,0.2,0.15,40,54.34,4711,4448,190,4258,1521,1220,550,174,305,488,0,263,40,4751,2314,1944,4751,1278109.37,13291.66,259,495,514,360,345,306,300,1679,1521,1220,855,662
212423,20,-0.1,-0.02,-0.55,-0.25,1,0.1,0.2,0.15,40,50.91,4706,4443,208,4235,0,1257,636,186,662,1494,0,263,45,4751,2156,2079,4751,1051145.01,10906.77,117,225,176,147,144,143,217,3066,0,1257,1298,1680
212424,20,-0.1,-0.02,-0.55,-0.25,1,0.1,0.2,0.15,40,61.25,4701,4438,198,4240,1606,0,1173,470,325,666,0,263,50,4751,2597,1643,4751,2044193.49,21070.7,142,271,341,223,232,184,156,2691,1606,0,1498,1136
212425,20,-0.1,-0.02,-0.55,-0.25,1,0.1,0.2,0.15,50,53.59,4711,4448,190,4258,1528,1280,0,696,0,754,0,263,40,4751,2282,1976,4751,1200105.4,12493.09,259,495,514,360,345,306,300,1679,1528,1280,0,1450
212426,20,-0.1,-0.02,-0.55,-0.25,1,0.1,0.2,0.15,50,49.7,4706,4443,208,4235,0,1328,0,802,0,2105,0,263,45,4751,2105,2130,4751,910635.09,9441.34,117,225,176,147,144,143,217,3066,0,1328,0,2907
212427,20,-0.1,-0.02,-0.55,-0.25,1,0.1,0.2,0.15,50,60.5,4701,4438,198,4240,1613,0,0,1675,0,952,0,263,50,4751,2565,1675,4751,1885918.75,19441.67,142,271,341,223,232,184,156,2691,1613,0,0,2627
212428,20,-0.1,-0.02,-0.55,-0.25,1,0.1,0.2,0.15,60,53.59,4711,4448,190,4258,1528,1280,0,696,0,754,0,263,40,4751,2282,1976,4751,1200105.4,12493.09,259,495,514,360,345,306,300,1679,1528,1280,0,1450
212429,20,-0.1,-0.02,-0.55,-0.25,1,0.1,0.2,0.15,60,49.7,4706,4443,208,4235,0,1328,0,802,0,2105,0,263,45,4751,2105,2130,4751,910635.09,9441.34,117,225,176,147,144,143,217,3066,0,1328,0,2907
212430,20,-0.1,-0.02,-0.55,-0.25,1,0.1,0.2,0.15,60,60.5,4701,4438,198,4240,1613,0,0,1675,0,952,0,263,50,4751,2565,1675,4751,1885918.75,19441.67,142,271,341,223,232,184,156,2691,1613,0,0,2627
212431,20,-0.1,-0.02,-0.55,-0.25,1,0.2,0.1,0.15,20,64.39,4711,4448,78,4370,2262,628,928,0,552,0,0,263,40,4751,2814,1556,4751,993536.35,10181.48,1119,770,608,1873,0,0,0,0,2262,628,1480,0
212432,20,-0.1,-0.02,-0.55,-0.25,1,0.2,0.1,0.15,20,58.99,4711,4448,113,4335,0,665,1113,0,2557,0,0,263,40,4751,2557,1778,4751,1525595.33,15733.77,117,225,176,3817,0,0,0,0,0,665,3670,0
212433,20,-0.1,-0.02,-0.55,-0.25,1,0.2,0.1,0.15,20,66.85,4701,4438,79,4359,2320,0,1445,0,594,0,0,263,50,4751,2914,1445,4751,1274382.54,13038.96,1003,563,457,2336,0,0,0,0,2320,0,2039,0
212434,20,-0.1,-0.02,-0.55,-0.25,1,0.2,0.1,0.15,30,65.66,4711,4448,121,4327,2590,850,636,0,251,0,0,263,40,4751,2841,1486,4751,991307.16,10218.05,1119,770,608,393,291,1146,0,0,2590,850,887,0
212435,20,-0.1,-0.02,-0.55,-0.25,1,0.2,0.1,0.15,30,54.22,4708,4445,205,4240,0,952,989,0,2299,0,0,263,43,4751,2299,1941,4751,1255638.86,13079.69,117,225,176,147,144,3431,0,0,0,952,3288,0
212436,20,-0.1,-0.02,-0.55,-0.25,1,0.2,0.1,0.15,30,70.79,4701,4438,128,4310,2736,0,1259,0,315,0,0,263,50,4751,3051,1259,4751,1536679.83,15772.75,1003,563,457,297,227,1763,0,0,2736,0,1574,0
212437,20,-0.1,-0.02,-0.55,-0.25,1,0.2,0.1,0.15,40,66.0,4711,4448,122,4326,2712,1043,321,107,75,68,0,263,40,4751,2855,1471,4751,903819.78,9302.82,1119,770,608,393,291,259,186,700,2712,1043,396,175
212438,20,-0.1,-0.02,-0.55,-0.25,1,0.2,0.1,0.15,40,50.91,4706,4443,208,4235,0,1257,636,186,662,1494,0,263,45,4751,2156,2079,4751,1051145.01,10906.77,117,225,176,147,144,143,217,3066,0,1257,1298,1680
212439,20,-0.1,-0.02,-0.55,-0.25,1,0.2,0.1,0.15,40,72.73,4701,4438,130,4308,2920,0,812,363,83,130,0,263,50,4751,3133,1175,4751,1590899.26,16278.74,1003,563,457,297,227,189,104,1468,2920,0,895,493
212440,20,-0.1,-0.02,-0.55,-0.25,1,0.2,0.1,0.15,50,65.7,4711,4448,122,4326,2718,1068,0,416,0,124,0,263,40,4751,2842,1484,4751,869826.62,8952.43,1119,770,608,393,291,259,186,700,2718,1068,0,540
212441,20,-0.1,-0.02,-0.55,-0.25,1,0.2,0.1,0.15,50,49.7,4706,4443,208,4235,0,1328,0,802,0,2105,0,263,45,4751,2105,2130,4751,910635.09,9441.34,117,225,176,147,144,143,217,3066,0,1328,0,2907
212442,20,-0.1,-0.02,-0.55,-0.25,1,0.2,0.1,0.15,50,72.49,4701,4438,130,4308,2927,0,0,1185,0,196,0,263,50,4751,3123,1185,4751,1510627.93,15445.95,1003,563,457,297,227,189,104,1468,2927,0,0,1381
212443,20,-0.1,-0.02,-0.55,-0.25,1,0.2,0.1,0.15,60,65.7,4711,4448,122,4326,2718,1068,0,416,0,124,0,263,40,4751,2842,1484,4751,869826.62,8952.43,1119,770,608,393,291,259,186,700,2718,1068,0,540
212444,20,-0.1,-0.02,-0.55,-0.25,1,0.2,0.1,0.15,60,49.7,4706,4443,208,4235,0,1328,0,802,0,2105,0,263,45,4751,2105,2130,4751,910635.09,9441.34,117,225,176,147,144,143,217,3066,0,1328,0,2907
212445,20,-0.1,-0.02,-0.55,-0.25,1,0.2,0.1,0.15,60,72.49,4701,4438,130,4308,2927,0,0,1185,0,196,0,263,50,4751,3123,1185,4751,1510627.93,15445.95,1003,563,457,297,227,189,104,1468,2927,0,0,1381
212446,20,-0.1,-0.02,-0.55,-0.25,1,0.2,0.2,0.15,20,59.36,4711,4448,107,4341,965,663,1101,0,1612,0,0,263,40,4751,2577,1764,4751,1454459.2,14973.77,259,495,514,3073,0,0,0,0,965,663,2713,0
212447,20,-0.1,-0.02,-0.55,-0.25,1,0.2,0.2,0.15,20,58.99,4711,4448,113,4335,0,665,1113,0,2557,0,0,263,40,4751,2557,1778,4751,1525595.33,15733.77,117,225,176,3817,0,0,0,0,0,665,3670,0
212448,20,-0.1,-0.02,-0.55,-0.25,1,0.2,0.2,0.15,20,61.82,4701,4438,108,4330,977,0,1653,0,1700,0,0,263,50,4751,2677,1653,4751,1739376.29,17876.63,142,271,341,3576,0,0,0,0,977,0,3353,0
212449,20,-0.1,-0.02,-0.55,-0.25,1,0.2,0.2,0.15,30,56.14,4711,4448,187,4261,1338,941,928,0,1054,0,0,263,40,4751,2392,1869,4751,1396690.54,14484.9,259,495,514,360,345,2288,0,0,1338,941,1982,0
212450,20,-0.1,-0.02,-0.55,-0.25,1,0.2,0.2,0.15,30,54.22,4708,4445,205,4240,0,952,989,0,2299,0,0,263,43,4751,2299,1941,4751,1255638.86,13079.69,117,225,176,147,144,3431,0,0,0,952,3288,0
212451,20,-0.1,-0.02,-0.55,-0.25,1,0.2,0.2,0.15,30,61.48,4701,4438,194,4244,1393,0,1635,0,1216,0,0,263,50,4751,2609,1635,4751,2005675.7,20685.27,142,271,341,223,232,3035,0,0,1393,0,2851,0
212452,20,-0.1,-0.02,-0.55,-0.25,1,0.2,0.2,0.15,40,54.34,4711,4448,190,4258,1521,1220,550,174,305,488,0,263,40,4751,2314,1944,4751,1278109.37,13291.66,259,495,514,360,345,306,300,1679,1521,1220,855,662
212453,20,-0.1,-0.02,-0.55,-0.25,1,0.2,0.2,0.15,40,50.91,4706,4443,208,4235,0,1257,636,186,662,1494,0,263,45,4751,2156,2079,4751,1051145.01,10906.77,117,225,176,147,144,143,217,3066,0,1257,1298,1680
212454,20,-0.1,-0.02,-0.55,-0.25,1,0.2,0.2,0.15,40,61.25,4701,4438,198,4240,1606,0,1173,470,325,666,0,263,50,4751,2597,1643,4751,2044193.49,21070.7,142,271,341,223,232,184,156,2691,1606,0,1498,1136
212455,20,-0.1,-0.02,-0.55,-0.25,1,0.2,0.2,0.15,50,53.59,4711,4448,190,4258,1528,1280,0,696,0,754,0,263,40,4751,2282,1976,4751,1200105.4,12493.09,259,495,514,360,345,306,300,1679,1528,1280,0,1450
212456,20,-0.1,-0.02,-0.55,-0.25,1,0.2,0.2,0.15,50,49.7,4706,4443,208,4235,0,1328,0,802,0,2105,0,263,45,4751,2105,2130,4751,910635.09,9441.34,117,225,176,147,144,143,217,3066,0,1328,0,2907
212457,20,-0.1,-0.02,-0.55,-0.25,1,0.2,0.2,0.15,50,60.5,4701,4438,198,4240,1613,0,0,1675,0,952,0,263,50,4751,2565,1675,4751,1885918.75,19441.67,142,271,341,223,232,184,156,2691,1613,0,0,2627
212458,20,-0.1,-0.02,-0.55,-0.25,1,0.2,0.2,0.15,60,53.59,4711,4448,190,4258,1528,1280,0,696,0,754,0,263,40,4751,2282,1976,4751,1200105.4,12493.09,259,495,514,360,345,306,300,1679,1528,1280,0,1450
212459,20,-0.1,-0.02,-0.55,-0.25,1,0.2,0.2,0.15,60,49.7,4706,4443,208,4235,0,1328,0,802,0,2105,0,263,45,4751,2105,2130,4751,910635.09,9441.34,117,225,176,147,144,143,217,3066,0,1328,0,2907
212460,20,-0.1,-0.02,-0.55,-0.25,1,0.2,0.2,0.15,60,60.5,4701,4438,198,4240,1613,0,0,1675,0,952,0,263,50,4751,2565,1675,4751,1885918.75,19441.67,142,271,341,223,232,184,156,2691,1613,0,0,2627
212461,20,-0.1,-0.02,-0.55,-0.25,2,0.1,0.1,0.15,20,67.92,4711,4448,78,4370,2415,619,783,0,553,0,0,263,40,4751,2968,1402,4751,1351233.51,16142.27,1160,814,653,1743,0,0,0,0,2415,619,1336,0
212462,20,-0.1,-0.02,-0.55,-0.25,2,0.1,0.1,0.15,20,62.72,4711,4448,113,4335,0,665,951,0,2719,0,0,263,40,4751,2719,1616,4751,2141540.13,22939.8,117,225,176,3817,0,0,0,0,0,665,3670,0
212463,20,-0.1,-0.02,-0.55,-0.25,2,0.1,0.1,0.15,20,72.36,4701,4438,79,4359,2524,0,1205,0,630,0,0,263,50,4751,3154,1205,4751,1862964.85,19361.57,1048,618,530,2163,0,0,0,0,2524,0,1835,0
212464,20,-0.1,-0.02,-0.55,-0.25,2,0.1,0.1,0.15,30,69.09,4711,4448,119,4329,2743,828,510,0,248,0,0,263,40,4751,2991,1338,4751,1362624.32,17043.38,1160,814,653,407,297,998,0,0,2743,828,758,0
212465,20,-0.1,-0.02,-0.55,-0.25,2,0.1,0.1,0.15,30,57.26,4708,4445,205,4240,0,952,860,0,2428,0,0,263,43,4751,2428,1812,4751,1976585.91,22045.04,117,225,176,147,144,3431,0,0,0,952,3288,0
212466,20,-0.1,-0.02,-0.55,-0.25,2,0.1,0.1,0.15,30,76.77,4701,4438,125,4313,2982,0,1002,0,329,0,0,263,50,4751,3311,1002,4751,2337677.49,22769.67,1048,618,530,328,276,1513,0,0,2982,0,1331,0
212467,20,-0.1,-0.02,-0.55,-0.25,2,0.1,0.1,0.15,40,69.57,4711,4448,120,4328,2853,1000,252,65,99,59,0,263,40,4751,3011,1317,4751,1242832.76,16833.78,1160,814,653,407,297,240,165,592,2853,1000,351,124
212468,20,-0.1,-0.02,-0.55,-0.25,2,0.1,0.1,0.15,40,54.38,4706,4443,208,4235,0,1257,550,125,748,1555,0,263,45,4751,2303,1932,4751,1700533.39,21185.65,117,225,176,147,144,143,217,3066,0,1257,1298,1680
212469,20,-0.1,-0.02,-0.55,-0.25,2,0.1,0.1,0.15,40,79.26,4701,4438,127,4311,3181,0,667,227,121,115,0,263,50,4751,3417,894,4751,2492293.76,23993.17,1048,618,530,328,276,182,113,1216,3181,0,788,342
212470,20,-0.1,-0.02,-0.55,-0.25,2,0.1,0.1,0.15,50,69.04,4711,4448,120,4328,2859,1020,0,320,0,129,0,263,40,4751,2988,1340,4751,1195730.78,16580.77,1160,814,653,407,297,240,165,592,2859,1020,0,449
212471,20,-0.1,-0.02,-0.55,-0.25,2,0.1,0.1,0.15,50,52.73,4706,4443,208,4235,0,1328,0,674,0,2233,0,263,45,4751,2233,2002,4751,1503226.54,19785.38,117,225,176,147,144,143,217,3066,0,1328,0,2907
212472,20,-0.1,-0.02,-0.55,-0.25,2,0.1,0.1,0.15,50,79.01,4701,4438,127,4311,3188,0,0,905,0,218,0,263,50,4751,3406,905,4751,2363433.17,23324.67,1048,618,530,328,276,182,113,1216,3188,0,0,1123
212473,20,-0.1,-0.02,-0.55,-0.25,2,0.1,0.1,0.15,60,69.04,4711,4448,120,4328,2859,1020,0,320,0,129,0,263,40,4751,2988,1340,4751,1195730.78,16580.77,1160,814,653,407,297,240,165,592,2859,1020,0,449
212474,20,-0.1,-0.02,-0.55,-0.25,2,0.1,0.1,0.15,60,52.73,4706,4443,208,4235,0,1328,0,674,0,2233,0,263,45,4751,2233,2002,4751,1503226.54,19785.38,117,225,176,147,144,143,217,3066,0,1328,0,2907
212475,20,-0.1,-0.02,-0.55,-0.25,2,0.1,0.1,0.15,60,79.01,4701,4438,127,4311,3188,0,0,905,0,218,0,263,50,4751,3406,905,4751,2363433.17,23324.67,1048,618,530,328,276,182,113,1216,3188,0,0,1123
212476,20,-0.1,-0.02,-0.55,-0.25,2,0.1,0.2,0.15,20,63.1,4711,4448,107,4341,1045,662,940,0,1694,0,0,263,40,4751,2739,1602,4751,2016182.82,21922.31,262,514,546,3019,0,0,0,0,1045,662,2634,0
212477,20,-0.1,-0.02,-0.55,-0.25,2,0.1,0.2,0.15,20,62.72,4711,4448,113,4335,0,665,951,0,2719,0,0,263,40,4751,2719,1616,4751,2141540.13,22939.8,117,225,176,3817,0,0,0,0,0,665,3670,0
212478,20,-0.1,-0.02,-0.55,-0.25,2,0.1,0.2,0.15,20,67.51,4701,4438,108,4330,1080,0,1407,0,1843,0,0,263,50,4751,2923,1407,4751,2557886.31,25389.67,145,290,384,3511,0,0,0,0,1080,0,3250,0
212479,20,-0.1,-0.02,-0.55,-0.25,2,0.1,0.2,0.15,30,59.33,4711,4448,187,4261,1458,936,797,0,1070,0,0,263,40,4751,2528,1733,4751,2082724.3,23147.71,262,514,546,385,373,2181,0,0,1458,936,1867,0
212480,20,-0.1,-0.02,-0.55,-0.25,2,0.1,0.2,0.15,30,57.26,4708,4445,205,4240,0,952,860,0,2428,0,0,263,43,4751,2428,1812,4751,1976585.91,22045.04,117,225,176,147,144,3431,0,0,0,952,3288,0
212481,20,-0.1,-0.02,-0.55,-0.25,2,0.1,0.2,0.15,30,67.41,4701,4438,194,4244,1576,0,1383,0,1285,0,0,263,50,4751,2861,1383,4751,3281093.33,30184.53,145,290,384,261,281,2883,0,0,1576,0,2668,0
212482,20,-0.1,-0.02,-0.55,-0.25,2,0.1,0.2,0.15,40,57.91,4711,4448,190,4258,1661,1208,465,119,352,453,0,263,40,4751,2466,1792,4751,1926297.91,23092.91,262,514,546,385,373,314,299,1565,1661,1208,817,572
212483,20,-0.1,-0.02,-0.55,-0.25,2,0.1,0.2,0.15,40,54.38,4706,4443,208,4235,0,1257,550,125,748,1555,0,263,45,4751,2303,1932,4751,1700533.39,21185.65,117,225,176,147,144,143,217,3066,0,1257,1298,1680
212484,20,-0.1,-0.02,-0.55,-0.25,2,0.1,0.2,0.15,40,67.9,4701,4438,198,4240,1828,0,1031,330,404,647,0,263,50,4751,2879,1361,4751,3454297.17,31883.83,145,290,384,261,281,215,169,2495,1828,0,1435,977
212485,20,-0.1,-0.02,-0.55,-0.25,2,0.1,0.2,0.15,50,56.83,4711,4448,190,4258,1668,1266,0,572,0,752,0,263,40,4751,2420,1838,4751,1808227.09,22390.69,262,514,546,385,373,314,299,1565,1668,1266,0,1324
212486,20,-0.1,-0.02,-0.55,-0.25,2,0.1,0.2,0.15,50,52.73,4706,4443,208,4235,0,1328,0,674,0,2233,0,263,45,4751,2233,2002,4751,1503226.54,19785.38,117,225,176,147,144,143,217,3066,0,1328,0,2907
212487,20,-0.1,-0.02,-0.55,-0.25,2,0.1,0.2,0.15,50,67.12,4701,4438,198,4240,1836,0,0,1394,0,1010,0,263,50,4751,2846,1394,4751,3174074.42,30384.22,145,290,384,261,281,215,169,2495,1836,0,0,2404
212488,20,-0.1,-0.02,-0.55,-0.25,2,0.1,0.2,0.15,60,56.83,4711,4448,190,4258,1668,1266,0,572,0,752,0,263,40,4751,2420,1838,4751,1808227.09,22390.69,262,514,546,385,373,314,299,1565,1668,1266,0,1324
212489,20,-0.1,-0.02,-0.55,-0.25,2,0.1,0.2,0.15,60,52.73,4706,4443,208,4235,0,1328,0,674,0,2233,0,263,45,4751,2233,2002,4751,1503226.54,19785.38,117,225,176,147,144,143,217,3066,0,1328,0,2907
212490,20,-0.1,-0.02,-0.55,-0.25,2,0.1,0.2,0.15,60,67.12,4701,4438,198,4240,1836,0,0,1394,0,1010,0,263,50,4751,2846,1394,4751,3174074.42,30384.22,145,290,384,261,281,215,169,2495,1836,0,0,2404
212491,20,-0.1,-0.02,-0.55,-0.25,2,0.2,0.1,0.15,20,64.39,4711,4448,78,4370,2262,628,928,0,552,0,0,263,40,4751,2814,1556,4751,993536.35,10181.48,1119,770,608,1873,0,0,0,0,2262,628,1480,0
212492,20,-0.1,-0.02,-0.55,-0.25,2,0.2,0.1,0.15,20,58.99,4711,4448,113,4335,0,665,1113,0,2557,0,0,263,40,4751,2557,1778,4751,1525595.33,15733.77,117,225,176,3817,0,0,0,0,0,665,3670,0
212493,20,-0.1,-0.02,-0.55,-0.25,2,0.2,0.1,0.15,20,66.85,4701,4438,79,4359,2320,0,1445,0,594,0,0,263,50,4751,2914,1445,4751,1274382.54,13038.96,1003,563,457,2336,0,0,0,0,2320,0,2039,0
212494,20,-0.1,-0.02,-0.55,-0.25,2,0.2,0.1,0.15,30,65.66,4711,4448,121,4327,2590,850,636,0,251,0,0,263,40,4751,2841,1486,4751,991307.16,10218.05,1119,770,608,393,291,1146,0,0,2590,850,887,0
212495,20,-0.1,-0.02,-0.55,-0.25,2,0.2,0.1,0.15,30,54.22,4708,4445,205,4240,0,952,989,0,2299,0,0,263,43,4751,2299,1941,4751,1255638.86,13079.69,117,225,176,147,144,3431,0,0,0,952,3288,0
212496,20,-0.1,-0.02,-0.55,-0.25,2,0.2,0.1,0.15,30,70.79,4701,4438,128,4310,2736,0,1259,0,315,0,0,263,50,4751,3051,1259,4751,1536679.83,15772.75,1003,563,457,297,227,1763,0,0,2736,0,1574,0
212497,20,-0.1,-0.02,-0.55,-0.25,2,0.2,0.1,0.15,40,66.0,4711,4448,122,4326,2712,1043,321,107,75,68,0,263,40,4751,2855,1471,4751,903819.78,9302.82,1119,770,608,393,291,259,186,700,2712,1043,396,175
212498,20,-0.1,-0.02,-0.55,-0.25,2,0.2,0.1,0.15,40,50.91,4706,4443,208,4235,0,1257,636,186,662,1494,0,263,45,4751,2156,2079,4751,1051145.01,10906.77,117,225,176,147,144,143,217,3066,0,1257,1298,1680
212499,20,-0.1,-0.02,-0.55,-0.25,2,0.2,0.1,0.15,40,72.73,4701,4438,130,4308,2920,0,812,363,83,130,0,263,50,4751,3133,1175,4751,1590899.26,16278.74,1003,563,457,297,227,189,104,1468,2920,0,895,493
212500,20,-0.1,-0.02,-0.55,-0.25,2,0.2,0.1,0.15,50,65.7,4711,4448,122,4326,2718,1068,0,416,0,124,0,263,40,4751,2842,1484,4751,869826.62,8952.43,1119,770,608,393,291,259,186,700,2718,1068,0,540
212501,20,-0.1,-0.02,-0.55,-0.25,2,0.2,0.1,0.15,50,49.7,4706,4443,208,4235,0,1328,0,802,0,2105,0,263,45,4751,2105,2130,4751,910635.09,9441.34,117,225,176,147,144,143,217,3066,0,1328,0,2907
212502,20,-0.1,-0.02,-0.55,-0.25,2,0.2,0.1,0.15,50,72.49,4701,4438,130,4308,2927,0,0,1185,0,196,0,263,50,4751,3123,1185,4751,1510627.93,15445.95,1003,563,457,297,227,189,104,1468,2927,0,0,1381
212503,20,-0.1,-0.02,-0.55,-0.25,2,0.2,0.1,0.15,60,65.7,4711,4448,122,4326,2718,1068,0,416,0,124,0,263,40,4751,2842,1484,4751,869826.62,8952.43,1119,770,608,393,291,259,186,700,2718,1068,0,540
212504,20,-0.1,-0.02,-0.55,-0.25,2,0.2,0.1,0.15,60,49.7,4706,4443,208,4235,0,1328,0,802,0,2105,0,263,45,4751,2105,2130,4751,910635.09,9441.34,117,225,176,147,144,143,217,3066,0,1328,0,2907
212505,20,-0.1,-0.02,-0.55,-0.25,2,0.2,0.1,0.15,60,72.49,4701,4438,130,4308,2927,0,0,1185,0,196,0,263,50,4751,3123,1185,4751,1510627.93,15445.95,1003,563,457,297,227,189,104,1468,2927,0,0,1381
212506,20,-0.1,-0.02,-0.55,-0.25,2,0.2,0.2,0.15,20,59.36,4711,4448,107,4341,965,663,1101,0,1612,0,0,263,40,4751,2577,1764,4751,1454459.2,14973.77,259,495,514,3073,0,0,0,0,965,663,2713,0
212507,20,-0.1,-0.02,-0.55,-0.25,2,0.2,0.2,0.15,20,58.99,4711,4448,113,4335,0,665,1113,0,2557,0,0,263,40,4751,2557,1778,4751,1525595.33,15733.77,117,225,176,3817,0,0,0,0,0,665,3670,0
212508,20,-0.1,-0.02,-0.55,-0.25,2,0.2,0.2,0.15,20,61.82,4701,4438,108,4330,977,0,1653,0,1700,0,0,263,50,4751,2677,1653,4751,1739376.29,17876.63,142,271,341,3576,0,0,0,0,977,0,3353,0
212509,20,-0.1,-0.02,-0.55,-0.25,2,0.2,0.2,0.15,30,56.14,4711,4448,187,4261,1338,941,928,0,1054,0,0,263,40,4751,2392,1869,4751,1396690.54,14484.9,259,495,514,360,345,2288,0,0,1338,941,1982,0
212510,20,-0.1,-0.02,-0.55,-0.25,2,0.2,0.2,0.15,30,54.22,4708,4445,205,4240,0,952,989,0,2299,0,0,263,43,4751,2299,1941,4751,1255638.86,13079.69,117,225,176,147,144,3431,0,0,0,952,3288,0
212511,20,-0.1,-0.02,-0.55,-0.25,2,0.2,0.2,0.15,30,61.48,4701,4438,194,4244,1393,0,1635,0,1216,0,0,263,50,4751,2609,1635,4751,2005675.7,20685.27,142,271,341,223,232,3035,0,0,1393,0,2851,0
212512,20,-0.1,-0.02,-0.55,-0.25,2,0.2,0.2,0.15,40,54.34,4711,4448,190,4258,1521,1220,550,174,305,488,0,263,40,4751,2314,1944,4751,1278109.37,13291.66,259,495,514,360,345,306,300,1679,1521,1220,855,662
212513,20,-0.1,-0.02,-0.55,-0.25,2,0.2,0.2,0.15,40,50.91,4706,4443,208,4235,0,1257,636,186,662,1494,0,263,45,4751,2156,2079,4751,1051145.01,10906.77,117,225,176,147,144,143,217,3066,0,1257,1298,1680
212514,20,-0.1,-0.02,-0.55,-0.25,2,0.2,0.2,0.15,40,61.25,4701,4438,198,4240,1606,0,1173,470,325,666,0,263,50,4751,2597,1643,4751,2044193.49,21070.7,142,271,341,223,232,184,156,2691,1606,0,1498,1136
212515,20,-0.1,-0.02,-0.55,-0.25,2,0.2,0.2,0.15,50,53.59,4711,4448,190,4258,1528,1280,0,696,0,754,0,263,40,4751,2282,1976,4751,1200105.4,12493.09,259,495,514,360,345,306,300,1679,1528,1280,0,1450
212516,20,-0.1,-0.02,-0.55,-0.25,2,0.2,0.2,0.15,50,49.7,4706,4443,208,4235,0,1328,0,802,0,2105,0,263,45,4751,2105,2130,4751,910635.09,9441.34,117,225,176,147,144,143,217,3066,0,1328,0,2907
212517,20,-0.1,-0.02,-0.55,-0.25,2,0.2,0.2,0.15,50,60.5,4701,4438,198,4240,1613,0,0,1675,0,952,0,263,50,4751,2565,1675,4751,1885918.75,19441.67,142,271,341,223,232,184,156,2691,1613,0,0,2627
212518,20,-0.1,-0.02,-0.55,-0.25,2,0.2,0.2,0.15,60,53.59,4711,4448,190,4258,1528,1280,0,696,0,754,0,263,40,4751,2282,1976,4751,1200105.4,12493.09,259,495,514,360,345,306,300,1679,1528,1280,0,1450
212519,20,-0.1,-0.02,-0.55,-0.25,2,0.2,0.2,0.15,60,49.7,4706,4443,208,4235,0,1328,0,802,0,2105,0,263,45,4751,2105,2130,4751,910635.09,9441.34,117,225,176,147,144,143,217,3066,0,1328,0,2907
212520,20,-0.1,-0.02,-0.55,-0.25,2,0.2,0.2,0.15,60,60.5,4701,4438,198,4240,1613,0,0,1675,0,952,0,263,50,4751,2565,1675,4751,1885918.75,19441.67,142,271,341,223,232,184,156,2691,1613,0,0,2627
212521,20,-0.1,-0.02,-0.5,-0.45,1,0.1,0.1,0.15,20,67.96,691,629,11,618,372,97,101,0,48,0,0,62,4,695,420,198,695,179202.09,1841.05,178,131,90,219,0,0,0,0,372,97,149,0
212522,20,-0.1,-0.02,-0.5,-0.45,1,0.1,0.1,0.15,20,62.13,691,629,19,610,0,102,129,0,379,0,0,62,4,695,379,231,695,371405.73,3797.54,12,33,25,540,0,0,0,0,0,102,508,0
212523,20,-0.1,-0.02,-0.5,-0.45,1,0.1,0.1,0.15,20,71.52,691,629,11,618,386,0,176,0,56,0,0,62,4,695,442,176,695,240420.42,2463.1,166,101,69,282,0,0,0,0,386,0,232,0
212524,20,-0.1,-0.02,-0.5,-0.45,1,0.1,0.1,0.15,30,70.64,691,629,16,613,412,132,48,0,21,0,0,62,4,695,433,180,695,186302.44,1919.3,178,131,90,70,38,106,0,0,412,132,69,0
212525,20,-0.1,-0.02,-0.5,-0.45,1,0.1,0.1,0.15,30,58.43,690,628,29,599,0,149,100,0,350,0,0,62,5,695,350,249,695,342450.18,3494.01,12,33,25,32,23,474,0,0,0,149,450,0
212526,20,-0.1,-0.02,-0.5,-0.45,1,0.1,0.1,0.15,30,77.74,691,629,18,611,441,0,136,0,34,0,0,62,4,695,475,136,695,284192.77,2920.54,166,101,69,50,31,194,0,0,441,0,170,0
212527,20,-0.1,-0.02,-0.5,-0.45,1,0.1,0.1,0.15,40,71.94,691,629,16,613,430,149,16,7,6,5,0,62,4,695,441,172,695,191197.87,1974.66,178,131,90,70,38,37,23,46,430,149,22,12
212528,20,-0.1,-0.02,-0.5,-0.45,1,0.1,0.1,0.15,40,55.43,690,628,29,599,0,186,64,17,87,245,0,62,5,695,332,267,695,353277.59,3615.93,12,33,25,32,23,24,27,423,0,186,151,262
212529,20,-0.1,-0.02,-0.5,-0.45,1,0.1,0.1,0.15,40,79.87,691,629,18,611,468,0,91,32,6,14,0,62,4,695,488,123,695,288626.08,2969.18,166,101,69,50,31,24,15,155,468,0,97,46
212530,20,-0.1,-0.02,-0.5,-0.45,1,0.1,0.1,0.15,50,71.45,691,629,16,613,430,151,0,24,0,8,0,62,4,695,438,175,695,187772.05,1940.23,178,131,90,70,38,37,23,46,430,151,0,32
212531,20,-0.1,-0.02,-0.5,-0.45,1,0.1,0.1,0.15,50,53.42,690,628,29,599,0,202,0,77,0,320,0,62,5,695,320,279,695,330124.77,3376.23,12,33,25,32,23,24,27,423,0,202,0,397
212532,20,-0.1,-0.02,-0.5,-0.45,1,0.1,0.1,0.15,50,79.38,691,629,18,611,468,0,0,126,0,17,0,62,4,695,485,126,695,272256.36,2803.05,166,101,69,50,31,24,15,155,468,0,0,143
212533,20,-0.1,-0.02,-0.5,-0.45,1,0.1,0.1,0.15,60,71.45,691,629,16,613,430,151,0,24,0,8,0,62,4,695,438,175,695,187772.05,1940.23,178,131,90,70,38,37,23,46,430,151,0,32
212534,20,-0.1,-0.02,-0.5,-0.45,1,0.1,0.1,0.15,60,53.42,690,628,29,599,0,202,0,77,0,320,0,62,5,695,320,279,695,330124.77,3376.23,12,33,25,32,23,24,27,423,0,202,0,397
212535,20,-0.1,-0.02,-0.5,-0.45,1,0.1,0.1,0.15,60,79.38,691,629,18,611,468,0,0,126,0,17,0,62,4,695,485,126,695,272256.36,2803.05,166,101,69,50,31,24,15,155,468,0,0,143
212536,20,-0.1,-0.02,-0.5,-0.45,1,0.1,0.2,0.15,20,62.85,691,629,18,611,203,102,125,0,181,0,0,62,4,695,384,227,695,315089.67,3228.51,33,91,104,383,0,0,0,0,203,102,306,0
212537,20,-0.1,-0.02,-0.5,-0.45,1,0.1,0.2,0.15,20,62.13,691,629,19,610,0,102,129,0,379,0,0,62,4,695,379,231,695,371405.73,3797.54,12,33,25,540,0,0,0,0,0,102,508,0
212538,20,-0.1,-0.02,-0.5,-0.45,1,0.1,0.2,0.15,20,66.78,691,629,18,611,206,0,203,0,202,0,0,62,4,695,408,203,695,385474.31,3943.42,21,58,79,453,0,0,0,0,206,0,405,0
212539,20,-0.1,-0.02,-0.5,-0.45,1,0.1,0.2,0.15,30,61.46,691,629,27,602,272,146,86,0,98,0,0,62,4,695,370,232,695,335307.98,3433.31,33,91,104,77,58,239,0,0,272,146,184,0
212540,20,-0.1,-0.02,-0.5,-0.45,1,0.1,0.2,0.15,30,58.43,690,628,29,599,0,149,100,0,350,0,0,62,5,695,350,249,695,342450.18,3494.01,12,33,25,32,23,474,0,0,0,149,450,0
212541,20,-0.1,-0.02,-0.5,-0.45,1,0.1,0.2,0.15,30,69.0,691,629,29,600,283,0,186,0,131,0,0,62,4,695,414,186,695,449589.64,4600.94,21,58,79,48,43,351,0,0,283,0,317,0
212542,20,-0.1,-0.02,-0.5,-0.45,1,0.1,0.2,0.15,40,60.8,691,629,27,602,292,179,43,14,35,39,0,62,4,695,366,236,695,325763.32,3340.41,33,91,104,77,58,55,33,151,292,179,78,53
212543,20,-0.1,-0.02,-0.5,-0.45,1,0.1,0.2,0.15,40,55.43,690,628,29,599,0,186,64,17,87,245,0,62,5,695,332,267,695,353277.59,3615.93,12,33,25,32,23,24,27,423,0,186,151,262
212544,20,-0.1,-0.02,-0.5,-0.45,1,0.1,0.2,0.15,40,68.83,691,629,29,600,308,0,140,47,39,66,0,62,4,695,413,187,695,442399.5,4533.79,21,58,79,48,43,34,16,301,308,0,179,113
212545,20,-0.1,-0.02,-0.5,-0.45,1,0.1,0.2,0.15,50,59.47,691,629,27,602,292,190,0,54,0,66,0,62,4,695,358,244,695,313324.52,3210.55,33,91,104,77,58,55,33,151,292,190,0,120
212546,20,-0.1,-0.02,-0.5,-0.45,1,0.1,0.2,0.15,50,53.42,690,628,29,599,0,202,0,77,0,320,0,62,5,695,320,279,695,330124.77,3376.23,12,33,25,32,23,24,27,423,0,202,0,397
212547,20,-0.1,-0.02,-0.5,-0.45,1,0.1,0.2,0.15,50,67.17,691,629,29,600,308,0,0,197,0,95,0,62,4,695,403,197,695,406487.37,4163.44,21,58,79,48,43,34,16,301,308,0,0,292
212548,20,-0.1,-0.02,-0.5,-0.45,1,0.1,0.2,0.15,60,59.47,691,629,27,602,292,190,0,54,0,66,0,62,4,695,358,244,695,313324.52,3210.55,33,91,104,77,58,55,33,151,292,190,0,120
212549,20,-0.1,-0.02,-0.5,-0.45,1,0.1,0.2,0.15,60,53.42,690,628,29,599,0,202,0,77,0,320,0,62,5,695,320,279,695,330124.77,3376.23,12,33,25,32,23,24,27,423,0,202,0,397
212550,20,-0.1,-0.02,-0.5,-0.45,1,0.1,0.2,0.15,60,67.17,691,629,29,600,308,0,0,197,0,95,0,62,4,695,403,197,695,406487.37,4163.44,21,58,79,48,43,34,16,301,308,0,0,292
212551,20,-0.1,-0.02,-0.5,-0.45,1,0.2,0.1,0.15,20,67.96,691,629,11,618,372,97,101,0,48,0,0,62,4,695,420,198,695,179202.09,1841.05,178,131,90,219,0,0,0,0,372,97,149,0
212552,20,-0.1,-0.02,-0.5,-0.45,1,0.2,0.1,0.15,20,62.13,691,629,19,610,0,102,129,0,379,0,0,62,4,695,379,231,695,371405.73,3797.54,12,33,25,540,0,0,0,0,0,102,508,0
212553,20,-0.1,-0.02,-0.5,-0.45,1,0.2,0.1,0.15,20,71.52,691,629,11,618,386,0,176,0,56,0,0,62,4,695,442,176,695,240420.42,2463.1,166,101,69,282,0,0,0,0,386,0,232,0
212554,20,-0.1,-0.02,-0.5,-0.45,1,0.2,0.1,0.15,30,70.64,691,629,16,613,412,132,48,0,21,0,0,62,4,695,433,180,695,186302.44,1919.3,178,131,90,70,38,106,0,0,412,132,69,0
212555,20,-0.1,-0.02,-0.5,-0.45,1,0.2,0.1,0.15,30,58.43,690,628,29,599,0,149,100,0,350,0,0,62,5,695,350,249,695,342450.18,3494.01,12,33,25,32,23,474,0,0,0,149,450,0
212556,20,-0.1,-0.02,-0.5,-0.45,1,0.2,0.1,0.15,30,77.74,691,629,18,611,441,0,136,0,34,0,0,62,4,695,475,136,695,284192.77,2920.54,166,101,69,50,31,194,0,0,441,0,170,0
212557,20,-0.1,-0.02,-0.5,-0.45,1,0.2,0.1,0.15,40,71.94,691,629,16,613,430,149,16,7,6,5,0,62,4,695,441,172,695,191197.87,1974.66,178,131,90,70,38,37,23,46,430,149,22,12
212558,20,-0.1,-0.02,-0.5,-0.45,1,0.2,0.1,0.15,40,55.43,690,628,29,599,0,186,64,17,87,245,0,62,5,695,332,267,695,353277.59,3615.93,12,33,25,32,23,24,27,423,0,186,151,262
212559,20,-0.1,-0.02,-0.5,-0.45,1,0.2,0.1,0.15,40,79.87,691,629,18,611,468,0,91,32,6,14,0,62,4,695,488,123,695,288626.08,2969.18,166,101,69,50,31,24,15,155,468,0,97,46
212560,20,-0.1,-0.02,-0.5,-0.45,1,0.2,0.1,0.15,50,71.45,691,629,16,613,430,151,0,24,0,8,0,62,4,695,438,175,695,187772.05,1940.23,178,131,90,70,38,37,23,46,430,151,0,32
212561,20,-0.1,-0.02,-0.5,-0.45,1,0.2,0.1,0.15,50,53.42,690,628,29,599,0,202,0,77,0,320,0,62,5,695,320,279,695,330124.77,3376.23,12,33,25,32,23,24,27,423,0,202,0,397
212562,20,-0.1,-0.02,-0.5,-0.45,1,0.2,0.1,0.15,50,79.38,691,629,18,611,468,0,0,126,0,17,0,62,4,695,485,126,695,272256.36,2803.05,166,101,69,50,31,24,15,155,468,0,0,143
212563,20,-0.1,-0.02,-0.5,-0.45,1,0.2,0.1,0.15,60,71.45,691,629,16,613,430,151,0,24,0,8,0,62,4,695,438,175,695,187772.05,1940.23,178,131,90,70,38,37,23,46,430,151,0,32
212564,20,-0.1,-0.02,-0.5,-0.45,1,0.2,0.1,0.15,60,53.42,690,628,29,599,0,202,0,77,0,320,0,62,5,695,320,279,695,330124.77,3376.23,12,33,25,32,23,24,27,423,0,202,0,397
212565,20,-0.1,-0.02,-0.5,-0.45,1,0.2,0.1,0.15,60,79.38,691,629,18,611,468,0,0,126,0,17,0,62,4,695,485,126,695,272256.36,2803.05,166,101,69,50,31,24,15,155,468,0,0,143
212566,20,-0.1,-0.02,-0.5,-0.45,1,0.2,0.2,0.15,20,62.85,691,629,18,611,203,102,125,0,181,0,0,62,4,695,384,227,695,315089.67,3228.51,33,91,104,383,0,0,0,0,203,102,306,0
212567,20,-0.1,-0.02,-0.5,-0.45,1,0.2,0.2,0.15,20,62.13,691,629,19,610,0,102,129,0,379,0,0,62,4,695,379,231,695,371405.73,3797.54,12,33,25,540,0,0,0,0,0,102,508,0
212568,20,-0.1,-0.02,-0.5,-0.45,1,0.2,0.2,0.15,20,66.78,691,629,18,611,206,0,203,0,202,0,0,62,4,695,408,203,695,385474.31,3943.42,21,58,79,453,0,0,0,0,206,0,405,0
212569,20,-0.1,-0.02,-0.5,-0.45,1,0.2,0.2,0.15,30,61.46,691,629,27,602,272,146,86,0,98,0,0,62,4,695,370,232,695,335307.98,3433.31,33,91,104,77,58,239,0,0,272,146,184,0
212570,20,-0.1,-0.02,-0.5,-0.45,1,0.2,0.2,0.15,30,58.43,690,628,29,599,0,149,100,0,350,0,0,62,5,695,350,249,695,342450.18,3494.01,12,33,25,32,23,474,0,0,0,149,450,0
212571,20,-0.1,-0.02,-0.5,-0.45,1,0.2,0.2,0.15,30,69.0,691,629,29,600,283,0,186,0,131,0,0,62,4,695,414,186,695,449589.64,4600.94,21,58,79,48,43,351,0,0,283,0,317,0
212572,20,-0.1,-0.02,-0.5,-0.45,1,0.2,0.2,0.15,40,60.8,691,629,27,602,292,179,43,14,35,39,0,62,4,695,366,236,695,325763.32,3340.41,33,91,104,77,58,55,33,151,292,179,78,53
212573,20,-0.1,-0.02,-0.5,-0.45,1,0.2,0.2,0.15,40,55.43,690,628,29,599,0,186,64,17,87,245,0,62,5,695,332,267,695,353277.59,3615.93,12,33,25,32,23,24,27,423,0,186,151,262
212574,20,-0.1,-0.02,-0.5,-0.45,1,0.2,0.2,0.15,40,68.83,691,629,29,600,308,0,140,47,39,66,0,62,4,695,413,187,695,442399.5,4533.79,21,58,79,48,43,34,16,301,308,0,179,113
212575,20,-0.1,-0.02,-0.5,-0.45,1,0.2,0.2,0.15,50,59.47,691,629,27,602,292,190,0,54,0,66,0,62,4,695,358,244,695,313324.52,3210.55,33,91,104,77,58,55,33,151,292,190,0,120
212576,20,-0.1,-0.02,-0.5,-0.45,1,0.2,0.2,0.15,50,53.42,690,628,29,599,0,202,0,77,0,320,0,62,5,695,320,279,695,330124.77,3376.23,12,33,25,32,23,24,27,423,0,202,0,397
212577,20,-0.1,-0.02,-0.5,-0.45,1,0.2,0.2,0.15,50,67.17,691,629,29,600,308,0,0,197,0,95,0,62,4,695,403,197,695,406487.37,4163.44,21,58,79,48,43,34,16,301,308,0,0,292
212578,20,-0.1,-0.02,-0.5,-0.45,1,0.2,0.2,0.15,60,59.47,691,629,27,602,292,190,0,54,0,66,0,62,4,695,358,244,695,313324.52,3210.55,33,91,104,77,58,55,33,151,292,190,0,120
212579,20,-0.1,-0.02,-0.5,-0.45,1,0.2,0.2,0.15,60,53.42,690,628,29,599,0,202,0,77,0,320,0,62,5,695,320,279,695,330124.77,3376.23,12,33,25,32,23,24,27,423,0,202,0,397
212580,20,-0.1,-0.02,-0.5,-0.45,1,0.2,0.2,0.15,60,67.17,691,629,29,600,308,0,0,197,0,95,0,62,4,695,403,197,695,406487.37,4163.44,21,58,79,48,43,34,16,301,308,0,0,292
212581,20,-0.1,-0.02,-0.5,-0.45,2,0.1,0.1,0.15,20,71.04,691,629,11,618,390,97,82,0,49,0,0,62,4,695,439,179,695,231693.3,2634.21,182,142,89,205,0,0,0,0,390,97,131,0
212582,20,-0.1,-0.02,-0.5,-0.45,2,0.1,0.1,0.15,20,66.07,691,629,19,610,0,102,105,0,403,0,0,62,4,695,403,207,695,495293.88,4879.49,12,33,25,540,0,0,0,0,0,102,508,0
212583,20,-0.1,-0.02,-0.5,-0.45,2,0.1,0.1,0.15,20,76.21,691,629,11,618,409,0,147,0,62,0,0,62,4,695,471,147,695,335841.7,3275.81,171,113,71,263,0,0,0,0,409,0,209,0
212584,20,-0.1,-0.02,-0.5,-0.45,2,0.1,0.1,0.15,30,73.08,691,629,16,613,428,131,34,0,20,0,0,62,4,695,448,165,695,233883.31,2772.11,182,142,89,74,39,87,0,0,428,131,54,0
212585,20,-0.1,-0.02,-0.5,-0.45,2,0.1,0.1,0.15,30,61.27,690,628,29,599,0,149,83,0,367,0,0,62,5,695,367,232,695,487077.48,4816.49,12,33,25,32,23,474,0,0,0,149,450,0
212586,20,-0.1,-0.02,-0.5,-0.45,2,0.1,0.1,0.15,30,82.82,691,629,18,611,473,0,105,0,33,0,0,62,4,695,506,105,695,403237.18,3780.62,171,113,71,54,41,161,0,0,473,0,138,0
212587,20,-0.1,-0.02,-0.5,-0.45,2,0.1,0.1,0.15,40,73.74,691,629,16,613,444,145,12,4,5,3,0,62,4,695,452,161,695,233440.02,2817.69,182,142,89,74,39,33,19,35,444,145,17,7
212588,20,-0.1,-0.02,-0.5,-0.45,2,0.1,0.1,0.15,40,57.6,690,628,29,599,0,186,56,12,95,250,0,62,5,695,345,254,695,486758.88,5083.1,12,33,25,32,23,24,27,423,0,186,151,262
212589,20,-0.1,-0.02,-0.5,-0.45,2,0.1,0.1,0.15,40,83.96,691,629,18,611,495,0,76,22,8,10,0,62,4,695,513,98,695,404039.46,3839.0,171,113,71,54,41,23,12,126,495,0,84,32
212590,20,-0.1,-0.02,-0.5,-0.45,2,0.1,0.1,0.15,50,73.25,691,629,16,613,444,147,0,17,0,5,0,62,4,695,449,164,695,229861.23,2795.15,182,142,89,74,39,33,19,35,444,147,0,22
212591,20,-0.1,-0.02,-0.5,-0.45,2,0.1,0.1,0.15,50,55.59,690,628,29,599,0,202,0,64,0,333,0,62,5,695,333,266,695,452655.34,4842.8,12,33,25,32,23,24,27,423,0,202,0,397
212592,20,-0.1,-0.02,-0.5,-0.45,2,0.1,0.1,0.15,50,83.47,691,629,18,611,495,0,0,101,0,15,0,62,4,695,510,101,695,376979.34,3697.0,171,113,71,54,41,23,12,126,495,0,0,116
212593,20,-0.1,-0.02,-0.5,-0.45,2,0.1,0.1,0.15,60,73.25,691,629,16,613,444,147,0,17,0,5,0,62,4,695,449,164,695,229861.23,2795.15,182,142,89,74,39,33,19,35,444,147,0,22
212594,20,-0.1,-0.02,-0.5,-0.45,2,0.1,0.1,0.15,60,55.59,690,628,29,599,0,202,0,64,0,333,0,62,5,695,333,266,695,452655.34,4842.8,12,33,25,32,23,24,27,423,0,202,0,397
212595,20,-0.1,-0.02,-0.5,-0.45,2,0.1,0.1,0.15,60,83.47,691,629,18,611,495,0,0,101,0,15,0,62,4,695,510,101,695,376979.34,3697.0,171,113,71,54,41,23,12,126,495,0,0,116
212596,20,-0.1,-0.02,-0.5,-0.45,2,0.1,0.2,0.15,20,66.78,691,629,18,611,215,102,101,0,193,0,0,62,4,695,408,203,695,409502.84,4196.17,34,95,110,372,0,0,0,0,215,102,294,0
212597,20,-0.1,-0.02,-0.5,-0.45,2,0.1,0.2,0.15,20,66.07,691,629,19,610,0,102,105,0,403,0,0,62,4,695,403,207,695,495293.88,4879.49,12,33,25,540,0,0,0,0,0,102,508,0
212598,20,-0.1,-0.02,-0.5,-0.45,2,0.1,0.2,0.15,20,72.34,691,629,18,611,226,0,169,0,216,0,0,62,4,695,442,169,695,548134.42,5013.59,22,62,91,436,0,0,0,0,226,0,385,0
212599,20,-0.1,-0.02,-0.5,-0.45,2,0.1,0.2,0.15,30,63.95,691,629,27,602,286,145,72,0,99,0,0,62,4,695,385,217,695,435866.97,4510.98,34,95,110,78,59,226,0,0,286,145,171,0
212600,20,-0.1,-0.02,-0.5,-0.45,2,0.1,0.2,0.15,30,61.27,690,628,29,599,0,149,83,0,367,0,0,62,5,695,367,232,695,487077.48,4816.49,12,33,25,32,23,474,0,0,0,149,450,0
212601,20,-0.1,-0.02,-0.5,-0.45,2,0.1,0.2,0.15,30,74.33,691,629,29,600,310,0,154,0,136,0,0,62,4,695,446,154,695,664999.01,5841.17,22,62,91,51,48,326,0,0,310,0,290,0
212602,20,-0.1,-0.02,-0.5,-0.45,2,0.1,0.2,0.15,40,62.96,691,629,27,602,308,177,35,11,39,32,0,62,4,695,379,223,695,430560.8,4555.91,34,95,110,78,59,55,33,138,308,177,74,43
212603,20,-0.1,-0.02,-0.5,-0.45,2,0.1,0.2,0.15,40,57.6,690,628,29,599,0,186,56,12,95,250,0,62,5,695,345,254,695,486758.88,5083.1,12,33,25,32,23,24,27,423,0,186,151,262
212604,20,-0.1,-0.02,-0.5,-0.45,2,0.1,0.2,0.15,40,73.33,691,629,29,600,341,0,125,35,43,56,0,62,4,695,440,160,695,665853.36,5942.53,22,62,91,51,48,36,17,273,341,0,168,91
212605,20,-0.1,-0.02,-0.5,-0.45,2,0.1,0.2,0.15,50,61.46,691,629,27,602,308,188,0,44,0,62,0,62,4,695,370,232,695,409268.89,4424.9,34,95,110,78,59,55,33,138,308,188,0,106
212606,20,-0.1,-0.02,-0.5,-0.45,2,0.1,0.2,0.15,50,55.59,690,628,29,599,0,202,0,64,0,333,0,62,5,695,333,266,695,452655.34,4842.8,12,33,25,32,23,24,27,423,0,202,0,397
212607,20,-0.1,-0.02,-0.5,-0.45,2,0.1,0.2,0.15,50,71.83,691,629,29,600,341,0,0,169,0,90,0,62,4,695,431,169,695,600971.98,5589.3,22,62,91,51,48,36,17,273,341,0,0,259
212608,20,-0.1,-0.02,-0.5,-0.45,2,0.1,0.2,0.15,60,61.46,691,629,27,602,308,188,0,44,0,62,0,62,4,695,370,232,695,409268.89,4424.9,34,95,110,78,59,55,33,138,308,188,0,106
212609,20,-0.1,-0.02,-0.5,-0.45,2,0.1,0.2,0.15,60,55.59,690,628,29,599,0,202,0,64,0,333,0,62,5,695,333,266,695,452655.34,4842.8,12,33,25,32,23,24,27,423,0,202,0,397
212610,20,-0.1,-0.02,-0.5,-0.45,2,0.1,0.2,0.15,60,71.83,691,629,29,600,341,0,0,169,0,90,0,62,4,695,431,169,695,600971.98,5589.3,22,62,91,51,48,36,17,273,341,0,0,259
212611,20,-0.1,-0.02,-0.5,-0.45,2,0.2,0.1,0.15,20,67.96,691,629,11,618,372,97,101,0,48,0,0,62,4,695,420,198,695,179202.09,1841.05,178,131,90,219,0,0,0,0,372,97,149,0
212612,20,-0.1,-0.02,-0.5,-0.45,2,0.2,0.1,0.15,20,62.13,691,629,19,610,0,102,129,0,379,0,0,62,4,695,379,231,695,371405.73,3797.54,12,33,25,540,0,0,0,0,0,102,508,0
212613,20,-0.1,-0.02,-0.5,-0.45,2,0.2,0.1,0.15,20,71.52,691,629,11,618,386,0,176,0,56,0,0,62,4,695,442,176,695,240420.42,2463.1,166,101,69,282,0,0,0,0,386,0,232,0
212614,20,-0.1,-0.02,-0.5,-0.45,2,0.2,0.1,0.15,30,70.64,691,629,16,613,412,132,48,0,21,0,0,62,4,695,433,180,695,186302.44,1919.3,178,131,90,70,38,106,0,0,412,132,69,0
212615,20,-0.1,-0.02,-0.5,-0.45,2,0.2,0.1,0.15,30,58.43,690,628,29,599,0,149,100,0,350,0,0,62,5,695,350,249,695,342450.18,3494.01,12,33,25,32,23,474,0,0,0,149,450,0
212616,20,-0.1,-0.02,-0.5,-0.45,2,0.2,0.1,0.15,30,77.74,691,629,18,611,441,0,136,0,34,0,0,62,4,695,475,136,695,284192.77,2920.54,166,101,69,50,31,194,0,0,441,0,170,0
212617,20,-0.1,-0.02,-0.5,-0.45,2,0.2,0.1,0.15,40,71.94,691,629,16,613,430,149,16,7,6,5,0,62,4,695,441,172,695,191197.87,1974.66,178,131,90,70,38,37,23,46,430,149,22,12
212618,20,-0.1,-0.02,-0.5,-0.45,2,0.2,0.1,0.15,40,55.43,690,628,29,599,0,186,64,17,87,245,0,62,5,695,332,267,695,353277.59,3615.93,12,33,25,32,23,24,27,423,0,186,151,262
212619,20,-0.1,-0.02,-0.5,-0.45,2,0.2,0.1,0.15,40,79.87,691,629,18,611,468,0,91,32,6,14,0,62,4,695,488,123,695,288626.08,2969.18,166,101,69,50,31,24,15,155,468,0,97,46
212620,20,-0.1,-0.02,-0.5,-0.45,2,0.2,0.1,0.15,50,71.45,691,629,16,613,430,151,0,24,0,8,0,62,4,695,438,175,695,187772.05,1940.23,178,131,90,70,38,37,23,46,430,151,0,32
212621,20,-0.1,-0.02,-0.5,-0.45,2,0.2,0.1,0.15,50,53.42,690,628,29,599,0,202,0,77,0,320,0,62,5,695,320,279,695,330124.77,3376.23,12,33,25,32,23,24,27,423,0,202,0,397
212622,20,-0.1,-0.02,-0.5,-0.45,2,0.2,0.1,0.15,50,79.38,691,629,18,611,468,0,0,126,0,17,0,62,4,695,485,126,695,272256.36,2803.05,166,101,69,50,31,24,15,155,468,0,0,143
212623,20,-0.1,-0.02,-0.5,-0.45,2,0.2,0.1,0.15,60,71.45,691,629,16,613,430,151,0,24,0,8,0,62,4,695,438,175,695,187772.05,1940.23,178,131,90,70,38,37,23,46,430,151,0,32
212624,20,-0.1,-0.02,-0.5,-0.45,2,0.2,0.1,0.15,60,53.42,690,628,29,599,0,202,0,77,0,320,0,62,5,695,320,279,695,330124.77,3376.23,12,33,25,32,23,24,27,423,0,202,0,397
212625,20,-0.1,-0.02,-0.5,-0.45,2,0.2,0.1,0.15,60,79.38,691,629,18,611,468,0,0,126,0,17,0,62,4,695,485,126,695,272256.36,2803.05,166,101,69,50,31,24,15,155,468,0,0,143
212626,20,-0.1,-0.02,-0.5,-0.45,2,0.2,0.2,0.15,20,62.85,691,629,18,611,203,102,125,0,181,0,0,62,4,695,384,227,695,315089.67,3228.51,33,91,104,383,0,0,0,0,203,102,306,0
212627,20,-0.1,-0.02,-0.5,-0.45,2,0.2,0.2,0.15,20,62.13,691,629,19,610,0,102,129,0,379,0,0,62,4,695,379,231,695,371405.73,3797.54,12,33,25,540,0,0,0,0,0,102,508,0
212628,20,-0.1,-0.02,-0.5,-0.45,2,0.2,0.2,0.15,20,66.78,691,629,18,611,206,0,203,0,202,0,0,62,4,695,408,203,695,385474.31,3943.42,21,58,79,453,0,0,0,0,206,0,405,0
212629,20,-0.1,-0.02,-0.5,-0.45,2,0.2,0.2,0.15,30,61.46,691,629,27,602,272,146,86,0,98,0,0,62,4,695,370,232,695,335307.98,3433.31,33,91,104,77,58,239,0,0,272,146,184,0
212630,20,-0.1,-0.02,-0.5,-0.45,2,0.2,0.2,0.15,30,58.43,690,628,29,599,0,149,100,0,350,0,0,62,5,695,350,249,695,342450.18,3494.01,12,33,25,32,23,474,0,0,0,149,450,0
212631,20,-0.1,-0.02,-0.5,-0.45,2,0.2,0.2,0.15,30,69.0,691,629,29,600,283,0,186,0,131,0,0,62,4,695,414,186,695,449589.64,4600.94,21,58,79,48,43,351,0,0,283,0,317,0
212632,20,-0.1,-0.02,-0.5,-0.45,2,0.2,0.2,0.15,40,60.8,691,629,27,602,292,179,43,14,35,39,0,62,4,695,366,236,695,325763.32,3340.41,33,91,104,77,58,55,33,151,292,179,78,53
212633,20,-0.1,-0.02,-0.5,-0.45,2,0.2,0.2,0.15,40,55.43,690,628,29,599,0,186,64,17,87,245,0,62,5,695,332,267,695,353277.59,3615.93,12,33,25,32,23,24,27,423,0,186,151,262
212634,20,-0.1,-0.02,-0.5,-0.45,2,0.2,0.2,0.15,40,68.83,691,629,29,600,308,0,140,47,39,66,0,62,4,695,413,187,695,442399.5,4533.79,21,58,79,48,43,34,16,301,308,0,179,113
212635,20,-0.1,-0.02,-0.5,-0.45,2,0.2,0.2,0.15,50,59.47,691,629,27,602,292,190,0,54,0,66,0,62,4,695,358,244,695,313324.52,3210.55,33,91,104,77,58,55,33,151,292,190,0,120
212636,20,-0.1,-0.02,-0.5,-0.45,2,0.2,0.2,0.15,50,53.42,690,628,29,599,0,202,0,77,0,320,0,62,5,695,320,279,695,330124.77,3376.23,12,33,25,32,23,24,27,423,0,202,0,397
212637,20,-0.1,-0.02,-0.5,-0.45,2,0.2,0.2,0.15,50,67.17,691,629,29,600,308,0,0,197,0,95,0,62,4,695,403,197,695,406487.37,4163.44,21,58,79,48,43,34,16,301,308,0,0,292
212638,20,-0.1,-0.02,-0.5,-0.45,2,0.2,0.2,0.15,60,59.47,691,629,27,602,292,190,0,54,0,66,0,62,4,695,358,244,695,313324.52,3210.55,33,91,104,77,58,55,33,151,292,190,0,120
212639,20,-0.1,-0.02,-0.5,-0.45,2,0.2,0.2,0.15,60,53.42,690,628,29,599,0,202,0,77,0,320,0,62,5,695,320,279,695,330124.77,3376.23,12,33,25,32,23,24,27,423,0,202,0,397
212640,20,-0.1,-0.02,-0.5,-0.45,2,0.2,0.2,0.15,60,67.17,691,629,29,600,308,0,0,197,0,95,0,62,4,695,403,197,695,406487.37,4163.44,21,58,79,48,43,34,16,301,308,0,0,292
212641,20,-0.1,-0.02,-0.5,-0.4,1,0.1,0.1,0.15,20,67.49,1528,1412,31,1381,796,205,244,0,136,0,0,116,8,1536,932,449,1536,388277.8,3970.75,384,272,197,528,0,0,0,0,796,205,380,0
212642,20,-0.1,-0.02,-0.5,-0.4,1,0.1,0.1,0.15,20,62.23,1528,1412,46,1366,0,215,301,0,850,0,0,116,8,1536,850,516,1536,695324.35,7139.95,27,75,56,1208,0,0,0,0,0,215,1151,0
212643,20,-0.1,-0.02,-0.5,-0.4,1,0.1,0.1,0.15,20,70.97,1525,1409,31,1378,827,0,400,0,151,0,0,116,11,1536,978,400,1536,525769.64,5380.97,357,201,153,667,0,0,0,0,827,0,551,0
212644,20,-0.1,-0.02,-0.5,-0.4,1,0.1,0.1,0.15,30,69.3,1528,1412,44,1368,894,286,134,0,54,0,0,116,8,1536,948,420,1536,388107.63,3981.99,384,272,197,148,96,271,0,0,894,286,188,0
212645,20,-0.1,-0.02,-0.5,-0.4,1,0.1,0.1,0.15,30,56.62,1526,1410,80,1330,0,321,256,0,753,0,0,116,10,1536,753,577,1536,623011.19,6402.61,27,75,56,57,55,1060,0,0,0,321,1009,0
212646,20,-0.1,-0.02,-0.5,-0.4,1,0.1,0.1,0.15,30,76.23,1525,1409,46,1363,957,0,324,0,82,0,0,116,11,1536,1039,324,1536,612428.69,6287.31,357,201,153,116,73,463,0,0,957,0,406,0
212647,20,-0.1,-0.02,-0.5,-0.4,1,0.1,0.1,0.15,40,69.93,1528,1412,45,1367,927,330,62,19,19,10,0,116,8,1536,956,411,1536,381647.11,3922.32,384,272,197,148,96,83,46,141,927,330,81,29
212648,20,-0.1,-0.02,-0.5,-0.4,1,0.1,0.1,0.15,40,53.01,1526,1410,82,1328,0,403,177,44,184,520,0,116,10,1536,704,624,1536,615101.51,6329.88,27,75,56,57,55,51,55,952,0,403,361,564
212649,20,-0.1,-0.02,-0.5,-0.4,1,0.1,0.1,0.15,40,78.05,1525,1409,47,1362,1011,0,212,87,21,31,0,116,11,1536,1063,299,1536,627119.13,6443.19,357,201,153,116,73,57,30,375,1011,0,233,118
212650,20,-0.1,-0.02,-0.5,-0.4,1,0.1,0.1,0.15,50,69.5,1528,1412,45,1367,930,338,0,79,0,20,0,116,8,1536,950,417,1536,371663.02,3820.3,384,272,197,148,96,83,46,141,930,338,0,99
212651,20,-0.1,-0.02,-0.5,-0.4,1,0.1,0.1,0.15,50,50.98,1526,1410,82,1328,0,431,0,220,0,677,0,116,10,1536,677,651,1536,566571.43,5823.03,27,75,56,57,55,51,55,952,0,431,0,897
212652,20,-0.1,-0.02,-0.5,-0.4,1,0.1,0.1,0.15,50,77.53,1525,1409,47,1362,1014,0,0,306,0,42,0,116,11,1536,1056,306,1536,595097.49,6117.46,357,201,153,116,73,57,30,375,1014,0,0,348
212653,20,-0.1,-0.02,-0.5,-0.4,1,0.1,0.1,0.15,60,69.5,1528,1412,45,1367,930,338,0,79,0,20,0,116,8,1536,950,417,1536,371663.02,3820.3,384,272,197,148,96,83,46,141,930,338,0,99
212654,20,-0.1,-0.02,-0.5,-0.4,1,0.1,0.1,0.15,60,50.98,1526,1410,82,1328,0,431,0,220,0,677,0,116,10,1536,677,651,1536,566571.43,5823.03,27,75,56,57,55,51,55,952,0,431,0,897
212655,20,-0.1,-0.02,-0.5,-0.4,1,0.1,0.1,0.15,60,77.53,1525,1409,47,1362,1014,0,0,306,0,42,0,116,11,1536,1056,306,1536,595097.49,6117.46,357,201,153,116,73,57,30,375,1014,0,0,348
212656,20,-0.1,-0.02,-0.5,-0.4,1,0.1,0.2,0.15,20,62.72,1528,1412,44,1368,387,214,296,0,471,0,0,116,8,1536,858,510,1536,630097.93,6465.22,77,202,189,900,0,0,0,0,387,214,767,0
212657,20,-0.1,-0.02,-0.5,-0.4,1,0.1,0.2,0.15,20,62.23,1528,1412,46,1366,0,215,301,0,850,0,0,116,8,1536,850,516,1536,695324.35,7139.95,27,75,56,1208,0,0,0,0,0,215,1151,0
212658,20,-0.1,-0.02,-0.5,-0.4,1,0.1,0.2,0.15,20,66.45,1525,1409,44,1365,396,0,458,0,511,0,0,116,11,1536,907,458,1536,784109.92,8046.09,50,128,134,1053,0,0,0,0,396,0,969,0
212659,20,-0.1,-0.02,-0.5,-0.4,1,0.1,0.2,0.15,30,59.19,1528,1412,74,1338,533,316,230,0,259,0,0,116,8,1536,792,546,1536,613339.89,6308.49,77,202,189,133,133,604,0,0,533,316,489,0
212660,20,-0.1,-0.02,-0.5,-0.4,1,0.1,0.2,0.15,30,56.62,1526,1410,80,1330,0,321,256,0,753,0,0,116,10,1536,753,577,1536,623011.19,6402.61,27,75,56,57,55,1060,0,0,0,321,1009,0
212661,20,-0.1,-0.02,-0.5,-0.4,1,0.1,0.2,0.15,30,66.47,1525,1409,76,1333,561,0,447,0,325,0,0,116,11,1536,886,447,1536,874150.39,8986.42,50,128,134,84,93,844,0,0,561,0,772,0
212662,20,-0.1,-0.02,-0.5,-0.4,1,0.1,0.2,0.15,40,57.63,1528,1412,76,1336,589,388,140,38,79,102,0,116,8,1536,770,566,1536,597679.79,6152.08,77,202,189,133,133,115,83,404,589,388,219,140
212663,20,-0.1,-0.02,-0.5,-0.4,1,0.1,0.2,0.15,40,53.01,1526,1410,82,1328,0,403,177,44,184,520,0,116,10,1536,704,624,1536,615101.51,6329.88,27,75,56,57,55,51,55,952,0,403,361,564
212664,20,-0.1,-0.02,-0.5,-0.4,1,0.1,0.2,0.15,40,65.97,1525,1409,78,1331,631,0,332,121,86,161,0,116,11,1536,878,453,1536,891686.53,9172.36,50,128,134,84,93,72,50,720,631,0,418,282
212665,20,-0.1,-0.02,-0.5,-0.4,1,0.1,0.2,0.15,50,56.44,1528,1412,76,1336,589,410,0,172,0,165,0,116,8,1536,754,582,1536,572777.91,5892.65,77,202,189,133,133,115,83,404,589,410,0,337
212666,20,-0.1,-0.02,-0.5,-0.4,1,0.1,0.2,0.15,50,50.98,1526,1410,82,1328,0,431,0,220,0,677,0,116,10,1536,677,651,1536,566571.43,5823.03,27,75,56,57,55,51,55,952,0,431,0,897
212667,20,-0.1,-0.02,-0.5,-0.4,1,0.1,0.2,0.15,50,64.46,1525,1409,78,1331,631,0,0,473,0,227,0,116,11,1536,858,473,1536,826204.0,8499.52,50,128,134,84,93,72,50,720,631,0,0,700
212668,20,-0.1,-0.02,-0.5,-0.4,1,0.1,0.2,0.15,60,56.44,1528,1412,76,1336,589,410,0,172,0,165,0,116,8,1536,754,582,1536,572777.91,5892.65,77,202,189,133,133,115,83,404,589,410,0,337
212669,20,-0.1,-0.02,-0.5,-0.4,1,0.1,0.2,0.15,60,50.98,1526,1410,82,1328,0,431,0,220,0,677,0,116,10,1536,677,651,1536,566571.43,5823.03,27,75,56,57,55,51,55,952,0,431,0,897
212670,20,-0.1,-0.02,-0.5,-0.4,1,0.1,0.2,0.15,60,64.46,1525,1409,78,1331,631,0,0,473,0,227,0,116,11,1536,858,473,1536,826204.0,8499.52,50,128,134,84,93,72,50,720,631,0,0,700
212671,20,-0.1,-0.02,-0.5,-0.4,1,0.2,0.1,0.15,20,67.49,1528,1412,31,1381,796,205,244,0,136,0,0,116,8,1536,932,449,1536,388277.8,3970.75,384,272,197,528,0,0,0,0,796,205,380,0
212672,20,-0.1,-0.02,-0.5,-0.4,1,0.2,0.1,0.15,20,62.23,1528,1412,46,1366,0,215,301,0,850,0,0,116,8,1536,850,516,1536,695324.35,7139.95,27,75,56,1208,0,0,0,0,0,215,1151,0
212673,20,-0.1,-0.02,-0.5,-0.4,1,0.2,0.1,0.15,20,70.97,1525,1409,31,1378,827,0,400,0,151,0,0,116,11,1536,978,400,1536,525769.64,5380.97,357,201,153,667,0,0,0,0,827,0,551,0
212674,20,-0.1,-0.02,-0.5,-0.4,1,0.2,0.1,0.15,30,69.3,1528,1412,44,1368,894,286,134,0,54,0,0,116,8,1536,948,420,1536,388107.63,3981.99,384,272,197,148,96,271,0,0,894,286,188,0
212675,20,-0.1,-0.02,-0.5,-0.4,1,0.2,0.1,0.15,30,56.62,1526,1410,80,1330,0,321,256,0,753,0,0,116,10,1536,753,577,1536,623011.19,6402.61,27,75,56,57,55,1060,0,0,0,321,1009,0
212676,20,-0.1,-0.02,-0.5,-0.4,1,0.2,0.1,0.15,30,76.23,1525,1409,46,1363,957,0,324,0,82,0,0,116,11,1536,1039,324,1536,612428.69,6287.31,357,201,153,116,73,463,0,0,957,0,406,0
212677,20,-0.1,-0.02,-0.5,-0.4,1,0.2,0.1,0.15,40,69.93,1528,1412,45,1367,927,330,62,19,19,10,0,116,8,1536,956,411,1536,381647.11,3922.32,384,272,197,148,96,83,46,141,927,330,81,29
212678,20,-0.1,-0.02,-0.5,-0.4,1,0.2,0.1,0.15,40,53.01,1526,1410,82,1328,0,403,177,44,184,520,0,116,10,1536,704,624,1536,615101.51,6329.88,27,75,56,57,55,51,55,952,0,403,361,564
212679,20,-0.1,-0.02,-0.5,-0.4,1,0.2,0.1,0.15,40,78.05,1525,1409,47,1362,1011,0,212,87,21,31,0,116,11,1536,1063,299,1536,627119.13,6443.19,357,201,153,116,73,57,30,375,1011,0,233,118
212680,20,-0.1,-0.02,-0.5,-0.4,1,0.2,0.1,0.15,50,69.5,1528,1412,45,1367,930,338,0,79,0,20,0,116,8,1536,950,417,1536,371663.02,3820.3,384,272,197,148,96,83,46,141,930,338,0,99
212681,20,-0.1,-0.02,-0.5,-0.4,1,0.2,0.1,0.15,50,50.98,1526,1410,82,1328,0,431,0,220,0,677,0,116,10,1536,677,651,1536,566571.43,5823.03,27,75,56,57,55,51,55,952,0,431,0,897
212682,20,-0.1,-0.02,-0.5,-0.4,1,0.2,0.1,0.15,50,77.53,1525,1409,47,1362,1014,0,0,306,0,42,0,116,11,1536,1056,306,1536,595097.49,6117.46,357,201,153,116,73,57,30,375,1014,0,0,348
212683,20,-0.1,-0.02,-0.5,-0.4,1,0.2,0.1,0.15,60,69.5,1528,1412,45,1367,930,338,0,79,0,20,0,116,8,1536,950,417,1536,371663.02,3820.3,384,272,197,148,96,83,46,141,930,338,0,99
212684,20,-0.1,-0.02,-0.5,-0.4,1,0.2,0.1,0.15,60,50.98,1526,1410,82,1328,0,431,0,220,0,677,0,116,10,1536,677,651,1536,566571.43,5823.03,27,75,56,57,55,51,55,952,0,431,0,897
212685,20,-0.1,-0.02,-0.5,-0.4,1,0.2,0.1,0.15,60,77.53,1525,1409,47,1362,1014,0,0,306,0,42,0,116,11,1536,1056,306,1536,595097.49,6117.46,357,201,153,116,73,57,30,375,1014,0,0,348
212686,20,-0.1,-0.02,-0.5,-0.4,1,0.2,0.2,0.15,20,62.72,1528,1412,44,1368,387,214,296,0,471,0,0,116,8,1536,858,510,1536,630097.93,6465.22,77,202,189,900,0,0,0,0,387,214,767,0
212687,20,-0.1,-0.02,-0.5,-0.4,1,0.2,0.2,0.15,20,62.23,1528,1412,46,1366,0,215,301,0,850,0,0,116,8,1536,850,516,1536,695324.35,7139.95,27,75,56,1208,0,0,0,0,0,215,1151,0
212688,20,-0.1,-0.02,-0.5,-0.4,1,0.2,0.2,0.15,20,66.45,1525,1409,44,1365,396,0,458,0,511,0,0,116,11,1536,907,458,1536,784109.92,8046.09,50,128,134,1053,0,0,0,0,396,0,969,0
212689,20,-0.1,-0.02,-0.5,-0.4,1,0.2,0.2,0.15,30,59.19,1528,1412,74,1338,533,316,230,0,259,0,0,116,8,1536,792,546,1536,613339.89,6308.49,77,202,189,133,133,604,0,0,533,316,489,0
212690,20,-0.1,-0.02,-0.5,-0.4,1,0.2,0.2,0.15,30,56.62,1526,1410,80,1330,0,321,256,0,753,0,0,116,10,1536,753,577,1536,623011.19,6402.61,27,75,56,57,55,1060,0,0,0,321,1009,0
212691,20,-0.1,-0.02,-0.5,-0.4,1,0.2,0.2,0.15,30,66.47,1525,1409,76,1333,561,0,447,0,325,0,0,116,11,1536,886,447,1536,874150.39,8986.42,50,128,134,84,93,844,0,0,561,0,772,0
212692,20,-0.1,-0.02,-0.5,-0.4,1,0.2,0.2,0.15,40,57.63,1528,1412,76,1336,589,388,140,38,79,102,0,116,8,1536,770,566,1536,597679.79,6152.08,77,202,189,133,133,115,83,404,589,388,219,140
212693,20,-0.1,-0.02,-0.5,-0.4,1,0.2,0.2,0.15,40,53.01,1526,1410,82,1328,0,403,177,44,184,520,0,116,10,1536,704,624,1536,615101.51,6329.88,27,75,56,57,55,51,55,952,0,403,361,564
212694,20,-0.1,-0.02,-0.5,-0.4,1,0.2,0.2,0.15,40,65.97,1525,1409,78,1331,631,0,332,121,86,161,0,116,11,1536,878,453,1536,891686.53,9172.36,50,128,134,84,93,72,50,720,631,0,418,282
212695,20,-0.1,-0.02,-0.5,-0.4,1,0.2,0.2,0.15,50,56.44,1528,1412,76,1336,589,410,0,172,0,165,0,116,8,1536,754,582,1536,572777.91,5892.65,77,202,189,133,133,115,83,404,589,410,0,337
212696,20,-0.1,-0.02,-0.5,-0.4,1,0.2,0.2,0.15,50,50.98,1526,1410,82,1328,0,431,0,220,0,677,0,116,10,1536,677,651,1536,566571.43,5823.03,27,75,56,57,55,51,55,952,0,431,0,897
212697,20,-0.1,-0.02,-0.5,-0.4,1,0.2,0.2,0.15,50,64.46,1525,1409,78,1331,631,0,0,473,0,227,0,116,11,1536,858,473,1536,826204.0,8499.52,50,128,134,84,93,72,50,720,631,0,0,700
212698,20,-0.1,-0.02,-0.5,-0.4,1,0.2,0.2,0.15,60,56.44,1528,1412,76,1336,589,410,0,172,0,165,0,116,8,1536,754,582,1536,572777.91,5892.65,77,202,189,133,133,115,83,404,589,410,0,337
212699,20,-0.1,-0.02,-0.5,-0.4,1,0.2,0.2,0.15,60,50.98,1526,1410,82,1328,0,431,0,220,0,677,0,116,10,1536,677,651,1536,566571.43,5823.03,27,75,56,57,55,51,55,952,0,431,0,897
212700,20,-0.1,-0.02,-0.5,-0.4,1,0.2,0.2,0.15,60,64.46,1525,1409,78,1331,631,0,0,473,0,227,0,116,11,1536,858,473,1536,826204.0,8499.52,50,128,134,84,93,72,50,720,631,0,0,700
212701,20,-0.1,-0.02,-0.5,-0.4,2,0.1,0.1,0.15,20,71.04,1528,1412,31,1381,845,203,197,0,136,0,0,116,8,1536,981,400,1536,527160.4,5849.31,402,288,211,480,0,0,0,0,845,203,333,0
212702,20,-0.1,-0.02,-0.5,-0.4,2,0.1,0.1,0.15,20,66.18,1528,1412,46,1366,0,215,247,0,904,0,0,116,8,1536,904,462,1536,972267.81,9607.78,27,75,56,1208,0,0,0,0,0,215,1151,0
212703,20,-0.1,-0.02,-0.5,-0.4,2,0.1,0.1,0.15,20,76.71,1525,1409,31,1378,889,0,321,0,168,0,0,116,11,1536,1057,321,1536,766597.54,7277.96,376,220,178,604,0,0,0,0,889,0,489,0
212704,20,-0.1,-0.02,-0.5,-0.4,2,0.1,0.1,0.15,30,72.0,1528,1412,44,1368,936,278,105,0,49,0,0,116,8,1536,985,383,1536,511540.34,6037.17,402,288,211,147,95,225,0,0,936,278,154,0
212705,20,-0.1,-0.02,-0.5,-0.4,2,0.1,0.1,0.15,30,59.17,1526,1410,80,1330,0,321,222,0,787,0,0,116,10,1536,787,543,1536,938466.61,9400.95,27,75,56,57,55,1060,0,0,0,321,1009,0
212706,20,-0.1,-0.02,-0.5,-0.4,2,0.1,0.1,0.15,30,81.36,1525,1409,46,1363,1032,0,254,0,77,0,0,116,11,1536,1109,254,1536,902286.66,8283.66,376,220,178,115,91,383,0,0,1032,0,331,0
212707,20,-0.1,-0.02,-0.5,-0.4,2,0.1,0.1,0.15,40,72.93,1528,1412,45,1367,966,316,45,9,23,8,0,116,8,1536,997,370,1536,501232.01,6085.68,402,288,211,147,95,71,38,115,966,316,68,17
212708,20,-0.1,-0.02,-0.5,-0.4,2,0.1,0.1,0.15,40,56.33,1526,1410,82,1328,0,403,148,29,213,535,0,116,10,1536,748,580,1536,914648.3,9695.01,27,75,56,57,55,51,55,952,0,403,361,564
212709,20,-0.1,-0.02,-0.5,-0.4,2,0.1,0.1,0.15,40,83.55,1525,1409,47,1362,1084,0,172,52,30,24,0,116,11,1536,1138,224,1536,938469.49,8583.21,376,220,178,115,91,52,27,303,1084,0,202,76
212710,20,-0.1,-0.02,-0.5,-0.4,2,0.1,0.1,0.15,50,72.28,1528,1412,45,1367,969,324,0,55,0,19,0,116,8,1536,988,379,1536,487963.37,6010.47,402,288,211,147,95,71,38,115,969,324,0,74
212711,20,-0.1,-0.02,-0.5,-0.4,2,0.1,0.1,0.15,50,53.77,1526,1410,82,1328,0,431,0,183,0,714,0,116,10,1536,714,614,1536,843128.81,9201.49,27,75,56,57,55,51,55,952,0,431,0,897
212712,20,-0.1,-0.02,-0.5,-0.4,2,0.1,0.1,0.15,50,83.26,1525,1409,47,1362,1087,0,0,228,0,47,0,116,11,1536,1134,228,1536,886909.86,8316.17,376,220,178,115,91,52,27,303,1087,0,0,275
212713,20,-0.1,-0.02,-0.5,-0.4,2,0.1,0.1,0.15,60,72.28,1528,1412,45,1367,969,324,0,55,0,19,0,116,8,1536,988,379,1536,487963.37,6010.47,402,288,211,147,95,71,38,115,969,324,0,74
212714,20,-0.1,-0.02,-0.5,-0.4,2,0.1,0.1,0.15,60,53.77,1526,1410,82,1328,0,431,0,183,0,714,0,116,10,1536,714,614,1536,843128.81,9201.49,27,75,56,57,55,51,55,952,0,431,0,897
212715,20,-0.1,-0.02,-0.5,-0.4,2,0.1,0.1,0.15,60,83.26,1525,1409,47,1362,1087,0,0,228,0,47,0,116,11,1536,1134,228,1536,886909.86,8316.17,376,220,178,115,91,52,27,303,1087,0,0,275
212716,20,-0.1,-0.02,-0.5,-0.4,2,0.1,0.2,0.15,20,66.74,1528,1412,44,1368,428,213,242,0,485,0,0,116,8,1536,913,455,1536,879913.69,8816.52,79,207,205,877,0,0,0,0,428,213,727,0
212717,20,-0.1,-0.02,-0.5,-0.4,2,0.1,0.2,0.15,20,66.18,1528,1412,46,1366,0,215,247,0,904,0,0,116,8,1536,904,462,1536,972267.81,9607.78,27,75,56,1208,0,0,0,0,0,215,1151,0
212718,20,-0.1,-0.02,-0.5,-0.4,2,0.1,0.2,0.15,20,72.75,1525,1409,44,1365,451,0,372,0,542,0,0,116,11,1536,993,372,1536,1184066.37,10591.01,52,133,157,1023,0,0,0,0,451,0,914,0
212719,20,-0.1,-0.02,-0.5,-0.4,2,0.1,0.2,0.15,30,61.88,1528,1412,74,1338,578,313,197,0,250,0,0,116,8,1536,828,510,1536,884069.21,9066.83,79,207,205,150,136,561,0,0,578,313,447,0
212720,20,-0.1,-0.02,-0.5,-0.4,2,0.1,0.2,0.15,30,59.17,1526,1410,80,1330,0,321,222,0,787,0,0,116,10,1536,787,543,1536,938466.61,9400.95,27,75,56,57,55,1060,0,0,0,321,1009,0
212721,20,-0.1,-0.02,-0.5,-0.4,2,0.1,0.2,0.15,30,72.02,1525,1409,76,1333,631,0,373,0,329,0,0,116,11,1536,960,373,1536,1404074.88,12008.68,52,133,157,109,101,781,0,0,631,0,702,0
212722,20,-0.1,-0.02,-0.5,-0.4,2,0.1,0.2,0.15,40,61.08,1528,1412,76,1336,634,382,112,26,94,88,0,116,8,1536,816,520,1536,870888.73,9196.75,79,207,205,150,136,114,77,368,634,382,206,114
212723,20,-0.1,-0.02,-0.5,-0.4,2,0.1,0.2,0.15,40,56.33,1526,1410,82,1328,0,403,148,29,213,535,0,116,10,1536,748,580,1536,914648.3,9695.01,27,75,56,57,55,51,55,952,0,403,361,564
212724,20,-0.1,-0.02,-0.5,-0.4,2,0.1,0.2,0.15,40,72.05,1525,1409,78,1331,706,0,286,86,107,146,0,116,11,1536,959,372,1536,1450819.49,12499.14,52,133,157,109,101,79,47,653,706,0,393,232
212725,20,-0.1,-0.02,-0.5,-0.4,2,0.1,0.2,0.15,50,59.51,1528,1412,76,1336,634,404,0,137,0,161,0,116,8,1536,795,541,1536,834466.43,8974.79,79,207,205,150,136,114,77,368,634,404,0,298
212726,20,-0.1,-0.02,-0.5,-0.4,2,0.1,0.2,0.15,50,53.77,1526,1410,82,1328,0,431,0,183,0,714,0,116,10,1536,714,614,1536,843128.81,9201.49,27,75,56,57,55,51,55,952,0,431,0,897
212727,20,-0.1,-0.02,-0.5,-0.4,2,0.1,0.2,0.15,50,70.77,1525,1409,78,1331,706,0,0,389,0,236,0,116,11,1536,942,389,1536,1337222.76,11886.84,52,133,157,109,101,79,47,653,706,0,0,625
212728,20,-0.1,-0.02,-0.5,-0.4,2,0.1,0.2,0.15,60,59.51,1528,1412,76,1336,634,404,0,137,0,161,0,116,8,1536,795,541,1536,834466.43,8974.79,79,207,205,150,136,114,77,368,634,404,0,298
212729,20,-0.1,-0.02,-0.5,-0.4,2,0.1,0.2,0.15,60,53.77,1526,1410,82,1328,0,431,0,183,0,714,0,116,10,1536,714,614,1536,843128.81,9201.49,27,75,56,57,55,51,55,952,0,431,0,897
212730,20,-0.1,-0.02,-0.5,-0.4,2,0.1,0.2,0.15,60,70.77,1525,1409,78,1331,706,0,0,389,0,236,0,116,11,1536,942,389,1536,1337222.76,11886.84,52,133,157,109,101,79,47,653,706,0,0,625
212731,20,-0.1,-0.02,-0.5,-0.4,2,0.2,0.1,0.15,20,67.49,1528,1412,31,1381,796,205,244,0,136,0,0,116,8,1536,932,449,1536,388277.8,3970.75,384,272,197,528,0,0,0,0,796,205,380,0
212732,20,-0.1,-0.02,-0.5,-0.4,2,0.2,0.1,0.15,20,62.23,1528,1412,46,1366,0,215,301,0,850,0,0,116,8,1536,850,516,1536,695324.35,7139.95,27,75,56,1208,0,0,0,0,0,215,1151,0
212733,20,-0.1,-0.02,-0.5,-0.4,2,0.2,0.1,0.15,20,70.97,1525,1409,31,1378,827,0,400,0,151,0,0,116,11,1536,978,400,1536,525769.64,5380.97,357,201,153,667,0,0,0,0,827,0,551,0
212734,20,-0.1,-0.02,-0.5,-0.4,2,0.2,0.1,0.15,30,69.3,1528,1412,44,1368,894,286,134,0,54,0,0,116,8,1536,948,420,1536,388107.63,3981.99,384,272,197,148,96,271,0,0,894,286,188,0
212735,20,-0.1,-0.02,-0.5,-0.4,2,0.2,0.1,0.15,30,56.62,1526,1410,80,1330,0,321,256,0,753,0,0,116,10,1536,753,577,1536,623011.19,6402.61,27,75,56,57,55,1060,0,0,0,321,1009,0
212736,20,-0.1,-0.02,-0.5,-0.4,2,0.2,0.1,0.15,30,76.23,1525,1409,46,1363,957,0,324,0,82,0,0,116,11,1536,1039,324,1536,612428.69,6287.31,357,201,153,116,73,463,0,0,957,0,406,0
212737,20,-0.1,-0.02,-0.5,-0.4,2,0.2,0.1,0.15,40,69.93,1528,1412,45,1367,927,330,62,19,19,10,0,116,8,1536,956,411,1536,381647.11,3922.32,384,272,197,148,96,83,46,141,927,330,81,29
212738,20,-0.1,-0.02,-0.5,-0.4,2,0.2,0.1,0.15,40,53.01,1526,1410,82,1328,0,403,177,44,184,520,0,116,10,1536,704,624,1536,615101.51,6329.88,27,75,56,57,55,51,55,952,0,403,361,564
212739,20,-0.1,-0.02,-0.5,-0.4,2,0.2,0.1,0.15,40,78.05,1525,1409,47,1362,1011,0,212,87,21,31,0,116,11,1536,1063,299,1536,627119.13,6443.19,357,201,153,116,73,57,30,375,1011,0,233,118
212740,20,-0.1,-0.02,-0.5,-0.4,2,0.2,0.1,0.15,50,69.5,1528,1412,45,1367,930,338,0,79,0,20,0,116,8,1536,950,417,1536,371663.02,3820.3,384,272,197,148,96,83,46,141,930,338,0,99
212741,20,-0.1,-0.02,-0.5,-0.4,2,0.2,0.1,0.15,50,50.98,1526,1410,82,1328,0,431,0,220,0,677,0,116,10,1536,677,651,1536,566571.43,5823.03,27,75,56,57,55,51,55,952,0,431,0,897
212742,20,-0.1,-0.02,-0.5,-0.4,2,0.2,0.1,0.15,50,77.53,1525,1409,47,1362,1014,0,0,306,0,42,0,116,11,1536,1056,306,1536,595097.49,6117.46,357,201,153,116,73,57,30,375,1014,0,0,348
212743,20,-0.1,-0.02,-0.5,-0.4,2,0.2,0.1,0.15,60,69.5,1528,1412,45,1367,930,338,0,79,0,20,0,116,8,1536,950,417,1536,371663.02,3820.3,384,272,197,148,96,83,46,141,930,338,0,99
212744,20,-0.1,-0.02,-0.5,-0.4,2,0.2,0.1,0.15,60,50.98,1526,1410,82,1328,0,431,0,220,0,677,0,116,10,1536,677,651,1536,566571.43,5823.03,27,75,56,57,55,51,55,952,0,431,0,897
212745,20,-0.1,-0.02,-0.5,-0.4,2,0.2,0.1,0.15,60,77.53,1525,1409,47,1362,1014,0,0,306,0,42,0,116,11,1536,1056,306,1536,595097.49,6117.46,357,201,153,116,73,57,30,375,1014,0,0,348
212746,20,-0.1,-0.02,-0.5,-0.4,2,0.2,0.2,0.15,20,62.72,1528,1412,44,1368,387,214,296,0,471,0,0,116,8,1536,858,510,1536,630097.93,6465.22,77,202,189,900,0,0,0,0,387,214,767,0
212747,20,-0.1,-0.02,-0.5,-0.4,2,0.2,0.2,0.15,20,62.23,1528,1412,46,1366,0,215,301,0,850,0,0,116,8,1536,850,516,1536,695324.35,7139.95,27,75,56,1208,0,0,0,0,0,215,1151,0
212748,20,-0.1,-0.02,-0.5,-0.4,2,0.2,0.2,0.15,20,66.45,1525,1409,44,1365,396,0,458,0,511,0,0,116,11,1536,907,458,1536,784109.92,8046.09,50,128,134,1053,0,0,0,0,396,0,969,0
212749,20,-0.1,-0.02,-0.5,-0.4,2,0.2,0.2,0.15,30,59.19,1528,1412,74,1338,533,316,230,0,259,0,0,116,8,1536,792,546,1536,613339.89,6308.49,77,202,189,133,133,604,0,0,533,316,489,0
212750,20,-0.1,-0.02,-0.5,-0.4,2,0.2,0.2,0.15,30,56.62,1526,1410,80,1330,0,321,256,0,753,0,0,116,10,1536,753,577,1536,623011.19,6402.61,27,75,56,57,55,1060,0,0,0,321,1009,0
212751,20,-0.1,-0.02,-0.5,-0.4,2,0.2,0.2,0.15,30,66.47,1525,1409,76,1333,561,0,447,0,325,0,0,116,11,1536,886,447,1536,874150.39,8986.42,50,128,134,84,93,844,0,0,561,0,772,0
212752,20,-0.1,-0.02,-0.5,-0.4,2,0.2,0.2,0.15,40,57.63,1528,1412,76,1336,589,388,140,38,79,102,0,116,8,1536,770,566,1536,597679.79,6152.08,77,202,189,133,133,115,83,404,589,388,219,140
212753,20,-0.1,-0.02,-0.5,-0.4,2,0.2,0.2,0.15,40,53.01,1526,1410,82,1328,0,403,177,44,184,520,0,116,10,1536,704,624,1536,615101.51,6329.88,27,75,56,57,55,51,55,952,0,403,361,564
212754,20,-0.1,-0.02,-0.5,-0.4,2,0.2,0.2,0.15,40,65.97,1525,1409,78,1331,631,0,332,121,86,161,0,116,11,1536,878,453,1536,891686.53,9172.36,50,128,134,84,93,72,50,720,631,0,418,282
212755,20,-0.1,-0.02,-0.5,-0.4,2,0.2,0.2,0.15,50,56.44,1528,1412,76,1336,589,410,0,172,0,165,0,116,8,1536,754,582,1536,572777.91,5892.65,77,202,189,133,133,115,83,404,589,410,0,337
212756,20,-0.1,-0.02,-0.5,-0.4,2,0.2,0.2,0.15,50,50.98,1526,1410,82,1328,0,431,0,220,0,677,0,116,10,1536,677,651,1536,566571.43,5823.03,27,75,56,57,55,51,55,952,0,431,0,897
212757,20,-0.1,-0.02,-0.5,-0.4,2,0.2,0.2,0.15,50,64.46,1525,1409,78,1331,631,0,0,473,0,227,0,116,11,1536,858,473,1536,826204.0,8499.52,50,128,134,84,93,72,50,720,631,0,0,700
212758,20,-0.1,-0.02,-0.5,-0.4,2,0.2,0.2,0.15,60,56.44,1528,1412,76,1336,589,410,0,172,0,165,0,116,8,1536,754,582,1536,572777.91,5892.65,77,202,189,133,133,115,83,404,589,410,0,337
212759,20,-0.1,-0.02,-0.5,-0.4,2,0.2,0.2,0.15,60,50.98,1526,1410,82,1328,0,431,0,220,0,677,0,116,10,1536,677,651,1536,566571.43,5823.03,27,75,56,57,55,51,55,952,0,431,0,897
212760,20,-0.1,-0.02,-0.5,-0.4,2,0.2,0.2,0.15,60,64.46,1525,1409,78,1331,631,0,0,473,0,227,0,116,11,1536,858,473,1536,826204.0,8499.52,50,128,134,84,93,72,50,720,631,0,0,700
212761,20,-0.1,-0.02,-0.5,-0.35,1,0.1,0.1,0.15,20,66.31,2463,2312,47,2265,1274,333,430,0,228,0,0,151,18,2481,1502,763,2481,601855.0,6179.65,621,430,340,874,0,0,0,0,1274,333,658,0
212762,20,-0.1,-0.02,-0.5,-0.35,1,0.1,0.1,0.15,20,60.21,2463,2312,70,2242,0,353,539,0,1350,0,0,151,18,2481,1350,892,2481,948860.93,9796.77,54,126,84,1978,0,0,0,0,0,353,1889,0
212763,20,-0.1,-0.02,-0.5,-0.35,1,0.1,0.1,0.15,20,69.62,2456,2305,47,2258,1317,0,686,0,255,0,0,151,25,2481,1572,686,2481,805290.31,8258.5,567,312,272,1107,0,0,0,0,1317,0,941,0
212764,20,-0.1,-0.02,-0.5,-0.35,1,0.1,0.1,0.15,30,68.33,2463,2312,64,2248,1436,454,258,0,100,0,0,151,18,2481,1536,712,2481,603765.6,6222.13,621,430,340,216,154,487,0,0,1436,454,358,0
212765,20,-0.1,-0.02,-0.5,-0.35,1,0.1,0.1,0.15,30,55.69,2461,2310,112,2198,0,508,466,0,1224,0,0,151,20,2481,1224,974,2481,835709.44,8652.74,54,126,84,89,80,1765,0,0,0,508,1690,0
212766,20,-0.1,-0.02,-0.5,-0.35,1,0.1,0.1,0.15,30,74.66,2456,2305,67,2238,1527,0,567,0,144,0,0,151,25,2481,1671,567,2481,946497.06,9731.0,567,312,272,166,122,799,0,0,1527,0,711,0
212767,20,-0.1,-0.02,-0.5,-0.35,1,0.1,0.1,0.15,40,68.62,2463,2312,65,2247,1485,546,119,40,28,29,0,151,18,2481,1542,705,2481,566680.41,5850.45,621,430,340,216,154,129,78,279,1485,546,147,69
212768,20,-0.1,-0.02,-0.5,-0.35,1,0.1,0.1,0.15,40,52.57,2461,2310,115,2195,0,659,298,84,322,832,0,151,20,2481,1154,1041,2481,750129.64,7708.01,54,126,84,89,80,75,102,1585,0,659,620,916
212769,20,-0.1,-0.02,-0.5,-0.35,1,0.1,0.1,0.15,40,76.22,2456,2305,68,2237,1607,0,373,159,31,67,0,151,25,2481,1705,532,2481,956947.63,9843.23,567,312,272,166,122,88,41,669,1607,0,404,226
212770,20,-0.1,-0.02,-0.5,-0.35,1,0.1,0.1,0.15,50,68.27,2463,2312,65,2247,1488,557,0,156,0,46,0,151,18,2481,1534,713,2481,552536.28,5704.35,621,430,340,216,154,129,78,279,1488,557,0,202
212771,20,-0.1,-0.02,-0.5,-0.35,1,0.1,0.1,0.15,50,50.84,2461,2310,115,2195,0,698,0,381,0,1116,0,151,20,2481,1116,1079,2481,677484.06,6945.83,54,126,84,89,80,75,102,1585,0,698,0,1497
212772,20,-0.1,-0.02,-0.5,-0.35,1,0.1,0.1,0.15,50,75.91,2456,2305,68,2237,1610,0,0,539,0,88,0,151,25,2481,1698,539,2481,914632.31,9409.94,567,312,272,166,122,88,41,669,1610,0,0,627
212773,20,-0.1,-0.02,-0.5,-0.35,1,0.1,0.1,0.15,60,68.27,2463,2312,65,2247,1488,557,0,156,0,46,0,151,18,2481,1534,713,2481,552536.28,5704.35,621,430,340,216,154,129,78,279,1488,557,0,202
212774,20,-0.1,-0.02,-0.5,-0.35,1,0.1,0.1,0.15,60,50.84,2461,2310,115,2195,0,698,0,381,0,1116,0,151,20,2481,1116,1079,2481,677484.06,6945.83,54,126,84,89,80,75,102,1585,0,698,0,1497
212775,20,-0.1,-0.02,-0.5,-0.35,1,0.1,0.1,0.15,60,75.91,2456,2305,68,2237,1610,0,0,539,0,88,0,151,25,2481,1698,539,2481,914632.31,9409.94,567,312,272,166,122,88,41,669,1610,0,0,627
212776,20,-0.1,-0.02,-0.5,-0.35,1,0.1,0.2,0.15,20,60.64,2463,2312,66,2246,560,351,533,0,802,0,0,151,18,2481,1362,884,2481,887084.54,9126.3,137,287,285,1537,0,0,0,0,560,351,1335,0
212777,20,-0.1,-0.02,-0.5,-0.35,1,0.1,0.2,0.15,20,60.21,2463,2312,70,2242,0,353,539,0,1350,0,0,151,18,2481,1350,892,2481,948860.93,9796.77,54,126,84,1978,0,0,0,0,0,353,1889,0
212778,20,-0.1,-0.02,-0.5,-0.35,1,0.1,0.2,0.15,20,64.0,2456,2305,66,2239,570,0,806,0,863,0,0,151,25,2481,1433,806,2481,1105387.28,11358.73,83,162,202,1792,0,0,0,0,570,0,1669,0
212779,20,-0.1,-0.02,-0.5,-0.35,1,0.1,0.2,0.15,30,57.65,2463,2312,102,2210,780,502,434,0,494,0,0,151,18,2481,1274,936,2481,862352.29,8898.94,137,287,285,202,198,1101,0,0,780,502,928,0
212780,20,-0.1,-0.02,-0.5,-0.35,1,0.1,0.2,0.15,30,55.69,2461,2310,112,2198,0,508,466,0,1224,0,0,151,20,2481,1224,974,2481,835709.44,8652.74,54,126,84,89,80,1765,0,0,0,508,1690,0
212781,20,-0.1,-0.02,-0.5,-0.35,1,0.1,0.2,0.15,30,64.36,2456,2305,105,2200,821,0,784,0,595,0,0,151,25,2481,1416,784,2481,1264316.44,13007.38,83,162,202,123,138,1492,0,0,821,0,1379,0
212782,20,-0.1,-0.02,-0.5,-0.35,1,0.1,0.2,0.15,40,56.23,2463,2312,105,2207,869,639,250,77,142,230,0,151,18,2481,1241,966,2481,817471.23,8451.63,137,287,285,202,198,173,144,781,869,639,392,307
212783,20,-0.1,-0.02,-0.5,-0.35,1,0.1,0.2,0.15,40,52.57,2461,2310,115,2195,0,659,298,84,322,832,0,151,20,2481,1154,1041,2481,750129.64,7708.01,54,126,84,89,80,75,102,1585,0,659,620,916
212784,20,-0.1,-0.02,-0.5,-0.35,1,0.1,0.2,0.15,40,64.0,2456,2305,108,2197,930,0,573,218,151,325,0,151,25,2481,1406,791,2481,1276765.5,13147.54,83,162,202,123,138,113,81,1295,930,0,724,543
212785,20,-0.1,-0.02,-0.5,-0.35,1,0.1,0.2,0.15,50,55.28,2463,2312,105,2207,875,671,0,316,0,345,0,151,18,2481,1220,987,2481,784025.31,8105.11,137,287,285,202,198,173,144,781,875,671,0,661
212786,20,-0.1,-0.02,-0.5,-0.35,1,0.1,0.2,0.15,50,50.84,2461,2310,115,2195,0,698,0,381,0,1116,0,151,20,2481,1116,1079,2481,677484.06,6945.83,54,126,84,89,80,75,102,1585,0,698,0,1497
212787,20,-0.1,-0.02,-0.5,-0.35,1,0.1,0.2,0.15,50,62.95,2456,2305,108,2197,936,0,0,814,0,447,0,151,25,2481,1383,814,2481,1189190.95,12248.82,83,162,202,123,138,113,81,1295,936,0,0,1261
212788,20,-0.1,-0.02,-0.5,-0.35,1,0.1,0.2,0.15,60,55.28,2463,2312,105,2207,875,671,0,316,0,345,0,151,18,2481,1220,987,2481,784025.31,8105.11,137,287,285,202,198,173,144,781,875,671,0,661
212789,20,-0.1,-0.02,-0.5,-0.35,1,0.1,0.2,0.15,60,50.84,2461,2310,115,2195,0,698,0,381,0,1116,0,151,20,2481,1116,1079,2481,677484.06,6945.83,54,126,84,89,80,75,102,1585,0,698,0,1497
212790,20,-0.1,-0.02,-0.5,-0.35,1,0.1,0.2,0.15,60,62.95,2456,2305,108,2197,936,0,0,814,0,447,0,151,25,2481,1383,814,2481,1189190.95,12248.82,83,162,202,123,138,113,81,1295,936,0,0,1261
212791,20,-0.1,-0.02,-0.5,-0.35,1,0.2,0.1,0.15,20,66.31,2463,2312,47,2265,1274,333,430,0,228,0,0,151,18,2481,1502,763,2481,601855.0,6179.65,621,430,340,874,0,0,0,0,1274,333,658,0
212792,20,-0.1,-0.02,-0.5,-0.35,1,0.2,0.1,0.15,20,60.21,2463,2312,70,2242,0,353,539,0,1350,0,0,151,18,2481,1350,892,2481,948860.93,9796.77,54,126,84,1978,0,0,0,0,0,353,1889,0
212793,20,-0.1,-0.02,-0.5,-0.35,1,0.2,0.1,0.15,20,69.62,2456,2305,47,2258,1317,0,686,0,255,0,0,151,25,2481,1572,686,2481,805290.31,8258.5,567,312,272,1107,0,0,0,0,1317,0,941,0
212794,20,-0.1,-0.02,-0.5,-0.35,1,0.2,0.1,0.15,30,68.33,2463,2312,64,2248,1436,454,258,0,100,0,0,151,18,2481,1536,712,2481,603765.6,6222.13,621,430,340,216,154,487,0,0,1436,454,358,0
212795,20,-0.1,-0.02,-0.5,-0.35,1,0.2,0.1,0.15,30,55.69,2461,2310,112,2198,0,508,466,0,1224,0,0,151,20,2481,1224,974,2481,835709.44,8652.74,54,126,84,89,80,1765,0,0,0,508,1690,0
212796,20,-0.1,-0.02,-0.5,-0.35,1,0.2,0.1,0.15,30,74.66,2456,2305,67,2238,1527,0,567,0,144,0,0,151,25,2481,1671,567,2481,946497.06,9731.0,567,312,272,166,122,799,0,0,1527,0,711,0
212797,20,-0.1,-0.02,-0.5,-0.35,1,0.2,0.1,0.15,40,68.62,2463,2312,65,2247,1485,546,119,40,28,29,0,151,18,2481,1542,705,2481,566680.41,5850.45,621,430,340,216,154,129,78,279,1485,546,147,69
212798,20,-0.1,-0.02,-0.5,-0.35,1,0.2,0.1,0.15,40,52.57,2461,2310,115,2195,0,659,298,84,322,832,0,151,20,2481,1154,1041,2481,750129.64,7708.01,54,126,84,89,80,75,102,1585,0,659,620,916
212799,20,-0.1,-0.02,-0.5,-0.35,1,0.2,0.1,0.15,40,76.22,2456,2305,68,2237,1607,0,373,159,31,67,0,151,25,2481,1705,532,2481,956947.63,9843.23,567,312,272,166,122,88,41,669,1607,0,404,226
212800,20,-0.1,-0.02,-0.5,-0.35,1,0.2,0.1,0.15,50,68.27,2463,2312,65,2247,1488,557,0,156,0,46,0,151,18,2481,1534,713,2481,552536.28,5704.35,621,430,340,216,154,129,78,279,1488,557,0,202
212801,20,-0.1,-0.02,-0.5,-0.35,1,0.2,0.1,0.15,50,50.84,2461,2310,115,2195,0,698,0,381,0,1116,0,151,20,2481,1116,1079,2481,677484.06,6945.83,54,126,84,89,80,75,102,1585,0,698,0,1497
212802,20,-0.1,-0.02,-0.5,-0.35,1,0.2,0.1,0.15,50,75.91,2456,2305,68,2237,1610,0,0,539,0,88,0,151,25,2481,1698,539,2481,914632.31,9409.94,567,312,272,166,122,88,41,669,1610,0,0,627
212803,20,-0.1,-0.02,-0.5,-0.35,1,0.2,0.1,0.15,60,68.27,2463,2312,65,2247,1488,557,0,156,0,46,0,151,18,2481,1534,713,2481,552536.28,5704.35,621,430,340,216,154,129,78,279,1488,557,0,202
212804,20,-0.1,-0.02,-0.5,-0.35,1,0.2,0.1,0.15,60,50.84,2461,2310,115,2195,0,698,0,381,0,1116,0,151,20,2481,1116,1079,2481,677484.06,6945.83,54,126,84,89,80,75,102,1585,0,698,0,1497
212805,20,-0.1,-0.02,-0.5,-0.35,1,0.2,0.1,0.15,60,75.91,2456,2305,68,2237,1610,0,0,539,0,88,0,151,25,2481,1698,539,2481,914632.31,9409.94,567,312,272,166,122,88,41,669,1610,0,0,627
212806,20,-0.1,-0.02,-0.5,-0.35,1,0.2,0.2,0.15,20,60.64,2463,2312,66,2246,560,351,533,0,802,0,0,151,18,2481,1362,884,2481,887084.54,9126.3,137,287,285,1537,0,0,0,0,560,351,1335,0
212807,20,-0.1,-0.02,-0.5,-0.35,1,0.2,0.2,0.15,20,60.21,2463,2312,70,2242,0,353,539,0,1350,0,0,151,18,2481,1350,892,2481,948860.93,9796.77,54,126,84,1978,0,0,0,0,0,353,1889,0
212808,20,-0.1,-0.02,-0.5,-0.35,1,0.2,0.2,0.15,20,64.0,2456,2305,66,2239,570,0,806,0,863,0,0,151,25,2481,1433,806,2481,1105387.28,11358.73,83,162,202,1792,0,0,0,0,570,0,1669,0
212809,20,-0.1,-0.02,-0.5,-0.35,1,0.2,0.2,0.15,30,57.65,2463,2312,102,2210,780,502,434,0,494,0,0,151,18,2481,1274,936,2481,862352.29,8898.94,137,287,285,202,198,1101,0,0,780,502,928,0
212810,20,-0.1,-0.02,-0.5,-0.35,1,0.2,0.2,0.15,30,55.69,2461,2310,112,2198,0,508,466,0,1224,0,0,151,20,2481,1224,974,2481,835709.44,8652.74,54,126,84,89,80,1765,0,0,0,508,1690,0
212811,20,-0.1,-0.02,-0.5,-0.35,1,0.2,0.2,0.15,30,64.36,2456,2305,105,2200,821,0,784,0,595,0,0,151,25,2481,1416,784,2481,1264316.44,13007.38,83,162,202,123,138,1492,0,0,821,0,1379,0
212812,20,-0.1,-0.02,-0.5,-0.35,1,0.2,0.2,0.15,40,56.23,2463,2312,105,2207,869,639,250,77,142,230,0,151,18,2481,1241,966,2481,817471.23,8451.63,137,287,285,202,198,173,144,781,869,639,392,307
212813,20,-0.1,-0.02,-0.5,-0.35,1,0.2,0.2,0.15,40,52.57,2461,2310,115,2195,0,659,298,84,322,832,0,151,20,2481,1154,1041,2481,750129.64,7708.01,54,126,84,89,80,75,102,1585,0,659,620,916
212814,20,-0.1,-0.02,-0.5,-0.35,1,0.2,0.2,0.15,40,64.0,2456,2305,108,2197,930,0,573,218,151,325,0,151,25,2481,1406,791,2481,1276765.5,13147.54,83,162,202,123,138,113,81,1295,930,0,724,543
212815,20,-0.1,-0.02,-0.5,-0.35,1,0.2,0.2,0.15,50,55.28,2463,2312,105,2207,875,671,0,316,0,345,0,151,18,2481,1220,987,2481,784025.31,8105.11,137,287,285,202,198,173,144,781,875,671,0,661
212816,20,-0.1,-0.02,-0.5,-0.35,1,0.2,0.2,0.15,50,50.84,2461,2310,115,2195,0,698,0,381,0,1116,0,151,20,2481,1116,1079,2481,677484.06,6945.83,54,126,84,89,80,75,102,1585,0,698,0,1497
212817,20,-0.1,-0.02,-0.5,-0.35,1,0.2,0.2,0.15,50,62.95,2456,2305,108,2197,936,0,0,814,0,447,0,151,25,2481,1383,814,2481,1189190.95,12248.82,83,162,202,123,138,113,81,1295,936,0,0,1261
212818,20,-0.1,-0.02,-0.5,-0.35,1,0.2,0.2,0.15,60,55.28,2463,2312,105,2207,875,671,0,316,0,345,0,151,18,2481,1220,987,2481,784025.31,8105.11,137,287,285,202,198,173,144,781,875,671,0,661
212819,20,-0.1,-0.02,-0.5,-0.35,1,0.2,0.2,0.15,60,50.84,2461,2310,115,2195,0,698,0,381,0,1116,0,151,20,2481,1116,1079,2481,677484.06,6945.83,54,126,84,89,80,75,102,1585,0,698,0,1497
212820,20,-0.1,-0.02,-0.5,-0.35,1,0.2,0.2,0.15,60,62.95,2456,2305,108,2197,936,0,0,814,0,447,0,151,25,2481,1383,814,2481,1189190.95,12248.82,83,162,202,123,138,113,81,1295,936,0,0,1261
212821,20,-0.1,-0.02,-0.5,-0.35,2,0.1,0.1,0.15,20,70.51,2463,2312,47,2265,1358,328,340,0,239,0,0,151,18,2481,1597,668,2481,826062.09,9382.48,647,454,359,805,0,0,0,0,1358,328,579,0
212822,20,-0.1,-0.02,-0.5,-0.35,2,0.1,0.1,0.15,20,64.76,2463,2312,70,2242,0,353,437,0,1452,0,0,151,18,2481,1452,790,2481,1322892.97,13750.11,54,126,84,1978,0,0,0,0,0,353,1889,0
212823,20,-0.1,-0.02,-0.5,-0.35,2,0.1,0.1,0.15,20,75.78,2456,2305,47,2258,1430,0,547,0,281,0,0,151,25,2481,1711,547,2481,1188622.16,11562.76,595,342,312,1009,0,0,0,0,1430,0,828,0
212824,20,-0.1,-0.02,-0.5,-0.35,2,0.1,0.1,0.15,30,71.44,2463,2312,64,2248,1512,441,201,0,94,0,0,151,18,2481,1606,642,2481,813905.2,9701.38,647,454,359,226,156,406,0,0,1512,441,295,0
212825,20,-0.1,-0.02,-0.5,-0.35,2,0.1,0.1,0.15,30,58.51,2461,2310,112,2198,0,508,404,0,1286,0,0,151,20,2481,1286,912,2481,1272578.82,13482.44,54,126,84,89,80,1765,0,0,0,508,1690,0
212826,20,-0.1,-0.02,-0.5,-0.35,2,0.1,0.1,0.15,30,80.44,2456,2305,66,2239,1658,0,438,0,143,0,0,151,25,2481,1801,438,2481,1431522.72,13254.72,595,342,312,181,150,659,0,0,1658,0,581,0
212827,20,-0.1,-0.02,-0.5,-0.35,2,0.1,0.1,0.15,40,72.01,2463,2312,65,2247,1563,522,86,21,34,21,0,151,18,2481,1618,629,2481,773013.16,9670.05,647,454,359,226,156,111,75,219,1563,522,120,42
212828,20,-0.1,-0.02,-0.5,-0.35,2,0.1,0.1,0.15,40,56.13,2461,2310,115,2195,0,659,252,52,368,864,0,151,20,2481,1232,963,2481,1162713.29,13198.09,54,126,84,89,80,75,102,1585,0,659,620,916
212829,20,-0.1,-0.02,-0.5,-0.35,2,0.1,0.1,0.15,40,82.62,2456,2305,67,2238,1758,0,294,95,45,46,0,151,25,2481,1849,389,2481,1501300.44,13817.83,595,342,312,181,150,78,57,523,1758,0,339,141
212830,20,-0.1,-0.02,-0.5,-0.35,2,0.1,0.1,0.15,50,71.47,2463,2312,65,2247,1566,532,0,109,0,40,0,151,18,2481,1606,641,2481,754176.23,9558.01,647,454,359,226,156,111,75,219,1566,532,0,149
212831,20,-0.1,-0.02,-0.5,-0.35,2,0.1,0.1,0.15,50,54.03,2461,2310,115,2195,0,698,0,311,0,1186,0,151,20,2481,1186,1009,2481,1058784.38,12454.81,54,126,84,89,80,75,102,1585,0,698,0,1497
212832,20,-0.1,-0.02,-0.5,-0.35,2,0.1,0.1,0.15,50,82.48,2456,2305,67,2238,1762,0,0,392,0,84,0,151,25,2481,1846,392,2481,1433409.65,13456.64,595,342,312,181,150,78,57,523,1762,0,0,476
212833,20,-0.1,-0.02,-0.5,-0.35,2,0.1,0.1,0.15,60,71.47,2463,2312,65,2247,1566,532,0,109,0,40,0,151,18,2481,1606,641,2481,754176.23,9558.01,647,454,359,226,156,111,75,219,1566,532,0,149
212834,20,-0.1,-0.02,-0.5,-0.35,2,0.1,0.1,0.15,60,54.03,2461,2310,115,2195,0,698,0,311,0,1186,0,151,20,2481,1186,1009,2481,1058784.38,12454.81,54,126,84,89,80,75,102,1585,0,698,0,1497
212835,20,-0.1,-0.02,-0.5,-0.35,2,0.1,0.1,0.15,60,82.48,2456,2305,67,2238,1762,0,0,392,0,84,0,151,25,2481,1846,392,2481,1433409.65,13456.64,595,342,312,181,150,78,57,523,1762,0,0,476
212836,20,-0.1,-0.02,-0.5,-0.35,2,0.1,0.2,0.15,20,65.18,2463,2312,66,2246,618,350,432,0,846,0,0,151,18,2481,1464,782,2481,1248487.92,13009.83,140,297,310,1499,0,0,0,0,618,350,1278,0
212837,20,-0.1,-0.02,-0.5,-0.35,2,0.1,0.2,0.15,20,64.76,2463,2312,70,2242,0,353,437,0,1452,0,0,151,18,2481,1452,790,2481,1322892.97,13750.11,54,126,84,1978,0,0,0,0,0,353,1889,0
212838,20,-0.1,-0.02,-0.5,-0.35,2,0.1,0.2,0.15,20,70.57,2456,2305,66,2239,646,0,659,0,934,0,0,151,25,2481,1580,659,2481,1680135.5,15582.3,86,172,236,1745,0,0,0,0,646,0,1593,0
212839,20,-0.1,-0.02,-0.5,-0.35,2,0.1,0.2,0.15,30,60.68,2463,2312,102,2210,854,498,371,0,487,0,0,151,18,2481,1341,869,2481,1280192.0,13572.4,140,297,310,221,208,1034,0,0,854,498,858,0
212840,20,-0.1,-0.02,-0.5,-0.35,2,0.1,0.2,0.15,30,58.51,2461,2310,112,2198,0,508,404,0,1286,0,0,151,20,2481,1286,912,2481,1272578.82,13482.44,54,126,84,89,80,1765,0,0,0,508,1690,0
212841,20,-0.1,-0.02,-0.5,-0.35,2,0.1,0.2,0.15,30,70.23,2456,2305,105,2200,935,0,655,0,610,0,0,151,25,2481,1545,655,2481,2076689.24,18102.26,86,172,236,152,160,1394,0,0,935,0,1265,0
212842,20,-0.1,-0.02,-0.5,-0.35,2,0.1,0.2,0.15,40,60.04,2463,2312,105,2207,947,630,204,48,166,212,0,151,18,2481,1325,882,2481,1223187.01,13661.07,140,297,310,221,208,176,136,719,947,630,370,260
212843,20,-0.1,-0.02,-0.5,-0.35,2,0.1,0.2,0.15,40,56.13,2461,2310,115,2195,0,659,252,52,368,864,0,151,20,2481,1232,963,2481,1162713.29,13198.09,54,126,84,89,80,75,102,1585,0,659,620,916
212844,20,-0.1,-0.02,-0.5,-0.35,2,0.1,0.2,0.15,40,70.55,2456,2305,108,2197,1055,0,497,150,188,307,0,151,25,2481,1550,647,2481,2136143.71,18853.86,86,172,236,152,160,129,78,1184,1055,0,685,457
212845,20,-0.1,-0.02,-0.5,-0.35,2,0.1,0.2,0.15,50,58.9,2463,2312,105,2207,952,661,0,246,0,348,0,151,18,2481,1300,907,2481,1171666.39,13349.35,140,297,310,221,208,176,136,719,952,661,0,594
212846,20,-0.1,-0.02,-0.5,-0.35,2,0.1,0.2,0.15,50,54.03,2461,2310,115,2195,0,698,0,311,0,1186,0,151,20,2481,1186,1009,2481,1058784.38,12454.81,54,126,84,89,80,75,102,1585,0,698,0,1497
212847,20,-0.1,-0.02,-0.5,-0.35,2,0.1,0.2,0.15,50,69.91,2456,2305,108,2197,1060,0,0,661,0,476,0,151,25,2481,1536,661,2481,1983622.22,18029.19,86,172,236,152,160,129,78,1184,1060,0,0,1137
212848,20,-0.1,-0.02,-0.5,-0.35,2,0.1,0.2,0.15,60,58.9,2463,2312,105,2207,952,661,0,246,0,348,0,151,18,2481,1300,907,2481,1171666.39,13349.35,140,297,310,221,208,176,136,719,952,661,0,594
212849,20,-0.1,-0.02,-0.5,-0.35,2,0.1,0.2,0.15,60,54.03,2461,2310,115,2195,0,698,0,311,0,1186,0,151,20,2481,1186,1009,2481,1058784.38,12454.81,54,126,84,89,80,75,102,1585,0,698,0,1497
212850,20,-0.1,-0.02,-0.5,-0.35,2,0.1,0.2,0.15,60,69.91,2456,2305,108,2197,1060,0,0,661,0,476,0,151,25,2481,1536,661,2481,1983622.22,18029.19,86,172,236,152,160,129,78,1184,1060,0,0,1137
212851,20,-0.1,-0.02,-0.5,-0.35,2,0.2,0.1,0.15,20,66.31,2463,2312,47,2265,1274,333,430,0,228,0,0,151,18,2481,1502,763,2481,601855.0,6179.65,621,430,340,874,0,0,0,0,1274,333,658,0
212852,20,-0.1,-0.02,-0.5,-0.35,2,0.2,0.1,0.15,20,60.21,2463,2312,70,2242,0,353,539,0,1350,0,0,151,18,2481,1350,892,2481,948860.93,9796.77,54,126,84,1978,0,0,0,0,0,353,1889,0
212853,20,-0.1,-0.02,-0.5,-0.35,2,0.2,0.1,0.15,20,69.62,2456,2305,47,2258,1317,0,686,0,255,0,0,151,25,2481,1572,686,2481,805290.31,8258.5,567,312,272,1107,0,0,0,0,1317,0,941,0
212854,20,-0.1,-0.02,-0.5,-0.35,2,0.2,0.1,0.15,30,68.33,2463,2312,64,2248,1436,454,258,0,100,0,0,151,18,2481,1536,712,2481,603765.6,6222.13,621,430,340,216,154,487,0,0,1436,454,358,0
212855,20,-0.1,-0.02,-0.5,-0.35,2,0.2,0.1,0.15,30,55.69,2461,2310,112,2198,0,508,466,0,1224,0,0,151,20,2481,1224,974,2481,835709.44,8652.74,54,126,84,89,80,1765,0,0,0,508,1690,0
212856,20,-0.1,-0.02,-0.5,-0.35,2,0.2,0.1,0.15,30,74.66,2456,2305,67,2238,1527,0,567,0,144,0,0,151,25,2481,1671,567,2481,946497.06,9731.0,567,312,272,166,122,799,0,0,1527,0,711,0
212857,20,-0.1,-0.02,-0.5,-0.35,2,0.2,0.1,0.15,40,68.62,2463,2312,65,2247,1485,546,119,40,28,29,0,151,18,2481,1542,705,2481,566680.41,5850.45,621,430,340,216,154,129,78,279,1485,546,147,69
212858,20,-0.1,-0.02,-0.5,-0.35,2,0.2,0.1,0.15,40,52.57,2461,2310,115,2195,0,659,298,84,322,832,0,151,20,2481,1154,1041,2481,750129.64,7708.01,54,126,84,89,80,75,102,1585,0,659,620,916
212859,20,-0.1,-0.02,-0.5,-0.35,2,0.2,0.1,0.15,40,76.22,2456,2305,68,2237,1607,0,373,159,31,67,0,151,25,2481,1705,532,2481,956947.63,9843.23,567,312,272,166,122,88,41,669,1607,0,404,226
212860,20,-0.1,-0.02,-0.5,-0.35,2,0.2,0.1,0.15,50,68.27,2463,2312,65,2247,1488,557,0,156,0,46,0,151,18,2481,1534,713,2481,552536.28,5704.35,621,430,340,216,154,129,78,279,1488,557,0,202
212861,20,-0.1,-0.02,-0.5,-0.35,2,0.2,0.1,0.15,50,50.84,2461,2310,115,2195,0,698,0,381,0,1116,0,151,20,2481,1116,1079,2481,677484.06,6945.83,54,126,84,89,80,75,102,1585,0,698,0,1497
212862,20,-0.1,-0.02,-0.5,-0.35,2,0.2,0.1,0.15,50,75.91,2456,2305,68,2237,1610,0,0,539,0,88,0,151,25,2481,1698,539,2481,914632.31,9409.94,567,312,272,166,122,88,41,669,1610,0,0,627
212863,20,-0.1,-0.02,-0.5,-0.35,2,0.2,0.1,0.15,60,68.27,2463,2312,65,2247,1488,557,0,156,0,46,0,151,18,2481,1534,713,2481,552536.28,5704.35,621,430,340,216,154,129,78,279,1488,557,0,202
212864,20,-0.1,-0.02,-0.5,-0.35,2,0.2,0.1,0.15,60,50.84,2461,2310,115,2195,0,698,0,381,0,1116,0,151,20,2481,1116,1079,2481,677484.06,6945.83,54,126,84,89,80,75,102,1585,0,698,0,1497
212865,20,-0.1,-0.02,-0.5,-0.35,2,0.2,0.1,0.15,60,75.91,2456,2305,68,2237,1610,0,0,539,0,88,0,151,25,2481,1698,539,2481,914632.31,9409.94,567,312,272,166,122,88,41,669,1610,0,0,627
212866,20,-0.1,-0.02,-0.5,-0.35,2,0.2,0.2,0.15,20,60.64,2463,2312,66,2246,560,351,533,0,802,0,0,151,18,2481,1362,884,2481,887084.54,9126.3,137,287,285,1537,0,0,0,0,560,351,1335,0
212867,20,-0.1,-0.02,-0.5,-0.35,2,0.2,0.2,0.15,20,60.21,2463,2312,70,2242,0,353,539,0,1350,0,0,151,18,2481,1350,892,2481,948860.93,9796.77,54,126,84,1978,0,0,0,0,0,353,1889,0
212868,20,-0.1,-0.02,-0.5,-0.35,2,0.2,0.2,0.15,20,64.0,2456,2305,66,2239,570,0,806,0,863,0,0,151,25,2481,1433,806,2481,1105387.28,11358.73,83,162,202,1792,0,0,0,0,570,0,1669,0
212869,20,-0.1,-0.02,-0.5,-0.35,2,0.2,0.2,0.15,30,57.65,2463,2312,102,2210,780,502,434,0,494,0,0,151,18,2481,1274,936,2481,862352.29,8898.94,137,287,285,202,198,1101,0,0,780,502,928,0
212870,20,-0.1,-0.02,-0.5,-0.35,2,0.2,0.2,0.15,30,55.69,2461,2310,112,2198,0,508,466,0,1224,0,0,151,20,2481,1224,974,2481,835709.44,8652.74,54,126,84,89,80,1765,0,0,0,508,1690,0
212871,20,-0.1,-0.02,-0.5,-0.35,2,0.2,0.2,0.15,30,64.36,2456,2305,105,2200,821,0,784,0,595,0,0,151,25,2481,1416,784,2481,1264316.44,13007.38,83,162,202,123,138,1492,0,0,821,0,1379,0
212872,20,-0.1,-0.02,-0.5,-0.35,2,0.2,0.2,0.15,40,56.23,2463,2312,105,2207,869,639,250,77,142,230,0,151,18,2481,1241,966,2481,817471.23,8451.63,137,287,285,202,198,173,144,781,869,639,392,307
212873,20,-0.1,-0.02,-0.5,-0.35,2,0.2,0.2,0.15,40,52.57,2461,2310,115,2195,0,659,298,84,322,832,0,151,20,2481,1154,1041,2481,750129.64,7708.01,54,126,84,89,80,75,102,1585,0,659,620,916
212874,20,-0.1,-0.02,-0.5,-0.35,2,0.2,0.2,0.15,40,64.0,2456,2305,108,2197,930,0,573,218,151,325,0,151,25,2481,1406,791,2481,1276765.5,13147.54,83,162,202,123,138,113,81,1295,930,0,724,543
212875,20,-0.1,-0.02,-0.5,-0.35,2,0.2,0.2,0.15,50,55.28,2463,2312,105,2207,875,671,0,316,0,345,0,151,18,2481,1220,987,2481,784025.31,8105.11,137,287,285,202,198,173,144,781,875,671,0,661
212876,20,-0.1,-0.02,-0.5,-0.35,2,0.2,0.2,0.15,50,50.84,2461,2310,115,2195,0,698,0,381,0,1116,0,151,20,2481,1116,1079,2481,677484.06,6945.83,54,126,84,89,80,75,102,1585,0,698,0,1497
212877,20,-0.1,-0.02,-0.5,-0.35,2,0.2,0.2,0.15,50,62.95,2456,2305,108,2197,936,0,0,814,0,447,0,151,25,2481,1383,814,2481,1189190.95,12248.82,83,162,202,123,138,113,81,1295,936,0,0,1261
212878,20,-0.1,-0.02,-0.5,-0.35,2,0.2,0.2,0.15,60,55.28,2463,2312,105,2207,875,671,0,316,0,345,0,151,18,2481,1220,987,2481,784025.31,8105.11,137,287,285,202,198,173,144,781,875,671,0,661
212879,20,-0.1,-0.02,-0.5,-0.35,2,0.2,0.2,0.15,60,50.84,2461,2310,115,2195,0,698,0,381,0,1116,0,151,20,2481,1116,1079,2481,677484.06,6945.83,54,126,84,89,80,75,102,1585,0,698,0,1497
212880,20,-0.1,-0.02,-0.5,-0.35,2,0.2,0.2,0.15,60,62.95,2456,2305,108,2197,936,0,0,814,0,447,0,151,25,2481,1383,814,2481,1189190.95,12248.82,83,162,202,123,138,113,81,1295,936,0,0,1261
212881,20,-0.1,-0.02,-0.5,-0.3,1,0.1,0.1,0.15,20,65.23,3386,3221,60,3161,1675,452,647,0,387,0,0,165,25,3411,2062,1099,3411,767901.28,7884.88,820,577,447,1317,0,0,0,0,1675,452,1034,0
212882,20,-0.1,-0.02,-0.5,-0.3,1,0.1,0.1,0.15,20,59.67,3386,3221,87,3134,0,484,780,0,1870,0,0,165,25,3411,1870,1264,3411,1157190.5,11959.02,80,176,120,2758,0,0,0,0,0,484,2650,0
212883,20,-0.1,-0.02,-0.5,-0.3,1,0.1,0.1,0.15,20,68.0,3378,3213,60,3153,1723,0,1009,0,421,0,0,165,33,3411,2144,1009,3411,994639.34,10183.12,740,415,348,1650,0,0,0,0,1723,0,1430,0
212884,20,-0.1,-0.02,-0.5,-0.3,1,0.1,0.1,0.15,30,66.83,3386,3221,86,3135,1927,611,429,0,168,0,0,165,25,3411,2095,1040,3411,781060.13,8053.85,820,577,447,283,220,788,0,0,1927,611,597,0
212885,20,-0.1,-0.02,-0.5,-0.3,1,0.1,0.1,0.15,30,54.93,3384,3219,146,3073,0,690,695,0,1688,0,0,165,27,3411,1688,1385,3411,983343.48,10222.86,80,176,120,108,104,2485,0,0,0,690,2383,0
212886,20,-0.1,-0.02,-0.5,-0.3,1,0.1,0.1,0.15,30,72.38,3378,3213,89,3124,2039,0,863,0,222,0,0,165,33,3411,2261,863,3411,1199606.19,12312.12,740,415,348,220,178,1223,0,0,2039,0,1085,0
212887,20,-0.1,-0.02,-0.5,-0.3,1,0.1,0.1,0.15,40,66.98,3386,3221,87,3134,2010,756,210,69,45,44,0,165,25,3411,2099,1035,3411,706400.18,7291.49,820,577,447,283,220,191,135,461,2010,756,255,113
212888,20,-0.1,-0.02,-0.5,-0.3,1,0.1,0.1,0.15,40,51.34,3384,3219,149,3070,0,918,446,130,482,1094,0,165,27,3411,1576,1494,3411,815793.41,8423.94,80,176,120,108,104,102,158,2222,0,918,928,1224
212889,20,-0.1,-0.02,-0.5,-0.3,1,0.1,0.1,0.15,40,73.87,3378,3213,90,3123,2164,0,569,247,50,93,0,165,33,3411,2307,816,3411,1209984.82,12415.95,740,415,348,220,178,138,73,1011,2164,0,619,340
212890,20,-0.1,-0.02,-0.5,-0.3,1,0.1,0.1,0.15,50,66.75,3386,3221,87,3134,2013,773,0,269,0,79,0,165,25,3411,2092,1042,3411,683773.79,7057.16,820,577,447,283,220,191,135,461,2013,773,0,348
212891,20,-0.1,-0.02,-0.5,-0.3,1,0.1,0.1,0.15,50,49.84,3384,3219,149,3070,0,971,0,569,0,1530,0,165,27,3411,1530,1540,3411,711264.14,7324.58,80,176,120,108,104,102,158,2222,0,971,0,2099
212892,20,-0.1,-0.02,-0.5,-0.3,1,0.1,0.1,0.15,50,73.68,3378,3213,90,3123,2167,0,0,822,0,134,0,165,33,3411,2301,822,3411,1150410.98,11804.43,740,415,348,220,178,138,73,1011,2167,0,0,956
212893,20,-0.1,-0.02,-0.5,-0.3,1,0.1,0.1,0.15,60,66.75,3386,3221,87,3134,2013,773,0,269,0,79,0,165,25,3411,2092,1042,3411,683773.79,7057.16,820,577,447,283,220,191,135,461,2013,773,0,348
212894,20,-0.1,-0.02,-0.5,-0.3,1,0.1,0.1,0.15,60,49.84,3384,3219,149,3070,0,971,0,569,0,1530,0,165,27,3411,1530,1540,3411,711264.14,7324.58,80,176,120,108,104,102,158,2222,0,971,0,2099
212895,20,-0.1,-0.02,-0.5,-0.3,1,0.1,0.1,0.15,60,73.68,3378,3213,90,3123,2167,0,0,822,0,134,0,165,33,3411,2301,822,3411,1150410.98,11804.43,740,415,348,220,178,138,73,1011,2167,0,0,956
212896,20,-0.1,-0.02,-0.5,-0.3,1,0.1,0.2,0.15,20,59.99,3386,3221,82,3139,721,482,774,0,1162,0,0,165,25,3411,1883,1256,3411,1114271.34,11478.24,177,375,380,2207,0,0,0,0,721,482,1936,0
212897,20,-0.1,-0.02,-0.5,-0.3,1,0.1,0.2,0.15,20,59.67,3386,3221,87,3134,0,484,780,0,1870,0,0,165,25,3411,1870,1264,3411,1157190.5,11959.02,80,176,120,2758,0,0,0,0,0,484,2650,0
212898,20,-0.1,-0.02,-0.5,-0.3,1,0.1,0.2,0.15,20,62.82,3378,3213,82,3131,731,0,1164,0,1236,0,0,165,33,3411,1967,1164,3411,1353414.75,13907.44,97,200,261,2573,0,0,0,0,731,0,2400,0
212899,20,-0.1,-0.02,-0.5,-0.3,1,0.1,0.2,0.15,30,56.58,3386,3221,135,3086,1003,683,657,0,743,0,0,165,25,3411,1746,1340,3411,1064122.89,11030.4,177,375,380,271,252,1631,0,0,1003,683,1400,0
212900,20,-0.1,-0.02,-0.5,-0.3,1,0.1,0.2,0.15,30,54.93,3384,3219,146,3073,0,690,695,0,1688,0,0,165,27,3411,1688,1385,3411,983343.48,10222.86,80,176,120,108,104,2485,0,0,0,690,2383,0
212901,20,-0.1,-0.02,-0.5,-0.3,1,0.1,0.2,0.15,30,62.47,3378,3213,138,3075,1048,0,1154,0,873,0,0,165,33,3411,1921,1154,3411,1543944.7,15911.25,97,200,261,173,172,2172,0,0,1048,0,2027,0
212902,20,-0.1,-0.02,-0.5,-0.3,1,0.1,0.2,0.15,40,54.69,3386,3221,138,3083,1134,894,384,119,213,339,0,165,25,3411,1686,1397,3411,970739.34,10089.81,177,375,380,271,252,231,217,1180,1134,894,597,458
212903,20,-0.1,-0.02,-0.5,-0.3,1,0.1,0.2,0.15,40,51.34,3384,3219,149,3070,0,918,446,130,482,1094,0,165,27,3411,1576,1494,3411,815793.41,8423.94,80,176,120,108,104,102,158,2222,0,918,928,1224
212904,20,-0.1,-0.02,-0.5,-0.3,1,0.1,0.2,0.15,40,61.91,3378,3213,141,3072,1202,0,842,328,226,474,0,165,33,3411,1902,1170,3411,1557441.97,16061.29,97,200,261,173,172,145,113,1911,1202,0,1068,802
212905,20,-0.1,-0.02,-0.5,-0.3,1,0.1,0.2,0.15,50,53.94,3386,3221,138,3083,1141,938,0,482,0,522,0,165,25,3411,1663,1420,3411,917696.52,9539.88,177,375,380,271,252,231,217,1180,1141,938,0,1004
212906,20,-0.1,-0.02,-0.5,-0.3,1,0.1,0.2,0.15,50,49.84,3384,3219,149,3070,0,971,0,569,0,1530,0,165,27,3411,1530,1540,3411,711264.14,7324.58,80,176,120,108,104,102,158,2222,0,971,0,2099
212907,20,-0.1,-0.02,-0.5,-0.3,1,0.1,0.2,0.15,50,61.1,3378,3213,141,3072,1209,0,0,1195,0,668,0,165,33,3411,1877,1195,3411,1438779.7,14841.03,97,200,261,173,172,145,113,1911,1209,0,0,1863
212908,20,-0.1,-0.02,-0.5,-0.3,1,0.1,0.2,0.15,60,53.94,3386,3221,138,3083,1141,938,0,482,0,522,0,165,25,3411,1663,1420,3411,917696.52,9539.88,177,375,380,271,252,231,217,1180,1141,938,0,1004
212909,20,-0.1,-0.02,-0.5,-0.3,1,0.1,0.2,0.15,60,49.84,3384,3219,149,3070,0,971,0,569,0,1530,0,165,27,3411,1530,1540,3411,711264.14,7324.58,80,176,120,108,104,102,158,2222,0,971,0,2099
212910,20,-0.1,-0.02,-0.5,-0.3,1,0.1,0.2,0.15,60,61.1,3378,3213,141,3072,1209,0,0,1195,0,668,0,165,33,3411,1877,1195,3411,1438779.7,14841.03,97,200,261,173,172,145,113,1911,1209,0,0,1863
212911,20,-0.1,-0.02,-0.5,-0.3,1,0.2,0.1,0.15,20,65.23,3386,3221,60,3161,1675,452,647,0,387,0,0,165,25,3411,2062,1099,3411,767901.28,7884.88,820,577,447,1317,0,0,0,0,1675,452,1034,0
212912,20,-0.1,-0.02,-0.5,-0.3,1,0.2,0.1,0.15,20,59.67,3386,3221,87,3134,0,484,780,0,1870,0,0,165,25,3411,1870,1264,3411,1157190.5,11959.02,80,176,120,2758,0,0,0,0,0,484,2650,0
212913,20,-0.1,-0.02,-0.5,-0.3,1,0.2,0.1,0.15,20,68.0,3378,3213,60,3153,1723,0,1009,0,421,0,0,165,33,3411,2144,1009,3411,994639.34,10183.12,740,415,348,1650,0,0,0,0,1723,0,1430,0
212914,20,-0.1,-0.02,-0.5,-0.3,1,0.2,0.1,0.15,30,66.83,3386,3221,86,3135,1927,611,429,0,168,0,0,165,25,3411,2095,1040,3411,781060.13,8053.85,820,577,447,283,220,788,0,0,1927,611,597,0
212915,20,-0.1,-0.02,-0.5,-0.3,1,0.2,0.1,0.15,30,54.93,3384,3219,146,3073,0,690,695,0,1688,0,0,165,27,3411,1688,1385,3411,983343.48,10222.86,80,176,120,108,104,2485,0,0,0,690,2383,0
212916,20,-0.1,-0.02,-0.5,-0.3,1,0.2,0.1,0.15,30,72.38,3378,3213,89,3124,2039,0,863,0,222,0,0,165,33,3411,2261,863,3411,1199606.19,12312.12,740,415,348,220,178,1223,0,0,2039,0,1085,0
212917,20,-0.1,-0.02,-0.5,-0.3,1,0.2,0.1,0.15,40,66.98,3386,3221,87,3134,2010,756,210,69,45,44,0,165,25,3411,2099,1035,3411,706400.18,7291.49,820,577,447,283,220,191,135,461,2010,756,255,113
212918,20,-0.1,-0.02,-0.5,-0.3,1,0.2,0.1,0.15,40,51.34,3384,3219,149,3070,0,918,446,130,482,1094,0,165,27,3411,1576,1494,3411,815793.41,8423.94,80,176,120,108,104,102,158,2222,0,918,928,1224
212919,20,-0.1,-0.02,-0.5,-0.3,1,0.2,0.1,0.15,40,73.87,3378,3213,90,3123,2164,0,569,247,50,93,0,165,33,3411,2307,816,3411,1209984.82,12415.95,740,415,348,220,178,138,73,1011,2164,0,619,340
212920,20,-0.1,-0.02,-0.5,-0.3,1,0.2,0.1,0.15,50,66.75,3386,3221,87,3134,2013,773,0,269,0,79,0,165,25,3411,2092,1042,3411,683773.79,7057.16,820,577,447,283,220,191,135,461,2013,773,0,348
212921,20,-0.1,-0.02,-0.5,-0.3,1,0.2,0.1,0.15,50,49.84,3384,3219,149,3070,0,971,0,569,0,1530,0,165,27,3411,1530,1540,3411,711264.14,7324.58,80,176,120,108,104,102,158,2222,0,971,0,2099
212922,20,-0.1,-0.02,-0.5,-0.3,1,0.2,0.1,0.15,50,73.68,3378,3213,90,3123,2167,0,0,822,0,134,0,165,33,3411,2301,822,3411,1150410.98,11804.43,740,415,348,220,178,138,73,1011,2167,0,0,956
212923,20,-0.1,-0.02,-0.5,-0.3,1,0.2,0.1,0.15,60,66.75,3386,3221,87,3134,2013,773,0,269,0,79,0,165,25,3411,2092,1042,3411,683773.79,7057.16,820,577,447,283,220,191,135,461,2013,773,0,348
212924,20,-0.1,-0.02,-0.5,-0.3,1,0.2,0.1,0.15,60,49.84,3384,3219,149,3070,0,971,0,569,0,1530,0,165,27,3411,1530,1540,3411,711264.14,7324.58,80,176,120,108,104,102,158,2222,0,971,0,2099
212925,20,-0.1,-0.02,-0.5,-0.3,1,0.2,0.1,0.15,60,73.68,3378,3213,90,3123,2167,0,0,822,0,134,0,165,33,3411,2301,822,3411,1150410.98,11804.43,740,415,348,220,178,138,73,1011,2167,0,0,956
212926,20,-0.1,-0.02,-0.5,-0.3,1,0.2,0.2,0.15,20,59.99,3386,3221,82,3139,721,482,774,0,1162,0,0,165,25,3411,1883,1256,3411,1114271.34,11478.24,177,375,380,2207,0,0,0,0,721,482,1936,0
212927,20,-0.1,-0.02,-0.5,-0.3,1,0.2,0.2,0.15,20,59.67,3386,3221,87,3134,0,484,780,0,1870,0,0,165,25,3411,1870,1264,3411,1157190.5,11959.02,80,176,120,2758,0,0,0,0,0,484,2650,0
212928,20,-0.1,-0.02,-0.5,-0.3,1,0.2,0.2,0.15,20,62.82,3378,3213,82,3131,731,0,1164,0,1236,0,0,165,33,3411,1967,1164,3411,1353414.75,13907.44,97,200,261,2573,0,0,0,0,731,0,2400,0
212929,20,-0.1,-0.02,-0.5,-0.3,1,0.2,0.2,0.15,30,56.58,3386,3221,135,3086,1003,683,657,0,743,0,0,165,25,3411,1746,1340,3411,1064122.89,11030.4,177,375,380,271,252,1631,0,0,1003,683,1400,0
212930,20,-0.1,-0.02,-0.5,-0.3,1,0.2,0.2,0.15,30,54.93,3384,3219,146,3073,0,690,695,0,1688,0,0,165,27,3411,1688,1385,3411,983343.48,10222.86,80,176,120,108,104,2485,0,0,0,690,2383,0
212931,20,-0.1,-0.02,-0.5,-0.3,1,0.2,0.2,0.15,30,62.47,3378,3213,138,3075,1048,0,1154,0,873,0,0,165,33,3411,1921,1154,3411,1543944.7,15911.25,97,200,261,173,172,2172,0,0,1048,0,2027,0
212932,20,-0.1,-0.02,-0.5,-0.3,1,0.2,0.2,0.15,40,54.69,3386,3221,138,3083,1134,894,384,119,213,339,0,165,25,3411,1686,1397,3411,970739.34,10089.81,177,375,380,271,252,231,217,1180,1134,894,597,458
212933,20,-0.1,-0.02,-0.5,-0.3,1,0.2,0.2,0.15,40,51.34,3384,3219,149,3070,0,918,446,130,482,1094,0,165,27,3411,1576,1494,3411,815793.41,8423.94,80,176,120,108,104,102,158,2222,0,918,928,1224
212934,20,-0.1,-0.02,-0.5,-0.3,1,0.2,0.2,0.15,40,61.91,3378,3213,141,3072,1202,0,842,328,226,474,0,165,33,3411,1902,1170,3411,1557441.97,16061.29,97,200,261,173,172,145,113,1911,1202,0,1068,802
212935,20,-0.1,-0.02,-0.5,-0.3,1,0.2,0.2,0.15,50,53.94,3386,3221,138,3083,1141,938,0,482,0,522,0,165,25,3411,1663,1420,3411,917696.52,9539.88,177,375,380,271,252,231,217,1180,1141,938,0,1004
212936,20,-0.1,-0.02,-0.5,-0.3,1,0.2,0.2,0.15,50,49.84,3384,3219,149,3070,0,971,0,569,0,1530,0,165,27,3411,1530,1540,3411,711264.14,7324.58,80,176,120,108,104,102,158,2222,0,971,0,2099
212937,20,-0.1,-0.02,-0.5,-0.3,1,0.2,0.2,0.15,50,61.1,3378,3213,141,3072,1209,0,0,1195,0,668,0,165,33,3411,1877,1195,3411,1438779.7,14841.03,97,200,261,173,172,145,113,1911,1209,0,0,1863
212938,20,-0.1,-0.02,-0.5,-0.3,1,0.2,0.2,0.15,60,53.94,3386,3221,138,3083,1141,938,0,482,0,522,0,165,25,3411,1663,1420,3411,917696.52,9539.88,177,375,380,271,252,231,217,1180,1141,938,0,1004
212939,20,-0.1,-0.02,-0.5,-0.3,1,0.2,0.2,0.15,60,49.84,3384,3219,149,3070,0,971,0,569,0,1530,0,165,27,3411,1530,1540,3411,711264.14,7324.58,80,176,120,108,104,102,158,2222,0,971,0,2099
212940,20,-0.1,-0.02,-0.5,-0.3,1,0.2,0.2,0.15,60,61.1,3378,3213,141,3072,1209,0,0,1195,0,668,0,165,33,3411,1877,1195,3411,1438779.7,14841.03,97,200,261,173,172,145,113,1911,1209,0,0,1863
212941,20,-0.1,-0.02,-0.5,-0.3,2,0.1,0.1,0.15,20,69.22,3386,3221,60,3161,1790,446,527,0,398,0,0,165,25,3411,2188,973,3411,1060574.12,12275.62,854,610,481,1216,0,0,0,0,1790,446,925,0
212942,20,-0.1,-0.02,-0.5,-0.3,2,0.1,0.1,0.15,20,63.91,3386,3221,87,3134,0,484,647,0,2003,0,0,165,25,3411,2003,1131,3411,1632904.22,17315.35,80,176,120,2758,0,0,0,0,0,484,2650,0
212943,20,-0.1,-0.02,-0.5,-0.3,2,0.1,0.1,0.15,20,73.93,3378,3213,60,3153,1877,0,822,0,454,0,0,165,33,3411,2331,822,3411,1476409.17,14822.4,777,458,405,1513,0,0,0,0,1877,0,1276,0
212944,20,-0.1,-0.02,-0.5,-0.3,2,0.1,0.1,0.15,30,70.05,3386,3221,86,3135,2040,596,343,0,156,0,0,165,25,3411,2196,939,3411,1074317.2,12907.75,854,610,481,291,229,670,0,0,2040,596,499,0
212945,20,-0.1,-0.02,-0.5,-0.3,2,0.1,0.1,0.15,30,57.96,3384,3219,146,3073,0,690,602,0,1781,0,0,165,27,3411,1781,1292,3411,1555302.08,16803.29,80,176,120,108,104,2485,0,0,0,690,2383,0
212946,20,-0.1,-0.02,-0.5,-0.3,2,0.1,0.1,0.15,30,78.21,3378,3213,88,3125,2224,0,681,0,220,0,0,165,33,3411,2444,681,3411,1840581.24,17347.21,777,458,405,237,222,1026,0,0,2224,0,901,0
212947,20,-0.1,-0.02,-0.5,-0.3,2,0.1,0.1,0.15,40,70.26,3386,3221,87,3134,2112,725,163,44,56,34,0,165,25,3411,2202,932,3411,968577.74,12631.99,854,610,481,291,229,171,117,381,2112,725,219,78
212948,20,-0.1,-0.02,-0.5,-0.3,2,0.1,0.1,0.15,40,54.72,3384,3219,149,3070,0,918,386,86,542,1138,0,165,27,3411,1680,1390,3411,1333716.82,15977.83,80,176,120,108,104,102,158,2222,0,918,928,1224
212949,20,-0.1,-0.02,-0.5,-0.3,2,0.1,0.1,0.15,40,80.15,3378,3213,89,3124,2360,0,466,154,70,74,0,165,33,3411,2504,620,3411,1902960.11,17974.06,777,458,405,237,222,125,78,822,2360,0,536,228
212950,20,-0.1,-0.02,-0.5,-0.3,2,0.1,0.1,0.15,50,69.78,3386,3221,87,3134,2115,740,0,207,0,72,0,165,25,3411,2187,947,3411,938721.58,12470.96,854,610,481,291,229,171,117,381,2115,740,0,279
212951,20,-0.1,-0.02,-0.5,-0.3,2,0.1,0.1,0.15,50,52.77,3384,3219,149,3070,0,971,0,479,0,1620,0,165,27,3411,1620,1450,3411,1186785.05,14935.78,80,176,120,108,104,102,158,2222,0,971,0,2099
212952,20,-0.1,-0.02,-0.5,-0.3,2,0.1,0.1,0.15,50,80.03,3378,3213,89,3124,2364,0,0,624,0,136,0,165,33,3411,2500,624,3411,1809834.67,17491.08,777,458,405,237,222,125,78,822,2364,0,0,760
212953,20,-0.1,-0.02,-0.5,-0.3,2,0.1,0.1,0.15,60,69.78,3386,3221,87,3134,2115,740,0,207,0,72,0,165,25,3411,2187,947,3411,938721.58,12470.96,854,610,481,291,229,171,117,381,2115,740,0,279
212954,20,-0.1,-0.02,-0.5,-0.3,2,0.1,0.1,0.15,60,52.77,3384,3219,149,3070,0,971,0,479,0,1620,0,165,27,3411,1620,1450,3411,1186785.05,14935.78,80,176,120,108,104,102,158,2222,0,971,0,2099
212955,20,-0.1,-0.02,-0.5,-0.3,2,0.1,0.1,0.15,60,80.03,3378,3213,89,3124,2364,0,0,624,0,136,0,165,33,3411,2500,624,3411,1809834.67,17491.08,777,458,405,237,222,125,78,822,2364,0,0,760
212956,20,-0.1,-0.02,-0.5,-0.3,2,0.1,0.2,0.15,20,64.22,3386,3221,82,3139,788,481,642,0,1228,0,0,165,25,3411,2016,1123,3411,1573469.43,16736.38,180,389,406,2164,0,0,0,0,788,481,1870,0
212957,20,-0.1,-0.02,-0.5,-0.3,2,0.1,0.2,0.15,20,63.91,3386,3221,87,3134,0,484,647,0,2003,0,0,165,25,3411,2003,1131,3411,1632904.22,17315.35,80,176,120,2758,0,0,0,0,0,484,2650,0
212958,20,-0.1,-0.02,-0.5,-0.3,2,0.1,0.2,0.15,20,68.99,3378,3213,82,3131,819,0,971,0,1341,0,0,165,33,3411,2160,971,3411,2036444.57,19603.87,100,214,298,2519,0,0,0,0,819,0,2312,0
212959,20,-0.1,-0.02,-0.5,-0.3,2,0.1,0.2,0.15,30,59.85,3386,3221,135,3086,1096,678,561,0,751,0,0,165,25,3411,1847,1239,3411,1623798.24,17475.54,180,389,406,294,270,1547,0,0,1096,678,1312,0
212960,20,-0.1,-0.02,-0.5,-0.3,2,0.1,0.2,0.15,30,57.96,3384,3219,146,3073,0,690,602,0,1781,0,0,165,27,3411,1781,1292,3411,1555302.08,16803.29,80,176,120,108,104,2485,0,0,0,690,2383,0
212961,20,-0.1,-0.02,-0.5,-0.3,2,0.1,0.2,0.15,30,68.36,3378,3213,138,3075,1191,0,973,0,911,0,0,165,33,3411,2102,973,3411,2572181.0,22986.99,100,214,298,207,207,2049,0,0,1191,0,1884,0
212962,20,-0.1,-0.02,-0.5,-0.3,2,0.1,0.2,0.15,40,58.29,3386,3221,138,3083,1243,883,322,81,247,307,0,165,25,3411,1797,1286,3411,1494337.4,17349.96,180,389,406,294,270,235,215,1094,1243,883,569,388
212963,20,-0.1,-0.02,-0.5,-0.3,2,0.1,0.2,0.15,40,54.72,3384,3219,149,3070,0,918,386,86,542,1138,0,165,27,3411,1680,1390,3411,1333716.82,15977.83,80,176,120,108,104,102,158,2222,0,918,928,1224
212964,20,-0.1,-0.02,-0.5,-0.3,2,0.1,0.2,0.15,40,68.42,3378,3213,141,3072,1371,0,738,232,282,449,0,165,33,3411,2102,970,3411,2660695.16,24069.73,100,214,298,207,207,165,119,1762,1371,0,1020,681
212965,20,-0.1,-0.02,-0.5,-0.3,2,0.1,0.2,0.15,50,57.15,3386,3221,138,3083,1249,925,0,396,0,513,0,165,25,3411,1762,1321,3411,1414168.92,16885.05,180,389,406,294,270,235,215,1094,1249,925,0,909
212966,20,-0.1,-0.02,-0.5,-0.3,2,0.1,0.2,0.15,50,52.77,3384,3219,149,3070,0,971,0,479,0,1620,0,165,27,3411,1620,1450,3411,1186785.05,14935.78,80,176,120,108,104,102,158,2222,0,971,0,2099
212967,20,-0.1,-0.02,-0.5,-0.3,2,0.1,0.2,0.15,50,67.71,3378,3213,141,3072,1377,0,0,992,0,703,0,165,33,3411,2080,992,3411,2456384.57,22973.66,100,214,298,207,207,165,119,1762,1377,0,0,1695
212968,20,-0.1,-0.02,-0.5,-0.3,2,0.1,0.2,0.15,60,57.15,3386,3221,138,3083,1249,925,0,396,0,513,0,165,25,3411,1762,1321,3411,1414168.92,16885.05,180,389,406,294,270,235,215,1094,1249,925,0,909
212969,20,-0.1,-0.02,-0.5,-0.3,2,0.1,0.2,0.15,60,52.77,3384,3219,149,3070,0,971,0,479,0,1620,0,165,27,3411,1620,1450,3411,1186785.05,14935.78,80,176,120,108,104,102,158,2222,0,971,0,2099
212970,20,-0.1,-0.02,-0.5,-0.3,2,0.1,0.2,0.15,60,67.71,3378,3213,141,3072,1377,0,0,992,0,703,0,165,33,3411,2080,992,3411,2456384.57,22973.66,100,214,298,207,207,165,119,1762,1377,0,0,1695
212971,20,-0.1,-0.02,-0.5,-0.3,2,0.2,0.1,0.15,20,65.23,3386,3221,60,3161,1675,452,647,0,387,0,0,165,25,3411,2062,1099,3411,767901.28,7884.88,820,577,447,1317,0,0,0,0,1675,452,1034,0
212972,20,-0.1,-0.02,-0.5,-0.3,2,0.2,0.1,0.15,20,59.67,3386,3221,87,3134,0,484,780,0,1870,0,0,165,25,3411,1870,1264,3411,1157190.5,11959.02,80,176,120,2758,0,0,0,0,0,484,2650,0
212973,20,-0.1,-0.02,-0.5,-0.3,2,0.2,0.1,0.15,20,68.0,3378,3213,60,3153,1723,0,1009,0,421,0,0,165,33,3411,2144,1009,3411,994639.34,10183.12,740,415,348,1650,0,0,0,0,1723,0,1430,0
212974,20,-0.1,-0.02,-0.5,-0.3,2,0.2,0.1,0.15,30,66.83,3386,3221,86,3135,1927,611,429,0,168,0,0,165,25,3411,2095,1040,3411,781060.13,8053.85,820,577,447,283,220,788,0,0,1927,611,597,0
212975,20,-0.1,-0.02,-0.5,-0.3,2,0.2,0.1,0.15,30,54.93,3384,3219,146,3073,0,690,695,0,1688,0,0,165,27,3411,1688,1385,3411,983343.48,10222.86,80,176,120,108,104,2485,0,0,0,690,2383,0
212976,20,-0.1,-0.02,-0.5,-0.3,2,0.2,0.1,0.15,30,72.38,3378,3213,89,3124,2039,0,863,0,222,0,0,165,33,3411,2261,863,3411,1199606.19,12312.12,740,415,348,220,178,1223,0,0,2039,0,1085,0
212977,20,-0.1,-0.02,-0.5,-0.3,2,0.2,0.1,0.15,40,66.98,3386,3221,87,3134,2010,756,210,69,45,44,0,165,25,3411,2099,1035,3411,706400.18,7291.49,820,577,447,283,220,191,135,461,2010,756,255,113
212978,20,-0.1,-0.02,-0.5,-0.3,2,0.2,0.1,0.15,40,51.34,3384,3219,149,3070,0,918,446,130,482,1094,0,165,27,3411,1576,1494,3411,815793.41,8423.94,80,176,120,108,104,102,158,2222,0,918,928,1224
212979,20,-0.1,-0.02,-0.5,-0.3,2,0.2,0.1,0.15,40,73.87,3378,3213,90,3123,2164,0,569,247,50,93,0,165,33,3411,2307,816,3411,1209984.82,12415.95,740,415,348,220,178,138,73,1011,2164,0,619,340
212980,20,-0.1,-0.02,-0.5,-0.3,2,0.2,0.1,0.15,50,66.75,3386,3221,87,3134,2013,773,0,269,0,79,0,165,25,3411,2092,1042,3411,683773.79,7057.16,820,577,447,283,220,191,135,461,2013,773,0,348
212981,20,-0.1,-0.02,-0.5,-0.3,2,0.2,0.1,0.15,50,49.84,3384,3219,149,3070,0,971,0,569,0,1530,0,165,27,3411,1530,1540,3411,711264.14,7324.58,80,176,120,108,104,102,158,2222,0,971,0,2099
212982,20,-0.1,-0.02,-0.5,-0.3,2,0.2,0.1,0.15,50,73.68,3378,3213,90,3123,2167,0,0,822,0,134,0,165,33,3411,2301,822,3411,1150410.98,11804.43,740,415,348,220,178,138,73,1011,2167,0,0,956
212983,20,-0.1,-0.02,-0.5,-0.3,2,0.2,0.1,0.15,60,66.75,3386,3221,87,3134,2013,773,0,269,0,79,0,165,25,3411,2092,1042,3411,683773.79,7057.16,820,577,447,283,220,191,135,461,2013,773,0,348
212984,20,-0.1,-0.02,-0.5,-0.3,2,0.2,0.1,0.15,60,49.84,3384,3219,149,3070,0,971,0,569,0,1530,0,165,27,3411,1530,1540,3411,711264.14,7324.58,80,176,120,108,104,102,158,2222,0,971,0,2099
212985,20,-0.1,-0.02,-0.5,-0.3,2,0.2,0.1,0.15,60,73.68,3378,3213,90,3123,2167,0,0,822,0,134,0,165,33,3411,2301,822,3411,1150410.98,11804.43,740,415,348,220,178,138,73,1011,2167,0,0,956
212986,20,-0.1,-0.02,-0.5,-0.3,2,0.2,0.2,0.15,20,59.99,3386,3221,82,3139,721,482,774,0,1162,0,0,165,25,3411,1883,1256,3411,1114271.34,11478.24,177,375,380,2207,0,0,0,0,721,482,1936,0
212987,20,-0.1,-0.02,-0.5,-0.3,2,0.2,0.2,0.15,20,59.67,3386,3221,87,3134,0,484,780,0,1870,0,0,165,25,3411,1870,1264,3411,1157190.5,11959.02,80,176,120,2758,0,0,0,0,0,484,2650,0
212988,20,-0.1,-0.02,-0.5,-0.3,2,0.2,0.2,0.15,20,62.82,3378,3213,82,3131,731,0,1164,0,1236,0,0,165,33,3411,1967,1164,3411,1353414.75,13907.44,97,200,261,2573,0,0,0,0,731,0,2400,0
212989,20,-0.1,-0.02,-0.5,-0.3,2,0.2,0.2,0.15,30,56.58,3386,3221,135,3086,1003,683,657,0,743,0,0,165,25,3411,1746,1340,3411,1064122.89,11030.4,177,375,380,271,252,1631,0,0,1003,683,1400,0
212990,20,-0.1,-0.02,-0.5,-0.3,2,0.2,0.2,0.15,30,54.93,3384,3219,146,3073,0,690,695,0,1688,0,0,165,27,3411,1688,1385,3411,983343.48,10222.86,80,176,120,108,104,2485,0,0,0,690,2383,0
212991,20,-0.1,-0.02,-0.5,-0.3,2,0.2,0.2,0.15,30,62.47,3378,3213,138,3075,1048,0,1154,0,873,0,0,165,33,3411,1921,1154,3411,1543944.7,15911.25,97,200,261,173,172,2172,0,0,1048,0,2027,0
212992,20,-0.1,-0.02,-0.5,-0.3,2,0.2,0.2,0.15,40,54.69,3386,3221,138,3083,1134,894,384,119,213,339,0,165,25,3411,1686,1397,3411,970739.34,10089.81,177,375,380,271,252,231,217,1180,1134,894,597,458
212993,20,-0.1,-0.02,-0.5,-0.3,2,0.2,0.2,0.15,40,51.34,3384,3219,149,3070,0,918,446,130,482,1094,0,165,27,3411,1576,1494,3411,815793.41,8423.94,80,176,120,108,104,102,158,2222,0,918,928,1224
212994,20,-0.1,-0.02,-0.5,-0.3,2,0.2,0.2,0.15,40,61.91,3378,3213,141,3072,1202,0,842,328,226,474,0,165,33,3411,1902,1170,3411,1557441.97,16061.29,97,200,261,173,172,145,113,1911,1202,0,1068,802
212995,20,-0.1,-0.02,-0.5,-0.3,2,0.2,0.2,0.15,50,53.94,3386,3221,138,3083,1141,938,0,482,0,522,0,165,25,3411,1663,1420,3411,917696.52,9539.88,177,375,380,271,252,231,217,1180,1141,938,0,1004
212996,20,-0.1,-0.02,-0.5,-0.3,2,0.2,0.2,0.15,50,49.84,3384,3219,149,3070,0,971,0,569,0,1530,0,165,27,3411,1530,1540,3411,711264.14,7324.58,80,176,120,108,104,102,158,2222,0,971,0,2099
212997,20,-0.1,-0.02,-0.5,-0.3,2,0.2,0.2,0.15,50,61.1,3378,3213,141,3072,1209,0,0,1195,0,668,0,165,33,3411,1877,1195,3411,1438779.7,14841.03,97,200,261,173,172,145,113,1911,1209,0,0,1863
212998,20,-0.1,-0.02,-0.5,-0.3,2,0.2,0.2,0.15,60,53.94,3386,3221,138,3083,1141,938,0,482,0,522,0,165,25,3411,1663,1420,3411,917696.52,9539.88,177,375,380,271,252,231,217,1180,1141,938,0,1004
212999,20,-0.1,-0.02,-0.5,-0.3,2,0.2,0.2,0.15,60,49.84,3384,3219,149,3070,0,971,0,569,0,1530,0,165,27,3411,1530,1540,3411,711264.14,7324.58,80,176,120,108,104,102,158,2222,0,971,0,2099
213000,20,-0.1,-0.02,-0.5,-0.3,2,0.2,0.2,0.15,60,61.1,3378,3213,141,3072,1209,0,0,1195,0,668,0,165,33,3411,1877,1195,3411,1438779.7,14841.03,97,200,261,173,172,145,113,1911,1209,0,0,1863
213001,20,-0.1,-0.02,-0.5,-0.25,1,0.1,0.1,0.15,20,63.61,4166,3983,70,3913,1969,561,863,0,520,0,0,183,35,4201,2489,1424,4201,824670.37,8436.35,952,680,538,1743,0,0,0,0,1969,561,1383,0
213002,20,-0.1,-0.02,-0.5,-0.25,1,0.1,0.1,0.15,20,58.32,4166,3983,101,3882,0,595,1023,0,2264,0,0,183,35,4201,2264,1618,4201,1192106.69,12297.31,111,198,154,3419,0,0,0,0,0,595,3287,0
213003,20,-0.1,-0.02,-0.5,-0.25,1,0.1,0.1,0.15,20,66.02,4156,3973,71,3902,2020,0,1326,0,556,0,0,183,45,4201,2576,1326,4201,1068855.11,10914.53,842,498,405,2157,0,0,0,0,2020,0,1882,0
213004,20,-0.1,-0.02,-0.5,-0.25,1,0.1,0.1,0.15,30,64.73,4166,3983,104,3879,2272,763,605,0,239,0,0,183,35,4201,2511,1368,4201,829381.41,8547.09,952,680,538,360,269,1080,0,0,2272,763,844,0
213005,20,-0.1,-0.02,-0.5,-0.25,1,0.1,0.1,0.15,30,53.35,4164,3981,174,3807,0,851,925,0,2031,0,0,183,37,4201,2031,1776,4201,974813.8,10176.93,111,198,154,132,134,3078,0,0,0,851,2956,0
213006,20,-0.1,-0.02,-0.5,-0.25,1,0.1,0.1,0.15,30,69.7,4156,3973,108,3865,2396,0,1171,0,298,0,0,183,45,4201,2694,1171,4201,1299409.76,13333.59,842,498,405,275,206,1639,0,0,2396,0,1469,0
213007,20,-0.1,-0.02,-0.5,-0.25,1,0.1,0.1,0.15,40,65.09,4166,3983,105,3878,2387,943,307,104,71,66,0,183,35,4201,2524,1354,4201,742966.08,7643.87,952,680,538,360,269,236,170,673,2387,943,378,170
213008,20,-0.1,-0.02,-0.5,-0.25,1,0.1,0.1,0.15,40,50.11,4164,3981,177,3804,0,1126,596,176,592,1314,0,183,37,4201,1906,1898,4201,751142.34,7796.21,111,198,154,132,134,122,193,2760,0,1126,1188,1490
213009,20,-0.1,-0.02,-0.5,-0.25,1,0.1,0.1,0.15,40,71.52,4156,3973,110,3863,2562,0,757,343,77,124,0,183,45,4201,2763,1100,4201,1332919.07,13640.69,842,498,405,275,206,170,93,1374,2562,0,834,467
213010,20,-0.1,-0.02,-0.5,-0.25,1,0.1,0.1,0.15,50,64.8,4166,3983,105,3878,2393,965,0,400,0,120,0,183,35,4201,2513,1365,4201,712702.39,7331.57,952,680,538,360,269,236,170,673,2393,965,0,520
213011,20,-0.1,-0.02,-0.5,-0.25,1,0.1,0.1,0.15,50,48.79,4164,3981,177,3804,0,1192,0,756,0,1856,0,183,37,4201,1856,1948,4201,625637.84,6487.08,111,198,154,132,134,122,193,2760,0,1192,0,2612
213012,20,-0.1,-0.02,-0.5,-0.25,1,0.1,0.1,0.15,50,71.32,4156,3973,110,3863,2568,0,0,1108,0,187,0,183,45,4201,2755,1108,4201,1258655.62,12880.12,842,498,405,275,206,170,93,1374,2568,0,0,1295
213013,20,-0.1,-0.02,-0.5,-0.25,1,0.1,0.1,0.15,60,64.8,4166,3983,105,3878,2393,965,0,400,0,120,0,183,35,4201,2513,1365,4201,712702.39,7331.57,952,680,538,360,269,236,170,673,2393,965,0,520
213014,20,-0.1,-0.02,-0.5,-0.25,1,0.1,0.1,0.15,60,48.79,4164,3981,177,3804,0,1192,0,756,0,1856,0,183,37,4201,1856,1948,4201,625637.84,6487.08,111,198,154,132,134,122,193,2760,0,1192,0,2612
213015,20,-0.1,-0.02,-0.5,-0.25,1,0.1,0.1,0.15,60,71.32,4156,3973,110,3863,2568,0,0,1108,0,187,0,183,45,4201,2755,1108,4201,1258655.62,12880.12,842,498,405,275,206,170,93,1374,2568,0,0,1295
213016,20,-0.1,-0.02,-0.5,-0.25,1,0.1,0.2,0.15,20,58.62,4166,3983,95,3888,797,593,1016,0,1482,0,0,183,35,4201,2279,1609,4201,1170967.92,12046.82,214,417,437,2820,0,0,0,0,797,593,2498,0
213017,20,-0.1,-0.02,-0.5,-0.25,1,0.1,0.2,0.15,20,58.32,4166,3983,101,3882,0,595,1023,0,2264,0,0,183,35,4201,2264,1618,4201,1192106.69,12297.31,111,198,154,3419,0,0,0,0,0,595,3287,0
213018,20,-0.1,-0.02,-0.5,-0.25,1,0.1,0.2,0.15,20,61.05,4156,3973,96,3877,807,0,1510,0,1560,0,0,183,45,4201,2367,1510,4201,1418922.75,14567.29,103,220,284,3270,0,0,0,0,807,0,3070,0
213019,20,-0.1,-0.02,-0.5,-0.25,1,0.1,0.2,0.15,30,55.01,4166,3983,160,3823,1125,843,877,0,978,0,0,183,35,4201,2103,1720,4201,1114546.11,11576.28,214,417,437,322,310,2123,0,0,1125,843,1855,0
213020,20,-0.1,-0.02,-0.5,-0.25,1,0.1,0.2,0.15,30,53.35,4164,3981,174,3807,0,851,925,0,2031,0,0,183,37,4201,2031,1776,4201,974813.8,10176.93,111,198,154,132,134,3078,0,0,0,851,2956,0
213021,20,-0.1,-0.02,-0.5,-0.25,1,0.1,0.2,0.15,30,60.2,4156,3973,164,3809,1170,0,1516,0,1123,0,0,183,45,4201,2293,1516,4201,1640104.23,16924.21,103,220,284,200,201,2801,0,0,1170,0,2639,0
213022,20,-0.1,-0.02,-0.5,-0.25,1,0.1,0.2,0.15,40,53.25,4166,3983,163,3820,1289,1100,521,165,289,456,0,183,35,4201,2034,1786,4201,990053.29,10320.02,214,417,437,322,310,268,273,1579,1289,1100,810,621
213023,20,-0.1,-0.02,-0.5,-0.25,1,0.1,0.2,0.15,40,50.11,4164,3981,177,3804,0,1126,596,176,592,1314,0,183,37,4201,1906,1898,4201,751142.34,7796.21,111,198,154,132,134,122,193,2760,0,1126,1188,1490
213024,20,-0.1,-0.02,-0.5,-0.25,1,0.1,0.2,0.15,40,59.87,4156,3973,168,3805,1360,0,1086,441,306,612,0,183,45,4201,2278,1527,4201,1649195.91,17016.46,103,220,284,200,201,162,142,2493,1360,0,1392,1053
213025,20,-0.1,-0.02,-0.5,-0.25,1,0.1,0.2,0.15,50,52.49,4166,3983,163,3820,1296,1155,0,660,0,709,0,183,35,4201,2005,1815,4201,920597.55,9608.69,214,417,437,322,310,268,273,1579,1296,1155,0,1369
213026,20,-0.1,-0.02,-0.5,-0.25,1,0.1,0.2,0.15,50,48.79,4164,3981,177,3804,0,1192,0,756,0,1856,0,183,37,4201,1856,1948,4201,625637.84,6487.08,111,198,154,132,134,122,193,2760,0,1192,0,2612
213027,20,-0.1,-0.02,-0.5,-0.25,1,0.1,0.2,0.15,50,59.11,4156,3973,168,3805,1367,0,0,1556,0,882,0,183,45,4201,2249,1556,4201,1503388.99,15528.45,103,220,284,200,201,162,142,2493,1367,0,0,2438
213028,20,-0.1,-0.02,-0.5,-0.25,1,0.1,0.2,0.15,60,52.49,4166,3983,163,3820,1296,1155,0,660,0,709,0,183,35,4201,2005,1815,4201,920597.55,9608.69,214,417,437,322,310,268,273,1579,1296,1155,0,1369
213029,20,-0.1,-0.02,-0.5,-0.25,1,0.1,0.2,0.15,60,48.79,4164,3981,177,3804,0,1192,0,756,0,1856,0,183,37,4201,1856,1948,4201,625637.84,6487.08,111,198,154,132,134,122,193,2760,0,1192,0,2612
213030,20,-0.1,-0.02,-0.5,-0.25,1,0.1,0.2,0.15,60,59.11,4156,3973,168,3805,1367,0,0,1556,0,882,0,183,45,4201,2249,1556,4201,1503388.99,15528.45,103,220,284,200,201,162,142,2493,1367,0,0,2438
213031,20,-0.1,-0.02,-0.5,-0.25,1,0.2,0.1,0.15,20,63.61,4166,3983,70,3913,1969,561,863,0,520,0,0,183,35,4201,2489,1424,4201,824670.37,8436.35,952,680,538,1743,0,0,0,0,1969,561,1383,0
213032,20,-0.1,-0.02,-0.5,-0.25,1,0.2,0.1,0.15,20,58.32,4166,3983,101,3882,0,595,1023,0,2264,0,0,183,35,4201,2264,1618,4201,1192106.69,12297.31,111,198,154,3419,0,0,0,0,0,595,3287,0
213033,20,-0.1,-0.02,-0.5,-0.25,1,0.2,0.1,0.15,20,66.02,4156,3973,71,3902,2020,0,1326,0,556,0,0,183,45,4201,2576,1326,4201,1068855.11,10914.53,842,498,405,2157,0,0,0,0,2020,0,1882,0
213034,20,-0.1,-0.02,-0.5,-0.25,1,0.2,0.1,0.15,30,64.73,4166,3983,104,3879,2272,763,605,0,239,0,0,183,35,4201,2511,1368,4201,829381.41,8547.09,952,680,538,360,269,1080,0,0,2272,763,844,0
213035,20,-0.1,-0.02,-0.5,-0.25,1,0.2,0.1,0.15,30,53.35,4164,3981,174,3807,0,851,925,0,2031,0,0,183,37,4201,2031,1776,4201,974813.8,10176.93,111,198,154,132,134,3078,0,0,0,851,2956,0
213036,20,-0.1,-0.02,-0.5,-0.25,1,0.2,0.1,0.15,30,69.7,4156,3973,108,3865,2396,0,1171,0,298,0,0,183,45,4201,2694,1171,4201,1299409.76,13333.59,842,498,405,275,206,1639,0,0,2396,0,1469,0
213037,20,-0.1,-0.02,-0.5,-0.25,1,0.2,0.1,0.15,40,65.09,4166,3983,105,3878,2387,943,307,104,71,66,0,183,35,4201,2524,1354,4201,742966.08,7643.87,952,680,538,360,269,236,170,673,2387,943,378,170
213038,20,-0.1,-0.02,-0.5,-0.25,1,0.2,0.1,0.15,40,50.11,4164,3981,177,3804,0,1126,596,176,592,1314,0,183,37,4201,1906,1898,4201,751142.34,7796.21,111,198,154,132,134,122,193,2760,0,1126,1188,1490
213039,20,-0.1,-0.02,-0.5,-0.25,1,0.2,0.1,0.15,40,71.52,4156,3973,110,3863,2562,0,757,343,77,124,0,183,45,4201,2763,1100,4201,1332919.07,13640.69,842,498,405,275,206,170,93,1374,2562,0,834,467
213040,20,-0.1,-0.02,-0.5,-0.25,1,0.2,0.1,0.15,50,64.8,4166,3983,105,3878,2393,965,0,400,0,120,0,183,35,4201,2513,1365,4201,712702.39,7331.57,952,680,538,360,269,236,170,673,2393,965,0,520
213041,20,-0.1,-0.02,-0.5,-0.25,1,0.2,0.1,0.15,50,48.79,4164,3981,177,3804,0,1192,0,756,0,1856,0,183,37,4201,1856,1948,4201,625637.84,6487.08,111,198,154,132,134,122,193,2760,0,1192,0,2612
213042,20,-0.1,-0.02,-0.5,-0.25,1,0.2,0.1,0.15,50,71.32,4156,3973,110,3863,2568,0,0,1108,0,187,0,183,45,4201,2755,1108,4201,1258655.62,12880.12,842,498,405,275,206,170,93,1374,2568,0,0,1295
213043,20,-0.1,-0.02,-0.5,-0.25,1,0.2,0.1,0.15,60,64.8,4166,3983,105,3878,2393,965,0,400,0,120,0,183,35,4201,2513,1365,4201,712702.39,7331.57,952,680,538,360,269,236,170,673,2393,965,0,520
213044,20,-0.1,-0.02,-0.5,-0.25,1,0.2,0.1,0.15,60,48.79,4164,3981,177,3804,0,1192,0,756,0,1856,0,183,37,4201,1856,1948,4201,625637.84,6487.08,111,198,154,132,134,122,193,2760,0,1192,0,2612
213045,20,-0.1,-0.02,-0.5,-0.25,1,0.2,0.1,0.15,60,71.32,4156,3973,110,3863,2568,0,0,1108,0,187,0,183,45,4201,2755,1108,4201,1258655.62,12880.12,842,498,405,275,206,170,93,1374,2568,0,0,1295
213046,20,-0.1,-0.02,-0.5,-0.25,1,0.2,0.2,0.15,20,58.62,4166,3983,95,3888,797,593,1016,0,1482,0,0,183,35,4201,2279,1609,4201,1170967.92,12046.82,214,417,437,2820,0,0,0,0,797,593,2498,0
213047,20,-0.1,-0.02,-0.5,-0.25,1,0.2,0.2,0.15,20,58.32,4166,3983,101,3882,0,595,1023,0,2264,0,0,183,35,4201,2264,1618,4201,1192106.69,12297.31,111,198,154,3419,0,0,0,0,0,595,3287,0
213048,20,-0.1,-0.02,-0.5,-0.25,1,0.2,0.2,0.15,20,61.05,4156,3973,96,3877,807,0,1510,0,1560,0,0,183,45,4201,2367,1510,4201,1418922.75,14567.29,103,220,284,3270,0,0,0,0,807,0,3070,0
213049,20,-0.1,-0.02,-0.5,-0.25,1,0.2,0.2,0.15,30,55.01,4166,3983,160,3823,1125,843,877,0,978,0,0,183,35,4201,2103,1720,4201,1114546.11,11576.28,214,417,437,322,310,2123,0,0,1125,843,1855,0
213050,20,-0.1,-0.02,-0.5,-0.25,1,0.2,0.2,0.15,30,53.35,4164,3981,174,3807,0,851,925,0,2031,0,0,183,37,4201,2031,1776,4201,974813.8,10176.93,111,198,154,132,134,3078,0,0,0,851,2956,0
213051,20,-0.1,-0.02,-0.5,-0.25,1,0.2,0.2,0.15,30,60.2,4156,3973,164,3809,1170,0,1516,0,1123,0,0,183,45,4201,2293,1516,4201,1640104.23,16924.21,103,220,284,200,201,2801,0,0,1170,0,2639,0
213052,20,-0.1,-0.02,-0.5,-0.25,1,0.2,0.2,0.15,40,53.25,4166,3983,163,3820,1289,1100,521,165,289,456,0,183,35,4201,2034,1786,4201,990053.29,10320.02,214,417,437,322,310,268,273,1579,1289,1100,810,621
213053,20,-0.1,-0.02,-0.5,-0.25,1,0.2,0.2,0.15,40,50.11,4164,3981,177,3804,0,1126,596,176,592,1314,0,183,37,4201,1906,1898,4201,751142.34,7796.21,111,198,154,132,134,122,193,2760,0,1126,1188,1490
213054,20,-0.1,-0.02,-0.5,-0.25,1,0.2,0.2,0.15,40,59.87,4156,3973,168,3805,1360,0,1086,441,306,612,0,183,45,4201,2278,1527,4201,1649195.91,17016.46,103,220,284,200,201,162,142,2493,1360,0,1392,1053
213055,20,-0.1,-0.02,-0.5,-0.25,1,0.2,0.2,0.15,50,52.49,4166,3983,163,3820,1296,1155,0,660,0,709,0,183,35,4201,2005,1815,4201,920597.55,9608.69,214,417,437,322,310,268,273,1579,1296,1155,0,1369
213056,20,-0.1,-0.02,-0.5,-0.25,1,0.2,0.2,0.15,50,48.79,4164,3981,177,3804,0,1192,0,756,0,1856,0,183,37,4201,1856,1948,4201,625637.84,6487.08,111,198,154,132,134,122,193,2760,0,1192,0,2612
213057,20,-0.1,-0.02,-0.5,-0.25,1,0.2,0.2,0.15,50,59.11,4156,3973,168,3805,1367,0,0,1556,0,882,0,183,45,4201,2249,1556,4201,1503388.99,15528.45,103,220,284,200,201,162,142,2493,1367,0,0,2438
213058,20,-0.1,-0.02,-0.5,-0.25,1,0.2,0.2,0.15,60,52.49,4166,3983,163,3820,1296,1155,0,660,0,709,0,183,35,4201,2005,1815,4201,920597.55,9608.69,214,417,437,322,310,268,273,1579,1296,1155,0,1369
213059,20,-0.1,-0.02,-0.5,-0.25,1,0.2,0.2,0.15,60,48.79,4164,3981,177,3804,0,1192,0,756,0,1856,0,183,37,4201,1856,1948,4201,625637.84,6487.08,111,198,154,132,134,122,193,2760,0,1192,0,2612
213060,20,-0.1,-0.02,-0.5,-0.25,1,0.2,0.2,0.15,60,59.11,4156,3973,168,3805,1367,0,0,1556,0,882,0,183,45,4201,2249,1556,4201,1503388.99,15528.45,103,220,284,200,201,162,142,2493,1367,0,0,2438
213061,20,-0.1,-0.02,-0.5,-0.25,2,0.1,0.1,0.15,20,67.37,4166,3983,70,3913,2109,553,724,0,527,0,0,183,35,4201,2636,1277,4201,1151919.58,13940.64,990,720,578,1625,0,0,0,0,2109,553,1251,0
213062,20,-0.1,-0.02,-0.5,-0.25,2,0.1,0.1,0.15,20,62.29,4166,3983,101,3882,0,595,869,0,2418,0,0,183,35,4201,2418,1464,4201,1711899.26,18816.5,111,198,154,3419,0,0,0,0,0,595,3287,0
213063,20,-0.1,-0.02,-0.5,-0.25,2,0.1,0.1,0.15,20,71.71,4156,3973,71,3902,2204,0,1104,0,594,0,0,183,45,4201,2798,1104,4201,1597867.83,16732.29,884,548,473,1997,0,0,0,0,2204,0,1698,0
213064,20,-0.1,-0.02,-0.5,-0.25,2,0.1,0.1,0.15,30,68.4,4166,3983,103,3880,2416,743,483,0,238,0,0,183,35,4201,2654,1226,4201,1176677.93,14810.8,990,720,578,374,277,941,0,0,2416,743,721,0
213065,20,-0.1,-0.02,-0.5,-0.25,2,0.1,0.1,0.15,30,56.69,4164,3981,174,3807,0,851,798,0,2158,0,0,183,37,4201,2158,1649,4201,1610660.98,18265.74,111,198,154,132,134,3078,0,0,0,851,2956,0
213066,20,-0.1,-0.02,-0.5,-0.25,2,0.1,0.1,0.15,30,75.87,4156,3973,106,3867,2622,0,933,0,312,0,0,183,45,4201,2934,933,4201,2022867.0,19787.2,884,548,473,299,251,1412,0,0,2622,0,1245,0
213067,20,-0.1,-0.02,-0.5,-0.25,2,0.1,0.1,0.15,40,68.83,4166,3983,104,3879,2521,905,241,63,93,56,0,183,35,4201,2670,1209,4201,1057902.1,14567.42,990,720,578,374,277,220,153,567,2521,905,334,119
213068,20,-0.1,-0.02,-0.5,-0.25,2,0.1,0.1,0.15,40,53.73,4164,3981,177,3804,0,1126,517,117,671,1373,0,183,37,4201,2044,1760,4201,1324750.4,17088.48,111,198,154,132,134,122,193,2760,0,1126,1188,1490
213069,20,-0.1,-0.02,-0.5,-0.25,2,0.1,0.1,0.15,40,78.27,4156,3973,108,3865,2802,0,624,216,114,109,0,183,45,4201,3025,840,4201,2133017.16,20759.87,884,548,473,299,251,167,101,1142,2802,0,738,325
213070,20,-0.1,-0.02,-0.5,-0.25,2,0.1,0.1,0.15,50,68.32,4166,3983,104,3879,2527,923,0,306,0,123,0,183,35,4201,2650,1229,4201,1015408.83,14345.24,990,720,578,374,277,220,153,567,2527,923,0,429
213071,20,-0.1,-0.02,-0.5,-0.25,2,0.1,0.1,0.15,50,52.02,4164,3981,177,3804,0,1192,0,633,0,1979,0,183,37,4201,1979,1825,4201,1145976.1,15846.37,111,198,154,132,134,122,193,2760,0,1192,0,2612
213072,20,-0.1,-0.02,-0.5,-0.25,2,0.1,0.1,0.15,50,78.03,4156,3973,108,3865,2809,0,0,849,0,207,0,183,45,4201,3016,849,4201,2013006.81,20144.12,884,548,473,299,251,167,101,1142,2809,0,0,1056
213073,20,-0.1,-0.02,-0.5,-0.25,2,0.1,0.1,0.15,60,68.32,4166,3983,104,3879,2527,923,0,306,0,123,0,183,35,4201,2650,1229,4201,1015408.83,14345.24,990,720,578,374,277,220,153,567,2527,923,0,429
213074,20,-0.1,-0.02,-0.5,-0.25,2,0.1,0.1,0.15,60,52.02,4164,3981,177,3804,0,1192,0,633,0,1979,0,183,37,4201,1979,1825,4201,1145976.1,15846.37,111,198,154,132,134,122,193,2760,0,1192,0,2612
213075,20,-0.1,-0.02,-0.5,-0.25,2,0.1,0.1,0.15,60,78.03,4156,3973,108,3865,2809,0,0,849,0,207,0,183,45,4201,3016,849,4201,2013006.81,20144.12,884,548,473,299,251,167,101,1142,2809,0,0,1056
213076,20,-0.1,-0.02,-0.5,-0.25,2,0.1,0.2,0.15,20,62.58,4166,3983,95,3888,869,592,863,0,1564,0,0,183,35,4201,2433,1455,4201,1666570.94,18428.47,217,433,463,2775,0,0,0,0,869,592,2427,0
213077,20,-0.1,-0.02,-0.5,-0.25,2,0.1,0.2,0.15,20,62.29,4166,3983,101,3882,0,595,869,0,2418,0,0,183,35,4201,2418,1464,4201,1711899.26,18816.5,111,198,154,3419,0,0,0,0,0,595,3287,0
213078,20,-0.1,-0.02,-0.5,-0.25,2,0.1,0.2,0.15,20,66.91,4156,3973,96,3877,900,0,1283,0,1694,0,0,183,45,4201,2594,1283,4201,2138313.0,21447.23,106,236,321,3214,0,0,0,0,900,0,2977,0
213079,20,-0.1,-0.02,-0.5,-0.25,2,0.1,0.2,0.15,30,58.54,4166,3983,160,3823,1236,838,747,0,1002,0,0,183,35,4201,2238,1585,4201,1741480.02,19528.97,217,433,463,348,334,2028,0,0,1236,838,1749,0
213080,20,-0.1,-0.02,-0.5,-0.25,2,0.1,0.2,0.15,30,56.69,4164,3981,174,3807,0,851,798,0,2158,0,0,183,37,4201,2158,1649,4201,1610660.98,18265.74,111,198,154,132,134,3078,0,0,0,851,2956,0
213081,20,-0.1,-0.02,-0.5,-0.25,2,0.1,0.2,0.15,30,66.37,4156,3973,164,3809,1339,0,1281,0,1189,0,0,183,45,4201,2528,1281,4201,2779179.25,25646.3,106,236,321,237,245,2664,0,0,1339,0,2470,0
213082,20,-0.1,-0.02,-0.5,-0.25,2,0.1,0.2,0.15,40,57.07,4166,3983,163,3820,1418,1088,440,112,335,427,0,183,35,4201,2180,1640,4201,1577439.66,19327.77,217,433,463,348,334,279,269,1477,1418,1088,775,539
213083,20,-0.1,-0.02,-0.5,-0.25,2,0.1,0.2,0.15,40,53.73,4164,3981,177,3804,0,1126,517,117,671,1373,0,183,37,4201,2044,1760,4201,1324750.4,17088.48,111,198,154,132,134,122,193,2760,0,1126,1188,1490
213084,20,-0.1,-0.02,-0.5,-0.25,2,0.1,0.2,0.15,40,66.78,4156,3973,168,3805,1560,0,953,311,380,601,0,183,45,4201,2541,1264,4201,2896089.57,26951.61,106,236,321,237,245,194,150,2316,1560,0,1333,912
213085,20,-0.1,-0.02,-0.5,-0.25,2,0.1,0.2,0.15,50,55.97,4166,3983,163,3820,1425,1141,0,541,0,713,0,183,35,4201,2138,1682,4201,1471318.33,18711.05,217,433,463,348,334,279,269,1477,1425,1141,0,1254
213086,20,-0.1,-0.02,-0.5,-0.25,2,0.1,0.2,0.15,50,52.02,4164,3981,177,3804,0,1192,0,633,0,1979,0,183,37,4201,1979,1825,4201,1145976.1,15846.37,111,198,154,132,134,122,193,2760,0,1192,0,2612
213087,20,-0.1,-0.02,-0.5,-0.25,2,0.1,0.2,0.15,50,65.99,4156,3973,168,3805,1567,0,0,1294,0,944,0,183,45,4201,2511,1294,4201,2635146.55,25589.1,106,236,321,237,245,194,150,2316,1567,0,0,2238
213088,20,-0.1,-0.02,-0.5,-0.25,2,0.1,0.2,0.15,60,55.97,4166,3983,163,3820,1425,1141,0,541,0,713,0,183,35,4201,2138,1682,4201,1471318.33,18711.05,217,433,463,348,334,279,269,1477,1425,1141,0,1254
213089,20,-0.1,-0.02,-0.5,-0.25,2,0.1,0.2,0.15,60,52.02,4164,3981,177,3804,0,1192,0,633,0,1979,0,183,37,4201,1979,1825,4201,1145976.1,15846.37,111,198,154,132,134,122,193,2760,0,1192,0,2612
213090,20,-0.1,-0.02,-0.5,-0.25,2,0.1,0.2,0.15,60,65.99,4156,3973,168,3805,1567,0,0,1294,0,944,0,183,45,4201,2511,1294,4201,2635146.55,25589.1,106,236,321,237,245,194,150,2316,1567,0,0,2238
