Test,DAYSBACK,PCTMIN,PCTMAX,ATHMIN,ATHMAX,MAXBUYS,BUYDROP,TARGET,STOPLOSS,MAXDURA,WinRate,TotalTrade,Executed,Open,Closed,ProfitTGT,LossSL,LossFEMD,LossFECD,ProfitFEMD,ProfitFECD,Pending,Expired,Invalid,TotalRows,Wins,Losses,TotalStock,SumProfit,SumGainFin,Dur5,Dur10,Dur15,Dur20,Dur25,Dur30,Dur35,Dur40,ExitTGT,ExitSL,ExitFEMD,ExitFECD
419676,35,-0.1,-0.01,-0.45,-0.3,1,0.2,0.1,0.15,30,68.68,3770,3624,54,3570,2139,0,1118,0,313,0,0,146,33,3803,2452,1118,3803,1146510.32,11631.02,721,464,396,242,171,1576,0,0,2139,0,1431,0
419677,35,-0.1,-0.01,-0.45,-0.3,1,0.2,0.1,0.15,40,63.78,3774,3628,55,3573,2154,819,380,95,72,53,0,146,29,3803,2279,1294,3803,651003.49,6594.26,777,600,490,317,240,230,187,732,2154,819,452,148
419678,35,-0.1,-0.01,-0.45,-0.3,1,0.2,0.1,0.15,40,47.26,3774,3628,101,3527,0,980,718,162,633,1034,0,146,29,3803,1667,1860,3803,359651.02,3379.32,56,144,115,112,114,132,200,2654,0,980,1351,1196
419679,35,-0.1,-0.01,-0.45,-0.3,1,0.2,0.1,0.15,40,68.81,3770,3624,55,3569,2286,0,883,230,83,87,0,146,33,3803,2456,1113,3803,1010910.0,10246.81,721,464,396,242,171,145,100,1330,2286,0,966,317
419680,35,-0.1,-0.01,-0.45,-0.3,1,0.2,0.1,0.15,50,63.73,3774,3628,55,3573,2159,851,0,445,0,118,0,146,29,3803,2277,1296,3803,618820.75,6261.44,777,600,490,317,240,230,187,732,2159,851,0,563
419681,35,-0.1,-0.01,-0.45,-0.3,1,0.2,0.1,0.15,50,45.9,3774,3628,101,3527,0,1053,0,855,0,1619,0,146,29,3803,1619,1908,3803,219046.45,1907.13,56,144,115,112,114,132,200,2654,0,1053,0,2474
419682,35,-0.1,-0.01,-0.45,-0.3,1,0.2,0.1,0.15,50,68.87,3770,3624,55,3569,2292,0,0,1111,0,166,0,146,33,3803,2458,1111,3803,924958.27,9367.2,721,464,396,242,171,145,100,1330,2292,0,0,1277
419683,35,-0.1,-0.01,-0.45,-0.3,1,0.2,0.1,0.15,60,63.73,3774,3628,55,3573,2159,851,0,445,0,118,0,146,29,3803,2277,1296,3803,618820.75,6261.44,777,600,490,317,240,230,187,732,2159,851,0,563
419684,35,-0.1,-0.01,-0.45,-0.3,1,0.2,0.1,0.15,60,45.9,3774,3628,101,3527,0,1053,0,855,0,1619,0,146,29,3803,1619,1908,3803,219046.45,1907.13,56,144,115,112,114,132,200,2654,0,1053,0,2474
419685,35,-0.1,-0.01,-0.45,-0.3,1,0.2,0.1,0.15,60,68.87,3770,3624,55,3569,2292,0,0,1111,0,166,0,146,33,3803,2458,1111,3803,924958.27,9367.2,721,464,396,242,171,145,100,1330,2292,0,0,1277
419686,35,-0.1,-0.01,-0.45,-0.3,1,0.2,0.2,0.15,20,60.07,3774,3628,79,3549,699,425,992,0,1433,0,0,146,29,3803,2132,1417,3803,1209422.79,12304.25,141,328,381,2699,0,0,0,0,699,425,2425,0
419687,35,-0.1,-0.01,-0.45,-0.3,1,0.2,0.2,0.15,20,59.88,3774,3628,84,3544,0,427,995,0,2122,0,0,146,29,3803,2122,1422,3803,1152072.8,11734.84,56,144,115,3229,0,0,0,0,0,427,3117,0
419688,35,-0.1,-0.01,-0.45,-0.3,1,0.2,0.2,0.15,20,62.03,3770,3624,79,3545,708,0,1346,0,1491,0,0,146,33,3803,2199,1346,3803,1399217.63,14216.37,85,185,268,3007,0,0,0,0,708,0,2837,0
419689,35,-0.1,-0.01,-0.45,-0.3,1,0.2,0.2,0.15,30,54.52,3774,3628,92,3536,976,665,943,0,952,0,0,146,29,3803,1928,1608,3803,1010994.3,10240.61,141,328,381,274,256,2156,0,0,976,665,1895,0
419690,35,-0.1,-0.01,-0.45,-0.3,1,0.2,0.2,0.15,30,53.06,3774,3628,98,3530,0,673,984,0,1873,0,0,146,29,3803,1873,1657,3803,841379.0,8461.69,56,144,115,112,114,2989,0,0,0,673,2857,0
419691,35,-0.1,-0.01,-0.45,-0.3,1,0.2,0.2,0.15,30,58.92,3770,3624,92,3532,1012,0,1451,0,1069,0,0,146,33,3803,2081,1451,3803,1391222.66,14100.64,85,185,268,170,155,2669,0,0,1012,0,2520,0
419692,35,-0.1,-0.01,-0.45,-0.3,1,0.2,0.2,0.15,40,50.58,3774,3628,95,3533,1112,949,648,149,319,356,0,146,29,3803,1787,1746,3803,735139.48,7439.82,141,328,381,274,256,261,253,1639,1112,949,967,505
419693,35,-0.1,-0.01,-0.45,-0.3,1,0.2,0.2,0.15,40,47.26,3774,3628,101,3527,0,980,718,162,633,1034,0,146,29,3803,1667,1860,3803,359651.02,3379.32,56,144,115,112,114,132,200,2654,0,980,1351,1196
419694,35,-0.1,-0.01,-0.45,-0.3,1,0.2,0.2,0.15,40,55.43,3770,3624,95,3529,1172,0,1264,309,336,448,0,146,33,3803,1956,1573,3803,1136961.39,11510.18,85,185,268,170,155,149,128,2389,1172,0,1600,757
419695,35,-0.1,-0.01,-0.45,-0.3,1,0.2,0.2,0.15,50,50.01,3774,3628,95,3533,1120,1014,0,752,0,647,0,146,29,3803,1767,1766,3803,662815.46,6697.4,141,328,381,274,256,261,253,1639,1120,1014,0,1399
419696,35,-0.1,-0.01,-0.45,-0.3,1,0.2,0.2,0.15,50,45.9,3774,3628,101,3527,0,1053,0,855,0,1619,0,146,29,3803,1619,1908,3803,219046.45,1907.13,56,144,115,112,114,132,200,2654,0,1053,0,2474
419697,35,-0.1,-0.01,-0.45,-0.3,1,0.2,0.2,0.15,50,54.92,3770,3624,95,3529,1180,0,0,1591,0,758,0,146,33,3803,1938,1591,3803,977257.97,9878.14,85,185,268,170,155,149,128,2389,1180,0,0,2349
419698,35,-0.1,-0.01,-0.45,-0.3,1,0.2,0.2,0.15,60,50.01,3774,3628,95,3533,1120,1014,0,752,0,647,0,146,29,3803,1767,1766,3803,662815.46,6697.4,141,328,381,274,256,261,253,1639,1120,1014,0,1399
419699,35,-0.1,-0.01,-0.45,-0.3,1,0.2,0.2,0.15,60,45.9,3774,3628,101,3527,0,1053,0,855,0,1619,0,146,29,3803,1619,1908,3803,219046.45,1907.13,56,144,115,112,114,132,200,2654,0,1053,0,2474
419700,35,-0.1,-0.01,-0.45,-0.3,1,0.2,0.2,0.15,60,54.92,3770,3624,95,3529,1180,0,0,1591,0,758,0,146,33,3803,1938,1591,3803,977257.97,9878.14,85,185,268,170,155,149,128,2389,1180,0,0,2349
419701,35,-0.1,-0.01,-0.45,-0.3,2,0.1,0.1,0.15,20,67.92,3774,3628,49,3579,1898,396,752,0,533,0,0,146,29,3803,2431,1148,3803,1183058.94,13391.93,803,630,538,1608,0,0,0,0,1898,396,1285,0
419702,35,-0.1,-0.01,-0.45,-0.3,2,0.1,0.1,0.15,20,63.43,3774,3628,84,3544,0,427,869,0,2248,0,0,146,29,3803,2248,1296,3803,1587068.92,16886.38,56,144,115,3229,0,0,0,0,0,427,3117,0
419703,35,-0.1,-0.01,-0.45,-0.3,2,0.1,0.1,0.15,20,71.38,3770,3624,49,3575,1972,0,1023,0,580,0,0,146,33,3803,2552,1023,3803,1496426.74,15385.5,750,499,466,1860,0,0,0,0,1972,0,1603,0
419704,35,-0.1,-0.01,-0.45,-0.3,2,0.1,0.1,0.15,30,68.55,3774,3628,54,3574,2180,587,537,0,270,0,0,146,29,3803,2450,1124,3803,1139786.62,13890.84,803,630,538,323,249,1031,0,0,2180,587,807,0
419705,35,-0.1,-0.01,-0.45,-0.3,2,0.1,0.1,0.15,30,56.49,3774,3628,98,3530,0,673,863,0,1994,0,0,146,29,3803,1994,1536,3803,1339699.49,15412.46,56,144,115,112,114,2989,0,0,0,673,2857,0
419706,35,-0.1,-0.01,-0.45,-0.3,2,0.1,0.1,0.15,30,74.82,3770,3624,54,3570,2335,0,899,0,336,0,0,146,33,3803,2671,899,3803,1738693.22,17421.86,750,499,466,257,202,1396,0,0,2335,0,1235,0
419707,35,-0.1,-0.01,-0.45,-0.3,2,0.1,0.1,0.15,40,68.07,3774,3628,55,3573,2294,786,294,61,93,45,0,146,29,3803,2432,1141,3803,942595.52,13296.79,803,630,538,323,249,224,187,619,2294,786,387,106
419708,35,-0.1,-0.01,-0.45,-0.3,2,0.1,0.1,0.15,40,51.4,3774,3628,101,3527,0,980,623,111,728,1085,0,146,29,3803,1813,1714,3803,676375.8,11719.84,56,144,115,112,114,132,200,2654,0,980,1351,1196
419709,35,-0.1,-0.01,-0.45,-0.3,2,0.1,0.1,0.15,40,75.34,3770,3624,55,3569,2508,0,729,151,110,71,0,146,33,3803,2689,880,3803,1613508.64,17225.71,750,499,466,257,202,161,113,1121,2508,0,839,222
419710,35,-0.1,-0.01,-0.45,-0.3,2,0.1,0.1,0.15,50,67.53,3774,3628,55,3573,2299,814,0,346,0,114,0,146,29,3803,2413,1160,3803,894211.75,13056.59,803,630,538,323,249,224,187,619,2299,814,0,460
419711,35,-0.1,-0.01,-0.45,-0.3,2,0.1,0.1,0.15,50,49.45,3774,3628,101,3527,0,1053,0,730,0,1744,0,146,29,3803,1744,1783,3803,469046.79,10352.66,56,144,115,112,114,132,200,2654,0,1053,0,2474
419712,35,-0.1,-0.01,-0.45,-0.3,2,0.1,0.1,0.15,50,75.18,3770,3624,55,3569,2515,0,0,886,0,168,0,146,33,3803,2683,886,3803,1466248.53,16482.11,750,499,466,257,202,161,113,1121,2515,0,0,1054
419713,35,-0.1,-0.01,-0.45,-0.3,2,0.1,0.1,0.15,60,67.53,3774,3628,55,3573,2299,814,0,346,0,114,0,146,29,3803,2413,1160,3803,894211.75,13056.59,803,630,538,323,249,224,187,619,2299,814,0,460
419714,35,-0.1,-0.01,-0.45,-0.3,2,0.1,0.1,0.15,60,49.45,3774,3628,101,3527,0,1053,0,730,0,1744,0,146,29,3803,1744,1783,3803,469046.79,10352.66,56,144,115,112,114,132,200,2654,0,1053,0,2474
419715,35,-0.1,-0.01,-0.45,-0.3,2,0.1,0.1,0.15,60,75.18,3770,3624,55,3569,2515,0,0,886,0,168,0,146,33,3803,2683,886,3803,1466248.53,16482.11,750,499,466,257,202,161,113,1121,2515,0,0,1054
419716,35,-0.1,-0.01,-0.45,-0.3,2,0.1,0.2,0.15,20,63.62,3774,3628,79,3549,765,424,867,0,1493,0,0,146,29,3803,2258,1291,3803,1663597.17,17469.51,142,337,404,2666,0,0,0,0,765,424,2360,0
419717,35,-0.1,-0.01,-0.45,-0.3,2,0.1,0.2,0.15,20,63.43,3774,3628,84,3544,0,427,869,0,2248,0,0,146,29,3803,2248,1296,3803,1587068.92,16886.38,56,144,115,3229,0,0,0,0,0,427,3117,0
419718,35,-0.1,-0.01,-0.45,-0.3,2,0.1,0.2,0.15,20,67.31,3770,3624,79,3545,787,0,1159,0,1599,0,0,146,33,3803,2386,1159,3803,2022174.41,19768.24,86,194,297,2968,0,0,0,0,787,0,2758,0
419719,35,-0.1,-0.01,-0.45,-0.3,2,0.1,0.2,0.15,30,58.23,3774,3628,92,3536,1069,661,816,0,990,0,0,146,29,3803,2059,1477,3803,1553326.91,17263.94,142,337,404,306,271,2076,0,0,1069,661,1806,0
419720,35,-0.1,-0.01,-0.45,-0.3,2,0.1,0.2,0.15,30,56.49,3774,3628,98,3530,0,673,863,0,1994,0,0,146,29,3803,1994,1536,3803,1339699.49,15412.46,56,144,115,112,114,2989,0,0,0,673,2857,0
419721,35,-0.1,-0.01,-0.45,-0.3,2,0.1,0.2,0.15,30,64.92,3770,3624,92,3532,1141,0,1239,0,1152,0,0,146,33,3803,2293,1239,3803,2295005.6,21664.81,86,194,297,210,183,2562,0,0,1141,0,2391,0
419722,35,-0.1,-0.01,-0.45,-0.3,2,0.1,0.2,0.15,40,54.85,3774,3628,95,3533,1217,939,552,104,375,346,0,146,29,3803,1938,1595,3803,1184319.13,15913.95,142,337,404,306,271,270,250,1553,1217,939,927,450
419723,35,-0.1,-0.01,-0.45,-0.3,2,0.1,0.2,0.15,40,51.4,3774,3628,101,3527,0,980,623,111,728,1085,0,146,29,3803,1813,1714,3803,676375.8,11719.84,56,144,115,112,114,132,200,2654,0,980,1351,1196
419724,35,-0.1,-0.01,-0.45,-0.3,2,0.1,0.2,0.15,40,62.0,3770,3624,95,3529,1326,0,1123,218,417,445,0,146,33,3803,2188,1341,3803,1971111.23,20607.52,86,194,297,210,183,171,130,2258,1326,0,1540,663
419725,35,-0.1,-0.01,-0.45,-0.3,2,0.1,0.2,0.15,50,53.84,3774,3628,95,3533,1224,1003,0,628,0,678,0,146,29,3803,1902,1631,3803,1070441.74,15316.39,142,337,404,306,271,270,250,1553,1224,1003,0,1306
419726,35,-0.1,-0.01,-0.45,-0.3,2,0.1,0.2,0.15,50,49.45,3774,3628,101,3527,0,1053,0,730,0,1744,0,146,29,3803,1744,1783,3803,469046.79,10352.66,56,144,115,112,114,132,200,2654,0,1053,0,2474
419727,35,-0.1,-0.01,-0.45,-0.3,2,0.1,0.2,0.15,50,61.35,3770,3624,95,3529,1334,0,0,1364,0,831,0,146,33,3803,2165,1364,3803,1686692.04,19150.59,86,194,297,210,183,171,130,2258,1334,0,0,2195
419728,35,-0.1,-0.01,-0.45,-0.3,2,0.1,0.2,0.15,60,53.84,3774,3628,95,3533,1224,1003,0,628,0,678,0,146,29,3803,1902,1631,3803,1070441.74,15316.39,142,337,404,306,271,270,250,1553,1224,1003,0,1306
419729,35,-0.1,-0.01,-0.45,-0.3,2,0.1,0.2,0.15,60,49.45,3774,3628,101,3527,0,1053,0,730,0,1744,0,146,29,3803,1744,1783,3803,469046.79,10352.66,56,144,115,112,114,132,200,2654,0,1053,0,2474
419730,35,-0.1,-0.01,-0.45,-0.3,2,0.1,0.2,0.15,60,61.35,3770,3624,95,3529,1334,0,0,1364,0,831,0,146,33,3803,2165,1364,3803,1686692.04,19150.59,86,194,297,210,183,171,130,2258,1334,0,0,2195
419731,35,-0.1,-0.01,-0.45,-0.3,2,0.2,0.1,0.15,20,64.54,3774,3628,49,3579,1785,399,870,0,525,0,0,146,29,3803,2310,1269,3803,898430.78,9100.03,777,600,490,1712,0,0,0,0,1785,399,1395,0
419732,35,-0.1,-0.01,-0.45,-0.3,2,0.2,0.1,0.15,20,59.88,3774,3628,84,3544,0,427,995,0,2122,0,0,146,29,3803,2122,1422,3803,1152072.8,11734.84,56,144,115,3229,0,0,0,0,0,427,3117,0
419733,35,-0.1,-0.01,-0.45,-0.3,2,0.2,0.1,0.15,20,66.46,3770,3624,49,3575,1823,0,1199,0,553,0,0,146,33,3803,2376,1199,3803,1074679.42,10873.8,721,464,396,1994,0,0,0,0,1823,0,1752,0
419734,35,-0.1,-0.01,-0.45,-0.3,2,0.2,0.1,0.15,30,64.52,3774,3628,54,3574,2049,605,663,0,257,0,0,146,29,3803,2306,1268,3803,812851.49,8248.62,777,600,490,317,240,1150,0,0,2049,605,920,0
419735,35,-0.1,-0.01,-0.45,-0.3,2,0.2,0.1,0.15,30,53.06,3774,3628,98,3530,0,673,984,0,1873,0,0,146,29,3803,1873,1657,3803,841379.0,8461.69,56,144,115,112,114,2989,0,0,0,673,2857,0
419736,35,-0.1,-0.01,-0.45,-0.3,2,0.2,0.1,0.15,30,68.68,3770,3624,54,3570,2139,0,1118,0,313,0,0,146,33,3803,2452,1118,3803,1146510.32,11631.02,721,464,396,242,171,1576,0,0,2139,0,1431,0
419737,35,-0.1,-0.01,-0.45,-0.3,2,0.2,0.1,0.15,40,63.78,3774,3628,55,3573,2154,819,380,95,72,53,0,146,29,3803,2279,1294,3803,651003.49,6594.26,777,600,490,317,240,230,187,732,2154,819,452,148
419738,35,-0.1,-0.01,-0.45,-0.3,2,0.2,0.1,0.15,40,47.26,3774,3628,101,3527,0,980,718,162,633,1034,0,146,29,3803,1667,1860,3803,359651.02,3379.32,56,144,115,112,114,132,200,2654,0,980,1351,1196
419739,35,-0.1,-0.01,-0.45,-0.3,2,0.2,0.1,0.15,40,68.81,3770,3624,55,3569,2286,0,883,230,83,87,0,146,33,3803,2456,1113,3803,1010910.0,10246.81,721,464,396,242,171,145,100,1330,2286,0,966,317
419740,35,-0.1,-0.01,-0.45,-0.3,2,0.2,0.1,0.15,50,63.73,3774,3628,55,3573,2159,851,0,445,0,118,0,146,29,3803,2277,1296,3803,618820.75,6261.44,777,600,490,317,240,230,187,732,2159,851,0,563
419741,35,-0.1,-0.01,-0.45,-0.3,2,0.2,0.1,0.15,50,45.9,3774,3628,101,3527,0,1053,0,855,0,1619,0,146,29,3803,1619,1908,3803,219046.45,1907.13,56,144,115,112,114,132,200,2654,0,1053,0,2474
419742,35,-0.1,-0.01,-0.45,-0.3,2,0.2,0.1,0.15,50,68.87,3770,3624,55,3569,2292,0,0,1111,0,166,0,146,33,3803,2458,1111,3803,924958.27,9367.2,721,464,396,242,171,145,100,1330,2292,0,0,1277
419743,35,-0.1,-0.01,-0.45,-0.3,2,0.2,0.1,0.15,60,63.73,3774,3628,55,3573,2159,851,0,445,0,118,0,146,29,3803,2277,1296,3803,618820.75,6261.44,777,600,490,317,240,230,187,732,2159,851,0,563
419744,35,-0.1,-0.01,-0.45,-0.3,2,0.2,0.1,0.15,60,45.9,3774,3628,101,3527,0,1053,0,855,0,1619,0,146,29,3803,1619,1908,3803,219046.45,1907.13,56,144,115,112,114,132,200,2654,0,1053,0,2474
419745,35,-0.1,-0.01,-0.45,-0.3,2,0.2,0.1,0.15,60,68.87,3770,3624,55,3569,2292,0,0,1111,0,166,0,146,33,3803,2458,1111,3803,924958.27,9367.2,721,464,396,242,171,145,100,1330,2292,0,0,1277
419746,35,-0.1,-0.01,-0.45,-0.3,2,0.2,0.2,0.15,20,60.07,3774,3628,79,3549,699,425,992,0,1433,0,0,146,29,3803,2132,1417,3803,1209422.79,12304.25,141,328,381,2699,0,0,0,0,699,425,2425,0
419747,35,-0.1,-0.01,-0.45,-0.3,2,0.2,0.2,0.15,20,59.88,3774,3628,84,3544,0,427,995,0,2122,0,0,146,29,3803,2122,1422,3803,1152072.8,11734.84,56,144,115,3229,0,0,0,0,0,427,3117,0
419748,35,-0.1,-0.01,-0.45,-0.3,2,0.2,0.2,0.15,20,62.03,3770,3624,79,3545,708,0,1346,0,1491,0,0,146,33,3803,2199,1346,3803,1399217.63,14216.37,85,185,268,3007,0,0,0,0,708,0,2837,0
419749,35,-0.1,-0.01,-0.45,-0.3,2,0.2,0.2,0.15,30,54.52,3774,3628,92,3536,976,665,943,0,952,0,0,146,29,3803,1928,1608,3803,1010994.3,10240.61,141,328,381,274,256,2156,0,0,976,665,1895,0
419750,35,-0.1,-0.01,-0.45,-0.3,2,0.2,0.2,0.15,30,53.06,3774,3628,98,3530,0,673,984,0,1873,0,0,146,29,3803,1873,1657,3803,841379.0,8461.69,56,144,115,112,114,2989,0,0,0,673,2857,0
419751,35,-0.1,-0.01,-0.45,-0.3,2,0.2,0.2,0.15,30,58.92,3770,3624,92,3532,1012,0,1451,0,1069,0,0,146,33,3803,2081,1451,3803,1391222.66,14100.64,85,185,268,170,155,2669,0,0,1012,0,2520,0
419752,35,-0.1,-0.01,-0.45,-0.3,2,0.2,0.2,0.15,40,50.58,3774,3628,95,3533,1112,949,648,149,319,356,0,146,29,3803,1787,1746,3803,735139.48,7439.82,141,328,381,274,256,261,253,1639,1112,949,967,505
419753,35,-0.1,-0.01,-0.45,-0.3,2,0.2,0.2,0.15,40,47.26,3774,3628,101,3527,0,980,718,162,633,1034,0,146,29,3803,1667,1860,3803,359651.02,3379.32,56,144,115,112,114,132,200,2654,0,980,1351,1196
419754,35,-0.1,-0.01,-0.45,-0.3,2,0.2,0.2,0.15,40,55.43,3770,3624,95,3529,1172,0,1264,309,336,448,0,146,33,3803,1956,1573,3803,1136961.39,11510.18,85,185,268,170,155,149,128,2389,1172,0,1600,757
419755,35,-0.1,-0.01,-0.45,-0.3,2,0.2,0.2,0.15,50,50.01,3774,3628,95,3533,1120,1014,0,752,0,647,0,146,29,3803,1767,1766,3803,662815.46,6697.4,141,328,381,274,256,261,253,1639,1120,1014,0,1399
419756,35,-0.1,-0.01,-0.45,-0.3,2,0.2,0.2,0.15,50,45.9,3774,3628,101,3527,0,1053,0,855,0,1619,0,146,29,3803,1619,1908,3803,219046.45,1907.13,56,144,115,112,114,132,200,2654,0,1053,0,2474
419757,35,-0.1,-0.01,-0.45,-0.3,2,0.2,0.2,0.15,50,54.92,3770,3624,95,3529,1180,0,0,1591,0,758,0,146,33,3803,1938,1591,3803,977257.97,9878.14,85,185,268,170,155,149,128,2389,1180,0,0,2349
419758,35,-0.1,-0.01,-0.45,-0.3,2,0.2,0.2,0.15,60,50.01,3774,3628,95,3533,1120,1014,0,752,0,647,0,146,29,3803,1767,1766,3803,662815.46,6697.4,141,328,381,274,256,261,253,1639,1120,1014,0,1399
419759,35,-0.1,-0.01,-0.45,-0.3,2,0.2,0.2,0.15,60,45.9,3774,3628,101,3527,0,1053,0,855,0,1619,0,146,29,3803,1619,1908,3803,219046.45,1907.13,56,144,115,112,114,132,200,2654,0,1053,0,2474
419760,35,-0.1,-0.01,-0.45,-0.3,2,0.2,0.2,0.15,60,54.92,3770,3624,95,3529,1180,0,0,1591,0,758,0,146,33,3803,1938,1591,3803,977257.97,9878.14,85,185,268,170,155,149,128,2389,1180,0,0,2349
419761,35,-0.1,-0.01,-0.45,-0.25,1,0.1,0.1,0.15,20,63.48,4863,4699,58,4641,2198,491,1204,0,748,0,0,164,40,4903,2946,1695,4903,1074606.63,10854.39,911,748,598,2384,0,0,0,0,2198,491,1952,0
419762,35,-0.1,-0.01,-0.45,-0.25,1,0.1,0.1,0.15,20,58.9,4863,4699,98,4601,0,524,1367,0,2710,0,0,164,40,4903,2710,1891,4903,1261779.93,12823.96,70,172,133,4226,0,0,0,0,0,524,4077,0
419763,35,-0.1,-0.01,-0.45,-0.25,1,0.1,0.1,0.15,20,65.14,4859,4695,59,4636,2237,0,1616,0,783,0,0,164,44,4903,3020,1616,4903,1275477.98,12852.88,841,584,488,2723,0,0,0,0,2237,0,2399,0
419764,35,-0.1,-0.01,-0.45,-0.25,1,0.1,0.1,0.15,30,63.03,4863,4699,66,4633,2531,752,961,0,389,0,0,164,40,4903,2920,1713,4903,952170.0,9646.76,911,748,598,432,308,1636,0,0,2531,752,1350,0
419765,35,-0.1,-0.01,-0.45,-0.25,1,0.1,0.1,0.15,30,51.91,4863,4699,116,4583,0,841,1363,0,2379,0,0,164,40,4903,2379,2204,4903,848430.93,8526.01,70,172,133,149,153,3906,0,0,0,841,3742,0
419766,35,-0.1,-0.01,-0.45,-0.25,1,0.1,0.1,0.15,30,66.64,4859,4695,67,4628,2634,0,1544,0,450,0,0,164,44,4903,3084,1544,4903,1333891.65,13498.6,841,584,488,324,213,2178,0,0,2634,0,1994,0
419767,35,-0.1,-0.01,-0.45,-0.25,1,0.1,0.1,0.15,40,62.08,4863,4699,68,4631,2675,1039,581,136,119,81,0,164,40,4903,2875,1756,4903,723683.59,7317.08,911,748,598,432,308,286,246,1102,2675,1039,700,217
419768,35,-0.1,-0.01,-0.45,-0.25,1,0.1,0.1,0.15,40,46.01,4863,4699,120,4579,0,1237,1021,214,830,1277,0,164,40,4903,2107,2472,4903,205579.23,1798.05,70,172,133,149,153,164,252,3486,0,1237,1851,1491
419769,35,-0.1,-0.01,-0.45,-0.25,1,0.1,0.1,0.15,40,66.52,4859,4695,69,4626,2825,0,1234,315,130,122,0,164,44,4903,3077,1549,4903,1129078.89,11411.5,841,584,488,324,213,184,127,1865,2825,0,1364,437
419770,35,-0.1,-0.01,-0.45,-0.25,1,0.1,0.1,0.15,50,61.8,4863,4699,68,4631,2683,1082,0,687,0,179,0,164,40,4903,2862,1769,4903,673674.79,6795.17,911,748,598,432,308,286,246,1102,2683,1082,0,866
419771,35,-0.1,-0.01,-0.45,-0.25,1,0.1,0.1,0.15,50,44.59,4863,4699,120,4579,0,1329,0,1208,0,2042,0,164,40,4903,2042,2537,4903,20017.84,-122.74,70,172,133,149,153,164,252,3486,0,1329,0,3250
419772,35,-0.1,-0.01,-0.45,-0.25,1,0.1,0.1,0.15,50,66.39,4859,4695,69,4626,2834,0,0,1555,0,237,0,164,44,4903,3071,1555,4903,1013945.22,10230.44,841,584,488,324,213,184,127,1865,2834,0,0,1792
419773,35,-0.1,-0.01,-0.45,-0.25,1,0.1,0.1,0.15,60,61.8,4863,4699,68,4631,2683,1082,0,687,0,179,0,164,40,4903,2862,1769,4903,673674.79,6795.17,911,748,598,432,308,286,246,1102,2683,1082,0,866
419774,35,-0.1,-0.01,-0.45,-0.25,1,0.1,0.1,0.15,60,44.59,4863,4699,120,4579,0,1329,0,1208,0,2042,0,164,40,4903,2042,2537,4903,20017.84,-122.74,70,172,133,149,153,164,252,3486,0,1329,0,3250
419775,35,-0.1,-0.01,-0.45,-0.25,1,0.1,0.1,0.15,60,66.39,4859,4695,69,4626,2834,0,0,1555,0,237,0,164,44,4903,3071,1555,4903,1013945.22,10230.44,841,584,488,324,213,184,127,1865,2834,0,0,1792
419776,35,-0.1,-0.01,-0.45,-0.25,1,0.1,0.2,0.15,20,59.11,4863,4699,91,4608,785,521,1363,0,1939,0,0,164,40,4903,2724,1884,4903,1351623.83,13736.98,162,377,430,3639,0,0,0,0,785,521,3302,0
419777,35,-0.1,-0.01,-0.45,-0.25,1,0.1,0.2,0.15,20,58.9,4863,4699,98,4601,0,524,1367,0,2710,0,0,164,40,4903,2710,1891,4903,1261779.93,12823.96,70,172,133,4226,0,0,0,0,0,524,4077,0
419778,35,-0.1,-0.01,-0.45,-0.25,1,0.1,0.2,0.15,20,60.81,4859,4695,92,4603,794,0,1804,0,2005,0,0,164,44,4903,2799,1804,4903,1559091.75,15803.89,92,206,300,4005,0,0,0,0,794,0,3809,0
419779,35,-0.1,-0.01,-0.45,-0.25,1,0.1,0.2,0.15,30,53.34,4863,4699,108,4591,1117,831,1311,0,1332,0,0,164,40,4903,2449,2142,4903,1093513.65,11069.1,162,377,430,337,322,2963,0,0,1117,831,2643,0
419780,35,-0.1,-0.01,-0.45,-0.25,1,0.1,0.2,0.15,30,51.91,4863,4699,116,4583,0,841,1363,0,2379,0,0,164,40,4903,2379,2204,4903,848430.93,8526.01,70,172,133,149,153,3906,0,0,0,841,3742,0
419781,35,-0.1,-0.01,-0.45,-0.25,1,0.1,0.2,0.15,30,57.17,4859,4695,109,4586,1154,0,1964,0,1468,0,0,164,44,4903,2622,1964,4903,1508679.64,15265.36,92,206,300,196,183,3609,0,0,1154,0,3432,0
419782,35,-0.1,-0.01,-0.45,-0.25,1,0.1,0.2,0.15,40,48.96,4863,4699,112,4587,1289,1204,936,201,460,497,0,164,40,4903,2246,2341,4903,685198.1,6935.03,162,377,430,337,322,320,325,2314,1289,1204,1396,698
419783,35,-0.1,-0.01,-0.45,-0.25,1,0.1,0.2,0.15,40,46.01,4863,4699,120,4579,0,1237,1021,214,830,1277,0,164,40,4903,2107,2472,4903,205579.23,1798.05,70,172,133,149,153,164,252,3486,0,1237,1851,1491
419784,35,-0.1,-0.01,-0.45,-0.25,1,0.1,0.2,0.15,40,53.19,4859,4695,113,4582,1351,0,1733,412,483,603,0,164,44,4903,2437,2145,4903,1094132.75,11031.12,92,206,300,196,183,177,161,3267,1351,0,2216,1015
419785,35,-0.1,-0.01,-0.45,-0.25,1,0.1,0.2,0.15,50,48.18,4863,4699,112,4587,1297,1287,0,1090,0,913,0,164,40,4903,2210,2377,4903,577441.6,5841.53,162,377,430,337,322,320,325,2314,1297,1287,0,2003
419786,35,-0.1,-0.01,-0.45,-0.25,1,0.1,0.2,0.15,50,44.59,4863,4699,120,4579,0,1329,0,1208,0,2042,0,164,40,4903,2042,2537,4903,20017.84,-122.74,70,172,133,149,153,164,252,3486,0,1329,0,3250
419787,35,-0.1,-0.01,-0.45,-0.25,1,0.1,0.2,0.15,50,52.51,4859,4695,113,4582,1359,0,0,2176,0,1047,0,164,44,4903,2406,2176,4903,875128.01,8808.13,92,206,300,196,183,177,161,3267,1359,0,0,3223
419788,35,-0.1,-0.01,-0.45,-0.25,1,0.1,0.2,0.15,60,48.18,4863,4699,112,4587,1297,1287,0,1090,0,913,0,164,40,4903,2210,2377,4903,577441.6,5841.53,162,377,430,337,322,320,325,2314,1297,1287,0,2003
419789,35,-0.1,-0.01,-0.45,-0.25,1,0.1,0.2,0.15,60,44.59,4863,4699,120,4579,0,1329,0,1208,0,2042,0,164,40,4903,2042,2537,4903,20017.84,-122.74,70,172,133,149,153,164,252,3486,0,1329,0,3250
419790,35,-0.1,-0.01,-0.45,-0.25,1,0.1,0.2,0.15,60,52.51,4859,4695,113,4582,1359,0,0,2176,0,1047,0,164,44,4903,2406,2176,4903,875128.01,8808.13,92,206,300,196,183,177,161,3267,1359,0,0,3223
419791,35,-0.1,-0.01,-0.45,-0.25,1,0.2,0.1,0.15,20,63.48,4863,4699,58,4641,2198,491,1204,0,748,0,0,164,40,4903,2946,1695,4903,1074606.63,10854.39,911,748,598,2384,0,0,0,0,2198,491,1952,0
419792,35,-0.1,-0.01,-0.45,-0.25,1,0.2,0.1,0.15,20,58.9,4863,4699,98,4601,0,524,1367,0,2710,0,0,164,40,4903,2710,1891,4903,1261779.93,12823.96,70,172,133,4226,0,0,0,0,0,524,4077,0
419793,35,-0.1,-0.01,-0.45,-0.25,1,0.2,0.1,0.15,20,65.14,4859,4695,59,4636,2237,0,1616,0,783,0,0,164,44,4903,3020,1616,4903,1275477.98,12852.88,841,584,488,2723,0,0,0,0,2237,0,2399,0
419794,35,-0.1,-0.01,-0.45,-0.25,1,0.2,0.1,0.15,30,63.03,4863,4699,66,4633,2531,752,961,0,389,0,0,164,40,4903,2920,1713,4903,952170.0,9646.76,911,748,598,432,308,1636,0,0,2531,752,1350,0
419795,35,-0.1,-0.01,-0.45,-0.25,1,0.2,0.1,0.15,30,51.91,4863,4699,116,4583,0,841,1363,0,2379,0,0,164,40,4903,2379,2204,4903,848430.93,8526.01,70,172,133,149,153,3906,0,0,0,841,3742,0
419796,35,-0.1,-0.01,-0.45,-0.25,1,0.2,0.1,0.15,30,66.64,4859,4695,67,4628,2634,0,1544,0,450,0,0,164,44,4903,3084,1544,4903,1333891.65,13498.6,841,584,488,324,213,2178,0,0,2634,0,1994,0
419797,35,-0.1,-0.01,-0.45,-0.25,1,0.2,0.1,0.15,40,62.08,4863,4699,68,4631,2675,1039,581,136,119,81,0,164,40,4903,2875,1756,4903,723683.59,7317.08,911,748,598,432,308,286,246,1102,2675,1039,700,217
419798,35,-0.1,-0.01,-0.45,-0.25,1,0.2,0.1,0.15,40,46.01,4863,4699,120,4579,0,1237,1021,214,830,1277,0,164,40,4903,2107,2472,4903,205579.23,1798.05,70,172,133,149,153,164,252,3486,0,1237,1851,1491
419799,35,-0.1,-0.01,-0.45,-0.25,1,0.2,0.1,0.15,40,66.52,4859,4695,69,4626,2825,0,1234,315,130,122,0,164,44,4903,3077,1549,4903,1129078.89,11411.5,841,584,488,324,213,184,127,1865,2825,0,1364,437
419800,35,-0.1,-0.01,-0.45,-0.25,1,0.2,0.1,0.15,50,61.8,4863,4699,68,4631,2683,1082,0,687,0,179,0,164,40,4903,2862,1769,4903,673674.79,6795.17,911,748,598,432,308,286,246,1102,2683,1082,0,866
419801,35,-0.1,-0.01,-0.45,-0.25,1,0.2,0.1,0.15,50,44.59,4863,4699,120,4579,0,1329,0,1208,0,2042,0,164,40,4903,2042,2537,4903,20017.84,-122.74,70,172,133,149,153,164,252,3486,0,1329,0,3250
419802,35,-0.1,-0.01,-0.45,-0.25,1,0.2,0.1,0.15,50,66.39,4859,4695,69,4626,2834,0,0,1555,0,237,0,164,44,4903,3071,1555,4903,1013945.22,10230.44,841,584,488,324,213,184,127,1865,2834,0,0,1792
419803,35,-0.1,-0.01,-0.45,-0.25,1,0.2,0.1,0.15,60,61.8,4863,4699,68,4631,2683,1082,0,687,0,179,0,164,40,4903,2862,1769,4903,673674.79,6795.17,911,748,598,432,308,286,246,1102,2683,1082,0,866
419804,35,-0.1,-0.01,-0.45,-0.25,1,0.2,0.1,0.15,60,44.59,4863,4699,120,4579,0,1329,0,1208,0,2042,0,164,40,4903,2042,2537,4903,20017.84,-122.74,70,172,133,149,153,164,252,3486,0,1329,0,3250
419805,35,-0.1,-0.01,-0.45,-0.25,1,0.2,0.1,0.15,60,66.39,4859,4695,69,4626,2834,0,0,1555,0,237,0,164,44,4903,3071,1555,4903,1013945.22,10230.44,841,584,488,324,213,184,127,1865,2834,0,0,1792
419806,35,-0.1,-0.01,-0.45,-0.25,1,0.2,0.2,0.15,20,59.11,4863,4699,91,4608,785,521,1363,0,1939,0,0,164,40,4903,2724,1884,4903,1351623.83,13736.98,162,377,430,3639,0,0,0,0,785,521,3302,0
419807,35,-0.1,-0.01,-0.45,-0.25,1,0.2,0.2,0.15,20,58.9,4863,4699,98,4601,0,524,1367,0,2710,0,0,164,40,4903,2710,1891,4903,1261779.93,12823.96,70,172,133,4226,0,0,0,0,0,524,4077,0
419808,35,-0.1,-0.01,-0.45,-0.25,1,0.2,0.2,0.15,20,60.81,4859,4695,92,4603,794,0,1804,0,2005,0,0,164,44,4903,2799,1804,4903,1559091.75,15803.89,92,206,300,4005,0,0,0,0,794,0,3809,0
419809,35,-0.1,-0.01,-0.45,-0.25,1,0.2,0.2,0.15,30,53.34,4863,4699,108,4591,1117,831,1311,0,1332,0,0,164,40,4903,2449,2142,4903,1093513.65,11069.1,162,377,430,337,322,2963,0,0,1117,831,2643,0
419810,35,-0.1,-0.01,-0.45,-0.25,1,0.2,0.2,0.15,30,51.91,4863,4699,116,4583,0,841,1363,0,2379,0,0,164,40,4903,2379,2204,4903,848430.93,8526.01,70,172,133,149,153,3906,0,0,0,841,3742,0
419811,35,-0.1,-0.01,-0.45,-0.25,1,0.2,0.2,0.15,30,57.17,4859,4695,109,4586,1154,0,1964,0,1468,0,0,164,44,4903,2622,1964,4903,1508679.64,15265.36,92,206,300,196,183,3609,0,0,1154,0,3432,0
419812,35,-0.1,-0.01,-0.45,-0.25,1,0.2,0.2,0.15,40,48.96,4863,4699,112,4587,1289,1204,936,201,460,497,0,164,40,4903,2246,2341,4903,685198.1,6935.03,162,377,430,337,322,320,325,2314,1289,1204,1396,698
419813,35,-0.1,-0.01,-0.45,-0.25,1,0.2,0.2,0.15,40,46.01,4863,4699,120,4579,0,1237,1021,214,830,1277,0,164,40,4903,2107,2472,4903,205579.23,1798.05,70,172,133,149,153,164,252,3486,0,1237,1851,1491
419814,35,-0.1,-0.01,-0.45,-0.25,1,0.2,0.2,0.15,40,53.19,4859,4695,113,4582,1351,0,1733,412,483,603,0,164,44,4903,2437,2145,4903,1094132.75,11031.12,92,206,300,196,183,177,161,3267,1351,0,2216,1015
419815,35,-0.1,-0.01,-0.45,-0.25,1,0.2,0.2,0.15,50,48.18,4863,4699,112,4587,1297,1287,0,1090,0,913,0,164,40,4903,2210,2377,4903,577441.6,5841.53,162,377,430,337,322,320,325,2314,1297,1287,0,2003
419816,35,-0.1,-0.01,-0.45,-0.25,1,0.2,0.2,0.15,50,44.59,4863,4699,120,4579,0,1329,0,1208,0,2042,0,164,40,4903,2042,2537,4903,20017.84,-122.74,70,172,133,149,153,164,252,3486,0,1329,0,3250
419817,35,-0.1,-0.01,-0.45,-0.25,1,0.2,0.2,0.15,50,52.51,4859,4695,113,4582,1359,0,0,2176,0,1047,0,164,44,4903,2406,2176,4903,875128.01,8808.13,92,206,300,196,183,177,161,3267,1359,0,0,3223
419818,35,-0.1,-0.01,-0.45,-0.25,1,0.2,0.2,0.15,60,48.18,4863,4699,112,4587,1297,1287,0,1090,0,913,0,164,40,4903,2210,2377,4903,577441.6,5841.53,162,377,430,337,322,320,325,2314,1297,1287,0,2003
419819,35,-0.1,-0.01,-0.45,-0.25,1,0.2,0.2,0.15,60,44.59,4863,4699,120,4579,0,1329,0,1208,0,2042,0,164,40,4903,2042,2537,4903,20017.84,-122.74,70,172,133,149,153,164,252,3486,0,1329,0,3250
419820,35,-0.1,-0.01,-0.45,-0.25,1,0.2,0.2,0.15,60,52.51,4859,4695,113,4582,1359,0,0,2176,0,1047,0,164,44,4903,2406,2176,4903,875128.01,8808.13,92,206,300,196,183,177,161,3267,1359,0,0,3223
419821,35,-0.1,-0.01,-0.45,-0.25,2,0.1,0.1,0.15,20,66.56,4863,4699,58,4641,2337,485,1067,0,752,0,0,164,40,4903,3089,1552,4903,1419343.69,16334.29,941,784,654,2262,0,0,0,0,2337,485,1819,0
419822,35,-0.1,-0.01,-0.45,-0.25,2,0.1,0.1,0.15,20,62.1,4863,4699,98,4601,0,524,1220,0,2857,0,0,164,40,4903,2857,1744,4903,1764448.1,19226.69,70,172,133,4226,0,0,0,0,0,524,4077,0
419823,35,-0.1,-0.01,-0.45,-0.25,2,0.1,0.1,0.15,20,69.59,4859,4695,59,4636,2420,0,1410,0,806,0,0,164,44,4903,3226,1410,4903,1775422.71,18603.15,874,627,567,2568,0,0,0,0,2420,0,2216,0
419824,35,-0.1,-0.01,-0.45,-0.25,2,0.1,0.1,0.15,30,67.15,4863,4699,66,4633,2695,729,793,0,416,0,0,164,40,4903,3111,1522,4903,1354957.85,16946.77,941,784,654,443,318,1493,0,0,2695,729,1209,0
419825,35,-0.1,-0.01,-0.45,-0.25,2,0.1,0.1,0.15,30,55.49,4863,4699,116,4583,0,841,1199,0,2543,0,0,164,40,4903,2543,2040,4903,1447570.32,17397.4,70,172,133,149,153,3906,0,0,0,841,3742,0
419826,35,-0.1,-0.01,-0.45,-0.25,2,0.1,0.1,0.15,30,72.69,4859,4695,67,4628,2869,0,1264,0,495,0,0,164,44,4903,3364,1264,4903,2025901.32,20930.44,874,627,567,352,248,1960,0,0,2869,0,1759,0
419827,35,-0.1,-0.01,-0.45,-0.25,2,0.1,0.1,0.15,40,66.72,4863,4699,68,4631,2858,998,461,82,155,77,0,164,40,4903,3090,1541,4903,1093610.0,16170.12,941,784,654,443,318,284,251,956,2858,998,616,159
419828,35,-0.1,-0.01,-0.45,-0.25,2,0.1,0.1,0.15,40,50.47,4863,4699,120,4579,0,1237,890,141,961,1350,0,164,40,4903,2311,2268,4903,583314.66,12495.9,70,172,133,149,153,164,252,3486,0,1237,1851,1491
419829,35,-0.1,-0.01,-0.45,-0.25,2,0.1,0.1,0.15,40,73.3,4859,4695,69,4626,3102,0,1028,207,179,110,0,164,44,4903,3391,1235,4903,1837348.2,20585.01,874,627,567,352,248,201,147,1610,3102,0,1207,317
419830,35,-0.1,-0.01,-0.45,-0.25,2,0.1,0.1,0.15,50,66.08,4863,4699,68,4631,2868,1036,0,535,0,192,0,164,40,4903,3060,1571,4903,1018913.69,15768.8,941,784,654,443,318,284,251,956,2868,1036,0,727
419831,35,-0.1,-0.01,-0.45,-0.25,2,0.1,0.1,0.15,50,48.53,4863,4699,120,4579,0,1329,0,1028,0,2222,0,164,40,4903,2222,2357,4903,312095.21,10681.34,70,172,133,149,153,164,252,3486,0,1329,0,3250
419832,35,-0.1,-0.01,-0.45,-0.25,2,0.1,0.1,0.15,50,72.96,4859,4695,69,4626,3114,0,0,1251,0,261,0,164,44,4903,3375,1251,4903,1642792.79,19576.62,874,627,567,352,248,201,147,1610,3114,0,0,1512
419833,35,-0.1,-0.01,-0.45,-0.25,2,0.1,0.1,0.15,60,66.08,4863,4699,68,4631,2868,1036,0,535,0,192,0,164,40,4903,3060,1571,4903,1018913.69,15768.8,941,784,654,443,318,284,251,956,2868,1036,0,727
419834,35,-0.1,-0.01,-0.45,-0.25,2,0.1,0.1,0.15,60,48.53,4863,4699,120,4579,0,1329,0,1028,0,2222,0,164,40,4903,2222,2357,4903,312095.21,10681.34,70,172,133,149,153,164,252,3486,0,1329,0,3250
419835,35,-0.1,-0.01,-0.45,-0.25,2,0.1,0.1,0.15,60,72.96,4859,4695,69,4626,3114,0,0,1251,0,261,0,164,44,4903,3375,1251,4903,1642792.79,19576.62,874,627,567,352,248,201,147,1610,3114,0,0,1512
419836,35,-0.1,-0.01,-0.45,-0.25,2,0.1,0.2,0.15,20,62.3,4863,4699,91,4608,861,520,1217,0,2010,0,0,164,40,4903,2871,1737,4903,1870743.72,20139.21,163,390,455,3600,0,0,0,0,861,520,3227,0
419837,35,-0.1,-0.01,-0.45,-0.25,2,0.1,0.2,0.15,20,62.1,4863,4699,98,4601,0,524,1220,0,2857,0,0,164,40,4903,2857,1744,4903,1764448.1,19226.69,70,172,133,4226,0,0,0,0,0,524,4077,0
419838,35,-0.1,-0.01,-0.45,-0.25,2,0.1,0.2,0.15,20,65.5,4859,4695,92,4603,883,0,1588,0,2132,0,0,164,44,4903,3015,1588,4903,2258601.29,22652.9,93,219,331,3960,0,0,0,0,883,0,3720,0
419839,35,-0.1,-0.01,-0.45,-0.25,2,0.1,0.2,0.15,30,57.13,4863,4699,108,4591,1231,827,1141,0,1392,0,0,164,40,4903,2623,1968,4903,1746257.63,20035.47,163,390,455,373,343,2867,0,0,1231,827,2533,0
419840,35,-0.1,-0.01,-0.45,-0.25,2,0.1,0.2,0.15,30,55.49,4863,4699,116,4583,0,841,1199,0,2543,0,0,164,40,4903,2543,2040,4903,1447570.32,17397.4,70,172,133,149,153,3906,0,0,0,841,3742,0
419841,35,-0.1,-0.01,-0.45,-0.25,2,0.1,0.2,0.15,30,63.15,4859,4695,109,4586,1311,0,1690,0,1585,0,0,164,44,4903,2896,1690,4903,2554747.14,24907.81,93,219,331,240,220,3483,0,0,1311,0,3275,0
419842,35,-0.1,-0.01,-0.45,-0.25,2,0.1,0.2,0.15,40,53.59,4863,4699,112,4587,1418,1193,802,134,543,497,0,164,40,4903,2458,2129,4903,1218669.98,17841.05,163,390,455,373,343,334,322,2207,1418,1193,1345,631
419843,35,-0.1,-0.01,-0.45,-0.25,2,0.1,0.2,0.15,40,50.47,4863,4699,120,4579,0,1237,890,141,961,1350,0,164,40,4903,2311,2268,4903,583314.66,12495.9,70,172,133,149,153,164,252,3486,0,1237,1851,1491
419844,35,-0.1,-0.01,-0.45,-0.25,2,0.1,0.2,0.15,40,60.04,4859,4695,113,4582,1537,0,1541,290,598,616,0,164,44,4903,2751,1831,4903,2024810.87,22748.1,93,219,331,240,220,208,164,3107,1537,0,2139,906
419845,35,-0.1,-0.01,-0.45,-0.25,2,0.1,0.2,0.15,50,52.39,4863,4699,112,4587,1426,1274,0,910,0,977,0,164,40,4903,2403,2184,4903,1053176.78,16897.25,163,390,455,373,343,334,322,2207,1426,1274,0,1887
419846,35,-0.1,-0.01,-0.45,-0.25,2,0.1,0.2,0.15,50,48.53,4863,4699,120,4579,0,1329,0,1028,0,2222,0,164,40,4903,2222,2357,4903,312095.21,10681.34,70,172,133,149,153,164,252,3486,0,1329,0,3250
419847,35,-0.1,-0.01,-0.45,-0.25,2,0.1,0.2,0.15,50,59.12,4859,4695,113,4582,1546,0,0,1873,0,1163,0,164,44,4903,2709,1873,4903,1630543.26,20693.23,93,219,331,240,220,208,164,3107,1546,0,0,3036
419848,35,-0.1,-0.01,-0.45,-0.25,2,0.1,0.2,0.15,60,52.39,4863,4699,112,4587,1426,1274,0,910,0,977,0,164,40,4903,2403,2184,4903,1053176.78,16897.25,163,390,455,373,343,334,322,2207,1426,1274,0,1887
419849,35,-0.1,-0.01,-0.45,-0.25,2,0.1,0.2,0.15,60,48.53,4863,4699,120,4579,0,1329,0,1028,0,2222,0,164,40,4903,2222,2357,4903,312095.21,10681.34,70,172,133,149,153,164,252,3486,0,1329,0,3250
419850,35,-0.1,-0.01,-0.45,-0.25,2,0.1,0.2,0.15,60,59.12,4859,4695,113,4582,1546,0,0,1873,0,1163,0,164,44,4903,2709,1873,4903,1630543.26,20693.23,93,219,331,240,220,208,164,3107,1546,0,0,3036
419851,35,-0.1,-0.01,-0.45,-0.25,2,0.2,0.1,0.15,20,63.48,4863,4699,58,4641,2198,491,1204,0,748,0,0,164,40,4903,2946,1695,4903,1074606.63,10854.39,911,748,598,2384,0,0,0,0,2198,491,1952,0
419852,35,-0.1,-0.01,-0.45,-0.25,2,0.2,0.1,0.15,20,58.9,4863,4699,98,4601,0,524,1367,0,2710,0,0,164,40,4903,2710,1891,4903,1261779.93,12823.96,70,172,133,4226,0,0,0,0,0,524,4077,0
419853,35,-0.1,-0.01,-0.45,-0.25,2,0.2,0.1,0.15,20,65.14,4859,4695,59,4636,2237,0,1616,0,783,0,0,164,44,4903,3020,1616,4903,1275477.98,12852.88,841,584,488,2723,0,0,0,0,2237,0,2399,0
419854,35,-0.1,-0.01,-0.45,-0.25,2,0.2,0.1,0.15,30,63.03,4863,4699,66,4633,2531,752,961,0,389,0,0,164,40,4903,2920,1713,4903,952170.0,9646.76,911,748,598,432,308,1636,0,0,2531,752,1350,0
419855,35,-0.1,-0.01,-0.45,-0.25,2,0.2,0.1,0.15,30,51.91,4863,4699,116,4583,0,841,1363,0,2379,0,0,164,40,4903,2379,2204,4903,848430.93,8526.01,70,172,133,149,153,3906,0,0,0,841,3742,0
419856,35,-0.1,-0.01,-0.45,-0.25,2,0.2,0.1,0.15,30,66.64,4859,4695,67,4628,2634,0,1544,0,450,0,0,164,44,4903,3084,1544,4903,1333891.65,13498.6,841,584,488,324,213,2178,0,0,2634,0,1994,0
419857,35,-0.1,-0.01,-0.45,-0.25,2,0.2,0.1,0.15,40,62.08,4863,4699,68,4631,2675,1039,581,136,119,81,0,164,40,4903,2875,1756,4903,723683.59,7317.08,911,748,598,432,308,286,246,1102,2675,1039,700,217
419858,35,-0.1,-0.01,-0.45,-0.25,2,0.2,0.1,0.15,40,46.01,4863,4699,120,4579,0,1237,1021,214,830,1277,0,164,40,4903,2107,2472,4903,205579.23,1798.05,70,172,133,149,153,164,252,3486,0,1237,1851,1491
419859,35,-0.1,-0.01,-0.45,-0.25,2,0.2,0.1,0.15,40,66.52,4859,4695,69,4626,2825,0,1234,315,130,122,0,164,44,4903,3077,1549,4903,1129078.89,11411.5,841,584,488,324,213,184,127,1865,2825,0,1364,437
419860,35,-0.1,-0.01,-0.45,-0.25,2,0.2,0.1,0.15,50,61.8,4863,4699,68,4631,2683,1082,0,687,0,179,0,164,40,4903,2862,1769,4903,673674.79,6795.17,911,748,598,432,308,286,246,1102,2683,1082,0,866
419861,35,-0.1,-0.01,-0.45,-0.25,2,0.2,0.1,0.15,50,44.59,4863,4699,120,4579,0,1329,0,1208,0,2042,0,164,40,4903,2042,2537,4903,20017.84,-122.74,70,172,133,149,153,164,252,3486,0,1329,0,3250
419862,35,-0.1,-0.01,-0.45,-0.25,2,0.2,0.1,0.15,50,66.39,4859,4695,69,4626,2834,0,0,1555,0,237,0,164,44,4903,3071,1555,4903,1013945.22,10230.44,841,584,488,324,213,184,127,1865,2834,0,0,1792
419863,35,-0.1,-0.01,-0.45,-0.25,2,0.2,0.1,0.15,60,61.8,4863,4699,68,4631,2683,1082,0,687,0,179,0,164,40,4903,2862,1769,4903,673674.79,6795.17,911,748,598,432,308,286,246,1102,2683,1082,0,866
419864,35,-0.1,-0.01,-0.45,-0.25,2,0.2,0.1,0.15,60,44.59,4863,4699,120,4579,0,1329,0,1208,0,2042,0,164,40,4903,2042,2537,4903,20017.84,-122.74,70,172,133,149,153,164,252,3486,0,1329,0,3250
419865,35,-0.1,-0.01,-0.45,-0.25,2,0.2,0.1,0.15,60,66.39,4859,4695,69,4626,2834,0,0,1555,0,237,0,164,44,4903,3071,1555,4903,1013945.22,10230.44,841,584,488,324,213,184,127,1865,2834,0,0,1792
419866,35,-0.1,-0.01,-0.45,-0.25,2,0.2,0.2,0.15,20,59.11,4863,4699,91,4608,785,521,1363,0,1939,0,0,164,40,4903,2724,1884,4903,1351623.83,13736.98,162,377,430,3639,0,0,0,0,785,521,3302,0
419867,35,-0.1,-0.01,-0.45,-0.25,2,0.2,0.2,0.15,20,58.9,4863,4699,98,4601,0,524,1367,0,2710,0,0,164,40,4903,2710,1891,4903,1261779.93,12823.96,70,172,133,4226,0,0,0,0,0,524,4077,0
419868,35,-0.1,-0.01,-0.45,-0.25,2,0.2,0.2,0.15,20,60.81,4859,4695,92,4603,794,0,1804,0,2005,0,0,164,44,4903,2799,1804,4903,1559091.75,15803.89,92,206,300,4005,0,0,0,0,794,0,3809,0
419869,35,-0.1,-0.01,-0.45,-0.25,2,0.2,0.2,0.15,30,53.34,4863,4699,108,4591,1117,831,1311,0,1332,0,0,164,40,4903,2449,2142,4903,1093513.65,11069.1,162,377,430,337,322,2963,0,0,1117,831,2643,0
419870,35,-0.1,-0.01,-0.45,-0.25,2,0.2,0.2,0.15,30,51.91,4863,4699,116,4583,0,841,1363,0,2379,0,0,164,40,4903,2379,2204,4903,848430.93,8526.01,70,172,133,149,153,3906,0,0,0,841,3742,0
419871,35,-0.1,-0.01,-0.45,-0.25,2,0.2,0.2,0.15,30,57.17,4859,4695,109,4586,1154,0,1964,0,1468,0,0,164,44,4903,2622,1964,4903,1508679.64,15265.36,92,206,300,196,183,3609,0,0,1154,0,3432,0
419872,35,-0.1,-0.01,-0.45,-0.25,2,0.2,0.2,0.15,40,48.96,4863,4699,112,4587,1289,1204,936,201,460,497,0,164,40,4903,2246,2341,4903,685198.1,6935.03,162,377,430,337,322,320,325,2314,1289,1204,1396,698
419873,35,-0.1,-0.01,-0.45,-0.25,2,0.2,0.2,0.15,40,46.01,4863,4699,120,4579,0,1237,1021,214,830,1277,0,164,40,4903,2107,2472,4903,205579.23,1798.05,70,172,133,149,153,164,252,3486,0,1237,1851,1491
419874,35,-0.1,-0.01,-0.45,-0.25,2,0.2,0.2,0.15,40,53.19,4859,4695,113,4582,1351,0,1733,412,483,603,0,164,44,4903,2437,2145,4903,1094132.75,11031.12,92,206,300,196,183,177,161,3267,1351,0,2216,1015
419875,35,-0.1,-0.01,-0.45,-0.25,2,0.2,0.2,0.15,50,48.18,4863,4699,112,4587,1297,1287,0,1090,0,913,0,164,40,4903,2210,2377,4903,577441.6,5841.53,162,377,430,337,322,320,325,2314,1297,1287,0,2003
419876,35,-0.1,-0.01,-0.45,-0.25,2,0.2,0.2,0.15,50,44.59,4863,4699,120,4579,0,1329,0,1208,0,2042,0,164,40,4903,2042,2537,4903,20017.84,-122.74,70,172,133,149,153,164,252,3486,0,1329,0,3250
419877,35,-0.1,-0.01,-0.45,-0.25,2,0.2,0.2,0.15,50,52.51,4859,4695,113,4582,1359,0,0,2176,0,1047,0,164,44,4903,2406,2176,4903,875128.01,8808.13,92,206,300,196,183,177,161,3267,1359,0,0,3223
419878,35,-0.1,-0.01,-0.45,-0.25,2,0.2,0.2,0.15,60,48.18,4863,4699,112,4587,1297,1287,0,1090,0,913,0,164,40,4903,2210,2377,4903,577441.6,5841.53,162,377,430,337,322,320,325,2314,1297,1287,0,2003
419879,35,-0.1,-0.01,-0.45,-0.25,2,0.2,0.2,0.15,60,44.59,4863,4699,120,4579,0,1329,0,1208,0,2042,0,164,40,4903,2042,2537,4903,20017.84,-122.74,70,172,133,149,153,164,252,3486,0,1329,0,3250
419880,35,-0.1,-0.01,-0.45,-0.25,2,0.2,0.2,0.15,60,52.51,4859,4695,113,4582,1359,0,0,2176,0,1047,0,164,44,4903,2406,2176,4903,875128.01,8808.13,92,206,300,196,183,177,161,3267,1359,0,0,3223
419881,35,-0.1,-0.01,-0.4,-0.4,1,0.1,0.1,0.15,20,0.0,2,1,0,1,0,0,1,0,0,0,0,1,0,2,0,1,2,-850.5,-8.75,0,0,0,1,0,0,0,0,0,0,1,0
419882,35,-0.1,-0.01,-0.4,-0.4,1,0.1,0.1,0.15,20,0.0,2,1,0,1,0,0,1,0,0,0,0,1,0,2,0,1,2,-850.5,-8.75,0,0,0,1,0,0,0,0,0,0,1,0
419883,35,-0.1,-0.01,-0.4,-0.4,1,0.1,0.1,0.15,20,0.0,2,1,0,1,0,0,1,0,0,0,0,1,0,2,0,1,2,-850.5,-8.75,0,0,0,1,0,0,0,0,0,0,1,0
419884,35,-0.1,-0.01,-0.4,-0.4,1,0.1,0.1,0.15,30,0.0,2,1,0,1,0,1,0,0,0,0,0,1,0,2,0,1,2,-1458.0,-15.0,0,0,0,0,1,0,0,0,0,1,0,0
419885,35,-0.1,-0.01,-0.4,-0.4,1,0.1,0.1,0.15,30,0.0,2,1,0,1,0,1,0,0,0,0,0,1,0,2,0,1,2,-1458.0,-15.0,0,0,0,0,1,0,0,0,0,1,0,0
419886,35,-0.1,-0.01,-0.4,-0.4,1,0.1,0.1,0.15,30,100.0,2,1,0,1,1,0,0,0,0,0,0,1,0,2,1,0,2,972.0,10.0,0,0,0,0,0,1,0,0,1,0,0,0
419887,35,-0.1,-0.01,-0.4,-0.4,1,0.1,0.1,0.15,40,0.0,2,1,0,1,0,1,0,0,0,0,0,1,0,2,0,1,2,-1458.0,-15.0,0,0,0,0,1,0,0,0,0,1,0,0
419888,35,-0.1,-0.01,-0.4,-0.4,1,0.1,0.1,0.15,40,0.0,2,1,0,1,0,1,0,0,0,0,0,1,0,2,0,1,2,-1458.0,-15.0,0,0,0,0,1,0,0,0,0,1,0,0
419889,35,-0.1,-0.01,-0.4,-0.4,1,0.1,0.1,0.15,40,100.0,2,1,0,1,1,0,0,0,0,0,0,1,0,2,1,0,2,972.0,10.0,0,0,0,0,0,1,0,0,1,0,0,0
419890,35,-0.1,-0.01,-0.4,-0.4,1,0.1,0.1,0.15,50,0.0,2,1,0,1,0,1,0,0,0,0,0,1,0,2,0,1,2,-1458.0,-15.0,0,0,0,0,1,0,0,0,0,1,0,0
419891,35,-0.1,-0.01,-0.4,-0.4,1,0.1,0.1,0.15,50,0.0,2,1,0,1,0,1,0,0,0,0,0,1,0,2,0,1,2,-1458.0,-15.0,0,0,0,0,1,0,0,0,0,1,0,0
419892,35,-0.1,-0.01,-0.4,-0.4,1,0.1,0.1,0.15,50,100.0,2,1,0,1,1,0,0,0,0,0,0,1,0,2,1,0,2,972.0,10.0,0,0,0,0,0,1,0,0,1,0,0,0
419893,35,-0.1,-0.01,-0.4,-0.4,1,0.1,0.1,0.15,60,0.0,2,1,0,1,0,1,0,0,0,0,0,1,0,2,0,1,2,-1458.0,-15.0,0,0,0,0,1,0,0,0,0,1,0,0
419894,35,-0.1,-0.01,-0.4,-0.4,1,0.1,0.1,0.15,60,0.0,2,1,0,1,0,1,0,0,0,0,0,1,0,2,0,1,2,-1458.0,-15.0,0,0,0,0,1,0,0,0,0,1,0,0
419895,35,-0.1,-0.01,-0.4,-0.4,1,0.1,0.1,0.15,60,100.0,2,1,0,1,1,0,0,0,0,0,0,1,0,2,1,0,2,972.0,10.0,0,0,0,0,0,1,0,0,1,0,0,0
419896,35,-0.1,-0.01,-0.4,-0.4,1,0.1,0.2,0.15,20,0.0,2,1,0,1,0,0,1,0,0,0,0,1,0,2,0,1,2,-850.5,-8.75,0,0,0,1,0,0,0,0,0,0,1,0
419897,35,-0.1,-0.01,-0.4,-0.4,1,0.1,0.2,0.15,20,0.0,2,1,0,1,0,0,1,0,0,0,0,1,0,2,0,1,2,-850.5,-8.75,0,0,0,1,0,0,0,0,0,0,1,0
419898,35,-0.1,-0.01,-0.4,-0.4,1,0.1,0.2,0.15,20,0.0,2,1,0,1,0,0,1,0,0,0,0,1,0,2,0,1,2,-850.5,-8.75,0,0,0,1,0,0,0,0,0,0,1,0
419899,35,-0.1,-0.01,-0.4,-0.4,1,0.1,0.2,0.15,30,0.0,2,1,0,1,0,1,0,0,0,0,0,1,0,2,0,1,2,-1458.0,-15.0,0,0,0,0,1,0,0,0,0,1,0,0
419900,35,-0.1,-0.01,-0.4,-0.4,1,0.1,0.2,0.15,30,0.0,2,1,0,1,0,1,0,0,0,0,0,1,0,2,0,1,2,-1458.0,-15.0,0,0,0,0,1,0,0,0,0,1,0,0
419901,35,-0.1,-0.01,-0.4,-0.4,1,0.1,0.2,0.15,30,100.0,2,1,0,1,1,0,0,0,0,0,0,1,0,2,1,0,2,1944.0,20.0,0,0,0,0,0,1,0,0,1,0,0,0
419902,35,-0.1,-0.01,-0.4,-0.4,1,0.1,0.2,0.15,40,0.0,2,1,0,1,0,1,0,0,0,0,0,1,0,2,0,1,2,-1458.0,-15.0,0,0,0,0,1,0,0,0,0,1,0,0
419903,35,-0.1,-0.01,-0.4,-0.4,1,0.1,0.2,0.15,40,0.0,2,1,0,1,0,1,0,0,0,0,0,1,0,2,0,1,2,-1458.0,-15.0,0,0,0,0,1,0,0,0,0,1,0,0
419904,35,-0.1,-0.01,-0.4,-0.4,1,0.1,0.2,0.15,40,100.0,2,1,0,1,1,0,0,0,0,0,0,1,0,2,1,0,2,1944.0,20.0,0,0,0,0,0,1,0,0,1,0,0,0
419905,35,-0.1,-0.01,-0.4,-0.4,1,0.1,0.2,0.15,50,0.0,2,1,0,1,0,1,0,0,0,0,0,1,0,2,0,1,2,-1458.0,-15.0,0,0,0,0,1,0,0,0,0,1,0,0
419906,35,-0.1,-0.01,-0.4,-0.4,1,0.1,0.2,0.15,50,0.0,2,1,0,1,0,1,0,0,0,0,0,1,0,2,0,1,2,-1458.0,-15.0,0,0,0,0,1,0,0,0,0,1,0,0
419907,35,-0.1,-0.01,-0.4,-0.4,1,0.1,0.2,0.15,50,100.0,2,1,0,1,1,0,0,0,0,0,0,1,0,2,1,0,2,1944.0,20.0,0,0,0,0,0,1,0,0,1,0,0,0
419908,35,-0.1,-0.01,-0.4,-0.4,1,0.1,0.2,0.15,60,0.0,2,1,0,1,0,1,0,0,0,0,0,1,0,2,0,1,2,-1458.0,-15.0,0,0,0,0,1,0,0,0,0,1,0,0
419909,35,-0.1,-0.01,-0.4,-0.4,1,0.1,0.2,0.15,60,0.0,2,1,0,1,0,1,0,0,0,0,0,1,0,2,0,1,2,-1458.0,-15.0,0,0,0,0,1,0,0,0,0,1,0,0
419910,35,-0.1,-0.01,-0.4,-0.4,1,0.1,0.2,0.15,60,100.0,2,1,0,1,1,0,0,0,0,0,0,1,0,2,1,0,2,1944.0,20.0,0,0,0,0,0,1,0,0,1,0,0,0
419911,35,-0.1,-0.01,-0.4,-0.4,1,0.2,0.1,0.15,20,0.0,2,1,0,1,0,0,1,0,0,0,0,1,0,2,0,1,2,-850.5,-8.75,0,0,0,1,0,0,0,0,0,0,1,0
419912,35,-0.1,-0.01,-0.4,-0.4,1,0.2,0.1,0.15,20,0.0,2,1,0,1,0,0,1,0,0,0,0,1,0,2,0,1,2,-850.5,-8.75,0,0,0,1,0,0,0,0,0,0,1,0
419913,35,-0.1,-0.01,-0.4,-0.4,1,0.2,0.1,0.15,20,0.0,2,1,0,1,0,0,1,0,0,0,0,1,0,2,0,1,2,-850.5,-8.75,0,0,0,1,0,0,0,0,0,0,1,0
419914,35,-0.1,-0.01,-0.4,-0.4,1,0.2,0.1,0.15,30,0.0,2,1,0,1,0,1,0,0,0,0,0,1,0,2,0,1,2,-1458.0,-15.0,0,0,0,0,1,0,0,0,0,1,0,0
419915,35,-0.1,-0.01,-0.4,-0.4,1,0.2,0.1,0.15,30,0.0,2,1,0,1,0,1,0,0,0,0,0,1,0,2,0,1,2,-1458.0,-15.0,0,0,0,0,1,0,0,0,0,1,0,0
419916,35,-0.1,-0.01,-0.4,-0.4,1,0.2,0.1,0.15,30,100.0,2,1,0,1,1,0,0,0,0,0,0,1,0,2,1,0,2,972.0,10.0,0,0,0,0,0,1,0,0,1,0,0,0
419917,35,-0.1,-0.01,-0.4,-0.4,1,0.2,0.1,0.15,40,0.0,2,1,0,1,0,1,0,0,0,0,0,1,0,2,0,1,2,-1458.0,-15.0,0,0,0,0,1,0,0,0,0,1,0,0
419918,35,-0.1,-0.01,-0.4,-0.4,1,0.2,0.1,0.15,40,0.0,2,1,0,1,0,1,0,0,0,0,0,1,0,2,0,1,2,-1458.0,-15.0,0,0,0,0,1,0,0,0,0,1,0,0
419919,35,-0.1,-0.01,-0.4,-0.4,1,0.2,0.1,0.15,40,100.0,2,1,0,1,1,0,0,0,0,0,0,1,0,2,1,0,2,972.0,10.0,0,0,0,0,0,1,0,0,1,0,0,0
419920,35,-0.1,-0.01,-0.4,-0.4,1,0.2,0.1,0.15,50,0.0,2,1,0,1,0,1,0,0,0,0,0,1,0,2,0,1,2,-1458.0,-15.0,0,0,0,0,1,0,0,0,0,1,0,0
419921,35,-0.1,-0.01,-0.4,-0.4,1,0.2,0.1,0.15,50,0.0,2,1,0,1,0,1,0,0,0,0,0,1,0,2,0,1,2,-1458.0,-15.0,0,0,0,0,1,0,0,0,0,1,0,0
419922,35,-0.1,-0.01,-0.4,-0.4,1,0.2,0.1,0.15,50,100.0,2,1,0,1,1,0,0,0,0,0,0,1,0,2,1,0,2,972.0,10.0,0,0,0,0,0,1,0,0,1,0,0,0
419923,35,-0.1,-0.01,-0.4,-0.4,1,0.2,0.1,0.15,60,0.0,2,1,0,1,0,1,0,0,0,0,0,1,0,2,0,1,2,-1458.0,-15.0,0,0,0,0,1,0,0,0,0,1,0,0
419924,35,-0.1,-0.01,-0.4,-0.4,1,0.2,0.1,0.15,60,0.0,2,1,0,1,0,1,0,0,0,0,0,1,0,2,0,1,2,-1458.0,-15.0,0,0,0,0,1,0,0,0,0,1,0,0
419925,35,-0.1,-0.01,-0.4,-0.4,1,0.2,0.1,0.15,60,100.0,2,1,0,1,1,0,0,0,0,0,0,1,0,2,1,0,2,972.0,10.0,0,0,0,0,0,1,0,0,1,0,0,0
419926,35,-0.1,-0.01,-0.4,-0.4,1,0.2,0.2,0.15,20,0.0,2,1,0,1,0,0,1,0,0,0,0,1,0,2,0,1,2,-850.5,-8.75,0,0,0,1,0,0,0,0,0,0,1,0
419927,35,-0.1,-0.01,-0.4,-0.4,1,0.2,0.2,0.15,20,0.0,2,1,0,1,0,0,1,0,0,0,0,1,0,2,0,1,2,-850.5,-8.75,0,0,0,1,0,0,0,0,0,0,1,0
419928,35,-0.1,-0.01,-0.4,-0.4,1,0.2,0.2,0.15,20,0.0,2,1,0,1,0,0,1,0,0,0,0,1,0,2,0,1,2,-850.5,-8.75,0,0,0,1,0,0,0,0,0,0,1,0
419929,35,-0.1,-0.01,-0.4,-0.4,1,0.2,0.2,0.15,30,0.0,2,1,0,1,0,1,0,0,0,0,0,1,0,2,0,1,2,-1458.0,-15.0,0,0,0,0,1,0,0,0,0,1,0,0
419930,35,-0.1,-0.01,-0.4,-0.4,1,0.2,0.2,0.15,30,0.0,2,1,0,1,0,1,0,0,0,0,0,1,0,2,0,1,2,-1458.0,-15.0,0,0,0,0,1,0,0,0,0,1,0,0
419931,35,-0.1,-0.01,-0.4,-0.4,1,0.2,0.2,0.15,30,100.0,2,1,0,1,1,0,0,0,0,0,0,1,0,2,1,0,2,1944.0,20.0,0,0,0,0,0,1,0,0,1,0,0,0
419932,35,-0.1,-0.01,-0.4,-0.4,1,0.2,0.2,0.15,40,0.0,2,1,0,1,0,1,0,0,0,0,0,1,0,2,0,1,2,-1458.0,-15.0,0,0,0,0,1,0,0,0,0,1,0,0
419933,35,-0.1,-0.01,-0.4,-0.4,1,0.2,0.2,0.15,40,0.0,2,1,0,1,0,1,0,0,0,0,0,1,0,2,0,1,2,-1458.0,-15.0,0,0,0,0,1,0,0,0,0,1,0,0
419934,35,-0.1,-0.01,-0.4,-0.4,1,0.2,0.2,0.15,40,100.0,2,1,0,1,1,0,0,0,0,0,0,1,0,2,1,0,2,1944.0,20.0,0,0,0,0,0,1,0,0,1,0,0,0
419935,35,-0.1,-0.01,-0.4,-0.4,1,0.2,0.2,0.15,50,0.0,2,1,0,1,0,1,0,0,0,0,0,1,0,2,0,1,2,-1458.0,-15.0,0,0,0,0,1,0,0,0,0,1,0,0
419936,35,-0.1,-0.01,-0.4,-0.4,1,0.2,0.2,0.15,50,0.0,2,1,0,1,0,1,0,0,0,0,0,1,0,2,0,1,2,-1458.0,-15.0,0,0,0,0,1,0,0,0,0,1,0,0
419937,35,-0.1,-0.01,-0.4,-0.4,1,0.2,0.2,0.15,50,100.0,2,1,0,1,1,0,0,0,0,0,0,1,0,2,1,0,2,1944.0,20.0,0,0,0,0,0,1,0,0,1,0,0,0
419938,35,-0.1,-0.01,-0.4,-0.4,1,0.2,0.2,0.15,60,0.0,2,1,0,1,0,1,0,0,0,0,0,1,0,2,0,1,2,-1458.0,-15.0,0,0,0,0,1,0,0,0,0,1,0,0
419939,35,-0.1,-0.01,-0.4,-0.4,1,0.2,0.2,0.15,60,0.0,2,1,0,1,0,1,0,0,0,0,0,1,0,2,0,1,2,-1458.0,-15.0,0,0,0,0,1,0,0,0,0,1,0,0
419940,35,-0.1,-0.01,-0.4,-0.4,1,0.2,0.2,0.15,60,100.0,2,1,0,1,1,0,0,0,0,0,0,1,0,2,1,0,2,1944.0,20.0,0,0,0,0,0,1,0,0,1,0,0,0
419941,35,-0.1,-0.01,-0.4,-0.4,2,0.1,0.1,0.15,20,100.0,2,1,0,1,1,0,0,0,0,0,0,1,0,2,1,0,2,1963.52,10.0,0,0,1,0,0,0,0,0,1,0,0,0
419942,35,-0.1,-0.01,-0.4,-0.4,2,0.1,0.1,0.15,20,0.0,2,1,0,1,0,0,1,0,0,0,0,1,0,2,0,1,2,-712.96,-3.63,0,0,0,1,0,0,0,0,0,0,1,0
419943,35,-0.1,-0.01,-0.4,-0.4,2,0.1,0.1,0.15,20,100.0,2,1,0,1,1,0,0,0,0,0,0,1,0,2,1,0,2,1963.52,10.0,0,0,1,0,0,0,0,0,1,0,0,0
419944,35,-0.1,-0.01,-0.4,-0.4,2,0.1,0.1,0.15,30,100.0,2,1,0,1,1,0,0,0,0,0,0,1,0,2,1,0,2,1963.52,10.0,0,0,1,0,0,0,0,0,1,0,0,0
419945,35,-0.1,-0.01,-0.4,-0.4,2,0.1,0.1,0.15,30,0.0,2,1,0,1,0,1,0,0,0,0,0,1,0,2,0,1,2,-2008.96,-10.23,0,0,0,0,1,0,0,0,0,1,0,0
419946,35,-0.1,-0.01,-0.4,-0.4,2,0.1,0.1,0.15,30,100.0,2,1,0,1,1,0,0,0,0,0,0,1,0,2,1,0,2,1963.52,10.0,0,0,1,0,0,0,0,0,1,0,0,0
419947,35,-0.1,-0.01,-0.4,-0.4,2,0.1,0.1,0.15,40,100.0,2,1,0,1,1,0,0,0,0,0,0,1,0,2,1,0,2,1963.52,10.0,0,0,1,0,0,0,0,0,1,0,0,0
419948,35,-0.1,-0.01,-0.4,-0.4,2,0.1,0.1,0.15,40,0.0,2,1,0,1,0,1,0,0,0,0,0,1,0,2,0,1,2,-2008.96,-10.23,0,0,0,0,1,0,0,0,0,1,0,0
419949,35,-0.1,-0.01,-0.4,-0.4,2,0.1,0.1,0.15,40,100.0,2,1,0,1,1,0,0,0,0,0,0,1,0,2,1,0,2,1963.52,10.0,0,0,1,0,0,0,0,0,1,0,0,0
419950,35,-0.1,-0.01,-0.4,-0.4,2,0.1,0.1,0.15,50,100.0,2,1,0,1,1,0,0,0,0,0,0,1,0,2,1,0,2,1963.52,10.0,0,0,1,0,0,0,0,0,1,0,0,0
419951,35,-0.1,-0.01,-0.4,-0.4,2,0.1,0.1,0.15,50,0.0,2,1,0,1,0,1,0,0,0,0,0,1,0,2,0,1,2,-2008.96,-10.23,0,0,0,0,1,0,0,0,0,1,0,0
419952,35,-0.1,-0.01,-0.4,-0.4,2,0.1,0.1,0.15,50,100.0,2,1,0,1,1,0,0,0,0,0,0,1,0,2,1,0,2,1963.52,10.0,0,0,1,0,0,0,0,0,1,0,0,0
419953,35,-0.1,-0.01,-0.4,-0.4,2,0.1,0.1,0.15,60,100.0,2,1,0,1,1,0,0,0,0,0,0,1,0,2,1,0,2,1963.52,10.0,0,0,1,0,0,0,0,0,1,0,0,0
419954,35,-0.1,-0.01,-0.4,-0.4,2,0.1,0.1,0.15,60,0.0,2,1,0,1,0,1,0,0,0,0,0,1,0,2,0,1,2,-2008.96,-10.23,0,0,0,0,1,0,0,0,0,1,0,0
419955,35,-0.1,-0.01,-0.4,-0.4,2,0.1,0.1,0.15,60,100.0,2,1,0,1,1,0,0,0,0,0,0,1,0,2,1,0,2,1963.52,10.0,0,0,1,0,0,0,0,0,1,0,0,0
419956,35,-0.1,-0.01,-0.4,-0.4,2,0.1,0.2,0.15,20,0.0,2,1,0,1,0,0,1,0,0,0,0,1,0,2,0,1,2,-712.96,-3.63,0,0,0,1,0,0,0,0,0,0,1,0
419957,35,-0.1,-0.01,-0.4,-0.4,2,0.1,0.2,0.15,20,0.0,2,1,0,1,0,0,1,0,0,0,0,1,0,2,0,1,2,-712.96,-3.63,0,0,0,1,0,0,0,0,0,0,1,0
419958,35,-0.1,-0.01,-0.4,-0.4,2,0.1,0.2,0.15,20,0.0,2,1,0,1,0,0,1,0,0,0,0,1,0,2,0,1,2,-712.96,-3.63,0,0,0,1,0,0,0,0,0,0,1,0
419959,35,-0.1,-0.01,-0.4,-0.4,2,0.1,0.2,0.15,30,0.0,2,1,0,1,0,1,0,0,0,0,0,1,0,2,0,1,2,-2008.96,-10.23,0,0,0,0,1,0,0,0,0,1,0,0
419960,35,-0.1,-0.01,-0.4,-0.4,2,0.1,0.2,0.15,30,0.0,2,1,0,1,0,1,0,0,0,0,0,1,0,2,0,1,2,-2008.96,-10.23,0,0,0,0,1,0,0,0,0,1,0,0
419961,35,-0.1,-0.01,-0.4,-0.4,2,0.1,0.2,0.15,30,100.0,2,1,0,1,1,0,0,0,0,0,0,1,0,2,1,0,2,3927.04,20.0,0,0,0,0,0,1,0,0,1,0,0,0
419962,35,-0.1,-0.01,-0.4,-0.4,2,0.1,0.2,0.15,40,0.0,2,1,0,1,0,1,0,0,0,0,0,1,0,2,0,1,2,-2008.96,-10.23,0,0,0,0,1,0,0,0,0,1,0,0
419963,35,-0.1,-0.01,-0.4,-0.4,2,0.1,0.2,0.15,40,0.0,2,1,0,1,0,1,0,0,0,0,0,1,0,2,0,1,2,-2008.96,-10.23,0,0,0,0,1,0,0,0,0,1,0,0
419964,35,-0.1,-0.01,-0.4,-0.4,2,0.1,0.2,0.15,40,100.0,2,1,0,1,1,0,0,0,0,0,0,1,0,2,1,0,2,3927.04,20.0,0,0,0,0,0,1,0,0,1,0,0,0
419965,35,-0.1,-0.01,-0.4,-0.4,2,0.1,0.2,0.15,50,0.0,2,1,0,1,0,1,0,0,0,0,0,1,0,2,0,1,2,-2008.96,-10.23,0,0,0,0,1,0,0,0,0,1,0,0
419966,35,-0.1,-0.01,-0.4,-0.4,2,0.1,0.2,0.15,50,0.0,2,1,0,1,0,1,0,0,0,0,0,1,0,2,0,1,2,-2008.96,-10.23,0,0,0,0,1,0,0,0,0,1,0,0
419967,35,-0.1,-0.01,-0.4,-0.4,2,0.1,0.2,0.15,50,100.0,2,1,0,1,1,0,0,0,0,0,0,1,0,2,1,0,2,3927.04,20.0,0,0,0,0,0,1,0,0,1,0,0,0
419968,35,-0.1,-0.01,-0.4,-0.4,2,0.1,0.2,0.15,60,0.0,2,1,0,1,0,1,0,0,0,0,0,1,0,2,0,1,2,-2008.96,-10.23,0,0,0,0,1,0,0,0,0,1,0,0
419969,35,-0.1,-0.01,-0.4,-0.4,2,0.1,0.2,0.15,60,0.0,2,1,0,1,0,1,0,0,0,0,0,1,0,2,0,1,2,-2008.96,-10.23,0,0,0,0,1,0,0,0,0,1,0,0
419970,35,-0.1,-0.01,-0.4,-0.4,2,0.1,0.2,0.15,60,100.0,2,1,0,1,1,0,0,0,0,0,0,1,0,2,1,0,2,3927.04,20.0,0,0,0,0,0,1,0,0,1,0,0,0
419971,35,-0.1,-0.01,-0.4,-0.4,2,0.2,0.1,0.15,20,0.0,2,1,0,1,0,0,1,0,0,0,0,1,0,2,0,1,2,-850.5,-8.75,0,0,0,1,0,0,0,0,0,0,1,0
419972,35,-0.1,-0.01,-0.4,-0.4,2,0.2,0.1,0.15,20,0.0,2,1,0,1,0,0,1,0,0,0,0,1,0,2,0,1,2,-850.5,-8.75,0,0,0,1,0,0,0,0,0,0,1,0
419973,35,-0.1,-0.01,-0.4,-0.4,2,0.2,0.1,0.15,20,0.0,2,1,0,1,0,0,1,0,0,0,0,1,0,2,0,1,2,-850.5,-8.75,0,0,0,1,0,0,0,0,0,0,1,0
419974,35,-0.1,-0.01,-0.4,-0.4,2,0.2,0.1,0.15,30,0.0,2,1,0,1,0,1,0,0,0,0,0,1,0,2,0,1,2,-1458.0,-15.0,0,0,0,0,1,0,0,0,0,1,0,0
419975,35,-0.1,-0.01,-0.4,-0.4,2,0.2,0.1,0.15,30,0.0,2,1,0,1,0,1,0,0,0,0,0,1,0,2,0,1,2,-1458.0,-15.0,0,0,0,0,1,0,0,0,0,1,0,0
419976,35,-0.1,-0.01,-0.4,-0.4,2,0.2,0.1,0.15,30,100.0,2,1,0,1,1,0,0,0,0,0,0,1,0,2,1,0,2,972.0,10.0,0,0,0,0,0,1,0,0,1,0,0,0
419977,35,-0.1,-0.01,-0.4,-0.4,2,0.2,0.1,0.15,40,0.0,2,1,0,1,0,1,0,0,0,0,0,1,0,2,0,1,2,-1458.0,-15.0,0,0,0,0,1,0,0,0,0,1,0,0
419978,35,-0.1,-0.01,-0.4,-0.4,2,0.2,0.1,0.15,40,0.0,2,1,0,1,0,1,0,0,0,0,0,1,0,2,0,1,2,-1458.0,-15.0,0,0,0,0,1,0,0,0,0,1,0,0
419979,35,-0.1,-0.01,-0.4,-0.4,2,0.2,0.1,0.15,40,100.0,2,1,0,1,1,0,0,0,0,0,0,1,0,2,1,0,2,972.0,10.0,0,0,0,0,0,1,0,0,1,0,0,0
419980,35,-0.1,-0.01,-0.4,-0.4,2,0.2,0.1,0.15,50,0.0,2,1,0,1,0,1,0,0,0,0,0,1,0,2,0,1,2,-1458.0,-15.0,0,0,0,0,1,0,0,0,0,1,0,0
419981,35,-0.1,-0.01,-0.4,-0.4,2,0.2,0.1,0.15,50,0.0,2,1,0,1,0,1,0,0,0,0,0,1,0,2,0,1,2,-1458.0,-15.0,0,0,0,0,1,0,0,0,0,1,0,0
419982,35,-0.1,-0.01,-0.4,-0.4,2,0.2,0.1,0.15,50,100.0,2,1,0,1,1,0,0,0,0,0,0,1,0,2,1,0,2,972.0,10.0,0,0,0,0,0,1,0,0,1,0,0,0
419983,35,-0.1,-0.01,-0.4,-0.4,2,0.2,0.1,0.15,60,0.0,2,1,0,1,0,1,0,0,0,0,0,1,0,2,0,1,2,-1458.0,-15.0,0,0,0,0,1,0,0,0,0,1,0,0
419984,35,-0.1,-0.01,-0.4,-0.4,2,0.2,0.1,0.15,60,0.0,2,1,0,1,0,1,0,0,0,0,0,1,0,2,0,1,2,-1458.0,-15.0,0,0,0,0,1,0,0,0,0,1,0,0
419985,35,-0.1,-0.01,-0.4,-0.4,2,0.2,0.1,0.15,60,100.0,2,1,0,1,1,0,0,0,0,0,0,1,0,2,1,0,2,972.0,10.0,0,0,0,0,0,1,0,0,1,0,0,0
419986,35,-0.1,-0.01,-0.4,-0.4,2,0.2,0.2,0.15,20,0.0,2,1,0,1,0,0,1,0,0,0,0,1,0,2,0,1,2,-850.5,-8.75,0,0,0,1,0,0,0,0,0,0,1,0
419987,35,-0.1,-0.01,-0.4,-0.4,2,0.2,0.2,0.15,20,0.0,2,1,0,1,0,0,1,0,0,0,0,1,0,2,0,1,2,-850.5,-8.75,0,0,0,1,0,0,0,0,0,0,1,0
419988,35,-0.1,-0.01,-0.4,-0.4,2,0.2,0.2,0.15,20,0.0,2,1,0,1,0,0,1,0,0,0,0,1,0,2,0,1,2,-850.5,-8.75,0,0,0,1,0,0,0,0,0,0,1,0
419989,35,-0.1,-0.01,-0.4,-0.4,2,0.2,0.2,0.15,30,0.0,2,1,0,1,0,1,0,0,0,0,0,1,0,2,0,1,2,-1458.0,-15.0,0,0,0,0,1,0,0,0,0,1,0,0
419990,35,-0.1,-0.01,-0.4,-0.4,2,0.2,0.2,0.15,30,0.0,2,1,0,1,0,1,0,0,0,0,0,1,0,2,0,1,2,-1458.0,-15.0,0,0,0,0,1,0,0,0,0,1,0,0
419991,35,-0.1,-0.01,-0.4,-0.4,2,0.2,0.2,0.15,30,100.0,2,1,0,1,1,0,0,0,0,0,0,1,0,2,1,0,2,1944.0,20.0,0,0,0,0,0,1,0,0,1,0,0,0
419992,35,-0.1,-0.01,-0.4,-0.4,2,0.2,0.2,0.15,40,0.0,2,1,0,1,0,1,0,0,0,0,0,1,0,2,0,1,2,-1458.0,-15.0,0,0,0,0,1,0,0,0,0,1,0,0
419993,35,-0.1,-0.01,-0.4,-0.4,2,0.2,0.2,0.15,40,0.0,2,1,0,1,0,1,0,0,0,0,0,1,0,2,0,1,2,-1458.0,-15.0,0,0,0,0,1,0,0,0,0,1,0,0
419994,35,-0.1,-0.01,-0.4,-0.4,2,0.2,0.2,0.15,40,100.0,2,1,0,1,1,0,0,0,0,0,0,1,0,2,1,0,2,1944.0,20.0,0,0,0,0,0,1,0,0,1,0,0,0
419995,35,-0.1,-0.01,-0.4,-0.4,2,0.2,0.2,0.15,50,0.0,2,1,0,1,0,1,0,0,0,0,0,1,0,2,0,1,2,-1458.0,-15.0,0,0,0,0,1,0,0,0,0,1,0,0
419996,35,-0.1,-0.01,-0.4,-0.4,2,0.2,0.2,0.15,50,0.0,2,1,0,1,0,1,0,0,0,0,0,1,0,2,0,1,2,-1458.0,-15.0,0,0,0,0,1,0,0,0,0,1,0,0
419997,35,-0.1,-0.01,-0.4,-0.4,2,0.2,0.2,0.15,50,100.0,2,1,0,1,1,0,0,0,0,0,0,1,0,2,1,0,2,1944.0,20.0,0,0,0,0,0,1,0,0,1,0,0,0
419998,35,-0.1,-0.01,-0.4,-0.4,2,0.2,0.2,0.15,60,0.0,2,1,0,1,0,1,0,0,0,0,0,1,0,2,0,1,2,-1458.0,-15.0,0,0,0,0,1,0,0,0,0,1,0,0
419999,35,-0.1,-0.01,-0.4,-0.4,2,0.2,0.2,0.15,60,0.0,2,1,0,1,0,1,0,0,0,0,0,1,0,2,0,1,2,-1458.0,-15.0,0,0,0,0,1,0,0,0,0,1,0,0
420000,35,-0.1,-0.01,-0.4,-0.4,2,0.2,0.2,0.15,60,100.0,2,1,0,1,1,0,0,0,0,0,0,1,0,2,1,0,2,1944.0,20.0,0,0,0,0,0,1,0,0,1,0,0,0
420001,35,-0.1,-0.01,-0.4,-0.35,1,0.1,0.1,0.15,20,63.82,1322,1273,10,1263,647,140,317,0,159,0,0,49,13,1335,806,457,1335,323763.48,3221.96,287,208,188,580,0,0,0,0,647,140,476,0
420002,35,-0.1,-0.01,-0.4,-0.35,1,0.1,0.1,0.15,20,58.59,1322,1273,22,1251,0,149,369,0,733,0,0,49,13,1335,733,518,1335,396590.54,3997.6,21,56,31,1143,0,0,0,0,0,149,1102,0
420003,35,-0.1,-0.01,-0.4,-0.35,1,0.1,0.1,0.15,20,66.16,1318,1269,10,1259,659,0,426,0,174,0,0,49,17,1335,833,426,1335,398321.37,3983.82,266,156,161,676,0,0,0,0,659,0,600,0
420004,35,-0.1,-0.01,-0.4,-0.35,1,0.1,0.1,0.15,30,63.55,1322,1273,11,1262,720,218,242,0,82,0,0,49,13,1335,802,460,1335,264882.04,2628.82,287,208,188,104,79,396,0,0,720,218,324,0
420005,35,-0.1,-0.01,-0.4,-0.35,1,0.1,0.1,0.15,30,52.56,1322,1273,23,1250,0,235,358,0,657,0,0,49,13,1335,657,593,1335,303067.93,2907.32,21,56,31,41,38,1063,0,0,0,235,1015,0
420006,35,-0.1,-0.01,-0.4,-0.35,1,0.1,0.1,0.15,30,68.12,1318,1269,11,1258,754,0,401,0,103,0,0,49,17,1335,857,401,1335,396941.59,3975.11,266,156,161,76,59,540,0,0,754,0,504,0
420007,35,-0.1,-0.01,-0.4,-0.35,1,0.1,0.1,0.15,40,63.07,1322,1273,11,1262,750,306,127,33,23,23,0,49,13,1335,796,466,1335,203521.48,2006.45,287,208,188,104,79,72,65,259,750,306,150,56
420008,35,-0.1,-0.01,-0.4,-0.35,1,0.1,0.1,0.15,40,48.16,1322,1273,23,1250,0,350,243,55,223,379,0,49,13,1335,602,648,1335,121068.46,909.49,21,56,31,41,38,48,75,940,0,350,466,434
420009,35,-0.1,-0.01,-0.4,-0.35,1,0.1,0.1,0.15,40,68.28,1318,1269,11,1258,795,0,326,73,26,38,0,49,17,1335,859,399,1335,334849.76,3340.49,266,156,161,76,59,36,25,479,795,0,352,111
420010,35,-0.1,-0.01,-0.4,-0.35,1,0.1,0.1,0.15,50,62.92,1322,1273,11,1262,750,321,0,147,0,44,0,49,13,1335,794,468,1335,189917.99,1864.01,287,208,188,104,79,72,65,259,750,321,0,191
420011,35,-0.1,-0.01,-0.4,-0.35,1,0.1,0.1,0.15,50,46.64,1322,1273,23,1250,0,380,0,287,0,583,0,49,13,1335,583,667,1335,73624.76,411.43,21,56,31,41,38,48,75,940,0,380,0,870
420012,35,-0.1,-0.01,-0.4,-0.35,1,0.1,0.1,0.15,50,68.28,1318,1269,11,1258,795,0,0,399,0,64,0,49,17,1335,859,399,1335,300940.93,2991.9,266,156,161,76,59,36,25,479,795,0,0,463
420013,35,-0.1,-0.01,-0.4,-0.35,1,0.1,0.1,0.15,60,62.92,1322,1273,11,1262,750,321,0,147,0,44,0,49,13,1335,794,468,1335,189917.99,1864.01,287,208,188,104,79,72,65,259,750,321,0,191
420014,35,-0.1,-0.01,-0.4,-0.35,1,0.1,0.1,0.15,60,46.64,1322,1273,23,1250,0,380,0,287,0,583,0,49,13,1335,583,667,1335,73624.76,411.43,21,56,31,41,38,48,75,940,0,380,0,870
420015,35,-0.1,-0.01,-0.4,-0.35,1,0.1,0.1,0.15,60,68.28,1318,1269,11,1258,795,0,0,399,0,64,0,49,17,1335,859,399,1335,300940.93,2991.9,266,156,161,76,59,36,25,479,795,0,0,463
420016,35,-0.1,-0.01,-0.4,-0.35,1,0.1,0.2,0.15,20,58.79,1322,1273,21,1252,239,148,368,0,497,0,0,49,13,1335,736,516,1335,417818.43,4192.22,54,106,137,955,0,0,0,0,239,148,865,0
420017,35,-0.1,-0.01,-0.4,-0.35,1,0.1,0.2,0.15,20,58.59,1322,1273,22,1251,0,149,369,0,733,0,0,49,13,1335,733,518,1335,396590.54,3997.6,21,56,31,1143,0,0,0,0,0,149,1102,0
420018,35,-0.1,-0.01,-0.4,-0.35,1,0.1,0.2,0.15,20,61.06,1318,1269,21,1248,242,0,486,0,520,0,0,49,17,1335,762,486,1335,495074.58,4981.29,33,50,106,1059,0,0,0,0,242,0,1006,0
420019,35,-0.1,-0.01,-0.4,-0.35,1,0.1,0.2,0.15,30,53.48,1322,1273,22,1251,339,234,348,0,330,0,0,49,13,1335,669,582,1335,344654.17,3349.7,54,106,137,90,94,770,0,0,339,234,678,0
420020,35,-0.1,-0.01,-0.4,-0.35,1,0.1,0.2,0.15,30,52.56,1322,1273,23,1250,0,235,358,0,657,0,0,49,13,1335,657,593,1335,303067.93,2907.32,21,56,31,41,38,1063,0,0,0,235,1015,0
420021,35,-0.1,-0.01,-0.4,-0.35,1,0.1,0.2,0.15,30,58.3,1318,1269,22,1247,351,0,520,0,376,0,0,49,17,1335,727,520,1335,494621.43,4877.56,33,50,106,53,59,946,0,0,351,0,896,0
420022,35,-0.1,-0.01,-0.4,-0.35,1,0.1,0.2,0.15,40,50.6,1322,1273,22,1251,374,344,222,52,114,145,0,49,13,1335,633,618,1335,234665.05,2237.16,54,106,137,90,94,92,85,593,374,344,336,197
420023,35,-0.1,-0.01,-0.4,-0.35,1,0.1,0.2,0.15,40,48.16,1322,1273,23,1250,0,350,243,55,223,379,0,49,13,1335,602,648,1335,121068.46,909.49,21,56,31,41,38,48,75,940,0,350,466,434
420024,35,-0.1,-0.01,-0.4,-0.35,1,0.1,0.2,0.15,40,55.65,1318,1269,22,1247,398,0,455,98,117,179,0,49,17,1335,694,553,1335,383208.45,3745.48,33,50,106,53,59,50,36,860,398,0,572,277
420025,35,-0.1,-0.01,-0.4,-0.35,1,0.1,0.2,0.15,50,49.88,1322,1273,22,1251,380,372,0,255,0,244,0,49,13,1335,624,627,1335,210476.83,1988.02,54,106,137,90,94,92,85,593,380,372,0,499
420026,35,-0.1,-0.01,-0.4,-0.35,1,0.1,0.2,0.15,50,46.64,1322,1273,23,1250,0,380,0,287,0,583,0,49,13,1335,583,667,1335,73624.76,411.43,21,56,31,41,38,48,75,940,0,380,0,870
420027,35,-0.1,-0.01,-0.4,-0.35,1,0.1,0.2,0.15,50,55.09,1318,1269,22,1247,404,0,0,560,0,283,0,49,17,1335,687,560,1335,327966.25,3181.52,33,50,106,53,59,50,36,860,404,0,0,843
420028,35,-0.1,-0.01,-0.4,-0.35,1,0.1,0.2,0.15,60,49.88,1322,1273,22,1251,380,372,0,255,0,244,0,49,13,1335,624,627,1335,210476.83,1988.02,54,106,137,90,94,92,85,593,380,372,0,499
420029,35,-0.1,-0.01,-0.4,-0.35,1,0.1,0.2,0.15,60,46.64,1322,1273,23,1250,0,380,0,287,0,583,0,49,13,1335,583,667,1335,73624.76,411.43,21,56,31,41,38,48,75,940,0,380,0,870
420030,35,-0.1,-0.01,-0.4,-0.35,1,0.1,0.2,0.15,60,55.09,1318,1269,22,1247,404,0,0,560,0,283,0,49,17,1335,687,560,1335,327966.25,3181.52,33,50,106,53,59,50,36,860,404,0,0,843
420031,35,-0.1,-0.01,-0.4,-0.35,1,0.2,0.1,0.15,20,63.82,1322,1273,10,1263,647,140,317,0,159,0,0,49,13,1335,806,457,1335,323763.48,3221.96,287,208,188,580,0,0,0,0,647,140,476,0
420032,35,-0.1,-0.01,-0.4,-0.35,1,0.2,0.1,0.15,20,58.59,1322,1273,22,1251,0,149,369,0,733,0,0,49,13,1335,733,518,1335,396590.54,3997.6,21,56,31,1143,0,0,0,0,0,149,1102,0
420033,35,-0.1,-0.01,-0.4,-0.35,1,0.2,0.1,0.15,20,66.16,1318,1269,10,1259,659,0,426,0,174,0,0,49,17,1335,833,426,1335,398321.37,3983.82,266,156,161,676,0,0,0,0,659,0,600,0
420034,35,-0.1,-0.01,-0.4,-0.35,1,0.2,0.1,0.15,30,63.55,1322,1273,11,1262,720,218,242,0,82,0,0,49,13,1335,802,460,1335,264882.04,2628.82,287,208,188,104,79,396,0,0,720,218,324,0
420035,35,-0.1,-0.01,-0.4,-0.35,1,0.2,0.1,0.15,30,52.56,1322,1273,23,1250,0,235,358,0,657,0,0,49,13,1335,657,593,1335,303067.93,2907.32,21,56,31,41,38,1063,0,0,0,235,1015,0
420036,35,-0.1,-0.01,-0.4,-0.35,1,0.2,0.1,0.15,30,68.12,1318,1269,11,1258,754,0,401,0,103,0,0,49,17,1335,857,401,1335,396941.59,3975.11,266,156,161,76,59,540,0,0,754,0,504,0
420037,35,-0.1,-0.01,-0.4,-0.35,1,0.2,0.1,0.15,40,63.07,1322,1273,11,1262,750,306,127,33,23,23,0,49,13,1335,796,466,1335,203521.48,2006.45,287,208,188,104,79,72,65,259,750,306,150,56
420038,35,-0.1,-0.01,-0.4,-0.35,1,0.2,0.1,0.15,40,48.16,1322,1273,23,1250,0,350,243,55,223,379,0,49,13,1335,602,648,1335,121068.46,909.49,21,56,31,41,38,48,75,940,0,350,466,434
420039,35,-0.1,-0.01,-0.4,-0.35,1,0.2,0.1,0.15,40,68.28,1318,1269,11,1258,795,0,326,73,26,38,0,49,17,1335,859,399,1335,334849.76,3340.49,266,156,161,76,59,36,25,479,795,0,352,111
420040,35,-0.1,-0.01,-0.4,-0.35,1,0.2,0.1,0.15,50,62.92,1322,1273,11,1262,750,321,0,147,0,44,0,49,13,1335,794,468,1335,189917.99,1864.01,287,208,188,104,79,72,65,259,750,321,0,191
420041,35,-0.1,-0.01,-0.4,-0.35,1,0.2,0.1,0.15,50,46.64,1322,1273,23,1250,0,380,0,287,0,583,0,49,13,1335,583,667,1335,73624.76,411.43,21,56,31,41,38,48,75,940,0,380,0,870
420042,35,-0.1,-0.01,-0.4,-0.35,1,0.2,0.1,0.15,50,68.28,1318,1269,11,1258,795,0,0,399,0,64,0,49,17,1335,859,399,1335,300940.93,2991.9,266,156,161,76,59,36,25,479,795,0,0,463
420043,35,-0.1,-0.01,-0.4,-0.35,1,0.2,0.1,0.15,60,62.92,1322,1273,11,1262,750,321,0,147,0,44,0,49,13,1335,794,468,1335,189917.99,1864.01,287,208,188,104,79,72,65,259,750,321,0,191
420044,35,-0.1,-0.01,-0.4,-0.35,1,0.2,0.1,0.15,60,46.64,1322,1273,23,1250,0,380,0,287,0,583,0,49,13,1335,583,667,1335,73624.76,411.43,21,56,31,41,38,48,75,940,0,380,0,870
420045,35,-0.1,-0.01,-0.4,-0.35,1,0.2,0.1,0.15,60,68.28,1318,1269,11,1258,795,0,0,399,0,64,0,49,17,1335,859,399,1335,300940.93,2991.9,266,156,161,76,59,36,25,479,795,0,0,463
420046,35,-0.1,-0.01,-0.4,-0.35,1,0.2,0.2,0.15,20,58.79,1322,1273,21,1252,239,148,368,0,497,0,0,49,13,1335,736,516,1335,417818.43,4192.22,54,106,137,955,0,0,0,0,239,148,865,0
420047,35,-0.1,-0.01,-0.4,-0.35,1,0.2,0.2,0.15,20,58.59,1322,1273,22,1251,0,149,369,0,733,0,0,49,13,1335,733,518,1335,396590.54,3997.6,21,56,31,1143,0,0,0,0,0,149,1102,0
420048,35,-0.1,-0.01,-0.4,-0.35,1,0.2,0.2,0.15,20,61.06,1318,1269,21,1248,242,0,486,0,520,0,0,49,17,1335,762,486,1335,495074.58,4981.29,33,50,106,1059,0,0,0,0,242,0,1006,0
420049,35,-0.1,-0.01,-0.4,-0.35,1,0.2,0.2,0.15,30,53.48,1322,1273,22,1251,339,234,348,0,330,0,0,49,13,1335,669,582,1335,344654.17,3349.7,54,106,137,90,94,770,0,0,339,234,678,0
420050,35,-0.1,-0.01,-0.4,-0.35,1,0.2,0.2,0.15,30,52.56,1322,1273,23,1250,0,235,358,0,657,0,0,49,13,1335,657,593,1335,303067.93,2907.32,21,56,31,41,38,1063,0,0,0,235,1015,0
420051,35,-0.1,-0.01,-0.4,-0.35,1,0.2,0.2,0.15,30,58.3,1318,1269,22,1247,351,0,520,0,376,0,0,49,17,1335,727,520,1335,494621.43,4877.56,33,50,106,53,59,946,0,0,351,0,896,0
420052,35,-0.1,-0.01,-0.4,-0.35,1,0.2,0.2,0.15,40,50.6,1322,1273,22,1251,374,344,222,52,114,145,0,49,13,1335,633,618,1335,234665.05,2237.16,54,106,137,90,94,92,85,593,374,344,336,197
420053,35,-0.1,-0.01,-0.4,-0.35,1,0.2,0.2,0.15,40,48.16,1322,1273,23,1250,0,350,243,55,223,379,0,49,13,1335,602,648,1335,121068.46,909.49,21,56,31,41,38,48,75,940,0,350,466,434
420054,35,-0.1,-0.01,-0.4,-0.35,1,0.2,0.2,0.15,40,55.65,1318,1269,22,1247,398,0,455,98,117,179,0,49,17,1335,694,553,1335,383208.45,3745.48,33,50,106,53,59,50,36,860,398,0,572,277
420055,35,-0.1,-0.01,-0.4,-0.35,1,0.2,0.2,0.15,50,49.88,1322,1273,22,1251,380,372,0,255,0,244,0,49,13,1335,624,627,1335,210476.83,1988.02,54,106,137,90,94,92,85,593,380,372,0,499
420056,35,-0.1,-0.01,-0.4,-0.35,1,0.2,0.2,0.15,50,46.64,1322,1273,23,1250,0,380,0,287,0,583,0,49,13,1335,583,667,1335,73624.76,411.43,21,56,31,41,38,48,75,940,0,380,0,870
420057,35,-0.1,-0.01,-0.4,-0.35,1,0.2,0.2,0.15,50,55.09,1318,1269,22,1247,404,0,0,560,0,283,0,49,17,1335,687,560,1335,327966.25,3181.52,33,50,106,53,59,50,36,860,404,0,0,843
420058,35,-0.1,-0.01,-0.4,-0.35,1,0.2,0.2,0.15,60,49.88,1322,1273,22,1251,380,372,0,255,0,244,0,49,13,1335,624,627,1335,210476.83,1988.02,54,106,137,90,94,92,85,593,380,372,0,499
420059,35,-0.1,-0.01,-0.4,-0.35,1,0.2,0.2,0.15,60,46.64,1322,1273,23,1250,0,380,0,287,0,583,0,49,13,1335,583,667,1335,73624.76,411.43,21,56,31,41,38,48,75,940,0,380,0,870
420060,35,-0.1,-0.01,-0.4,-0.35,1,0.2,0.2,0.15,60,55.09,1318,1269,22,1247,404,0,0,560,0,283,0,49,17,1335,687,560,1335,327966.25,3181.52,33,50,106,53,59,50,36,860,404,0,0,843
420061,35,-0.1,-0.01,-0.4,-0.35,2,0.1,0.1,0.15,20,67.78,1322,1273,10,1263,686,139,268,0,170,0,0,49,13,1335,856,407,1335,423933.69,4798.16,295,223,191,554,0,0,0,0,686,139,438,0
420062,35,-0.1,-0.01,-0.4,-0.35,2,0.1,0.1,0.15,20,62.83,1322,1273,22,1251,0,149,316,0,786,0,0,49,13,1335,786,465,1335,526516.24,5794.71,21,56,31,1143,0,0,0,0,0,149,1102,0
420063,35,-0.1,-0.01,-0.4,-0.35,2,0.1,0.1,0.15,20,71.49,1318,1269,10,1259,715,0,359,0,185,0,0,49,17,1335,900,359,1335,554978.37,5650.52,275,171,174,639,0,0,0,0,715,0,544,0
420064,35,-0.1,-0.01,-0.4,-0.35,2,0.1,0.1,0.15,30,67.83,1322,1273,11,1262,765,210,196,0,91,0,0,49,13,1335,856,406,1335,377071.16,4731.61,295,223,191,116,85,352,0,0,765,210,287,0
420065,35,-0.1,-0.01,-0.4,-0.35,2,0.1,0.1,0.15,30,55.6,1322,1273,23,1250,0,235,320,0,695,0,0,49,13,1335,695,555,1335,437676.0,5335.52,21,56,31,41,38,1063,0,0,0,235,1015,0
420066,35,-0.1,-0.01,-0.4,-0.35,2,0.1,0.1,0.15,30,74.4,1318,1269,11,1258,822,0,322,0,114,0,0,49,17,1335,936,322,1335,608741.84,6134.61,275,171,174,95,69,474,0,0,822,0,436,0
420067,35,-0.1,-0.01,-0.4,-0.35,2,0.1,0.1,0.15,40,67.43,1322,1273,11,1262,810,293,100,18,26,15,0,49,13,1335,851,411,1335,306412.27,4516.93,295,223,191,116,85,65,74,213,810,293,126,33
420068,35,-0.1,-0.01,-0.4,-0.35,2,0.1,0.1,0.15,40,51.92,1322,1273,23,1250,0,350,216,35,250,399,0,49,13,1335,649,601,1335,193004.12,3817.77,21,56,31,41,38,48,75,940,0,350,466,434
420069,35,-0.1,-0.01,-0.4,-0.35,2,0.1,0.1,0.15,40,75.04,1318,1269,11,1258,889,0,269,45,33,22,0,49,17,1335,944,314,1335,552804.13,6006.21,275,171,174,95,69,38,39,397,889,0,302,67
420070,35,-0.1,-0.01,-0.4,-0.35,2,0.1,0.1,0.15,50,66.96,1322,1273,11,1262,810,305,0,112,0,35,0,49,13,1335,845,417,1335,286383.85,4400.53,295,223,191,116,85,65,74,213,810,305,0,147
420071,35,-0.1,-0.01,-0.4,-0.35,2,0.1,0.1,0.15,50,50.48,1322,1273,23,1250,0,380,0,239,0,631,0,49,13,1335,631,619,1335,122598.62,3352.63,21,56,31,41,38,48,75,940,0,380,0,870
420072,35,-0.1,-0.01,-0.4,-0.35,2,0.1,0.1,0.15,50,74.88,1318,1269,11,1258,890,0,0,316,0,52,0,49,17,1335,942,316,1335,495812.28,5700.77,275,171,174,95,69,38,39,397,890,0,0,368
420073,35,-0.1,-0.01,-0.4,-0.35,2,0.1,0.1,0.15,60,66.96,1322,1273,11,1262,810,305,0,112,0,35,0,49,13,1335,845,417,1335,286383.85,4400.53,295,223,191,116,85,65,74,213,810,305,0,147
420074,35,-0.1,-0.01,-0.4,-0.35,2,0.1,0.1,0.15,60,50.48,1322,1273,23,1250,0,380,0,239,0,631,0,49,13,1335,631,619,1335,122598.62,3352.63,21,56,31,41,38,48,75,940,0,380,0,870
420075,35,-0.1,-0.01,-0.4,-0.35,2,0.1,0.1,0.15,60,74.88,1318,1269,11,1258,890,0,0,316,0,52,0,49,17,1335,942,316,1335,495812.28,5700.77,275,171,174,95,69,38,39,397,890,0,0,368
420076,35,-0.1,-0.01,-0.4,-0.35,2,0.1,0.2,0.15,20,62.94,1322,1273,21,1252,255,148,316,0,533,0,0,49,13,1335,788,464,1335,557321.69,6006.88,54,109,146,943,0,0,0,0,255,148,849,0
420077,35,-0.1,-0.01,-0.4,-0.35,2,0.1,0.2,0.15,20,62.83,1322,1273,22,1251,0,149,316,0,786,0,0,49,13,1335,786,465,1335,526516.24,5794.71,21,56,31,1143,0,0,0,0,0,149,1102,0
420078,35,-0.1,-0.01,-0.4,-0.35,2,0.1,0.2,0.15,20,66.75,1318,1269,21,1248,262,0,415,0,571,0,0,49,17,1335,833,415,1335,705079.0,6967.42,33,53,117,1045,0,0,0,0,262,0,986,0
420079,35,-0.1,-0.01,-0.4,-0.35,2,0.1,0.2,0.15,30,56.67,1322,1273,22,1251,365,234,308,0,344,0,0,49,13,1335,709,542,1335,496329.7,5782.08,54,109,146,94,101,747,0,0,365,234,652,0
420080,35,-0.1,-0.01,-0.4,-0.35,2,0.1,0.2,0.15,30,55.6,1322,1273,23,1250,0,235,320,0,695,0,0,49,13,1335,695,555,1335,437676.0,5335.52,21,56,31,41,38,1063,0,0,0,235,1015,0
420081,35,-0.1,-0.01,-0.4,-0.35,2,0.1,0.2,0.15,30,63.59,1318,1269,22,1247,395,0,454,0,398,0,0,49,17,1335,793,454,1335,793172.91,7553.25,33,53,117,59,75,910,0,0,395,0,852,0
420082,35,-0.1,-0.01,-0.4,-0.35,2,0.1,0.2,0.15,40,54.52,1322,1273,22,1251,404,342,194,33,132,146,0,49,13,1335,682,569,1335,347037.36,5172.26,54,109,146,94,101,95,84,568,404,342,326,179
420083,35,-0.1,-0.01,-0.4,-0.35,2,0.1,0.2,0.15,40,51.92,1322,1273,23,1250,0,350,216,35,250,399,0,49,13,1335,649,601,1335,193004.12,3817.77,21,56,31,41,38,48,75,940,0,350,466,434
420084,35,-0.1,-0.01,-0.4,-0.35,2,0.1,0.2,0.15,40,61.75,1318,1269,22,1247,446,0,410,67,146,178,0,49,17,1335,770,477,1335,642230.47,6946.13,33,53,117,59,75,58,33,819,446,0,556,245
420085,35,-0.1,-0.01,-0.4,-0.35,2,0.1,0.2,0.15,50,53.88,1322,1273,22,1251,409,370,0,207,0,265,0,49,13,1335,674,577,1335,303031.62,4927.11,54,109,146,94,101,95,84,568,409,370,0,472
420086,35,-0.1,-0.01,-0.4,-0.35,2,0.1,0.2,0.15,50,50.48,1322,1273,23,1250,0,380,0,239,0,631,0,49,13,1335,631,619,1335,122598.62,3352.63,21,56,31,41,38,48,75,940,0,380,0,870
420087,35,-0.1,-0.01,-0.4,-0.35,2,0.1,0.2,0.15,50,61.43,1318,1269,22,1247,451,0,0,481,0,315,0,49,17,1335,766,481,1335,535362.08,6381.82,33,53,117,59,75,58,33,819,451,0,0,796
420088,35,-0.1,-0.01,-0.4,-0.35,2,0.1,0.2,0.15,60,53.88,1322,1273,22,1251,409,370,0,207,0,265,0,49,13,1335,674,577,1335,303031.62,4927.11,54,109,146,94,101,95,84,568,409,370,0,472
420089,35,-0.1,-0.01,-0.4,-0.35,2,0.1,0.2,0.15,60,50.48,1322,1273,23,1250,0,380,0,239,0,631,0,49,13,1335,631,619,1335,122598.62,3352.63,21,56,31,41,38,48,75,940,0,380,0,870
420090,35,-0.1,-0.01,-0.4,-0.35,2,0.1,0.2,0.15,60,61.43,1318,1269,22,1247,451,0,0,481,0,315,0,49,17,1335,766,481,1335,535362.08,6381.82,33,53,117,59,75,58,33,819,451,0,0,796
420091,35,-0.1,-0.01,-0.4,-0.35,2,0.2,0.1,0.15,20,63.82,1322,1273,10,1263,647,140,317,0,159,0,0,49,13,1335,806,457,1335,323763.48,3221.96,287,208,188,580,0,0,0,0,647,140,476,0
420092,35,-0.1,-0.01,-0.4,-0.35,2,0.2,0.1,0.15,20,58.59,1322,1273,22,1251,0,149,369,0,733,0,0,49,13,1335,733,518,1335,396590.54,3997.6,21,56,31,1143,0,0,0,0,0,149,1102,0
420093,35,-0.1,-0.01,-0.4,-0.35,2,0.2,0.1,0.15,20,66.16,1318,1269,10,1259,659,0,426,0,174,0,0,49,17,1335,833,426,1335,398321.37,3983.82,266,156,161,676,0,0,0,0,659,0,600,0
420094,35,-0.1,-0.01,-0.4,-0.35,2,0.2,0.1,0.15,30,63.55,1322,1273,11,1262,720,218,242,0,82,0,0,49,13,1335,802,460,1335,264882.04,2628.82,287,208,188,104,79,396,0,0,720,218,324,0
420095,35,-0.1,-0.01,-0.4,-0.35,2,0.2,0.1,0.15,30,52.56,1322,1273,23,1250,0,235,358,0,657,0,0,49,13,1335,657,593,1335,303067.93,2907.32,21,56,31,41,38,1063,0,0,0,235,1015,0
420096,35,-0.1,-0.01,-0.4,-0.35,2,0.2,0.1,0.15,30,68.12,1318,1269,11,1258,754,0,401,0,103,0,0,49,17,1335,857,401,1335,396941.59,3975.11,266,156,161,76,59,540,0,0,754,0,504,0
420097,35,-0.1,-0.01,-0.4,-0.35,2,0.2,0.1,0.15,40,63.07,1322,1273,11,1262,750,306,127,33,23,23,0,49,13,1335,796,466,1335,203521.48,2006.45,287,208,188,104,79,72,65,259,750,306,150,56
420098,35,-0.1,-0.01,-0.4,-0.35,2,0.2,0.1,0.15,40,48.16,1322,1273,23,1250,0,350,243,55,223,379,0,49,13,1335,602,648,1335,121068.46,909.49,21,56,31,41,38,48,75,940,0,350,466,434
420099,35,-0.1,-0.01,-0.4,-0.35,2,0.2,0.1,0.15,40,68.28,1318,1269,11,1258,795,0,326,73,26,38,0,49,17,1335,859,399,1335,334849.76,3340.49,266,156,161,76,59,36,25,479,795,0,352,111
420100,35,-0.1,-0.01,-0.4,-0.35,2,0.2,0.1,0.15,50,62.92,1322,1273,11,1262,750,321,0,147,0,44,0,49,13,1335,794,468,1335,189917.99,1864.01,287,208,188,104,79,72,65,259,750,321,0,191
420101,35,-0.1,-0.01,-0.4,-0.35,2,0.2,0.1,0.15,50,46.64,1322,1273,23,1250,0,380,0,287,0,583,0,49,13,1335,583,667,1335,73624.76,411.43,21,56,31,41,38,48,75,940,0,380,0,870
420102,35,-0.1,-0.01,-0.4,-0.35,2,0.2,0.1,0.15,50,68.28,1318,1269,11,1258,795,0,0,399,0,64,0,49,17,1335,859,399,1335,300940.93,2991.9,266,156,161,76,59,36,25,479,795,0,0,463
420103,35,-0.1,-0.01,-0.4,-0.35,2,0.2,0.1,0.15,60,62.92,1322,1273,11,1262,750,321,0,147,0,44,0,49,13,1335,794,468,1335,189917.99,1864.01,287,208,188,104,79,72,65,259,750,321,0,191
420104,35,-0.1,-0.01,-0.4,-0.35,2,0.2,0.1,0.15,60,46.64,1322,1273,23,1250,0,380,0,287,0,583,0,49,13,1335,583,667,1335,73624.76,411.43,21,56,31,41,38,48,75,940,0,380,0,870
420105,35,-0.1,-0.01,-0.4,-0.35,2,0.2,0.1,0.15,60,68.28,1318,1269,11,1258,795,0,0,399,0,64,0,49,17,1335,859,399,1335,300940.93,2991.9,266,156,161,76,59,36,25,479,795,0,0,463
420106,35,-0.1,-0.01,-0.4,-0.35,2,0.2,0.2,0.15,20,58.79,1322,1273,21,1252,239,148,368,0,497,0,0,49,13,1335,736,516,1335,417818.43,4192.22,54,106,137,955,0,0,0,0,239,148,865,0
420107,35,-0.1,-0.01,-0.4,-0.35,2,0.2,0.2,0.15,20,58.59,1322,1273,22,1251,0,149,369,0,733,0,0,49,13,1335,733,518,1335,396590.54,3997.6,21,56,31,1143,0,0,0,0,0,149,1102,0
420108,35,-0.1,-0.01,-0.4,-0.35,2,0.2,0.2,0.15,20,61.06,1318,1269,21,1248,242,0,486,0,520,0,0,49,17,1335,762,486,1335,495074.58,4981.29,33,50,106,1059,0,0,0,0,242,0,1006,0
420109,35,-0.1,-0.01,-0.4,-0.35,2,0.2,0.2,0.15,30,53.48,1322,1273,22,1251,339,234,348,0,330,0,0,49,13,1335,669,582,1335,344654.17,3349.7,54,106,137,90,94,770,0,0,339,234,678,0
420110,35,-0.1,-0.01,-0.4,-0.35,2,0.2,0.2,0.15,30,52.56,1322,1273,23,1250,0,235,358,0,657,0,0,49,13,1335,657,593,1335,303067.93,2907.32,21,56,31,41,38,1063,0,0,0,235,1015,0
420111,35,-0.1,-0.01,-0.4,-0.35,2,0.2,0.2,0.15,30,58.3,1318,1269,22,1247,351,0,520,0,376,0,0,49,17,1335,727,520,1335,494621.43,4877.56,33,50,106,53,59,946,0,0,351,0,896,0
420112,35,-0.1,-0.01,-0.4,-0.35,2,0.2,0.2,0.15,40,50.6,1322,1273,22,1251,374,344,222,52,114,145,0,49,13,1335,633,618,1335,234665.05,2237.16,54,106,137,90,94,92,85,593,374,344,336,197
420113,35,-0.1,-0.01,-0.4,-0.35,2,0.2,0.2,0.15,40,48.16,1322,1273,23,1250,0,350,243,55,223,379,0,49,13,1335,602,648,1335,121068.46,909.49,21,56,31,41,38,48,75,940,0,350,466,434
420114,35,-0.1,-0.01,-0.4,-0.35,2,0.2,0.2,0.15,40,55.65,1318,1269,22,1247,398,0,455,98,117,179,0,49,17,1335,694,553,1335,383208.45,3745.48,33,50,106,53,59,50,36,860,398,0,572,277
420115,35,-0.1,-0.01,-0.4,-0.35,2,0.2,0.2,0.15,50,49.88,1322,1273,22,1251,380,372,0,255,0,244,0,49,13,1335,624,627,1335,210476.83,1988.02,54,106,137,90,94,92,85,593,380,372,0,499
420116,35,-0.1,-0.01,-0.4,-0.35,2,0.2,0.2,0.15,50,46.64,1322,1273,23,1250,0,380,0,287,0,583,0,49,13,1335,583,667,1335,73624.76,411.43,21,56,31,41,38,48,75,940,0,380,0,870
420117,35,-0.1,-0.01,-0.4,-0.35,2,0.2,0.2,0.15,50,55.09,1318,1269,22,1247,404,0,0,560,0,283,0,49,17,1335,687,560,1335,327966.25,3181.52,33,50,106,53,59,50,36,860,404,0,0,843
420118,35,-0.1,-0.01,-0.4,-0.35,2,0.2,0.2,0.15,60,49.88,1322,1273,22,1251,380,372,0,255,0,244,0,49,13,1335,624,627,1335,210476.83,1988.02,54,106,137,90,94,92,85,593,380,372,0,499
420119,35,-0.1,-0.01,-0.4,-0.35,2,0.2,0.2,0.15,60,46.64,1322,1273,23,1250,0,380,0,287,0,583,0,49,13,1335,583,667,1335,73624.76,411.43,21,56,31,41,38,48,75,940,0,380,0,870
420120,35,-0.1,-0.01,-0.4,-0.35,2,0.2,0.2,0.15,60,55.09,1318,1269,22,1247,404,0,0,560,0,283,0,49,17,1335,687,560,1335,327966.25,3181.52,33,50,106,53,59,50,36,860,404,0,0,843
420121,35,-0.1,-0.01,-0.4,-0.3,1,0.1,0.1,0.15,20,63.35,2573,2503,23,2480,1184,254,655,0,387,0,0,70,23,2596,1571,909,2596,595098.14,6001.87,510,385,334,1251,0,0,0,0,1184,254,1042,0
420122,35,-0.1,-0.01,-0.4,-0.3,1,0.1,0.1,0.15,20,58.71,2573,2503,45,2458,0,275,740,0,1443,0,0,70,23,2596,1443,1015,2596,708450.22,7204.88,40,90,68,2260,0,0,0,0,0,275,2183,0
420123,35,-0.1,-0.01,-0.4,-0.3,1,0.1,0.1,0.15,20,64.86,2569,2499,23,2476,1201,0,870,0,405,0,0,70,27,2596,1606,870,2596,674808.93,6781.29,470,301,276,1429,0,0,0,0,1201,0,1275,0
420124,35,-0.1,-0.01,-0.4,-0.3,1,0.1,0.1,0.15,30,63.38,2573,2503,26,2477,1369,389,518,0,201,0,0,70,23,2596,1570,907,2596,533645.08,5391.67,510,385,334,209,166,873,0,0,1369,389,719,0
420125,35,-0.1,-0.01,-0.4,-0.3,1,0.1,0.1,0.15,30,53.14,2573,2503,51,2452,0,432,717,0,1303,0,0,70,23,2596,1303,1149,2596,516922.43,5141.23,40,90,68,77,70,2107,0,0,0,432,2020,0
420126,35,-0.1,-0.01,-0.4,-0.3,1,0.1,0.1,0.15,30,66.8,2569,2499,26,2473,1417,0,821,0,235,0,0,70,27,2596,1652,821,2596,714940.9,7208.69,470,301,276,154,125,1147,0,0,1417,0,1056,0
420127,35,-0.1,-0.01,-0.4,-0.3,1,0.1,0.1,0.15,40,62.49,2573,2503,26,2477,1453,556,301,72,53,42,0,70,23,2596,1548,929,2596,405565.05,4084.94,510,385,334,209,166,154,147,572,1453,556,354,114
420128,35,-0.1,-0.01,-0.4,-0.3,1,0.1,0.1,0.15,40,47.19,2573,2503,51,2452,0,651,525,119,460,697,0,70,23,2596,1157,1295,2596,160809.52,1342.82,40,90,68,77,70,87,141,1879,0,651,985,816
420129,35,-0.1,-0.01,-0.4,-0.3,1,0.1,0.1,0.15,40,66.6,2569,2499,26,2473,1519,0,665,161,61,67,0,70,27,2596,1647,826,2596,587532.83,5904.79,470,301,276,154,125,91,72,984,1519,0,726,228
420130,35,-0.1,-0.01,-0.4,-0.3,1,0.1,0.1,0.15,50,62.41,2573,2503,26,2477,1453,581,0,350,0,93,0,70,23,2596,1546,931,2596,378095.71,3800.91,510,385,334,209,166,154,147,572,1453,581,0,443
420131,35,-0.1,-0.01,-0.4,-0.3,1,0.1,0.1,0.15,50,46.08,2573,2503,51,2452,0,702,0,620,0,1130,0,70,23,2596,1130,1322,2596,63411.27,320.8,40,90,68,77,70,87,141,1879,0,702,0,1750
420132,35,-0.1,-0.01,-0.4,-0.3,1,0.1,0.1,0.15,50,66.64,2569,2499,26,2473,1519,0,0,825,0,129,0,70,27,2596,1648,825,2596,526992.17,5286.07,470,301,276,154,125,91,72,984,1519,0,0,954
420133,35,-0.1,-0.01,-0.4,-0.3,1,0.1,0.1,0.15,60,62.41,2573,2503,26,2477,1453,581,0,350,0,93,0,70,23,2596,1546,931,2596,378095.71,3800.91,510,385,334,209,166,154,147,572,1453,581,0,443
420134,35,-0.1,-0.01,-0.4,-0.3,1,0.1,0.1,0.15,60,46.08,2573,2503,51,2452,0,702,0,620,0,1130,0,70,23,2596,1130,1322,2596,63411.27,320.8,40,90,68,77,70,87,141,1879,0,702,0,1750
420135,35,-0.1,-0.01,-0.4,-0.3,1,0.1,0.1,0.15,60,66.64,2569,2499,26,2473,1519,0,0,825,0,129,0,70,27,2596,1648,825,2596,526992.17,5286.07,470,301,276,154,125,91,72,984,1519,0,0,954
420136,35,-0.1,-0.01,-0.4,-0.3,1,0.1,0.2,0.15,20,58.8,2573,2503,44,2459,433,274,739,0,1013,0,0,70,23,2596,1446,1013,2596,758784.47,7702.4,92,182,244,1941,0,0,0,0,433,274,1752,0
420137,35,-0.1,-0.01,-0.4,-0.3,1,0.1,0.2,0.15,20,58.71,2573,2503,45,2458,0,275,740,0,1443,0,0,70,23,2596,1443,1015,2596,708450.22,7204.88,40,90,68,2260,0,0,0,0,0,275,2183,0
420138,35,-0.1,-0.01,-0.4,-0.3,1,0.1,0.2,0.15,20,60.29,2569,2499,44,2455,436,0,975,0,1044,0,0,70,27,2596,1480,975,2596,841894.31,8515.78,52,92,176,2135,0,0,0,0,436,0,2019,0
420139,35,-0.1,-0.01,-0.4,-0.3,1,0.1,0.2,0.15,30,54.22,2573,2503,50,2453,616,429,694,0,714,0,0,70,23,2596,1330,1123,2596,643459.6,6470.57,92,182,244,189,166,1580,0,0,616,429,1408,0
420140,35,-0.1,-0.01,-0.4,-0.3,1,0.1,0.2,0.15,30,53.14,2573,2503,51,2452,0,432,717,0,1303,0,0,70,23,2596,1303,1149,2596,516922.43,5141.23,40,90,68,77,70,2107,0,0,0,432,2020,0
420141,35,-0.1,-0.01,-0.4,-0.3,1,0.1,0.2,0.15,30,57.86,2569,2499,50,2449,630,0,1032,0,787,0,0,70,27,2596,1417,1032,2596,843147.34,8483.19,52,92,176,116,101,1912,0,0,630,0,1819,0
420142,35,-0.1,-0.01,-0.4,-0.3,1,0.1,0.2,0.15,40,49.94,2573,2503,50,2453,712,635,483,110,235,278,0,70,23,2596,1225,1228,2596,436802.67,4379.54,92,182,244,189,166,172,169,1239,712,635,718,388
420143,35,-0.1,-0.01,-0.4,-0.3,1,0.1,0.2,0.15,40,47.19,2573,2503,51,2452,0,651,525,119,460,697,0,70,23,2596,1157,1295,2596,160809.52,1342.82,40,90,68,77,70,87,141,1879,0,651,985,816
420144,35,-0.1,-0.01,-0.4,-0.3,1,0.1,0.2,0.15,40,53.98,2569,2499,50,2449,741,0,911,216,244,337,0,70,27,2596,1322,1127,2596,638221.82,6396.63,52,92,176,116,101,93,80,1739,741,0,1155,553
420145,35,-0.1,-0.01,-0.4,-0.3,1,0.1,0.2,0.15,50,49.53,2573,2503,50,2453,718,682,0,556,0,497,0,70,23,2596,1215,1238,2596,382560.53,3822.15,92,182,244,189,166,172,169,1239,718,682,0,1053
420146,35,-0.1,-0.01,-0.4,-0.3,1,0.1,0.2,0.15,50,46.08,2573,2503,51,2452,0,702,0,620,0,1130,0,70,23,2596,1130,1322,2596,63411.27,320.8,40,90,68,77,70,87,141,1879,0,702,0,1750
420147,35,-0.1,-0.01,-0.4,-0.3,1,0.1,0.2,0.15,50,53.7,2569,2499,50,2449,747,0,0,1134,0,568,0,70,27,2596,1315,1134,2596,536913.22,5362.22,52,92,176,116,101,93,80,1739,747,0,0,1702
420148,35,-0.1,-0.01,-0.4,-0.3,1,0.1,0.2,0.15,60,49.53,2573,2503,50,2453,718,682,0,556,0,497,0,70,23,2596,1215,1238,2596,382560.53,3822.15,92,182,244,189,166,172,169,1239,718,682,0,1053
420149,35,-0.1,-0.01,-0.4,-0.3,1,0.1,0.2,0.15,60,46.08,2573,2503,51,2452,0,702,0,620,0,1130,0,70,23,2596,1130,1322,2596,63411.27,320.8,40,90,68,77,70,87,141,1879,0,702,0,1750
420150,35,-0.1,-0.01,-0.4,-0.3,1,0.1,0.2,0.15,60,53.7,2569,2499,50,2449,747,0,0,1134,0,568,0,70,27,2596,1315,1134,2596,536913.22,5362.22,52,92,176,116,101,93,80,1739,747,0,0,1702
420151,35,-0.1,-0.01,-0.4,-0.3,1,0.2,0.1,0.15,20,63.35,2573,2503,23,2480,1184,254,655,0,387,0,0,70,23,2596,1571,909,2596,595098.14,6001.87,510,385,334,1251,0,0,0,0,1184,254,1042,0
420152,35,-0.1,-0.01,-0.4,-0.3,1,0.2,0.1,0.15,20,58.71,2573,2503,45,2458,0,275,740,0,1443,0,0,70,23,2596,1443,1015,2596,708450.22,7204.88,40,90,68,2260,0,0,0,0,0,275,2183,0
420153,35,-0.1,-0.01,-0.4,-0.3,1,0.2,0.1,0.15,20,64.86,2569,2499,23,2476,1201,0,870,0,405,0,0,70,27,2596,1606,870,2596,674808.93,6781.29,470,301,276,1429,0,0,0,0,1201,0,1275,0
420154,35,-0.1,-0.01,-0.4,-0.3,1,0.2,0.1,0.15,30,63.38,2573,2503,26,2477,1369,389,518,0,201,0,0,70,23,2596,1570,907,2596,533645.08,5391.67,510,385,334,209,166,873,0,0,1369,389,719,0
420155,35,-0.1,-0.01,-0.4,-0.3,1,0.2,0.1,0.15,30,53.14,2573,2503,51,2452,0,432,717,0,1303,0,0,70,23,2596,1303,1149,2596,516922.43,5141.23,40,90,68,77,70,2107,0,0,0,432,2020,0
420156,35,-0.1,-0.01,-0.4,-0.3,1,0.2,0.1,0.15,30,66.8,2569,2499,26,2473,1417,0,821,0,235,0,0,70,27,2596,1652,821,2596,714940.9,7208.69,470,301,276,154,125,1147,0,0,1417,0,1056,0
420157,35,-0.1,-0.01,-0.4,-0.3,1,0.2,0.1,0.15,40,62.49,2573,2503,26,2477,1453,556,301,72,53,42,0,70,23,2596,1548,929,2596,405565.05,4084.94,510,385,334,209,166,154,147,572,1453,556,354,114
420158,35,-0.1,-0.01,-0.4,-0.3,1,0.2,0.1,0.15,40,47.19,2573,2503,51,2452,0,651,525,119,460,697,0,70,23,2596,1157,1295,2596,160809.52,1342.82,40,90,68,77,70,87,141,1879,0,651,985,816
420159,35,-0.1,-0.01,-0.4,-0.3,1,0.2,0.1,0.15,40,66.6,2569,2499,26,2473,1519,0,665,161,61,67,0,70,27,2596,1647,826,2596,587532.83,5904.79,470,301,276,154,125,91,72,984,1519,0,726,228
420160,35,-0.1,-0.01,-0.4,-0.3,1,0.2,0.1,0.15,50,62.41,2573,2503,26,2477,1453,581,0,350,0,93,0,70,23,2596,1546,931,2596,378095.71,3800.91,510,385,334,209,166,154,147,572,1453,581,0,443
420161,35,-0.1,-0.01,-0.4,-0.3,1,0.2,0.1,0.15,50,46.08,2573,2503,51,2452,0,702,0,620,0,1130,0,70,23,2596,1130,1322,2596,63411.27,320.8,40,90,68,77,70,87,141,1879,0,702,0,1750
420162,35,-0.1,-0.01,-0.4,-0.3,1,0.2,0.1,0.15,50,66.64,2569,2499,26,2473,1519,0,0,825,0,129,0,70,27,2596,1648,825,2596,526992.17,5286.07,470,301,276,154,125,91,72,984,1519,0,0,954
420163,35,-0.1,-0.01,-0.4,-0.3,1,0.2,0.1,0.15,60,62.41,2573,2503,26,2477,1453,581,0,350,0,93,0,70,23,2596,1546,931,2596,378095.71,3800.91,510,385,334,209,166,154,147,572,1453,581,0,443
420164,35,-0.1,-0.01,-0.4,-0.3,1,0.2,0.1,0.15,60,46.08,2573,2503,51,2452,0,702,0,620,0,1130,0,70,23,2596,1130,1322,2596,63411.27,320.8,40,90,68,77,70,87,141,1879,0,702,0,1750
420165,35,-0.1,-0.01,-0.4,-0.3,1,0.2,0.1,0.15,60,66.64,2569,2499,26,2473,1519,0,0,825,0,129,0,70,27,2596,1648,825,2596,526992.17,5286.07,470,301,276,154,125,91,72,984,1519,0,0,954
420166,35,-0.1,-0.01,-0.4,-0.3,1,0.2,0.2,0.15,20,58.8,2573,2503,44,2459,433,274,739,0,1013,0,0,70,23,2596,1446,1013,2596,758784.47,7702.4,92,182,244,1941,0,0,0,0,433,274,1752,0
420167,35,-0.1,-0.01,-0.4,-0.3,1,0.2,0.2,0.15,20,58.71,2573,2503,45,2458,0,275,740,0,1443,0,0,70,23,2596,1443,1015,2596,708450.22,7204.88,40,90,68,2260,0,0,0,0,0,275,2183,0
420168,35,-0.1,-0.01,-0.4,-0.3,1,0.2,0.2,0.15,20,60.29,2569,2499,44,2455,436,0,975,0,1044,0,0,70,27,2596,1480,975,2596,841894.31,8515.78,52,92,176,2135,0,0,0,0,436,0,2019,0
420169,35,-0.1,-0.01,-0.4,-0.3,1,0.2,0.2,0.15,30,54.22,2573,2503,50,2453,616,429,694,0,714,0,0,70,23,2596,1330,1123,2596,643459.6,6470.57,92,182,244,189,166,1580,0,0,616,429,1408,0
420170,35,-0.1,-0.01,-0.4,-0.3,1,0.2,0.2,0.15,30,53.14,2573,2503,51,2452,0,432,717,0,1303,0,0,70,23,2596,1303,1149,2596,516922.43,5141.23,40,90,68,77,70,2107,0,0,0,432,2020,0
420171,35,-0.1,-0.01,-0.4,-0.3,1,0.2,0.2,0.15,30,57.86,2569,2499,50,2449,630,0,1032,0,787,0,0,70,27,2596,1417,1032,2596,843147.34,8483.19,52,92,176,116,101,1912,0,0,630,0,1819,0
420172,35,-0.1,-0.01,-0.4,-0.3,1,0.2,0.2,0.15,40,49.94,2573,2503,50,2453,712,635,483,110,235,278,0,70,23,2596,1225,1228,2596,436802.67,4379.54,92,182,244,189,166,172,169,1239,712,635,718,388
420173,35,-0.1,-0.01,-0.4,-0.3,1,0.2,0.2,0.15,40,47.19,2573,2503,51,2452,0,651,525,119,460,697,0,70,23,2596,1157,1295,2596,160809.52,1342.82,40,90,68,77,70,87,141,1879,0,651,985,816
420174,35,-0.1,-0.01,-0.4,-0.3,1,0.2,0.2,0.15,40,53.98,2569,2499,50,2449,741,0,911,216,244,337,0,70,27,2596,1322,1127,2596,638221.82,6396.63,52,92,176,116,101,93,80,1739,741,0,1155,553
420175,35,-0.1,-0.01,-0.4,-0.3,1,0.2,0.2,0.15,50,49.53,2573,2503,50,2453,718,682,0,556,0,497,0,70,23,2596,1215,1238,2596,382560.53,3822.15,92,182,244,189,166,172,169,1239,718,682,0,1053
420176,35,-0.1,-0.01,-0.4,-0.3,1,0.2,0.2,0.15,50,46.08,2573,2503,51,2452,0,702,0,620,0,1130,0,70,23,2596,1130,1322,2596,63411.27,320.8,40,90,68,77,70,87,141,1879,0,702,0,1750
420177,35,-0.1,-0.01,-0.4,-0.3,1,0.2,0.2,0.15,50,53.7,2569,2499,50,2449,747,0,0,1134,0,568,0,70,27,2596,1315,1134,2596,536913.22,5362.22,52,92,176,116,101,93,80,1739,747,0,0,1702
420178,35,-0.1,-0.01,-0.4,-0.3,1,0.2,0.2,0.15,60,49.53,2573,2503,50,2453,718,682,0,556,0,497,0,70,23,2596,1215,1238,2596,382560.53,3822.15,92,182,244,189,166,172,169,1239,718,682,0,1053
420179,35,-0.1,-0.01,-0.4,-0.3,1,0.2,0.2,0.15,60,46.08,2573,2503,51,2452,0,702,0,620,0,1130,0,70,23,2596,1130,1322,2596,63411.27,320.8,40,90,68,77,70,87,141,1879,0,702,0,1750
420180,35,-0.1,-0.01,-0.4,-0.3,1,0.2,0.2,0.15,60,53.7,2569,2499,50,2449,747,0,0,1134,0,568,0,70,27,2596,1315,1134,2596,536913.22,5362.22,52,92,176,116,101,93,80,1739,747,0,0,1702
420181,35,-0.1,-0.01,-0.4,-0.3,2,0.1,0.1,0.15,20,66.85,2573,2503,23,2480,1259,253,569,0,399,0,0,70,23,2596,1658,822,2596,780897.97,8901.27,521,407,362,1190,0,0,0,0,1259,253,968,0
420182,35,-0.1,-0.01,-0.4,-0.3,2,0.1,0.1,0.15,20,62.49,2573,2503,45,2458,0,275,647,0,1536,0,0,70,23,2596,1536,922,2596,964411.66,10578.28,40,90,68,2260,0,0,0,0,0,275,2183,0
420183,35,-0.1,-0.01,-0.4,-0.3,2,0.1,0.1,0.15,20,69.55,2569,2499,23,2476,1301,0,754,0,421,0,0,70,27,2596,1722,754,2596,918477.5,9871.02,483,327,315,1351,0,0,0,0,1301,0,1175,0
420184,35,-0.1,-0.01,-0.4,-0.3,2,0.1,0.1,0.15,30,67.66,2573,2503,26,2477,1461,379,422,0,215,0,0,70,23,2596,1676,801,2596,762950.75,9298.64,521,407,362,222,176,789,0,0,1461,379,637,0
420185,35,-0.1,-0.01,-0.4,-0.3,2,0.1,0.1,0.15,30,56.77,2573,2503,51,2452,0,432,628,0,1392,0,0,70,23,2596,1392,1060,2596,825619.31,9762.96,40,90,68,77,70,2107,0,0,0,432,2020,0
420186,35,-0.1,-0.01,-0.4,-0.3,2,0.1,0.1,0.15,30,73.11,2569,2499,26,2473,1547,0,665,0,261,0,0,70,27,2596,1808,665,2596,1087897.37,11287.87,483,327,315,176,143,1029,0,0,1547,0,926,0
420187,35,-0.1,-0.01,-0.4,-0.3,2,0.1,0.1,0.15,40,67.02,2573,2503,26,2477,1554,538,233,46,72,34,0,70,23,2596,1660,817,2596,596316.07,8823.62,521,407,362,222,176,152,150,487,1554,538,305,80
420188,35,-0.1,-0.01,-0.4,-0.3,2,0.1,0.1,0.15,40,51.43,2573,2503,51,2452,0,651,460,80,525,736,0,70,23,2596,1261,1191,2596,329402.39,6975.36,40,90,68,77,70,87,141,1879,0,651,985,816
420189,35,-0.1,-0.01,-0.4,-0.3,2,0.1,0.1,0.15,40,73.15,2569,2499,26,2473,1677,0,556,108,83,49,0,70,27,2596,1809,664,2596,942040.47,10938.43,483,327,315,176,143,103,86,840,1677,0,639,157
420190,35,-0.1,-0.01,-0.4,-0.3,2,0.1,0.1,0.15,50,66.37,2573,2503,26,2477,1554,559,0,274,0,90,0,70,23,2596,1644,833,2596,554879.5,8604.98,521,407,362,222,176,152,150,487,1554,559,0,364
420191,35,-0.1,-0.01,-0.4,-0.3,2,0.1,0.1,0.15,50,49.88,2573,2503,51,2452,0,702,0,527,0,1223,0,70,23,2596,1223,1229,2596,184960.67,6028.31,40,90,68,77,70,87,141,1879,0,702,0,1750
420192,35,-0.1,-0.01,-0.4,-0.3,2,0.1,0.1,0.15,50,72.75,2569,2499,26,2473,1678,0,0,674,0,121,0,70,27,2596,1799,674,2596,837643.83,10398.27,483,327,315,176,143,103,86,840,1678,0,0,795
420193,35,-0.1,-0.01,-0.4,-0.3,2,0.1,0.1,0.15,60,66.37,2573,2503,26,2477,1554,559,0,274,0,90,0,70,23,2596,1644,833,2596,554879.5,8604.98,521,407,362,222,176,152,150,487,1554,559,0,364
420194,35,-0.1,-0.01,-0.4,-0.3,2,0.1,0.1,0.15,60,49.88,2573,2503,51,2452,0,702,0,527,0,1223,0,70,23,2596,1223,1229,2596,184960.67,6028.31,40,90,68,77,70,87,141,1879,0,702,0,1750
420195,35,-0.1,-0.01,-0.4,-0.3,2,0.1,0.1,0.15,60,72.75,2569,2499,26,2473,1678,0,0,674,0,121,0,70,27,2596,1799,674,2596,837643.83,10398.27,483,327,315,176,143,103,86,840,1678,0,0,795
420196,35,-0.1,-0.01,-0.4,-0.3,2,0.1,0.2,0.15,20,62.55,2573,2503,44,2459,465,274,647,0,1073,0,0,70,23,2596,1538,921,2596,1027679.75,11081.84,92,187,254,1926,0,0,0,0,465,274,1720,0
420197,35,-0.1,-0.01,-0.4,-0.3,2,0.1,0.2,0.15,20,62.49,2573,2503,45,2458,0,275,647,0,1536,0,0,70,23,2596,1536,922,2596,964411.66,10578.28,40,90,68,2260,0,0,0,0,0,275,2183,0
420198,35,-0.1,-0.01,-0.4,-0.3,2,0.1,0.2,0.15,20,65.42,2569,2499,44,2455,475,0,849,0,1131,0,0,70,27,2596,1606,849,2596,1174999.41,12160.7,52,97,190,2116,0,0,0,0,475,0,1980,0
420199,35,-0.1,-0.01,-0.4,-0.3,2,0.1,0.2,0.15,30,58.01,2573,2503,50,2453,671,428,602,0,752,0,0,70,23,2596,1423,1030,2596,988487.72,11155.16,92,187,254,206,179,1535,0,0,671,428,1354,0
420200,35,-0.1,-0.01,-0.4,-0.3,2,0.1,0.2,0.15,30,56.77,2573,2503,51,2452,0,432,628,0,1392,0,0,70,23,2596,1392,1060,2596,825619.31,9762.96,40,90,68,77,70,2107,0,0,0,432,2020,0
420201,35,-0.1,-0.01,-0.4,-0.3,2,0.1,0.2,0.15,30,63.78,2569,2499,50,2449,710,0,887,0,852,0,0,70,27,2596,1562,887,2596,1379048.85,13605.02,52,97,190,136,126,1848,0,0,710,0,1739,0
420202,35,-0.1,-0.01,-0.4,-0.3,2,0.1,0.2,0.15,40,54.34,2573,2503,50,2453,781,631,413,76,278,274,0,70,23,2596,1333,1120,2596,706849.56,10179.51,92,187,254,206,179,181,174,1180,781,631,691,350
420203,35,-0.1,-0.01,-0.4,-0.3,2,0.1,0.2,0.15,40,51.43,2573,2503,51,2452,0,651,460,80,525,736,0,70,23,2596,1261,1191,2596,329402.39,6975.36,40,90,68,77,70,87,141,1879,0,651,985,816
420204,35,-0.1,-0.01,-0.4,-0.3,2,0.1,0.2,0.15,40,60.31,2569,2499,50,2449,840,0,815,157,303,334,0,70,27,2596,1477,972,2596,1100329.33,12675.71,52,97,190,136,126,109,86,1653,840,0,1118,491
420205,35,-0.1,-0.01,-0.4,-0.3,2,0.1,0.2,0.15,50,53.44,2573,2503,50,2453,786,677,0,465,0,525,0,70,23,2596,1311,1142,2596,618171.62,9707.62,92,187,254,206,179,181,174,1180,786,677,0,990
420206,35,-0.1,-0.01,-0.4,-0.3,2,0.1,0.2,0.15,50,49.88,2573,2503,51,2452,0,702,0,527,0,1223,0,70,23,2596,1223,1229,2596,184960.67,6028.31,40,90,68,77,70,87,141,1879,0,702,0,1750
420207,35,-0.1,-0.01,-0.4,-0.3,2,0.1,0.2,0.15,50,59.7,2569,2499,50,2449,845,0,0,987,0,617,0,70,27,2596,1462,987,2596,917892.8,11736.03,52,97,190,136,126,109,86,1653,845,0,0,1604
420208,35,-0.1,-0.01,-0.4,-0.3,2,0.1,0.2,0.15,60,53.44,2573,2503,50,2453,786,677,0,465,0,525,0,70,23,2596,1311,1142,2596,618171.62,9707.62,92,187,254,206,179,181,174,1180,786,677,0,990
420209,35,-0.1,-0.01,-0.4,-0.3,2,0.1,0.2,0.15,60,49.88,2573,2503,51,2452,0,702,0,527,0,1223,0,70,23,2596,1223,1229,2596,184960.67,6028.31,40,90,68,77,70,87,141,1879,0,702,0,1750
420210,35,-0.1,-0.01,-0.4,-0.3,2,0.1,0.2,0.15,60,59.7,2569,2499,50,2449,845,0,0,987,0,617,0,70,27,2596,1462,987,2596,917892.8,11736.03,52,97,190,136,126,109,86,1653,845,0,0,1604
420211,35,-0.1,-0.01,-0.4,-0.3,2,0.2,0.1,0.15,20,63.35,2573,2503,23,2480,1184,254,655,0,387,0,0,70,23,2596,1571,909,2596,595098.14,6001.87,510,385,334,1251,0,0,0,0,1184,254,1042,0
420212,35,-0.1,-0.01,-0.4,-0.3,2,0.2,0.1,0.15,20,58.71,2573,2503,45,2458,0,275,740,0,1443,0,0,70,23,2596,1443,1015,2596,708450.22,7204.88,40,90,68,2260,0,0,0,0,0,275,2183,0
420213,35,-0.1,-0.01,-0.4,-0.3,2,0.2,0.1,0.15,20,64.86,2569,2499,23,2476,1201,0,870,0,405,0,0,70,27,2596,1606,870,2596,674808.93,6781.29,470,301,276,1429,0,0,0,0,1201,0,1275,0
420214,35,-0.1,-0.01,-0.4,-0.3,2,0.2,0.1,0.15,30,63.38,2573,2503,26,2477,1369,389,518,0,201,0,0,70,23,2596,1570,907,2596,533645.08,5391.67,510,385,334,209,166,873,0,0,1369,389,719,0
420215,35,-0.1,-0.01,-0.4,-0.3,2,0.2,0.1,0.15,30,53.14,2573,2503,51,2452,0,432,717,0,1303,0,0,70,23,2596,1303,1149,2596,516922.43,5141.23,40,90,68,77,70,2107,0,0,0,432,2020,0
420216,35,-0.1,-0.01,-0.4,-0.3,2,0.2,0.1,0.15,30,66.8,2569,2499,26,2473,1417,0,821,0,235,0,0,70,27,2596,1652,821,2596,714940.9,7208.69,470,301,276,154,125,1147,0,0,1417,0,1056,0
420217,35,-0.1,-0.01,-0.4,-0.3,2,0.2,0.1,0.15,40,62.49,2573,2503,26,2477,1453,556,301,72,53,42,0,70,23,2596,1548,929,2596,405565.05,4084.94,510,385,334,209,166,154,147,572,1453,556,354,114
420218,35,-0.1,-0.01,-0.4,-0.3,2,0.2,0.1,0.15,40,47.19,2573,2503,51,2452,0,651,525,119,460,697,0,70,23,2596,1157,1295,2596,160809.52,1342.82,40,90,68,77,70,87,141,1879,0,651,985,816
420219,35,-0.1,-0.01,-0.4,-0.3,2,0.2,0.1,0.15,40,66.6,2569,2499,26,2473,1519,0,665,161,61,67,0,70,27,2596,1647,826,2596,587532.83,5904.79,470,301,276,154,125,91,72,984,1519,0,726,228
420220,35,-0.1,-0.01,-0.4,-0.3,2,0.2,0.1,0.15,50,62.41,2573,2503,26,2477,1453,581,0,350,0,93,0,70,23,2596,1546,931,2596,378095.71,3800.91,510,385,334,209,166,154,147,572,1453,581,0,443
420221,35,-0.1,-0.01,-0.4,-0.3,2,0.2,0.1,0.15,50,46.08,2573,2503,51,2452,0,702,0,620,0,1130,0,70,23,2596,1130,1322,2596,63411.27,320.8,40,90,68,77,70,87,141,1879,0,702,0,1750
420222,35,-0.1,-0.01,-0.4,-0.3,2,0.2,0.1,0.15,50,66.64,2569,2499,26,2473,1519,0,0,825,0,129,0,70,27,2596,1648,825,2596,526992.17,5286.07,470,301,276,154,125,91,72,984,1519,0,0,954
420223,35,-0.1,-0.01,-0.4,-0.3,2,0.2,0.1,0.15,60,62.41,2573,2503,26,2477,1453,581,0,350,0,93,0,70,23,2596,1546,931,2596,378095.71,3800.91,510,385,334,209,166,154,147,572,1453,581,0,443
420224,35,-0.1,-0.01,-0.4,-0.3,2,0.2,0.1,0.15,60,46.08,2573,2503,51,2452,0,702,0,620,0,1130,0,70,23,2596,1130,1322,2596,63411.27,320.8,40,90,68,77,70,87,141,1879,0,702,0,1750
420225,35,-0.1,-0.01,-0.4,-0.3,2,0.2,0.1,0.15,60,66.64,2569,2499,26,2473,1519,0,0,825,0,129,0,70,27,2596,1648,825,2596,526992.17,5286.07,470,301,276,154,125,91,72,984,1519,0,0,954
420226,35,-0.1,-0.01,-0.4,-0.3,2,0.2,0.2,0.15,20,58.8,2573,2503,44,2459,433,274,739,0,1013,0,0,70,23,2596,1446,1013,2596,758784.47,7702.4,92,182,244,1941,0,0,0,0,433,274,1752,0
420227,35,-0.1,-0.01,-0.4,-0.3,2,0.2,0.2,0.15,20,58.71,2573,2503,45,2458,0,275,740,0,1443,0,0,70,23,2596,1443,1015,2596,708450.22,7204.88,40,90,68,2260,0,0,0,0,0,275,2183,0
420228,35,-0.1,-0.01,-0.4,-0.3,2,0.2,0.2,0.15,20,60.29,2569,2499,44,2455,436,0,975,0,1044,0,0,70,27,2596,1480,975,2596,841894.31,8515.78,52,92,176,2135,0,0,0,0,436,0,2019,0
420229,35,-0.1,-0.01,-0.4,-0.3,2,0.2,0.2,0.15,30,54.22,2573,2503,50,2453,616,429,694,0,714,0,0,70,23,2596,1330,1123,2596,643459.6,6470.57,92,182,244,189,166,1580,0,0,616,429,1408,0
420230,35,-0.1,-0.01,-0.4,-0.3,2,0.2,0.2,0.15,30,53.14,2573,2503,51,2452,0,432,717,0,1303,0,0,70,23,2596,1303,1149,2596,516922.43,5141.23,40,90,68,77,70,2107,0,0,0,432,2020,0
420231,35,-0.1,-0.01,-0.4,-0.3,2,0.2,0.2,0.15,30,57.86,2569,2499,50,2449,630,0,1032,0,787,0,0,70,27,2596,1417,1032,2596,843147.34,8483.19,52,92,176,116,101,1912,0,0,630,0,1819,0
420232,35,-0.1,-0.01,-0.4,-0.3,2,0.2,0.2,0.15,40,49.94,2573,2503,50,2453,712,635,483,110,235,278,0,70,23,2596,1225,1228,2596,436802.67,4379.54,92,182,244,189,166,172,169,1239,712,635,718,388
420233,35,-0.1,-0.01,-0.4,-0.3,2,0.2,0.2,0.15,40,47.19,2573,2503,51,2452,0,651,525,119,460,697,0,70,23,2596,1157,1295,2596,160809.52,1342.82,40,90,68,77,70,87,141,1879,0,651,985,816
420234,35,-0.1,-0.01,-0.4,-0.3,2,0.2,0.2,0.15,40,53.98,2569,2499,50,2449,741,0,911,216,244,337,0,70,27,2596,1322,1127,2596,638221.82,6396.63,52,92,176,116,101,93,80,1739,741,0,1155,553
420235,35,-0.1,-0.01,-0.4,-0.3,2,0.2,0.2,0.15,50,49.53,2573,2503,50,2453,718,682,0,556,0,497,0,70,23,2596,1215,1238,2596,382560.53,3822.15,92,182,244,189,166,172,169,1239,718,682,0,1053
420236,35,-0.1,-0.01,-0.4,-0.3,2,0.2,0.2,0.15,50,46.08,2573,2503,51,2452,0,702,0,620,0,1130,0,70,23,2596,1130,1322,2596,63411.27,320.8,40,90,68,77,70,87,141,1879,0,702,0,1750
420237,35,-0.1,-0.01,-0.4,-0.3,2,0.2,0.2,0.15,50,53.7,2569,2499,50,2449,747,0,0,1134,0,568,0,70,27,2596,1315,1134,2596,536913.22,5362.22,52,92,176,116,101,93,80,1739,747,0,0,1702
420238,35,-0.1,-0.01,-0.4,-0.3,2,0.2,0.2,0.15,60,49.53,2573,2503,50,2453,718,682,0,556,0,497,0,70,23,2596,1215,1238,2596,382560.53,3822.15,92,182,244,189,166,172,169,1239,718,682,0,1053
420239,35,-0.1,-0.01,-0.4,-0.3,2,0.2,0.2,0.15,60,46.08,2573,2503,51,2452,0,702,0,620,0,1130,0,70,23,2596,1130,1322,2596,63411.27,320.8,40,90,68,77,70,87,141,1879,0,702,0,1750
420240,35,-0.1,-0.01,-0.4,-0.3,2,0.2,0.2,0.15,60,53.7,2569,2499,50,2449,747,0,0,1134,0,568,0,70,27,2596,1315,1134,2596,536913.22,5362.22,52,92,176,116,101,93,80,1739,747,0,0,1702
420241,35,-0.1,-0.01,-0.4,-0.25,1,0.1,0.1,0.15,20,62.31,3662,3574,32,3542,1597,346,989,0,610,0,0,88,34,3696,2207,1335,3696,771273.99,7756.23,644,533,442,1923,0,0,0,0,1597,346,1599,0
420242,35,-0.1,-0.01,-0.4,-0.25,1,0.1,0.1,0.15,20,57.78,3662,3574,59,3515,0,372,1112,0,2031,0,0,88,34,3696,2031,1484,3696,818157.35,8294.0,54,118,86,3257,0,0,0,0,0,372,3143,0
420243,35,-0.1,-0.01,-0.4,-0.25,1,0.1,0.1,0.15,20,63.61,3658,3570,33,3537,1615,0,1287,0,635,0,0,88,38,3696,2250,1287,3696,875607.49,8760.37,590,421,368,2158,0,0,0,0,1615,0,1922,0
420244,35,-0.1,-0.01,-0.4,-0.25,1,0.1,0.1,0.15,30,61.76,3662,3574,38,3536,1851,536,816,0,333,0,0,88,34,3696,2184,1352,3696,672963.59,6789.81,644,533,442,324,234,1359,0,0,1851,536,1149,0
420245,35,-0.1,-0.01,-0.4,-0.25,1,0.1,0.1,0.15,30,51.61,3662,3574,69,3505,0,600,1096,0,1809,0,0,88,34,3696,1809,1696,3696,523974.36,5205.55,54,118,86,114,109,3024,0,0,0,600,2905,0
420246,35,-0.1,-0.01,-0.4,-0.25,1,0.1,0.1,0.15,30,64.68,3658,3570,39,3531,1912,0,1247,0,372,0,0,88,38,3696,2284,1247,3696,902322.23,9076.27,590,421,368,236,167,1749,0,0,1912,0,1619,0
420247,35,-0.1,-0.01,-0.4,-0.25,1,0.1,0.1,0.15,40,60.65,3662,3574,39,3535,1974,776,502,113,100,70,0,88,34,3696,2144,1391,3696,478245.15,4807.76,644,533,442,324,234,210,206,942,1974,776,602,183
420248,35,-0.1,-0.01,-0.4,-0.25,1,0.1,0.1,0.15,40,45.58,3662,3574,70,3504,0,908,828,171,657,940,0,88,34,3696,1597,1907,3696,6737.73,-238.45,54,118,86,114,109,119,193,2711,0,908,1485,1111
420249,35,-0.1,-0.01,-0.4,-0.25,1,0.1,0.1,0.15,40,64.25,3658,3570,40,3530,2058,0,1016,246,108,102,0,88,38,3696,2268,1262,3696,705701.72,7069.48,590,421,368,236,167,130,99,1519,2058,0,1124,348
420250,35,-0.1,-0.01,-0.4,-0.25,1,0.1,0.1,0.15,50,60.28,3662,3574,39,3535,1977,812,0,592,0,154,0,88,34,3696,2131,1404,3696,432949.75,4334.64,644,533,442,324,234,210,206,942,1977,812,0,746
420251,35,-0.1,-0.01,-0.4,-0.25,1,0.1,0.1,0.15,50,44.32,3662,3574,70,3504,0,978,0,973,0,1553,0,88,34,3696,1553,1951,3696,-135617.34,-1709.07,54,118,86,114,109,119,193,2711,0,978,0,2526
420252,35,-0.1,-0.01,-0.4,-0.25,1,0.1,0.1,0.15,50,64.05,3658,3570,40,3530,2061,0,0,1269,0,200,0,88,38,3696,2261,1269,3696,615979.12,6149.31,590,421,368,236,167,130,99,1519,2061,0,0,1469
420253,35,-0.1,-0.01,-0.4,-0.25,1,0.1,0.1,0.15,60,60.28,3662,3574,39,3535,1977,812,0,592,0,154,0,88,34,3696,2131,1404,3696,432949.75,4334.64,644,533,442,324,234,210,206,942,1977,812,0,746
420254,35,-0.1,-0.01,-0.4,-0.25,1,0.1,0.1,0.15,60,44.32,3662,3574,70,3504,0,978,0,973,0,1553,0,88,34,3696,1553,1951,3696,-135617.34,-1709.07,54,118,86,114,109,119,193,2711,0,978,0,2526
420255,35,-0.1,-0.01,-0.4,-0.25,1,0.1,0.1,0.15,60,64.05,3658,3570,40,3530,2061,0,0,1269,0,200,0,88,38,3696,2261,1269,3696,615979.12,6149.31,590,421,368,236,167,130,99,1519,2061,0,0,1469
420256,35,-0.1,-0.01,-0.4,-0.25,1,0.1,0.2,0.15,20,57.93,3662,3574,56,3518,519,370,1110,0,1519,0,0,88,34,3696,2038,1480,3696,900985.51,9135.13,113,231,293,2881,0,0,0,0,519,370,2629,0
420257,35,-0.1,-0.01,-0.4,-0.25,1,0.1,0.2,0.15,20,57.78,3662,3574,59,3515,0,372,1112,0,2031,0,0,88,34,3696,2031,1484,3696,818157.35,8294.0,54,118,86,3257,0,0,0,0,0,372,3143,0
420258,35,-0.1,-0.01,-0.4,-0.25,1,0.1,0.2,0.15,20,59.21,3658,3570,57,3513,522,0,1433,0,1558,0,0,88,38,3696,2080,1433,3696,1001768.43,10103.3,59,113,208,3133,0,0,0,0,522,0,2991,0
420259,35,-0.1,-0.01,-0.4,-0.25,1,0.1,0.2,0.15,30,52.77,3662,3574,66,3508,757,595,1062,0,1094,0,0,88,34,3696,1851,1657,3696,725978.95,7299.06,113,231,293,252,232,2387,0,0,757,595,2156,0
420260,35,-0.1,-0.01,-0.4,-0.25,1,0.1,0.2,0.15,30,51.61,3662,3574,69,3505,0,600,1096,0,1809,0,0,88,34,3696,1809,1696,3696,523974.36,5205.55,54,118,86,114,109,3024,0,0,0,600,2905,0
420261,35,-0.1,-0.01,-0.4,-0.25,1,0.1,0.2,0.15,30,55.89,3658,3570,67,3503,772,0,1545,0,1186,0,0,88,38,3696,1958,1545,3696,960604.32,9647.91,59,113,208,142,129,2852,0,0,772,0,2731,0
420262,35,-0.1,-0.01,-0.4,-0.25,1,0.1,0.2,0.15,40,48.02,3662,3574,67,3507,889,890,771,162,376,419,0,88,34,3696,1684,1823,3696,386861.29,3874.75,113,231,293,252,232,231,241,1914,889,890,1147,581
420263,35,-0.1,-0.01,-0.4,-0.25,1,0.1,0.2,0.15,40,45.58,3662,3574,70,3504,0,908,828,171,657,940,0,88,34,3696,1597,1907,3696,6737.73,-238.45,54,118,86,114,109,119,193,2711,0,908,1485,1111
420264,35,-0.1,-0.01,-0.4,-0.25,1,0.1,0.2,0.15,40,51.48,3658,3570,68,3502,920,0,1380,319,391,492,0,88,38,3696,1803,1699,3696,595393.18,5917.57,59,113,208,142,129,121,113,2617,920,0,1771,811
420265,35,-0.1,-0.01,-0.4,-0.25,1,0.1,0.2,0.15,50,47.28,3662,3574,67,3507,895,955,0,894,0,763,0,88,34,3696,1658,1849,3696,297186.67,2966.28,113,231,293,252,232,231,241,1914,895,955,0,1657
420266,35,-0.1,-0.01,-0.4,-0.25,1,0.1,0.2,0.15,50,44.32,3662,3574,70,3504,0,978,0,973,0,1553,0,88,34,3696,1553,1951,3696,-135617.34,-1709.07,54,118,86,114,109,119,193,2711,0,978,0,2526
420267,35,-0.1,-0.01,-0.4,-0.25,1,0.1,0.2,0.15,50,50.91,3658,3570,68,3502,926,0,0,1719,0,857,0,88,38,3696,1783,1719,3696,434783.26,4292.21,59,113,208,142,129,121,113,2617,926,0,0,2576
420268,35,-0.1,-0.01,-0.4,-0.25,1,0.1,0.2,0.15,60,47.28,3662,3574,67,3507,895,955,0,894,0,763,0,88,34,3696,1658,1849,3696,297186.67,2966.28,113,231,293,252,232,231,241,1914,895,955,0,1657
420269,35,-0.1,-0.01,-0.4,-0.25,1,0.1,0.2,0.15,60,44.32,3662,3574,70,3504,0,978,0,973,0,1553,0,88,34,3696,1553,1951,3696,-135617.34,-1709.07,54,118,86,114,109,119,193,2711,0,978,0,2526
420270,35,-0.1,-0.01,-0.4,-0.25,1,0.1,0.2,0.15,60,50.91,3658,3570,68,3502,926,0,0,1719,0,857,0,88,38,3696,1783,1719,3696,434783.26,4292.21,59,113,208,142,129,121,113,2617,926,0,0,2576
420271,35,-0.1,-0.01,-0.4,-0.25,1,0.2,0.1,0.15,20,62.31,3662,3574,32,3542,1597,346,989,0,610,0,0,88,34,3696,2207,1335,3696,771273.99,7756.23,644,533,442,1923,0,0,0,0,1597,346,1599,0
420272,35,-0.1,-0.01,-0.4,-0.25,1,0.2,0.1,0.15,20,57.78,3662,3574,59,3515,0,372,1112,0,2031,0,0,88,34,3696,2031,1484,3696,818157.35,8294.0,54,118,86,3257,0,0,0,0,0,372,3143,0
420273,35,-0.1,-0.01,-0.4,-0.25,1,0.2,0.1,0.15,20,63.61,3658,3570,33,3537,1615,0,1287,0,635,0,0,88,38,3696,2250,1287,3696,875607.49,8760.37,590,421,368,2158,0,0,0,0,1615,0,1922,0
420274,35,-0.1,-0.01,-0.4,-0.25,1,0.2,0.1,0.15,30,61.76,3662,3574,38,3536,1851,536,816,0,333,0,0,88,34,3696,2184,1352,3696,672963.59,6789.81,644,533,442,324,234,1359,0,0,1851,536,1149,0
420275,35,-0.1,-0.01,-0.4,-0.25,1,0.2,0.1,0.15,30,51.61,3662,3574,69,3505,0,600,1096,0,1809,0,0,88,34,3696,1809,1696,3696,523974.36,5205.55,54,118,86,114,109,3024,0,0,0,600,2905,0
420276,35,-0.1,-0.01,-0.4,-0.25,1,0.2,0.1,0.15,30,64.68,3658,3570,39,3531,1912,0,1247,0,372,0,0,88,38,3696,2284,1247,3696,902322.23,9076.27,590,421,368,236,167,1749,0,0,1912,0,1619,0
420277,35,-0.1,-0.01,-0.4,-0.25,1,0.2,0.1,0.15,40,60.65,3662,3574,39,3535,1974,776,502,113,100,70,0,88,34,3696,2144,1391,3696,478245.15,4807.76,644,533,442,324,234,210,206,942,1974,776,602,183
420278,35,-0.1,-0.01,-0.4,-0.25,1,0.2,0.1,0.15,40,45.58,3662,3574,70,3504,0,908,828,171,657,940,0,88,34,3696,1597,1907,3696,6737.73,-238.45,54,118,86,114,109,119,193,2711,0,908,1485,1111
420279,35,-0.1,-0.01,-0.4,-0.25,1,0.2,0.1,0.15,40,64.25,3658,3570,40,3530,2058,0,1016,246,108,102,0,88,38,3696,2268,1262,3696,705701.72,7069.48,590,421,368,236,167,130,99,1519,2058,0,1124,348
420280,35,-0.1,-0.01,-0.4,-0.25,1,0.2,0.1,0.15,50,60.28,3662,3574,39,3535,1977,812,0,592,0,154,0,88,34,3696,2131,1404,3696,432949.75,4334.64,644,533,442,324,234,210,206,942,1977,812,0,746
420281,35,-0.1,-0.01,-0.4,-0.25,1,0.2,0.1,0.15,50,44.32,3662,3574,70,3504,0,978,0,973,0,1553,0,88,34,3696,1553,1951,3696,-135617.34,-1709.07,54,118,86,114,109,119,193,2711,0,978,0,2526
420282,35,-0.1,-0.01,-0.4,-0.25,1,0.2,0.1,0.15,50,64.05,3658,3570,40,3530,2061,0,0,1269,0,200,0,88,38,3696,2261,1269,3696,615979.12,6149.31,590,421,368,236,167,130,99,1519,2061,0,0,1469
420283,35,-0.1,-0.01,-0.4,-0.25,1,0.2,0.1,0.15,60,60.28,3662,3574,39,3535,1977,812,0,592,0,154,0,88,34,3696,2131,1404,3696,432949.75,4334.64,644,533,442,324,234,210,206,942,1977,812,0,746
420284,35,-0.1,-0.01,-0.4,-0.25,1,0.2,0.1,0.15,60,44.32,3662,3574,70,3504,0,978,0,973,0,1553,0,88,34,3696,1553,1951,3696,-135617.34,-1709.07,54,118,86,114,109,119,193,2711,0,978,0,2526
420285,35,-0.1,-0.01,-0.4,-0.25,1,0.2,0.1,0.15,60,64.05,3658,3570,40,3530,2061,0,0,1269,0,200,0,88,38,3696,2261,1269,3696,615979.12,6149.31,590,421,368,236,167,130,99,1519,2061,0,0,1469
420286,35,-0.1,-0.01,-0.4,-0.25,1,0.2,0.2,0.15,20,57.93,3662,3574,56,3518,519,370,1110,0,1519,0,0,88,34,3696,2038,1480,3696,900985.51,9135.13,113,231,293,2881,0,0,0,0,519,370,2629,0
420287,35,-0.1,-0.01,-0.4,-0.25,1,0.2,0.2,0.15,20,57.78,3662,3574,59,3515,0,372,1112,0,2031,0,0,88,34,3696,2031,1484,3696,818157.35,8294.0,54,118,86,3257,0,0,0,0,0,372,3143,0
420288,35,-0.1,-0.01,-0.4,-0.25,1,0.2,0.2,0.15,20,59.21,3658,3570,57,3513,522,0,1433,0,1558,0,0,88,38,3696,2080,1433,3696,1001768.43,10103.3,59,113,208,3133,0,0,0,0,522,0,2991,0
420289,35,-0.1,-0.01,-0.4,-0.25,1,0.2,0.2,0.15,30,52.77,3662,3574,66,3508,757,595,1062,0,1094,0,0,88,34,3696,1851,1657,3696,725978.95,7299.06,113,231,293,252,232,2387,0,0,757,595,2156,0
420290,35,-0.1,-0.01,-0.4,-0.25,1,0.2,0.2,0.15,30,51.61,3662,3574,69,3505,0,600,1096,0,1809,0,0,88,34,3696,1809,1696,3696,523974.36,5205.55,54,118,86,114,109,3024,0,0,0,600,2905,0
420291,35,-0.1,-0.01,-0.4,-0.25,1,0.2,0.2,0.15,30,55.89,3658,3570,67,3503,772,0,1545,0,1186,0,0,88,38,3696,1958,1545,3696,960604.32,9647.91,59,113,208,142,129,2852,0,0,772,0,2731,0
420292,35,-0.1,-0.01,-0.4,-0.25,1,0.2,0.2,0.15,40,48.02,3662,3574,67,3507,889,890,771,162,376,419,0,88,34,3696,1684,1823,3696,386861.29,3874.75,113,231,293,252,232,231,241,1914,889,890,1147,581
420293,35,-0.1,-0.01,-0.4,-0.25,1,0.2,0.2,0.15,40,45.58,3662,3574,70,3504,0,908,828,171,657,940,0,88,34,3696,1597,1907,3696,6737.73,-238.45,54,118,86,114,109,119,193,2711,0,908,1485,1111
420294,35,-0.1,-0.01,-0.4,-0.25,1,0.2,0.2,0.15,40,51.48,3658,3570,68,3502,920,0,1380,319,391,492,0,88,38,3696,1803,1699,3696,595393.18,5917.57,59,113,208,142,129,121,113,2617,920,0,1771,811
420295,35,-0.1,-0.01,-0.4,-0.25,1,0.2,0.2,0.15,50,47.28,3662,3574,67,3507,895,955,0,894,0,763,0,88,34,3696,1658,1849,3696,297186.67,2966.28,113,231,293,252,232,231,241,1914,895,955,0,1657
420296,35,-0.1,-0.01,-0.4,-0.25,1,0.2,0.2,0.15,50,44.32,3662,3574,70,3504,0,978,0,973,0,1553,0,88,34,3696,1553,1951,3696,-135617.34,-1709.07,54,118,86,114,109,119,193,2711,0,978,0,2526
420297,35,-0.1,-0.01,-0.4,-0.25,1,0.2,0.2,0.15,50,50.91,3658,3570,68,3502,926,0,0,1719,0,857,0,88,38,3696,1783,1719,3696,434783.26,4292.21,59,113,208,142,129,121,113,2617,926,0,0,2576
420298,35,-0.1,-0.01,-0.4,-0.25,1,0.2,0.2,0.15,60,47.28,3662,3574,67,3507,895,955,0,894,0,763,0,88,34,3696,1658,1849,3696,297186.67,2966.28,113,231,293,252,232,231,241,1914,895,955,0,1657
420299,35,-0.1,-0.01,-0.4,-0.25,1,0.2,0.2,0.15,60,44.32,3662,3574,70,3504,0,978,0,973,0,1553,0,88,34,3696,1553,1951,3696,-135617.34,-1709.07,54,118,86,114,109,119,193,2711,0,978,0,2526
420300,35,-0.1,-0.01,-0.4,-0.25,1,0.2,0.2,0.15,60,50.91,3658,3570,68,3502,926,0,0,1719,0,857,0,88,38,3696,1783,1719,3696,434783.26,4292.21,59,113,208,142,129,121,113,2617,926,0,0,2576
420301,35,-0.1,-0.01,-0.4,-0.25,2,0.1,0.1,0.15,20,65.39,3662,3574,32,3542,1698,342,884,0,618,0,0,88,34,3696,2316,1226,3696,1017182.72,11843.63,659,561,478,1844,0,0,0,0,1698,342,1502,0
420302,35,-0.1,-0.01,-0.4,-0.25,2,0.1,0.1,0.15,20,61.02,3662,3574,59,3515,0,372,998,0,2145,0,0,88,34,3696,2145,1370,3696,1141790.84,12918.59,54,118,86,3257,0,0,0,0,0,372,3143,0
420303,35,-0.1,-0.01,-0.4,-0.25,2,0.1,0.1,0.15,20,67.74,3658,3570,33,3537,1749,0,1141,0,647,0,0,88,38,3696,2396,1141,3696,1197473.47,13088.67,607,455,416,2059,0,0,0,0,1749,0,1788,0
420304,35,-0.1,-0.01,-0.4,-0.25,2,0.1,0.1,0.15,30,66.09,3662,3574,38,3536,1976,521,678,0,361,0,0,88,34,3696,2337,1199,3696,978121.98,12354.57,659,561,478,342,245,1251,0,0,1976,521,1039,0
420305,35,-0.1,-0.01,-0.4,-0.25,2,0.1,0.1,0.15,30,55.38,3662,3574,69,3505,0,600,964,0,1941,0,0,88,34,3696,1941,1564,3696,933490.14,11747.9,54,118,86,114,109,3024,0,0,0,600,2905,0
420306,35,-0.1,-0.01,-0.4,-0.25,2,0.1,0.1,0.15,30,70.83,3658,3570,39,3531,2081,0,1030,0,420,0,0,88,38,3696,2501,1030,3696,1375105.47,14796.45,607,455,416,271,189,1593,0,0,2081,0,1450,0
420307,35,-0.1,-0.01,-0.4,-0.25,2,0.1,0.1,0.15,40,65.57,3662,3574,39,3535,2118,750,400,67,134,66,0,88,34,3696,2318,1217,3696,747330.55,11696.95,659,561,478,342,245,212,214,824,2118,750,534,133
420308,35,-0.1,-0.01,-0.4,-0.25,2,0.1,0.1,0.15,40,50.2,3662,3574,70,3504,0,908,727,110,758,1001,0,88,34,3696,1759,1745,3696,236341.25,7751.42,54,118,86,114,109,119,193,2711,0,908,1485,1111
420309,35,-0.1,-0.01,-0.4,-0.25,2,0.1,0.1,0.15,40,71.13,3658,3570,40,3530,2271,0,855,164,152,88,0,88,38,3696,2511,1019,3696,1165880.03,14297.73,607,455,416,271,189,143,120,1329,2271,0,1007,252
420310,35,-0.1,-0.01,-0.4,-0.25,2,0.1,0.1,0.15,50,64.81,3662,3574,39,3535,2123,781,0,463,0,168,0,88,34,3696,2291,1244,3696,679581.44,11317.19,659,561,478,342,245,212,214,824,2123,781,0,631
420311,35,-0.1,-0.01,-0.4,-0.25,2,0.1,0.1,0.15,50,48.54,3662,3574,70,3504,0,978,0,825,0,1701,0,88,34,3696,1701,1803,3696,28009.09,6356.99,54,118,86,114,109,119,193,2711,0,978,0,2526
420312,35,-0.1,-0.01,-0.4,-0.25,2,0.1,0.1,0.15,50,70.57,3658,3570,40,3530,2277,0,0,1039,0,214,0,88,38,3696,2491,1039,3696,1014188.09,13492.78,607,455,416,271,189,143,120,1329,2277,0,0,1253
420313,35,-0.1,-0.01,-0.4,-0.25,2,0.1,0.1,0.15,60,64.81,3662,3574,39,3535,2123,781,0,463,0,168,0,88,34,3696,2291,1244,3696,679581.44,11317.19,659,561,478,342,245,212,214,824,2123,781,0,631
420314,35,-0.1,-0.01,-0.4,-0.25,2,0.1,0.1,0.15,60,48.54,3662,3574,70,3504,0,978,0,825,0,1701,0,88,34,3696,1701,1803,3696,28009.09,6356.99,54,118,86,114,109,119,193,2711,0,978,0,2526
420315,35,-0.1,-0.01,-0.4,-0.25,2,0.1,0.1,0.15,60,70.57,3658,3570,40,3530,2277,0,0,1039,0,214,0,88,38,3696,2491,1039,3696,1014188.09,13492.78,607,455,416,271,189,143,120,1329,2277,0,0,1253
420316,35,-0.1,-0.01,-0.4,-0.25,2,0.1,0.2,0.15,20,61.14,3662,3574,56,3518,561,370,997,0,1590,0,0,88,34,3696,2151,1367,3696,1234826.3,13751.54,113,240,305,2860,0,0,0,0,561,370,2587,0
420317,35,-0.1,-0.01,-0.4,-0.25,2,0.1,0.2,0.15,20,61.02,3662,3574,59,3515,0,372,998,0,2145,0,0,88,34,3696,2145,1370,3696,1141790.84,12918.59,54,118,86,3257,0,0,0,0,0,372,3143,0
420318,35,-0.1,-0.01,-0.4,-0.25,2,0.1,0.2,0.15,20,63.62,3658,3570,57,3513,571,0,1278,0,1664,0,0,88,38,3696,2235,1278,3696,1411426.29,15045.36,59,122,224,3108,0,0,0,0,571,0,2942,0
420319,35,-0.1,-0.01,-0.4,-0.25,2,0.1,0.2,0.15,30,56.64,3662,3574,66,3508,833,594,927,0,1154,0,0,88,34,3696,1987,1521,3696,1181418.44,13926.69,113,240,305,273,251,2326,0,0,833,594,2081,0
420320,35,-0.1,-0.01,-0.4,-0.25,2,0.1,0.2,0.15,30,55.38,3662,3574,69,3505,0,600,964,0,1941,0,0,88,34,3696,1941,1564,3696,933490.14,11747.9,54,118,86,114,109,3024,0,0,0,600,2905,0
420321,35,-0.1,-0.01,-0.4,-0.25,2,0.1,0.2,0.15,30,61.8,3658,3570,67,3503,880,0,1338,0,1285,0,0,88,38,3696,2165,1338,3696,1638790.39,16848.02,59,122,224,166,163,2769,0,0,880,0,2623,0
420322,35,-0.1,-0.01,-0.4,-0.25,2,0.1,0.2,0.15,40,52.84,3662,3574,67,3507,982,885,663,106,446,425,0,88,34,3696,1853,1654,3696,741200.41,12106.61,113,240,305,273,251,245,246,1834,982,885,1109,531
420323,35,-0.1,-0.01,-0.4,-0.25,2,0.1,0.2,0.15,40,50.2,3662,3574,70,3504,0,908,727,110,758,1001,0,88,34,3696,1759,1745,3696,236341.25,7751.42,54,118,86,114,109,119,193,2711,0,908,1485,1111
420324,35,-0.1,-0.01,-0.4,-0.25,2,0.1,0.2,0.15,40,58.25,3658,3570,68,3502,1051,0,1233,229,484,505,0,88,38,3696,2040,1462,3696,1154028.97,14816.29,59,122,224,166,163,146,120,2502,1051,0,1717,734
420325,35,-0.1,-0.01,-0.4,-0.25,2,0.1,0.2,0.15,50,51.67,3662,3574,67,3507,988,948,0,747,0,824,0,88,34,3696,1812,1695,3696,600906.66,11288.48,113,240,305,273,251,245,246,1834,988,948,0,1571
420326,35,-0.1,-0.01,-0.4,-0.25,2,0.1,0.2,0.15,50,48.54,3662,3574,70,3504,0,978,0,825,0,1701,0,88,34,3696,1701,1803,3696,28009.09,6356.99,54,118,86,114,109,119,193,2711,0,978,0,2526
420327,35,-0.1,-0.01,-0.4,-0.25,2,0.1,0.2,0.15,50,57.28,3658,3570,68,3502,1057,0,0,1496,0,949,0,88,38,3696,2006,1496,3696,861744.02,13278.67,59,122,224,166,163,146,120,2502,1057,0,0,2445
420328,35,-0.1,-0.01,-0.4,-0.25,2,0.1,0.2,0.15,60,51.67,3662,3574,67,3507,988,948,0,747,0,824,0,88,34,3696,1812,1695,3696,600906.66,11288.48,113,240,305,273,251,245,246,1834,988,948,0,1571
420329,35,-0.1,-0.01,-0.4,-0.25,2,0.1,0.2,0.15,60,48.54,3662,3574,70,3504,0,978,0,825,0,1701,0,88,34,3696,1701,1803,3696,28009.09,6356.99,54,118,86,114,109,119,193,2711,0,978,0,2526
420330,35,-0.1,-0.01,-0.4,-0.25,2,0.1,0.2,0.15,60,57.28,3658,3570,68,3502,1057,0,0,1496,0,949,0,88,38,3696,2006,1496,3696,861744.02,13278.67,59,122,224,166,163,146,120,2502,1057,0,0,2445
420331,35,-0.1,-0.01,-0.4,-0.25,2,0.2,0.1,0.15,20,62.31,3662,3574,32,3542,1597,346,989,0,610,0,0,88,34,3696,2207,1335,3696,771273.99,7756.23,644,533,442,1923,0,0,0,0,1597,346,1599,0
420332,35,-0.1,-0.01,-0.4,-0.25,2,0.2,0.1,0.15,20,57.78,3662,3574,59,3515,0,372,1112,0,2031,0,0,88,34,3696,2031,1484,3696,818157.35,8294.0,54,118,86,3257,0,0,0,0,0,372,3143,0
420333,35,-0.1,-0.01,-0.4,-0.25,2,0.2,0.1,0.15,20,63.61,3658,3570,33,3537,1615,0,1287,0,635,0,0,88,38,3696,2250,1287,3696,875607.49,8760.37,590,421,368,2158,0,0,0,0,1615,0,1922,0
420334,35,-0.1,-0.01,-0.4,-0.25,2,0.2,0.1,0.15,30,61.76,3662,3574,38,3536,1851,536,816,0,333,0,0,88,34,3696,2184,1352,3696,672963.59,6789.81,644,533,442,324,234,1359,0,0,1851,536,1149,0
420335,35,-0.1,-0.01,-0.4,-0.25,2,0.2,0.1,0.15,30,51.61,3662,3574,69,3505,0,600,1096,0,1809,0,0,88,34,3696,1809,1696,3696,523974.36,5205.55,54,118,86,114,109,3024,0,0,0,600,2905,0
420336,35,-0.1,-0.01,-0.4,-0.25,2,0.2,0.1,0.15,30,64.68,3658,3570,39,3531,1912,0,1247,0,372,0,0,88,38,3696,2284,1247,3696,902322.23,9076.27,590,421,368,236,167,1749,0,0,1912,0,1619,0
420337,35,-0.1,-0.01,-0.4,-0.25,2,0.2,0.1,0.15,40,60.65,3662,3574,39,3535,1974,776,502,113,100,70,0,88,34,3696,2144,1391,3696,478245.15,4807.76,644,533,442,324,234,210,206,942,1974,776,602,183
420338,35,-0.1,-0.01,-0.4,-0.25,2,0.2,0.1,0.15,40,45.58,3662,3574,70,3504,0,908,828,171,657,940,0,88,34,3696,1597,1907,3696,6737.73,-238.45,54,118,86,114,109,119,193,2711,0,908,1485,1111
420339,35,-0.1,-0.01,-0.4,-0.25,2,0.2,0.1,0.15,40,64.25,3658,3570,40,3530,2058,0,1016,246,108,102,0,88,38,3696,2268,1262,3696,705701.72,7069.48,590,421,368,236,167,130,99,1519,2058,0,1124,348
420340,35,-0.1,-0.01,-0.4,-0.25,2,0.2,0.1,0.15,50,60.28,3662,3574,39,3535,1977,812,0,592,0,154,0,88,34,3696,2131,1404,3696,432949.75,4334.64,644,533,442,324,234,210,206,942,1977,812,0,746
420341,35,-0.1,-0.01,-0.4,-0.25,2,0.2,0.1,0.15,50,44.32,3662,3574,70,3504,0,978,0,973,0,1553,0,88,34,3696,1553,1951,3696,-135617.34,-1709.07,54,118,86,114,109,119,193,2711,0,978,0,2526
420342,35,-0.1,-0.01,-0.4,-0.25,2,0.2,0.1,0.15,50,64.05,3658,3570,40,3530,2061,0,0,1269,0,200,0,88,38,3696,2261,1269,3696,615979.12,6149.31,590,421,368,236,167,130,99,1519,2061,0,0,1469
420343,35,-0.1,-0.01,-0.4,-0.25,2,0.2,0.1,0.15,60,60.28,3662,3574,39,3535,1977,812,0,592,0,154,0,88,34,3696,2131,1404,3696,432949.75,4334.64,644,533,442,324,234,210,206,942,1977,812,0,746
420344,35,-0.1,-0.01,-0.4,-0.25,2,0.2,0.1,0.15,60,44.32,3662,3574,70,3504,0,978,0,973,0,1553,0,88,34,3696,1553,1951,3696,-135617.34,-1709.07,54,118,86,114,109,119,193,2711,0,978,0,2526
420345,35,-0.1,-0.01,-0.4,-0.25,2,0.2,0.1,0.15,60,64.05,3658,3570,40,3530,2061,0,0,1269,0,200,0,88,38,3696,2261,1269,3696,615979.12,6149.31,590,421,368,236,167,130,99,1519,2061,0,0,1469
420346,35,-0.1,-0.01,-0.4,-0.25,2,0.2,0.2,0.15,20,57.93,3662,3574,56,3518,519,370,1110,0,1519,0,0,88,34,3696,2038,1480,3696,900985.51,9135.13,113,231,293,2881,0,0,0,0,519,370,2629,0
420347,35,-0.1,-0.01,-0.4,-0.25,2,0.2,0.2,0.15,20,57.78,3662,3574,59,3515,0,372,1112,0,2031,0,0,88,34,3696,2031,1484,3696,818157.35,8294.0,54,118,86,3257,0,0,0,0,0,372,3143,0
420348,35,-0.1,-0.01,-0.4,-0.25,2,0.2,0.2,0.15,20,59.21,3658,3570,57,3513,522,0,1433,0,1558,0,0,88,38,3696,2080,1433,3696,1001768.43,10103.3,59,113,208,3133,0,0,0,0,522,0,2991,0
420349,35,-0.1,-0.01,-0.4,-0.25,2,0.2,0.2,0.15,30,52.77,3662,3574,66,3508,757,595,1062,0,1094,0,0,88,34,3696,1851,1657,3696,725978.95,7299.06,113,231,293,252,232,2387,0,0,757,595,2156,0
420350,35,-0.1,-0.01,-0.4,-0.25,2,0.2,0.2,0.15,30,51.61,3662,3574,69,3505,0,600,1096,0,1809,0,0,88,34,3696,1809,1696,3696,523974.36,5205.55,54,118,86,114,109,3024,0,0,0,600,2905,0
420351,35,-0.1,-0.01,-0.4,-0.25,2,0.2,0.2,0.15,30,55.89,3658,3570,67,3503,772,0,1545,0,1186,0,0,88,38,3696,1958,1545,3696,960604.32,9647.91,59,113,208,142,129,2852,0,0,772,0,2731,0
420352,35,-0.1,-0.01,-0.4,-0.25,2,0.2,0.2,0.15,40,48.02,3662,3574,67,3507,889,890,771,162,376,419,0,88,34,3696,1684,1823,3696,386861.29,3874.75,113,231,293,252,232,231,241,1914,889,890,1147,581
420353,35,-0.1,-0.01,-0.4,-0.25,2,0.2,0.2,0.15,40,45.58,3662,3574,70,3504,0,908,828,171,657,940,0,88,34,3696,1597,1907,3696,6737.73,-238.45,54,118,86,114,109,119,193,2711,0,908,1485,1111
420354,35,-0.1,-0.01,-0.4,-0.25,2,0.2,0.2,0.15,40,51.48,3658,3570,68,3502,920,0,1380,319,391,492,0,88,38,3696,1803,1699,3696,595393.18,5917.57,59,113,208,142,129,121,113,2617,920,0,1771,811
420355,35,-0.1,-0.01,-0.4,-0.25,2,0.2,0.2,0.15,50,47.28,3662,3574,67,3507,895,955,0,894,0,763,0,88,34,3696,1658,1849,3696,297186.67,2966.28,113,231,293,252,232,231,241,1914,895,955,0,1657
420356,35,-0.1,-0.01,-0.4,-0.25,2,0.2,0.2,0.15,50,44.32,3662,3574,70,3504,0,978,0,973,0,1553,0,88,34,3696,1553,1951,3696,-135617.34,-1709.07,54,118,86,114,109,119,193,2711,0,978,0,2526
420357,35,-0.1,-0.01,-0.4,-0.25,2,0.2,0.2,0.15,50,50.91,3658,3570,68,3502,926,0,0,1719,0,857,0,88,38,3696,1783,1719,3696,434783.26,4292.21,59,113,208,142,129,121,113,2617,926,0,0,2576
420358,35,-0.1,-0.01,-0.4,-0.25,2,0.2,0.2,0.15,60,47.28,3662,3574,67,3507,895,955,0,894,0,763,0,88,34,3696,1658,1849,3696,297186.67,2966.28,113,231,293,252,232,231,241,1914,895,955,0,1657
420359,35,-0.1,-0.01,-0.4,-0.25,2,0.2,0.2,0.15,60,44.32,3662,3574,70,3504,0,978,0,973,0,1553,0,88,34,3696,1553,1951,3696,-135617.34,-1709.07,54,118,86,114,109,119,193,2711,0,978,0,2526
420360,35,-0.1,-0.01,-0.4,-0.25,2,0.2,0.2,0.15,60,50.91,3658,3570,68,3502,926,0,0,1719,0,857,0,88,38,3696,1783,1719,3696,434783.26,4292.21,59,113,208,142,129,121,113,2617,926,0,0,2576
420361,35,-0.09,-0.05,-0.6,-0.45,1,0.1,0.1,0.15,20,74.84,202,160,1,159,111,28,12,0,8,0,0,42,1,203,119,40,203,62386.81,638.48,76,33,17,33,0,0,0,0,111,28,20,0
420362,35,-0.09,-0.05,-0.6,-0.45,1,0.1,0.1,0.15,20,67.72,202,160,2,158,0,30,21,0,107,0,0,42,1,203,107,51,203,149244.54,1519.87,5,12,6,135,0,0,0,0,0,30,128,0
420363,35,-0.09,-0.05,-0.6,-0.45,1,0.1,0.1,0.15,20,79.25,202,160,1,159,117,0,33,0,9,0,0,42,1,203,126,33,203,75404.33,770.34,72,22,14,51,0,0,0,0,117,0,42,0
420364,35,-0.09,-0.05,-0.6,-0.45,1,0.1,0.1,0.15,30,74.21,202,160,1,159,116,34,7,0,2,0,0,42,1,203,118,41,203,60053.32,614.24,76,33,17,13,5,15,0,0,116,34,9,0
420365,35,-0.09,-0.05,-0.6,-0.45,1,0.1,0.1,0.15,30,61.54,202,160,4,156,0,42,18,0,96,0,0,42,1,203,96,60,203,118774.02,1212.96,5,12,6,7,7,119,0,0,0,42,114,0
420366,35,-0.09,-0.05,-0.6,-0.45,1,0.1,0.1,0.15,30,81.01,202,160,2,158,126,0,30,0,2,0,0,42,1,203,128,30,203,84181.62,860.2,72,22,14,9,3,38,0,0,126,0,32,0
420367,35,-0.09,-0.05,-0.6,-0.45,1,0.1,0.1,0.15,40,74.84,202,160,1,159,117,37,3,0,2,0,0,42,1,203,119,40,203,57545.42,590.84,76,33,17,13,5,6,2,7,117,37,5,0
420368,35,-0.09,-0.05,-0.6,-0.45,1,0.1,0.1,0.15,40,56.77,201,159,4,155,0,49,17,1,18,70,0,42,2,203,88,67,203,114071.95,1168.27,5,12,6,7,7,5,6,107,0,49,35,71
420369,35,-0.09,-0.05,-0.6,-0.45,1,0.1,0.1,0.15,40,83.44,201,159,2,157,127,0,22,4,2,2,0,42,2,203,131,26,203,81837.24,837.7,72,22,14,9,3,6,0,31,127,0,24,6
420370,35,-0.09,-0.05,-0.6,-0.45,1,0.1,0.1,0.15,50,73.58,202,160,1,159,117,39,0,3,0,0,0,42,1,203,117,42,203,55442.39,569.75,76,33,17,13,5,6,2,7,117,39,0,3
420371,35,-0.09,-0.05,-0.6,-0.45,1,0.1,0.1,0.15,50,55.48,201,159,4,155,0,52,0,17,0,86,0,42,2,203,86,69,203,108576.41,1111.68,5,12,6,7,7,5,6,107,0,52,0,103
420372,35,-0.09,-0.05,-0.6,-0.45,1,0.1,0.1,0.15,50,82.17,201,159,2,157,127,0,0,28,0,2,0,42,2,203,129,28,203,76715.43,785.91,72,22,14,9,3,6,0,31,127,0,0,30
420373,35,-0.09,-0.05,-0.6,-0.45,1,0.1,0.1,0.15,60,73.58,202,160,1,159,117,39,0,3,0,0,0,42,1,203,117,42,203,55442.39,569.75,76,33,17,13,5,6,2,7,117,39,0,3
420374,35,-0.09,-0.05,-0.6,-0.45,1,0.1,0.1,0.15,60,55.48,201,159,4,155,0,52,0,17,0,86,0,42,2,203,86,69,203,108576.41,1111.68,5,12,6,7,7,5,6,107,0,52,0,103
420375,35,-0.09,-0.05,-0.6,-0.45,1,0.1,0.1,0.15,60,82.17,201,159,2,157,127,0,0,28,0,2,0,42,2,203,129,28,203,76715.43,785.91,72,22,14,9,3,6,0,31,127,0,0,30
420376,35,-0.09,-0.05,-0.6,-0.45,1,0.1,0.2,0.15,20,69.18,202,160,1,159,73,30,19,0,37,0,0,42,1,203,110,49,203,114593.97,1169.97,23,37,26,73,0,0,0,0,73,30,56,0
420377,35,-0.09,-0.05,-0.6,-0.45,1,0.1,0.2,0.15,20,67.72,202,160,2,158,0,30,21,0,107,0,0,42,1,203,107,51,203,149244.54,1519.87,5,12,6,135,0,0,0,0,0,30,128,0
420378,35,-0.09,-0.05,-0.6,-0.45,1,0.1,0.2,0.15,20,74.21,202,160,1,159,77,0,41,0,41,0,0,42,1,203,118,41,203,134273.15,1369.31,18,26,20,95,0,0,0,0,77,0,82,0
420379,35,-0.09,-0.05,-0.6,-0.45,1,0.1,0.2,0.15,30,65.19,202,160,2,158,80,40,15,0,23,0,0,42,1,203,103,55,203,104653.07,1070.86,23,37,26,17,10,45,0,0,80,40,38,0
420380,35,-0.09,-0.05,-0.6,-0.45,1,0.1,0.2,0.15,30,61.54,202,160,4,156,0,42,18,0,96,0,0,42,1,203,96,60,203,118774.02,1212.96,5,12,6,7,7,119,0,0,0,42,114,0
420381,35,-0.09,-0.05,-0.6,-0.45,1,0.1,0.2,0.15,30,73.25,202,160,3,157,87,0,42,0,28,0,0,42,1,203,115,42,203,139641.81,1427.85,18,26,20,13,6,74,0,0,87,0,70,0
420382,35,-0.09,-0.05,-0.6,-0.45,1,0.1,0.2,0.15,40,62.66,202,160,2,158,85,45,13,1,4,10,0,42,1,203,99,59,203,99630.03,1023.21,23,37,26,17,10,7,8,30,85,45,17,11
420383,35,-0.09,-0.05,-0.6,-0.45,1,0.1,0.2,0.15,40,56.77,201,159,4,155,0,49,17,1,18,70,0,42,2,203,88,67,203,114071.95,1168.27,5,12,6,7,7,5,6,107,0,49,35,71
420384,35,-0.09,-0.05,-0.6,-0.45,1,0.1,0.2,0.15,40,71.15,201,159,3,156,92,0,36,9,5,14,0,42,2,203,111,45,203,131211.61,1344.71,18,26,20,13,6,4,4,65,92,0,41,23
420385,35,-0.09,-0.05,-0.6,-0.45,1,0.1,0.2,0.15,50,62.03,202,160,2,158,85,47,0,13,0,13,0,42,1,203,98,60,203,96874.58,995.68,23,37,26,17,10,7,8,30,85,47,0,26
420386,35,-0.09,-0.05,-0.6,-0.45,1,0.1,0.2,0.15,50,55.48,201,159,4,155,0,52,0,17,0,86,0,42,2,203,86,69,203,108576.41,1111.68,5,12,6,7,7,5,6,107,0,52,0,103
420387,35,-0.09,-0.05,-0.6,-0.45,1,0.1,0.2,0.15,50,70.51,201,159,3,156,92,0,0,46,0,18,0,42,2,203,110,46,203,124409.33,1276.05,18,26,20,13,6,4,4,65,92,0,0,64
420388,35,-0.09,-0.05,-0.6,-0.45,1,0.1,0.2,0.15,60,62.03,202,160,2,158,85,47,0,13,0,13,0,42,1,203,98,60,203,96874.58,995.68,23,37,26,17,10,7,8,30,85,47,0,26
420389,35,-0.09,-0.05,-0.6,-0.45,1,0.1,0.2,0.15,60,55.48,201,159,4,155,0,52,0,17,0,86,0,42,2,203,86,69,203,108576.41,1111.68,5,12,6,7,7,5,6,107,0,52,0,103
420390,35,-0.09,-0.05,-0.6,-0.45,1,0.1,0.2,0.15,60,70.51,201,159,3,156,92,0,0,46,0,18,0,42,2,203,110,46,203,124409.33,1276.05,18,26,20,13,6,4,4,65,92,0,0,64
420391,35,-0.09,-0.05,-0.6,-0.45,1,0.2,0.1,0.15,20,74.84,202,160,1,159,111,28,12,0,8,0,0,42,1,203,119,40,203,62386.81,638.48,76,33,17,33,0,0,0,0,111,28,20,0
420392,35,-0.09,-0.05,-0.6,-0.45,1,0.2,0.1,0.15,20,67.72,202,160,2,158,0,30,21,0,107,0,0,42,1,203,107,51,203,149244.54,1519.87,5,12,6,135,0,0,0,0,0,30,128,0
420393,35,-0.09,-0.05,-0.6,-0.45,1,0.2,0.1,0.15,20,79.25,202,160,1,159,117,0,33,0,9,0,0,42,1,203,126,33,203,75404.33,770.34,72,22,14,51,0,0,0,0,117,0,42,0
420394,35,-0.09,-0.05,-0.6,-0.45,1,0.2,0.1,0.15,30,74.21,202,160,1,159,116,34,7,0,2,0,0,42,1,203,118,41,203,60053.32,614.24,76,33,17,13,5,15,0,0,116,34,9,0
420395,35,-0.09,-0.05,-0.6,-0.45,1,0.2,0.1,0.15,30,61.54,202,160,4,156,0,42,18,0,96,0,0,42,1,203,96,60,203,118774.02,1212.96,5,12,6,7,7,119,0,0,0,42,114,0
420396,35,-0.09,-0.05,-0.6,-0.45,1,0.2,0.1,0.15,30,81.01,202,160,2,158,126,0,30,0,2,0,0,42,1,203,128,30,203,84181.62,860.2,72,22,14,9,3,38,0,0,126,0,32,0
420397,35,-0.09,-0.05,-0.6,-0.45,1,0.2,0.1,0.15,40,74.84,202,160,1,159,117,37,3,0,2,0,0,42,1,203,119,40,203,57545.42,590.84,76,33,17,13,5,6,2,7,117,37,5,0
420398,35,-0.09,-0.05,-0.6,-0.45,1,0.2,0.1,0.15,40,56.77,201,159,4,155,0,49,17,1,18,70,0,42,2,203,88,67,203,114071.95,1168.27,5,12,6,7,7,5,6,107,0,49,35,71
420399,35,-0.09,-0.05,-0.6,-0.45,1,0.2,0.1,0.15,40,83.44,201,159,2,157,127,0,22,4,2,2,0,42,2,203,131,26,203,81837.24,837.7,72,22,14,9,3,6,0,31,127,0,24,6
420400,35,-0.09,-0.05,-0.6,-0.45,1,0.2,0.1,0.15,50,73.58,202,160,1,159,117,39,0,3,0,0,0,42,1,203,117,42,203,55442.39,569.75,76,33,17,13,5,6,2,7,117,39,0,3
420401,35,-0.09,-0.05,-0.6,-0.45,1,0.2,0.1,0.15,50,55.48,201,159,4,155,0,52,0,17,0,86,0,42,2,203,86,69,203,108576.41,1111.68,5,12,6,7,7,5,6,107,0,52,0,103
420402,35,-0.09,-0.05,-0.6,-0.45,1,0.2,0.1,0.15,50,82.17,201,159,2,157,127,0,0,28,0,2,0,42,2,203,129,28,203,76715.43,785.91,72,22,14,9,3,6,0,31,127,0,0,30
420403,35,-0.09,-0.05,-0.6,-0.45,1,0.2,0.1,0.15,60,73.58,202,160,1,159,117,39,0,3,0,0,0,42,1,203,117,42,203,55442.39,569.75,76,33,17,13,5,6,2,7,117,39,0,3
420404,35,-0.09,-0.05,-0.6,-0.45,1,0.2,0.1,0.15,60,55.48,201,159,4,155,0,52,0,17,0,86,0,42,2,203,86,69,203,108576.41,1111.68,5,12,6,7,7,5,6,107,0,52,0,103
420405,35,-0.09,-0.05,-0.6,-0.45,1,0.2,0.1,0.15,60,82.17,201,159,2,157,127,0,0,28,0,2,0,42,2,203,129,28,203,76715.43,785.91,72,22,14,9,3,6,0,31,127,0,0,30
420406,35,-0.09,-0.05,-0.6,-0.45,1,0.2,0.2,0.15,20,69.18,202,160,1,159,73,30,19,0,37,0,0,42,1,203,110,49,203,114593.97,1169.97,23,37,26,73,0,0,0,0,73,30,56,0
420407,35,-0.09,-0.05,-0.6,-0.45,1,0.2,0.2,0.15,20,67.72,202,160,2,158,0,30,21,0,107,0,0,42,1,203,107,51,203,149244.54,1519.87,5,12,6,135,0,0,0,0,0,30,128,0
420408,35,-0.09,-0.05,-0.6,-0.45,1,0.2,0.2,0.15,20,74.21,202,160,1,159,77,0,41,0,41,0,0,42,1,203,118,41,203,134273.15,1369.31,18,26,20,95,0,0,0,0,77,0,82,0
420409,35,-0.09,-0.05,-0.6,-0.45,1,0.2,0.2,0.15,30,65.19,202,160,2,158,80,40,15,0,23,0,0,42,1,203,103,55,203,104653.07,1070.86,23,37,26,17,10,45,0,0,80,40,38,0
420410,35,-0.09,-0.05,-0.6,-0.45,1,0.2,0.2,0.15,30,61.54,202,160,4,156,0,42,18,0,96,0,0,42,1,203,96,60,203,118774.02,1212.96,5,12,6,7,7,119,0,0,0,42,114,0
420411,35,-0.09,-0.05,-0.6,-0.45,1,0.2,0.2,0.15,30,73.25,202,160,3,157,87,0,42,0,28,0,0,42,1,203,115,42,203,139641.81,1427.85,18,26,20,13,6,74,0,0,87,0,70,0
420412,35,-0.09,-0.05,-0.6,-0.45,1,0.2,0.2,0.15,40,62.66,202,160,2,158,85,45,13,1,4,10,0,42,1,203,99,59,203,99630.03,1023.21,23,37,26,17,10,7,8,30,85,45,17,11
420413,35,-0.09,-0.05,-0.6,-0.45,1,0.2,0.2,0.15,40,56.77,201,159,4,155,0,49,17,1,18,70,0,42,2,203,88,67,203,114071.95,1168.27,5,12,6,7,7,5,6,107,0,49,35,71
420414,35,-0.09,-0.05,-0.6,-0.45,1,0.2,0.2,0.15,40,71.15,201,159,3,156,92,0,36,9,5,14,0,42,2,203,111,45,203,131211.61,1344.71,18,26,20,13,6,4,4,65,92,0,41,23
420415,35,-0.09,-0.05,-0.6,-0.45,1,0.2,0.2,0.15,50,62.03,202,160,2,158,85,47,0,13,0,13,0,42,1,203,98,60,203,96874.58,995.68,23,37,26,17,10,7,8,30,85,47,0,26
420416,35,-0.09,-0.05,-0.6,-0.45,1,0.2,0.2,0.15,50,55.48,201,159,4,155,0,52,0,17,0,86,0,42,2,203,86,69,203,108576.41,1111.68,5,12,6,7,7,5,6,107,0,52,0,103
420417,35,-0.09,-0.05,-0.6,-0.45,1,0.2,0.2,0.15,50,70.51,201,159,3,156,92,0,0,46,0,18,0,42,2,203,110,46,203,124409.33,1276.05,18,26,20,13,6,4,4,65,92,0,0,64
420418,35,-0.09,-0.05,-0.6,-0.45,1,0.2,0.2,0.15,60,62.03,202,160,2,158,85,47,0,13,0,13,0,42,1,203,98,60,203,96874.58,995.68,23,37,26,17,10,7,8,30,85,47,0,26
420419,35,-0.09,-0.05,-0.6,-0.45,1,0.2,0.2,0.15,60,55.48,201,159,4,155,0,52,0,17,0,86,0,42,2,203,86,69,203,108576.41,1111.68,5,12,6,7,7,5,6,107,0,52,0,103
420420,35,-0.09,-0.05,-0.6,-0.45,1,0.2,0.2,0.15,60,70.51,201,159,3,156,92,0,0,46,0,18,0,42,2,203,110,46,203,124409.33,1276.05,18,26,20,13,6,4,4,65,92,0,0,64
420421,35,-0.09,-0.05,-0.6,-0.45,2,0.1,0.1,0.15,20,76.73,202,160,1,159,115,28,9,0,7,0,0,42,1,203,122,37,203,68073.24,804.45,77,35,20,27,0,0,0,0,115,28,16,0
420422,35,-0.09,-0.05,-0.6,-0.45,2,0.1,0.1,0.15,20,70.25,202,160,2,158,0,30,17,0,111,0,0,42,1,203,111,47,203,171496.27,1745.63,5,12,6,135,0,0,0,0,0,30,128,0
420423,35,-0.09,-0.05,-0.6,-0.45,2,0.1,0.1,0.15,20,82.39,202,160,1,159,122,0,28,0,9,0,0,42,1,203,131,28,203,83338.88,942.12,73,25,16,45,0,0,0,0,122,0,37,0
420424,35,-0.09,-0.05,-0.6,-0.45,2,0.1,0.1,0.15,30,75.47,202,160,1,159,118,33,6,0,2,0,0,42,1,203,120,39,203,65981.38,788.23,77,35,20,11,4,12,0,0,118,33,8,0
420425,35,-0.09,-0.05,-0.6,-0.45,2,0.1,0.1,0.15,30,61.54,202,160,4,156,0,42,18,0,96,0,0,42,1,203,96,60,203,138371.02,1477.48,5,12,6,7,7,119,0,0,0,42,114,0
420426,35,-0.09,-0.05,-0.6,-0.45,2,0.1,0.1,0.15,30,86.08,202,160,2,158,130,0,22,0,6,0,0,42,1,203,136,22,203,101894.84,1039.37,73,25,16,8,3,33,0,0,130,0,28,0
420427,35,-0.09,-0.05,-0.6,-0.45,2,0.1,0.1,0.15,40,76.1,202,160,1,159,119,35,3,0,2,0,0,42,1,203,121,38,203,62182.28,773.09,77,35,20,11,4,4,1,7,119,35,5,0
420428,35,-0.09,-0.05,-0.6,-0.45,2,0.1,0.1,0.15,40,57.42,201,159,4,155,0,49,16,1,19,70,0,42,2,203,89,66,203,127402.49,1454.64,5,12,6,7,7,5,6,107,0,49,35,71
420429,35,-0.09,-0.05,-0.6,-0.45,2,0.1,0.1,0.15,40,87.26,201,159,2,157,132,0,17,3,3,2,0,42,2,203,137,20,203,101120.29,1039.01,73,25,16,8,3,5,1,26,132,0,20,5
420430,35,-0.09,-0.05,-0.6,-0.45,2,0.1,0.1,0.15,50,74.84,202,160,1,159,119,37,0,3,0,0,0,42,1,203,119,40,203,59013.78,751.47,77,35,20,11,4,4,1,7,119,37,0,3
420431,35,-0.09,-0.05,-0.6,-0.45,2,0.1,0.1,0.15,50,56.13,201,159,4,155,0,52,0,16,0,87,0,42,2,203,87,68,203,120506.23,1397.35,5,12,6,7,7,5,6,107,0,52,0,103
420432,35,-0.09,-0.05,-0.6,-0.45,2,0.1,0.1,0.15,50,85.99,201,159,2,157,132,0,0,22,0,3,0,42,2,203,135,22,203,93020.83,992.19,73,25,16,8,3,5,1,26,132,0,0,25
420433,35,-0.09,-0.05,-0.6,-0.45,2,0.1,0.1,0.15,60,74.84,202,160,1,159,119,37,0,3,0,0,0,42,1,203,119,40,203,59013.78,751.47,77,35,20,11,4,4,1,7,119,37,0,3
420434,35,-0.09,-0.05,-0.6,-0.45,2,0.1,0.1,0.15,60,56.13,201,159,4,155,0,52,0,16,0,87,0,42,2,203,87,68,203,120506.23,1397.35,5,12,6,7,7,5,6,107,0,52,0,103
420435,35,-0.09,-0.05,-0.6,-0.45,2,0.1,0.1,0.15,60,85.99,201,159,2,157,132,0,0,22,0,3,0,42,2,203,135,22,203,93020.83,992.19,73,25,16,8,3,5,1,26,132,0,0,25
420436,35,-0.09,-0.05,-0.6,-0.45,2,0.1,0.2,0.15,20,71.7,202,160,1,159,76,30,15,0,38,0,0,42,1,203,114,45,203,131232.18,1383.73,23,40,25,71,0,0,0,0,76,30,53,0
420437,35,-0.09,-0.05,-0.6,-0.45,2,0.1,0.2,0.15,20,70.25,202,160,2,158,0,30,17,0,111,0,0,42,1,203,111,47,203,171496.27,1745.63,5,12,6,135,0,0,0,0,0,30,128,0
420438,35,-0.09,-0.05,-0.6,-0.45,2,0.1,0.2,0.15,20,78.62,202,160,1,159,81,0,34,0,44,0,0,42,1,203,125,34,203,162579.32,1610.23,18,29,21,91,0,0,0,0,81,0,78,0
420439,35,-0.09,-0.05,-0.6,-0.45,2,0.1,0.2,0.15,30,65.19,202,160,2,158,85,40,15,0,18,0,0,42,1,203,103,55,203,123917.31,1318.62,23,40,25,18,10,42,0,0,85,40,33,0
420440,35,-0.09,-0.05,-0.6,-0.45,2,0.1,0.2,0.15,30,61.54,202,160,4,156,0,42,18,0,96,0,0,42,1,203,96,60,203,138371.02,1477.48,5,12,6,7,7,119,0,0,0,42,114,0
420441,35,-0.09,-0.05,-0.6,-0.45,2,0.1,0.2,0.15,30,77.71,202,160,3,157,93,0,35,0,29,0,0,42,1,203,122,35,203,181918.25,1704.65,18,29,21,13,5,71,0,0,93,0,64,0
420442,35,-0.09,-0.05,-0.6,-0.45,2,0.1,0.2,0.15,40,63.92,202,160,2,158,90,45,11,1,5,6,0,42,1,203,101,57,203,116899.23,1301.72,23,40,25,18,10,9,9,24,90,45,16,7
420443,35,-0.09,-0.05,-0.6,-0.45,2,0.1,0.2,0.15,40,57.42,201,159,4,155,0,49,16,1,19,70,0,42,2,203,89,66,203,127402.49,1454.64,5,12,6,7,7,5,6,107,0,49,35,71
420444,35,-0.09,-0.05,-0.6,-0.45,2,0.1,0.2,0.15,40,75.64,201,159,3,156,99,0,32,6,7,12,0,42,2,203,118,38,203,168579.57,1655.01,18,29,21,13,5,7,5,58,99,0,39,18
420445,35,-0.09,-0.05,-0.6,-0.45,2,0.1,0.2,0.15,50,63.29,202,160,2,158,90,47,0,11,0,10,0,42,1,203,100,58,203,113900.34,1277.75,23,40,25,18,10,9,9,24,90,47,0,21
420446,35,-0.09,-0.05,-0.6,-0.45,2,0.1,0.2,0.15,50,56.13,201,159,4,155,0,52,0,16,0,87,0,42,2,203,87,68,203,120506.23,1397.35,5,12,6,7,7,5,6,107,0,52,0,103
420447,35,-0.09,-0.05,-0.6,-0.45,2,0.1,0.2,0.15,50,75.0,201,159,3,156,99,0,0,39,0,18,0,42,2,203,117,39,203,158553.22,1595.27,18,29,21,13,5,7,5,58,99,0,0,57
420448,35,-0.09,-0.05,-0.6,-0.45,2,0.1,0.2,0.15,60,63.29,202,160,2,158,90,47,0,11,0,10,0,42,1,203,100,58,203,113900.34,1277.75,23,40,25,18,10,9,9,24,90,47,0,21
420449,35,-0.09,-0.05,-0.6,-0.45,2,0.1,0.2,0.15,60,56.13,201,159,4,155,0,52,0,16,0,87,0,42,2,203,87,68,203,120506.23,1397.35,5,12,6,7,7,5,6,107,0,52,0,103
420450,35,-0.09,-0.05,-0.6,-0.45,2,0.1,0.2,0.15,60,75.0,201,159,3,156,99,0,0,39,0,18,0,42,2,203,117,39,203,158553.22,1595.27,18,29,21,13,5,7,5,58,99,0,0,57
420451,35,-0.09,-0.05,-0.6,-0.45,2,0.2,0.1,0.15,20,74.84,202,160,1,159,111,28,12,0,8,0,0,42,1,203,119,40,203,62386.81,638.48,76,33,17,33,0,0,0,0,111,28,20,0
420452,35,-0.09,-0.05,-0.6,-0.45,2,0.2,0.1,0.15,20,67.72,202,160,2,158,0,30,21,0,107,0,0,42,1,203,107,51,203,149244.54,1519.87,5,12,6,135,0,0,0,0,0,30,128,0
420453,35,-0.09,-0.05,-0.6,-0.45,2,0.2,0.1,0.15,20,79.25,202,160,1,159,117,0,33,0,9,0,0,42,1,203,126,33,203,75404.33,770.34,72,22,14,51,0,0,0,0,117,0,42,0
420454,35,-0.09,-0.05,-0.6,-0.45,2,0.2,0.1,0.15,30,74.21,202,160,1,159,116,34,7,0,2,0,0,42,1,203,118,41,203,60053.32,614.24,76,33,17,13,5,15,0,0,116,34,9,0
420455,35,-0.09,-0.05,-0.6,-0.45,2,0.2,0.1,0.15,30,61.54,202,160,4,156,0,42,18,0,96,0,0,42,1,203,96,60,203,118774.02,1212.96,5,12,6,7,7,119,0,0,0,42,114,0
420456,35,-0.09,-0.05,-0.6,-0.45,2,0.2,0.1,0.15,30,81.01,202,160,2,158,126,0,30,0,2,0,0,42,1,203,128,30,203,84181.62,860.2,72,22,14,9,3,38,0,0,126,0,32,0
420457,35,-0.09,-0.05,-0.6,-0.45,2,0.2,0.1,0.15,40,74.84,202,160,1,159,117,37,3,0,2,0,0,42,1,203,119,40,203,57545.42,590.84,76,33,17,13,5,6,2,7,117,37,5,0
420458,35,-0.09,-0.05,-0.6,-0.45,2,0.2,0.1,0.15,40,56.77,201,159,4,155,0,49,17,1,18,70,0,42,2,203,88,67,203,114071.95,1168.27,5,12,6,7,7,5,6,107,0,49,35,71
420459,35,-0.09,-0.05,-0.6,-0.45,2,0.2,0.1,0.15,40,83.44,201,159,2,157,127,0,22,4,2,2,0,42,2,203,131,26,203,81837.24,837.7,72,22,14,9,3,6,0,31,127,0,24,6
420460,35,-0.09,-0.05,-0.6,-0.45,2,0.2,0.1,0.15,50,73.58,202,160,1,159,117,39,0,3,0,0,0,42,1,203,117,42,203,55442.39,569.75,76,33,17,13,5,6,2,7,117,39,0,3
420461,35,-0.09,-0.05,-0.6,-0.45,2,0.2,0.1,0.15,50,55.48,201,159,4,155,0,52,0,17,0,86,0,42,2,203,86,69,203,108576.41,1111.68,5,12,6,7,7,5,6,107,0,52,0,103
420462,35,-0.09,-0.05,-0.6,-0.45,2,0.2,0.1,0.15,50,82.17,201,159,2,157,127,0,0,28,0,2,0,42,2,203,129,28,203,76715.43,785.91,72,22,14,9,3,6,0,31,127,0,0,30
420463,35,-0.09,-0.05,-0.6,-0.45,2,0.2,0.1,0.15,60,73.58,202,160,1,159,117,39,0,3,0,0,0,42,1,203,117,42,203,55442.39,569.75,76,33,17,13,5,6,2,7,117,39,0,3
420464,35,-0.09,-0.05,-0.6,-0.45,2,0.2,0.1,0.15,60,55.48,201,159,4,155,0,52,0,17,0,86,0,42,2,203,86,69,203,108576.41,1111.68,5,12,6,7,7,5,6,107,0,52,0,103
420465,35,-0.09,-0.05,-0.6,-0.45,2,0.2,0.1,0.15,60,82.17,201,159,2,157,127,0,0,28,0,2,0,42,2,203,129,28,203,76715.43,785.91,72,22,14,9,3,6,0,31,127,0,0,30
420466,35,-0.09,-0.05,-0.6,-0.45,2,0.2,0.2,0.15,20,69.18,202,160,1,159,73,30,19,0,37,0,0,42,1,203,110,49,203,114593.97,1169.97,23,37,26,73,0,0,0,0,73,30,56,0
420467,35,-0.09,-0.05,-0.6,-0.45,2,0.2,0.2,0.15,20,67.72,202,160,2,158,0,30,21,0,107,0,0,42,1,203,107,51,203,149244.54,1519.87,5,12,6,135,0,0,0,0,0,30,128,0
420468,35,-0.09,-0.05,-0.6,-0.45,2,0.2,0.2,0.15,20,74.21,202,160,1,159,77,0,41,0,41,0,0,42,1,203,118,41,203,134273.15,1369.31,18,26,20,95,0,0,0,0,77,0,82,0
420469,35,-0.09,-0.05,-0.6,-0.45,2,0.2,0.2,0.15,30,65.19,202,160,2,158,80,40,15,0,23,0,0,42,1,203,103,55,203,104653.07,1070.86,23,37,26,17,10,45,0,0,80,40,38,0
420470,35,-0.09,-0.05,-0.6,-0.45,2,0.2,0.2,0.15,30,61.54,202,160,4,156,0,42,18,0,96,0,0,42,1,203,96,60,203,118774.02,1212.96,5,12,6,7,7,119,0,0,0,42,114,0
420471,35,-0.09,-0.05,-0.6,-0.45,2,0.2,0.2,0.15,30,73.25,202,160,3,157,87,0,42,0,28,0,0,42,1,203,115,42,203,139641.81,1427.85,18,26,20,13,6,74,0,0,87,0,70,0
420472,35,-0.09,-0.05,-0.6,-0.45,2,0.2,0.2,0.15,40,62.66,202,160,2,158,85,45,13,1,4,10,0,42,1,203,99,59,203,99630.03,1023.21,23,37,26,17,10,7,8,30,85,45,17,11
420473,35,-0.09,-0.05,-0.6,-0.45,2,0.2,0.2,0.15,40,56.77,201,159,4,155,0,49,17,1,18,70,0,42,2,203,88,67,203,114071.95,1168.27,5,12,6,7,7,5,6,107,0,49,35,71
420474,35,-0.09,-0.05,-0.6,-0.45,2,0.2,0.2,0.15,40,71.15,201,159,3,156,92,0,36,9,5,14,0,42,2,203,111,45,203,131211.61,1344.71,18,26,20,13,6,4,4,65,92,0,41,23
420475,35,-0.09,-0.05,-0.6,-0.45,2,0.2,0.2,0.15,50,62.03,202,160,2,158,85,47,0,13,0,13,0,42,1,203,98,60,203,96874.58,995.68,23,37,26,17,10,7,8,30,85,47,0,26
420476,35,-0.09,-0.05,-0.6,-0.45,2,0.2,0.2,0.15,50,55.48,201,159,4,155,0,52,0,17,0,86,0,42,2,203,86,69,203,108576.41,1111.68,5,12,6,7,7,5,6,107,0,52,0,103
420477,35,-0.09,-0.05,-0.6,-0.45,2,0.2,0.2,0.15,50,70.51,201,159,3,156,92,0,0,46,0,18,0,42,2,203,110,46,203,124409.33,1276.05,18,26,20,13,6,4,4,65,92,0,0,64
420478,35,-0.09,-0.05,-0.6,-0.45,2,0.2,0.2,0.15,60,62.03,202,160,2,158,85,47,0,13,0,13,0,42,1,203,98,60,203,96874.58,995.68,23,37,26,17,10,7,8,30,85,47,0,26
420479,35,-0.09,-0.05,-0.6,-0.45,2,0.2,0.2,0.15,60,55.48,201,159,4,155,0,52,0,17,0,86,0,42,2,203,86,69,203,108576.41,1111.68,5,12,6,7,7,5,6,107,0,52,0,103
420480,35,-0.09,-0.05,-0.6,-0.45,2,0.2,0.2,0.15,60,70.51,201,159,3,156,92,0,0,46,0,18,0,42,2,203,110,46,203,124409.33,1276.05,18,26,20,13,6,4,4,65,92,0,0,64
420481,35,-0.09,-0.05,-0.6,-0.4,1,0.1,0.1,0.15,20,73.3,269,222,1,221,150,39,20,0,12,0,0,47,1,270,162,59,270,80134.37,823.86,99,45,26,51,0,0,0,0,150,39,32,0
420482,35,-0.09,-0.05,-0.6,-0.4,1,0.1,0.1,0.15,20,66.36,269,222,2,220,0,41,33,0,146,0,0,47,1,270,146,74,270,173602.1,1776.61,8,14,10,188,0,0,0,0,0,41,179,0
420483,35,-0.09,-0.05,-0.6,-0.4,1,0.1,0.1,0.15,20,78.28,269,222,1,221,160,0,48,0,13,0,0,47,1,270,173,48,270,101993.63,1044.26,92,32,20,77,0,0,0,0,160,0,61,0
420484,35,-0.09,-0.05,-0.6,-0.4,1,0.1,0.1,0.15,30,72.85,269,222,1,221,159,49,11,0,2,0,0,47,1,270,161,60,270,77358.24,796.08,99,45,26,19,9,23,0,0,159,49,13,0
420485,35,-0.09,-0.05,-0.6,-0.4,1,0.1,0.1,0.15,30,61.01,269,222,4,218,0,60,25,0,133,0,0,47,1,270,133,85,270,142528.66,1462.6,8,14,10,9,14,163,0,0,0,60,158,0
420486,35,-0.09,-0.05,-0.6,-0.4,1,0.1,0.1,0.15,30,79.55,269,222,2,220,173,0,45,0,2,0,0,47,1,270,175,45,270,113103.12,1159.81,92,32,20,16,3,57,0,0,173,0,47,0
420487,35,-0.09,-0.05,-0.6,-0.4,1,0.1,0.1,0.15,40,73.64,269,222,2,220,160,52,6,0,2,0,0,47,1,270,162,58,270,74989.49,773.81,99,45,26,19,9,10,2,10,160,52,8,0
420488,35,-0.09,-0.05,-0.6,-0.4,1,0.1,0.1,0.15,40,53.7,268,221,5,216,0,67,27,6,23,93,0,47,2,270,116,100,270,134890.85,1385.01,8,14,10,9,14,5,7,149,0,67,50,99
420489,35,-0.09,-0.05,-0.6,-0.4,1,0.1,0.1,0.15,40,82.11,268,221,3,218,175,0,31,8,2,2,0,47,2,270,179,39,270,110516.99,1134.44,92,32,20,16,3,10,0,45,175,0,33,10
420490,35,-0.09,-0.05,-0.6,-0.4,1,0.1,0.1,0.15,50,72.73,269,222,2,220,160,54,0,6,0,0,0,47,1,270,160,60,270,72702.61,750.8,99,45,26,19,9,10,2,10,160,54,0,6
420491,35,-0.09,-0.05,-0.6,-0.4,1,0.1,0.1,0.15,50,53.24,268,221,5,216,0,70,0,31,0,115,0,47,2,270,115,101,270,128173.58,1315.18,8,14,10,9,14,5,7,149,0,70,0,146
420492,35,-0.09,-0.05,-0.6,-0.4,1,0.1,0.1,0.15,50,81.19,268,221,3,218,175,0,0,41,0,2,0,47,2,270,177,41,270,105134.06,1080.44,92,32,20,16,3,10,0,45,175,0,0,43
420493,35,-0.09,-0.05,-0.6,-0.4,1,0.1,0.1,0.15,60,72.73,269,222,2,220,160,54,0,6,0,0,0,47,1,270,160,60,270,72702.61,750.8,99,45,26,19,9,10,2,10,160,54,0,6
420494,35,-0.09,-0.05,-0.6,-0.4,1,0.1,0.1,0.15,60,53.24,268,221,5,216,0,70,0,31,0,115,0,47,2,270,115,101,270,128173.58,1315.18,8,14,10,9,14,5,7,149,0,70,0,146
420495,35,-0.09,-0.05,-0.6,-0.4,1,0.1,0.1,0.15,60,81.19,268,221,3,218,175,0,0,41,0,2,0,47,2,270,177,41,270,105134.06,1080.44,92,32,20,16,3,10,0,45,175,0,0,43
420496,35,-0.09,-0.05,-0.6,-0.4,1,0.1,0.2,0.15,20,67.42,269,222,1,221,91,41,31,0,58,0,0,47,1,270,149,72,270,141469.65,1452.92,26,45,38,112,0,0,0,0,91,41,89,0
420497,35,-0.09,-0.05,-0.6,-0.4,1,0.1,0.2,0.15,20,66.36,269,222,2,220,0,41,33,0,146,0,0,47,1,270,146,74,270,173602.1,1776.61,8,14,10,188,0,0,0,0,0,41,179,0
420498,35,-0.09,-0.05,-0.6,-0.4,1,0.1,0.2,0.15,20,72.85,269,222,1,221,96,0,60,0,65,0,0,47,1,270,161,60,270,170902.61,1750.01,18,32,28,143,0,0,0,0,96,0,125,0
420499,35,-0.09,-0.05,-0.6,-0.4,1,0.1,0.2,0.15,30,63.64,269,222,2,220,106,58,22,0,34,0,0,47,1,270,140,80,270,133224.45,1371.39,26,45,38,23,22,66,0,0,106,58,56,0
420500,35,-0.09,-0.05,-0.6,-0.4,1,0.1,0.2,0.15,30,61.01,269,222,4,218,0,60,25,0,133,0,0,47,1,270,133,85,270,142528.66,1462.6,8,14,10,9,14,163,0,0,0,60,158,0
420501,35,-0.09,-0.05,-0.6,-0.4,1,0.1,0.2,0.15,30,71.23,269,222,3,219,115,0,63,0,41,0,0,47,1,270,156,63,270,179199.01,1839.91,18,32,28,18,12,111,0,0,115,0,104,0
420502,35,-0.09,-0.05,-0.6,-0.4,1,0.1,0.2,0.15,40,58.9,269,222,3,219,112,63,21,6,6,11,0,47,1,270,129,90,270,121465.71,1252.82,26,45,38,23,22,10,8,47,112,63,27,17
420503,35,-0.09,-0.05,-0.6,-0.4,1,0.1,0.2,0.15,40,53.7,268,221,5,216,0,67,27,6,23,93,0,47,2,270,116,100,270,134890.85,1385.01,8,14,10,9,14,5,7,149,0,67,50,99
420504,35,-0.09,-0.05,-0.6,-0.4,1,0.1,0.2,0.15,40,67.28,268,221,4,217,122,0,52,19,8,16,0,47,2,270,146,71,270,164158.31,1687.43,18,32,28,18,12,7,4,98,122,0,60,35
420505,35,-0.09,-0.05,-0.6,-0.4,1,0.1,0.2,0.15,50,58.9,269,222,3,219,112,65,0,25,0,17,0,47,1,270,129,90,270,117964.08,1217.15,26,45,38,23,22,10,8,47,112,65,0,42
420506,35,-0.09,-0.05,-0.6,-0.4,1,0.1,0.2,0.15,50,53.24,268,221,5,216,0,70,0,31,0,115,0,47,2,270,115,101,270,128173.58,1315.18,8,14,10,9,14,5,7,149,0,70,0,146
420507,35,-0.09,-0.05,-0.6,-0.4,1,0.1,0.2,0.15,50,66.82,268,221,4,217,122,0,0,72,0,23,0,47,2,270,145,72,270,155094.69,1595.85,18,32,28,18,12,7,4,98,122,0,0,95
420508,35,-0.09,-0.05,-0.6,-0.4,1,0.1,0.2,0.15,60,58.9,269,222,3,219,112,65,0,25,0,17,0,47,1,270,129,90,270,117964.08,1217.15,26,45,38,23,22,10,8,47,112,65,0,42
420509,35,-0.09,-0.05,-0.6,-0.4,1,0.1,0.2,0.15,60,53.24,268,221,5,216,0,70,0,31,0,115,0,47,2,270,115,101,270,128173.58,1315.18,8,14,10,9,14,5,7,149,0,70,0,146
420510,35,-0.09,-0.05,-0.6,-0.4,1,0.1,0.2,0.15,60,66.82,268,221,4,217,122,0,0,72,0,23,0,47,2,270,145,72,270,155094.69,1595.85,18,32,28,18,12,7,4,98,122,0,0,95
420511,35,-0.09,-0.05,-0.6,-0.4,1,0.2,0.1,0.15,20,73.3,269,222,1,221,150,39,20,0,12,0,0,47,1,270,162,59,270,80134.37,823.86,99,45,26,51,0,0,0,0,150,39,32,0
420512,35,-0.09,-0.05,-0.6,-0.4,1,0.2,0.1,0.15,20,66.36,269,222,2,220,0,41,33,0,146,0,0,47,1,270,146,74,270,173602.1,1776.61,8,14,10,188,0,0,0,0,0,41,179,0
420513,35,-0.09,-0.05,-0.6,-0.4,1,0.2,0.1,0.15,20,78.28,269,222,1,221,160,0,48,0,13,0,0,47,1,270,173,48,270,101993.63,1044.26,92,32,20,77,0,0,0,0,160,0,61,0
420514,35,-0.09,-0.05,-0.6,-0.4,1,0.2,0.1,0.15,30,72.85,269,222,1,221,159,49,11,0,2,0,0,47,1,270,161,60,270,77358.24,796.08,99,45,26,19,9,23,0,0,159,49,13,0
420515,35,-0.09,-0.05,-0.6,-0.4,1,0.2,0.1,0.15,30,61.01,269,222,4,218,0,60,25,0,133,0,0,47,1,270,133,85,270,142528.66,1462.6,8,14,10,9,14,163,0,0,0,60,158,0
420516,35,-0.09,-0.05,-0.6,-0.4,1,0.2,0.1,0.15,30,79.55,269,222,2,220,173,0,45,0,2,0,0,47,1,270,175,45,270,113103.12,1159.81,92,32,20,16,3,57,0,0,173,0,47,0
420517,35,-0.09,-0.05,-0.6,-0.4,1,0.2,0.1,0.15,40,73.64,269,222,2,220,160,52,6,0,2,0,0,47,1,270,162,58,270,74989.49,773.81,99,45,26,19,9,10,2,10,160,52,8,0
420518,35,-0.09,-0.05,-0.6,-0.4,1,0.2,0.1,0.15,40,53.7,268,221,5,216,0,67,27,6,23,93,0,47,2,270,116,100,270,134890.85,1385.01,8,14,10,9,14,5,7,149,0,67,50,99
420519,35,-0.09,-0.05,-0.6,-0.4,1,0.2,0.1,0.15,40,82.11,268,221,3,218,175,0,31,8,2,2,0,47,2,270,179,39,270,110516.99,1134.44,92,32,20,16,3,10,0,45,175,0,33,10
420520,35,-0.09,-0.05,-0.6,-0.4,1,0.2,0.1,0.15,50,72.73,269,222,2,220,160,54,0,6,0,0,0,47,1,270,160,60,270,72702.61,750.8,99,45,26,19,9,10,2,10,160,54,0,6
420521,35,-0.09,-0.05,-0.6,-0.4,1,0.2,0.1,0.15,50,53.24,268,221,5,216,0,70,0,31,0,115,0,47,2,270,115,101,270,128173.58,1315.18,8,14,10,9,14,5,7,149,0,70,0,146
420522,35,-0.09,-0.05,-0.6,-0.4,1,0.2,0.1,0.15,50,81.19,268,221,3,218,175,0,0,41,0,2,0,47,2,270,177,41,270,105134.06,1080.44,92,32,20,16,3,10,0,45,175,0,0,43
420523,35,-0.09,-0.05,-0.6,-0.4,1,0.2,0.1,0.15,60,72.73,269,222,2,220,160,54,0,6,0,0,0,47,1,270,160,60,270,72702.61,750.8,99,45,26,19,9,10,2,10,160,54,0,6
420524,35,-0.09,-0.05,-0.6,-0.4,1,0.2,0.1,0.15,60,53.24,268,221,5,216,0,70,0,31,0,115,0,47,2,270,115,101,270,128173.58,1315.18,8,14,10,9,14,5,7,149,0,70,0,146
420525,35,-0.09,-0.05,-0.6,-0.4,1,0.2,0.1,0.15,60,81.19,268,221,3,218,175,0,0,41,0,2,0,47,2,270,177,41,270,105134.06,1080.44,92,32,20,16,3,10,0,45,175,0,0,43
420526,35,-0.09,-0.05,-0.6,-0.4,1,0.2,0.2,0.15,20,67.42,269,222,1,221,91,41,31,0,58,0,0,47,1,270,149,72,270,141469.65,1452.92,26,45,38,112,0,0,0,0,91,41,89,0
420527,35,-0.09,-0.05,-0.6,-0.4,1,0.2,0.2,0.15,20,66.36,269,222,2,220,0,41,33,0,146,0,0,47,1,270,146,74,270,173602.1,1776.61,8,14,10,188,0,0,0,0,0,41,179,0
420528,35,-0.09,-0.05,-0.6,-0.4,1,0.2,0.2,0.15,20,72.85,269,222,1,221,96,0,60,0,65,0,0,47,1,270,161,60,270,170902.61,1750.01,18,32,28,143,0,0,0,0,96,0,125,0
420529,35,-0.09,-0.05,-0.6,-0.4,1,0.2,0.2,0.15,30,63.64,269,222,2,220,106,58,22,0,34,0,0,47,1,270,140,80,270,133224.45,1371.39,26,45,38,23,22,66,0,0,106,58,56,0
420530,35,-0.09,-0.05,-0.6,-0.4,1,0.2,0.2,0.15,30,61.01,269,222,4,218,0,60,25,0,133,0,0,47,1,270,133,85,270,142528.66,1462.6,8,14,10,9,14,163,0,0,0,60,158,0
420531,35,-0.09,-0.05,-0.6,-0.4,1,0.2,0.2,0.15,30,71.23,269,222,3,219,115,0,63,0,41,0,0,47,1,270,156,63,270,179199.01,1839.91,18,32,28,18,12,111,0,0,115,0,104,0
420532,35,-0.09,-0.05,-0.6,-0.4,1,0.2,0.2,0.15,40,58.9,269,222,3,219,112,63,21,6,6,11,0,47,1,270,129,90,270,121465.71,1252.82,26,45,38,23,22,10,8,47,112,63,27,17
420533,35,-0.09,-0.05,-0.6,-0.4,1,0.2,0.2,0.15,40,53.7,268,221,5,216,0,67,27,6,23,93,0,47,2,270,116,100,270,134890.85,1385.01,8,14,10,9,14,5,7,149,0,67,50,99
420534,35,-0.09,-0.05,-0.6,-0.4,1,0.2,0.2,0.15,40,67.28,268,221,4,217,122,0,52,19,8,16,0,47,2,270,146,71,270,164158.31,1687.43,18,32,28,18,12,7,4,98,122,0,60,35
420535,35,-0.09,-0.05,-0.6,-0.4,1,0.2,0.2,0.15,50,58.9,269,222,3,219,112,65,0,25,0,17,0,47,1,270,129,90,270,117964.08,1217.15,26,45,38,23,22,10,8,47,112,65,0,42
420536,35,-0.09,-0.05,-0.6,-0.4,1,0.2,0.2,0.15,50,53.24,268,221,5,216,0,70,0,31,0,115,0,47,2,270,115,101,270,128173.58,1315.18,8,14,10,9,14,5,7,149,0,70,0,146
420537,35,-0.09,-0.05,-0.6,-0.4,1,0.2,0.2,0.15,50,66.82,268,221,4,217,122,0,0,72,0,23,0,47,2,270,145,72,270,155094.69,1595.85,18,32,28,18,12,7,4,98,122,0,0,95
420538,35,-0.09,-0.05,-0.6,-0.4,1,0.2,0.2,0.15,60,58.9,269,222,3,219,112,65,0,25,0,17,0,47,1,270,129,90,270,117964.08,1217.15,26,45,38,23,22,10,8,47,112,65,0,42
420539,35,-0.09,-0.05,-0.6,-0.4,1,0.2,0.2,0.15,60,53.24,268,221,5,216,0,70,0,31,0,115,0,47,2,270,115,101,270,128173.58,1315.18,8,14,10,9,14,5,7,149,0,70,0,146
420540,35,-0.09,-0.05,-0.6,-0.4,1,0.2,0.2,0.15,60,66.82,268,221,4,217,122,0,0,72,0,23,0,47,2,270,145,72,270,155094.69,1595.85,18,32,28,18,12,7,4,98,122,0,0,95
420541,35,-0.09,-0.05,-0.6,-0.4,2,0.1,0.1,0.15,20,76.02,269,222,1,221,157,39,14,0,11,0,0,47,1,270,168,53,270,90842.5,1096.5,101,47,31,42,0,0,0,0,157,39,25,0
420542,35,-0.09,-0.05,-0.6,-0.4,2,0.1,0.1,0.15,20,68.64,269,222,2,220,0,41,28,0,151,0,0,47,1,270,151,69,270,198759.52,2104.39,8,14,10,188,0,0,0,0,0,41,179,0
420543,35,-0.09,-0.05,-0.6,-0.4,2,0.1,0.1,0.15,20,82.35,269,222,1,221,168,0,39,0,14,0,0,47,1,270,182,39,270,119360.79,1307.99,94,35,26,66,0,0,0,0,168,0,53,0
420544,35,-0.09,-0.05,-0.6,-0.4,2,0.1,0.1,0.15,30,75.11,269,222,1,221,164,46,9,0,2,0,0,47,1,270,166,55,270,91052.59,1093.05,101,47,31,17,8,17,0,0,164,46,11,0
420545,35,-0.09,-0.05,-0.6,-0.4,2,0.1,0.1,0.15,30,61.47,269,222,4,218,0,60,24,0,134,0,0,47,1,270,134,84,270,164280.74,1843.86,8,14,10,9,14,163,0,0,0,60,158,0
420546,35,-0.09,-0.05,-0.6,-0.4,2,0.1,0.1,0.15,30,85.91,269,222,2,220,182,0,31,0,7,0,0,47,1,270,189,31,270,146063.77,1448.61,94,35,26,13,7,45,0,0,182,0,38,0
420547,35,-0.09,-0.05,-0.6,-0.4,2,0.1,0.1,0.15,40,75.91,269,222,2,220,165,48,5,0,2,0,0,47,1,270,167,53,270,87529.84,1080.45,101,47,31,17,8,6,1,9,165,48,7,0
420548,35,-0.09,-0.05,-0.6,-0.4,2,0.1,0.1,0.15,40,55.09,268,221,5,216,0,67,25,5,25,94,0,47,2,270,119,97,270,149928.18,1787.8,8,14,10,9,14,5,7,149,0,67,50,99
420549,35,-0.09,-0.05,-0.6,-0.4,2,0.1,0.1,0.15,40,87.61,268,221,3,218,186,0,21,6,3,2,0,47,2,270,191,27,270,149839.35,1472.36,94,35,26,13,7,7,3,33,186,0,24,8
420550,35,-0.09,-0.05,-0.6,-0.4,2,0.1,0.1,0.15,50,75.0,269,222,2,220,165,50,0,5,0,0,0,47,1,270,165,55,270,84358.09,1058.78,101,47,31,17,8,6,1,9,165,50,0,5
420551,35,-0.09,-0.05,-0.6,-0.4,2,0.1,0.1,0.15,50,54.17,268,221,5,216,0,70,0,29,0,117,0,47,2,270,117,99,270,140737.49,1716.72,8,14,10,9,14,5,7,149,0,70,0,146
420552,35,-0.09,-0.05,-0.6,-0.4,2,0.1,0.1,0.15,50,86.7,268,221,3,218,186,0,0,29,0,3,0,47,2,270,189,29,270,142366.34,1429.13,94,35,26,13,7,7,3,33,186,0,0,32
420553,35,-0.09,-0.05,-0.6,-0.4,2,0.1,0.1,0.15,60,75.0,269,222,2,220,165,50,0,5,0,0,0,47,1,270,165,55,270,84358.09,1058.78,101,47,31,17,8,6,1,9,165,50,0,5
420554,35,-0.09,-0.05,-0.6,-0.4,2,0.1,0.1,0.15,60,54.17,268,221,5,216,0,70,0,29,0,117,0,47,2,270,117,99,270,140737.49,1716.72,8,14,10,9,14,5,7,149,0,70,0,146
420555,35,-0.09,-0.05,-0.6,-0.4,2,0.1,0.1,0.15,60,86.7,268,221,3,218,186,0,0,29,0,3,0,47,2,270,189,29,270,142366.34,1429.13,94,35,26,13,7,7,3,33,186,0,0,32
420556,35,-0.09,-0.05,-0.6,-0.4,2,0.1,0.2,0.15,20,69.68,269,222,1,221,95,41,26,0,59,0,0,47,1,270,154,67,270,161615.27,1771.76,26,48,37,110,0,0,0,0,95,41,85,0
420557,35,-0.09,-0.05,-0.6,-0.4,2,0.1,0.2,0.15,20,68.64,269,222,2,220,0,41,28,0,151,0,0,47,1,270,151,69,270,198759.52,2104.39,8,14,10,188,0,0,0,0,0,41,179,0
420558,35,-0.09,-0.05,-0.6,-0.4,2,0.1,0.2,0.15,20,76.92,269,222,1,221,101,0,51,0,69,0,0,47,1,270,170,51,270,211640.48,2099.51,18,35,29,139,0,0,0,0,101,0,120,0
420559,35,-0.09,-0.05,-0.6,-0.4,2,0.1,0.2,0.15,30,64.09,269,222,2,220,112,58,21,0,29,0,0,47,1,270,141,79,270,154571.55,1737.61,26,48,37,25,22,62,0,0,112,58,50,0
420560,35,-0.09,-0.05,-0.6,-0.4,2,0.1,0.2,0.15,30,61.47,269,222,4,218,0,60,24,0,134,0,0,47,1,270,134,84,270,164280.74,1843.86,8,14,10,9,14,163,0,0,0,60,158,0
420561,35,-0.09,-0.05,-0.6,-0.4,2,0.1,0.2,0.15,30,76.26,269,222,3,219,123,0,52,0,44,0,0,47,1,270,167,52,270,234554.8,2242.64,18,35,29,19,12,106,0,0,123,0,96,0
420562,35,-0.09,-0.05,-0.6,-0.4,2,0.1,0.2,0.15,40,60.73,269,222,3,219,118,63,18,5,7,8,0,47,1,270,133,86,270,138944.47,1652.87,26,48,37,25,22,12,9,40,118,63,25,13
420563,35,-0.09,-0.05,-0.6,-0.4,2,0.1,0.2,0.15,40,55.09,268,221,5,216,0,67,25,5,25,94,0,47,2,270,119,97,270,149928.18,1787.8,8,14,10,9,14,5,7,149,0,67,50,99
420564,35,-0.09,-0.05,-0.6,-0.4,2,0.1,0.2,0.15,40,71.89,268,221,4,217,131,0,46,15,11,14,0,47,2,270,156,61,270,211811.91,2121.45,18,35,29,19,12,10,5,89,131,0,57,29
420565,35,-0.09,-0.05,-0.6,-0.4,2,0.1,0.2,0.15,50,60.73,269,222,3,219,118,65,0,21,0,15,0,47,1,270,133,86,270,135138.55,1625.36,26,48,37,25,22,12,9,40,118,65,0,36
420566,35,-0.09,-0.05,-0.6,-0.4,2,0.1,0.2,0.15,50,54.17,268,221,5,216,0,70,0,29,0,117,0,47,2,270,117,99,270,140737.49,1716.72,8,14,10,9,14,5,7,149,0,70,0,146
420567,35,-0.09,-0.05,-0.6,-0.4,2,0.1,0.2,0.15,50,71.89,268,221,4,217,131,0,0,61,0,25,0,47,2,270,156,61,270,197788.15,2042.55,18,35,29,19,12,10,5,89,131,0,0,86
420568,35,-0.09,-0.05,-0.6,-0.4,2,0.1,0.2,0.15,60,60.73,269,222,3,219,118,65,0,21,0,15,0,47,1,270,133,86,270,135138.55,1625.36,26,48,37,25,22,12,9,40,118,65,0,36
420569,35,-0.09,-0.05,-0.6,-0.4,2,0.1,0.2,0.15,60,54.17,268,221,5,216,0,70,0,29,0,117,0,47,2,270,117,99,270,140737.49,1716.72,8,14,10,9,14,5,7,149,0,70,0,146
420570,35,-0.09,-0.05,-0.6,-0.4,2,0.1,0.2,0.15,60,71.89,268,221,4,217,131,0,0,61,0,25,0,47,2,270,156,61,270,197788.15,2042.55,18,35,29,19,12,10,5,89,131,0,0,86
420571,35,-0.09,-0.05,-0.6,-0.4,2,0.2,0.1,0.15,20,73.3,269,222,1,221,150,39,20,0,12,0,0,47,1,270,162,59,270,80134.37,823.86,99,45,26,51,0,0,0,0,150,39,32,0
420572,35,-0.09,-0.05,-0.6,-0.4,2,0.2,0.1,0.15,20,66.36,269,222,2,220,0,41,33,0,146,0,0,47,1,270,146,74,270,173602.1,1776.61,8,14,10,188,0,0,0,0,0,41,179,0
420573,35,-0.09,-0.05,-0.6,-0.4,2,0.2,0.1,0.15,20,78.28,269,222,1,221,160,0,48,0,13,0,0,47,1,270,173,48,270,101993.63,1044.26,92,32,20,77,0,0,0,0,160,0,61,0
420574,35,-0.09,-0.05,-0.6,-0.4,2,0.2,0.1,0.15,30,72.85,269,222,1,221,159,49,11,0,2,0,0,47,1,270,161,60,270,77358.24,796.08,99,45,26,19,9,23,0,0,159,49,13,0
420575,35,-0.09,-0.05,-0.6,-0.4,2,0.2,0.1,0.15,30,61.01,269,222,4,218,0,60,25,0,133,0,0,47,1,270,133,85,270,142528.66,1462.6,8,14,10,9,14,163,0,0,0,60,158,0
420576,35,-0.09,-0.05,-0.6,-0.4,2,0.2,0.1,0.15,30,79.55,269,222,2,220,173,0,45,0,2,0,0,47,1,270,175,45,270,113103.12,1159.81,92,32,20,16,3,57,0,0,173,0,47,0
420577,35,-0.09,-0.05,-0.6,-0.4,2,0.2,0.1,0.15,40,73.64,269,222,2,220,160,52,6,0,2,0,0,47,1,270,162,58,270,74989.49,773.81,99,45,26,19,9,10,2,10,160,52,8,0
420578,35,-0.09,-0.05,-0.6,-0.4,2,0.2,0.1,0.15,40,53.7,268,221,5,216,0,67,27,6,23,93,0,47,2,270,116,100,270,134890.85,1385.01,8,14,10,9,14,5,7,149,0,67,50,99
420579,35,-0.09,-0.05,-0.6,-0.4,2,0.2,0.1,0.15,40,82.11,268,221,3,218,175,0,31,8,2,2,0,47,2,270,179,39,270,110516.99,1134.44,92,32,20,16,3,10,0,45,175,0,33,10
420580,35,-0.09,-0.05,-0.6,-0.4,2,0.2,0.1,0.15,50,72.73,269,222,2,220,160,54,0,6,0,0,0,47,1,270,160,60,270,72702.61,750.8,99,45,26,19,9,10,2,10,160,54,0,6
420581,35,-0.09,-0.05,-0.6,-0.4,2,0.2,0.1,0.15,50,53.24,268,221,5,216,0,70,0,31,0,115,0,47,2,270,115,101,270,128173.58,1315.18,8,14,10,9,14,5,7,149,0,70,0,146
420582,35,-0.09,-0.05,-0.6,-0.4,2,0.2,0.1,0.15,50,81.19,268,221,3,218,175,0,0,41,0,2,0,47,2,270,177,41,270,105134.06,1080.44,92,32,20,16,3,10,0,45,175,0,0,43
420583,35,-0.09,-0.05,-0.6,-0.4,2,0.2,0.1,0.15,60,72.73,269,222,2,220,160,54,0,6,0,0,0,47,1,270,160,60,270,72702.61,750.8,99,45,26,19,9,10,2,10,160,54,0,6
420584,35,-0.09,-0.05,-0.6,-0.4,2,0.2,0.1,0.15,60,53.24,268,221,5,216,0,70,0,31,0,115,0,47,2,270,115,101,270,128173.58,1315.18,8,14,10,9,14,5,7,149,0,70,0,146
420585,35,-0.09,-0.05,-0.6,-0.4,2,0.2,0.1,0.15,60,81.19,268,221,3,218,175,0,0,41,0,2,0,47,2,270,177,41,270,105134.06,1080.44,92,32,20,16,3,10,0,45,175,0,0,43
420586,35,-0.09,-0.05,-0.6,-0.4,2,0.2,0.2,0.15,20,67.42,269,222,1,221,91,41,31,0,58,0,0,47,1,270,149,72,270,141469.65,1452.92,26,45,38,112,0,0,0,0,91,41,89,0
420587,35,-0.09,-0.05,-0.6,-0.4,2,0.2,0.2,0.15,20,66.36,269,222,2,220,0,41,33,0,146,0,0,47,1,270,146,74,270,173602.1,1776.61,8,14,10,188,0,0,0,0,0,41,179,0
420588,35,-0.09,-0.05,-0.6,-0.4,2,0.2,0.2,0.15,20,72.85,269,222,1,221,96,0,60,0,65,0,0,47,1,270,161,60,270,170902.61,1750.01,18,32,28,143,0,0,0,0,96,0,125,0
420589,35,-0.09,-0.05,-0.6,-0.4,2,0.2,0.2,0.15,30,63.64,269,222,2,220,106,58,22,0,34,0,0,47,1,270,140,80,270,133224.45,1371.39,26,45,38,23,22,66,0,0,106,58,56,0
420590,35,-0.09,-0.05,-0.6,-0.4,2,0.2,0.2,0.15,30,61.01,269,222,4,218,0,60,25,0,133,0,0,47,1,270,133,85,270,142528.66,1462.6,8,14,10,9,14,163,0,0,0,60,158,0
420591,35,-0.09,-0.05,-0.6,-0.4,2,0.2,0.2,0.15,30,71.23,269,222,3,219,115,0,63,0,41,0,0,47,1,270,156,63,270,179199.01,1839.91,18,32,28,18,12,111,0,0,115,0,104,0
420592,35,-0.09,-0.05,-0.6,-0.4,2,0.2,0.2,0.15,40,58.9,269,222,3,219,112,63,21,6,6,11,0,47,1,270,129,90,270,121465.71,1252.82,26,45,38,23,22,10,8,47,112,63,27,17
420593,35,-0.09,-0.05,-0.6,-0.4,2,0.2,0.2,0.15,40,53.7,268,221,5,216,0,67,27,6,23,93,0,47,2,270,116,100,270,134890.85,1385.01,8,14,10,9,14,5,7,149,0,67,50,99
420594,35,-0.09,-0.05,-0.6,-0.4,2,0.2,0.2,0.15,40,67.28,268,221,4,217,122,0,52,19,8,16,0,47,2,270,146,71,270,164158.31,1687.43,18,32,28,18,12,7,4,98,122,0,60,35
420595,35,-0.09,-0.05,-0.6,-0.4,2,0.2,0.2,0.15,50,58.9,269,222,3,219,112,65,0,25,0,17,0,47,1,270,129,90,270,117964.08,1217.15,26,45,38,23,22,10,8,47,112,65,0,42
420596,35,-0.09,-0.05,-0.6,-0.4,2,0.2,0.2,0.15,50,53.24,268,221,5,216,0,70,0,31,0,115,0,47,2,270,115,101,270,128173.58,1315.18,8,14,10,9,14,5,7,149,0,70,0,146
420597,35,-0.09,-0.05,-0.6,-0.4,2,0.2,0.2,0.15,50,66.82,268,221,4,217,122,0,0,72,0,23,0,47,2,270,145,72,270,155094.69,1595.85,18,32,28,18,12,7,4,98,122,0,0,95
420598,35,-0.09,-0.05,-0.6,-0.4,2,0.2,0.2,0.15,60,58.9,269,222,3,219,112,65,0,25,0,17,0,47,1,270,129,90,270,117964.08,1217.15,26,45,38,23,22,10,8,47,112,65,0,42
420599,35,-0.09,-0.05,-0.6,-0.4,2,0.2,0.2,0.15,60,53.24,268,221,5,216,0,70,0,31,0,115,0,47,2,270,115,101,270,128173.58,1315.18,8,14,10,9,14,5,7,149,0,70,0,146
420600,35,-0.09,-0.05,-0.6,-0.4,2,0.2,0.2,0.15,60,66.82,268,221,4,217,122,0,0,72,0,23,0,47,2,270,145,72,270,155094.69,1595.85,18,32,28,18,12,7,4,98,122,0,0,95
420601,35,-0.09,-0.05,-0.6,-0.35,1,0.1,0.1,0.15,20,73.05,334,283,1,282,188,48,28,0,18,0,0,51,2,336,206,76,336,99631.96,1020.55,129,55,29,69,0,0,0,0,188,48,46,0
420602,35,-0.09,-0.05,-0.6,-0.35,1,0.1,0.1,0.15,20,66.19,334,283,2,281,0,51,44,0,186,0,0,51,2,336,186,95,336,203740.32,2084.56,12,18,10,241,0,0,0,0,0,51,230,0
420603,35,-0.09,-0.05,-0.6,-0.35,1,0.1,0.1,0.15,20,77.3,334,283,1,282,199,0,64,0,19,0,0,51,2,336,218,64,336,125593.43,1285.1,118,39,23,102,0,0,0,0,199,0,83,0
420604,35,-0.09,-0.05,-0.6,-0.35,1,0.1,0.1,0.15,30,71.99,334,283,1,282,200,62,17,0,3,0,0,51,2,336,203,79,336,93823.2,961.37,129,55,29,23,13,33,0,0,200,62,20,0
420605,35,-0.09,-0.05,-0.6,-0.35,1,0.1,0.1,0.15,30,60.57,334,283,4,279,0,75,35,0,169,0,0,51,2,336,169,110,336,168638.4,1728.86,12,18,10,11,17,211,0,0,0,75,204,0
420606,35,-0.09,-0.05,-0.6,-0.35,1,0.1,0.1,0.15,30,78.29,334,283,2,281,216,0,61,0,4,0,0,51,2,336,220,61,336,137990.37,1414.22,118,39,23,19,6,76,0,0,216,0,65,0
420607,35,-0.09,-0.05,-0.6,-0.35,1,0.1,0.1,0.15,40,72.24,334,283,2,281,201,67,9,2,2,0,0,51,2,336,203,78,336,90494.52,929.47,129,55,29,23,13,13,3,16,201,67,11,2
420608,35,-0.09,-0.05,-0.6,-0.35,1,0.1,0.1,0.15,40,54.15,333,282,5,277,0,85,33,9,35,115,0,51,3,336,150,127,336,156222.16,1601.4,12,18,10,11,17,7,9,193,0,85,68,124
420609,35,-0.09,-0.05,-0.6,-0.35,1,0.1,0.1,0.15,40,79.93,333,282,3,279,219,0,44,12,2,2,0,51,3,336,223,56,336,131747.58,1349.76,118,39,23,19,6,11,1,62,219,0,46,14
420610,35,-0.09,-0.05,-0.6,-0.35,1,0.1,0.1,0.15,50,71.53,334,283,2,281,201,69,0,11,0,0,0,51,2,336,201,80,336,88467.88,909.07,129,55,29,23,13,13,3,16,201,69,0,11
420611,35,-0.09,-0.05,-0.6,-0.35,1,0.1,0.1,0.15,50,53.43,333,282,5,277,0,88,0,41,0,148,0,51,3,336,148,129,336,147686.02,1512.48,12,18,10,11,17,7,9,193,0,88,0,189
420612,35,-0.09,-0.05,-0.6,-0.35,1,0.1,0.1,0.15,50,79.57,333,282,3,279,219,0,0,57,0,3,0,51,3,336,222,57,336,128121.13,1314.67,118,39,23,19,6,11,1,62,219,0,0,60
420613,35,-0.09,-0.05,-0.6,-0.35,1,0.1,0.1,0.15,60,71.53,334,283,2,281,201,69,0,11,0,0,0,51,2,336,201,80,336,88467.88,909.07,129,55,29,23,13,13,3,16,201,69,0,11
420614,35,-0.09,-0.05,-0.6,-0.35,1,0.1,0.1,0.15,60,53.43,333,282,5,277,0,88,0,41,0,148,0,51,3,336,148,129,336,147686.02,1512.48,12,18,10,11,17,7,9,193,0,88,0,189
420615,35,-0.09,-0.05,-0.6,-0.35,1,0.1,0.1,0.15,60,79.57,333,282,3,279,219,0,0,57,0,3,0,51,3,336,222,57,336,128121.13,1314.67,118,39,23,19,6,11,1,62,219,0,0,60
420616,35,-0.09,-0.05,-0.6,-0.35,1,0.1,0.2,0.15,20,67.02,334,283,1,282,109,51,42,0,80,0,0,51,2,336,189,93,336,174910.54,1793.01,36,51,46,149,0,0,0,0,109,51,122,0
420617,35,-0.09,-0.05,-0.6,-0.35,1,0.1,0.2,0.15,20,66.19,334,283,2,281,0,51,44,0,186,0,0,51,2,336,186,95,336,203740.32,2084.56,12,18,10,241,0,0,0,0,0,51,230,0
420618,35,-0.09,-0.05,-0.6,-0.35,1,0.1,0.2,0.15,20,71.99,334,283,1,282,115,0,79,0,88,0,0,51,2,336,203,79,336,211192.64,2162.58,24,34,36,188,0,0,0,0,115,0,167,0
420619,35,-0.09,-0.05,-0.6,-0.35,1,0.1,0.2,0.15,30,62.99,334,283,2,281,130,73,31,0,47,0,0,51,2,336,177,104,336,163695.95,1682.87,36,51,46,27,29,92,0,0,130,73,78,0
420620,35,-0.09,-0.05,-0.6,-0.35,1,0.1,0.2,0.15,30,60.57,334,283,4,279,0,75,35,0,169,0,0,51,2,336,169,110,336,168638.4,1728.86,12,18,10,11,17,211,0,0,0,75,204,0
420621,35,-0.09,-0.05,-0.6,-0.35,1,0.1,0.2,0.15,30,70.36,334,283,3,280,141,0,83,0,56,0,0,51,2,336,197,83,336,221899.96,2279.37,24,34,36,21,16,149,0,0,141,0,139,0
420622,35,-0.09,-0.05,-0.6,-0.35,1,0.1,0.2,0.15,40,58.21,334,283,3,280,139,81,27,9,8,16,0,51,2,336,163,117,336,149897.41,1543.04,36,51,46,27,29,14,12,65,139,81,35,25
420623,35,-0.09,-0.05,-0.6,-0.35,1,0.1,0.2,0.15,40,54.15,333,282,5,277,0,85,33,9,35,115,0,51,3,336,150,127,336,156222.16,1601.4,12,18,10,11,17,7,9,193,0,85,68,124
420624,35,-0.09,-0.05,-0.6,-0.35,1,0.1,0.2,0.15,40,66.19,333,282,4,278,152,0,70,24,10,22,0,51,3,336,184,94,336,202159.96,2076.6,24,34,36,21,16,10,8,129,152,0,80,46
420625,35,-0.09,-0.05,-0.6,-0.35,1,0.1,0.2,0.15,50,58.21,334,283,3,280,139,83,0,34,0,24,0,51,2,336,163,117,336,145703.03,1500.42,36,51,46,27,29,14,12,65,139,83,0,58
420626,35,-0.09,-0.05,-0.6,-0.35,1,0.1,0.2,0.15,50,53.43,333,282,5,277,0,88,0,41,0,148,0,51,3,336,148,129,336,147686.02,1512.48,12,18,10,11,17,7,9,193,0,88,0,189
420627,35,-0.09,-0.05,-0.6,-0.35,1,0.1,0.2,0.15,50,66.19,333,282,4,278,152,0,0,94,0,32,0,51,3,336,184,94,336,193486.53,1990.18,24,34,36,21,16,10,8,129,152,0,0,126
420628,35,-0.09,-0.05,-0.6,-0.35,1,0.1,0.2,0.15,60,58.21,334,283,3,280,139,83,0,34,0,24,0,51,2,336,163,117,336,145703.03,1500.42,36,51,46,27,29,14,12,65,139,83,0,58
420629,35,-0.09,-0.05,-0.6,-0.35,1,0.1,0.2,0.15,60,53.43,333,282,5,277,0,88,0,41,0,148,0,51,3,336,148,129,336,147686.02,1512.48,12,18,10,11,17,7,9,193,0,88,0,189
420630,35,-0.09,-0.05,-0.6,-0.35,1,0.1,0.2,0.15,60,66.19,333,282,4,278,152,0,0,94,0,32,0,51,3,336,184,94,336,193486.53,1990.18,24,34,36,21,16,10,8,129,152,0,0,126
420631,35,-0.09,-0.05,-0.6,-0.35,1,0.2,0.1,0.15,20,73.05,334,283,1,282,188,48,28,0,18,0,0,51,2,336,206,76,336,99631.96,1020.55,129,55,29,69,0,0,0,0,188,48,46,0
420632,35,-0.09,-0.05,-0.6,-0.35,1,0.2,0.1,0.15,20,66.19,334,283,2,281,0,51,44,0,186,0,0,51,2,336,186,95,336,203740.32,2084.56,12,18,10,241,0,0,0,0,0,51,230,0
420633,35,-0.09,-0.05,-0.6,-0.35,1,0.2,0.1,0.15,20,77.3,334,283,1,282,199,0,64,0,19,0,0,51,2,336,218,64,336,125593.43,1285.1,118,39,23,102,0,0,0,0,199,0,83,0
420634,35,-0.09,-0.05,-0.6,-0.35,1,0.2,0.1,0.15,30,71.99,334,283,1,282,200,62,17,0,3,0,0,51,2,336,203,79,336,93823.2,961.37,129,55,29,23,13,33,0,0,200,62,20,0
420635,35,-0.09,-0.05,-0.6,-0.35,1,0.2,0.1,0.15,30,60.57,334,283,4,279,0,75,35,0,169,0,0,51,2,336,169,110,336,168638.4,1728.86,12,18,10,11,17,211,0,0,0,75,204,0
420636,35,-0.09,-0.05,-0.6,-0.35,1,0.2,0.1,0.15,30,78.29,334,283,2,281,216,0,61,0,4,0,0,51,2,336,220,61,336,137990.37,1414.22,118,39,23,19,6,76,0,0,216,0,65,0
420637,35,-0.09,-0.05,-0.6,-0.35,1,0.2,0.1,0.15,40,72.24,334,283,2,281,201,67,9,2,2,0,0,51,2,336,203,78,336,90494.52,929.47,129,55,29,23,13,13,3,16,201,67,11,2
420638,35,-0.09,-0.05,-0.6,-0.35,1,0.2,0.1,0.15,40,54.15,333,282,5,277,0,85,33,9,35,115,0,51,3,336,150,127,336,156222.16,1601.4,12,18,10,11,17,7,9,193,0,85,68,124
420639,35,-0.09,-0.05,-0.6,-0.35,1,0.2,0.1,0.15,40,79.93,333,282,3,279,219,0,44,12,2,2,0,51,3,336,223,56,336,131747.58,1349.76,118,39,23,19,6,11,1,62,219,0,46,14
420640,35,-0.09,-0.05,-0.6,-0.35,1,0.2,0.1,0.15,50,71.53,334,283,2,281,201,69,0,11,0,0,0,51,2,336,201,80,336,88467.88,909.07,129,55,29,23,13,13,3,16,201,69,0,11
420641,35,-0.09,-0.05,-0.6,-0.35,1,0.2,0.1,0.15,50,53.43,333,282,5,277,0,88,0,41,0,148,0,51,3,336,148,129,336,147686.02,1512.48,12,18,10,11,17,7,9,193,0,88,0,189
420642,35,-0.09,-0.05,-0.6,-0.35,1,0.2,0.1,0.15,50,79.57,333,282,3,279,219,0,0,57,0,3,0,51,3,336,222,57,336,128121.13,1314.67,118,39,23,19,6,11,1,62,219,0,0,60
420643,35,-0.09,-0.05,-0.6,-0.35,1,0.2,0.1,0.15,60,71.53,334,283,2,281,201,69,0,11,0,0,0,51,2,336,201,80,336,88467.88,909.07,129,55,29,23,13,13,3,16,201,69,0,11
420644,35,-0.09,-0.05,-0.6,-0.35,1,0.2,0.1,0.15,60,53.43,333,282,5,277,0,88,0,41,0,148,0,51,3,336,148,129,336,147686.02,1512.48,12,18,10,11,17,7,9,193,0,88,0,189
420645,35,-0.09,-0.05,-0.6,-0.35,1,0.2,0.1,0.15,60,79.57,333,282,3,279,219,0,0,57,0,3,0,51,3,336,222,57,336,128121.13,1314.67,118,39,23,19,6,11,1,62,219,0,0,60
420646,35,-0.09,-0.05,-0.6,-0.35,1,0.2,0.2,0.15,20,67.02,334,283,1,282,109,51,42,0,80,0,0,51,2,336,189,93,336,174910.54,1793.01,36,51,46,149,0,0,0,0,109,51,122,0
420647,35,-0.09,-0.05,-0.6,-0.35,1,0.2,0.2,0.15,20,66.19,334,283,2,281,0,51,44,0,186,0,0,51,2,336,186,95,336,203740.32,2084.56,12,18,10,241,0,0,0,0,0,51,230,0
420648,35,-0.09,-0.05,-0.6,-0.35,1,0.2,0.2,0.15,20,71.99,334,283,1,282,115,0,79,0,88,0,0,51,2,336,203,79,336,211192.64,2162.58,24,34,36,188,0,0,0,0,115,0,167,0
420649,35,-0.09,-0.05,-0.6,-0.35,1,0.2,0.2,0.15,30,62.99,334,283,2,281,130,73,31,0,47,0,0,51,2,336,177,104,336,163695.95,1682.87,36,51,46,27,29,92,0,0,130,73,78,0
420650,35,-0.09,-0.05,-0.6,-0.35,1,0.2,0.2,0.15,30,60.57,334,283,4,279,0,75,35,0,169,0,0,51,2,336,169,110,336,168638.4,1728.86,12,18,10,11,17,211,0,0,0,75,204,0
420651,35,-0.09,-0.05,-0.6,-0.35,1,0.2,0.2,0.15,30,70.36,334,283,3,280,141,0,83,0,56,0,0,51,2,336,197,83,336,221899.96,2279.37,24,34,36,21,16,149,0,0,141,0,139,0
420652,35,-0.09,-0.05,-0.6,-0.35,1,0.2,0.2,0.15,40,58.21,334,283,3,280,139,81,27,9,8,16,0,51,2,336,163,117,336,149897.41,1543.04,36,51,46,27,29,14,12,65,139,81,35,25
420653,35,-0.09,-0.05,-0.6,-0.35,1,0.2,0.2,0.15,40,54.15,333,282,5,277,0,85,33,9,35,115,0,51,3,336,150,127,336,156222.16,1601.4,12,18,10,11,17,7,9,193,0,85,68,124
420654,35,-0.09,-0.05,-0.6,-0.35,1,0.2,0.2,0.15,40,66.19,333,282,4,278,152,0,70,24,10,22,0,51,3,336,184,94,336,202159.96,2076.6,24,34,36,21,16,10,8,129,152,0,80,46
420655,35,-0.09,-0.05,-0.6,-0.35,1,0.2,0.2,0.15,50,58.21,334,283,3,280,139,83,0,34,0,24,0,51,2,336,163,117,336,145703.03,1500.42,36,51,46,27,29,14,12,65,139,83,0,58
420656,35,-0.09,-0.05,-0.6,-0.35,1,0.2,0.2,0.15,50,53.43,333,282,5,277,0,88,0,41,0,148,0,51,3,336,148,129,336,147686.02,1512.48,12,18,10,11,17,7,9,193,0,88,0,189
420657,35,-0.09,-0.05,-0.6,-0.35,1,0.2,0.2,0.15,50,66.19,333,282,4,278,152,0,0,94,0,32,0,51,3,336,184,94,336,193486.53,1990.18,24,34,36,21,16,10,8,129,152,0,0,126
420658,35,-0.09,-0.05,-0.6,-0.35,1,0.2,0.2,0.15,60,58.21,334,283,3,280,139,83,0,34,0,24,0,51,2,336,163,117,336,145703.03,1500.42,36,51,46,27,29,14,12,65,139,83,0,58
420659,35,-0.09,-0.05,-0.6,-0.35,1,0.2,0.2,0.15,60,53.43,333,282,5,277,0,88,0,41,0,148,0,51,3,336,148,129,336,147686.02,1512.48,12,18,10,11,17,7,9,193,0,88,0,189
420660,35,-0.09,-0.05,-0.6,-0.35,1,0.2,0.2,0.15,60,66.19,333,282,4,278,152,0,0,94,0,32,0,51,3,336,184,94,336,193486.53,1990.18,24,34,36,21,16,10,8,129,152,0,0,126
420661,35,-0.09,-0.05,-0.6,-0.35,2,0.1,0.1,0.15,20,75.89,334,283,1,282,197,48,20,0,17,0,0,51,2,336,214,68,336,113069.86,1368.05,131,58,34,59,0,0,0,0,197,48,37,0
420662,35,-0.09,-0.05,-0.6,-0.35,2,0.1,0.1,0.15,20,69.04,334,283,2,281,0,51,36,0,194,0,0,51,2,336,194,87,336,236485.65,2511.34,12,18,10,241,0,0,0,0,0,51,230,0
420663,35,-0.09,-0.05,-0.6,-0.35,2,0.1,0.1,0.15,20,81.56,334,283,1,282,209,0,52,0,21,0,0,51,2,336,230,52,336,148048.05,1629.62,120,43,30,89,0,0,0,0,209,0,73,0
420664,35,-0.09,-0.05,-0.6,-0.35,2,0.1,0.1,0.15,30,74.47,334,283,1,282,207,59,13,0,3,0,0,51,2,336,210,72,336,109820.64,1359.45,131,58,34,22,13,24,0,0,207,59,16,0
420665,35,-0.09,-0.05,-0.6,-0.35,2,0.1,0.1,0.15,30,60.93,334,283,4,279,0,75,34,0,170,0,0,51,2,336,170,109,336,195377.75,2242.5,12,18,10,11,17,211,0,0,0,75,204,0
420666,35,-0.09,-0.05,-0.6,-0.35,2,0.1,0.1,0.15,30,85.05,334,283,2,281,229,0,42,0,10,0,0,51,2,336,239,42,336,181078.49,1815.68,120,43,30,16,12,60,0,0,229,0,52,0
420667,35,-0.09,-0.05,-0.6,-0.35,2,0.1,0.1,0.15,40,75.09,334,283,2,281,208,62,7,1,2,1,0,51,2,336,211,70,336,107038.59,1348.33,131,58,34,22,13,8,2,13,208,62,9,2
420668,35,-0.09,-0.05,-0.6,-0.35,2,0.1,0.1,0.15,40,56.32,333,282,5,277,0,85,30,6,38,118,0,51,3,336,156,121,336,175600.67,2141.19,12,18,10,11,17,7,9,193,0,85,68,124
420669,35,-0.09,-0.05,-0.6,-0.35,2,0.1,0.1,0.15,40,86.38,333,282,3,279,234,0,30,8,3,4,0,51,3,336,241,38,336,181889.72,1821.17,120,43,30,16,12,8,4,46,234,0,33,12
420670,35,-0.09,-0.05,-0.6,-0.35,2,0.1,0.1,0.15,50,74.38,334,283,2,281,208,64,0,8,0,1,0,51,2,336,209,72,336,104191.24,1332.9,131,58,34,22,13,8,2,13,208,64,0,9
420671,35,-0.09,-0.05,-0.6,-0.35,2,0.1,0.1,0.15,50,55.6,333,282,5,277,0,88,0,35,0,154,0,51,3,336,154,123,336,164902.31,2056.14,12,18,10,11,17,7,9,193,0,88,0,189
420672,35,-0.09,-0.05,-0.6,-0.35,2,0.1,0.1,0.15,50,85.66,333,282,3,279,234,0,0,40,0,5,0,51,3,336,239,40,336,175481.06,1787.41,120,43,30,16,12,8,4,46,234,0,0,45
420673,35,-0.09,-0.05,-0.6,-0.35,2,0.1,0.1,0.15,60,74.38,334,283,2,281,208,64,0,8,0,1,0,51,2,336,209,72,336,104191.24,1332.9,131,58,34,22,13,8,2,13,208,64,0,9
420674,35,-0.09,-0.05,-0.6,-0.35,2,0.1,0.1,0.15,60,55.6,333,282,5,277,0,88,0,35,0,154,0,51,3,336,154,123,336,164902.31,2056.14,12,18,10,11,17,7,9,193,0,88,0,189
420675,35,-0.09,-0.05,-0.6,-0.35,2,0.1,0.1,0.15,60,85.66,333,282,3,279,234,0,0,40,0,5,0,51,3,336,239,40,336,175481.06,1787.41,120,43,30,16,12,8,4,46,234,0,0,45
420676,35,-0.09,-0.05,-0.6,-0.35,2,0.1,0.2,0.15,20,69.86,334,283,1,282,114,51,34,0,83,0,0,51,2,336,197,85,336,202547.27,2207.07,36,55,45,146,0,0,0,0,114,51,117,0
420677,35,-0.09,-0.05,-0.6,-0.35,2,0.1,0.2,0.15,20,69.04,334,283,2,281,0,51,36,0,194,0,0,51,2,336,194,87,336,236485.65,2511.34,12,18,10,241,0,0,0,0,0,51,230,0
420678,35,-0.09,-0.05,-0.6,-0.35,2,0.1,0.2,0.15,20,76.6,334,283,1,282,121,0,66,0,95,0,0,51,2,336,216,66,336,264645.21,2614.25,24,38,37,183,0,0,0,0,121,0,161,0
420679,35,-0.09,-0.05,-0.6,-0.35,2,0.1,0.2,0.15,30,63.35,334,283,2,281,137,73,30,0,41,0,0,51,2,336,178,103,336,191789.92,2182.16,36,55,45,29,29,87,0,0,137,73,71,0
420680,35,-0.09,-0.05,-0.6,-0.35,2,0.1,0.2,0.15,30,60.93,334,283,4,279,0,75,34,0,170,0,0,51,2,336,170,109,336,195377.75,2242.5,12,18,10,11,17,211,0,0,0,75,204,0
420681,35,-0.09,-0.05,-0.6,-0.35,2,0.1,0.2,0.15,30,75.36,334,283,3,280,151,0,69,0,60,0,0,51,2,336,211,69,336,294939.77,2823.46,24,38,37,22,17,142,0,0,151,0,129,0
420682,35,-0.09,-0.05,-0.6,-0.35,2,0.1,0.2,0.15,40,60.71,334,283,3,280,147,81,23,6,10,13,0,51,2,336,170,110,336,171766.81,2068.91,36,55,45,29,29,16,13,57,147,81,33,19
420683,35,-0.09,-0.05,-0.6,-0.35,2,0.1,0.2,0.15,40,56.32,333,282,5,277,0,85,30,6,38,118,0,51,3,336,156,121,336,175600.67,2141.19,12,18,10,11,17,7,9,193,0,85,68,124
420684,35,-0.09,-0.05,-0.6,-0.35,2,0.1,0.2,0.15,40,71.22,333,282,4,278,164,0,63,17,14,20,0,51,3,336,198,80,336,262065.12,2642.5,24,38,37,22,17,13,9,118,164,0,77,37
420685,35,-0.09,-0.05,-0.6,-0.35,2,0.1,0.2,0.15,50,60.71,334,283,3,280,147,83,0,27,0,23,0,51,2,336,170,110,336,167635.24,2039.6,36,55,45,29,29,16,13,57,147,83,0,50
420686,35,-0.09,-0.05,-0.6,-0.35,2,0.1,0.2,0.15,50,55.6,333,282,5,277,0,88,0,35,0,154,0,51,3,336,154,123,336,164902.31,2056.14,12,18,10,11,17,7,9,193,0,88,0,189
420687,35,-0.09,-0.05,-0.6,-0.35,2,0.1,0.2,0.15,50,71.58,333,282,4,278,164,0,0,79,0,35,0,51,3,336,199,79,336,250114.51,2574.6,24,38,37,22,17,13,9,118,164,0,0,114
420688,35,-0.09,-0.05,-0.6,-0.35,2,0.1,0.2,0.15,60,60.71,334,283,3,280,147,83,0,27,0,23,0,51,2,336,170,110,336,167635.24,2039.6,36,55,45,29,29,16,13,57,147,83,0,50
420689,35,-0.09,-0.05,-0.6,-0.35,2,0.1,0.2,0.15,60,55.6,333,282,5,277,0,88,0,35,0,154,0,51,3,336,154,123,336,164902.31,2056.14,12,18,10,11,17,7,9,193,0,88,0,189
420690,35,-0.09,-0.05,-0.6,-0.35,2,0.1,0.2,0.15,60,71.58,333,282,4,278,164,0,0,79,0,35,0,51,3,336,199,79,336,250114.51,2574.6,24,38,37,22,17,13,9,118,164,0,0,114
420691,35,-0.09,-0.05,-0.6,-0.35,2,0.2,0.1,0.15,20,73.05,334,283,1,282,188,48,28,0,18,0,0,51,2,336,206,76,336,99631.96,1020.55,129,55,29,69,0,0,0,0,188,48,46,0
420692,35,-0.09,-0.05,-0.6,-0.35,2,0.2,0.1,0.15,20,66.19,334,283,2,281,0,51,44,0,186,0,0,51,2,336,186,95,336,203740.32,2084.56,12,18,10,241,0,0,0,0,0,51,230,0
420693,35,-0.09,-0.05,-0.6,-0.35,2,0.2,0.1,0.15,20,77.3,334,283,1,282,199,0,64,0,19,0,0,51,2,336,218,64,336,125593.43,1285.1,118,39,23,102,0,0,0,0,199,0,83,0
420694,35,-0.09,-0.05,-0.6,-0.35,2,0.2,0.1,0.15,30,71.99,334,283,1,282,200,62,17,0,3,0,0,51,2,336,203,79,336,93823.2,961.37,129,55,29,23,13,33,0,0,200,62,20,0
420695,35,-0.09,-0.05,-0.6,-0.35,2,0.2,0.1,0.15,30,60.57,334,283,4,279,0,75,35,0,169,0,0,51,2,336,169,110,336,168638.4,1728.86,12,18,10,11,17,211,0,0,0,75,204,0
420696,35,-0.09,-0.05,-0.6,-0.35,2,0.2,0.1,0.15,30,78.29,334,283,2,281,216,0,61,0,4,0,0,51,2,336,220,61,336,137990.37,1414.22,118,39,23,19,6,76,0,0,216,0,65,0
420697,35,-0.09,-0.05,-0.6,-0.35,2,0.2,0.1,0.15,40,72.24,334,283,2,281,201,67,9,2,2,0,0,51,2,336,203,78,336,90494.52,929.47,129,55,29,23,13,13,3,16,201,67,11,2
420698,35,-0.09,-0.05,-0.6,-0.35,2,0.2,0.1,0.15,40,54.15,333,282,5,277,0,85,33,9,35,115,0,51,3,336,150,127,336,156222.16,1601.4,12,18,10,11,17,7,9,193,0,85,68,124
420699,35,-0.09,-0.05,-0.6,-0.35,2,0.2,0.1,0.15,40,79.93,333,282,3,279,219,0,44,12,2,2,0,51,3,336,223,56,336,131747.58,1349.76,118,39,23,19,6,11,1,62,219,0,46,14
420700,35,-0.09,-0.05,-0.6,-0.35,2,0.2,0.1,0.15,50,71.53,334,283,2,281,201,69,0,11,0,0,0,51,2,336,201,80,336,88467.88,909.07,129,55,29,23,13,13,3,16,201,69,0,11
420701,35,-0.09,-0.05,-0.6,-0.35,2,0.2,0.1,0.15,50,53.43,333,282,5,277,0,88,0,41,0,148,0,51,3,336,148,129,336,147686.02,1512.48,12,18,10,11,17,7,9,193,0,88,0,189
420702,35,-0.09,-0.05,-0.6,-0.35,2,0.2,0.1,0.15,50,79.57,333,282,3,279,219,0,0,57,0,3,0,51,3,336,222,57,336,128121.13,1314.67,118,39,23,19,6,11,1,62,219,0,0,60
420703,35,-0.09,-0.05,-0.6,-0.35,2,0.2,0.1,0.15,60,71.53,334,283,2,281,201,69,0,11,0,0,0,51,2,336,201,80,336,88467.88,909.07,129,55,29,23,13,13,3,16,201,69,0,11
420704,35,-0.09,-0.05,-0.6,-0.35,2,0.2,0.1,0.15,60,53.43,333,282,5,277,0,88,0,41,0,148,0,51,3,336,148,129,336,147686.02,1512.48,12,18,10,11,17,7,9,193,0,88,0,189
420705,35,-0.09,-0.05,-0.6,-0.35,2,0.2,0.1,0.15,60,79.57,333,282,3,279,219,0,0,57,0,3,0,51,3,336,222,57,336,128121.13,1314.67,118,39,23,19,6,11,1,62,219,0,0,60
420706,35,-0.09,-0.05,-0.6,-0.35,2,0.2,0.2,0.15,20,67.02,334,283,1,282,109,51,42,0,80,0,0,51,2,336,189,93,336,174910.54,1793.01,36,51,46,149,0,0,0,0,109,51,122,0
420707,35,-0.09,-0.05,-0.6,-0.35,2,0.2,0.2,0.15,20,66.19,334,283,2,281,0,51,44,0,186,0,0,51,2,336,186,95,336,203740.32,2084.56,12,18,10,241,0,0,0,0,0,51,230,0
420708,35,-0.09,-0.05,-0.6,-0.35,2,0.2,0.2,0.15,20,71.99,334,283,1,282,115,0,79,0,88,0,0,51,2,336,203,79,336,211192.64,2162.58,24,34,36,188,0,0,0,0,115,0,167,0
420709,35,-0.09,-0.05,-0.6,-0.35,2,0.2,0.2,0.15,30,62.99,334,283,2,281,130,73,31,0,47,0,0,51,2,336,177,104,336,163695.95,1682.87,36,51,46,27,29,92,0,0,130,73,78,0
420710,35,-0.09,-0.05,-0.6,-0.35,2,0.2,0.2,0.15,30,60.57,334,283,4,279,0,75,35,0,169,0,0,51,2,336,169,110,336,168638.4,1728.86,12,18,10,11,17,211,0,0,0,75,204,0
420711,35,-0.09,-0.05,-0.6,-0.35,2,0.2,0.2,0.15,30,70.36,334,283,3,280,141,0,83,0,56,0,0,51,2,336,197,83,336,221899.96,2279.37,24,34,36,21,16,149,0,0,141,0,139,0
420712,35,-0.09,-0.05,-0.6,-0.35,2,0.2,0.2,0.15,40,58.21,334,283,3,280,139,81,27,9,8,16,0,51,2,336,163,117,336,149897.41,1543.04,36,51,46,27,29,14,12,65,139,81,35,25
420713,35,-0.09,-0.05,-0.6,-0.35,2,0.2,0.2,0.15,40,54.15,333,282,5,277,0,85,33,9,35,115,0,51,3,336,150,127,336,156222.16,1601.4,12,18,10,11,17,7,9,193,0,85,68,124
420714,35,-0.09,-0.05,-0.6,-0.35,2,0.2,0.2,0.15,40,66.19,333,282,4,278,152,0,70,24,10,22,0,51,3,336,184,94,336,202159.96,2076.6,24,34,36,21,16,10,8,129,152,0,80,46
420715,35,-0.09,-0.05,-0.6,-0.35,2,0.2,0.2,0.15,50,58.21,334,283,3,280,139,83,0,34,0,24,0,51,2,336,163,117,336,145703.03,1500.42,36,51,46,27,29,14,12,65,139,83,0,58
420716,35,-0.09,-0.05,-0.6,-0.35,2,0.2,0.2,0.15,50,53.43,333,282,5,277,0,88,0,41,0,148,0,51,3,336,148,129,336,147686.02,1512.48,12,18,10,11,17,7,9,193,0,88,0,189
420717,35,-0.09,-0.05,-0.6,-0.35,2,0.2,0.2,0.15,50,66.19,333,282,4,278,152,0,0,94,0,32,0,51,3,336,184,94,336,193486.53,1990.18,24,34,36,21,16,10,8,129,152,0,0,126
420718,35,-0.09,-0.05,-0.6,-0.35,2,0.2,0.2,0.15,60,58.21,334,283,3,280,139,83,0,34,0,24,0,51,2,336,163,117,336,145703.03,1500.42,36,51,46,27,29,14,12,65,139,83,0,58
420719,35,-0.09,-0.05,-0.6,-0.35,2,0.2,0.2,0.15,60,53.43,333,282,5,277,0,88,0,41,0,148,0,51,3,336,148,129,336,147686.02,1512.48,12,18,10,11,17,7,9,193,0,88,0,189
420720,35,-0.09,-0.05,-0.6,-0.35,2,0.2,0.2,0.15,60,66.19,333,282,4,278,152,0,0,94,0,32,0,51,3,336,184,94,336,193486.53,1990.18,24,34,36,21,16,10,8,129,152,0,0,126
420721,35,-0.09,-0.05,-0.6,-0.3,1,0.1,0.1,0.15,20,72.41,372,321,2,319,209,50,38,0,22,0,0,51,2,374,231,88,374,110486.67,1133.51,140,62,33,84,0,0,0,0,209,50,60,0
420722,35,-0.09,-0.05,-0.6,-0.3,1,0.1,0.1,0.15,20,64.78,372,321,3,318,0,56,56,0,206,0,0,51,2,374,206,112,374,208870.16,2144.53,13,19,11,275,0,0,0,0,0,56,262,0
420723,35,-0.09,-0.05,-0.6,-0.3,1,0.1,0.1,0.15,20,76.18,372,321,2,319,220,0,76,0,23,0,0,51,2,374,243,76,374,137678.58,1410.95,128,46,27,118,0,0,0,0,220,0,99,0
420724,35,-0.09,-0.05,-0.6,-0.3,1,0.1,0.1,0.15,30,72.1,372,321,2,319,224,69,20,0,6,0,0,51,2,374,230,89,374,105722.38,1086.99,140,62,33,24,18,42,0,0,224,69,26,0
420725,35,-0.09,-0.05,-0.6,-0.3,1,0.1,0.1,0.15,30,59.49,372,321,5,316,0,87,41,0,188,0,0,51,2,374,188,128,374,168990.64,1746.89,13,19,11,13,22,238,0,0,0,87,229,0
420726,35,-0.09,-0.05,-0.6,-0.3,1,0.1,0.1,0.15,30,78.3,372,321,3,318,241,0,69,0,8,0,0,51,2,374,249,69,374,154713.7,1590.85,128,46,27,19,8,90,0,0,241,0,77,0
420727,35,-0.09,-0.05,-0.6,-0.3,1,0.1,0.1,0.15,40,72.01,372,321,3,318,226,74,12,3,3,0,0,51,2,374,229,89,374,101806.62,1047.08,140,62,33,24,18,16,4,21,226,74,15,3
420728,35,-0.09,-0.05,-0.6,-0.3,1,0.1,0.1,0.15,40,52.87,371,320,6,314,0,99,39,10,40,126,0,51,3,374,166,148,374,152452.3,1564.8,13,19,11,13,22,9,10,217,0,99,79,136
420729,35,-0.09,-0.05,-0.6,-0.3,1,0.1,0.1,0.15,40,79.43,371,320,4,316,246,0,51,14,3,2,0,51,3,374,251,65,374,147917.93,1518.17,128,46,27,19,8,13,3,72,246,0,54,16
420730,35,-0.09,-0.05,-0.6,-0.3,1,0.1,0.1,0.15,50,71.38,372,321,3,318,226,76,0,15,0,1,0,51,2,374,227,91,374,99686.48,1026.06,140,62,33,24,18,16,4,21,226,76,0,16
420731,35,-0.09,-0.05,-0.6,-0.3,1,0.1,0.1,0.15,50,52.23,371,320,6,314,0,102,0,48,0,164,0,51,3,374,164,150,374,143546.62,1472.24,13,19,11,13,22,9,10,217,0,102,0,212
420732,35,-0.09,-0.05,-0.6,-0.3,1,0.1,0.1,0.15,50,79.11,371,320,4,316,246,0,0,66,0,4,0,51,3,374,250,66,374,144284.63,1482.75,128,46,27,19,8,13,3,72,246,0,0,70
420733,35,-0.09,-0.05,-0.6,-0.3,1,0.1,0.1,0.15,60,71.38,372,321,3,318,226,76,0,15,0,1,0,51,2,374,227,91,374,99686.48,1026.06,140,62,33,24,18,16,4,21,226,76,0,16
420734,35,-0.09,-0.05,-0.6,-0.3,1,0.1,0.1,0.15,60,52.23,371,320,6,314,0,102,0,48,0,164,0,51,3,374,164,150,374,143546.62,1472.24,13,19,11,13,22,9,10,217,0,102,0,212
420735,35,-0.09,-0.05,-0.6,-0.3,1,0.1,0.1,0.15,60,79.11,371,320,4,316,246,0,0,66,0,4,0,51,3,374,250,66,374,144284.63,1482.75,128,46,27,19,8,13,3,72,246,0,0,70
420736,35,-0.09,-0.05,-0.6,-0.3,1,0.1,0.2,0.15,20,65.52,372,321,2,319,117,56,54,0,92,0,0,51,2,374,209,110,374,183058.65,1881.63,38,53,52,176,0,0,0,0,117,56,146,0
420737,35,-0.09,-0.05,-0.6,-0.3,1,0.1,0.2,0.15,20,64.78,372,321,3,318,0,56,56,0,206,0,0,51,2,374,206,112,374,208870.16,2144.53,13,19,11,275,0,0,0,0,0,56,262,0
420738,35,-0.09,-0.05,-0.6,-0.3,1,0.1,0.2,0.15,20,69.91,372,321,2,319,123,0,96,0,100,0,0,51,2,374,223,96,374,215311.51,2210.99,25,35,41,218,0,0,0,0,123,0,196,0
420739,35,-0.09,-0.05,-0.6,-0.3,1,0.1,0.2,0.15,30,61.95,372,321,3,318,140,85,36,0,57,0,0,51,2,374,197,121,374,170178.75,1759.99,38,53,52,30,35,110,0,0,140,85,93,0
420740,35,-0.09,-0.05,-0.6,-0.3,1,0.1,0.2,0.15,30,59.49,372,321,5,316,0,87,41,0,188,0,0,51,2,374,188,128,374,168990.64,1746.89,13,19,11,13,22,238,0,0,0,87,229,0
420741,35,-0.09,-0.05,-0.6,-0.3,1,0.1,0.2,0.15,30,69.4,372,321,4,317,152,0,97,0,68,0,0,51,2,374,220,97,374,231776.98,2393.69,25,35,41,22,17,177,0,0,152,0,165,0
420742,35,-0.09,-0.05,-0.6,-0.3,1,0.1,0.2,0.15,40,57.41,372,321,4,317,153,94,31,10,11,18,0,51,2,374,182,135,374,157608.97,1631.94,38,53,52,30,35,17,15,77,153,94,42,28
420743,35,-0.09,-0.05,-0.6,-0.3,1,0.1,0.2,0.15,40,52.87,371,320,6,314,0,99,39,10,40,126,0,51,3,374,166,148,374,152452.3,1564.8,13,19,11,13,22,9,10,217,0,99,79,136
420744,35,-0.09,-0.05,-0.6,-0.3,1,0.1,0.2,0.15,40,65.08,371,320,5,315,167,0,82,28,13,25,0,51,3,374,205,110,374,213255.82,2198.42,25,35,41,22,17,12,12,151,167,0,95,53
420745,35,-0.09,-0.05,-0.6,-0.3,1,0.1,0.2,0.15,50,57.41,372,321,4,317,153,96,0,39,0,29,0,51,2,374,182,135,374,153151.89,1586.87,38,53,52,30,35,17,15,77,153,96,0,68
420746,35,-0.09,-0.05,-0.6,-0.3,1,0.1,0.2,0.15,50,52.23,371,320,6,314,0,102,0,48,0,164,0,51,3,374,164,150,374,143546.62,1472.24,13,19,11,13,22,9,10,217,0,102,0,212
420747,35,-0.09,-0.05,-0.6,-0.3,1,0.1,0.2,0.15,50,65.08,371,320,5,315,167,0,0,110,0,38,0,51,3,374,205,110,374,203504.5,2099.98,25,35,41,22,17,12,12,151,167,0,0,148
420748,35,-0.09,-0.05,-0.6,-0.3,1,0.1,0.2,0.15,60,57.41,372,321,4,317,153,96,0,39,0,29,0,51,2,374,182,135,374,153151.89,1586.87,38,53,52,30,35,17,15,77,153,96,0,68
420749,35,-0.09,-0.05,-0.6,-0.3,1,0.1,0.2,0.15,60,52.23,371,320,6,314,0,102,0,48,0,164,0,51,3,374,164,150,374,143546.62,1472.24,13,19,11,13,22,9,10,217,0,102,0,212
420750,35,-0.09,-0.05,-0.6,-0.3,1,0.1,0.2,0.15,60,65.08,371,320,5,315,167,0,0,110,0,38,0,51,3,374,205,110,374,203504.5,2099.98,25,35,41,22,17,12,12,151,167,0,0,148
420751,35,-0.09,-0.05,-0.6,-0.3,1,0.2,0.1,0.15,20,72.41,372,321,2,319,209,50,38,0,22,0,0,51,2,374,231,88,374,110486.67,1133.51,140,62,33,84,0,0,0,0,209,50,60,0
420752,35,-0.09,-0.05,-0.6,-0.3,1,0.2,0.1,0.15,20,64.78,372,321,3,318,0,56,56,0,206,0,0,51,2,374,206,112,374,208870.16,2144.53,13,19,11,275,0,0,0,0,0,56,262,0
420753,35,-0.09,-0.05,-0.6,-0.3,1,0.2,0.1,0.15,20,76.18,372,321,2,319,220,0,76,0,23,0,0,51,2,374,243,76,374,137678.58,1410.95,128,46,27,118,0,0,0,0,220,0,99,0
420754,35,-0.09,-0.05,-0.6,-0.3,1,0.2,0.1,0.15,30,72.1,372,321,2,319,224,69,20,0,6,0,0,51,2,374,230,89,374,105722.38,1086.99,140,62,33,24,18,42,0,0,224,69,26,0
420755,35,-0.09,-0.05,-0.6,-0.3,1,0.2,0.1,0.15,30,59.49,372,321,5,316,0,87,41,0,188,0,0,51,2,374,188,128,374,168990.64,1746.89,13,19,11,13,22,238,0,0,0,87,229,0
420756,35,-0.09,-0.05,-0.6,-0.3,1,0.2,0.1,0.15,30,78.3,372,321,3,318,241,0,69,0,8,0,0,51,2,374,249,69,374,154713.7,1590.85,128,46,27,19,8,90,0,0,241,0,77,0
420757,35,-0.09,-0.05,-0.6,-0.3,1,0.2,0.1,0.15,40,72.01,372,321,3,318,226,74,12,3,3,0,0,51,2,374,229,89,374,101806.62,1047.08,140,62,33,24,18,16,4,21,226,74,15,3
420758,35,-0.09,-0.05,-0.6,-0.3,1,0.2,0.1,0.15,40,52.87,371,320,6,314,0,99,39,10,40,126,0,51,3,374,166,148,374,152452.3,1564.8,13,19,11,13,22,9,10,217,0,99,79,136
420759,35,-0.09,-0.05,-0.6,-0.3,1,0.2,0.1,0.15,40,79.43,371,320,4,316,246,0,51,14,3,2,0,51,3,374,251,65,374,147917.93,1518.17,128,46,27,19,8,13,3,72,246,0,54,16
420760,35,-0.09,-0.05,-0.6,-0.3,1,0.2,0.1,0.15,50,71.38,372,321,3,318,226,76,0,15,0,1,0,51,2,374,227,91,374,99686.48,1026.06,140,62,33,24,18,16,4,21,226,76,0,16
420761,35,-0.09,-0.05,-0.6,-0.3,1,0.2,0.1,0.15,50,52.23,371,320,6,314,0,102,0,48,0,164,0,51,3,374,164,150,374,143546.62,1472.24,13,19,11,13,22,9,10,217,0,102,0,212
420762,35,-0.09,-0.05,-0.6,-0.3,1,0.2,0.1,0.15,50,79.11,371,320,4,316,246,0,0,66,0,4,0,51,3,374,250,66,374,144284.63,1482.75,128,46,27,19,8,13,3,72,246,0,0,70
420763,35,-0.09,-0.05,-0.6,-0.3,1,0.2,0.1,0.15,60,71.38,372,321,3,318,226,76,0,15,0,1,0,51,2,374,227,91,374,99686.48,1026.06,140,62,33,24,18,16,4,21,226,76,0,16
420764,35,-0.09,-0.05,-0.6,-0.3,1,0.2,0.1,0.15,60,52.23,371,320,6,314,0,102,0,48,0,164,0,51,3,374,164,150,374,143546.62,1472.24,13,19,11,13,22,9,10,217,0,102,0,212
420765,35,-0.09,-0.05,-0.6,-0.3,1,0.2,0.1,0.15,60,79.11,371,320,4,316,246,0,0,66,0,4,0,51,3,374,250,66,374,144284.63,1482.75,128,46,27,19,8,13,3,72,246,0,0,70
420766,35,-0.09,-0.05,-0.6,-0.3,1,0.2,0.2,0.15,20,65.52,372,321,2,319,117,56,54,0,92,0,0,51,2,374,209,110,374,183058.65,1881.63,38,53,52,176,0,0,0,0,117,56,146,0
420767,35,-0.09,-0.05,-0.6,-0.3,1,0.2,0.2,0.15,20,64.78,372,321,3,318,0,56,56,0,206,0,0,51,2,374,206,112,374,208870.16,2144.53,13,19,11,275,0,0,0,0,0,56,262,0
420768,35,-0.09,-0.05,-0.6,-0.3,1,0.2,0.2,0.15,20,69.91,372,321,2,319,123,0,96,0,100,0,0,51,2,374,223,96,374,215311.51,2210.99,25,35,41,218,0,0,0,0,123,0,196,0
420769,35,-0.09,-0.05,-0.6,-0.3,1,0.2,0.2,0.15,30,61.95,372,321,3,318,140,85,36,0,57,0,0,51,2,374,197,121,374,170178.75,1759.99,38,53,52,30,35,110,0,0,140,85,93,0
420770,35,-0.09,-0.05,-0.6,-0.3,1,0.2,0.2,0.15,30,59.49,372,321,5,316,0,87,41,0,188,0,0,51,2,374,188,128,374,168990.64,1746.89,13,19,11,13,22,238,0,0,0,87,229,0
420771,35,-0.09,-0.05,-0.6,-0.3,1,0.2,0.2,0.15,30,69.4,372,321,4,317,152,0,97,0,68,0,0,51,2,374,220,97,374,231776.98,2393.69,25,35,41,22,17,177,0,0,152,0,165,0
420772,35,-0.09,-0.05,-0.6,-0.3,1,0.2,0.2,0.15,40,57.41,372,321,4,317,153,94,31,10,11,18,0,51,2,374,182,135,374,157608.97,1631.94,38,53,52,30,35,17,15,77,153,94,42,28
420773,35,-0.09,-0.05,-0.6,-0.3,1,0.2,0.2,0.15,40,52.87,371,320,6,314,0,99,39,10,40,126,0,51,3,374,166,148,374,152452.3,1564.8,13,19,11,13,22,9,10,217,0,99,79,136
420774,35,-0.09,-0.05,-0.6,-0.3,1,0.2,0.2,0.15,40,65.08,371,320,5,315,167,0,82,28,13,25,0,51,3,374,205,110,374,213255.82,2198.42,25,35,41,22,17,12,12,151,167,0,95,53
420775,35,-0.09,-0.05,-0.6,-0.3,1,0.2,0.2,0.15,50,57.41,372,321,4,317,153,96,0,39,0,29,0,51,2,374,182,135,374,153151.89,1586.87,38,53,52,30,35,17,15,77,153,96,0,68
420776,35,-0.09,-0.05,-0.6,-0.3,1,0.2,0.2,0.15,50,52.23,371,320,6,314,0,102,0,48,0,164,0,51,3,374,164,150,374,143546.62,1472.24,13,19,11,13,22,9,10,217,0,102,0,212
420777,35,-0.09,-0.05,-0.6,-0.3,1,0.2,0.2,0.15,50,65.08,371,320,5,315,167,0,0,110,0,38,0,51,3,374,205,110,374,203504.5,2099.98,25,35,41,22,17,12,12,151,167,0,0,148
420778,35,-0.09,-0.05,-0.6,-0.3,1,0.2,0.2,0.15,60,57.41,372,321,4,317,153,96,0,39,0,29,0,51,2,374,182,135,374,153151.89,1586.87,38,53,52,30,35,17,15,77,153,96,0,68
420779,35,-0.09,-0.05,-0.6,-0.3,1,0.2,0.2,0.15,60,52.23,371,320,6,314,0,102,0,48,0,164,0,51,3,374,164,150,374,143546.62,1472.24,13,19,11,13,22,9,10,217,0,102,0,212
420780,35,-0.09,-0.05,-0.6,-0.3,1,0.2,0.2,0.15,60,65.08,371,320,5,315,167,0,0,110,0,38,0,51,3,374,205,110,374,203504.5,2099.98,25,35,41,22,17,12,12,151,167,0,0,148
420781,35,-0.09,-0.05,-0.6,-0.3,2,0.1,0.1,0.15,20,74.92,372,321,2,319,218,50,30,0,21,0,0,51,2,374,239,80,374,124293.12,1510.54,143,64,38,74,0,0,0,0,218,50,51,0
420782,35,-0.09,-0.05,-0.6,-0.3,2,0.1,0.1,0.15,20,67.3,372,321,3,318,0,56,48,0,214,0,0,51,2,374,214,104,374,241849.66,2611.32,13,19,11,275,0,0,0,0,0,56,262,0
420783,35,-0.09,-0.05,-0.6,-0.3,2,0.1,0.1,0.15,20,80.25,372,321,2,319,231,0,63,0,25,0,0,51,2,374,256,63,374,162547.01,1796.82,131,50,34,104,0,0,0,0,231,0,88,0
420784,35,-0.09,-0.05,-0.6,-0.3,2,0.1,0.1,0.15,30,74.29,372,321,2,319,231,66,16,0,6,0,0,51,2,374,237,82,374,120632.36,1518.8,143,64,38,23,18,33,0,0,231,66,22,0
420785,35,-0.09,-0.05,-0.6,-0.3,2,0.1,0.1,0.15,30,59.81,372,321,5,316,0,87,40,0,189,0,0,51,2,374,189,127,374,197003.12,2315.85,13,19,11,13,22,238,0,0,0,87,229,0
420786,35,-0.09,-0.05,-0.6,-0.3,2,0.1,0.1,0.15,30,84.59,372,321,3,318,255,0,49,0,14,0,0,51,2,374,269,49,374,199595.4,2030.95,131,50,34,16,13,74,0,0,255,0,63,0
420787,35,-0.09,-0.05,-0.6,-0.3,2,0.1,0.1,0.15,40,74.53,372,321,3,318,233,69,10,2,3,1,0,51,2,374,237,81,374,116829.27,1499.44,143,64,38,23,18,11,3,18,233,69,13,3
420788,35,-0.09,-0.05,-0.6,-0.3,2,0.1,0.1,0.15,40,54.78,371,320,6,314,0,99,36,7,43,129,0,51,3,374,172,142,374,172143.5,2164.41,13,19,11,13,22,9,10,217,0,99,79,136
420789,35,-0.09,-0.05,-0.6,-0.3,2,0.1,0.1,0.15,40,85.44,371,320,4,316,261,0,37,9,4,5,0,51,3,374,270,46,374,198552.2,2022.99,131,50,34,16,13,11,5,56,261,0,41,14
420790,35,-0.09,-0.05,-0.6,-0.3,2,0.1,0.1,0.15,50,73.9,372,321,3,318,233,71,0,12,0,2,0,51,2,374,235,83,374,113888.42,1483.39,143,64,38,23,18,11,3,18,233,71,0,14
420791,35,-0.09,-0.05,-0.6,-0.3,2,0.1,0.1,0.15,50,54.14,371,320,6,314,0,102,0,42,0,170,0,51,3,374,170,144,374,161294.69,2080.84,13,19,11,13,22,9,10,217,0,102,0,212
420792,35,-0.09,-0.05,-0.6,-0.3,2,0.1,0.1,0.15,50,84.81,371,320,4,316,261,0,0,48,0,7,0,51,3,374,268,48,374,192255.99,1988.9,131,50,34,16,13,11,5,56,261,0,0,55
420793,35,-0.09,-0.05,-0.6,-0.3,2,0.1,0.1,0.15,60,73.9,372,321,3,318,233,71,0,12,0,2,0,51,2,374,235,83,374,113888.42,1483.39,143,64,38,23,18,11,3,18,233,71,0,14
420794,35,-0.09,-0.05,-0.6,-0.3,2,0.1,0.1,0.15,60,54.14,371,320,6,314,0,102,0,42,0,170,0,51,3,374,170,144,374,161294.69,2080.84,13,19,11,13,22,9,10,217,0,102,0,212
420795,35,-0.09,-0.05,-0.6,-0.3,2,0.1,0.1,0.15,60,84.81,371,320,4,316,261,0,0,48,0,7,0,51,3,374,268,48,374,192255.99,1988.9,131,50,34,16,13,11,5,56,261,0,0,55
420796,35,-0.09,-0.05,-0.6,-0.3,2,0.1,0.2,0.15,20,68.03,372,321,2,319,122,56,46,0,95,0,0,51,2,374,217,102,374,210929.55,2335.7,38,57,51,173,0,0,0,0,122,56,141,0
420797,35,-0.09,-0.05,-0.6,-0.3,2,0.1,0.2,0.15,20,67.3,372,321,3,318,0,56,48,0,214,0,0,51,2,374,214,104,374,241849.66,2611.32,13,19,11,275,0,0,0,0,0,56,262,0
420798,35,-0.09,-0.05,-0.6,-0.3,2,0.1,0.2,0.15,20,74.29,372,321,2,319,129,0,82,0,108,0,0,51,2,374,237,82,374,262911.14,2714.88,25,39,42,213,0,0,0,0,129,0,190,0
420799,35,-0.09,-0.05,-0.6,-0.3,2,0.1,0.2,0.15,30,62.26,372,321,3,318,147,85,35,0,51,0,0,51,2,374,198,120,374,198386.11,2308.04,38,57,51,32,35,105,0,0,147,85,86,0
420800,35,-0.09,-0.05,-0.6,-0.3,2,0.1,0.2,0.15,30,59.81,372,321,5,316,0,87,40,0,189,0,0,51,2,374,189,127,374,197003.12,2315.85,13,19,11,13,22,238,0,0,0,87,229,0
420801,35,-0.09,-0.05,-0.6,-0.3,2,0.1,0.2,0.15,30,74.76,372,321,4,317,163,0,80,0,74,0,0,51,2,374,237,80,374,308845.27,3029.86,25,39,42,23,19,169,0,0,163,0,154,0
420802,35,-0.09,-0.05,-0.6,-0.3,2,0.1,0.2,0.15,40,59.62,372,321,4,317,161,94,27,7,13,15,0,51,2,374,189,128,374,179215.73,2205.29,38,57,51,32,35,19,16,69,161,94,40,22
420803,35,-0.09,-0.05,-0.6,-0.3,2,0.1,0.2,0.15,40,54.78,371,320,6,314,0,99,36,7,43,129,0,51,3,374,172,142,374,172143.5,2164.41,13,19,11,13,22,9,10,217,0,99,79,136
420804,35,-0.09,-0.05,-0.6,-0.3,2,0.1,0.2,0.15,40,70.79,371,320,5,315,181,0,72,20,19,23,0,51,3,374,223,92,374,277935.55,2861.41,25,39,42,23,19,15,13,139,181,0,91,43
420805,35,-0.09,-0.05,-0.6,-0.3,2,0.1,0.2,0.15,50,59.62,372,321,4,317,161,96,0,32,0,28,0,51,2,374,189,128,374,174821.46,2173.53,38,57,51,32,35,19,16,69,161,96,0,60
420806,35,-0.09,-0.05,-0.6,-0.3,2,0.1,0.2,0.15,50,54.14,371,320,6,314,0,102,0,42,0,170,0,51,3,374,170,144,374,161294.69,2080.84,13,19,11,13,22,9,10,217,0,102,0,212
420807,35,-0.09,-0.05,-0.6,-0.3,2,0.1,0.2,0.15,50,71.11,371,320,5,315,181,0,0,91,0,43,0,51,3,374,224,91,374,264608.55,2784.61,25,39,42,23,19,15,13,139,181,0,0,134
420808,35,-0.09,-0.05,-0.6,-0.3,2,0.1,0.2,0.15,60,59.62,372,321,4,317,161,96,0,32,0,28,0,51,2,374,189,128,374,174821.46,2173.53,38,57,51,32,35,19,16,69,161,96,0,60
420809,35,-0.09,-0.05,-0.6,-0.3,2,0.1,0.2,0.15,60,54.14,371,320,6,314,0,102,0,42,0,170,0,51,3,374,170,144,374,161294.69,2080.84,13,19,11,13,22,9,10,217,0,102,0,212
420810,35,-0.09,-0.05,-0.6,-0.3,2,0.1,0.2,0.15,60,71.11,371,320,5,315,181,0,0,91,0,43,0,51,3,374,224,91,374,264608.55,2784.61,25,39,42,23,19,15,13,139,181,0,0,134
420811,35,-0.09,-0.05,-0.6,-0.3,2,0.2,0.1,0.15,20,72.41,372,321,2,319,209,50,38,0,22,0,0,51,2,374,231,88,374,110486.67,1133.51,140,62,33,84,0,0,0,0,209,50,60,0
420812,35,-0.09,-0.05,-0.6,-0.3,2,0.2,0.1,0.15,20,64.78,372,321,3,318,0,56,56,0,206,0,0,51,2,374,206,112,374,208870.16,2144.53,13,19,11,275,0,0,0,0,0,56,262,0
420813,35,-0.09,-0.05,-0.6,-0.3,2,0.2,0.1,0.15,20,76.18,372,321,2,319,220,0,76,0,23,0,0,51,2,374,243,76,374,137678.58,1410.95,128,46,27,118,0,0,0,0,220,0,99,0
420814,35,-0.09,-0.05,-0.6,-0.3,2,0.2,0.1,0.15,30,72.1,372,321,2,319,224,69,20,0,6,0,0,51,2,374,230,89,374,105722.38,1086.99,140,62,33,24,18,42,0,0,224,69,26,0
420815,35,-0.09,-0.05,-0.6,-0.3,2,0.2,0.1,0.15,30,59.49,372,321,5,316,0,87,41,0,188,0,0,51,2,374,188,128,374,168990.64,1746.89,13,19,11,13,22,238,0,0,0,87,229,0
420816,35,-0.09,-0.05,-0.6,-0.3,2,0.2,0.1,0.15,30,78.3,372,321,3,318,241,0,69,0,8,0,0,51,2,374,249,69,374,154713.7,1590.85,128,46,27,19,8,90,0,0,241,0,77,0
420817,35,-0.09,-0.05,-0.6,-0.3,2,0.2,0.1,0.15,40,72.01,372,321,3,318,226,74,12,3,3,0,0,51,2,374,229,89,374,101806.62,1047.08,140,62,33,24,18,16,4,21,226,74,15,3
420818,35,-0.09,-0.05,-0.6,-0.3,2,0.2,0.1,0.15,40,52.87,371,320,6,314,0,99,39,10,40,126,0,51,3,374,166,148,374,152452.3,1564.8,13,19,11,13,22,9,10,217,0,99,79,136
420819,35,-0.09,-0.05,-0.6,-0.3,2,0.2,0.1,0.15,40,79.43,371,320,4,316,246,0,51,14,3,2,0,51,3,374,251,65,374,147917.93,1518.17,128,46,27,19,8,13,3,72,246,0,54,16
420820,35,-0.09,-0.05,-0.6,-0.3,2,0.2,0.1,0.15,50,71.38,372,321,3,318,226,76,0,15,0,1,0,51,2,374,227,91,374,99686.48,1026.06,140,62,33,24,18,16,4,21,226,76,0,16
420821,35,-0.09,-0.05,-0.6,-0.3,2,0.2,0.1,0.15,50,52.23,371,320,6,314,0,102,0,48,0,164,0,51,3,374,164,150,374,143546.62,1472.24,13,19,11,13,22,9,10,217,0,102,0,212
420822,35,-0.09,-0.05,-0.6,-0.3,2,0.2,0.1,0.15,50,79.11,371,320,4,316,246,0,0,66,0,4,0,51,3,374,250,66,374,144284.63,1482.75,128,46,27,19,8,13,3,72,246,0,0,70
420823,35,-0.09,-0.05,-0.6,-0.3,2,0.2,0.1,0.15,60,71.38,372,321,3,318,226,76,0,15,0,1,0,51,2,374,227,91,374,99686.48,1026.06,140,62,33,24,18,16,4,21,226,76,0,16
420824,35,-0.09,-0.05,-0.6,-0.3,2,0.2,0.1,0.15,60,52.23,371,320,6,314,0,102,0,48,0,164,0,51,3,374,164,150,374,143546.62,1472.24,13,19,11,13,22,9,10,217,0,102,0,212
420825,35,-0.09,-0.05,-0.6,-0.3,2,0.2,0.1,0.15,60,79.11,371,320,4,316,246,0,0,66,0,4,0,51,3,374,250,66,374,144284.63,1482.75,128,46,27,19,8,13,3,72,246,0,0,70
420826,35,-0.09,-0.05,-0.6,-0.3,2,0.2,0.2,0.15,20,65.52,372,321,2,319,117,56,54,0,92,0,0,51,2,374,209,110,374,183058.65,1881.63,38,53,52,176,0,0,0,0,117,56,146,0
420827,35,-0.09,-0.05,-0.6,-0.3,2,0.2,0.2,0.15,20,64.78,372,321,3,318,0,56,56,0,206,0,0,51,2,374,206,112,374,208870.16,2144.53,13,19,11,275,0,0,0,0,0,56,262,0
420828,35,-0.09,-0.05,-0.6,-0.3,2,0.2,0.2,0.15,20,69.91,372,321,2,319,123,0,96,0,100,0,0,51,2,374,223,96,374,215311.51,2210.99,25,35,41,218,0,0,0,0,123,0,196,0
420829,35,-0.09,-0.05,-0.6,-0.3,2,0.2,0.2,0.15,30,61.95,372,321,3,318,140,85,36,0,57,0,0,51,2,374,197,121,374,170178.75,1759.99,38,53,52,30,35,110,0,0,140,85,93,0
420830,35,-0.09,-0.05,-0.6,-0.3,2,0.2,0.2,0.15,30,59.49,372,321,5,316,0,87,41,0,188,0,0,51,2,374,188,128,374,168990.64,1746.89,13,19,11,13,22,238,0,0,0,87,229,0
420831,35,-0.09,-0.05,-0.6,-0.3,2,0.2,0.2,0.15,30,69.4,372,321,4,317,152,0,97,0,68,0,0,51,2,374,220,97,374,231776.98,2393.69,25,35,41,22,17,177,0,0,152,0,165,0
420832,35,-0.09,-0.05,-0.6,-0.3,2,0.2,0.2,0.15,40,57.41,372,321,4,317,153,94,31,10,11,18,0,51,2,374,182,135,374,157608.97,1631.94,38,53,52,30,35,17,15,77,153,94,42,28
420833,35,-0.09,-0.05,-0.6,-0.3,2,0.2,0.2,0.15,40,52.87,371,320,6,314,0,99,39,10,40,126,0,51,3,374,166,148,374,152452.3,1564.8,13,19,11,13,22,9,10,217,0,99,79,136
420834,35,-0.09,-0.05,-0.6,-0.3,2,0.2,0.2,0.15,40,65.08,371,320,5,315,167,0,82,28,13,25,0,51,3,374,205,110,374,213255.82,2198.42,25,35,41,22,17,12,12,151,167,0,95,53
420835,35,-0.09,-0.05,-0.6,-0.3,2,0.2,0.2,0.15,50,57.41,372,321,4,317,153,96,0,39,0,29,0,51,2,374,182,135,374,153151.89,1586.87,38,53,52,30,35,17,15,77,153,96,0,68
420836,35,-0.09,-0.05,-0.6,-0.3,2,0.2,0.2,0.15,50,52.23,371,320,6,314,0,102,0,48,0,164,0,51,3,374,164,150,374,143546.62,1472.24,13,19,11,13,22,9,10,217,0,102,0,212
420837,35,-0.09,-0.05,-0.6,-0.3,2,0.2,0.2,0.15,50,65.08,371,320,5,315,167,0,0,110,0,38,0,51,3,374,205,110,374,203504.5,2099.98,25,35,41,22,17,12,12,151,167,0,0,148
420838,35,-0.09,-0.05,-0.6,-0.3,2,0.2,0.2,0.15,60,57.41,372,321,4,317,153,96,0,39,0,29,0,51,2,374,182,135,374,153151.89,1586.87,38,53,52,30,35,17,15,77,153,96,0,68
420839,35,-0.09,-0.05,-0.6,-0.3,2,0.2,0.2,0.15,60,52.23,371,320,6,314,0,102,0,48,0,164,0,51,3,374,164,150,374,143546.62,1472.24,13,19,11,13,22,9,10,217,0,102,0,212
420840,35,-0.09,-0.05,-0.6,-0.3,2,0.2,0.2,0.15,60,65.08,371,320,5,315,167,0,0,110,0,38,0,51,3,374,205,110,374,203504.5,2099.98,25,35,41,22,17,12,12,151,167,0,0,148
420841,35,-0.09,-0.05,-0.6,-0.25,1,0.1,0.1,0.15,20,70.77,406,352,3,349,221,55,47,0,26,0,0,54,4,410,247,102,410,110074.95,1127.77,148,66,34,101,0,0,0,0,221,55,73,0
420842,35,-0.09,-0.05,-0.6,-0.25,1,0.1,0.1,0.15,20,63.79,406,352,4,348,0,61,65,0,222,0,0,54,4,410,222,126,410,205832.22,2112.5,14,20,11,303,0,0,0,0,0,61,287,0
420843,35,-0.09,-0.05,-0.6,-0.25,1,0.1,0.1,0.15,20,74.21,406,352,3,349,232,0,90,0,27,0,0,54,4,410,259,90,410,137238.59,1404.82,135,49,28,137,0,0,0,0,232,0,117,0
420844,35,-0.09,-0.05,-0.6,-0.25,1,0.1,0.1,0.15,30,70.49,406,352,3,349,239,76,27,0,7,0,0,54,4,410,246,103,410,106251.49,1090.73,148,66,34,28,22,51,0,0,239,76,34,0
420845,35,-0.09,-0.05,-0.6,-0.25,1,0.1,0.1,0.15,30,57.23,406,352,6,346,0,95,53,0,198,0,0,54,4,410,198,148,410,162702.23,1681.8,14,20,11,16,25,260,0,0,0,95,251,0
420846,35,-0.09,-0.05,-0.6,-0.25,1,0.1,0.1,0.15,30,76.15,406,352,4,348,256,0,83,0,9,0,0,54,4,410,265,83,410,153321.2,1575.0,135,49,28,20,10,106,0,0,256,0,92,0
420847,35,-0.09,-0.05,-0.6,-0.25,1,0.1,0.1,0.15,40,70.11,406,352,4,348,241,83,16,5,3,0,0,54,4,410,244,104,410,100357.79,1030.28,148,66,34,28,22,17,5,28,241,83,19,5
420848,35,-0.09,-0.05,-0.6,-0.25,1,0.1,0.1,0.15,40,51.16,405,351,7,344,0,109,47,12,43,133,0,54,5,410,176,168,410,140064.1,1436.7,14,20,11,16,25,9,11,238,0,109,90,145
420849,35,-0.09,-0.05,-0.6,-0.25,1,0.1,0.1,0.15,40,76.88,405,351,5,346,261,0,62,18,3,2,0,54,5,410,266,80,410,143160.54,1466.83,135,49,28,20,10,14,3,87,261,0,65,20
420850,35,-0.09,-0.05,-0.6,-0.25,1,0.1,0.1,0.15,50,69.54,406,352,4,348,241,85,0,21,0,1,0,54,4,410,242,106,410,98578.16,1012.68,148,66,34,28,22,17,5,28,241,85,0,22
420851,35,-0.09,-0.05,-0.6,-0.25,1,0.1,0.1,0.15,50,50.29,405,351,7,344,0,113,0,58,0,173,0,54,5,410,173,171,410,130010.87,1331.96,14,20,11,16,25,9,11,238,0,113,0,231
420852,35,-0.09,-0.05,-0.6,-0.25,1,0.1,0.1,0.15,50,76.59,405,351,5,346,261,0,0,81,0,4,0,54,5,410,265,81,410,138908.92,1424.82,135,49,28,20,10,14,3,87,261,0,0,85
420853,35,-0.09,-0.05,-0.6,-0.25,1,0.1,0.1,0.15,60,69.54,406,352,4,348,241,85,0,21,0,1,0,54,4,410,242,106,410,98578.16,1012.68,148,66,34,28,22,17,5,28,241,85,0,22
420854,35,-0.09,-0.05,-0.6,-0.25,1,0.1,0.1,0.15,60,50.29,405,351,7,344,0,113,0,58,0,173,0,54,5,410,173,171,410,130010.87,1331.96,14,20,11,16,25,9,11,238,0,113,0,231
420855,35,-0.09,-0.05,-0.6,-0.25,1,0.1,0.1,0.15,60,76.59,405,351,5,346,261,0,0,81,0,4,0,54,5,410,265,81,410,138908.92,1424.82,135,49,28,20,10,14,3,87,261,0,0,85
420856,35,-0.09,-0.05,-0.6,-0.25,1,0.1,0.2,0.15,20,64.47,406,352,3,349,118,61,63,0,107,0,0,54,4,410,225,124,410,180785.32,1857.29,40,54,52,203,0,0,0,0,118,61,170,0
420857,35,-0.09,-0.05,-0.6,-0.25,1,0.1,0.2,0.15,20,63.79,406,352,4,348,0,61,65,0,222,0,0,54,4,410,222,126,410,205832.22,2112.5,14,20,11,303,0,0,0,0,0,61,287,0
420858,35,-0.09,-0.05,-0.6,-0.25,1,0.1,0.2,0.15,20,68.48,406,352,3,349,124,0,110,0,115,0,0,54,4,410,239,110,410,213009.91,2186.26,26,35,41,247,0,0,0,0,124,0,225,0
420859,35,-0.09,-0.05,-0.6,-0.25,1,0.1,0.2,0.15,30,60.06,406,352,4,348,145,93,46,0,64,0,0,54,4,410,209,139,410,169133.12,1748.06,40,54,52,33,39,130,0,0,145,93,110,0
420860,35,-0.09,-0.05,-0.6,-0.25,1,0.1,0.2,0.15,30,57.23,406,352,6,346,0,95,53,0,198,0,0,54,4,410,198,148,410,162702.23,1681.8,14,20,11,16,25,260,0,0,0,95,251,0
420861,35,-0.09,-0.05,-0.6,-0.25,1,0.1,0.2,0.15,30,67.15,406,352,5,347,157,0,114,0,76,0,0,54,4,410,233,114,410,231776.41,2391.85,26,35,41,22,18,205,0,0,157,0,190,0
420862,35,-0.09,-0.05,-0.6,-0.25,1,0.1,0.2,0.15,40,55.62,406,352,5,347,158,104,38,12,12,23,0,54,4,410,193,154,410,152463.02,1578.01,40,54,52,33,39,20,16,93,158,104,50,35
420863,35,-0.09,-0.05,-0.6,-0.25,1,0.1,0.2,0.15,40,51.16,405,351,7,344,0,109,47,12,43,133,0,54,5,410,176,168,410,140064.1,1436.7,14,20,11,16,25,9,11,238,0,109,90,145
420864,35,-0.09,-0.05,-0.6,-0.25,1,0.1,0.2,0.15,40,62.9,405,351,6,345,172,0,96,32,14,31,0,54,5,410,217,128,410,207070.64,2132.65,26,35,41,22,18,15,12,176,172,0,110,63
420865,35,-0.09,-0.05,-0.6,-0.25,1,0.1,0.2,0.15,50,55.33,406,352,5,347,158,106,0,49,0,34,0,54,4,410,192,155,410,147091.73,1523.1,40,54,52,33,39,20,16,93,158,106,0,83
420866,35,-0.09,-0.05,-0.6,-0.25,1,0.1,0.2,0.15,50,50.29,405,351,7,344,0,113,0,58,0,173,0,54,5,410,173,171,410,130010.87,1331.96,14,20,11,16,25,9,11,238,0,113,0,231
420867,35,-0.09,-0.05,-0.6,-0.25,1,0.1,0.2,0.15,50,62.61,405,351,6,345,172,0,0,129,0,44,0,54,5,410,216,129,410,195446.28,2014.36,26,35,41,22,18,15,12,176,172,0,0,173
420868,35,-0.09,-0.05,-0.6,-0.25,1,0.1,0.2,0.15,60,55.33,406,352,5,347,158,106,0,49,0,34,0,54,4,410,192,155,410,147091.73,1523.1,40,54,52,33,39,20,16,93,158,106,0,83
420869,35,-0.09,-0.05,-0.6,-0.25,1,0.1,0.2,0.15,60,50.29,405,351,7,344,0,113,0,58,0,173,0,54,5,410,173,171,410,130010.87,1331.96,14,20,11,16,25,9,11,238,0,113,0,231
420870,35,-0.09,-0.05,-0.6,-0.25,1,0.1,0.2,0.15,60,62.61,405,351,6,345,172,0,0,129,0,44,0,54,5,410,216,129,410,195446.28,2014.36,26,35,41,22,18,15,12,176,172,0,0,173
420871,35,-0.09,-0.05,-0.6,-0.25,1,0.2,0.1,0.15,20,70.77,406,352,3,349,221,55,47,0,26,0,0,54,4,410,247,102,410,110074.95,1127.77,148,66,34,101,0,0,0,0,221,55,73,0
420872,35,-0.09,-0.05,-0.6,-0.25,1,0.2,0.1,0.15,20,63.79,406,352,4,348,0,61,65,0,222,0,0,54,4,410,222,126,410,205832.22,2112.5,14,20,11,303,0,0,0,0,0,61,287,0
420873,35,-0.09,-0.05,-0.6,-0.25,1,0.2,0.1,0.15,20,74.21,406,352,3,349,232,0,90,0,27,0,0,54,4,410,259,90,410,137238.59,1404.82,135,49,28,137,0,0,0,0,232,0,117,0
420874,35,-0.09,-0.05,-0.6,-0.25,1,0.2,0.1,0.15,30,70.49,406,352,3,349,239,76,27,0,7,0,0,54,4,410,246,103,410,106251.49,1090.73,148,66,34,28,22,51,0,0,239,76,34,0
420875,35,-0.09,-0.05,-0.6,-0.25,1,0.2,0.1,0.15,30,57.23,406,352,6,346,0,95,53,0,198,0,0,54,4,410,198,148,410,162702.23,1681.8,14,20,11,16,25,260,0,0,0,95,251,0
420876,35,-0.09,-0.05,-0.6,-0.25,1,0.2,0.1,0.15,30,76.15,406,352,4,348,256,0,83,0,9,0,0,54,4,410,265,83,410,153321.2,1575.0,135,49,28,20,10,106,0,0,256,0,92,0
420877,35,-0.09,-0.05,-0.6,-0.25,1,0.2,0.1,0.15,40,70.11,406,352,4,348,241,83,16,5,3,0,0,54,4,410,244,104,410,100357.79,1030.28,148,66,34,28,22,17,5,28,241,83,19,5
420878,35,-0.09,-0.05,-0.6,-0.25,1,0.2,0.1,0.15,40,51.16,405,351,7,344,0,109,47,12,43,133,0,54,5,410,176,168,410,140064.1,1436.7,14,20,11,16,25,9,11,238,0,109,90,145
420879,35,-0.09,-0.05,-0.6,-0.25,1,0.2,0.1,0.15,40,76.88,405,351,5,346,261,0,62,18,3,2,0,54,5,410,266,80,410,143160.54,1466.83,135,49,28,20,10,14,3,87,261,0,65,20
420880,35,-0.09,-0.05,-0.6,-0.25,1,0.2,0.1,0.15,50,69.54,406,352,4,348,241,85,0,21,0,1,0,54,4,410,242,106,410,98578.16,1012.68,148,66,34,28,22,17,5,28,241,85,0,22
420881,35,-0.09,-0.05,-0.6,-0.25,1,0.2,0.1,0.15,50,50.29,405,351,7,344,0,113,0,58,0,173,0,54,5,410,173,171,410,130010.87,1331.96,14,20,11,16,25,9,11,238,0,113,0,231
420882,35,-0.09,-0.05,-0.6,-0.25,1,0.2,0.1,0.15,50,76.59,405,351,5,346,261,0,0,81,0,4,0,54,5,410,265,81,410,138908.92,1424.82,135,49,28,20,10,14,3,87,261,0,0,85
420883,35,-0.09,-0.05,-0.6,-0.25,1,0.2,0.1,0.15,60,69.54,406,352,4,348,241,85,0,21,0,1,0,54,4,410,242,106,410,98578.16,1012.68,148,66,34,28,22,17,5,28,241,85,0,22
420884,35,-0.09,-0.05,-0.6,-0.25,1,0.2,0.1,0.15,60,50.29,405,351,7,344,0,113,0,58,0,173,0,54,5,410,173,171,410,130010.87,1331.96,14,20,11,16,25,9,11,238,0,113,0,231
420885,35,-0.09,-0.05,-0.6,-0.25,1,0.2,0.1,0.15,60,76.59,405,351,5,346,261,0,0,81,0,4,0,54,5,410,265,81,410,138908.92,1424.82,135,49,28,20,10,14,3,87,261,0,0,85
420886,35,-0.09,-0.05,-0.6,-0.25,1,0.2,0.2,0.15,20,64.47,406,352,3,349,118,61,63,0,107,0,0,54,4,410,225,124,410,180785.32,1857.29,40,54,52,203,0,0,0,0,118,61,170,0
420887,35,-0.09,-0.05,-0.6,-0.25,1,0.2,0.2,0.15,20,63.79,406,352,4,348,0,61,65,0,222,0,0,54,4,410,222,126,410,205832.22,2112.5,14,20,11,303,0,0,0,0,0,61,287,0
420888,35,-0.09,-0.05,-0.6,-0.25,1,0.2,0.2,0.15,20,68.48,406,352,3,349,124,0,110,0,115,0,0,54,4,410,239,110,410,213009.91,2186.26,26,35,41,247,0,0,0,0,124,0,225,0
420889,35,-0.09,-0.05,-0.6,-0.25,1,0.2,0.2,0.15,30,60.06,406,352,4,348,145,93,46,0,64,0,0,54,4,410,209,139,410,169133.12,1748.06,40,54,52,33,39,130,0,0,145,93,110,0
420890,35,-0.09,-0.05,-0.6,-0.25,1,0.2,0.2,0.15,30,57.23,406,352,6,346,0,95,53,0,198,0,0,54,4,410,198,148,410,162702.23,1681.8,14,20,11,16,25,260,0,0,0,95,251,0
420891,35,-0.09,-0.05,-0.6,-0.25,1,0.2,0.2,0.15,30,67.15,406,352,5,347,157,0,114,0,76,0,0,54,4,410,233,114,410,231776.41,2391.85,26,35,41,22,18,205,0,0,157,0,190,0
420892,35,-0.09,-0.05,-0.6,-0.25,1,0.2,0.2,0.15,40,55.62,406,352,5,347,158,104,38,12,12,23,0,54,4,410,193,154,410,152463.02,1578.01,40,54,52,33,39,20,16,93,158,104,50,35
420893,35,-0.09,-0.05,-0.6,-0.25,1,0.2,0.2,0.15,40,51.16,405,351,7,344,0,109,47,12,43,133,0,54,5,410,176,168,410,140064.1,1436.7,14,20,11,16,25,9,11,238,0,109,90,145
420894,35,-0.09,-0.05,-0.6,-0.25,1,0.2,0.2,0.15,40,62.9,405,351,6,345,172,0,96,32,14,31,0,54,5,410,217,128,410,207070.64,2132.65,26,35,41,22,18,15,12,176,172,0,110,63
420895,35,-0.09,-0.05,-0.6,-0.25,1,0.2,0.2,0.15,50,55.33,406,352,5,347,158,106,0,49,0,34,0,54,4,410,192,155,410,147091.73,1523.1,40,54,52,33,39,20,16,93,158,106,0,83
420896,35,-0.09,-0.05,-0.6,-0.25,1,0.2,0.2,0.15,50,50.29,405,351,7,344,0,113,0,58,0,173,0,54,5,410,173,171,410,130010.87,1331.96,14,20,11,16,25,9,11,238,0,113,0,231
420897,35,-0.09,-0.05,-0.6,-0.25,1,0.2,0.2,0.15,50,62.61,405,351,6,345,172,0,0,129,0,44,0,54,5,410,216,129,410,195446.28,2014.36,26,35,41,22,18,15,12,176,172,0,0,173
420898,35,-0.09,-0.05,-0.6,-0.25,1,0.2,0.2,0.15,60,55.33,406,352,5,347,158,106,0,49,0,34,0,54,4,410,192,155,410,147091.73,1523.1,40,54,52,33,39,20,16,93,158,106,0,83
420899,35,-0.09,-0.05,-0.6,-0.25,1,0.2,0.2,0.15,60,50.29,405,351,7,344,0,113,0,58,0,173,0,54,5,410,173,171,410,130010.87,1331.96,14,20,11,16,25,9,11,238,0,113,0,231
420900,35,-0.09,-0.05,-0.6,-0.25,1,0.2,0.2,0.15,60,62.61,405,351,6,345,172,0,0,129,0,44,0,54,5,410,216,129,410,195446.28,2014.36,26,35,41,22,18,15,12,176,172,0,0,173
420901,35,-0.09,-0.05,-0.6,-0.25,2,0.1,0.1,0.15,20,73.07,406,352,3,349,230,55,39,0,25,0,0,54,4,410,255,94,410,120873.27,1553.14,151,68,39,91,0,0,0,0,230,55,64,0
420902,35,-0.09,-0.05,-0.6,-0.25,2,0.1,0.1,0.15,20,66.09,406,352,4,348,0,61,57,0,230,0,0,54,4,410,230,118,410,235803.59,2627.63,14,20,11,303,0,0,0,0,0,61,287,0
420903,35,-0.09,-0.05,-0.6,-0.25,2,0.1,0.1,0.15,20,78.22,406,352,3,349,243,0,76,0,30,0,0,54,4,410,273,76,410,159056.17,1839.01,138,53,35,123,0,0,0,0,243,0,106,0
420904,35,-0.09,-0.05,-0.6,-0.25,2,0.1,0.1,0.15,30,72.78,406,352,3,349,246,73,22,0,8,0,0,54,4,410,254,95,410,119294.9,1581.66,151,68,39,27,22,42,0,0,246,73,30,0
420905,35,-0.09,-0.05,-0.6,-0.25,2,0.1,0.1,0.15,30,57.8,406,352,6,346,0,95,51,0,200,0,0,54,4,410,200,146,410,188848.14,2309.88,14,20,11,16,25,260,0,0,0,95,251,0
420906,35,-0.09,-0.05,-0.6,-0.25,2,0.1,0.1,0.15,30,82.47,406,352,4,348,270,0,61,0,17,0,0,54,4,410,287,61,410,194180.81,2073.14,138,53,35,17,15,90,0,0,270,0,78,0
420907,35,-0.09,-0.05,-0.6,-0.25,2,0.1,0.1,0.15,40,72.99,406,352,4,348,249,78,14,2,3,2,0,54,4,410,254,94,410,113956.43,1554.41,151,68,39,27,22,12,5,24,249,78,17,4
420908,35,-0.09,-0.05,-0.6,-0.25,2,0.1,0.1,0.15,40,53.49,405,351,7,344,0,109,44,7,46,138,0,54,5,410,184,160,410,158886.82,2115.81,14,20,11,16,25,9,11,238,0,109,90,145
420909,35,-0.09,-0.05,-0.6,-0.25,2,0.1,0.1,0.15,40,82.95,405,351,5,346,277,0,48,11,4,6,0,54,5,410,287,59,410,188619.68,2041.48,138,53,35,17,15,12,6,70,277,0,52,17
420910,35,-0.09,-0.05,-0.6,-0.25,2,0.1,0.1,0.15,50,72.7,406,352,4,348,249,80,0,15,0,4,0,54,4,410,253,95,410,111891.93,1542.04,151,68,39,27,22,12,5,24,249,80,0,19
420911,35,-0.09,-0.05,-0.6,-0.25,2,0.1,0.1,0.15,50,52.91,405,351,7,344,0,113,0,49,0,182,0,54,5,410,182,162,410,147134.43,2020.18,14,20,11,16,25,9,11,238,0,113,0,231
420912,35,-0.09,-0.05,-0.6,-0.25,2,0.1,0.1,0.15,50,82.66,405,351,5,346,277,0,0,60,0,9,0,54,5,410,286,60,410,181165.0,2000.5,138,53,35,17,15,12,6,70,277,0,0,69
420913,35,-0.09,-0.05,-0.6,-0.25,2,0.1,0.1,0.15,60,72.7,406,352,4,348,249,80,0,15,0,4,0,54,4,410,253,95,410,111891.93,1542.04,151,68,39,27,22,12,5,24,249,80,0,19
420914,35,-0.09,-0.05,-0.6,-0.25,2,0.1,0.1,0.15,60,52.91,405,351,7,344,0,113,0,49,0,182,0,54,5,410,182,162,410,147134.43,2020.18,14,20,11,16,25,9,11,238,0,113,0,231
420915,35,-0.09,-0.05,-0.6,-0.25,2,0.1,0.1,0.15,60,82.66,405,351,5,346,277,0,0,60,0,9,0,54,5,410,286,60,410,181165.0,2000.5,138,53,35,17,15,12,6,70,277,0,0,69
420916,35,-0.09,-0.05,-0.6,-0.25,2,0.1,0.2,0.15,20,66.76,406,352,3,349,123,61,55,0,110,0,0,54,4,410,233,116,410,205648.09,2359.7,40,58,51,200,0,0,0,0,123,61,165,0
420917,35,-0.09,-0.05,-0.6,-0.25,2,0.1,0.2,0.15,20,66.09,406,352,4,348,0,61,57,0,230,0,0,54,4,410,230,118,410,235803.59,2627.63,14,20,11,303,0,0,0,0,0,61,287,0
420918,35,-0.09,-0.05,-0.6,-0.25,2,0.1,0.2,0.15,20,72.78,406,352,3,349,130,0,95,0,124,0,0,54,4,410,254,95,410,257558.69,2738.47,26,39,42,242,0,0,0,0,130,0,219,0
420919,35,-0.09,-0.05,-0.6,-0.25,2,0.1,0.2,0.15,30,60.63,406,352,4,348,152,93,44,0,59,0,0,54,4,410,211,137,410,195473.91,2355.23,40,58,51,35,39,125,0,0,152,93,103,0
420920,35,-0.09,-0.05,-0.6,-0.25,2,0.1,0.2,0.15,30,57.8,406,352,6,346,0,95,51,0,200,0,0,54,4,410,200,146,410,188848.14,2309.88,14,20,11,16,25,260,0,0,0,95,251,0
420921,35,-0.09,-0.05,-0.6,-0.25,2,0.1,0.2,0.15,30,72.62,406,352,5,347,169,0,95,0,83,0,0,54,4,410,252,95,410,307348.75,3091.38,26,39,42,23,20,197,0,0,169,0,178,0
420922,35,-0.09,-0.05,-0.6,-0.25,2,0.1,0.2,0.15,40,58.21,406,352,5,347,166,104,34,7,14,22,0,54,4,410,202,145,410,171344.05,2219.99,40,58,51,35,39,22,17,85,166,104,48,29
420923,35,-0.09,-0.05,-0.6,-0.25,2,0.1,0.2,0.15,40,53.49,405,351,7,344,0,109,44,7,46,138,0,54,5,410,184,160,410,158886.82,2115.81,14,20,11,16,25,9,11,238,0,109,90,145
420924,35,-0.09,-0.05,-0.6,-0.25,2,0.1,0.2,0.15,40,68.7,405,351,6,345,187,0,86,22,20,30,0,54,5,410,237,108,410,268497.0,2874.63,26,39,42,23,20,19,13,163,187,0,106,52
420925,35,-0.09,-0.05,-0.6,-0.25,2,0.1,0.2,0.15,50,58.21,406,352,5,347,166,106,0,39,0,36,0,54,4,410,202,145,410,166571.41,2178.65,40,58,51,35,39,22,17,85,166,106,0,75
420926,35,-0.09,-0.05,-0.6,-0.25,2,0.1,0.2,0.15,50,52.91,405,351,7,344,0,113,0,49,0,182,0,54,5,410,182,162,410,147134.43,2020.18,14,20,11,16,25,9,11,238,0,113,0,231
420927,35,-0.09,-0.05,-0.6,-0.25,2,0.1,0.2,0.15,50,68.99,405,351,6,345,187,0,0,107,0,51,0,54,5,410,238,107,410,252756.81,2777.68,26,39,42,23,20,19,13,163,187,0,0,158
420928,35,-0.09,-0.05,-0.6,-0.25,2,0.1,0.2,0.15,60,58.21,406,352,5,347,166,106,0,39,0,36,0,54,4,410,202,145,410,166571.41,2178.65,40,58,51,35,39,22,17,85,166,106,0,75
420929,35,-0.09,-0.05,-0.6,-0.25,2,0.1,0.2,0.15,60,52.91,405,351,7,344,0,113,0,49,0,182,0,54,5,410,182,162,410,147134.43,2020.18,14,20,11,16,25,9,11,238,0,113,0,231
420930,35,-0.09,-0.05,-0.6,-0.25,2,0.1,0.2,0.15,60,68.99,405,351,6,345,187,0,0,107,0,51,0,54,5,410,238,107,410,252756.81,2777.68,26,39,42,23,20,19,13,163,187,0,0,158
420931,35,-0.09,-0.05,-0.6,-0.25,2,0.2,0.1,0.15,20,70.77,406,352,3,349,221,55,47,0,26,0,0,54,4,410,247,102,410,110074.95,1127.77,148,66,34,101,0,0,0,0,221,55,73,0
420932,35,-0.09,-0.05,-0.6,-0.25,2,0.2,0.1,0.15,20,63.79,406,352,4,348,0,61,65,0,222,0,0,54,4,410,222,126,410,205832.22,2112.5,14,20,11,303,0,0,0,0,0,61,287,0
420933,35,-0.09,-0.05,-0.6,-0.25,2,0.2,0.1,0.15,20,74.21,406,352,3,349,232,0,90,0,27,0,0,54,4,410,259,90,410,137238.59,1404.82,135,49,28,137,0,0,0,0,232,0,117,0
420934,35,-0.09,-0.05,-0.6,-0.25,2,0.2,0.1,0.15,30,70.49,406,352,3,349,239,76,27,0,7,0,0,54,4,410,246,103,410,106251.49,1090.73,148,66,34,28,22,51,0,0,239,76,34,0
420935,35,-0.09,-0.05,-0.6,-0.25,2,0.2,0.1,0.15,30,57.23,406,352,6,346,0,95,53,0,198,0,0,54,4,410,198,148,410,162702.23,1681.8,14,20,11,16,25,260,0,0,0,95,251,0
420936,35,-0.09,-0.05,-0.6,-0.25,2,0.2,0.1,0.15,30,76.15,406,352,4,348,256,0,83,0,9,0,0,54,4,410,265,83,410,153321.2,1575.0,135,49,28,20,10,106,0,0,256,0,92,0
420937,35,-0.09,-0.05,-0.6,-0.25,2,0.2,0.1,0.15,40,70.11,406,352,4,348,241,83,16,5,3,0,0,54,4,410,244,104,410,100357.79,1030.28,148,66,34,28,22,17,5,28,241,83,19,5
420938,35,-0.09,-0.05,-0.6,-0.25,2,0.2,0.1,0.15,40,51.16,405,351,7,344,0,109,47,12,43,133,0,54,5,410,176,168,410,140064.1,1436.7,14,20,11,16,25,9,11,238,0,109,90,145
420939,35,-0.09,-0.05,-0.6,-0.25,2,0.2,0.1,0.15,40,76.88,405,351,5,346,261,0,62,18,3,2,0,54,5,410,266,80,410,143160.54,1466.83,135,49,28,20,10,14,3,87,261,0,65,20
420940,35,-0.09,-0.05,-0.6,-0.25,2,0.2,0.1,0.15,50,69.54,406,352,4,348,241,85,0,21,0,1,0,54,4,410,242,106,410,98578.16,1012.68,148,66,34,28,22,17,5,28,241,85,0,22
420941,35,-0.09,-0.05,-0.6,-0.25,2,0.2,0.1,0.15,50,50.29,405,351,7,344,0,113,0,58,0,173,0,54,5,410,173,171,410,130010.87,1331.96,14,20,11,16,25,9,11,238,0,113,0,231
420942,35,-0.09,-0.05,-0.6,-0.25,2,0.2,0.1,0.15,50,76.59,405,351,5,346,261,0,0,81,0,4,0,54,5,410,265,81,410,138908.92,1424.82,135,49,28,20,10,14,3,87,261,0,0,85
420943,35,-0.09,-0.05,-0.6,-0.25,2,0.2,0.1,0.15,60,69.54,406,352,4,348,241,85,0,21,0,1,0,54,4,410,242,106,410,98578.16,1012.68,148,66,34,28,22,17,5,28,241,85,0,22
420944,35,-0.09,-0.05,-0.6,-0.25,2,0.2,0.1,0.15,60,50.29,405,351,7,344,0,113,0,58,0,173,0,54,5,410,173,171,410,130010.87,1331.96,14,20,11,16,25,9,11,238,0,113,0,231
420945,35,-0.09,-0.05,-0.6,-0.25,2,0.2,0.1,0.15,60,76.59,405,351,5,346,261,0,0,81,0,4,0,54,5,410,265,81,410,138908.92,1424.82,135,49,28,20,10,14,3,87,261,0,0,85
420946,35,-0.09,-0.05,-0.6,-0.25,2,0.2,0.2,0.15,20,64.47,406,352,3,349,118,61,63,0,107,0,0,54,4,410,225,124,410,180785.32,1857.29,40,54,52,203,0,0,0,0,118,61,170,0
420947,35,-0.09,-0.05,-0.6,-0.25,2,0.2,0.2,0.15,20,63.79,406,352,4,348,0,61,65,0,222,0,0,54,4,410,222,126,410,205832.22,2112.5,14,20,11,303,0,0,0,0,0,61,287,0
420948,35,-0.09,-0.05,-0.6,-0.25,2,0.2,0.2,0.15,20,68.48,406,352,3,349,124,0,110,0,115,0,0,54,4,410,239,110,410,213009.91,2186.26,26,35,41,247,0,0,0,0,124,0,225,0
420949,35,-0.09,-0.05,-0.6,-0.25,2,0.2,0.2,0.15,30,60.06,406,352,4,348,145,93,46,0,64,0,0,54,4,410,209,139,410,169133.12,1748.06,40,54,52,33,39,130,0,0,145,93,110,0
420950,35,-0.09,-0.05,-0.6,-0.25,2,0.2,0.2,0.15,30,57.23,406,352,6,346,0,95,53,0,198,0,0,54,4,410,198,148,410,162702.23,1681.8,14,20,11,16,25,260,0,0,0,95,251,0
420951,35,-0.09,-0.05,-0.6,-0.25,2,0.2,0.2,0.15,30,67.15,406,352,5,347,157,0,114,0,76,0,0,54,4,410,233,114,410,231776.41,2391.85,26,35,41,22,18,205,0,0,157,0,190,0
420952,35,-0.09,-0.05,-0.6,-0.25,2,0.2,0.2,0.15,40,55.62,406,352,5,347,158,104,38,12,12,23,0,54,4,410,193,154,410,152463.02,1578.01,40,54,52,33,39,20,16,93,158,104,50,35
420953,35,-0.09,-0.05,-0.6,-0.25,2,0.2,0.2,0.15,40,51.16,405,351,7,344,0,109,47,12,43,133,0,54,5,410,176,168,410,140064.1,1436.7,14,20,11,16,25,9,11,238,0,109,90,145
420954,35,-0.09,-0.05,-0.6,-0.25,2,0.2,0.2,0.15,40,62.9,405,351,6,345,172,0,96,32,14,31,0,54,5,410,217,128,410,207070.64,2132.65,26,35,41,22,18,15,12,176,172,0,110,63
420955,35,-0.09,-0.05,-0.6,-0.25,2,0.2,0.2,0.15,50,55.33,406,352,5,347,158,106,0,49,0,34,0,54,4,410,192,155,410,147091.73,1523.1,40,54,52,33,39,20,16,93,158,106,0,83
420956,35,-0.09,-0.05,-0.6,-0.25,2,0.2,0.2,0.15,50,50.29,405,351,7,344,0,113,0,58,0,173,0,54,5,410,173,171,410,130010.87,1331.96,14,20,11,16,25,9,11,238,0,113,0,231
420957,35,-0.09,-0.05,-0.6,-0.25,2,0.2,0.2,0.15,50,62.61,405,351,6,345,172,0,0,129,0,44,0,54,5,410,216,129,410,195446.28,2014.36,26,35,41,22,18,15,12,176,172,0,0,173
420958,35,-0.09,-0.05,-0.6,-0.25,2,0.2,0.2,0.15,60,55.33,406,352,5,347,158,106,0,49,0,34,0,54,4,410,192,155,410,147091.73,1523.1,40,54,52,33,39,20,16,93,158,106,0,83
420959,35,-0.09,-0.05,-0.6,-0.25,2,0.2,0.2,0.15,60,50.29,405,351,7,344,0,113,0,58,0,173,0,54,5,410,173,171,410,130010.87,1331.96,14,20,11,16,25,9,11,238,0,113,0,231
420960,35,-0.09,-0.05,-0.6,-0.25,2,0.2,0.2,0.15,60,62.61,405,351,6,345,172,0,0,129,0,44,0,54,5,410,216,129,410,195446.28,2014.36,26,35,41,22,18,15,12,176,172,0,0,173
420961,35,-0.09,-0.05,-0.55,-0.45,1,0.1,0.1,0.15,20,73.73,146,118,0,118,80,21,10,0,7,0,0,28,0,146,87,31,146,44037.81,449.51,51,27,11,29,0,0,0,0,80,21,17,0
420962,35,-0.09,-0.05,-0.55,-0.45,1,0.1,0.1,0.15,20,67.8,146,118,0,118,0,22,16,0,80,0,0,28,0,146,80,38,146,106750.05,1086.07,2,10,3,103,0,0,0,0,0,22,96,0
420963,35,-0.09,-0.05,-0.55,-0.45,1,0.1,0.1,0.15,20,77.12,146,118,0,118,84,0,27,0,7,0,0,28,0,146,91,27,146,56859.94,579.46,49,18,9,42,0,0,0,0,84,0,34,0
420964,35,-0.09,-0.05,-0.55,-0.45,1,0.1,0.1,0.15,30,73.73,146,118,0,118,85,26,5,0,2,0,0,28,0,146,87,31,146,42402.7,432.3,51,27,11,12,4,13,0,0,85,26,7,0
420965,35,-0.09,-0.05,-0.55,-0.45,1,0.1,0.1,0.15,30,63.25,146,118,1,117,0,31,12,0,74,0,0,28,0,146,74,43,146,93836.09,958.64,2,10,3,7,4,91,0,0,0,31,86,0
420966,35,-0.09,-0.05,-0.55,-0.45,1,0.1,0.1,0.15,30,80.34,146,118,1,117,92,0,23,0,2,0,0,28,0,146,94,23,146,62465.03,637.42,49,18,9,8,2,31,0,0,92,0,25,0
420967,35,-0.09,-0.05,-0.55,-0.45,1,0.1,0.1,0.15,40,74.58,146,118,0,118,86,28,2,0,2,0,0,28,0,146,88,30,146,41536.44,425.57,51,27,11,12,4,6,1,6,86,28,4,0
420968,35,-0.09,-0.05,-0.55,-0.45,1,0.1,0.1,0.15,40,59.48,145,117,1,116,0,35,12,0,13,56,0,28,1,146,69,47,146,96366.73,987.6,2,10,3,7,4,5,3,82,0,35,25,56
420969,35,-0.09,-0.05,-0.55,-0.45,1,0.1,0.1,0.15,40,82.05,146,118,1,117,93,0,17,4,2,1,0,28,0,146,96,21,146,56339.47,577.11,49,18,9,8,2,6,0,25,93,0,19,5
420970,35,-0.09,-0.05,-0.55,-0.45,1,0.1,0.1,0.15,50,72.88,146,118,0,118,86,29,0,3,0,0,0,28,0,146,86,32,146,39958.85,409.75,51,27,11,12,4,6,1,6,86,29,0,3
420971,35,-0.09,-0.05,-0.55,-0.45,1,0.1,0.1,0.15,50,58.62,145,117,1,116,0,37,0,11,0,68,0,28,1,146,68,48,146,90830.71,930.57,2,10,3,7,4,5,3,82,0,37,0,79
420972,35,-0.09,-0.05,-0.55,-0.45,1,0.1,0.1,0.15,50,80.34,146,118,1,117,93,0,0,23,0,1,0,28,0,146,94,23,146,52093.99,534.1,49,18,9,8,2,6,0,25,93,0,0,24
420973,35,-0.09,-0.05,-0.55,-0.45,1,0.1,0.1,0.15,60,72.88,146,118,0,118,86,29,0,3,0,0,0,28,0,146,86,32,146,39958.85,409.75,51,27,11,12,4,6,1,6,86,29,0,3
420974,35,-0.09,-0.05,-0.55,-0.45,1,0.1,0.1,0.15,60,58.62,145,117,1,116,0,37,0,11,0,68,0,28,1,146,68,48,146,90830.71,930.57,2,10,3,7,4,5,3,82,0,37,0,79
420975,35,-0.09,-0.05,-0.55,-0.45,1,0.1,0.1,0.15,60,80.34,146,118,1,117,93,0,0,23,0,1,0,28,0,146,94,23,146,52093.99,534.1,49,18,9,8,2,6,0,25,93,0,0,24
420976,35,-0.09,-0.05,-0.55,-0.45,1,0.1,0.2,0.15,20,69.49,146,118,0,118,55,22,14,0,27,0,0,28,0,146,82,36,146,88421.32,901.18,12,30,20,56,0,0,0,0,55,22,41,0
420977,35,-0.09,-0.05,-0.55,-0.45,1,0.1,0.2,0.15,20,67.8,146,118,0,118,0,22,16,0,80,0,0,28,0,146,80,38,146,106750.05,1086.07,2,10,3,103,0,0,0,0,0,22,96,0
420978,35,-0.09,-0.05,-0.55,-0.45,1,0.1,0.2,0.15,20,73.73,146,118,0,118,57,0,31,0,30,0,0,28,0,146,87,31,146,104800.68,1067.48,10,20,17,71,0,0,0,0,57,0,61,0
420979,35,-0.09,-0.05,-0.55,-0.45,1,0.1,0.2,0.15,30,66.95,146,118,0,118,61,29,10,0,18,0,0,28,0,146,79,39,146,83902.26,857.58,12,30,20,15,7,34,0,0,61,29,28,0
420980,35,-0.09,-0.05,-0.55,-0.45,1,0.1,0.2,0.15,30,63.25,146,118,1,117,0,31,12,0,74,0,0,28,0,146,74,43,146,93836.09,958.64,2,10,3,7,4,91,0,0,0,31,86,0
420981,35,-0.09,-0.05,-0.55,-0.45,1,0.1,0.2,0.15,30,74.36,146,118,1,117,65,0,30,0,22,0,0,28,0,146,87,30,146,108693.16,1111.12,10,20,17,10,5,55,0,0,65,0,52,0
420982,35,-0.09,-0.05,-0.55,-0.45,1,0.1,0.2,0.15,40,66.1,146,118,0,118,65,32,8,0,3,10,0,28,0,146,78,40,146,82690.95,848.41,12,30,20,15,7,6,5,23,65,32,11,10
420983,35,-0.09,-0.05,-0.55,-0.45,1,0.1,0.2,0.15,40,59.48,145,117,1,116,0,35,12,0,13,56,0,28,1,146,69,47,146,96366.73,987.6,2,10,3,7,4,5,3,82,0,35,25,56
420984,35,-0.09,-0.05,-0.55,-0.45,1,0.1,0.2,0.15,40,73.5,146,118,1,117,69,0,26,5,4,13,0,28,0,146,86,31,146,99813.51,1024.02,10,20,17,10,5,3,3,49,69,0,30,18
420985,35,-0.09,-0.05,-0.55,-0.45,1,0.1,0.2,0.15,50,65.25,146,118,0,118,65,33,0,8,0,12,0,28,0,146,77,41,146,81203.2,833.85,12,30,20,15,7,6,5,23,65,33,0,20
420986,35,-0.09,-0.05,-0.55,-0.45,1,0.1,0.2,0.15,50,58.62,145,117,1,116,0,37,0,11,0,68,0,28,1,146,68,48,146,90830.71,930.57,2,10,3,7,4,5,3,82,0,37,0,79
420987,35,-0.09,-0.05,-0.55,-0.45,1,0.1,0.2,0.15,50,72.65,146,118,1,117,69,0,0,32,0,16,0,28,0,146,85,32,146,94629.82,971.84,10,20,17,10,5,3,3,49,69,0,0,48
420988,35,-0.09,-0.05,-0.55,-0.45,1,0.1,0.2,0.15,60,65.25,146,118,0,118,65,33,0,8,0,12,0,28,0,146,77,41,146,81203.2,833.85,12,30,20,15,7,6,5,23,65,33,0,20
420989,35,-0.09,-0.05,-0.55,-0.45,1,0.1,0.2,0.15,60,58.62,145,117,1,116,0,37,0,11,0,68,0,28,1,146,68,48,146,90830.71,930.57,2,10,3,7,4,5,3,82,0,37,0,79
420990,35,-0.09,-0.05,-0.55,-0.45,1,0.1,0.2,0.15,60,72.65,146,118,1,117,69,0,0,32,0,16,0,28,0,146,85,32,146,94629.82,971.84,10,20,17,10,5,3,3,49,69,0,0,48
420991,35,-0.09,-0.05,-0.55,-0.45,1,0.2,0.1,0.15,20,73.73,146,118,0,118,80,21,10,0,7,0,0,28,0,146,87,31,146,44037.81,449.51,51,27,11,29,0,0,0,0,80,21,17,0
420992,35,-0.09,-0.05,-0.55,-0.45,1,0.2,0.1,0.15,20,67.8,146,118,0,118,0,22,16,0,80,0,0,28,0,146,80,38,146,106750.05,1086.07,2,10,3,103,0,0,0,0,0,22,96,0
420993,35,-0.09,-0.05,-0.55,-0.45,1,0.2,0.1,0.15,20,77.12,146,118,0,118,84,0,27,0,7,0,0,28,0,146,91,27,146,56859.94,579.46,49,18,9,42,0,0,0,0,84,0,34,0
420994,35,-0.09,-0.05,-0.55,-0.45,1,0.2,0.1,0.15,30,73.73,146,118,0,118,85,26,5,0,2,0,0,28,0,146,87,31,146,42402.7,432.3,51,27,11,12,4,13,0,0,85,26,7,0
420995,35,-0.09,-0.05,-0.55,-0.45,1,0.2,0.1,0.15,30,63.25,146,118,1,117,0,31,12,0,74,0,0,28,0,146,74,43,146,93836.09,958.64,2,10,3,7,4,91,0,0,0,31,86,0
420996,35,-0.09,-0.05,-0.55,-0.45,1,0.2,0.1,0.15,30,80.34,146,118,1,117,92,0,23,0,2,0,0,28,0,146,94,23,146,62465.03,637.42,49,18,9,8,2,31,0,0,92,0,25,0
420997,35,-0.09,-0.05,-0.55,-0.45,1,0.2,0.1,0.15,40,74.58,146,118,0,118,86,28,2,0,2,0,0,28,0,146,88,30,146,41536.44,425.57,51,27,11,12,4,6,1,6,86,28,4,0
420998,35,-0.09,-0.05,-0.55,-0.45,1,0.2,0.1,0.15,40,59.48,145,117,1,116,0,35,12,0,13,56,0,28,1,146,69,47,146,96366.73,987.6,2,10,3,7,4,5,3,82,0,35,25,56
420999,35,-0.09,-0.05,-0.55,-0.45,1,0.2,0.1,0.15,40,82.05,146,118,1,117,93,0,17,4,2,1,0,28,0,146,96,21,146,56339.47,577.11,49,18,9,8,2,6,0,25,93,0,19,5
421000,35,-0.09,-0.05,-0.55,-0.45,1,0.2,0.1,0.15,50,72.88,146,118,0,118,86,29,0,3,0,0,0,28,0,146,86,32,146,39958.85,409.75,51,27,11,12,4,6,1,6,86,29,0,3
421001,35,-0.09,-0.05,-0.55,-0.45,1,0.2,0.1,0.15,50,58.62,145,117,1,116,0,37,0,11,0,68,0,28,1,146,68,48,146,90830.71,930.57,2,10,3,7,4,5,3,82,0,37,0,79
421002,35,-0.09,-0.05,-0.55,-0.45,1,0.2,0.1,0.15,50,80.34,146,118,1,117,93,0,0,23,0,1,0,28,0,146,94,23,146,52093.99,534.1,49,18,9,8,2,6,0,25,93,0,0,24
421003,35,-0.09,-0.05,-0.55,-0.45,1,0.2,0.1,0.15,60,72.88,146,118,0,118,86,29,0,3,0,0,0,28,0,146,86,32,146,39958.85,409.75,51,27,11,12,4,6,1,6,86,29,0,3
421004,35,-0.09,-0.05,-0.55,-0.45,1,0.2,0.1,0.15,60,58.62,145,117,1,116,0,37,0,11,0,68,0,28,1,146,68,48,146,90830.71,930.57,2,10,3,7,4,5,3,82,0,37,0,79
421005,35,-0.09,-0.05,-0.55,-0.45,1,0.2,0.1,0.15,60,80.34,146,118,1,117,93,0,0,23,0,1,0,28,0,146,94,23,146,52093.99,534.1,49,18,9,8,2,6,0,25,93,0,0,24
421006,35,-0.09,-0.05,-0.55,-0.45,1,0.2,0.2,0.15,20,69.49,146,118,0,118,55,22,14,0,27,0,0,28,0,146,82,36,146,88421.32,901.18,12,30,20,56,0,0,0,0,55,22,41,0
421007,35,-0.09,-0.05,-0.55,-0.45,1,0.2,0.2,0.15,20,67.8,146,118,0,118,0,22,16,0,80,0,0,28,0,146,80,38,146,106750.05,1086.07,2,10,3,103,0,0,0,0,0,22,96,0
421008,35,-0.09,-0.05,-0.55,-0.45,1,0.2,0.2,0.15,20,73.73,146,118,0,118,57,0,31,0,30,0,0,28,0,146,87,31,146,104800.68,1067.48,10,20,17,71,0,0,0,0,57,0,61,0
421009,35,-0.09,-0.05,-0.55,-0.45,1,0.2,0.2,0.15,30,66.95,146,118,0,118,61,29,10,0,18,0,0,28,0,146,79,39,146,83902.26,857.58,12,30,20,15,7,34,0,0,61,29,28,0
421010,35,-0.09,-0.05,-0.55,-0.45,1,0.2,0.2,0.15,30,63.25,146,118,1,117,0,31,12,0,74,0,0,28,0,146,74,43,146,93836.09,958.64,2,10,3,7,4,91,0,0,0,31,86,0
421011,35,-0.09,-0.05,-0.55,-0.45,1,0.2,0.2,0.15,30,74.36,146,118,1,117,65,0,30,0,22,0,0,28,0,146,87,30,146,108693.16,1111.12,10,20,17,10,5,55,0,0,65,0,52,0
421012,35,-0.09,-0.05,-0.55,-0.45,1,0.2,0.2,0.15,40,66.1,146,118,0,118,65,32,8,0,3,10,0,28,0,146,78,40,146,82690.95,848.41,12,30,20,15,7,6,5,23,65,32,11,10
421013,35,-0.09,-0.05,-0.55,-0.45,1,0.2,0.2,0.15,40,59.48,145,117,1,116,0,35,12,0,13,56,0,28,1,146,69,47,146,96366.73,987.6,2,10,3,7,4,5,3,82,0,35,25,56
421014,35,-0.09,-0.05,-0.55,-0.45,1,0.2,0.2,0.15,40,73.5,146,118,1,117,69,0,26,5,4,13,0,28,0,146,86,31,146,99813.51,1024.02,10,20,17,10,5,3,3,49,69,0,30,18
421015,35,-0.09,-0.05,-0.55,-0.45,1,0.2,0.2,0.15,50,65.25,146,118,0,118,65,33,0,8,0,12,0,28,0,146,77,41,146,81203.2,833.85,12,30,20,15,7,6,5,23,65,33,0,20
421016,35,-0.09,-0.05,-0.55,-0.45,1,0.2,0.2,0.15,50,58.62,145,117,1,116,0,37,0,11,0,68,0,28,1,146,68,48,146,90830.71,930.57,2,10,3,7,4,5,3,82,0,37,0,79
421017,35,-0.09,-0.05,-0.55,-0.45,1,0.2,0.2,0.15,50,72.65,146,118,1,117,69,0,0,32,0,16,0,28,0,146,85,32,146,94629.82,971.84,10,20,17,10,5,3,3,49,69,0,0,48
421018,35,-0.09,-0.05,-0.55,-0.45,1,0.2,0.2,0.15,60,65.25,146,118,0,118,65,33,0,8,0,12,0,28,0,146,77,41,146,81203.2,833.85,12,30,20,15,7,6,5,23,65,33,0,20
421019,35,-0.09,-0.05,-0.55,-0.45,1,0.2,0.2,0.15,60,58.62,145,117,1,116,0,37,0,11,0,68,0,28,1,146,68,48,146,90830.71,930.57,2,10,3,7,4,5,3,82,0,37,0,79
421020,35,-0.09,-0.05,-0.55,-0.45,1,0.2,0.2,0.15,60,72.65,146,118,1,117,69,0,0,32,0,16,0,28,0,146,85,32,146,94629.82,971.84,10,20,17,10,5,3,3,49,69,0,0,48
421021,35,-0.09,-0.05,-0.55,-0.45,2,0.1,0.1,0.15,20,76.27,146,118,0,118,84,21,7,0,6,0,0,28,0,146,90,28,146,49859.95,596.86,52,29,14,23,0,0,0,0,84,21,13,0
421022,35,-0.09,-0.05,-0.55,-0.45,2,0.1,0.1,0.15,20,71.19,146,118,0,118,0,22,12,0,84,0,0,28,0,146,84,34,146,127450.39,1276.6,2,10,3,103,0,0,0,0,0,22,96,0
421023,35,-0.09,-0.05,-0.55,-0.45,2,0.1,0.1,0.15,20,81.36,146,118,0,118,88,0,22,0,8,0,0,28,0,146,96,22,146,69900.12,728.45,50,21,11,36,0,0,0,0,88,0,30,0
421024,35,-0.09,-0.05,-0.55,-0.45,2,0.1,0.1,0.15,30,75.42,146,118,0,118,87,25,4,0,2,0,0,28,0,146,89,29,146,48239.49,582.56,52,29,14,10,3,10,0,0,87,25,6,0
421025,35,-0.09,-0.05,-0.55,-0.45,2,0.1,0.1,0.15,30,63.25,146,118,1,117,0,31,12,0,74,0,0,28,0,146,74,43,146,110098.74,1177.05,2,10,3,7,4,91,0,0,0,31,86,0
421026,35,-0.09,-0.05,-0.55,-0.45,2,0.1,0.1,0.15,30,85.47,146,118,1,117,95,0,17,0,5,0,0,28,0,146,100,17,146,79699.74,780.9,50,21,11,6,3,26,0,0,95,0,22,0
421027,35,-0.09,-0.05,-0.55,-0.45,2,0.1,0.1,0.15,40,76.27,146,118,0,118,88,26,2,0,2,0,0,28,0,146,90,28,146,46927.45,579.54,52,29,14,10,3,4,0,6,88,26,4,0
421028,35,-0.09,-0.05,-0.55,-0.45,2,0.1,0.1,0.15,40,59.48,145,117,1,116,0,35,12,0,13,56,0,28,1,146,69,47,146,108428.78,1208.95,2,10,3,7,4,5,3,82,0,35,25,56
421029,35,-0.09,-0.05,-0.55,-0.45,2,0.1,0.1,0.15,40,86.32,146,118,1,117,96,0,13,3,3,2,0,28,0,146,101,16,146,71926.26,744.62,50,21,11,6,3,4,0,22,96,0,16,5
421030,35,-0.09,-0.05,-0.55,-0.45,2,0.1,0.1,0.15,50,74.58,146,118,0,118,88,27,0,3,0,0,0,28,0,146,88,30,146,44867.3,563.48,52,29,14,10,3,4,0,6,88,27,0,3
421031,35,-0.09,-0.05,-0.55,-0.45,2,0.1,0.1,0.15,50,58.62,145,117,1,116,0,37,0,11,0,68,0,28,1,146,68,48,146,102067.6,1151.51,2,10,3,7,4,5,3,82,0,37,0,79
421032,35,-0.09,-0.05,-0.55,-0.45,2,0.1,0.1,0.15,50,84.62,146,118,1,117,96,0,0,18,0,3,0,28,0,146,99,18,146,65583.31,706.66,50,21,11,6,3,4,0,22,96,0,0,21
421033,35,-0.09,-0.05,-0.55,-0.45,2,0.1,0.1,0.15,60,74.58,146,118,0,118,88,27,0,3,0,0,0,28,0,146,88,30,146,44867.3,563.48,52,29,14,10,3,4,0,6,88,27,0,3
421034,35,-0.09,-0.05,-0.55,-0.45,2,0.1,0.1,0.15,60,58.62,145,117,1,116,0,37,0,11,0,68,0,28,1,146,68,48,146,102067.6,1151.51,2,10,3,7,4,5,3,82,0,37,0,79
421035,35,-0.09,-0.05,-0.55,-0.45,2,0.1,0.1,0.15,60,84.62,146,118,1,117,96,0,0,18,0,3,0,28,0,146,99,18,146,65583.31,706.66,50,21,11,6,3,4,0,22,96,0,0,21
421036,35,-0.09,-0.05,-0.55,-0.45,2,0.1,0.2,0.15,20,72.88,146,118,0,118,57,22,10,0,29,0,0,28,0,146,86,32,146,101750.44,1070.9,12,33,18,55,0,0,0,0,57,22,39,0
421037,35,-0.09,-0.05,-0.55,-0.45,2,0.1,0.2,0.15,20,71.19,146,118,0,118,0,22,12,0,84,0,0,28,0,146,84,34,146,127450.39,1276.6,2,10,3,103,0,0,0,0,0,22,96,0
421038,35,-0.09,-0.05,-0.55,-0.45,2,0.1,0.2,0.15,20,78.81,146,118,0,118,60,0,25,0,33,0,0,28,0,146,93,25,146,131565.01,1252.19,10,23,16,69,0,0,0,0,60,0,58,0
421039,35,-0.09,-0.05,-0.55,-0.45,2,0.1,0.2,0.15,30,66.95,146,118,0,118,64,29,10,0,15,0,0,28,0,146,79,39,146,98167.31,1051.14,12,33,18,16,7,32,0,0,64,29,25,0
421040,35,-0.09,-0.05,-0.55,-0.45,2,0.1,0.2,0.15,30,63.25,146,118,1,117,0,31,12,0,74,0,0,28,0,146,74,43,146,110098.74,1177.05,2,10,3,7,4,91,0,0,0,31,86,0
421041,35,-0.09,-0.05,-0.55,-0.45,2,0.1,0.2,0.15,30,77.78,146,118,1,117,69,0,26,0,22,0,0,28,0,146,91,26,146,141919.73,1319.51,10,23,16,11,4,53,0,0,69,0,48,0
421042,35,-0.09,-0.05,-0.55,-0.45,2,0.1,0.2,0.15,40,66.1,146,118,0,118,69,32,8,0,3,6,0,28,0,146,78,40,146,95504.44,1043.76,12,33,18,16,7,7,7,18,69,32,11,6
421043,35,-0.09,-0.05,-0.55,-0.45,2,0.1,0.2,0.15,40,59.48,145,117,1,116,0,35,12,0,13,56,0,28,1,146,69,47,146,108428.78,1208.95,2,10,3,7,4,5,3,82,0,35,25,56
421044,35,-0.09,-0.05,-0.55,-0.45,2,0.1,0.2,0.15,40,75.21,146,118,1,117,75,0,25,4,4,9,0,28,0,146,88,29,146,125149.19,1240.19,10,23,16,11,4,5,5,43,75,0,29,13
421045,35,-0.09,-0.05,-0.55,-0.45,2,0.1,0.2,0.15,50,65.25,146,118,0,118,69,33,0,8,0,8,0,28,0,146,77,41,146,93534.13,1028.96,12,33,18,16,7,7,7,18,69,33,0,16
421046,35,-0.09,-0.05,-0.55,-0.45,2,0.1,0.2,0.15,50,58.62,145,117,1,116,0,37,0,11,0,68,0,28,1,146,68,48,146,102067.6,1151.51,2,10,3,7,4,5,3,82,0,37,0,79
421047,35,-0.09,-0.05,-0.55,-0.45,2,0.1,0.2,0.15,50,74.36,146,118,1,117,75,0,0,30,0,12,0,28,0,146,87,30,146,116872.03,1193.29,10,23,16,11,4,5,5,43,75,0,0,42
421048,35,-0.09,-0.05,-0.55,-0.45,2,0.1,0.2,0.15,60,65.25,146,118,0,118,69,33,0,8,0,8,0,28,0,146,77,41,146,93534.13,1028.96,12,33,18,16,7,7,7,18,69,33,0,16
421049,35,-0.09,-0.05,-0.55,-0.45,2,0.1,0.2,0.15,60,58.62,145,117,1,116,0,37,0,11,0,68,0,28,1,146,68,48,146,102067.6,1151.51,2,10,3,7,4,5,3,82,0,37,0,79
421050,35,-0.09,-0.05,-0.55,-0.45,2,0.1,0.2,0.15,60,74.36,146,118,1,117,75,0,0,30,0,12,0,28,0,146,87,30,146,116872.03,1193.29,10,23,16,11,4,5,5,43,75,0,0,42
421051,35,-0.09,-0.05,-0.55,-0.45,2,0.2,0.1,0.15,20,73.73,146,118,0,118,80,21,10,0,7,0,0,28,0,146,87,31,146,44037.81,449.51,51,27,11,29,0,0,0,0,80,21,17,0
421052,35,-0.09,-0.05,-0.55,-0.45,2,0.2,0.1,0.15,20,67.8,146,118,0,118,0,22,16,0,80,0,0,28,0,146,80,38,146,106750.05,1086.07,2,10,3,103,0,0,0,0,0,22,96,0
421053,35,-0.09,-0.05,-0.55,-0.45,2,0.2,0.1,0.15,20,77.12,146,118,0,118,84,0,27,0,7,0,0,28,0,146,91,27,146,56859.94,579.46,49,18,9,42,0,0,0,0,84,0,34,0
421054,35,-0.09,-0.05,-0.55,-0.45,2,0.2,0.1,0.15,30,73.73,146,118,0,118,85,26,5,0,2,0,0,28,0,146,87,31,146,42402.7,432.3,51,27,11,12,4,13,0,0,85,26,7,0
421055,35,-0.09,-0.05,-0.55,-0.45,2,0.2,0.1,0.15,30,63.25,146,118,1,117,0,31,12,0,74,0,0,28,0,146,74,43,146,93836.09,958.64,2,10,3,7,4,91,0,0,0,31,86,0
421056,35,-0.09,-0.05,-0.55,-0.45,2,0.2,0.1,0.15,30,80.34,146,118,1,117,92,0,23,0,2,0,0,28,0,146,94,23,146,62465.03,637.42,49,18,9,8,2,31,0,0,92,0,25,0
421057,35,-0.09,-0.05,-0.55,-0.45,2,0.2,0.1,0.15,40,74.58,146,118,0,118,86,28,2,0,2,0,0,28,0,146,88,30,146,41536.44,425.57,51,27,11,12,4,6,1,6,86,28,4,0
421058,35,-0.09,-0.05,-0.55,-0.45,2,0.2,0.1,0.15,40,59.48,145,117,1,116,0,35,12,0,13,56,0,28,1,146,69,47,146,96366.73,987.6,2,10,3,7,4,5,3,82,0,35,25,56
421059,35,-0.09,-0.05,-0.55,-0.45,2,0.2,0.1,0.15,40,82.05,146,118,1,117,93,0,17,4,2,1,0,28,0,146,96,21,146,56339.47,577.11,49,18,9,8,2,6,0,25,93,0,19,5
421060,35,-0.09,-0.05,-0.55,-0.45,2,0.2,0.1,0.15,50,72.88,146,118,0,118,86,29,0,3,0,0,0,28,0,146,86,32,146,39958.85,409.75,51,27,11,12,4,6,1,6,86,29,0,3
421061,35,-0.09,-0.05,-0.55,-0.45,2,0.2,0.1,0.15,50,58.62,145,117,1,116,0,37,0,11,0,68,0,28,1,146,68,48,146,90830.71,930.57,2,10,3,7,4,5,3,82,0,37,0,79
421062,35,-0.09,-0.05,-0.55,-0.45,2,0.2,0.1,0.15,50,80.34,146,118,1,117,93,0,0,23,0,1,0,28,0,146,94,23,146,52093.99,534.1,49,18,9,8,2,6,0,25,93,0,0,24
421063,35,-0.09,-0.05,-0.55,-0.45,2,0.2,0.1,0.15,60,72.88,146,118,0,118,86,29,0,3,0,0,0,28,0,146,86,32,146,39958.85,409.75,51,27,11,12,4,6,1,6,86,29,0,3
421064,35,-0.09,-0.05,-0.55,-0.45,2,0.2,0.1,0.15,60,58.62,145,117,1,116,0,37,0,11,0,68,0,28,1,146,68,48,146,90830.71,930.57,2,10,3,7,4,5,3,82,0,37,0,79
421065,35,-0.09,-0.05,-0.55,-0.45,2,0.2,0.1,0.15,60,80.34,146,118,1,117,93,0,0,23,0,1,0,28,0,146,94,23,146,52093.99,534.1,49,18,9,8,2,6,0,25,93,0,0,24
421066,35,-0.09,-0.05,-0.55,-0.45,2,0.2,0.2,0.15,20,69.49,146,118,0,118,55,22,14,0,27,0,0,28,0,146,82,36,146,88421.32,901.18,12,30,20,56,0,0,0,0,55,22,41,0
421067,35,-0.09,-0.05,-0.55,-0.45,2,0.2,0.2,0.15,20,67.8,146,118,0,118,0,22,16,0,80,0,0,28,0,146,80,38,146,106750.05,1086.07,2,10,3,103,0,0,0,0,0,22,96,0
421068,35,-0.09,-0.05,-0.55,-0.45,2,0.2,0.2,0.15,20,73.73,146,118,0,118,57,0,31,0,30,0,0,28,0,146,87,31,146,104800.68,1067.48,10,20,17,71,0,0,0,0,57,0,61,0
421069,35,-0.09,-0.05,-0.55,-0.45,2,0.2,0.2,0.15,30,66.95,146,118,0,118,61,29,10,0,18,0,0,28,0,146,79,39,146,83902.26,857.58,12,30,20,15,7,34,0,0,61,29,28,0
421070,35,-0.09,-0.05,-0.55,-0.45,2,0.2,0.2,0.15,30,63.25,146,118,1,117,0,31,12,0,74,0,0,28,0,146,74,43,146,93836.09,958.64,2,10,3,7,4,91,0,0,0,31,86,0
421071,35,-0.09,-0.05,-0.55,-0.45,2,0.2,0.2,0.15,30,74.36,146,118,1,117,65,0,30,0,22,0,0,28,0,146,87,30,146,108693.16,1111.12,10,20,17,10,5,55,0,0,65,0,52,0
421072,35,-0.09,-0.05,-0.55,-0.45,2,0.2,0.2,0.15,40,66.1,146,118,0,118,65,32,8,0,3,10,0,28,0,146,78,40,146,82690.95,848.41,12,30,20,15,7,6,5,23,65,32,11,10
421073,35,-0.09,-0.05,-0.55,-0.45,2,0.2,0.2,0.15,40,59.48,145,117,1,116,0,35,12,0,13,56,0,28,1,146,69,47,146,96366.73,987.6,2,10,3,7,4,5,3,82,0,35,25,56
421074,35,-0.09,-0.05,-0.55,-0.45,2,0.2,0.2,0.15,40,73.5,146,118,1,117,69,0,26,5,4,13,0,28,0,146,86,31,146,99813.51,1024.02,10,20,17,10,5,3,3,49,69,0,30,18
421075,35,-0.09,-0.05,-0.55,-0.45,2,0.2,0.2,0.15,50,65.25,146,118,0,118,65,33,0,8,0,12,0,28,0,146,77,41,146,81203.2,833.85,12,30,20,15,7,6,5,23,65,33,0,20
421076,35,-0.09,-0.05,-0.55,-0.45,2,0.2,0.2,0.15,50,58.62,145,117,1,116,0,37,0,11,0,68,0,28,1,146,68,48,146,90830.71,930.57,2,10,3,7,4,5,3,82,0,37,0,79
421077,35,-0.09,-0.05,-0.55,-0.45,2,0.2,0.2,0.15,50,72.65,146,118,1,117,69,0,0,32,0,16,0,28,0,146,85,32,146,94629.82,971.84,10,20,17,10,5,3,3,49,69,0,0,48
421078,35,-0.09,-0.05,-0.55,-0.45,2,0.2,0.2,0.15,60,65.25,146,118,0,118,65,33,0,8,0,12,0,28,0,146,77,41,146,81203.2,833.85,12,30,20,15,7,6,5,23,65,33,0,20
421079,35,-0.09,-0.05,-0.55,-0.45,2,0.2,0.2,0.15,60,58.62,145,117,1,116,0,37,0,11,0,68,0,28,1,146,68,48,146,90830.71,930.57,2,10,3,7,4,5,3,82,0,37,0,79
421080,35,-0.09,-0.05,-0.55,-0.45,2,0.2,0.2,0.15,60,72.65,146,118,1,117,69,0,0,32,0,16,0,28,0,146,85,32,146,94629.82,971.84,10,20,17,10,5,3,3,49,69,0,0,48
421081,35,-0.09,-0.05,-0.55,-0.4,1,0.1,0.1,0.15,20,72.22,213,180,0,180,119,32,18,0,11,0,0,33,0,213,130,50,213,61785.37,634.89,74,39,20,47,0,0,0,0,119,32,29,0
421082,35,-0.09,-0.05,-0.55,-0.4,1,0.1,0.1,0.15,20,66.11,213,180,0,180,0,33,28,0,119,0,0,33,0,213,119,61,213,131107.61,1342.81,5,12,7,156,0,0,0,0,0,33,147,0
421083,35,-0.09,-0.05,-0.55,-0.4,1,0.1,0.1,0.15,20,76.67,213,180,0,180,127,0,42,0,11,0,0,33,0,213,138,42,213,83449.24,853.38,69,28,15,68,0,0,0,0,127,0,53,0
421084,35,-0.09,-0.05,-0.55,-0.4,1,0.1,0.1,0.15,30,72.22,213,180,0,180,128,41,9,0,2,0,0,33,0,213,130,50,213,59707.62,614.14,74,39,20,18,8,21,0,0,128,41,11,0
421085,35,-0.09,-0.05,-0.55,-0.4,1,0.1,0.1,0.15,30,62.01,213,180,1,179,0,49,19,0,111,0,0,33,0,213,111,68,213,117590.73,1208.28,5,12,7,9,11,135,0,0,0,49,130,0
421086,35,-0.09,-0.05,-0.55,-0.4,1,0.1,0.1,0.15,30,78.77,213,180,1,179,139,0,38,0,2,0,0,33,0,213,141,38,213,91386.53,937.03,69,28,15,15,2,50,0,0,139,0,40,0
421087,35,-0.09,-0.05,-0.55,-0.4,1,0.1,0.1,0.15,40,73.18,213,180,1,179,129,43,5,0,2,0,0,33,0,213,131,48,213,58980.51,608.54,74,39,20,18,8,10,1,9,129,43,7,0
421088,35,-0.09,-0.05,-0.55,-0.4,1,0.1,0.1,0.15,40,54.8,212,179,2,177,0,53,22,5,18,79,0,33,1,213,97,80,213,117185.63,1204.34,5,12,7,9,11,5,4,124,0,53,40,84
421089,35,-0.09,-0.05,-0.55,-0.4,1,0.1,0.1,0.15,40,80.9,213,180,2,178,141,0,26,8,2,1,0,33,0,213,144,34,213,85019.22,873.85,69,28,15,15,2,10,0,39,141,0,28,9
421090,35,-0.09,-0.05,-0.55,-0.4,1,0.1,0.1,0.15,50,72.07,213,180,1,179,129,44,0,6,0,0,0,33,0,213,129,50,213,57219.07,590.8,74,39,20,18,8,10,1,9,129,44,0,6
421091,35,-0.09,-0.05,-0.55,-0.4,1,0.1,0.1,0.15,50,54.8,212,179,2,177,0,55,0,25,0,97,0,33,1,213,97,80,213,110427.88,1134.07,5,12,7,9,11,5,4,124,0,55,0,122
421092,35,-0.09,-0.05,-0.55,-0.4,1,0.1,0.1,0.15,50,79.78,213,180,2,178,141,0,0,36,0,1,0,33,0,213,142,36,213,80512.62,828.63,69,28,15,15,2,10,0,39,141,0,0,37
421093,35,-0.09,-0.05,-0.55,-0.4,1,0.1,0.1,0.15,60,72.07,213,180,1,179,129,44,0,6,0,0,0,33,0,213,129,50,213,57219.07,590.8,74,39,20,18,8,10,1,9,129,44,0,6
421094,35,-0.09,-0.05,-0.55,-0.4,1,0.1,0.1,0.15,60,54.8,212,179,2,177,0,55,0,25,0,97,0,33,1,213,97,80,213,110427.88,1134.07,5,12,7,9,11,5,4,124,0,55,0,122
421095,35,-0.09,-0.05,-0.55,-0.4,1,0.1,0.1,0.15,60,79.78,213,180,2,178,141,0,0,36,0,1,0,33,0,213,142,36,213,80512.62,828.63,69,28,15,15,2,10,0,39,141,0,0,37
421096,35,-0.09,-0.05,-0.55,-0.4,1,0.1,0.2,0.15,20,67.22,213,180,0,180,73,33,26,0,48,0,0,33,0,213,121,59,213,115297.0,1184.13,15,38,32,95,0,0,0,0,73,33,74,0
421097,35,-0.09,-0.05,-0.55,-0.4,1,0.1,0.2,0.15,20,66.11,213,180,0,180,0,33,28,0,119,0,0,33,0,213,119,61,213,131107.61,1342.81,5,12,7,156,0,0,0,0,0,33,147,0
421098,35,-0.09,-0.05,-0.55,-0.4,1,0.1,0.2,0.15,20,72.22,213,180,0,180,76,0,50,0,54,0,0,33,0,213,130,50,213,141430.14,1448.18,10,26,25,119,0,0,0,0,76,0,104,0
421099,35,-0.09,-0.05,-0.55,-0.4,1,0.1,0.2,0.15,30,64.44,213,180,0,180,87,47,17,0,29,0,0,33,0,213,116,64,213,112473.64,1158.11,15,38,32,21,19,55,0,0,87,47,46,0
421100,35,-0.09,-0.05,-0.55,-0.4,1,0.1,0.2,0.15,30,62.01,213,180,1,179,0,49,19,0,111,0,0,33,0,213,111,68,213,117590.73,1208.28,5,12,7,9,11,135,0,0,0,49,130,0
421101,35,-0.09,-0.05,-0.55,-0.4,1,0.1,0.2,0.15,30,71.51,213,180,1,179,93,0,51,0,35,0,0,33,0,213,128,51,213,148250.36,1523.18,10,26,25,15,11,92,0,0,93,0,86,0
421102,35,-0.09,-0.05,-0.55,-0.4,1,0.1,0.2,0.15,40,60.34,213,180,1,179,92,50,16,5,5,11,0,33,0,213,108,71,213,104526.63,1078.02,15,38,32,21,19,9,5,40,92,50,21,16
421103,35,-0.09,-0.05,-0.55,-0.4,1,0.1,0.2,0.15,40,54.8,212,179,2,177,0,53,22,5,18,79,0,33,1,213,97,80,213,117185.63,1204.34,5,12,7,9,11,5,4,124,0,53,40,84
421104,35,-0.09,-0.05,-0.55,-0.4,1,0.1,0.2,0.15,40,67.98,213,180,2,178,99,0,42,15,7,15,0,33,0,213,121,57,213,132760.21,1366.74,10,26,25,15,11,6,3,82,99,0,49,30
421105,35,-0.09,-0.05,-0.55,-0.4,1,0.1,0.2,0.15,50,60.34,213,180,1,179,92,51,0,20,0,16,0,33,0,213,108,71,213,102292.7,1055.32,15,38,32,21,19,9,5,40,92,51,0,36
421106,35,-0.09,-0.05,-0.55,-0.4,1,0.1,0.2,0.15,50,54.8,212,179,2,177,0,55,0,25,0,97,0,33,1,213,97,80,213,110427.88,1134.07,5,12,7,9,11,5,4,124,0,55,0,122
421107,35,-0.09,-0.05,-0.55,-0.4,1,0.1,0.2,0.15,50,67.42,213,180,2,178,99,0,0,58,0,21,0,33,0,213,120,58,213,125315.18,1291.64,10,26,25,15,11,6,3,82,99,0,0,79
421108,35,-0.09,-0.05,-0.55,-0.4,1,0.1,0.2,0.15,60,60.34,213,180,1,179,92,51,0,20,0,16,0,33,0,213,108,71,213,102292.7,1055.32,15,38,32,21,19,9,5,40,92,51,0,36
421109,35,-0.09,-0.05,-0.55,-0.4,1,0.1,0.2,0.15,60,54.8,212,179,2,177,0,55,0,25,0,97,0,33,1,213,97,80,213,110427.88,1134.07,5,12,7,9,11,5,4,124,0,55,0,122
421110,35,-0.09,-0.05,-0.55,-0.4,1,0.1,0.2,0.15,60,67.42,213,180,2,178,99,0,0,58,0,21,0,33,0,213,120,58,213,125315.18,1291.64,10,26,25,15,11,6,3,82,99,0,0,79
421111,35,-0.09,-0.05,-0.55,-0.4,1,0.2,0.1,0.15,20,72.22,213,180,0,180,119,32,18,0,11,0,0,33,0,213,130,50,213,61785.37,634.89,74,39,20,47,0,0,0,0,119,32,29,0
421112,35,-0.09,-0.05,-0.55,-0.4,1,0.2,0.1,0.15,20,66.11,213,180,0,180,0,33,28,0,119,0,0,33,0,213,119,61,213,131107.61,1342.81,5,12,7,156,0,0,0,0,0,33,147,0
421113,35,-0.09,-0.05,-0.55,-0.4,1,0.2,0.1,0.15,20,76.67,213,180,0,180,127,0,42,0,11,0,0,33,0,213,138,42,213,83449.24,853.38,69,28,15,68,0,0,0,0,127,0,53,0
421114,35,-0.09,-0.05,-0.55,-0.4,1,0.2,0.1,0.15,30,72.22,213,180,0,180,128,41,9,0,2,0,0,33,0,213,130,50,213,59707.62,614.14,74,39,20,18,8,21,0,0,128,41,11,0
421115,35,-0.09,-0.05,-0.55,-0.4,1,0.2,0.1,0.15,30,62.01,213,180,1,179,0,49,19,0,111,0,0,33,0,213,111,68,213,117590.73,1208.28,5,12,7,9,11,135,0,0,0,49,130,0
421116,35,-0.09,-0.05,-0.55,-0.4,1,0.2,0.1,0.15,30,78.77,213,180,1,179,139,0,38,0,2,0,0,33,0,213,141,38,213,91386.53,937.03,69,28,15,15,2,50,0,0,139,0,40,0
421117,35,-0.09,-0.05,-0.55,-0.4,1,0.2,0.1,0.15,40,73.18,213,180,1,179,129,43,5,0,2,0,0,33,0,213,131,48,213,58980.51,608.54,74,39,20,18,8,10,1,9,129,43,7,0
421118,35,-0.09,-0.05,-0.55,-0.4,1,0.2,0.1,0.15,40,54.8,212,179,2,177,0,53,22,5,18,79,0,33,1,213,97,80,213,117185.63,1204.34,5,12,7,9,11,5,4,124,0,53,40,84
421119,35,-0.09,-0.05,-0.55,-0.4,1,0.2,0.1,0.15,40,80.9,213,180,2,178,141,0,26,8,2,1,0,33,0,213,144,34,213,85019.22,873.85,69,28,15,15,2,10,0,39,141,0,28,9
421120,35,-0.09,-0.05,-0.55,-0.4,1,0.2,0.1,0.15,50,72.07,213,180,1,179,129,44,0,6,0,0,0,33,0,213,129,50,213,57219.07,590.8,74,39,20,18,8,10,1,9,129,44,0,6
421121,35,-0.09,-0.05,-0.55,-0.4,1,0.2,0.1,0.15,50,54.8,212,179,2,177,0,55,0,25,0,97,0,33,1,213,97,80,213,110427.88,1134.07,5,12,7,9,11,5,4,124,0,55,0,122
421122,35,-0.09,-0.05,-0.55,-0.4,1,0.2,0.1,0.15,50,79.78,213,180,2,178,141,0,0,36,0,1,0,33,0,213,142,36,213,80512.62,828.63,69,28,15,15,2,10,0,39,141,0,0,37
421123,35,-0.09,-0.05,-0.55,-0.4,1,0.2,0.1,0.15,60,72.07,213,180,1,179,129,44,0,6,0,0,0,33,0,213,129,50,213,57219.07,590.8,74,39,20,18,8,10,1,9,129,44,0,6
421124,35,-0.09,-0.05,-0.55,-0.4,1,0.2,0.1,0.15,60,54.8,212,179,2,177,0,55,0,25,0,97,0,33,1,213,97,80,213,110427.88,1134.07,5,12,7,9,11,5,4,124,0,55,0,122
421125,35,-0.09,-0.05,-0.55,-0.4,1,0.2,0.1,0.15,60,79.78,213,180,2,178,141,0,0,36,0,1,0,33,0,213,142,36,213,80512.62,828.63,69,28,15,15,2,10,0,39,141,0,0,37
421126,35,-0.09,-0.05,-0.55,-0.4,1,0.2,0.2,0.15,20,67.22,213,180,0,180,73,33,26,0,48,0,0,33,0,213,121,59,213,115297.0,1184.13,15,38,32,95,0,0,0,0,73,33,74,0
421127,35,-0.09,-0.05,-0.55,-0.4,1,0.2,0.2,0.15,20,66.11,213,180,0,180,0,33,28,0,119,0,0,33,0,213,119,61,213,131107.61,1342.81,5,12,7,156,0,0,0,0,0,33,147,0
421128,35,-0.09,-0.05,-0.55,-0.4,1,0.2,0.2,0.15,20,72.22,213,180,0,180,76,0,50,0,54,0,0,33,0,213,130,50,213,141430.14,1448.18,10,26,25,119,0,0,0,0,76,0,104,0
421129,35,-0.09,-0.05,-0.55,-0.4,1,0.2,0.2,0.15,30,64.44,213,180,0,180,87,47,17,0,29,0,0,33,0,213,116,64,213,112473.64,1158.11,15,38,32,21,19,55,0,0,87,47,46,0
421130,35,-0.09,-0.05,-0.55,-0.4,1,0.2,0.2,0.15,30,62.01,213,180,1,179,0,49,19,0,111,0,0,33,0,213,111,68,213,117590.73,1208.28,5,12,7,9,11,135,0,0,0,49,130,0
421131,35,-0.09,-0.05,-0.55,-0.4,1,0.2,0.2,0.15,30,71.51,213,180,1,179,93,0,51,0,35,0,0,33,0,213,128,51,213,148250.36,1523.18,10,26,25,15,11,92,0,0,93,0,86,0
421132,35,-0.09,-0.05,-0.55,-0.4,1,0.2,0.2,0.15,40,60.34,213,180,1,179,92,50,16,5,5,11,0,33,0,213,108,71,213,104526.63,1078.02,15,38,32,21,19,9,5,40,92,50,21,16
421133,35,-0.09,-0.05,-0.55,-0.4,1,0.2,0.2,0.15,40,54.8,212,179,2,177,0,53,22,5,18,79,0,33,1,213,97,80,213,117185.63,1204.34,5,12,7,9,11,5,4,124,0,53,40,84
421134,35,-0.09,-0.05,-0.55,-0.4,1,0.2,0.2,0.15,40,67.98,213,180,2,178,99,0,42,15,7,15,0,33,0,213,121,57,213,132760.21,1366.74,10,26,25,15,11,6,3,82,99,0,49,30
421135,35,-0.09,-0.05,-0.55,-0.4,1,0.2,0.2,0.15,50,60.34,213,180,1,179,92,51,0,20,0,16,0,33,0,213,108,71,213,102292.7,1055.32,15,38,32,21,19,9,5,40,92,51,0,36
421136,35,-0.09,-0.05,-0.55,-0.4,1,0.2,0.2,0.15,50,54.8,212,179,2,177,0,55,0,25,0,97,0,33,1,213,97,80,213,110427.88,1134.07,5,12,7,9,11,5,4,124,0,55,0,122
421137,35,-0.09,-0.05,-0.55,-0.4,1,0.2,0.2,0.15,50,67.42,213,180,2,178,99,0,0,58,0,21,0,33,0,213,120,58,213,125315.18,1291.64,10,26,25,15,11,6,3,82,99,0,0,79
421138,35,-0.09,-0.05,-0.55,-0.4,1,0.2,0.2,0.15,60,60.34,213,180,1,179,92,51,0,20,0,16,0,33,0,213,108,71,213,102292.7,1055.32,15,38,32,21,19,9,5,40,92,51,0,36
421139,35,-0.09,-0.05,-0.55,-0.4,1,0.2,0.2,0.15,60,54.8,212,179,2,177,0,55,0,25,0,97,0,33,1,213,97,80,213,110427.88,1134.07,5,12,7,9,11,5,4,124,0,55,0,122
421140,35,-0.09,-0.05,-0.55,-0.4,1,0.2,0.2,0.15,60,67.42,213,180,2,178,99,0,0,58,0,21,0,33,0,213,120,58,213,125315.18,1291.64,10,26,25,15,11,6,3,82,99,0,0,79
421141,35,-0.09,-0.05,-0.55,-0.4,2,0.1,0.1,0.15,20,75.56,213,180,0,180,126,32,12,0,10,0,0,33,0,213,136,44,213,72629.21,888.91,76,41,25,38,0,0,0,0,126,32,22,0
421142,35,-0.09,-0.05,-0.55,-0.4,2,0.1,0.1,0.15,20,68.89,213,180,0,180,0,33,23,0,124,0,0,33,0,213,124,56,213,154713.64,1635.36,5,12,7,156,0,0,0,0,0,33,147,0
421143,35,-0.09,-0.05,-0.55,-0.4,2,0.1,0.1,0.15,20,81.67,213,180,0,180,134,0,33,0,13,0,0,33,0,213,147,33,213,105922.03,1094.32,71,31,21,57,0,0,0,0,134,0,46,0
421144,35,-0.09,-0.05,-0.55,-0.4,2,0.1,0.1,0.15,30,75.0,213,180,0,180,133,38,7,0,2,0,0,33,0,213,135,45,213,73310.7,887.38,76,41,25,16,7,15,0,0,133,38,9,0
421145,35,-0.09,-0.05,-0.55,-0.4,2,0.1,0.1,0.15,30,62.57,213,180,1,179,0,49,18,0,112,0,0,33,0,213,112,67,213,136008.46,1543.43,5,12,7,9,11,135,0,0,0,49,130,0
421146,35,-0.09,-0.05,-0.55,-0.4,2,0.1,0.1,0.15,30,85.47,213,180,1,179,147,0,26,0,6,0,0,33,0,213,153,26,213,123868.67,1190.14,71,31,21,11,7,38,0,0,147,0,32,0
421147,35,-0.09,-0.05,-0.55,-0.4,2,0.1,0.1,0.15,40,75.98,213,180,1,179,134,39,4,0,2,0,0,33,0,213,136,43,213,72275.01,886.9,76,41,25,16,7,6,0,8,134,39,6,0
421148,35,-0.09,-0.05,-0.55,-0.4,2,0.1,0.1,0.15,40,55.93,212,179,2,177,0,53,21,4,19,80,0,33,1,213,99,78,213,130954.47,1542.11,5,12,7,9,11,5,4,124,0,53,40,84
421149,35,-0.09,-0.05,-0.55,-0.4,2,0.1,0.1,0.15,40,87.08,213,180,2,178,150,0,17,6,3,2,0,33,0,213,155,23,213,120645.32,1177.97,71,31,21,11,7,6,2,29,150,0,20,8
421150,35,-0.09,-0.05,-0.55,-0.4,2,0.1,0.1,0.15,50,74.86,213,180,1,179,134,40,0,5,0,0,0,33,0,213,134,45,213,70211.61,870.79,76,41,25,16,7,6,0,8,134,40,0,5
421151,35,-0.09,-0.05,-0.55,-0.4,2,0.1,0.1,0.15,50,55.37,212,179,2,177,0,55,0,24,0,98,0,33,1,213,98,79,213,122298.86,1470.88,5,12,7,9,11,5,4,124,0,55,0,122
421152,35,-0.09,-0.05,-0.55,-0.4,2,0.1,0.1,0.15,50,85.96,213,180,2,178,150,0,0,25,0,3,0,33,0,213,153,25,213,114928.82,1143.6,71,31,21,11,7,6,2,29,150,0,0,28
421153,35,-0.09,-0.05,-0.55,-0.4,2,0.1,0.1,0.15,60,74.86,213,180,1,179,134,40,0,5,0,0,0,33,0,213,134,45,213,70211.61,870.79,76,41,25,16,7,6,0,8,134,40,0,5
421154,35,-0.09,-0.05,-0.55,-0.4,2,0.1,0.1,0.15,60,55.37,212,179,2,177,0,55,0,24,0,98,0,33,1,213,98,79,213,122298.86,1470.88,5,12,7,9,11,5,4,124,0,55,0,122
421155,35,-0.09,-0.05,-0.55,-0.4,2,0.1,0.1,0.15,60,85.96,213,180,2,178,150,0,0,25,0,3,0,33,0,213,153,25,213,114928.82,1143.6,71,31,21,11,7,6,2,29,150,0,0,28
421156,35,-0.09,-0.05,-0.55,-0.4,2,0.1,0.2,0.15,20,70.0,213,180,0,180,76,33,21,0,50,0,0,33,0,213,126,54,213,132133.53,1458.93,15,41,30,94,0,0,0,0,76,33,71,0
421157,35,-0.09,-0.05,-0.55,-0.4,2,0.1,0.2,0.15,20,68.89,213,180,0,180,0,33,23,0,124,0,0,33,0,213,124,56,213,154713.64,1635.36,5,12,7,156,0,0,0,0,0,33,147,0
421158,35,-0.09,-0.05,-0.55,-0.4,2,0.1,0.2,0.15,20,76.67,213,180,0,180,80,0,42,0,58,0,0,33,0,213,138,42,213,180626.17,1741.47,10,29,24,117,0,0,0,0,80,0,100,0
421159,35,-0.09,-0.05,-0.55,-0.4,2,0.1,0.2,0.15,30,65.0,213,180,0,180,91,47,16,0,26,0,0,33,0,213,117,63,213,128821.55,1470.13,15,41,30,23,19,52,0,0,91,47,42,0
421160,35,-0.09,-0.05,-0.55,-0.4,2,0.1,0.2,0.15,30,62.57,213,180,1,179,0,49,18,0,112,0,0,33,0,213,112,67,213,136008.46,1543.43,5,12,7,9,11,135,0,0,0,49,130,0
421161,35,-0.09,-0.05,-0.55,-0.4,2,0.1,0.2,0.15,30,75.98,213,180,1,179,99,0,43,0,37,0,0,33,0,213,136,43,213,194556.28,1857.5,10,29,24,17,11,88,0,0,99,0,80,0
421162,35,-0.09,-0.05,-0.55,-0.4,2,0.1,0.2,0.15,40,61.45,213,180,1,179,97,50,15,4,5,8,0,33,0,213,110,69,213,117549.68,1394.91,15,41,30,23,19,10,7,34,97,50,20,12
421163,35,-0.09,-0.05,-0.55,-0.4,2,0.1,0.2,0.15,40,55.93,212,179,2,177,0,53,21,4,19,80,0,33,1,213,99,78,213,130954.47,1542.11,5,12,7,9,11,5,4,124,0,53,40,84
421164,35,-0.09,-0.05,-0.55,-0.4,2,0.1,0.2,0.15,40,70.79,213,180,2,178,107,0,39,13,8,11,0,33,0,213,126,52,213,168381.53,1706.63,10,29,24,17,11,8,5,74,107,0,47,24
421165,35,-0.09,-0.05,-0.55,-0.4,2,0.1,0.2,0.15,50,61.45,213,180,1,179,97,51,0,18,0,13,0,33,0,213,110,69,213,114772.34,1376.57,15,41,30,23,19,10,7,34,97,51,0,31
421166,35,-0.09,-0.05,-0.55,-0.4,2,0.1,0.2,0.15,50,55.37,212,179,2,177,0,55,0,24,0,98,0,33,1,213,98,79,213,122298.86,1470.88,5,12,7,9,11,5,4,124,0,55,0,122
421167,35,-0.09,-0.05,-0.55,-0.4,2,0.1,0.2,0.15,50,70.79,213,180,2,178,107,0,0,52,0,19,0,33,0,213,126,52,213,156106.96,1640.57,10,29,24,17,11,8,5,74,107,0,0,71
421168,35,-0.09,-0.05,-0.55,-0.4,2,0.1,0.2,0.15,60,61.45,213,180,1,179,97,51,0,18,0,13,0,33,0,213,110,69,213,114772.34,1376.57,15,41,30,23,19,10,7,34,97,51,0,31
421169,35,-0.09,-0.05,-0.55,-0.4,2,0.1,0.2,0.15,60,55.37,212,179,2,177,0,55,0,24,0,98,0,33,1,213,98,79,213,122298.86,1470.88,5,12,7,9,11,5,4,124,0,55,0,122
421170,35,-0.09,-0.05,-0.55,-0.4,2,0.1,0.2,0.15,60,70.79,213,180,2,178,107,0,0,52,0,19,0,33,0,213,126,52,213,156106.96,1640.57,10,29,24,17,11,8,5,74,107,0,0,71
421171,35,-0.09,-0.05,-0.55,-0.4,2,0.2,0.1,0.15,20,72.22,213,180,0,180,119,32,18,0,11,0,0,33,0,213,130,50,213,61785.37,634.89,74,39,20,47,0,0,0,0,119,32,29,0
421172,35,-0.09,-0.05,-0.55,-0.4,2,0.2,0.1,0.15,20,66.11,213,180,0,180,0,33,28,0,119,0,0,33,0,213,119,61,213,131107.61,1342.81,5,12,7,156,0,0,0,0,0,33,147,0
421173,35,-0.09,-0.05,-0.55,-0.4,2,0.2,0.1,0.15,20,76.67,213,180,0,180,127,0,42,0,11,0,0,33,0,213,138,42,213,83449.24,853.38,69,28,15,68,0,0,0,0,127,0,53,0
421174,35,-0.09,-0.05,-0.55,-0.4,2,0.2,0.1,0.15,30,72.22,213,180,0,180,128,41,9,0,2,0,0,33,0,213,130,50,213,59707.62,614.14,74,39,20,18,8,21,0,0,128,41,11,0
421175,35,-0.09,-0.05,-0.55,-0.4,2,0.2,0.1,0.15,30,62.01,213,180,1,179,0,49,19,0,111,0,0,33,0,213,111,68,213,117590.73,1208.28,5,12,7,9,11,135,0,0,0,49,130,0
421176,35,-0.09,-0.05,-0.55,-0.4,2,0.2,0.1,0.15,30,78.77,213,180,1,179,139,0,38,0,2,0,0,33,0,213,141,38,213,91386.53,937.03,69,28,15,15,2,50,0,0,139,0,40,0
421177,35,-0.09,-0.05,-0.55,-0.4,2,0.2,0.1,0.15,40,73.18,213,180,1,179,129,43,5,0,2,0,0,33,0,213,131,48,213,58980.51,608.54,74,39,20,18,8,10,1,9,129,43,7,0
421178,35,-0.09,-0.05,-0.55,-0.4,2,0.2,0.1,0.15,40,54.8,212,179,2,177,0,53,22,5,18,79,0,33,1,213,97,80,213,117185.63,1204.34,5,12,7,9,11,5,4,124,0,53,40,84
421179,35,-0.09,-0.05,-0.55,-0.4,2,0.2,0.1,0.15,40,80.9,213,180,2,178,141,0,26,8,2,1,0,33,0,213,144,34,213,85019.22,873.85,69,28,15,15,2,10,0,39,141,0,28,9
421180,35,-0.09,-0.05,-0.55,-0.4,2,0.2,0.1,0.15,50,72.07,213,180,1,179,129,44,0,6,0,0,0,33,0,213,129,50,213,57219.07,590.8,74,39,20,18,8,10,1,9,129,44,0,6
421181,35,-0.09,-0.05,-0.55,-0.4,2,0.2,0.1,0.15,50,54.8,212,179,2,177,0,55,0,25,0,97,0,33,1,213,97,80,213,110427.88,1134.07,5,12,7,9,11,5,4,124,0,55,0,122
421182,35,-0.09,-0.05,-0.55,-0.4,2,0.2,0.1,0.15,50,79.78,213,180,2,178,141,0,0,36,0,1,0,33,0,213,142,36,213,80512.62,828.63,69,28,15,15,2,10,0,39,141,0,0,37
421183,35,-0.09,-0.05,-0.55,-0.4,2,0.2,0.1,0.15,60,72.07,213,180,1,179,129,44,0,6,0,0,0,33,0,213,129,50,213,57219.07,590.8,74,39,20,18,8,10,1,9,129,44,0,6
421184,35,-0.09,-0.05,-0.55,-0.4,2,0.2,0.1,0.15,60,54.8,212,179,2,177,0,55,0,25,0,97,0,33,1,213,97,80,213,110427.88,1134.07,5,12,7,9,11,5,4,124,0,55,0,122
421185,35,-0.09,-0.05,-0.55,-0.4,2,0.2,0.1,0.15,60,79.78,213,180,2,178,141,0,0,36,0,1,0,33,0,213,142,36,213,80512.62,828.63,69,28,15,15,2,10,0,39,141,0,0,37
421186,35,-0.09,-0.05,-0.55,-0.4,2,0.2,0.2,0.15,20,67.22,213,180,0,180,73,33,26,0,48,0,0,33,0,213,121,59,213,115297.0,1184.13,15,38,32,95,0,0,0,0,73,33,74,0
421187,35,-0.09,-0.05,-0.55,-0.4,2,0.2,0.2,0.15,20,66.11,213,180,0,180,0,33,28,0,119,0,0,33,0,213,119,61,213,131107.61,1342.81,5,12,7,156,0,0,0,0,0,33,147,0
421188,35,-0.09,-0.05,-0.55,-0.4,2,0.2,0.2,0.15,20,72.22,213,180,0,180,76,0,50,0,54,0,0,33,0,213,130,50,213,141430.14,1448.18,10,26,25,119,0,0,0,0,76,0,104,0
421189,35,-0.09,-0.05,-0.55,-0.4,2,0.2,0.2,0.15,30,64.44,213,180,0,180,87,47,17,0,29,0,0,33,0,213,116,64,213,112473.64,1158.11,15,38,32,21,19,55,0,0,87,47,46,0
421190,35,-0.09,-0.05,-0.55,-0.4,2,0.2,0.2,0.15,30,62.01,213,180,1,179,0,49,19,0,111,0,0,33,0,213,111,68,213,117590.73,1208.28,5,12,7,9,11,135,0,0,0,49,130,0
421191,35,-0.09,-0.05,-0.55,-0.4,2,0.2,0.2,0.15,30,71.51,213,180,1,179,93,0,51,0,35,0,0,33,0,213,128,51,213,148250.36,1523.18,10,26,25,15,11,92,0,0,93,0,86,0
421192,35,-0.09,-0.05,-0.55,-0.4,2,0.2,0.2,0.15,40,60.34,213,180,1,179,92,50,16,5,5,11,0,33,0,213,108,71,213,104526.63,1078.02,15,38,32,21,19,9,5,40,92,50,21,16
421193,35,-0.09,-0.05,-0.55,-0.4,2,0.2,0.2,0.15,40,54.8,212,179,2,177,0,53,22,5,18,79,0,33,1,213,97,80,213,117185.63,1204.34,5,12,7,9,11,5,4,124,0,53,40,84
421194,35,-0.09,-0.05,-0.55,-0.4,2,0.2,0.2,0.15,40,67.98,213,180,2,178,99,0,42,15,7,15,0,33,0,213,121,57,213,132760.21,1366.74,10,26,25,15,11,6,3,82,99,0,49,30
421195,35,-0.09,-0.05,-0.55,-0.4,2,0.2,0.2,0.15,50,60.34,213,180,1,179,92,51,0,20,0,16,0,33,0,213,108,71,213,102292.7,1055.32,15,38,32,21,19,9,5,40,92,51,0,36
421196,35,-0.09,-0.05,-0.55,-0.4,2,0.2,0.2,0.15,50,54.8,212,179,2,177,0,55,0,25,0,97,0,33,1,213,97,80,213,110427.88,1134.07,5,12,7,9,11,5,4,124,0,55,0,122
421197,35,-0.09,-0.05,-0.55,-0.4,2,0.2,0.2,0.15,50,67.42,213,180,2,178,99,0,0,58,0,21,0,33,0,213,120,58,213,125315.18,1291.64,10,26,25,15,11,6,3,82,99,0,0,79
421198,35,-0.09,-0.05,-0.55,-0.4,2,0.2,0.2,0.15,60,60.34,213,180,1,179,92,51,0,20,0,16,0,33,0,213,108,71,213,102292.7,1055.32,15,38,32,21,19,9,5,40,92,51,0,36
421199,35,-0.09,-0.05,-0.55,-0.4,2,0.2,0.2,0.15,60,54.8,212,179,2,177,0,55,0,25,0,97,0,33,1,213,97,80,213,110427.88,1134.07,5,12,7,9,11,5,4,124,0,55,0,122
421200,35,-0.09,-0.05,-0.55,-0.4,2,0.2,0.2,0.15,60,67.42,213,180,2,178,99,0,0,58,0,21,0,33,0,213,120,58,213,125315.18,1291.64,10,26,25,15,11,6,3,82,99,0,0,79
421201,35,-0.09,-0.05,-0.55,-0.35,1,0.1,0.1,0.15,20,72.2,278,241,0,241,157,41,26,0,17,0,0,37,1,279,174,67,279,81282.96,831.58,104,49,23,65,0,0,0,0,157,41,43,0
421202,35,-0.09,-0.05,-0.55,-0.35,1,0.1,0.1,0.15,20,65.98,278,241,0,241,0,43,39,0,159,0,0,37,1,279,159,82,279,161245.83,1650.76,9,16,7,209,0,0,0,0,0,43,198,0
421203,35,-0.09,-0.05,-0.55,-0.35,1,0.1,0.1,0.15,20,75.93,278,241,0,241,166,0,58,0,17,0,0,37,1,279,183,58,279,107049.04,1094.22,95,35,18,93,0,0,0,0,166,0,75,0
421204,35,-0.09,-0.05,-0.55,-0.35,1,0.1,0.1,0.15,30,71.37,278,241,0,241,169,54,15,0,3,0,0,37,1,279,172,69,279,76172.58,779.43,104,49,23,22,12,31,0,0,169,54,18,0
421205,35,-0.09,-0.05,-0.55,-0.35,1,0.1,0.1,0.15,30,61.25,278,241,1,240,0,64,29,0,147,0,0,37,1,279,147,93,279,143700.47,1474.54,9,16,7,11,14,183,0,0,0,64,176,0
421206,35,-0.09,-0.05,-0.55,-0.35,1,0.1,0.1,0.15,30,77.5,278,241,1,240,182,0,54,0,4,0,0,37,1,279,186,54,279,116273.78,1191.44,95,35,18,18,5,69,0,0,182,0,58,0
421207,35,-0.09,-0.05,-0.55,-0.35,1,0.1,0.1,0.15,40,71.67,278,241,1,240,170,58,8,2,2,0,0,37,1,279,172,68,279,74485.54,764.2,104,49,23,22,12,13,2,15,170,58,10,2
421208,35,-0.09,-0.05,-0.55,-0.35,1,0.1,0.1,0.15,40,55.04,277,240,2,238,0,71,28,8,30,101,0,37,2,279,131,107,279,138516.94,1420.73,9,16,7,11,14,7,6,168,0,71,58,109
421209,35,-0.09,-0.05,-0.55,-0.35,1,0.1,0.1,0.15,40,78.66,278,241,2,239,185,0,39,12,2,1,0,37,1,279,188,51,279,106249.81,1089.17,95,35,18,18,5,11,1,56,185,0,41,13
421210,35,-0.09,-0.05,-0.55,-0.35,1,0.1,0.1,0.15,50,70.83,278,241,1,240,170,59,0,11,0,0,0,37,1,279,170,70,279,72984.34,749.07,104,49,23,22,12,13,2,15,170,59,0,11
421211,35,-0.09,-0.05,-0.55,-0.35,1,0.1,0.1,0.15,50,54.62,277,240,2,238,0,73,0,35,0,130,0,37,2,279,130,108,279,129940.32,1331.37,9,16,7,11,14,7,6,168,0,73,0,165
421212,35,-0.09,-0.05,-0.55,-0.35,1,0.1,0.1,0.15,50,78.24,278,241,2,239,185,0,0,52,0,2,0,37,1,279,187,52,279,103499.69,1062.86,95,35,18,18,5,11,1,56,185,0,0,54
421213,35,-0.09,-0.05,-0.55,-0.35,1,0.1,0.1,0.15,60,70.83,278,241,1,240,170,59,0,11,0,0,0,37,1,279,170,70,279,72984.34,749.07,104,49,23,22,12,13,2,15,170,59,0,11
421214,35,-0.09,-0.05,-0.55,-0.35,1,0.1,0.1,0.15,60,54.62,277,240,2,238,0,73,0,35,0,130,0,37,2,279,130,108,279,129940.32,1331.37,9,16,7,11,14,7,6,168,0,73,0,165
421215,35,-0.09,-0.05,-0.55,-0.35,1,0.1,0.1,0.15,60,78.24,278,241,2,239,185,0,0,52,0,2,0,37,1,279,187,52,279,103499.69,1062.86,95,35,18,18,5,11,1,56,185,0,0,54
421216,35,-0.09,-0.05,-0.55,-0.35,1,0.1,0.2,0.15,20,66.8,278,241,0,241,91,43,37,0,70,0,0,37,1,279,161,80,279,148737.89,1524.22,25,44,40,132,0,0,0,0,91,43,107,0
421217,35,-0.09,-0.05,-0.55,-0.35,1,0.1,0.2,0.15,20,65.98,278,241,0,241,0,43,39,0,159,0,0,37,1,279,159,82,279,161245.83,1650.76,9,16,7,209,0,0,0,0,0,43,198,0
421218,35,-0.09,-0.05,-0.55,-0.35,1,0.1,0.2,0.15,20,71.37,278,241,0,241,95,0,69,0,77,0,0,37,1,279,172,69,279,181720.17,1860.75,16,28,33,164,0,0,0,0,95,0,146,0
421219,35,-0.09,-0.05,-0.55,-0.35,1,0.1,0.2,0.15,30,63.49,278,241,0,241,111,62,26,0,42,0,0,37,1,279,153,88,279,142945.14,1469.59,25,44,40,25,26,81,0,0,111,62,68,0
421220,35,-0.09,-0.05,-0.55,-0.35,1,0.1,0.2,0.15,30,61.25,278,241,1,240,0,64,29,0,147,0,0,37,1,279,147,93,279,143700.47,1474.54,9,16,7,11,14,183,0,0,0,64,176,0
421221,35,-0.09,-0.05,-0.55,-0.35,1,0.1,0.2,0.15,30,70.42,278,241,1,240,119,0,71,0,50,0,0,37,1,279,169,71,279,190951.31,1962.64,16,28,33,18,15,130,0,0,119,0,121,0
421222,35,-0.09,-0.05,-0.55,-0.35,1,0.1,0.2,0.15,40,59.17,278,241,1,240,119,68,22,8,7,16,0,37,1,279,142,98,279,132958.33,1368.24,25,44,40,25,26,13,9,58,119,68,29,24
421223,35,-0.09,-0.05,-0.55,-0.35,1,0.1,0.2,0.15,40,55.04,277,240,2,238,0,71,28,8,30,101,0,37,2,279,131,107,279,138516.94,1420.73,9,16,7,11,14,7,6,168,0,71,58,109
421224,35,-0.09,-0.05,-0.55,-0.35,1,0.1,0.2,0.15,40,66.53,278,241,2,239,129,0,60,20,9,21,0,37,1,279,159,80,279,170761.86,1755.91,16,28,33,18,15,9,7,113,129,0,69,41
421225,35,-0.09,-0.05,-0.55,-0.35,1,0.1,0.2,0.15,50,59.17,278,241,1,240,119,69,0,29,0,23,0,37,1,279,142,98,279,130031.65,1338.59,25,44,40,25,26,13,9,58,119,69,0,52
421226,35,-0.09,-0.05,-0.55,-0.35,1,0.1,0.2,0.15,50,54.62,277,240,2,238,0,73,0,35,0,130,0,37,2,279,130,108,279,129940.32,1331.37,9,16,7,11,14,7,6,168,0,73,0,165
421227,35,-0.09,-0.05,-0.55,-0.35,1,0.1,0.2,0.15,50,66.53,278,241,2,239,129,0,0,80,0,30,0,37,1,279,159,80,279,163707.02,1685.97,16,28,33,18,15,9,7,113,129,0,0,110
421228,35,-0.09,-0.05,-0.55,-0.35,1,0.1,0.2,0.15,60,59.17,278,241,1,240,119,69,0,29,0,23,0,37,1,279,142,98,279,130031.65,1338.59,25,44,40,25,26,13,9,58,119,69,0,52
421229,35,-0.09,-0.05,-0.55,-0.35,1,0.1,0.2,0.15,60,54.62,277,240,2,238,0,73,0,35,0,130,0,37,2,279,130,108,279,129940.32,1331.37,9,16,7,11,14,7,6,168,0,73,0,165
421230,35,-0.09,-0.05,-0.55,-0.35,1,0.1,0.2,0.15,60,66.53,278,241,2,239,129,0,0,80,0,30,0,37,1,279,159,80,279,163707.02,1685.97,16,28,33,18,15,9,7,113,129,0,0,110
421231,35,-0.09,-0.05,-0.55,-0.35,1,0.2,0.1,0.15,20,72.2,278,241,0,241,157,41,26,0,17,0,0,37,1,279,174,67,279,81282.96,831.58,104,49,23,65,0,0,0,0,157,41,43,0
421232,35,-0.09,-0.05,-0.55,-0.35,1,0.2,0.1,0.15,20,65.98,278,241,0,241,0,43,39,0,159,0,0,37,1,279,159,82,279,161245.83,1650.76,9,16,7,209,0,0,0,0,0,43,198,0
421233,35,-0.09,-0.05,-0.55,-0.35,1,0.2,0.1,0.15,20,75.93,278,241,0,241,166,0,58,0,17,0,0,37,1,279,183,58,279,107049.04,1094.22,95,35,18,93,0,0,0,0,166,0,75,0
421234,35,-0.09,-0.05,-0.55,-0.35,1,0.2,0.1,0.15,30,71.37,278,241,0,241,169,54,15,0,3,0,0,37,1,279,172,69,279,76172.58,779.43,104,49,23,22,12,31,0,0,169,54,18,0
421235,35,-0.09,-0.05,-0.55,-0.35,1,0.2,0.1,0.15,30,61.25,278,241,1,240,0,64,29,0,147,0,0,37,1,279,147,93,279,143700.47,1474.54,9,16,7,11,14,183,0,0,0,64,176,0
421236,35,-0.09,-0.05,-0.55,-0.35,1,0.2,0.1,0.15,30,77.5,278,241,1,240,182,0,54,0,4,0,0,37,1,279,186,54,279,116273.78,1191.44,95,35,18,18,5,69,0,0,182,0,58,0
421237,35,-0.09,-0.05,-0.55,-0.35,1,0.2,0.1,0.15,40,71.67,278,241,1,240,170,58,8,2,2,0,0,37,1,279,172,68,279,74485.54,764.2,104,49,23,22,12,13,2,15,170,58,10,2
421238,35,-0.09,-0.05,-0.55,-0.35,1,0.2,0.1,0.15,40,55.04,277,240,2,238,0,71,28,8,30,101,0,37,2,279,131,107,279,138516.94,1420.73,9,16,7,11,14,7,6,168,0,71,58,109
421239,35,-0.09,-0.05,-0.55,-0.35,1,0.2,0.1,0.15,40,78.66,278,241,2,239,185,0,39,12,2,1,0,37,1,279,188,51,279,106249.81,1089.17,95,35,18,18,5,11,1,56,185,0,41,13
421240,35,-0.09,-0.05,-0.55,-0.35,1,0.2,0.1,0.15,50,70.83,278,241,1,240,170,59,0,11,0,0,0,37,1,279,170,70,279,72984.34,749.07,104,49,23,22,12,13,2,15,170,59,0,11
421241,35,-0.09,-0.05,-0.55,-0.35,1,0.2,0.1,0.15,50,54.62,277,240,2,238,0,73,0,35,0,130,0,37,2,279,130,108,279,129940.32,1331.37,9,16,7,11,14,7,6,168,0,73,0,165
421242,35,-0.09,-0.05,-0.55,-0.35,1,0.2,0.1,0.15,50,78.24,278,241,2,239,185,0,0,52,0,2,0,37,1,279,187,52,279,103499.69,1062.86,95,35,18,18,5,11,1,56,185,0,0,54
421243,35,-0.09,-0.05,-0.55,-0.35,1,0.2,0.1,0.15,60,70.83,278,241,1,240,170,59,0,11,0,0,0,37,1,279,170,70,279,72984.34,749.07,104,49,23,22,12,13,2,15,170,59,0,11
421244,35,-0.09,-0.05,-0.55,-0.35,1,0.2,0.1,0.15,60,54.62,277,240,2,238,0,73,0,35,0,130,0,37,2,279,130,108,279,129940.32,1331.37,9,16,7,11,14,7,6,168,0,73,0,165
421245,35,-0.09,-0.05,-0.55,-0.35,1,0.2,0.1,0.15,60,78.24,278,241,2,239,185,0,0,52,0,2,0,37,1,279,187,52,279,103499.69,1062.86,95,35,18,18,5,11,1,56,185,0,0,54
421246,35,-0.09,-0.05,-0.55,-0.35,1,0.2,0.2,0.15,20,66.8,278,241,0,241,91,43,37,0,70,0,0,37,1,279,161,80,279,148737.89,1524.22,25,44,40,132,0,0,0,0,91,43,107,0
421247,35,-0.09,-0.05,-0.55,-0.35,1,0.2,0.2,0.15,20,65.98,278,241,0,241,0,43,39,0,159,0,0,37,1,279,159,82,279,161245.83,1650.76,9,16,7,209,0,0,0,0,0,43,198,0
421248,35,-0.09,-0.05,-0.55,-0.35,1,0.2,0.2,0.15,20,71.37,278,241,0,241,95,0,69,0,77,0,0,37,1,279,172,69,279,181720.17,1860.75,16,28,33,164,0,0,0,0,95,0,146,0
421249,35,-0.09,-0.05,-0.55,-0.35,1,0.2,0.2,0.15,30,63.49,278,241,0,241,111,62,26,0,42,0,0,37,1,279,153,88,279,142945.14,1469.59,25,44,40,25,26,81,0,0,111,62,68,0
421250,35,-0.09,-0.05,-0.55,-0.35,1,0.2,0.2,0.15,30,61.25,278,241,1,240,0,64,29,0,147,0,0,37,1,279,147,93,279,143700.47,1474.54,9,16,7,11,14,183,0,0,0,64,176,0
421251,35,-0.09,-0.05,-0.55,-0.35,1,0.2,0.2,0.15,30,70.42,278,241,1,240,119,0,71,0,50,0,0,37,1,279,169,71,279,190951.31,1962.64,16,28,33,18,15,130,0,0,119,0,121,0
421252,35,-0.09,-0.05,-0.55,-0.35,1,0.2,0.2,0.15,40,59.17,278,241,1,240,119,68,22,8,7,16,0,37,1,279,142,98,279,132958.33,1368.24,25,44,40,25,26,13,9,58,119,68,29,24
421253,35,-0.09,-0.05,-0.55,-0.35,1,0.2,0.2,0.15,40,55.04,277,240,2,238,0,71,28,8,30,101,0,37,2,279,131,107,279,138516.94,1420.73,9,16,7,11,14,7,6,168,0,71,58,109
421254,35,-0.09,-0.05,-0.55,-0.35,1,0.2,0.2,0.15,40,66.53,278,241,2,239,129,0,60,20,9,21,0,37,1,279,159,80,279,170761.86,1755.91,16,28,33,18,15,9,7,113,129,0,69,41
421255,35,-0.09,-0.05,-0.55,-0.35,1,0.2,0.2,0.15,50,59.17,278,241,1,240,119,69,0,29,0,23,0,37,1,279,142,98,279,130031.65,1338.59,25,44,40,25,26,13,9,58,119,69,0,52
421256,35,-0.09,-0.05,-0.55,-0.35,1,0.2,0.2,0.15,50,54.62,277,240,2,238,0,73,0,35,0,130,0,37,2,279,130,108,279,129940.32,1331.37,9,16,7,11,14,7,6,168,0,73,0,165
421257,35,-0.09,-0.05,-0.55,-0.35,1,0.2,0.2,0.15,50,66.53,278,241,2,239,129,0,0,80,0,30,0,37,1,279,159,80,279,163707.02,1685.97,16,28,33,18,15,9,7,113,129,0,0,110
421258,35,-0.09,-0.05,-0.55,-0.35,1,0.2,0.2,0.15,60,59.17,278,241,1,240,119,69,0,29,0,23,0,37,1,279,142,98,279,130031.65,1338.59,25,44,40,25,26,13,9,58,119,69,0,52
421259,35,-0.09,-0.05,-0.55,-0.35,1,0.2,0.2,0.15,60,54.62,277,240,2,238,0,73,0,35,0,130,0,37,2,279,130,108,279,129940.32,1331.37,9,16,7,11,14,7,6,168,0,73,0,165
421260,35,-0.09,-0.05,-0.55,-0.35,1,0.2,0.2,0.15,60,66.53,278,241,2,239,129,0,0,80,0,30,0,37,1,279,159,80,279,163707.02,1685.97,16,28,33,18,15,9,7,113,129,0,0,110
421261,35,-0.09,-0.05,-0.55,-0.35,2,0.1,0.1,0.15,20,75.52,278,241,0,241,166,41,18,0,16,0,0,37,1,279,182,59,279,94856.57,1160.46,106,52,28,55,0,0,0,0,166,41,34,0
421262,35,-0.09,-0.05,-0.55,-0.35,2,0.1,0.1,0.15,20,69.29,278,241,0,241,0,43,31,0,167,0,0,37,1,279,167,74,279,192439.77,2042.31,9,16,7,209,0,0,0,0,0,43,198,0
421263,35,-0.09,-0.05,-0.55,-0.35,2,0.1,0.1,0.15,20,80.91,278,241,0,241,175,0,46,0,20,0,0,37,1,279,195,46,279,134609.29,1415.95,97,39,25,80,0,0,0,0,175,0,66,0
421264,35,-0.09,-0.05,-0.55,-0.35,2,0.1,0.1,0.15,30,74.27,278,241,0,241,176,51,11,0,3,0,0,37,1,279,179,62,279,92078.75,1153.78,106,52,28,21,12,22,0,0,176,51,14,0
421265,35,-0.09,-0.05,-0.55,-0.35,2,0.1,0.1,0.15,30,61.67,278,241,1,240,0,64,28,0,148,0,0,37,1,279,148,92,279,167105.47,1942.07,9,16,7,11,14,183,0,0,0,64,176,0
421266,35,-0.09,-0.05,-0.55,-0.35,2,0.1,0.1,0.15,30,84.58,278,241,1,240,194,0,37,0,9,0,0,37,1,279,203,37,279,158883.39,1557.21,97,39,25,14,12,53,0,0,194,0,46,0
421267,35,-0.09,-0.05,-0.55,-0.35,2,0.1,0.1,0.15,40,75.0,278,241,1,240,177,53,6,1,2,1,0,37,1,279,180,60,279,91783.76,1154.78,106,52,28,21,12,8,1,12,177,53,8,2
421268,35,-0.09,-0.05,-0.55,-0.35,2,0.1,0.1,0.15,40,57.14,277,240,2,238,0,71,26,5,32,104,0,37,2,279,136,102,279,156626.96,1895.5,9,16,7,11,14,7,6,168,0,71,58,109
421269,35,-0.09,-0.05,-0.55,-0.35,2,0.1,0.1,0.15,40,85.77,278,241,2,239,198,0,26,8,3,4,0,37,1,279,205,34,279,152695.69,1526.78,97,39,25,14,12,7,3,42,198,0,29,12
421270,35,-0.09,-0.05,-0.55,-0.35,2,0.1,0.1,0.15,50,74.17,278,241,1,240,177,54,0,8,0,1,0,37,1,279,178,62,279,90044.76,1144.91,106,52,28,21,12,8,1,12,177,54,0,9
421271,35,-0.09,-0.05,-0.55,-0.35,2,0.1,0.1,0.15,50,56.72,277,240,2,238,0,73,0,30,0,135,0,37,2,279,135,103,279,146463.68,1810.3,9,16,7,11,14,7,6,168,0,73,0,165
421272,35,-0.09,-0.05,-0.55,-0.35,2,0.1,0.1,0.15,50,84.94,278,241,2,239,198,0,0,36,0,5,0,37,1,279,203,36,279,148043.54,1501.88,97,39,25,14,12,7,3,42,198,0,0,41
421273,35,-0.09,-0.05,-0.55,-0.35,2,0.1,0.1,0.15,60,74.17,278,241,1,240,177,54,0,8,0,1,0,37,1,279,178,62,279,90044.76,1144.91,106,52,28,21,12,8,1,12,177,54,0,9
421274,35,-0.09,-0.05,-0.55,-0.35,2,0.1,0.1,0.15,60,56.72,277,240,2,238,0,73,0,30,0,135,0,37,2,279,135,103,279,146463.68,1810.3,9,16,7,11,14,7,6,168,0,73,0,165
421275,35,-0.09,-0.05,-0.55,-0.35,2,0.1,0.1,0.15,60,84.94,278,241,2,239,198,0,0,36,0,5,0,37,1,279,203,36,279,148043.54,1501.88,97,39,25,14,12,7,3,42,198,0,0,41
421276,35,-0.09,-0.05,-0.55,-0.35,2,0.1,0.2,0.15,20,70.12,278,241,0,241,95,43,29,0,74,0,0,37,1,279,169,72,279,173065.53,1894.24,25,48,38,130,0,0,0,0,95,43,103,0
421277,35,-0.09,-0.05,-0.55,-0.35,2,0.1,0.2,0.15,20,69.29,278,241,0,241,0,43,31,0,167,0,0,37,1,279,167,74,279,192439.77,2042.31,9,16,7,209,0,0,0,0,0,43,198,0
421278,35,-0.09,-0.05,-0.55,-0.35,2,0.1,0.2,0.15,20,76.35,278,241,0,241,100,0,57,0,84,0,0,37,1,279,184,57,279,233630.9,2256.21,16,32,32,161,0,0,0,0,100,0,141,0
421279,35,-0.09,-0.05,-0.55,-0.35,2,0.1,0.2,0.15,30,63.9,278,241,0,241,116,62,25,0,38,0,0,37,1,279,154,87,279,166039.92,1914.68,25,48,38,27,26,77,0,0,116,62,63,0
421280,35,-0.09,-0.05,-0.55,-0.35,2,0.1,0.2,0.15,30,61.67,278,241,1,240,0,64,28,0,148,0,0,37,1,279,148,92,279,167105.47,1942.07,9,16,7,11,14,183,0,0,0,64,176,0
421281,35,-0.09,-0.05,-0.55,-0.35,2,0.1,0.2,0.15,30,75.0,278,241,1,240,127,0,60,0,53,0,0,37,1,279,180,60,279,254941.25,2438.32,16,32,32,20,16,124,0,0,127,0,113,0
421282,35,-0.09,-0.05,-0.55,-0.35,2,0.1,0.2,0.15,40,61.25,278,241,1,240,126,68,20,5,8,13,0,37,1,279,147,93,279,150372.02,1810.95,25,48,38,27,26,14,11,51,126,68,28,18
421283,35,-0.09,-0.05,-0.55,-0.35,2,0.1,0.2,0.15,40,57.14,277,240,2,238,0,71,26,5,32,104,0,37,2,279,136,102,279,156626.96,1895.5,9,16,7,11,14,7,6,168,0,71,58,109
421284,35,-0.09,-0.05,-0.55,-0.35,2,0.1,0.2,0.15,40,70.29,278,241,2,239,140,0,56,15,11,17,0,37,1,279,168,71,279,218634.74,2227.68,16,32,32,20,16,11,9,103,140,0,67,32
421285,35,-0.09,-0.05,-0.55,-0.35,2,0.1,0.2,0.15,50,61.25,278,241,1,240,126,69,0,24,0,21,0,37,1,279,147,93,279,147269.03,1790.81,25,48,38,27,26,14,11,51,126,69,0,45
421286,35,-0.09,-0.05,-0.55,-0.35,2,0.1,0.2,0.15,50,56.72,277,240,2,238,0,73,0,30,0,135,0,37,2,279,135,103,279,146463.68,1810.3,9,16,7,11,14,7,6,168,0,73,0,165
421287,35,-0.09,-0.05,-0.55,-0.35,2,0.1,0.2,0.15,50,70.71,278,241,2,239,140,0,0,70,0,29,0,37,1,279,169,70,279,208433.32,2172.62,16,32,32,20,16,11,9,103,140,0,0,99
421288,35,-0.09,-0.05,-0.55,-0.35,2,0.1,0.2,0.15,60,61.25,278,241,1,240,126,69,0,24,0,21,0,37,1,279,147,93,279,147269.03,1790.81,25,48,38,27,26,14,11,51,126,69,0,45
421289,35,-0.09,-0.05,-0.55,-0.35,2,0.1,0.2,0.15,60,56.72,277,240,2,238,0,73,0,30,0,135,0,37,2,279,135,103,279,146463.68,1810.3,9,16,7,11,14,7,6,168,0,73,0,165
421290,35,-0.09,-0.05,-0.55,-0.35,2,0.1,0.2,0.15,60,70.71,278,241,2,239,140,0,0,70,0,29,0,37,1,279,169,70,279,208433.32,2172.62,16,32,32,20,16,11,9,103,140,0,0,99
421291,35,-0.09,-0.05,-0.55,-0.35,2,0.2,0.1,0.15,20,72.2,278,241,0,241,157,41,26,0,17,0,0,37,1,279,174,67,279,81282.96,831.58,104,49,23,65,0,0,0,0,157,41,43,0
421292,35,-0.09,-0.05,-0.55,-0.35,2,0.2,0.1,0.15,20,65.98,278,241,0,241,0,43,39,0,159,0,0,37,1,279,159,82,279,161245.83,1650.76,9,16,7,209,0,0,0,0,0,43,198,0
421293,35,-0.09,-0.05,-0.55,-0.35,2,0.2,0.1,0.15,20,75.93,278,241,0,241,166,0,58,0,17,0,0,37,1,279,183,58,279,107049.04,1094.22,95,35,18,93,0,0,0,0,166,0,75,0
421294,35,-0.09,-0.05,-0.55,-0.35,2,0.2,0.1,0.15,30,71.37,278,241,0,241,169,54,15,0,3,0,0,37,1,279,172,69,279,76172.58,779.43,104,49,23,22,12,31,0,0,169,54,18,0
421295,35,-0.09,-0.05,-0.55,-0.35,2,0.2,0.1,0.15,30,61.25,278,241,1,240,0,64,29,0,147,0,0,37,1,279,147,93,279,143700.47,1474.54,9,16,7,11,14,183,0,0,0,64,176,0
421296,35,-0.09,-0.05,-0.55,-0.35,2,0.2,0.1,0.15,30,77.5,278,241,1,240,182,0,54,0,4,0,0,37,1,279,186,54,279,116273.78,1191.44,95,35,18,18,5,69,0,0,182,0,58,0
421297,35,-0.09,-0.05,-0.55,-0.35,2,0.2,0.1,0.15,40,71.67,278,241,1,240,170,58,8,2,2,0,0,37,1,279,172,68,279,74485.54,764.2,104,49,23,22,12,13,2,15,170,58,10,2
421298,35,-0.09,-0.05,-0.55,-0.35,2,0.2,0.1,0.15,40,55.04,277,240,2,238,0,71,28,8,30,101,0,37,2,279,131,107,279,138516.94,1420.73,9,16,7,11,14,7,6,168,0,71,58,109
421299,35,-0.09,-0.05,-0.55,-0.35,2,0.2,0.1,0.15,40,78.66,278,241,2,239,185,0,39,12,2,1,0,37,1,279,188,51,279,106249.81,1089.17,95,35,18,18,5,11,1,56,185,0,41,13
421300,35,-0.09,-0.05,-0.55,-0.35,2,0.2,0.1,0.15,50,70.83,278,241,1,240,170,59,0,11,0,0,0,37,1,279,170,70,279,72984.34,749.07,104,49,23,22,12,13,2,15,170,59,0,11
421301,35,-0.09,-0.05,-0.55,-0.35,2,0.2,0.1,0.15,50,54.62,277,240,2,238,0,73,0,35,0,130,0,37,2,279,130,108,279,129940.32,1331.37,9,16,7,11,14,7,6,168,0,73,0,165
421302,35,-0.09,-0.05,-0.55,-0.35,2,0.2,0.1,0.15,50,78.24,278,241,2,239,185,0,0,52,0,2,0,37,1,279,187,52,279,103499.69,1062.86,95,35,18,18,5,11,1,56,185,0,0,54
421303,35,-0.09,-0.05,-0.55,-0.35,2,0.2,0.1,0.15,60,70.83,278,241,1,240,170,59,0,11,0,0,0,37,1,279,170,70,279,72984.34,749.07,104,49,23,22,12,13,2,15,170,59,0,11
421304,35,-0.09,-0.05,-0.55,-0.35,2,0.2,0.1,0.15,60,54.62,277,240,2,238,0,73,0,35,0,130,0,37,2,279,130,108,279,129940.32,1331.37,9,16,7,11,14,7,6,168,0,73,0,165
421305,35,-0.09,-0.05,-0.55,-0.35,2,0.2,0.1,0.15,60,78.24,278,241,2,239,185,0,0,52,0,2,0,37,1,279,187,52,279,103499.69,1062.86,95,35,18,18,5,11,1,56,185,0,0,54
421306,35,-0.09,-0.05,-0.55,-0.35,2,0.2,0.2,0.15,20,66.8,278,241,0,241,91,43,37,0,70,0,0,37,1,279,161,80,279,148737.89,1524.22,25,44,40,132,0,0,0,0,91,43,107,0
421307,35,-0.09,-0.05,-0.55,-0.35,2,0.2,0.2,0.15,20,65.98,278,241,0,241,0,43,39,0,159,0,0,37,1,279,159,82,279,161245.83,1650.76,9,16,7,209,0,0,0,0,0,43,198,0
421308,35,-0.09,-0.05,-0.55,-0.35,2,0.2,0.2,0.15,20,71.37,278,241,0,241,95,0,69,0,77,0,0,37,1,279,172,69,279,181720.17,1860.75,16,28,33,164,0,0,0,0,95,0,146,0
421309,35,-0.09,-0.05,-0.55,-0.35,2,0.2,0.2,0.15,30,63.49,278,241,0,241,111,62,26,0,42,0,0,37,1,279,153,88,279,142945.14,1469.59,25,44,40,25,26,81,0,0,111,62,68,0
421310,35,-0.09,-0.05,-0.55,-0.35,2,0.2,0.2,0.15,30,61.25,278,241,1,240,0,64,29,0,147,0,0,37,1,279,147,93,279,143700.47,1474.54,9,16,7,11,14,183,0,0,0,64,176,0
421311,35,-0.09,-0.05,-0.55,-0.35,2,0.2,0.2,0.15,30,70.42,278,241,1,240,119,0,71,0,50,0,0,37,1,279,169,71,279,190951.31,1962.64,16,28,33,18,15,130,0,0,119,0,121,0
421312,35,-0.09,-0.05,-0.55,-0.35,2,0.2,0.2,0.15,40,59.17,278,241,1,240,119,68,22,8,7,16,0,37,1,279,142,98,279,132958.33,1368.24,25,44,40,25,26,13,9,58,119,68,29,24
421313,35,-0.09,-0.05,-0.55,-0.35,2,0.2,0.2,0.15,40,55.04,277,240,2,238,0,71,28,8,30,101,0,37,2,279,131,107,279,138516.94,1420.73,9,16,7,11,14,7,6,168,0,71,58,109
421314,35,-0.09,-0.05,-0.55,-0.35,2,0.2,0.2,0.15,40,66.53,278,241,2,239,129,0,60,20,9,21,0,37,1,279,159,80,279,170761.86,1755.91,16,28,33,18,15,9,7,113,129,0,69,41
421315,35,-0.09,-0.05,-0.55,-0.35,2,0.2,0.2,0.15,50,59.17,278,241,1,240,119,69,0,29,0,23,0,37,1,279,142,98,279,130031.65,1338.59,25,44,40,25,26,13,9,58,119,69,0,52
421316,35,-0.09,-0.05,-0.55,-0.35,2,0.2,0.2,0.15,50,54.62,277,240,2,238,0,73,0,35,0,130,0,37,2,279,130,108,279,129940.32,1331.37,9,16,7,11,14,7,6,168,0,73,0,165
421317,35,-0.09,-0.05,-0.55,-0.35,2,0.2,0.2,0.15,50,66.53,278,241,2,239,129,0,0,80,0,30,0,37,1,279,159,80,279,163707.02,1685.97,16,28,33,18,15,9,7,113,129,0,0,110
421318,35,-0.09,-0.05,-0.55,-0.35,2,0.2,0.2,0.15,60,59.17,278,241,1,240,119,69,0,29,0,23,0,37,1,279,142,98,279,130031.65,1338.59,25,44,40,25,26,13,9,58,119,69,0,52
421319,35,-0.09,-0.05,-0.55,-0.35,2,0.2,0.2,0.15,60,54.62,277,240,2,238,0,73,0,35,0,130,0,37,2,279,130,108,279,129940.32,1331.37,9,16,7,11,14,7,6,168,0,73,0,165
421320,35,-0.09,-0.05,-0.55,-0.35,2,0.2,0.2,0.15,60,66.53,278,241,2,239,129,0,0,80,0,30,0,37,1,279,159,80,279,163707.02,1685.97,16,28,33,18,15,9,7,113,129,0,0,110
421321,35,-0.09,-0.05,-0.55,-0.3,1,0.1,0.1,0.15,20,71.58,316,279,1,278,178,43,36,0,21,0,0,37,1,317,199,79,317,92137.67,944.54,115,56,27,80,0,0,0,0,178,43,57,0
421322,35,-0.09,-0.05,-0.55,-0.3,1,0.1,0.1,0.15,20,64.39,316,279,1,278,0,48,51,0,179,0,0,37,1,317,179,99,317,166375.67,1710.73,10,17,8,243,0,0,0,0,0,48,230,0
421323,35,-0.09,-0.05,-0.55,-0.3,1,0.1,0.1,0.15,20,74.82,316,279,1,278,187,0,70,0,21,0,0,37,1,317,208,70,317,119134.19,1220.07,105,42,22,109,0,0,0,0,187,0,91,0
421324,35,-0.09,-0.05,-0.55,-0.3,1,0.1,0.1,0.15,30,71.58,316,279,1,278,193,61,18,0,6,0,0,37,1,317,199,79,317,88071.76,905.05,115,56,27,23,17,40,0,0,193,61,24,0
421325,35,-0.09,-0.05,-0.55,-0.3,1,0.1,0.1,0.15,30,59.93,316,279,2,277,0,76,35,0,166,0,0,37,1,317,166,111,317,144052.71,1492.57,10,17,8,13,19,210,0,0,0,76,201,0
421326,35,-0.09,-0.05,-0.55,-0.3,1,0.1,0.1,0.15,30,77.62,316,279,2,277,207,0,62,0,8,0,0,37,1,317,215,62,317,132997.11,1368.07,105,42,22,18,7,83,0,0,207,0,70,0
421327,35,-0.09,-0.05,-0.55,-0.3,1,0.1,0.1,0.15,40,71.48,316,279,2,277,195,65,11,3,3,0,0,37,1,317,198,79,317,85797.64,881.81,115,56,27,23,17,16,3,20,195,65,14,3
421328,35,-0.09,-0.05,-0.55,-0.3,1,0.1,0.1,0.15,40,53.45,315,278,3,275,0,85,34,9,35,112,0,37,2,317,147,128,317,134747.08,1384.13,10,17,8,13,19,9,7,192,0,85,69,121
421329,35,-0.09,-0.05,-0.55,-0.3,1,0.1,0.1,0.15,40,78.26,316,279,3,276,212,0,46,14,3,1,0,37,1,317,216,60,317,122420.16,1257.58,105,42,22,18,7,13,3,66,212,0,49,15
421330,35,-0.09,-0.05,-0.55,-0.3,1,0.1,0.1,0.15,50,70.76,316,279,2,277,195,66,0,15,0,1,0,37,1,317,196,81,317,84202.94,866.06,115,56,27,23,17,16,3,20,195,66,0,16
421331,35,-0.09,-0.05,-0.55,-0.3,1,0.1,0.1,0.15,50,53.09,315,278,3,275,0,87,0,42,0,146,0,37,2,317,146,129,317,125800.92,1291.13,10,17,8,13,19,9,7,192,0,87,0,188
421332,35,-0.09,-0.05,-0.55,-0.3,1,0.1,0.1,0.15,50,77.9,316,279,3,276,212,0,0,61,0,3,0,37,1,317,215,61,317,119663.19,1230.94,105,42,22,18,7,13,3,66,212,0,0,64
421333,35,-0.09,-0.05,-0.55,-0.3,1,0.1,0.1,0.15,60,70.76,316,279,2,277,195,66,0,15,0,1,0,37,1,317,196,81,317,84202.94,866.06,115,56,27,23,17,16,3,20,195,66,0,16
421334,35,-0.09,-0.05,-0.55,-0.3,1,0.1,0.1,0.15,60,53.09,315,278,3,275,0,87,0,42,0,146,0,37,2,317,146,129,317,125800.92,1291.13,10,17,8,13,19,9,7,192,0,87,0,188
421335,35,-0.09,-0.05,-0.55,-0.3,1,0.1,0.1,0.15,60,77.9,316,279,3,276,212,0,0,61,0,3,0,37,1,317,215,61,317,119663.19,1230.94,105,42,22,18,7,13,3,66,212,0,0,64
421336,35,-0.09,-0.05,-0.55,-0.3,1,0.1,0.2,0.15,20,65.11,316,279,1,278,99,48,49,0,82,0,0,37,1,317,181,97,317,156886.0,1612.84,27,46,46,159,0,0,0,0,99,48,131,0
421337,35,-0.09,-0.05,-0.55,-0.3,1,0.1,0.2,0.15,20,64.39,316,279,1,278,0,48,51,0,179,0,0,37,1,317,179,99,317,166375.67,1710.73,10,17,8,243,0,0,0,0,0,48,230,0
421338,35,-0.09,-0.05,-0.55,-0.3,1,0.1,0.2,0.15,20,69.06,316,279,1,278,103,0,86,0,89,0,0,37,1,317,192,86,317,185839.04,1909.16,17,29,38,194,0,0,0,0,103,0,175,0
421339,35,-0.09,-0.05,-0.55,-0.3,1,0.1,0.2,0.15,30,62.23,316,279,1,278,121,74,31,0,52,0,0,37,1,317,173,105,317,149427.94,1546.71,27,46,46,28,32,99,0,0,121,74,83,0
421340,35,-0.09,-0.05,-0.55,-0.3,1,0.1,0.2,0.15,30,59.93,316,279,2,277,0,76,35,0,166,0,0,37,1,317,166,111,317,144052.71,1492.57,10,17,8,13,19,210,0,0,0,76,201,0
421341,35,-0.09,-0.05,-0.55,-0.3,1,0.1,0.2,0.15,30,69.31,316,279,2,277,130,0,85,0,62,0,0,37,1,317,192,85,317,200828.33,2076.96,17,29,38,19,16,158,0,0,130,0,147,0
421342,35,-0.09,-0.05,-0.55,-0.3,1,0.1,0.2,0.15,40,58.12,316,279,2,277,133,81,26,9,10,18,0,37,1,317,161,116,317,140669.89,1457.14,27,46,46,28,32,16,12,70,133,81,36,27
421343,35,-0.09,-0.05,-0.55,-0.3,1,0.1,0.2,0.15,40,53.45,315,278,3,275,0,85,34,9,35,112,0,37,2,317,147,128,317,134747.08,1384.13,10,17,8,13,19,9,7,192,0,85,69,121
421344,35,-0.09,-0.05,-0.55,-0.3,1,0.1,0.2,0.15,40,65.22,316,279,3,276,144,0,72,24,12,24,0,37,1,317,180,96,317,181857.72,1877.73,17,29,38,19,16,11,11,135,144,0,84,48
421345,35,-0.09,-0.05,-0.55,-0.3,1,0.1,0.2,0.15,50,58.12,316,279,2,277,133,82,0,34,0,28,0,37,1,317,161,116,317,137480.51,1425.04,27,46,46,28,32,16,12,70,133,82,0,62
421346,35,-0.09,-0.05,-0.55,-0.3,1,0.1,0.2,0.15,50,53.09,315,278,3,275,0,87,0,42,0,146,0,37,2,317,146,129,317,125800.92,1291.13,10,17,8,13,19,9,7,192,0,87,0,188
421347,35,-0.09,-0.05,-0.55,-0.3,1,0.1,0.2,0.15,50,65.22,316,279,3,276,144,0,0,96,0,36,0,37,1,317,180,96,317,173724.99,1795.77,17,29,38,19,16,11,11,135,144,0,0,132
421348,35,-0.09,-0.05,-0.55,-0.3,1,0.1,0.2,0.15,60,58.12,316,279,2,277,133,82,0,34,0,28,0,37,1,317,161,116,317,137480.51,1425.04,27,46,46,28,32,16,12,70,133,82,0,62
421349,35,-0.09,-0.05,-0.55,-0.3,1,0.1,0.2,0.15,60,53.09,315,278,3,275,0,87,0,42,0,146,0,37,2,317,146,129,317,125800.92,1291.13,10,17,8,13,19,9,7,192,0,87,0,188
421350,35,-0.09,-0.05,-0.55,-0.3,1,0.1,0.2,0.15,60,65.22,316,279,3,276,144,0,0,96,0,36,0,37,1,317,180,96,317,173724.99,1795.77,17,29,38,19,16,11,11,135,144,0,0,132
421351,35,-0.09,-0.05,-0.55,-0.3,1,0.2,0.1,0.15,20,71.58,316,279,1,278,178,43,36,0,21,0,0,37,1,317,199,79,317,92137.67,944.54,115,56,27,80,0,0,0,0,178,43,57,0
421352,35,-0.09,-0.05,-0.55,-0.3,1,0.2,0.1,0.15,20,64.39,316,279,1,278,0,48,51,0,179,0,0,37,1,317,179,99,317,166375.67,1710.73,10,17,8,243,0,0,0,0,0,48,230,0
421353,35,-0.09,-0.05,-0.55,-0.3,1,0.2,0.1,0.15,20,74.82,316,279,1,278,187,0,70,0,21,0,0,37,1,317,208,70,317,119134.19,1220.07,105,42,22,109,0,0,0,0,187,0,91,0
421354,35,-0.09,-0.05,-0.55,-0.3,1,0.2,0.1,0.15,30,71.58,316,279,1,278,193,61,18,0,6,0,0,37,1,317,199,79,317,88071.76,905.05,115,56,27,23,17,40,0,0,193,61,24,0
421355,35,-0.09,-0.05,-0.55,-0.3,1,0.2,0.1,0.15,30,59.93,316,279,2,277,0,76,35,0,166,0,0,37,1,317,166,111,317,144052.71,1492.57,10,17,8,13,19,210,0,0,0,76,201,0
421356,35,-0.09,-0.05,-0.55,-0.3,1,0.2,0.1,0.15,30,77.62,316,279,2,277,207,0,62,0,8,0,0,37,1,317,215,62,317,132997.11,1368.07,105,42,22,18,7,83,0,0,207,0,70,0
421357,35,-0.09,-0.05,-0.55,-0.3,1,0.2,0.1,0.15,40,71.48,316,279,2,277,195,65,11,3,3,0,0,37,1,317,198,79,317,85797.64,881.81,115,56,27,23,17,16,3,20,195,65,14,3
421358,35,-0.09,-0.05,-0.55,-0.3,1,0.2,0.1,0.15,40,53.45,315,278,3,275,0,85,34,9,35,112,0,37,2,317,147,128,317,134747.08,1384.13,10,17,8,13,19,9,7,192,0,85,69,121
421359,35,-0.09,-0.05,-0.55,-0.3,1,0.2,0.1,0.15,40,78.26,316,279,3,276,212,0,46,14,3,1,0,37,1,317,216,60,317,122420.16,1257.58,105,42,22,18,7,13,3,66,212,0,49,15
421360,35,-0.09,-0.05,-0.55,-0.3,1,0.2,0.1,0.15,50,70.76,316,279,2,277,195,66,0,15,0,1,0,37,1,317,196,81,317,84202.94,866.06,115,56,27,23,17,16,3,20,195,66,0,16
421361,35,-0.09,-0.05,-0.55,-0.3,1,0.2,0.1,0.15,50,53.09,315,278,3,275,0,87,0,42,0,146,0,37,2,317,146,129,317,125800.92,1291.13,10,17,8,13,19,9,7,192,0,87,0,188
421362,35,-0.09,-0.05,-0.55,-0.3,1,0.2,0.1,0.15,50,77.9,316,279,3,276,212,0,0,61,0,3,0,37,1,317,215,61,317,119663.19,1230.94,105,42,22,18,7,13,3,66,212,0,0,64
421363,35,-0.09,-0.05,-0.55,-0.3,1,0.2,0.1,0.15,60,70.76,316,279,2,277,195,66,0,15,0,1,0,37,1,317,196,81,317,84202.94,866.06,115,56,27,23,17,16,3,20,195,66,0,16
421364,35,-0.09,-0.05,-0.55,-0.3,1,0.2,0.1,0.15,60,53.09,315,278,3,275,0,87,0,42,0,146,0,37,2,317,146,129,317,125800.92,1291.13,10,17,8,13,19,9,7,192,0,87,0,188
421365,35,-0.09,-0.05,-0.55,-0.3,1,0.2,0.1,0.15,60,77.9,316,279,3,276,212,0,0,61,0,3,0,37,1,317,215,61,317,119663.19,1230.94,105,42,22,18,7,13,3,66,212,0,0,64
421366,35,-0.09,-0.05,-0.55,-0.3,1,0.2,0.2,0.15,20,65.11,316,279,1,278,99,48,49,0,82,0,0,37,1,317,181,97,317,156886.0,1612.84,27,46,46,159,0,0,0,0,99,48,131,0
421367,35,-0.09,-0.05,-0.55,-0.3,1,0.2,0.2,0.15,20,64.39,316,279,1,278,0,48,51,0,179,0,0,37,1,317,179,99,317,166375.67,1710.73,10,17,8,243,0,0,0,0,0,48,230,0
421368,35,-0.09,-0.05,-0.55,-0.3,1,0.2,0.2,0.15,20,69.06,316,279,1,278,103,0,86,0,89,0,0,37,1,317,192,86,317,185839.04,1909.16,17,29,38,194,0,0,0,0,103,0,175,0
421369,35,-0.09,-0.05,-0.55,-0.3,1,0.2,0.2,0.15,30,62.23,316,279,1,278,121,74,31,0,52,0,0,37,1,317,173,105,317,149427.94,1546.71,27,46,46,28,32,99,0,0,121,74,83,0
421370,35,-0.09,-0.05,-0.55,-0.3,1,0.2,0.2,0.15,30,59.93,316,279,2,277,0,76,35,0,166,0,0,37,1,317,166,111,317,144052.71,1492.57,10,17,8,13,19,210,0,0,0,76,201,0
421371,35,-0.09,-0.05,-0.55,-0.3,1,0.2,0.2,0.15,30,69.31,316,279,2,277,130,0,85,0,62,0,0,37,1,317,192,85,317,200828.33,2076.96,17,29,38,19,16,158,0,0,130,0,147,0
421372,35,-0.09,-0.05,-0.55,-0.3,1,0.2,0.2,0.15,40,58.12,316,279,2,277,133,81,26,9,10,18,0,37,1,317,161,116,317,140669.89,1457.14,27,46,46,28,32,16,12,70,133,81,36,27
421373,35,-0.09,-0.05,-0.55,-0.3,1,0.2,0.2,0.15,40,53.45,315,278,3,275,0,85,34,9,35,112,0,37,2,317,147,128,317,134747.08,1384.13,10,17,8,13,19,9,7,192,0,85,69,121
421374,35,-0.09,-0.05,-0.55,-0.3,1,0.2,0.2,0.15,40,65.22,316,279,3,276,144,0,72,24,12,24,0,37,1,317,180,96,317,181857.72,1877.73,17,29,38,19,16,11,11,135,144,0,84,48
421375,35,-0.09,-0.05,-0.55,-0.3,1,0.2,0.2,0.15,50,58.12,316,279,2,277,133,82,0,34,0,28,0,37,1,317,161,116,317,137480.51,1425.04,27,46,46,28,32,16,12,70,133,82,0,62
421376,35,-0.09,-0.05,-0.55,-0.3,1,0.2,0.2,0.15,50,53.09,315,278,3,275,0,87,0,42,0,146,0,37,2,317,146,129,317,125800.92,1291.13,10,17,8,13,19,9,7,192,0,87,0,188
421377,35,-0.09,-0.05,-0.55,-0.3,1,0.2,0.2,0.15,50,65.22,316,279,3,276,144,0,0,96,0,36,0,37,1,317,180,96,317,173724.99,1795.77,17,29,38,19,16,11,11,135,144,0,0,132
421378,35,-0.09,-0.05,-0.55,-0.3,1,0.2,0.2,0.15,60,58.12,316,279,2,277,133,82,0,34,0,28,0,37,1,317,161,116,317,137480.51,1425.04,27,46,46,28,32,16,12,70,133,82,0,62
421379,35,-0.09,-0.05,-0.55,-0.3,1,0.2,0.2,0.15,60,53.09,315,278,3,275,0,87,0,42,0,146,0,37,2,317,146,129,317,125800.92,1291.13,10,17,8,13,19,9,7,192,0,87,0,188
421380,35,-0.09,-0.05,-0.55,-0.3,1,0.2,0.2,0.15,60,65.22,316,279,3,276,144,0,0,96,0,36,0,37,1,317,180,96,317,173724.99,1795.77,17,29,38,19,16,11,11,135,144,0,0,132
421381,35,-0.09,-0.05,-0.55,-0.3,2,0.1,0.1,0.15,20,74.46,316,279,1,278,187,43,28,0,20,0,0,37,1,317,207,71,317,106079.83,1302.95,118,58,32,70,0,0,0,0,187,43,48,0
421382,35,-0.09,-0.05,-0.55,-0.3,2,0.1,0.1,0.15,20,67.27,316,279,1,278,0,48,43,0,187,0,0,37,1,317,187,91,317,197803.78,2142.29,10,17,8,243,0,0,0,0,0,48,230,0
421383,35,-0.09,-0.05,-0.55,-0.3,2,0.1,0.1,0.15,20,79.5,316,279,1,278,197,0,57,0,24,0,0,37,1,317,221,57,317,149108.25,1583.15,108,46,29,95,0,0,0,0,197,0,81,0
421384,35,-0.09,-0.05,-0.55,-0.3,2,0.1,0.1,0.15,30,74.1,316,279,1,278,200,58,14,0,6,0,0,37,1,317,206,72,317,102890.47,1313.13,118,58,32,22,17,31,0,0,200,58,20,0
421385,35,-0.09,-0.05,-0.55,-0.3,2,0.1,0.1,0.15,30,60.29,316,279,2,277,0,76,34,0,167,0,0,37,1,317,167,110,317,168730.84,2015.42,10,17,8,13,19,210,0,0,0,76,201,0
421386,35,-0.09,-0.05,-0.55,-0.3,2,0.1,0.1,0.15,30,84.12,316,279,2,277,220,0,44,0,13,0,0,37,1,317,233,44,317,177400.3,1772.48,108,46,29,14,13,67,0,0,220,0,57,0
421387,35,-0.09,-0.05,-0.55,-0.3,2,0.1,0.1,0.15,40,74.37,316,279,2,277,202,60,9,2,3,1,0,37,1,317,206,71,317,101574.44,1305.89,118,58,32,22,17,11,2,17,202,60,12,3
421388,35,-0.09,-0.05,-0.55,-0.3,2,0.1,0.1,0.15,40,55.27,315,278,3,275,0,85,32,6,37,115,0,37,2,317,152,123,317,153169.79,1918.72,10,17,8,13,19,9,7,192,0,85,69,121
421389,35,-0.09,-0.05,-0.55,-0.3,2,0.1,0.1,0.15,40,84.78,316,279,3,276,225,0,33,9,4,5,0,37,1,317,234,42,317,169358.17,1728.6,108,46,29,14,13,10,4,52,225,0,37,14
421390,35,-0.09,-0.05,-0.55,-0.3,2,0.1,0.1,0.15,50,73.65,316,279,2,277,202,61,0,12,0,2,0,37,1,317,204,73,317,99741.94,1295.4,118,58,32,22,17,11,2,17,202,61,0,14
421391,35,-0.09,-0.05,-0.55,-0.3,2,0.1,0.1,0.15,50,54.91,315,278,3,275,0,87,0,37,0,151,0,37,2,317,151,124,317,142856.06,1835.0,10,17,8,13,19,9,7,192,0,87,0,188
421392,35,-0.09,-0.05,-0.55,-0.3,2,0.1,0.1,0.15,50,84.06,316,279,3,276,225,0,0,44,0,7,0,37,1,317,232,44,317,164818.47,1703.37,108,46,29,14,13,10,4,52,225,0,0,51
421393,35,-0.09,-0.05,-0.55,-0.3,2,0.1,0.1,0.15,60,73.65,316,279,2,277,202,61,0,12,0,2,0,37,1,317,204,73,317,99741.94,1295.4,118,58,32,22,17,11,2,17,202,61,0,14
421394,35,-0.09,-0.05,-0.55,-0.3,2,0.1,0.1,0.15,60,54.91,315,278,3,275,0,87,0,37,0,151,0,37,2,317,151,124,317,142856.06,1835.0,10,17,8,13,19,9,7,192,0,87,0,188
421395,35,-0.09,-0.05,-0.55,-0.3,2,0.1,0.1,0.15,60,84.06,316,279,3,276,225,0,0,44,0,7,0,37,1,317,232,44,317,164818.47,1703.37,108,46,29,14,13,10,4,52,225,0,0,51
421396,35,-0.09,-0.05,-0.55,-0.3,2,0.1,0.2,0.15,20,67.99,316,279,1,278,103,48,41,0,86,0,0,37,1,317,189,89,317,181447.81,2022.87,27,50,44,157,0,0,0,0,103,48,127,0
421397,35,-0.09,-0.05,-0.55,-0.3,2,0.1,0.2,0.15,20,67.27,316,279,1,278,0,48,43,0,187,0,0,37,1,317,187,91,317,197803.78,2142.29,10,17,8,243,0,0,0,0,0,48,230,0
421398,35,-0.09,-0.05,-0.55,-0.3,2,0.1,0.2,0.15,20,73.74,316,279,1,278,108,0,73,0,97,0,0,37,1,317,205,73,317,231896.83,2356.84,17,33,37,191,0,0,0,0,108,0,170,0
421399,35,-0.09,-0.05,-0.55,-0.3,2,0.1,0.2,0.15,30,62.59,316,279,1,278,126,74,30,0,48,0,0,37,1,317,174,104,317,172636.11,2040.56,27,50,44,30,32,95,0,0,126,74,78,0
421400,35,-0.09,-0.05,-0.55,-0.3,2,0.1,0.2,0.15,30,60.29,316,279,2,277,0,76,34,0,167,0,0,37,1,317,167,110,317,168730.84,2015.42,10,17,8,13,19,210,0,0,0,76,201,0
421401,35,-0.09,-0.05,-0.55,-0.3,2,0.1,0.2,0.15,30,74.37,316,279,2,277,139,0,71,0,67,0,0,37,1,317,206,71,317,268846.75,2644.72,17,33,37,21,18,151,0,0,139,0,138,0
421402,35,-0.09,-0.05,-0.55,-0.3,2,0.1,0.2,0.15,40,59.93,316,279,2,277,140,81,24,6,11,15,0,37,1,317,166,111,317,157820.94,1947.33,27,50,44,30,32,17,14,63,140,81,35,21
421403,35,-0.09,-0.05,-0.55,-0.3,2,0.1,0.2,0.15,40,55.27,315,278,3,275,0,85,32,6,37,115,0,37,2,317,152,123,317,153169.79,1918.72,10,17,8,13,19,9,7,192,0,85,69,121
421404,35,-0.09,-0.05,-0.55,-0.3,2,0.1,0.2,0.15,40,69.93,316,279,3,276,157,0,65,18,16,20,0,37,1,317,193,83,317,234505.17,2446.59,17,33,37,21,18,13,13,124,157,0,81,38
421405,35,-0.09,-0.05,-0.55,-0.3,2,0.1,0.2,0.15,50,59.93,316,279,2,277,140,82,0,29,0,26,0,37,1,317,166,111,317,154455.25,1924.74,27,50,44,30,32,17,14,63,140,82,0,55
421406,35,-0.09,-0.05,-0.55,-0.3,2,0.1,0.2,0.15,50,54.91,315,278,3,275,0,87,0,37,0,151,0,37,2,317,151,124,317,142856.06,1835.0,10,17,8,13,19,9,7,192,0,87,0,188
421407,35,-0.09,-0.05,-0.55,-0.3,2,0.1,0.2,0.15,50,70.29,316,279,3,276,157,0,0,82,0,37,0,37,1,317,194,82,317,222927.36,2382.63,17,33,37,21,18,13,13,124,157,0,0,119
421408,35,-0.09,-0.05,-0.55,-0.3,2,0.1,0.2,0.15,60,59.93,316,279,2,277,140,82,0,29,0,26,0,37,1,317,166,111,317,154455.25,1924.74,27,50,44,30,32,17,14,63,140,82,0,55
421409,35,-0.09,-0.05,-0.55,-0.3,2,0.1,0.2,0.15,60,54.91,315,278,3,275,0,87,0,37,0,151,0,37,2,317,151,124,317,142856.06,1835.0,10,17,8,13,19,9,7,192,0,87,0,188
421410,35,-0.09,-0.05,-0.55,-0.3,2,0.1,0.2,0.15,60,70.29,316,279,3,276,157,0,0,82,0,37,0,37,1,317,194,82,317,222927.36,2382.63,17,33,37,21,18,13,13,124,157,0,0,119
421411,35,-0.09,-0.05,-0.55,-0.3,2,0.2,0.1,0.15,20,71.58,316,279,1,278,178,43,36,0,21,0,0,37,1,317,199,79,317,92137.67,944.54,115,56,27,80,0,0,0,0,178,43,57,0
421412,35,-0.09,-0.05,-0.55,-0.3,2,0.2,0.1,0.15,20,64.39,316,279,1,278,0,48,51,0,179,0,0,37,1,317,179,99,317,166375.67,1710.73,10,17,8,243,0,0,0,0,0,48,230,0
421413,35,-0.09,-0.05,-0.55,-0.3,2,0.2,0.1,0.15,20,74.82,316,279,1,278,187,0,70,0,21,0,0,37,1,317,208,70,317,119134.19,1220.07,105,42,22,109,0,0,0,0,187,0,91,0
421414,35,-0.09,-0.05,-0.55,-0.3,2,0.2,0.1,0.15,30,71.58,316,279,1,278,193,61,18,0,6,0,0,37,1,317,199,79,317,88071.76,905.05,115,56,27,23,17,40,0,0,193,61,24,0
421415,35,-0.09,-0.05,-0.55,-0.3,2,0.2,0.1,0.15,30,59.93,316,279,2,277,0,76,35,0,166,0,0,37,1,317,166,111,317,144052.71,1492.57,10,17,8,13,19,210,0,0,0,76,201,0
421416,35,-0.09,-0.05,-0.55,-0.3,2,0.2,0.1,0.15,30,77.62,316,279,2,277,207,0,62,0,8,0,0,37,1,317,215,62,317,132997.11,1368.07,105,42,22,18,7,83,0,0,207,0,70,0
421417,35,-0.09,-0.05,-0.55,-0.3,2,0.2,0.1,0.15,40,71.48,316,279,2,277,195,65,11,3,3,0,0,37,1,317,198,79,317,85797.64,881.81,115,56,27,23,17,16,3,20,195,65,14,3
421418,35,-0.09,-0.05,-0.55,-0.3,2,0.2,0.1,0.15,40,53.45,315,278,3,275,0,85,34,9,35,112,0,37,2,317,147,128,317,134747.08,1384.13,10,17,8,13,19,9,7,192,0,85,69,121
421419,35,-0.09,-0.05,-0.55,-0.3,2,0.2,0.1,0.15,40,78.26,316,279,3,276,212,0,46,14,3,1,0,37,1,317,216,60,317,122420.16,1257.58,105,42,22,18,7,13,3,66,212,0,49,15
421420,35,-0.09,-0.05,-0.55,-0.3,2,0.2,0.1,0.15,50,70.76,316,279,2,277,195,66,0,15,0,1,0,37,1,317,196,81,317,84202.94,866.06,115,56,27,23,17,16,3,20,195,66,0,16
421421,35,-0.09,-0.05,-0.55,-0.3,2,0.2,0.1,0.15,50,53.09,315,278,3,275,0,87,0,42,0,146,0,37,2,317,146,129,317,125800.92,1291.13,10,17,8,13,19,9,7,192,0,87,0,188
421422,35,-0.09,-0.05,-0.55,-0.3,2,0.2,0.1,0.15,50,77.9,316,279,3,276,212,0,0,61,0,3,0,37,1,317,215,61,317,119663.19,1230.94,105,42,22,18,7,13,3,66,212,0,0,64
421423,35,-0.09,-0.05,-0.55,-0.3,2,0.2,0.1,0.15,60,70.76,316,279,2,277,195,66,0,15,0,1,0,37,1,317,196,81,317,84202.94,866.06,115,56,27,23,17,16,3,20,195,66,0,16
421424,35,-0.09,-0.05,-0.55,-0.3,2,0.2,0.1,0.15,60,53.09,315,278,3,275,0,87,0,42,0,146,0,37,2,317,146,129,317,125800.92,1291.13,10,17,8,13,19,9,7,192,0,87,0,188
421425,35,-0.09,-0.05,-0.55,-0.3,2,0.2,0.1,0.15,60,77.9,316,279,3,276,212,0,0,61,0,3,0,37,1,317,215,61,317,119663.19,1230.94,105,42,22,18,7,13,3,66,212,0,0,64
421426,35,-0.09,-0.05,-0.55,-0.3,2,0.2,0.2,0.15,20,65.11,316,279,1,278,99,48,49,0,82,0,0,37,1,317,181,97,317,156886.0,1612.84,27,46,46,159,0,0,0,0,99,48,131,0
421427,35,-0.09,-0.05,-0.55,-0.3,2,0.2,0.2,0.15,20,64.39,316,279,1,278,0,48,51,0,179,0,0,37,1,317,179,99,317,166375.67,1710.73,10,17,8,243,0,0,0,0,0,48,230,0
421428,35,-0.09,-0.05,-0.55,-0.3,2,0.2,0.2,0.15,20,69.06,316,279,1,278,103,0,86,0,89,0,0,37,1,317,192,86,317,185839.04,1909.16,17,29,38,194,0,0,0,0,103,0,175,0
421429,35,-0.09,-0.05,-0.55,-0.3,2,0.2,0.2,0.15,30,62.23,316,279,1,278,121,74,31,0,52,0,0,37,1,317,173,105,317,149427.94,1546.71,27,46,46,28,32,99,0,0,121,74,83,0
421430,35,-0.09,-0.05,-0.55,-0.3,2,0.2,0.2,0.15,30,59.93,316,279,2,277,0,76,35,0,166,0,0,37,1,317,166,111,317,144052.71,1492.57,10,17,8,13,19,210,0,0,0,76,201,0
421431,35,-0.09,-0.05,-0.55,-0.3,2,0.2,0.2,0.15,30,69.31,316,279,2,277,130,0,85,0,62,0,0,37,1,317,192,85,317,200828.33,2076.96,17,29,38,19,16,158,0,0,130,0,147,0
421432,35,-0.09,-0.05,-0.55,-0.3,2,0.2,0.2,0.15,40,58.12,316,279,2,277,133,81,26,9,10,18,0,37,1,317,161,116,317,140669.89,1457.14,27,46,46,28,32,16,12,70,133,81,36,27
421433,35,-0.09,-0.05,-0.55,-0.3,2,0.2,0.2,0.15,40,53.45,315,278,3,275,0,85,34,9,35,112,0,37,2,317,147,128,317,134747.08,1384.13,10,17,8,13,19,9,7,192,0,85,69,121
421434,35,-0.09,-0.05,-0.55,-0.3,2,0.2,0.2,0.15,40,65.22,316,279,3,276,144,0,72,24,12,24,0,37,1,317,180,96,317,181857.72,1877.73,17,29,38,19,16,11,11,135,144,0,84,48
421435,35,-0.09,-0.05,-0.55,-0.3,2,0.2,0.2,0.15,50,58.12,316,279,2,277,133,82,0,34,0,28,0,37,1,317,161,116,317,137480.51,1425.04,27,46,46,28,32,16,12,70,133,82,0,62
421436,35,-0.09,-0.05,-0.55,-0.3,2,0.2,0.2,0.15,50,53.09,315,278,3,275,0,87,0,42,0,146,0,37,2,317,146,129,317,125800.92,1291.13,10,17,8,13,19,9,7,192,0,87,0,188
421437,35,-0.09,-0.05,-0.55,-0.3,2,0.2,0.2,0.15,50,65.22,316,279,3,276,144,0,0,96,0,36,0,37,1,317,180,96,317,173724.99,1795.77,17,29,38,19,16,11,11,135,144,0,0,132
421438,35,-0.09,-0.05,-0.55,-0.3,2,0.2,0.2,0.15,60,58.12,316,279,2,277,133,82,0,34,0,28,0,37,1,317,161,116,317,137480.51,1425.04,27,46,46,28,32,16,12,70,133,82,0,62
421439,35,-0.09,-0.05,-0.55,-0.3,2,0.2,0.2,0.15,60,53.09,315,278,3,275,0,87,0,42,0,146,0,37,2,317,146,129,317,125800.92,1291.13,10,17,8,13,19,9,7,192,0,87,0,188
421440,35,-0.09,-0.05,-0.55,-0.3,2,0.2,0.2,0.15,60,65.22,316,279,3,276,144,0,0,96,0,36,0,37,1,317,180,96,317,173724.99,1795.77,17,29,38,19,16,11,11,135,144,0,0,132
421441,35,-0.09,-0.05,-0.55,-0.25,1,0.1,0.1,0.15,20,69.81,350,310,2,308,190,48,45,0,25,0,0,40,3,353,215,93,353,91725.95,938.8,123,60,28,97,0,0,0,0,190,48,70,0
421442,35,-0.09,-0.05,-0.55,-0.25,1,0.1,0.1,0.15,20,63.31,350,310,2,308,0,53,60,0,195,0,0,40,3,353,195,113,353,163337.73,1678.7,11,18,8,271,0,0,0,0,0,53,255,0
421443,35,-0.09,-0.05,-0.55,-0.25,1,0.1,0.1,0.15,20,72.73,350,310,2,308,199,0,84,0,25,0,0,40,3,353,224,84,353,118694.2,1213.94,112,45,23,128,0,0,0,0,199,0,109,0
421444,35,-0.09,-0.05,-0.55,-0.25,1,0.1,0.1,0.15,30,69.81,350,310,2,308,208,68,25,0,7,0,0,40,3,353,215,93,353,88600.87,908.79,123,60,28,27,21,49,0,0,208,68,32,0
421445,35,-0.09,-0.05,-0.55,-0.25,1,0.1,0.1,0.15,30,57.33,350,310,3,307,0,84,47,0,176,0,0,40,3,353,176,131,353,137764.3,1427.48,11,18,8,16,22,232,0,0,0,84,223,0
421446,35,-0.09,-0.05,-0.55,-0.25,1,0.1,0.1,0.15,30,75.24,350,310,3,307,222,0,76,0,9,0,0,40,3,353,231,76,353,131604.61,1352.22,112,45,23,19,9,99,0,0,222,0,85,0
421447,35,-0.09,-0.05,-0.55,-0.25,1,0.1,0.1,0.15,40,69.38,350,310,3,307,210,74,15,5,3,0,0,40,3,353,213,94,353,84348.81,865.01,123,60,28,27,21,17,4,27,210,74,18,5
421448,35,-0.09,-0.05,-0.55,-0.25,1,0.1,0.1,0.15,40,51.48,349,309,4,305,0,95,42,11,38,119,0,40,4,353,157,148,353,122358.88,1256.03,11,18,8,16,22,9,8,213,0,95,80,130
421449,35,-0.09,-0.05,-0.55,-0.25,1,0.1,0.1,0.15,40,75.49,350,310,4,306,227,0,57,18,3,1,0,40,3,353,231,75,353,117662.77,1206.24,112,45,23,19,9,14,3,81,227,0,60,19
421450,35,-0.09,-0.05,-0.55,-0.25,1,0.1,0.1,0.15,50,68.73,350,310,3,307,210,75,0,21,0,1,0,40,3,353,211,96,353,83094.62,852.68,123,60,28,27,21,17,4,27,210,75,0,22
421451,35,-0.09,-0.05,-0.55,-0.25,1,0.1,0.1,0.15,50,50.82,349,309,4,305,0,98,0,52,0,155,0,40,4,353,155,150,353,112265.17,1150.85,11,18,8,16,22,9,8,213,0,98,0,207
421452,35,-0.09,-0.05,-0.55,-0.25,1,0.1,0.1,0.15,50,75.16,350,310,4,306,227,0,0,76,0,3,0,40,3,353,230,76,353,114287.48,1173.01,112,45,23,19,9,14,3,81,227,0,0,79
421453,35,-0.09,-0.05,-0.55,-0.25,1,0.1,0.1,0.15,60,68.73,350,310,3,307,210,75,0,21,0,1,0,40,3,353,211,96,353,83094.62,852.68,123,60,28,27,21,17,4,27,210,75,0,22
421454,35,-0.09,-0.05,-0.55,-0.25,1,0.1,0.1,0.15,60,50.82,349,309,4,305,0,98,0,52,0,155,0,40,4,353,155,150,353,112265.17,1150.85,11,18,8,16,22,9,8,213,0,98,0,207
421455,35,-0.09,-0.05,-0.55,-0.25,1,0.1,0.1,0.15,60,75.16,350,310,4,306,227,0,0,76,0,3,0,40,3,353,230,76,353,114287.48,1173.01,112,45,23,19,9,14,3,81,227,0,0,79
421456,35,-0.09,-0.05,-0.55,-0.25,1,0.1,0.2,0.15,20,63.96,350,310,2,308,100,53,58,0,97,0,0,40,3,353,197,111,353,154612.67,1588.5,29,47,46,186,0,0,0,0,100,53,155,0
421457,35,-0.09,-0.05,-0.55,-0.25,1,0.1,0.2,0.15,20,63.31,350,310,2,308,0,53,60,0,195,0,0,40,3,353,195,113,353,163337.73,1678.7,11,18,8,271,0,0,0,0,0,53,255,0
421458,35,-0.09,-0.05,-0.55,-0.25,1,0.1,0.2,0.15,20,67.53,350,310,2,308,104,0,100,0,104,0,0,40,3,353,208,100,353,183537.44,1884.43,18,29,38,223,0,0,0,0,104,0,204,0
421459,35,-0.09,-0.05,-0.55,-0.25,1,0.1,0.2,0.15,30,60.06,350,310,2,308,126,82,41,0,59,0,0,40,3,353,185,123,353,148382.31,1534.78,29,47,46,31,36,119,0,0,126,82,100,0
421460,35,-0.09,-0.05,-0.55,-0.25,1,0.1,0.2,0.15,30,57.33,350,310,3,307,0,84,47,0,176,0,0,40,3,353,176,131,353,137764.3,1427.48,11,18,8,16,22,232,0,0,0,84,223,0
421461,35,-0.09,-0.05,-0.55,-0.25,1,0.1,0.2,0.15,30,66.78,350,310,3,307,135,0,102,0,70,0,0,40,3,353,205,102,353,200827.76,2075.12,18,29,38,19,17,186,0,0,135,0,172,0
421462,35,-0.09,-0.05,-0.55,-0.25,1,0.1,0.2,0.15,40,56.03,350,310,3,307,138,91,33,11,11,23,0,40,3,353,172,135,353,135523.94,1403.21,29,47,46,31,36,19,13,86,138,91,44,34
421463,35,-0.09,-0.05,-0.55,-0.25,1,0.1,0.2,0.15,40,51.48,349,309,4,305,0,95,42,11,38,119,0,40,4,353,157,148,353,122358.88,1256.03,11,18,8,16,22,9,8,213,0,95,80,130
421464,35,-0.09,-0.05,-0.55,-0.25,1,0.1,0.2,0.15,40,62.75,350,310,4,306,149,0,86,28,13,30,0,40,3,353,192,114,353,175672.54,1811.96,18,29,38,19,17,14,11,160,149,0,99,58
421465,35,-0.09,-0.05,-0.55,-0.25,1,0.1,0.2,0.15,50,55.7,350,310,3,307,138,92,0,44,0,33,0,40,3,353,171,136,353,131420.35,1361.27,29,47,46,31,36,19,13,86,138,92,0,77
421466,35,-0.09,-0.05,-0.55,-0.25,1,0.1,0.2,0.15,50,50.82,349,309,4,305,0,98,0,52,0,155,0,40,4,353,155,150,353,112265.17,1150.85,11,18,8,16,22,9,8,213,0,98,0,207
421467,35,-0.09,-0.05,-0.55,-0.25,1,0.1,0.2,0.15,50,62.42,350,310,4,306,149,0,0,115,0,42,0,40,3,353,191,115,353,165666.77,1710.15,18,29,38,19,17,14,11,160,149,0,0,157
421468,35,-0.09,-0.05,-0.55,-0.25,1,0.1,0.2,0.15,60,55.7,350,310,3,307,138,92,0,44,0,33,0,40,3,353,171,136,353,131420.35,1361.27,29,47,46,31,36,19,13,86,138,92,0,77
421469,35,-0.09,-0.05,-0.55,-0.25,1,0.1,0.2,0.15,60,50.82,349,309,4,305,0,98,0,52,0,155,0,40,4,353,155,150,353,112265.17,1150.85,11,18,8,16,22,9,8,213,0,98,0,207
421470,35,-0.09,-0.05,-0.55,-0.25,1,0.1,0.2,0.15,60,62.42,350,310,4,306,149,0,0,115,0,42,0,40,3,353,191,115,353,165666.77,1710.15,18,29,38,19,17,14,11,160,149,0,0,157
421471,35,-0.09,-0.05,-0.55,-0.25,1,0.2,0.1,0.15,20,69.81,350,310,2,308,190,48,45,0,25,0,0,40,3,353,215,93,353,91725.95,938.8,123,60,28,97,0,0,0,0,190,48,70,0
421472,35,-0.09,-0.05,-0.55,-0.25,1,0.2,0.1,0.15,20,63.31,350,310,2,308,0,53,60,0,195,0,0,40,3,353,195,113,353,163337.73,1678.7,11,18,8,271,0,0,0,0,0,53,255,0
421473,35,-0.09,-0.05,-0.55,-0.25,1,0.2,0.1,0.15,20,72.73,350,310,2,308,199,0,84,0,25,0,0,40,3,353,224,84,353,118694.2,1213.94,112,45,23,128,0,0,0,0,199,0,109,0
421474,35,-0.09,-0.05,-0.55,-0.25,1,0.2,0.1,0.15,30,69.81,350,310,2,308,208,68,25,0,7,0,0,40,3,353,215,93,353,88600.87,908.79,123,60,28,27,21,49,0,0,208,68,32,0
421475,35,-0.09,-0.05,-0.55,-0.25,1,0.2,0.1,0.15,30,57.33,350,310,3,307,0,84,47,0,176,0,0,40,3,353,176,131,353,137764.3,1427.48,11,18,8,16,22,232,0,0,0,84,223,0
421476,35,-0.09,-0.05,-0.55,-0.25,1,0.2,0.1,0.15,30,75.24,350,310,3,307,222,0,76,0,9,0,0,40,3,353,231,76,353,131604.61,1352.22,112,45,23,19,9,99,0,0,222,0,85,0
421477,35,-0.09,-0.05,-0.55,-0.25,1,0.2,0.1,0.15,40,69.38,350,310,3,307,210,74,15,5,3,0,0,40,3,353,213,94,353,84348.81,865.01,123,60,28,27,21,17,4,27,210,74,18,5
421478,35,-0.09,-0.05,-0.55,-0.25,1,0.2,0.1,0.15,40,51.48,349,309,4,305,0,95,42,11,38,119,0,40,4,353,157,148,353,122358.88,1256.03,11,18,8,16,22,9,8,213,0,95,80,130
421479,35,-0.09,-0.05,-0.55,-0.25,1,0.2,0.1,0.15,40,75.49,350,310,4,306,227,0,57,18,3,1,0,40,3,353,231,75,353,117662.77,1206.24,112,45,23,19,9,14,3,81,227,0,60,19
421480,35,-0.09,-0.05,-0.55,-0.25,1,0.2,0.1,0.15,50,68.73,350,310,3,307,210,75,0,21,0,1,0,40,3,353,211,96,353,83094.62,852.68,123,60,28,27,21,17,4,27,210,75,0,22
421481,35,-0.09,-0.05,-0.55,-0.25,1,0.2,0.1,0.15,50,50.82,349,309,4,305,0,98,0,52,0,155,0,40,4,353,155,150,353,112265.17,1150.85,11,18,8,16,22,9,8,213,0,98,0,207
421482,35,-0.09,-0.05,-0.55,-0.25,1,0.2,0.1,0.15,50,75.16,350,310,4,306,227,0,0,76,0,3,0,40,3,353,230,76,353,114287.48,1173.01,112,45,23,19,9,14,3,81,227,0,0,79
421483,35,-0.09,-0.05,-0.55,-0.25,1,0.2,0.1,0.15,60,68.73,350,310,3,307,210,75,0,21,0,1,0,40,3,353,211,96,353,83094.62,852.68,123,60,28,27,21,17,4,27,210,75,0,22
421484,35,-0.09,-0.05,-0.55,-0.25,1,0.2,0.1,0.15,60,50.82,349,309,4,305,0,98,0,52,0,155,0,40,4,353,155,150,353,112265.17,1150.85,11,18,8,16,22,9,8,213,0,98,0,207
421485,35,-0.09,-0.05,-0.55,-0.25,1,0.2,0.1,0.15,60,75.16,350,310,4,306,227,0,0,76,0,3,0,40,3,353,230,76,353,114287.48,1173.01,112,45,23,19,9,14,3,81,227,0,0,79
421486,35,-0.09,-0.05,-0.55,-0.25,1,0.2,0.2,0.15,20,63.96,350,310,2,308,100,53,58,0,97,0,0,40,3,353,197,111,353,154612.67,1588.5,29,47,46,186,0,0,0,0,100,53,155,0
421487,35,-0.09,-0.05,-0.55,-0.25,1,0.2,0.2,0.15,20,63.31,350,310,2,308,0,53,60,0,195,0,0,40,3,353,195,113,353,163337.73,1678.7,11,18,8,271,0,0,0,0,0,53,255,0
421488,35,-0.09,-0.05,-0.55,-0.25,1,0.2,0.2,0.15,20,67.53,350,310,2,308,104,0,100,0,104,0,0,40,3,353,208,100,353,183537.44,1884.43,18,29,38,223,0,0,0,0,104,0,204,0
421489,35,-0.09,-0.05,-0.55,-0.25,1,0.2,0.2,0.15,30,60.06,350,310,2,308,126,82,41,0,59,0,0,40,3,353,185,123,353,148382.31,1534.78,29,47,46,31,36,119,0,0,126,82,100,0
421490,35,-0.09,-0.05,-0.55,-0.25,1,0.2,0.2,0.15,30,57.33,350,310,3,307,0,84,47,0,176,0,0,40,3,353,176,131,353,137764.3,1427.48,11,18,8,16,22,232,0,0,0,84,223,0
421491,35,-0.09,-0.05,-0.55,-0.25,1,0.2,0.2,0.15,30,66.78,350,310,3,307,135,0,102,0,70,0,0,40,3,353,205,102,353,200827.76,2075.12,18,29,38,19,17,186,0,0,135,0,172,0
421492,35,-0.09,-0.05,-0.55,-0.25,1,0.2,0.2,0.15,40,56.03,350,310,3,307,138,91,33,11,11,23,0,40,3,353,172,135,353,135523.94,1403.21,29,47,46,31,36,19,13,86,138,91,44,34
421493,35,-0.09,-0.05,-0.55,-0.25,1,0.2,0.2,0.15,40,51.48,349,309,4,305,0,95,42,11,38,119,0,40,4,353,157,148,353,122358.88,1256.03,11,18,8,16,22,9,8,213,0,95,80,130
421494,35,-0.09,-0.05,-0.55,-0.25,1,0.2,0.2,0.15,40,62.75,350,310,4,306,149,0,86,28,13,30,0,40,3,353,192,114,353,175672.54,1811.96,18,29,38,19,17,14,11,160,149,0,99,58
421495,35,-0.09,-0.05,-0.55,-0.25,1,0.2,0.2,0.15,50,55.7,350,310,3,307,138,92,0,44,0,33,0,40,3,353,171,136,353,131420.35,1361.27,29,47,46,31,36,19,13,86,138,92,0,77
421496,35,-0.09,-0.05,-0.55,-0.25,1,0.2,0.2,0.15,50,50.82,349,309,4,305,0,98,0,52,0,155,0,40,4,353,155,150,353,112265.17,1150.85,11,18,8,16,22,9,8,213,0,98,0,207
421497,35,-0.09,-0.05,-0.55,-0.25,1,0.2,0.2,0.15,50,62.42,350,310,4,306,149,0,0,115,0,42,0,40,3,353,191,115,353,165666.77,1710.15,18,29,38,19,17,14,11,160,149,0,0,157
421498,35,-0.09,-0.05,-0.55,-0.25,1,0.2,0.2,0.15,60,55.7,350,310,3,307,138,92,0,44,0,33,0,40,3,353,171,136,353,131420.35,1361.27,29,47,46,31,36,19,13,86,138,92,0,77
421499,35,-0.09,-0.05,-0.55,-0.25,1,0.2,0.2,0.15,60,50.82,349,309,4,305,0,98,0,52,0,155,0,40,4,353,155,150,353,112265.17,1150.85,11,18,8,16,22,9,8,213,0,98,0,207
421500,35,-0.09,-0.05,-0.55,-0.25,1,0.2,0.2,0.15,60,62.42,350,310,4,306,149,0,0,115,0,42,0,40,3,353,191,115,353,165666.77,1710.15,18,29,38,19,17,14,11,160,149,0,0,157
421501,35,-0.09,-0.05,-0.55,-0.25,2,0.1,0.1,0.15,20,72.4,350,310,2,308,199,48,37,0,24,0,0,40,3,353,223,85,353,102659.98,1345.55,126,62,33,87,0,0,0,0,199,48,61,0
421502,35,-0.09,-0.05,-0.55,-0.25,2,0.1,0.1,0.15,20,65.91,350,310,2,308,0,53,52,0,203,0,0,40,3,353,203,105,353,191757.71,2158.6,11,18,8,271,0,0,0,0,0,53,255,0
421503,35,-0.09,-0.05,-0.55,-0.25,2,0.1,0.1,0.15,20,77.27,350,310,2,308,209,0,70,0,29,0,0,40,3,353,238,70,353,145617.41,1625.34,115,49,30,114,0,0,0,0,209,0,99,0
421504,35,-0.09,-0.05,-0.55,-0.25,2,0.1,0.1,0.15,30,72.4,350,310,2,308,215,65,20,0,8,0,0,40,3,353,223,85,353,101553.01,1375.99,126,62,33,26,21,40,0,0,215,65,28,0
421505,35,-0.09,-0.05,-0.55,-0.25,2,0.1,0.1,0.15,30,57.98,350,310,3,307,0,84,45,0,178,0,0,40,3,353,178,129,353,160575.86,2009.45,11,18,8,16,22,232,0,0,0,84,223,0
421506,35,-0.09,-0.05,-0.55,-0.25,2,0.1,0.1,0.15,30,81.76,350,310,3,307,235,0,56,0,16,0,0,40,3,353,251,56,353,171985.71,1814.67,115,49,30,15,15,83,0,0,235,0,72,0
421507,35,-0.09,-0.05,-0.55,-0.25,2,0.1,0.1,0.15,40,72.64,350,310,3,307,218,69,13,2,3,2,0,40,3,353,223,84,353,98701.6,1360.86,126,62,33,26,21,12,4,23,218,69,16,4
421508,35,-0.09,-0.05,-0.55,-0.25,2,0.1,0.1,0.15,40,53.77,349,309,4,305,0,95,40,6,40,124,0,40,4,353,164,141,353,139913.11,1870.12,11,18,8,16,22,9,8,213,0,95,80,130
421509,35,-0.09,-0.05,-0.55,-0.25,2,0.1,0.1,0.15,40,82.03,350,310,4,306,241,0,44,11,4,6,0,40,3,353,251,55,353,159425.65,1747.09,115,49,30,15,15,11,5,66,241,0,48,17
421510,35,-0.09,-0.05,-0.55,-0.25,2,0.1,0.1,0.15,50,72.31,350,310,3,307,218,70,0,15,0,4,0,40,3,353,222,85,353,97745.45,1354.05,126,62,33,26,21,12,4,23,218,70,0,19
421511,35,-0.09,-0.05,-0.55,-0.25,2,0.1,0.1,0.15,50,53.44,349,309,4,305,0,98,0,44,0,163,0,40,4,353,163,142,353,128695.8,1774.34,11,18,8,16,22,9,8,213,0,98,0,207
421512,35,-0.09,-0.05,-0.55,-0.25,2,0.1,0.1,0.15,50,81.7,350,310,4,306,241,0,0,56,0,9,0,40,3,353,250,56,353,153727.48,1714.97,115,49,30,15,15,11,5,66,241,0,0,65
421513,35,-0.09,-0.05,-0.55,-0.25,2,0.1,0.1,0.15,60,72.31,350,310,3,307,218,70,0,15,0,4,0,40,3,353,222,85,353,97745.45,1354.05,126,62,33,26,21,12,4,23,218,70,0,19
421514,35,-0.09,-0.05,-0.55,-0.25,2,0.1,0.1,0.15,60,53.44,349,309,4,305,0,98,0,44,0,163,0,40,4,353,163,142,353,128695.8,1774.34,11,18,8,16,22,9,8,213,0,98,0,207
421515,35,-0.09,-0.05,-0.55,-0.25,2,0.1,0.1,0.15,60,81.7,350,310,4,306,241,0,0,56,0,9,0,40,3,353,250,56,353,153727.48,1714.97,115,49,30,15,15,11,5,66,241,0,0,65
421516,35,-0.09,-0.05,-0.55,-0.25,2,0.1,0.2,0.15,20,66.56,350,310,2,308,104,53,50,0,101,0,0,40,3,353,205,103,353,176166.35,2046.87,29,51,44,184,0,0,0,0,104,53,151,0
421517,35,-0.09,-0.05,-0.55,-0.25,2,0.1,0.2,0.15,20,65.91,350,310,2,308,0,53,52,0,203,0,0,40,3,353,203,105,353,191757.71,2158.6,11,18,8,271,0,0,0,0,0,53,255,0
421518,35,-0.09,-0.05,-0.55,-0.25,2,0.1,0.2,0.15,20,72.08,350,310,2,308,109,0,86,0,113,0,0,40,3,353,222,86,353,226544.38,2380.43,18,33,37,220,0,0,0,0,109,0,199,0
421519,35,-0.09,-0.05,-0.55,-0.25,2,0.1,0.2,0.15,30,60.71,350,310,2,308,131,82,39,0,56,0,0,40,3,353,187,121,353,169723.91,2087.75,29,51,44,33,36,115,0,0,131,82,95,0
421520,35,-0.09,-0.05,-0.55,-0.25,2,0.1,0.2,0.15,30,57.98,350,310,3,307,0,84,45,0,178,0,0,40,3,353,178,129,353,160575.86,2009.45,11,18,8,16,22,232,0,0,0,84,223,0
421521,35,-0.09,-0.05,-0.55,-0.25,2,0.1,0.2,0.15,30,71.99,350,310,3,307,145,0,86,0,76,0,0,40,3,353,221,86,353,267350.23,2706.24,18,33,37,21,19,179,0,0,145,0,162,0
421522,35,-0.09,-0.05,-0.55,-0.25,2,0.1,0.2,0.15,40,58.31,350,310,3,307,145,91,31,6,12,22,0,40,3,353,179,128,353,149949.26,1962.03,29,51,44,33,36,20,15,79,145,91,43,28
421523,35,-0.09,-0.05,-0.55,-0.25,2,0.1,0.2,0.15,40,53.77,349,309,4,305,0,95,40,6,40,124,0,40,4,353,164,141,353,139913.11,1870.12,11,18,8,16,22,9,8,213,0,95,80,130
421524,35,-0.09,-0.05,-0.55,-0.25,2,0.1,0.2,0.15,40,67.65,350,310,4,306,163,0,79,20,17,27,0,40,3,353,207,99,353,225066.62,2459.81,18,33,37,21,19,17,13,148,163,0,96,47
421525,35,-0.09,-0.05,-0.55,-0.25,2,0.1,0.2,0.15,50,58.31,350,310,3,307,145,92,0,36,0,34,0,40,3,353,179,128,353,146205.2,1929.86,29,51,44,33,36,20,15,79,145,92,0,70
421526,35,-0.09,-0.05,-0.55,-0.25,2,0.1,0.2,0.15,50,53.44,349,309,4,305,0,98,0,44,0,163,0,40,4,353,163,142,353,128695.8,1774.34,11,18,8,16,22,9,8,213,0,98,0,207
421527,35,-0.09,-0.05,-0.55,-0.25,2,0.1,0.2,0.15,50,67.97,350,310,4,306,163,0,0,98,0,45,0,40,3,353,208,98,353,211075.62,2375.7,18,33,37,21,19,17,13,148,163,0,0,143
421528,35,-0.09,-0.05,-0.55,-0.25,2,0.1,0.2,0.15,60,58.31,350,310,3,307,145,92,0,36,0,34,0,40,3,353,179,128,353,146205.2,1929.86,29,51,44,33,36,20,15,79,145,92,0,70
421529,35,-0.09,-0.05,-0.55,-0.25,2,0.1,0.2,0.15,60,53.44,349,309,4,305,0,98,0,44,0,163,0,40,4,353,163,142,353,128695.8,1774.34,11,18,8,16,22,9,8,213,0,98,0,207
421530,35,-0.09,-0.05,-0.55,-0.25,2,0.1,0.2,0.15,60,67.97,350,310,4,306,163,0,0,98,0,45,0,40,3,353,208,98,353,211075.62,2375.7,18,33,37,21,19,17,13,148,163,0,0,143
421531,35,-0.09,-0.05,-0.55,-0.25,2,0.2,0.1,0.15,20,69.81,350,310,2,308,190,48,45,0,25,0,0,40,3,353,215,93,353,91725.95,938.8,123,60,28,97,0,0,0,0,190,48,70,0
421532,35,-0.09,-0.05,-0.55,-0.25,2,0.2,0.1,0.15,20,63.31,350,310,2,308,0,53,60,0,195,0,0,40,3,353,195,113,353,163337.73,1678.7,11,18,8,271,0,0,0,0,0,53,255,0
421533,35,-0.09,-0.05,-0.55,-0.25,2,0.2,0.1,0.15,20,72.73,350,310,2,308,199,0,84,0,25,0,0,40,3,353,224,84,353,118694.2,1213.94,112,45,23,128,0,0,0,0,199,0,109,0
421534,35,-0.09,-0.05,-0.55,-0.25,2,0.2,0.1,0.15,30,69.81,350,310,2,308,208,68,25,0,7,0,0,40,3,353,215,93,353,88600.87,908.79,123,60,28,27,21,49,0,0,208,68,32,0
421535,35,-0.09,-0.05,-0.55,-0.25,2,0.2,0.1,0.15,30,57.33,350,310,3,307,0,84,47,0,176,0,0,40,3,353,176,131,353,137764.3,1427.48,11,18,8,16,22,232,0,0,0,84,223,0
421536,35,-0.09,-0.05,-0.55,-0.25,2,0.2,0.1,0.15,30,75.24,350,310,3,307,222,0,76,0,9,0,0,40,3,353,231,76,353,131604.61,1352.22,112,45,23,19,9,99,0,0,222,0,85,0
421537,35,-0.09,-0.05,-0.55,-0.25,2,0.2,0.1,0.15,40,69.38,350,310,3,307,210,74,15,5,3,0,0,40,3,353,213,94,353,84348.81,865.01,123,60,28,27,21,17,4,27,210,74,18,5
421538,35,-0.09,-0.05,-0.55,-0.25,2,0.2,0.1,0.15,40,51.48,349,309,4,305,0,95,42,11,38,119,0,40,4,353,157,148,353,122358.88,1256.03,11,18,8,16,22,9,8,213,0,95,80,130
421539,35,-0.09,-0.05,-0.55,-0.25,2,0.2,0.1,0.15,40,75.49,350,310,4,306,227,0,57,18,3,1,0,40,3,353,231,75,353,117662.77,1206.24,112,45,23,19,9,14,3,81,227,0,60,19
421540,35,-0.09,-0.05,-0.55,-0.25,2,0.2,0.1,0.15,50,68.73,350,310,3,307,210,75,0,21,0,1,0,40,3,353,211,96,353,83094.62,852.68,123,60,28,27,21,17,4,27,210,75,0,22
421541,35,-0.09,-0.05,-0.55,-0.25,2,0.2,0.1,0.15,50,50.82,349,309,4,305,0,98,0,52,0,155,0,40,4,353,155,150,353,112265.17,1150.85,11,18,8,16,22,9,8,213,0,98,0,207
421542,35,-0.09,-0.05,-0.55,-0.25,2,0.2,0.1,0.15,50,75.16,350,310,4,306,227,0,0,76,0,3,0,40,3,353,230,76,353,114287.48,1173.01,112,45,23,19,9,14,3,81,227,0,0,79
421543,35,-0.09,-0.05,-0.55,-0.25,2,0.2,0.1,0.15,60,68.73,350,310,3,307,210,75,0,21,0,1,0,40,3,353,211,96,353,83094.62,852.68,123,60,28,27,21,17,4,27,210,75,0,22
421544,35,-0.09,-0.05,-0.55,-0.25,2,0.2,0.1,0.15,60,50.82,349,309,4,305,0,98,0,52,0,155,0,40,4,353,155,150,353,112265.17,1150.85,11,18,8,16,22,9,8,213,0,98,0,207
421545,35,-0.09,-0.05,-0.55,-0.25,2,0.2,0.1,0.15,60,75.16,350,310,4,306,227,0,0,76,0,3,0,40,3,353,230,76,353,114287.48,1173.01,112,45,23,19,9,14,3,81,227,0,0,79
421546,35,-0.09,-0.05,-0.55,-0.25,2,0.2,0.2,0.15,20,63.96,350,310,2,308,100,53,58,0,97,0,0,40,3,353,197,111,353,154612.67,1588.5,29,47,46,186,0,0,0,0,100,53,155,0
421547,35,-0.09,-0.05,-0.55,-0.25,2,0.2,0.2,0.15,20,63.31,350,310,2,308,0,53,60,0,195,0,0,40,3,353,195,113,353,163337.73,1678.7,11,18,8,271,0,0,0,0,0,53,255,0
421548,35,-0.09,-0.05,-0.55,-0.25,2,0.2,0.2,0.15,20,67.53,350,310,2,308,104,0,100,0,104,0,0,40,3,353,208,100,353,183537.44,1884.43,18,29,38,223,0,0,0,0,104,0,204,0
421549,35,-0.09,-0.05,-0.55,-0.25,2,0.2,0.2,0.15,30,60.06,350,310,2,308,126,82,41,0,59,0,0,40,3,353,185,123,353,148382.31,1534.78,29,47,46,31,36,119,0,0,126,82,100,0
421550,35,-0.09,-0.05,-0.55,-0.25,2,0.2,0.2,0.15,30,57.33,350,310,3,307,0,84,47,0,176,0,0,40,3,353,176,131,353,137764.3,1427.48,11,18,8,16,22,232,0,0,0,84,223,0
421551,35,-0.09,-0.05,-0.55,-0.25,2,0.2,0.2,0.15,30,66.78,350,310,3,307,135,0,102,0,70,0,0,40,3,353,205,102,353,200827.76,2075.12,18,29,38,19,17,186,0,0,135,0,172,0
421552,35,-0.09,-0.05,-0.55,-0.25,2,0.2,0.2,0.15,40,56.03,350,310,3,307,138,91,33,11,11,23,0,40,3,353,172,135,353,135523.94,1403.21,29,47,46,31,36,19,13,86,138,91,44,34
421553,35,-0.09,-0.05,-0.55,-0.25,2,0.2,0.2,0.15,40,51.48,349,309,4,305,0,95,42,11,38,119,0,40,4,353,157,148,353,122358.88,1256.03,11,18,8,16,22,9,8,213,0,95,80,130
421554,35,-0.09,-0.05,-0.55,-0.25,2,0.2,0.2,0.15,40,62.75,350,310,4,306,149,0,86,28,13,30,0,40,3,353,192,114,353,175672.54,1811.96,18,29,38,19,17,14,11,160,149,0,99,58
421555,35,-0.09,-0.05,-0.55,-0.25,2,0.2,0.2,0.15,50,55.7,350,310,3,307,138,92,0,44,0,33,0,40,3,353,171,136,353,131420.35,1361.27,29,47,46,31,36,19,13,86,138,92,0,77
421556,35,-0.09,-0.05,-0.55,-0.25,2,0.2,0.2,0.15,50,50.82,349,309,4,305,0,98,0,52,0,155,0,40,4,353,155,150,353,112265.17,1150.85,11,18,8,16,22,9,8,213,0,98,0,207
421557,35,-0.09,-0.05,-0.55,-0.25,2,0.2,0.2,0.15,50,62.42,350,310,4,306,149,0,0,115,0,42,0,40,3,353,191,115,353,165666.77,1710.15,18,29,38,19,17,14,11,160,149,0,0,157
421558,35,-0.09,-0.05,-0.55,-0.25,2,0.2,0.2,0.15,60,55.7,350,310,3,307,138,92,0,44,0,33,0,40,3,353,171,136,353,131420.35,1361.27,29,47,46,31,36,19,13,86,138,92,0,77
421559,35,-0.09,-0.05,-0.55,-0.25,2,0.2,0.2,0.15,60,50.82,349,309,4,305,0,98,0,52,0,155,0,40,4,353,155,150,353,112265.17,1150.85,11,18,8,16,22,9,8,213,0,98,0,207
421560,35,-0.09,-0.05,-0.55,-0.25,2,0.2,0.2,0.15,60,62.42,350,310,4,306,149,0,0,115,0,42,0,40,3,353,191,115,353,165666.77,1710.15,18,29,38,19,17,14,11,160,149,0,0,157
421561,35,-0.09,-0.05,-0.5,-0.45,1,0.1,0.1,0.15,20,64.62,79,65,0,65,40,16,7,0,2,0,0,14,0,79,42,23,79,12132.77,122.77,26,17,6,16,0,0,0,0,40,16,9,0
421562,35,-0.09,-0.05,-0.5,-0.45,1,0.1,0.1,0.15,20,61.54,79,65,0,65,0,17,8,0,40,0,0,14,0,79,40,25,79,42723.45,431.75,1,8,3,53,0,0,0,0,0,17,48,0
421563,35,-0.09,-0.05,-0.5,-0.45,1,0.1,0.1,0.15,20,70.77,79,65,0,65,44,0,19,0,2,0,0,14,0,79,46,19,79,25638.75,259.77,25,10,4,26,0,0,0,0,44,0,21,0
421564,35,-0.09,-0.05,-0.5,-0.45,1,0.1,0.1,0.15,30,66.15,79,65,0,65,42,19,3,0,1,0,0,14,0,79,43,22,79,11364.74,114.32,26,17,6,7,2,7,0,0,42,19,4,0
421565,35,-0.09,-0.05,-0.5,-0.45,1,0.1,0.1,0.15,30,55.38,79,65,0,65,0,22,7,0,36,0,0,14,0,79,36,29,79,36891.94,372.35,1,8,3,5,3,45,0,0,0,22,43,0
421566,35,-0.09,-0.05,-0.5,-0.45,1,0.1,0.1,0.15,30,75.38,79,65,0,65,48,0,16,0,1,0,0,14,0,79,49,16,79,29985.93,305.34,25,10,4,5,1,20,0,0,48,0,17,0
421567,35,-0.09,-0.05,-0.5,-0.45,1,0.1,0.1,0.15,40,66.15,79,65,0,65,43,20,2,0,0,0,0,14,0,79,43,22,79,11005.27,112.8,26,17,6,7,2,3,1,3,43,20,2,0
421568,35,-0.09,-0.05,-0.5,-0.45,1,0.1,0.1,0.15,40,50.77,79,65,0,65,0,23,9,0,2,31,0,14,0,79,33,32,79,37410.16,380.2,1,8,3,5,3,2,2,41,0,23,11,31
421569,35,-0.09,-0.05,-0.5,-0.45,1,0.1,0.1,0.15,40,76.92,79,65,0,65,49,0,13,2,0,1,0,14,0,79,50,15,79,25751.7,263.94,25,10,4,5,1,3,0,17,49,0,13,3
421570,35,-0.09,-0.05,-0.5,-0.45,1,0.1,0.1,0.15,50,66.15,79,65,0,65,43,21,0,1,0,0,0,14,0,79,43,22,79,10593.76,108.69,26,17,6,7,2,3,1,3,43,21,0,1
421571,35,-0.09,-0.05,-0.5,-0.45,1,0.1,0.1,0.15,50,52.31,79,65,0,65,0,25,0,6,0,34,0,14,0,79,34,31,79,35868.32,365.21,1,8,3,5,3,2,2,41,0,25,0,40
421572,35,-0.09,-0.05,-0.5,-0.45,1,0.1,0.1,0.15,50,76.92,79,65,0,65,49,0,0,15,0,1,0,14,0,79,50,15,79,23606.37,242.13,25,10,4,5,1,3,0,17,49,0,0,16
421573,35,-0.09,-0.05,-0.5,-0.45,1,0.1,0.1,0.15,60,66.15,79,65,0,65,43,21,0,1,0,0,0,14,0,79,43,22,79,10593.76,108.69,26,17,6,7,2,3,1,3,43,21,0,1
421574,35,-0.09,-0.05,-0.5,-0.45,1,0.1,0.1,0.15,60,52.31,79,65,0,65,0,25,0,6,0,34,0,14,0,79,34,31,79,35868.32,365.21,1,8,3,5,3,2,2,41,0,25,0,40
421575,35,-0.09,-0.05,-0.5,-0.45,1,0.1,0.1,0.15,60,76.92,79,65,0,65,49,0,0,15,0,1,0,14,0,79,50,15,79,23606.37,242.13,25,10,4,5,1,3,0,17,49,0,0,16
421576,35,-0.09,-0.05,-0.5,-0.45,1,0.1,0.2,0.15,20,63.08,79,65,0,65,29,17,7,0,12,0,0,14,0,79,41,24,79,35601.01,360.96,7,19,11,28,0,0,0,0,29,17,19,0
421577,35,-0.09,-0.05,-0.5,-0.45,1,0.1,0.2,0.15,20,61.54,79,65,0,65,0,17,8,0,40,0,0,14,0,79,40,25,79,42723.45,431.75,1,8,3,53,0,0,0,0,0,17,48,0
421578,35,-0.09,-0.05,-0.5,-0.45,1,0.1,0.2,0.15,20,70.77,79,65,0,65,31,0,19,0,15,0,0,14,0,79,46,19,79,52664.22,534.31,6,11,8,40,0,0,0,0,31,0,34,0
421579,35,-0.09,-0.05,-0.5,-0.45,1,0.1,0.2,0.15,30,60.0,79,65,0,65,32,21,5,0,7,0,0,14,0,79,39,26,79,33794.91,343.45,7,19,11,9,3,16,0,0,32,21,12,0
421580,35,-0.09,-0.05,-0.5,-0.45,1,0.1,0.2,0.15,30,55.38,79,65,0,65,0,22,7,0,36,0,0,14,0,79,36,29,79,36891.94,372.35,1,8,3,5,3,45,0,0,0,22,43,0
421581,35,-0.09,-0.05,-0.5,-0.45,1,0.1,0.2,0.15,30,70.77,79,65,0,65,36,0,19,0,10,0,0,14,0,79,46,19,79,57582.78,587.29,6,11,8,6,2,32,0,0,36,0,29,0
421582,35,-0.09,-0.05,-0.5,-0.45,1,0.1,0.2,0.15,40,58.46,79,65,0,65,33,22,5,0,0,5,0,14,0,79,38,27,79,34019.8,347.94,7,19,11,9,3,4,2,10,33,22,5,5
421583,35,-0.09,-0.05,-0.5,-0.45,1,0.1,0.2,0.15,40,50.77,79,65,0,65,0,23,9,0,2,31,0,14,0,79,33,32,79,37410.16,380.2,1,8,3,5,3,2,2,41,0,23,11,31
421584,35,-0.09,-0.05,-0.5,-0.45,1,0.1,0.2,0.15,40,69.23,79,65,0,65,37,0,17,3,1,7,0,14,0,79,45,20,79,53048.14,542.83,6,11,8,6,2,3,1,28,37,0,18,10
421585,35,-0.09,-0.05,-0.5,-0.45,1,0.1,0.2,0.15,50,60.0,79,65,0,65,33,23,0,3,0,6,0,14,0,79,39,26,79,34318.23,351.54,7,19,11,9,3,4,2,10,33,23,0,9
421586,35,-0.09,-0.05,-0.5,-0.45,1,0.1,0.2,0.15,50,52.31,79,65,0,65,0,25,0,6,0,34,0,14,0,79,34,31,79,35868.32,365.21,1,8,3,5,3,2,2,41,0,25,0,40
421587,35,-0.09,-0.05,-0.5,-0.45,1,0.1,0.2,0.15,50,70.77,79,65,0,65,37,0,0,19,0,9,0,14,0,79,46,19,79,50698.5,519.43,6,11,8,6,2,3,1,28,37,0,0,28
421588,35,-0.09,-0.05,-0.5,-0.45,1,0.1,0.2,0.15,60,60.0,79,65,0,65,33,23,0,3,0,6,0,14,0,79,39,26,79,34318.23,351.54,7,19,11,9,3,4,2,10,33,23,0,9
421589,35,-0.09,-0.05,-0.5,-0.45,1,0.1,0.2,0.15,60,52.31,79,65,0,65,0,25,0,6,0,34,0,14,0,79,34,31,79,35868.32,365.21,1,8,3,5,3,2,2,41,0,25,0,40
421590,35,-0.09,-0.05,-0.5,-0.45,1,0.1,0.2,0.15,60,70.77,79,65,0,65,37,0,0,19,0,9,0,14,0,79,46,19,79,50698.5,519.43,6,11,8,6,2,3,1,28,37,0,0,28
421591,35,-0.09,-0.05,-0.5,-0.45,1,0.2,0.1,0.15,20,64.62,79,65,0,65,40,16,7,0,2,0,0,14,0,79,42,23,79,12132.77,122.77,26,17,6,16,0,0,0,0,40,16,9,0
421592,35,-0.09,-0.05,-0.5,-0.45,1,0.2,0.1,0.15,20,61.54,79,65,0,65,0,17,8,0,40,0,0,14,0,79,40,25,79,42723.45,431.75,1,8,3,53,0,0,0,0,0,17,48,0
421593,35,-0.09,-0.05,-0.5,-0.45,1,0.2,0.1,0.15,20,70.77,79,65,0,65,44,0,19,0,2,0,0,14,0,79,46,19,79,25638.75,259.77,25,10,4,26,0,0,0,0,44,0,21,0
421594,35,-0.09,-0.05,-0.5,-0.45,1,0.2,0.1,0.15,30,66.15,79,65,0,65,42,19,3,0,1,0,0,14,0,79,43,22,79,11364.74,114.32,26,17,6,7,2,7,0,0,42,19,4,0
421595,35,-0.09,-0.05,-0.5,-0.45,1,0.2,0.1,0.15,30,55.38,79,65,0,65,0,22,7,0,36,0,0,14,0,79,36,29,79,36891.94,372.35,1,8,3,5,3,45,0,0,0,22,43,0
421596,35,-0.09,-0.05,-0.5,-0.45,1,0.2,0.1,0.15,30,75.38,79,65,0,65,48,0,16,0,1,0,0,14,0,79,49,16,79,29985.93,305.34,25,10,4,5,1,20,0,0,48,0,17,0
421597,35,-0.09,-0.05,-0.5,-0.45,1,0.2,0.1,0.15,40,66.15,79,65,0,65,43,20,2,0,0,0,0,14,0,79,43,22,79,11005.27,112.8,26,17,6,7,2,3,1,3,43,20,2,0
421598,35,-0.09,-0.05,-0.5,-0.45,1,0.2,0.1,0.15,40,50.77,79,65,0,65,0,23,9,0,2,31,0,14,0,79,33,32,79,37410.16,380.2,1,8,3,5,3,2,2,41,0,23,11,31
421599,35,-0.09,-0.05,-0.5,-0.45,1,0.2,0.1,0.15,40,76.92,79,65,0,65,49,0,13,2,0,1,0,14,0,79,50,15,79,25751.7,263.94,25,10,4,5,1,3,0,17,49,0,13,3
421600,35,-0.09,-0.05,-0.5,-0.45,1,0.2,0.1,0.15,50,66.15,79,65,0,65,43,21,0,1,0,0,0,14,0,79,43,22,79,10593.76,108.69,26,17,6,7,2,3,1,3,43,21,0,1
421601,35,-0.09,-0.05,-0.5,-0.45,1,0.2,0.1,0.15,50,52.31,79,65,0,65,0,25,0,6,0,34,0,14,0,79,34,31,79,35868.32,365.21,1,8,3,5,3,2,2,41,0,25,0,40
421602,35,-0.09,-0.05,-0.5,-0.45,1,0.2,0.1,0.15,50,76.92,79,65,0,65,49,0,0,15,0,1,0,14,0,79,50,15,79,23606.37,242.13,25,10,4,5,1,3,0,17,49,0,0,16
421603,35,-0.09,-0.05,-0.5,-0.45,1,0.2,0.1,0.15,60,66.15,79,65,0,65,43,21,0,1,0,0,0,14,0,79,43,22,79,10593.76,108.69,26,17,6,7,2,3,1,3,43,21,0,1
421604,35,-0.09,-0.05,-0.5,-0.45,1,0.2,0.1,0.15,60,52.31,79,65,0,65,0,25,0,6,0,34,0,14,0,79,34,31,79,35868.32,365.21,1,8,3,5,3,2,2,41,0,25,0,40
421605,35,-0.09,-0.05,-0.5,-0.45,1,0.2,0.1,0.15,60,76.92,79,65,0,65,49,0,0,15,0,1,0,14,0,79,50,15,79,23606.37,242.13,25,10,4,5,1,3,0,17,49,0,0,16
421606,35,-0.09,-0.05,-0.5,-0.45,1,0.2,0.2,0.15,20,63.08,79,65,0,65,29,17,7,0,12,0,0,14,0,79,41,24,79,35601.01,360.96,7,19,11,28,0,0,0,0,29,17,19,0
421607,35,-0.09,-0.05,-0.5,-0.45,1,0.2,0.2,0.15,20,61.54,79,65,0,65,0,17,8,0,40,0,0,14,0,79,40,25,79,42723.45,431.75,1,8,3,53,0,0,0,0,0,17,48,0
421608,35,-0.09,-0.05,-0.5,-0.45,1,0.2,0.2,0.15,20,70.77,79,65,0,65,31,0,19,0,15,0,0,14,0,79,46,19,79,52664.22,534.31,6,11,8,40,0,0,0,0,31,0,34,0
421609,35,-0.09,-0.05,-0.5,-0.45,1,0.2,0.2,0.15,30,60.0,79,65,0,65,32,21,5,0,7,0,0,14,0,79,39,26,79,33794.91,343.45,7,19,11,9,3,16,0,0,32,21,12,0
421610,35,-0.09,-0.05,-0.5,-0.45,1,0.2,0.2,0.15,30,55.38,79,65,0,65,0,22,7,0,36,0,0,14,0,79,36,29,79,36891.94,372.35,1,8,3,5,3,45,0,0,0,22,43,0
421611,35,-0.09,-0.05,-0.5,-0.45,1,0.2,0.2,0.15,30,70.77,79,65,0,65,36,0,19,0,10,0,0,14,0,79,46,19,79,57582.78,587.29,6,11,8,6,2,32,0,0,36,0,29,0
421612,35,-0.09,-0.05,-0.5,-0.45,1,0.2,0.2,0.15,40,58.46,79,65,0,65,33,22,5,0,0,5,0,14,0,79,38,27,79,34019.8,347.94,7,19,11,9,3,4,2,10,33,22,5,5
421613,35,-0.09,-0.05,-0.5,-0.45,1,0.2,0.2,0.15,40,50.77,79,65,0,65,0,23,9,0,2,31,0,14,0,79,33,32,79,37410.16,380.2,1,8,3,5,3,2,2,41,0,23,11,31
421614,35,-0.09,-0.05,-0.5,-0.45,1,0.2,0.2,0.15,40,69.23,79,65,0,65,37,0,17,3,1,7,0,14,0,79,45,20,79,53048.14,542.83,6,11,8,6,2,3,1,28,37,0,18,10
421615,35,-0.09,-0.05,-0.5,-0.45,1,0.2,0.2,0.15,50,60.0,79,65,0,65,33,23,0,3,0,6,0,14,0,79,39,26,79,34318.23,351.54,7,19,11,9,3,4,2,10,33,23,0,9
421616,35,-0.09,-0.05,-0.5,-0.45,1,0.2,0.2,0.15,50,52.31,79,65,0,65,0,25,0,6,0,34,0,14,0,79,34,31,79,35868.32,365.21,1,8,3,5,3,2,2,41,0,25,0,40
421617,35,-0.09,-0.05,-0.5,-0.45,1,0.2,0.2,0.15,50,70.77,79,65,0,65,37,0,0,19,0,9,0,14,0,79,46,19,79,50698.5,519.43,6,11,8,6,2,3,1,28,37,0,0,28
421618,35,-0.09,-0.05,-0.5,-0.45,1,0.2,0.2,0.15,60,60.0,79,65,0,65,33,23,0,3,0,6,0,14,0,79,39,26,79,34318.23,351.54,7,19,11,9,3,4,2,10,33,23,0,9
421619,35,-0.09,-0.05,-0.5,-0.45,1,0.2,0.2,0.15,60,52.31,79,65,0,65,0,25,0,6,0,34,0,14,0,79,34,31,79,35868.32,365.21,1,8,3,5,3,2,2,41,0,25,0,40
421620,35,-0.09,-0.05,-0.5,-0.45,1,0.2,0.2,0.15,60,70.77,79,65,0,65,37,0,0,19,0,9,0,14,0,79,46,19,79,50698.5,519.43,6,11,8,6,2,3,1,28,37,0,0,28
421621,35,-0.09,-0.05,-0.5,-0.45,2,0.1,0.1,0.15,20,67.69,79,65,0,65,41,16,5,0,3,0,0,14,0,79,44,21,79,11099.02,224.53,27,17,6,15,0,0,0,0,41,16,8,0
421622,35,-0.09,-0.05,-0.5,-0.45,2,0.1,0.1,0.15,20,64.62,79,65,0,65,0,17,6,0,42,0,0,14,0,79,42,23,79,45513.58,553.04,1,8,3,53,0,0,0,0,0,17,48,0
421623,35,-0.09,-0.05,-0.5,-0.45,2,0.1,0.1,0.15,20,75.38,79,65,0,65,45,0,16,0,4,0,0,14,0,79,49,16,79,33700.12,354.09,26,11,3,25,0,0,0,0,45,0,20,0
421624,35,-0.09,-0.05,-0.5,-0.45,2,0.1,0.1,0.15,30,67.69,79,65,0,65,43,19,2,0,1,0,0,14,0,79,44,21,79,10954.59,215.77,27,17,6,7,2,6,0,0,43,19,3,0
421625,35,-0.09,-0.05,-0.5,-0.45,2,0.1,0.1,0.15,30,55.38,79,65,0,65,0,22,7,0,36,0,0,14,0,79,36,29,79,39189.08,503.6,1,8,3,5,3,45,0,0,0,22,43,0
421626,35,-0.09,-0.05,-0.5,-0.45,2,0.1,0.1,0.15,30,83.08,79,65,0,65,50,0,11,0,4,0,0,14,0,79,54,11,79,43396.19,404.49,26,11,3,5,2,18,0,0,50,0,15,0
421627,35,-0.09,-0.05,-0.5,-0.45,2,0.1,0.1,0.15,40,67.69,79,65,0,65,44,19,2,0,0,0,0,14,0,79,44,21,79,10699.12,218.24,27,17,6,7,2,3,0,3,44,19,2,0
421628,35,-0.09,-0.05,-0.5,-0.45,2,0.1,0.1,0.15,40,50.77,79,65,0,65,0,23,9,0,2,31,0,14,0,79,33,32,79,43045.83,513.14,1,8,3,5,3,2,2,41,0,23,11,31
421629,35,-0.09,-0.05,-0.5,-0.45,2,0.1,0.1,0.15,40,83.08,79,65,0,65,51,0,10,1,1,2,0,14,0,79,54,11,79,37414.24,377.26,26,11,3,5,2,3,0,15,51,0,11,3
421630,35,-0.09,-0.05,-0.5,-0.45,2,0.1,0.1,0.15,50,67.69,79,65,0,65,44,20,0,1,0,0,0,14,0,79,44,21,79,9805.05,213.89,27,17,6,7,2,3,0,3,44,20,0,1
421631,35,-0.09,-0.05,-0.5,-0.45,2,0.1,0.1,0.15,50,52.31,79,65,0,65,0,25,0,6,0,34,0,14,0,79,34,31,79,40375.23,497.58,1,8,3,5,3,2,2,41,0,25,0,40
421632,35,-0.09,-0.05,-0.5,-0.45,2,0.1,0.1,0.15,50,83.08,79,65,0,65,51,0,0,11,0,3,0,14,0,79,54,11,79,33365.73,356.79,26,11,3,5,2,3,0,15,51,0,0,14
421633,35,-0.09,-0.05,-0.5,-0.45,2,0.1,0.1,0.15,60,67.69,79,65,0,65,44,20,0,1,0,0,0,14,0,79,44,21,79,9805.05,213.89,27,17,6,7,2,3,0,3,44,20,0,1
421634,35,-0.09,-0.05,-0.5,-0.45,2,0.1,0.1,0.15,60,52.31,79,65,0,65,0,25,0,6,0,34,0,14,0,79,34,31,79,40375.23,497.58,1,8,3,5,3,2,2,41,0,25,0,40
421635,35,-0.09,-0.05,-0.5,-0.45,2,0.1,0.1,0.15,60,83.08,79,65,0,65,51,0,0,11,0,3,0,14,0,79,54,11,79,33365.73,356.79,26,11,3,5,2,3,0,15,51,0,0,14
421636,35,-0.09,-0.05,-0.5,-0.45,2,0.1,0.2,0.15,20,66.15,79,65,0,65,31,17,5,0,12,0,0,14,0,79,43,22,79,38143.42,483.17,7,21,10,27,0,0,0,0,31,17,17,0
421637,35,-0.09,-0.05,-0.5,-0.45,2,0.1,0.2,0.15,20,64.62,79,65,0,65,0,17,6,0,42,0,0,14,0,79,42,23,79,45513.58,553.04,1,8,3,53,0,0,0,0,0,17,48,0
421638,35,-0.09,-0.05,-0.5,-0.45,2,0.1,0.2,0.15,20,75.38,79,65,0,65,34,0,16,0,15,0,0,14,0,79,49,16,79,70518.92,662.43,6,13,8,38,0,0,0,0,34,0,31,0
421639,35,-0.09,-0.05,-0.5,-0.45,2,0.1,0.2,0.15,30,60.0,79,65,0,65,35,21,5,0,4,0,0,14,0,79,39,26,79,38055.18,474.96,7,21,10,10,3,14,0,0,35,21,9,0
421640,35,-0.09,-0.05,-0.5,-0.45,2,0.1,0.2,0.15,30,55.38,79,65,0,65,0,22,7,0,36,0,0,14,0,79,36,29,79,39189.08,503.6,1,8,3,5,3,45,0,0,0,22,43,0
421641,35,-0.09,-0.05,-0.5,-0.45,2,0.1,0.2,0.15,30,76.92,79,65,0,65,40,0,15,0,10,0,0,14,0,79,50,15,79,81884.91,729.2,6,13,8,7,1,30,0,0,40,0,25,0
421642,35,-0.09,-0.05,-0.5,-0.45,2,0.1,0.2,0.15,40,58.46,79,65,0,65,36,22,5,0,0,2,0,14,0,79,38,27,79,37409.38,471.88,7,21,10,10,3,5,2,7,36,22,5,2
421643,35,-0.09,-0.05,-0.5,-0.45,2,0.1,0.2,0.15,40,50.77,79,65,0,65,0,23,9,0,2,31,0,14,0,79,33,32,79,43045.83,513.14,1,8,3,5,3,2,2,41,0,23,11,31
421644,35,-0.09,-0.05,-0.5,-0.45,2,0.1,0.2,0.15,40,72.31,79,65,0,65,42,0,16,2,1,4,0,14,0,79,47,18,79,73247.48,684.75,6,13,8,7,1,5,1,24,42,0,17,6
421645,35,-0.09,-0.05,-0.5,-0.45,2,0.1,0.2,0.15,50,60.0,79,65,0,65,36,23,0,3,0,3,0,14,0,79,39,26,79,37225.25,475.24,7,21,10,10,3,5,2,7,36,23,0,6
421646,35,-0.09,-0.05,-0.5,-0.45,2,0.1,0.2,0.15,50,52.31,79,65,0,65,0,25,0,6,0,34,0,14,0,79,34,31,79,40375.23,497.58,1,8,3,5,3,2,2,41,0,25,0,40
421647,35,-0.09,-0.05,-0.5,-0.45,2,0.1,0.2,0.15,50,73.85,79,65,0,65,42,0,0,17,0,6,0,14,0,79,48,17,79,68966.91,667.22,6,13,8,7,1,5,1,24,42,0,0,23
421648,35,-0.09,-0.05,-0.5,-0.45,2,0.1,0.2,0.15,60,60.0,79,65,0,65,36,23,0,3,0,3,0,14,0,79,39,26,79,37225.25,475.24,7,21,10,10,3,5,2,7,36,23,0,6
421649,35,-0.09,-0.05,-0.5,-0.45,2,0.1,0.2,0.15,60,52.31,79,65,0,65,0,25,0,6,0,34,0,14,0,79,34,31,79,40375.23,497.58,1,8,3,5,3,2,2,41,0,25,0,40
421650,35,-0.09,-0.05,-0.5,-0.45,2,0.1,0.2,0.15,60,73.85,79,65,0,65,42,0,0,17,0,6,0,14,0,79,48,17,79,68966.91,667.22,6,13,8,7,1,5,1,24,42,0,0,23
421651,35,-0.09,-0.05,-0.5,-0.45,2,0.2,0.1,0.15,20,64.62,79,65,0,65,40,16,7,0,2,0,0,14,0,79,42,23,79,12132.77,122.77,26,17,6,16,0,0,0,0,40,16,9,0
421652,35,-0.09,-0.05,-0.5,-0.45,2,0.2,0.1,0.15,20,61.54,79,65,0,65,0,17,8,0,40,0,0,14,0,79,40,25,79,42723.45,431.75,1,8,3,53,0,0,0,0,0,17,48,0
421653,35,-0.09,-0.05,-0.5,-0.45,2,0.2,0.1,0.15,20,70.77,79,65,0,65,44,0,19,0,2,0,0,14,0,79,46,19,79,25638.75,259.77,25,10,4,26,0,0,0,0,44,0,21,0
421654,35,-0.09,-0.05,-0.5,-0.45,2,0.2,0.1,0.15,30,66.15,79,65,0,65,42,19,3,0,1,0,0,14,0,79,43,22,79,11364.74,114.32,26,17,6,7,2,7,0,0,42,19,4,0
421655,35,-0.09,-0.05,-0.5,-0.45,2,0.2,0.1,0.15,30,55.38,79,65,0,65,0,22,7,0,36,0,0,14,0,79,36,29,79,36891.94,372.35,1,8,3,5,3,45,0,0,0,22,43,0
421656,35,-0.09,-0.05,-0.5,-0.45,2,0.2,0.1,0.15,30,75.38,79,65,0,65,48,0,16,0,1,0,0,14,0,79,49,16,79,29985.93,305.34,25,10,4,5,1,20,0,0,48,0,17,0
421657,35,-0.09,-0.05,-0.5,-0.45,2,0.2,0.1,0.15,40,66.15,79,65,0,65,43,20,2,0,0,0,0,14,0,79,43,22,79,11005.27,112.8,26,17,6,7,2,3,1,3,43,20,2,0
421658,35,-0.09,-0.05,-0.5,-0.45,2,0.2,0.1,0.15,40,50.77,79,65,0,65,0,23,9,0,2,31,0,14,0,79,33,32,79,37410.16,380.2,1,8,3,5,3,2,2,41,0,23,11,31
421659,35,-0.09,-0.05,-0.5,-0.45,2,0.2,0.1,0.15,40,76.92,79,65,0,65,49,0,13,2,0,1,0,14,0,79,50,15,79,25751.7,263.94,25,10,4,5,1,3,0,17,49,0,13,3
421660,35,-0.09,-0.05,-0.5,-0.45,2,0.2,0.1,0.15,50,66.15,79,65,0,65,43,21,0,1,0,0,0,14,0,79,43,22,79,10593.76,108.69,26,17,6,7,2,3,1,3,43,21,0,1
421661,35,-0.09,-0.05,-0.5,-0.45,2,0.2,0.1,0.15,50,52.31,79,65,0,65,0,25,0,6,0,34,0,14,0,79,34,31,79,35868.32,365.21,1,8,3,5,3,2,2,41,0,25,0,40
421662,35,-0.09,-0.05,-0.5,-0.45,2,0.2,0.1,0.15,50,76.92,79,65,0,65,49,0,0,15,0,1,0,14,0,79,50,15,79,23606.37,242.13,25,10,4,5,1,3,0,17,49,0,0,16
421663,35,-0.09,-0.05,-0.5,-0.45,2,0.2,0.1,0.15,60,66.15,79,65,0,65,43,21,0,1,0,0,0,14,0,79,43,22,79,10593.76,108.69,26,17,6,7,2,3,1,3,43,21,0,1
421664,35,-0.09,-0.05,-0.5,-0.45,2,0.2,0.1,0.15,60,52.31,79,65,0,65,0,25,0,6,0,34,0,14,0,79,34,31,79,35868.32,365.21,1,8,3,5,3,2,2,41,0,25,0,40
421665,35,-0.09,-0.05,-0.5,-0.45,2,0.2,0.1,0.15,60,76.92,79,65,0,65,49,0,0,15,0,1,0,14,0,79,50,15,79,23606.37,242.13,25,10,4,5,1,3,0,17,49,0,0,16
421666,35,-0.09,-0.05,-0.5,-0.45,2,0.2,0.2,0.15,20,63.08,79,65,0,65,29,17,7,0,12,0,0,14,0,79,41,24,79,35601.01,360.96,7,19,11,28,0,0,0,0,29,17,19,0
421667,35,-0.09,-0.05,-0.5,-0.45,2,0.2,0.2,0.15,20,61.54,79,65,0,65,0,17,8,0,40,0,0,14,0,79,40,25,79,42723.45,431.75,1,8,3,53,0,0,0,0,0,17,48,0
421668,35,-0.09,-0.05,-0.5,-0.45,2,0.2,0.2,0.15,20,70.77,79,65,0,65,31,0,19,0,15,0,0,14,0,79,46,19,79,52664.22,534.31,6,11,8,40,0,0,0,0,31,0,34,0
421669,35,-0.09,-0.05,-0.5,-0.45,2,0.2,0.2,0.15,30,60.0,79,65,0,65,32,21,5,0,7,0,0,14,0,79,39,26,79,33794.91,343.45,7,19,11,9,3,16,0,0,32,21,12,0
421670,35,-0.09,-0.05,-0.5,-0.45,2,0.2,0.2,0.15,30,55.38,79,65,0,65,0,22,7,0,36,0,0,14,0,79,36,29,79,36891.94,372.35,1,8,3,5,3,45,0,0,0,22,43,0
421671,35,-0.09,-0.05,-0.5,-0.45,2,0.2,0.2,0.15,30,70.77,79,65,0,65,36,0,19,0,10,0,0,14,0,79,46,19,79,57582.78,587.29,6,11,8,6,2,32,0,0,36,0,29,0
421672,35,-0.09,-0.05,-0.5,-0.45,2,0.2,0.2,0.15,40,58.46,79,65,0,65,33,22,5,0,0,5,0,14,0,79,38,27,79,34019.8,347.94,7,19,11,9,3,4,2,10,33,22,5,5
421673,35,-0.09,-0.05,-0.5,-0.45,2,0.2,0.2,0.15,40,50.77,79,65,0,65,0,23,9,0,2,31,0,14,0,79,33,32,79,37410.16,380.2,1,8,3,5,3,2,2,41,0,23,11,31
421674,35,-0.09,-0.05,-0.5,-0.45,2,0.2,0.2,0.15,40,69.23,79,65,0,65,37,0,17,3,1,7,0,14,0,79,45,20,79,53048.14,542.83,6,11,8,6,2,3,1,28,37,0,18,10
421675,35,-0.09,-0.05,-0.5,-0.45,2,0.2,0.2,0.15,50,60.0,79,65,0,65,33,23,0,3,0,6,0,14,0,79,39,26,79,34318.23,351.54,7,19,11,9,3,4,2,10,33,23,0,9
421676,35,-0.09,-0.05,-0.5,-0.45,2,0.2,0.2,0.15,50,52.31,79,65,0,65,0,25,0,6,0,34,0,14,0,79,34,31,79,35868.32,365.21,1,8,3,5,3,2,2,41,0,25,0,40
421677,35,-0.09,-0.05,-0.5,-0.45,2,0.2,0.2,0.15,50,70.77,79,65,0,65,37,0,0,19,0,9,0,14,0,79,46,19,79,50698.5,519.43,6,11,8,6,2,3,1,28,37,0,0,28
421678,35,-0.09,-0.05,-0.5,-0.45,2,0.2,0.2,0.15,60,60.0,79,65,0,65,33,23,0,3,0,6,0,14,0,79,39,26,79,34318.23,351.54,7,19,11,9,3,4,2,10,33,23,0,9
421679,35,-0.09,-0.05,-0.5,-0.45,2,0.2,0.2,0.15,60,52.31,79,65,0,65,0,25,0,6,0,34,0,14,0,79,34,31,79,35868.32,365.21,1,8,3,5,3,2,2,41,0,25,0,40
421680,35,-0.09,-0.05,-0.5,-0.45,2,0.2,0.2,0.15,60,70.77,79,65,0,65,37,0,0,19,0,9,0,14,0,79,46,19,79,50698.5,519.43,6,11,8,6,2,3,1,28,37,0,0,28
421681,35,-0.09,-0.05,-0.5,-0.4,1,0.1,0.1,0.15,20,66.93,146,127,0,127,79,27,15,0,6,0,0,19,0,146,85,42,146,29880.33,308.15,49,29,15,34,0,0,0,0,79,27,21,0
421682,35,-0.09,-0.05,-0.5,-0.4,1,0.1,0.1,0.15,20,62.2,146,127,0,127,0,28,20,0,79,0,0,19,0,146,79,48,146,67081.01,688.49,4,10,7,106,0,0,0,0,0,28,99,0
421683,35,-0.09,-0.05,-0.5,-0.4,1,0.1,0.1,0.15,20,73.23,146,127,0,127,87,0,34,0,6,0,0,19,0,146,93,34,146,52228.05,533.69,45,20,10,52,0,0,0,0,87,0,40,0
421684,35,-0.09,-0.05,-0.5,-0.4,1,0.1,0.1,0.15,30,67.72,146,127,0,127,85,34,7,0,1,0,0,19,0,146,86,41,146,28669.66,296.16,49,29,15,13,6,15,0,0,85,34,8,0
421685,35,-0.09,-0.05,-0.5,-0.4,1,0.1,0.1,0.15,30,57.48,146,127,0,127,0,40,14,0,73,0,0,19,0,146,73,54,146,60646.58,621.99,4,10,7,7,10,89,0,0,0,40,87,0
421686,35,-0.09,-0.05,-0.5,-0.4,1,0.1,0.1,0.15,30,75.59,146,127,0,127,95,0,31,0,1,0,0,19,0,146,96,31,146,58907.43,604.95,45,20,10,12,1,39,0,0,95,0,32,0
421687,35,-0.09,-0.05,-0.5,-0.4,1,0.1,0.1,0.15,40,68.25,146,127,1,126,86,35,5,0,0,0,0,19,0,146,86,40,146,28449.34,295.77,49,29,15,13,6,7,1,6,86,35,5,0
421688,35,-0.09,-0.05,-0.5,-0.4,1,0.1,0.1,0.15,40,48.41,146,127,1,126,0,41,19,5,7,54,0,19,0,146,61,65,146,58229.06,596.94,4,10,7,7,10,2,3,83,0,41,26,59
421689,35,-0.09,-0.05,-0.5,-0.4,1,0.1,0.1,0.15,40,77.78,146,127,1,126,97,0,22,6,0,1,0,19,0,146,98,28,146,54431.45,560.68,45,20,10,12,1,7,0,31,97,0,22,7
421690,35,-0.09,-0.05,-0.5,-0.4,1,0.1,0.1,0.15,50,68.25,146,127,1,126,86,36,0,4,0,0,0,19,0,146,86,40,146,27853.98,289.74,49,29,15,13,6,7,1,6,86,36,0,4
421691,35,-0.09,-0.05,-0.5,-0.4,1,0.1,0.1,0.15,50,50.0,146,127,1,126,0,43,0,20,0,63,0,19,0,146,63,63,146,55465.49,568.71,4,10,7,7,10,2,3,83,0,43,0,83
421692,35,-0.09,-0.05,-0.5,-0.4,1,0.1,0.1,0.15,50,77.78,146,127,1,126,97,0,0,28,0,1,0,19,0,146,98,28,146,52025.0,536.66,45,20,10,12,1,7,0,31,97,0,0,29
421693,35,-0.09,-0.05,-0.5,-0.4,1,0.1,0.1,0.15,60,68.25,146,127,1,126,86,36,0,4,0,0,0,19,0,146,86,40,146,27853.98,289.74,49,29,15,13,6,7,1,6,86,36,0,4
421694,35,-0.09,-0.05,-0.5,-0.4,1,0.1,0.1,0.15,60,50.0,146,127,1,126,0,43,0,20,0,63,0,19,0,146,63,63,146,55465.49,568.71,4,10,7,7,10,2,3,83,0,43,0,83
421695,35,-0.09,-0.05,-0.5,-0.4,1,0.1,0.1,0.15,60,77.78,146,127,1,126,97,0,0,28,0,1,0,19,0,146,98,28,146,52025.0,536.66,45,20,10,12,1,7,0,31,97,0,0,29
421696,35,-0.09,-0.05,-0.5,-0.4,1,0.1,0.2,0.15,20,62.99,146,127,0,127,47,28,19,0,33,0,0,19,0,146,80,47,146,62476.69,643.91,10,27,23,67,0,0,0,0,47,28,52,0
421697,35,-0.09,-0.05,-0.5,-0.4,1,0.1,0.2,0.15,20,62.2,146,127,0,127,0,28,20,0,79,0,0,19,0,146,79,48,146,67081.01,688.49,4,10,7,106,0,0,0,0,0,28,99,0
421698,35,-0.09,-0.05,-0.5,-0.4,1,0.1,0.2,0.15,20,70.08,146,127,0,127,50,0,38,0,39,0,0,19,0,146,89,38,146,89293.68,915.01,6,17,16,88,0,0,0,0,50,0,77,0
421699,35,-0.09,-0.05,-0.5,-0.4,1,0.1,0.2,0.15,30,59.84,146,127,0,127,58,39,12,0,18,0,0,19,0,146,76,51,146,62366.29,643.98,10,27,23,15,15,37,0,0,58,39,30,0
421700,35,-0.09,-0.05,-0.5,-0.4,1,0.1,0.2,0.15,30,57.48,146,127,0,127,0,40,14,0,73,0,0,19,0,146,73,54,146,60646.58,621.99,4,10,7,7,10,89,0,0,0,40,87,0
421701,35,-0.09,-0.05,-0.5,-0.4,1,0.1,0.2,0.15,30,68.5,146,127,0,127,64,0,40,0,23,0,0,19,0,146,87,40,146,97139.98,999.35,6,17,16,11,8,69,0,0,64,0,63,0
421702,35,-0.09,-0.05,-0.5,-0.4,1,0.1,0.2,0.15,40,53.97,146,127,1,126,60,40,13,5,2,6,0,19,0,146,68,58,146,55855.48,577.55,10,27,23,15,15,7,2,27,60,40,15,11
421703,35,-0.09,-0.05,-0.5,-0.4,1,0.1,0.2,0.15,40,48.41,146,127,1,126,0,41,19,5,7,54,0,19,0,146,61,65,146,58229.06,596.94,4,10,7,7,10,2,3,83,0,41,26,59
421704,35,-0.09,-0.05,-0.5,-0.4,1,0.1,0.2,0.15,40,63.49,146,127,1,126,67,0,33,13,4,9,0,19,0,146,80,46,146,85994.84,885.55,6,17,16,11,8,6,1,61,67,0,37,22
421705,35,-0.09,-0.05,-0.5,-0.4,1,0.1,0.2,0.15,50,55.56,146,127,1,126,60,41,0,15,0,10,0,19,0,146,70,56,146,55407.73,573.01,10,27,23,15,15,7,2,27,60,41,0,25
421706,35,-0.09,-0.05,-0.5,-0.4,1,0.1,0.2,0.15,50,50.0,146,127,1,126,0,43,0,20,0,63,0,19,0,146,63,63,146,55465.49,568.71,4,10,7,7,10,2,3,83,0,43,0,83
421707,35,-0.09,-0.05,-0.5,-0.4,1,0.1,0.2,0.15,50,64.29,146,127,1,126,67,0,0,45,0,14,0,19,0,146,81,45,146,81383.86,839.23,6,17,16,11,8,6,1,61,67,0,0,59
421708,35,-0.09,-0.05,-0.5,-0.4,1,0.1,0.2,0.15,60,55.56,146,127,1,126,60,41,0,15,0,10,0,19,0,146,70,56,146,55407.73,573.01,10,27,23,15,15,7,2,27,60,41,0,25
421709,35,-0.09,-0.05,-0.5,-0.4,1,0.1,0.2,0.15,60,50.0,146,127,1,126,0,43,0,20,0,63,0,19,0,146,63,63,146,55465.49,568.71,4,10,7,7,10,2,3,83,0,43,0,83
421710,35,-0.09,-0.05,-0.5,-0.4,1,0.1,0.2,0.15,60,64.29,146,127,1,126,67,0,0,45,0,14,0,19,0,146,81,45,146,81383.86,839.23,6,17,16,11,8,6,1,61,67,0,0,59
421711,35,-0.09,-0.05,-0.5,-0.4,1,0.2,0.1,0.15,20,66.93,146,127,0,127,79,27,15,0,6,0,0,19,0,146,85,42,146,29880.33,308.15,49,29,15,34,0,0,0,0,79,27,21,0
421712,35,-0.09,-0.05,-0.5,-0.4,1,0.2,0.1,0.15,20,62.2,146,127,0,127,0,28,20,0,79,0,0,19,0,146,79,48,146,67081.01,688.49,4,10,7,106,0,0,0,0,0,28,99,0
421713,35,-0.09,-0.05,-0.5,-0.4,1,0.2,0.1,0.15,20,73.23,146,127,0,127,87,0,34,0,6,0,0,19,0,146,93,34,146,52228.05,533.69,45,20,10,52,0,0,0,0,87,0,40,0
421714,35,-0.09,-0.05,-0.5,-0.4,1,0.2,0.1,0.15,30,67.72,146,127,0,127,85,34,7,0,1,0,0,19,0,146,86,41,146,28669.66,296.16,49,29,15,13,6,15,0,0,85,34,8,0
421715,35,-0.09,-0.05,-0.5,-0.4,1,0.2,0.1,0.15,30,57.48,146,127,0,127,0,40,14,0,73,0,0,19,0,146,73,54,146,60646.58,621.99,4,10,7,7,10,89,0,0,0,40,87,0
421716,35,-0.09,-0.05,-0.5,-0.4,1,0.2,0.1,0.15,30,75.59,146,127,0,127,95,0,31,0,1,0,0,19,0,146,96,31,146,58907.43,604.95,45,20,10,12,1,39,0,0,95,0,32,0
421717,35,-0.09,-0.05,-0.5,-0.4,1,0.2,0.1,0.15,40,68.25,146,127,1,126,86,35,5,0,0,0,0,19,0,146,86,40,146,28449.34,295.77,49,29,15,13,6,7,1,6,86,35,5,0
421718,35,-0.09,-0.05,-0.5,-0.4,1,0.2,0.1,0.15,40,48.41,146,127,1,126,0,41,19,5,7,54,0,19,0,146,61,65,146,58229.06,596.94,4,10,7,7,10,2,3,83,0,41,26,59
421719,35,-0.09,-0.05,-0.5,-0.4,1,0.2,0.1,0.15,40,77.78,146,127,1,126,97,0,22,6,0,1,0,19,0,146,98,28,146,54431.45,560.68,45,20,10,12,1,7,0,31,97,0,22,7
421720,35,-0.09,-0.05,-0.5,-0.4,1,0.2,0.1,0.15,50,68.25,146,127,1,126,86,36,0,4,0,0,0,19,0,146,86,40,146,27853.98,289.74,49,29,15,13,6,7,1,6,86,36,0,4
421721,35,-0.09,-0.05,-0.5,-0.4,1,0.2,0.1,0.15,50,50.0,146,127,1,126,0,43,0,20,0,63,0,19,0,146,63,63,146,55465.49,568.71,4,10,7,7,10,2,3,83,0,43,0,83
421722,35,-0.09,-0.05,-0.5,-0.4,1,0.2,0.1,0.15,50,77.78,146,127,1,126,97,0,0,28,0,1,0,19,0,146,98,28,146,52025.0,536.66,45,20,10,12,1,7,0,31,97,0,0,29
421723,35,-0.09,-0.05,-0.5,-0.4,1,0.2,0.1,0.15,60,68.25,146,127,1,126,86,36,0,4,0,0,0,19,0,146,86,40,146,27853.98,289.74,49,29,15,13,6,7,1,6,86,36,0,4
421724,35,-0.09,-0.05,-0.5,-0.4,1,0.2,0.1,0.15,60,50.0,146,127,1,126,0,43,0,20,0,63,0,19,0,146,63,63,146,55465.49,568.71,4,10,7,7,10,2,3,83,0,43,0,83
421725,35,-0.09,-0.05,-0.5,-0.4,1,0.2,0.1,0.15,60,77.78,146,127,1,126,97,0,0,28,0,1,0,19,0,146,98,28,146,52025.0,536.66,45,20,10,12,1,7,0,31,97,0,0,29
421726,35,-0.09,-0.05,-0.5,-0.4,1,0.2,0.2,0.15,20,62.99,146,127,0,127,47,28,19,0,33,0,0,19,0,146,80,47,146,62476.69,643.91,10,27,23,67,0,0,0,0,47,28,52,0
421727,35,-0.09,-0.05,-0.5,-0.4,1,0.2,0.2,0.15,20,62.2,146,127,0,127,0,28,20,0,79,0,0,19,0,146,79,48,146,67081.01,688.49,4,10,7,106,0,0,0,0,0,28,99,0
421728,35,-0.09,-0.05,-0.5,-0.4,1,0.2,0.2,0.15,20,70.08,146,127,0,127,50,0,38,0,39,0,0,19,0,146,89,38,146,89293.68,915.01,6,17,16,88,0,0,0,0,50,0,77,0
421729,35,-0.09,-0.05,-0.5,-0.4,1,0.2,0.2,0.15,30,59.84,146,127,0,127,58,39,12,0,18,0,0,19,0,146,76,51,146,62366.29,643.98,10,27,23,15,15,37,0,0,58,39,30,0
421730,35,-0.09,-0.05,-0.5,-0.4,1,0.2,0.2,0.15,30,57.48,146,127,0,127,0,40,14,0,73,0,0,19,0,146,73,54,146,60646.58,621.99,4,10,7,7,10,89,0,0,0,40,87,0
421731,35,-0.09,-0.05,-0.5,-0.4,1,0.2,0.2,0.15,30,68.5,146,127,0,127,64,0,40,0,23,0,0,19,0,146,87,40,146,97139.98,999.35,6,17,16,11,8,69,0,0,64,0,63,0
421732,35,-0.09,-0.05,-0.5,-0.4,1,0.2,0.2,0.15,40,53.97,146,127,1,126,60,40,13,5,2,6,0,19,0,146,68,58,146,55855.48,577.55,10,27,23,15,15,7,2,27,60,40,15,11
421733,35,-0.09,-0.05,-0.5,-0.4,1,0.2,0.2,0.15,40,48.41,146,127,1,126,0,41,19,5,7,54,0,19,0,146,61,65,146,58229.06,596.94,4,10,7,7,10,2,3,83,0,41,26,59
421734,35,-0.09,-0.05,-0.5,-0.4,1,0.2,0.2,0.15,40,63.49,146,127,1,126,67,0,33,13,4,9,0,19,0,146,80,46,146,85994.84,885.55,6,17,16,11,8,6,1,61,67,0,37,22
421735,35,-0.09,-0.05,-0.5,-0.4,1,0.2,0.2,0.15,50,55.56,146,127,1,126,60,41,0,15,0,10,0,19,0,146,70,56,146,55407.73,573.01,10,27,23,15,15,7,2,27,60,41,0,25
421736,35,-0.09,-0.05,-0.5,-0.4,1,0.2,0.2,0.15,50,50.0,146,127,1,126,0,43,0,20,0,63,0,19,0,146,63,63,146,55465.49,568.71,4,10,7,7,10,2,3,83,0,43,0,83
421737,35,-0.09,-0.05,-0.5,-0.4,1,0.2,0.2,0.15,50,64.29,146,127,1,126,67,0,0,45,0,14,0,19,0,146,81,45,146,81383.86,839.23,6,17,16,11,8,6,1,61,67,0,0,59
421738,35,-0.09,-0.05,-0.5,-0.4,1,0.2,0.2,0.15,60,55.56,146,127,1,126,60,41,0,15,0,10,0,19,0,146,70,56,146,55407.73,573.01,10,27,23,15,15,7,2,27,60,41,0,25
421739,35,-0.09,-0.05,-0.5,-0.4,1,0.2,0.2,0.15,60,50.0,146,127,1,126,0,43,0,20,0,63,0,19,0,146,63,63,146,55465.49,568.71,4,10,7,7,10,2,3,83,0,43,0,83
421740,35,-0.09,-0.05,-0.5,-0.4,1,0.2,0.2,0.15,60,64.29,146,127,1,126,67,0,0,45,0,14,0,19,0,146,81,45,146,81383.86,839.23,6,17,16,11,8,6,1,61,67,0,0,59
421741,35,-0.09,-0.05,-0.5,-0.4,2,0.1,0.1,0.15,20,70.87,146,127,0,127,83,27,10,0,7,0,0,19,0,146,90,37,146,33868.28,516.58,51,29,17,30,0,0,0,0,83,27,17,0
421742,35,-0.09,-0.05,-0.5,-0.4,2,0.1,0.1,0.15,20,64.57,146,127,0,127,0,28,17,0,82,0,0,19,0,146,82,45,146,72776.83,911.8,4,10,7,106,0,0,0,0,0,28,99,0
421743,35,-0.09,-0.05,-0.5,-0.4,2,0.1,0.1,0.15,20,78.74,146,127,0,127,91,0,27,0,9,0,0,19,0,146,100,27,146,69722.03,719.96,47,21,13,46,0,0,0,0,91,0,36,0
421744,35,-0.09,-0.05,-0.5,-0.4,2,0.1,0.1,0.15,30,70.87,146,127,0,127,89,32,5,0,1,0,0,19,0,146,90,37,146,36025.8,520.59,51,29,17,13,6,11,0,0,89,32,6,0
421745,35,-0.09,-0.05,-0.5,-0.4,2,0.1,0.1,0.15,30,58.27,146,127,0,127,0,40,13,0,74,0,0,19,0,146,74,53,146,65098.8,869.98,4,10,7,7,10,89,0,0,0,40,87,0
421746,35,-0.09,-0.05,-0.5,-0.4,2,0.1,0.1,0.15,30,84.25,146,127,0,127,102,0,20,0,5,0,0,19,0,146,107,20,146,87565.12,813.73,47,21,13,10,6,30,0,0,102,0,25,0
421747,35,-0.09,-0.05,-0.5,-0.4,2,0.1,0.1,0.15,40,71.43,146,127,1,126,90,32,4,0,0,0,0,19,0,146,90,36,146,36046.68,525.6,51,29,17,13,6,5,0,5,90,32,4,0
421748,35,-0.09,-0.05,-0.5,-0.4,2,0.1,0.1,0.15,40,50.0,146,127,1,126,0,41,18,4,8,55,0,19,0,146,63,63,146,65571.52,846.3,4,10,7,7,10,2,3,83,0,41,26,59
421749,35,-0.09,-0.05,-0.5,-0.4,2,0.1,0.1,0.15,40,85.71,146,127,1,126,105,0,14,4,1,2,0,19,0,146,108,18,146,86133.3,810.61,47,21,13,10,6,5,2,22,105,0,15,6
421750,35,-0.09,-0.05,-0.5,-0.4,2,0.1,0.1,0.15,50,71.43,146,127,1,126,90,33,0,3,0,0,0,19,0,146,90,36,146,35149.36,521.2,51,29,17,13,6,5,0,5,90,33,0,3
421751,35,-0.09,-0.05,-0.5,-0.4,2,0.1,0.1,0.15,50,50.79,146,127,1,126,0,43,0,19,0,64,0,19,0,146,64,62,146,60606.49,816.95,4,10,7,7,10,2,3,83,0,43,0,83
421752,35,-0.09,-0.05,-0.5,-0.4,2,0.1,0.1,0.15,50,85.71,146,127,1,126,105,0,0,18,0,3,0,19,0,146,108,18,146,82711.24,793.73,47,21,13,10,6,5,2,22,105,0,0,21
421753,35,-0.09,-0.05,-0.5,-0.4,2,0.1,0.1,0.15,60,71.43,146,127,1,126,90,33,0,3,0,0,0,19,0,146,90,36,146,35149.36,521.2,51,29,17,13,6,5,0,5,90,33,0,3
421754,35,-0.09,-0.05,-0.5,-0.4,2,0.1,0.1,0.15,60,50.79,146,127,1,126,0,43,0,19,0,64,0,19,0,146,64,62,146,60606.49,816.95,4,10,7,7,10,2,3,83,0,43,0,83
421755,35,-0.09,-0.05,-0.5,-0.4,2,0.1,0.1,0.15,60,85.71,146,127,1,126,105,0,0,18,0,3,0,19,0,146,108,18,146,82711.24,793.73,47,21,13,10,6,5,2,22,105,0,0,21
421756,35,-0.09,-0.05,-0.5,-0.4,2,0.1,0.2,0.15,20,65.35,146,127,0,127,50,28,16,0,33,0,0,19,0,146,83,44,146,68526.51,871.2,10,29,22,66,0,0,0,0,50,28,49,0
421757,35,-0.09,-0.05,-0.5,-0.4,2,0.1,0.2,0.15,20,64.57,146,127,0,127,0,28,17,0,82,0,0,19,0,146,82,45,146,72776.83,911.8,4,10,7,106,0,0,0,0,0,28,99,0
421758,35,-0.09,-0.05,-0.5,-0.4,2,0.1,0.2,0.15,20,74.02,146,127,0,127,54,0,33,0,40,0,0,19,0,146,94,33,146,119580.08,1151.71,6,19,16,86,0,0,0,0,54,0,73,0
421759,35,-0.09,-0.05,-0.5,-0.4,2,0.1,0.2,0.15,30,60.63,146,127,0,127,62,39,11,0,15,0,0,19,0,146,77,50,146,68709.42,893.95,10,29,22,17,15,34,0,0,62,39,26,0
421760,35,-0.09,-0.05,-0.5,-0.4,2,0.1,0.2,0.15,30,58.27,146,127,0,127,0,40,13,0,74,0,0,19,0,146,74,53,146,65098.8,869.98,4,10,7,7,10,89,0,0,0,40,87,0
421761,35,-0.09,-0.05,-0.5,-0.4,2,0.1,0.2,0.15,30,74.8,146,127,0,127,70,0,32,0,25,0,0,19,0,146,95,32,146,134521.46,1267.19,6,19,16,13,8,65,0,0,70,0,57,0
421762,35,-0.09,-0.05,-0.5,-0.4,2,0.1,0.2,0.15,40,55.56,146,127,1,126,64,40,12,4,2,4,0,19,0,146,70,56,146,59454.62,823.03,10,29,22,17,15,8,2,23,64,40,14,8
421763,35,-0.09,-0.05,-0.5,-0.4,2,0.1,0.2,0.15,40,50.0,146,127,1,126,0,41,18,4,8,55,0,19,0,146,63,63,146,65571.52,846.3,4,10,7,7,10,2,3,83,0,41,26,59
421764,35,-0.09,-0.05,-0.5,-0.4,2,0.1,0.2,0.15,40,67.46,146,127,1,126,74,0,30,11,5,6,0,19,0,146,85,41,146,116479.82,1151.19,6,19,16,13,8,8,1,55,74,0,35,17
421765,35,-0.09,-0.05,-0.5,-0.4,2,0.1,0.2,0.15,50,57.14,146,127,1,126,64,41,0,13,0,8,0,19,0,146,72,54,146,58463.46,822.85,10,29,22,17,15,8,2,23,64,41,0,21
421766,35,-0.09,-0.05,-0.5,-0.4,2,0.1,0.2,0.15,50,50.79,146,127,1,126,0,43,0,19,0,64,0,19,0,146,64,62,146,60606.49,816.95,4,10,7,7,10,2,3,83,0,43,0,83
421767,35,-0.09,-0.05,-0.5,-0.4,2,0.1,0.2,0.15,50,69.05,146,127,1,126,74,0,0,39,0,13,0,19,0,146,87,39,146,108201.84,1114.5,6,19,16,13,8,8,1,55,74,0,0,52
421768,35,-0.09,-0.05,-0.5,-0.4,2,0.1,0.2,0.15,60,57.14,146,127,1,126,64,41,0,13,0,8,0,19,0,146,72,54,146,58463.46,822.85,10,29,22,17,15,8,2,23,64,41,0,21
421769,35,-0.09,-0.05,-0.5,-0.4,2,0.1,0.2,0.15,60,50.79,146,127,1,126,0,43,0,19,0,64,0,19,0,146,64,62,146,60606.49,816.95,4,10,7,7,10,2,3,83,0,43,0,83
421770,35,-0.09,-0.05,-0.5,-0.4,2,0.1,0.2,0.15,60,69.05,146,127,1,126,74,0,0,39,0,13,0,19,0,146,87,39,146,108201.84,1114.5,6,19,16,13,8,8,1,55,74,0,0,52
421771,35,-0.09,-0.05,-0.5,-0.4,2,0.2,0.1,0.15,20,66.93,146,127,0,127,79,27,15,0,6,0,0,19,0,146,85,42,146,29880.33,308.15,49,29,15,34,0,0,0,0,79,27,21,0
421772,35,-0.09,-0.05,-0.5,-0.4,2,0.2,0.1,0.15,20,62.2,146,127,0,127,0,28,20,0,79,0,0,19,0,146,79,48,146,67081.01,688.49,4,10,7,106,0,0,0,0,0,28,99,0
421773,35,-0.09,-0.05,-0.5,-0.4,2,0.2,0.1,0.15,20,73.23,146,127,0,127,87,0,34,0,6,0,0,19,0,146,93,34,146,52228.05,533.69,45,20,10,52,0,0,0,0,87,0,40,0
421774,35,-0.09,-0.05,-0.5,-0.4,2,0.2,0.1,0.15,30,67.72,146,127,0,127,85,34,7,0,1,0,0,19,0,146,86,41,146,28669.66,296.16,49,29,15,13,6,15,0,0,85,34,8,0
421775,35,-0.09,-0.05,-0.5,-0.4,2,0.2,0.1,0.15,30,57.48,146,127,0,127,0,40,14,0,73,0,0,19,0,146,73,54,146,60646.58,621.99,4,10,7,7,10,89,0,0,0,40,87,0
421776,35,-0.09,-0.05,-0.5,-0.4,2,0.2,0.1,0.15,30,75.59,146,127,0,127,95,0,31,0,1,0,0,19,0,146,96,31,146,58907.43,604.95,45,20,10,12,1,39,0,0,95,0,32,0
421777,35,-0.09,-0.05,-0.5,-0.4,2,0.2,0.1,0.15,40,68.25,146,127,1,126,86,35,5,0,0,0,0,19,0,146,86,40,146,28449.34,295.77,49,29,15,13,6,7,1,6,86,35,5,0
421778,35,-0.09,-0.05,-0.5,-0.4,2,0.2,0.1,0.15,40,48.41,146,127,1,126,0,41,19,5,7,54,0,19,0,146,61,65,146,58229.06,596.94,4,10,7,7,10,2,3,83,0,41,26,59
421779,35,-0.09,-0.05,-0.5,-0.4,2,0.2,0.1,0.15,40,77.78,146,127,1,126,97,0,22,6,0,1,0,19,0,146,98,28,146,54431.45,560.68,45,20,10,12,1,7,0,31,97,0,22,7
421780,35,-0.09,-0.05,-0.5,-0.4,2,0.2,0.1,0.15,50,68.25,146,127,1,126,86,36,0,4,0,0,0,19,0,146,86,40,146,27853.98,289.74,49,29,15,13,6,7,1,6,86,36,0,4
421781,35,-0.09,-0.05,-0.5,-0.4,2,0.2,0.1,0.15,50,50.0,146,127,1,126,0,43,0,20,0,63,0,19,0,146,63,63,146,55465.49,568.71,4,10,7,7,10,2,3,83,0,43,0,83
421782,35,-0.09,-0.05,-0.5,-0.4,2,0.2,0.1,0.15,50,77.78,146,127,1,126,97,0,0,28,0,1,0,19,0,146,98,28,146,52025.0,536.66,45,20,10,12,1,7,0,31,97,0,0,29
421783,35,-0.09,-0.05,-0.5,-0.4,2,0.2,0.1,0.15,60,68.25,146,127,1,126,86,36,0,4,0,0,0,19,0,146,86,40,146,27853.98,289.74,49,29,15,13,6,7,1,6,86,36,0,4
421784,35,-0.09,-0.05,-0.5,-0.4,2,0.2,0.1,0.15,60,50.0,146,127,1,126,0,43,0,20,0,63,0,19,0,146,63,63,146,55465.49,568.71,4,10,7,7,10,2,3,83,0,43,0,83
421785,35,-0.09,-0.05,-0.5,-0.4,2,0.2,0.1,0.15,60,77.78,146,127,1,126,97,0,0,28,0,1,0,19,0,146,98,28,146,52025.0,536.66,45,20,10,12,1,7,0,31,97,0,0,29
421786,35,-0.09,-0.05,-0.5,-0.4,2,0.2,0.2,0.15,20,62.99,146,127,0,127,47,28,19,0,33,0,0,19,0,146,80,47,146,62476.69,643.91,10,27,23,67,0,0,0,0,47,28,52,0
421787,35,-0.09,-0.05,-0.5,-0.4,2,0.2,0.2,0.15,20,62.2,146,127,0,127,0,28,20,0,79,0,0,19,0,146,79,48,146,67081.01,688.49,4,10,7,106,0,0,0,0,0,28,99,0
421788,35,-0.09,-0.05,-0.5,-0.4,2,0.2,0.2,0.15,20,70.08,146,127,0,127,50,0,38,0,39,0,0,19,0,146,89,38,146,89293.68,915.01,6,17,16,88,0,0,0,0,50,0,77,0
421789,35,-0.09,-0.05,-0.5,-0.4,2,0.2,0.2,0.15,30,59.84,146,127,0,127,58,39,12,0,18,0,0,19,0,146,76,51,146,62366.29,643.98,10,27,23,15,15,37,0,0,58,39,30,0
421790,35,-0.09,-0.05,-0.5,-0.4,2,0.2,0.2,0.15,30,57.48,146,127,0,127,0,40,14,0,73,0,0,19,0,146,73,54,146,60646.58,621.99,4,10,7,7,10,89,0,0,0,40,87,0
421791,35,-0.09,-0.05,-0.5,-0.4,2,0.2,0.2,0.15,30,68.5,146,127,0,127,64,0,40,0,23,0,0,19,0,146,87,40,146,97139.98,999.35,6,17,16,11,8,69,0,0,64,0,63,0
421792,35,-0.09,-0.05,-0.5,-0.4,2,0.2,0.2,0.15,40,53.97,146,127,1,126,60,40,13,5,2,6,0,19,0,146,68,58,146,55855.48,577.55,10,27,23,15,15,7,2,27,60,40,15,11
421793,35,-0.09,-0.05,-0.5,-0.4,2,0.2,0.2,0.15,40,48.41,146,127,1,126,0,41,19,5,7,54,0,19,0,146,61,65,146,58229.06,596.94,4,10,7,7,10,2,3,83,0,41,26,59
421794,35,-0.09,-0.05,-0.5,-0.4,2,0.2,0.2,0.15,40,63.49,146,127,1,126,67,0,33,13,4,9,0,19,0,146,80,46,146,85994.84,885.55,6,17,16,11,8,6,1,61,67,0,37,22
421795,35,-0.09,-0.05,-0.5,-0.4,2,0.2,0.2,0.15,50,55.56,146,127,1,126,60,41,0,15,0,10,0,19,0,146,70,56,146,55407.73,573.01,10,27,23,15,15,7,2,27,60,41,0,25
421796,35,-0.09,-0.05,-0.5,-0.4,2,0.2,0.2,0.15,50,50.0,146,127,1,126,0,43,0,20,0,63,0,19,0,146,63,63,146,55465.49,568.71,4,10,7,7,10,2,3,83,0,43,0,83
421797,35,-0.09,-0.05,-0.5,-0.4,2,0.2,0.2,0.15,50,64.29,146,127,1,126,67,0,0,45,0,14,0,19,0,146,81,45,146,81383.86,839.23,6,17,16,11,8,6,1,61,67,0,0,59
421798,35,-0.09,-0.05,-0.5,-0.4,2,0.2,0.2,0.15,60,55.56,146,127,1,126,60,41,0,15,0,10,0,19,0,146,70,56,146,55407.73,573.01,10,27,23,15,15,7,2,27,60,41,0,25
421799,35,-0.09,-0.05,-0.5,-0.4,2,0.2,0.2,0.15,60,50.0,146,127,1,126,0,43,0,20,0,63,0,19,0,146,63,63,146,55465.49,568.71,4,10,7,7,10,2,3,83,0,43,0,83
421800,35,-0.09,-0.05,-0.5,-0.4,2,0.2,0.2,0.15,60,64.29,146,127,1,126,67,0,0,45,0,14,0,19,0,146,81,45,146,81383.86,839.23,6,17,16,11,8,6,1,61,67,0,0,59
421801,35,-0.09,-0.05,-0.5,-0.35,1,0.1,0.1,0.15,20,68.62,211,188,0,188,117,36,23,0,12,0,0,23,1,212,129,59,212,49377.92,504.84,79,39,18,52,0,0,0,0,117,36,35,0
421802,35,-0.09,-0.05,-0.5,-0.35,1,0.1,0.1,0.15,20,63.3,211,188,0,188,0,38,31,0,119,0,0,23,1,212,119,69,212,97219.23,996.44,8,14,7,159,0,0,0,0,0,38,150,0
421803,35,-0.09,-0.05,-0.5,-0.35,1,0.1,0.1,0.15,20,73.4,211,188,0,188,126,0,50,0,12,0,0,23,1,212,138,50,212,75827.85,774.53,71,27,13,77,0,0,0,0,126,0,62,0
421804,35,-0.09,-0.05,-0.5,-0.35,1,0.1,0.1,0.15,30,68.09,211,188,0,188,126,47,13,0,2,0,0,23,1,212,128,60,212,45134.62,461.45,79,39,18,17,10,25,0,0,126,47,15,0
421805,35,-0.09,-0.05,-0.5,-0.35,1,0.1,0.1,0.15,30,57.98,211,188,0,188,0,55,24,0,109,0,0,23,1,212,109,79,212,86756.32,888.25,8,14,7,9,13,137,0,0,0,55,133,0
421806,35,-0.09,-0.05,-0.5,-0.35,1,0.1,0.1,0.15,30,75.0,211,188,0,188,138,0,47,0,3,0,0,23,1,212,141,47,212,83794.68,859.36,71,27,13,15,4,58,0,0,138,0,50,0
421807,35,-0.09,-0.05,-0.5,-0.35,1,0.1,0.1,0.15,40,67.91,211,188,1,187,127,50,8,2,0,0,0,23,1,212,127,60,212,43954.37,451.43,79,39,18,17,10,10,2,12,127,50,8,2
421808,35,-0.09,-0.05,-0.5,-0.35,1,0.1,0.1,0.15,40,50.8,211,188,1,187,0,59,25,8,19,76,0,23,1,212,95,92,212,79560.37,813.33,8,14,7,9,13,4,5,127,0,59,44,84
421809,35,-0.09,-0.05,-0.5,-0.35,1,0.1,0.1,0.15,40,75.94,211,188,1,187,141,0,35,10,0,1,0,23,1,212,142,45,212,75662.04,776.0,71,27,13,15,4,8,1,48,141,0,35,11
421810,35,-0.09,-0.05,-0.5,-0.35,1,0.1,0.1,0.15,50,67.91,211,188,1,187,127,51,0,9,0,0,0,23,1,212,127,60,212,43619.25,448.01,79,39,18,17,10,10,2,12,127,51,0,9
421811,35,-0.09,-0.05,-0.5,-0.35,1,0.1,0.1,0.15,50,51.34,211,188,1,187,0,61,0,30,0,96,0,23,1,212,96,91,212,74977.93,766.01,8,14,7,9,13,4,5,127,0,61,0,126
421812,35,-0.09,-0.05,-0.5,-0.35,1,0.1,0.1,0.15,50,76.47,211,188,1,187,141,0,0,44,0,2,0,23,1,212,143,44,212,75012.07,770.89,71,27,13,15,4,8,1,48,141,0,0,46
421813,35,-0.09,-0.05,-0.5,-0.35,1,0.1,0.1,0.15,60,67.91,211,188,1,187,127,51,0,9,0,0,0,23,1,212,127,60,212,43619.25,448.01,79,39,18,17,10,10,2,12,127,51,0,9
421814,35,-0.09,-0.05,-0.5,-0.35,1,0.1,0.1,0.15,60,51.34,211,188,1,187,0,61,0,30,0,96,0,23,1,212,96,91,212,74977.93,766.01,8,14,7,9,13,4,5,127,0,61,0,126
421815,35,-0.09,-0.05,-0.5,-0.35,1,0.1,0.1,0.15,60,76.47,211,188,1,187,141,0,0,44,0,2,0,23,1,212,143,44,212,75012.07,770.89,71,27,13,15,4,8,1,48,141,0,0,46
421816,35,-0.09,-0.05,-0.5,-0.35,1,0.1,0.2,0.15,20,63.83,211,188,0,188,65,38,30,0,55,0,0,23,1,212,120,68,212,95917.58,984.0,20,33,31,104,0,0,0,0,65,38,85,0
421817,35,-0.09,-0.05,-0.5,-0.35,1,0.1,0.2,0.15,20,63.3,211,188,0,188,0,38,31,0,119,0,0,23,1,212,119,69,212,97219.23,996.44,8,14,7,159,0,0,0,0,0,38,150,0
421818,35,-0.09,-0.05,-0.5,-0.35,1,0.1,0.2,0.15,20,69.68,211,188,0,188,69,0,57,0,62,0,0,23,1,212,131,57,212,129583.71,1327.58,12,19,24,133,0,0,0,0,69,0,119,0
421819,35,-0.09,-0.05,-0.5,-0.35,1,0.1,0.2,0.15,30,60.11,211,188,0,188,82,54,21,0,31,0,0,23,1,212,113,75,212,92837.79,955.46,20,33,31,19,22,63,0,0,82,54,52,0
421820,35,-0.09,-0.05,-0.5,-0.35,1,0.1,0.2,0.15,30,57.98,211,188,0,188,0,55,24,0,109,0,0,23,1,212,109,79,212,86756.32,888.25,8,14,7,9,13,137,0,0,0,55,133,0
421821,35,-0.09,-0.05,-0.5,-0.35,1,0.1,0.2,0.15,30,68.09,211,188,0,188,90,0,60,0,38,0,0,23,1,212,128,60,212,139840.93,1438.81,12,19,24,14,12,107,0,0,90,0,98,0
421822,35,-0.09,-0.05,-0.5,-0.35,1,0.1,0.2,0.15,40,54.55,211,188,1,187,87,58,19,8,4,11,0,23,1,212,102,85,212,84287.18,867.77,20,33,31,19,22,11,6,45,87,58,23,19
421823,35,-0.09,-0.05,-0.5,-0.35,1,0.1,0.2,0.15,40,50.8,211,188,1,187,0,59,25,8,19,76,0,23,1,212,95,92,212,79560.37,813.33,8,14,7,9,13,4,5,127,0,59,44,84
421824,35,-0.09,-0.05,-0.5,-0.35,1,0.1,0.2,0.15,40,63.1,211,188,1,187,97,0,51,18,6,15,0,23,1,212,118,69,212,123996.49,1274.72,12,19,24,14,12,9,5,92,97,0,57,33
421825,35,-0.09,-0.05,-0.5,-0.35,1,0.1,0.2,0.15,50,55.61,211,188,1,187,87,59,0,24,0,17,0,23,1,212,104,83,212,83146.68,856.28,20,33,31,19,22,11,6,45,87,59,0,41
421826,35,-0.09,-0.05,-0.5,-0.35,1,0.1,0.2,0.15,50,51.34,211,188,1,187,0,61,0,30,0,96,0,23,1,212,96,91,212,74977.93,766.01,8,14,7,9,13,4,5,127,0,61,0,126
421827,35,-0.09,-0.05,-0.5,-0.35,1,0.1,0.2,0.15,50,64.17,211,188,1,187,97,0,0,67,0,23,0,23,1,212,120,67,212,119775.7,1233.56,12,19,24,14,12,9,5,92,97,0,0,90
421828,35,-0.09,-0.05,-0.5,-0.35,1,0.1,0.2,0.15,60,55.61,211,188,1,187,87,59,0,24,0,17,0,23,1,212,104,83,212,83146.68,856.28,20,33,31,19,22,11,6,45,87,59,0,41
421829,35,-0.09,-0.05,-0.5,-0.35,1,0.1,0.2,0.15,60,51.34,211,188,1,187,0,61,0,30,0,96,0,23,1,212,96,91,212,74977.93,766.01,8,14,7,9,13,4,5,127,0,61,0,126
421830,35,-0.09,-0.05,-0.5,-0.35,1,0.1,0.2,0.15,60,64.17,211,188,1,187,97,0,0,67,0,23,0,23,1,212,120,67,212,119775.7,1233.56,12,19,24,14,12,9,5,92,97,0,0,90
421831,35,-0.09,-0.05,-0.5,-0.35,1,0.2,0.1,0.15,20,68.62,211,188,0,188,117,36,23,0,12,0,0,23,1,212,129,59,212,49377.92,504.84,79,39,18,52,0,0,0,0,117,36,35,0
421832,35,-0.09,-0.05,-0.5,-0.35,1,0.2,0.1,0.15,20,63.3,211,188,0,188,0,38,31,0,119,0,0,23,1,212,119,69,212,97219.23,996.44,8,14,7,159,0,0,0,0,0,38,150,0
421833,35,-0.09,-0.05,-0.5,-0.35,1,0.2,0.1,0.15,20,73.4,211,188,0,188,126,0,50,0,12,0,0,23,1,212,138,50,212,75827.85,774.53,71,27,13,77,0,0,0,0,126,0,62,0
421834,35,-0.09,-0.05,-0.5,-0.35,1,0.2,0.1,0.15,30,68.09,211,188,0,188,126,47,13,0,2,0,0,23,1,212,128,60,212,45134.62,461.45,79,39,18,17,10,25,0,0,126,47,15,0
421835,35,-0.09,-0.05,-0.5,-0.35,1,0.2,0.1,0.15,30,57.98,211,188,0,188,0,55,24,0,109,0,0,23,1,212,109,79,212,86756.32,888.25,8,14,7,9,13,137,0,0,0,55,133,0
421836,35,-0.09,-0.05,-0.5,-0.35,1,0.2,0.1,0.15,30,75.0,211,188,0,188,138,0,47,0,3,0,0,23,1,212,141,47,212,83794.68,859.36,71,27,13,15,4,58,0,0,138,0,50,0
421837,35,-0.09,-0.05,-0.5,-0.35,1,0.2,0.1,0.15,40,67.91,211,188,1,187,127,50,8,2,0,0,0,23,1,212,127,60,212,43954.37,451.43,79,39,18,17,10,10,2,12,127,50,8,2
421838,35,-0.09,-0.05,-0.5,-0.35,1,0.2,0.1,0.15,40,50.8,211,188,1,187,0,59,25,8,19,76,0,23,1,212,95,92,212,79560.37,813.33,8,14,7,9,13,4,5,127,0,59,44,84
421839,35,-0.09,-0.05,-0.5,-0.35,1,0.2,0.1,0.15,40,75.94,211,188,1,187,141,0,35,10,0,1,0,23,1,212,142,45,212,75662.04,776.0,71,27,13,15,4,8,1,48,141,0,35,11
421840,35,-0.09,-0.05,-0.5,-0.35,1,0.2,0.1,0.15,50,67.91,211,188,1,187,127,51,0,9,0,0,0,23,1,212,127,60,212,43619.25,448.01,79,39,18,17,10,10,2,12,127,51,0,9
421841,35,-0.09,-0.05,-0.5,-0.35,1,0.2,0.1,0.15,50,51.34,211,188,1,187,0,61,0,30,0,96,0,23,1,212,96,91,212,74977.93,766.01,8,14,7,9,13,4,5,127,0,61,0,126
421842,35,-0.09,-0.05,-0.5,-0.35,1,0.2,0.1,0.15,50,76.47,211,188,1,187,141,0,0,44,0,2,0,23,1,212,143,44,212,75012.07,770.89,71,27,13,15,4,8,1,48,141,0,0,46
421843,35,-0.09,-0.05,-0.5,-0.35,1,0.2,0.1,0.15,60,67.91,211,188,1,187,127,51,0,9,0,0,0,23,1,212,127,60,212,43619.25,448.01,79,39,18,17,10,10,2,12,127,51,0,9
421844,35,-0.09,-0.05,-0.5,-0.35,1,0.2,0.1,0.15,60,51.34,211,188,1,187,0,61,0,30,0,96,0,23,1,212,96,91,212,74977.93,766.01,8,14,7,9,13,4,5,127,0,61,0,126
421845,35,-0.09,-0.05,-0.5,-0.35,1,0.2,0.1,0.15,60,76.47,211,188,1,187,141,0,0,44,0,2,0,23,1,212,143,44,212,75012.07,770.89,71,27,13,15,4,8,1,48,141,0,0,46
421846,35,-0.09,-0.05,-0.5,-0.35,1,0.2,0.2,0.15,20,63.83,211,188,0,188,65,38,30,0,55,0,0,23,1,212,120,68,212,95917.58,984.0,20,33,31,104,0,0,0,0,65,38,85,0
421847,35,-0.09,-0.05,-0.5,-0.35,1,0.2,0.2,0.15,20,63.3,211,188,0,188,0,38,31,0,119,0,0,23,1,212,119,69,212,97219.23,996.44,8,14,7,159,0,0,0,0,0,38,150,0
421848,35,-0.09,-0.05,-0.5,-0.35,1,0.2,0.2,0.15,20,69.68,211,188,0,188,69,0,57,0,62,0,0,23,1,212,131,57,212,129583.71,1327.58,12,19,24,133,0,0,0,0,69,0,119,0
421849,35,-0.09,-0.05,-0.5,-0.35,1,0.2,0.2,0.15,30,60.11,211,188,0,188,82,54,21,0,31,0,0,23,1,212,113,75,212,92837.79,955.46,20,33,31,19,22,63,0,0,82,54,52,0
421850,35,-0.09,-0.05,-0.5,-0.35,1,0.2,0.2,0.15,30,57.98,211,188,0,188,0,55,24,0,109,0,0,23,1,212,109,79,212,86756.32,888.25,8,14,7,9,13,137,0,0,0,55,133,0
421851,35,-0.09,-0.05,-0.5,-0.35,1,0.2,0.2,0.15,30,68.09,211,188,0,188,90,0,60,0,38,0,0,23,1,212,128,60,212,139840.93,1438.81,12,19,24,14,12,107,0,0,90,0,98,0
421852,35,-0.09,-0.05,-0.5,-0.35,1,0.2,0.2,0.15,40,54.55,211,188,1,187,87,58,19,8,4,11,0,23,1,212,102,85,212,84287.18,867.77,20,33,31,19,22,11,6,45,87,58,23,19
421853,35,-0.09,-0.05,-0.5,-0.35,1,0.2,0.2,0.15,40,50.8,211,188,1,187,0,59,25,8,19,76,0,23,1,212,95,92,212,79560.37,813.33,8,14,7,9,13,4,5,127,0,59,44,84
421854,35,-0.09,-0.05,-0.5,-0.35,1,0.2,0.2,0.15,40,63.1,211,188,1,187,97,0,51,18,6,15,0,23,1,212,118,69,212,123996.49,1274.72,12,19,24,14,12,9,5,92,97,0,57,33
421855,35,-0.09,-0.05,-0.5,-0.35,1,0.2,0.2,0.15,50,55.61,211,188,1,187,87,59,0,24,0,17,0,23,1,212,104,83,212,83146.68,856.28,20,33,31,19,22,11,6,45,87,59,0,41
421856,35,-0.09,-0.05,-0.5,-0.35,1,0.2,0.2,0.15,50,51.34,211,188,1,187,0,61,0,30,0,96,0,23,1,212,96,91,212,74977.93,766.01,8,14,7,9,13,4,5,127,0,61,0,126
421857,35,-0.09,-0.05,-0.5,-0.35,1,0.2,0.2,0.15,50,64.17,211,188,1,187,97,0,0,67,0,23,0,23,1,212,120,67,212,119775.7,1233.56,12,19,24,14,12,9,5,92,97,0,0,90
421858,35,-0.09,-0.05,-0.5,-0.35,1,0.2,0.2,0.15,60,55.61,211,188,1,187,87,59,0,24,0,17,0,23,1,212,104,83,212,83146.68,856.28,20,33,31,19,22,11,6,45,87,59,0,41
421859,35,-0.09,-0.05,-0.5,-0.35,1,0.2,0.2,0.15,60,51.34,211,188,1,187,0,61,0,30,0,96,0,23,1,212,96,91,212,74977.93,766.01,8,14,7,9,13,4,5,127,0,61,0,126
421860,35,-0.09,-0.05,-0.5,-0.35,1,0.2,0.2,0.15,60,64.17,211,188,1,187,97,0,0,67,0,23,0,23,1,212,120,67,212,119775.7,1233.56,12,19,24,14,12,9,5,92,97,0,0,90
421861,35,-0.09,-0.05,-0.5,-0.35,2,0.1,0.1,0.15,20,72.34,211,188,0,188,123,36,16,0,13,0,0,23,1,212,136,52,212,56095.64,788.13,81,40,20,47,0,0,0,0,123,36,29,0
421862,35,-0.09,-0.05,-0.5,-0.35,2,0.1,0.1,0.15,20,66.49,211,188,0,188,0,38,25,0,125,0,0,23,1,212,125,63,212,110502.96,1318.75,8,14,7,159,0,0,0,0,0,38,150,0
421863,35,-0.09,-0.05,-0.5,-0.35,2,0.1,0.1,0.15,20,78.72,211,188,0,188,132,0,40,0,16,0,0,23,1,212,148,40,212,98409.29,1041.59,73,29,17,69,0,0,0,0,132,0,56,0
421864,35,-0.09,-0.05,-0.5,-0.35,2,0.1,0.1,0.15,30,71.28,211,188,0,188,132,45,9,0,2,0,0,23,1,212,134,54,212,54793.85,786.99,81,40,20,18,11,18,0,0,132,45,11,0
421865,35,-0.09,-0.05,-0.5,-0.35,2,0.1,0.1,0.15,30,58.51,211,188,0,188,0,55,23,0,110,0,0,23,1,212,110,78,212,96195.81,1268.62,8,14,7,9,13,137,0,0,0,55,133,0
421866,35,-0.09,-0.05,-0.5,-0.35,2,0.1,0.1,0.15,30,83.51,211,188,0,188,149,0,31,0,8,0,0,23,1,212,157,31,212,122579.84,1180.8,73,29,17,13,11,45,0,0,149,0,39,0
421867,35,-0.09,-0.05,-0.5,-0.35,2,0.1,0.1,0.15,40,71.66,211,188,1,187,133,46,6,1,0,1,0,23,1,212,134,53,212,55555.43,793.48,81,40,20,18,11,7,1,9,133,46,6,2
421868,35,-0.09,-0.05,-0.5,-0.35,2,0.1,0.1,0.15,40,53.48,211,188,1,187,0,59,23,5,21,79,0,23,1,212,100,87,212,91244.01,1199.69,8,14,7,9,13,4,5,127,0,59,44,84
421869,35,-0.09,-0.05,-0.5,-0.35,2,0.1,0.1,0.15,40,84.49,211,188,1,187,153,0,23,6,1,4,0,23,1,212,158,29,212,118183.67,1159.42,73,29,17,13,11,6,3,35,153,0,24,10
421870,35,-0.09,-0.05,-0.5,-0.35,2,0.1,0.1,0.15,50,71.66,211,188,1,187,133,47,0,6,0,1,0,23,1,212,134,53,212,54982.51,795.32,81,40,20,18,11,7,1,9,133,47,0,7
421871,35,-0.09,-0.05,-0.5,-0.35,2,0.1,0.1,0.15,50,54.01,211,188,1,187,0,61,0,25,0,101,0,23,1,212,101,86,212,84771.31,1156.37,8,14,7,9,13,4,5,127,0,61,0,126
421872,35,-0.09,-0.05,-0.5,-0.35,2,0.1,0.1,0.15,50,84.49,211,188,1,187,153,0,0,29,0,5,0,23,1,212,158,29,212,115825.96,1152.01,73,29,17,13,11,6,3,35,153,0,0,34
421873,35,-0.09,-0.05,-0.5,-0.35,2,0.1,0.1,0.15,60,71.66,211,188,1,187,133,47,0,6,0,1,0,23,1,212,134,53,212,54982.51,795.32,81,40,20,18,11,7,1,9,133,47,0,7
421874,35,-0.09,-0.05,-0.5,-0.35,2,0.1,0.1,0.15,60,54.01,211,188,1,187,0,61,0,25,0,101,0,23,1,212,101,86,212,84771.31,1156.37,8,14,7,9,13,4,5,127,0,61,0,126
421875,35,-0.09,-0.05,-0.5,-0.35,2,0.1,0.1,0.15,60,84.49,211,188,1,187,153,0,0,29,0,5,0,23,1,212,158,29,212,115825.96,1152.01,73,29,17,13,11,6,3,35,153,0,0,34
421876,35,-0.09,-0.05,-0.5,-0.35,2,0.1,0.2,0.15,20,67.02,211,188,0,188,69,38,24,0,57,0,0,23,1,212,126,62,212,109458.51,1306.51,20,36,30,102,0,0,0,0,69,38,81,0
421877,35,-0.09,-0.05,-0.5,-0.35,2,0.1,0.2,0.15,20,66.49,211,188,0,188,0,38,25,0,125,0,0,23,1,212,125,63,212,110502.96,1318.75,8,14,7,159,0,0,0,0,0,38,150,0
421878,35,-0.09,-0.05,-0.5,-0.35,2,0.1,0.2,0.15,20,74.47,211,188,0,188,74,0,48,0,66,0,0,23,1,212,140,48,212,172584.81,1666.45,12,22,24,130,0,0,0,0,74,0,114,0
421879,35,-0.09,-0.05,-0.5,-0.35,2,0.1,0.2,0.15,30,60.64,211,188,0,188,87,54,20,0,27,0,0,23,1,212,114,74,212,105927.79,1338.5,20,36,30,21,22,59,0,0,87,54,47,0
421880,35,-0.09,-0.05,-0.5,-0.35,2,0.1,0.2,0.15,30,58.51,211,188,0,188,0,55,23,0,110,0,0,23,1,212,110,78,212,96195.81,1268.62,8,14,7,9,13,137,0,0,0,55,133,0
421881,35,-0.09,-0.05,-0.5,-0.35,2,0.1,0.2,0.15,30,73.94,211,188,0,188,98,0,49,0,41,0,0,23,1,212,139,49,212,194906.43,1848.01,12,22,24,16,13,101,0,0,98,0,90,0
421882,35,-0.09,-0.05,-0.5,-0.35,2,0.1,0.2,0.15,40,57.22,211,188,1,187,93,58,17,5,5,9,0,23,1,212,107,80,212,92276.96,1239.07,20,36,30,21,22,12,6,40,93,58,22,14
421883,35,-0.09,-0.05,-0.5,-0.35,2,0.1,0.2,0.15,40,53.48,211,188,1,187,0,59,23,5,21,79,0,23,1,212,100,87,212,91244.01,1199.69,8,14,7,9,13,4,5,127,0,59,44,84
421884,35,-0.09,-0.05,-0.5,-0.35,2,0.1,0.2,0.15,40,67.91,211,188,1,187,107,0,47,13,8,12,0,23,1,212,127,60,212,166733.03,1672.24,12,22,24,16,13,11,5,84,107,0,55,25
421885,35,-0.09,-0.05,-0.5,-0.35,2,0.1,0.2,0.15,50,58.29,211,188,1,187,93,59,0,19,0,16,0,23,1,212,109,78,212,90960.15,1237.09,20,36,30,21,22,12,6,40,93,59,0,35
421886,35,-0.09,-0.05,-0.5,-0.35,2,0.1,0.2,0.15,50,54.01,211,188,1,187,0,61,0,25,0,101,0,23,1,212,101,86,212,84771.31,1156.37,8,14,7,9,13,4,5,127,0,61,0,126
421887,35,-0.09,-0.05,-0.5,-0.35,2,0.1,0.2,0.15,50,69.52,211,188,1,187,107,0,0,57,0,23,0,23,1,212,130,57,212,160528.2,1646.55,12,22,24,16,13,11,5,84,107,0,0,80
421888,35,-0.09,-0.05,-0.5,-0.35,2,0.1,0.2,0.15,60,58.29,211,188,1,187,93,59,0,19,0,16,0,23,1,212,109,78,212,90960.15,1237.09,20,36,30,21,22,12,6,40,93,59,0,35
421889,35,-0.09,-0.05,-0.5,-0.35,2,0.1,0.2,0.15,60,54.01,211,188,1,187,0,61,0,25,0,101,0,23,1,212,101,86,212,84771.31,1156.37,8,14,7,9,13,4,5,127,0,61,0,126
421890,35,-0.09,-0.05,-0.5,-0.35,2,0.1,0.2,0.15,60,69.52,211,188,1,187,107,0,0,57,0,23,0,23,1,212,130,57,212,160528.2,1646.55,12,22,24,16,13,11,5,84,107,0,0,80
421891,35,-0.09,-0.05,-0.5,-0.35,2,0.2,0.1,0.15,20,68.62,211,188,0,188,117,36,23,0,12,0,0,23,1,212,129,59,212,49377.92,504.84,79,39,18,52,0,0,0,0,117,36,35,0
421892,35,-0.09,-0.05,-0.5,-0.35,2,0.2,0.1,0.15,20,63.3,211,188,0,188,0,38,31,0,119,0,0,23,1,212,119,69,212,97219.23,996.44,8,14,7,159,0,0,0,0,0,38,150,0
421893,35,-0.09,-0.05,-0.5,-0.35,2,0.2,0.1,0.15,20,73.4,211,188,0,188,126,0,50,0,12,0,0,23,1,212,138,50,212,75827.85,774.53,71,27,13,77,0,0,0,0,126,0,62,0
421894,35,-0.09,-0.05,-0.5,-0.35,2,0.2,0.1,0.15,30,68.09,211,188,0,188,126,47,13,0,2,0,0,23,1,212,128,60,212,45134.62,461.45,79,39,18,17,10,25,0,0,126,47,15,0
421895,35,-0.09,-0.05,-0.5,-0.35,2,0.2,0.1,0.15,30,57.98,211,188,0,188,0,55,24,0,109,0,0,23,1,212,109,79,212,86756.32,888.25,8,14,7,9,13,137,0,0,0,55,133,0
421896,35,-0.09,-0.05,-0.5,-0.35,2,0.2,0.1,0.15,30,75.0,211,188,0,188,138,0,47,0,3,0,0,23,1,212,141,47,212,83794.68,859.36,71,27,13,15,4,58,0,0,138,0,50,0
421897,35,-0.09,-0.05,-0.5,-0.35,2,0.2,0.1,0.15,40,67.91,211,188,1,187,127,50,8,2,0,0,0,23,1,212,127,60,212,43954.37,451.43,79,39,18,17,10,10,2,12,127,50,8,2
421898,35,-0.09,-0.05,-0.5,-0.35,2,0.2,0.1,0.15,40,50.8,211,188,1,187,0,59,25,8,19,76,0,23,1,212,95,92,212,79560.37,813.33,8,14,7,9,13,4,5,127,0,59,44,84
421899,35,-0.09,-0.05,-0.5,-0.35,2,0.2,0.1,0.15,40,75.94,211,188,1,187,141,0,35,10,0,1,0,23,1,212,142,45,212,75662.04,776.0,71,27,13,15,4,8,1,48,141,0,35,11
421900,35,-0.09,-0.05,-0.5,-0.35,2,0.2,0.1,0.15,50,67.91,211,188,1,187,127,51,0,9,0,0,0,23,1,212,127,60,212,43619.25,448.01,79,39,18,17,10,10,2,12,127,51,0,9
421901,35,-0.09,-0.05,-0.5,-0.35,2,0.2,0.1,0.15,50,51.34,211,188,1,187,0,61,0,30,0,96,0,23,1,212,96,91,212,74977.93,766.01,8,14,7,9,13,4,5,127,0,61,0,126
421902,35,-0.09,-0.05,-0.5,-0.35,2,0.2,0.1,0.15,50,76.47,211,188,1,187,141,0,0,44,0,2,0,23,1,212,143,44,212,75012.07,770.89,71,27,13,15,4,8,1,48,141,0,0,46
421903,35,-0.09,-0.05,-0.5,-0.35,2,0.2,0.1,0.15,60,67.91,211,188,1,187,127,51,0,9,0,0,0,23,1,212,127,60,212,43619.25,448.01,79,39,18,17,10,10,2,12,127,51,0,9
421904,35,-0.09,-0.05,-0.5,-0.35,2,0.2,0.1,0.15,60,51.34,211,188,1,187,0,61,0,30,0,96,0,23,1,212,96,91,212,74977.93,766.01,8,14,7,9,13,4,5,127,0,61,0,126
421905,35,-0.09,-0.05,-0.5,-0.35,2,0.2,0.1,0.15,60,76.47,211,188,1,187,141,0,0,44,0,2,0,23,1,212,143,44,212,75012.07,770.89,71,27,13,15,4,8,1,48,141,0,0,46
421906,35,-0.09,-0.05,-0.5,-0.35,2,0.2,0.2,0.15,20,63.83,211,188,0,188,65,38,30,0,55,0,0,23,1,212,120,68,212,95917.58,984.0,20,33,31,104,0,0,0,0,65,38,85,0
421907,35,-0.09,-0.05,-0.5,-0.35,2,0.2,0.2,0.15,20,63.3,211,188,0,188,0,38,31,0,119,0,0,23,1,212,119,69,212,97219.23,996.44,8,14,7,159,0,0,0,0,0,38,150,0
421908,35,-0.09,-0.05,-0.5,-0.35,2,0.2,0.2,0.15,20,69.68,211,188,0,188,69,0,57,0,62,0,0,23,1,212,131,57,212,129583.71,1327.58,12,19,24,133,0,0,0,0,69,0,119,0
421909,35,-0.09,-0.05,-0.5,-0.35,2,0.2,0.2,0.15,30,60.11,211,188,0,188,82,54,21,0,31,0,0,23,1,212,113,75,212,92837.79,955.46,20,33,31,19,22,63,0,0,82,54,52,0
421910,35,-0.09,-0.05,-0.5,-0.35,2,0.2,0.2,0.15,30,57.98,211,188,0,188,0,55,24,0,109,0,0,23,1,212,109,79,212,86756.32,888.25,8,14,7,9,13,137,0,0,0,55,133,0
421911,35,-0.09,-0.05,-0.5,-0.35,2,0.2,0.2,0.15,30,68.09,211,188,0,188,90,0,60,0,38,0,0,23,1,212,128,60,212,139840.93,1438.81,12,19,24,14,12,107,0,0,90,0,98,0
421912,35,-0.09,-0.05,-0.5,-0.35,2,0.2,0.2,0.15,40,54.55,211,188,1,187,87,58,19,8,4,11,0,23,1,212,102,85,212,84287.18,867.77,20,33,31,19,22,11,6,45,87,58,23,19
421913,35,-0.09,-0.05,-0.5,-0.35,2,0.2,0.2,0.15,40,50.8,211,188,1,187,0,59,25,8,19,76,0,23,1,212,95,92,212,79560.37,813.33,8,14,7,9,13,4,5,127,0,59,44,84
421914,35,-0.09,-0.05,-0.5,-0.35,2,0.2,0.2,0.15,40,63.1,211,188,1,187,97,0,51,18,6,15,0,23,1,212,118,69,212,123996.49,1274.72,12,19,24,14,12,9,5,92,97,0,57,33
421915,35,-0.09,-0.05,-0.5,-0.35,2,0.2,0.2,0.15,50,55.61,211,188,1,187,87,59,0,24,0,17,0,23,1,212,104,83,212,83146.68,856.28,20,33,31,19,22,11,6,45,87,59,0,41
421916,35,-0.09,-0.05,-0.5,-0.35,2,0.2,0.2,0.15,50,51.34,211,188,1,187,0,61,0,30,0,96,0,23,1,212,96,91,212,74977.93,766.01,8,14,7,9,13,4,5,127,0,61,0,126
421917,35,-0.09,-0.05,-0.5,-0.35,2,0.2,0.2,0.15,50,64.17,211,188,1,187,97,0,0,67,0,23,0,23,1,212,120,67,212,119775.7,1233.56,12,19,24,14,12,9,5,92,97,0,0,90
421918,35,-0.09,-0.05,-0.5,-0.35,2,0.2,0.2,0.15,60,55.61,211,188,1,187,87,59,0,24,0,17,0,23,1,212,104,83,212,83146.68,856.28,20,33,31,19,22,11,6,45,87,59,0,41
421919,35,-0.09,-0.05,-0.5,-0.35,2,0.2,0.2,0.15,60,51.34,211,188,1,187,0,61,0,30,0,96,0,23,1,212,96,91,212,74977.93,766.01,8,14,7,9,13,4,5,127,0,61,0,126
421920,35,-0.09,-0.05,-0.5,-0.35,2,0.2,0.2,0.15,60,64.17,211,188,1,187,97,0,0,67,0,23,0,23,1,212,120,67,212,119775.7,1233.56,12,19,24,14,12,9,5,92,97,0,0,90
421921,35,-0.09,-0.05,-0.5,-0.3,1,0.1,0.1,0.15,20,68.44,249,226,1,225,138,38,33,0,16,0,0,23,1,250,154,71,250,60232.63,617.8,90,46,22,67,0,0,0,0,138,38,49,0
421922,35,-0.09,-0.05,-0.5,-0.3,1,0.1,0.1,0.15,20,61.78,249,226,1,225,0,43,43,0,139,0,0,23,1,250,139,86,250,102349.07,1056.41,9,15,8,193,0,0,0,0,0,43,182,0
421923,35,-0.09,-0.05,-0.5,-0.3,1,0.1,0.1,0.15,20,72.44,249,226,1,225,147,0,62,0,16,0,0,23,1,250,163,62,250,87913.0,900.38,81,34,17,93,0,0,0,0,147,0,78,0
421924,35,-0.09,-0.05,-0.5,-0.3,1,0.1,0.1,0.15,30,68.89,249,226,1,225,150,54,16,0,5,0,0,23,1,250,155,70,250,57033.8,587.07,90,46,22,18,15,34,0,0,150,54,21,0
421925,35,-0.09,-0.05,-0.5,-0.3,1,0.1,0.1,0.15,30,56.89,249,226,1,225,0,67,30,0,128,0,0,23,1,250,128,97,250,87108.56,906.28,9,15,8,11,18,164,0,0,0,67,158,0
421926,35,-0.09,-0.05,-0.5,-0.3,1,0.1,0.1,0.15,30,75.56,249,226,1,225,163,0,55,0,7,0,0,23,1,250,170,55,250,100518.01,1035.99,81,34,17,15,6,72,0,0,163,0,62,0
421927,35,-0.09,-0.05,-0.5,-0.3,1,0.1,0.1,0.15,40,68.3,249,226,2,224,152,57,11,3,1,0,0,23,1,250,153,71,250,55266.47,569.04,90,46,22,18,15,13,3,17,152,57,12,3
421928,35,-0.09,-0.05,-0.5,-0.3,1,0.1,0.1,0.15,40,49.55,249,226,2,224,0,73,31,9,24,87,0,23,1,250,111,113,250,75790.51,776.73,9,15,8,11,18,6,6,151,0,73,55,96
421929,35,-0.09,-0.05,-0.5,-0.3,1,0.1,0.1,0.15,40,75.89,249,226,2,224,168,0,42,12,1,1,0,23,1,250,170,54,250,91832.39,944.41,81,34,17,15,6,10,3,58,168,0,43,13
421930,35,-0.09,-0.05,-0.5,-0.3,1,0.1,0.1,0.15,50,68.3,249,226,2,224,152,58,0,13,0,1,0,23,1,250,153,71,250,54837.85,565.0,90,46,22,18,15,13,3,17,152,58,0,14
421931,35,-0.09,-0.05,-0.5,-0.3,1,0.1,0.1,0.15,50,50.0,249,226,2,224,0,75,0,37,0,112,0,23,1,250,112,112,250,70838.53,725.77,9,15,8,11,18,6,6,151,0,75,0,149
421932,35,-0.09,-0.05,-0.5,-0.3,1,0.1,0.1,0.15,50,76.34,249,226,2,224,168,0,0,53,0,3,0,23,1,250,171,53,250,91175.57,938.97,81,34,17,15,6,10,3,58,168,0,0,56
421933,35,-0.09,-0.05,-0.5,-0.3,1,0.1,0.1,0.15,60,68.3,249,226,2,224,152,58,0,13,0,1,0,23,1,250,153,71,250,54837.85,565.0,90,46,22,18,15,13,3,17,152,58,0,14
421934,35,-0.09,-0.05,-0.5,-0.3,1,0.1,0.1,0.15,60,50.0,249,226,2,224,0,75,0,37,0,112,0,23,1,250,112,112,250,70838.53,725.77,9,15,8,11,18,6,6,151,0,75,0,149
421935,35,-0.09,-0.05,-0.5,-0.3,1,0.1,0.1,0.15,60,76.34,249,226,2,224,168,0,0,53,0,3,0,23,1,250,171,53,250,91175.57,938.97,81,34,17,15,6,10,3,58,168,0,0,56
421936,35,-0.09,-0.05,-0.5,-0.3,1,0.1,0.2,0.15,20,62.22,249,226,1,225,73,43,42,0,67,0,0,23,1,250,140,85,250,104065.69,1072.62,22,35,37,131,0,0,0,0,73,43,109,0
421937,35,-0.09,-0.05,-0.5,-0.3,1,0.1,0.2,0.15,20,61.78,249,226,1,225,0,43,43,0,139,0,0,23,1,250,139,86,250,102349.07,1056.41,9,15,8,193,0,0,0,0,0,43,182,0
421938,35,-0.09,-0.05,-0.5,-0.3,1,0.1,0.2,0.15,20,67.11,249,226,1,225,77,0,74,0,74,0,0,23,1,250,151,74,250,133702.58,1375.99,13,20,29,163,0,0,0,0,77,0,148,0
421939,35,-0.09,-0.05,-0.5,-0.3,1,0.1,0.2,0.15,30,59.11,249,226,1,225,92,66,26,0,41,0,0,23,1,250,133,92,250,99320.59,1032.58,22,35,37,22,28,81,0,0,92,66,67,0
421940,35,-0.09,-0.05,-0.5,-0.3,1,0.1,0.2,0.15,30,56.89,249,226,1,225,0,67,30,0,128,0,0,23,1,250,128,97,250,87108.56,906.28,9,15,8,11,18,164,0,0,0,67,158,0
421941,35,-0.09,-0.05,-0.5,-0.3,1,0.1,0.2,0.15,30,67.11,249,226,1,225,101,0,74,0,50,0,0,23,1,250,151,74,250,149717.95,1553.13,13,20,29,15,13,135,0,0,101,0,124,0
421942,35,-0.09,-0.05,-0.5,-0.3,1,0.1,0.2,0.15,40,54.02,249,226,2,224,101,71,23,9,7,13,0,23,1,250,121,103,250,91998.74,956.67,22,35,37,22,28,14,9,57,101,71,30,22
421943,35,-0.09,-0.05,-0.5,-0.3,1,0.1,0.2,0.15,40,49.55,249,226,2,224,0,73,31,9,24,87,0,23,1,250,111,113,250,75790.51,776.73,9,15,8,11,18,6,6,151,0,73,55,96
421944,35,-0.09,-0.05,-0.5,-0.3,1,0.1,0.2,0.15,40,62.05,249,226,2,224,112,0,63,22,9,18,0,23,1,250,139,85,250,135092.35,1396.54,13,20,29,15,13,11,9,114,112,0,72,40
421945,35,-0.09,-0.05,-0.5,-0.3,1,0.1,0.2,0.15,50,54.91,249,226,2,224,101,72,0,29,0,22,0,23,1,250,123,101,250,90595.54,942.73,22,35,37,22,28,14,9,57,101,72,0,51
421946,35,-0.09,-0.05,-0.5,-0.3,1,0.1,0.2,0.15,50,50.0,249,226,2,224,0,75,0,37,0,112,0,23,1,250,112,112,250,70838.53,725.77,9,15,8,11,18,6,6,151,0,75,0,149
421947,35,-0.09,-0.05,-0.5,-0.3,1,0.1,0.2,0.15,50,62.95,249,226,2,224,112,0,0,83,0,29,0,23,1,250,141,83,250,129793.67,1343.36,13,20,29,15,13,11,9,114,112,0,0,112
421948,35,-0.09,-0.05,-0.5,-0.3,1,0.1,0.2,0.15,60,54.91,249,226,2,224,101,72,0,29,0,22,0,23,1,250,123,101,250,90595.54,942.73,22,35,37,22,28,14,9,57,101,72,0,51
421949,35,-0.09,-0.05,-0.5,-0.3,1,0.1,0.2,0.15,60,50.0,249,226,2,224,0,75,0,37,0,112,0,23,1,250,112,112,250,70838.53,725.77,9,15,8,11,18,6,6,151,0,75,0,149
421950,35,-0.09,-0.05,-0.5,-0.3,1,0.1,0.2,0.15,60,62.95,249,226,2,224,112,0,0,83,0,29,0,23,1,250,141,83,250,129793.67,1343.36,13,20,29,15,13,11,9,114,112,0,0,112
421951,35,-0.09,-0.05,-0.5,-0.3,1,0.2,0.1,0.15,20,68.44,249,226,1,225,138,38,33,0,16,0,0,23,1,250,154,71,250,60232.63,617.8,90,46,22,67,0,0,0,0,138,38,49,0
421952,35,-0.09,-0.05,-0.5,-0.3,1,0.2,0.1,0.15,20,61.78,249,226,1,225,0,43,43,0,139,0,0,23,1,250,139,86,250,102349.07,1056.41,9,15,8,193,0,0,0,0,0,43,182,0
421953,35,-0.09,-0.05,-0.5,-0.3,1,0.2,0.1,0.15,20,72.44,249,226,1,225,147,0,62,0,16,0,0,23,1,250,163,62,250,87913.0,900.38,81,34,17,93,0,0,0,0,147,0,78,0
421954,35,-0.09,-0.05,-0.5,-0.3,1,0.2,0.1,0.15,30,68.89,249,226,1,225,150,54,16,0,5,0,0,23,1,250,155,70,250,57033.8,587.07,90,46,22,18,15,34,0,0,150,54,21,0
421955,35,-0.09,-0.05,-0.5,-0.3,1,0.2,0.1,0.15,30,56.89,249,226,1,225,0,67,30,0,128,0,0,23,1,250,128,97,250,87108.56,906.28,9,15,8,11,18,164,0,0,0,67,158,0
421956,35,-0.09,-0.05,-0.5,-0.3,1,0.2,0.1,0.15,30,75.56,249,226,1,225,163,0,55,0,7,0,0,23,1,250,170,55,250,100518.01,1035.99,81,34,17,15,6,72,0,0,163,0,62,0
421957,35,-0.09,-0.05,-0.5,-0.3,1,0.2,0.1,0.15,40,68.3,249,226,2,224,152,57,11,3,1,0,0,23,1,250,153,71,250,55266.47,569.04,90,46,22,18,15,13,3,17,152,57,12,3
421958,35,-0.09,-0.05,-0.5,-0.3,1,0.2,0.1,0.15,40,49.55,249,226,2,224,0,73,31,9,24,87,0,23,1,250,111,113,250,75790.51,776.73,9,15,8,11,18,6,6,151,0,73,55,96
421959,35,-0.09,-0.05,-0.5,-0.3,1,0.2,0.1,0.15,40,75.89,249,226,2,224,168,0,42,12,1,1,0,23,1,250,170,54,250,91832.39,944.41,81,34,17,15,6,10,3,58,168,0,43,13
421960,35,-0.09,-0.05,-0.5,-0.3,1,0.2,0.1,0.15,50,68.3,249,226,2,224,152,58,0,13,0,1,0,23,1,250,153,71,250,54837.85,565.0,90,46,22,18,15,13,3,17,152,58,0,14
421961,35,-0.09,-0.05,-0.5,-0.3,1,0.2,0.1,0.15,50,50.0,249,226,2,224,0,75,0,37,0,112,0,23,1,250,112,112,250,70838.53,725.77,9,15,8,11,18,6,6,151,0,75,0,149
421962,35,-0.09,-0.05,-0.5,-0.3,1,0.2,0.1,0.15,50,76.34,249,226,2,224,168,0,0,53,0,3,0,23,1,250,171,53,250,91175.57,938.97,81,34,17,15,6,10,3,58,168,0,0,56
421963,35,-0.09,-0.05,-0.5,-0.3,1,0.2,0.1,0.15,60,68.3,249,226,2,224,152,58,0,13,0,1,0,23,1,250,153,71,250,54837.85,565.0,90,46,22,18,15,13,3,17,152,58,0,14
421964,35,-0.09,-0.05,-0.5,-0.3,1,0.2,0.1,0.15,60,50.0,249,226,2,224,0,75,0,37,0,112,0,23,1,250,112,112,250,70838.53,725.77,9,15,8,11,18,6,6,151,0,75,0,149
421965,35,-0.09,-0.05,-0.5,-0.3,1,0.2,0.1,0.15,60,76.34,249,226,2,224,168,0,0,53,0,3,0,23,1,250,171,53,250,91175.57,938.97,81,34,17,15,6,10,3,58,168,0,0,56
421966,35,-0.09,-0.05,-0.5,-0.3,1,0.2,0.2,0.15,20,62.22,249,226,1,225,73,43,42,0,67,0,0,23,1,250,140,85,250,104065.69,1072.62,22,35,37,131,0,0,0,0,73,43,109,0
421967,35,-0.09,-0.05,-0.5,-0.3,1,0.2,0.2,0.15,20,61.78,249,226,1,225,0,43,43,0,139,0,0,23,1,250,139,86,250,102349.07,1056.41,9,15,8,193,0,0,0,0,0,43,182,0
421968,35,-0.09,-0.05,-0.5,-0.3,1,0.2,0.2,0.15,20,67.11,249,226,1,225,77,0,74,0,74,0,0,23,1,250,151,74,250,133702.58,1375.99,13,20,29,163,0,0,0,0,77,0,148,0
421969,35,-0.09,-0.05,-0.5,-0.3,1,0.2,0.2,0.15,30,59.11,249,226,1,225,92,66,26,0,41,0,0,23,1,250,133,92,250,99320.59,1032.58,22,35,37,22,28,81,0,0,92,66,67,0
421970,35,-0.09,-0.05,-0.5,-0.3,1,0.2,0.2,0.15,30,56.89,249,226,1,225,0,67,30,0,128,0,0,23,1,250,128,97,250,87108.56,906.28,9,15,8,11,18,164,0,0,0,67,158,0
421971,35,-0.09,-0.05,-0.5,-0.3,1,0.2,0.2,0.15,30,67.11,249,226,1,225,101,0,74,0,50,0,0,23,1,250,151,74,250,149717.95,1553.13,13,20,29,15,13,135,0,0,101,0,124,0
421972,35,-0.09,-0.05,-0.5,-0.3,1,0.2,0.2,0.15,40,54.02,249,226,2,224,101,71,23,9,7,13,0,23,1,250,121,103,250,91998.74,956.67,22,35,37,22,28,14,9,57,101,71,30,22
421973,35,-0.09,-0.05,-0.5,-0.3,1,0.2,0.2,0.15,40,49.55,249,226,2,224,0,73,31,9,24,87,0,23,1,250,111,113,250,75790.51,776.73,9,15,8,11,18,6,6,151,0,73,55,96
421974,35,-0.09,-0.05,-0.5,-0.3,1,0.2,0.2,0.15,40,62.05,249,226,2,224,112,0,63,22,9,18,0,23,1,250,139,85,250,135092.35,1396.54,13,20,29,15,13,11,9,114,112,0,72,40
421975,35,-0.09,-0.05,-0.5,-0.3,1,0.2,0.2,0.15,50,54.91,249,226,2,224,101,72,0,29,0,22,0,23,1,250,123,101,250,90595.54,942.73,22,35,37,22,28,14,9,57,101,72,0,51
421976,35,-0.09,-0.05,-0.5,-0.3,1,0.2,0.2,0.15,50,50.0,249,226,2,224,0,75,0,37,0,112,0,23,1,250,112,112,250,70838.53,725.77,9,15,8,11,18,6,6,151,0,75,0,149
421977,35,-0.09,-0.05,-0.5,-0.3,1,0.2,0.2,0.15,50,62.95,249,226,2,224,112,0,0,83,0,29,0,23,1,250,141,83,250,129793.67,1343.36,13,20,29,15,13,11,9,114,112,0,0,112
421978,35,-0.09,-0.05,-0.5,-0.3,1,0.2,0.2,0.15,60,54.91,249,226,2,224,101,72,0,29,0,22,0,23,1,250,123,101,250,90595.54,942.73,22,35,37,22,28,14,9,57,101,72,0,51
421979,35,-0.09,-0.05,-0.5,-0.3,1,0.2,0.2,0.15,60,50.0,249,226,2,224,0,75,0,37,0,112,0,23,1,250,112,112,250,70838.53,725.77,9,15,8,11,18,6,6,151,0,75,0,149
421980,35,-0.09,-0.05,-0.5,-0.3,1,0.2,0.2,0.15,60,62.95,249,226,2,224,112,0,0,83,0,29,0,23,1,250,141,83,250,129793.67,1343.36,13,20,29,15,13,11,9,114,112,0,0,112
421981,35,-0.09,-0.05,-0.5,-0.3,2,0.1,0.1,0.15,20,71.56,249,226,1,225,144,38,26,0,17,0,0,23,1,250,161,64,250,67318.9,930.62,93,46,24,62,0,0,0,0,144,38,43,0
421982,35,-0.09,-0.05,-0.5,-0.3,2,0.1,0.1,0.15,20,64.44,249,226,1,225,0,43,37,0,145,0,0,23,1,250,145,80,250,115866.97,1418.73,9,15,8,193,0,0,0,0,0,43,182,0
421983,35,-0.09,-0.05,-0.5,-0.3,2,0.1,0.1,0.15,20,77.33,249,226,1,225,154,0,51,0,20,0,0,23,1,250,174,51,250,112908.25,1208.79,84,36,21,84,0,0,0,0,154,0,71,0
421984,35,-0.09,-0.05,-0.5,-0.3,2,0.1,0.1,0.15,30,71.56,249,226,1,225,156,52,12,0,5,0,0,23,1,250,161,64,250,65605.57,946.34,93,46,24,19,16,27,0,0,156,52,17,0
421985,35,-0.09,-0.05,-0.5,-0.3,2,0.1,0.1,0.15,30,57.33,249,226,1,225,0,67,29,0,129,0,0,23,1,250,129,96,250,97821.18,1341.97,9,15,8,11,18,164,0,0,0,67,158,0
421986,35,-0.09,-0.05,-0.5,-0.3,2,0.1,0.1,0.15,30,83.11,249,226,1,225,175,0,38,0,12,0,0,23,1,250,187,38,250,141096.75,1396.07,84,36,21,13,12,59,0,0,175,0,50,0
421987,35,-0.09,-0.05,-0.5,-0.3,2,0.1,0.1,0.15,40,71.43,249,226,2,224,158,53,9,2,1,1,0,23,1,250,160,64,250,65346.11,944.59,93,46,24,19,16,10,2,14,158,53,10,3
421988,35,-0.09,-0.05,-0.5,-0.3,2,0.1,0.1,0.15,40,51.79,249,226,2,224,0,73,29,6,26,90,0,23,1,250,116,108,250,87786.84,1222.91,9,15,8,11,18,6,6,151,0,73,55,96
421989,35,-0.09,-0.05,-0.5,-0.3,2,0.1,0.1,0.15,40,83.48,249,226,2,224,180,0,30,7,2,5,0,23,1,250,187,37,250,134846.15,1361.24,84,36,21,13,12,9,4,45,180,0,32,12
421990,35,-0.09,-0.05,-0.5,-0.3,2,0.1,0.1,0.15,50,71.43,249,226,2,224,158,54,0,10,0,2,0,23,1,250,160,64,250,64679.69,945.81,93,46,24,19,16,10,2,14,158,54,0,12
421991,35,-0.09,-0.05,-0.5,-0.3,2,0.1,0.1,0.15,50,52.23,249,226,2,224,0,75,0,32,0,117,0,23,1,250,117,107,250,81163.69,1181.07,9,15,8,11,18,6,6,151,0,75,0,149
421992,35,-0.09,-0.05,-0.5,-0.3,2,0.1,0.1,0.15,50,83.48,249,226,2,224,180,0,0,37,0,7,0,23,1,250,187,37,250,132600.89,1353.5,84,36,21,13,12,9,4,45,180,0,0,44
421993,35,-0.09,-0.05,-0.5,-0.3,2,0.1,0.1,0.15,60,71.43,249,226,2,224,158,54,0,10,0,2,0,23,1,250,160,64,250,64679.69,945.81,93,46,24,19,16,10,2,14,158,54,0,12
421994,35,-0.09,-0.05,-0.5,-0.3,2,0.1,0.1,0.15,60,52.23,249,226,2,224,0,75,0,32,0,117,0,23,1,250,117,107,250,81163.69,1181.07,9,15,8,11,18,6,6,151,0,75,0,149
421995,35,-0.09,-0.05,-0.5,-0.3,2,0.1,0.1,0.15,60,83.48,249,226,2,224,180,0,0,37,0,7,0,23,1,250,187,37,250,132600.89,1353.5,84,36,21,13,12,9,4,45,180,0,0,44
421996,35,-0.09,-0.05,-0.5,-0.3,2,0.1,0.2,0.15,20,64.89,249,226,1,225,77,43,36,0,69,0,0,23,1,250,146,79,250,117840.79,1435.14,22,38,36,129,0,0,0,0,77,43,105,0
421997,35,-0.09,-0.05,-0.5,-0.3,2,0.1,0.2,0.15,20,64.44,249,226,1,225,0,43,37,0,145,0,0,23,1,250,145,80,250,115866.97,1418.73,9,15,8,193,0,0,0,0,0,43,182,0
421998,35,-0.09,-0.05,-0.5,-0.3,2,0.1,0.2,0.15,20,71.56,249,226,1,225,82,0,64,0,79,0,0,23,1,250,161,64,250,170850.74,1767.08,13,23,29,160,0,0,0,0,82,0,143,0
421999,35,-0.09,-0.05,-0.5,-0.3,2,0.1,0.2,0.15,30,59.56,249,226,1,225,97,66,25,0,37,0,0,23,1,250,134,91,250,112523.98,1464.38,22,38,36,24,28,77,0,0,97,66,62,0
422000,35,-0.09,-0.05,-0.5,-0.3,2,0.1,0.2,0.15,30,57.33,249,226,1,225,0,67,29,0,129,0,0,23,1,250,129,96,250,97821.18,1341.97,9,15,8,11,18,164,0,0,0,67,158,0
422001,35,-0.09,-0.05,-0.5,-0.3,2,0.1,0.2,0.15,30,73.33,249,226,1,225,110,0,60,0,55,0,0,23,1,250,165,60,250,208811.93,2054.41,13,23,29,17,15,128,0,0,110,0,115,0
422002,35,-0.09,-0.05,-0.5,-0.3,2,0.1,0.2,0.15,40,56.25,249,226,2,224,107,71,21,6,8,11,0,23,1,250,126,98,250,99725.88,1375.45,22,38,36,24,28,15,9,52,107,71,29,17
422003,35,-0.09,-0.05,-0.5,-0.3,2,0.1,0.2,0.15,40,51.79,249,226,2,224,0,73,29,6,26,90,0,23,1,250,116,108,250,87786.84,1222.91,9,15,8,11,18,6,6,151,0,73,55,96
422004,35,-0.09,-0.05,-0.5,-0.3,2,0.1,0.2,0.15,40,67.86,249,226,2,224,124,0,56,16,13,15,0,23,1,250,152,72,250,182603.46,1891.15,13,23,29,17,15,13,9,105,124,0,69,31
422005,35,-0.09,-0.05,-0.5,-0.3,2,0.1,0.2,0.15,50,57.14,249,226,2,224,107,72,0,24,0,21,0,23,1,250,128,96,250,98146.37,1371.02,22,38,36,24,28,15,9,52,107,72,0,45
422006,35,-0.09,-0.05,-0.5,-0.3,2,0.1,0.2,0.15,50,52.23,249,226,2,224,0,75,0,32,0,117,0,23,1,250,117,107,250,81163.69,1181.07,9,15,8,11,18,6,6,151,0,75,0,149
422007,35,-0.09,-0.05,-0.5,-0.3,2,0.1,0.2,0.15,50,69.2,249,226,2,224,124,0,0,69,0,31,0,23,1,250,155,69,250,175022.24,1856.56,13,23,29,17,15,13,9,105,124,0,0,100
422008,35,-0.09,-0.05,-0.5,-0.3,2,0.1,0.2,0.15,60,57.14,249,226,2,224,107,72,0,24,0,21,0,23,1,250,128,96,250,98146.37,1371.02,22,38,36,24,28,15,9,52,107,72,0,45
422009,35,-0.09,-0.05,-0.5,-0.3,2,0.1,0.2,0.15,60,52.23,249,226,2,224,0,75,0,32,0,117,0,23,1,250,117,107,250,81163.69,1181.07,9,15,8,11,18,6,6,151,0,75,0,149
422010,35,-0.09,-0.05,-0.5,-0.3,2,0.1,0.2,0.15,60,69.2,249,226,2,224,124,0,0,69,0,31,0,23,1,250,155,69,250,175022.24,1856.56,13,23,29,17,15,13,9,105,124,0,0,100
422011,35,-0.09,-0.05,-0.5,-0.3,2,0.2,0.1,0.15,20,68.44,249,226,1,225,138,38,33,0,16,0,0,23,1,250,154,71,250,60232.63,617.8,90,46,22,67,0,0,0,0,138,38,49,0
422012,35,-0.09,-0.05,-0.5,-0.3,2,0.2,0.1,0.15,20,61.78,249,226,1,225,0,43,43,0,139,0,0,23,1,250,139,86,250,102349.07,1056.41,9,15,8,193,0,0,0,0,0,43,182,0
422013,35,-0.09,-0.05,-0.5,-0.3,2,0.2,0.1,0.15,20,72.44,249,226,1,225,147,0,62,0,16,0,0,23,1,250,163,62,250,87913.0,900.38,81,34,17,93,0,0,0,0,147,0,78,0
422014,35,-0.09,-0.05,-0.5,-0.3,2,0.2,0.1,0.15,30,68.89,249,226,1,225,150,54,16,0,5,0,0,23,1,250,155,70,250,57033.8,587.07,90,46,22,18,15,34,0,0,150,54,21,0
422015,35,-0.09,-0.05,-0.5,-0.3,2,0.2,0.1,0.15,30,56.89,249,226,1,225,0,67,30,0,128,0,0,23,1,250,128,97,250,87108.56,906.28,9,15,8,11,18,164,0,0,0,67,158,0
422016,35,-0.09,-0.05,-0.5,-0.3,2,0.2,0.1,0.15,30,75.56,249,226,1,225,163,0,55,0,7,0,0,23,1,250,170,55,250,100518.01,1035.99,81,34,17,15,6,72,0,0,163,0,62,0
422017,35,-0.09,-0.05,-0.5,-0.3,2,0.2,0.1,0.15,40,68.3,249,226,2,224,152,57,11,3,1,0,0,23,1,250,153,71,250,55266.47,569.04,90,46,22,18,15,13,3,17,152,57,12,3
422018,35,-0.09,-0.05,-0.5,-0.3,2,0.2,0.1,0.15,40,49.55,249,226,2,224,0,73,31,9,24,87,0,23,1,250,111,113,250,75790.51,776.73,9,15,8,11,18,6,6,151,0,73,55,96
422019,35,-0.09,-0.05,-0.5,-0.3,2,0.2,0.1,0.15,40,75.89,249,226,2,224,168,0,42,12,1,1,0,23,1,250,170,54,250,91832.39,944.41,81,34,17,15,6,10,3,58,168,0,43,13
422020,35,-0.09,-0.05,-0.5,-0.3,2,0.2,0.1,0.15,50,68.3,249,226,2,224,152,58,0,13,0,1,0,23,1,250,153,71,250,54837.85,565.0,90,46,22,18,15,13,3,17,152,58,0,14
422021,35,-0.09,-0.05,-0.5,-0.3,2,0.2,0.1,0.15,50,50.0,249,226,2,224,0,75,0,37,0,112,0,23,1,250,112,112,250,70838.53,725.77,9,15,8,11,18,6,6,151,0,75,0,149
422022,35,-0.09,-0.05,-0.5,-0.3,2,0.2,0.1,0.15,50,76.34,249,226,2,224,168,0,0,53,0,3,0,23,1,250,171,53,250,91175.57,938.97,81,34,17,15,6,10,3,58,168,0,0,56
422023,35,-0.09,-0.05,-0.5,-0.3,2,0.2,0.1,0.15,60,68.3,249,226,2,224,152,58,0,13,0,1,0,23,1,250,153,71,250,54837.85,565.0,90,46,22,18,15,13,3,17,152,58,0,14
422024,35,-0.09,-0.05,-0.5,-0.3,2,0.2,0.1,0.15,60,50.0,249,226,2,224,0,75,0,37,0,112,0,23,1,250,112,112,250,70838.53,725.77,9,15,8,11,18,6,6,151,0,75,0,149
422025,35,-0.09,-0.05,-0.5,-0.3,2,0.2,0.1,0.15,60,76.34,249,226,2,224,168,0,0,53,0,3,0,23,1,250,171,53,250,91175.57,938.97,81,34,17,15,6,10,3,58,168,0,0,56
422026,35,-0.09,-0.05,-0.5,-0.3,2,0.2,0.2,0.15,20,62.22,249,226,1,225,73,43,42,0,67,0,0,23,1,250,140,85,250,104065.69,1072.62,22,35,37,131,0,0,0,0,73,43,109,0
422027,35,-0.09,-0.05,-0.5,-0.3,2,0.2,0.2,0.15,20,61.78,249,226,1,225,0,43,43,0,139,0,0,23,1,250,139,86,250,102349.07,1056.41,9,15,8,193,0,0,0,0,0,43,182,0
422028,35,-0.09,-0.05,-0.5,-0.3,2,0.2,0.2,0.15,20,67.11,249,226,1,225,77,0,74,0,74,0,0,23,1,250,151,74,250,133702.58,1375.99,13,20,29,163,0,0,0,0,77,0,148,0
422029,35,-0.09,-0.05,-0.5,-0.3,2,0.2,0.2,0.15,30,59.11,249,226,1,225,92,66,26,0,41,0,0,23,1,250,133,92,250,99320.59,1032.58,22,35,37,22,28,81,0,0,92,66,67,0
422030,35,-0.09,-0.05,-0.5,-0.3,2,0.2,0.2,0.15,30,56.89,249,226,1,225,0,67,30,0,128,0,0,23,1,250,128,97,250,87108.56,906.28,9,15,8,11,18,164,0,0,0,67,158,0
422031,35,-0.09,-0.05,-0.5,-0.3,2,0.2,0.2,0.15,30,67.11,249,226,1,225,101,0,74,0,50,0,0,23,1,250,151,74,250,149717.95,1553.13,13,20,29,15,13,135,0,0,101,0,124,0
422032,35,-0.09,-0.05,-0.5,-0.3,2,0.2,0.2,0.15,40,54.02,249,226,2,224,101,71,23,9,7,13,0,23,1,250,121,103,250,91998.74,956.67,22,35,37,22,28,14,9,57,101,71,30,22
422033,35,-0.09,-0.05,-0.5,-0.3,2,0.2,0.2,0.15,40,49.55,249,226,2,224,0,73,31,9,24,87,0,23,1,250,111,113,250,75790.51,776.73,9,15,8,11,18,6,6,151,0,73,55,96
422034,35,-0.09,-0.05,-0.5,-0.3,2,0.2,0.2,0.15,40,62.05,249,226,2,224,112,0,63,22,9,18,0,23,1,250,139,85,250,135092.35,1396.54,13,20,29,15,13,11,9,114,112,0,72,40
422035,35,-0.09,-0.05,-0.5,-0.3,2,0.2,0.2,0.15,50,54.91,249,226,2,224,101,72,0,29,0,22,0,23,1,250,123,101,250,90595.54,942.73,22,35,37,22,28,14,9,57,101,72,0,51
422036,35,-0.09,-0.05,-0.5,-0.3,2,0.2,0.2,0.15,50,50.0,249,226,2,224,0,75,0,37,0,112,0,23,1,250,112,112,250,70838.53,725.77,9,15,8,11,18,6,6,151,0,75,0,149
422037,35,-0.09,-0.05,-0.5,-0.3,2,0.2,0.2,0.15,50,62.95,249,226,2,224,112,0,0,83,0,29,0,23,1,250,141,83,250,129793.67,1343.36,13,20,29,15,13,11,9,114,112,0,0,112
422038,35,-0.09,-0.05,-0.5,-0.3,2,0.2,0.2,0.15,60,54.91,249,226,2,224,101,72,0,29,0,22,0,23,1,250,123,101,250,90595.54,942.73,22,35,37,22,28,14,9,57,101,72,0,51
422039,35,-0.09,-0.05,-0.5,-0.3,2,0.2,0.2,0.15,60,50.0,249,226,2,224,0,75,0,37,0,112,0,23,1,250,112,112,250,70838.53,725.77,9,15,8,11,18,6,6,151,0,75,0,149
422040,35,-0.09,-0.05,-0.5,-0.3,2,0.2,0.2,0.15,60,62.95,249,226,2,224,112,0,0,83,0,29,0,23,1,250,141,83,250,129793.67,1343.36,13,20,29,15,13,11,9,114,112,0,0,112
422041,35,-0.09,-0.05,-0.5,-0.25,1,0.1,0.1,0.15,20,66.67,283,257,2,255,150,43,42,0,20,0,0,26,3,286,170,85,286,59820.91,612.06,98,50,23,84,0,0,0,0,150,43,62,0
422042,35,-0.09,-0.05,-0.5,-0.25,1,0.1,0.1,0.15,20,60.78,283,257,2,255,0,48,52,0,155,0,0,26,3,286,155,100,286,99311.13,1024.38,10,16,8,221,0,0,0,0,0,48,207,0
422043,35,-0.09,-0.05,-0.5,-0.25,1,0.1,0.1,0.15,20,70.2,283,257,2,255,159,0,76,0,20,0,0,26,3,286,179,76,286,87473.01,894.25,88,37,18,112,0,0,0,0,159,0,96,0
422044,35,-0.09,-0.05,-0.5,-0.25,1,0.1,0.1,0.15,30,67.06,283,257,2,255,165,61,23,0,6,0,0,26,3,286,171,84,286,57562.91,590.81,98,50,23,22,19,43,0,0,165,61,29,0
422045,35,-0.09,-0.05,-0.5,-0.25,1,0.1,0.1,0.15,30,54.12,283,257,2,255,0,75,42,0,138,0,0,26,3,286,138,117,286,80820.15,841.19,10,16,8,14,21,186,0,0,0,75,180,0
422046,35,-0.09,-0.05,-0.5,-0.25,1,0.1,0.1,0.15,30,72.94,283,257,2,255,178,0,69,0,8,0,0,26,3,286,186,69,286,99125.51,1020.14,88,37,18,16,8,88,0,0,178,0,77,0
422047,35,-0.09,-0.05,-0.5,-0.25,1,0.1,0.1,0.15,40,66.14,283,257,3,254,167,66,15,5,1,0,0,26,3,286,168,86,286,53817.64,552.24,98,50,23,22,19,14,4,24,167,66,16,5
422048,35,-0.09,-0.05,-0.5,-0.25,1,0.1,0.1,0.15,40,47.64,283,257,3,254,0,83,39,11,27,94,0,26,3,286,121,133,286,63402.31,648.63,10,16,8,14,21,6,7,172,0,83,66,105
422049,35,-0.09,-0.05,-0.5,-0.25,1,0.1,0.1,0.15,40,72.83,283,257,3,254,183,0,53,16,1,1,0,26,3,286,185,69,286,87075.0,893.07,88,37,18,16,8,11,3,73,183,0,54,17
422050,35,-0.09,-0.05,-0.5,-0.25,1,0.1,0.1,0.15,50,66.14,283,257,3,254,167,67,0,19,0,1,0,26,3,286,168,86,286,53729.53,551.62,98,50,23,22,19,14,4,24,167,67,0,20
422051,35,-0.09,-0.05,-0.5,-0.25,1,0.1,0.1,0.15,50,47.64,283,257,3,254,0,86,0,47,0,121,0,26,3,286,121,133,286,57302.78,585.49,10,16,8,14,21,6,7,172,0,86,0,168
422052,35,-0.09,-0.05,-0.5,-0.25,1,0.1,0.1,0.15,50,73.23,283,257,3,254,183,0,0,68,0,3,0,26,3,286,186,68,286,85799.86,881.04,88,37,18,16,8,11,3,73,183,0,0,71
422053,35,-0.09,-0.05,-0.5,-0.25,1,0.1,0.1,0.15,60,66.14,283,257,3,254,167,67,0,19,0,1,0,26,3,286,168,86,286,53729.53,551.62,98,50,23,22,19,14,4,24,167,67,0,20
422054,35,-0.09,-0.05,-0.5,-0.25,1,0.1,0.1,0.15,60,47.64,283,257,3,254,0,86,0,47,0,121,0,26,3,286,121,133,286,57302.78,585.49,10,16,8,14,21,6,7,172,0,86,0,168
422055,35,-0.09,-0.05,-0.5,-0.25,1,0.1,0.1,0.15,60,73.23,283,257,3,254,183,0,0,68,0,3,0,26,3,286,186,68,286,85799.86,881.04,88,37,18,16,8,11,3,73,183,0,0,71
422056,35,-0.09,-0.05,-0.5,-0.25,1,0.1,0.2,0.15,20,61.18,283,257,2,255,74,48,51,0,82,0,0,26,3,286,156,99,286,101792.36,1048.28,24,36,37,158,0,0,0,0,74,48,133,0
422057,35,-0.09,-0.05,-0.5,-0.25,1,0.1,0.2,0.15,20,60.78,283,257,2,255,0,48,52,0,155,0,0,26,3,286,155,100,286,99311.13,1024.38,10,16,8,221,0,0,0,0,0,48,207,0
422058,35,-0.09,-0.05,-0.5,-0.25,1,0.1,0.2,0.15,20,65.49,283,257,2,255,78,0,88,0,89,0,0,26,3,286,167,88,286,131400.98,1351.26,14,20,29,192,0,0,0,0,78,0,177,0
422059,35,-0.09,-0.05,-0.5,-0.25,1,0.1,0.2,0.15,30,56.86,283,257,2,255,97,74,36,0,48,0,0,26,3,286,145,110,286,98274.96,1020.65,24,36,37,25,32,101,0,0,97,74,84,0
422060,35,-0.09,-0.05,-0.5,-0.25,1,0.1,0.2,0.15,30,54.12,283,257,2,255,0,75,42,0,138,0,0,26,3,286,138,117,286,80820.15,841.19,10,16,8,14,21,186,0,0,0,75,180,0
422061,35,-0.09,-0.05,-0.5,-0.25,1,0.1,0.2,0.15,30,64.31,283,257,2,255,106,0,91,0,58,0,0,26,3,286,164,91,286,149717.38,1551.29,14,20,29,15,14,163,0,0,106,0,149,0
422062,35,-0.09,-0.05,-0.5,-0.25,1,0.1,0.2,0.15,40,51.97,283,257,3,254,106,81,30,11,8,18,0,26,3,286,132,122,286,86852.79,902.74,24,36,37,25,32,17,10,73,106,81,38,29
422063,35,-0.09,-0.05,-0.5,-0.25,1,0.1,0.2,0.15,40,47.64,283,257,3,254,0,83,39,11,27,94,0,26,3,286,121,133,286,63402.31,648.63,10,16,8,14,21,6,7,172,0,83,66,105
422064,35,-0.09,-0.05,-0.5,-0.25,1,0.1,0.2,0.15,40,59.45,283,257,3,254,117,0,77,26,10,24,0,26,3,286,151,103,286,128907.17,1330.77,14,20,29,15,14,14,9,139,117,0,87,50
422065,35,-0.09,-0.05,-0.5,-0.25,1,0.1,0.2,0.15,50,52.36,283,257,3,254,106,82,0,39,0,27,0,26,3,286,133,121,286,84535.38,878.96,24,36,37,25,32,17,10,73,106,82,0,66
422066,35,-0.09,-0.05,-0.5,-0.25,1,0.1,0.2,0.15,50,47.64,283,257,3,254,0,86,0,47,0,121,0,26,3,286,121,133,286,57302.78,585.49,10,16,8,14,21,6,7,172,0,86,0,168
422067,35,-0.09,-0.05,-0.5,-0.25,1,0.1,0.2,0.15,50,59.84,283,257,3,254,117,0,0,102,0,35,0,26,3,286,152,102,286,121735.45,1257.74,14,20,29,15,14,14,9,139,117,0,0,137
422068,35,-0.09,-0.05,-0.5,-0.25,1,0.1,0.2,0.15,60,52.36,283,257,3,254,106,82,0,39,0,27,0,26,3,286,133,121,286,84535.38,878.96,24,36,37,25,32,17,10,73,106,82,0,66
422069,35,-0.09,-0.05,-0.5,-0.25,1,0.1,0.2,0.15,60,47.64,283,257,3,254,0,86,0,47,0,121,0,26,3,286,121,133,286,57302.78,585.49,10,16,8,14,21,6,7,172,0,86,0,168
422070,35,-0.09,-0.05,-0.5,-0.25,1,0.1,0.2,0.15,60,59.84,283,257,3,254,117,0,0,102,0,35,0,26,3,286,152,102,286,121735.45,1257.74,14,20,29,15,14,14,9,139,117,0,0,137
422071,35,-0.09,-0.05,-0.5,-0.25,1,0.2,0.1,0.15,20,66.67,283,257,2,255,150,43,42,0,20,0,0,26,3,286,170,85,286,59820.91,612.06,98,50,23,84,0,0,0,0,150,43,62,0
422072,35,-0.09,-0.05,-0.5,-0.25,1,0.2,0.1,0.15,20,60.78,283,257,2,255,0,48,52,0,155,0,0,26,3,286,155,100,286,99311.13,1024.38,10,16,8,221,0,0,0,0,0,48,207,0
422073,35,-0.09,-0.05,-0.5,-0.25,1,0.2,0.1,0.15,20,70.2,283,257,2,255,159,0,76,0,20,0,0,26,3,286,179,76,286,87473.01,894.25,88,37,18,112,0,0,0,0,159,0,96,0
422074,35,-0.09,-0.05,-0.5,-0.25,1,0.2,0.1,0.15,30,67.06,283,257,2,255,165,61,23,0,6,0,0,26,3,286,171,84,286,57562.91,590.81,98,50,23,22,19,43,0,0,165,61,29,0
422075,35,-0.09,-0.05,-0.5,-0.25,1,0.2,0.1,0.15,30,54.12,283,257,2,255,0,75,42,0,138,0,0,26,3,286,138,117,286,80820.15,841.19,10,16,8,14,21,186,0,0,0,75,180,0
422076,35,-0.09,-0.05,-0.5,-0.25,1,0.2,0.1,0.15,30,72.94,283,257,2,255,178,0,69,0,8,0,0,26,3,286,186,69,286,99125.51,1020.14,88,37,18,16,8,88,0,0,178,0,77,0
422077,35,-0.09,-0.05,-0.5,-0.25,1,0.2,0.1,0.15,40,66.14,283,257,3,254,167,66,15,5,1,0,0,26,3,286,168,86,286,53817.64,552.24,98,50,23,22,19,14,4,24,167,66,16,5
422078,35,-0.09,-0.05,-0.5,-0.25,1,0.2,0.1,0.15,40,47.64,283,257,3,254,0,83,39,11,27,94,0,26,3,286,121,133,286,63402.31,648.63,10,16,8,14,21,6,7,172,0,83,66,105
422079,35,-0.09,-0.05,-0.5,-0.25,1,0.2,0.1,0.15,40,72.83,283,257,3,254,183,0,53,16,1,1,0,26,3,286,185,69,286,87075.0,893.07,88,37,18,16,8,11,3,73,183,0,54,17
422080,35,-0.09,-0.05,-0.5,-0.25,1,0.2,0.1,0.15,50,66.14,283,257,3,254,167,67,0,19,0,1,0,26,3,286,168,86,286,53729.53,551.62,98,50,23,22,19,14,4,24,167,67,0,20
422081,35,-0.09,-0.05,-0.5,-0.25,1,0.2,0.1,0.15,50,47.64,283,257,3,254,0,86,0,47,0,121,0,26,3,286,121,133,286,57302.78,585.49,10,16,8,14,21,6,7,172,0,86,0,168
422082,35,-0.09,-0.05,-0.5,-0.25,1,0.2,0.1,0.15,50,73.23,283,257,3,254,183,0,0,68,0,3,0,26,3,286,186,68,286,85799.86,881.04,88,37,18,16,8,11,3,73,183,0,0,71
422083,35,-0.09,-0.05,-0.5,-0.25,1,0.2,0.1,0.15,60,66.14,283,257,3,254,167,67,0,19,0,1,0,26,3,286,168,86,286,53729.53,551.62,98,50,23,22,19,14,4,24,167,67,0,20
422084,35,-0.09,-0.05,-0.5,-0.25,1,0.2,0.1,0.15,60,47.64,283,257,3,254,0,86,0,47,0,121,0,26,3,286,121,133,286,57302.78,585.49,10,16,8,14,21,6,7,172,0,86,0,168
422085,35,-0.09,-0.05,-0.5,-0.25,1,0.2,0.1,0.15,60,73.23,283,257,3,254,183,0,0,68,0,3,0,26,3,286,186,68,286,85799.86,881.04,88,37,18,16,8,11,3,73,183,0,0,71
422086,35,-0.09,-0.05,-0.5,-0.25,1,0.2,0.2,0.15,20,61.18,283,257,2,255,74,48,51,0,82,0,0,26,3,286,156,99,286,101792.36,1048.28,24,36,37,158,0,0,0,0,74,48,133,0
422087,35,-0.09,-0.05,-0.5,-0.25,1,0.2,0.2,0.15,20,60.78,283,257,2,255,0,48,52,0,155,0,0,26,3,286,155,100,286,99311.13,1024.38,10,16,8,221,0,0,0,0,0,48,207,0
422088,35,-0.09,-0.05,-0.5,-0.25,1,0.2,0.2,0.15,20,65.49,283,257,2,255,78,0,88,0,89,0,0,26,3,286,167,88,286,131400.98,1351.26,14,20,29,192,0,0,0,0,78,0,177,0
422089,35,-0.09,-0.05,-0.5,-0.25,1,0.2,0.2,0.15,30,56.86,283,257,2,255,97,74,36,0,48,0,0,26,3,286,145,110,286,98274.96,1020.65,24,36,37,25,32,101,0,0,97,74,84,0
422090,35,-0.09,-0.05,-0.5,-0.25,1,0.2,0.2,0.15,30,54.12,283,257,2,255,0,75,42,0,138,0,0,26,3,286,138,117,286,80820.15,841.19,10,16,8,14,21,186,0,0,0,75,180,0
422091,35,-0.09,-0.05,-0.5,-0.25,1,0.2,0.2,0.15,30,64.31,283,257,2,255,106,0,91,0,58,0,0,26,3,286,164,91,286,149717.38,1551.29,14,20,29,15,14,163,0,0,106,0,149,0
422092,35,-0.09,-0.05,-0.5,-0.25,1,0.2,0.2,0.15,40,51.97,283,257,3,254,106,81,30,11,8,18,0,26,3,286,132,122,286,86852.79,902.74,24,36,37,25,32,17,10,73,106,81,38,29
422093,35,-0.09,-0.05,-0.5,-0.25,1,0.2,0.2,0.15,40,47.64,283,257,3,254,0,83,39,11,27,94,0,26,3,286,121,133,286,63402.31,648.63,10,16,8,14,21,6,7,172,0,83,66,105
422094,35,-0.09,-0.05,-0.5,-0.25,1,0.2,0.2,0.15,40,59.45,283,257,3,254,117,0,77,26,10,24,0,26,3,286,151,103,286,128907.17,1330.77,14,20,29,15,14,14,9,139,117,0,87,50
422095,35,-0.09,-0.05,-0.5,-0.25,1,0.2,0.2,0.15,50,52.36,283,257,3,254,106,82,0,39,0,27,0,26,3,286,133,121,286,84535.38,878.96,24,36,37,25,32,17,10,73,106,82,0,66
422096,35,-0.09,-0.05,-0.5,-0.25,1,0.2,0.2,0.15,50,47.64,283,257,3,254,0,86,0,47,0,121,0,26,3,286,121,133,286,57302.78,585.49,10,16,8,14,21,6,7,172,0,86,0,168
422097,35,-0.09,-0.05,-0.5,-0.25,1,0.2,0.2,0.15,50,59.84,283,257,3,254,117,0,0,102,0,35,0,26,3,286,152,102,286,121735.45,1257.74,14,20,29,15,14,14,9,139,117,0,0,137
422098,35,-0.09,-0.05,-0.5,-0.25,1,0.2,0.2,0.15,60,52.36,283,257,3,254,106,82,0,39,0,27,0,26,3,286,133,121,286,84535.38,878.96,24,36,37,25,32,17,10,73,106,82,0,66
422099,35,-0.09,-0.05,-0.5,-0.25,1,0.2,0.2,0.15,60,47.64,283,257,3,254,0,86,0,47,0,121,0,26,3,286,121,133,286,57302.78,585.49,10,16,8,14,21,6,7,172,0,86,0,168
422100,35,-0.09,-0.05,-0.5,-0.25,1,0.2,0.2,0.15,60,59.84,283,257,3,254,117,0,0,102,0,35,0,26,3,286,152,102,286,121735.45,1257.74,14,20,29,15,14,14,9,139,117,0,0,137
422101,35,-0.09,-0.05,-0.5,-0.25,2,0.1,0.1,0.15,20,69.41,283,257,2,255,156,43,35,0,21,0,0,26,3,286,177,78,286,63899.05,973.22,101,50,25,79,0,0,0,0,156,43,56,0
422102,35,-0.09,-0.05,-0.5,-0.25,2,0.1,0.1,0.15,20,63.14,283,257,2,255,0,48,46,0,161,0,0,26,3,286,161,94,286,109820.9,1435.04,10,16,8,221,0,0,0,0,0,48,207,0
422103,35,-0.09,-0.05,-0.5,-0.25,2,0.1,0.1,0.15,20,74.9,283,257,2,255,166,0,64,0,25,0,0,26,3,286,191,64,286,109417.41,1250.98,91,39,22,103,0,0,0,0,166,0,89,0
422104,35,-0.09,-0.05,-0.5,-0.25,2,0.1,0.1,0.15,30,69.8,283,257,2,255,171,59,18,0,7,0,0,26,3,286,178,77,286,64268.11,1009.2,101,50,25,23,20,36,0,0,171,59,25,0
422105,35,-0.09,-0.05,-0.5,-0.25,2,0.1,0.1,0.15,30,54.9,283,257,2,255,0,75,40,0,140,0,0,26,3,286,140,115,286,89666.2,1336.0,10,16,8,14,21,186,0,0,0,75,180,0
422106,35,-0.09,-0.05,-0.5,-0.25,2,0.1,0.1,0.15,30,80.39,283,257,2,255,190,0,50,0,15,0,0,26,3,286,205,50,286,135682.16,1438.26,91,39,22,14,14,75,0,0,190,0,65,0
422107,35,-0.09,-0.05,-0.5,-0.25,2,0.1,0.1,0.15,40,69.69,283,257,3,254,174,62,13,2,1,2,0,26,3,286,177,77,286,62473.27,999.56,101,50,25,23,20,11,4,20,174,62,14,4
422108,35,-0.09,-0.05,-0.5,-0.25,2,0.1,0.1,0.15,40,50.39,283,257,3,254,0,83,37,6,29,99,0,26,3,286,128,126,286,74530.16,1174.31,10,16,8,14,21,6,7,172,0,83,66,105
422109,35,-0.09,-0.05,-0.5,-0.25,2,0.1,0.1,0.15,40,80.31,283,257,3,254,196,0,41,9,2,6,0,26,3,286,204,50,286,124913.63,1379.73,91,39,22,14,14,10,5,59,196,0,43,15
422110,35,-0.09,-0.05,-0.5,-0.25,2,0.1,0.1,0.15,50,70.08,283,257,3,254,174,63,0,13,0,4,0,26,3,286,178,76,286,62683.2,1004.46,101,50,25,23,20,11,4,20,174,63,0,17
422111,35,-0.09,-0.05,-0.5,-0.25,2,0.1,0.1,0.15,50,50.79,283,257,3,254,0,86,0,39,0,129,0,26,3,286,129,125,286,67003.43,1120.41,10,16,8,14,21,6,7,172,0,86,0,168
422112,35,-0.09,-0.05,-0.5,-0.25,2,0.1,0.1,0.15,50,80.71,283,257,3,254,196,0,0,49,0,9,0,26,3,286,205,49,286,121509.9,1365.1,91,39,22,14,14,10,5,59,196,0,0,58
422113,35,-0.09,-0.05,-0.5,-0.25,2,0.1,0.1,0.15,60,70.08,283,257,3,254,174,63,0,13,0,4,0,26,3,286,178,76,286,62683.2,1004.46,101,50,25,23,20,11,4,20,174,63,0,17
422114,35,-0.09,-0.05,-0.5,-0.25,2,0.1,0.1,0.15,60,50.79,283,257,3,254,0,86,0,39,0,129,0,26,3,286,129,125,286,67003.43,1120.41,10,16,8,14,21,6,7,172,0,86,0,168
422115,35,-0.09,-0.05,-0.5,-0.25,2,0.1,0.1,0.15,60,80.71,283,257,3,254,196,0,0,49,0,9,0,26,3,286,205,49,286,121509.9,1365.1,91,39,22,14,14,10,5,59,196,0,0,58
422116,35,-0.09,-0.05,-0.5,-0.25,2,0.1,0.2,0.15,20,63.53,283,257,2,255,78,48,45,0,84,0,0,26,3,286,162,93,286,112559.33,1459.14,24,39,36,156,0,0,0,0,78,48,129,0
422117,35,-0.09,-0.05,-0.5,-0.25,2,0.1,0.2,0.15,20,63.14,283,257,2,255,0,48,46,0,161,0,0,26,3,286,161,94,286,109820.9,1435.04,10,16,8,221,0,0,0,0,0,48,207,0
422118,35,-0.09,-0.05,-0.5,-0.25,2,0.1,0.2,0.15,20,69.8,283,257,2,255,83,0,77,0,95,0,0,26,3,286,178,77,286,165498.29,1790.67,14,23,29,189,0,0,0,0,83,0,172,0
422119,35,-0.09,-0.05,-0.5,-0.25,2,0.1,0.2,0.15,30,57.65,283,257,2,255,102,74,34,0,45,0,0,26,3,286,147,108,286,109611.78,1511.57,24,39,36,27,32,97,0,0,102,74,79,0
422120,35,-0.09,-0.05,-0.5,-0.25,2,0.1,0.2,0.15,30,54.9,283,257,2,255,0,75,40,0,140,0,0,26,3,286,140,115,286,89666.2,1336.0,10,16,8,14,21,186,0,0,0,75,180,0
422121,35,-0.09,-0.05,-0.5,-0.25,2,0.1,0.2,0.15,30,70.59,283,257,2,255,116,0,75,0,64,0,0,26,3,286,180,75,286,207315.41,2115.93,14,23,29,17,16,156,0,0,116,0,139,0
422122,35,-0.09,-0.05,-0.5,-0.25,2,0.1,0.2,0.15,40,54.72,283,257,3,254,112,81,28,6,9,18,0,26,3,286,139,115,286,91854.2,1390.15,24,39,36,27,32,18,10,68,112,81,37,24
422123,35,-0.09,-0.05,-0.5,-0.25,2,0.1,0.2,0.15,40,50.39,283,257,3,254,0,83,37,6,29,99,0,26,3,286,128,126,286,74530.16,1174.31,10,16,8,14,21,6,7,172,0,83,66,105
422124,35,-0.09,-0.05,-0.5,-0.25,2,0.1,0.2,0.15,40,65.35,283,257,3,254,130,0,70,18,14,22,0,26,3,286,166,88,286,173164.91,1904.37,14,23,29,17,16,17,9,129,130,0,84,40
422125,35,-0.09,-0.05,-0.5,-0.25,2,0.1,0.2,0.15,50,55.51,283,257,3,254,112,82,0,31,0,29,0,26,3,286,141,113,286,89896.32,1376.14,24,39,36,27,32,18,10,68,112,82,0,60
422126,35,-0.09,-0.05,-0.5,-0.25,2,0.1,0.2,0.15,50,50.79,283,257,3,254,0,86,0,39,0,129,0,26,3,286,129,125,286,67003.43,1120.41,10,16,8,14,21,6,7,172,0,86,0,168
422127,35,-0.09,-0.05,-0.5,-0.25,2,0.1,0.2,0.15,50,66.54,283,257,3,254,130,0,0,85,0,39,0,26,3,286,169,85,286,163170.5,1849.63,14,23,29,17,16,17,9,129,130,0,0,124
422128,35,-0.09,-0.05,-0.5,-0.25,2,0.1,0.2,0.15,60,55.51,283,257,3,254,112,82,0,31,0,29,0,26,3,286,141,113,286,89896.32,1376.14,24,39,36,27,32,18,10,68,112,82,0,60
422129,35,-0.09,-0.05,-0.5,-0.25,2,0.1,0.2,0.15,60,50.79,283,257,3,254,0,86,0,39,0,129,0,26,3,286,129,125,286,67003.43,1120.41,10,16,8,14,21,6,7,172,0,86,0,168
422130,35,-0.09,-0.05,-0.5,-0.25,2,0.1,0.2,0.15,60,66.54,283,257,3,254,130,0,0,85,0,39,0,26,3,286,169,85,286,163170.5,1849.63,14,23,29,17,16,17,9,129,130,0,0,124
422131,35,-0.09,-0.05,-0.5,-0.25,2,0.2,0.1,0.15,20,66.67,283,257,2,255,150,43,42,0,20,0,0,26,3,286,170,85,286,59820.91,612.06,98,50,23,84,0,0,0,0,150,43,62,0
422132,35,-0.09,-0.05,-0.5,-0.25,2,0.2,0.1,0.15,20,60.78,283,257,2,255,0,48,52,0,155,0,0,26,3,286,155,100,286,99311.13,1024.38,10,16,8,221,0,0,0,0,0,48,207,0
422133,35,-0.09,-0.05,-0.5,-0.25,2,0.2,0.1,0.15,20,70.2,283,257,2,255,159,0,76,0,20,0,0,26,3,286,179,76,286,87473.01,894.25,88,37,18,112,0,0,0,0,159,0,96,0
422134,35,-0.09,-0.05,-0.5,-0.25,2,0.2,0.1,0.15,30,67.06,283,257,2,255,165,61,23,0,6,0,0,26,3,286,171,84,286,57562.91,590.81,98,50,23,22,19,43,0,0,165,61,29,0
422135,35,-0.09,-0.05,-0.5,-0.25,2,0.2,0.1,0.15,30,54.12,283,257,2,255,0,75,42,0,138,0,0,26,3,286,138,117,286,80820.15,841.19,10,16,8,14,21,186,0,0,0,75,180,0
422136,35,-0.09,-0.05,-0.5,-0.25,2,0.2,0.1,0.15,30,72.94,283,257,2,255,178,0,69,0,8,0,0,26,3,286,186,69,286,99125.51,1020.14,88,37,18,16,8,88,0,0,178,0,77,0
422137,35,-0.09,-0.05,-0.5,-0.25,2,0.2,0.1,0.15,40,66.14,283,257,3,254,167,66,15,5,1,0,0,26,3,286,168,86,286,53817.64,552.24,98,50,23,22,19,14,4,24,167,66,16,5
422138,35,-0.09,-0.05,-0.5,-0.25,2,0.2,0.1,0.15,40,47.64,283,257,3,254,0,83,39,11,27,94,0,26,3,286,121,133,286,63402.31,648.63,10,16,8,14,21,6,7,172,0,83,66,105
422139,35,-0.09,-0.05,-0.5,-0.25,2,0.2,0.1,0.15,40,72.83,283,257,3,254,183,0,53,16,1,1,0,26,3,286,185,69,286,87075.0,893.07,88,37,18,16,8,11,3,73,183,0,54,17
422140,35,-0.09,-0.05,-0.5,-0.25,2,0.2,0.1,0.15,50,66.14,283,257,3,254,167,67,0,19,0,1,0,26,3,286,168,86,286,53729.53,551.62,98,50,23,22,19,14,4,24,167,67,0,20
422141,35,-0.09,-0.05,-0.5,-0.25,2,0.2,0.1,0.15,50,47.64,283,257,3,254,0,86,0,47,0,121,0,26,3,286,121,133,286,57302.78,585.49,10,16,8,14,21,6,7,172,0,86,0,168
422142,35,-0.09,-0.05,-0.5,-0.25,2,0.2,0.1,0.15,50,73.23,283,257,3,254,183,0,0,68,0,3,0,26,3,286,186,68,286,85799.86,881.04,88,37,18,16,8,11,3,73,183,0,0,71
422143,35,-0.09,-0.05,-0.5,-0.25,2,0.2,0.1,0.15,60,66.14,283,257,3,254,167,67,0,19,0,1,0,26,3,286,168,86,286,53729.53,551.62,98,50,23,22,19,14,4,24,167,67,0,20
422144,35,-0.09,-0.05,-0.5,-0.25,2,0.2,0.1,0.15,60,47.64,283,257,3,254,0,86,0,47,0,121,0,26,3,286,121,133,286,57302.78,585.49,10,16,8,14,21,6,7,172,0,86,0,168
422145,35,-0.09,-0.05,-0.5,-0.25,2,0.2,0.1,0.15,60,73.23,283,257,3,254,183,0,0,68,0,3,0,26,3,286,186,68,286,85799.86,881.04,88,37,18,16,8,11,3,73,183,0,0,71
422146,35,-0.09,-0.05,-0.5,-0.25,2,0.2,0.2,0.15,20,61.18,283,257,2,255,74,48,51,0,82,0,0,26,3,286,156,99,286,101792.36,1048.28,24,36,37,158,0,0,0,0,74,48,133,0
422147,35,-0.09,-0.05,-0.5,-0.25,2,0.2,0.2,0.15,20,60.78,283,257,2,255,0,48,52,0,155,0,0,26,3,286,155,100,286,99311.13,1024.38,10,16,8,221,0,0,0,0,0,48,207,0
422148,35,-0.09,-0.05,-0.5,-0.25,2,0.2,0.2,0.15,20,65.49,283,257,2,255,78,0,88,0,89,0,0,26,3,286,167,88,286,131400.98,1351.26,14,20,29,192,0,0,0,0,78,0,177,0
422149,35,-0.09,-0.05,-0.5,-0.25,2,0.2,0.2,0.15,30,56.86,283,257,2,255,97,74,36,0,48,0,0,26,3,286,145,110,286,98274.96,1020.65,24,36,37,25,32,101,0,0,97,74,84,0
422150,35,-0.09,-0.05,-0.5,-0.25,2,0.2,0.2,0.15,30,54.12,283,257,2,255,0,75,42,0,138,0,0,26,3,286,138,117,286,80820.15,841.19,10,16,8,14,21,186,0,0,0,75,180,0
422151,35,-0.09,-0.05,-0.5,-0.25,2,0.2,0.2,0.15,30,64.31,283,257,2,255,106,0,91,0,58,0,0,26,3,286,164,91,286,149717.38,1551.29,14,20,29,15,14,163,0,0,106,0,149,0
422152,35,-0.09,-0.05,-0.5,-0.25,2,0.2,0.2,0.15,40,51.97,283,257,3,254,106,81,30,11,8,18,0,26,3,286,132,122,286,86852.79,902.74,24,36,37,25,32,17,10,73,106,81,38,29
422153,35,-0.09,-0.05,-0.5,-0.25,2,0.2,0.2,0.15,40,47.64,283,257,3,254,0,83,39,11,27,94,0,26,3,286,121,133,286,63402.31,648.63,10,16,8,14,21,6,7,172,0,83,66,105
422154,35,-0.09,-0.05,-0.5,-0.25,2,0.2,0.2,0.15,40,59.45,283,257,3,254,117,0,77,26,10,24,0,26,3,286,151,103,286,128907.17,1330.77,14,20,29,15,14,14,9,139,117,0,87,50
422155,35,-0.09,-0.05,-0.5,-0.25,2,0.2,0.2,0.15,50,52.36,283,257,3,254,106,82,0,39,0,27,0,26,3,286,133,121,286,84535.38,878.96,24,36,37,25,32,17,10,73,106,82,0,66
422156,35,-0.09,-0.05,-0.5,-0.25,2,0.2,0.2,0.15,50,47.64,283,257,3,254,0,86,0,47,0,121,0,26,3,286,121,133,286,57302.78,585.49,10,16,8,14,21,6,7,172,0,86,0,168
422157,35,-0.09,-0.05,-0.5,-0.25,2,0.2,0.2,0.15,50,59.84,283,257,3,254,117,0,0,102,0,35,0,26,3,286,152,102,286,121735.45,1257.74,14,20,29,15,14,14,9,139,117,0,0,137
422158,35,-0.09,-0.05,-0.5,-0.25,2,0.2,0.2,0.15,60,52.36,283,257,3,254,106,82,0,39,0,27,0,26,3,286,133,121,286,84535.38,878.96,24,36,37,25,32,17,10,73,106,82,0,66
422159,35,-0.09,-0.05,-0.5,-0.25,2,0.2,0.2,0.15,60,47.64,283,257,3,254,0,86,0,47,0,121,0,26,3,286,121,133,286,57302.78,585.49,10,16,8,14,21,6,7,172,0,86,0,168
422160,35,-0.09,-0.05,-0.5,-0.25,2,0.2,0.2,0.15,60,59.84,283,257,3,254,117,0,0,102,0,35,0,26,3,286,152,102,286,121735.45,1257.74,14,20,29,15,14,14,9,139,117,0,0,137
422161,35,-0.09,-0.05,-0.45,-0.4,1,0.1,0.1,0.15,20,69.35,67,62,0,62,39,11,8,0,4,0,0,5,0,67,43,19,67,17747.56,185.38,23,12,9,18,0,0,0,0,39,11,12,0
422162,35,-0.09,-0.05,-0.45,-0.4,1,0.1,0.1,0.15,20,62.9,67,62,0,62,0,11,12,0,39,0,0,5,0,67,39,23,67,24357.56,256.74,3,2,4,53,0,0,0,0,0,11,51,0
422163,35,-0.09,-0.05,-0.45,-0.4,1,0.1,0.1,0.15,20,75.81,67,62,0,62,43,0,15,0,4,0,0,5,0,67,47,15,67,26589.3,273.92,20,10,6,26,0,0,0,0,43,0,19,0
422164,35,-0.09,-0.05,-0.45,-0.4,1,0.1,0.1,0.15,30,69.35,67,62,0,62,43,15,4,0,0,0,0,5,0,67,43,19,67,17304.92,181.84,23,12,9,6,4,8,0,0,43,15,4,0
422165,35,-0.09,-0.05,-0.45,-0.4,1,0.1,0.1,0.15,30,59.68,67,62,0,62,0,18,7,0,37,0,0,5,0,67,37,25,67,23754.64,249.64,3,2,4,2,7,44,0,0,0,18,44,0
422166,35,-0.09,-0.05,-0.45,-0.4,1,0.1,0.1,0.15,30,75.81,67,62,0,62,47,0,15,0,0,0,0,5,0,67,47,15,67,28921.5,299.61,20,10,6,7,0,19,0,0,47,0,15,0
422167,35,-0.09,-0.05,-0.45,-0.4,1,0.1,0.1,0.15,40,70.49,67,62,1,61,43,15,3,0,0,0,0,5,0,67,43,18,67,17444.07,182.97,23,12,9,6,4,4,0,3,43,15,3,0
422168,35,-0.09,-0.05,-0.45,-0.4,1,0.1,0.1,0.15,40,45.9,67,62,1,61,0,18,10,5,5,23,0,5,0,67,28,33,67,20818.9,216.74,3,2,4,2,7,0,1,42,0,18,15,28
422169,35,-0.09,-0.05,-0.45,-0.4,1,0.1,0.1,0.15,40,78.69,67,62,1,61,48,0,9,4,0,0,0,5,0,67,48,13,67,28679.75,296.74,20,10,6,7,0,4,0,14,48,0,9,4
422170,35,-0.09,-0.05,-0.45,-0.4,1,0.1,0.1,0.15,50,70.49,67,62,1,61,43,15,0,3,0,0,0,5,0,67,43,18,67,17260.22,181.05,23,12,9,6,4,4,0,3,43,15,0,3
422171,35,-0.09,-0.05,-0.45,-0.4,1,0.1,0.1,0.15,50,47.54,67,62,1,61,0,18,0,14,0,29,0,5,0,67,29,32,67,19597.17,203.5,3,2,4,2,7,0,1,42,0,18,0,43
422172,35,-0.09,-0.05,-0.45,-0.4,1,0.1,0.1,0.15,50,78.69,67,62,1,61,48,0,0,13,0,0,0,5,0,67,48,13,67,28418.63,294.53,20,10,6,7,0,4,0,14,48,0,0,13
422173,35,-0.09,-0.05,-0.45,-0.4,1,0.1,0.1,0.15,60,70.49,67,62,1,61,43,15,0,3,0,0,0,5,0,67,43,18,67,17260.22,181.05,23,12,9,6,4,4,0,3,43,15,0,3
422174,35,-0.09,-0.05,-0.45,-0.4,1,0.1,0.1,0.15,60,47.54,67,62,1,61,0,18,0,14,0,29,0,5,0,67,29,32,67,19597.17,203.5,3,2,4,2,7,0,1,42,0,18,0,43
422175,35,-0.09,-0.05,-0.45,-0.4,1,0.1,0.1,0.15,60,78.69,67,62,1,61,48,0,0,13,0,0,0,5,0,67,48,13,67,28418.63,294.53,20,10,6,7,0,4,0,14,48,0,0,13
422176,35,-0.09,-0.05,-0.45,-0.4,1,0.1,0.2,0.15,20,62.9,67,62,0,62,18,11,12,0,21,0,0,5,0,67,39,23,67,26875.68,282.95,3,8,12,39,0,0,0,0,18,11,33,0
422177,35,-0.09,-0.05,-0.45,-0.4,1,0.1,0.2,0.15,20,62.9,67,62,0,62,0,11,12,0,39,0,0,5,0,67,39,23,67,24357.56,256.74,3,2,4,53,0,0,0,0,0,11,51,0
422178,35,-0.09,-0.05,-0.45,-0.4,1,0.1,0.2,0.15,20,69.35,67,62,0,62,19,0,19,0,24,0,0,5,0,67,43,19,67,36629.46,380.7,0,6,8,48,0,0,0,0,19,0,43,0
422179,35,-0.09,-0.05,-0.45,-0.4,1,0.1,0.2,0.15,30,59.68,67,62,0,62,26,18,7,0,11,0,0,5,0,67,37,25,67,28571.38,300.53,3,8,12,6,12,21,0,0,26,18,18,0
422180,35,-0.09,-0.05,-0.45,-0.4,1,0.1,0.2,0.15,30,59.68,67,62,0,62,0,18,7,0,37,0,0,5,0,67,37,25,67,23754.64,249.64,3,2,4,2,7,44,0,0,0,18,44,0
422181,35,-0.09,-0.05,-0.45,-0.4,1,0.1,0.2,0.15,30,66.13,67,62,0,62,28,0,21,0,13,0,0,5,0,67,41,21,67,39557.2,412.06,0,6,8,5,6,37,0,0,28,0,34,0
422182,35,-0.09,-0.05,-0.45,-0.4,1,0.1,0.2,0.15,40,49.18,67,62,1,61,27,18,8,5,2,1,0,5,0,67,30,31,67,21835.68,229.61,3,8,12,6,12,3,0,17,27,18,10,6
422183,35,-0.09,-0.05,-0.45,-0.4,1,0.1,0.2,0.15,40,45.9,67,62,1,61,0,18,10,5,5,23,0,5,0,67,28,33,67,20818.9,216.74,3,2,4,2,7,0,1,42,0,18,15,28
422184,35,-0.09,-0.05,-0.45,-0.4,1,0.1,0.2,0.15,40,57.38,67,62,1,61,30,0,16,10,3,2,0,5,0,67,35,26,67,32946.7,342.72,0,6,8,5,6,3,0,33,30,0,19,12
422185,35,-0.09,-0.05,-0.45,-0.4,1,0.1,0.2,0.15,50,50.82,67,62,1,61,27,18,0,12,0,4,0,5,0,67,31,30,67,21089.5,221.47,3,8,12,6,12,3,0,17,27,18,0,16
422186,35,-0.09,-0.05,-0.45,-0.4,1,0.1,0.2,0.15,50,47.54,67,62,1,61,0,18,0,14,0,29,0,5,0,67,29,32,67,19597.17,203.5,3,2,4,2,7,0,1,42,0,18,0,43
422187,35,-0.09,-0.05,-0.45,-0.4,1,0.1,0.2,0.15,50,57.38,67,62,1,61,30,0,0,26,0,5,0,5,0,67,35,26,67,30685.36,319.8,0,6,8,5,6,3,0,33,30,0,0,31
422188,35,-0.09,-0.05,-0.45,-0.4,1,0.1,0.2,0.15,60,50.82,67,62,1,61,27,18,0,12,0,4,0,5,0,67,31,30,67,21089.5,221.47,3,8,12,6,12,3,0,17,27,18,0,16
422189,35,-0.09,-0.05,-0.45,-0.4,1,0.1,0.2,0.15,60,47.54,67,62,1,61,0,18,0,14,0,29,0,5,0,67,29,32,67,19597.17,203.5,3,2,4,2,7,0,1,42,0,18,0,43
422190,35,-0.09,-0.05,-0.45,-0.4,1,0.1,0.2,0.15,60,57.38,67,62,1,61,30,0,0,26,0,5,0,5,0,67,35,26,67,30685.36,319.8,0,6,8,5,6,3,0,33,30,0,0,31
422191,35,-0.09,-0.05,-0.45,-0.4,1,0.2,0.1,0.15,20,69.35,67,62,0,62,39,11,8,0,4,0,0,5,0,67,43,19,67,17747.56,185.38,23,12,9,18,0,0,0,0,39,11,12,0
422192,35,-0.09,-0.05,-0.45,-0.4,1,0.2,0.1,0.15,20,62.9,67,62,0,62,0,11,12,0,39,0,0,5,0,67,39,23,67,24357.56,256.74,3,2,4,53,0,0,0,0,0,11,51,0
422193,35,-0.09,-0.05,-0.45,-0.4,1,0.2,0.1,0.15,20,75.81,67,62,0,62,43,0,15,0,4,0,0,5,0,67,47,15,67,26589.3,273.92,20,10,6,26,0,0,0,0,43,0,19,0
422194,35,-0.09,-0.05,-0.45,-0.4,1,0.2,0.1,0.15,30,69.35,67,62,0,62,43,15,4,0,0,0,0,5,0,67,43,19,67,17304.92,181.84,23,12,9,6,4,8,0,0,43,15,4,0
422195,35,-0.09,-0.05,-0.45,-0.4,1,0.2,0.1,0.15,30,59.68,67,62,0,62,0,18,7,0,37,0,0,5,0,67,37,25,67,23754.64,249.64,3,2,4,2,7,44,0,0,0,18,44,0
422196,35,-0.09,-0.05,-0.45,-0.4,1,0.2,0.1,0.15,30,75.81,67,62,0,62,47,0,15,0,0,0,0,5,0,67,47,15,67,28921.5,299.61,20,10,6,7,0,19,0,0,47,0,15,0
422197,35,-0.09,-0.05,-0.45,-0.4,1,0.2,0.1,0.15,40,70.49,67,62,1,61,43,15,3,0,0,0,0,5,0,67,43,18,67,17444.07,182.97,23,12,9,6,4,4,0,3,43,15,3,0
422198,35,-0.09,-0.05,-0.45,-0.4,1,0.2,0.1,0.15,40,45.9,67,62,1,61,0,18,10,5,5,23,0,5,0,67,28,33,67,20818.9,216.74,3,2,4,2,7,0,1,42,0,18,15,28
422199,35,-0.09,-0.05,-0.45,-0.4,1,0.2,0.1,0.15,40,78.69,67,62,1,61,48,0,9,4,0,0,0,5,0,67,48,13,67,28679.75,296.74,20,10,6,7,0,4,0,14,48,0,9,4
422200,35,-0.09,-0.05,-0.45,-0.4,1,0.2,0.1,0.15,50,70.49,67,62,1,61,43,15,0,3,0,0,0,5,0,67,43,18,67,17260.22,181.05,23,12,9,6,4,4,0,3,43,15,0,3
422201,35,-0.09,-0.05,-0.45,-0.4,1,0.2,0.1,0.15,50,47.54,67,62,1,61,0,18,0,14,0,29,0,5,0,67,29,32,67,19597.17,203.5,3,2,4,2,7,0,1,42,0,18,0,43
422202,35,-0.09,-0.05,-0.45,-0.4,1,0.2,0.1,0.15,50,78.69,67,62,1,61,48,0,0,13,0,0,0,5,0,67,48,13,67,28418.63,294.53,20,10,6,7,0,4,0,14,48,0,0,13
422203,35,-0.09,-0.05,-0.45,-0.4,1,0.2,0.1,0.15,60,70.49,67,62,1,61,43,15,0,3,0,0,0,5,0,67,43,18,67,17260.22,181.05,23,12,9,6,4,4,0,3,43,15,0,3
422204,35,-0.09,-0.05,-0.45,-0.4,1,0.2,0.1,0.15,60,47.54,67,62,1,61,0,18,0,14,0,29,0,5,0,67,29,32,67,19597.17,203.5,3,2,4,2,7,0,1,42,0,18,0,43
422205,35,-0.09,-0.05,-0.45,-0.4,1,0.2,0.1,0.15,60,78.69,67,62,1,61,48,0,0,13,0,0,0,5,0,67,48,13,67,28418.63,294.53,20,10,6,7,0,4,0,14,48,0,0,13
422206,35,-0.09,-0.05,-0.45,-0.4,1,0.2,0.2,0.15,20,62.9,67,62,0,62,18,11,12,0,21,0,0,5,0,67,39,23,67,26875.68,282.95,3,8,12,39,0,0,0,0,18,11,33,0
422207,35,-0.09,-0.05,-0.45,-0.4,1,0.2,0.2,0.15,20,62.9,67,62,0,62,0,11,12,0,39,0,0,5,0,67,39,23,67,24357.56,256.74,3,2,4,53,0,0,0,0,0,11,51,0
422208,35,-0.09,-0.05,-0.45,-0.4,1,0.2,0.2,0.15,20,69.35,67,62,0,62,19,0,19,0,24,0,0,5,0,67,43,19,67,36629.46,380.7,0,6,8,48,0,0,0,0,19,0,43,0
422209,35,-0.09,-0.05,-0.45,-0.4,1,0.2,0.2,0.15,30,59.68,67,62,0,62,26,18,7,0,11,0,0,5,0,67,37,25,67,28571.38,300.53,3,8,12,6,12,21,0,0,26,18,18,0
422210,35,-0.09,-0.05,-0.45,-0.4,1,0.2,0.2,0.15,30,59.68,67,62,0,62,0,18,7,0,37,0,0,5,0,67,37,25,67,23754.64,249.64,3,2,4,2,7,44,0,0,0,18,44,0
422211,35,-0.09,-0.05,-0.45,-0.4,1,0.2,0.2,0.15,30,66.13,67,62,0,62,28,0,21,0,13,0,0,5,0,67,41,21,67,39557.2,412.06,0,6,8,5,6,37,0,0,28,0,34,0
422212,35,-0.09,-0.05,-0.45,-0.4,1,0.2,0.2,0.15,40,49.18,67,62,1,61,27,18,8,5,2,1,0,5,0,67,30,31,67,21835.68,229.61,3,8,12,6,12,3,0,17,27,18,10,6
422213,35,-0.09,-0.05,-0.45,-0.4,1,0.2,0.2,0.15,40,45.9,67,62,1,61,0,18,10,5,5,23,0,5,0,67,28,33,67,20818.9,216.74,3,2,4,2,7,0,1,42,0,18,15,28
422214,35,-0.09,-0.05,-0.45,-0.4,1,0.2,0.2,0.15,40,57.38,67,62,1,61,30,0,16,10,3,2,0,5,0,67,35,26,67,32946.7,342.72,0,6,8,5,6,3,0,33,30,0,19,12
422215,35,-0.09,-0.05,-0.45,-0.4,1,0.2,0.2,0.15,50,50.82,67,62,1,61,27,18,0,12,0,4,0,5,0,67,31,30,67,21089.5,221.47,3,8,12,6,12,3,0,17,27,18,0,16
422216,35,-0.09,-0.05,-0.45,-0.4,1,0.2,0.2,0.15,50,47.54,67,62,1,61,0,18,0,14,0,29,0,5,0,67,29,32,67,19597.17,203.5,3,2,4,2,7,0,1,42,0,18,0,43
422217,35,-0.09,-0.05,-0.45,-0.4,1,0.2,0.2,0.15,50,57.38,67,62,1,61,30,0,0,26,0,5,0,5,0,67,35,26,67,30685.36,319.8,0,6,8,5,6,3,0,33,30,0,0,31
422218,35,-0.09,-0.05,-0.45,-0.4,1,0.2,0.2,0.15,60,50.82,67,62,1,61,27,18,0,12,0,4,0,5,0,67,31,30,67,21089.5,221.47,3,8,12,6,12,3,0,17,27,18,0,16
422219,35,-0.09,-0.05,-0.45,-0.4,1,0.2,0.2,0.15,60,47.54,67,62,1,61,0,18,0,14,0,29,0,5,0,67,29,32,67,19597.17,203.5,3,2,4,2,7,0,1,42,0,18,0,43
422220,35,-0.09,-0.05,-0.45,-0.4,1,0.2,0.2,0.15,60,57.38,67,62,1,61,30,0,0,26,0,5,0,5,0,67,35,26,67,30685.36,319.8,0,6,8,5,6,3,0,33,30,0,0,31
422221,35,-0.09,-0.05,-0.45,-0.4,2,0.1,0.1,0.15,20,74.19,67,62,0,62,42,11,5,0,4,0,0,5,0,67,46,16,67,22769.26,292.05,24,12,11,15,0,0,0,0,42,11,9,0
422222,35,-0.09,-0.05,-0.45,-0.4,2,0.1,0.1,0.15,20,64.52,67,62,0,62,0,11,11,0,40,0,0,5,0,67,40,22,67,27263.25,358.76,3,2,4,53,0,0,0,0,0,11,51,0
422223,35,-0.09,-0.05,-0.45,-0.4,2,0.1,0.1,0.15,20,82.26,67,62,0,62,46,0,11,0,5,0,0,5,0,67,51,11,67,36021.91,365.87,21,10,10,21,0,0,0,0,46,0,16,0
422224,35,-0.09,-0.05,-0.45,-0.4,2,0.1,0.1,0.15,30,74.19,67,62,0,62,46,13,3,0,0,0,0,5,0,67,46,16,67,25071.21,304.82,24,12,11,6,4,5,0,0,46,13,3,0
422225,35,-0.09,-0.05,-0.45,-0.4,2,0.1,0.1,0.15,30,61.29,67,62,0,62,0,18,6,0,38,0,0,5,0,67,38,24,67,25909.72,366.38,3,2,4,2,7,44,0,0,0,18,44,0
422226,35,-0.09,-0.05,-0.45,-0.4,2,0.1,0.1,0.15,30,85.48,67,62,0,62,52,0,9,0,1,0,0,5,0,67,53,9,67,44168.93,409.24,21,10,10,5,4,12,0,0,52,0,10,0
422227,35,-0.09,-0.05,-0.45,-0.4,2,0.1,0.1,0.15,40,75.41,67,62,1,61,46,13,2,0,0,0,0,5,0,67,46,15,67,25347.56,307.36,24,12,11,6,4,2,0,2,46,13,2,0
422228,35,-0.09,-0.05,-0.45,-0.4,2,0.1,0.1,0.15,40,49.18,67,62,1,61,0,18,9,4,6,24,0,5,0,67,30,31,67,22525.69,333.16,3,2,4,2,7,0,1,42,0,18,15,28
422229,35,-0.09,-0.05,-0.45,-0.4,2,0.1,0.1,0.15,40,88.52,67,62,1,61,54,0,4,3,0,0,0,5,0,67,54,7,67,48719.06,433.35,21,10,10,5,4,2,2,7,54,0,4,3
422230,35,-0.09,-0.05,-0.45,-0.4,2,0.1,0.1,0.15,50,75.41,67,62,1,61,46,13,0,2,0,0,0,5,0,67,46,15,67,25344.31,307.31,24,12,11,6,4,2,0,2,46,13,0,2
422231,35,-0.09,-0.05,-0.45,-0.4,2,0.1,0.1,0.15,50,49.18,67,62,1,61,0,18,0,13,0,30,0,5,0,67,30,31,67,20231.26,319.37,3,2,4,2,7,0,1,42,0,18,0,43
422232,35,-0.09,-0.05,-0.45,-0.4,2,0.1,0.1,0.15,50,88.52,67,62,1,61,54,0,0,7,0,0,0,5,0,67,54,7,67,49345.51,436.94,21,10,10,5,4,2,2,7,54,0,0,7
422233,35,-0.09,-0.05,-0.45,-0.4,2,0.1,0.1,0.15,60,75.41,67,62,1,61,46,13,0,2,0,0,0,5,0,67,46,15,67,25344.31,307.31,24,12,11,6,4,2,0,2,46,13,0,2
422234,35,-0.09,-0.05,-0.45,-0.4,2,0.1,0.1,0.15,60,49.18,67,62,1,61,0,18,0,13,0,30,0,5,0,67,30,31,67,20231.26,319.37,3,2,4,2,7,0,1,42,0,18,0,43
422235,35,-0.09,-0.05,-0.45,-0.4,2,0.1,0.1,0.15,60,88.52,67,62,1,61,54,0,0,7,0,0,0,5,0,67,54,7,67,49345.51,436.94,21,10,10,5,4,2,2,7,54,0,0,7
422236,35,-0.09,-0.05,-0.45,-0.4,2,0.1,0.2,0.15,20,64.52,67,62,0,62,19,11,11,0,21,0,0,5,0,67,40,22,67,30383.09,388.03,3,8,12,39,0,0,0,0,19,11,32,0
422237,35,-0.09,-0.05,-0.45,-0.4,2,0.1,0.2,0.15,20,64.52,67,62,0,62,0,11,11,0,40,0,0,5,0,67,40,22,67,27263.25,358.76,3,2,4,53,0,0,0,0,0,11,51,0
422238,35,-0.09,-0.05,-0.45,-0.4,2,0.1,0.2,0.15,20,72.58,67,62,0,62,20,0,17,0,25,0,0,5,0,67,45,17,67,49061.16,489.28,0,6,8,48,0,0,0,0,20,0,42,0
422239,35,-0.09,-0.05,-0.45,-0.4,2,0.1,0.2,0.15,30,61.29,67,62,0,62,27,18,6,0,11,0,0,5,0,67,38,24,67,30654.24,418.99,3,8,12,7,12,20,0,0,27,18,17,0
422240,35,-0.09,-0.05,-0.45,-0.4,2,0.1,0.2,0.15,30,61.29,67,62,0,62,0,18,6,0,38,0,0,5,0,67,38,24,67,25909.72,366.38,3,2,4,2,7,44,0,0,0,18,44,0
422241,35,-0.09,-0.05,-0.45,-0.4,2,0.1,0.2,0.15,30,72.58,67,62,0,62,30,0,17,0,15,0,0,5,0,67,45,17,67,52636.55,537.99,0,6,8,6,7,35,0,0,30,0,32,0
422242,35,-0.09,-0.05,-0.45,-0.4,2,0.1,0.2,0.15,40,52.46,67,62,1,61,28,18,7,4,2,2,0,5,0,67,32,29,67,22045.24,351.15,3,8,12,7,12,3,0,16,28,18,9,6
422243,35,-0.09,-0.05,-0.45,-0.4,2,0.1,0.2,0.15,40,49.18,67,62,1,61,0,18,9,4,6,24,0,5,0,67,30,31,67,22525.69,333.16,3,2,4,2,7,0,1,42,0,18,15,28
422244,35,-0.09,-0.05,-0.45,-0.4,2,0.1,0.2,0.15,40,62.3,67,62,1,61,32,0,14,9,4,2,0,5,0,67,38,23,67,43232.34,466.44,0,6,8,6,7,3,0,31,32,0,18,11
422245,35,-0.09,-0.05,-0.45,-0.4,2,0.1,0.2,0.15,50,54.1,67,62,1,61,28,18,0,10,0,5,0,5,0,67,33,28,67,21238.21,347.61,3,8,12,7,12,3,0,16,28,18,0,15
422246,35,-0.09,-0.05,-0.45,-0.4,2,0.1,0.2,0.15,50,49.18,67,62,1,61,0,18,0,13,0,30,0,5,0,67,30,31,67,20231.26,319.37,3,2,4,2,7,0,1,42,0,18,0,43
422247,35,-0.09,-0.05,-0.45,-0.4,2,0.1,0.2,0.15,50,63.93,67,62,1,61,32,0,0,22,0,7,0,5,0,67,39,22,67,39234.93,447.28,0,6,8,6,7,3,0,31,32,0,0,29
422248,35,-0.09,-0.05,-0.45,-0.4,2,0.1,0.2,0.15,60,54.1,67,62,1,61,28,18,0,10,0,5,0,5,0,67,33,28,67,21238.21,347.61,3,8,12,7,12,3,0,16,28,18,0,15
422249,35,-0.09,-0.05,-0.45,-0.4,2,0.1,0.2,0.15,60,49.18,67,62,1,61,0,18,0,13,0,30,0,5,0,67,30,31,67,20231.26,319.37,3,2,4,2,7,0,1,42,0,18,0,43
422250,35,-0.09,-0.05,-0.45,-0.4,2,0.1,0.2,0.15,60,63.93,67,62,1,61,32,0,0,22,0,7,0,5,0,67,39,22,67,39234.93,447.28,0,6,8,6,7,3,0,31,32,0,0,29
422251,35,-0.09,-0.05,-0.45,-0.4,2,0.2,0.1,0.15,20,69.35,67,62,0,62,39,11,8,0,4,0,0,5,0,67,43,19,67,17747.56,185.38,23,12,9,18,0,0,0,0,39,11,12,0
422252,35,-0.09,-0.05,-0.45,-0.4,2,0.2,0.1,0.15,20,62.9,67,62,0,62,0,11,12,0,39,0,0,5,0,67,39,23,67,24357.56,256.74,3,2,4,53,0,0,0,0,0,11,51,0
422253,35,-0.09,-0.05,-0.45,-0.4,2,0.2,0.1,0.15,20,75.81,67,62,0,62,43,0,15,0,4,0,0,5,0,67,47,15,67,26589.3,273.92,20,10,6,26,0,0,0,0,43,0,19,0
422254,35,-0.09,-0.05,-0.45,-0.4,2,0.2,0.1,0.15,30,69.35,67,62,0,62,43,15,4,0,0,0,0,5,0,67,43,19,67,17304.92,181.84,23,12,9,6,4,8,0,0,43,15,4,0
422255,35,-0.09,-0.05,-0.45,-0.4,2,0.2,0.1,0.15,30,59.68,67,62,0,62,0,18,7,0,37,0,0,5,0,67,37,25,67,23754.64,249.64,3,2,4,2,7,44,0,0,0,18,44,0
422256,35,-0.09,-0.05,-0.45,-0.4,2,0.2,0.1,0.15,30,75.81,67,62,0,62,47,0,15,0,0,0,0,5,0,67,47,15,67,28921.5,299.61,20,10,6,7,0,19,0,0,47,0,15,0
422257,35,-0.09,-0.05,-0.45,-0.4,2,0.2,0.1,0.15,40,70.49,67,62,1,61,43,15,3,0,0,0,0,5,0,67,43,18,67,17444.07,182.97,23,12,9,6,4,4,0,3,43,15,3,0
422258,35,-0.09,-0.05,-0.45,-0.4,2,0.2,0.1,0.15,40,45.9,67,62,1,61,0,18,10,5,5,23,0,5,0,67,28,33,67,20818.9,216.74,3,2,4,2,7,0,1,42,0,18,15,28
422259,35,-0.09,-0.05,-0.45,-0.4,2,0.2,0.1,0.15,40,78.69,67,62,1,61,48,0,9,4,0,0,0,5,0,67,48,13,67,28679.75,296.74,20,10,6,7,0,4,0,14,48,0,9,4
422260,35,-0.09,-0.05,-0.45,-0.4,2,0.2,0.1,0.15,50,70.49,67,62,1,61,43,15,0,3,0,0,0,5,0,67,43,18,67,17260.22,181.05,23,12,9,6,4,4,0,3,43,15,0,3
422261,35,-0.09,-0.05,-0.45,-0.4,2,0.2,0.1,0.15,50,47.54,67,62,1,61,0,18,0,14,0,29,0,5,0,67,29,32,67,19597.17,203.5,3,2,4,2,7,0,1,42,0,18,0,43
422262,35,-0.09,-0.05,-0.45,-0.4,2,0.2,0.1,0.15,50,78.69,67,62,1,61,48,0,0,13,0,0,0,5,0,67,48,13,67,28418.63,294.53,20,10,6,7,0,4,0,14,48,0,0,13
422263,35,-0.09,-0.05,-0.45,-0.4,2,0.2,0.1,0.15,60,70.49,67,62,1,61,43,15,0,3,0,0,0,5,0,67,43,18,67,17260.22,181.05,23,12,9,6,4,4,0,3,43,15,0,3
422264,35,-0.09,-0.05,-0.45,-0.4,2,0.2,0.1,0.15,60,47.54,67,62,1,61,0,18,0,14,0,29,0,5,0,67,29,32,67,19597.17,203.5,3,2,4,2,7,0,1,42,0,18,0,43
422265,35,-0.09,-0.05,-0.45,-0.4,2,0.2,0.1,0.15,60,78.69,67,62,1,61,48,0,0,13,0,0,0,5,0,67,48,13,67,28418.63,294.53,20,10,6,7,0,4,0,14,48,0,0,13
422266,35,-0.09,-0.05,-0.45,-0.4,2,0.2,0.2,0.15,20,62.9,67,62,0,62,18,11,12,0,21,0,0,5,0,67,39,23,67,26875.68,282.95,3,8,12,39,0,0,0,0,18,11,33,0
422267,35,-0.09,-0.05,-0.45,-0.4,2,0.2,0.2,0.15,20,62.9,67,62,0,62,0,11,12,0,39,0,0,5,0,67,39,23,67,24357.56,256.74,3,2,4,53,0,0,0,0,0,11,51,0
422268,35,-0.09,-0.05,-0.45,-0.4,2,0.2,0.2,0.15,20,69.35,67,62,0,62,19,0,19,0,24,0,0,5,0,67,43,19,67,36629.46,380.7,0,6,8,48,0,0,0,0,19,0,43,0
422269,35,-0.09,-0.05,-0.45,-0.4,2,0.2,0.2,0.15,30,59.68,67,62,0,62,26,18,7,0,11,0,0,5,0,67,37,25,67,28571.38,300.53,3,8,12,6,12,21,0,0,26,18,18,0
422270,35,-0.09,-0.05,-0.45,-0.4,2,0.2,0.2,0.15,30,59.68,67,62,0,62,0,18,7,0,37,0,0,5,0,67,37,25,67,23754.64,249.64,3,2,4,2,7,44,0,0,0,18,44,0
422271,35,-0.09,-0.05,-0.45,-0.4,2,0.2,0.2,0.15,30,66.13,67,62,0,62,28,0,21,0,13,0,0,5,0,67,41,21,67,39557.2,412.06,0,6,8,5,6,37,0,0,28,0,34,0
422272,35,-0.09,-0.05,-0.45,-0.4,2,0.2,0.2,0.15,40,49.18,67,62,1,61,27,18,8,5,2,1,0,5,0,67,30,31,67,21835.68,229.61,3,8,12,6,12,3,0,17,27,18,10,6
422273,35,-0.09,-0.05,-0.45,-0.4,2,0.2,0.2,0.15,40,45.9,67,62,1,61,0,18,10,5,5,23,0,5,0,67,28,33,67,20818.9,216.74,3,2,4,2,7,0,1,42,0,18,15,28
422274,35,-0.09,-0.05,-0.45,-0.4,2,0.2,0.2,0.15,40,57.38,67,62,1,61,30,0,16,10,3,2,0,5,0,67,35,26,67,32946.7,342.72,0,6,8,5,6,3,0,33,30,0,19,12
422275,35,-0.09,-0.05,-0.45,-0.4,2,0.2,0.2,0.15,50,50.82,67,62,1,61,27,18,0,12,0,4,0,5,0,67,31,30,67,21089.5,221.47,3,8,12,6,12,3,0,17,27,18,0,16
422276,35,-0.09,-0.05,-0.45,-0.4,2,0.2,0.2,0.15,50,47.54,67,62,1,61,0,18,0,14,0,29,0,5,0,67,29,32,67,19597.17,203.5,3,2,4,2,7,0,1,42,0,18,0,43
422277,35,-0.09,-0.05,-0.45,-0.4,2,0.2,0.2,0.15,50,57.38,67,62,1,61,30,0,0,26,0,5,0,5,0,67,35,26,67,30685.36,319.8,0,6,8,5,6,3,0,33,30,0,0,31
422278,35,-0.09,-0.05,-0.45,-0.4,2,0.2,0.2,0.15,60,50.82,67,62,1,61,27,18,0,12,0,4,0,5,0,67,31,30,67,21089.5,221.47,3,8,12,6,12,3,0,17,27,18,0,16
422279,35,-0.09,-0.05,-0.45,-0.4,2,0.2,0.2,0.15,60,47.54,67,62,1,61,0,18,0,14,0,29,0,5,0,67,29,32,67,19597.17,203.5,3,2,4,2,7,0,1,42,0,18,0,43
422280,35,-0.09,-0.05,-0.45,-0.4,2,0.2,0.2,0.15,60,57.38,67,62,1,61,30,0,0,26,0,5,0,5,0,67,35,26,67,30685.36,319.8,0,6,8,5,6,3,0,33,30,0,0,31
422281,35,-0.09,-0.05,-0.45,-0.35,1,0.1,0.1,0.15,20,70.73,132,123,0,123,77,20,16,0,10,0,0,9,1,133,87,36,133,37245.15,382.07,53,22,12,36,0,0,0,0,77,20,26,0
422282,35,-0.09,-0.05,-0.45,-0.35,1,0.1,0.1,0.15,20,64.23,132,123,0,123,0,21,23,0,79,0,0,9,1,133,79,44,133,54495.78,564.69,7,6,4,106,0,0,0,0,0,21,102,0
422283,35,-0.09,-0.05,-0.45,-0.35,1,0.1,0.1,0.15,20,74.8,132,123,0,123,82,0,31,0,10,0,0,9,1,133,92,31,133,50189.1,514.76,46,17,9,51,0,0,0,0,82,0,41,0
422284,35,-0.09,-0.05,-0.45,-0.35,1,0.1,0.1,0.15,30,69.11,132,123,0,123,84,28,10,0,1,0,0,9,1,133,85,38,133,33769.88,347.13,53,22,12,10,8,18,0,0,84,28,11,0
422285,35,-0.09,-0.05,-0.45,-0.35,1,0.1,0.1,0.15,30,59.35,132,123,0,123,0,33,17,0,73,0,0,9,1,133,73,50,133,49864.38,515.9,7,6,4,4,10,92,0,0,0,33,90,0
422286,35,-0.09,-0.05,-0.45,-0.35,1,0.1,0.1,0.15,30,74.8,132,123,0,123,90,0,31,0,2,0,0,9,1,133,92,31,133,53808.75,554.02,46,17,9,10,3,38,0,0,90,0,33,0
422287,35,-0.09,-0.05,-0.45,-0.35,1,0.1,0.1,0.15,40,68.85,132,123,1,122,84,30,6,2,0,0,0,9,1,133,84,38,133,32949.1,338.63,53,22,12,10,8,7,1,9,84,30,6,2
422288,35,-0.09,-0.05,-0.45,-0.35,1,0.1,0.1,0.15,40,50.82,132,123,1,122,0,36,16,8,17,45,0,9,1,133,62,60,133,42150.21,433.13,7,6,4,4,10,2,3,86,0,36,33,53
422289,35,-0.09,-0.05,-0.45,-0.35,1,0.1,0.1,0.15,40,75.41,132,123,1,122,92,0,22,8,0,0,0,9,1,133,92,30,133,49910.34,512.06,46,17,9,10,3,5,1,31,92,0,22,8
422290,35,-0.09,-0.05,-0.45,-0.35,1,0.1,0.1,0.15,50,68.85,132,123,1,122,84,30,0,8,0,0,0,9,1,133,84,38,133,33025.49,339.32,53,22,12,10,8,7,1,9,84,30,0,8
422291,35,-0.09,-0.05,-0.45,-0.35,1,0.1,0.1,0.15,50,50.82,132,123,1,122,0,36,0,24,0,62,0,9,1,133,62,60,133,39109.61,400.8,7,6,4,4,10,2,3,86,0,36,0,86
422292,35,-0.09,-0.05,-0.45,-0.35,1,0.1,0.1,0.15,50,76.23,132,123,1,122,92,0,0,29,0,1,0,9,1,133,93,29,133,51405.7,528.76,46,17,9,10,3,5,1,31,92,0,0,30
422293,35,-0.09,-0.05,-0.45,-0.35,1,0.1,0.1,0.15,60,68.85,132,123,1,122,84,30,0,8,0,0,0,9,1,133,84,38,133,33025.49,339.32,53,22,12,10,8,7,1,9,84,30,0,8
422294,35,-0.09,-0.05,-0.45,-0.35,1,0.1,0.1,0.15,60,50.82,132,123,1,122,0,36,0,24,0,62,0,9,1,133,62,60,133,39109.61,400.8,7,6,4,4,10,2,3,86,0,36,0,86
422295,35,-0.09,-0.05,-0.45,-0.35,1,0.1,0.1,0.15,60,76.23,132,123,1,122,92,0,0,29,0,1,0,9,1,133,93,29,133,51405.7,528.76,46,17,9,10,3,5,1,31,92,0,0,30
422296,35,-0.09,-0.05,-0.45,-0.35,1,0.1,0.2,0.15,20,64.23,132,123,0,123,36,21,23,0,43,0,0,9,1,133,79,44,133,60316.57,623.04,13,14,20,76,0,0,0,0,36,21,66,0
422297,35,-0.09,-0.05,-0.45,-0.35,1,0.1,0.2,0.15,20,64.23,132,123,0,123,0,21,23,0,79,0,0,9,1,133,79,44,133,54495.78,564.69,7,6,4,106,0,0,0,0,0,21,102,0
422298,35,-0.09,-0.05,-0.45,-0.35,1,0.1,0.2,0.15,20,69.11,132,123,0,123,38,0,38,0,47,0,0,9,1,133,85,38,133,76919.49,793.27,6,8,16,93,0,0,0,0,38,0,85,0
422299,35,-0.09,-0.05,-0.45,-0.35,1,0.1,0.2,0.15,30,60.16,132,123,0,123,50,33,16,0,24,0,0,9,1,133,74,49,133,59042.88,612.01,13,14,20,10,19,47,0,0,50,33,40,0
422300,35,-0.09,-0.05,-0.45,-0.35,1,0.1,0.2,0.15,30,59.35,132,123,0,123,0,33,17,0,73,0,0,9,1,133,73,50,133,49864.38,515.9,7,6,4,4,10,92,0,0,0,33,90,0
422301,35,-0.09,-0.05,-0.45,-0.35,1,0.1,0.2,0.15,30,66.67,132,123,0,123,54,0,41,0,28,0,0,9,1,133,82,41,133,82258.15,851.52,6,8,16,8,10,75,0,0,54,0,69,0
422302,35,-0.09,-0.05,-0.45,-0.35,1,0.1,0.2,0.15,40,52.46,132,123,1,122,54,36,14,8,4,6,0,9,1,133,64,58,133,50267.38,519.83,13,14,20,10,19,7,4,35,54,36,18,14
422303,35,-0.09,-0.05,-0.45,-0.35,1,0.1,0.2,0.15,40,50.82,132,123,1,122,0,36,16,8,17,45,0,9,1,133,62,60,133,42150.21,433.13,7,6,4,4,10,2,3,86,0,36,33,53
422304,35,-0.09,-0.05,-0.45,-0.35,1,0.1,0.2,0.15,40,59.84,132,123,1,122,60,0,34,15,5,8,0,9,1,133,73,49,133,70948.35,731.89,6,8,16,8,10,6,4,64,60,0,39,23
422305,35,-0.09,-0.05,-0.45,-0.35,1,0.1,0.2,0.15,50,53.28,132,123,1,122,54,36,0,21,0,11,0,9,1,133,65,57,133,48828.45,504.74,13,14,20,10,19,7,4,35,54,36,0,32
422306,35,-0.09,-0.05,-0.45,-0.35,1,0.1,0.2,0.15,50,50.82,132,123,1,122,0,36,0,24,0,62,0,9,1,133,62,60,133,39109.61,400.8,7,6,4,4,10,2,3,86,0,36,0,86
422307,35,-0.09,-0.05,-0.45,-0.35,1,0.1,0.2,0.15,50,60.66,132,123,1,122,60,0,0,48,0,14,0,9,1,133,74,48,133,69077.2,714.13,6,8,16,8,10,6,4,64,60,0,0,62
422308,35,-0.09,-0.05,-0.45,-0.35,1,0.1,0.2,0.15,60,53.28,132,123,1,122,54,36,0,21,0,11,0,9,1,133,65,57,133,48828.45,504.74,13,14,20,10,19,7,4,35,54,36,0,32
422309,35,-0.09,-0.05,-0.45,-0.35,1,0.1,0.2,0.15,60,50.82,132,123,1,122,0,36,0,24,0,62,0,9,1,133,62,60,133,39109.61,400.8,7,6,4,4,10,2,3,86,0,36,0,86
422310,35,-0.09,-0.05,-0.45,-0.35,1,0.1,0.2,0.15,60,60.66,132,123,1,122,60,0,0,48,0,14,0,9,1,133,74,48,133,69077.2,714.13,6,8,16,8,10,6,4,64,60,0,0,62
422311,35,-0.09,-0.05,-0.45,-0.35,1,0.2,0.1,0.15,20,70.73,132,123,0,123,77,20,16,0,10,0,0,9,1,133,87,36,133,37245.15,382.07,53,22,12,36,0,0,0,0,77,20,26,0
422312,35,-0.09,-0.05,-0.45,-0.35,1,0.2,0.1,0.15,20,64.23,132,123,0,123,0,21,23,0,79,0,0,9,1,133,79,44,133,54495.78,564.69,7,6,4,106,0,0,0,0,0,21,102,0
422313,35,-0.09,-0.05,-0.45,-0.35,1,0.2,0.1,0.15,20,74.8,132,123,0,123,82,0,31,0,10,0,0,9,1,133,92,31,133,50189.1,514.76,46,17,9,51,0,0,0,0,82,0,41,0
422314,35,-0.09,-0.05,-0.45,-0.35,1,0.2,0.1,0.15,30,69.11,132,123,0,123,84,28,10,0,1,0,0,9,1,133,85,38,133,33769.88,347.13,53,22,12,10,8,18,0,0,84,28,11,0
422315,35,-0.09,-0.05,-0.45,-0.35,1,0.2,0.1,0.15,30,59.35,132,123,0,123,0,33,17,0,73,0,0,9,1,133,73,50,133,49864.38,515.9,7,6,4,4,10,92,0,0,0,33,90,0
422316,35,-0.09,-0.05,-0.45,-0.35,1,0.2,0.1,0.15,30,74.8,132,123,0,123,90,0,31,0,2,0,0,9,1,133,92,31,133,53808.75,554.02,46,17,9,10,3,38,0,0,90,0,33,0
422317,35,-0.09,-0.05,-0.45,-0.35,1,0.2,0.1,0.15,40,68.85,132,123,1,122,84,30,6,2,0,0,0,9,1,133,84,38,133,32949.1,338.63,53,22,12,10,8,7,1,9,84,30,6,2
422318,35,-0.09,-0.05,-0.45,-0.35,1,0.2,0.1,0.15,40,50.82,132,123,1,122,0,36,16,8,17,45,0,9,1,133,62,60,133,42150.21,433.13,7,6,4,4,10,2,3,86,0,36,33,53
422319,35,-0.09,-0.05,-0.45,-0.35,1,0.2,0.1,0.15,40,75.41,132,123,1,122,92,0,22,8,0,0,0,9,1,133,92,30,133,49910.34,512.06,46,17,9,10,3,5,1,31,92,0,22,8
422320,35,-0.09,-0.05,-0.45,-0.35,1,0.2,0.1,0.15,50,68.85,132,123,1,122,84,30,0,8,0,0,0,9,1,133,84,38,133,33025.49,339.32,53,22,12,10,8,7,1,9,84,30,0,8
422321,35,-0.09,-0.05,-0.45,-0.35,1,0.2,0.1,0.15,50,50.82,132,123,1,122,0,36,0,24,0,62,0,9,1,133,62,60,133,39109.61,400.8,7,6,4,4,10,2,3,86,0,36,0,86
422322,35,-0.09,-0.05,-0.45,-0.35,1,0.2,0.1,0.15,50,76.23,132,123,1,122,92,0,0,29,0,1,0,9,1,133,93,29,133,51405.7,528.76,46,17,9,10,3,5,1,31,92,0,0,30
422323,35,-0.09,-0.05,-0.45,-0.35,1,0.2,0.1,0.15,60,68.85,132,123,1,122,84,30,0,8,0,0,0,9,1,133,84,38,133,33025.49,339.32,53,22,12,10,8,7,1,9,84,30,0,8
422324,35,-0.09,-0.05,-0.45,-0.35,1,0.2,0.1,0.15,60,50.82,132,123,1,122,0,36,0,24,0,62,0,9,1,133,62,60,133,39109.61,400.8,7,6,4,4,10,2,3,86,0,36,0,86
422325,35,-0.09,-0.05,-0.45,-0.35,1,0.2,0.1,0.15,60,76.23,132,123,1,122,92,0,0,29,0,1,0,9,1,133,93,29,133,51405.7,528.76,46,17,9,10,3,5,1,31,92,0,0,30
422326,35,-0.09,-0.05,-0.45,-0.35,1,0.2,0.2,0.15,20,64.23,132,123,0,123,36,21,23,0,43,0,0,9,1,133,79,44,133,60316.57,623.04,13,14,20,76,0,0,0,0,36,21,66,0
422327,35,-0.09,-0.05,-0.45,-0.35,1,0.2,0.2,0.15,20,64.23,132,123,0,123,0,21,23,0,79,0,0,9,1,133,79,44,133,54495.78,564.69,7,6,4,106,0,0,0,0,0,21,102,0
422328,35,-0.09,-0.05,-0.45,-0.35,1,0.2,0.2,0.15,20,69.11,132,123,0,123,38,0,38,0,47,0,0,9,1,133,85,38,133,76919.49,793.27,6,8,16,93,0,0,0,0,38,0,85,0
422329,35,-0.09,-0.05,-0.45,-0.35,1,0.2,0.2,0.15,30,60.16,132,123,0,123,50,33,16,0,24,0,0,9,1,133,74,49,133,59042.88,612.01,13,14,20,10,19,47,0,0,50,33,40,0
422330,35,-0.09,-0.05,-0.45,-0.35,1,0.2,0.2,0.15,30,59.35,132,123,0,123,0,33,17,0,73,0,0,9,1,133,73,50,133,49864.38,515.9,7,6,4,4,10,92,0,0,0,33,90,0
422331,35,-0.09,-0.05,-0.45,-0.35,1,0.2,0.2,0.15,30,66.67,132,123,0,123,54,0,41,0,28,0,0,9,1,133,82,41,133,82258.15,851.52,6,8,16,8,10,75,0,0,54,0,69,0
422332,35,-0.09,-0.05,-0.45,-0.35,1,0.2,0.2,0.15,40,52.46,132,123,1,122,54,36,14,8,4,6,0,9,1,133,64,58,133,50267.38,519.83,13,14,20,10,19,7,4,35,54,36,18,14
422333,35,-0.09,-0.05,-0.45,-0.35,1,0.2,0.2,0.15,40,50.82,132,123,1,122,0,36,16,8,17,45,0,9,1,133,62,60,133,42150.21,433.13,7,6,4,4,10,2,3,86,0,36,33,53
422334,35,-0.09,-0.05,-0.45,-0.35,1,0.2,0.2,0.15,40,59.84,132,123,1,122,60,0,34,15,5,8,0,9,1,133,73,49,133,70948.35,731.89,6,8,16,8,10,6,4,64,60,0,39,23
422335,35,-0.09,-0.05,-0.45,-0.35,1,0.2,0.2,0.15,50,53.28,132,123,1,122,54,36,0,21,0,11,0,9,1,133,65,57,133,48828.45,504.74,13,14,20,10,19,7,4,35,54,36,0,32
422336,35,-0.09,-0.05,-0.45,-0.35,1,0.2,0.2,0.15,50,50.82,132,123,1,122,0,36,0,24,0,62,0,9,1,133,62,60,133,39109.61,400.8,7,6,4,4,10,2,3,86,0,36,0,86
422337,35,-0.09,-0.05,-0.45,-0.35,1,0.2,0.2,0.15,50,60.66,132,123,1,122,60,0,0,48,0,14,0,9,1,133,74,48,133,69077.2,714.13,6,8,16,8,10,6,4,64,60,0,0,62
422338,35,-0.09,-0.05,-0.45,-0.35,1,0.2,0.2,0.15,60,53.28,132,123,1,122,54,36,0,21,0,11,0,9,1,133,65,57,133,48828.45,504.74,13,14,20,10,19,7,4,35,54,36,0,32
422339,35,-0.09,-0.05,-0.45,-0.35,1,0.2,0.2,0.15,60,50.82,132,123,1,122,0,36,0,24,0,62,0,9,1,133,62,60,133,39109.61,400.8,7,6,4,4,10,2,3,86,0,36,0,86
422340,35,-0.09,-0.05,-0.45,-0.35,1,0.2,0.2,0.15,60,60.66,132,123,1,122,60,0,0,48,0,14,0,9,1,133,74,48,133,69077.2,714.13,6,8,16,8,10,6,4,64,60,0,0,62
422341,35,-0.09,-0.05,-0.45,-0.35,2,0.1,0.1,0.15,20,74.8,132,123,0,123,82,20,11,0,10,0,0,9,1,133,92,31,133,44996.62,563.6,54,23,14,32,0,0,0,0,82,20,21,0
422342,35,-0.09,-0.05,-0.45,-0.35,2,0.1,0.1,0.15,20,67.48,132,123,0,123,0,21,19,0,83,0,0,9,1,133,83,40,133,64989.38,765.71,7,6,4,106,0,0,0,0,0,21,102,0
422343,35,-0.09,-0.05,-0.45,-0.35,2,0.1,0.1,0.15,20,80.49,132,123,0,123,87,0,24,0,12,0,0,9,1,133,99,24,133,64709.17,687.5,47,18,14,44,0,0,0,0,87,0,36,0
422344,35,-0.09,-0.05,-0.45,-0.35,2,0.1,0.1,0.15,30,73.17,132,123,0,123,89,26,7,0,1,0,0,9,1,133,90,33,133,43839.26,571.22,54,23,14,11,9,12,0,0,89,26,8,0
422345,35,-0.09,-0.05,-0.45,-0.35,2,0.1,0.1,0.15,30,60.16,132,123,0,123,0,33,16,0,74,0,0,9,1,133,74,49,133,57006.73,765.02,7,6,4,4,10,92,0,0,0,33,90,0
422346,35,-0.09,-0.05,-0.45,-0.35,2,0.1,0.1,0.15,30,83.74,132,123,0,123,99,0,20,0,4,0,0,9,1,133,103,20,133,79183.65,776.31,47,18,14,8,9,27,0,0,99,0,24,0
422347,35,-0.09,-0.05,-0.45,-0.35,2,0.1,0.1,0.15,40,73.77,132,123,1,122,89,27,4,1,0,1,0,9,1,133,90,32,133,44856.31,575.24,54,23,14,11,9,4,1,6,89,27,4,2
422348,35,-0.09,-0.05,-0.45,-0.35,2,0.1,0.1,0.15,40,54.92,132,123,1,122,0,36,14,5,19,48,0,9,1,133,67,55,133,48198.18,686.55,7,6,4,4,10,2,3,86,0,36,33,53
422349,35,-0.09,-0.05,-0.45,-0.35,2,0.1,0.1,0.15,40,85.25,132,123,1,122,102,0,13,5,0,2,0,9,1,133,104,18,133,80769.43,782.16,47,18,14,8,9,3,3,20,102,0,13,7
422350,35,-0.09,-0.05,-0.45,-0.35,2,0.1,0.1,0.15,50,73.77,132,123,1,122,89,27,0,5,0,1,0,9,1,133,90,32,133,45177.46,581.43,54,23,14,11,9,4,1,6,89,27,0,6
422351,35,-0.09,-0.05,-0.45,-0.35,2,0.1,0.1,0.15,50,54.92,132,123,1,122,0,36,0,19,0,67,0,9,1,133,67,55,133,44396.08,658.79,7,6,4,4,10,2,3,86,0,36,0,86
422352,35,-0.09,-0.05,-0.45,-0.35,2,0.1,0.1,0.15,50,85.25,132,123,1,122,102,0,0,18,0,2,0,9,1,133,104,18,133,82460.23,795.22,47,18,14,8,9,3,3,20,102,0,0,20
422353,35,-0.09,-0.05,-0.45,-0.35,2,0.1,0.1,0.15,60,73.77,132,123,1,122,89,27,0,5,0,1,0,9,1,133,90,32,133,45177.46,581.43,54,23,14,11,9,4,1,6,89,27,0,6
422354,35,-0.09,-0.05,-0.45,-0.35,2,0.1,0.1,0.15,60,54.92,132,123,1,122,0,36,0,19,0,67,0,9,1,133,67,55,133,44396.08,658.79,7,6,4,4,10,2,3,86,0,36,0,86
422355,35,-0.09,-0.05,-0.45,-0.35,2,0.1,0.1,0.15,60,85.25,132,123,1,122,102,0,0,18,0,2,0,9,1,133,104,18,133,82460.23,795.22,47,18,14,8,9,3,3,20,102,0,0,20
422356,35,-0.09,-0.05,-0.45,-0.35,2,0.1,0.2,0.15,20,67.48,132,123,0,123,38,21,19,0,45,0,0,9,1,133,83,40,133,71315.09,823.34,13,15,20,75,0,0,0,0,38,21,64,0
422357,35,-0.09,-0.05,-0.45,-0.35,2,0.1,0.2,0.15,20,67.48,132,123,0,123,0,21,19,0,83,0,0,9,1,133,83,40,133,64989.38,765.71,7,6,4,106,0,0,0,0,0,21,102,0
422358,35,-0.09,-0.05,-0.45,-0.35,2,0.1,0.2,0.15,20,73.98,132,123,0,123,40,0,32,0,51,0,0,9,1,133,91,32,133,102065.89,1004.02,6,9,16,92,0,0,0,0,40,0,83,0
422359,35,-0.09,-0.05,-0.45,-0.35,2,0.1,0.2,0.15,30,60.98,132,123,0,123,52,33,15,0,23,0,0,9,1,133,75,48,133,67872.61,863.54,13,15,20,11,19,45,0,0,52,33,38,0
422360,35,-0.09,-0.05,-0.45,-0.35,2,0.1,0.2,0.15,30,60.16,132,123,0,123,0,33,16,0,74,0,0,9,1,133,74,49,133,57006.73,765.02,7,6,4,4,10,92,0,0,0,33,90,0
422361,35,-0.09,-0.05,-0.45,-0.35,2,0.1,0.2,0.15,30,72.36,132,123,0,123,58,0,34,0,31,0,0,9,1,133,89,34,133,113021.52,1118.81,6,9,16,9,12,71,0,0,58,0,65,0
422362,35,-0.09,-0.05,-0.45,-0.35,2,0.1,0.2,0.15,40,56.56,132,123,1,122,57,36,12,5,5,7,0,9,1,133,69,53,133,54867.58,767.19,13,15,20,11,19,7,4,33,57,36,17,12
422363,35,-0.09,-0.05,-0.45,-0.35,2,0.1,0.2,0.15,40,54.92,132,123,1,122,0,36,14,5,19,48,0,9,1,133,67,55,133,48198.18,686.55,7,6,4,4,10,2,3,86,0,36,33,53
422364,35,-0.09,-0.05,-0.45,-0.35,2,0.1,0.2,0.15,40,65.57,132,123,1,122,65,0,31,11,7,8,0,9,1,133,80,42,133,93485.55,987.49,6,9,16,9,12,6,4,60,65,0,38,19
422365,35,-0.09,-0.05,-0.45,-0.35,2,0.1,0.2,0.15,50,57.38,132,123,1,122,57,36,0,16,0,13,0,9,1,133,70,52,133,53734.9,761.85,13,15,20,11,19,7,4,33,57,36,0,29
422366,35,-0.09,-0.05,-0.45,-0.35,2,0.1,0.2,0.15,50,54.92,132,123,1,122,0,36,0,19,0,67,0,9,1,133,67,55,133,44396.08,658.79,7,6,4,4,10,2,3,86,0,36,0,86
422367,35,-0.09,-0.05,-0.45,-0.35,2,0.1,0.2,0.15,50,67.21,132,123,1,122,65,0,0,40,0,17,0,9,1,133,82,40,133,91561.29,979.33,6,9,16,9,12,6,4,60,65,0,0,57
422368,35,-0.09,-0.05,-0.45,-0.35,2,0.1,0.2,0.15,60,57.38,132,123,1,122,57,36,0,16,0,13,0,9,1,133,70,52,133,53734.9,761.85,13,15,20,11,19,7,4,33,57,36,0,29
422369,35,-0.09,-0.05,-0.45,-0.35,2,0.1,0.2,0.15,60,54.92,132,123,1,122,0,36,0,19,0,67,0,9,1,133,67,55,133,44396.08,658.79,7,6,4,4,10,2,3,86,0,36,0,86
422370,35,-0.09,-0.05,-0.45,-0.35,2,0.1,0.2,0.15,60,67.21,132,123,1,122,65,0,0,40,0,17,0,9,1,133,82,40,133,91561.29,979.33,6,9,16,9,12,6,4,60,65,0,0,57
422371,35,-0.09,-0.05,-0.45,-0.35,2,0.2,0.1,0.15,20,70.73,132,123,0,123,77,20,16,0,10,0,0,9,1,133,87,36,133,37245.15,382.07,53,22,12,36,0,0,0,0,77,20,26,0
422372,35,-0.09,-0.05,-0.45,-0.35,2,0.2,0.1,0.15,20,64.23,132,123,0,123,0,21,23,0,79,0,0,9,1,133,79,44,133,54495.78,564.69,7,6,4,106,0,0,0,0,0,21,102,0
422373,35,-0.09,-0.05,-0.45,-0.35,2,0.2,0.1,0.15,20,74.8,132,123,0,123,82,0,31,0,10,0,0,9,1,133,92,31,133,50189.1,514.76,46,17,9,51,0,0,0,0,82,0,41,0
422374,35,-0.09,-0.05,-0.45,-0.35,2,0.2,0.1,0.15,30,69.11,132,123,0,123,84,28,10,0,1,0,0,9,1,133,85,38,133,33769.88,347.13,53,22,12,10,8,18,0,0,84,28,11,0
422375,35,-0.09,-0.05,-0.45,-0.35,2,0.2,0.1,0.15,30,59.35,132,123,0,123,0,33,17,0,73,0,0,9,1,133,73,50,133,49864.38,515.9,7,6,4,4,10,92,0,0,0,33,90,0
422376,35,-0.09,-0.05,-0.45,-0.35,2,0.2,0.1,0.15,30,74.8,132,123,0,123,90,0,31,0,2,0,0,9,1,133,92,31,133,53808.75,554.02,46,17,9,10,3,38,0,0,90,0,33,0
422377,35,-0.09,-0.05,-0.45,-0.35,2,0.2,0.1,0.15,40,68.85,132,123,1,122,84,30,6,2,0,0,0,9,1,133,84,38,133,32949.1,338.63,53,22,12,10,8,7,1,9,84,30,6,2
422378,35,-0.09,-0.05,-0.45,-0.35,2,0.2,0.1,0.15,40,50.82,132,123,1,122,0,36,16,8,17,45,0,9,1,133,62,60,133,42150.21,433.13,7,6,4,4,10,2,3,86,0,36,33,53
422379,35,-0.09,-0.05,-0.45,-0.35,2,0.2,0.1,0.15,40,75.41,132,123,1,122,92,0,22,8,0,0,0,9,1,133,92,30,133,49910.34,512.06,46,17,9,10,3,5,1,31,92,0,22,8
422380,35,-0.09,-0.05,-0.45,-0.35,2,0.2,0.1,0.15,50,68.85,132,123,1,122,84,30,0,8,0,0,0,9,1,133,84,38,133,33025.49,339.32,53,22,12,10,8,7,1,9,84,30,0,8
422381,35,-0.09,-0.05,-0.45,-0.35,2,0.2,0.1,0.15,50,50.82,132,123,1,122,0,36,0,24,0,62,0,9,1,133,62,60,133,39109.61,400.8,7,6,4,4,10,2,3,86,0,36,0,86
422382,35,-0.09,-0.05,-0.45,-0.35,2,0.2,0.1,0.15,50,76.23,132,123,1,122,92,0,0,29,0,1,0,9,1,133,93,29,133,51405.7,528.76,46,17,9,10,3,5,1,31,92,0,0,30
422383,35,-0.09,-0.05,-0.45,-0.35,2,0.2,0.1,0.15,60,68.85,132,123,1,122,84,30,0,8,0,0,0,9,1,133,84,38,133,33025.49,339.32,53,22,12,10,8,7,1,9,84,30,0,8
422384,35,-0.09,-0.05,-0.45,-0.35,2,0.2,0.1,0.15,60,50.82,132,123,1,122,0,36,0,24,0,62,0,9,1,133,62,60,133,39109.61,400.8,7,6,4,4,10,2,3,86,0,36,0,86
422385,35,-0.09,-0.05,-0.45,-0.35,2,0.2,0.1,0.15,60,76.23,132,123,1,122,92,0,0,29,0,1,0,9,1,133,93,29,133,51405.7,528.76,46,17,9,10,3,5,1,31,92,0,0,30
422386,35,-0.09,-0.05,-0.45,-0.35,2,0.2,0.2,0.15,20,64.23,132,123,0,123,36,21,23,0,43,0,0,9,1,133,79,44,133,60316.57,623.04,13,14,20,76,0,0,0,0,36,21,66,0
422387,35,-0.09,-0.05,-0.45,-0.35,2,0.2,0.2,0.15,20,64.23,132,123,0,123,0,21,23,0,79,0,0,9,1,133,79,44,133,54495.78,564.69,7,6,4,106,0,0,0,0,0,21,102,0
422388,35,-0.09,-0.05,-0.45,-0.35,2,0.2,0.2,0.15,20,69.11,132,123,0,123,38,0,38,0,47,0,0,9,1,133,85,38,133,76919.49,793.27,6,8,16,93,0,0,0,0,38,0,85,0
422389,35,-0.09,-0.05,-0.45,-0.35,2,0.2,0.2,0.15,30,60.16,132,123,0,123,50,33,16,0,24,0,0,9,1,133,74,49,133,59042.88,612.01,13,14,20,10,19,47,0,0,50,33,40,0
422390,35,-0.09,-0.05,-0.45,-0.35,2,0.2,0.2,0.15,30,59.35,132,123,0,123,0,33,17,0,73,0,0,9,1,133,73,50,133,49864.38,515.9,7,6,4,4,10,92,0,0,0,33,90,0
422391,35,-0.09,-0.05,-0.45,-0.35,2,0.2,0.2,0.15,30,66.67,132,123,0,123,54,0,41,0,28,0,0,9,1,133,82,41,133,82258.15,851.52,6,8,16,8,10,75,0,0,54,0,69,0
422392,35,-0.09,-0.05,-0.45,-0.35,2,0.2,0.2,0.15,40,52.46,132,123,1,122,54,36,14,8,4,6,0,9,1,133,64,58,133,50267.38,519.83,13,14,20,10,19,7,4,35,54,36,18,14
422393,35,-0.09,-0.05,-0.45,-0.35,2,0.2,0.2,0.15,40,50.82,132,123,1,122,0,36,16,8,17,45,0,9,1,133,62,60,133,42150.21,433.13,7,6,4,4,10,2,3,86,0,36,33,53
422394,35,-0.09,-0.05,-0.45,-0.35,2,0.2,0.2,0.15,40,59.84,132,123,1,122,60,0,34,15,5,8,0,9,1,133,73,49,133,70948.35,731.89,6,8,16,8,10,6,4,64,60,0,39,23
422395,35,-0.09,-0.05,-0.45,-0.35,2,0.2,0.2,0.15,50,53.28,132,123,1,122,54,36,0,21,0,11,0,9,1,133,65,57,133,48828.45,504.74,13,14,20,10,19,7,4,35,54,36,0,32
422396,35,-0.09,-0.05,-0.45,-0.35,2,0.2,0.2,0.15,50,50.82,132,123,1,122,0,36,0,24,0,62,0,9,1,133,62,60,133,39109.61,400.8,7,6,4,4,10,2,3,86,0,36,0,86
422397,35,-0.09,-0.05,-0.45,-0.35,2,0.2,0.2,0.15,50,60.66,132,123,1,122,60,0,0,48,0,14,0,9,1,133,74,48,133,69077.2,714.13,6,8,16,8,10,6,4,64,60,0,0,62
422398,35,-0.09,-0.05,-0.45,-0.35,2,0.2,0.2,0.15,60,53.28,132,123,1,122,54,36,0,21,0,11,0,9,1,133,65,57,133,48828.45,504.74,13,14,20,10,19,7,4,35,54,36,0,32
422399,35,-0.09,-0.05,-0.45,-0.35,2,0.2,0.2,0.15,60,50.82,132,123,1,122,0,36,0,24,0,62,0,9,1,133,62,60,133,39109.61,400.8,7,6,4,4,10,2,3,86,0,36,0,86
422400,35,-0.09,-0.05,-0.45,-0.35,2,0.2,0.2,0.15,60,60.66,132,123,1,122,60,0,0,48,0,14,0,9,1,133,74,48,133,69077.2,714.13,6,8,16,8,10,6,4,64,60,0,0,62
422401,35,-0.09,-0.05,-0.45,-0.3,1,0.1,0.1,0.15,20,70.0,170,161,1,160,98,22,26,0,14,0,0,9,1,171,112,48,171,48099.86,495.03,64,29,16,51,0,0,0,0,98,22,40,0
422402,35,-0.09,-0.05,-0.45,-0.3,1,0.1,0.1,0.15,20,61.88,170,161,1,160,0,26,35,0,99,0,0,9,1,171,99,61,171,59625.62,624.66,8,7,5,140,0,0,0,0,0,26,134,0
422403,35,-0.09,-0.05,-0.45,-0.3,1,0.1,0.1,0.15,20,73.12,170,161,1,160,103,0,43,0,14,0,0,9,1,171,117,43,171,62274.25,640.61,56,24,13,67,0,0,0,0,103,0,57,0
422404,35,-0.09,-0.05,-0.45,-0.3,1,0.1,0.1,0.15,30,70.0,170,161,1,160,108,35,13,0,4,0,0,9,1,171,112,48,171,45669.06,472.75,64,29,16,11,13,27,0,0,108,35,17,0
422405,35,-0.09,-0.05,-0.45,-0.3,1,0.1,0.1,0.15,30,57.5,170,161,1,160,0,45,23,0,92,0,0,9,1,171,92,68,171,50216.62,533.93,8,7,5,6,15,119,0,0,0,45,115,0
422406,35,-0.09,-0.05,-0.45,-0.3,1,0.1,0.1,0.15,30,75.62,170,161,1,160,115,0,39,0,6,0,0,9,1,171,121,39,171,70532.08,730.65,56,24,13,10,5,52,0,0,115,0,45,0
422407,35,-0.09,-0.05,-0.45,-0.3,1,0.1,0.1,0.15,40,69.18,170,161,2,159,109,37,9,3,1,0,0,9,1,171,110,49,171,44261.2,456.24,64,29,16,11,13,10,2,14,109,37,10,3
422408,35,-0.09,-0.05,-0.45,-0.3,1,0.1,0.1,0.15,40,49.06,170,161,2,159,0,50,22,9,22,56,0,9,1,171,78,81,171,38380.35,396.53,8,7,5,6,15,4,4,110,0,50,44,65
422409,35,-0.09,-0.05,-0.45,-0.3,1,0.1,0.1,0.15,40,75.47,170,161,2,159,119,0,29,10,1,0,0,9,1,171,120,39,171,66080.69,680.47,56,24,13,10,5,7,3,41,119,0,30,10
422410,35,-0.09,-0.05,-0.45,-0.3,1,0.1,0.1,0.15,50,69.18,170,161,2,159,109,37,0,12,0,1,0,9,1,171,110,49,171,44244.09,456.31,64,29,16,11,13,10,2,14,109,37,0,13
422411,35,-0.09,-0.05,-0.45,-0.3,1,0.1,0.1,0.15,50,49.06,170,161,2,159,0,50,0,31,0,78,0,9,1,171,78,81,171,34970.21,360.56,8,7,5,6,15,4,4,110,0,50,0,109
422412,35,-0.09,-0.05,-0.45,-0.3,1,0.1,0.1,0.15,50,76.1,170,161,2,159,119,0,0,38,0,2,0,9,1,171,121,38,171,67569.2,696.84,56,24,13,10,5,7,3,41,119,0,0,40
422413,35,-0.09,-0.05,-0.45,-0.3,1,0.1,0.1,0.15,60,69.18,170,161,2,159,109,37,0,12,0,1,0,9,1,171,110,49,171,44244.09,456.31,64,29,16,11,13,10,2,14,109,37,0,13
422414,35,-0.09,-0.05,-0.45,-0.3,1,0.1,0.1,0.15,60,49.06,170,161,2,159,0,50,0,31,0,78,0,9,1,171,78,81,171,34970.21,360.56,8,7,5,6,15,4,4,110,0,50,0,109
422415,35,-0.09,-0.05,-0.45,-0.3,1,0.1,0.1,0.15,60,76.1,170,161,2,159,119,0,0,38,0,2,0,9,1,171,121,38,171,67569.2,696.84,56,24,13,10,5,7,3,41,119,0,0,40
422416,35,-0.09,-0.05,-0.45,-0.3,1,0.1,0.2,0.15,20,61.88,170,161,1,160,44,26,35,0,55,0,0,9,1,171,99,61,171,68464.68,711.66,15,16,26,103,0,0,0,0,44,26,90,0
422417,35,-0.09,-0.05,-0.45,-0.3,1,0.1,0.2,0.15,20,61.88,170,161,1,160,0,26,35,0,99,0,0,9,1,171,99,61,171,59625.62,624.66,8,7,5,140,0,0,0,0,0,26,134,0
422418,35,-0.09,-0.05,-0.45,-0.3,1,0.1,0.2,0.15,20,65.62,170,161,1,160,46,0,55,0,59,0,0,9,1,171,105,55,171,81038.36,841.68,7,9,21,123,0,0,0,0,46,0,114,0
422419,35,-0.09,-0.05,-0.45,-0.3,1,0.1,0.2,0.15,30,58.75,170,161,1,160,60,45,21,0,34,0,0,9,1,171,94,66,171,65525.68,689.13,15,16,26,13,25,65,0,0,60,45,55,0
422420,35,-0.09,-0.05,-0.45,-0.3,1,0.1,0.2,0.15,30,57.5,170,161,1,160,0,45,23,0,92,0,0,9,1,171,92,68,171,50216.62,533.93,8,7,5,6,15,119,0,0,0,45,115,0
422421,35,-0.09,-0.05,-0.45,-0.3,1,0.1,0.2,0.15,30,65.62,170,161,1,160,65,0,55,0,40,0,0,9,1,171,105,55,171,92135.17,965.84,7,9,21,9,11,103,0,0,65,0,95,0
422422,35,-0.09,-0.05,-0.45,-0.3,1,0.1,0.2,0.15,40,52.2,170,161,2,159,68,49,18,9,7,8,0,9,1,171,83,76,171,57978.94,608.73,15,16,26,13,25,10,7,47,68,49,25,17
422423,35,-0.09,-0.05,-0.45,-0.3,1,0.1,0.2,0.15,40,49.06,170,161,2,159,0,50,22,9,22,56,0,9,1,171,78,81,171,38380.35,396.53,8,7,5,6,15,4,4,110,0,50,44,65
422424,35,-0.09,-0.05,-0.45,-0.3,1,0.1,0.2,0.15,40,59.12,170,161,2,159,75,0,46,19,8,11,0,9,1,171,94,65,171,82044.21,853.71,7,9,21,9,11,8,8,86,75,0,54,30
422425,35,-0.09,-0.05,-0.45,-0.3,1,0.1,0.2,0.15,50,52.83,170,161,2,159,68,49,0,26,0,16,0,9,1,171,84,75,171,56277.31,591.19,15,16,26,13,25,10,7,47,68,49,0,42
422426,35,-0.09,-0.05,-0.45,-0.3,1,0.1,0.2,0.15,50,49.06,170,161,2,159,0,50,0,31,0,78,0,9,1,171,78,81,171,34970.21,360.56,8,7,5,6,15,4,4,110,0,50,0,109
422427,35,-0.09,-0.05,-0.45,-0.3,1,0.1,0.2,0.15,50,59.75,170,161,2,159,75,0,0,64,0,20,0,9,1,171,95,64,171,79095.17,823.93,7,9,21,9,11,8,8,86,75,0,0,84
422428,35,-0.09,-0.05,-0.45,-0.3,1,0.1,0.2,0.15,60,52.83,170,161,2,159,68,49,0,26,0,16,0,9,1,171,84,75,171,56277.31,591.19,15,16,26,13,25,10,7,47,68,49,0,42
422429,35,-0.09,-0.05,-0.45,-0.3,1,0.1,0.2,0.15,60,49.06,170,161,2,159,0,50,0,31,0,78,0,9,1,171,78,81,171,34970.21,360.56,8,7,5,6,15,4,4,110,0,50,0,109
422430,35,-0.09,-0.05,-0.45,-0.3,1,0.1,0.2,0.15,60,59.75,170,161,2,159,75,0,0,64,0,20,0,9,1,171,95,64,171,79095.17,823.93,7,9,21,9,11,8,8,86,75,0,0,84
422431,35,-0.09,-0.05,-0.45,-0.3,1,0.2,0.1,0.15,20,70.0,170,161,1,160,98,22,26,0,14,0,0,9,1,171,112,48,171,48099.86,495.03,64,29,16,51,0,0,0,0,98,22,40,0
422432,35,-0.09,-0.05,-0.45,-0.3,1,0.2,0.1,0.15,20,61.88,170,161,1,160,0,26,35,0,99,0,0,9,1,171,99,61,171,59625.62,624.66,8,7,5,140,0,0,0,0,0,26,134,0
422433,35,-0.09,-0.05,-0.45,-0.3,1,0.2,0.1,0.15,20,73.12,170,161,1,160,103,0,43,0,14,0,0,9,1,171,117,43,171,62274.25,640.61,56,24,13,67,0,0,0,0,103,0,57,0
422434,35,-0.09,-0.05,-0.45,-0.3,1,0.2,0.1,0.15,30,70.0,170,161,1,160,108,35,13,0,4,0,0,9,1,171,112,48,171,45669.06,472.75,64,29,16,11,13,27,0,0,108,35,17,0
422435,35,-0.09,-0.05,-0.45,-0.3,1,0.2,0.1,0.15,30,57.5,170,161,1,160,0,45,23,0,92,0,0,9,1,171,92,68,171,50216.62,533.93,8,7,5,6,15,119,0,0,0,45,115,0
422436,35,-0.09,-0.05,-0.45,-0.3,1,0.2,0.1,0.15,30,75.62,170,161,1,160,115,0,39,0,6,0,0,9,1,171,121,39,171,70532.08,730.65,56,24,13,10,5,52,0,0,115,0,45,0
422437,35,-0.09,-0.05,-0.45,-0.3,1,0.2,0.1,0.15,40,69.18,170,161,2,159,109,37,9,3,1,0,0,9,1,171,110,49,171,44261.2,456.24,64,29,16,11,13,10,2,14,109,37,10,3
422438,35,-0.09,-0.05,-0.45,-0.3,1,0.2,0.1,0.15,40,49.06,170,161,2,159,0,50,22,9,22,56,0,9,1,171,78,81,171,38380.35,396.53,8,7,5,6,15,4,4,110,0,50,44,65
422439,35,-0.09,-0.05,-0.45,-0.3,1,0.2,0.1,0.15,40,75.47,170,161,2,159,119,0,29,10,1,0,0,9,1,171,120,39,171,66080.69,680.47,56,24,13,10,5,7,3,41,119,0,30,10
422440,35,-0.09,-0.05,-0.45,-0.3,1,0.2,0.1,0.15,50,69.18,170,161,2,159,109,37,0,12,0,1,0,9,1,171,110,49,171,44244.09,456.31,64,29,16,11,13,10,2,14,109,37,0,13
422441,35,-0.09,-0.05,-0.45,-0.3,1,0.2,0.1,0.15,50,49.06,170,161,2,159,0,50,0,31,0,78,0,9,1,171,78,81,171,34970.21,360.56,8,7,5,6,15,4,4,110,0,50,0,109
422442,35,-0.09,-0.05,-0.45,-0.3,1,0.2,0.1,0.15,50,76.1,170,161,2,159,119,0,0,38,0,2,0,9,1,171,121,38,171,67569.2,696.84,56,24,13,10,5,7,3,41,119,0,0,40
422443,35,-0.09,-0.05,-0.45,-0.3,1,0.2,0.1,0.15,60,69.18,170,161,2,159,109,37,0,12,0,1,0,9,1,171,110,49,171,44244.09,456.31,64,29,16,11,13,10,2,14,109,37,0,13
422444,35,-0.09,-0.05,-0.45,-0.3,1,0.2,0.1,0.15,60,49.06,170,161,2,159,0,50,0,31,0,78,0,9,1,171,78,81,171,34970.21,360.56,8,7,5,6,15,4,4,110,0,50,0,109
422445,35,-0.09,-0.05,-0.45,-0.3,1,0.2,0.1,0.15,60,76.1,170,161,2,159,119,0,0,38,0,2,0,9,1,171,121,38,171,67569.2,696.84,56,24,13,10,5,7,3,41,119,0,0,40
422446,35,-0.09,-0.05,-0.45,-0.3,1,0.2,0.2,0.15,20,61.88,170,161,1,160,44,26,35,0,55,0,0,9,1,171,99,61,171,68464.68,711.66,15,16,26,103,0,0,0,0,44,26,90,0
422447,35,-0.09,-0.05,-0.45,-0.3,1,0.2,0.2,0.15,20,61.88,170,161,1,160,0,26,35,0,99,0,0,9,1,171,99,61,171,59625.62,624.66,8,7,5,140,0,0,0,0,0,26,134,0
422448,35,-0.09,-0.05,-0.45,-0.3,1,0.2,0.2,0.15,20,65.62,170,161,1,160,46,0,55,0,59,0,0,9,1,171,105,55,171,81038.36,841.68,7,9,21,123,0,0,0,0,46,0,114,0
422449,35,-0.09,-0.05,-0.45,-0.3,1,0.2,0.2,0.15,30,58.75,170,161,1,160,60,45,21,0,34,0,0,9,1,171,94,66,171,65525.68,689.13,15,16,26,13,25,65,0,0,60,45,55,0
422450,35,-0.09,-0.05,-0.45,-0.3,1,0.2,0.2,0.15,30,57.5,170,161,1,160,0,45,23,0,92,0,0,9,1,171,92,68,171,50216.62,533.93,8,7,5,6,15,119,0,0,0,45,115,0
422451,35,-0.09,-0.05,-0.45,-0.3,1,0.2,0.2,0.15,30,65.62,170,161,1,160,65,0,55,0,40,0,0,9,1,171,105,55,171,92135.17,965.84,7,9,21,9,11,103,0,0,65,0,95,0
422452,35,-0.09,-0.05,-0.45,-0.3,1,0.2,0.2,0.15,40,52.2,170,161,2,159,68,49,18,9,7,8,0,9,1,171,83,76,171,57978.94,608.73,15,16,26,13,25,10,7,47,68,49,25,17
422453,35,-0.09,-0.05,-0.45,-0.3,1,0.2,0.2,0.15,40,49.06,170,161,2,159,0,50,22,9,22,56,0,9,1,171,78,81,171,38380.35,396.53,8,7,5,6,15,4,4,110,0,50,44,65
422454,35,-0.09,-0.05,-0.45,-0.3,1,0.2,0.2,0.15,40,59.12,170,161,2,159,75,0,46,19,8,11,0,9,1,171,94,65,171,82044.21,853.71,7,9,21,9,11,8,8,86,75,0,54,30
422455,35,-0.09,-0.05,-0.45,-0.3,1,0.2,0.2,0.15,50,52.83,170,161,2,159,68,49,0,26,0,16,0,9,1,171,84,75,171,56277.31,591.19,15,16,26,13,25,10,7,47,68,49,0,42
422456,35,-0.09,-0.05,-0.45,-0.3,1,0.2,0.2,0.15,50,49.06,170,161,2,159,0,50,0,31,0,78,0,9,1,171,78,81,171,34970.21,360.56,8,7,5,6,15,4,4,110,0,50,0,109
422457,35,-0.09,-0.05,-0.45,-0.3,1,0.2,0.2,0.15,50,59.75,170,161,2,159,75,0,0,64,0,20,0,9,1,171,95,64,171,79095.17,823.93,7,9,21,9,11,8,8,86,75,0,0,84
422458,35,-0.09,-0.05,-0.45,-0.3,1,0.2,0.2,0.15,60,52.83,170,161,2,159,68,49,0,26,0,16,0,9,1,171,84,75,171,56277.31,591.19,15,16,26,13,25,10,7,47,68,49,0,42
422459,35,-0.09,-0.05,-0.45,-0.3,1,0.2,0.2,0.15,60,49.06,170,161,2,159,0,50,0,31,0,78,0,9,1,171,78,81,171,34970.21,360.56,8,7,5,6,15,4,4,110,0,50,0,109
422460,35,-0.09,-0.05,-0.45,-0.3,1,0.2,0.2,0.15,60,59.75,170,161,2,159,75,0,0,64,0,20,0,9,1,171,95,64,171,79095.17,823.93,7,9,21,9,11,8,8,86,75,0,0,84
422461,35,-0.09,-0.05,-0.45,-0.3,2,0.1,0.1,0.15,20,73.12,170,161,1,160,103,22,21,0,14,0,0,9,1,171,117,43,171,56219.88,706.09,66,29,18,47,0,0,0,0,103,22,35,0
422462,35,-0.09,-0.05,-0.45,-0.3,2,0.1,0.1,0.15,20,64.38,170,161,1,160,0,26,31,0,103,0,0,9,1,171,103,57,171,70353.39,865.69,8,7,5,140,0,0,0,0,0,26,134,0
422463,35,-0.09,-0.05,-0.45,-0.3,2,0.1,0.1,0.15,20,78.12,170,161,1,160,109,0,35,0,16,0,0,9,1,171,125,35,171,79208.13,854.7,58,25,18,59,0,0,0,0,109,0,51,0
422464,35,-0.09,-0.05,-0.45,-0.3,2,0.1,0.1,0.15,30,73.12,170,161,1,160,113,33,10,0,4,0,0,9,1,171,117,43,171,54650.98,730.57,66,29,18,12,14,21,0,0,113,33,14,0
422465,35,-0.09,-0.05,-0.45,-0.3,2,0.1,0.1,0.15,30,58.13,170,161,1,160,0,45,22,0,93,0,0,9,1,171,93,67,171,58632.1,838.37,8,7,5,6,15,119,0,0,0,45,115,0
422466,35,-0.09,-0.05,-0.45,-0.3,2,0.1,0.1,0.15,30,83.12,170,161,1,160,125,0,27,0,8,0,0,9,1,171,133,27,171,97700.56,991.58,58,25,18,8,10,41,0,0,125,0,35,0
422467,35,-0.09,-0.05,-0.45,-0.3,2,0.1,0.1,0.15,40,72.96,170,161,2,159,114,34,7,2,1,1,0,9,1,171,116,43,171,54646.99,726.35,66,29,18,12,14,7,2,11,114,34,8,3
422468,35,-0.09,-0.05,-0.45,-0.3,2,0.1,0.1,0.15,40,52.2,170,161,2,159,0,50,20,6,24,59,0,9,1,171,83,76,171,44741.01,709.77,8,7,5,6,15,4,4,110,0,50,44,65
422469,35,-0.09,-0.05,-0.45,-0.3,2,0.1,0.1,0.15,40,83.65,170,161,2,159,129,0,20,6,1,3,0,9,1,171,133,26,171,97431.91,983.98,58,25,18,8,10,6,4,30,129,0,21,9
422470,35,-0.09,-0.05,-0.45,-0.3,2,0.1,0.1,0.15,50,72.96,170,161,2,159,114,34,0,9,0,2,0,9,1,171,116,43,171,54874.64,731.92,66,29,18,12,14,7,2,11,114,34,0,11
422471,35,-0.09,-0.05,-0.45,-0.3,2,0.1,0.1,0.15,50,52.2,170,161,2,159,0,50,0,26,0,83,0,9,1,171,83,76,171,40788.46,683.49,8,7,5,6,15,4,4,110,0,50,0,109
422472,35,-0.09,-0.05,-0.45,-0.3,2,0.1,0.1,0.15,50,83.65,170,161,2,159,129,0,0,26,0,4,0,9,1,171,133,26,171,99235.16,996.71,58,25,18,8,10,6,4,30,129,0,0,30
422473,35,-0.09,-0.05,-0.45,-0.3,2,0.1,0.1,0.15,60,72.96,170,161,2,159,114,34,0,9,0,2,0,9,1,171,116,43,171,54874.64,731.92,66,29,18,12,14,7,2,11,114,34,0,11
422474,35,-0.09,-0.05,-0.45,-0.3,2,0.1,0.1,0.15,60,52.2,170,161,2,159,0,50,0,26,0,83,0,9,1,171,83,76,171,40788.46,683.49,8,7,5,6,15,4,4,110,0,50,0,109
422475,35,-0.09,-0.05,-0.45,-0.3,2,0.1,0.1,0.15,60,83.65,170,161,2,159,129,0,0,26,0,4,0,9,1,171,133,26,171,99235.16,996.71,58,25,18,8,10,6,4,30,129,0,0,30
422476,35,-0.09,-0.05,-0.45,-0.3,2,0.1,0.2,0.15,20,64.38,170,161,1,160,46,26,31,0,57,0,0,9,1,171,103,57,171,79697.37,951.97,15,17,26,102,0,0,0,0,46,26,88,0
422477,35,-0.09,-0.05,-0.45,-0.3,2,0.1,0.2,0.15,20,64.38,170,161,1,160,0,26,31,0,103,0,0,9,1,171,103,57,171,70353.39,865.69,8,7,5,140,0,0,0,0,0,26,134,0
422478,35,-0.09,-0.05,-0.45,-0.3,2,0.1,0.2,0.15,20,70.0,170,161,1,160,48,0,48,0,64,0,0,9,1,171,112,48,171,100331.82,1104.65,7,10,21,122,0,0,0,0,48,0,112,0
422479,35,-0.09,-0.05,-0.45,-0.3,2,0.1,0.2,0.15,30,59.38,170,161,1,160,62,45,20,0,33,0,0,9,1,171,95,65,171,74468.8,989.42,15,17,26,14,25,63,0,0,62,45,53,0
422480,35,-0.09,-0.05,-0.45,-0.3,2,0.1,0.2,0.15,30,58.13,170,161,1,160,0,45,22,0,93,0,0,9,1,171,93,67,171,58632.1,838.37,8,7,5,6,15,119,0,0,0,45,115,0
422481,35,-0.09,-0.05,-0.45,-0.3,2,0.1,0.2,0.15,30,71.88,170,161,1,160,70,0,45,0,45,0,0,9,1,171,115,45,171,126927.02,1325.21,7,10,21,10,14,98,0,0,70,0,90,0
422482,35,-0.09,-0.05,-0.45,-0.3,2,0.1,0.2,0.15,40,55.35,170,161,2,159,71,49,16,6,8,9,0,9,1,171,88,71,171,62316.5,903.57,15,17,26,14,25,10,7,45,71,49,24,15
422483,35,-0.09,-0.05,-0.45,-0.3,2,0.1,0.2,0.15,40,52.2,170,161,2,159,0,50,20,6,24,59,0,9,1,171,83,76,171,44741.01,709.77,8,7,5,6,15,4,4,110,0,50,44,65
422484,35,-0.09,-0.05,-0.45,-0.3,2,0.1,0.2,0.15,40,66.04,170,161,2,159,82,0,40,14,12,11,0,9,1,171,105,54,171,109355.98,1206.4,7,10,21,10,14,8,8,81,82,0,52,25
422485,35,-0.09,-0.05,-0.45,-0.3,2,0.1,0.2,0.15,50,55.97,170,161,2,159,71,49,0,21,0,18,0,9,1,171,89,70,171,60921.12,895.78,15,17,26,14,25,10,7,45,71,49,0,39
422486,35,-0.09,-0.05,-0.45,-0.3,2,0.1,0.2,0.15,50,52.2,170,161,2,159,0,50,0,26,0,83,0,9,1,171,83,76,171,40788.46,683.49,8,7,5,6,15,4,4,110,0,50,0,109
422487,35,-0.09,-0.05,-0.45,-0.3,2,0.1,0.2,0.15,50,67.3,170,161,2,159,82,0,0,52,0,25,0,9,1,171,107,52,171,106055.33,1189.34,7,10,21,10,14,8,8,81,82,0,0,77
422488,35,-0.09,-0.05,-0.45,-0.3,2,0.1,0.2,0.15,60,55.97,170,161,2,159,71,49,0,21,0,18,0,9,1,171,89,70,171,60921.12,895.78,15,17,26,14,25,10,7,45,71,49,0,39
422489,35,-0.09,-0.05,-0.45,-0.3,2,0.1,0.2,0.15,60,52.2,170,161,2,159,0,50,0,26,0,83,0,9,1,171,83,76,171,40788.46,683.49,8,7,5,6,15,4,4,110,0,50,0,109
422490,35,-0.09,-0.05,-0.45,-0.3,2,0.1,0.2,0.15,60,67.3,170,161,2,159,82,0,0,52,0,25,0,9,1,171,107,52,171,106055.33,1189.34,7,10,21,10,14,8,8,81,82,0,0,77
422491,35,-0.09,-0.05,-0.45,-0.3,2,0.2,0.1,0.15,20,70.0,170,161,1,160,98,22,26,0,14,0,0,9,1,171,112,48,171,48099.86,495.03,64,29,16,51,0,0,0,0,98,22,40,0
422492,35,-0.09,-0.05,-0.45,-0.3,2,0.2,0.1,0.15,20,61.88,170,161,1,160,0,26,35,0,99,0,0,9,1,171,99,61,171,59625.62,624.66,8,7,5,140,0,0,0,0,0,26,134,0
422493,35,-0.09,-0.05,-0.45,-0.3,2,0.2,0.1,0.15,20,73.12,170,161,1,160,103,0,43,0,14,0,0,9,1,171,117,43,171,62274.25,640.61,56,24,13,67,0,0,0,0,103,0,57,0
422494,35,-0.09,-0.05,-0.45,-0.3,2,0.2,0.1,0.15,30,70.0,170,161,1,160,108,35,13,0,4,0,0,9,1,171,112,48,171,45669.06,472.75,64,29,16,11,13,27,0,0,108,35,17,0
422495,35,-0.09,-0.05,-0.45,-0.3,2,0.2,0.1,0.15,30,57.5,170,161,1,160,0,45,23,0,92,0,0,9,1,171,92,68,171,50216.62,533.93,8,7,5,6,15,119,0,0,0,45,115,0
422496,35,-0.09,-0.05,-0.45,-0.3,2,0.2,0.1,0.15,30,75.62,170,161,1,160,115,0,39,0,6,0,0,9,1,171,121,39,171,70532.08,730.65,56,24,13,10,5,52,0,0,115,0,45,0
422497,35,-0.09,-0.05,-0.45,-0.3,2,0.2,0.1,0.15,40,69.18,170,161,2,159,109,37,9,3,1,0,0,9,1,171,110,49,171,44261.2,456.24,64,29,16,11,13,10,2,14,109,37,10,3
422498,35,-0.09,-0.05,-0.45,-0.3,2,0.2,0.1,0.15,40,49.06,170,161,2,159,0,50,22,9,22,56,0,9,1,171,78,81,171,38380.35,396.53,8,7,5,6,15,4,4,110,0,50,44,65
422499,35,-0.09,-0.05,-0.45,-0.3,2,0.2,0.1,0.15,40,75.47,170,161,2,159,119,0,29,10,1,0,0,9,1,171,120,39,171,66080.69,680.47,56,24,13,10,5,7,3,41,119,0,30,10
422500,35,-0.09,-0.05,-0.45,-0.3,2,0.2,0.1,0.15,50,69.18,170,161,2,159,109,37,0,12,0,1,0,9,1,171,110,49,171,44244.09,456.31,64,29,16,11,13,10,2,14,109,37,0,13
422501,35,-0.09,-0.05,-0.45,-0.3,2,0.2,0.1,0.15,50,49.06,170,161,2,159,0,50,0,31,0,78,0,9,1,171,78,81,171,34970.21,360.56,8,7,5,6,15,4,4,110,0,50,0,109
422502,35,-0.09,-0.05,-0.45,-0.3,2,0.2,0.1,0.15,50,76.1,170,161,2,159,119,0,0,38,0,2,0,9,1,171,121,38,171,67569.2,696.84,56,24,13,10,5,7,3,41,119,0,0,40
422503,35,-0.09,-0.05,-0.45,-0.3,2,0.2,0.1,0.15,60,69.18,170,161,2,159,109,37,0,12,0,1,0,9,1,171,110,49,171,44244.09,456.31,64,29,16,11,13,10,2,14,109,37,0,13
422504,35,-0.09,-0.05,-0.45,-0.3,2,0.2,0.1,0.15,60,49.06,170,161,2,159,0,50,0,31,0,78,0,9,1,171,78,81,171,34970.21,360.56,8,7,5,6,15,4,4,110,0,50,0,109
422505,35,-0.09,-0.05,-0.45,-0.3,2,0.2,0.1,0.15,60,76.1,170,161,2,159,119,0,0,38,0,2,0,9,1,171,121,38,171,67569.2,696.84,56,24,13,10,5,7,3,41,119,0,0,40
422506,35,-0.09,-0.05,-0.45,-0.3,2,0.2,0.2,0.15,20,61.88,170,161,1,160,44,26,35,0,55,0,0,9,1,171,99,61,171,68464.68,711.66,15,16,26,103,0,0,0,0,44,26,90,0
422507,35,-0.09,-0.05,-0.45,-0.3,2,0.2,0.2,0.15,20,61.88,170,161,1,160,0,26,35,0,99,0,0,9,1,171,99,61,171,59625.62,624.66,8,7,5,140,0,0,0,0,0,26,134,0
422508,35,-0.09,-0.05,-0.45,-0.3,2,0.2,0.2,0.15,20,65.62,170,161,1,160,46,0,55,0,59,0,0,9,1,171,105,55,171,81038.36,841.68,7,9,21,123,0,0,0,0,46,0,114,0
422509,35,-0.09,-0.05,-0.45,-0.3,2,0.2,0.2,0.15,30,58.75,170,161,1,160,60,45,21,0,34,0,0,9,1,171,94,66,171,65525.68,689.13,15,16,26,13,25,65,0,0,60,45,55,0
422510,35,-0.09,-0.05,-0.45,-0.3,2,0.2,0.2,0.15,30,57.5,170,161,1,160,0,45,23,0,92,0,0,9,1,171,92,68,171,50216.62,533.93,8,7,5,6,15,119,0,0,0,45,115,0
422511,35,-0.09,-0.05,-0.45,-0.3,2,0.2,0.2,0.15,30,65.62,170,161,1,160,65,0,55,0,40,0,0,9,1,171,105,55,171,92135.17,965.84,7,9,21,9,11,103,0,0,65,0,95,0
422512,35,-0.09,-0.05,-0.45,-0.3,2,0.2,0.2,0.15,40,52.2,170,161,2,159,68,49,18,9,7,8,0,9,1,171,83,76,171,57978.94,608.73,15,16,26,13,25,10,7,47,68,49,25,17
422513,35,-0.09,-0.05,-0.45,-0.3,2,0.2,0.2,0.15,40,49.06,170,161,2,159,0,50,22,9,22,56,0,9,1,171,78,81,171,38380.35,396.53,8,7,5,6,15,4,4,110,0,50,44,65
422514,35,-0.09,-0.05,-0.45,-0.3,2,0.2,0.2,0.15,40,59.12,170,161,2,159,75,0,46,19,8,11,0,9,1,171,94,65,171,82044.21,853.71,7,9,21,9,11,8,8,86,75,0,54,30
422515,35,-0.09,-0.05,-0.45,-0.3,2,0.2,0.2,0.15,50,52.83,170,161,2,159,68,49,0,26,0,16,0,9,1,171,84,75,171,56277.31,591.19,15,16,26,13,25,10,7,47,68,49,0,42
422516,35,-0.09,-0.05,-0.45,-0.3,2,0.2,0.2,0.15,50,49.06,170,161,2,159,0,50,0,31,0,78,0,9,1,171,78,81,171,34970.21,360.56,8,7,5,6,15,4,4,110,0,50,0,109
422517,35,-0.09,-0.05,-0.45,-0.3,2,0.2,0.2,0.15,50,59.75,170,161,2,159,75,0,0,64,0,20,0,9,1,171,95,64,171,79095.17,823.93,7,9,21,9,11,8,8,86,75,0,0,84
422518,35,-0.09,-0.05,-0.45,-0.3,2,0.2,0.2,0.15,60,52.83,170,161,2,159,68,49,0,26,0,16,0,9,1,171,84,75,171,56277.31,591.19,15,16,26,13,25,10,7,47,68,49,0,42
422519,35,-0.09,-0.05,-0.45,-0.3,2,0.2,0.2,0.15,60,49.06,170,161,2,159,0,50,0,31,0,78,0,9,1,171,78,81,171,34970.21,360.56,8,7,5,6,15,4,4,110,0,50,0,109
422520,35,-0.09,-0.05,-0.45,-0.3,2,0.2,0.2,0.15,60,59.75,170,161,2,159,75,0,0,64,0,20,0,9,1,171,95,64,171,79095.17,823.93,7,9,21,9,11,8,8,86,75,0,0,84
422521,35,-0.09,-0.05,-0.45,-0.25,1,0.1,0.1,0.15,20,67.37,204,192,2,190,110,27,35,0,18,0,0,12,3,207,128,62,207,47688.14,489.29,72,33,17,68,0,0,0,0,110,27,53,0
422522,35,-0.09,-0.05,-0.45,-0.25,1,0.1,0.1,0.15,20,60.53,204,192,2,190,0,31,44,0,115,0,0,12,3,207,115,75,207,56587.68,592.63,9,8,5,168,0,0,0,0,0,31,159,0
422523,35,-0.09,-0.05,-0.45,-0.25,1,0.1,0.1,0.15,20,70.0,204,192,2,190,115,0,57,0,18,0,0,12,3,207,133,57,207,61834.26,634.48,63,27,14,86,0,0,0,0,115,0,75,0
422524,35,-0.09,-0.05,-0.45,-0.25,1,0.1,0.1,0.15,30,67.37,204,192,2,190,123,42,20,0,5,0,0,12,3,207,128,62,207,46198.17,476.49,72,33,17,15,17,36,0,0,123,42,25,0
422525,35,-0.09,-0.05,-0.45,-0.25,1,0.1,0.1,0.15,30,53.68,204,192,2,190,0,53,35,0,102,0,0,12,3,207,102,88,207,43928.21,468.84,9,8,5,9,18,141,0,0,0,53,137,0
422526,35,-0.09,-0.05,-0.45,-0.25,1,0.1,0.1,0.15,30,72.11,204,192,2,190,130,0,53,0,7,0,0,12,3,207,137,53,207,69139.58,714.8,63,27,14,11,7,68,0,0,130,0,60,0
422527,35,-0.09,-0.05,-0.45,-0.25,1,0.1,0.1,0.15,40,66.14,204,192,3,189,124,46,13,5,1,0,0,12,3,207,125,64,207,42812.37,439.44,72,33,17,15,17,11,3,21,124,46,14,5
422528,35,-0.09,-0.05,-0.45,-0.25,1,0.1,0.1,0.15,40,46.56,204,192,3,189,0,60,30,11,25,63,0,12,3,207,88,101,207,25992.15,268.43,9,8,5,9,18,4,5,131,0,60,55,74
422529,35,-0.09,-0.05,-0.45,-0.25,1,0.1,0.1,0.15,40,71.43,204,192,3,189,134,0,40,14,1,0,0,12,3,207,135,54,207,61323.3,629.13,63,27,14,11,7,8,3,56,134,0,41,14
422530,35,-0.09,-0.05,-0.45,-0.25,1,0.1,0.1,0.15,50,66.14,204,192,3,189,124,46,0,18,0,1,0,12,3,207,125,64,207,43135.77,442.93,72,33,17,15,17,11,3,21,124,46,0,19
422531,35,-0.09,-0.05,-0.45,-0.25,1,0.1,0.1,0.15,50,46.03,204,192,3,189,0,61,0,41,0,87,0,12,3,207,87,102,207,21434.46,220.28,9,8,5,9,18,4,5,131,0,61,0,128
422532,35,-0.09,-0.05,-0.45,-0.25,1,0.1,0.1,0.15,50,71.96,204,192,3,189,134,0,0,53,0,2,0,12,3,207,136,53,207,62193.49,638.91,63,27,14,11,7,8,3,56,134,0,0,55
422533,35,-0.09,-0.05,-0.45,-0.25,1,0.1,0.1,0.15,60,66.14,204,192,3,189,124,46,0,18,0,1,0,12,3,207,125,64,207,43135.77,442.93,72,33,17,15,17,11,3,21,124,46,0,19
422534,35,-0.09,-0.05,-0.45,-0.25,1,0.1,0.1,0.15,60,46.03,204,192,3,189,0,61,0,41,0,87,0,12,3,207,87,102,207,21434.46,220.28,9,8,5,9,18,4,5,131,0,61,0,128
422535,35,-0.09,-0.05,-0.45,-0.25,1,0.1,0.1,0.15,60,71.96,204,192,3,189,134,0,0,53,0,2,0,12,3,207,136,53,207,62193.49,638.91,63,27,14,11,7,8,3,56,134,0,0,55
422536,35,-0.09,-0.05,-0.45,-0.25,1,0.1,0.2,0.15,20,60.53,204,192,2,190,45,31,44,0,70,0,0,12,3,207,115,75,207,66191.35,687.32,17,17,26,130,0,0,0,0,45,31,114,0
422537,35,-0.09,-0.05,-0.45,-0.25,1,0.1,0.2,0.15,20,60.53,204,192,2,190,0,31,44,0,115,0,0,12,3,207,115,75,207,56587.68,592.63,9,8,5,168,0,0,0,0,0,31,159,0
422538,35,-0.09,-0.05,-0.45,-0.25,1,0.1,0.2,0.15,20,63.68,204,192,2,190,47,0,69,0,74,0,0,12,3,207,121,69,207,78736.76,816.95,8,9,21,152,0,0,0,0,47,0,143,0
422539,35,-0.09,-0.05,-0.45,-0.25,1,0.1,0.2,0.15,30,55.79,204,192,2,190,65,53,31,0,41,0,0,12,3,207,106,84,207,64480.05,677.2,17,17,26,16,29,85,0,0,65,53,72,0
422540,35,-0.09,-0.05,-0.45,-0.25,1,0.1,0.2,0.15,30,53.68,204,192,2,190,0,53,35,0,102,0,0,12,3,207,102,88,207,43928.21,468.84,9,8,5,9,18,141,0,0,0,53,137,0
422541,35,-0.09,-0.05,-0.45,-0.25,1,0.1,0.2,0.15,30,62.11,204,192,2,190,70,0,72,0,48,0,0,12,3,207,118,72,207,92134.6,964.0,8,9,21,9,12,131,0,0,70,0,120,0
422542,35,-0.09,-0.05,-0.45,-0.25,1,0.1,0.2,0.15,40,49.74,204,192,3,189,73,59,25,11,8,13,0,12,3,207,94,95,207,52832.99,554.8,17,17,26,16,29,13,8,63,73,59,33,24
422543,35,-0.09,-0.05,-0.45,-0.25,1,0.1,0.2,0.15,40,46.56,204,192,3,189,0,60,30,11,25,63,0,12,3,207,88,101,207,25992.15,268.43,9,8,5,9,18,4,5,131,0,60,55,74
422544,35,-0.09,-0.05,-0.45,-0.25,1,0.1,0.2,0.15,40,56.08,204,192,3,189,80,0,60,23,9,17,0,12,3,207,106,83,207,75859.03,787.94,8,9,21,9,12,11,8,111,80,0,69,40
422545,35,-0.09,-0.05,-0.45,-0.25,1,0.1,0.2,0.15,50,49.74,204,192,3,189,73,59,0,36,0,21,0,12,3,207,94,95,207,50217.15,527.42,17,17,26,16,29,13,8,63,73,59,0,57
422546,35,-0.09,-0.05,-0.45,-0.25,1,0.1,0.2,0.15,50,46.03,204,192,3,189,0,61,0,41,0,87,0,12,3,207,87,102,207,21434.46,220.28,9,8,5,9,18,4,5,131,0,61,0,128
422547,35,-0.09,-0.05,-0.45,-0.25,1,0.1,0.2,0.15,50,56.08,204,192,3,189,80,0,0,83,0,26,0,12,3,207,106,83,207,71036.95,738.31,8,9,21,9,12,11,8,111,80,0,0,109
422548,35,-0.09,-0.05,-0.45,-0.25,1,0.1,0.2,0.15,60,49.74,204,192,3,189,73,59,0,36,0,21,0,12,3,207,94,95,207,50217.15,527.42,17,17,26,16,29,13,8,63,73,59,0,57
422549,35,-0.09,-0.05,-0.45,-0.25,1,0.1,0.2,0.15,60,46.03,204,192,3,189,0,61,0,41,0,87,0,12,3,207,87,102,207,21434.46,220.28,9,8,5,9,18,4,5,131,0,61,0,128
422550,35,-0.09,-0.05,-0.45,-0.25,1,0.1,0.2,0.15,60,56.08,204,192,3,189,80,0,0,83,0,26,0,12,3,207,106,83,207,71036.95,738.31,8,9,21,9,12,11,8,111,80,0,0,109
422551,35,-0.09,-0.05,-0.45,-0.25,1,0.2,0.1,0.15,20,67.37,204,192,2,190,110,27,35,0,18,0,0,12,3,207,128,62,207,47688.14,489.29,72,33,17,68,0,0,0,0,110,27,53,0
422552,35,-0.09,-0.05,-0.45,-0.25,1,0.2,0.1,0.15,20,60.53,204,192,2,190,0,31,44,0,115,0,0,12,3,207,115,75,207,56587.68,592.63,9,8,5,168,0,0,0,0,0,31,159,0
422553,35,-0.09,-0.05,-0.45,-0.25,1,0.2,0.1,0.15,20,70.0,204,192,2,190,115,0,57,0,18,0,0,12,3,207,133,57,207,61834.26,634.48,63,27,14,86,0,0,0,0,115,0,75,0
422554,35,-0.09,-0.05,-0.45,-0.25,1,0.2,0.1,0.15,30,67.37,204,192,2,190,123,42,20,0,5,0,0,12,3,207,128,62,207,46198.17,476.49,72,33,17,15,17,36,0,0,123,42,25,0
422555,35,-0.09,-0.05,-0.45,-0.25,1,0.2,0.1,0.15,30,53.68,204,192,2,190,0,53,35,0,102,0,0,12,3,207,102,88,207,43928.21,468.84,9,8,5,9,18,141,0,0,0,53,137,0
422556,35,-0.09,-0.05,-0.45,-0.25,1,0.2,0.1,0.15,30,72.11,204,192,2,190,130,0,53,0,7,0,0,12,3,207,137,53,207,69139.58,714.8,63,27,14,11,7,68,0,0,130,0,60,0
422557,35,-0.09,-0.05,-0.45,-0.25,1,0.2,0.1,0.15,40,66.14,204,192,3,189,124,46,13,5,1,0,0,12,3,207,125,64,207,42812.37,439.44,72,33,17,15,17,11,3,21,124,46,14,5
422558,35,-0.09,-0.05,-0.45,-0.25,1,0.2,0.1,0.15,40,46.56,204,192,3,189,0,60,30,11,25,63,0,12,3,207,88,101,207,25992.15,268.43,9,8,5,9,18,4,5,131,0,60,55,74
422559,35,-0.09,-0.05,-0.45,-0.25,1,0.2,0.1,0.15,40,71.43,204,192,3,189,134,0,40,14,1,0,0,12,3,207,135,54,207,61323.3,629.13,63,27,14,11,7,8,3,56,134,0,41,14
422560,35,-0.09,-0.05,-0.45,-0.25,1,0.2,0.1,0.15,50,66.14,204,192,3,189,124,46,0,18,0,1,0,12,3,207,125,64,207,43135.77,442.93,72,33,17,15,17,11,3,21,124,46,0,19
422561,35,-0.09,-0.05,-0.45,-0.25,1,0.2,0.1,0.15,50,46.03,204,192,3,189,0,61,0,41,0,87,0,12,3,207,87,102,207,21434.46,220.28,9,8,5,9,18,4,5,131,0,61,0,128
422562,35,-0.09,-0.05,-0.45,-0.25,1,0.2,0.1,0.15,50,71.96,204,192,3,189,134,0,0,53,0,2,0,12,3,207,136,53,207,62193.49,638.91,63,27,14,11,7,8,3,56,134,0,0,55
422563,35,-0.09,-0.05,-0.45,-0.25,1,0.2,0.1,0.15,60,66.14,204,192,3,189,124,46,0,18,0,1,0,12,3,207,125,64,207,43135.77,442.93,72,33,17,15,17,11,3,21,124,46,0,19
422564,35,-0.09,-0.05,-0.45,-0.25,1,0.2,0.1,0.15,60,46.03,204,192,3,189,0,61,0,41,0,87,0,12,3,207,87,102,207,21434.46,220.28,9,8,5,9,18,4,5,131,0,61,0,128
422565,35,-0.09,-0.05,-0.45,-0.25,1,0.2,0.1,0.15,60,71.96,204,192,3,189,134,0,0,53,0,2,0,12,3,207,136,53,207,62193.49,638.91,63,27,14,11,7,8,3,56,134,0,0,55
422566,35,-0.09,-0.05,-0.45,-0.25,1,0.2,0.2,0.15,20,60.53,204,192,2,190,45,31,44,0,70,0,0,12,3,207,115,75,207,66191.35,687.32,17,17,26,130,0,0,0,0,45,31,114,0
422567,35,-0.09,-0.05,-0.45,-0.25,1,0.2,0.2,0.15,20,60.53,204,192,2,190,0,31,44,0,115,0,0,12,3,207,115,75,207,56587.68,592.63,9,8,5,168,0,0,0,0,0,31,159,0
422568,35,-0.09,-0.05,-0.45,-0.25,1,0.2,0.2,0.15,20,63.68,204,192,2,190,47,0,69,0,74,0,0,12,3,207,121,69,207,78736.76,816.95,8,9,21,152,0,0,0,0,47,0,143,0
422569,35,-0.09,-0.05,-0.45,-0.25,1,0.2,0.2,0.15,30,55.79,204,192,2,190,65,53,31,0,41,0,0,12,3,207,106,84,207,64480.05,677.2,17,17,26,16,29,85,0,0,65,53,72,0
422570,35,-0.09,-0.05,-0.45,-0.25,1,0.2,0.2,0.15,30,53.68,204,192,2,190,0,53,35,0,102,0,0,12,3,207,102,88,207,43928.21,468.84,9,8,5,9,18,141,0,0,0,53,137,0
422571,35,-0.09,-0.05,-0.45,-0.25,1,0.2,0.2,0.15,30,62.11,204,192,2,190,70,0,72,0,48,0,0,12,3,207,118,72,207,92134.6,964.0,8,9,21,9,12,131,0,0,70,0,120,0
422572,35,-0.09,-0.05,-0.45,-0.25,1,0.2,0.2,0.15,40,49.74,204,192,3,189,73,59,25,11,8,13,0,12,3,207,94,95,207,52832.99,554.8,17,17,26,16,29,13,8,63,73,59,33,24
422573,35,-0.09,-0.05,-0.45,-0.25,1,0.2,0.2,0.15,40,46.56,204,192,3,189,0,60,30,11,25,63,0,12,3,207,88,101,207,25992.15,268.43,9,8,5,9,18,4,5,131,0,60,55,74
422574,35,-0.09,-0.05,-0.45,-0.25,1,0.2,0.2,0.15,40,56.08,204,192,3,189,80,0,60,23,9,17,0,12,3,207,106,83,207,75859.03,787.94,8,9,21,9,12,11,8,111,80,0,69,40
422575,35,-0.09,-0.05,-0.45,-0.25,1,0.2,0.2,0.15,50,49.74,204,192,3,189,73,59,0,36,0,21,0,12,3,207,94,95,207,50217.15,527.42,17,17,26,16,29,13,8,63,73,59,0,57
422576,35,-0.09,-0.05,-0.45,-0.25,1,0.2,0.2,0.15,50,46.03,204,192,3,189,0,61,0,41,0,87,0,12,3,207,87,102,207,21434.46,220.28,9,8,5,9,18,4,5,131,0,61,0,128
422577,35,-0.09,-0.05,-0.45,-0.25,1,0.2,0.2,0.15,50,56.08,204,192,3,189,80,0,0,83,0,26,0,12,3,207,106,83,207,71036.95,738.31,8,9,21,9,12,11,8,111,80,0,0,109
422578,35,-0.09,-0.05,-0.45,-0.25,1,0.2,0.2,0.15,60,49.74,204,192,3,189,73,59,0,36,0,21,0,12,3,207,94,95,207,50217.15,527.42,17,17,26,16,29,13,8,63,73,59,0,57
422579,35,-0.09,-0.05,-0.45,-0.25,1,0.2,0.2,0.15,60,46.03,204,192,3,189,0,61,0,41,0,87,0,12,3,207,87,102,207,21434.46,220.28,9,8,5,9,18,4,5,131,0,61,0,128
422580,35,-0.09,-0.05,-0.45,-0.25,1,0.2,0.2,0.15,60,56.08,204,192,3,189,80,0,0,83,0,26,0,12,3,207,106,83,207,71036.95,738.31,8,9,21,9,12,11,8,111,80,0,0,109
422581,35,-0.09,-0.05,-0.45,-0.25,2,0.1,0.1,0.15,20,70.0,204,192,2,190,115,27,30,0,18,0,0,12,3,207,133,57,207,52800.03,748.69,74,33,19,64,0,0,0,0,115,27,48,0
422582,35,-0.09,-0.05,-0.45,-0.25,2,0.1,0.1,0.15,20,62.63,204,192,2,190,0,31,40,0,119,0,0,12,3,207,119,71,207,64307.32,882.0,9,8,5,168,0,0,0,0,0,31,159,0
422583,35,-0.09,-0.05,-0.45,-0.25,2,0.1,0.1,0.15,20,74.74,204,192,2,190,121,0,48,0,21,0,0,12,3,207,142,48,207,75717.29,896.89,65,28,19,78,0,0,0,0,121,0,69,0
422584,35,-0.09,-0.05,-0.45,-0.25,2,0.1,0.1,0.15,30,70.53,204,192,2,190,128,40,16,0,6,0,0,12,3,207,134,56,207,53313.52,793.43,74,33,19,16,18,30,0,0,128,40,22,0
422585,35,-0.09,-0.05,-0.45,-0.25,2,0.1,0.1,0.15,30,54.74,204,192,2,190,0,53,33,0,104,0,0,12,3,207,104,86,207,50477.12,832.4,9,8,5,9,18,141,0,0,0,53,137,0
422586,35,-0.09,-0.05,-0.45,-0.25,2,0.1,0.1,0.15,30,79.47,204,192,2,190,140,0,39,0,11,0,0,12,3,207,151,39,207,92285.97,1033.77,65,28,19,9,12,57,0,0,140,0,50,0
422587,35,-0.09,-0.05,-0.45,-0.25,2,0.1,0.1,0.15,40,70.37,204,192,3,189,130,43,11,2,1,2,0,12,3,207,133,56,207,51774.15,781.32,74,33,19,16,18,8,4,17,130,43,12,4
422588,35,-0.09,-0.05,-0.45,-0.25,2,0.1,0.1,0.15,40,50.26,204,192,3,189,0,60,28,6,27,68,0,12,3,207,95,94,207,31484.33,661.17,9,8,5,9,18,4,5,131,0,60,55,74
422589,35,-0.09,-0.05,-0.45,-0.25,2,0.1,0.1,0.15,40,79.37,204,192,3,189,145,0,31,8,1,4,0,12,3,207,150,39,207,87499.39,1002.47,65,28,19,9,12,7,5,44,145,0,32,12
422590,35,-0.09,-0.05,-0.45,-0.25,2,0.1,0.1,0.15,50,70.9,204,192,3,189,130,43,0,12,0,4,0,12,3,207,134,55,207,52878.15,790.57,74,33,19,16,18,8,4,17,130,43,0,16
422591,35,-0.09,-0.05,-0.45,-0.25,2,0.1,0.1,0.15,50,50.26,204,192,3,189,0,61,0,33,0,95,0,12,3,207,95,94,207,26628.2,622.83,9,8,5,9,18,4,5,131,0,61,0,128
422592,35,-0.09,-0.05,-0.45,-0.25,2,0.1,0.1,0.15,50,79.89,204,192,3,189,145,0,0,38,0,6,0,12,3,207,151,38,207,88144.17,1008.31,65,28,19,9,12,7,5,44,145,0,0,44
422593,35,-0.09,-0.05,-0.45,-0.25,2,0.1,0.1,0.15,60,70.9,204,192,3,189,130,43,0,12,0,4,0,12,3,207,134,55,207,52878.15,790.57,74,33,19,16,18,8,4,17,130,43,0,16
422594,35,-0.09,-0.05,-0.45,-0.25,2,0.1,0.1,0.15,60,50.26,204,192,3,189,0,61,0,33,0,95,0,12,3,207,95,94,207,26628.2,622.83,9,8,5,9,18,4,5,131,0,61,0,128
422595,35,-0.09,-0.05,-0.45,-0.25,2,0.1,0.1,0.15,60,79.89,204,192,3,189,145,0,0,38,0,6,0,12,3,207,151,38,207,88144.17,1008.31,65,28,19,9,12,7,5,44,145,0,0,44
422596,35,-0.09,-0.05,-0.45,-0.25,2,0.1,0.2,0.15,20,62.63,204,192,2,190,47,31,40,0,72,0,0,12,3,207,119,71,207,74415.91,975.97,17,18,26,129,0,0,0,0,47,31,112,0
422597,35,-0.09,-0.05,-0.45,-0.25,2,0.1,0.2,0.15,20,62.63,204,192,2,190,0,31,40,0,119,0,0,12,3,207,119,71,207,64307.32,882.0,9,8,5,168,0,0,0,0,0,31,159,0
422598,35,-0.09,-0.05,-0.45,-0.25,2,0.1,0.2,0.15,20,67.89,204,192,2,190,49,0,61,0,80,0,0,12,3,207,129,61,207,94979.37,1128.24,8,10,21,151,0,0,0,0,49,0,141,0
422599,35,-0.09,-0.05,-0.45,-0.25,2,0.1,0.2,0.15,30,56.84,204,192,2,190,67,53,29,0,41,0,0,12,3,207,108,82,207,71556.6,1036.61,17,18,26,17,29,83,0,0,67,53,70,0
422600,35,-0.09,-0.05,-0.45,-0.25,2,0.1,0.2,0.15,30,54.74,204,192,2,190,0,53,33,0,104,0,0,12,3,207,104,86,207,50477.12,832.4,9,8,5,9,18,141,0,0,0,53,137,0
422601,35,-0.09,-0.05,-0.45,-0.25,2,0.1,0.2,0.15,30,68.42,204,192,2,190,76,0,60,0,54,0,0,12,3,207,130,60,207,125430.5,1386.73,8,10,21,10,15,126,0,0,76,0,114,0
422602,35,-0.09,-0.05,-0.45,-0.25,2,0.1,0.2,0.15,40,53.44,204,192,3,189,76,59,23,6,9,16,0,12,3,207,101,88,207,54444.82,918.27,17,18,26,17,29,13,8,61,76,59,32,22
422603,35,-0.09,-0.05,-0.45,-0.25,2,0.1,0.2,0.15,40,50.26,204,192,3,189,0,60,28,6,27,68,0,12,3,207,95,94,207,31484.33,661.17,9,8,5,9,18,4,5,131,0,60,55,74
422604,35,-0.09,-0.05,-0.45,-0.25,2,0.1,0.2,0.15,40,62.96,204,192,3,189,88,0,54,16,13,18,0,12,3,207,119,70,207,99917.43,1219.62,8,10,21,10,15,12,8,105,88,0,67,34
422605,35,-0.09,-0.05,-0.45,-0.25,2,0.1,0.2,0.15,50,53.97,204,192,3,189,76,59,0,28,0,26,0,12,3,207,102,87,207,52671.07,900.9,17,18,26,17,29,13,8,61,76,59,0,54
422606,35,-0.09,-0.05,-0.45,-0.25,2,0.1,0.2,0.15,50,50.26,204,192,3,189,0,61,0,33,0,95,0,12,3,207,95,94,207,26628.2,622.83,9,8,5,9,18,4,5,131,0,61,0,128
422607,35,-0.09,-0.05,-0.45,-0.25,2,0.1,0.2,0.15,50,64.02,204,192,3,189,88,0,0,68,0,33,0,12,3,207,121,68,207,94203.59,1182.41,8,10,21,10,15,12,8,105,88,0,0,101
422608,35,-0.09,-0.05,-0.45,-0.25,2,0.1,0.2,0.15,60,53.97,204,192,3,189,76,59,0,28,0,26,0,12,3,207,102,87,207,52671.07,900.9,17,18,26,17,29,13,8,61,76,59,0,54
422609,35,-0.09,-0.05,-0.45,-0.25,2,0.1,0.2,0.15,60,50.26,204,192,3,189,0,61,0,33,0,95,0,12,3,207,95,94,207,26628.2,622.83,9,8,5,9,18,4,5,131,0,61,0,128
422610,35,-0.09,-0.05,-0.45,-0.25,2,0.1,0.2,0.15,60,64.02,204,192,3,189,88,0,0,68,0,33,0,12,3,207,121,68,207,94203.59,1182.41,8,10,21,10,15,12,8,105,88,0,0,101
422611,35,-0.09,-0.05,-0.45,-0.25,2,0.2,0.1,0.15,20,67.37,204,192,2,190,110,27,35,0,18,0,0,12,3,207,128,62,207,47688.14,489.29,72,33,17,68,0,0,0,0,110,27,53,0
422612,35,-0.09,-0.05,-0.45,-0.25,2,0.2,0.1,0.15,20,60.53,204,192,2,190,0,31,44,0,115,0,0,12,3,207,115,75,207,56587.68,592.63,9,8,5,168,0,0,0,0,0,31,159,0
422613,35,-0.09,-0.05,-0.45,-0.25,2,0.2,0.1,0.15,20,70.0,204,192,2,190,115,0,57,0,18,0,0,12,3,207,133,57,207,61834.26,634.48,63,27,14,86,0,0,0,0,115,0,75,0
422614,35,-0.09,-0.05,-0.45,-0.25,2,0.2,0.1,0.15,30,67.37,204,192,2,190,123,42,20,0,5,0,0,12,3,207,128,62,207,46198.17,476.49,72,33,17,15,17,36,0,0,123,42,25,0
422615,35,-0.09,-0.05,-0.45,-0.25,2,0.2,0.1,0.15,30,53.68,204,192,2,190,0,53,35,0,102,0,0,12,3,207,102,88,207,43928.21,468.84,9,8,5,9,18,141,0,0,0,53,137,0
422616,35,-0.09,-0.05,-0.45,-0.25,2,0.2,0.1,0.15,30,72.11,204,192,2,190,130,0,53,0,7,0,0,12,3,207,137,53,207,69139.58,714.8,63,27,14,11,7,68,0,0,130,0,60,0
422617,35,-0.09,-0.05,-0.45,-0.25,2,0.2,0.1,0.15,40,66.14,204,192,3,189,124,46,13,5,1,0,0,12,3,207,125,64,207,42812.37,439.44,72,33,17,15,17,11,3,21,124,46,14,5
422618,35,-0.09,-0.05,-0.45,-0.25,2,0.2,0.1,0.15,40,46.56,204,192,3,189,0,60,30,11,25,63,0,12,3,207,88,101,207,25992.15,268.43,9,8,5,9,18,4,5,131,0,60,55,74
422619,35,-0.09,-0.05,-0.45,-0.25,2,0.2,0.1,0.15,40,71.43,204,192,3,189,134,0,40,14,1,0,0,12,3,207,135,54,207,61323.3,629.13,63,27,14,11,7,8,3,56,134,0,41,14
422620,35,-0.09,-0.05,-0.45,-0.25,2,0.2,0.1,0.15,50,66.14,204,192,3,189,124,46,0,18,0,1,0,12,3,207,125,64,207,43135.77,442.93,72,33,17,15,17,11,3,21,124,46,0,19
422621,35,-0.09,-0.05,-0.45,-0.25,2,0.2,0.1,0.15,50,46.03,204,192,3,189,0,61,0,41,0,87,0,12,3,207,87,102,207,21434.46,220.28,9,8,5,9,18,4,5,131,0,61,0,128
422622,35,-0.09,-0.05,-0.45,-0.25,2,0.2,0.1,0.15,50,71.96,204,192,3,189,134,0,0,53,0,2,0,12,3,207,136,53,207,62193.49,638.91,63,27,14,11,7,8,3,56,134,0,0,55
422623,35,-0.09,-0.05,-0.45,-0.25,2,0.2,0.1,0.15,60,66.14,204,192,3,189,124,46,0,18,0,1,0,12,3,207,125,64,207,43135.77,442.93,72,33,17,15,17,11,3,21,124,46,0,19
422624,35,-0.09,-0.05,-0.45,-0.25,2,0.2,0.1,0.15,60,46.03,204,192,3,189,0,61,0,41,0,87,0,12,3,207,87,102,207,21434.46,220.28,9,8,5,9,18,4,5,131,0,61,0,128
422625,35,-0.09,-0.05,-0.45,-0.25,2,0.2,0.1,0.15,60,71.96,204,192,3,189,134,0,0,53,0,2,0,12,3,207,136,53,207,62193.49,638.91,63,27,14,11,7,8,3,56,134,0,0,55
422626,35,-0.09,-0.05,-0.45,-0.25,2,0.2,0.2,0.15,20,60.53,204,192,2,190,45,31,44,0,70,0,0,12,3,207,115,75,207,66191.35,687.32,17,17,26,130,0,0,0,0,45,31,114,0
422627,35,-0.09,-0.05,-0.45,-0.25,2,0.2,0.2,0.15,20,60.53,204,192,2,190,0,31,44,0,115,0,0,12,3,207,115,75,207,56587.68,592.63,9,8,5,168,0,0,0,0,0,31,159,0
422628,35,-0.09,-0.05,-0.45,-0.25,2,0.2,0.2,0.15,20,63.68,204,192,2,190,47,0,69,0,74,0,0,12,3,207,121,69,207,78736.76,816.95,8,9,21,152,0,0,0,0,47,0,143,0
422629,35,-0.09,-0.05,-0.45,-0.25,2,0.2,0.2,0.15,30,55.79,204,192,2,190,65,53,31,0,41,0,0,12,3,207,106,84,207,64480.05,677.2,17,17,26,16,29,85,0,0,65,53,72,0
422630,35,-0.09,-0.05,-0.45,-0.25,2,0.2,0.2,0.15,30,53.68,204,192,2,190,0,53,35,0,102,0,0,12,3,207,102,88,207,43928.21,468.84,9,8,5,9,18,141,0,0,0,53,137,0
422631,35,-0.09,-0.05,-0.45,-0.25,2,0.2,0.2,0.15,30,62.11,204,192,2,190,70,0,72,0,48,0,0,12,3,207,118,72,207,92134.6,964.0,8,9,21,9,12,131,0,0,70,0,120,0
422632,35,-0.09,-0.05,-0.45,-0.25,2,0.2,0.2,0.15,40,49.74,204,192,3,189,73,59,25,11,8,13,0,12,3,207,94,95,207,52832.99,554.8,17,17,26,16,29,13,8,63,73,59,33,24
422633,35,-0.09,-0.05,-0.45,-0.25,2,0.2,0.2,0.15,40,46.56,204,192,3,189,0,60,30,11,25,63,0,12,3,207,88,101,207,25992.15,268.43,9,8,5,9,18,4,5,131,0,60,55,74
422634,35,-0.09,-0.05,-0.45,-0.25,2,0.2,0.2,0.15,40,56.08,204,192,3,189,80,0,60,23,9,17,0,12,3,207,106,83,207,75859.03,787.94,8,9,21,9,12,11,8,111,80,0,69,40
422635,35,-0.09,-0.05,-0.45,-0.25,2,0.2,0.2,0.15,50,49.74,204,192,3,189,73,59,0,36,0,21,0,12,3,207,94,95,207,50217.15,527.42,17,17,26,16,29,13,8,63,73,59,0,57
422636,35,-0.09,-0.05,-0.45,-0.25,2,0.2,0.2,0.15,50,46.03,204,192,3,189,0,61,0,41,0,87,0,12,3,207,87,102,207,21434.46,220.28,9,8,5,9,18,4,5,131,0,61,0,128
422637,35,-0.09,-0.05,-0.45,-0.25,2,0.2,0.2,0.15,50,56.08,204,192,3,189,80,0,0,83,0,26,0,12,3,207,106,83,207,71036.95,738.31,8,9,21,9,12,11,8,111,80,0,0,109
422638,35,-0.09,-0.05,-0.45,-0.25,2,0.2,0.2,0.15,60,49.74,204,192,3,189,73,59,0,36,0,21,0,12,3,207,94,95,207,50217.15,527.42,17,17,26,16,29,13,8,63,73,59,0,57
422639,35,-0.09,-0.05,-0.45,-0.25,2,0.2,0.2,0.15,60,46.03,204,192,3,189,0,61,0,41,0,87,0,12,3,207,87,102,207,21434.46,220.28,9,8,5,9,18,4,5,131,0,61,0,128
422640,35,-0.09,-0.05,-0.45,-0.25,2,0.2,0.2,0.15,60,56.08,204,192,3,189,80,0,0,83,0,26,0,12,3,207,106,83,207,71036.95,738.31,8,9,21,9,12,11,8,111,80,0,0,109
422641,35,-0.09,-0.05,-0.4,-0.35,1,0.1,0.1,0.15,20,72.13,65,61,0,61,38,9,8,0,6,0,0,4,1,66,44,17,66,19497.59,196.69,30,10,3,18,0,0,0,0,38,9,14,0
422642,35,-0.09,-0.05,-0.4,-0.35,1,0.1,0.1,0.15,20,65.57,65,61,0,61,0,10,11,0,40,0,0,4,1,66,40,21,66,30138.22,307.95,4,4,0,53,0,0,0,0,0,10,51,0
422643,35,-0.09,-0.05,-0.4,-0.35,1,0.1,0.1,0.15,20,73.77,65,61,0,61,39,0,16,0,6,0,0,4,1,66,45,16,66,23599.8,240.84,26,7,3,25,0,0,0,0,39,0,22,0
422644,35,-0.09,-0.05,-0.4,-0.35,1,0.1,0.1,0.15,30,68.85,65,61,0,61,41,13,6,0,1,0,0,4,1,66,42,19,66,16464.96,165.29,30,10,3,4,4,10,0,0,41,13,7,0
422645,35,-0.09,-0.05,-0.4,-0.35,1,0.1,0.1,0.15,30,59.02,65,61,0,61,0,15,10,0,36,0,0,4,1,66,36,25,66,26109.74,266.26,4,4,0,2,3,48,0,0,0,15,46,0
422646,35,-0.09,-0.05,-0.4,-0.35,1,0.1,0.1,0.15,30,73.77,65,61,0,61,43,0,16,0,2,0,0,4,1,66,45,16,66,24887.25,254.41,26,7,3,3,3,19,0,0,43,0,18,0
422647,35,-0.09,-0.05,-0.4,-0.35,1,0.1,0.1,0.15,40,67.21,65,61,0,61,41,15,3,2,0,0,0,4,1,66,41,20,66,15505.03,155.66,30,10,3,4,4,3,1,6,41,15,3,2
422648,35,-0.09,-0.05,-0.4,-0.35,1,0.1,0.1,0.15,40,55.74,65,61,0,61,0,18,6,3,12,22,0,4,1,66,34,27,66,21331.31,216.39,4,4,0,2,3,2,2,44,0,18,18,25
422649,35,-0.09,-0.05,-0.4,-0.35,1,0.1,0.1,0.15,40,72.13,65,61,0,61,44,0,13,4,0,0,0,4,1,66,44,17,66,21230.59,215.32,26,7,3,3,3,1,1,17,44,0,13,4
422650,35,-0.09,-0.05,-0.4,-0.35,1,0.1,0.1,0.15,50,67.21,65,61,0,61,41,15,0,5,0,0,0,4,1,66,41,20,66,15765.27,158.27,30,10,3,4,4,3,1,6,41,15,0,5
422651,35,-0.09,-0.05,-0.4,-0.35,1,0.1,0.1,0.15,50,54.1,65,61,0,61,0,18,0,10,0,33,0,4,1,66,33,28,66,19512.44,197.3,4,4,0,2,3,2,2,44,0,18,0,43
422652,35,-0.09,-0.05,-0.4,-0.35,1,0.1,0.1,0.15,50,73.77,65,61,0,61,44,0,0,16,0,1,0,4,1,66,45,16,66,22987.07,234.23,26,7,3,3,3,1,1,17,44,0,0,17
422653,35,-0.09,-0.05,-0.4,-0.35,1,0.1,0.1,0.15,60,67.21,65,61,0,61,41,15,0,5,0,0,0,4,1,66,41,20,66,15765.27,158.27,30,10,3,4,4,3,1,6,41,15,0,5
422654,35,-0.09,-0.05,-0.4,-0.35,1,0.1,0.1,0.15,60,54.1,65,61,0,61,0,18,0,10,0,33,0,4,1,66,33,28,66,19512.44,197.3,4,4,0,2,3,2,2,44,0,18,0,43
422655,35,-0.09,-0.05,-0.4,-0.35,1,0.1,0.1,0.15,60,73.77,65,61,0,61,44,0,0,16,0,1,0,4,1,66,45,16,66,22987.07,234.23,26,7,3,3,3,1,1,17,44,0,0,17
422656,35,-0.09,-0.05,-0.4,-0.35,1,0.1,0.2,0.15,20,65.57,65,61,0,61,18,10,11,0,22,0,0,4,1,66,40,21,66,33440.89,340.09,10,6,8,37,0,0,0,0,18,10,33,0
422657,35,-0.09,-0.05,-0.4,-0.35,1,0.1,0.2,0.15,20,65.57,65,61,0,61,0,10,11,0,40,0,0,4,1,66,40,21,66,30138.22,307.95,4,4,0,53,0,0,0,0,0,10,51,0
422658,35,-0.09,-0.05,-0.4,-0.35,1,0.1,0.2,0.15,20,68.85,65,61,0,61,19,0,19,0,23,0,0,4,1,66,42,19,66,40290.03,412.57,6,2,8,45,0,0,0,0,19,0,42,0
422659,35,-0.09,-0.05,-0.4,-0.35,1,0.1,0.2,0.15,30,60.66,65,61,0,61,24,15,9,0,13,0,0,4,1,66,37,24,66,30471.5,311.48,10,6,8,4,7,26,0,0,24,15,22,0
422660,35,-0.09,-0.05,-0.4,-0.35,1,0.1,0.2,0.15,30,59.02,65,61,0,61,0,15,10,0,36,0,0,4,1,66,36,25,66,26109.74,266.26,4,4,0,2,3,48,0,0,0,15,46,0
422661,35,-0.09,-0.05,-0.4,-0.35,1,0.1,0.2,0.15,30,67.21,65,61,0,61,26,0,20,0,15,0,0,4,1,66,41,20,66,42700.95,439.46,6,2,8,3,4,38,0,0,26,0,35,0
422662,35,-0.09,-0.05,-0.4,-0.35,1,0.1,0.2,0.15,40,55.74,65,61,0,61,27,18,6,3,2,5,0,4,1,66,34,27,66,28431.7,290.22,10,6,8,4,7,4,4,18,27,18,8,8
422663,35,-0.09,-0.05,-0.4,-0.35,1,0.1,0.2,0.15,40,55.74,65,61,0,61,0,18,6,3,12,22,0,4,1,66,34,27,66,21331.31,216.39,4,4,0,2,3,2,2,44,0,18,18,25
422664,35,-0.09,-0.05,-0.4,-0.35,1,0.1,0.2,0.15,40,62.3,65,61,0,61,30,0,18,5,2,6,0,4,1,66,38,23,66,38001.65,389.17,6,2,8,3,4,3,4,31,30,0,20,11
422665,35,-0.09,-0.05,-0.4,-0.35,1,0.1,0.2,0.15,50,55.74,65,61,0,61,27,18,0,9,0,7,0,4,1,66,34,27,66,27738.95,283.27,10,6,8,4,7,4,4,18,27,18,0,16
422666,35,-0.09,-0.05,-0.4,-0.35,1,0.1,0.2,0.15,50,54.1,65,61,0,61,0,18,0,10,0,33,0,4,1,66,33,28,66,19512.44,197.3,4,4,0,2,3,2,2,44,0,18,0,43
422667,35,-0.09,-0.05,-0.4,-0.35,1,0.1,0.2,0.15,50,63.93,65,61,0,61,30,0,0,22,0,9,0,4,1,66,39,22,66,38391.84,394.33,6,2,8,3,4,3,4,31,30,0,0,31
422668,35,-0.09,-0.05,-0.4,-0.35,1,0.1,0.2,0.15,60,55.74,65,61,0,61,27,18,0,9,0,7,0,4,1,66,34,27,66,27738.95,283.27,10,6,8,4,7,4,4,18,27,18,0,16
422669,35,-0.09,-0.05,-0.4,-0.35,1,0.1,0.2,0.15,60,54.1,65,61,0,61,0,18,0,10,0,33,0,4,1,66,33,28,66,19512.44,197.3,4,4,0,2,3,2,2,44,0,18,0,43
422670,35,-0.09,-0.05,-0.4,-0.35,1,0.1,0.2,0.15,60,63.93,65,61,0,61,30,0,0,22,0,9,0,4,1,66,39,22,66,38391.84,394.33,6,2,8,3,4,3,4,31,30,0,0,31
422671,35,-0.09,-0.05,-0.4,-0.35,1,0.2,0.1,0.15,20,72.13,65,61,0,61,38,9,8,0,6,0,0,4,1,66,44,17,66,19497.59,196.69,30,10,3,18,0,0,0,0,38,9,14,0
422672,35,-0.09,-0.05,-0.4,-0.35,1,0.2,0.1,0.15,20,65.57,65,61,0,61,0,10,11,0,40,0,0,4,1,66,40,21,66,30138.22,307.95,4,4,0,53,0,0,0,0,0,10,51,0
422673,35,-0.09,-0.05,-0.4,-0.35,1,0.2,0.1,0.15,20,73.77,65,61,0,61,39,0,16,0,6,0,0,4,1,66,45,16,66,23599.8,240.84,26,7,3,25,0,0,0,0,39,0,22,0
422674,35,-0.09,-0.05,-0.4,-0.35,1,0.2,0.1,0.15,30,68.85,65,61,0,61,41,13,6,0,1,0,0,4,1,66,42,19,66,16464.96,165.29,30,10,3,4,4,10,0,0,41,13,7,0
422675,35,-0.09,-0.05,-0.4,-0.35,1,0.2,0.1,0.15,30,59.02,65,61,0,61,0,15,10,0,36,0,0,4,1,66,36,25,66,26109.74,266.26,4,4,0,2,3,48,0,0,0,15,46,0
422676,35,-0.09,-0.05,-0.4,-0.35,1,0.2,0.1,0.15,30,73.77,65,61,0,61,43,0,16,0,2,0,0,4,1,66,45,16,66,24887.25,254.41,26,7,3,3,3,19,0,0,43,0,18,0
422677,35,-0.09,-0.05,-0.4,-0.35,1,0.2,0.1,0.15,40,67.21,65,61,0,61,41,15,3,2,0,0,0,4,1,66,41,20,66,15505.03,155.66,30,10,3,4,4,3,1,6,41,15,3,2
422678,35,-0.09,-0.05,-0.4,-0.35,1,0.2,0.1,0.15,40,55.74,65,61,0,61,0,18,6,3,12,22,0,4,1,66,34,27,66,21331.31,216.39,4,4,0,2,3,2,2,44,0,18,18,25
422679,35,-0.09,-0.05,-0.4,-0.35,1,0.2,0.1,0.15,40,72.13,65,61,0,61,44,0,13,4,0,0,0,4,1,66,44,17,66,21230.59,215.32,26,7,3,3,3,1,1,17,44,0,13,4
422680,35,-0.09,-0.05,-0.4,-0.35,1,0.2,0.1,0.15,50,67.21,65,61,0,61,41,15,0,5,0,0,0,4,1,66,41,20,66,15765.27,158.27,30,10,3,4,4,3,1,6,41,15,0,5
422681,35,-0.09,-0.05,-0.4,-0.35,1,0.2,0.1,0.15,50,54.1,65,61,0,61,0,18,0,10,0,33,0,4,1,66,33,28,66,19512.44,197.3,4,4,0,2,3,2,2,44,0,18,0,43
422682,35,-0.09,-0.05,-0.4,-0.35,1,0.2,0.1,0.15,50,73.77,65,61,0,61,44,0,0,16,0,1,0,4,1,66,45,16,66,22987.07,234.23,26,7,3,3,3,1,1,17,44,0,0,17
422683,35,-0.09,-0.05,-0.4,-0.35,1,0.2,0.1,0.15,60,67.21,65,61,0,61,41,15,0,5,0,0,0,4,1,66,41,20,66,15765.27,158.27,30,10,3,4,4,3,1,6,41,15,0,5
422684,35,-0.09,-0.05,-0.4,-0.35,1,0.2,0.1,0.15,60,54.1,65,61,0,61,0,18,0,10,0,33,0,4,1,66,33,28,66,19512.44,197.3,4,4,0,2,3,2,2,44,0,18,0,43
422685,35,-0.09,-0.05,-0.4,-0.35,1,0.2,0.1,0.15,60,73.77,65,61,0,61,44,0,0,16,0,1,0,4,1,66,45,16,66,22987.07,234.23,26,7,3,3,3,1,1,17,44,0,0,17
422686,35,-0.09,-0.05,-0.4,-0.35,1,0.2,0.2,0.15,20,65.57,65,61,0,61,18,10,11,0,22,0,0,4,1,66,40,21,66,33440.89,340.09,10,6,8,37,0,0,0,0,18,10,33,0
422687,35,-0.09,-0.05,-0.4,-0.35,1,0.2,0.2,0.15,20,65.57,65,61,0,61,0,10,11,0,40,0,0,4,1,66,40,21,66,30138.22,307.95,4,4,0,53,0,0,0,0,0,10,51,0
422688,35,-0.09,-0.05,-0.4,-0.35,1,0.2,0.2,0.15,20,68.85,65,61,0,61,19,0,19,0,23,0,0,4,1,66,42,19,66,40290.03,412.57,6,2,8,45,0,0,0,0,19,0,42,0
422689,35,-0.09,-0.05,-0.4,-0.35,1,0.2,0.2,0.15,30,60.66,65,61,0,61,24,15,9,0,13,0,0,4,1,66,37,24,66,30471.5,311.48,10,6,8,4,7,26,0,0,24,15,22,0
422690,35,-0.09,-0.05,-0.4,-0.35,1,0.2,0.2,0.15,30,59.02,65,61,0,61,0,15,10,0,36,0,0,4,1,66,36,25,66,26109.74,266.26,4,4,0,2,3,48,0,0,0,15,46,0
422691,35,-0.09,-0.05,-0.4,-0.35,1,0.2,0.2,0.15,30,67.21,65,61,0,61,26,0,20,0,15,0,0,4,1,66,41,20,66,42700.95,439.46,6,2,8,3,4,38,0,0,26,0,35,0
422692,35,-0.09,-0.05,-0.4,-0.35,1,0.2,0.2,0.15,40,55.74,65,61,0,61,27,18,6,3,2,5,0,4,1,66,34,27,66,28431.7,290.22,10,6,8,4,7,4,4,18,27,18,8,8
422693,35,-0.09,-0.05,-0.4,-0.35,1,0.2,0.2,0.15,40,55.74,65,61,0,61,0,18,6,3,12,22,0,4,1,66,34,27,66,21331.31,216.39,4,4,0,2,3,2,2,44,0,18,18,25
422694,35,-0.09,-0.05,-0.4,-0.35,1,0.2,0.2,0.15,40,62.3,65,61,0,61,30,0,18,5,2,6,0,4,1,66,38,23,66,38001.65,389.17,6,2,8,3,4,3,4,31,30,0,20,11
422695,35,-0.09,-0.05,-0.4,-0.35,1,0.2,0.2,0.15,50,55.74,65,61,0,61,27,18,0,9,0,7,0,4,1,66,34,27,66,27738.95,283.27,10,6,8,4,7,4,4,18,27,18,0,16
422696,35,-0.09,-0.05,-0.4,-0.35,1,0.2,0.2,0.15,50,54.1,65,61,0,61,0,18,0,10,0,33,0,4,1,66,33,28,66,19512.44,197.3,4,4,0,2,3,2,2,44,0,18,0,43
422697,35,-0.09,-0.05,-0.4,-0.35,1,0.2,0.2,0.15,50,63.93,65,61,0,61,30,0,0,22,0,9,0,4,1,66,39,22,66,38391.84,394.33,6,2,8,3,4,3,4,31,30,0,0,31
422698,35,-0.09,-0.05,-0.4,-0.35,1,0.2,0.2,0.15,60,55.74,65,61,0,61,27,18,0,9,0,7,0,4,1,66,34,27,66,27738.95,283.27,10,6,8,4,7,4,4,18,27,18,0,16
422699,35,-0.09,-0.05,-0.4,-0.35,1,0.2,0.2,0.15,60,54.1,65,61,0,61,0,18,0,10,0,33,0,4,1,66,33,28,66,19512.44,197.3,4,4,0,2,3,2,2,44,0,18,0,43
422700,35,-0.09,-0.05,-0.4,-0.35,1,0.2,0.2,0.15,60,63.93,65,61,0,61,30,0,0,22,0,9,0,4,1,66,39,22,66,38391.84,394.33,6,2,8,3,4,3,4,31,30,0,0,31
422701,35,-0.09,-0.05,-0.4,-0.35,2,0.1,0.1,0.15,20,75.41,65,61,0,61,40,9,6,0,6,0,0,4,1,66,46,15,66,22227.36,271.55,30,11,3,17,0,0,0,0,40,9,12,0
422702,35,-0.09,-0.05,-0.4,-0.35,2,0.1,0.1,0.15,20,70.49,65,61,0,61,0,10,8,0,43,0,0,4,1,66,43,18,66,37726.13,406.95,4,4,0,53,0,0,0,0,0,10,51,0
422703,35,-0.09,-0.05,-0.4,-0.35,2,0.1,0.1,0.15,20,78.69,65,61,0,61,41,0,13,0,7,0,0,4,1,66,48,13,66,28687.26,321.63,26,8,4,23,0,0,0,0,41,0,20,0
422704,35,-0.09,-0.05,-0.4,-0.35,2,0.1,0.1,0.15,30,72.13,65,61,0,61,43,13,4,0,1,0,0,4,1,66,44,17,66,18768.05,266.4,30,11,3,5,5,7,0,0,43,13,5,0
422705,35,-0.09,-0.05,-0.4,-0.35,2,0.1,0.1,0.15,30,59.02,65,61,0,61,0,15,10,0,36,0,0,4,1,66,36,25,66,31097.01,398.64,4,4,0,2,3,48,0,0,0,15,46,0
422706,35,-0.09,-0.05,-0.4,-0.35,2,0.1,0.1,0.15,30,81.97,65,61,0,61,47,0,11,0,3,0,0,4,1,66,50,11,66,35014.72,367.07,26,8,4,3,5,15,0,0,47,0,14,0
422707,35,-0.09,-0.05,-0.4,-0.35,2,0.1,0.1,0.15,40,72.13,65,61,0,61,43,14,2,1,0,1,0,4,1,66,44,17,66,19508.75,267.88,30,11,3,5,5,2,1,4,43,14,2,2
422708,35,-0.09,-0.05,-0.4,-0.35,2,0.1,0.1,0.15,40,60.66,65,61,0,61,0,18,5,1,13,24,0,4,1,66,37,24,66,25672.49,353.39,4,4,0,2,3,2,2,44,0,18,18,25
422709,35,-0.09,-0.05,-0.4,-0.35,2,0.1,0.1,0.15,40,81.97,65,61,0,61,48,0,9,2,0,2,0,4,1,66,50,11,66,32050.37,348.81,26,8,4,3,5,1,1,13,48,0,9,4
422710,35,-0.09,-0.05,-0.4,-0.35,2,0.1,0.1,0.15,50,72.13,65,61,0,61,43,14,0,3,0,1,0,4,1,66,44,17,66,19833.15,274.12,30,11,3,5,5,2,1,4,43,14,0,4
422711,35,-0.09,-0.05,-0.4,-0.35,2,0.1,0.1,0.15,50,60.66,65,61,0,61,0,18,0,6,0,37,0,4,1,66,37,24,66,24164.82,339.42,4,4,0,2,3,2,2,44,0,18,0,43
422712,35,-0.09,-0.05,-0.4,-0.35,2,0.1,0.1,0.15,50,81.97,65,61,0,61,48,0,0,11,0,2,0,4,1,66,50,11,66,33114.72,358.28,26,8,4,3,5,1,1,13,48,0,0,13
422713,35,-0.09,-0.05,-0.4,-0.35,2,0.1,0.1,0.15,60,72.13,65,61,0,61,43,14,0,3,0,1,0,4,1,66,44,17,66,19833.15,274.12,30,11,3,5,5,2,1,4,43,14,0,4
422714,35,-0.09,-0.05,-0.4,-0.35,2,0.1,0.1,0.15,60,60.66,65,61,0,61,0,18,0,6,0,37,0,4,1,66,37,24,66,24164.82,339.42,4,4,0,2,3,2,2,44,0,18,0,43
422715,35,-0.09,-0.05,-0.4,-0.35,2,0.1,0.1,0.15,60,81.97,65,61,0,61,48,0,0,11,0,2,0,4,1,66,50,11,66,33114.72,358.28,26,8,4,3,5,1,1,13,48,0,0,13
422716,35,-0.09,-0.05,-0.4,-0.35,2,0.1,0.2,0.15,20,70.49,65,61,0,61,19,10,8,0,24,0,0,4,1,66,43,18,66,40932.0,435.31,10,7,8,36,0,0,0,0,19,10,32,0
422717,35,-0.09,-0.05,-0.4,-0.35,2,0.1,0.2,0.15,20,70.49,65,61,0,61,0,10,8,0,43,0,0,4,1,66,43,18,66,37726.13,406.95,4,4,0,53,0,0,0,0,0,10,51,0
422718,35,-0.09,-0.05,-0.4,-0.35,2,0.1,0.2,0.15,20,75.41,65,61,0,61,20,0,15,0,26,0,0,4,1,66,46,15,66,53004.73,514.74,6,3,8,44,0,0,0,0,20,0,41,0
422719,35,-0.09,-0.05,-0.4,-0.35,2,0.1,0.2,0.15,30,60.66,65,61,0,61,25,15,9,0,12,0,0,4,1,66,37,24,66,37218.37,444.55,10,7,8,4,7,25,0,0,25,15,21,0
422720,35,-0.09,-0.05,-0.4,-0.35,2,0.1,0.2,0.15,30,59.02,65,61,0,61,0,15,10,0,36,0,0,4,1,66,36,25,66,31097.01,398.64,4,4,0,2,3,48,0,0,0,15,46,0
422721,35,-0.09,-0.05,-0.4,-0.35,2,0.1,0.2,0.15,30,72.13,65,61,0,61,28,0,17,0,16,0,0,4,1,66,44,17,66,60384.97,580.82,6,3,8,3,5,36,0,0,28,0,33,0
422722,35,-0.09,-0.05,-0.4,-0.35,2,0.1,0.2,0.15,40,60.66,65,61,0,61,29,18,5,1,3,5,0,4,1,66,37,24,66,32822.34,416.04,10,7,8,4,7,4,4,17,29,18,8,6
422723,35,-0.09,-0.05,-0.4,-0.35,2,0.1,0.2,0.15,40,60.66,65,61,0,61,0,18,5,1,13,24,0,4,1,66,37,24,66,25672.49,353.39,4,4,0,2,3,2,2,44,0,18,18,25
422724,35,-0.09,-0.05,-0.4,-0.35,2,0.1,0.2,0.15,40,68.85,65,61,0,61,33,0,17,2,3,6,0,4,1,66,42,19,66,50253.21,521.05,6,3,8,3,5,3,4,29,33,0,20,8
422725,35,-0.09,-0.05,-0.4,-0.35,2,0.1,0.2,0.15,50,60.66,65,61,0,61,29,18,0,6,0,8,0,4,1,66,37,24,66,32496.69,414.24,10,7,8,4,7,4,4,17,29,18,0,14
422726,35,-0.09,-0.05,-0.4,-0.35,2,0.1,0.2,0.15,50,60.66,65,61,0,61,0,18,0,6,0,37,0,4,1,66,37,24,66,24164.82,339.42,4,4,0,2,3,2,2,44,0,18,0,43
422727,35,-0.09,-0.05,-0.4,-0.35,2,0.1,0.2,0.15,50,70.49,65,61,0,61,33,0,0,18,0,10,0,4,1,66,43,18,66,52326.36,532.05,6,3,8,3,5,3,4,29,33,0,0,28
422728,35,-0.09,-0.05,-0.4,-0.35,2,0.1,0.2,0.15,60,60.66,65,61,0,61,29,18,0,6,0,8,0,4,1,66,37,24,66,32496.69,414.24,10,7,8,4,7,4,4,17,29,18,0,14
422729,35,-0.09,-0.05,-0.4,-0.35,2,0.1,0.2,0.15,60,60.66,65,61,0,61,0,18,0,6,0,37,0,4,1,66,37,24,66,24164.82,339.42,4,4,0,2,3,2,2,44,0,18,0,43
422730,35,-0.09,-0.05,-0.4,-0.35,2,0.1,0.2,0.15,60,70.49,65,61,0,61,33,0,0,18,0,10,0,4,1,66,43,18,66,52326.36,532.05,6,3,8,3,5,3,4,29,33,0,0,28
422731,35,-0.09,-0.05,-0.4,-0.35,2,0.2,0.1,0.15,20,72.13,65,61,0,61,38,9,8,0,6,0,0,4,1,66,44,17,66,19497.59,196.69,30,10,3,18,0,0,0,0,38,9,14,0
422732,35,-0.09,-0.05,-0.4,-0.35,2,0.2,0.1,0.15,20,65.57,65,61,0,61,0,10,11,0,40,0,0,4,1,66,40,21,66,30138.22,307.95,4,4,0,53,0,0,0,0,0,10,51,0
422733,35,-0.09,-0.05,-0.4,-0.35,2,0.2,0.1,0.15,20,73.77,65,61,0,61,39,0,16,0,6,0,0,4,1,66,45,16,66,23599.8,240.84,26,7,3,25,0,0,0,0,39,0,22,0
422734,35,-0.09,-0.05,-0.4,-0.35,2,0.2,0.1,0.15,30,68.85,65,61,0,61,41,13,6,0,1,0,0,4,1,66,42,19,66,16464.96,165.29,30,10,3,4,4,10,0,0,41,13,7,0
422735,35,-0.09,-0.05,-0.4,-0.35,2,0.2,0.1,0.15,30,59.02,65,61,0,61,0,15,10,0,36,0,0,4,1,66,36,25,66,26109.74,266.26,4,4,0,2,3,48,0,0,0,15,46,0
422736,35,-0.09,-0.05,-0.4,-0.35,2,0.2,0.1,0.15,30,73.77,65,61,0,61,43,0,16,0,2,0,0,4,1,66,45,16,66,24887.25,254.41,26,7,3,3,3,19,0,0,43,0,18,0
422737,35,-0.09,-0.05,-0.4,-0.35,2,0.2,0.1,0.15,40,67.21,65,61,0,61,41,15,3,2,0,0,0,4,1,66,41,20,66,15505.03,155.66,30,10,3,4,4,3,1,6,41,15,3,2
422738,35,-0.09,-0.05,-0.4,-0.35,2,0.2,0.1,0.15,40,55.74,65,61,0,61,0,18,6,3,12,22,0,4,1,66,34,27,66,21331.31,216.39,4,4,0,2,3,2,2,44,0,18,18,25
422739,35,-0.09,-0.05,-0.4,-0.35,2,0.2,0.1,0.15,40,72.13,65,61,0,61,44,0,13,4,0,0,0,4,1,66,44,17,66,21230.59,215.32,26,7,3,3,3,1,1,17,44,0,13,4
422740,35,-0.09,-0.05,-0.4,-0.35,2,0.2,0.1,0.15,50,67.21,65,61,0,61,41,15,0,5,0,0,0,4,1,66,41,20,66,15765.27,158.27,30,10,3,4,4,3,1,6,41,15,0,5
422741,35,-0.09,-0.05,-0.4,-0.35,2,0.2,0.1,0.15,50,54.1,65,61,0,61,0,18,0,10,0,33,0,4,1,66,33,28,66,19512.44,197.3,4,4,0,2,3,2,2,44,0,18,0,43
422742,35,-0.09,-0.05,-0.4,-0.35,2,0.2,0.1,0.15,50,73.77,65,61,0,61,44,0,0,16,0,1,0,4,1,66,45,16,66,22987.07,234.23,26,7,3,3,3,1,1,17,44,0,0,17
422743,35,-0.09,-0.05,-0.4,-0.35,2,0.2,0.1,0.15,60,67.21,65,61,0,61,41,15,0,5,0,0,0,4,1,66,41,20,66,15765.27,158.27,30,10,3,4,4,3,1,6,41,15,0,5
422744,35,-0.09,-0.05,-0.4,-0.35,2,0.2,0.1,0.15,60,54.1,65,61,0,61,0,18,0,10,0,33,0,4,1,66,33,28,66,19512.44,197.3,4,4,0,2,3,2,2,44,0,18,0,43
422745,35,-0.09,-0.05,-0.4,-0.35,2,0.2,0.1,0.15,60,73.77,65,61,0,61,44,0,0,16,0,1,0,4,1,66,45,16,66,22987.07,234.23,26,7,3,3,3,1,1,17,44,0,0,17
422746,35,-0.09,-0.05,-0.4,-0.35,2,0.2,0.2,0.15,20,65.57,65,61,0,61,18,10,11,0,22,0,0,4,1,66,40,21,66,33440.89,340.09,10,6,8,37,0,0,0,0,18,10,33,0
422747,35,-0.09,-0.05,-0.4,-0.35,2,0.2,0.2,0.15,20,65.57,65,61,0,61,0,10,11,0,40,0,0,4,1,66,40,21,66,30138.22,307.95,4,4,0,53,0,0,0,0,0,10,51,0
422748,35,-0.09,-0.05,-0.4,-0.35,2,0.2,0.2,0.15,20,68.85,65,61,0,61,19,0,19,0,23,0,0,4,1,66,42,19,66,40290.03,412.57,6,2,8,45,0,0,0,0,19,0,42,0
422749,35,-0.09,-0.05,-0.4,-0.35,2,0.2,0.2,0.15,30,60.66,65,61,0,61,24,15,9,0,13,0,0,4,1,66,37,24,66,30471.5,311.48,10,6,8,4,7,26,0,0,24,15,22,0
422750,35,-0.09,-0.05,-0.4,-0.35,2,0.2,0.2,0.15,30,59.02,65,61,0,61,0,15,10,0,36,0,0,4,1,66,36,25,66,26109.74,266.26,4,4,0,2,3,48,0,0,0,15,46,0
422751,35,-0.09,-0.05,-0.4,-0.35,2,0.2,0.2,0.15,30,67.21,65,61,0,61,26,0,20,0,15,0,0,4,1,66,41,20,66,42700.95,439.46,6,2,8,3,4,38,0,0,26,0,35,0
422752,35,-0.09,-0.05,-0.4,-0.35,2,0.2,0.2,0.15,40,55.74,65,61,0,61,27,18,6,3,2,5,0,4,1,66,34,27,66,28431.7,290.22,10,6,8,4,7,4,4,18,27,18,8,8
422753,35,-0.09,-0.05,-0.4,-0.35,2,0.2,0.2,0.15,40,55.74,65,61,0,61,0,18,6,3,12,22,0,4,1,66,34,27,66,21331.31,216.39,4,4,0,2,3,2,2,44,0,18,18,25
422754,35,-0.09,-0.05,-0.4,-0.35,2,0.2,0.2,0.15,40,62.3,65,61,0,61,30,0,18,5,2,6,0,4,1,66,38,23,66,38001.65,389.17,6,2,8,3,4,3,4,31,30,0,20,11
422755,35,-0.09,-0.05,-0.4,-0.35,2,0.2,0.2,0.15,50,55.74,65,61,0,61,27,18,0,9,0,7,0,4,1,66,34,27,66,27738.95,283.27,10,6,8,4,7,4,4,18,27,18,0,16
422756,35,-0.09,-0.05,-0.4,-0.35,2,0.2,0.2,0.15,50,54.1,65,61,0,61,0,18,0,10,0,33,0,4,1,66,33,28,66,19512.44,197.3,4,4,0,2,3,2,2,44,0,18,0,43
422757,35,-0.09,-0.05,-0.4,-0.35,2,0.2,0.2,0.15,50,63.93,65,61,0,61,30,0,0,22,0,9,0,4,1,66,39,22,66,38391.84,394.33,6,2,8,3,4,3,4,31,30,0,0,31
422758,35,-0.09,-0.05,-0.4,-0.35,2,0.2,0.2,0.15,60,55.74,65,61,0,61,27,18,0,9,0,7,0,4,1,66,34,27,66,27738.95,283.27,10,6,8,4,7,4,4,18,27,18,0,16
422759,35,-0.09,-0.05,-0.4,-0.35,2,0.2,0.2,0.15,60,54.1,65,61,0,61,0,18,0,10,0,33,0,4,1,66,33,28,66,19512.44,197.3,4,4,0,2,3,2,2,44,0,18,0,43
422760,35,-0.09,-0.05,-0.4,-0.35,2,0.2,0.2,0.15,60,63.93,65,61,0,61,30,0,0,22,0,9,0,4,1,66,39,22,66,38391.84,394.33,6,2,8,3,4,3,4,31,30,0,0,31
422761,35,-0.09,-0.05,-0.4,-0.3,1,0.1,0.1,0.15,20,70.41,103,99,1,98,59,11,18,0,10,0,0,4,1,104,69,29,104,30352.3,309.65,41,17,7,33,0,0,0,0,59,11,28,0
422762,35,-0.09,-0.05,-0.4,-0.3,1,0.1,0.1,0.15,20,61.22,103,99,1,98,0,15,23,0,60,0,0,4,1,104,60,38,104,35268.06,367.92,5,5,1,87,0,0,0,0,0,15,83,0
422763,35,-0.09,-0.05,-0.4,-0.3,1,0.1,0.1,0.15,20,71.43,103,99,1,98,60,0,28,0,10,0,0,4,1,104,70,28,104,35684.95,366.69,36,14,7,41,0,0,0,0,60,0,38,0
422764,35,-0.09,-0.05,-0.4,-0.3,1,0.1,0.1,0.15,30,70.41,103,99,1,98,65,20,9,0,4,0,0,4,1,104,69,29,104,28364.14,290.91,41,17,7,5,9,19,0,0,65,20,13,0
422765,35,-0.09,-0.05,-0.4,-0.3,1,0.1,0.1,0.15,30,56.12,103,99,1,98,0,27,16,0,55,0,0,4,1,104,55,43,104,26461.98,284.29,5,5,1,4,8,75,0,0,0,27,71,0
422766,35,-0.09,-0.05,-0.4,-0.3,1,0.1,0.1,0.15,30,75.51,103,99,1,98,68,0,24,0,6,0,0,4,1,104,74,24,104,41610.58,431.04,36,14,7,3,5,33,0,0,68,0,30,0
422767,35,-0.09,-0.05,-0.4,-0.3,1,0.1,0.1,0.15,40,68.37,103,99,1,98,66,22,6,3,1,0,0,4,1,104,67,31,104,26817.13,273.27,41,17,7,5,9,6,2,11,66,22,7,3
422768,35,-0.09,-0.05,-0.4,-0.3,1,0.1,0.1,0.15,40,51.02,103,99,1,98,0,32,12,4,17,33,0,4,1,104,50,48,104,17561.45,179.79,5,5,1,4,8,4,3,68,0,32,29,37
422769,35,-0.09,-0.05,-0.4,-0.3,1,0.1,0.1,0.15,40,73.47,103,99,1,98,71,0,20,6,1,0,0,4,1,104,72,26,104,37400.94,383.73,36,14,7,3,5,3,3,27,71,0,21,6
422770,35,-0.09,-0.05,-0.4,-0.3,1,0.1,0.1,0.15,50,68.37,103,99,1,98,66,22,0,9,0,1,0,4,1,104,67,31,104,26983.87,275.26,41,17,7,5,9,6,2,11,66,22,0,10
422771,35,-0.09,-0.05,-0.4,-0.3,1,0.1,0.1,0.15,50,50.0,103,99,1,98,0,32,0,17,0,49,0,4,1,104,49,49,104,15373.04,157.06,5,5,1,4,8,4,3,68,0,32,0,66
422772,35,-0.09,-0.05,-0.4,-0.3,1,0.1,0.1,0.15,50,74.49,103,99,1,98,71,0,0,25,0,2,0,4,1,104,73,25,104,39150.57,402.31,36,14,7,3,5,3,3,27,71,0,0,27
422773,35,-0.09,-0.05,-0.4,-0.3,1,0.1,0.1,0.15,60,68.37,103,99,1,98,66,22,0,9,0,1,0,4,1,104,67,31,104,26983.87,275.26,41,17,7,5,9,6,2,11,66,22,0,10
422774,35,-0.09,-0.05,-0.4,-0.3,1,0.1,0.1,0.15,60,50.0,103,99,1,98,0,32,0,17,0,49,0,4,1,104,49,49,104,15373.04,157.06,5,5,1,4,8,4,3,68,0,32,0,66
422775,35,-0.09,-0.05,-0.4,-0.3,1,0.1,0.1,0.15,60,74.49,103,99,1,98,71,0,0,25,0,2,0,4,1,104,73,25,104,39150.57,402.31,36,14,7,3,5,3,3,27,71,0,0,27
422776,35,-0.09,-0.05,-0.4,-0.3,1,0.1,0.2,0.15,20,61.22,103,99,1,98,26,15,23,0,34,0,0,4,1,104,60,38,104,41589.0,428.71,12,8,14,64,0,0,0,0,26,15,57,0
422777,35,-0.09,-0.05,-0.4,-0.3,1,0.1,0.2,0.15,20,61.22,103,99,1,98,0,15,23,0,60,0,0,4,1,104,60,38,104,35268.06,367.92,5,5,1,87,0,0,0,0,0,15,83,0
422778,35,-0.09,-0.05,-0.4,-0.3,1,0.1,0.2,0.15,20,63.27,103,99,1,98,27,0,36,0,35,0,0,4,1,104,62,36,104,44408.9,460.98,7,3,13,75,0,0,0,0,27,0,71,0
422779,35,-0.09,-0.05,-0.4,-0.3,1,0.1,0.2,0.15,30,58.16,103,99,1,98,34,27,14,0,23,0,0,4,1,104,57,41,104,36954.3,388.6,12,8,14,7,13,44,0,0,34,27,37,0
422780,35,-0.09,-0.05,-0.4,-0.3,1,0.1,0.2,0.15,30,56.12,103,99,1,98,0,27,16,0,55,0,0,4,1,104,55,43,104,26461.98,284.29,5,5,1,4,8,75,0,0,0,27,71,0
422781,35,-0.09,-0.05,-0.4,-0.3,1,0.1,0.2,0.15,30,65.31,103,99,1,98,37,0,34,0,27,0,0,4,1,104,64,34,104,52577.97,553.78,7,3,13,4,5,66,0,0,37,0,61,0
422782,35,-0.09,-0.05,-0.4,-0.3,1,0.1,0.2,0.15,40,54.08,103,99,1,98,41,31,10,4,5,7,0,4,1,104,53,45,104,36143.26,379.12,12,8,14,7,13,7,7,30,41,31,15,11
422783,35,-0.09,-0.05,-0.4,-0.3,1,0.1,0.2,0.15,40,51.02,103,99,1,98,0,32,12,4,17,33,0,4,1,104,50,48,104,17561.45,179.79,5,5,1,4,8,4,3,68,0,32,29,37
422784,35,-0.09,-0.05,-0.4,-0.3,1,0.1,0.2,0.15,40,60.2,103,99,1,98,45,0,30,9,5,9,0,4,1,104,59,39,104,49097.51,510.99,7,3,13,4,5,5,8,53,45,0,35,18
422785,35,-0.09,-0.05,-0.4,-0.3,1,0.1,0.2,0.15,50,54.08,103,99,1,98,41,31,0,14,0,12,0,4,1,104,53,45,104,35187.81,369.72,12,8,14,7,13,7,7,30,41,31,0,26
422786,35,-0.09,-0.05,-0.4,-0.3,1,0.1,0.2,0.15,50,50.0,103,99,1,98,0,32,0,17,0,49,0,4,1,104,49,49,104,15373.04,157.06,5,5,1,4,8,4,3,68,0,32,0,66
422787,35,-0.09,-0.05,-0.4,-0.3,1,0.1,0.2,0.15,50,61.22,103,99,1,98,45,0,0,38,0,15,0,4,1,104,60,38,104,48409.81,504.13,7,3,13,4,5,5,8,53,45,0,0,53
422788,35,-0.09,-0.05,-0.4,-0.3,1,0.1,0.2,0.15,60,54.08,103,99,1,98,41,31,0,14,0,12,0,4,1,104,53,45,104,35187.81,369.72,12,8,14,7,13,7,7,30,41,31,0,26
422789,35,-0.09,-0.05,-0.4,-0.3,1,0.1,0.2,0.15,60,50.0,103,99,1,98,0,32,0,17,0,49,0,4,1,104,49,49,104,15373.04,157.06,5,5,1,4,8,4,3,68,0,32,0,66
422790,35,-0.09,-0.05,-0.4,-0.3,1,0.1,0.2,0.15,60,61.22,103,99,1,98,45,0,0,38,0,15,0,4,1,104,60,38,104,48409.81,504.13,7,3,13,4,5,5,8,53,45,0,0,53
422791,35,-0.09,-0.05,-0.4,-0.3,1,0.2,0.1,0.15,20,70.41,103,99,1,98,59,11,18,0,10,0,0,4,1,104,69,29,104,30352.3,309.65,41,17,7,33,0,0,0,0,59,11,28,0
422792,35,-0.09,-0.05,-0.4,-0.3,1,0.2,0.1,0.15,20,61.22,103,99,1,98,0,15,23,0,60,0,0,4,1,104,60,38,104,35268.06,367.92,5,5,1,87,0,0,0,0,0,15,83,0
422793,35,-0.09,-0.05,-0.4,-0.3,1,0.2,0.1,0.15,20,71.43,103,99,1,98,60,0,28,0,10,0,0,4,1,104,70,28,104,35684.95,366.69,36,14,7,41,0,0,0,0,60,0,38,0
422794,35,-0.09,-0.05,-0.4,-0.3,1,0.2,0.1,0.15,30,70.41,103,99,1,98,65,20,9,0,4,0,0,4,1,104,69,29,104,28364.14,290.91,41,17,7,5,9,19,0,0,65,20,13,0
422795,35,-0.09,-0.05,-0.4,-0.3,1,0.2,0.1,0.15,30,56.12,103,99,1,98,0,27,16,0,55,0,0,4,1,104,55,43,104,26461.98,284.29,5,5,1,4,8,75,0,0,0,27,71,0
422796,35,-0.09,-0.05,-0.4,-0.3,1,0.2,0.1,0.15,30,75.51,103,99,1,98,68,0,24,0,6,0,0,4,1,104,74,24,104,41610.58,431.04,36,14,7,3,5,33,0,0,68,0,30,0
422797,35,-0.09,-0.05,-0.4,-0.3,1,0.2,0.1,0.15,40,68.37,103,99,1,98,66,22,6,3,1,0,0,4,1,104,67,31,104,26817.13,273.27,41,17,7,5,9,6,2,11,66,22,7,3
422798,35,-0.09,-0.05,-0.4,-0.3,1,0.2,0.1,0.15,40,51.02,103,99,1,98,0,32,12,4,17,33,0,4,1,104,50,48,104,17561.45,179.79,5,5,1,4,8,4,3,68,0,32,29,37
422799,35,-0.09,-0.05,-0.4,-0.3,1,0.2,0.1,0.15,40,73.47,103,99,1,98,71,0,20,6,1,0,0,4,1,104,72,26,104,37400.94,383.73,36,14,7,3,5,3,3,27,71,0,21,6
422800,35,-0.09,-0.05,-0.4,-0.3,1,0.2,0.1,0.15,50,68.37,103,99,1,98,66,22,0,9,0,1,0,4,1,104,67,31,104,26983.87,275.26,41,17,7,5,9,6,2,11,66,22,0,10
422801,35,-0.09,-0.05,-0.4,-0.3,1,0.2,0.1,0.15,50,50.0,103,99,1,98,0,32,0,17,0,49,0,4,1,104,49,49,104,15373.04,157.06,5,5,1,4,8,4,3,68,0,32,0,66
422802,35,-0.09,-0.05,-0.4,-0.3,1,0.2,0.1,0.15,50,74.49,103,99,1,98,71,0,0,25,0,2,0,4,1,104,73,25,104,39150.57,402.31,36,14,7,3,5,3,3,27,71,0,0,27
422803,35,-0.09,-0.05,-0.4,-0.3,1,0.2,0.1,0.15,60,68.37,103,99,1,98,66,22,0,9,0,1,0,4,1,104,67,31,104,26983.87,275.26,41,17,7,5,9,6,2,11,66,22,0,10
422804,35,-0.09,-0.05,-0.4,-0.3,1,0.2,0.1,0.15,60,50.0,103,99,1,98,0,32,0,17,0,49,0,4,1,104,49,49,104,15373.04,157.06,5,5,1,4,8,4,3,68,0,32,0,66
422805,35,-0.09,-0.05,-0.4,-0.3,1,0.2,0.1,0.15,60,74.49,103,99,1,98,71,0,0,25,0,2,0,4,1,104,73,25,104,39150.57,402.31,36,14,7,3,5,3,3,27,71,0,0,27
422806,35,-0.09,-0.05,-0.4,-0.3,1,0.2,0.2,0.15,20,61.22,103,99,1,98,26,15,23,0,34,0,0,4,1,104,60,38,104,41589.0,428.71,12,8,14,64,0,0,0,0,26,15,57,0
422807,35,-0.09,-0.05,-0.4,-0.3,1,0.2,0.2,0.15,20,61.22,103,99,1,98,0,15,23,0,60,0,0,4,1,104,60,38,104,35268.06,367.92,5,5,1,87,0,0,0,0,0,15,83,0
422808,35,-0.09,-0.05,-0.4,-0.3,1,0.2,0.2,0.15,20,63.27,103,99,1,98,27,0,36,0,35,0,0,4,1,104,62,36,104,44408.9,460.98,7,3,13,75,0,0,0,0,27,0,71,0
422809,35,-0.09,-0.05,-0.4,-0.3,1,0.2,0.2,0.15,30,58.16,103,99,1,98,34,27,14,0,23,0,0,4,1,104,57,41,104,36954.3,388.6,12,8,14,7,13,44,0,0,34,27,37,0
422810,35,-0.09,-0.05,-0.4,-0.3,1,0.2,0.2,0.15,30,56.12,103,99,1,98,0,27,16,0,55,0,0,4,1,104,55,43,104,26461.98,284.29,5,5,1,4,8,75,0,0,0,27,71,0
422811,35,-0.09,-0.05,-0.4,-0.3,1,0.2,0.2,0.15,30,65.31,103,99,1,98,37,0,34,0,27,0,0,4,1,104,64,34,104,52577.97,553.78,7,3,13,4,5,66,0,0,37,0,61,0
422812,35,-0.09,-0.05,-0.4,-0.3,1,0.2,0.2,0.15,40,54.08,103,99,1,98,41,31,10,4,5,7,0,4,1,104,53,45,104,36143.26,379.12,12,8,14,7,13,7,7,30,41,31,15,11
422813,35,-0.09,-0.05,-0.4,-0.3,1,0.2,0.2,0.15,40,51.02,103,99,1,98,0,32,12,4,17,33,0,4,1,104,50,48,104,17561.45,179.79,5,5,1,4,8,4,3,68,0,32,29,37
422814,35,-0.09,-0.05,-0.4,-0.3,1,0.2,0.2,0.15,40,60.2,103,99,1,98,45,0,30,9,5,9,0,4,1,104,59,39,104,49097.51,510.99,7,3,13,4,5,5,8,53,45,0,35,18
422815,35,-0.09,-0.05,-0.4,-0.3,1,0.2,0.2,0.15,50,54.08,103,99,1,98,41,31,0,14,0,12,0,4,1,104,53,45,104,35187.81,369.72,12,8,14,7,13,7,7,30,41,31,0,26
422816,35,-0.09,-0.05,-0.4,-0.3,1,0.2,0.2,0.15,50,50.0,103,99,1,98,0,32,0,17,0,49,0,4,1,104,49,49,104,15373.04,157.06,5,5,1,4,8,4,3,68,0,32,0,66
422817,35,-0.09,-0.05,-0.4,-0.3,1,0.2,0.2,0.15,50,61.22,103,99,1,98,45,0,0,38,0,15,0,4,1,104,60,38,104,48409.81,504.13,7,3,13,4,5,5,8,53,45,0,0,53
422818,35,-0.09,-0.05,-0.4,-0.3,1,0.2,0.2,0.15,60,54.08,103,99,1,98,41,31,0,14,0,12,0,4,1,104,53,45,104,35187.81,369.72,12,8,14,7,13,7,7,30,41,31,0,26
422819,35,-0.09,-0.05,-0.4,-0.3,1,0.2,0.2,0.15,60,50.0,103,99,1,98,0,32,0,17,0,49,0,4,1,104,49,49,104,15373.04,157.06,5,5,1,4,8,4,3,68,0,32,0,66
422820,35,-0.09,-0.05,-0.4,-0.3,1,0.2,0.2,0.15,60,61.22,103,99,1,98,45,0,0,38,0,15,0,4,1,104,60,38,104,48409.81,504.13,7,3,13,4,5,5,8,53,45,0,0,53
422821,35,-0.09,-0.05,-0.4,-0.3,2,0.1,0.1,0.15,20,72.45,103,99,1,98,61,11,16,0,10,0,0,4,1,104,71,27,104,33450.62,414.04,42,17,7,32,0,0,0,0,61,11,26,0
422822,35,-0.09,-0.05,-0.4,-0.3,2,0.1,0.1,0.15,20,64.29,103,99,1,98,0,15,20,0,63,0,0,4,1,104,63,35,104,43090.14,506.93,5,5,1,87,0,0,0,0,0,15,83,0
422823,35,-0.09,-0.05,-0.4,-0.3,2,0.1,0.1,0.15,20,75.51,103,99,1,98,63,0,24,0,11,0,0,4,1,104,74,24,104,43186.22,488.83,37,15,8,38,0,0,0,0,63,0,35,0
422824,35,-0.09,-0.05,-0.4,-0.3,2,0.1,0.1,0.15,30,72.45,103,99,1,98,67,20,7,0,4,0,0,4,1,104,71,27,104,29579.77,425.75,42,17,7,6,10,16,0,0,67,20,11,0
422825,35,-0.09,-0.05,-0.4,-0.3,2,0.1,0.1,0.15,30,56.12,103,99,1,98,0,27,16,0,55,0,0,4,1,104,55,43,104,32722.38,471.99,5,5,1,4,8,75,0,0,0,27,71,0
422826,35,-0.09,-0.05,-0.4,-0.3,2,0.1,0.1,0.15,30,81.63,103,99,1,98,73,0,18,0,7,0,0,4,1,104,80,18,104,53531.63,582.34,37,15,8,3,6,29,0,0,73,0,25,0
422827,35,-0.09,-0.05,-0.4,-0.3,2,0.1,0.1,0.15,40,71.43,103,99,1,98,68,21,5,2,1,1,0,4,1,104,70,28,104,29299.43,418.99,42,17,7,6,10,5,2,9,68,21,6,3
422828,35,-0.09,-0.05,-0.4,-0.3,2,0.1,0.1,0.15,40,54.08,103,99,1,98,0,32,11,2,18,35,0,4,1,104,53,45,104,22215.32,376.61,5,5,1,4,8,4,3,68,0,32,29,37
422829,35,-0.09,-0.05,-0.4,-0.3,2,0.1,0.1,0.15,40,80.61,103,99,1,98,75,0,16,3,1,3,0,4,1,104,79,19,104,48712.85,550.63,37,15,8,3,6,4,2,23,75,0,17,6
422830,35,-0.09,-0.05,-0.4,-0.3,2,0.1,0.1,0.15,50,71.43,103,99,1,98,68,21,0,7,0,2,0,4,1,104,70,28,104,29530.33,424.61,42,17,7,6,10,5,2,9,68,21,0,9
422831,35,-0.09,-0.05,-0.4,-0.3,2,0.1,0.1,0.15,50,54.08,103,99,1,98,0,32,0,13,0,53,0,4,1,104,53,45,104,20557.2,364.12,5,5,1,4,8,4,3,68,0,32,0,66
422832,35,-0.09,-0.05,-0.4,-0.3,2,0.1,0.1,0.15,50,80.61,103,99,1,98,75,0,0,19,0,4,0,4,1,104,79,19,104,49889.65,559.77,37,15,8,3,6,4,2,23,75,0,0,23
422833,35,-0.09,-0.05,-0.4,-0.3,2,0.1,0.1,0.15,60,71.43,103,99,1,98,68,21,0,7,0,2,0,4,1,104,70,28,104,29530.33,424.61,42,17,7,6,10,5,2,9,68,21,0,9
422834,35,-0.09,-0.05,-0.4,-0.3,2,0.1,0.1,0.15,60,54.08,103,99,1,98,0,32,0,13,0,53,0,4,1,104,53,45,104,20557.2,364.12,5,5,1,4,8,4,3,68,0,32,0,66
422835,35,-0.09,-0.05,-0.4,-0.3,2,0.1,0.1,0.15,60,80.61,103,99,1,98,75,0,0,19,0,4,0,4,1,104,79,19,104,49889.65,559.77,37,15,8,3,6,4,2,23,75,0,0,23
422836,35,-0.09,-0.05,-0.4,-0.3,2,0.1,0.2,0.15,20,64.29,103,99,1,98,27,15,20,0,36,0,0,4,1,104,63,35,104,49314.28,563.94,12,9,14,63,0,0,0,0,27,15,56,0
422837,35,-0.09,-0.05,-0.4,-0.3,2,0.1,0.2,0.15,20,64.29,103,99,1,98,0,15,20,0,63,0,0,4,1,104,63,35,104,43090.14,506.93,5,5,1,87,0,0,0,0,0,15,83,0
422838,35,-0.09,-0.05,-0.4,-0.3,2,0.1,0.2,0.15,20,68.37,103,99,1,98,28,0,31,0,39,0,0,4,1,104,67,31,104,51270.66,615.37,7,4,13,74,0,0,0,0,28,0,70,0
422839,35,-0.09,-0.05,-0.4,-0.3,2,0.1,0.2,0.15,30,58.16,103,99,1,98,35,27,14,0,22,0,0,4,1,104,57,41,104,43814.56,570.43,12,9,14,7,13,43,0,0,35,27,36,0
422840,35,-0.09,-0.05,-0.4,-0.3,2,0.1,0.2,0.15,30,56.12,103,99,1,98,0,27,16,0,55,0,0,4,1,104,55,43,104,32722.38,471.99,5,5,1,4,8,75,0,0,0,27,71,0
422841,35,-0.09,-0.05,-0.4,-0.3,2,0.1,0.2,0.15,30,71.43,103,99,1,98,40,0,28,0,30,0,0,4,1,104,70,28,104,74290.47,787.22,7,4,13,4,7,63,0,0,40,0,58,0
422842,35,-0.09,-0.05,-0.4,-0.3,2,0.1,0.2,0.15,40,57.14,103,99,1,98,43,31,9,2,6,7,0,4,1,104,56,42,104,40271.26,552.42,12,9,14,7,13,7,7,29,43,31,15,9
422843,35,-0.09,-0.05,-0.4,-0.3,2,0.1,0.2,0.15,40,54.08,103,99,1,98,0,32,11,2,18,35,0,4,1,104,53,45,104,22215.32,376.61,5,5,1,4,8,4,3,68,0,32,29,37
422844,35,-0.09,-0.05,-0.4,-0.3,2,0.1,0.2,0.15,40,68.37,103,99,1,98,50,0,26,5,8,9,0,4,1,104,67,31,104,66123.64,739.96,7,4,13,4,7,5,8,50,50,0,34,14
422845,35,-0.09,-0.05,-0.4,-0.3,2,0.1,0.2,0.15,50,57.14,103,99,1,98,43,31,0,11,0,13,0,4,1,104,56,42,104,39682.91,548.17,12,9,14,7,13,7,7,29,43,31,0,24
422846,35,-0.09,-0.05,-0.4,-0.3,2,0.1,0.2,0.15,50,54.08,103,99,1,98,0,32,0,13,0,53,0,4,1,104,53,45,104,20557.2,364.12,5,5,1,4,8,4,3,68,0,32,0,66
422847,35,-0.09,-0.05,-0.4,-0.3,2,0.1,0.2,0.15,50,69.39,103,99,1,98,50,0,0,30,0,18,0,4,1,104,68,30,104,66820.4,742.06,7,4,13,4,7,5,8,50,50,0,0,48
422848,35,-0.09,-0.05,-0.4,-0.3,2,0.1,0.2,0.15,60,57.14,103,99,1,98,43,31,0,11,0,13,0,4,1,104,56,42,104,39682.91,548.17,12,9,14,7,13,7,7,29,43,31,0,24
422849,35,-0.09,-0.05,-0.4,-0.3,2,0.1,0.2,0.15,60,54.08,103,99,1,98,0,32,0,13,0,53,0,4,1,104,53,45,104,20557.2,364.12,5,5,1,4,8,4,3,68,0,32,0,66
422850,35,-0.09,-0.05,-0.4,-0.3,2,0.1,0.2,0.15,60,69.39,103,99,1,98,50,0,0,30,0,18,0,4,1,104,68,30,104,66820.4,742.06,7,4,13,4,7,5,8,50,50,0,0,48
422851,35,-0.09,-0.05,-0.4,-0.3,2,0.2,0.1,0.15,20,70.41,103,99,1,98,59,11,18,0,10,0,0,4,1,104,69,29,104,30352.3,309.65,41,17,7,33,0,0,0,0,59,11,28,0
422852,35,-0.09,-0.05,-0.4,-0.3,2,0.2,0.1,0.15,20,61.22,103,99,1,98,0,15,23,0,60,0,0,4,1,104,60,38,104,35268.06,367.92,5,5,1,87,0,0,0,0,0,15,83,0
422853,35,-0.09,-0.05,-0.4,-0.3,2,0.2,0.1,0.15,20,71.43,103,99,1,98,60,0,28,0,10,0,0,4,1,104,70,28,104,35684.95,366.69,36,14,7,41,0,0,0,0,60,0,38,0
422854,35,-0.09,-0.05,-0.4,-0.3,2,0.2,0.1,0.15,30,70.41,103,99,1,98,65,20,9,0,4,0,0,4,1,104,69,29,104,28364.14,290.91,41,17,7,5,9,19,0,0,65,20,13,0
422855,35,-0.09,-0.05,-0.4,-0.3,2,0.2,0.1,0.15,30,56.12,103,99,1,98,0,27,16,0,55,0,0,4,1,104,55,43,104,26461.98,284.29,5,5,1,4,8,75,0,0,0,27,71,0
422856,35,-0.09,-0.05,-0.4,-0.3,2,0.2,0.1,0.15,30,75.51,103,99,1,98,68,0,24,0,6,0,0,4,1,104,74,24,104,41610.58,431.04,36,14,7,3,5,33,0,0,68,0,30,0
422857,35,-0.09,-0.05,-0.4,-0.3,2,0.2,0.1,0.15,40,68.37,103,99,1,98,66,22,6,3,1,0,0,4,1,104,67,31,104,26817.13,273.27,41,17,7,5,9,6,2,11,66,22,7,3
422858,35,-0.09,-0.05,-0.4,-0.3,2,0.2,0.1,0.15,40,51.02,103,99,1,98,0,32,12,4,17,33,0,4,1,104,50,48,104,17561.45,179.79,5,5,1,4,8,4,3,68,0,32,29,37
422859,35,-0.09,-0.05,-0.4,-0.3,2,0.2,0.1,0.15,40,73.47,103,99,1,98,71,0,20,6,1,0,0,4,1,104,72,26,104,37400.94,383.73,36,14,7,3,5,3,3,27,71,0,21,6
422860,35,-0.09,-0.05,-0.4,-0.3,2,0.2,0.1,0.15,50,68.37,103,99,1,98,66,22,0,9,0,1,0,4,1,104,67,31,104,26983.87,275.26,41,17,7,5,9,6,2,11,66,22,0,10
422861,35,-0.09,-0.05,-0.4,-0.3,2,0.2,0.1,0.15,50,50.0,103,99,1,98,0,32,0,17,0,49,0,4,1,104,49,49,104,15373.04,157.06,5,5,1,4,8,4,3,68,0,32,0,66
422862,35,-0.09,-0.05,-0.4,-0.3,2,0.2,0.1,0.15,50,74.49,103,99,1,98,71,0,0,25,0,2,0,4,1,104,73,25,104,39150.57,402.31,36,14,7,3,5,3,3,27,71,0,0,27
422863,35,-0.09,-0.05,-0.4,-0.3,2,0.2,0.1,0.15,60,68.37,103,99,1,98,66,22,0,9,0,1,0,4,1,104,67,31,104,26983.87,275.26,41,17,7,5,9,6,2,11,66,22,0,10
422864,35,-0.09,-0.05,-0.4,-0.3,2,0.2,0.1,0.15,60,50.0,103,99,1,98,0,32,0,17,0,49,0,4,1,104,49,49,104,15373.04,157.06,5,5,1,4,8,4,3,68,0,32,0,66
422865,35,-0.09,-0.05,-0.4,-0.3,2,0.2,0.1,0.15,60,74.49,103,99,1,98,71,0,0,25,0,2,0,4,1,104,73,25,104,39150.57,402.31,36,14,7,3,5,3,3,27,71,0,0,27
422866,35,-0.09,-0.05,-0.4,-0.3,2,0.2,0.2,0.15,20,61.22,103,99,1,98,26,15,23,0,34,0,0,4,1,104,60,38,104,41589.0,428.71,12,8,14,64,0,0,0,0,26,15,57,0
422867,35,-0.09,-0.05,-0.4,-0.3,2,0.2,0.2,0.15,20,61.22,103,99,1,98,0,15,23,0,60,0,0,4,1,104,60,38,104,35268.06,367.92,5,5,1,87,0,0,0,0,0,15,83,0
422868,35,-0.09,-0.05,-0.4,-0.3,2,0.2,0.2,0.15,20,63.27,103,99,1,98,27,0,36,0,35,0,0,4,1,104,62,36,104,44408.9,460.98,7,3,13,75,0,0,0,0,27,0,71,0
422869,35,-0.09,-0.05,-0.4,-0.3,2,0.2,0.2,0.15,30,58.16,103,99,1,98,34,27,14,0,23,0,0,4,1,104,57,41,104,36954.3,388.6,12,8,14,7,13,44,0,0,34,27,37,0
422870,35,-0.09,-0.05,-0.4,-0.3,2,0.2,0.2,0.15,30,56.12,103,99,1,98,0,27,16,0,55,0,0,4,1,104,55,43,104,26461.98,284.29,5,5,1,4,8,75,0,0,0,27,71,0
422871,35,-0.09,-0.05,-0.4,-0.3,2,0.2,0.2,0.15,30,65.31,103,99,1,98,37,0,34,0,27,0,0,4,1,104,64,34,104,52577.97,553.78,7,3,13,4,5,66,0,0,37,0,61,0
422872,35,-0.09,-0.05,-0.4,-0.3,2,0.2,0.2,0.15,40,54.08,103,99,1,98,41,31,10,4,5,7,0,4,1,104,53,45,104,36143.26,379.12,12,8,14,7,13,7,7,30,41,31,15,11
422873,35,-0.09,-0.05,-0.4,-0.3,2,0.2,0.2,0.15,40,51.02,103,99,1,98,0,32,12,4,17,33,0,4,1,104,50,48,104,17561.45,179.79,5,5,1,4,8,4,3,68,0,32,29,37
422874,35,-0.09,-0.05,-0.4,-0.3,2,0.2,0.2,0.15,40,60.2,103,99,1,98,45,0,30,9,5,9,0,4,1,104,59,39,104,49097.51,510.99,7,3,13,4,5,5,8,53,45,0,35,18
422875,35,-0.09,-0.05,-0.4,-0.3,2,0.2,0.2,0.15,50,54.08,103,99,1,98,41,31,0,14,0,12,0,4,1,104,53,45,104,35187.81,369.72,12,8,14,7,13,7,7,30,41,31,0,26
422876,35,-0.09,-0.05,-0.4,-0.3,2,0.2,0.2,0.15,50,50.0,103,99,1,98,0,32,0,17,0,49,0,4,1,104,49,49,104,15373.04,157.06,5,5,1,4,8,4,3,68,0,32,0,66
422877,35,-0.09,-0.05,-0.4,-0.3,2,0.2,0.2,0.15,50,61.22,103,99,1,98,45,0,0,38,0,15,0,4,1,104,60,38,104,48409.81,504.13,7,3,13,4,5,5,8,53,45,0,0,53
422878,35,-0.09,-0.05,-0.4,-0.3,2,0.2,0.2,0.15,60,54.08,103,99,1,98,41,31,0,14,0,12,0,4,1,104,53,45,104,35187.81,369.72,12,8,14,7,13,7,7,30,41,31,0,26
422879,35,-0.09,-0.05,-0.4,-0.3,2,0.2,0.2,0.15,60,50.0,103,99,1,98,0,32,0,17,0,49,0,4,1,104,49,49,104,15373.04,157.06,5,5,1,4,8,4,3,68,0,32,0,66
422880,35,-0.09,-0.05,-0.4,-0.3,2,0.2,0.2,0.15,60,61.22,103,99,1,98,45,0,0,38,0,15,0,4,1,104,60,38,104,48409.81,504.13,7,3,13,4,5,5,8,53,45,0,0,53
422881,35,-0.09,-0.05,-0.4,-0.25,1,0.1,0.1,0.15,20,66.41,137,130,2,128,71,16,27,0,14,0,0,7,3,140,85,43,140,29940.58,303.91,49,21,8,50,0,0,0,0,71,16,41,0
422882,35,-0.09,-0.05,-0.4,-0.25,1,0.1,0.1,0.15,20,59.38,137,130,2,128,0,20,32,0,76,0,0,7,3,140,76,52,140,32230.12,335.89,6,6,1,115,0,0,0,0,0,20,108,0
422883,35,-0.09,-0.05,-0.4,-0.25,1,0.1,0.1,0.15,20,67.19,137,130,2,128,72,0,42,0,14,0,0,7,3,140,86,42,140,35244.96,360.56,43,17,8,60,0,0,0,0,72,0,56,0
422884,35,-0.09,-0.05,-0.4,-0.25,1,0.1,0.1,0.15,30,66.41,137,130,2,128,80,27,16,0,5,0,0,7,3,140,85,43,140,28893.25,294.65,49,21,8,9,13,28,0,0,80,27,21,0
422885,35,-0.09,-0.05,-0.4,-0.25,1,0.1,0.1,0.15,30,50.78,137,130,2,128,0,35,28,0,65,0,0,7,3,140,65,63,140,20173.57,219.2,6,6,1,7,11,97,0,0,0,35,93,0
422886,35,-0.09,-0.05,-0.4,-0.25,1,0.1,0.1,0.15,30,70.31,137,130,2,128,83,0,38,0,7,0,0,7,3,140,90,38,140,40218.08,415.19,43,17,8,4,7,49,0,0,83,0,45,0
422887,35,-0.09,-0.05,-0.4,-0.25,1,0.1,0.1,0.15,40,64.06,137,130,2,128,81,31,10,5,1,0,0,7,3,140,82,46,140,25368.3,256.47,49,21,8,9,13,7,3,18,81,31,11,5
422888,35,-0.09,-0.05,-0.4,-0.25,1,0.1,0.1,0.15,40,46.88,137,130,2,128,0,42,20,6,20,40,0,7,3,140,60,68,140,5173.25,51.69,6,6,1,7,11,4,4,89,0,42,40,46
422889,35,-0.09,-0.05,-0.4,-0.25,1,0.1,0.1,0.15,40,67.97,137,130,2,128,86,0,31,10,1,0,0,7,3,140,87,41,140,32643.55,332.39,43,17,8,4,7,4,3,42,86,0,32,10
422890,35,-0.09,-0.05,-0.4,-0.25,1,0.1,0.1,0.15,50,64.06,137,130,2,128,81,31,0,15,0,1,0,7,3,140,82,46,140,25875.55,261.88,49,21,8,9,13,7,3,18,81,31,0,16
422891,35,-0.09,-0.05,-0.4,-0.25,1,0.1,0.1,0.15,50,45.31,137,130,2,128,0,43,0,27,0,58,0,7,3,140,58,70,140,1837.29,16.78,6,6,1,7,11,4,4,89,0,43,0,85
422892,35,-0.09,-0.05,-0.4,-0.25,1,0.1,0.1,0.15,50,68.75,137,130,2,128,86,0,0,40,0,2,0,7,3,140,88,40,140,33774.86,344.38,43,17,8,4,7,4,3,42,86,0,0,42
422893,35,-0.09,-0.05,-0.4,-0.25,1,0.1,0.1,0.15,60,64.06,137,130,2,128,81,31,0,15,0,1,0,7,3,140,82,46,140,25875.55,261.88,49,21,8,9,13,7,3,18,81,31,0,16
422894,35,-0.09,-0.05,-0.4,-0.25,1,0.1,0.1,0.15,60,45.31,137,130,2,128,0,43,0,27,0,58,0,7,3,140,58,70,140,1837.29,16.78,6,6,1,7,11,4,4,89,0,43,0,85
422895,35,-0.09,-0.05,-0.4,-0.25,1,0.1,0.1,0.15,60,68.75,137,130,2,128,86,0,0,40,0,2,0,7,3,140,88,40,140,33774.86,344.38,43,17,8,4,7,4,3,42,86,0,0,42
422896,35,-0.09,-0.05,-0.4,-0.25,1,0.1,0.2,0.15,20,59.38,137,130,2,128,27,20,32,0,49,0,0,7,3,140,76,52,140,39315.67,404.37,14,9,14,91,0,0,0,0,27,20,81,0
422897,35,-0.09,-0.05,-0.4,-0.25,1,0.1,0.2,0.15,20,59.38,137,130,2,128,0,20,32,0,76,0,0,7,3,140,76,52,140,32230.12,335.89,6,6,1,115,0,0,0,0,0,20,108,0
422898,35,-0.09,-0.05,-0.4,-0.25,1,0.1,0.2,0.15,20,60.94,137,130,2,128,28,0,50,0,50,0,0,7,3,140,78,50,140,42107.3,436.25,8,3,13,104,0,0,0,0,28,0,100,0
422899,35,-0.09,-0.05,-0.4,-0.25,1,0.1,0.2,0.15,30,53.91,137,130,2,128,39,35,24,0,30,0,0,7,3,140,69,59,140,35908.67,376.67,14,9,14,10,17,64,0,0,39,35,54,0
422900,35,-0.09,-0.05,-0.4,-0.25,1,0.1,0.2,0.15,30,50.78,137,130,2,128,0,35,28,0,65,0,0,7,3,140,65,63,140,20173.57,219.2,6,6,1,7,11,97,0,0,0,35,93,0
422901,35,-0.09,-0.05,-0.4,-0.25,1,0.1,0.2,0.15,30,60.16,137,130,2,128,42,0,51,0,35,0,0,7,3,140,77,51,140,52577.4,551.94,8,3,13,4,6,94,0,0,42,0,86,0
422902,35,-0.09,-0.05,-0.4,-0.25,1,0.1,0.2,0.15,40,50.0,137,130,2,128,46,41,17,6,6,12,0,7,3,140,64,64,140,30997.31,325.19,14,9,14,10,17,10,8,46,46,41,23,18
422903,35,-0.09,-0.05,-0.4,-0.25,1,0.1,0.2,0.15,40,46.88,137,130,2,128,0,42,20,6,20,40,0,7,3,140,60,68,140,5173.25,51.69,6,6,1,7,11,4,4,89,0,42,40,46
422904,35,-0.09,-0.05,-0.4,-0.25,1,0.1,0.2,0.15,40,55.47,137,130,2,128,50,0,44,13,6,15,0,7,3,140,71,57,140,42912.33,445.22,8,3,13,4,6,8,8,78,50,0,50,28
422905,35,-0.09,-0.05,-0.4,-0.25,1,0.1,0.2,0.15,50,49.22,137,130,2,128,46,41,0,24,0,17,0,7,3,140,63,65,140,29127.65,305.95,14,9,14,10,17,10,8,46,46,41,0,41
422906,35,-0.09,-0.05,-0.4,-0.25,1,0.1,0.2,0.15,50,45.31,137,130,2,128,0,43,0,27,0,58,0,7,3,140,58,70,140,1837.29,16.78,6,6,1,7,11,4,4,89,0,43,0,85
422907,35,-0.09,-0.05,-0.4,-0.25,1,0.1,0.2,0.15,50,55.47,137,130,2,128,50,0,0,57,0,21,0,7,3,140,71,57,140,40351.59,418.51,8,3,13,4,6,8,8,78,50,0,0,78
422908,35,-0.09,-0.05,-0.4,-0.25,1,0.1,0.2,0.15,60,49.22,137,130,2,128,46,41,0,24,0,17,0,7,3,140,63,65,140,29127.65,305.95,14,9,14,10,17,10,8,46,46,41,0,41
422909,35,-0.09,-0.05,-0.4,-0.25,1,0.1,0.2,0.15,60,45.31,137,130,2,128,0,43,0,27,0,58,0,7,3,140,58,70,140,1837.29,16.78,6,6,1,7,11,4,4,89,0,43,0,85
422910,35,-0.09,-0.05,-0.4,-0.25,1,0.1,0.2,0.15,60,55.47,137,130,2,128,50,0,0,57,0,21,0,7,3,140,71,57,140,40351.59,418.51,8,3,13,4,6,8,8,78,50,0,0,78
422911,35,-0.09,-0.05,-0.4,-0.25,1,0.2,0.1,0.15,20,66.41,137,130,2,128,71,16,27,0,14,0,0,7,3,140,85,43,140,29940.58,303.91,49,21,8,50,0,0,0,0,71,16,41,0
422912,35,-0.09,-0.05,-0.4,-0.25,1,0.2,0.1,0.15,20,59.38,137,130,2,128,0,20,32,0,76,0,0,7,3,140,76,52,140,32230.12,335.89,6,6,1,115,0,0,0,0,0,20,108,0
422913,35,-0.09,-0.05,-0.4,-0.25,1,0.2,0.1,0.15,20,67.19,137,130,2,128,72,0,42,0,14,0,0,7,3,140,86,42,140,35244.96,360.56,43,17,8,60,0,0,0,0,72,0,56,0
422914,35,-0.09,-0.05,-0.4,-0.25,1,0.2,0.1,0.15,30,66.41,137,130,2,128,80,27,16,0,5,0,0,7,3,140,85,43,140,28893.25,294.65,49,21,8,9,13,28,0,0,80,27,21,0
422915,35,-0.09,-0.05,-0.4,-0.25,1,0.2,0.1,0.15,30,50.78,137,130,2,128,0,35,28,0,65,0,0,7,3,140,65,63,140,20173.57,219.2,6,6,1,7,11,97,0,0,0,35,93,0
422916,35,-0.09,-0.05,-0.4,-0.25,1,0.2,0.1,0.15,30,70.31,137,130,2,128,83,0,38,0,7,0,0,7,3,140,90,38,140,40218.08,415.19,43,17,8,4,7,49,0,0,83,0,45,0
422917,35,-0.09,-0.05,-0.4,-0.25,1,0.2,0.1,0.15,40,64.06,137,130,2,128,81,31,10,5,1,0,0,7,3,140,82,46,140,25368.3,256.47,49,21,8,9,13,7,3,18,81,31,11,5
422918,35,-0.09,-0.05,-0.4,-0.25,1,0.2,0.1,0.15,40,46.88,137,130,2,128,0,42,20,6,20,40,0,7,3,140,60,68,140,5173.25,51.69,6,6,1,7,11,4,4,89,0,42,40,46
422919,35,-0.09,-0.05,-0.4,-0.25,1,0.2,0.1,0.15,40,67.97,137,130,2,128,86,0,31,10,1,0,0,7,3,140,87,41,140,32643.55,332.39,43,17,8,4,7,4,3,42,86,0,32,10
422920,35,-0.09,-0.05,-0.4,-0.25,1,0.2,0.1,0.15,50,64.06,137,130,2,128,81,31,0,15,0,1,0,7,3,140,82,46,140,25875.55,261.88,49,21,8,9,13,7,3,18,81,31,0,16
422921,35,-0.09,-0.05,-0.4,-0.25,1,0.2,0.1,0.15,50,45.31,137,130,2,128,0,43,0,27,0,58,0,7,3,140,58,70,140,1837.29,16.78,6,6,1,7,11,4,4,89,0,43,0,85
422922,35,-0.09,-0.05,-0.4,-0.25,1,0.2,0.1,0.15,50,68.75,137,130,2,128,86,0,0,40,0,2,0,7,3,140,88,40,140,33774.86,344.38,43,17,8,4,7,4,3,42,86,0,0,42
422923,35,-0.09,-0.05,-0.4,-0.25,1,0.2,0.1,0.15,60,64.06,137,130,2,128,81,31,0,15,0,1,0,7,3,140,82,46,140,25875.55,261.88,49,21,8,9,13,7,3,18,81,31,0,16
422924,35,-0.09,-0.05,-0.4,-0.25,1,0.2,0.1,0.15,60,45.31,137,130,2,128,0,43,0,27,0,58,0,7,3,140,58,70,140,1837.29,16.78,6,6,1,7,11,4,4,89,0,43,0,85
422925,35,-0.09,-0.05,-0.4,-0.25,1,0.2,0.1,0.15,60,68.75,137,130,2,128,86,0,0,40,0,2,0,7,3,140,88,40,140,33774.86,344.38,43,17,8,4,7,4,3,42,86,0,0,42
422926,35,-0.09,-0.05,-0.4,-0.25,1,0.2,0.2,0.15,20,59.38,137,130,2,128,27,20,32,0,49,0,0,7,3,140,76,52,140,39315.67,404.37,14,9,14,91,0,0,0,0,27,20,81,0
422927,35,-0.09,-0.05,-0.4,-0.25,1,0.2,0.2,0.15,20,59.38,137,130,2,128,0,20,32,0,76,0,0,7,3,140,76,52,140,32230.12,335.89,6,6,1,115,0,0,0,0,0,20,108,0
422928,35,-0.09,-0.05,-0.4,-0.25,1,0.2,0.2,0.15,20,60.94,137,130,2,128,28,0,50,0,50,0,0,7,3,140,78,50,140,42107.3,436.25,8,3,13,104,0,0,0,0,28,0,100,0
422929,35,-0.09,-0.05,-0.4,-0.25,1,0.2,0.2,0.15,30,53.91,137,130,2,128,39,35,24,0,30,0,0,7,3,140,69,59,140,35908.67,376.67,14,9,14,10,17,64,0,0,39,35,54,0
422930,35,-0.09,-0.05,-0.4,-0.25,1,0.2,0.2,0.15,30,50.78,137,130,2,128,0,35,28,0,65,0,0,7,3,140,65,63,140,20173.57,219.2,6,6,1,7,11,97,0,0,0,35,93,0
422931,35,-0.09,-0.05,-0.4,-0.25,1,0.2,0.2,0.15,30,60.16,137,130,2,128,42,0,51,0,35,0,0,7,3,140,77,51,140,52577.4,551.94,8,3,13,4,6,94,0,0,42,0,86,0
422932,35,-0.09,-0.05,-0.4,-0.25,1,0.2,0.2,0.15,40,50.0,137,130,2,128,46,41,17,6,6,12,0,7,3,140,64,64,140,30997.31,325.19,14,9,14,10,17,10,8,46,46,41,23,18
422933,35,-0.09,-0.05,-0.4,-0.25,1,0.2,0.2,0.15,40,46.88,137,130,2,128,0,42,20,6,20,40,0,7,3,140,60,68,140,5173.25,51.69,6,6,1,7,11,4,4,89,0,42,40,46
422934,35,-0.09,-0.05,-0.4,-0.25,1,0.2,0.2,0.15,40,55.47,137,130,2,128,50,0,44,13,6,15,0,7,3,140,71,57,140,42912.33,445.22,8,3,13,4,6,8,8,78,50,0,50,28
422935,35,-0.09,-0.05,-0.4,-0.25,1,0.2,0.2,0.15,50,49.22,137,130,2,128,46,41,0,24,0,17,0,7,3,140,63,65,140,29127.65,305.95,14,9,14,10,17,10,8,46,46,41,0,41
422936,35,-0.09,-0.05,-0.4,-0.25,1,0.2,0.2,0.15,50,45.31,137,130,2,128,0,43,0,27,0,58,0,7,3,140,58,70,140,1837.29,16.78,6,6,1,7,11,4,4,89,0,43,0,85
422937,35,-0.09,-0.05,-0.4,-0.25,1,0.2,0.2,0.15,50,55.47,137,130,2,128,50,0,0,57,0,21,0,7,3,140,71,57,140,40351.59,418.51,8,3,13,4,6,8,8,78,50,0,0,78
422938,35,-0.09,-0.05,-0.4,-0.25,1,0.2,0.2,0.15,60,49.22,137,130,2,128,46,41,0,24,0,17,0,7,3,140,63,65,140,29127.65,305.95,14,9,14,10,17,10,8,46,46,41,0,41
422939,35,-0.09,-0.05,-0.4,-0.25,1,0.2,0.2,0.15,60,45.31,137,130,2,128,0,43,0,27,0,58,0,7,3,140,58,70,140,1837.29,16.78,6,6,1,7,11,4,4,89,0,43,0,85
422940,35,-0.09,-0.05,-0.4,-0.25,1,0.2,0.2,0.15,60,55.47,137,130,2,128,50,0,0,57,0,21,0,7,3,140,71,57,140,40351.59,418.51,8,3,13,4,6,8,8,78,50,0,0,78
422941,35,-0.09,-0.05,-0.4,-0.25,2,0.1,0.1,0.15,20,67.97,137,130,2,128,73,16,25,0,14,0,0,7,3,140,87,41,140,30030.77,456.64,50,21,8,49,0,0,0,0,73,16,39,0
422942,35,-0.09,-0.05,-0.4,-0.25,2,0.1,0.1,0.15,20,61.72,137,130,2,128,0,20,29,0,79,0,0,7,3,140,79,49,140,37044.07,523.24,6,6,1,115,0,0,0,0,0,20,108,0
422943,35,-0.09,-0.05,-0.4,-0.25,2,0.1,0.1,0.15,20,71.09,137,130,2,128,75,0,37,0,16,0,0,7,3,140,91,37,140,39695.38,531.02,44,18,9,57,0,0,0,0,75,0,53,0
422944,35,-0.09,-0.05,-0.4,-0.25,2,0.1,0.1,0.15,30,68.75,137,130,2,128,82,27,13,0,6,0,0,7,3,140,88,40,140,28242.31,488.61,50,21,8,10,14,25,0,0,82,27,19,0
422945,35,-0.09,-0.05,-0.4,-0.25,2,0.1,0.1,0.15,30,51.56,137,130,2,128,0,35,27,0,66,0,0,7,3,140,66,62,140,24567.4,466.02,6,6,1,7,11,97,0,0,0,35,93,0
422946,35,-0.09,-0.05,-0.4,-0.25,2,0.1,0.1,0.15,30,76.56,137,130,2,128,88,0,30,0,10,0,0,7,3,140,98,30,140,48117.04,624.53,44,18,9,4,8,45,0,0,88,0,40,0
422947,35,-0.09,-0.05,-0.4,-0.25,2,0.1,0.1,0.15,40,67.97,137,130,2,128,84,30,9,2,1,2,0,7,3,140,87,41,140,26426.59,473.96,50,21,8,10,14,6,4,15,84,30,10,4
422948,35,-0.09,-0.05,-0.4,-0.25,2,0.1,0.1,0.15,40,50.78,137,130,2,128,0,42,19,2,21,44,0,7,3,140,65,63,140,8958.64,328.01,6,6,1,7,11,4,4,89,0,42,40,46
422949,35,-0.09,-0.05,-0.4,-0.25,2,0.1,0.1,0.15,40,75.0,137,130,2,128,91,0,27,5,1,4,0,7,3,140,96,32,140,38780.33,569.12,44,18,9,4,8,5,3,37,91,0,28,9
422950,35,-0.09,-0.05,-0.4,-0.25,2,0.1,0.1,0.15,50,68.75,137,130,2,128,84,30,0,10,0,4,0,7,3,140,88,40,140,27533.84,483.26,50,21,8,10,14,6,4,15,84,30,0,14
422951,35,-0.09,-0.05,-0.4,-0.25,2,0.1,0.1,0.15,50,50.78,137,130,2,128,0,43,0,20,0,65,0,7,3,140,65,63,140,6396.94,303.46,6,6,1,7,11,4,4,89,0,43,0,85
422952,35,-0.09,-0.05,-0.4,-0.25,2,0.1,0.1,0.15,50,75.78,137,130,2,128,91,0,0,31,0,6,0,7,3,140,97,31,140,38798.66,571.37,44,18,9,4,8,5,3,37,91,0,0,37
422953,35,-0.09,-0.05,-0.4,-0.25,2,0.1,0.1,0.15,60,68.75,137,130,2,128,84,30,0,10,0,4,0,7,3,140,88,40,140,27533.84,483.26,50,21,8,10,14,6,4,15,84,30,0,14
422954,35,-0.09,-0.05,-0.4,-0.25,2,0.1,0.1,0.15,60,50.78,137,130,2,128,0,43,0,20,0,65,0,7,3,140,65,63,140,6396.94,303.46,6,6,1,7,11,4,4,89,0,43,0,85
422955,35,-0.09,-0.05,-0.4,-0.25,2,0.1,0.1,0.15,60,75.78,137,130,2,128,91,0,0,31,0,6,0,7,3,140,97,31,140,38798.66,571.37,44,18,9,4,8,5,3,37,91,0,0,37
422956,35,-0.09,-0.05,-0.4,-0.25,2,0.1,0.2,0.15,20,61.72,137,130,2,128,28,20,29,0,51,0,0,7,3,140,79,49,140,44032.82,587.94,14,10,14,90,0,0,0,0,28,20,80,0
422957,35,-0.09,-0.05,-0.4,-0.25,2,0.1,0.2,0.15,20,61.72,137,130,2,128,0,20,29,0,79,0,0,7,3,140,79,49,140,37044.07,523.24,6,6,1,115,0,0,0,0,0,20,108,0
422958,35,-0.09,-0.05,-0.4,-0.25,2,0.1,0.2,0.15,20,65.62,137,130,2,128,29,0,44,0,55,0,0,7,3,140,84,44,140,45918.21,638.96,8,4,13,103,0,0,0,0,29,0,99,0
422959,35,-0.09,-0.05,-0.4,-0.25,2,0.1,0.2,0.15,30,54.69,137,130,2,128,40,35,23,0,30,0,0,7,3,140,70,58,140,40902.36,617.62,14,10,14,10,17,63,0,0,40,35,53,0
422960,35,-0.09,-0.05,-0.4,-0.25,2,0.1,0.2,0.15,30,51.56,137,130,2,128,0,35,27,0,66,0,0,7,3,140,66,62,140,24567.4,466.02,6,6,1,7,11,97,0,0,0,35,93,0
422961,35,-0.09,-0.05,-0.4,-0.25,2,0.1,0.2,0.15,30,66.41,137,130,2,128,46,0,43,0,39,0,0,7,3,140,85,43,140,72793.95,848.74,8,4,13,4,8,91,0,0,46,0,82,0
422962,35,-0.09,-0.05,-0.4,-0.25,2,0.1,0.2,0.15,40,53.91,137,130,2,128,48,41,16,2,7,14,0,7,3,140,69,59,140,32399.58,567.12,14,10,14,10,17,10,8,45,48,41,23,16
422963,35,-0.09,-0.05,-0.4,-0.25,2,0.1,0.2,0.15,40,50.78,137,130,2,128,0,42,19,2,21,44,0,7,3,140,65,63,140,8958.64,328.01,6,6,1,7,11,4,4,89,0,42,40,46
422964,35,-0.09,-0.05,-0.4,-0.25,2,0.1,0.2,0.15,40,63.28,137,130,2,128,56,0,40,7,9,16,0,7,3,140,81,47,140,56685.09,753.18,8,4,13,4,8,9,8,74,56,0,49,23
422965,35,-0.09,-0.05,-0.4,-0.25,2,0.1,0.2,0.15,50,53.91,137,130,2,128,48,41,0,18,0,21,0,7,3,140,69,59,140,31432.86,553.29,14,10,14,10,17,10,8,45,48,41,0,39
422966,35,-0.09,-0.05,-0.4,-0.25,2,0.1,0.2,0.15,50,50.78,137,130,2,128,0,43,0,20,0,65,0,7,3,140,65,63,140,6396.94,303.46,6,6,1,7,11,4,4,89,0,43,0,85
422967,35,-0.09,-0.05,-0.4,-0.25,2,0.1,0.2,0.15,50,64.06,137,130,2,128,56,0,0,46,0,26,0,7,3,140,82,46,140,54968.66,735.13,8,4,13,4,8,9,8,74,56,0,0,72
422968,35,-0.09,-0.05,-0.4,-0.25,2,0.1,0.2,0.15,60,53.91,137,130,2,128,48,41,0,18,0,21,0,7,3,140,69,59,140,31432.86,553.29,14,10,14,10,17,10,8,45,48,41,0,39
422969,35,-0.09,-0.05,-0.4,-0.25,2,0.1,0.2,0.15,60,50.78,137,130,2,128,0,43,0,20,0,65,0,7,3,140,65,63,140,6396.94,303.46,6,6,1,7,11,4,4,89,0,43,0,85
422970,35,-0.09,-0.05,-0.4,-0.25,2,0.1,0.2,0.15,60,64.06,137,130,2,128,56,0,0,46,0,26,0,7,3,140,82,46,140,54968.66,735.13,8,4,13,4,8,9,8,74,56,0,0,72
422971,35,-0.09,-0.05,-0.4,-0.25,2,0.2,0.1,0.15,20,66.41,137,130,2,128,71,16,27,0,14,0,0,7,3,140,85,43,140,29940.58,303.91,49,21,8,50,0,0,0,0,71,16,41,0
422972,35,-0.09,-0.05,-0.4,-0.25,2,0.2,0.1,0.15,20,59.38,137,130,2,128,0,20,32,0,76,0,0,7,3,140,76,52,140,32230.12,335.89,6,6,1,115,0,0,0,0,0,20,108,0
422973,35,-0.09,-0.05,-0.4,-0.25,2,0.2,0.1,0.15,20,67.19,137,130,2,128,72,0,42,0,14,0,0,7,3,140,86,42,140,35244.96,360.56,43,17,8,60,0,0,0,0,72,0,56,0
422974,35,-0.09,-0.05,-0.4,-0.25,2,0.2,0.1,0.15,30,66.41,137,130,2,128,80,27,16,0,5,0,0,7,3,140,85,43,140,28893.25,294.65,49,21,8,9,13,28,0,0,80,27,21,0
422975,35,-0.09,-0.05,-0.4,-0.25,2,0.2,0.1,0.15,30,50.78,137,130,2,128,0,35,28,0,65,0,0,7,3,140,65,63,140,20173.57,219.2,6,6,1,7,11,97,0,0,0,35,93,0
422976,35,-0.09,-0.05,-0.4,-0.25,2,0.2,0.1,0.15,30,70.31,137,130,2,128,83,0,38,0,7,0,0,7,3,140,90,38,140,40218.08,415.19,43,17,8,4,7,49,0,0,83,0,45,0
422977,35,-0.09,-0.05,-0.4,-0.25,2,0.2,0.1,0.15,40,64.06,137,130,2,128,81,31,10,5,1,0,0,7,3,140,82,46,140,25368.3,256.47,49,21,8,9,13,7,3,18,81,31,11,5
422978,35,-0.09,-0.05,-0.4,-0.25,2,0.2,0.1,0.15,40,46.88,137,130,2,128,0,42,20,6,20,40,0,7,3,140,60,68,140,5173.25,51.69,6,6,1,7,11,4,4,89,0,42,40,46
422979,35,-0.09,-0.05,-0.4,-0.25,2,0.2,0.1,0.15,40,67.97,137,130,2,128,86,0,31,10,1,0,0,7,3,140,87,41,140,32643.55,332.39,43,17,8,4,7,4,3,42,86,0,32,10
422980,35,-0.09,-0.05,-0.4,-0.25,2,0.2,0.1,0.15,50,64.06,137,130,2,128,81,31,0,15,0,1,0,7,3,140,82,46,140,25875.55,261.88,49,21,8,9,13,7,3,18,81,31,0,16
422981,35,-0.09,-0.05,-0.4,-0.25,2,0.2,0.1,0.15,50,45.31,137,130,2,128,0,43,0,27,0,58,0,7,3,140,58,70,140,1837.29,16.78,6,6,1,7,11,4,4,89,0,43,0,85
422982,35,-0.09,-0.05,-0.4,-0.25,2,0.2,0.1,0.15,50,68.75,137,130,2,128,86,0,0,40,0,2,0,7,3,140,88,40,140,33774.86,344.38,43,17,8,4,7,4,3,42,86,0,0,42
422983,35,-0.09,-0.05,-0.4,-0.25,2,0.2,0.1,0.15,60,64.06,137,130,2,128,81,31,0,15,0,1,0,7,3,140,82,46,140,25875.55,261.88,49,21,8,9,13,7,3,18,81,31,0,16
422984,35,-0.09,-0.05,-0.4,-0.25,2,0.2,0.1,0.15,60,45.31,137,130,2,128,0,43,0,27,0,58,0,7,3,140,58,70,140,1837.29,16.78,6,6,1,7,11,4,4,89,0,43,0,85
422985,35,-0.09,-0.05,-0.4,-0.25,2,0.2,0.1,0.15,60,68.75,137,130,2,128,86,0,0,40,0,2,0,7,3,140,88,40,140,33774.86,344.38,43,17,8,4,7,4,3,42,86,0,0,42
422986,35,-0.09,-0.05,-0.4,-0.25,2,0.2,0.2,0.15,20,59.38,137,130,2,128,27,20,32,0,49,0,0,7,3,140,76,52,140,39315.67,404.37,14,9,14,91,0,0,0,0,27,20,81,0
422987,35,-0.09,-0.05,-0.4,-0.25,2,0.2,0.2,0.15,20,59.38,137,130,2,128,0,20,32,0,76,0,0,7,3,140,76,52,140,32230.12,335.89,6,6,1,115,0,0,0,0,0,20,108,0
422988,35,-0.09,-0.05,-0.4,-0.25,2,0.2,0.2,0.15,20,60.94,137,130,2,128,28,0,50,0,50,0,0,7,3,140,78,50,140,42107.3,436.25,8,3,13,104,0,0,0,0,28,0,100,0
422989,35,-0.09,-0.05,-0.4,-0.25,2,0.2,0.2,0.15,30,53.91,137,130,2,128,39,35,24,0,30,0,0,7,3,140,69,59,140,35908.67,376.67,14,9,14,10,17,64,0,0,39,35,54,0
422990,35,-0.09,-0.05,-0.4,-0.25,2,0.2,0.2,0.15,30,50.78,137,130,2,128,0,35,28,0,65,0,0,7,3,140,65,63,140,20173.57,219.2,6,6,1,7,11,97,0,0,0,35,93,0
422991,35,-0.09,-0.05,-0.4,-0.25,2,0.2,0.2,0.15,30,60.16,137,130,2,128,42,0,51,0,35,0,0,7,3,140,77,51,140,52577.4,551.94,8,3,13,4,6,94,0,0,42,0,86,0
422992,35,-0.09,-0.05,-0.4,-0.25,2,0.2,0.2,0.15,40,50.0,137,130,2,128,46,41,17,6,6,12,0,7,3,140,64,64,140,30997.31,325.19,14,9,14,10,17,10,8,46,46,41,23,18
422993,35,-0.09,-0.05,-0.4,-0.25,2,0.2,0.2,0.15,40,46.88,137,130,2,128,0,42,20,6,20,40,0,7,3,140,60,68,140,5173.25,51.69,6,6,1,7,11,4,4,89,0,42,40,46
422994,35,-0.09,-0.05,-0.4,-0.25,2,0.2,0.2,0.15,40,55.47,137,130,2,128,50,0,44,13,6,15,0,7,3,140,71,57,140,42912.33,445.22,8,3,13,4,6,8,8,78,50,0,50,28
422995,35,-0.09,-0.05,-0.4,-0.25,2,0.2,0.2,0.15,50,49.22,137,130,2,128,46,41,0,24,0,17,0,7,3,140,63,65,140,29127.65,305.95,14,9,14,10,17,10,8,46,46,41,0,41
422996,35,-0.09,-0.05,-0.4,-0.25,2,0.2,0.2,0.15,50,45.31,137,130,2,128,0,43,0,27,0,58,0,7,3,140,58,70,140,1837.29,16.78,6,6,1,7,11,4,4,89,0,43,0,85
422997,35,-0.09,-0.05,-0.4,-0.25,2,0.2,0.2,0.15,50,55.47,137,130,2,128,50,0,0,57,0,21,0,7,3,140,71,57,140,40351.59,418.51,8,3,13,4,6,8,8,78,50,0,0,78
422998,35,-0.09,-0.05,-0.4,-0.25,2,0.2,0.2,0.15,60,49.22,137,130,2,128,46,41,0,24,0,17,0,7,3,140,63,65,140,29127.65,305.95,14,9,14,10,17,10,8,46,46,41,0,41
422999,35,-0.09,-0.05,-0.4,-0.25,2,0.2,0.2,0.15,60,45.31,137,130,2,128,0,43,0,27,0,58,0,7,3,140,58,70,140,1837.29,16.78,6,6,1,7,11,4,4,89,0,43,0,85
423000,35,-0.09,-0.05,-0.4,-0.25,2,0.2,0.2,0.15,60,55.47,137,130,2,128,50,0,0,57,0,21,0,7,3,140,71,57,140,40351.59,418.51,8,3,13,4,6,8,8,78,50,0,0,78
423001,35,-0.09,-0.04,-0.6,-0.45,1,0.1,0.1,0.15,20,76.57,389,306,3,303,220,46,25,0,12,0,0,83,1,390,232,71,390,137257.7,1409.54,130,67,44,62,0,0,0,0,220,46,37,0
423002,35,-0.09,-0.04,-0.6,-0.45,1,0.1,0.1,0.15,20,70.1,389,306,5,301,0,48,42,0,211,0,0,83,1,390,211,90,390,284151.92,2907.39,9,15,11,266,0,0,0,0,0,48,253,0
423003,35,-0.09,-0.04,-0.6,-0.45,1,0.1,0.1,0.15,20,81.19,389,306,3,303,233,0,57,0,13,0,0,83,1,390,246,57,390,170011.77,1737.58,122,55,38,88,0,0,0,0,233,0,70,0
423004,35,-0.09,-0.04,-0.6,-0.45,1,0.1,0.1,0.15,30,77.89,389,306,3,303,230,58,9,0,6,0,0,83,1,390,236,67,390,135451.67,1391.01,130,67,44,25,9,28,0,0,230,58,15,0
423005,35,-0.09,-0.04,-0.6,-0.45,1,0.1,0.1,0.15,30,64.77,388,305,7,298,0,68,37,0,193,0,0,83,2,390,193,105,390,259288.52,2657.7,9,15,11,13,10,240,0,0,0,68,230,0
423006,35,-0.09,-0.04,-0.6,-0.45,1,0.1,0.1,0.15,30,85.1,389,306,4,302,249,0,45,0,8,0,0,83,1,390,257,45,390,182355.72,1862.89,122,55,38,18,7,62,0,0,249,0,53,0
423007,35,-0.09,-0.04,-0.6,-0.45,1,0.1,0.1,0.15,40,77.89,389,306,3,303,234,62,4,1,2,0,0,83,1,390,236,67,390,134241.37,1381.38,130,67,44,25,9,13,5,10,234,62,6,1
423008,35,-0.09,-0.04,-0.6,-0.45,1,0.1,0.1,0.15,40,60.14,386,303,7,296,0,86,26,6,38,140,0,83,4,390,178,118,390,246032.18,2532.15,9,15,11,13,10,10,16,212,0,86,64,146
423009,35,-0.09,-0.04,-0.6,-0.45,1,0.1,0.1,0.15,40,86.38,388,305,4,301,254,0,33,8,2,4,0,83,2,390,260,41,390,182328.14,1864.13,122,55,38,18,7,9,3,49,254,0,35,12
423010,35,-0.09,-0.04,-0.6,-0.45,1,0.1,0.1,0.15,50,77.23,389,306,3,303,234,64,0,5,0,0,0,83,1,390,234,69,390,131964.34,1358.4,130,67,44,25,9,13,5,10,234,64,0,5
423011,35,-0.09,-0.04,-0.6,-0.45,1,0.1,0.1,0.15,50,59.12,386,303,7,296,0,91,0,30,0,175,0,83,4,390,175,121,390,239195.4,2461.34,9,15,11,13,10,10,16,212,0,91,0,205
423012,35,-0.09,-0.04,-0.6,-0.45,1,0.1,0.1,0.15,50,85.71,388,305,4,301,254,0,0,43,0,4,0,83,2,390,258,43,390,175353.84,1793.55,122,55,38,18,7,9,3,49,254,0,0,47
423013,35,-0.09,-0.04,-0.6,-0.45,1,0.1,0.1,0.15,60,77.23,389,306,3,303,234,64,0,5,0,0,0,83,1,390,234,69,390,131964.34,1358.4,130,67,44,25,9,13,5,10,234,64,0,5
423014,35,-0.09,-0.04,-0.6,-0.45,1,0.1,0.1,0.15,60,59.12,386,303,7,296,0,91,0,30,0,175,0,83,4,390,175,121,390,239195.4,2461.34,9,15,11,13,10,10,16,212,0,91,0,205
423015,35,-0.09,-0.04,-0.6,-0.45,1,0.1,0.1,0.15,60,85.71,388,305,4,301,254,0,0,43,0,4,0,83,2,390,258,43,390,175353.84,1793.55,122,55,38,18,7,9,3,49,254,0,0,47
423016,35,-0.09,-0.04,-0.6,-0.45,1,0.1,0.2,0.15,20,70.86,389,306,4,302,132,48,40,0,82,0,0,83,1,390,214,88,390,237652.74,2437.14,36,57,58,151,0,0,0,0,132,48,122,0
423017,35,-0.09,-0.04,-0.6,-0.45,1,0.1,0.2,0.15,20,70.1,389,306,5,301,0,48,42,0,211,0,0,83,1,390,211,90,390,284151.92,2907.39,9,15,11,266,0,0,0,0,0,48,253,0
423018,35,-0.09,-0.04,-0.6,-0.45,1,0.1,0.2,0.15,20,75.83,389,306,4,302,139,0,73,0,90,0,0,83,1,390,229,73,390,281292.47,2875.21,27,43,49,183,0,0,0,0,139,0,163,0
423019,35,-0.09,-0.04,-0.6,-0.45,1,0.1,0.2,0.15,30,68.77,389,306,5,301,161,66,28,0,46,0,0,83,1,390,207,94,390,230108.62,2359.9,36,57,58,29,26,95,0,0,161,66,74,0
423020,35,-0.09,-0.04,-0.6,-0.45,1,0.1,0.2,0.15,30,64.77,388,305,7,298,0,68,37,0,193,0,0,83,2,390,193,105,390,259288.52,2657.7,9,15,11,13,10,240,0,0,0,68,230,0
423021,35,-0.09,-0.04,-0.6,-0.45,1,0.1,0.2,0.15,30,77.0,389,306,6,300,175,0,69,0,56,0,0,83,1,390,231,69,390,296949.0,3034.69,27,43,49,20,20,141,0,0,175,0,125,0
423022,35,-0.09,-0.04,-0.6,-0.45,1,0.1,0.2,0.15,40,65.45,389,306,5,301,175,80,19,5,10,12,0,83,1,390,197,104,390,225300.1,2319.38,36,57,58,29,26,21,22,52,175,80,29,17
423023,35,-0.09,-0.04,-0.6,-0.45,1,0.1,0.2,0.15,40,60.14,386,303,7,296,0,86,26,6,38,140,0,83,4,390,178,118,390,246032.18,2532.15,9,15,11,13,10,10,16,212,0,86,64,146
423024,35,-0.09,-0.04,-0.6,-0.45,1,0.1,0.2,0.15,40,74.25,388,305,6,299,190,0,61,16,11,21,0,83,2,390,222,77,390,290150.81,2972.84,27,43,49,20,20,16,13,111,190,0,72,37
423025,35,-0.09,-0.04,-0.6,-0.45,1,0.1,0.2,0.15,50,64.78,389,306,5,301,175,83,0,23,0,20,0,83,1,390,195,106,390,219724.68,2263.06,36,57,58,29,26,21,22,52,175,83,0,43
423026,35,-0.09,-0.04,-0.6,-0.45,1,0.1,0.2,0.15,50,59.12,386,303,7,296,0,91,0,30,0,175,0,83,4,390,175,121,390,239195.4,2461.34,9,15,11,13,10,10,16,212,0,91,0,205
423027,35,-0.09,-0.04,-0.6,-0.45,1,0.1,0.2,0.15,50,73.91,388,305,6,299,190,0,0,78,0,31,0,83,2,390,221,78,390,277003.25,2839.82,27,43,49,20,20,16,13,111,190,0,0,109
423028,35,-0.09,-0.04,-0.6,-0.45,1,0.1,0.2,0.15,60,64.78,389,306,5,301,175,83,0,23,0,20,0,83,1,390,195,106,390,219724.68,2263.06,36,57,58,29,26,21,22,52,175,83,0,43
423029,35,-0.09,-0.04,-0.6,-0.45,1,0.1,0.2,0.15,60,59.12,386,303,7,296,0,91,0,30,0,175,0,83,4,390,175,121,390,239195.4,2461.34,9,15,11,13,10,10,16,212,0,91,0,205
423030,35,-0.09,-0.04,-0.6,-0.45,1,0.1,0.2,0.15,60,73.91,388,305,6,299,190,0,0,78,0,31,0,83,2,390,221,78,390,277003.25,2839.82,27,43,49,20,20,16,13,111,190,0,0,109
423031,35,-0.09,-0.04,-0.6,-0.45,1,0.2,0.1,0.15,20,76.57,389,306,3,303,220,46,25,0,12,0,0,83,1,390,232,71,390,137257.7,1409.54,130,67,44,62,0,0,0,0,220,46,37,0
423032,35,-0.09,-0.04,-0.6,-0.45,1,0.2,0.1,0.15,20,70.1,389,306,5,301,0,48,42,0,211,0,0,83,1,390,211,90,390,284151.92,2907.39,9,15,11,266,0,0,0,0,0,48,253,0
423033,35,-0.09,-0.04,-0.6,-0.45,1,0.2,0.1,0.15,20,81.19,389,306,3,303,233,0,57,0,13,0,0,83,1,390,246,57,390,170011.77,1737.58,122,55,38,88,0,0,0,0,233,0,70,0
423034,35,-0.09,-0.04,-0.6,-0.45,1,0.2,0.1,0.15,30,77.89,389,306,3,303,230,58,9,0,6,0,0,83,1,390,236,67,390,135451.67,1391.01,130,67,44,25,9,28,0,0,230,58,15,0
423035,35,-0.09,-0.04,-0.6,-0.45,1,0.2,0.1,0.15,30,64.77,388,305,7,298,0,68,37,0,193,0,0,83,2,390,193,105,390,259288.52,2657.7,9,15,11,13,10,240,0,0,0,68,230,0
423036,35,-0.09,-0.04,-0.6,-0.45,1,0.2,0.1,0.15,30,85.1,389,306,4,302,249,0,45,0,8,0,0,83,1,390,257,45,390,182355.72,1862.89,122,55,38,18,7,62,0,0,249,0,53,0
423037,35,-0.09,-0.04,-0.6,-0.45,1,0.2,0.1,0.15,40,77.89,389,306,3,303,234,62,4,1,2,0,0,83,1,390,236,67,390,134241.37,1381.38,130,67,44,25,9,13,5,10,234,62,6,1
423038,35,-0.09,-0.04,-0.6,-0.45,1,0.2,0.1,0.15,40,60.14,386,303,7,296,0,86,26,6,38,140,0,83,4,390,178,118,390,246032.18,2532.15,9,15,11,13,10,10,16,212,0,86,64,146
423039,35,-0.09,-0.04,-0.6,-0.45,1,0.2,0.1,0.15,40,86.38,388,305,4,301,254,0,33,8,2,4,0,83,2,390,260,41,390,182328.14,1864.13,122,55,38,18,7,9,3,49,254,0,35,12
423040,35,-0.09,-0.04,-0.6,-0.45,1,0.2,0.1,0.15,50,77.23,389,306,3,303,234,64,0,5,0,0,0,83,1,390,234,69,390,131964.34,1358.4,130,67,44,25,9,13,5,10,234,64,0,5
423041,35,-0.09,-0.04,-0.6,-0.45,1,0.2,0.1,0.15,50,59.12,386,303,7,296,0,91,0,30,0,175,0,83,4,390,175,121,390,239195.4,2461.34,9,15,11,13,10,10,16,212,0,91,0,205
423042,35,-0.09,-0.04,-0.6,-0.45,1,0.2,0.1,0.15,50,85.71,388,305,4,301,254,0,0,43,0,4,0,83,2,390,258,43,390,175353.84,1793.55,122,55,38,18,7,9,3,49,254,0,0,47
423043,35,-0.09,-0.04,-0.6,-0.45,1,0.2,0.1,0.15,60,77.23,389,306,3,303,234,64,0,5,0,0,0,83,1,390,234,69,390,131964.34,1358.4,130,67,44,25,9,13,5,10,234,64,0,5
423044,35,-0.09,-0.04,-0.6,-0.45,1,0.2,0.1,0.15,60,59.12,386,303,7,296,0,91,0,30,0,175,0,83,4,390,175,121,390,239195.4,2461.34,9,15,11,13,10,10,16,212,0,91,0,205
423045,35,-0.09,-0.04,-0.6,-0.45,1,0.2,0.1,0.15,60,85.71,388,305,4,301,254,0,0,43,0,4,0,83,2,390,258,43,390,175353.84,1793.55,122,55,38,18,7,9,3,49,254,0,0,47
423046,35,-0.09,-0.04,-0.6,-0.45,1,0.2,0.2,0.15,20,70.86,389,306,4,302,132,48,40,0,82,0,0,83,1,390,214,88,390,237652.74,2437.14,36,57,58,151,0,0,0,0,132,48,122,0
423047,35,-0.09,-0.04,-0.6,-0.45,1,0.2,0.2,0.15,20,70.1,389,306,5,301,0,48,42,0,211,0,0,83,1,390,211,90,390,284151.92,2907.39,9,15,11,266,0,0,0,0,0,48,253,0
423048,35,-0.09,-0.04,-0.6,-0.45,1,0.2,0.2,0.15,20,75.83,389,306,4,302,139,0,73,0,90,0,0,83,1,390,229,73,390,281292.47,2875.21,27,43,49,183,0,0,0,0,139,0,163,0
423049,35,-0.09,-0.04,-0.6,-0.45,1,0.2,0.2,0.15,30,68.77,389,306,5,301,161,66,28,0,46,0,0,83,1,390,207,94,390,230108.62,2359.9,36,57,58,29,26,95,0,0,161,66,74,0
423050,35,-0.09,-0.04,-0.6,-0.45,1,0.2,0.2,0.15,30,64.77,388,305,7,298,0,68,37,0,193,0,0,83,2,390,193,105,390,259288.52,2657.7,9,15,11,13,10,240,0,0,0,68,230,0
423051,35,-0.09,-0.04,-0.6,-0.45,1,0.2,0.2,0.15,30,77.0,389,306,6,300,175,0,69,0,56,0,0,83,1,390,231,69,390,296949.0,3034.69,27,43,49,20,20,141,0,0,175,0,125,0
423052,35,-0.09,-0.04,-0.6,-0.45,1,0.2,0.2,0.15,40,65.45,389,306,5,301,175,80,19,5,10,12,0,83,1,390,197,104,390,225300.1,2319.38,36,57,58,29,26,21,22,52,175,80,29,17
423053,35,-0.09,-0.04,-0.6,-0.45,1,0.2,0.2,0.15,40,60.14,386,303,7,296,0,86,26,6,38,140,0,83,4,390,178,118,390,246032.18,2532.15,9,15,11,13,10,10,16,212,0,86,64,146
423054,35,-0.09,-0.04,-0.6,-0.45,1,0.2,0.2,0.15,40,74.25,388,305,6,299,190,0,61,16,11,21,0,83,2,390,222,77,390,290150.81,2972.84,27,43,49,20,20,16,13,111,190,0,72,37
423055,35,-0.09,-0.04,-0.6,-0.45,1,0.2,0.2,0.15,50,64.78,389,306,5,301,175,83,0,23,0,20,0,83,1,390,195,106,390,219724.68,2263.06,36,57,58,29,26,21,22,52,175,83,0,43
423056,35,-0.09,-0.04,-0.6,-0.45,1,0.2,0.2,0.15,50,59.12,386,303,7,296,0,91,0,30,0,175,0,83,4,390,175,121,390,239195.4,2461.34,9,15,11,13,10,10,16,212,0,91,0,205
423057,35,-0.09,-0.04,-0.6,-0.45,1,0.2,0.2,0.15,50,73.91,388,305,6,299,190,0,0,78,0,31,0,83,2,390,221,78,390,277003.25,2839.82,27,43,49,20,20,16,13,111,190,0,0,109
423058,35,-0.09,-0.04,-0.6,-0.45,1,0.2,0.2,0.15,60,64.78,389,306,5,301,175,83,0,23,0,20,0,83,1,390,195,106,390,219724.68,2263.06,36,57,58,29,26,21,22,52,175,83,0,43
423059,35,-0.09,-0.04,-0.6,-0.45,1,0.2,0.2,0.15,60,59.12,386,303,7,296,0,91,0,30,0,175,0,83,4,390,175,121,390,239195.4,2461.34,9,15,11,13,10,10,16,212,0,91,0,205
423060,35,-0.09,-0.04,-0.6,-0.45,1,0.2,0.2,0.15,60,73.91,388,305,6,299,190,0,0,78,0,31,0,83,2,390,221,78,390,277003.25,2839.82,27,43,49,20,20,16,13,111,190,0,0,109
423061,35,-0.09,-0.04,-0.6,-0.45,2,0.1,0.1,0.15,20,78.22,389,306,3,303,227,46,20,0,10,0,0,83,1,390,237,66,390,156734.35,1688.0,134,68,48,53,0,0,0,0,227,46,30,0
423062,35,-0.09,-0.04,-0.6,-0.45,2,0.1,0.1,0.15,20,72.43,389,306,5,301,0,48,35,0,218,0,0,83,1,390,218,83,390,342713.99,3326.64,9,15,11,266,0,0,0,0,0,48,253,0
423063,35,-0.09,-0.04,-0.6,-0.45,2,0.1,0.1,0.15,20,83.83,389,306,3,303,241,0,49,0,13,0,0,83,1,390,254,49,390,202848.11,2013.32,126,59,41,77,0,0,0,0,241,0,62,0
423064,35,-0.09,-0.04,-0.6,-0.45,2,0.1,0.1,0.15,30,78.88,389,306,3,303,234,57,7,0,5,0,0,83,1,390,239,64,390,152499.96,1678.04,134,68,48,23,9,21,0,0,234,57,12,0
423065,35,-0.09,-0.04,-0.6,-0.45,2,0.1,0.1,0.15,30,65.1,388,305,7,298,0,68,36,0,194,0,0,83,2,390,194,104,390,318454.03,3152.34,9,15,11,13,10,240,0,0,0,68,230,0
423066,35,-0.09,-0.04,-0.6,-0.45,2,0.1,0.1,0.15,30,88.08,389,306,4,302,257,0,36,0,9,0,0,83,1,390,266,36,390,221867.55,2136.78,126,59,41,15,8,53,0,0,257,0,45,0
423067,35,-0.09,-0.04,-0.6,-0.45,2,0.1,0.1,0.15,40,79.21,389,306,3,303,238,60,3,0,2,0,0,83,1,390,240,63,390,149646.31,1677.73,134,68,48,23,9,9,4,8,238,60,5,0
423068,35,-0.09,-0.04,-0.6,-0.45,2,0.1,0.1,0.15,40,61.49,386,303,7,296,0,86,23,5,41,141,0,83,4,390,182,114,390,293544.79,3096.01,9,15,11,13,10,10,16,212,0,86,64,146
423069,35,-0.09,-0.04,-0.6,-0.45,2,0.1,0.1,0.15,40,89.37,388,305,4,301,262,0,27,5,3,4,0,83,2,390,269,32,390,223591.03,2159.25,126,59,41,15,8,8,3,41,262,0,30,9
423070,35,-0.09,-0.04,-0.6,-0.45,2,0.1,0.1,0.15,50,78.55,389,306,3,303,238,62,0,3,0,0,0,83,1,390,238,65,390,146477.81,1656.11,134,68,48,23,9,9,4,8,238,62,0,3
423071,35,-0.09,-0.04,-0.6,-0.45,2,0.1,0.1,0.15,50,60.47,386,303,7,296,0,91,0,26,0,179,0,83,4,390,179,117,390,283921.3,3023.79,9,15,11,13,10,10,16,212,0,91,0,205
423072,35,-0.09,-0.04,-0.6,-0.45,2,0.1,0.1,0.15,50,88.7,388,305,4,301,262,0,0,34,0,5,0,83,2,390,267,34,390,211935.14,2094.59,126,59,41,15,8,8,3,41,262,0,0,39
423073,35,-0.09,-0.04,-0.6,-0.45,2,0.1,0.1,0.15,60,78.55,389,306,3,303,238,62,0,3,0,0,0,83,1,390,238,65,390,146477.81,1656.11,134,68,48,23,9,9,4,8,238,62,0,3
423074,35,-0.09,-0.04,-0.6,-0.45,2,0.1,0.1,0.15,60,60.47,386,303,7,296,0,91,0,26,0,179,0,83,4,390,179,117,390,283921.3,3023.79,9,15,11,13,10,10,16,212,0,91,0,205
423075,35,-0.09,-0.04,-0.6,-0.45,2,0.1,0.1,0.15,60,88.7,388,305,4,301,262,0,0,34,0,5,0,83,2,390,267,34,390,211935.14,2094.59,126,59,41,15,8,8,3,41,262,0,0,39
423076,35,-0.09,-0.04,-0.6,-0.45,2,0.1,0.2,0.15,20,73.18,389,306,4,302,142,48,33,0,79,0,0,83,1,390,221,81,390,287104.8,2823.11,36,63,59,144,0,0,0,0,142,48,112,0
423077,35,-0.09,-0.04,-0.6,-0.45,2,0.1,0.2,0.15,20,72.43,389,306,5,301,0,48,35,0,218,0,0,83,1,390,218,83,390,342713.99,3326.64,9,15,11,266,0,0,0,0,0,48,253,0
423078,35,-0.09,-0.04,-0.6,-0.45,2,0.1,0.2,0.15,20,79.47,389,306,4,302,154,0,62,0,86,0,0,83,1,390,240,62,390,363217.92,3307.29,27,50,53,172,0,0,0,0,154,0,148,0
423079,35,-0.09,-0.04,-0.6,-0.45,2,0.1,0.2,0.15,30,69.44,389,306,5,301,169,66,26,0,40,0,0,83,1,390,209,92,390,280901.81,2802.81,36,63,59,32,25,86,0,0,169,66,66,0
423080,35,-0.09,-0.04,-0.6,-0.45,2,0.1,0.2,0.15,30,65.1,388,305,7,298,0,68,36,0,194,0,0,83,2,390,194,104,390,318454.03,3152.34,9,15,11,13,10,240,0,0,0,68,230,0
423081,35,-0.09,-0.04,-0.6,-0.45,2,0.1,0.2,0.15,30,80.0,389,306,6,300,186,0,60,0,54,0,0,83,1,390,240,60,390,394797.37,3516.96,27,50,53,24,18,128,0,0,186,0,114,0
423082,35,-0.09,-0.04,-0.6,-0.45,2,0.1,0.2,0.15,40,67.77,389,306,5,301,183,79,14,4,12,9,0,83,1,390,204,97,390,272618.59,2830.99,36,63,59,32,25,20,22,44,183,79,26,13
423083,35,-0.09,-0.04,-0.6,-0.45,2,0.1,0.2,0.15,40,61.49,386,303,7,296,0,86,23,5,41,141,0,83,4,390,182,114,390,293544.79,3096.01,9,15,11,13,10,10,16,212,0,86,64,146
423084,35,-0.09,-0.04,-0.6,-0.45,2,0.1,0.2,0.15,40,78.93,388,305,6,299,201,0,52,11,15,20,0,83,2,390,236,63,390,382972.2,3534.13,27,50,53,24,18,14,13,100,201,0,67,31
423085,35,-0.09,-0.04,-0.6,-0.45,2,0.1,0.2,0.15,50,67.11,389,306,5,301,183,82,0,17,0,19,0,83,1,390,202,99,390,266065.82,2781.33,36,63,59,32,25,20,22,44,183,82,0,36
423086,35,-0.09,-0.04,-0.6,-0.45,2,0.1,0.2,0.15,50,60.47,386,303,7,296,0,91,0,26,0,179,0,83,4,390,179,117,390,283921.3,3023.79,9,15,11,13,10,10,16,212,0,91,0,205
423087,35,-0.09,-0.04,-0.6,-0.45,2,0.1,0.2,0.15,50,78.26,388,305,6,299,201,0,0,65,0,33,0,83,2,390,234,65,390,363029.61,3416.74,27,50,53,24,18,14,13,100,201,0,0,98
423088,35,-0.09,-0.04,-0.6,-0.45,2,0.1,0.2,0.15,60,67.11,389,306,5,301,183,82,0,17,0,19,0,83,1,390,202,99,390,266065.82,2781.33,36,63,59,32,25,20,22,44,183,82,0,36
423089,35,-0.09,-0.04,-0.6,-0.45,2,0.1,0.2,0.15,60,60.47,386,303,7,296,0,91,0,26,0,179,0,83,4,390,179,117,390,283921.3,3023.79,9,15,11,13,10,10,16,212,0,91,0,205
423090,35,-0.09,-0.04,-0.6,-0.45,2,0.1,0.2,0.15,60,78.26,388,305,6,299,201,0,0,65,0,33,0,83,2,390,234,65,390,363029.61,3416.74,27,50,53,24,18,14,13,100,201,0,0,98
423091,35,-0.09,-0.04,-0.6,-0.45,2,0.2,0.1,0.15,20,76.57,389,306,3,303,220,46,25,0,12,0,0,83,1,390,232,71,390,137257.7,1409.54,130,67,44,62,0,0,0,0,220,46,37,0
423092,35,-0.09,-0.04,-0.6,-0.45,2,0.2,0.1,0.15,20,70.1,389,306,5,301,0,48,42,0,211,0,0,83,1,390,211,90,390,284151.92,2907.39,9,15,11,266,0,0,0,0,0,48,253,0
423093,35,-0.09,-0.04,-0.6,-0.45,2,0.2,0.1,0.15,20,81.19,389,306,3,303,233,0,57,0,13,0,0,83,1,390,246,57,390,170011.77,1737.58,122,55,38,88,0,0,0,0,233,0,70,0
423094,35,-0.09,-0.04,-0.6,-0.45,2,0.2,0.1,0.15,30,77.89,389,306,3,303,230,58,9,0,6,0,0,83,1,390,236,67,390,135451.67,1391.01,130,67,44,25,9,28,0,0,230,58,15,0
423095,35,-0.09,-0.04,-0.6,-0.45,2,0.2,0.1,0.15,30,64.77,388,305,7,298,0,68,37,0,193,0,0,83,2,390,193,105,390,259288.52,2657.7,9,15,11,13,10,240,0,0,0,68,230,0
423096,35,-0.09,-0.04,-0.6,-0.45,2,0.2,0.1,0.15,30,85.1,389,306,4,302,249,0,45,0,8,0,0,83,1,390,257,45,390,182355.72,1862.89,122,55,38,18,7,62,0,0,249,0,53,0
423097,35,-0.09,-0.04,-0.6,-0.45,2,0.2,0.1,0.15,40,77.89,389,306,3,303,234,62,4,1,2,0,0,83,1,390,236,67,390,134241.37,1381.38,130,67,44,25,9,13,5,10,234,62,6,1
423098,35,-0.09,-0.04,-0.6,-0.45,2,0.2,0.1,0.15,40,60.14,386,303,7,296,0,86,26,6,38,140,0,83,4,390,178,118,390,246032.18,2532.15,9,15,11,13,10,10,16,212,0,86,64,146
423099,35,-0.09,-0.04,-0.6,-0.45,2,0.2,0.1,0.15,40,86.38,388,305,4,301,254,0,33,8,2,4,0,83,2,390,260,41,390,182328.14,1864.13,122,55,38,18,7,9,3,49,254,0,35,12
423100,35,-0.09,-0.04,-0.6,-0.45,2,0.2,0.1,0.15,50,77.23,389,306,3,303,234,64,0,5,0,0,0,83,1,390,234,69,390,131964.34,1358.4,130,67,44,25,9,13,5,10,234,64,0,5
423101,35,-0.09,-0.04,-0.6,-0.45,2,0.2,0.1,0.15,50,59.12,386,303,7,296,0,91,0,30,0,175,0,83,4,390,175,121,390,239195.4,2461.34,9,15,11,13,10,10,16,212,0,91,0,205
423102,35,-0.09,-0.04,-0.6,-0.45,2,0.2,0.1,0.15,50,85.71,388,305,4,301,254,0,0,43,0,4,0,83,2,390,258,43,390,175353.84,1793.55,122,55,38,18,7,9,3,49,254,0,0,47
423103,35,-0.09,-0.04,-0.6,-0.45,2,0.2,0.1,0.15,60,77.23,389,306,3,303,234,64,0,5,0,0,0,83,1,390,234,69,390,131964.34,1358.4,130,67,44,25,9,13,5,10,234,64,0,5
423104,35,-0.09,-0.04,-0.6,-0.45,2,0.2,0.1,0.15,60,59.12,386,303,7,296,0,91,0,30,0,175,0,83,4,390,175,121,390,239195.4,2461.34,9,15,11,13,10,10,16,212,0,91,0,205
423105,35,-0.09,-0.04,-0.6,-0.45,2,0.2,0.1,0.15,60,85.71,388,305,4,301,254,0,0,43,0,4,0,83,2,390,258,43,390,175353.84,1793.55,122,55,38,18,7,9,3,49,254,0,0,47
423106,35,-0.09,-0.04,-0.6,-0.45,2,0.2,0.2,0.15,20,70.86,389,306,4,302,132,48,40,0,82,0,0,83,1,390,214,88,390,237652.74,2437.14,36,57,58,151,0,0,0,0,132,48,122,0
423107,35,-0.09,-0.04,-0.6,-0.45,2,0.2,0.2,0.15,20,70.1,389,306,5,301,0,48,42,0,211,0,0,83,1,390,211,90,390,284151.92,2907.39,9,15,11,266,0,0,0,0,0,48,253,0
423108,35,-0.09,-0.04,-0.6,-0.45,2,0.2,0.2,0.15,20,75.83,389,306,4,302,139,0,73,0,90,0,0,83,1,390,229,73,390,281292.47,2875.21,27,43,49,183,0,0,0,0,139,0,163,0
423109,35,-0.09,-0.04,-0.6,-0.45,2,0.2,0.2,0.15,30,68.77,389,306,5,301,161,66,28,0,46,0,0,83,1,390,207,94,390,230108.62,2359.9,36,57,58,29,26,95,0,0,161,66,74,0
423110,35,-0.09,-0.04,-0.6,-0.45,2,0.2,0.2,0.15,30,64.77,388,305,7,298,0,68,37,0,193,0,0,83,2,390,193,105,390,259288.52,2657.7,9,15,11,13,10,240,0,0,0,68,230,0
423111,35,-0.09,-0.04,-0.6,-0.45,2,0.2,0.2,0.15,30,77.0,389,306,6,300,175,0,69,0,56,0,0,83,1,390,231,69,390,296949.0,3034.69,27,43,49,20,20,141,0,0,175,0,125,0
423112,35,-0.09,-0.04,-0.6,-0.45,2,0.2,0.2,0.15,40,65.45,389,306,5,301,175,80,19,5,10,12,0,83,1,390,197,104,390,225300.1,2319.38,36,57,58,29,26,21,22,52,175,80,29,17
423113,35,-0.09,-0.04,-0.6,-0.45,2,0.2,0.2,0.15,40,60.14,386,303,7,296,0,86,26,6,38,140,0,83,4,390,178,118,390,246032.18,2532.15,9,15,11,13,10,10,16,212,0,86,64,146
423114,35,-0.09,-0.04,-0.6,-0.45,2,0.2,0.2,0.15,40,74.25,388,305,6,299,190,0,61,16,11,21,0,83,2,390,222,77,390,290150.81,2972.84,27,43,49,20,20,16,13,111,190,0,72,37
423115,35,-0.09,-0.04,-0.6,-0.45,2,0.2,0.2,0.15,50,64.78,389,306,5,301,175,83,0,23,0,20,0,83,1,390,195,106,390,219724.68,2263.06,36,57,58,29,26,21,22,52,175,83,0,43
423116,35,-0.09,-0.04,-0.6,-0.45,2,0.2,0.2,0.15,50,59.12,386,303,7,296,0,91,0,30,0,175,0,83,4,390,175,121,390,239195.4,2461.34,9,15,11,13,10,10,16,212,0,91,0,205
423117,35,-0.09,-0.04,-0.6,-0.45,2,0.2,0.2,0.15,50,73.91,388,305,6,299,190,0,0,78,0,31,0,83,2,390,221,78,390,277003.25,2839.82,27,43,49,20,20,16,13,111,190,0,0,109
423118,35,-0.09,-0.04,-0.6,-0.45,2,0.2,0.2,0.15,60,64.78,389,306,5,301,175,83,0,23,0,20,0,83,1,390,195,106,390,219724.68,2263.06,36,57,58,29,26,21,22,52,175,83,0,43
423119,35,-0.09,-0.04,-0.6,-0.45,2,0.2,0.2,0.15,60,59.12,386,303,7,296,0,91,0,30,0,175,0,83,4,390,175,121,390,239195.4,2461.34,9,15,11,13,10,10,16,212,0,91,0,205
423120,35,-0.09,-0.04,-0.6,-0.45,2,0.2,0.2,0.15,60,73.91,388,305,6,299,190,0,0,78,0,31,0,83,2,390,221,78,390,277003.25,2839.82,27,43,49,20,20,16,13,111,190,0,0,109
423121,35,-0.09,-0.04,-0.6,-0.4,1,0.1,0.1,0.15,20,75.93,528,432,4,428,299,64,39,0,26,0,0,96,1,529,325,103,529,184310.89,1895.15,178,91,57,102,0,0,0,0,299,64,65,0
423122,35,-0.09,-0.04,-0.6,-0.4,1,0.1,0.1,0.15,20,69.1,528,432,8,424,0,68,63,0,293,0,0,96,1,529,293,131,529,343641.7,3527.49,15,18,17,374,0,0,0,0,0,68,356,0
423123,35,-0.09,-0.04,-0.6,-0.4,1,0.1,0.1,0.15,20,80.61,528,432,4,428,318,0,83,0,27,0,0,96,1,529,345,83,529,227578.73,2332.42,164,76,48,140,0,0,0,0,318,0,110,0
423124,35,-0.09,-0.04,-0.6,-0.4,1,0.1,0.1,0.15,30,76.87,528,432,4,428,322,82,17,0,7,0,0,96,1,529,329,99,529,186029.16,1916.68,178,91,57,37,19,46,0,0,322,82,24,0
423125,35,-0.09,-0.04,-0.6,-0.4,1,0.1,0.1,0.15,30,64.52,527,431,11,420,0,97,52,0,271,0,0,96,2,529,271,149,529,321054.17,3306.69,15,18,17,18,17,335,0,0,0,97,323,0
423126,35,-0.09,-0.04,-0.6,-0.4,1,0.1,0.1,0.15,30,83.37,528,432,5,427,347,0,71,0,9,0,0,96,1,529,356,71,529,247345.3,2538.58,164,76,48,30,13,96,0,0,347,0,80,0
423127,35,-0.09,-0.04,-0.6,-0.4,1,0.1,0.1,0.15,40,77.05,528,432,5,427,327,87,9,2,2,0,0,96,1,529,329,98,529,183463.02,1893.88,178,91,57,37,19,22,5,18,327,87,11,2
423128,35,-0.09,-0.04,-0.6,-0.4,1,0.1,0.1,0.15,40,58.89,525,429,13,416,0,117,42,12,54,191,0,96,4,529,245,171,529,303160.69,3130.02,15,18,17,18,17,12,18,301,0,117,96,203
423129,35,-0.09,-0.04,-0.6,-0.4,1,0.1,0.1,0.15,40,84.94,527,431,6,425,355,0,47,17,2,4,0,96,2,529,361,64,529,246546.93,2532.26,164,76,48,30,13,16,3,75,355,0,49,21
423130,35,-0.09,-0.04,-0.6,-0.4,1,0.1,0.1,0.15,50,76.58,528,432,5,427,327,89,0,11,0,0,0,96,1,529,327,100,529,180726.18,1866.21,178,91,57,37,19,22,5,18,327,89,0,11
423131,35,-0.09,-0.04,-0.6,-0.4,1,0.1,0.1,0.15,50,57.69,525,429,13,416,0,123,0,53,0,240,0,96,4,529,240,176,529,291606.32,3008.96,15,18,17,18,17,12,18,301,0,123,0,293
423132,35,-0.09,-0.04,-0.6,-0.4,1,0.1,0.1,0.15,50,84.47,527,431,6,425,355,0,0,66,0,4,0,96,2,529,359,66,529,239134.65,2457.55,164,76,48,30,13,16,3,75,355,0,0,70
423133,35,-0.09,-0.04,-0.6,-0.4,1,0.1,0.1,0.15,60,76.58,528,432,5,427,327,89,0,11,0,0,0,96,1,529,327,100,529,180726.18,1866.21,178,91,57,37,19,22,5,18,327,89,0,11
423134,35,-0.09,-0.04,-0.6,-0.4,1,0.1,0.1,0.15,60,57.69,525,429,13,416,0,123,0,53,0,240,0,96,4,529,240,176,529,291606.32,3008.96,15,18,17,18,17,12,18,301,0,123,0,293
423135,35,-0.09,-0.04,-0.6,-0.4,1,0.1,0.1,0.15,60,84.47,527,431,6,425,355,0,0,66,0,4,0,96,2,529,359,66,529,239134.65,2457.55,164,76,48,30,13,16,3,75,355,0,0,70
423136,35,-0.09,-0.04,-0.6,-0.4,1,0.1,0.2,0.15,20,69.72,528,432,6,426,166,68,61,0,131,0,0,96,1,529,297,129,529,298927.51,3076.97,44,73,77,232,0,0,0,0,166,68,192,0
423137,35,-0.09,-0.04,-0.6,-0.4,1,0.1,0.2,0.15,20,69.1,528,432,8,424,0,68,63,0,293,0,0,96,1,529,293,131,529,343641.7,3527.49,15,18,17,374,0,0,0,0,0,68,356,0
423138,35,-0.09,-0.04,-0.6,-0.4,1,0.1,0.2,0.15,20,74.88,528,432,6,426,176,0,107,0,143,0,0,96,1,529,319,107,529,359075.0,3686.5,29,56,62,279,0,0,0,0,176,0,250,0
423139,35,-0.09,-0.04,-0.6,-0.4,1,0.1,0.2,0.15,30,67.69,528,432,8,424,211,95,42,0,76,0,0,96,1,529,287,137,529,298551.16,3077.08,44,73,77,40,41,149,0,0,211,95,118,0
423140,35,-0.09,-0.04,-0.6,-0.4,1,0.1,0.2,0.15,30,64.52,527,431,11,420,0,97,52,0,271,0,0,96,2,529,271,149,529,321054.17,3306.69,15,18,17,18,17,335,0,0,0,97,323,0
423141,35,-0.09,-0.04,-0.6,-0.4,1,0.1,0.2,0.15,30,75.41,528,432,9,423,230,0,104,0,89,0,0,96,1,529,319,104,529,387353.09,3979.89,29,56,62,29,30,217,0,0,230,0,193,0
423142,35,-0.09,-0.04,-0.6,-0.4,1,0.1,0.2,0.15,40,63.51,528,432,10,422,230,110,33,11,16,22,0,96,1,529,268,154,529,288511.8,2982.82,44,73,77,40,41,31,26,90,230,110,49,33
423143,35,-0.09,-0.04,-0.6,-0.4,1,0.1,0.2,0.15,40,58.89,525,429,13,416,0,117,42,12,54,191,0,96,4,529,245,171,529,303160.69,3130.02,15,18,17,18,17,12,18,301,0,117,96,203
423144,35,-0.09,-0.04,-0.6,-0.4,1,0.1,0.2,0.15,40,72.14,527,431,11,420,251,0,86,31,18,34,0,96,2,529,303,117,529,376695.05,3878.39,29,56,62,29,30,24,17,173,251,0,104,65
423145,35,-0.09,-0.04,-0.6,-0.4,1,0.1,0.2,0.15,50,62.8,528,432,10,422,230,114,0,43,0,35,0,96,1,529,265,157,529,279616.96,2891.89,44,73,77,40,41,31,26,90,230,114,0,78
423146,35,-0.09,-0.04,-0.6,-0.4,1,0.1,0.2,0.15,50,57.69,525,429,13,416,0,123,0,53,0,240,0,96,4,529,240,176,529,291606.32,3008.96,15,18,17,18,17,12,18,301,0,123,0,293
423147,35,-0.09,-0.04,-0.6,-0.4,1,0.1,0.2,0.15,50,71.43,527,431,11,420,251,0,0,120,0,49,0,96,2,529,300,120,529,358470.48,3693.4,29,56,62,29,30,24,17,173,251,0,0,169
423148,35,-0.09,-0.04,-0.6,-0.4,1,0.1,0.2,0.15,60,62.8,528,432,10,422,230,114,0,43,0,35,0,96,1,529,265,157,529,279616.96,2891.89,44,73,77,40,41,31,26,90,230,114,0,78
423149,35,-0.09,-0.04,-0.6,-0.4,1,0.1,0.2,0.15,60,57.69,525,429,13,416,0,123,0,53,0,240,0,96,4,529,240,176,529,291606.32,3008.96,15,18,17,18,17,12,18,301,0,123,0,293
423150,35,-0.09,-0.04,-0.6,-0.4,1,0.1,0.2,0.15,60,71.43,527,431,11,420,251,0,0,120,0,49,0,96,2,529,300,120,529,358470.48,3693.4,29,56,62,29,30,24,17,173,251,0,0,169
423151,35,-0.09,-0.04,-0.6,-0.4,1,0.2,0.1,0.15,20,75.93,528,432,4,428,299,64,39,0,26,0,0,96,1,529,325,103,529,184310.89,1895.15,178,91,57,102,0,0,0,0,299,64,65,0
423152,35,-0.09,-0.04,-0.6,-0.4,1,0.2,0.1,0.15,20,69.1,528,432,8,424,0,68,63,0,293,0,0,96,1,529,293,131,529,343641.7,3527.49,15,18,17,374,0,0,0,0,0,68,356,0
423153,35,-0.09,-0.04,-0.6,-0.4,1,0.2,0.1,0.15,20,80.61,528,432,4,428,318,0,83,0,27,0,0,96,1,529,345,83,529,227578.73,2332.42,164,76,48,140,0,0,0,0,318,0,110,0
423154,35,-0.09,-0.04,-0.6,-0.4,1,0.2,0.1,0.15,30,76.87,528,432,4,428,322,82,17,0,7,0,0,96,1,529,329,99,529,186029.16,1916.68,178,91,57,37,19,46,0,0,322,82,24,0
423155,35,-0.09,-0.04,-0.6,-0.4,1,0.2,0.1,0.15,30,64.52,527,431,11,420,0,97,52,0,271,0,0,96,2,529,271,149,529,321054.17,3306.69,15,18,17,18,17,335,0,0,0,97,323,0
423156,35,-0.09,-0.04,-0.6,-0.4,1,0.2,0.1,0.15,30,83.37,528,432,5,427,347,0,71,0,9,0,0,96,1,529,356,71,529,247345.3,2538.58,164,76,48,30,13,96,0,0,347,0,80,0
423157,35,-0.09,-0.04,-0.6,-0.4,1,0.2,0.1,0.15,40,77.05,528,432,5,427,327,87,9,2,2,0,0,96,1,529,329,98,529,183463.02,1893.88,178,91,57,37,19,22,5,18,327,87,11,2
423158,35,-0.09,-0.04,-0.6,-0.4,1,0.2,0.1,0.15,40,58.89,525,429,13,416,0,117,42,12,54,191,0,96,4,529,245,171,529,303160.69,3130.02,15,18,17,18,17,12,18,301,0,117,96,203
423159,35,-0.09,-0.04,-0.6,-0.4,1,0.2,0.1,0.15,40,84.94,527,431,6,425,355,0,47,17,2,4,0,96,2,529,361,64,529,246546.93,2532.26,164,76,48,30,13,16,3,75,355,0,49,21
423160,35,-0.09,-0.04,-0.6,-0.4,1,0.2,0.1,0.15,50,76.58,528,432,5,427,327,89,0,11,0,0,0,96,1,529,327,100,529,180726.18,1866.21,178,91,57,37,19,22,5,18,327,89,0,11
423161,35,-0.09,-0.04,-0.6,-0.4,1,0.2,0.1,0.15,50,57.69,525,429,13,416,0,123,0,53,0,240,0,96,4,529,240,176,529,291606.32,3008.96,15,18,17,18,17,12,18,301,0,123,0,293
423162,35,-0.09,-0.04,-0.6,-0.4,1,0.2,0.1,0.15,50,84.47,527,431,6,425,355,0,0,66,0,4,0,96,2,529,359,66,529,239134.65,2457.55,164,76,48,30,13,16,3,75,355,0,0,70
423163,35,-0.09,-0.04,-0.6,-0.4,1,0.2,0.1,0.15,60,76.58,528,432,5,427,327,89,0,11,0,0,0,96,1,529,327,100,529,180726.18,1866.21,178,91,57,37,19,22,5,18,327,89,0,11
423164,35,-0.09,-0.04,-0.6,-0.4,1,0.2,0.1,0.15,60,57.69,525,429,13,416,0,123,0,53,0,240,0,96,4,529,240,176,529,291606.32,3008.96,15,18,17,18,17,12,18,301,0,123,0,293
423165,35,-0.09,-0.04,-0.6,-0.4,1,0.2,0.1,0.15,60,84.47,527,431,6,425,355,0,0,66,0,4,0,96,2,529,359,66,529,239134.65,2457.55,164,76,48,30,13,16,3,75,355,0,0,70
423166,35,-0.09,-0.04,-0.6,-0.4,1,0.2,0.2,0.15,20,69.72,528,432,6,426,166,68,61,0,131,0,0,96,1,529,297,129,529,298927.51,3076.97,44,73,77,232,0,0,0,0,166,68,192,0
423167,35,-0.09,-0.04,-0.6,-0.4,1,0.2,0.2,0.15,20,69.1,528,432,8,424,0,68,63,0,293,0,0,96,1,529,293,131,529,343641.7,3527.49,15,18,17,374,0,0,0,0,0,68,356,0
423168,35,-0.09,-0.04,-0.6,-0.4,1,0.2,0.2,0.15,20,74.88,528,432,6,426,176,0,107,0,143,0,0,96,1,529,319,107,529,359075.0,3686.5,29,56,62,279,0,0,0,0,176,0,250,0
423169,35,-0.09,-0.04,-0.6,-0.4,1,0.2,0.2,0.15,30,67.69,528,432,8,424,211,95,42,0,76,0,0,96,1,529,287,137,529,298551.16,3077.08,44,73,77,40,41,149,0,0,211,95,118,0
423170,35,-0.09,-0.04,-0.6,-0.4,1,0.2,0.2,0.15,30,64.52,527,431,11,420,0,97,52,0,271,0,0,96,2,529,271,149,529,321054.17,3306.69,15,18,17,18,17,335,0,0,0,97,323,0
423171,35,-0.09,-0.04,-0.6,-0.4,1,0.2,0.2,0.15,30,75.41,528,432,9,423,230,0,104,0,89,0,0,96,1,529,319,104,529,387353.09,3979.89,29,56,62,29,30,217,0,0,230,0,193,0
423172,35,-0.09,-0.04,-0.6,-0.4,1,0.2,0.2,0.15,40,63.51,528,432,10,422,230,110,33,11,16,22,0,96,1,529,268,154,529,288511.8,2982.82,44,73,77,40,41,31,26,90,230,110,49,33
423173,35,-0.09,-0.04,-0.6,-0.4,1,0.2,0.2,0.15,40,58.89,525,429,13,416,0,117,42,12,54,191,0,96,4,529,245,171,529,303160.69,3130.02,15,18,17,18,17,12,18,301,0,117,96,203
423174,35,-0.09,-0.04,-0.6,-0.4,1,0.2,0.2,0.15,40,72.14,527,431,11,420,251,0,86,31,18,34,0,96,2,529,303,117,529,376695.05,3878.39,29,56,62,29,30,24,17,173,251,0,104,65
423175,35,-0.09,-0.04,-0.6,-0.4,1,0.2,0.2,0.15,50,62.8,528,432,10,422,230,114,0,43,0,35,0,96,1,529,265,157,529,279616.96,2891.89,44,73,77,40,41,31,26,90,230,114,0,78
423176,35,-0.09,-0.04,-0.6,-0.4,1,0.2,0.2,0.15,50,57.69,525,429,13,416,0,123,0,53,0,240,0,96,4,529,240,176,529,291606.32,3008.96,15,18,17,18,17,12,18,301,0,123,0,293
423177,35,-0.09,-0.04,-0.6,-0.4,1,0.2,0.2,0.15,50,71.43,527,431,11,420,251,0,0,120,0,49,0,96,2,529,300,120,529,358470.48,3693.4,29,56,62,29,30,24,17,173,251,0,0,169
423178,35,-0.09,-0.04,-0.6,-0.4,1,0.2,0.2,0.15,60,62.8,528,432,10,422,230,114,0,43,0,35,0,96,1,529,265,157,529,279616.96,2891.89,44,73,77,40,41,31,26,90,230,114,0,78
423179,35,-0.09,-0.04,-0.6,-0.4,1,0.2,0.2,0.15,60,57.69,525,429,13,416,0,123,0,53,0,240,0,96,4,529,240,176,529,291606.32,3008.96,15,18,17,18,17,12,18,301,0,123,0,293
423180,35,-0.09,-0.04,-0.6,-0.4,1,0.2,0.2,0.15,60,71.43,527,431,11,420,251,0,0,120,0,49,0,96,2,529,300,120,529,358470.48,3693.4,29,56,62,29,30,24,17,173,251,0,0,169
423181,35,-0.09,-0.04,-0.6,-0.4,2,0.1,0.1,0.15,20,78.27,528,432,4,428,311,64,29,0,24,0,0,96,1,529,335,93,529,217323.09,2337.06,184,93,65,86,0,0,0,0,311,64,53,0
423182,35,-0.09,-0.04,-0.6,-0.4,2,0.1,0.1,0.15,20,71.93,528,432,8,424,0,68,51,0,305,0,0,96,1,529,305,119,529,425150.58,4153.64,15,18,17,374,0,0,0,0,0,68,356,0
423183,35,-0.09,-0.04,-0.6,-0.4,2,0.1,0.1,0.15,20,83.88,528,432,4,428,331,0,69,0,28,0,0,96,1,529,359,69,529,276925.93,2755.23,170,81,57,120,0,0,0,0,331,0,97,0
423184,35,-0.09,-0.04,-0.6,-0.4,2,0.1,0.1,0.15,30,78.5,528,432,4,428,329,79,13,0,7,0,0,96,1,529,336,92,529,216545.71,2365.04,184,93,65,33,18,35,0,0,329,79,20,0
423185,35,-0.09,-0.04,-0.6,-0.4,2,0.1,0.1,0.15,30,65.24,527,431,11,420,0,97,49,0,274,0,0,96,2,529,274,146,529,408088.17,4040.87,15,18,17,18,17,335,0,0,0,97,323,0
423186,35,-0.09,-0.04,-0.6,-0.4,2,0.1,0.1,0.15,30,87.12,528,432,5,427,360,0,55,0,12,0,0,96,1,529,372,55,529,307535.68,2959.42,170,81,57,23,17,79,0,0,360,0,67,0
423187,35,-0.09,-0.04,-0.6,-0.4,2,0.1,0.1,0.15,40,78.92,528,432,5,427,335,83,7,0,2,0,0,96,1,529,337,90,529,213712.41,2368.73,184,93,65,33,18,15,5,14,335,83,9,0
423188,35,-0.09,-0.04,-0.6,-0.4,2,0.1,0.1,0.15,40,60.58,525,429,13,416,0,117,37,10,59,193,0,96,4,529,252,164,529,375784.62,3946.91,15,18,17,18,17,12,18,301,0,117,96,203
423189,35,-0.09,-0.04,-0.6,-0.4,2,0.1,0.1,0.15,40,88.71,527,431,6,425,370,0,36,12,3,4,0,96,2,529,377,48,529,314363.7,3011.47,170,81,57,23,17,12,6,59,370,0,39,16
423190,35,-0.09,-0.04,-0.6,-0.4,2,0.1,0.1,0.15,50,78.45,528,432,5,427,335,85,0,7,0,0,0,96,1,529,335,92,529,210264.7,2344.29,184,93,65,33,18,15,5,14,335,85,0,7
423191,35,-0.09,-0.04,-0.6,-0.4,2,0.1,0.1,0.15,50,59.13,525,429,13,416,0,123,0,47,0,246,0,96,4,529,246,170,529,358748.33,3823.06,15,18,17,18,17,12,18,301,0,123,0,293
423192,35,-0.09,-0.04,-0.6,-0.4,2,0.1,0.1,0.15,50,88.47,527,431,6,425,370,0,0,49,0,6,0,96,2,529,376,49,529,303176.95,2948.5,170,81,57,23,17,12,6,59,370,0,0,55
423193,35,-0.09,-0.04,-0.6,-0.4,2,0.1,0.1,0.15,60,78.45,528,432,5,427,335,85,0,7,0,0,0,96,1,529,335,92,529,210264.7,2344.29,184,93,65,33,18,15,5,14,335,85,0,7
423194,35,-0.09,-0.04,-0.6,-0.4,2,0.1,0.1,0.15,60,59.13,525,429,13,416,0,123,0,47,0,246,0,96,4,529,246,170,529,358748.33,3823.06,15,18,17,18,17,12,18,301,0,123,0,293
423195,35,-0.09,-0.04,-0.6,-0.4,2,0.1,0.1,0.15,60,88.47,527,431,6,425,370,0,0,49,0,6,0,96,2,529,376,49,529,303176.95,2948.5,170,81,57,23,17,12,6,59,370,0,0,55
423196,35,-0.09,-0.04,-0.6,-0.4,2,0.1,0.2,0.15,20,72.54,528,432,6,426,180,68,49,0,129,0,0,96,1,529,309,117,529,370608.37,3667.95,44,79,79,224,0,0,0,0,180,68,178,0
423197,35,-0.09,-0.04,-0.6,-0.4,2,0.1,0.2,0.15,20,71.93,528,432,8,424,0,68,51,0,305,0,0,96,1,529,305,119,529,425150.58,4153.64,15,18,17,374,0,0,0,0,0,68,356,0
423198,35,-0.09,-0.04,-0.6,-0.4,2,0.1,0.2,0.15,20,78.87,528,432,6,426,196,0,90,0,140,0,0,96,1,529,336,90,529,475617.13,4339.84,29,63,67,267,0,0,0,0,196,0,230,0
423199,35,-0.09,-0.04,-0.6,-0.4,2,0.1,0.2,0.15,30,68.63,528,432,8,424,223,95,38,0,68,0,0,96,1,529,291,133,529,377709.79,3749.69,44,79,79,46,40,136,0,0,223,95,106,0
423200,35,-0.09,-0.04,-0.6,-0.4,2,0.1,0.2,0.15,30,65.24,527,431,11,420,0,97,49,0,274,0,0,96,2,529,274,146,529,408088.17,4040.87,15,18,17,18,17,335,0,0,0,97,323,0
423201,35,-0.09,-0.04,-0.6,-0.4,2,0.1,0.2,0.15,30,78.72,528,432,9,423,247,0,90,0,86,0,0,96,1,529,333,90,529,530579.48,4704.06,29,63,67,37,28,199,0,0,247,0,176,0
423202,35,-0.09,-0.04,-0.6,-0.4,2,0.1,0.2,0.15,40,65.88,528,432,10,422,241,109,26,9,18,19,0,96,1,529,278,144,529,360784.09,3726.68,44,79,79,46,40,30,25,79,241,109,44,28
423203,35,-0.09,-0.04,-0.6,-0.4,2,0.1,0.2,0.15,40,60.58,525,429,13,416,0,117,37,10,59,193,0,96,4,529,252,164,529,375784.62,3946.91,15,18,17,18,17,12,18,301,0,117,96,203
423204,35,-0.09,-0.04,-0.6,-0.4,2,0.1,0.2,0.15,40,76.43,527,431,11,420,268,0,74,25,23,30,0,96,2,529,321,99,529,512074.15,4680.34,29,63,67,37,28,23,16,157,268,0,97,55
423205,35,-0.09,-0.04,-0.6,-0.4,2,0.1,0.2,0.15,50,65.17,528,432,10,422,241,113,0,34,0,34,0,96,1,529,275,147,529,350128.49,3650.79,44,79,79,46,40,30,25,79,241,113,0,68
423206,35,-0.09,-0.04,-0.6,-0.4,2,0.1,0.2,0.15,50,59.13,525,429,13,416,0,123,0,47,0,246,0,96,4,529,246,170,529,358748.33,3823.06,15,18,17,18,17,12,18,301,0,123,0,293
423207,35,-0.09,-0.04,-0.6,-0.4,2,0.1,0.2,0.15,50,75.95,527,431,11,420,268,0,0,101,0,51,0,96,2,529,319,101,529,484236.63,4518.36,29,63,67,37,28,23,16,157,268,0,0,152
423208,35,-0.09,-0.04,-0.6,-0.4,2,0.1,0.2,0.15,60,65.17,528,432,10,422,241,113,0,34,0,34,0,96,1,529,275,147,529,350128.49,3650.79,44,79,79,46,40,30,25,79,241,113,0,68
423209,35,-0.09,-0.04,-0.6,-0.4,2,0.1,0.2,0.15,60,59.13,525,429,13,416,0,123,0,47,0,246,0,96,4,529,246,170,529,358748.33,3823.06,15,18,17,18,17,12,18,301,0,123,0,293
423210,35,-0.09,-0.04,-0.6,-0.4,2,0.1,0.2,0.15,60,75.95,527,431,11,420,268,0,0,101,0,51,0,96,2,529,319,101,529,484236.63,4518.36,29,63,67,37,28,23,16,157,268,0,0,152
423211,35,-0.09,-0.04,-0.6,-0.4,2,0.2,0.1,0.15,20,75.93,528,432,4,428,299,64,39,0,26,0,0,96,1,529,325,103,529,184310.89,1895.15,178,91,57,102,0,0,0,0,299,64,65,0
423212,35,-0.09,-0.04,-0.6,-0.4,2,0.2,0.1,0.15,20,69.1,528,432,8,424,0,68,63,0,293,0,0,96,1,529,293,131,529,343641.7,3527.49,15,18,17,374,0,0,0,0,0,68,356,0
423213,35,-0.09,-0.04,-0.6,-0.4,2,0.2,0.1,0.15,20,80.61,528,432,4,428,318,0,83,0,27,0,0,96,1,529,345,83,529,227578.73,2332.42,164,76,48,140,0,0,0,0,318,0,110,0
423214,35,-0.09,-0.04,-0.6,-0.4,2,0.2,0.1,0.15,30,76.87,528,432,4,428,322,82,17,0,7,0,0,96,1,529,329,99,529,186029.16,1916.68,178,91,57,37,19,46,0,0,322,82,24,0
423215,35,-0.09,-0.04,-0.6,-0.4,2,0.2,0.1,0.15,30,64.52,527,431,11,420,0,97,52,0,271,0,0,96,2,529,271,149,529,321054.17,3306.69,15,18,17,18,17,335,0,0,0,97,323,0
423216,35,-0.09,-0.04,-0.6,-0.4,2,0.2,0.1,0.15,30,83.37,528,432,5,427,347,0,71,0,9,0,0,96,1,529,356,71,529,247345.3,2538.58,164,76,48,30,13,96,0,0,347,0,80,0
423217,35,-0.09,-0.04,-0.6,-0.4,2,0.2,0.1,0.15,40,77.05,528,432,5,427,327,87,9,2,2,0,0,96,1,529,329,98,529,183463.02,1893.88,178,91,57,37,19,22,5,18,327,87,11,2
423218,35,-0.09,-0.04,-0.6,-0.4,2,0.2,0.1,0.15,40,58.89,525,429,13,416,0,117,42,12,54,191,0,96,4,529,245,171,529,303160.69,3130.02,15,18,17,18,17,12,18,301,0,117,96,203
423219,35,-0.09,-0.04,-0.6,-0.4,2,0.2,0.1,0.15,40,84.94,527,431,6,425,355,0,47,17,2,4,0,96,2,529,361,64,529,246546.93,2532.26,164,76,48,30,13,16,3,75,355,0,49,21
423220,35,-0.09,-0.04,-0.6,-0.4,2,0.2,0.1,0.15,50,76.58,528,432,5,427,327,89,0,11,0,0,0,96,1,529,327,100,529,180726.18,1866.21,178,91,57,37,19,22,5,18,327,89,0,11
423221,35,-0.09,-0.04,-0.6,-0.4,2,0.2,0.1,0.15,50,57.69,525,429,13,416,0,123,0,53,0,240,0,96,4,529,240,176,529,291606.32,3008.96,15,18,17,18,17,12,18,301,0,123,0,293
423222,35,-0.09,-0.04,-0.6,-0.4,2,0.2,0.1,0.15,50,84.47,527,431,6,425,355,0,0,66,0,4,0,96,2,529,359,66,529,239134.65,2457.55,164,76,48,30,13,16,3,75,355,0,0,70
423223,35,-0.09,-0.04,-0.6,-0.4,2,0.2,0.1,0.15,60,76.58,528,432,5,427,327,89,0,11,0,0,0,96,1,529,327,100,529,180726.18,1866.21,178,91,57,37,19,22,5,18,327,89,0,11
423224,35,-0.09,-0.04,-0.6,-0.4,2,0.2,0.1,0.15,60,57.69,525,429,13,416,0,123,0,53,0,240,0,96,4,529,240,176,529,291606.32,3008.96,15,18,17,18,17,12,18,301,0,123,0,293
423225,35,-0.09,-0.04,-0.6,-0.4,2,0.2,0.1,0.15,60,84.47,527,431,6,425,355,0,0,66,0,4,0,96,2,529,359,66,529,239134.65,2457.55,164,76,48,30,13,16,3,75,355,0,0,70
423226,35,-0.09,-0.04,-0.6,-0.4,2,0.2,0.2,0.15,20,69.72,528,432,6,426,166,68,61,0,131,0,0,96,1,529,297,129,529,298927.51,3076.97,44,73,77,232,0,0,0,0,166,68,192,0
423227,35,-0.09,-0.04,-0.6,-0.4,2,0.2,0.2,0.15,20,69.1,528,432,8,424,0,68,63,0,293,0,0,96,1,529,293,131,529,343641.7,3527.49,15,18,17,374,0,0,0,0,0,68,356,0
423228,35,-0.09,-0.04,-0.6,-0.4,2,0.2,0.2,0.15,20,74.88,528,432,6,426,176,0,107,0,143,0,0,96,1,529,319,107,529,359075.0,3686.5,29,56,62,279,0,0,0,0,176,0,250,0
423229,35,-0.09,-0.04,-0.6,-0.4,2,0.2,0.2,0.15,30,67.69,528,432,8,424,211,95,42,0,76,0,0,96,1,529,287,137,529,298551.16,3077.08,44,73,77,40,41,149,0,0,211,95,118,0
423230,35,-0.09,-0.04,-0.6,-0.4,2,0.2,0.2,0.15,30,64.52,527,431,11,420,0,97,52,0,271,0,0,96,2,529,271,149,529,321054.17,3306.69,15,18,17,18,17,335,0,0,0,97,323,0
423231,35,-0.09,-0.04,-0.6,-0.4,2,0.2,0.2,0.15,30,75.41,528,432,9,423,230,0,104,0,89,0,0,96,1,529,319,104,529,387353.09,3979.89,29,56,62,29,30,217,0,0,230,0,193,0
423232,35,-0.09,-0.04,-0.6,-0.4,2,0.2,0.2,0.15,40,63.51,528,432,10,422,230,110,33,11,16,22,0,96,1,529,268,154,529,288511.8,2982.82,44,73,77,40,41,31,26,90,230,110,49,33
423233,35,-0.09,-0.04,-0.6,-0.4,2,0.2,0.2,0.15,40,58.89,525,429,13,416,0,117,42,12,54,191,0,96,4,529,245,171,529,303160.69,3130.02,15,18,17,18,17,12,18,301,0,117,96,203
423234,35,-0.09,-0.04,-0.6,-0.4,2,0.2,0.2,0.15,40,72.14,527,431,11,420,251,0,86,31,18,34,0,96,2,529,303,117,529,376695.05,3878.39,29,56,62,29,30,24,17,173,251,0,104,65
423235,35,-0.09,-0.04,-0.6,-0.4,2,0.2,0.2,0.15,50,62.8,528,432,10,422,230,114,0,43,0,35,0,96,1,529,265,157,529,279616.96,2891.89,44,73,77,40,41,31,26,90,230,114,0,78
423236,35,-0.09,-0.04,-0.6,-0.4,2,0.2,0.2,0.15,50,57.69,525,429,13,416,0,123,0,53,0,240,0,96,4,529,240,176,529,291606.32,3008.96,15,18,17,18,17,12,18,301,0,123,0,293
423237,35,-0.09,-0.04,-0.6,-0.4,2,0.2,0.2,0.15,50,71.43,527,431,11,420,251,0,0,120,0,49,0,96,2,529,300,120,529,358470.48,3693.4,29,56,62,29,30,24,17,173,251,0,0,169
423238,35,-0.09,-0.04,-0.6,-0.4,2,0.2,0.2,0.15,60,62.8,528,432,10,422,230,114,0,43,0,35,0,96,1,529,265,157,529,279616.96,2891.89,44,73,77,40,41,31,26,90,230,114,0,78
423239,35,-0.09,-0.04,-0.6,-0.4,2,0.2,0.2,0.15,60,57.69,525,429,13,416,0,123,0,53,0,240,0,96,4,529,240,176,529,291606.32,3008.96,15,18,17,18,17,12,18,301,0,123,0,293
423240,35,-0.09,-0.04,-0.6,-0.4,2,0.2,0.2,0.15,60,71.43,527,431,11,420,251,0,0,120,0,49,0,96,2,529,300,120,529,358470.48,3693.4,29,56,62,29,30,24,17,173,251,0,0,169
423241,35,-0.09,-0.04,-0.6,-0.35,1,0.1,0.1,0.15,20,73.98,668,565,4,561,377,83,63,0,38,0,0,103,5,673,415,146,673,222999.59,2288.14,233,111,73,144,0,0,0,0,377,83,101,0
423242,35,-0.09,-0.04,-0.6,-0.35,1,0.1,0.1,0.15,20,66.97,668,565,8,557,0,89,95,0,373,0,0,103,5,673,373,184,673,398780.41,4095.97,21,23,22,491,0,0,0,0,0,89,468,0
423243,35,-0.09,-0.04,-0.6,-0.35,1,0.1,0.1,0.15,20,78.25,668,565,4,561,400,0,122,0,39,0,0,103,5,673,439,122,673,281389.23,2881.36,213,93,59,196,0,0,0,0,400,0,161,0
423244,35,-0.09,-0.04,-0.6,-0.35,1,0.1,0.1,0.15,30,74.69,668,565,4,561,409,110,32,0,10,0,0,103,5,673,419,142,673,220466.6,2266.92,233,111,73,43,27,74,0,0,409,110,42,0
423245,35,-0.09,-0.04,-0.6,-0.35,1,0.1,0.1,0.15,30,62.75,667,564,11,553,0,131,75,0,347,0,0,103,6,673,347,206,673,364957.25,3761.7,21,23,22,23,23,441,0,0,0,131,422,0
423246,35,-0.09,-0.04,-0.6,-0.35,1,0.1,0.1,0.15,30,80.71,668,565,5,560,439,0,108,0,13,0,0,103,5,673,452,108,673,303351.17,3111.43,213,93,59,35,19,141,0,0,439,0,121,0
423247,35,-0.09,-0.04,-0.6,-0.35,1,0.1,0.1,0.15,40,74.82,668,565,5,560,414,121,13,7,4,1,0,103,5,673,419,141,673,214164.04,2205.81,233,111,73,43,27,32,7,34,414,121,17,8
423248,35,-0.09,-0.04,-0.6,-0.35,1,0.1,0.1,0.15,40,58.11,665,562,13,549,0,159,51,20,78,241,0,103,8,673,319,230,673,339978.75,3509.48,21,23,22,23,23,19,23,395,0,159,129,261
423249,35,-0.09,-0.04,-0.6,-0.35,1,0.1,0.1,0.15,40,82.26,667,564,6,558,448,0,72,27,4,7,0,103,6,673,459,99,673,293214.93,3007.79,213,93,59,35,19,20,4,115,448,0,76,34
423250,35,-0.09,-0.04,-0.6,-0.35,1,0.1,0.1,0.15,50,74.29,668,565,5,560,414,123,0,21,0,2,0,103,5,673,416,144,673,211613.79,2179.96,233,111,73,43,27,32,7,34,414,123,0,23
423251,35,-0.09,-0.04,-0.6,-0.35,1,0.1,0.1,0.15,50,56.65,665,562,13,549,0,165,0,73,0,311,0,103,8,673,311,238,673,327072.94,3373.93,21,23,22,23,23,19,23,395,0,165,0,384
423252,35,-0.09,-0.04,-0.6,-0.35,1,0.1,0.1,0.15,50,81.9,667,564,6,558,448,0,0,101,0,9,0,103,6,673,457,101,673,287320.82,2949.46,213,93,59,35,19,20,4,115,448,0,0,110
423253,35,-0.09,-0.04,-0.6,-0.35,1,0.1,0.1,0.15,60,74.29,668,565,5,560,414,123,0,21,0,2,0,103,5,673,416,144,673,211613.79,2179.96,233,111,73,43,27,32,7,34,414,123,0,23
423254,35,-0.09,-0.04,-0.6,-0.35,1,0.1,0.1,0.15,60,56.65,665,562,13,549,0,165,0,73,0,311,0,103,8,673,311,238,673,327072.94,3373.93,21,23,22,23,23,19,23,395,0,165,0,384
423255,35,-0.09,-0.04,-0.6,-0.35,1,0.1,0.1,0.15,60,81.9,667,564,6,558,448,0,0,101,0,9,0,103,6,673,457,101,673,287320.82,2949.46,213,93,59,35,19,20,4,115,448,0,0,110
423256,35,-0.09,-0.04,-0.6,-0.35,1,0.1,0.2,0.15,20,67.44,668,565,6,559,198,89,93,0,179,0,0,103,5,673,377,182,673,354748.23,3649.51,59,84,94,322,0,0,0,0,198,89,272,0
423257,35,-0.09,-0.04,-0.6,-0.35,1,0.1,0.2,0.15,20,66.97,668,565,8,557,0,89,95,0,373,0,0,103,5,673,373,184,673,398780.41,4095.97,21,23,22,491,0,0,0,0,0,89,468,0
423258,35,-0.09,-0.04,-0.6,-0.35,1,0.1,0.2,0.15,20,72.09,668,565,6,559,209,0,156,0,194,0,0,103,5,673,403,156,673,433098.17,4446.62,38,62,74,385,0,0,0,0,209,0,350,0
423259,35,-0.09,-0.04,-0.6,-0.35,1,0.1,0.2,0.15,30,65.53,668,565,8,557,259,129,63,0,106,0,0,103,5,673,365,192,673,353263.48,3640.51,59,84,94,50,58,212,0,0,259,129,169,0
423260,35,-0.09,-0.04,-0.6,-0.35,1,0.1,0.2,0.15,30,62.75,667,564,11,553,0,131,75,0,347,0,0,103,6,673,347,206,673,364957.25,3761.7,21,23,22,23,23,441,0,0,0,131,422,0
423261,35,-0.09,-0.04,-0.6,-0.35,1,0.1,0.2,0.15,30,72.84,668,565,9,556,282,0,151,0,123,0,0,103,5,673,405,151,673,471968.95,4850.82,38,62,74,35,42,305,0,0,282,0,274,0
423262,35,-0.09,-0.04,-0.6,-0.35,1,0.1,0.2,0.15,40,61.8,668,565,10,555,283,152,41,19,24,36,0,103,5,673,343,212,673,338317.63,3495.06,59,84,94,50,58,43,33,134,283,152,65,55
423263,35,-0.09,-0.04,-0.6,-0.35,1,0.1,0.2,0.15,40,58.11,665,562,13,549,0,159,51,20,78,241,0,103,8,673,319,230,673,339978.75,3509.48,21,23,22,23,23,19,23,395,0,159,129,261
423264,35,-0.09,-0.04,-0.6,-0.35,1,0.1,0.2,0.15,40,70.16,667,564,11,553,309,0,121,44,26,53,0,103,6,673,388,165,673,447588.97,4606.88,38,62,74,35,42,31,22,249,309,0,147,97
423265,35,-0.09,-0.04,-0.6,-0.35,1,0.1,0.2,0.15,50,60.9,668,565,10,555,284,156,0,61,0,54,0,103,5,673,338,217,673,329043.55,3400.19,59,84,94,50,58,43,33,134,284,156,0,115
423266,35,-0.09,-0.04,-0.6,-0.35,1,0.1,0.2,0.15,50,56.65,665,562,13,549,0,165,0,73,0,311,0,103,8,673,311,238,673,327072.94,3373.93,21,23,22,23,23,19,23,395,0,165,0,384
423267,35,-0.09,-0.04,-0.6,-0.35,1,0.1,0.2,0.15,50,69.44,667,564,11,553,310,0,0,169,0,74,0,103,6,673,384,169,673,428902.21,4418.29,38,62,74,35,42,31,22,249,310,0,0,243
423268,35,-0.09,-0.04,-0.6,-0.35,1,0.1,0.2,0.15,60,60.9,668,565,10,555,284,156,0,61,0,54,0,103,5,673,338,217,673,329043.55,3400.19,59,84,94,50,58,43,33,134,284,156,0,115
423269,35,-0.09,-0.04,-0.6,-0.35,1,0.1,0.2,0.15,60,56.65,665,562,13,549,0,165,0,73,0,311,0,103,8,673,311,238,673,327072.94,3373.93,21,23,22,23,23,19,23,395,0,165,0,384
423270,35,-0.09,-0.04,-0.6,-0.35,1,0.1,0.2,0.15,60,69.44,667,564,11,553,310,0,0,169,0,74,0,103,6,673,384,169,673,428902.21,4418.29,38,62,74,35,42,31,22,249,310,0,0,243
423271,35,-0.09,-0.04,-0.6,-0.35,1,0.2,0.1,0.15,20,73.98,668,565,4,561,377,83,63,0,38,0,0,103,5,673,415,146,673,222999.59,2288.14,233,111,73,144,0,0,0,0,377,83,101,0
423272,35,-0.09,-0.04,-0.6,-0.35,1,0.2,0.1,0.15,20,66.97,668,565,8,557,0,89,95,0,373,0,0,103,5,673,373,184,673,398780.41,4095.97,21,23,22,491,0,0,0,0,0,89,468,0
423273,35,-0.09,-0.04,-0.6,-0.35,1,0.2,0.1,0.15,20,78.25,668,565,4,561,400,0,122,0,39,0,0,103,5,673,439,122,673,281389.23,2881.36,213,93,59,196,0,0,0,0,400,0,161,0
423274,35,-0.09,-0.04,-0.6,-0.35,1,0.2,0.1,0.15,30,74.69,668,565,4,561,409,110,32,0,10,0,0,103,5,673,419,142,673,220466.6,2266.92,233,111,73,43,27,74,0,0,409,110,42,0
423275,35,-0.09,-0.04,-0.6,-0.35,1,0.2,0.1,0.15,30,62.75,667,564,11,553,0,131,75,0,347,0,0,103,6,673,347,206,673,364957.25,3761.7,21,23,22,23,23,441,0,0,0,131,422,0
423276,35,-0.09,-0.04,-0.6,-0.35,1,0.2,0.1,0.15,30,80.71,668,565,5,560,439,0,108,0,13,0,0,103,5,673,452,108,673,303351.17,3111.43,213,93,59,35,19,141,0,0,439,0,121,0
423277,35,-0.09,-0.04,-0.6,-0.35,1,0.2,0.1,0.15,40,74.82,668,565,5,560,414,121,13,7,4,1,0,103,5,673,419,141,673,214164.04,2205.81,233,111,73,43,27,32,7,34,414,121,17,8
423278,35,-0.09,-0.04,-0.6,-0.35,1,0.2,0.1,0.15,40,58.11,665,562,13,549,0,159,51,20,78,241,0,103,8,673,319,230,673,339978.75,3509.48,21,23,22,23,23,19,23,395,0,159,129,261
423279,35,-0.09,-0.04,-0.6,-0.35,1,0.2,0.1,0.15,40,82.26,667,564,6,558,448,0,72,27,4,7,0,103,6,673,459,99,673,293214.93,3007.79,213,93,59,35,19,20,4,115,448,0,76,34
423280,35,-0.09,-0.04,-0.6,-0.35,1,0.2,0.1,0.15,50,74.29,668,565,5,560,414,123,0,21,0,2,0,103,5,673,416,144,673,211613.79,2179.96,233,111,73,43,27,32,7,34,414,123,0,23
423281,35,-0.09,-0.04,-0.6,-0.35,1,0.2,0.1,0.15,50,56.65,665,562,13,549,0,165,0,73,0,311,0,103,8,673,311,238,673,327072.94,3373.93,21,23,22,23,23,19,23,395,0,165,0,384
423282,35,-0.09,-0.04,-0.6,-0.35,1,0.2,0.1,0.15,50,81.9,667,564,6,558,448,0,0,101,0,9,0,103,6,673,457,101,673,287320.82,2949.46,213,93,59,35,19,20,4,115,448,0,0,110
423283,35,-0.09,-0.04,-0.6,-0.35,1,0.2,0.1,0.15,60,74.29,668,565,5,560,414,123,0,21,0,2,0,103,5,673,416,144,673,211613.79,2179.96,233,111,73,43,27,32,7,34,414,123,0,23
423284,35,-0.09,-0.04,-0.6,-0.35,1,0.2,0.1,0.15,60,56.65,665,562,13,549,0,165,0,73,0,311,0,103,8,673,311,238,673,327072.94,3373.93,21,23,22,23,23,19,23,395,0,165,0,384
423285,35,-0.09,-0.04,-0.6,-0.35,1,0.2,0.1,0.15,60,81.9,667,564,6,558,448,0,0,101,0,9,0,103,6,673,457,101,673,287320.82,2949.46,213,93,59,35,19,20,4,115,448,0,0,110
423286,35,-0.09,-0.04,-0.6,-0.35,1,0.2,0.2,0.15,20,67.44,668,565,6,559,198,89,93,0,179,0,0,103,5,673,377,182,673,354748.23,3649.51,59,84,94,322,0,0,0,0,198,89,272,0
423287,35,-0.09,-0.04,-0.6,-0.35,1,0.2,0.2,0.15,20,66.97,668,565,8,557,0,89,95,0,373,0,0,103,5,673,373,184,673,398780.41,4095.97,21,23,22,491,0,0,0,0,0,89,468,0
423288,35,-0.09,-0.04,-0.6,-0.35,1,0.2,0.2,0.15,20,72.09,668,565,6,559,209,0,156,0,194,0,0,103,5,673,403,156,673,433098.17,4446.62,38,62,74,385,0,0,0,0,209,0,350,0
423289,35,-0.09,-0.04,-0.6,-0.35,1,0.2,0.2,0.15,30,65.53,668,565,8,557,259,129,63,0,106,0,0,103,5,673,365,192,673,353263.48,3640.51,59,84,94,50,58,212,0,0,259,129,169,0
423290,35,-0.09,-0.04,-0.6,-0.35,1,0.2,0.2,0.15,30,62.75,667,564,11,553,0,131,75,0,347,0,0,103,6,673,347,206,673,364957.25,3761.7,21,23,22,23,23,441,0,0,0,131,422,0
423291,35,-0.09,-0.04,-0.6,-0.35,1,0.2,0.2,0.15,30,72.84,668,565,9,556,282,0,151,0,123,0,0,103,5,673,405,151,673,471968.95,4850.82,38,62,74,35,42,305,0,0,282,0,274,0
423292,35,-0.09,-0.04,-0.6,-0.35,1,0.2,0.2,0.15,40,61.8,668,565,10,555,283,152,41,19,24,36,0,103,5,673,343,212,673,338317.63,3495.06,59,84,94,50,58,43,33,134,283,152,65,55
423293,35,-0.09,-0.04,-0.6,-0.35,1,0.2,0.2,0.15,40,58.11,665,562,13,549,0,159,51,20,78,241,0,103,8,673,319,230,673,339978.75,3509.48,21,23,22,23,23,19,23,395,0,159,129,261
423294,35,-0.09,-0.04,-0.6,-0.35,1,0.2,0.2,0.15,40,70.16,667,564,11,553,309,0,121,44,26,53,0,103,6,673,388,165,673,447588.97,4606.88,38,62,74,35,42,31,22,249,309,0,147,97
423295,35,-0.09,-0.04,-0.6,-0.35,1,0.2,0.2,0.15,50,60.9,668,565,10,555,284,156,0,61,0,54,0,103,5,673,338,217,673,329043.55,3400.19,59,84,94,50,58,43,33,134,284,156,0,115
423296,35,-0.09,-0.04,-0.6,-0.35,1,0.2,0.2,0.15,50,56.65,665,562,13,549,0,165,0,73,0,311,0,103,8,673,311,238,673,327072.94,3373.93,21,23,22,23,23,19,23,395,0,165,0,384
423297,35,-0.09,-0.04,-0.6,-0.35,1,0.2,0.2,0.15,50,69.44,667,564,11,553,310,0,0,169,0,74,0,103,6,673,384,169,673,428902.21,4418.29,38,62,74,35,42,31,22,249,310,0,0,243
423298,35,-0.09,-0.04,-0.6,-0.35,1,0.2,0.2,0.15,60,60.9,668,565,10,555,284,156,0,61,0,54,0,103,5,673,338,217,673,329043.55,3400.19,59,84,94,50,58,43,33,134,284,156,0,115
423299,35,-0.09,-0.04,-0.6,-0.35,1,0.2,0.2,0.15,60,56.65,665,562,13,549,0,165,0,73,0,311,0,103,8,673,311,238,673,327072.94,3373.93,21,23,22,23,23,19,23,395,0,165,0,384
423300,35,-0.09,-0.04,-0.6,-0.35,1,0.2,0.2,0.15,60,69.44,667,564,11,553,310,0,0,169,0,74,0,103,6,673,384,169,673,428902.21,4418.29,38,62,74,35,42,31,22,249,310,0,0,243
423301,35,-0.09,-0.04,-0.6,-0.35,2,0.1,0.1,0.15,20,76.47,668,565,4,561,392,83,49,0,37,0,0,103,5,673,429,132,673,261314.84,2886.87,240,114,81,126,0,0,0,0,392,83,86,0
423302,35,-0.09,-0.04,-0.6,-0.35,2,0.1,0.1,0.15,20,70.38,668,565,8,557,0,89,76,0,392,0,0,103,5,673,392,165,673,493236.65,4928.15,21,23,22,491,0,0,0,0,0,89,468,0
423303,35,-0.09,-0.04,-0.6,-0.35,2,0.1,0.1,0.15,20,82.0,668,565,4,561,416,0,101,0,44,0,0,103,5,673,460,101,673,345173.6,3469.02,220,99,71,171,0,0,0,0,416,0,145,0
423304,35,-0.09,-0.04,-0.6,-0.35,2,0.1,0.1,0.15,30,76.29,668,565,4,561,419,107,26,0,9,0,0,103,5,673,428,133,673,252675.64,2898.95,240,114,81,40,29,57,0,0,419,107,35,0
423305,35,-0.09,-0.04,-0.6,-0.35,2,0.1,0.1,0.15,30,63.29,667,564,11,553,0,131,72,0,350,0,0,103,6,673,350,203,673,464954.35,4761.2,21,23,22,23,23,441,0,0,0,131,422,0
423306,35,-0.09,-0.04,-0.6,-0.35,2,0.1,0.1,0.15,30,85.18,668,565,5,560,458,0,83,0,19,0,0,103,5,673,477,83,673,383040.04,3735.58,220,99,71,26,28,116,0,0,458,0,102,0
423307,35,-0.09,-0.04,-0.6,-0.35,2,0.1,0.1,0.15,40,76.79,668,565,5,560,426,116,10,4,3,1,0,103,5,673,430,130,673,247046.37,2881.26,240,114,81,40,29,22,8,26,426,116,13,5
423308,35,-0.09,-0.04,-0.6,-0.35,2,0.1,0.1,0.15,40,59.93,665,562,13,549,0,159,45,16,84,245,0,103,8,673,329,220,673,422403.87,4605.06,21,23,22,23,23,19,23,395,0,159,129,261
423309,35,-0.09,-0.04,-0.6,-0.35,2,0.1,0.1,0.15,40,86.38,667,564,6,558,470,0,57,19,4,8,0,103,6,673,482,76,673,376550.78,3711.51,220,99,71,26,28,14,8,92,470,0,61,27
423310,35,-0.09,-0.04,-0.6,-0.35,2,0.1,0.1,0.15,50,76.25,668,565,5,560,426,118,0,15,0,1,0,103,5,673,427,133,673,243518.66,2858.94,240,114,81,40,29,22,8,26,426,118,0,16
423311,35,-0.09,-0.04,-0.6,-0.35,2,0.1,0.1,0.15,50,58.47,665,562,13,549,0,165,0,63,0,321,0,103,8,673,321,228,673,404319.24,4471.82,21,23,22,23,23,19,23,395,0,165,0,384
423312,35,-0.09,-0.04,-0.6,-0.35,2,0.1,0.1,0.15,50,86.02,667,564,6,558,470,0,0,78,0,10,0,103,6,673,480,78,673,365632.4,3652.05,220,99,71,26,28,14,8,92,470,0,0,88
423313,35,-0.09,-0.04,-0.6,-0.35,2,0.1,0.1,0.15,60,76.25,668,565,5,560,426,118,0,15,0,1,0,103,5,673,427,133,673,243518.66,2858.94,240,114,81,40,29,22,8,26,426,118,0,16
423314,35,-0.09,-0.04,-0.6,-0.35,2,0.1,0.1,0.15,60,58.47,665,562,13,549,0,165,0,63,0,321,0,103,8,673,321,228,673,404319.24,4471.82,21,23,22,23,23,19,23,395,0,165,0,384
423315,35,-0.09,-0.04,-0.6,-0.35,2,0.1,0.1,0.15,60,86.02,667,564,6,558,470,0,0,78,0,10,0,103,6,673,480,78,673,365632.4,3652.05,220,99,71,26,28,14,8,92,470,0,0,88
423316,35,-0.09,-0.04,-0.6,-0.35,2,0.1,0.2,0.15,20,70.84,668,565,6,559,213,89,74,0,183,0,0,103,5,673,396,163,673,437764.63,4435.98,59,92,95,313,0,0,0,0,213,89,257,0
423317,35,-0.09,-0.04,-0.6,-0.35,2,0.1,0.2,0.15,20,70.38,668,565,8,557,0,89,76,0,392,0,0,103,5,673,392,165,673,493236.65,4928.15,21,23,22,491,0,0,0,0,0,89,468,0
423318,35,-0.09,-0.04,-0.6,-0.35,2,0.1,0.2,0.15,20,77.1,668,565,6,559,231,0,128,0,200,0,0,103,5,673,431,128,673,576680.7,5321.48,38,71,79,371,0,0,0,0,231,0,328,0
423319,35,-0.09,-0.04,-0.6,-0.35,2,0.1,0.2,0.15,30,66.25,668,565,8,557,273,129,59,0,96,0,0,103,5,673,369,188,673,444179.53,4564.79,59,92,95,56,58,197,0,0,273,129,155,0
423320,35,-0.09,-0.04,-0.6,-0.35,2,0.1,0.2,0.15,30,63.29,667,564,11,553,0,131,72,0,350,0,0,103,6,673,350,203,673,464954.35,4761.2,21,23,22,23,23,441,0,0,0,131,422,0
423321,35,-0.09,-0.04,-0.6,-0.35,2,0.1,0.2,0.15,30,76.8,668,565,9,556,302,0,129,0,125,0,0,103,5,673,427,129,673,652415.16,5850.44,38,71,79,43,42,283,0,0,302,0,254,0
423322,35,-0.09,-0.04,-0.6,-0.35,2,0.1,0.2,0.15,40,64.14,668,565,10,555,297,151,33,15,27,32,0,103,5,673,356,199,673,418063.41,4487.87,59,92,95,56,58,42,32,121,297,151,60,47
423323,35,-0.09,-0.04,-0.6,-0.35,2,0.1,0.2,0.15,40,59.93,665,562,13,549,0,159,45,16,84,245,0,103,8,673,329,220,673,422403.87,4605.06,21,23,22,23,23,19,23,395,0,159,129,261
423324,35,-0.09,-0.04,-0.6,-0.35,2,0.1,0.2,0.15,40,74.32,667,564,11,553,330,0,108,34,32,49,0,103,6,673,411,142,673,606094.5,5675.87,38,71,79,43,42,29,21,230,330,0,140,83
423325,35,-0.09,-0.04,-0.6,-0.35,2,0.1,0.2,0.15,50,63.24,668,565,10,555,298,155,0,49,0,53,0,103,5,673,351,204,673,407764.22,4413.37,59,92,95,56,58,42,32,121,298,155,0,102
423326,35,-0.09,-0.04,-0.6,-0.35,2,0.1,0.2,0.15,50,58.47,665,562,13,549,0,165,0,63,0,321,0,103,8,673,321,228,673,404319.24,4471.82,21,23,22,23,23,19,23,395,0,165,0,384
423327,35,-0.09,-0.04,-0.6,-0.35,2,0.1,0.2,0.15,50,73.78,667,564,11,553,331,0,0,145,0,77,0,103,6,673,408,145,673,578511.88,5515.65,38,71,79,43,42,29,21,230,331,0,0,222
423328,35,-0.09,-0.04,-0.6,-0.35,2,0.1,0.2,0.15,60,63.24,668,565,10,555,298,155,0,49,0,53,0,103,5,673,351,204,673,407764.22,4413.37,59,92,95,56,58,42,32,121,298,155,0,102
423329,35,-0.09,-0.04,-0.6,-0.35,2,0.1,0.2,0.15,60,58.47,665,562,13,549,0,165,0,63,0,321,0,103,8,673,321,228,673,404319.24,4471.82,21,23,22,23,23,19,23,395,0,165,0,384
423330,35,-0.09,-0.04,-0.6,-0.35,2,0.1,0.2,0.15,60,73.78,667,564,11,553,331,0,0,145,0,77,0,103,6,673,408,145,673,578511.88,5515.65,38,71,79,43,42,29,21,230,331,0,0,222
423331,35,-0.09,-0.04,-0.6,-0.35,2,0.2,0.1,0.15,20,73.98,668,565,4,561,377,83,63,0,38,0,0,103,5,673,415,146,673,222999.59,2288.14,233,111,73,144,0,0,0,0,377,83,101,0
423332,35,-0.09,-0.04,-0.6,-0.35,2,0.2,0.1,0.15,20,66.97,668,565,8,557,0,89,95,0,373,0,0,103,5,673,373,184,673,398780.41,4095.97,21,23,22,491,0,0,0,0,0,89,468,0
423333,35,-0.09,-0.04,-0.6,-0.35,2,0.2,0.1,0.15,20,78.25,668,565,4,561,400,0,122,0,39,0,0,103,5,673,439,122,673,281389.23,2881.36,213,93,59,196,0,0,0,0,400,0,161,0
423334,35,-0.09,-0.04,-0.6,-0.35,2,0.2,0.1,0.15,30,74.69,668,565,4,561,409,110,32,0,10,0,0,103,5,673,419,142,673,220466.6,2266.92,233,111,73,43,27,74,0,0,409,110,42,0
423335,35,-0.09,-0.04,-0.6,-0.35,2,0.2,0.1,0.15,30,62.75,667,564,11,553,0,131,75,0,347,0,0,103,6,673,347,206,673,364957.25,3761.7,21,23,22,23,23,441,0,0,0,131,422,0
423336,35,-0.09,-0.04,-0.6,-0.35,2,0.2,0.1,0.15,30,80.71,668,565,5,560,439,0,108,0,13,0,0,103,5,673,452,108,673,303351.17,3111.43,213,93,59,35,19,141,0,0,439,0,121,0
423337,35,-0.09,-0.04,-0.6,-0.35,2,0.2,0.1,0.15,40,74.82,668,565,5,560,414,121,13,7,4,1,0,103,5,673,419,141,673,214164.04,2205.81,233,111,73,43,27,32,7,34,414,121,17,8
423338,35,-0.09,-0.04,-0.6,-0.35,2,0.2,0.1,0.15,40,58.11,665,562,13,549,0,159,51,20,78,241,0,103,8,673,319,230,673,339978.75,3509.48,21,23,22,23,23,19,23,395,0,159,129,261
423339,35,-0.09,-0.04,-0.6,-0.35,2,0.2,0.1,0.15,40,82.26,667,564,6,558,448,0,72,27,4,7,0,103,6,673,459,99,673,293214.93,3007.79,213,93,59,35,19,20,4,115,448,0,76,34
423340,35,-0.09,-0.04,-0.6,-0.35,2,0.2,0.1,0.15,50,74.29,668,565,5,560,414,123,0,21,0,2,0,103,5,673,416,144,673,211613.79,2179.96,233,111,73,43,27,32,7,34,414,123,0,23
423341,35,-0.09,-0.04,-0.6,-0.35,2,0.2,0.1,0.15,50,56.65,665,562,13,549,0,165,0,73,0,311,0,103,8,673,311,238,673,327072.94,3373.93,21,23,22,23,23,19,23,395,0,165,0,384
423342,35,-0.09,-0.04,-0.6,-0.35,2,0.2,0.1,0.15,50,81.9,667,564,6,558,448,0,0,101,0,9,0,103,6,673,457,101,673,287320.82,2949.46,213,93,59,35,19,20,4,115,448,0,0,110
423343,35,-0.09,-0.04,-0.6,-0.35,2,0.2,0.1,0.15,60,74.29,668,565,5,560,414,123,0,21,0,2,0,103,5,673,416,144,673,211613.79,2179.96,233,111,73,43,27,32,7,34,414,123,0,23
423344,35,-0.09,-0.04,-0.6,-0.35,2,0.2,0.1,0.15,60,56.65,665,562,13,549,0,165,0,73,0,311,0,103,8,673,311,238,673,327072.94,3373.93,21,23,22,23,23,19,23,395,0,165,0,384
423345,35,-0.09,-0.04,-0.6,-0.35,2,0.2,0.1,0.15,60,81.9,667,564,6,558,448,0,0,101,0,9,0,103,6,673,457,101,673,287320.82,2949.46,213,93,59,35,19,20,4,115,448,0,0,110
423346,35,-0.09,-0.04,-0.6,-0.35,2,0.2,0.2,0.15,20,67.44,668,565,6,559,198,89,93,0,179,0,0,103,5,673,377,182,673,354748.23,3649.51,59,84,94,322,0,0,0,0,198,89,272,0
423347,35,-0.09,-0.04,-0.6,-0.35,2,0.2,0.2,0.15,20,66.97,668,565,8,557,0,89,95,0,373,0,0,103,5,673,373,184,673,398780.41,4095.97,21,23,22,491,0,0,0,0,0,89,468,0
423348,35,-0.09,-0.04,-0.6,-0.35,2,0.2,0.2,0.15,20,72.09,668,565,6,559,209,0,156,0,194,0,0,103,5,673,403,156,673,433098.17,4446.62,38,62,74,385,0,0,0,0,209,0,350,0
423349,35,-0.09,-0.04,-0.6,-0.35,2,0.2,0.2,0.15,30,65.53,668,565,8,557,259,129,63,0,106,0,0,103,5,673,365,192,673,353263.48,3640.51,59,84,94,50,58,212,0,0,259,129,169,0
423350,35,-0.09,-0.04,-0.6,-0.35,2,0.2,0.2,0.15,30,62.75,667,564,11,553,0,131,75,0,347,0,0,103,6,673,347,206,673,364957.25,3761.7,21,23,22,23,23,441,0,0,0,131,422,0
423351,35,-0.09,-0.04,-0.6,-0.35,2,0.2,0.2,0.15,30,72.84,668,565,9,556,282,0,151,0,123,0,0,103,5,673,405,151,673,471968.95,4850.82,38,62,74,35,42,305,0,0,282,0,274,0
423352,35,-0.09,-0.04,-0.6,-0.35,2,0.2,0.2,0.15,40,61.8,668,565,10,555,283,152,41,19,24,36,0,103,5,673,343,212,673,338317.63,3495.06,59,84,94,50,58,43,33,134,283,152,65,55
423353,35,-0.09,-0.04,-0.6,-0.35,2,0.2,0.2,0.15,40,58.11,665,562,13,549,0,159,51,20,78,241,0,103,8,673,319,230,673,339978.75,3509.48,21,23,22,23,23,19,23,395,0,159,129,261
423354,35,-0.09,-0.04,-0.6,-0.35,2,0.2,0.2,0.15,40,70.16,667,564,11,553,309,0,121,44,26,53,0,103,6,673,388,165,673,447588.97,4606.88,38,62,74,35,42,31,22,249,309,0,147,97
423355,35,-0.09,-0.04,-0.6,-0.35,2,0.2,0.2,0.15,50,60.9,668,565,10,555,284,156,0,61,0,54,0,103,5,673,338,217,673,329043.55,3400.19,59,84,94,50,58,43,33,134,284,156,0,115
423356,35,-0.09,-0.04,-0.6,-0.35,2,0.2,0.2,0.15,50,56.65,665,562,13,549,0,165,0,73,0,311,0,103,8,673,311,238,673,327072.94,3373.93,21,23,22,23,23,19,23,395,0,165,0,384
423357,35,-0.09,-0.04,-0.6,-0.35,2,0.2,0.2,0.15,50,69.44,667,564,11,553,310,0,0,169,0,74,0,103,6,673,384,169,673,428902.21,4418.29,38,62,74,35,42,31,22,249,310,0,0,243
423358,35,-0.09,-0.04,-0.6,-0.35,2,0.2,0.2,0.15,60,60.9,668,565,10,555,284,156,0,61,0,54,0,103,5,673,338,217,673,329043.55,3400.19,59,84,94,50,58,43,33,134,284,156,0,115
423359,35,-0.09,-0.04,-0.6,-0.35,2,0.2,0.2,0.15,60,56.65,665,562,13,549,0,165,0,73,0,311,0,103,8,673,311,238,673,327072.94,3373.93,21,23,22,23,23,19,23,395,0,165,0,384
423360,35,-0.09,-0.04,-0.6,-0.35,2,0.2,0.2,0.15,60,69.44,667,564,11,553,310,0,0,169,0,74,0,103,6,673,384,169,673,428902.21,4418.29,38,62,74,35,42,31,22,249,310,0,0,243
423361,35,-0.09,-0.04,-0.6,-0.3,1,0.1,0.1,0.15,20,73.08,801,696,5,691,450,92,94,0,55,0,0,105,6,807,505,186,807,268512.67,2762.33,270,135,84,202,0,0,0,0,450,92,149,0
423362,35,-0.09,-0.04,-0.6,-0.3,1,0.1,0.1,0.15,20,65.79,801,696,9,687,0,103,132,0,452,0,0,105,6,807,452,235,807,443703.93,4569.79,24,29,24,610,0,0,0,0,0,103,584,0
423363,35,-0.09,-0.04,-0.6,-0.3,1,0.1,0.1,0.15,20,76.7,801,696,5,691,474,0,161,0,56,0,0,105,6,807,530,161,807,328179.54,3368.59,247,113,71,260,0,0,0,0,474,0,217,0
423364,35,-0.09,-0.04,-0.6,-0.3,1,0.1,0.1,0.15,30,73.77,801,696,6,690,488,132,49,0,21,0,0,105,6,807,509,181,807,260193.74,2682.74,270,135,84,53,39,109,0,0,488,132,70,0
423365,35,-0.09,-0.04,-0.6,-0.3,1,0.1,0.1,0.15,30,61.62,800,695,15,680,0,161,100,0,419,0,0,105,7,807,419,261,807,391780.88,4055.56,24,29,24,26,32,545,0,0,0,161,519,0
423366,35,-0.09,-0.04,-0.6,-0.3,1,0.1,0.1,0.15,30,79.25,801,696,7,689,520,0,143,0,26,0,0,105,6,807,546,143,807,350931.47,3608.33,247,113,71,43,24,191,0,0,520,0,169,0
423367,35,-0.09,-0.04,-0.6,-0.3,1,0.1,0.1,0.15,40,73.44,801,696,7,689,498,149,20,14,6,2,0,105,6,807,506,183,807,246771.09,2546.96,270,135,84,53,39,39,16,53,498,149,26,16
423368,35,-0.09,-0.04,-0.6,-0.3,1,0.1,0.1,0.15,40,56.07,798,693,17,676,0,198,66,33,98,281,0,105,9,807,379,297,807,343460.78,3551.01,24,29,24,26,32,26,30,485,0,198,164,314
423369,35,-0.09,-0.04,-0.6,-0.3,1,0.1,0.1,0.15,40,80.2,800,695,8,687,536,0,99,37,6,9,0,105,7,807,551,136,807,335107.14,3444.0,247,113,71,43,24,22,10,157,536,0,105,46
423370,35,-0.09,-0.04,-0.6,-0.3,1,0.1,0.1,0.15,50,73.0,801,696,7,689,498,151,0,35,0,5,0,105,6,807,503,186,807,243237.89,2511.07,270,135,84,53,39,39,16,53,498,151,0,40
423371,35,-0.09,-0.04,-0.6,-0.3,1,0.1,0.1,0.15,50,54.73,798,693,17,676,0,206,0,100,0,370,0,105,9,807,370,306,807,324563.06,3350.11,24,29,24,26,32,26,30,485,0,206,0,470
423372,35,-0.09,-0.04,-0.6,-0.3,1,0.1,0.1,0.15,50,79.91,800,695,8,687,536,0,0,138,0,13,0,105,7,807,549,138,807,326871.71,3360.48,247,113,71,43,24,22,10,157,536,0,0,151
423373,35,-0.09,-0.04,-0.6,-0.3,1,0.1,0.1,0.15,60,73.0,801,696,7,689,498,151,0,35,0,5,0,105,6,807,503,186,807,243237.89,2511.07,270,135,84,53,39,39,16,53,498,151,0,40
423374,35,-0.09,-0.04,-0.6,-0.3,1,0.1,0.1,0.15,60,54.73,798,693,17,676,0,206,0,100,0,370,0,105,9,807,370,306,807,324563.06,3350.11,24,29,24,26,32,26,30,485,0,206,0,470
423375,35,-0.09,-0.04,-0.6,-0.3,1,0.1,0.1,0.15,60,79.91,800,695,8,687,536,0,0,138,0,13,0,105,7,807,549,138,807,326871.71,3360.48,247,113,71,43,24,22,10,157,536,0,0,151
423376,35,-0.09,-0.04,-0.6,-0.3,1,0.1,0.2,0.15,20,66.18,801,696,7,689,225,103,130,0,231,0,0,105,6,807,456,233,807,404648.75,4171.69,65,95,109,420,0,0,0,0,225,103,361,0
423377,35,-0.09,-0.04,-0.6,-0.3,1,0.1,0.2,0.15,20,65.79,801,696,9,687,0,103,132,0,452,0,0,105,6,807,452,235,807,443703.93,4569.79,24,29,24,610,0,0,0,0,0,103,584,0
423378,35,-0.09,-0.04,-0.6,-0.3,1,0.1,0.2,0.15,20,69.96,801,696,7,689,236,0,207,0,246,0,0,105,6,807,482,207,807,478826.23,4926.78,41,67,87,494,0,0,0,0,236,0,453,0
423379,35,-0.09,-0.04,-0.6,-0.3,1,0.1,0.2,0.15,30,64.04,801,696,12,684,295,159,87,0,143,0,0,105,6,807,438,246,807,388338.28,4014.84,65,95,109,59,71,285,0,0,295,159,230,0
423380,35,-0.09,-0.04,-0.6,-0.3,1,0.1,0.2,0.15,30,61.62,800,695,15,680,0,161,100,0,419,0,0,105,7,807,419,261,807,391780.88,4055.56,24,29,24,26,32,545,0,0,0,161,519,0
423381,35,-0.09,-0.04,-0.6,-0.3,1,0.1,0.2,0.15,30,70.57,801,696,13,683,319,0,201,0,163,0,0,105,6,807,482,201,807,510499.83,5262.14,41,67,87,41,46,401,0,0,319,0,364,0
423382,35,-0.09,-0.04,-0.6,-0.3,1,0.1,0.2,0.15,40,59.68,801,696,14,682,325,190,53,32,34,48,0,105,6,807,407,275,807,363685.4,3768.55,65,95,109,59,71,55,42,186,325,190,87,80
423383,35,-0.09,-0.04,-0.6,-0.3,1,0.1,0.2,0.15,40,56.07,798,693,17,676,0,198,66,33,98,281,0,105,9,807,379,297,807,343460.78,3551.01,24,29,24,26,32,26,30,485,0,198,164,314
423384,35,-0.09,-0.04,-0.6,-0.3,1,0.1,0.2,0.15,40,67.21,800,695,15,680,352,0,161,62,36,69,0,105,7,807,457,223,807,477113.36,4920.22,41,67,87,41,46,37,27,334,352,0,197,131
423385,35,-0.09,-0.04,-0.6,-0.3,1,0.1,0.2,0.15,50,58.94,801,696,14,682,326,194,0,86,0,76,0,105,6,807,402,280,807,352487.49,3653.72,65,95,109,59,71,55,42,186,326,194,0,162
423386,35,-0.09,-0.04,-0.6,-0.3,1,0.1,0.2,0.15,50,54.73,798,693,17,676,0,206,0,100,0,370,0,105,9,807,370,306,807,324563.06,3350.11,24,29,24,26,32,26,30,485,0,206,0,470
423387,35,-0.09,-0.04,-0.6,-0.3,1,0.1,0.2,0.15,50,66.62,800,695,15,680,353,0,0,227,0,100,0,105,7,807,453,227,807,454571.83,4689.89,41,67,87,41,46,37,27,334,353,0,0,327
423388,35,-0.09,-0.04,-0.6,-0.3,1,0.1,0.2,0.15,60,58.94,801,696,14,682,326,194,0,86,0,76,0,105,6,807,402,280,807,352487.49,3653.72,65,95,109,59,71,55,42,186,326,194,0,162
423389,35,-0.09,-0.04,-0.6,-0.3,1,0.1,0.2,0.15,60,54.73,798,693,17,676,0,206,0,100,0,370,0,105,9,807,370,306,807,324563.06,3350.11,24,29,24,26,32,26,30,485,0,206,0,470
423390,35,-0.09,-0.04,-0.6,-0.3,1,0.1,0.2,0.15,60,66.62,800,695,15,680,353,0,0,227,0,100,0,105,7,807,453,227,807,454571.83,4689.89,41,67,87,41,46,37,27,334,353,0,0,327
423391,35,-0.09,-0.04,-0.6,-0.3,1,0.2,0.1,0.15,20,73.08,801,696,5,691,450,92,94,0,55,0,0,105,6,807,505,186,807,268512.67,2762.33,270,135,84,202,0,0,0,0,450,92,149,0
423392,35,-0.09,-0.04,-0.6,-0.3,1,0.2,0.1,0.15,20,65.79,801,696,9,687,0,103,132,0,452,0,0,105,6,807,452,235,807,443703.93,4569.79,24,29,24,610,0,0,0,0,0,103,584,0
423393,35,-0.09,-0.04,-0.6,-0.3,1,0.2,0.1,0.15,20,76.7,801,696,5,691,474,0,161,0,56,0,0,105,6,807,530,161,807,328179.54,3368.59,247,113,71,260,0,0,0,0,474,0,217,0
423394,35,-0.09,-0.04,-0.6,-0.3,1,0.2,0.1,0.15,30,73.77,801,696,6,690,488,132,49,0,21,0,0,105,6,807,509,181,807,260193.74,2682.74,270,135,84,53,39,109,0,0,488,132,70,0
423395,35,-0.09,-0.04,-0.6,-0.3,1,0.2,0.1,0.15,30,61.62,800,695,15,680,0,161,100,0,419,0,0,105,7,807,419,261,807,391780.88,4055.56,24,29,24,26,32,545,0,0,0,161,519,0
423396,35,-0.09,-0.04,-0.6,-0.3,1,0.2,0.1,0.15,30,79.25,801,696,7,689,520,0,143,0,26,0,0,105,6,807,546,143,807,350931.47,3608.33,247,113,71,43,24,191,0,0,520,0,169,0
423397,35,-0.09,-0.04,-0.6,-0.3,1,0.2,0.1,0.15,40,73.44,801,696,7,689,498,149,20,14,6,2,0,105,6,807,506,183,807,246771.09,2546.96,270,135,84,53,39,39,16,53,498,149,26,16
423398,35,-0.09,-0.04,-0.6,-0.3,1,0.2,0.1,0.15,40,56.07,798,693,17,676,0,198,66,33,98,281,0,105,9,807,379,297,807,343460.78,3551.01,24,29,24,26,32,26,30,485,0,198,164,314
423399,35,-0.09,-0.04,-0.6,-0.3,1,0.2,0.1,0.15,40,80.2,800,695,8,687,536,0,99,37,6,9,0,105,7,807,551,136,807,335107.14,3444.0,247,113,71,43,24,22,10,157,536,0,105,46
423400,35,-0.09,-0.04,-0.6,-0.3,1,0.2,0.1,0.15,50,73.0,801,696,7,689,498,151,0,35,0,5,0,105,6,807,503,186,807,243237.89,2511.07,270,135,84,53,39,39,16,53,498,151,0,40
423401,35,-0.09,-0.04,-0.6,-0.3,1,0.2,0.1,0.15,50,54.73,798,693,17,676,0,206,0,100,0,370,0,105,9,807,370,306,807,324563.06,3350.11,24,29,24,26,32,26,30,485,0,206,0,470
423402,35,-0.09,-0.04,-0.6,-0.3,1,0.2,0.1,0.15,50,79.91,800,695,8,687,536,0,0,138,0,13,0,105,7,807,549,138,807,326871.71,3360.48,247,113,71,43,24,22,10,157,536,0,0,151
423403,35,-0.09,-0.04,-0.6,-0.3,1,0.2,0.1,0.15,60,73.0,801,696,7,689,498,151,0,35,0,5,0,105,6,807,503,186,807,243237.89,2511.07,270,135,84,53,39,39,16,53,498,151,0,40
423404,35,-0.09,-0.04,-0.6,-0.3,1,0.2,0.1,0.15,60,54.73,798,693,17,676,0,206,0,100,0,370,0,105,9,807,370,306,807,324563.06,3350.11,24,29,24,26,32,26,30,485,0,206,0,470
423405,35,-0.09,-0.04,-0.6,-0.3,1,0.2,0.1,0.15,60,79.91,800,695,8,687,536,0,0,138,0,13,0,105,7,807,549,138,807,326871.71,3360.48,247,113,71,43,24,22,10,157,536,0,0,151
423406,35,-0.09,-0.04,-0.6,-0.3,1,0.2,0.2,0.15,20,66.18,801,696,7,689,225,103,130,0,231,0,0,105,6,807,456,233,807,404648.75,4171.69,65,95,109,420,0,0,0,0,225,103,361,0
423407,35,-0.09,-0.04,-0.6,-0.3,1,0.2,0.2,0.15,20,65.79,801,696,9,687,0,103,132,0,452,0,0,105,6,807,452,235,807,443703.93,4569.79,24,29,24,610,0,0,0,0,0,103,584,0
423408,35,-0.09,-0.04,-0.6,-0.3,1,0.2,0.2,0.15,20,69.96,801,696,7,689,236,0,207,0,246,0,0,105,6,807,482,207,807,478826.23,4926.78,41,67,87,494,0,0,0,0,236,0,453,0
423409,35,-0.09,-0.04,-0.6,-0.3,1,0.2,0.2,0.15,30,64.04,801,696,12,684,295,159,87,0,143,0,0,105,6,807,438,246,807,388338.28,4014.84,65,95,109,59,71,285,0,0,295,159,230,0
423410,35,-0.09,-0.04,-0.6,-0.3,1,0.2,0.2,0.15,30,61.62,800,695,15,680,0,161,100,0,419,0,0,105,7,807,419,261,807,391780.88,4055.56,24,29,24,26,32,545,0,0,0,161,519,0
423411,35,-0.09,-0.04,-0.6,-0.3,1,0.2,0.2,0.15,30,70.57,801,696,13,683,319,0,201,0,163,0,0,105,6,807,482,201,807,510499.83,5262.14,41,67,87,41,46,401,0,0,319,0,364,0
423412,35,-0.09,-0.04,-0.6,-0.3,1,0.2,0.2,0.15,40,59.68,801,696,14,682,325,190,53,32,34,48,0,105,6,807,407,275,807,363685.4,3768.55,65,95,109,59,71,55,42,186,325,190,87,80
423413,35,-0.09,-0.04,-0.6,-0.3,1,0.2,0.2,0.15,40,56.07,798,693,17,676,0,198,66,33,98,281,0,105,9,807,379,297,807,343460.78,3551.01,24,29,24,26,32,26,30,485,0,198,164,314
423414,35,-0.09,-0.04,-0.6,-0.3,1,0.2,0.2,0.15,40,67.21,800,695,15,680,352,0,161,62,36,69,0,105,7,807,457,223,807,477113.36,4920.22,41,67,87,41,46,37,27,334,352,0,197,131
423415,35,-0.09,-0.04,-0.6,-0.3,1,0.2,0.2,0.15,50,58.94,801,696,14,682,326,194,0,86,0,76,0,105,6,807,402,280,807,352487.49,3653.72,65,95,109,59,71,55,42,186,326,194,0,162
423416,35,-0.09,-0.04,-0.6,-0.3,1,0.2,0.2,0.15,50,54.73,798,693,17,676,0,206,0,100,0,370,0,105,9,807,370,306,807,324563.06,3350.11,24,29,24,26,32,26,30,485,0,206,0,470
423417,35,-0.09,-0.04,-0.6,-0.3,1,0.2,0.2,0.15,50,66.62,800,695,15,680,353,0,0,227,0,100,0,105,7,807,453,227,807,454571.83,4689.89,41,67,87,41,46,37,27,334,353,0,0,327
423418,35,-0.09,-0.04,-0.6,-0.3,1,0.2,0.2,0.15,60,58.94,801,696,14,682,326,194,0,86,0,76,0,105,6,807,402,280,807,352487.49,3653.72,65,95,109,59,71,55,42,186,326,194,0,162
423419,35,-0.09,-0.04,-0.6,-0.3,1,0.2,0.2,0.15,60,54.73,798,693,17,676,0,206,0,100,0,370,0,105,9,807,370,306,807,324563.06,3350.11,24,29,24,26,32,26,30,485,0,206,0,470
423420,35,-0.09,-0.04,-0.6,-0.3,1,0.2,0.2,0.15,60,66.62,800,695,15,680,353,0,0,227,0,100,0,105,7,807,453,227,807,454571.83,4689.89,41,67,87,41,46,37,27,334,353,0,0,327
423421,35,-0.09,-0.04,-0.6,-0.3,2,0.1,0.1,0.15,20,75.83,801,696,5,691,467,92,75,0,57,0,0,105,6,807,524,167,807,315357.9,3474.51,278,139,93,181,0,0,0,0,467,92,132,0
423422,35,-0.09,-0.04,-0.6,-0.3,2,0.1,0.1,0.15,20,69.29,801,696,9,687,0,103,108,0,476,0,0,105,6,807,476,211,807,547018.91,5541.21,24,29,24,610,0,0,0,0,0,103,584,0
423423,35,-0.09,-0.04,-0.6,-0.3,2,0.1,0.1,0.15,20,80.61,801,696,5,691,493,0,134,0,64,0,0,105,6,807,557,134,807,400300.45,4084.87,255,122,83,231,0,0,0,0,493,0,198,0
423424,35,-0.09,-0.04,-0.6,-0.3,2,0.1,0.1,0.15,30,75.65,801,696,6,690,504,128,40,0,18,0,0,105,6,807,522,168,807,304603.95,3496.55,278,139,93,49,43,88,0,0,504,128,58,0
423425,35,-0.09,-0.04,-0.6,-0.3,2,0.1,0.1,0.15,30,62.21,800,695,15,680,0,161,96,0,423,0,0,105,7,807,423,257,807,502143.88,5260.04,24,29,24,26,32,545,0,0,0,161,519,0
423426,35,-0.09,-0.04,-0.6,-0.3,2,0.1,0.1,0.15,30,83.74,801,696,7,689,546,0,112,0,31,0,0,105,6,807,577,112,807,447842.63,4436.96,255,122,83,33,34,162,0,0,546,0,143,0
423427,35,-0.09,-0.04,-0.6,-0.3,2,0.1,0.1,0.15,40,75.76,801,696,7,689,514,141,16,10,5,3,0,105,6,807,522,167,807,290581.34,3439.86,278,139,93,49,43,30,13,44,514,141,21,13
423428,35,-0.09,-0.04,-0.6,-0.3,2,0.1,0.1,0.15,40,58.14,798,693,17,676,0,198,60,25,104,289,0,105,9,807,393,283,807,426508.74,4886.95,24,29,24,26,32,26,30,485,0,198,164,314
423429,35,-0.09,-0.04,-0.6,-0.3,2,0.1,0.1,0.15,40,84.72,800,695,8,687,563,0,78,27,7,12,0,105,7,807,582,105,807,436739.42,4392.12,255,122,83,33,34,19,11,130,563,0,85,39
423430,35,-0.09,-0.04,-0.6,-0.3,2,0.1,0.1,0.15,50,75.33,801,696,7,689,514,143,0,27,0,5,0,105,6,807,519,170,807,286384.18,3410.64,278,139,93,49,43,30,13,44,514,143,0,32
423431,35,-0.09,-0.04,-0.6,-0.3,2,0.1,0.1,0.15,50,56.8,798,693,17,676,0,206,0,86,0,384,0,105,9,807,384,292,807,401210.86,4692.76,24,29,24,26,32,26,30,485,0,206,0,470
423432,35,-0.09,-0.04,-0.6,-0.3,2,0.1,0.1,0.15,50,84.43,800,695,8,687,563,0,0,107,0,17,0,105,7,807,580,107,807,424828.89,4322.9,255,122,83,33,34,19,11,130,563,0,0,124
423433,35,-0.09,-0.04,-0.6,-0.3,2,0.1,0.1,0.15,60,75.33,801,696,7,689,514,143,0,27,0,5,0,105,6,807,519,170,807,286384.18,3410.64,278,139,93,49,43,30,13,44,514,143,0,32
423434,35,-0.09,-0.04,-0.6,-0.3,2,0.1,0.1,0.15,60,56.8,798,693,17,676,0,206,0,86,0,384,0,105,9,807,384,292,807,401210.86,4692.76,24,29,24,26,32,26,30,485,0,206,0,470
423435,35,-0.09,-0.04,-0.6,-0.3,2,0.1,0.1,0.15,60,84.43,800,695,8,687,563,0,0,107,0,17,0,105,7,807,580,107,807,424828.89,4322.9,255,122,83,33,34,19,11,130,563,0,0,124
423436,35,-0.09,-0.04,-0.6,-0.3,2,0.1,0.2,0.15,20,69.67,801,696,7,689,242,103,106,0,238,0,0,105,6,807,480,209,807,497400.13,5102.03,65,104,110,410,0,0,0,0,242,103,344,0
423437,35,-0.09,-0.04,-0.6,-0.3,2,0.1,0.2,0.15,20,69.29,801,696,9,687,0,103,108,0,476,0,0,105,6,807,476,211,807,547018.91,5541.21,24,29,24,610,0,0,0,0,0,103,584,0
423438,35,-0.09,-0.04,-0.6,-0.3,2,0.1,0.2,0.15,20,75.18,801,696,7,689,260,0,171,0,258,0,0,105,6,807,518,171,807,624271.45,5971.83,41,77,92,479,0,0,0,0,260,0,429,0
423439,35,-0.09,-0.04,-0.6,-0.3,2,0.1,0.2,0.15,30,64.77,801,696,12,684,312,159,82,0,131,0,0,105,6,807,443,241,807,492490.87,5158.84,65,104,110,66,72,267,0,0,312,159,213,0
423440,35,-0.09,-0.04,-0.6,-0.3,2,0.1,0.2,0.15,30,62.21,800,695,15,680,0,161,96,0,423,0,0,105,7,807,423,257,807,502143.88,5260.04,24,29,24,26,32,545,0,0,0,161,519,0
423441,35,-0.09,-0.04,-0.6,-0.3,2,0.1,0.2,0.15,30,74.52,801,696,13,683,343,0,174,0,166,0,0,105,6,807,509,174,807,705985.69,6543.69,41,77,92,50,48,375,0,0,343,0,340,0
423442,35,-0.09,-0.04,-0.6,-0.3,2,0.1,0.2,0.15,40,62.17,801,696,14,682,342,189,45,24,36,46,0,105,6,807,424,258,807,450326.82,5017.36,65,104,110,66,72,54,41,170,342,189,81,70
423443,35,-0.09,-0.04,-0.6,-0.3,2,0.1,0.2,0.15,40,58.14,798,693,17,676,0,198,60,25,104,289,0,105,9,807,393,283,807,426508.74,4886.95,24,29,24,26,32,26,30,485,0,198,164,314
423444,35,-0.09,-0.04,-0.6,-0.3,2,0.1,0.2,0.15,40,71.91,800,695,15,680,378,0,144,47,44,67,0,105,7,807,489,191,807,646205.55,6314.14,41,77,92,50,48,35,26,311,378,0,188,114
423445,35,-0.09,-0.04,-0.6,-0.3,2,0.1,0.2,0.15,50,61.44,801,696,14,682,343,193,0,70,0,76,0,105,6,807,419,263,807,437941.35,4926.41,65,104,110,66,72,54,41,170,343,193,0,146
423446,35,-0.09,-0.04,-0.6,-0.3,2,0.1,0.2,0.15,50,56.8,798,693,17,676,0,206,0,86,0,384,0,105,9,807,384,292,807,401210.86,4692.76,24,29,24,26,32,26,30,485,0,206,0,470
423447,35,-0.09,-0.04,-0.6,-0.3,2,0.1,0.2,0.15,50,71.47,800,695,15,680,379,0,0,194,0,107,0,105,7,807,486,194,807,612986.12,6118.11,41,77,92,50,48,35,26,311,379,0,0,301
423448,35,-0.09,-0.04,-0.6,-0.3,2,0.1,0.2,0.15,60,61.44,801,696,14,682,343,193,0,70,0,76,0,105,6,807,419,263,807,437941.35,4926.41,65,104,110,66,72,54,41,170,343,193,0,146
423449,35,-0.09,-0.04,-0.6,-0.3,2,0.1,0.2,0.15,60,56.8,798,693,17,676,0,206,0,86,0,384,0,105,9,807,384,292,807,401210.86,4692.76,24,29,24,26,32,26,30,485,0,206,0,470
423450,35,-0.09,-0.04,-0.6,-0.3,2,0.1,0.2,0.15,60,71.47,800,695,15,680,379,0,0,194,0,107,0,105,7,807,486,194,807,612986.12,6118.11,41,77,92,50,48,35,26,311,379,0,0,301
423451,35,-0.09,-0.04,-0.6,-0.3,2,0.2,0.1,0.15,20,73.08,801,696,5,691,450,92,94,0,55,0,0,105,6,807,505,186,807,268512.67,2762.33,270,135,84,202,0,0,0,0,450,92,149,0
423452,35,-0.09,-0.04,-0.6,-0.3,2,0.2,0.1,0.15,20,65.79,801,696,9,687,0,103,132,0,452,0,0,105,6,807,452,235,807,443703.93,4569.79,24,29,24,610,0,0,0,0,0,103,584,0
423453,35,-0.09,-0.04,-0.6,-0.3,2,0.2,0.1,0.15,20,76.7,801,696,5,691,474,0,161,0,56,0,0,105,6,807,530,161,807,328179.54,3368.59,247,113,71,260,0,0,0,0,474,0,217,0
423454,35,-0.09,-0.04,-0.6,-0.3,2,0.2,0.1,0.15,30,73.77,801,696,6,690,488,132,49,0,21,0,0,105,6,807,509,181,807,260193.74,2682.74,270,135,84,53,39,109,0,0,488,132,70,0
423455,35,-0.09,-0.04,-0.6,-0.3,2,0.2,0.1,0.15,30,61.62,800,695,15,680,0,161,100,0,419,0,0,105,7,807,419,261,807,391780.88,4055.56,24,29,24,26,32,545,0,0,0,161,519,0
423456,35,-0.09,-0.04,-0.6,-0.3,2,0.2,0.1,0.15,30,79.25,801,696,7,689,520,0,143,0,26,0,0,105,6,807,546,143,807,350931.47,3608.33,247,113,71,43,24,191,0,0,520,0,169,0
423457,35,-0.09,-0.04,-0.6,-0.3,2,0.2,0.1,0.15,40,73.44,801,696,7,689,498,149,20,14,6,2,0,105,6,807,506,183,807,246771.09,2546.96,270,135,84,53,39,39,16,53,498,149,26,16
423458,35,-0.09,-0.04,-0.6,-0.3,2,0.2,0.1,0.15,40,56.07,798,693,17,676,0,198,66,33,98,281,0,105,9,807,379,297,807,343460.78,3551.01,24,29,24,26,32,26,30,485,0,198,164,314
423459,35,-0.09,-0.04,-0.6,-0.3,2,0.2,0.1,0.15,40,80.2,800,695,8,687,536,0,99,37,6,9,0,105,7,807,551,136,807,335107.14,3444.0,247,113,71,43,24,22,10,157,536,0,105,46
423460,35,-0.09,-0.04,-0.6,-0.3,2,0.2,0.1,0.15,50,73.0,801,696,7,689,498,151,0,35,0,5,0,105,6,807,503,186,807,243237.89,2511.07,270,135,84,53,39,39,16,53,498,151,0,40
423461,35,-0.09,-0.04,-0.6,-0.3,2,0.2,0.1,0.15,50,54.73,798,693,17,676,0,206,0,100,0,370,0,105,9,807,370,306,807,324563.06,3350.11,24,29,24,26,32,26,30,485,0,206,0,470
423462,35,-0.09,-0.04,-0.6,-0.3,2,0.2,0.1,0.15,50,79.91,800,695,8,687,536,0,0,138,0,13,0,105,7,807,549,138,807,326871.71,3360.48,247,113,71,43,24,22,10,157,536,0,0,151
423463,35,-0.09,-0.04,-0.6,-0.3,2,0.2,0.1,0.15,60,73.0,801,696,7,689,498,151,0,35,0,5,0,105,6,807,503,186,807,243237.89,2511.07,270,135,84,53,39,39,16,53,498,151,0,40
423464,35,-0.09,-0.04,-0.6,-0.3,2,0.2,0.1,0.15,60,54.73,798,693,17,676,0,206,0,100,0,370,0,105,9,807,370,306,807,324563.06,3350.11,24,29,24,26,32,26,30,485,0,206,0,470
423465,35,-0.09,-0.04,-0.6,-0.3,2,0.2,0.1,0.15,60,79.91,800,695,8,687,536,0,0,138,0,13,0,105,7,807,549,138,807,326871.71,3360.48,247,113,71,43,24,22,10,157,536,0,0,151
423466,35,-0.09,-0.04,-0.6,-0.3,2,0.2,0.2,0.15,20,66.18,801,696,7,689,225,103,130,0,231,0,0,105,6,807,456,233,807,404648.75,4171.69,65,95,109,420,0,0,0,0,225,103,361,0
423467,35,-0.09,-0.04,-0.6,-0.3,2,0.2,0.2,0.15,20,65.79,801,696,9,687,0,103,132,0,452,0,0,105,6,807,452,235,807,443703.93,4569.79,24,29,24,610,0,0,0,0,0,103,584,0
423468,35,-0.09,-0.04,-0.6,-0.3,2,0.2,0.2,0.15,20,69.96,801,696,7,689,236,0,207,0,246,0,0,105,6,807,482,207,807,478826.23,4926.78,41,67,87,494,0,0,0,0,236,0,453,0
423469,35,-0.09,-0.04,-0.6,-0.3,2,0.2,0.2,0.15,30,64.04,801,696,12,684,295,159,87,0,143,0,0,105,6,807,438,246,807,388338.28,4014.84,65,95,109,59,71,285,0,0,295,159,230,0
423470,35,-0.09,-0.04,-0.6,-0.3,2,0.2,0.2,0.15,30,61.62,800,695,15,680,0,161,100,0,419,0,0,105,7,807,419,261,807,391780.88,4055.56,24,29,24,26,32,545,0,0,0,161,519,0
423471,35,-0.09,-0.04,-0.6,-0.3,2,0.2,0.2,0.15,30,70.57,801,696,13,683,319,0,201,0,163,0,0,105,6,807,482,201,807,510499.83,5262.14,41,67,87,41,46,401,0,0,319,0,364,0
423472,35,-0.09,-0.04,-0.6,-0.3,2,0.2,0.2,0.15,40,59.68,801,696,14,682,325,190,53,32,34,48,0,105,6,807,407,275,807,363685.4,3768.55,65,95,109,59,71,55,42,186,325,190,87,80
423473,35,-0.09,-0.04,-0.6,-0.3,2,0.2,0.2,0.15,40,56.07,798,693,17,676,0,198,66,33,98,281,0,105,9,807,379,297,807,343460.78,3551.01,24,29,24,26,32,26,30,485,0,198,164,314
423474,35,-0.09,-0.04,-0.6,-0.3,2,0.2,0.2,0.15,40,67.21,800,695,15,680,352,0,161,62,36,69,0,105,7,807,457,223,807,477113.36,4920.22,41,67,87,41,46,37,27,334,352,0,197,131
423475,35,-0.09,-0.04,-0.6,-0.3,2,0.2,0.2,0.15,50,58.94,801,696,14,682,326,194,0,86,0,76,0,105,6,807,402,280,807,352487.49,3653.72,65,95,109,59,71,55,42,186,326,194,0,162
423476,35,-0.09,-0.04,-0.6,-0.3,2,0.2,0.2,0.15,50,54.73,798,693,17,676,0,206,0,100,0,370,0,105,9,807,370,306,807,324563.06,3350.11,24,29,24,26,32,26,30,485,0,206,0,470
423477,35,-0.09,-0.04,-0.6,-0.3,2,0.2,0.2,0.15,50,66.62,800,695,15,680,353,0,0,227,0,100,0,105,7,807,453,227,807,454571.83,4689.89,41,67,87,41,46,37,27,334,353,0,0,327
423478,35,-0.09,-0.04,-0.6,-0.3,2,0.2,0.2,0.15,60,58.94,801,696,14,682,326,194,0,86,0,76,0,105,6,807,402,280,807,352487.49,3653.72,65,95,109,59,71,55,42,186,326,194,0,162
423479,35,-0.09,-0.04,-0.6,-0.3,2,0.2,0.2,0.15,60,54.73,798,693,17,676,0,206,0,100,0,370,0,105,9,807,370,306,807,324563.06,3350.11,24,29,24,26,32,26,30,485,0,206,0,470
423480,35,-0.09,-0.04,-0.6,-0.3,2,0.2,0.2,0.15,60,66.62,800,695,15,680,353,0,0,227,0,100,0,105,7,807,453,227,807,454571.83,4689.89,41,67,87,41,46,37,27,334,353,0,0,327
423481,35,-0.09,-0.04,-0.6,-0.25,1,0.1,0.1,0.15,20,71.73,887,777,6,771,482,103,115,0,71,0,0,110,9,896,553,218,896,279381.59,2863.07,289,149,87,246,0,0,0,0,482,103,186,0
423482,35,-0.09,-0.04,-0.6,-0.25,1,0.1,0.1,0.15,20,65.06,887,777,10,767,0,114,154,0,499,0,0,110,9,896,499,268,896,454635.08,4673.4,29,31,24,683,0,0,0,0,0,114,653,0
423483,35,-0.09,-0.04,-0.6,-0.25,1,0.1,0.1,0.15,20,74.97,887,777,6,771,506,0,193,0,72,0,0,110,9,896,578,193,896,338920.22,3467.26,261,125,74,311,0,0,0,0,506,0,265,0
423484,35,-0.09,-0.04,-0.6,-0.25,1,0.1,0.1,0.15,30,72.08,887,777,7,770,526,148,67,0,29,0,0,110,9,896,555,215,896,265720.05,2734.76,289,149,87,60,47,138,0,0,526,148,96,0
423485,35,-0.09,-0.04,-0.6,-0.25,1,0.1,0.1,0.15,30,60.0,886,776,16,760,0,179,125,0,456,0,0,110,10,896,456,304,896,386425.53,3998.8,29,31,24,30,38,608,0,0,0,179,581,0
423486,35,-0.09,-0.04,-0.6,-0.25,1,0.1,0.1,0.15,30,77.11,887,777,8,769,559,0,176,0,34,0,0,110,9,896,593,176,896,358090.13,3676.79,261,125,74,46,28,235,0,0,559,0,210,0
423487,35,-0.09,-0.04,-0.6,-0.25,1,0.1,0.1,0.15,40,71.39,887,777,8,769,538,169,29,22,8,3,0,110,9,896,549,220,896,250571.62,2568.46,289,149,87,60,47,42,21,74,538,169,37,25
423488,35,-0.09,-0.04,-0.6,-0.25,1,0.1,0.1,0.15,40,54.5,884,774,18,756,0,220,83,41,105,307,0,110,12,896,412,344,896,326975.89,3370.51,29,31,24,30,38,27,34,543,0,220,188,348
423489,35,-0.09,-0.04,-0.6,-0.25,1,0.1,0.1,0.15,40,77.57,886,776,9,767,577,0,123,49,8,10,0,110,10,896,595,172,896,337775.89,3452.16,261,125,74,46,28,25,12,196,577,0,131,59
423490,35,-0.09,-0.04,-0.6,-0.25,1,0.1,0.1,0.15,50,71.0,887,777,8,769,538,172,0,51,0,8,0,110,9,896,546,223,896,246674.62,2528.48,289,149,87,60,47,42,21,74,538,172,0,59
423491,35,-0.09,-0.04,-0.6,-0.25,1,0.1,0.1,0.15,50,53.17,884,774,18,756,0,231,0,123,0,402,0,110,12,896,402,354,896,304611.51,3133.61,29,31,24,30,38,27,34,543,0,231,0,525
423492,35,-0.09,-0.04,-0.6,-0.25,1,0.1,0.1,0.15,50,77.31,886,776,9,767,577,0,0,174,0,16,0,110,10,896,593,174,896,326791.71,3339.83,261,125,74,46,28,25,12,196,577,0,0,190
423493,35,-0.09,-0.04,-0.6,-0.25,1,0.1,0.1,0.15,60,71.0,887,777,8,769,538,172,0,51,0,8,0,110,9,896,546,223,896,246674.62,2528.48,289,149,87,60,47,42,21,74,538,172,0,59
423494,35,-0.09,-0.04,-0.6,-0.25,1,0.1,0.1,0.15,60,53.17,884,774,18,756,0,231,0,123,0,402,0,110,12,896,402,354,896,304611.51,3133.61,29,31,24,30,38,27,34,543,0,231,0,525
423495,35,-0.09,-0.04,-0.6,-0.25,1,0.1,0.1,0.15,60,77.31,886,776,9,767,577,0,0,174,0,16,0,110,10,896,593,174,896,326791.71,3339.83,261,125,74,46,28,25,12,196,577,0,0,190
423496,35,-0.09,-0.04,-0.6,-0.25,1,0.1,0.2,0.15,20,65.41,887,777,8,769,234,114,152,0,269,0,0,110,9,896,503,266,896,418303.42,4302.24,71,97,114,487,0,0,0,0,234,114,421,0
423497,35,-0.09,-0.04,-0.6,-0.25,1,0.1,0.2,0.15,20,65.06,887,777,10,767,0,114,154,0,499,0,0,110,9,896,499,268,896,454635.08,4673.4,29,31,24,683,0,0,0,0,0,114,653,0
423498,35,-0.09,-0.04,-0.6,-0.25,1,0.1,0.2,0.15,20,68.79,887,777,8,769,245,0,240,0,284,0,0,110,9,896,529,240,896,492352.66,5055.26,42,67,92,568,0,0,0,0,245,0,524,0
423499,35,-0.09,-0.04,-0.6,-0.25,1,0.1,0.2,0.15,30,62.7,887,777,13,764,311,176,109,0,168,0,0,110,9,896,479,285,896,397794.7,4108.78,71,97,114,66,80,336,0,0,311,176,277,0
423500,35,-0.09,-0.04,-0.6,-0.25,1,0.1,0.2,0.15,30,60.0,886,776,16,760,0,179,125,0,456,0,0,110,10,896,456,304,896,386425.53,3998.8,29,31,24,30,38,608,0,0,0,179,581,0
423501,35,-0.09,-0.04,-0.6,-0.25,1,0.1,0.2,0.15,30,68.81,887,777,14,763,335,0,238,0,190,0,0,110,9,896,525,238,896,524493.12,5401.58,42,67,92,44,50,468,0,0,335,0,428,0
423502,35,-0.09,-0.04,-0.6,-0.25,1,0.1,0.2,0.15,40,58.14,887,777,15,762,342,211,68,40,38,63,0,110,9,896,443,319,896,367324.05,3795.02,71,97,114,66,80,59,46,229,342,211,106,103
423503,35,-0.09,-0.04,-0.6,-0.25,1,0.1,0.2,0.15,40,54.5,884,774,18,756,0,220,83,41,105,307,0,110,12,896,412,344,896,326975.89,3370.51,29,31,24,30,38,27,34,543,0,220,188,348
423504,35,-0.09,-0.04,-0.6,-0.25,1,0.1,0.2,0.15,40,65.13,886,776,16,760,369,0,191,74,40,86,0,110,10,896,495,265,896,481044.32,4947.59,42,67,92,44,50,40,28,397,369,0,231,160
423505,35,-0.09,-0.04,-0.6,-0.25,1,0.1,0.2,0.15,50,57.35,887,777,15,762,343,217,0,108,0,94,0,110,9,896,437,325,896,352892.82,3646.53,71,97,114,66,80,59,46,229,343,217,0,202
423506,35,-0.09,-0.04,-0.6,-0.25,1,0.1,0.2,0.15,50,53.17,884,774,18,756,0,231,0,123,0,402,0,110,12,896,402,354,896,304611.51,3133.61,29,31,24,30,38,27,34,543,0,231,0,525
423507,35,-0.09,-0.04,-0.6,-0.25,1,0.1,0.2,0.15,50,64.47,886,776,16,760,370,0,0,270,0,120,0,110,10,896,490,270,896,453035.12,4660.42,42,67,92,44,50,40,28,397,370,0,0,390
423508,35,-0.09,-0.04,-0.6,-0.25,1,0.1,0.2,0.15,60,57.35,887,777,15,762,343,217,0,108,0,94,0,110,9,896,437,325,896,352892.82,3646.53,71,97,114,66,80,59,46,229,343,217,0,202
423509,35,-0.09,-0.04,-0.6,-0.25,1,0.1,0.2,0.15,60,53.17,884,774,18,756,0,231,0,123,0,402,0,110,12,896,402,354,896,304611.51,3133.61,29,31,24,30,38,27,34,543,0,231,0,525
423510,35,-0.09,-0.04,-0.6,-0.25,1,0.1,0.2,0.15,60,64.47,886,776,16,760,370,0,0,270,0,120,0,110,10,896,490,270,896,453035.12,4660.42,42,67,92,44,50,40,28,397,370,0,0,390
423511,35,-0.09,-0.04,-0.6,-0.25,1,0.2,0.1,0.15,20,71.73,887,777,6,771,482,103,115,0,71,0,0,110,9,896,553,218,896,279381.59,2863.07,289,149,87,246,0,0,0,0,482,103,186,0
423512,35,-0.09,-0.04,-0.6,-0.25,1,0.2,0.1,0.15,20,65.06,887,777,10,767,0,114,154,0,499,0,0,110,9,896,499,268,896,454635.08,4673.4,29,31,24,683,0,0,0,0,0,114,653,0
423513,35,-0.09,-0.04,-0.6,-0.25,1,0.2,0.1,0.15,20,74.97,887,777,6,771,506,0,193,0,72,0,0,110,9,896,578,193,896,338920.22,3467.26,261,125,74,311,0,0,0,0,506,0,265,0
423514,35,-0.09,-0.04,-0.6,-0.25,1,0.2,0.1,0.15,30,72.08,887,777,7,770,526,148,67,0,29,0,0,110,9,896,555,215,896,265720.05,2734.76,289,149,87,60,47,138,0,0,526,148,96,0
423515,35,-0.09,-0.04,-0.6,-0.25,1,0.2,0.1,0.15,30,60.0,886,776,16,760,0,179,125,0,456,0,0,110,10,896,456,304,896,386425.53,3998.8,29,31,24,30,38,608,0,0,0,179,581,0
423516,35,-0.09,-0.04,-0.6,-0.25,1,0.2,0.1,0.15,30,77.11,887,777,8,769,559,0,176,0,34,0,0,110,9,896,593,176,896,358090.13,3676.79,261,125,74,46,28,235,0,0,559,0,210,0
423517,35,-0.09,-0.04,-0.6,-0.25,1,0.2,0.1,0.15,40,71.39,887,777,8,769,538,169,29,22,8,3,0,110,9,896,549,220,896,250571.62,2568.46,289,149,87,60,47,42,21,74,538,169,37,25
423518,35,-0.09,-0.04,-0.6,-0.25,1,0.2,0.1,0.15,40,54.5,884,774,18,756,0,220,83,41,105,307,0,110,12,896,412,344,896,326975.89,3370.51,29,31,24,30,38,27,34,543,0,220,188,348
423519,35,-0.09,-0.04,-0.6,-0.25,1,0.2,0.1,0.15,40,77.57,886,776,9,767,577,0,123,49,8,10,0,110,10,896,595,172,896,337775.89,3452.16,261,125,74,46,28,25,12,196,577,0,131,59
423520,35,-0.09,-0.04,-0.6,-0.25,1,0.2,0.1,0.15,50,71.0,887,777,8,769,538,172,0,51,0,8,0,110,9,896,546,223,896,246674.62,2528.48,289,149,87,60,47,42,21,74,538,172,0,59
423521,35,-0.09,-0.04,-0.6,-0.25,1,0.2,0.1,0.15,50,53.17,884,774,18,756,0,231,0,123,0,402,0,110,12,896,402,354,896,304611.51,3133.61,29,31,24,30,38,27,34,543,0,231,0,525
423522,35,-0.09,-0.04,-0.6,-0.25,1,0.2,0.1,0.15,50,77.31,886,776,9,767,577,0,0,174,0,16,0,110,10,896,593,174,896,326791.71,3339.83,261,125,74,46,28,25,12,196,577,0,0,190
423523,35,-0.09,-0.04,-0.6,-0.25,1,0.2,0.1,0.15,60,71.0,887,777,8,769,538,172,0,51,0,8,0,110,9,896,546,223,896,246674.62,2528.48,289,149,87,60,47,42,21,74,538,172,0,59
423524,35,-0.09,-0.04,-0.6,-0.25,1,0.2,0.1,0.15,60,53.17,884,774,18,756,0,231,0,123,0,402,0,110,12,896,402,354,896,304611.51,3133.61,29,31,24,30,38,27,34,543,0,231,0,525
423525,35,-0.09,-0.04,-0.6,-0.25,1,0.2,0.1,0.15,60,77.31,886,776,9,767,577,0,0,174,0,16,0,110,10,896,593,174,896,326791.71,3339.83,261,125,74,46,28,25,12,196,577,0,0,190
423526,35,-0.09,-0.04,-0.6,-0.25,1,0.2,0.2,0.15,20,65.41,887,777,8,769,234,114,152,0,269,0,0,110,9,896,503,266,896,418303.42,4302.24,71,97,114,487,0,0,0,0,234,114,421,0
423527,35,-0.09,-0.04,-0.6,-0.25,1,0.2,0.2,0.15,20,65.06,887,777,10,767,0,114,154,0,499,0,0,110,9,896,499,268,896,454635.08,4673.4,29,31,24,683,0,0,0,0,0,114,653,0
423528,35,-0.09,-0.04,-0.6,-0.25,1,0.2,0.2,0.15,20,68.79,887,777,8,769,245,0,240,0,284,0,0,110,9,896,529,240,896,492352.66,5055.26,42,67,92,568,0,0,0,0,245,0,524,0
423529,35,-0.09,-0.04,-0.6,-0.25,1,0.2,0.2,0.15,30,62.7,887,777,13,764,311,176,109,0,168,0,0,110,9,896,479,285,896,397794.7,4108.78,71,97,114,66,80,336,0,0,311,176,277,0
423530,35,-0.09,-0.04,-0.6,-0.25,1,0.2,0.2,0.15,30,60.0,886,776,16,760,0,179,125,0,456,0,0,110,10,896,456,304,896,386425.53,3998.8,29,31,24,30,38,608,0,0,0,179,581,0
423531,35,-0.09,-0.04,-0.6,-0.25,1,0.2,0.2,0.15,30,68.81,887,777,14,763,335,0,238,0,190,0,0,110,9,896,525,238,896,524493.12,5401.58,42,67,92,44,50,468,0,0,335,0,428,0
423532,35,-0.09,-0.04,-0.6,-0.25,1,0.2,0.2,0.15,40,58.14,887,777,15,762,342,211,68,40,38,63,0,110,9,896,443,319,896,367324.05,3795.02,71,97,114,66,80,59,46,229,342,211,106,103
423533,35,-0.09,-0.04,-0.6,-0.25,1,0.2,0.2,0.15,40,54.5,884,774,18,756,0,220,83,41,105,307,0,110,12,896,412,344,896,326975.89,3370.51,29,31,24,30,38,27,34,543,0,220,188,348
423534,35,-0.09,-0.04,-0.6,-0.25,1,0.2,0.2,0.15,40,65.13,886,776,16,760,369,0,191,74,40,86,0,110,10,896,495,265,896,481044.32,4947.59,42,67,92,44,50,40,28,397,369,0,231,160
423535,35,-0.09,-0.04,-0.6,-0.25,1,0.2,0.2,0.15,50,57.35,887,777,15,762,343,217,0,108,0,94,0,110,9,896,437,325,896,352892.82,3646.53,71,97,114,66,80,59,46,229,343,217,0,202
423536,35,-0.09,-0.04,-0.6,-0.25,1,0.2,0.2,0.15,50,53.17,884,774,18,756,0,231,0,123,0,402,0,110,12,896,402,354,896,304611.51,3133.61,29,31,24,30,38,27,34,543,0,231,0,525
423537,35,-0.09,-0.04,-0.6,-0.25,1,0.2,0.2,0.15,50,64.47,886,776,16,760,370,0,0,270,0,120,0,110,10,896,490,270,896,453035.12,4660.42,42,67,92,44,50,40,28,397,370,0,0,390
423538,35,-0.09,-0.04,-0.6,-0.25,1,0.2,0.2,0.15,60,57.35,887,777,15,762,343,217,0,108,0,94,0,110,9,896,437,325,896,352892.82,3646.53,71,97,114,66,80,59,46,229,343,217,0,202
423539,35,-0.09,-0.04,-0.6,-0.25,1,0.2,0.2,0.15,60,53.17,884,774,18,756,0,231,0,123,0,402,0,110,12,896,402,354,896,304611.51,3133.61,29,31,24,30,38,27,34,543,0,231,0,525
423540,35,-0.09,-0.04,-0.6,-0.25,1,0.2,0.2,0.15,60,64.47,886,776,16,760,370,0,0,270,0,120,0,110,10,896,490,270,896,453035.12,4660.42,42,67,92,44,50,40,28,397,370,0,0,390
423541,35,-0.09,-0.04,-0.6,-0.25,2,0.1,0.1,0.15,20,74.45,887,777,6,771,501,103,94,0,73,0,0,110,9,896,574,197,896,327596.08,3688.44,297,153,96,225,0,0,0,0,501,103,167,0
423542,35,-0.09,-0.04,-0.6,-0.25,2,0.1,0.1,0.15,20,68.45,887,777,10,767,0,114,128,0,525,0,0,110,9,896,525,242,896,559238.3,5760.81,29,31,24,683,0,0,0,0,0,114,653,0
423543,35,-0.09,-0.04,-0.6,-0.25,2,0.1,0.1,0.15,20,78.86,887,777,6,771,527,0,163,0,81,0,0,110,9,896,608,163,896,411688.69,4301.35,269,134,86,282,0,0,0,0,527,0,244,0
423544,35,-0.09,-0.04,-0.6,-0.25,2,0.1,0.1,0.15,30,74.29,887,777,7,770,545,143,55,0,27,0,0,110,9,896,572,198,896,314369.19,3703.44,297,153,96,58,51,115,0,0,545,143,82,0
423545,35,-0.09,-0.04,-0.6,-0.25,2,0.1,0.1,0.15,30,60.92,886,776,16,760,0,179,118,0,463,0,0,110,10,896,463,297,896,495562.5,5338.3,29,31,24,30,38,608,0,0,0,179,581,0
423546,35,-0.09,-0.04,-0.6,-0.25,2,0.1,0.1,0.15,30,81.66,887,777,8,769,587,0,141,0,41,0,0,110,9,896,628,141,896,455247.93,4639.57,269,134,86,38,39,203,0,0,587,0,182,0
423547,35,-0.09,-0.04,-0.6,-0.25,2,0.1,0.1,0.15,40,74.12,887,777,8,769,557,160,25,14,7,6,0,110,9,896,570,199,896,297634.32,3630.36,297,153,96,58,51,33,18,63,557,160,32,20
423548,35,-0.09,-0.04,-0.6,-0.25,2,0.1,0.1,0.15,40,56.88,884,774,18,756,0,220,77,29,111,319,0,110,12,896,430,326,896,408993.85,4876.41,29,31,24,30,38,27,34,543,0,220,188,348
423549,35,-0.09,-0.04,-0.6,-0.25,2,0.1,0.1,0.15,40,82.53,886,776,9,767,608,0,99,35,10,15,0,110,10,896,633,134,896,439853.55,4569.99,269,134,86,38,39,21,14,166,608,0,109,50
423550,35,-0.09,-0.04,-0.6,-0.25,2,0.1,0.1,0.15,50,73.86,887,777,8,769,557,163,0,38,0,11,0,110,9,896,568,201,896,293243.95,3597.12,297,153,96,58,51,33,18,63,557,163,0,49
423551,35,-0.09,-0.04,-0.6,-0.25,2,0.1,0.1,0.15,50,55.69,884,774,18,756,0,231,0,104,0,421,0,110,12,896,421,335,896,379486.85,4645.83,29,31,24,30,38,27,34,543,0,231,0,525
423552,35,-0.09,-0.04,-0.6,-0.25,2,0.1,0.1,0.15,50,82.4,886,776,9,767,608,0,0,135,0,24,0,110,10,896,632,135,896,423407.99,4474.27,269,134,86,38,39,21,14,166,608,0,0,159
423553,35,-0.09,-0.04,-0.6,-0.25,2,0.1,0.1,0.15,60,73.86,887,777,8,769,557,163,0,38,0,11,0,110,9,896,568,201,896,293243.95,3597.12,297,153,96,58,51,33,18,63,557,163,0,49
423554,35,-0.09,-0.04,-0.6,-0.25,2,0.1,0.1,0.15,60,55.69,884,774,18,756,0,231,0,104,0,421,0,110,12,896,421,335,896,379486.85,4645.83,29,31,24,30,38,27,34,543,0,231,0,525
423555,35,-0.09,-0.04,-0.6,-0.25,2,0.1,0.1,0.15,60,82.4,886,776,9,767,608,0,0,135,0,24,0,110,10,896,632,135,896,423407.99,4474.27,269,134,86,38,39,21,14,166,608,0,0,159
423556,35,-0.09,-0.04,-0.6,-0.25,2,0.1,0.2,0.15,20,68.79,887,777,8,769,252,114,126,0,277,0,0,110,9,896,529,240,896,512637.44,5350.06,71,106,115,477,0,0,0,0,252,114,403,0
423557,35,-0.09,-0.04,-0.6,-0.25,2,0.1,0.2,0.15,20,68.45,887,777,10,767,0,114,128,0,525,0,0,110,9,896,525,242,896,559238.3,5760.81,29,31,24,683,0,0,0,0,0,114,653,0
423558,35,-0.09,-0.04,-0.6,-0.25,2,0.1,0.2,0.15,20,73.86,887,777,8,769,270,0,201,0,298,0,0,110,9,896,568,201,896,638658.82,6222.41,42,77,97,553,0,0,0,0,270,0,499,0
423559,35,-0.09,-0.04,-0.6,-0.25,2,0.1,0.2,0.15,30,63.74,887,777,13,764,329,176,101,0,158,0,0,110,9,896,487,277,896,502727.66,5397.97,71,106,115,74,81,317,0,0,329,176,259,0
423560,35,-0.09,-0.04,-0.6,-0.25,2,0.1,0.2,0.15,30,60.92,886,776,16,760,0,179,118,0,463,0,0,110,10,896,463,297,896,495562.5,5338.3,29,31,24,30,38,608,0,0,0,179,581,0
423561,35,-0.09,-0.04,-0.6,-0.25,2,0.1,0.2,0.15,30,72.87,887,777,14,763,361,0,207,0,195,0,0,110,9,896,556,207,896,724484.25,6839.27,42,77,97,54,52,441,0,0,361,0,402,0
423562,35,-0.09,-0.04,-0.6,-0.25,2,0.1,0.2,0.15,40,61.02,887,777,15,762,361,210,59,28,40,64,0,110,9,896,465,297,896,457310.06,5231.34,71,106,115,74,81,58,46,211,361,210,99,92
423563,35,-0.09,-0.04,-0.6,-0.25,2,0.1,0.2,0.15,40,56.88,884,774,18,756,0,220,77,29,111,319,0,110,12,896,430,326,896,408993.85,4876.41,29,31,24,30,38,27,34,543,0,220,188,348
423564,35,-0.09,-0.04,-0.6,-0.25,2,0.1,0.2,0.15,40,70.13,886,776,16,760,398,0,172,55,49,86,0,110,10,896,533,227,896,653887.7,6544.8,42,77,97,54,52,39,28,371,398,0,221,141
423565,35,-0.09,-0.04,-0.6,-0.25,2,0.1,0.2,0.15,50,60.37,887,777,15,762,362,215,0,87,0,98,0,110,9,896,460,302,896,442409.96,5112.41,71,106,115,74,81,58,46,211,362,215,0,185
423566,35,-0.09,-0.04,-0.6,-0.25,2,0.1,0.2,0.15,50,55.69,884,774,18,756,0,231,0,104,0,421,0,110,12,896,421,335,896,379486.85,4645.83,29,31,24,30,38,27,34,543,0,231,0,525
423567,35,-0.09,-0.04,-0.6,-0.25,2,0.1,0.2,0.15,50,69.74,886,776,16,760,399,0,0,230,0,131,0,110,10,896,530,230,896,613085.64,6294.71,42,77,97,54,52,39,28,371,399,0,0,361
423568,35,-0.09,-0.04,-0.6,-0.25,2,0.1,0.2,0.15,60,60.37,887,777,15,762,362,215,0,87,0,98,0,110,9,896,460,302,896,442409.96,5112.41,71,106,115,74,81,58,46,211,362,215,0,185
423569,35,-0.09,-0.04,-0.6,-0.25,2,0.1,0.2,0.15,60,55.69,884,774,18,756,0,231,0,104,0,421,0,110,12,896,421,335,896,379486.85,4645.83,29,31,24,30,38,27,34,543,0,231,0,525
423570,35,-0.09,-0.04,-0.6,-0.25,2,0.1,0.2,0.15,60,69.74,886,776,16,760,399,0,0,230,0,131,0,110,10,896,530,230,896,613085.64,6294.71,42,77,97,54,52,39,28,371,399,0,0,361
423571,35,-0.09,-0.04,-0.6,-0.25,2,0.2,0.1,0.15,20,71.73,887,777,6,771,482,103,115,0,71,0,0,110,9,896,553,218,896,279381.59,2863.07,289,149,87,246,0,0,0,0,482,103,186,0
423572,35,-0.09,-0.04,-0.6,-0.25,2,0.2,0.1,0.15,20,65.06,887,777,10,767,0,114,154,0,499,0,0,110,9,896,499,268,896,454635.08,4673.4,29,31,24,683,0,0,0,0,0,114,653,0
423573,35,-0.09,-0.04,-0.6,-0.25,2,0.2,0.1,0.15,20,74.97,887,777,6,771,506,0,193,0,72,0,0,110,9,896,578,193,896,338920.22,3467.26,261,125,74,311,0,0,0,0,506,0,265,0
423574,35,-0.09,-0.04,-0.6,-0.25,2,0.2,0.1,0.15,30,72.08,887,777,7,770,526,148,67,0,29,0,0,110,9,896,555,215,896,265720.05,2734.76,289,149,87,60,47,138,0,0,526,148,96,0
423575,35,-0.09,-0.04,-0.6,-0.25,2,0.2,0.1,0.15,30,60.0,886,776,16,760,0,179,125,0,456,0,0,110,10,896,456,304,896,386425.53,3998.8,29,31,24,30,38,608,0,0,0,179,581,0
423576,35,-0.09,-0.04,-0.6,-0.25,2,0.2,0.1,0.15,30,77.11,887,777,8,769,559,0,176,0,34,0,0,110,9,896,593,176,896,358090.13,3676.79,261,125,74,46,28,235,0,0,559,0,210,0
423577,35,-0.09,-0.04,-0.6,-0.25,2,0.2,0.1,0.15,40,71.39,887,777,8,769,538,169,29,22,8,3,0,110,9,896,549,220,896,250571.62,2568.46,289,149,87,60,47,42,21,74,538,169,37,25
423578,35,-0.09,-0.04,-0.6,-0.25,2,0.2,0.1,0.15,40,54.5,884,774,18,756,0,220,83,41,105,307,0,110,12,896,412,344,896,326975.89,3370.51,29,31,24,30,38,27,34,543,0,220,188,348
423579,35,-0.09,-0.04,-0.6,-0.25,2,0.2,0.1,0.15,40,77.57,886,776,9,767,577,0,123,49,8,10,0,110,10,896,595,172,896,337775.89,3452.16,261,125,74,46,28,25,12,196,577,0,131,59
423580,35,-0.09,-0.04,-0.6,-0.25,2,0.2,0.1,0.15,50,71.0,887,777,8,769,538,172,0,51,0,8,0,110,9,896,546,223,896,246674.62,2528.48,289,149,87,60,47,42,21,74,538,172,0,59
423581,35,-0.09,-0.04,-0.6,-0.25,2,0.2,0.1,0.15,50,53.17,884,774,18,756,0,231,0,123,0,402,0,110,12,896,402,354,896,304611.51,3133.61,29,31,24,30,38,27,34,543,0,231,0,525
423582,35,-0.09,-0.04,-0.6,-0.25,2,0.2,0.1,0.15,50,77.31,886,776,9,767,577,0,0,174,0,16,0,110,10,896,593,174,896,326791.71,3339.83,261,125,74,46,28,25,12,196,577,0,0,190
423583,35,-0.09,-0.04,-0.6,-0.25,2,0.2,0.1,0.15,60,71.0,887,777,8,769,538,172,0,51,0,8,0,110,9,896,546,223,896,246674.62,2528.48,289,149,87,60,47,42,21,74,538,172,0,59
423584,35,-0.09,-0.04,-0.6,-0.25,2,0.2,0.1,0.15,60,53.17,884,774,18,756,0,231,0,123,0,402,0,110,12,896,402,354,896,304611.51,3133.61,29,31,24,30,38,27,34,543,0,231,0,525
423585,35,-0.09,-0.04,-0.6,-0.25,2,0.2,0.1,0.15,60,77.31,886,776,9,767,577,0,0,174,0,16,0,110,10,896,593,174,896,326791.71,3339.83,261,125,74,46,28,25,12,196,577,0,0,190
423586,35,-0.09,-0.04,-0.6,-0.25,2,0.2,0.2,0.15,20,65.41,887,777,8,769,234,114,152,0,269,0,0,110,9,896,503,266,896,418303.42,4302.24,71,97,114,487,0,0,0,0,234,114,421,0
423587,35,-0.09,-0.04,-0.6,-0.25,2,0.2,0.2,0.15,20,65.06,887,777,10,767,0,114,154,0,499,0,0,110,9,896,499,268,896,454635.08,4673.4,29,31,24,683,0,0,0,0,0,114,653,0
423588,35,-0.09,-0.04,-0.6,-0.25,2,0.2,0.2,0.15,20,68.79,887,777,8,769,245,0,240,0,284,0,0,110,9,896,529,240,896,492352.66,5055.26,42,67,92,568,0,0,0,0,245,0,524,0
423589,35,-0.09,-0.04,-0.6,-0.25,2,0.2,0.2,0.15,30,62.7,887,777,13,764,311,176,109,0,168,0,0,110,9,896,479,285,896,397794.7,4108.78,71,97,114,66,80,336,0,0,311,176,277,0
423590,35,-0.09,-0.04,-0.6,-0.25,2,0.2,0.2,0.15,30,60.0,886,776,16,760,0,179,125,0,456,0,0,110,10,896,456,304,896,386425.53,3998.8,29,31,24,30,38,608,0,0,0,179,581,0
423591,35,-0.09,-0.04,-0.6,-0.25,2,0.2,0.2,0.15,30,68.81,887,777,14,763,335,0,238,0,190,0,0,110,9,896,525,238,896,524493.12,5401.58,42,67,92,44,50,468,0,0,335,0,428,0
423592,35,-0.09,-0.04,-0.6,-0.25,2,0.2,0.2,0.15,40,58.14,887,777,15,762,342,211,68,40,38,63,0,110,9,896,443,319,896,367324.05,3795.02,71,97,114,66,80,59,46,229,342,211,106,103
423593,35,-0.09,-0.04,-0.6,-0.25,2,0.2,0.2,0.15,40,54.5,884,774,18,756,0,220,83,41,105,307,0,110,12,896,412,344,896,326975.89,3370.51,29,31,24,30,38,27,34,543,0,220,188,348
423594,35,-0.09,-0.04,-0.6,-0.25,2,0.2,0.2,0.15,40,65.13,886,776,16,760,369,0,191,74,40,86,0,110,10,896,495,265,896,481044.32,4947.59,42,67,92,44,50,40,28,397,369,0,231,160
423595,35,-0.09,-0.04,-0.6,-0.25,2,0.2,0.2,0.15,50,57.35,887,777,15,762,343,217,0,108,0,94,0,110,9,896,437,325,896,352892.82,3646.53,71,97,114,66,80,59,46,229,343,217,0,202
423596,35,-0.09,-0.04,-0.6,-0.25,2,0.2,0.2,0.15,50,53.17,884,774,18,756,0,231,0,123,0,402,0,110,12,896,402,354,896,304611.51,3133.61,29,31,24,30,38,27,34,543,0,231,0,525
423597,35,-0.09,-0.04,-0.6,-0.25,2,0.2,0.2,0.15,50,64.47,886,776,16,760,370,0,0,270,0,120,0,110,10,896,490,270,896,453035.12,4660.42,42,67,92,44,50,40,28,397,370,0,0,390
423598,35,-0.09,-0.04,-0.6,-0.25,2,0.2,0.2,0.15,60,57.35,887,777,15,762,343,217,0,108,0,94,0,110,9,896,437,325,896,352892.82,3646.53,71,97,114,66,80,59,46,229,343,217,0,202
423599,35,-0.09,-0.04,-0.6,-0.25,2,0.2,0.2,0.15,60,53.17,884,774,18,756,0,231,0,123,0,402,0,110,12,896,402,354,896,304611.51,3133.61,29,31,24,30,38,27,34,543,0,231,0,525
423600,35,-0.09,-0.04,-0.6,-0.25,2,0.2,0.2,0.15,60,64.47,886,776,16,760,370,0,0,270,0,120,0,110,10,896,490,270,896,453035.12,4660.42,42,67,92,44,50,40,28,397,370,0,0,390
423601,35,-0.09,-0.04,-0.55,-0.45,1,0.1,0.1,0.15,20,76.29,295,233,1,232,168,33,22,0,9,0,0,62,0,295,177,55,295,107421.03,1098.34,96,51,30,55,0,0,0,0,168,33,31,0
423602,35,-0.09,-0.04,-0.55,-0.45,1,0.1,0.1,0.15,20,70.56,295,233,2,231,0,34,34,0,163,0,0,62,0,295,163,68,295,225302.59,2299.24,4,11,6,210,0,0,0,0,0,34,197,0
423603,35,-0.09,-0.04,-0.55,-0.45,1,0.1,0.1,0.15,20,78.88,295,233,1,232,174,0,49,0,9,0,0,62,0,295,183,49,295,127413.75,1297.59,92,42,25,73,0,0,0,0,174,0,58,0
423604,35,-0.09,-0.04,-0.55,-0.45,1,0.1,0.1,0.15,30,78.45,295,233,1,232,176,43,7,0,6,0,0,62,0,295,182,50,295,106036.27,1084.04,96,51,30,24,5,26,0,0,176,43,13,0
423605,35,-0.09,-0.04,-0.55,-0.45,1,0.1,0.1,0.15,30,67.25,294,232,3,229,0,50,25,0,154,0,0,62,1,295,154,75,295,208258.66,2131.07,4,11,6,13,6,189,0,0,0,50,179,0
423606,35,-0.09,-0.04,-0.55,-0.45,1,0.1,0.1,0.15,30,83.98,295,233,2,231,187,0,37,0,7,0,0,62,0,295,194,37,295,135553.97,1380.59,92,42,25,15,4,53,0,0,187,0,44,0
423607,35,-0.09,-0.04,-0.55,-0.45,1,0.1,0.1,0.15,40,78.45,295,233,1,232,180,46,3,1,2,0,0,62,0,295,182,50,295,106467.61,1091.08,96,51,30,24,5,13,4,9,180,46,5,1
423608,35,-0.09,-0.04,-0.55,-0.45,1,0.1,0.1,0.15,40,61.67,292,230,3,227,0,62,20,5,32,108,0,62,3,295,140,87,295,202021.88,2072.08,4,11,6,13,6,10,11,166,0,62,52,113
423609,35,-0.09,-0.04,-0.55,-0.45,1,0.1,0.1,0.15,40,84.85,295,233,2,231,192,0,27,8,2,2,0,62,0,295,196,35,295,132137.01,1347.99,92,42,25,15,4,9,3,41,192,0,29,10
423610,35,-0.09,-0.04,-0.55,-0.45,1,0.1,0.1,0.15,50,77.59,295,233,1,232,180,47,0,5,0,0,0,62,0,295,180,52,295,104716.02,1073.37,96,51,30,24,5,13,4,9,180,47,0,5
423611,35,-0.09,-0.04,-0.55,-0.45,1,0.1,0.1,0.15,50,60.79,292,230,3,227,0,66,0,23,0,138,0,62,3,295,138,89,295,195645.4,2005.88,4,11,6,13,6,10,11,166,0,66,0,161
423612,35,-0.09,-0.04,-0.55,-0.45,1,0.1,0.1,0.15,50,83.98,295,233,2,231,192,0,0,37,0,2,0,62,0,295,194,37,295,126417.58,1290.03,92,42,25,15,4,9,3,41,192,0,0,39
423613,35,-0.09,-0.04,-0.55,-0.45,1,0.1,0.1,0.15,60,77.59,295,233,1,232,180,47,0,5,0,0,0,62,0,295,180,52,295,104716.02,1073.37,96,51,30,24,5,13,4,9,180,47,0,5
423614,35,-0.09,-0.04,-0.55,-0.45,1,0.1,0.1,0.15,60,60.79,292,230,3,227,0,66,0,23,0,138,0,62,3,295,138,89,295,195645.4,2005.88,4,11,6,13,6,10,11,166,0,66,0,161
423615,35,-0.09,-0.04,-0.55,-0.45,1,0.1,0.1,0.15,60,83.98,295,233,2,231,192,0,0,37,0,2,0,62,0,295,194,37,295,126417.58,1290.03,92,42,25,15,4,9,3,41,192,0,0,39
423616,35,-0.09,-0.04,-0.55,-0.45,1,0.1,0.2,0.15,20,71.43,295,233,2,231,100,34,32,0,65,0,0,62,0,295,165,66,295,188531.28,1926.52,22,46,42,121,0,0,0,0,100,34,97,0
423617,35,-0.09,-0.04,-0.55,-0.45,1,0.1,0.2,0.15,20,70.56,295,233,2,231,0,34,34,0,163,0,0,62,0,295,163,68,295,225302.59,2299.24,4,11,6,210,0,0,0,0,0,34,197,0
423618,35,-0.09,-0.04,-0.55,-0.45,1,0.1,0.2,0.15,20,74.46,295,233,2,231,103,0,59,0,69,0,0,62,0,295,172,59,295,213719.83,2178.59,18,35,36,142,0,0,0,0,103,0,128,0
423619,35,-0.09,-0.04,-0.55,-0.45,1,0.1,0.2,0.15,30,70.56,295,233,2,231,124,48,20,0,39,0,0,62,0,295,163,68,295,185861.75,1900.89,22,46,42,24,20,77,0,0,124,48,59,0
423620,35,-0.09,-0.04,-0.55,-0.45,1,0.1,0.2,0.15,30,67.25,294,232,3,229,0,50,25,0,154,0,0,62,1,295,154,75,295,208258.66,2131.07,4,11,6,13,6,189,0,0,0,50,179,0
423621,35,-0.09,-0.04,-0.55,-0.45,1,0.1,0.2,0.15,30,76.96,295,233,3,230,131,0,53,0,46,0,0,62,0,295,177,53,295,225333.04,2298.79,18,35,36,14,16,111,0,0,131,0,99,0
423622,35,-0.09,-0.04,-0.55,-0.45,1,0.1,0.2,0.15,40,67.53,295,233,2,231,135,58,13,4,9,12,0,62,0,295,156,75,295,184113.19,1886.76,22,46,42,24,20,18,15,44,135,58,22,16
423623,35,-0.09,-0.04,-0.55,-0.45,1,0.1,0.2,0.15,40,61.67,292,230,3,227,0,62,20,5,32,108,0,62,3,295,140,87,295,202021.88,2072.08,4,11,6,13,6,10,11,166,0,62,52,113
423624,35,-0.09,-0.04,-0.55,-0.45,1,0.1,0.2,0.15,40,74.35,295,233,3,230,143,0,47,12,10,18,0,62,0,295,171,59,295,217368.57,2221.32,18,35,36,14,16,12,10,89,143,0,57,30
423625,35,-0.09,-0.04,-0.55,-0.45,1,0.1,0.2,0.15,50,66.67,295,233,2,231,135,60,0,17,0,19,0,62,0,295,154,77,295,180306.25,1848.46,22,46,42,24,20,18,15,44,135,60,0,36
423626,35,-0.09,-0.04,-0.55,-0.45,1,0.1,0.2,0.15,50,60.79,292,230,3,227,0,66,0,23,0,138,0,62,3,295,138,89,295,195645.4,2005.88,4,11,6,13,6,10,11,166,0,66,0,161
423627,35,-0.09,-0.04,-0.55,-0.45,1,0.1,0.2,0.15,50,73.48,295,233,3,230,143,0,0,61,0,26,0,62,0,295,169,61,295,207039.6,2116.92,18,35,36,14,16,12,10,89,143,0,0,87
423628,35,-0.09,-0.04,-0.55,-0.45,1,0.1,0.2,0.15,60,66.67,295,233,2,231,135,60,0,17,0,19,0,62,0,295,154,77,295,180306.25,1848.46,22,46,42,24,20,18,15,44,135,60,0,36
423629,35,-0.09,-0.04,-0.55,-0.45,1,0.1,0.2,0.15,60,60.79,292,230,3,227,0,66,0,23,0,138,0,62,3,295,138,89,295,195645.4,2005.88,4,11,6,13,6,10,11,166,0,66,0,161
423630,35,-0.09,-0.04,-0.55,-0.45,1,0.1,0.2,0.15,60,73.48,295,233,3,230,143,0,0,61,0,26,0,62,0,295,169,61,295,207039.6,2116.92,18,35,36,14,16,12,10,89,143,0,0,87
423631,35,-0.09,-0.04,-0.55,-0.45,1,0.2,0.1,0.15,20,76.29,295,233,1,232,168,33,22,0,9,0,0,62,0,295,177,55,295,107421.03,1098.34,96,51,30,55,0,0,0,0,168,33,31,0
423632,35,-0.09,-0.04,-0.55,-0.45,1,0.2,0.1,0.15,20,70.56,295,233,2,231,0,34,34,0,163,0,0,62,0,295,163,68,295,225302.59,2299.24,4,11,6,210,0,0,0,0,0,34,197,0
423633,35,-0.09,-0.04,-0.55,-0.45,1,0.2,0.1,0.15,20,78.88,295,233,1,232,174,0,49,0,9,0,0,62,0,295,183,49,295,127413.75,1297.59,92,42,25,73,0,0,0,0,174,0,58,0
423634,35,-0.09,-0.04,-0.55,-0.45,1,0.2,0.1,0.15,30,78.45,295,233,1,232,176,43,7,0,6,0,0,62,0,295,182,50,295,106036.27,1084.04,96,51,30,24,5,26,0,0,176,43,13,0
423635,35,-0.09,-0.04,-0.55,-0.45,1,0.2,0.1,0.15,30,67.25,294,232,3,229,0,50,25,0,154,0,0,62,1,295,154,75,295,208258.66,2131.07,4,11,6,13,6,189,0,0,0,50,179,0
423636,35,-0.09,-0.04,-0.55,-0.45,1,0.2,0.1,0.15,30,83.98,295,233,2,231,187,0,37,0,7,0,0,62,0,295,194,37,295,135553.97,1380.59,92,42,25,15,4,53,0,0,187,0,44,0
423637,35,-0.09,-0.04,-0.55,-0.45,1,0.2,0.1,0.15,40,78.45,295,233,1,232,180,46,3,1,2,0,0,62,0,295,182,50,295,106467.61,1091.08,96,51,30,24,5,13,4,9,180,46,5,1
423638,35,-0.09,-0.04,-0.55,-0.45,1,0.2,0.1,0.15,40,61.67,292,230,3,227,0,62,20,5,32,108,0,62,3,295,140,87,295,202021.88,2072.08,4,11,6,13,6,10,11,166,0,62,52,113
423639,35,-0.09,-0.04,-0.55,-0.45,1,0.2,0.1,0.15,40,84.85,295,233,2,231,192,0,27,8,2,2,0,62,0,295,196,35,295,132137.01,1347.99,92,42,25,15,4,9,3,41,192,0,29,10
423640,35,-0.09,-0.04,-0.55,-0.45,1,0.2,0.1,0.15,50,77.59,295,233,1,232,180,47,0,5,0,0,0,62,0,295,180,52,295,104716.02,1073.37,96,51,30,24,5,13,4,9,180,47,0,5
423641,35,-0.09,-0.04,-0.55,-0.45,1,0.2,0.1,0.15,50,60.79,292,230,3,227,0,66,0,23,0,138,0,62,3,295,138,89,295,195645.4,2005.88,4,11,6,13,6,10,11,166,0,66,0,161
423642,35,-0.09,-0.04,-0.55,-0.45,1,0.2,0.1,0.15,50,83.98,295,233,2,231,192,0,0,37,0,2,0,62,0,295,194,37,295,126417.58,1290.03,92,42,25,15,4,9,3,41,192,0,0,39
423643,35,-0.09,-0.04,-0.55,-0.45,1,0.2,0.1,0.15,60,77.59,295,233,1,232,180,47,0,5,0,0,0,62,0,295,180,52,295,104716.02,1073.37,96,51,30,24,5,13,4,9,180,47,0,5
423644,35,-0.09,-0.04,-0.55,-0.45,1,0.2,0.1,0.15,60,60.79,292,230,3,227,0,66,0,23,0,138,0,62,3,295,138,89,295,195645.4,2005.88,4,11,6,13,6,10,11,166,0,66,0,161
423645,35,-0.09,-0.04,-0.55,-0.45,1,0.2,0.1,0.15,60,83.98,295,233,2,231,192,0,0,37,0,2,0,62,0,295,194,37,295,126417.58,1290.03,92,42,25,15,4,9,3,41,192,0,0,39
423646,35,-0.09,-0.04,-0.55,-0.45,1,0.2,0.2,0.15,20,71.43,295,233,2,231,100,34,32,0,65,0,0,62,0,295,165,66,295,188531.28,1926.52,22,46,42,121,0,0,0,0,100,34,97,0
423647,35,-0.09,-0.04,-0.55,-0.45,1,0.2,0.2,0.15,20,70.56,295,233,2,231,0,34,34,0,163,0,0,62,0,295,163,68,295,225302.59,2299.24,4,11,6,210,0,0,0,0,0,34,197,0
423648,35,-0.09,-0.04,-0.55,-0.45,1,0.2,0.2,0.15,20,74.46,295,233,2,231,103,0,59,0,69,0,0,62,0,295,172,59,295,213719.83,2178.59,18,35,36,142,0,0,0,0,103,0,128,0
423649,35,-0.09,-0.04,-0.55,-0.45,1,0.2,0.2,0.15,30,70.56,295,233,2,231,124,48,20,0,39,0,0,62,0,295,163,68,295,185861.75,1900.89,22,46,42,24,20,77,0,0,124,48,59,0
423650,35,-0.09,-0.04,-0.55,-0.45,1,0.2,0.2,0.15,30,67.25,294,232,3,229,0,50,25,0,154,0,0,62,1,295,154,75,295,208258.66,2131.07,4,11,6,13,6,189,0,0,0,50,179,0
423651,35,-0.09,-0.04,-0.55,-0.45,1,0.2,0.2,0.15,30,76.96,295,233,3,230,131,0,53,0,46,0,0,62,0,295,177,53,295,225333.04,2298.79,18,35,36,14,16,111,0,0,131,0,99,0
423652,35,-0.09,-0.04,-0.55,-0.45,1,0.2,0.2,0.15,40,67.53,295,233,2,231,135,58,13,4,9,12,0,62,0,295,156,75,295,184113.19,1886.76,22,46,42,24,20,18,15,44,135,58,22,16
423653,35,-0.09,-0.04,-0.55,-0.45,1,0.2,0.2,0.15,40,61.67,292,230,3,227,0,62,20,5,32,108,0,62,3,295,140,87,295,202021.88,2072.08,4,11,6,13,6,10,11,166,0,62,52,113
423654,35,-0.09,-0.04,-0.55,-0.45,1,0.2,0.2,0.15,40,74.35,295,233,3,230,143,0,47,12,10,18,0,62,0,295,171,59,295,217368.57,2221.32,18,35,36,14,16,12,10,89,143,0,57,30
423655,35,-0.09,-0.04,-0.55,-0.45,1,0.2,0.2,0.15,50,66.67,295,233,2,231,135,60,0,17,0,19,0,62,0,295,154,77,295,180306.25,1848.46,22,46,42,24,20,18,15,44,135,60,0,36
423656,35,-0.09,-0.04,-0.55,-0.45,1,0.2,0.2,0.15,50,60.79,292,230,3,227,0,66,0,23,0,138,0,62,3,295,138,89,295,195645.4,2005.88,4,11,6,13,6,10,11,166,0,66,0,161
423657,35,-0.09,-0.04,-0.55,-0.45,1,0.2,0.2,0.15,50,73.48,295,233,3,230,143,0,0,61,0,26,0,62,0,295,169,61,295,207039.6,2116.92,18,35,36,14,16,12,10,89,143,0,0,87
423658,35,-0.09,-0.04,-0.55,-0.45,1,0.2,0.2,0.15,60,66.67,295,233,2,231,135,60,0,17,0,19,0,62,0,295,154,77,295,180306.25,1848.46,22,46,42,24,20,18,15,44,135,60,0,36
423659,35,-0.09,-0.04,-0.55,-0.45,1,0.2,0.2,0.15,60,60.79,292,230,3,227,0,66,0,23,0,138,0,62,3,295,138,89,295,195645.4,2005.88,4,11,6,13,6,10,11,166,0,66,0,161
423660,35,-0.09,-0.04,-0.55,-0.45,1,0.2,0.2,0.15,60,73.48,295,233,3,230,143,0,0,61,0,26,0,62,0,295,169,61,295,207039.6,2116.92,18,35,36,14,16,12,10,89,143,0,0,87
423661,35,-0.09,-0.04,-0.55,-0.45,2,0.1,0.1,0.15,20,78.45,295,233,1,232,173,33,17,0,9,0,0,62,0,295,182,50,295,122560.81,1329.0,100,52,33,47,0,0,0,0,173,33,26,0
423662,35,-0.09,-0.04,-0.55,-0.45,2,0.1,0.1,0.15,20,73.16,295,233,2,231,0,34,28,0,169,0,0,62,0,295,169,62,295,274201.13,2634.12,4,11,6,210,0,0,0,0,0,34,197,0
423663,35,-0.09,-0.04,-0.55,-0.45,2,0.1,0.1,0.15,20,82.33,295,233,1,232,179,0,41,0,12,0,0,62,0,295,191,41,295,154589.28,1530.77,96,44,28,64,0,0,0,0,179,0,53,0
423664,35,-0.09,-0.04,-0.55,-0.45,2,0.1,0.1,0.15,30,79.74,295,233,1,232,180,42,5,0,5,0,0,62,0,295,185,47,295,120258.16,1328.36,100,52,33,21,7,19,0,0,180,42,10,0
423665,35,-0.09,-0.04,-0.55,-0.45,2,0.1,0.1,0.15,30,67.69,294,232,3,229,0,50,24,0,155,0,0,62,1,295,155,74,295,253354.39,2524.15,4,11,6,13,6,189,0,0,0,50,179,0
423666,35,-0.09,-0.04,-0.55,-0.45,2,0.1,0.1,0.15,30,87.01,295,233,2,231,193,0,30,0,8,0,0,62,0,295,201,30,295,164837.51,1609.46,96,44,28,11,8,44,0,0,193,0,38,0
423667,35,-0.09,-0.04,-0.55,-0.45,2,0.1,0.1,0.15,40,80.17,295,233,1,232,184,44,2,0,2,0,0,62,0,295,186,46,295,119891.57,1340.17,100,52,33,21,7,9,3,7,184,44,4,0
423668,35,-0.09,-0.04,-0.55,-0.45,2,0.1,0.1,0.15,40,63.0,292,230,3,227,0,62,18,4,34,109,0,62,3,295,143,84,295,238139.09,2500.88,4,11,6,13,6,10,11,166,0,62,52,113
423669,35,-0.09,-0.04,-0.55,-0.45,2,0.1,0.1,0.15,40,88.31,295,233,2,231,197,0,22,5,3,4,0,62,0,295,204,27,295,160312.18,1599.81,96,44,28,11,8,6,2,36,197,0,25,9
423670,35,-0.09,-0.04,-0.55,-0.45,2,0.1,0.1,0.15,50,79.31,295,233,1,232,184,45,0,3,0,0,0,62,0,295,184,48,295,117831.42,1324.11,100,52,33,21,7,9,3,7,184,45,0,3
423671,35,-0.09,-0.04,-0.55,-0.45,2,0.1,0.1,0.15,50,62.11,292,230,3,227,0,66,0,20,0,141,0,62,3,295,141,86,295,230103.34,2433.83,4,11,6,13,6,10,11,166,0,66,0,161
423672,35,-0.09,-0.04,-0.55,-0.45,2,0.1,0.1,0.15,50,87.45,295,233,2,231,197,0,0,29,0,5,0,62,0,295,202,29,295,151211.94,1548.06,96,44,28,11,8,6,2,36,197,0,0,34
423673,35,-0.09,-0.04,-0.55,-0.45,2,0.1,0.1,0.15,60,79.31,295,233,1,232,184,45,0,3,0,0,0,62,0,295,184,48,295,117831.42,1324.11,100,52,33,21,7,9,3,7,184,45,0,3
423674,35,-0.09,-0.04,-0.55,-0.45,2,0.1,0.1,0.15,60,62.11,292,230,3,227,0,66,0,20,0,141,0,62,3,295,141,86,295,230103.34,2433.83,4,11,6,13,6,10,11,166,0,66,0,161
423675,35,-0.09,-0.04,-0.55,-0.45,2,0.1,0.1,0.15,60,87.45,295,233,2,231,197,0,0,29,0,5,0,62,0,295,202,29,295,151211.94,1548.06,96,44,28,11,8,6,2,36,197,0,0,34
423676,35,-0.09,-0.04,-0.55,-0.45,2,0.1,0.2,0.15,20,74.03,295,233,2,231,108,34,26,0,63,0,0,62,0,295,171,60,295,224857.98,2217.28,22,51,42,116,0,0,0,0,108,34,89,0
423677,35,-0.09,-0.04,-0.55,-0.45,2,0.1,0.2,0.15,20,73.16,295,233,2,231,0,34,28,0,169,0,0,62,0,295,169,62,295,274201.13,2634.12,4,11,6,210,0,0,0,0,0,34,197,0
423678,35,-0.09,-0.04,-0.55,-0.45,2,0.1,0.2,0.15,20,78.35,295,233,2,231,113,0,50,0,68,0,0,62,0,295,181,50,295,270646.31,2488.76,18,40,38,135,0,0,0,0,113,0,118,0
423679,35,-0.09,-0.04,-0.55,-0.45,2,0.1,0.2,0.15,30,71.0,295,233,2,231,129,48,19,0,35,0,0,62,0,295,164,67,295,221247.43,2231.23,22,51,42,27,18,71,0,0,129,48,54,0
423680,35,-0.09,-0.04,-0.55,-0.45,2,0.1,0.2,0.15,30,67.69,294,232,3,229,0,50,24,0,155,0,0,62,1,295,155,74,295,253354.39,2524.15,4,11,6,13,6,189,0,0,0,50,179,0
423681,35,-0.09,-0.04,-0.55,-0.45,2,0.1,0.2,0.15,30,79.13,295,233,3,230,138,0,48,0,44,0,0,62,0,295,182,48,295,290496.63,2652.2,18,40,38,17,14,103,0,0,138,0,92,0
423682,35,-0.09,-0.04,-0.55,-0.45,2,0.1,0.2,0.15,40,69.26,295,233,2,231,141,58,10,3,10,9,0,62,0,295,160,71,295,216070.56,2251.39,22,51,42,27,18,17,17,37,141,58,20,12
423683,35,-0.09,-0.04,-0.55,-0.45,2,0.1,0.2,0.15,40,63.0,292,230,3,227,0,62,18,4,34,109,0,62,3,295,143,84,295,238139.09,2500.88,4,11,6,13,6,10,11,166,0,62,52,113
423684,35,-0.09,-0.04,-0.55,-0.45,2,0.1,0.2,0.15,40,77.39,295,233,3,230,151,0,43,9,11,16,0,62,0,295,178,52,295,272027.45,2612.33,18,40,38,17,14,11,11,81,151,0,54,25
423685,35,-0.09,-0.04,-0.55,-0.45,2,0.1,0.2,0.15,50,68.4,295,233,2,231,141,60,0,13,0,17,0,62,0,295,158,73,295,211599.03,2216.22,22,51,42,27,18,17,17,37,141,60,0,30
423686,35,-0.09,-0.04,-0.55,-0.45,2,0.1,0.2,0.15,50,62.11,292,230,3,227,0,66,0,20,0,141,0,62,3,295,141,86,295,230103.34,2433.83,4,11,6,13,6,10,11,166,0,66,0,161
423687,35,-0.09,-0.04,-0.55,-0.45,2,0.1,0.2,0.15,50,76.52,295,233,3,230,151,0,0,54,0,25,0,62,0,295,176,54,295,255259.78,2515.01,18,40,38,17,14,11,11,81,151,0,0,79
423688,35,-0.09,-0.04,-0.55,-0.45,2,0.1,0.2,0.15,60,68.4,295,233,2,231,141,60,0,13,0,17,0,62,0,295,158,73,295,211599.03,2216.22,22,51,42,27,18,17,17,37,141,60,0,30
423689,35,-0.09,-0.04,-0.55,-0.45,2,0.1,0.2,0.15,60,62.11,292,230,3,227,0,66,0,20,0,141,0,62,3,295,141,86,295,230103.34,2433.83,4,11,6,13,6,10,11,166,0,66,0,161
423690,35,-0.09,-0.04,-0.55,-0.45,2,0.1,0.2,0.15,60,76.52,295,233,3,230,151,0,0,54,0,25,0,62,0,295,176,54,295,255259.78,2515.01,18,40,38,17,14,11,11,81,151,0,0,79
423691,35,-0.09,-0.04,-0.55,-0.45,2,0.2,0.1,0.15,20,76.29,295,233,1,232,168,33,22,0,9,0,0,62,0,295,177,55,295,107421.03,1098.34,96,51,30,55,0,0,0,0,168,33,31,0
423692,35,-0.09,-0.04,-0.55,-0.45,2,0.2,0.1,0.15,20,70.56,295,233,2,231,0,34,34,0,163,0,0,62,0,295,163,68,295,225302.59,2299.24,4,11,6,210,0,0,0,0,0,34,197,0
423693,35,-0.09,-0.04,-0.55,-0.45,2,0.2,0.1,0.15,20,78.88,295,233,1,232,174,0,49,0,9,0,0,62,0,295,183,49,295,127413.75,1297.59,92,42,25,73,0,0,0,0,174,0,58,0
423694,35,-0.09,-0.04,-0.55,-0.45,2,0.2,0.1,0.15,30,78.45,295,233,1,232,176,43,7,0,6,0,0,62,0,295,182,50,295,106036.27,1084.04,96,51,30,24,5,26,0,0,176,43,13,0
423695,35,-0.09,-0.04,-0.55,-0.45,2,0.2,0.1,0.15,30,67.25,294,232,3,229,0,50,25,0,154,0,0,62,1,295,154,75,295,208258.66,2131.07,4,11,6,13,6,189,0,0,0,50,179,0
423696,35,-0.09,-0.04,-0.55,-0.45,2,0.2,0.1,0.15,30,83.98,295,233,2,231,187,0,37,0,7,0,0,62,0,295,194,37,295,135553.97,1380.59,92,42,25,15,4,53,0,0,187,0,44,0
423697,35,-0.09,-0.04,-0.55,-0.45,2,0.2,0.1,0.15,40,78.45,295,233,1,232,180,46,3,1,2,0,0,62,0,295,182,50,295,106467.61,1091.08,96,51,30,24,5,13,4,9,180,46,5,1
423698,35,-0.09,-0.04,-0.55,-0.45,2,0.2,0.1,0.15,40,61.67,292,230,3,227,0,62,20,5,32,108,0,62,3,295,140,87,295,202021.88,2072.08,4,11,6,13,6,10,11,166,0,62,52,113
423699,35,-0.09,-0.04,-0.55,-0.45,2,0.2,0.1,0.15,40,84.85,295,233,2,231,192,0,27,8,2,2,0,62,0,295,196,35,295,132137.01,1347.99,92,42,25,15,4,9,3,41,192,0,29,10
423700,35,-0.09,-0.04,-0.55,-0.45,2,0.2,0.1,0.15,50,77.59,295,233,1,232,180,47,0,5,0,0,0,62,0,295,180,52,295,104716.02,1073.37,96,51,30,24,5,13,4,9,180,47,0,5
423701,35,-0.09,-0.04,-0.55,-0.45,2,0.2,0.1,0.15,50,60.79,292,230,3,227,0,66,0,23,0,138,0,62,3,295,138,89,295,195645.4,2005.88,4,11,6,13,6,10,11,166,0,66,0,161
423702,35,-0.09,-0.04,-0.55,-0.45,2,0.2,0.1,0.15,50,83.98,295,233,2,231,192,0,0,37,0,2,0,62,0,295,194,37,295,126417.58,1290.03,92,42,25,15,4,9,3,41,192,0,0,39
423703,35,-0.09,-0.04,-0.55,-0.45,2,0.2,0.1,0.15,60,77.59,295,233,1,232,180,47,0,5,0,0,0,62,0,295,180,52,295,104716.02,1073.37,96,51,30,24,5,13,4,9,180,47,0,5
423704,35,-0.09,-0.04,-0.55,-0.45,2,0.2,0.1,0.15,60,60.79,292,230,3,227,0,66,0,23,0,138,0,62,3,295,138,89,295,195645.4,2005.88,4,11,6,13,6,10,11,166,0,66,0,161
423705,35,-0.09,-0.04,-0.55,-0.45,2,0.2,0.1,0.15,60,83.98,295,233,2,231,192,0,0,37,0,2,0,62,0,295,194,37,295,126417.58,1290.03,92,42,25,15,4,9,3,41,192,0,0,39
423706,35,-0.09,-0.04,-0.55,-0.45,2,0.2,0.2,0.15,20,71.43,295,233,2,231,100,34,32,0,65,0,0,62,0,295,165,66,295,188531.28,1926.52,22,46,42,121,0,0,0,0,100,34,97,0
423707,35,-0.09,-0.04,-0.55,-0.45,2,0.2,0.2,0.15,20,70.56,295,233,2,231,0,34,34,0,163,0,0,62,0,295,163,68,295,225302.59,2299.24,4,11,6,210,0,0,0,0,0,34,197,0
423708,35,-0.09,-0.04,-0.55,-0.45,2,0.2,0.2,0.15,20,74.46,295,233,2,231,103,0,59,0,69,0,0,62,0,295,172,59,295,213719.83,2178.59,18,35,36,142,0,0,0,0,103,0,128,0
423709,35,-0.09,-0.04,-0.55,-0.45,2,0.2,0.2,0.15,30,70.56,295,233,2,231,124,48,20,0,39,0,0,62,0,295,163,68,295,185861.75,1900.89,22,46,42,24,20,77,0,0,124,48,59,0
423710,35,-0.09,-0.04,-0.55,-0.45,2,0.2,0.2,0.15,30,67.25,294,232,3,229,0,50,25,0,154,0,0,62,1,295,154,75,295,208258.66,2131.07,4,11,6,13,6,189,0,0,0,50,179,0
423711,35,-0.09,-0.04,-0.55,-0.45,2,0.2,0.2,0.15,30,76.96,295,233,3,230,131,0,53,0,46,0,0,62,0,295,177,53,295,225333.04,2298.79,18,35,36,14,16,111,0,0,131,0,99,0
423712,35,-0.09,-0.04,-0.55,-0.45,2,0.2,0.2,0.15,40,67.53,295,233,2,231,135,58,13,4,9,12,0,62,0,295,156,75,295,184113.19,1886.76,22,46,42,24,20,18,15,44,135,58,22,16
423713,35,-0.09,-0.04,-0.55,-0.45,2,0.2,0.2,0.15,40,61.67,292,230,3,227,0,62,20,5,32,108,0,62,3,295,140,87,295,202021.88,2072.08,4,11,6,13,6,10,11,166,0,62,52,113
423714,35,-0.09,-0.04,-0.55,-0.45,2,0.2,0.2,0.15,40,74.35,295,233,3,230,143,0,47,12,10,18,0,62,0,295,171,59,295,217368.57,2221.32,18,35,36,14,16,12,10,89,143,0,57,30
423715,35,-0.09,-0.04,-0.55,-0.45,2,0.2,0.2,0.15,50,66.67,295,233,2,231,135,60,0,17,0,19,0,62,0,295,154,77,295,180306.25,1848.46,22,46,42,24,20,18,15,44,135,60,0,36
423716,35,-0.09,-0.04,-0.55,-0.45,2,0.2,0.2,0.15,50,60.79,292,230,3,227,0,66,0,23,0,138,0,62,3,295,138,89,295,195645.4,2005.88,4,11,6,13,6,10,11,166,0,66,0,161
423717,35,-0.09,-0.04,-0.55,-0.45,2,0.2,0.2,0.15,50,73.48,295,233,3,230,143,0,0,61,0,26,0,62,0,295,169,61,295,207039.6,2116.92,18,35,36,14,16,12,10,89,143,0,0,87
423718,35,-0.09,-0.04,-0.55,-0.45,2,0.2,0.2,0.15,60,66.67,295,233,2,231,135,60,0,17,0,19,0,62,0,295,154,77,295,180306.25,1848.46,22,46,42,24,20,18,15,44,135,60,0,36
423719,35,-0.09,-0.04,-0.55,-0.45,2,0.2,0.2,0.15,60,60.79,292,230,3,227,0,66,0,23,0,138,0,62,3,295,138,89,295,195645.4,2005.88,4,11,6,13,6,10,11,166,0,66,0,161
423720,35,-0.09,-0.04,-0.55,-0.45,2,0.2,0.2,0.15,60,73.48,295,233,3,230,143,0,0,61,0,26,0,62,0,295,169,61,295,207039.6,2116.92,18,35,36,14,16,12,10,89,143,0,0,87
423721,35,-0.09,-0.04,-0.55,-0.4,1,0.1,0.1,0.15,20,75.63,434,359,2,357,247,51,36,0,23,0,0,75,0,434,270,87,434,154474.22,1583.95,144,75,43,95,0,0,0,0,247,51,59,0
423722,35,-0.09,-0.04,-0.55,-0.4,1,0.1,0.1,0.15,20,69.21,434,359,5,354,0,54,55,0,245,0,0,75,0,434,245,109,434,284792.37,2919.34,10,14,12,318,0,0,0,0,0,54,300,0
423723,35,-0.09,-0.04,-0.55,-0.4,1,0.1,0.1,0.15,20,78.99,434,359,2,357,259,0,75,0,23,0,0,75,0,434,282,75,434,184980.71,1892.43,134,63,35,125,0,0,0,0,259,0,98,0
423724,35,-0.09,-0.04,-0.55,-0.4,1,0.1,0.1,0.15,30,77.03,434,359,2,357,268,67,15,0,7,0,0,75,0,434,275,82,434,156613.76,1609.71,144,75,43,36,15,44,0,0,268,67,22,0
423725,35,-0.09,-0.04,-0.55,-0.4,1,0.1,0.1,0.15,30,66.1,433,358,7,351,0,79,40,0,232,0,0,75,1,434,232,119,434,270024.31,2780.06,10,14,12,18,13,284,0,0,0,79,272,0
423726,35,-0.09,-0.04,-0.55,-0.4,1,0.1,0.1,0.15,30,82.3,434,359,3,356,285,0,63,0,8,0,0,75,0,434,293,63,434,200543.55,2056.28,134,63,35,27,10,87,0,0,285,0,71,0
423727,35,-0.09,-0.04,-0.55,-0.4,1,0.1,0.1,0.15,40,77.25,434,359,3,356,273,71,8,2,2,0,0,75,0,434,275,81,434,155689.26,1603.58,144,75,43,36,15,22,4,17,273,71,10,2
423728,35,-0.09,-0.04,-0.55,-0.4,1,0.1,0.1,0.15,40,59.65,431,356,9,347,0,93,36,11,48,159,0,75,3,434,207,140,434,259150.39,2669.95,10,14,12,18,13,12,13,255,0,93,84,170
423729,35,-0.09,-0.04,-0.55,-0.4,1,0.1,0.1,0.15,40,83.66,434,359,4,355,293,0,41,17,2,2,0,75,0,434,297,58,434,196355.8,2016.12,134,63,35,27,10,16,3,67,293,0,43,19
423730,35,-0.09,-0.04,-0.55,-0.4,1,0.1,0.1,0.15,50,76.69,434,359,3,356,273,72,0,11,0,0,0,75,0,434,273,83,434,153477.86,1581.18,144,75,43,36,15,22,4,17,273,72,0,11
423731,35,-0.09,-0.04,-0.55,-0.4,1,0.1,0.1,0.15,50,58.5,431,356,9,347,0,98,0,46,0,203,0,75,3,434,203,144,434,248056.32,2553.5,10,14,12,18,13,12,13,255,0,98,0,249
423732,35,-0.09,-0.04,-0.55,-0.4,1,0.1,0.1,0.15,50,83.1,434,359,4,355,293,0,0,60,0,2,0,75,0,434,295,60,434,190198.39,1954.03,134,63,35,27,10,16,3,67,293,0,0,62
423733,35,-0.09,-0.04,-0.55,-0.4,1,0.1,0.1,0.15,60,76.69,434,359,3,356,273,72,0,11,0,0,0,75,0,434,273,83,434,153477.86,1581.18,144,75,43,36,15,22,4,17,273,72,0,11
423734,35,-0.09,-0.04,-0.55,-0.4,1,0.1,0.1,0.15,60,58.5,431,356,9,347,0,98,0,46,0,203,0,75,3,434,203,144,434,248056.32,2553.5,10,14,12,18,13,12,13,255,0,98,0,249
423735,35,-0.09,-0.04,-0.55,-0.4,1,0.1,0.1,0.15,60,83.1,434,359,4,355,293,0,0,60,0,2,0,75,0,434,295,60,434,190198.39,1954.03,134,63,35,27,10,16,3,67,293,0,0,62
423736,35,-0.09,-0.04,-0.55,-0.4,1,0.1,0.2,0.15,20,69.86,434,359,4,355,134,54,53,0,114,0,0,75,0,434,248,107,434,249806.05,2566.35,30,62,61,202,0,0,0,0,134,54,167,0
423737,35,-0.09,-0.04,-0.55,-0.4,1,0.1,0.2,0.15,20,69.21,434,359,5,354,0,54,55,0,245,0,0,75,0,434,245,109,434,284792.37,2919.34,10,14,12,318,0,0,0,0,0,54,300,0
423738,35,-0.09,-0.04,-0.55,-0.4,1,0.1,0.2,0.15,20,73.8,434,359,4,355,140,0,93,0,122,0,0,75,0,434,262,93,434,291502.36,2989.88,20,48,49,238,0,0,0,0,140,0,215,0
423739,35,-0.09,-0.04,-0.55,-0.4,1,0.1,0.2,0.15,30,68.64,434,359,5,354,174,77,34,0,69,0,0,75,0,434,243,111,434,254304.29,2618.07,30,62,61,35,35,131,0,0,174,77,103,0
423740,35,-0.09,-0.04,-0.55,-0.4,1,0.1,0.2,0.15,30,66.1,433,358,7,351,0,79,40,0,232,0,0,75,1,434,232,119,434,270024.31,2780.06,10,14,12,18,13,284,0,0,0,79,272,0
423741,35,-0.09,-0.04,-0.55,-0.4,1,0.1,0.2,0.15,30,75.07,434,359,6,353,186,0,88,0,79,0,0,75,0,434,265,88,434,315737.13,3243.99,20,48,49,23,26,187,0,0,186,0,167,0
423742,35,-0.09,-0.04,-0.55,-0.4,1,0.1,0.2,0.15,40,64.49,434,359,7,352,190,88,27,10,15,22,0,75,0,434,227,125,434,247324.89,2550.2,30,62,61,35,35,28,19,82,190,88,42,32
423743,35,-0.09,-0.04,-0.55,-0.4,1,0.1,0.2,0.15,40,59.65,431,356,9,347,0,93,36,11,48,159,0,75,3,434,207,140,434,259150.39,2669.95,10,14,12,18,13,12,13,255,0,93,84,170
423744,35,-0.09,-0.04,-0.55,-0.4,1,0.1,0.2,0.15,40,71.79,434,359,8,351,204,0,72,27,17,31,0,75,0,434,252,99,434,303912.81,3126.87,20,48,49,23,26,20,14,151,204,0,89,58
423745,35,-0.09,-0.04,-0.55,-0.4,1,0.1,0.2,0.15,50,63.64,434,359,7,352,190,91,0,37,0,34,0,75,0,434,224,128,434,240198.53,2477.29,30,62,61,35,35,28,19,82,190,91,0,71
423746,35,-0.09,-0.04,-0.55,-0.4,1,0.1,0.2,0.15,50,58.5,431,356,9,347,0,98,0,46,0,203,0,75,3,434,203,144,434,248056.32,2553.5,10,14,12,18,13,12,13,255,0,98,0,249
423747,35,-0.09,-0.04,-0.55,-0.4,1,0.1,0.2,0.15,50,70.66,434,359,8,351,204,0,0,103,0,44,0,75,0,434,248,103,434,288506.83,2970.5,20,48,49,23,26,20,14,151,204,0,0,147
423748,35,-0.09,-0.04,-0.55,-0.4,1,0.1,0.2,0.15,60,63.64,434,359,7,352,190,91,0,37,0,34,0,75,0,434,224,128,434,240198.53,2477.29,30,62,61,35,35,28,19,82,190,91,0,71
423749,35,-0.09,-0.04,-0.55,-0.4,1,0.1,0.2,0.15,60,58.5,431,356,9,347,0,98,0,46,0,203,0,75,3,434,203,144,434,248056.32,2553.5,10,14,12,18,13,12,13,255,0,98,0,249
423750,35,-0.09,-0.04,-0.55,-0.4,1,0.1,0.2,0.15,60,70.66,434,359,8,351,204,0,0,103,0,44,0,75,0,434,248,103,434,288506.83,2970.5,20,48,49,23,26,20,14,151,204,0,0,147
423751,35,-0.09,-0.04,-0.55,-0.4,1,0.2,0.1,0.15,20,75.63,434,359,2,357,247,51,36,0,23,0,0,75,0,434,270,87,434,154474.22,1583.95,144,75,43,95,0,0,0,0,247,51,59,0
423752,35,-0.09,-0.04,-0.55,-0.4,1,0.2,0.1,0.15,20,69.21,434,359,5,354,0,54,55,0,245,0,0,75,0,434,245,109,434,284792.37,2919.34,10,14,12,318,0,0,0,0,0,54,300,0
423753,35,-0.09,-0.04,-0.55,-0.4,1,0.2,0.1,0.15,20,78.99,434,359,2,357,259,0,75,0,23,0,0,75,0,434,282,75,434,184980.71,1892.43,134,63,35,125,0,0,0,0,259,0,98,0
423754,35,-0.09,-0.04,-0.55,-0.4,1,0.2,0.1,0.15,30,77.03,434,359,2,357,268,67,15,0,7,0,0,75,0,434,275,82,434,156613.76,1609.71,144,75,43,36,15,44,0,0,268,67,22,0
423755,35,-0.09,-0.04,-0.55,-0.4,1,0.2,0.1,0.15,30,66.1,433,358,7,351,0,79,40,0,232,0,0,75,1,434,232,119,434,270024.31,2780.06,10,14,12,18,13,284,0,0,0,79,272,0
423756,35,-0.09,-0.04,-0.55,-0.4,1,0.2,0.1,0.15,30,82.3,434,359,3,356,285,0,63,0,8,0,0,75,0,434,293,63,434,200543.55,2056.28,134,63,35,27,10,87,0,0,285,0,71,0
423757,35,-0.09,-0.04,-0.55,-0.4,1,0.2,0.1,0.15,40,77.25,434,359,3,356,273,71,8,2,2,0,0,75,0,434,275,81,434,155689.26,1603.58,144,75,43,36,15,22,4,17,273,71,10,2
423758,35,-0.09,-0.04,-0.55,-0.4,1,0.2,0.1,0.15,40,59.65,431,356,9,347,0,93,36,11,48,159,0,75,3,434,207,140,434,259150.39,2669.95,10,14,12,18,13,12,13,255,0,93,84,170
423759,35,-0.09,-0.04,-0.55,-0.4,1,0.2,0.1,0.15,40,83.66,434,359,4,355,293,0,41,17,2,2,0,75,0,434,297,58,434,196355.8,2016.12,134,63,35,27,10,16,3,67,293,0,43,19
423760,35,-0.09,-0.04,-0.55,-0.4,1,0.2,0.1,0.15,50,76.69,434,359,3,356,273,72,0,11,0,0,0,75,0,434,273,83,434,153477.86,1581.18,144,75,43,36,15,22,4,17,273,72,0,11
423761,35,-0.09,-0.04,-0.55,-0.4,1,0.2,0.1,0.15,50,58.5,431,356,9,347,0,98,0,46,0,203,0,75,3,434,203,144,434,248056.32,2553.5,10,14,12,18,13,12,13,255,0,98,0,249
423762,35,-0.09,-0.04,-0.55,-0.4,1,0.2,0.1,0.15,50,83.1,434,359,4,355,293,0,0,60,0,2,0,75,0,434,295,60,434,190198.39,1954.03,134,63,35,27,10,16,3,67,293,0,0,62
423763,35,-0.09,-0.04,-0.55,-0.4,1,0.2,0.1,0.15,60,76.69,434,359,3,356,273,72,0,11,0,0,0,75,0,434,273,83,434,153477.86,1581.18,144,75,43,36,15,22,4,17,273,72,0,11
423764,35,-0.09,-0.04,-0.55,-0.4,1,0.2,0.1,0.15,60,58.5,431,356,9,347,0,98,0,46,0,203,0,75,3,434,203,144,434,248056.32,2553.5,10,14,12,18,13,12,13,255,0,98,0,249
423765,35,-0.09,-0.04,-0.55,-0.4,1,0.2,0.1,0.15,60,83.1,434,359,4,355,293,0,0,60,0,2,0,75,0,434,295,60,434,190198.39,1954.03,134,63,35,27,10,16,3,67,293,0,0,62
423766,35,-0.09,-0.04,-0.55,-0.4,1,0.2,0.2,0.15,20,69.86,434,359,4,355,134,54,53,0,114,0,0,75,0,434,248,107,434,249806.05,2566.35,30,62,61,202,0,0,0,0,134,54,167,0
423767,35,-0.09,-0.04,-0.55,-0.4,1,0.2,0.2,0.15,20,69.21,434,359,5,354,0,54,55,0,245,0,0,75,0,434,245,109,434,284792.37,2919.34,10,14,12,318,0,0,0,0,0,54,300,0
423768,35,-0.09,-0.04,-0.55,-0.4,1,0.2,0.2,0.15,20,73.8,434,359,4,355,140,0,93,0,122,0,0,75,0,434,262,93,434,291502.36,2989.88,20,48,49,238,0,0,0,0,140,0,215,0
423769,35,-0.09,-0.04,-0.55,-0.4,1,0.2,0.2,0.15,30,68.64,434,359,5,354,174,77,34,0,69,0,0,75,0,434,243,111,434,254304.29,2618.07,30,62,61,35,35,131,0,0,174,77,103,0
423770,35,-0.09,-0.04,-0.55,-0.4,1,0.2,0.2,0.15,30,66.1,433,358,7,351,0,79,40,0,232,0,0,75,1,434,232,119,434,270024.31,2780.06,10,14,12,18,13,284,0,0,0,79,272,0
423771,35,-0.09,-0.04,-0.55,-0.4,1,0.2,0.2,0.15,30,75.07,434,359,6,353,186,0,88,0,79,0,0,75,0,434,265,88,434,315737.13,3243.99,20,48,49,23,26,187,0,0,186,0,167,0
423772,35,-0.09,-0.04,-0.55,-0.4,1,0.2,0.2,0.15,40,64.49,434,359,7,352,190,88,27,10,15,22,0,75,0,434,227,125,434,247324.89,2550.2,30,62,61,35,35,28,19,82,190,88,42,32
423773,35,-0.09,-0.04,-0.55,-0.4,1,0.2,0.2,0.15,40,59.65,431,356,9,347,0,93,36,11,48,159,0,75,3,434,207,140,434,259150.39,2669.95,10,14,12,18,13,12,13,255,0,93,84,170
423774,35,-0.09,-0.04,-0.55,-0.4,1,0.2,0.2,0.15,40,71.79,434,359,8,351,204,0,72,27,17,31,0,75,0,434,252,99,434,303912.81,3126.87,20,48,49,23,26,20,14,151,204,0,89,58
423775,35,-0.09,-0.04,-0.55,-0.4,1,0.2,0.2,0.15,50,63.64,434,359,7,352,190,91,0,37,0,34,0,75,0,434,224,128,434,240198.53,2477.29,30,62,61,35,35,28,19,82,190,91,0,71
423776,35,-0.09,-0.04,-0.55,-0.4,1,0.2,0.2,0.15,50,58.5,431,356,9,347,0,98,0,46,0,203,0,75,3,434,203,144,434,248056.32,2553.5,10,14,12,18,13,12,13,255,0,98,0,249
423777,35,-0.09,-0.04,-0.55,-0.4,1,0.2,0.2,0.15,50,70.66,434,359,8,351,204,0,0,103,0,44,0,75,0,434,248,103,434,288506.83,2970.5,20,48,49,23,26,20,14,151,204,0,0,147
423778,35,-0.09,-0.04,-0.55,-0.4,1,0.2,0.2,0.15,60,63.64,434,359,7,352,190,91,0,37,0,34,0,75,0,434,224,128,434,240198.53,2477.29,30,62,61,35,35,28,19,82,190,91,0,71
423779,35,-0.09,-0.04,-0.55,-0.4,1,0.2,0.2,0.15,60,58.5,431,356,9,347,0,98,0,46,0,203,0,75,3,434,203,144,434,248056.32,2553.5,10,14,12,18,13,12,13,255,0,98,0,249
423780,35,-0.09,-0.04,-0.55,-0.4,1,0.2,0.2,0.15,60,70.66,434,359,8,351,204,0,0,103,0,44,0,75,0,434,248,103,434,288506.83,2970.5,20,48,49,23,26,20,14,151,204,0,0,147
423781,35,-0.09,-0.04,-0.55,-0.4,2,0.1,0.1,0.15,20,78.43,434,359,2,357,257,51,26,0,23,0,0,75,0,434,280,77,434,183149.55,1978.06,150,77,50,80,0,0,0,0,257,51,49,0
423782,35,-0.09,-0.04,-0.55,-0.4,2,0.1,0.1,0.15,20,72.32,434,359,5,354,0,54,44,0,256,0,0,75,0,434,256,98,434,356637.72,3461.12,10,14,12,318,0,0,0,0,0,54,300,0
423783,35,-0.09,-0.04,-0.55,-0.4,2,0.1,0.1,0.15,20,82.91,434,359,2,357,269,0,61,0,27,0,0,75,0,434,296,61,434,228667.1,2272.68,140,66,44,107,0,0,0,0,269,0,88,0
423784,35,-0.09,-0.04,-0.55,-0.4,2,0.1,0.1,0.15,30,78.99,434,359,2,357,275,64,11,0,7,0,0,75,0,434,282,75,434,184303.91,2015.36,150,77,50,31,16,33,0,0,275,64,18,0
423785,35,-0.09,-0.04,-0.55,-0.4,2,0.1,0.1,0.15,30,66.95,433,358,7,351,0,79,37,0,235,0,0,75,1,434,235,116,434,342988.53,3412.68,10,14,12,18,13,284,0,0,0,79,272,0
423786,35,-0.09,-0.04,-0.55,-0.4,2,0.1,0.1,0.15,30,86.24,434,359,3,356,296,0,49,0,11,0,0,75,0,434,307,49,434,250505.64,2432.1,140,66,44,19,17,70,0,0,296,0,60,0
423787,35,-0.09,-0.04,-0.55,-0.4,2,0.1,0.1,0.15,40,79.49,434,359,3,356,281,67,6,0,2,0,0,75,0,434,283,73,434,183957.67,2031.17,150,77,50,31,16,15,4,13,281,67,8,0
423788,35,-0.09,-0.04,-0.55,-0.4,2,0.1,0.1,0.15,40,61.38,431,356,9,347,0,93,32,9,52,161,0,75,3,434,213,134,434,320378.92,3351.78,10,14,12,18,13,12,13,255,0,93,84,170
423789,35,-0.09,-0.04,-0.55,-0.4,2,0.1,0.1,0.15,40,87.89,434,359,4,355,305,0,31,12,3,4,0,75,0,434,312,43,434,251084.85,2452.03,140,66,44,19,17,10,5,54,305,0,34,16
423790,35,-0.09,-0.04,-0.55,-0.4,2,0.1,0.1,0.15,50,78.93,434,359,3,356,281,68,0,7,0,0,0,75,0,434,281,75,434,181618.31,2012.29,150,77,50,31,16,15,4,13,281,68,0,7
423791,35,-0.09,-0.04,-0.55,-0.4,2,0.1,0.1,0.15,50,59.94,431,356,9,347,0,98,0,41,0,208,0,75,3,434,208,139,434,304930.37,3233.1,10,14,12,18,13,12,13,255,0,98,0,249
423792,35,-0.09,-0.04,-0.55,-0.4,2,0.1,0.1,0.15,50,87.61,434,359,4,355,305,0,0,44,0,6,0,75,0,434,311,44,434,242453.75,2401.97,140,66,44,19,17,10,5,54,305,0,0,50
423793,35,-0.09,-0.04,-0.55,-0.4,2,0.1,0.1,0.15,60,78.93,434,359,3,356,281,68,0,7,0,0,0,75,0,434,281,75,434,181618.31,2012.29,150,77,50,31,16,15,4,13,281,68,0,7
423794,35,-0.09,-0.04,-0.55,-0.4,2,0.1,0.1,0.15,60,59.94,431,356,9,347,0,98,0,41,0,208,0,75,3,434,208,139,434,304930.37,3233.1,10,14,12,18,13,12,13,255,0,98,0,249
423795,35,-0.09,-0.04,-0.55,-0.4,2,0.1,0.1,0.15,60,87.61,434,359,4,355,305,0,0,44,0,6,0,75,0,434,311,44,434,242453.75,2401.97,140,66,44,19,17,10,5,54,305,0,0,50
423796,35,-0.09,-0.04,-0.55,-0.4,2,0.1,0.2,0.15,20,72.96,434,359,4,355,146,54,42,0,113,0,0,75,0,434,259,96,434,308361.55,3062.12,30,67,62,196,0,0,0,0,146,54,155,0
423797,35,-0.09,-0.04,-0.55,-0.4,2,0.1,0.2,0.15,20,72.32,434,359,5,354,0,54,44,0,256,0,0,75,0,434,256,98,434,356637.72,3461.12,10,14,12,318,0,0,0,0,0,54,300,0
423798,35,-0.09,-0.04,-0.55,-0.4,2,0.1,0.2,0.15,20,78.03,434,359,4,355,155,0,78,0,122,0,0,75,0,434,277,78,434,383045.52,3521.31,20,53,52,230,0,0,0,0,155,0,200,0
423799,35,-0.09,-0.04,-0.55,-0.4,2,0.1,0.2,0.15,30,69.49,434,359,5,354,183,77,31,0,63,0,0,75,0,434,246,108,434,318055.41,3178.11,30,67,62,41,33,121,0,0,183,77,94,0
423800,35,-0.09,-0.04,-0.55,-0.4,2,0.1,0.2,0.15,30,66.95,433,358,7,351,0,79,37,0,235,0,0,75,1,434,235,116,434,342988.53,3412.68,10,14,12,18,13,284,0,0,0,79,272,0
423801,35,-0.09,-0.04,-0.55,-0.4,2,0.1,0.2,0.15,30,77.9,434,359,6,353,199,0,78,0,76,0,0,75,0,434,275,78,434,426278.74,3839.3,20,53,52,30,24,174,0,0,199,0,154,0
423802,35,-0.09,-0.04,-0.55,-0.4,2,0.1,0.2,0.15,40,66.48,434,359,7,352,199,88,22,8,16,19,0,75,0,434,234,118,434,304236.06,3147.08,30,67,62,41,33,27,20,72,199,88,38,27
423803,35,-0.09,-0.04,-0.55,-0.4,2,0.1,0.2,0.15,40,61.38,431,356,9,347,0,93,32,9,52,161,0,75,3,434,213,134,434,320378.92,3351.78,10,14,12,18,13,12,13,255,0,93,84,170
423804,35,-0.09,-0.04,-0.55,-0.4,2,0.1,0.2,0.15,40,74.93,434,359,8,351,218,0,65,23,19,26,0,75,0,434,263,88,434,401129.4,3758.54,20,53,52,30,24,20,14,138,218,0,84,49
423805,35,-0.09,-0.04,-0.55,-0.4,2,0.1,0.2,0.15,50,65.62,434,359,7,352,199,91,0,30,0,32,0,75,0,434,231,121,434,295661.7,3085.68,30,67,62,41,33,27,20,72,199,91,0,62
423806,35,-0.09,-0.04,-0.55,-0.4,2,0.1,0.2,0.15,50,59.94,431,356,9,347,0,98,0,41,0,208,0,75,3,434,208,139,434,304930.37,3233.1,10,14,12,18,13,12,13,255,0,98,0,249
423807,35,-0.09,-0.04,-0.55,-0.4,2,0.1,0.2,0.15,50,74.36,434,359,8,351,218,0,0,90,0,43,0,75,0,434,261,90,434,376466.8,3616.63,20,53,52,30,24,20,14,138,218,0,0,133
423808,35,-0.09,-0.04,-0.55,-0.4,2,0.1,0.2,0.15,60,65.62,434,359,7,352,199,91,0,30,0,32,0,75,0,434,231,121,434,295661.7,3085.68,30,67,62,41,33,27,20,72,199,91,0,62
423809,35,-0.09,-0.04,-0.55,-0.4,2,0.1,0.2,0.15,60,59.94,431,356,9,347,0,98,0,41,0,208,0,75,3,434,208,139,434,304930.37,3233.1,10,14,12,18,13,12,13,255,0,98,0,249
423810,35,-0.09,-0.04,-0.55,-0.4,2,0.1,0.2,0.15,60,74.36,434,359,8,351,218,0,0,90,0,43,0,75,0,434,261,90,434,376466.8,3616.63,20,53,52,30,24,20,14,138,218,0,0,133
423811,35,-0.09,-0.04,-0.55,-0.4,2,0.2,0.1,0.15,20,75.63,434,359,2,357,247,51,36,0,23,0,0,75,0,434,270,87,434,154474.22,1583.95,144,75,43,95,0,0,0,0,247,51,59,0
423812,35,-0.09,-0.04,-0.55,-0.4,2,0.2,0.1,0.15,20,69.21,434,359,5,354,0,54,55,0,245,0,0,75,0,434,245,109,434,284792.37,2919.34,10,14,12,318,0,0,0,0,0,54,300,0
423813,35,-0.09,-0.04,-0.55,-0.4,2,0.2,0.1,0.15,20,78.99,434,359,2,357,259,0,75,0,23,0,0,75,0,434,282,75,434,184980.71,1892.43,134,63,35,125,0,0,0,0,259,0,98,0
423814,35,-0.09,-0.04,-0.55,-0.4,2,0.2,0.1,0.15,30,77.03,434,359,2,357,268,67,15,0,7,0,0,75,0,434,275,82,434,156613.76,1609.71,144,75,43,36,15,44,0,0,268,67,22,0
423815,35,-0.09,-0.04,-0.55,-0.4,2,0.2,0.1,0.15,30,66.1,433,358,7,351,0,79,40,0,232,0,0,75,1,434,232,119,434,270024.31,2780.06,10,14,12,18,13,284,0,0,0,79,272,0
423816,35,-0.09,-0.04,-0.55,-0.4,2,0.2,0.1,0.15,30,82.3,434,359,3,356,285,0,63,0,8,0,0,75,0,434,293,63,434,200543.55,2056.28,134,63,35,27,10,87,0,0,285,0,71,0
423817,35,-0.09,-0.04,-0.55,-0.4,2,0.2,0.1,0.15,40,77.25,434,359,3,356,273,71,8,2,2,0,0,75,0,434,275,81,434,155689.26,1603.58,144,75,43,36,15,22,4,17,273,71,10,2
423818,35,-0.09,-0.04,-0.55,-0.4,2,0.2,0.1,0.15,40,59.65,431,356,9,347,0,93,36,11,48,159,0,75,3,434,207,140,434,259150.39,2669.95,10,14,12,18,13,12,13,255,0,93,84,170
423819,35,-0.09,-0.04,-0.55,-0.4,2,0.2,0.1,0.15,40,83.66,434,359,4,355,293,0,41,17,2,2,0,75,0,434,297,58,434,196355.8,2016.12,134,63,35,27,10,16,3,67,293,0,43,19
423820,35,-0.09,-0.04,-0.55,-0.4,2,0.2,0.1,0.15,50,76.69,434,359,3,356,273,72,0,11,0,0,0,75,0,434,273,83,434,153477.86,1581.18,144,75,43,36,15,22,4,17,273,72,0,11
423821,35,-0.09,-0.04,-0.55,-0.4,2,0.2,0.1,0.15,50,58.5,431,356,9,347,0,98,0,46,0,203,0,75,3,434,203,144,434,248056.32,2553.5,10,14,12,18,13,12,13,255,0,98,0,249
423822,35,-0.09,-0.04,-0.55,-0.4,2,0.2,0.1,0.15,50,83.1,434,359,4,355,293,0,0,60,0,2,0,75,0,434,295,60,434,190198.39,1954.03,134,63,35,27,10,16,3,67,293,0,0,62
423823,35,-0.09,-0.04,-0.55,-0.4,2,0.2,0.1,0.15,60,76.69,434,359,3,356,273,72,0,11,0,0,0,75,0,434,273,83,434,153477.86,1581.18,144,75,43,36,15,22,4,17,273,72,0,11
423824,35,-0.09,-0.04,-0.55,-0.4,2,0.2,0.1,0.15,60,58.5,431,356,9,347,0,98,0,46,0,203,0,75,3,434,203,144,434,248056.32,2553.5,10,14,12,18,13,12,13,255,0,98,0,249
423825,35,-0.09,-0.04,-0.55,-0.4,2,0.2,0.1,0.15,60,83.1,434,359,4,355,293,0,0,60,0,2,0,75,0,434,295,60,434,190198.39,1954.03,134,63,35,27,10,16,3,67,293,0,0,62
423826,35,-0.09,-0.04,-0.55,-0.4,2,0.2,0.2,0.15,20,69.86,434,359,4,355,134,54,53,0,114,0,0,75,0,434,248,107,434,249806.05,2566.35,30,62,61,202,0,0,0,0,134,54,167,0
423827,35,-0.09,-0.04,-0.55,-0.4,2,0.2,0.2,0.15,20,69.21,434,359,5,354,0,54,55,0,245,0,0,75,0,434,245,109,434,284792.37,2919.34,10,14,12,318,0,0,0,0,0,54,300,0
423828,35,-0.09,-0.04,-0.55,-0.4,2,0.2,0.2,0.15,20,73.8,434,359,4,355,140,0,93,0,122,0,0,75,0,434,262,93,434,291502.36,2989.88,20,48,49,238,0,0,0,0,140,0,215,0
423829,35,-0.09,-0.04,-0.55,-0.4,2,0.2,0.2,0.15,30,68.64,434,359,5,354,174,77,34,0,69,0,0,75,0,434,243,111,434,254304.29,2618.07,30,62,61,35,35,131,0,0,174,77,103,0
423830,35,-0.09,-0.04,-0.55,-0.4,2,0.2,0.2,0.15,30,66.1,433,358,7,351,0,79,40,0,232,0,0,75,1,434,232,119,434,270024.31,2780.06,10,14,12,18,13,284,0,0,0,79,272,0
423831,35,-0.09,-0.04,-0.55,-0.4,2,0.2,0.2,0.15,30,75.07,434,359,6,353,186,0,88,0,79,0,0,75,0,434,265,88,434,315737.13,3243.99,20,48,49,23,26,187,0,0,186,0,167,0
423832,35,-0.09,-0.04,-0.55,-0.4,2,0.2,0.2,0.15,40,64.49,434,359,7,352,190,88,27,10,15,22,0,75,0,434,227,125,434,247324.89,2550.2,30,62,61,35,35,28,19,82,190,88,42,32
423833,35,-0.09,-0.04,-0.55,-0.4,2,0.2,0.2,0.15,40,59.65,431,356,9,347,0,93,36,11,48,159,0,75,3,434,207,140,434,259150.39,2669.95,10,14,12,18,13,12,13,255,0,93,84,170
423834,35,-0.09,-0.04,-0.55,-0.4,2,0.2,0.2,0.15,40,71.79,434,359,8,351,204,0,72,27,17,31,0,75,0,434,252,99,434,303912.81,3126.87,20,48,49,23,26,20,14,151,204,0,89,58
423835,35,-0.09,-0.04,-0.55,-0.4,2,0.2,0.2,0.15,50,63.64,434,359,7,352,190,91,0,37,0,34,0,75,0,434,224,128,434,240198.53,2477.29,30,62,61,35,35,28,19,82,190,91,0,71
423836,35,-0.09,-0.04,-0.55,-0.4,2,0.2,0.2,0.15,50,58.5,431,356,9,347,0,98,0,46,0,203,0,75,3,434,203,144,434,248056.32,2553.5,10,14,12,18,13,12,13,255,0,98,0,249
423837,35,-0.09,-0.04,-0.55,-0.4,2,0.2,0.2,0.15,50,70.66,434,359,8,351,204,0,0,103,0,44,0,75,0,434,248,103,434,288506.83,2970.5,20,48,49,23,26,20,14,151,204,0,0,147
423838,35,-0.09,-0.04,-0.55,-0.4,2,0.2,0.2,0.15,60,63.64,434,359,7,352,190,91,0,37,0,34,0,75,0,434,224,128,434,240198.53,2477.29,30,62,61,35,35,28,19,82,190,91,0,71
423839,35,-0.09,-0.04,-0.55,-0.4,2,0.2,0.2,0.15,60,58.5,431,356,9,347,0,98,0,46,0,203,0,75,3,434,203,144,434,248056.32,2553.5,10,14,12,18,13,12,13,255,0,98,0,249
423840,35,-0.09,-0.04,-0.55,-0.4,2,0.2,0.2,0.15,60,70.66,434,359,8,351,204,0,0,103,0,44,0,75,0,434,248,103,434,288506.83,2970.5,20,48,49,23,26,20,14,151,204,0,0,147
423841,35,-0.09,-0.04,-0.55,-0.35,1,0.1,0.1,0.15,20,73.47,574,492,2,490,325,70,60,0,35,0,0,82,4,578,360,130,578,193162.92,1976.94,199,95,59,137,0,0,0,0,325,70,95,0
423842,35,-0.09,-0.04,-0.55,-0.35,1,0.1,0.1,0.15,20,66.74,574,492,5,487,0,75,87,0,325,0,0,82,4,578,325,162,578,339931.08,3487.82,16,19,17,435,0,0,0,0,0,75,412,0
423843,35,-0.09,-0.04,-0.55,-0.35,1,0.1,0.1,0.15,20,76.73,574,492,2,490,341,0,114,0,35,0,0,82,4,578,376,114,578,238791.21,2441.37,183,80,46,181,0,0,0,0,341,0,149,0
423844,35,-0.09,-0.04,-0.55,-0.35,1,0.1,0.1,0.15,30,74.49,574,492,2,490,355,95,30,0,10,0,0,82,4,578,365,125,578,191051.2,1959.95,199,95,59,42,23,72,0,0,355,95,40,0
423845,35,-0.09,-0.04,-0.55,-0.35,1,0.1,0.1,0.15,30,63.64,573,491,7,484,0,113,63,0,308,0,0,82,5,578,308,176,578,313927.39,3235.07,16,19,17,23,19,390,0,0,0,113,371,0
423846,35,-0.09,-0.04,-0.55,-0.35,1,0.1,0.1,0.15,30,79.55,574,492,3,489,377,0,100,0,12,0,0,82,4,578,389,100,578,256549.42,2629.13,183,80,46,32,16,132,0,0,377,0,112,0
423847,35,-0.09,-0.04,-0.55,-0.35,1,0.1,0.1,0.15,40,74.64,574,492,3,489,360,105,12,7,4,1,0,82,4,578,365,124,578,186390.28,1915.51,199,95,59,42,23,32,6,33,360,105,16,8
423848,35,-0.09,-0.04,-0.55,-0.35,1,0.1,0.1,0.15,40,58.54,571,489,9,480,0,135,45,19,72,209,0,82,7,578,281,199,578,295968.45,3049.41,16,19,17,23,19,19,18,349,0,135,117,228
423849,35,-0.09,-0.04,-0.55,-0.35,1,0.1,0.1,0.15,40,80.94,574,492,4,488,386,0,66,27,4,5,0,82,4,578,395,93,578,243023.8,2491.65,183,80,46,32,16,20,4,107,386,0,70,32
423850,35,-0.09,-0.04,-0.55,-0.35,1,0.1,0.1,0.15,50,74.03,574,492,3,489,360,106,0,21,0,2,0,82,4,578,362,127,578,184365.47,1894.93,199,95,59,42,23,32,6,33,360,106,0,23
423851,35,-0.09,-0.04,-0.55,-0.35,1,0.1,0.1,0.15,50,57.08,571,489,9,480,0,140,0,66,0,274,0,82,7,578,274,206,578,283522.94,2918.47,16,19,17,23,19,19,18,349,0,140,0,340
423852,35,-0.09,-0.04,-0.55,-0.35,1,0.1,0.1,0.15,50,80.53,574,492,4,488,386,0,0,95,0,7,0,82,4,578,393,95,578,238384.56,2445.94,183,80,46,32,16,20,4,107,386,0,0,102
423853,35,-0.09,-0.04,-0.55,-0.35,1,0.1,0.1,0.15,60,74.03,574,492,3,489,360,106,0,21,0,2,0,82,4,578,362,127,578,184365.47,1894.93,199,95,59,42,23,32,6,33,360,106,0,23
423854,35,-0.09,-0.04,-0.55,-0.35,1,0.1,0.1,0.15,60,57.08,571,489,9,480,0,140,0,66,0,274,0,82,7,578,274,206,578,283522.94,2918.47,16,19,17,23,19,19,18,349,0,140,0,340
423855,35,-0.09,-0.04,-0.55,-0.35,1,0.1,0.1,0.15,60,80.53,574,492,4,488,386,0,0,95,0,7,0,82,4,578,393,95,578,238384.56,2445.94,183,80,46,32,16,20,4,107,386,0,0,102
423856,35,-0.09,-0.04,-0.55,-0.35,1,0.1,0.2,0.15,20,67.21,574,492,4,488,166,75,85,0,162,0,0,82,4,578,328,160,578,305626.77,3138.89,45,73,78,292,0,0,0,0,166,75,247,0
423857,35,-0.09,-0.04,-0.55,-0.35,1,0.1,0.2,0.15,20,66.74,574,492,5,487,0,75,87,0,325,0,0,82,4,578,325,162,578,339931.08,3487.82,16,19,17,435,0,0,0,0,0,75,412,0
423858,35,-0.09,-0.04,-0.55,-0.35,1,0.1,0.2,0.15,20,70.9,574,492,4,488,173,0,142,0,173,0,0,82,4,578,346,142,578,365525.53,3750.0,29,54,61,344,0,0,0,0,173,0,315,0
423859,35,-0.09,-0.04,-0.55,-0.35,1,0.1,0.2,0.15,30,65.91,574,492,5,487,222,111,55,0,99,0,0,82,4,578,321,166,578,309016.61,3181.5,45,73,78,45,52,194,0,0,222,111,154,0
423860,35,-0.09,-0.04,-0.55,-0.35,1,0.1,0.2,0.15,30,63.64,573,491,7,484,0,113,63,0,308,0,0,82,5,578,308,176,578,313927.39,3235.07,16,19,17,23,19,390,0,0,0,113,371,0
423861,35,-0.09,-0.04,-0.55,-0.35,1,0.1,0.2,0.15,30,72.22,574,492,6,486,238,0,135,0,113,0,0,82,4,578,351,135,578,400352.99,4114.92,29,54,61,29,38,275,0,0,238,0,248,0
423862,35,-0.09,-0.04,-0.55,-0.35,1,0.1,0.2,0.15,40,62.27,574,492,7,485,243,130,35,18,23,36,0,82,4,578,302,183,578,297130.72,3062.44,45,73,78,45,52,40,26,126,243,130,58,54
423863,35,-0.09,-0.04,-0.55,-0.35,1,0.1,0.2,0.15,40,58.54,571,489,9,480,0,135,45,19,72,209,0,82,7,578,281,199,578,295968.45,3049.41,16,19,17,23,19,19,18,349,0,135,117,228
423864,35,-0.09,-0.04,-0.55,-0.35,1,0.1,0.2,0.15,40,69.63,574,492,8,484,262,0,107,40,25,50,0,82,4,578,337,147,578,374806.73,3855.36,29,54,61,29,38,27,19,227,262,0,132,90
423865,35,-0.09,-0.04,-0.55,-0.35,1,0.1,0.2,0.15,50,61.24,574,492,7,485,244,133,0,55,0,53,0,82,4,578,297,188,578,289625.12,2985.59,45,73,78,45,52,40,26,126,244,133,0,108
423866,35,-0.09,-0.04,-0.55,-0.35,1,0.1,0.2,0.15,50,57.08,571,489,9,480,0,140,0,66,0,274,0,82,7,578,274,206,578,283522.94,2918.47,16,19,17,23,19,19,18,349,0,140,0,340
423867,35,-0.09,-0.04,-0.55,-0.35,1,0.1,0.2,0.15,50,68.6,574,492,8,484,263,0,0,152,0,69,0,82,4,578,332,152,578,358938.56,3695.39,29,54,61,29,38,27,19,227,263,0,0,221
423868,35,-0.09,-0.04,-0.55,-0.35,1,0.1,0.2,0.15,60,61.24,574,492,7,485,244,133,0,55,0,53,0,82,4,578,297,188,578,289625.12,2985.59,45,73,78,45,52,40,26,126,244,133,0,108
423869,35,-0.09,-0.04,-0.55,-0.35,1,0.1,0.2,0.15,60,57.08,571,489,9,480,0,140,0,66,0,274,0,82,7,578,274,206,578,283522.94,2918.47,16,19,17,23,19,19,18,349,0,140,0,340
423870,35,-0.09,-0.04,-0.55,-0.35,1,0.1,0.2,0.15,60,68.6,574,492,8,484,263,0,0,152,0,69,0,82,4,578,332,152,578,358938.56,3695.39,29,54,61,29,38,27,19,227,263,0,0,221
423871,35,-0.09,-0.04,-0.55,-0.35,1,0.2,0.1,0.15,20,73.47,574,492,2,490,325,70,60,0,35,0,0,82,4,578,360,130,578,193162.92,1976.94,199,95,59,137,0,0,0,0,325,70,95,0
423872,35,-0.09,-0.04,-0.55,-0.35,1,0.2,0.1,0.15,20,66.74,574,492,5,487,0,75,87,0,325,0,0,82,4,578,325,162,578,339931.08,3487.82,16,19,17,435,0,0,0,0,0,75,412,0
423873,35,-0.09,-0.04,-0.55,-0.35,1,0.2,0.1,0.15,20,76.73,574,492,2,490,341,0,114,0,35,0,0,82,4,578,376,114,578,238791.21,2441.37,183,80,46,181,0,0,0,0,341,0,149,0
423874,35,-0.09,-0.04,-0.55,-0.35,1,0.2,0.1,0.15,30,74.49,574,492,2,490,355,95,30,0,10,0,0,82,4,578,365,125,578,191051.2,1959.95,199,95,59,42,23,72,0,0,355,95,40,0
423875,35,-0.09,-0.04,-0.55,-0.35,1,0.2,0.1,0.15,30,63.64,573,491,7,484,0,113,63,0,308,0,0,82,5,578,308,176,578,313927.39,3235.07,16,19,17,23,19,390,0,0,0,113,371,0
423876,35,-0.09,-0.04,-0.55,-0.35,1,0.2,0.1,0.15,30,79.55,574,492,3,489,377,0,100,0,12,0,0,82,4,578,389,100,578,256549.42,2629.13,183,80,46,32,16,132,0,0,377,0,112,0
423877,35,-0.09,-0.04,-0.55,-0.35,1,0.2,0.1,0.15,40,74.64,574,492,3,489,360,105,12,7,4,1,0,82,4,578,365,124,578,186390.28,1915.51,199,95,59,42,23,32,6,33,360,105,16,8
423878,35,-0.09,-0.04,-0.55,-0.35,1,0.2,0.1,0.15,40,58.54,571,489,9,480,0,135,45,19,72,209,0,82,7,578,281,199,578,295968.45,3049.41,16,19,17,23,19,19,18,349,0,135,117,228
423879,35,-0.09,-0.04,-0.55,-0.35,1,0.2,0.1,0.15,40,80.94,574,492,4,488,386,0,66,27,4,5,0,82,4,578,395,93,578,243023.8,2491.65,183,80,46,32,16,20,4,107,386,0,70,32
423880,35,-0.09,-0.04,-0.55,-0.35,1,0.2,0.1,0.15,50,74.03,574,492,3,489,360,106,0,21,0,2,0,82,4,578,362,127,578,184365.47,1894.93,199,95,59,42,23,32,6,33,360,106,0,23
423881,35,-0.09,-0.04,-0.55,-0.35,1,0.2,0.1,0.15,50,57.08,571,489,9,480,0,140,0,66,0,274,0,82,7,578,274,206,578,283522.94,2918.47,16,19,17,23,19,19,18,349,0,140,0,340
423882,35,-0.09,-0.04,-0.55,-0.35,1,0.2,0.1,0.15,50,80.53,574,492,4,488,386,0,0,95,0,7,0,82,4,578,393,95,578,238384.56,2445.94,183,80,46,32,16,20,4,107,386,0,0,102
423883,35,-0.09,-0.04,-0.55,-0.35,1,0.2,0.1,0.15,60,74.03,574,492,3,489,360,106,0,21,0,2,0,82,4,578,362,127,578,184365.47,1894.93,199,95,59,42,23,32,6,33,360,106,0,23
423884,35,-0.09,-0.04,-0.55,-0.35,1,0.2,0.1,0.15,60,57.08,571,489,9,480,0,140,0,66,0,274,0,82,7,578,274,206,578,283522.94,2918.47,16,19,17,23,19,19,18,349,0,140,0,340
423885,35,-0.09,-0.04,-0.55,-0.35,1,0.2,0.1,0.15,60,80.53,574,492,4,488,386,0,0,95,0,7,0,82,4,578,393,95,578,238384.56,2445.94,183,80,46,32,16,20,4,107,386,0,0,102
423886,35,-0.09,-0.04,-0.55,-0.35,1,0.2,0.2,0.15,20,67.21,574,492,4,488,166,75,85,0,162,0,0,82,4,578,328,160,578,305626.77,3138.89,45,73,78,292,0,0,0,0,166,75,247,0
423887,35,-0.09,-0.04,-0.55,-0.35,1,0.2,0.2,0.15,20,66.74,574,492,5,487,0,75,87,0,325,0,0,82,4,578,325,162,578,339931.08,3487.82,16,19,17,435,0,0,0,0,0,75,412,0
423888,35,-0.09,-0.04,-0.55,-0.35,1,0.2,0.2,0.15,20,70.9,574,492,4,488,173,0,142,0,173,0,0,82,4,578,346,142,578,365525.53,3750.0,29,54,61,344,0,0,0,0,173,0,315,0
423889,35,-0.09,-0.04,-0.55,-0.35,1,0.2,0.2,0.15,30,65.91,574,492,5,487,222,111,55,0,99,0,0,82,4,578,321,166,578,309016.61,3181.5,45,73,78,45,52,194,0,0,222,111,154,0
423890,35,-0.09,-0.04,-0.55,-0.35,1,0.2,0.2,0.15,30,63.64,573,491,7,484,0,113,63,0,308,0,0,82,5,578,308,176,578,313927.39,3235.07,16,19,17,23,19,390,0,0,0,113,371,0
423891,35,-0.09,-0.04,-0.55,-0.35,1,0.2,0.2,0.15,30,72.22,574,492,6,486,238,0,135,0,113,0,0,82,4,578,351,135,578,400352.99,4114.92,29,54,61,29,38,275,0,0,238,0,248,0
423892,35,-0.09,-0.04,-0.55,-0.35,1,0.2,0.2,0.15,40,62.27,574,492,7,485,243,130,35,18,23,36,0,82,4,578,302,183,578,297130.72,3062.44,45,73,78,45,52,40,26,126,243,130,58,54
423893,35,-0.09,-0.04,-0.55,-0.35,1,0.2,0.2,0.15,40,58.54,571,489,9,480,0,135,45,19,72,209,0,82,7,578,281,199,578,295968.45,3049.41,16,19,17,23,19,19,18,349,0,135,117,228
423894,35,-0.09,-0.04,-0.55,-0.35,1,0.2,0.2,0.15,40,69.63,574,492,8,484,262,0,107,40,25,50,0,82,4,578,337,147,578,374806.73,3855.36,29,54,61,29,38,27,19,227,262,0,132,90
423895,35,-0.09,-0.04,-0.55,-0.35,1,0.2,0.2,0.15,50,61.24,574,492,7,485,244,133,0,55,0,53,0,82,4,578,297,188,578,289625.12,2985.59,45,73,78,45,52,40,26,126,244,133,0,108
423896,35,-0.09,-0.04,-0.55,-0.35,1,0.2,0.2,0.15,50,57.08,571,489,9,480,0,140,0,66,0,274,0,82,7,578,274,206,578,283522.94,2918.47,16,19,17,23,19,19,18,349,0,140,0,340
423897,35,-0.09,-0.04,-0.55,-0.35,1,0.2,0.2,0.15,50,68.6,574,492,8,484,263,0,0,152,0,69,0,82,4,578,332,152,578,358938.56,3695.39,29,54,61,29,38,27,19,227,263,0,0,221
423898,35,-0.09,-0.04,-0.55,-0.35,1,0.2,0.2,0.15,60,61.24,574,492,7,485,244,133,0,55,0,53,0,82,4,578,297,188,578,289625.12,2985.59,45,73,78,45,52,40,26,126,244,133,0,108
423899,35,-0.09,-0.04,-0.55,-0.35,1,0.2,0.2,0.15,60,57.08,571,489,9,480,0,140,0,66,0,274,0,82,7,578,274,206,578,283522.94,2918.47,16,19,17,23,19,19,18,349,0,140,0,340
423900,35,-0.09,-0.04,-0.55,-0.35,1,0.2,0.2,0.15,60,68.6,574,492,8,484,263,0,0,152,0,69,0,82,4,578,332,152,578,358938.56,3695.39,29,54,61,29,38,27,19,227,263,0,0,221
423901,35,-0.09,-0.04,-0.55,-0.35,2,0.1,0.1,0.15,20,76.33,574,492,2,490,338,70,46,0,36,0,0,82,4,578,374,116,578,227141.3,2527.87,206,98,66,120,0,0,0,0,338,70,82,0
423902,35,-0.09,-0.04,-0.55,-0.35,2,0.1,0.1,0.15,20,70.43,574,492,5,487,0,75,69,0,343,0,0,82,4,578,343,144,578,424723.79,4235.63,16,19,17,435,0,0,0,0,0,75,412,0
423903,35,-0.09,-0.04,-0.55,-0.35,2,0.1,0.1,0.15,20,81.02,574,492,2,490,354,0,93,0,43,0,0,82,4,578,397,93,578,296914.77,2986.47,190,84,58,158,0,0,0,0,354,0,136,0
423904,35,-0.09,-0.04,-0.55,-0.35,2,0.1,0.1,0.15,30,76.33,574,492,2,490,365,92,24,0,9,0,0,82,4,578,374,116,578,220433.84,2549.27,206,98,66,38,27,55,0,0,365,92,33,0
423905,35,-0.09,-0.04,-0.55,-0.35,2,0.1,0.1,0.15,30,64.26,573,491,7,484,0,113,60,0,311,0,0,82,5,578,311,173,578,399854.71,4133.01,16,19,17,23,19,390,0,0,0,113,371,0
423906,35,-0.09,-0.04,-0.55,-0.35,2,0.1,0.1,0.15,30,84.25,574,492,3,489,394,0,77,0,18,0,0,82,4,578,412,77,578,326010.0,3208.26,190,84,58,22,28,107,0,0,394,0,95,0
423907,35,-0.09,-0.04,-0.55,-0.35,2,0.1,0.1,0.15,40,76.89,574,492,3,489,372,100,9,4,3,1,0,82,4,578,376,113,578,217291.63,2543.7,206,98,66,38,27,22,7,25,372,100,12,5
423908,35,-0.09,-0.04,-0.55,-0.35,2,0.1,0.1,0.15,40,60.42,571,489,9,480,0,135,40,15,77,213,0,82,7,578,290,190,578,366998.17,4009.93,16,19,17,23,19,19,18,349,0,135,117,228
423909,35,-0.09,-0.04,-0.55,-0.35,2,0.1,0.1,0.15,40,85.45,574,492,4,488,405,0,52,19,4,8,0,82,4,578,417,71,578,313271.93,3152.07,190,84,58,22,28,12,7,87,405,0,56,27
423910,35,-0.09,-0.04,-0.55,-0.35,2,0.1,0.1,0.15,50,76.28,574,492,3,489,372,101,0,15,0,1,0,82,4,578,373,116,578,214872.27,2526.94,206,98,66,38,27,22,7,25,372,101,0,16
423911,35,-0.09,-0.04,-0.55,-0.35,2,0.1,0.1,0.15,50,58.96,571,489,9,480,0,140,0,57,0,283,0,82,7,578,283,197,578,350501.28,3881.86,16,19,17,23,19,19,18,349,0,140,0,340
423912,35,-0.09,-0.04,-0.55,-0.35,2,0.1,0.1,0.15,50,85.04,574,492,4,488,405,0,0,73,0,10,0,82,4,578,415,73,578,304909.2,3105.52,190,84,58,22,28,12,7,87,405,0,0,83
423913,35,-0.09,-0.04,-0.55,-0.35,2,0.1,0.1,0.15,60,76.28,574,492,3,489,372,101,0,15,0,1,0,82,4,578,373,116,578,214872.27,2526.94,206,98,66,38,27,22,7,25,372,101,0,16
423914,35,-0.09,-0.04,-0.55,-0.35,2,0.1,0.1,0.15,60,58.96,571,489,9,480,0,140,0,57,0,283,0,82,7,578,283,197,578,350501.28,3881.86,16,19,17,23,19,19,18,349,0,140,0,340
423915,35,-0.09,-0.04,-0.55,-0.35,2,0.1,0.1,0.15,60,85.04,574,492,4,488,405,0,0,73,0,10,0,82,4,578,415,73,578,304909.2,3105.52,190,84,58,22,28,12,7,87,405,0,0,83
423916,35,-0.09,-0.04,-0.55,-0.35,2,0.1,0.2,0.15,20,70.9,574,492,4,488,179,75,67,0,167,0,0,82,4,578,346,142,578,375517.81,3830.15,45,80,78,285,0,0,0,0,179,75,234,0
423917,35,-0.09,-0.04,-0.55,-0.35,2,0.1,0.2,0.15,20,70.43,574,492,5,487,0,75,69,0,343,0,0,82,4,578,343,144,578,424723.79,4235.63,16,19,17,435,0,0,0,0,0,75,412,0
423918,35,-0.09,-0.04,-0.55,-0.35,2,0.1,0.2,0.15,20,76.23,574,492,4,488,190,0,116,0,182,0,0,82,4,578,372,116,578,484109.09,4502.95,29,61,64,334,0,0,0,0,190,0,298,0
423919,35,-0.09,-0.04,-0.55,-0.35,2,0.1,0.2,0.15,30,66.53,574,492,5,487,233,111,52,0,91,0,0,82,4,578,324,163,578,384525.15,3993.21,45,80,78,51,51,182,0,0,233,111,143,0
423920,35,-0.09,-0.04,-0.55,-0.35,2,0.1,0.2,0.15,30,64.26,573,491,7,484,0,113,60,0,311,0,0,82,5,578,311,173,578,399854.71,4133.01,16,19,17,23,19,390,0,0,0,113,371,0
423921,35,-0.09,-0.04,-0.55,-0.35,2,0.1,0.2,0.15,30,75.93,574,492,6,486,254,0,117,0,115,0,0,82,4,578,369,117,578,548114.42,4985.68,29,61,64,36,38,258,0,0,254,0,232,0
423922,35,-0.09,-0.04,-0.55,-0.35,2,0.1,0.2,0.15,40,64.33,574,492,7,485,255,130,29,14,25,32,0,82,4,578,312,173,578,361515.38,3908.27,45,80,78,51,51,39,27,114,255,130,54,46
423923,35,-0.09,-0.04,-0.55,-0.35,2,0.1,0.2,0.15,40,60.42,571,489,9,480,0,135,40,15,77,213,0,82,7,578,290,190,578,366998.17,4009.93,16,19,17,23,19,19,18,349,0,135,117,228
423924,35,-0.09,-0.04,-0.55,-0.35,2,0.1,0.2,0.15,40,72.93,574,492,8,484,280,0,99,32,28,45,0,82,4,578,353,131,578,495149.75,4754.07,29,61,64,36,38,26,19,211,280,0,127,77
423925,35,-0.09,-0.04,-0.55,-0.35,2,0.1,0.2,0.15,50,63.3,574,492,7,485,256,133,0,45,0,51,0,82,4,578,307,178,578,353297.43,3848.26,45,80,78,51,51,39,27,114,256,133,0,96
423926,35,-0.09,-0.04,-0.55,-0.35,2,0.1,0.2,0.15,50,58.96,571,489,9,480,0,140,0,57,0,283,0,82,7,578,283,197,578,350501.28,3881.86,16,19,17,23,19,19,18,349,0,140,0,340
423927,35,-0.09,-0.04,-0.55,-0.35,2,0.1,0.2,0.15,50,72.31,574,492,8,484,281,0,0,134,0,69,0,82,4,578,350,134,578,470742.05,4613.92,29,61,64,36,38,26,19,211,281,0,0,203
423928,35,-0.09,-0.04,-0.55,-0.35,2,0.1,0.2,0.15,60,63.3,574,492,7,485,256,133,0,45,0,51,0,82,4,578,307,178,578,353297.43,3848.26,45,80,78,51,51,39,27,114,256,133,0,96
423929,35,-0.09,-0.04,-0.55,-0.35,2,0.1,0.2,0.15,60,58.96,571,489,9,480,0,140,0,57,0,283,0,82,7,578,283,197,578,350501.28,3881.86,16,19,17,23,19,19,18,349,0,140,0,340
423930,35,-0.09,-0.04,-0.55,-0.35,2,0.1,0.2,0.15,60,72.31,574,492,8,484,281,0,0,134,0,69,0,82,4,578,350,134,578,470742.05,4613.92,29,61,64,36,38,26,19,211,281,0,0,203
423931,35,-0.09,-0.04,-0.55,-0.35,2,0.2,0.1,0.15,20,73.47,574,492,2,490,325,70,60,0,35,0,0,82,4,578,360,130,578,193162.92,1976.94,199,95,59,137,0,0,0,0,325,70,95,0
423932,35,-0.09,-0.04,-0.55,-0.35,2,0.2,0.1,0.15,20,66.74,574,492,5,487,0,75,87,0,325,0,0,82,4,578,325,162,578,339931.08,3487.82,16,19,17,435,0,0,0,0,0,75,412,0
423933,35,-0.09,-0.04,-0.55,-0.35,2,0.2,0.1,0.15,20,76.73,574,492,2,490,341,0,114,0,35,0,0,82,4,578,376,114,578,238791.21,2441.37,183,80,46,181,0,0,0,0,341,0,149,0
423934,35,-0.09,-0.04,-0.55,-0.35,2,0.2,0.1,0.15,30,74.49,574,492,2,490,355,95,30,0,10,0,0,82,4,578,365,125,578,191051.2,1959.95,199,95,59,42,23,72,0,0,355,95,40,0
423935,35,-0.09,-0.04,-0.55,-0.35,2,0.2,0.1,0.15,30,63.64,573,491,7,484,0,113,63,0,308,0,0,82,5,578,308,176,578,313927.39,3235.07,16,19,17,23,19,390,0,0,0,113,371,0
423936,35,-0.09,-0.04,-0.55,-0.35,2,0.2,0.1,0.15,30,79.55,574,492,3,489,377,0,100,0,12,0,0,82,4,578,389,100,578,256549.42,2629.13,183,80,46,32,16,132,0,0,377,0,112,0
423937,35,-0.09,-0.04,-0.55,-0.35,2,0.2,0.1,0.15,40,74.64,574,492,3,489,360,105,12,7,4,1,0,82,4,578,365,124,578,186390.28,1915.51,199,95,59,42,23,32,6,33,360,105,16,8
423938,35,-0.09,-0.04,-0.55,-0.35,2,0.2,0.1,0.15,40,58.54,571,489,9,480,0,135,45,19,72,209,0,82,7,578,281,199,578,295968.45,3049.41,16,19,17,23,19,19,18,349,0,135,117,228
423939,35,-0.09,-0.04,-0.55,-0.35,2,0.2,0.1,0.15,40,80.94,574,492,4,488,386,0,66,27,4,5,0,82,4,578,395,93,578,243023.8,2491.65,183,80,46,32,16,20,4,107,386,0,70,32
423940,35,-0.09,-0.04,-0.55,-0.35,2,0.2,0.1,0.15,50,74.03,574,492,3,489,360,106,0,21,0,2,0,82,4,578,362,127,578,184365.47,1894.93,199,95,59,42,23,32,6,33,360,106,0,23
423941,35,-0.09,-0.04,-0.55,-0.35,2,0.2,0.1,0.15,50,57.08,571,489,9,480,0,140,0,66,0,274,0,82,7,578,274,206,578,283522.94,2918.47,16,19,17,23,19,19,18,349,0,140,0,340
423942,35,-0.09,-0.04,-0.55,-0.35,2,0.2,0.1,0.15,50,80.53,574,492,4,488,386,0,0,95,0,7,0,82,4,578,393,95,578,238384.56,2445.94,183,80,46,32,16,20,4,107,386,0,0,102
423943,35,-0.09,-0.04,-0.55,-0.35,2,0.2,0.1,0.15,60,74.03,574,492,3,489,360,106,0,21,0,2,0,82,4,578,362,127,578,184365.47,1894.93,199,95,59,42,23,32,6,33,360,106,0,23
423944,35,-0.09,-0.04,-0.55,-0.35,2,0.2,0.1,0.15,60,57.08,571,489,9,480,0,140,0,66,0,274,0,82,7,578,274,206,578,283522.94,2918.47,16,19,17,23,19,19,18,349,0,140,0,340
423945,35,-0.09,-0.04,-0.55,-0.35,2,0.2,0.1,0.15,60,80.53,574,492,4,488,386,0,0,95,0,7,0,82,4,578,393,95,578,238384.56,2445.94,183,80,46,32,16,20,4,107,386,0,0,102
423946,35,-0.09,-0.04,-0.55,-0.35,2,0.2,0.2,0.15,20,67.21,574,492,4,488,166,75,85,0,162,0,0,82,4,578,328,160,578,305626.77,3138.89,45,73,78,292,0,0,0,0,166,75,247,0
423947,35,-0.09,-0.04,-0.55,-0.35,2,0.2,0.2,0.15,20,66.74,574,492,5,487,0,75,87,0,325,0,0,82,4,578,325,162,578,339931.08,3487.82,16,19,17,435,0,0,0,0,0,75,412,0
423948,35,-0.09,-0.04,-0.55,-0.35,2,0.2,0.2,0.15,20,70.9,574,492,4,488,173,0,142,0,173,0,0,82,4,578,346,142,578,365525.53,3750.0,29,54,61,344,0,0,0,0,173,0,315,0
423949,35,-0.09,-0.04,-0.55,-0.35,2,0.2,0.2,0.15,30,65.91,574,492,5,487,222,111,55,0,99,0,0,82,4,578,321,166,578,309016.61,3181.5,45,73,78,45,52,194,0,0,222,111,154,0
423950,35,-0.09,-0.04,-0.55,-0.35,2,0.2,0.2,0.15,30,63.64,573,491,7,484,0,113,63,0,308,0,0,82,5,578,308,176,578,313927.39,3235.07,16,19,17,23,19,390,0,0,0,113,371,0
423951,35,-0.09,-0.04,-0.55,-0.35,2,0.2,0.2,0.15,30,72.22,574,492,6,486,238,0,135,0,113,0,0,82,4,578,351,135,578,400352.99,4114.92,29,54,61,29,38,275,0,0,238,0,248,0
423952,35,-0.09,-0.04,-0.55,-0.35,2,0.2,0.2,0.15,40,62.27,574,492,7,485,243,130,35,18,23,36,0,82,4,578,302,183,578,297130.72,3062.44,45,73,78,45,52,40,26,126,243,130,58,54
423953,35,-0.09,-0.04,-0.55,-0.35,2,0.2,0.2,0.15,40,58.54,571,489,9,480,0,135,45,19,72,209,0,82,7,578,281,199,578,295968.45,3049.41,16,19,17,23,19,19,18,349,0,135,117,228
423954,35,-0.09,-0.04,-0.55,-0.35,2,0.2,0.2,0.15,40,69.63,574,492,8,484,262,0,107,40,25,50,0,82,4,578,337,147,578,374806.73,3855.36,29,54,61,29,38,27,19,227,262,0,132,90
423955,35,-0.09,-0.04,-0.55,-0.35,2,0.2,0.2,0.15,50,61.24,574,492,7,485,244,133,0,55,0,53,0,82,4,578,297,188,578,289625.12,2985.59,45,73,78,45,52,40,26,126,244,133,0,108
423956,35,-0.09,-0.04,-0.55,-0.35,2,0.2,0.2,0.15,50,57.08,571,489,9,480,0,140,0,66,0,274,0,82,7,578,274,206,578,283522.94,2918.47,16,19,17,23,19,19,18,349,0,140,0,340
423957,35,-0.09,-0.04,-0.55,-0.35,2,0.2,0.2,0.15,50,68.6,574,492,8,484,263,0,0,152,0,69,0,82,4,578,332,152,578,358938.56,3695.39,29,54,61,29,38,27,19,227,263,0,0,221
423958,35,-0.09,-0.04,-0.55,-0.35,2,0.2,0.2,0.15,60,61.24,574,492,7,485,244,133,0,55,0,53,0,82,4,578,297,188,578,289625.12,2985.59,45,73,78,45,52,40,26,126,244,133,0,108
423959,35,-0.09,-0.04,-0.55,-0.35,2,0.2,0.2,0.15,60,57.08,571,489,9,480,0,140,0,66,0,274,0,82,7,578,274,206,578,283522.94,2918.47,16,19,17,23,19,19,18,349,0,140,0,340
423960,35,-0.09,-0.04,-0.55,-0.35,2,0.2,0.2,0.15,60,68.6,574,492,8,484,263,0,0,152,0,69,0,82,4,578,332,152,578,358938.56,3695.39,29,54,61,29,38,27,19,227,263,0,0,221
423961,35,-0.09,-0.04,-0.55,-0.3,1,0.1,0.1,0.15,20,72.58,707,623,3,620,398,79,91,0,52,0,0,84,5,712,450,170,712,238676.0,2451.13,236,119,70,195,0,0,0,0,398,79,143,0
423962,35,-0.09,-0.04,-0.55,-0.3,1,0.1,0.1,0.15,20,65.48,707,623,6,617,0,89,124,0,404,0,0,84,5,712,404,213,712,384854.6,3961.64,19,25,19,554,0,0,0,0,0,89,528,0
423963,35,-0.09,-0.04,-0.55,-0.3,1,0.1,0.1,0.15,20,75.32,707,623,3,620,415,0,153,0,52,0,0,84,5,712,467,153,712,285581.52,2928.6,217,100,58,245,0,0,0,0,415,0,205,0
423964,35,-0.09,-0.04,-0.55,-0.3,1,0.1,0.1,0.15,30,73.51,707,623,4,619,434,117,47,0,21,0,0,84,5,712,455,164,712,230778.34,2375.77,236,119,70,52,35,107,0,0,434,117,68,0
423965,35,-0.09,-0.04,-0.55,-0.3,1,0.1,0.1,0.15,30,62.19,706,622,11,611,0,143,88,0,380,0,0,84,6,712,380,231,712,340751.02,3528.93,19,25,19,26,28,494,0,0,0,143,468,0
423966,35,-0.09,-0.04,-0.55,-0.3,1,0.1,0.1,0.15,30,78.16,707,623,5,618,458,0,135,0,25,0,0,84,5,712,483,135,712,304129.72,3126.03,217,100,58,40,21,182,0,0,458,0,160,0
423967,35,-0.09,-0.04,-0.55,-0.3,1,0.1,0.1,0.15,40,73.14,707,623,5,618,444,133,19,14,6,2,0,84,5,712,452,166,712,218997.33,2256.66,236,119,70,52,35,39,15,52,444,133,25,16
423968,35,-0.09,-0.04,-0.55,-0.3,1,0.1,0.1,0.15,40,56.18,704,620,13,607,0,174,60,32,92,249,0,84,8,712,341,266,712,299450.48,3090.94,19,25,19,26,28,26,25,439,0,174,152,281
423969,35,-0.09,-0.04,-0.55,-0.3,1,0.1,0.1,0.15,40,78.93,707,623,6,617,474,0,93,37,6,7,0,84,5,712,487,130,712,284916.01,2927.86,217,100,58,40,21,22,10,149,474,0,99,44
423970,35,-0.09,-0.04,-0.55,-0.3,1,0.1,0.1,0.15,50,72.65,707,623,5,618,444,134,0,35,0,5,0,84,5,712,449,169,712,215989.57,2226.04,236,119,70,52,35,39,15,52,444,134,0,40
423971,35,-0.09,-0.04,-0.55,-0.3,1,0.1,0.1,0.15,50,54.86,704,620,13,607,0,181,0,93,0,333,0,84,8,712,333,274,712,281013.06,2894.65,19,25,19,26,28,26,25,439,0,181,0,426
423972,35,-0.09,-0.04,-0.55,-0.3,1,0.1,0.1,0.15,50,78.61,707,623,6,617,474,0,0,132,0,11,0,84,5,712,485,132,712,277935.45,2856.96,217,100,58,40,21,22,10,149,474,0,0,143
423973,35,-0.09,-0.04,-0.55,-0.3,1,0.1,0.1,0.15,60,72.65,707,623,5,618,444,134,0,35,0,5,0,84,5,712,449,169,712,215989.57,2226.04,236,119,70,52,35,39,15,52,444,134,0,40
423974,35,-0.09,-0.04,-0.55,-0.3,1,0.1,0.1,0.15,60,54.86,704,620,13,607,0,181,0,93,0,333,0,84,8,712,333,274,712,281013.06,2894.65,19,25,19,26,28,26,25,439,0,181,0,426
423975,35,-0.09,-0.04,-0.55,-0.3,1,0.1,0.1,0.15,60,78.61,707,623,6,617,474,0,0,132,0,11,0,84,5,712,485,132,712,277935.45,2856.96,217,100,58,40,21,22,10,149,474,0,0,143
423976,35,-0.09,-0.04,-0.55,-0.3,1,0.1,0.2,0.15,20,65.86,707,623,5,618,193,89,122,0,214,0,0,84,5,712,407,211,712,355527.29,3661.07,51,84,93,390,0,0,0,0,193,89,336,0
423977,35,-0.09,-0.04,-0.55,-0.3,1,0.1,0.2,0.15,20,65.48,707,623,6,617,0,89,124,0,404,0,0,84,5,712,404,213,712,384854.6,3961.64,19,25,19,554,0,0,0,0,0,89,528,0
423978,35,-0.09,-0.04,-0.55,-0.3,1,0.1,0.2,0.15,20,68.77,707,623,5,618,200,0,193,0,225,0,0,84,5,712,425,193,712,411253.59,4230.16,32,59,74,453,0,0,0,0,200,0,418,0
423979,35,-0.09,-0.04,-0.55,-0.3,1,0.1,0.2,0.15,30,64.17,707,623,9,614,258,141,79,0,136,0,0,84,5,712,394,220,712,344091.41,3555.83,51,84,93,54,65,267,0,0,258,141,215,0
423980,35,-0.09,-0.04,-0.55,-0.3,1,0.1,0.2,0.15,30,62.19,706,622,11,611,0,143,88,0,380,0,0,84,6,712,380,231,712,340751.02,3528.93,19,25,19,26,28,494,0,0,0,143,468,0
423981,35,-0.09,-0.04,-0.55,-0.3,1,0.1,0.2,0.15,30,69.82,707,623,10,613,275,0,185,0,153,0,0,84,5,712,428,185,712,438883.87,4526.24,32,59,74,35,42,371,0,0,275,0,338,0
423982,35,-0.09,-0.04,-0.55,-0.3,1,0.1,0.2,0.15,40,59.8,707,623,11,612,285,168,47,31,33,48,0,84,5,712,366,246,712,322498.49,3335.93,51,84,93,54,65,52,35,178,285,168,80,79
423983,35,-0.09,-0.04,-0.55,-0.3,1,0.1,0.2,0.15,40,56.18,704,620,13,607,0,174,60,32,92,249,0,84,8,712,341,266,712,299450.48,3090.94,19,25,19,26,28,26,25,439,0,174,152,281
423984,35,-0.09,-0.04,-0.55,-0.3,1,0.1,0.2,0.15,40,66.45,707,623,12,611,305,0,147,58,35,66,0,84,5,712,406,205,712,404331.12,4168.7,32,59,74,35,42,33,24,312,305,0,182,124
423985,35,-0.09,-0.04,-0.55,-0.3,1,0.1,0.2,0.15,50,58.99,707,623,11,612,286,171,0,80,0,75,0,84,5,712,361,251,712,313069.06,3239.12,51,84,93,54,65,52,35,178,286,171,0,155
423986,35,-0.09,-0.04,-0.55,-0.3,1,0.1,0.2,0.15,50,54.86,704,620,13,607,0,181,0,93,0,333,0,84,8,712,333,274,712,281013.06,2894.65,19,25,19,26,28,26,25,439,0,181,0,426
423987,35,-0.09,-0.04,-0.55,-0.3,1,0.1,0.2,0.15,50,65.63,707,623,12,611,306,0,0,210,0,95,0,84,5,712,401,210,712,384608.18,3966.99,32,59,74,35,42,33,24,312,306,0,0,305
423988,35,-0.09,-0.04,-0.55,-0.3,1,0.1,0.2,0.15,60,58.99,707,623,11,612,286,171,0,80,0,75,0,84,5,712,361,251,712,313069.06,3239.12,51,84,93,54,65,52,35,178,286,171,0,155
423989,35,-0.09,-0.04,-0.55,-0.3,1,0.1,0.2,0.15,60,54.86,704,620,13,607,0,181,0,93,0,333,0,84,8,712,333,274,712,281013.06,2894.65,19,25,19,26,28,26,25,439,0,181,0,426
423990,35,-0.09,-0.04,-0.55,-0.3,1,0.1,0.2,0.15,60,65.63,707,623,12,611,306,0,0,210,0,95,0,84,5,712,401,210,712,384608.18,3966.99,32,59,74,35,42,33,24,312,306,0,0,305
423991,35,-0.09,-0.04,-0.55,-0.3,1,0.2,0.1,0.15,20,72.58,707,623,3,620,398,79,91,0,52,0,0,84,5,712,450,170,712,238676.0,2451.13,236,119,70,195,0,0,0,0,398,79,143,0
423992,35,-0.09,-0.04,-0.55,-0.3,1,0.2,0.1,0.15,20,65.48,707,623,6,617,0,89,124,0,404,0,0,84,5,712,404,213,712,384854.6,3961.64,19,25,19,554,0,0,0,0,0,89,528,0
423993,35,-0.09,-0.04,-0.55,-0.3,1,0.2,0.1,0.15,20,75.32,707,623,3,620,415,0,153,0,52,0,0,84,5,712,467,153,712,285581.52,2928.6,217,100,58,245,0,0,0,0,415,0,205,0
423994,35,-0.09,-0.04,-0.55,-0.3,1,0.2,0.1,0.15,30,73.51,707,623,4,619,434,117,47,0,21,0,0,84,5,712,455,164,712,230778.34,2375.77,236,119,70,52,35,107,0,0,434,117,68,0
423995,35,-0.09,-0.04,-0.55,-0.3,1,0.2,0.1,0.15,30,62.19,706,622,11,611,0,143,88,0,380,0,0,84,6,712,380,231,712,340751.02,3528.93,19,25,19,26,28,494,0,0,0,143,468,0
423996,35,-0.09,-0.04,-0.55,-0.3,1,0.2,0.1,0.15,30,78.16,707,623,5,618,458,0,135,0,25,0,0,84,5,712,483,135,712,304129.72,3126.03,217,100,58,40,21,182,0,0,458,0,160,0
423997,35,-0.09,-0.04,-0.55,-0.3,1,0.2,0.1,0.15,40,73.14,707,623,5,618,444,133,19,14,6,2,0,84,5,712,452,166,712,218997.33,2256.66,236,119,70,52,35,39,15,52,444,133,25,16
423998,35,-0.09,-0.04,-0.55,-0.3,1,0.2,0.1,0.15,40,56.18,704,620,13,607,0,174,60,32,92,249,0,84,8,712,341,266,712,299450.48,3090.94,19,25,19,26,28,26,25,439,0,174,152,281
423999,35,-0.09,-0.04,-0.55,-0.3,1,0.2,0.1,0.15,40,78.93,707,623,6,617,474,0,93,37,6,7,0,84,5,712,487,130,712,284916.01,2927.86,217,100,58,40,21,22,10,149,474,0,99,44
424000,35,-0.09,-0.04,-0.55,-0.3,1,0.2,0.1,0.15,50,72.65,707,623,5,618,444,134,0,35,0,5,0,84,5,712,449,169,712,215989.57,2226.04,236,119,70,52,35,39,15,52,444,134,0,40
424001,35,-0.09,-0.04,-0.55,-0.3,1,0.2,0.1,0.15,50,54.86,704,620,13,607,0,181,0,93,0,333,0,84,8,712,333,274,712,281013.06,2894.65,19,25,19,26,28,26,25,439,0,181,0,426
424002,35,-0.09,-0.04,-0.55,-0.3,1,0.2,0.1,0.15,50,78.61,707,623,6,617,474,0,0,132,0,11,0,84,5,712,485,132,712,277935.45,2856.96,217,100,58,40,21,22,10,149,474,0,0,143
424003,35,-0.09,-0.04,-0.55,-0.3,1,0.2,0.1,0.15,60,72.65,707,623,5,618,444,134,0,35,0,5,0,84,5,712,449,169,712,215989.57,2226.04,236,119,70,52,35,39,15,52,444,134,0,40
424004,35,-0.09,-0.04,-0.55,-0.3,1,0.2,0.1,0.15,60,54.86,704,620,13,607,0,181,0,93,0,333,0,84,8,712,333,274,712,281013.06,2894.65,19,25,19,26,28,26,25,439,0,181,0,426
424005,35,-0.09,-0.04,-0.55,-0.3,1,0.2,0.1,0.15,60,78.61,707,623,6,617,474,0,0,132,0,11,0,84,5,712,485,132,712,277935.45,2856.96,217,100,58,40,21,22,10,149,474,0,0,143
424006,35,-0.09,-0.04,-0.55,-0.3,1,0.2,0.2,0.15,20,65.86,707,623,5,618,193,89,122,0,214,0,0,84,5,712,407,211,712,355527.29,3661.07,51,84,93,390,0,0,0,0,193,89,336,0
424007,35,-0.09,-0.04,-0.55,-0.3,1,0.2,0.2,0.15,20,65.48,707,623,6,617,0,89,124,0,404,0,0,84,5,712,404,213,712,384854.6,3961.64,19,25,19,554,0,0,0,0,0,89,528,0
424008,35,-0.09,-0.04,-0.55,-0.3,1,0.2,0.2,0.15,20,68.77,707,623,5,618,200,0,193,0,225,0,0,84,5,712,425,193,712,411253.59,4230.16,32,59,74,453,0,0,0,0,200,0,418,0
424009,35,-0.09,-0.04,-0.55,-0.3,1,0.2,0.2,0.15,30,64.17,707,623,9,614,258,141,79,0,136,0,0,84,5,712,394,220,712,344091.41,3555.83,51,84,93,54,65,267,0,0,258,141,215,0
424010,35,-0.09,-0.04,-0.55,-0.3,1,0.2,0.2,0.15,30,62.19,706,622,11,611,0,143,88,0,380,0,0,84,6,712,380,231,712,340751.02,3528.93,19,25,19,26,28,494,0,0,0,143,468,0
424011,35,-0.09,-0.04,-0.55,-0.3,1,0.2,0.2,0.15,30,69.82,707,623,10,613,275,0,185,0,153,0,0,84,5,712,428,185,712,438883.87,4526.24,32,59,74,35,42,371,0,0,275,0,338,0
424012,35,-0.09,-0.04,-0.55,-0.3,1,0.2,0.2,0.15,40,59.8,707,623,11,612,285,168,47,31,33,48,0,84,5,712,366,246,712,322498.49,3335.93,51,84,93,54,65,52,35,178,285,168,80,79
424013,35,-0.09,-0.04,-0.55,-0.3,1,0.2,0.2,0.15,40,56.18,704,620,13,607,0,174,60,32,92,249,0,84,8,712,341,266,712,299450.48,3090.94,19,25,19,26,28,26,25,439,0,174,152,281
424014,35,-0.09,-0.04,-0.55,-0.3,1,0.2,0.2,0.15,40,66.45,707,623,12,611,305,0,147,58,35,66,0,84,5,712,406,205,712,404331.12,4168.7,32,59,74,35,42,33,24,312,305,0,182,124
424015,35,-0.09,-0.04,-0.55,-0.3,1,0.2,0.2,0.15,50,58.99,707,623,11,612,286,171,0,80,0,75,0,84,5,712,361,251,712,313069.06,3239.12,51,84,93,54,65,52,35,178,286,171,0,155
424016,35,-0.09,-0.04,-0.55,-0.3,1,0.2,0.2,0.15,50,54.86,704,620,13,607,0,181,0,93,0,333,0,84,8,712,333,274,712,281013.06,2894.65,19,25,19,26,28,26,25,439,0,181,0,426
424017,35,-0.09,-0.04,-0.55,-0.3,1,0.2,0.2,0.15,50,65.63,707,623,12,611,306,0,0,210,0,95,0,84,5,712,401,210,712,384608.18,3966.99,32,59,74,35,42,33,24,312,306,0,0,305
424018,35,-0.09,-0.04,-0.55,-0.3,1,0.2,0.2,0.15,60,58.99,707,623,11,612,286,171,0,80,0,75,0,84,5,712,361,251,712,313069.06,3239.12,51,84,93,54,65,52,35,178,286,171,0,155
424019,35,-0.09,-0.04,-0.55,-0.3,1,0.2,0.2,0.15,60,54.86,704,620,13,607,0,181,0,93,0,333,0,84,8,712,333,274,712,281013.06,2894.65,19,25,19,26,28,26,25,439,0,181,0,426
424020,35,-0.09,-0.04,-0.55,-0.3,1,0.2,0.2,0.15,60,65.63,707,623,12,611,306,0,0,210,0,95,0,84,5,712,401,210,712,384608.18,3966.99,32,59,74,35,42,33,24,312,306,0,0,305
424021,35,-0.09,-0.04,-0.55,-0.3,2,0.1,0.1,0.15,20,75.65,707,623,3,620,413,79,72,0,56,0,0,84,5,712,469,151,712,281184.36,3115.51,244,123,78,175,0,0,0,0,413,79,128,0
424022,35,-0.09,-0.04,-0.55,-0.3,2,0.1,0.1,0.15,20,69.21,707,623,6,617,0,89,101,0,427,0,0,84,5,712,427,190,712,478506.05,4848.69,19,25,19,554,0,0,0,0,0,89,528,0
424023,35,-0.09,-0.04,-0.55,-0.3,2,0.1,0.1,0.15,20,79.68,707,623,3,620,431,0,126,0,63,0,0,84,5,712,494,126,712,352041.62,3602.32,225,107,70,218,0,0,0,0,431,0,189,0
424024,35,-0.09,-0.04,-0.55,-0.3,2,0.1,0.1,0.15,30,75.61,707,623,4,619,450,113,38,0,18,0,0,84,5,712,468,151,712,272362.15,3146.87,244,123,78,47,41,86,0,0,450,113,56,0
424025,35,-0.09,-0.04,-0.55,-0.3,2,0.1,0.1,0.15,30,62.85,706,622,11,611,0,143,84,0,384,0,0,84,6,712,384,227,712,437044.24,4631.85,19,25,19,26,28,494,0,0,0,143,468,0
424026,35,-0.09,-0.04,-0.55,-0.3,2,0.1,0.1,0.15,30,82.85,707,623,5,618,482,0,106,0,30,0,0,84,5,712,512,106,712,390812.59,3909.64,225,107,70,29,34,153,0,0,482,0,136,0
424027,35,-0.09,-0.04,-0.55,-0.3,2,0.1,0.1,0.15,40,75.73,707,623,5,618,460,125,15,10,5,3,0,84,5,712,468,150,712,260826.6,3102.3,244,123,78,47,41,30,12,43,460,125,20,13
424028,35,-0.09,-0.04,-0.55,-0.3,2,0.1,0.1,0.15,40,58.32,704,620,13,607,0,174,55,24,97,257,0,84,8,712,354,253,712,371103.04,4291.82,19,25,19,26,28,26,25,439,0,174,152,281
424029,35,-0.09,-0.04,-0.55,-0.3,2,0.1,0.1,0.15,40,83.79,707,623,6,617,498,0,73,27,7,12,0,84,5,712,517,100,712,373460.57,3832.68,225,107,70,29,34,17,10,125,498,0,80,39
424030,35,-0.09,-0.04,-0.55,-0.3,2,0.1,0.1,0.15,50,75.24,707,623,5,618,460,126,0,27,0,5,0,84,5,712,465,153,712,257737.79,3078.64,244,123,78,47,41,30,12,43,460,126,0,32
424031,35,-0.09,-0.04,-0.55,-0.3,2,0.1,0.1,0.15,50,57.0,704,620,13,607,0,181,0,80,0,346,0,84,8,712,346,261,712,347392.9,4102.8,19,25,19,26,28,26,25,439,0,181,0,426
424032,35,-0.09,-0.04,-0.55,-0.3,2,0.1,0.1,0.15,50,83.47,707,623,6,617,498,0,0,102,0,17,0,84,5,712,515,102,712,364105.69,3776.37,225,107,70,29,34,17,10,125,498,0,0,119
424033,35,-0.09,-0.04,-0.55,-0.3,2,0.1,0.1,0.15,60,75.24,707,623,5,618,460,126,0,27,0,5,0,84,5,712,465,153,712,257737.79,3078.64,244,123,78,47,41,30,12,43,460,126,0,32
424034,35,-0.09,-0.04,-0.55,-0.3,2,0.1,0.1,0.15,60,57.0,704,620,13,607,0,181,0,80,0,346,0,84,8,712,346,261,712,347392.9,4102.8,19,25,19,26,28,26,25,439,0,181,0,426
424035,35,-0.09,-0.04,-0.55,-0.3,2,0.1,0.1,0.15,60,83.47,707,623,6,617,498,0,0,102,0,17,0,84,5,712,515,102,712,364105.69,3776.37,225,107,70,29,34,17,10,125,498,0,0,119
424036,35,-0.09,-0.04,-0.55,-0.3,2,0.1,0.2,0.15,20,69.58,707,623,5,618,208,89,99,0,222,0,0,84,5,712,430,188,712,435153.31,4496.2,51,92,93,382,0,0,0,0,208,89,321,0
424037,35,-0.09,-0.04,-0.55,-0.3,2,0.1,0.2,0.15,20,69.21,707,623,6,617,0,89,101,0,427,0,0,84,5,712,427,190,712,478506.05,4848.69,19,25,19,554,0,0,0,0,0,89,528,0
424038,35,-0.09,-0.04,-0.55,-0.3,2,0.1,0.2,0.15,20,74.27,707,623,5,618,219,0,159,0,240,0,0,84,5,712,459,159,712,531699.84,5153.3,32,67,77,442,0,0,0,0,219,0,399,0
424039,35,-0.09,-0.04,-0.55,-0.3,2,0.1,0.2,0.15,30,64.82,707,623,9,614,272,141,75,0,126,0,0,84,5,712,398,216,712,432836.49,4587.26,51,92,93,61,65,252,0,0,272,141,201,0
424040,35,-0.09,-0.04,-0.55,-0.3,2,0.1,0.2,0.15,30,62.85,706,622,11,611,0,143,84,0,384,0,0,84,6,712,384,227,712,437044.24,4631.85,19,25,19,26,28,494,0,0,0,143,468,0
424041,35,-0.09,-0.04,-0.55,-0.3,2,0.1,0.2,0.15,30,73.57,707,623,10,613,295,0,162,0,156,0,0,84,5,712,451,162,712,601684.95,5678.93,32,67,77,43,44,350,0,0,295,0,318,0
424042,35,-0.09,-0.04,-0.55,-0.3,2,0.1,0.2,0.15,40,62.09,707,623,11,612,300,168,41,23,34,46,0,84,5,712,380,232,712,393778.79,4437.76,51,92,93,61,65,51,36,163,300,168,75,69
424043,35,-0.09,-0.04,-0.55,-0.3,2,0.1,0.2,0.15,40,58.32,704,620,13,607,0,174,55,24,97,257,0,84,8,712,354,253,712,371103.04,4291.82,19,25,19,26,28,26,25,439,0,174,152,281
424044,35,-0.09,-0.04,-0.55,-0.3,2,0.1,0.2,0.15,40,70.54,707,623,12,611,328,0,135,45,40,63,0,84,5,712,431,180,712,535260.8,5392.34,32,67,77,43,44,32,24,292,328,0,175,108
424045,35,-0.09,-0.04,-0.55,-0.3,2,0.1,0.2,0.15,50,61.27,707,623,11,612,301,171,0,66,0,74,0,84,5,712,375,237,712,383474.56,4361.3,51,92,93,61,65,51,36,163,301,171,0,140
424046,35,-0.09,-0.04,-0.55,-0.3,2,0.1,0.2,0.15,50,57.0,704,620,13,607,0,181,0,80,0,346,0,84,8,712,346,261,712,347392.9,4102.8,19,25,19,26,28,26,25,439,0,181,0,426
424047,35,-0.09,-0.04,-0.55,-0.3,2,0.1,0.2,0.15,50,70.05,707,623,12,611,329,0,0,183,0,99,0,84,5,712,428,183,712,505216.29,5216.38,32,67,77,43,44,32,24,292,329,0,0,282
424048,35,-0.09,-0.04,-0.55,-0.3,2,0.1,0.2,0.15,60,61.27,707,623,11,612,301,171,0,66,0,74,0,84,5,712,375,237,712,383474.56,4361.3,51,92,93,61,65,51,36,163,301,171,0,140
424049,35,-0.09,-0.04,-0.55,-0.3,2,0.1,0.2,0.15,60,57.0,704,620,13,607,0,181,0,80,0,346,0,84,8,712,346,261,712,347392.9,4102.8,19,25,19,26,28,26,25,439,0,181,0,426
424050,35,-0.09,-0.04,-0.55,-0.3,2,0.1,0.2,0.15,60,70.05,707,623,12,611,329,0,0,183,0,99,0,84,5,712,428,183,712,505216.29,5216.38,32,67,77,43,44,32,24,292,329,0,0,282
424051,35,-0.09,-0.04,-0.55,-0.3,2,0.2,0.1,0.15,20,72.58,707,623,3,620,398,79,91,0,52,0,0,84,5,712,450,170,712,238676.0,2451.13,236,119,70,195,0,0,0,0,398,79,143,0
424052,35,-0.09,-0.04,-0.55,-0.3,2,0.2,0.1,0.15,20,65.48,707,623,6,617,0,89,124,0,404,0,0,84,5,712,404,213,712,384854.6,3961.64,19,25,19,554,0,0,0,0,0,89,528,0
424053,35,-0.09,-0.04,-0.55,-0.3,2,0.2,0.1,0.15,20,75.32,707,623,3,620,415,0,153,0,52,0,0,84,5,712,467,153,712,285581.52,2928.6,217,100,58,245,0,0,0,0,415,0,205,0
424054,35,-0.09,-0.04,-0.55,-0.3,2,0.2,0.1,0.15,30,73.51,707,623,4,619,434,117,47,0,21,0,0,84,5,712,455,164,712,230778.34,2375.77,236,119,70,52,35,107,0,0,434,117,68,0
424055,35,-0.09,-0.04,-0.55,-0.3,2,0.2,0.1,0.15,30,62.19,706,622,11,611,0,143,88,0,380,0,0,84,6,712,380,231,712,340751.02,3528.93,19,25,19,26,28,494,0,0,0,143,468,0
424056,35,-0.09,-0.04,-0.55,-0.3,2,0.2,0.1,0.15,30,78.16,707,623,5,618,458,0,135,0,25,0,0,84,5,712,483,135,712,304129.72,3126.03,217,100,58,40,21,182,0,0,458,0,160,0
424057,35,-0.09,-0.04,-0.55,-0.3,2,0.2,0.1,0.15,40,73.14,707,623,5,618,444,133,19,14,6,2,0,84,5,712,452,166,712,218997.33,2256.66,236,119,70,52,35,39,15,52,444,133,25,16
424058,35,-0.09,-0.04,-0.55,-0.3,2,0.2,0.1,0.15,40,56.18,704,620,13,607,0,174,60,32,92,249,0,84,8,712,341,266,712,299450.48,3090.94,19,25,19,26,28,26,25,439,0,174,152,281
424059,35,-0.09,-0.04,-0.55,-0.3,2,0.2,0.1,0.15,40,78.93,707,623,6,617,474,0,93,37,6,7,0,84,5,712,487,130,712,284916.01,2927.86,217,100,58,40,21,22,10,149,474,0,99,44
424060,35,-0.09,-0.04,-0.55,-0.3,2,0.2,0.1,0.15,50,72.65,707,623,5,618,444,134,0,35,0,5,0,84,5,712,449,169,712,215989.57,2226.04,236,119,70,52,35,39,15,52,444,134,0,40
424061,35,-0.09,-0.04,-0.55,-0.3,2,0.2,0.1,0.15,50,54.86,704,620,13,607,0,181,0,93,0,333,0,84,8,712,333,274,712,281013.06,2894.65,19,25,19,26,28,26,25,439,0,181,0,426
424062,35,-0.09,-0.04,-0.55,-0.3,2,0.2,0.1,0.15,50,78.61,707,623,6,617,474,0,0,132,0,11,0,84,5,712,485,132,712,277935.45,2856.96,217,100,58,40,21,22,10,149,474,0,0,143
424063,35,-0.09,-0.04,-0.55,-0.3,2,0.2,0.1,0.15,60,72.65,707,623,5,618,444,134,0,35,0,5,0,84,5,712,449,169,712,215989.57,2226.04,236,119,70,52,35,39,15,52,444,134,0,40
424064,35,-0.09,-0.04,-0.55,-0.3,2,0.2,0.1,0.15,60,54.86,704,620,13,607,0,181,0,93,0,333,0,84,8,712,333,274,712,281013.06,2894.65,19,25,19,26,28,26,25,439,0,181,0,426
424065,35,-0.09,-0.04,-0.55,-0.3,2,0.2,0.1,0.15,60,78.61,707,623,6,617,474,0,0,132,0,11,0,84,5,712,485,132,712,277935.45,2856.96,217,100,58,40,21,22,10,149,474,0,0,143
424066,35,-0.09,-0.04,-0.55,-0.3,2,0.2,0.2,0.15,20,65.86,707,623,5,618,193,89,122,0,214,0,0,84,5,712,407,211,712,355527.29,3661.07,51,84,93,390,0,0,0,0,193,89,336,0
424067,35,-0.09,-0.04,-0.55,-0.3,2,0.2,0.2,0.15,20,65.48,707,623,6,617,0,89,124,0,404,0,0,84,5,712,404,213,712,384854.6,3961.64,19,25,19,554,0,0,0,0,0,89,528,0
424068,35,-0.09,-0.04,-0.55,-0.3,2,0.2,0.2,0.15,20,68.77,707,623,5,618,200,0,193,0,225,0,0,84,5,712,425,193,712,411253.59,4230.16,32,59,74,453,0,0,0,0,200,0,418,0
424069,35,-0.09,-0.04,-0.55,-0.3,2,0.2,0.2,0.15,30,64.17,707,623,9,614,258,141,79,0,136,0,0,84,5,712,394,220,712,344091.41,3555.83,51,84,93,54,65,267,0,0,258,141,215,0
424070,35,-0.09,-0.04,-0.55,-0.3,2,0.2,0.2,0.15,30,62.19,706,622,11,611,0,143,88,0,380,0,0,84,6,712,380,231,712,340751.02,3528.93,19,25,19,26,28,494,0,0,0,143,468,0
424071,35,-0.09,-0.04,-0.55,-0.3,2,0.2,0.2,0.15,30,69.82,707,623,10,613,275,0,185,0,153,0,0,84,5,712,428,185,712,438883.87,4526.24,32,59,74,35,42,371,0,0,275,0,338,0
424072,35,-0.09,-0.04,-0.55,-0.3,2,0.2,0.2,0.15,40,59.8,707,623,11,612,285,168,47,31,33,48,0,84,5,712,366,246,712,322498.49,3335.93,51,84,93,54,65,52,35,178,285,168,80,79
424073,35,-0.09,-0.04,-0.55,-0.3,2,0.2,0.2,0.15,40,56.18,704,620,13,607,0,174,60,32,92,249,0,84,8,712,341,266,712,299450.48,3090.94,19,25,19,26,28,26,25,439,0,174,152,281
424074,35,-0.09,-0.04,-0.55,-0.3,2,0.2,0.2,0.15,40,66.45,707,623,12,611,305,0,147,58,35,66,0,84,5,712,406,205,712,404331.12,4168.7,32,59,74,35,42,33,24,312,305,0,182,124
424075,35,-0.09,-0.04,-0.55,-0.3,2,0.2,0.2,0.15,50,58.99,707,623,11,612,286,171,0,80,0,75,0,84,5,712,361,251,712,313069.06,3239.12,51,84,93,54,65,52,35,178,286,171,0,155
424076,35,-0.09,-0.04,-0.55,-0.3,2,0.2,0.2,0.15,50,54.86,704,620,13,607,0,181,0,93,0,333,0,84,8,712,333,274,712,281013.06,2894.65,19,25,19,26,28,26,25,439,0,181,0,426
424077,35,-0.09,-0.04,-0.55,-0.3,2,0.2,0.2,0.15,50,65.63,707,623,12,611,306,0,0,210,0,95,0,84,5,712,401,210,712,384608.18,3966.99,32,59,74,35,42,33,24,312,306,0,0,305
424078,35,-0.09,-0.04,-0.55,-0.3,2,0.2,0.2,0.15,60,58.99,707,623,11,612,286,171,0,80,0,75,0,84,5,712,361,251,712,313069.06,3239.12,51,84,93,54,65,52,35,178,286,171,0,155
424079,35,-0.09,-0.04,-0.55,-0.3,2,0.2,0.2,0.15,60,54.86,704,620,13,607,0,181,0,93,0,333,0,84,8,712,333,274,712,281013.06,2894.65,19,25,19,26,28,26,25,439,0,181,0,426
424080,35,-0.09,-0.04,-0.55,-0.3,2,0.2,0.2,0.15,60,65.63,707,623,12,611,306,0,0,210,0,95,0,84,5,712,401,210,712,384608.18,3966.99,32,59,74,35,42,33,24,312,306,0,0,305
424081,35,-0.09,-0.04,-0.55,-0.25,1,0.1,0.1,0.15,20,71.14,793,704,4,700,430,90,112,0,68,0,0,89,8,801,498,202,801,249544.92,2551.87,255,133,73,239,0,0,0,0,430,90,180,0
424082,35,-0.09,-0.04,-0.55,-0.25,1,0.1,0.1,0.15,20,64.71,793,704,7,697,0,100,146,0,451,0,0,89,8,801,451,246,801,395785.75,4065.25,24,27,19,627,0,0,0,0,0,100,597,0
424083,35,-0.09,-0.04,-0.55,-0.25,1,0.1,0.1,0.15,20,73.57,793,704,4,700,447,0,185,0,68,0,0,89,8,801,515,185,801,296322.2,3027.27,231,112,61,296,0,0,0,0,447,0,253,0
424084,35,-0.09,-0.04,-0.55,-0.25,1,0.1,0.1,0.15,30,71.67,793,704,5,699,472,133,65,0,29,0,0,89,8,801,501,198,801,236304.65,2427.79,255,133,73,59,43,136,0,0,472,133,94,0
424085,35,-0.09,-0.04,-0.55,-0.25,1,0.1,0.1,0.15,30,60.35,792,703,12,691,0,161,113,0,417,0,0,89,9,801,417,274,801,335395.67,3472.17,24,27,19,30,34,557,0,0,0,161,530,0
424086,35,-0.09,-0.04,-0.55,-0.25,1,0.1,0.1,0.15,30,75.93,793,704,6,698,497,0,168,0,33,0,0,89,8,801,530,168,801,311288.38,3194.49,231,112,61,43,25,226,0,0,497,0,201,0
424087,35,-0.09,-0.04,-0.55,-0.25,1,0.1,0.1,0.15,40,70.92,793,704,6,698,484,153,28,22,8,3,0,89,8,801,495,203,801,222797.86,2278.16,255,133,73,59,43,42,20,73,484,153,36,25
424088,35,-0.09,-0.04,-0.55,-0.25,1,0.1,0.1,0.15,40,54.44,790,701,14,687,0,196,77,40,99,275,0,89,11,801,374,313,801,282965.59,2910.44,24,27,19,30,34,27,29,497,0,196,176,315
424089,35,-0.09,-0.04,-0.55,-0.25,1,0.1,0.1,0.15,40,76.18,793,704,7,697,515,0,117,49,8,8,0,89,8,801,531,166,801,287584.76,2936.02,231,112,61,43,25,25,12,188,515,0,125,57
424090,35,-0.09,-0.04,-0.55,-0.25,1,0.1,0.1,0.15,50,70.49,793,704,6,698,484,155,0,51,0,8,0,89,8,801,492,206,801,219426.3,2243.45,255,133,73,59,43,42,20,73,484,155,0,59
424091,35,-0.09,-0.04,-0.55,-0.25,1,0.1,0.1,0.15,50,53.13,790,701,14,687,0,206,0,116,0,365,0,89,11,801,365,322,801,261061.51,2678.15,24,27,19,30,34,27,29,497,0,206,0,481
424092,35,-0.09,-0.04,-0.55,-0.25,1,0.1,0.1,0.15,50,75.9,793,704,7,697,515,0,0,168,0,14,0,89,8,801,529,168,801,277855.45,2836.31,231,112,61,43,25,25,12,188,515,0,0,182
424093,35,-0.09,-0.04,-0.55,-0.25,1,0.1,0.1,0.15,60,70.49,793,704,6,698,484,155,0,51,0,8,0,89,8,801,492,206,801,219426.3,2243.45,255,133,73,59,43,42,20,73,484,155,0,59
424094,35,-0.09,-0.04,-0.55,-0.25,1,0.1,0.1,0.15,60,53.13,790,701,14,687,0,206,0,116,0,365,0,89,11,801,365,322,801,261061.51,2678.15,24,27,19,30,34,27,29,497,0,206,0,481
424095,35,-0.09,-0.04,-0.55,-0.25,1,0.1,0.1,0.15,60,75.9,793,704,7,697,515,0,0,168,0,14,0,89,8,801,529,168,801,277855.45,2836.31,231,112,61,43,25,25,12,188,515,0,0,182
424096,35,-0.09,-0.04,-0.55,-0.25,1,0.1,0.2,0.15,20,65.04,793,704,6,698,202,100,144,0,252,0,0,89,8,801,454,244,801,369181.96,3791.62,57,86,98,457,0,0,0,0,202,100,396,0
424097,35,-0.09,-0.04,-0.55,-0.25,1,0.1,0.2,0.15,20,64.71,793,704,7,697,0,100,146,0,451,0,0,89,8,801,451,246,801,395785.75,4065.25,24,27,19,627,0,0,0,0,0,100,597,0
424098,35,-0.09,-0.04,-0.55,-0.25,1,0.1,0.2,0.15,20,67.62,793,704,6,698,209,0,226,0,263,0,0,89,8,801,472,226,801,424780.02,4358.64,33,59,79,527,0,0,0,0,209,0,489,0
424099,35,-0.09,-0.04,-0.55,-0.25,1,0.1,0.2,0.15,30,62.68,793,704,10,694,274,158,101,0,161,0,0,89,8,801,435,259,801,353547.83,3649.77,57,86,98,61,74,318,0,0,274,158,262,0
424100,35,-0.09,-0.04,-0.55,-0.25,1,0.1,0.2,0.15,30,60.35,792,703,12,691,0,161,113,0,417,0,0,89,9,801,417,274,801,335395.67,3472.17,24,27,19,30,34,557,0,0,0,161,530,0
424101,35,-0.09,-0.04,-0.55,-0.25,1,0.1,0.2,0.15,30,67.97,793,704,11,693,291,0,222,0,180,0,0,89,8,801,471,222,801,452877.16,4665.68,33,59,79,38,46,438,0,0,291,0,402,0
424102,35,-0.09,-0.04,-0.55,-0.25,1,0.1,0.2,0.15,40,58.09,793,704,12,692,302,189,62,39,37,63,0,89,8,801,402,290,801,326137.14,3362.4,57,86,98,61,74,56,39,221,302,189,99,102
424103,35,-0.09,-0.04,-0.55,-0.25,1,0.1,0.2,0.15,40,54.44,790,701,14,687,0,196,77,40,99,275,0,89,11,801,374,313,801,282965.59,2910.44,24,27,19,30,34,27,29,497,0,196,176,315
424104,35,-0.09,-0.04,-0.55,-0.25,1,0.1,0.2,0.15,40,64.25,793,704,13,691,322,0,177,70,39,83,0,89,8,801,444,247,801,408262.08,4196.07,33,59,79,38,46,36,25,375,322,0,216,153
424105,35,-0.09,-0.04,-0.55,-0.25,1,0.1,0.2,0.15,50,57.23,793,704,12,692,303,194,0,102,0,93,0,89,8,801,396,296,801,313474.39,3231.93,57,86,98,61,74,56,39,221,303,194,0,195
424106,35,-0.09,-0.04,-0.55,-0.25,1,0.1,0.2,0.15,50,53.13,790,701,14,687,0,206,0,116,0,365,0,89,11,801,365,322,801,261061.51,2678.15,24,27,19,30,34,27,29,497,0,206,0,481
424107,35,-0.09,-0.04,-0.55,-0.25,1,0.1,0.2,0.15,50,63.39,793,704,13,691,323,0,0,253,0,115,0,89,8,801,438,253,801,383071.47,3937.52,33,59,79,38,46,36,25,375,323,0,0,368
424108,35,-0.09,-0.04,-0.55,-0.25,1,0.1,0.2,0.15,60,57.23,793,704,12,692,303,194,0,102,0,93,0,89,8,801,396,296,801,313474.39,3231.93,57,86,98,61,74,56,39,221,303,194,0,195
424109,35,-0.09,-0.04,-0.55,-0.25,1,0.1,0.2,0.15,60,53.13,790,701,14,687,0,206,0,116,0,365,0,89,11,801,365,322,801,261061.51,2678.15,24,27,19,30,34,27,29,497,0,206,0,481
424110,35,-0.09,-0.04,-0.55,-0.25,1,0.1,0.2,0.15,60,63.39,793,704,13,691,323,0,0,253,0,115,0,89,8,801,438,253,801,383071.47,3937.52,33,59,79,38,46,36,25,375,323,0,0,368
424111,35,-0.09,-0.04,-0.55,-0.25,1,0.2,0.1,0.15,20,71.14,793,704,4,700,430,90,112,0,68,0,0,89,8,801,498,202,801,249544.92,2551.87,255,133,73,239,0,0,0,0,430,90,180,0
424112,35,-0.09,-0.04,-0.55,-0.25,1,0.2,0.1,0.15,20,64.71,793,704,7,697,0,100,146,0,451,0,0,89,8,801,451,246,801,395785.75,4065.25,24,27,19,627,0,0,0,0,0,100,597,0
424113,35,-0.09,-0.04,-0.55,-0.25,1,0.2,0.1,0.15,20,73.57,793,704,4,700,447,0,185,0,68,0,0,89,8,801,515,185,801,296322.2,3027.27,231,112,61,296,0,0,0,0,447,0,253,0
424114,35,-0.09,-0.04,-0.55,-0.25,1,0.2,0.1,0.15,30,71.67,793,704,5,699,472,133,65,0,29,0,0,89,8,801,501,198,801,236304.65,2427.79,255,133,73,59,43,136,0,0,472,133,94,0
424115,35,-0.09,-0.04,-0.55,-0.25,1,0.2,0.1,0.15,30,60.35,792,703,12,691,0,161,113,0,417,0,0,89,9,801,417,274,801,335395.67,3472.17,24,27,19,30,34,557,0,0,0,161,530,0
424116,35,-0.09,-0.04,-0.55,-0.25,1,0.2,0.1,0.15,30,75.93,793,704,6,698,497,0,168,0,33,0,0,89,8,801,530,168,801,311288.38,3194.49,231,112,61,43,25,226,0,0,497,0,201,0
424117,35,-0.09,-0.04,-0.55,-0.25,1,0.2,0.1,0.15,40,70.92,793,704,6,698,484,153,28,22,8,3,0,89,8,801,495,203,801,222797.86,2278.16,255,133,73,59,43,42,20,73,484,153,36,25
424118,35,-0.09,-0.04,-0.55,-0.25,1,0.2,0.1,0.15,40,54.44,790,701,14,687,0,196,77,40,99,275,0,89,11,801,374,313,801,282965.59,2910.44,24,27,19,30,34,27,29,497,0,196,176,315
424119,35,-0.09,-0.04,-0.55,-0.25,1,0.2,0.1,0.15,40,76.18,793,704,7,697,515,0,117,49,8,8,0,89,8,801,531,166,801,287584.76,2936.02,231,112,61,43,25,25,12,188,515,0,125,57
424120,35,-0.09,-0.04,-0.55,-0.25,1,0.2,0.1,0.15,50,70.49,793,704,6,698,484,155,0,51,0,8,0,89,8,801,492,206,801,219426.3,2243.45,255,133,73,59,43,42,20,73,484,155,0,59
424121,35,-0.09,-0.04,-0.55,-0.25,1,0.2,0.1,0.15,50,53.13,790,701,14,687,0,206,0,116,0,365,0,89,11,801,365,322,801,261061.51,2678.15,24,27,19,30,34,27,29,497,0,206,0,481
424122,35,-0.09,-0.04,-0.55,-0.25,1,0.2,0.1,0.15,50,75.9,793,704,7,697,515,0,0,168,0,14,0,89,8,801,529,168,801,277855.45,2836.31,231,112,61,43,25,25,12,188,515,0,0,182
424123,35,-0.09,-0.04,-0.55,-0.25,1,0.2,0.1,0.15,60,70.49,793,704,6,698,484,155,0,51,0,8,0,89,8,801,492,206,801,219426.3,2243.45,255,133,73,59,43,42,20,73,484,155,0,59
424124,35,-0.09,-0.04,-0.55,-0.25,1,0.2,0.1,0.15,60,53.13,790,701,14,687,0,206,0,116,0,365,0,89,11,801,365,322,801,261061.51,2678.15,24,27,19,30,34,27,29,497,0,206,0,481
424125,35,-0.09,-0.04,-0.55,-0.25,1,0.2,0.1,0.15,60,75.9,793,704,7,697,515,0,0,168,0,14,0,89,8,801,529,168,801,277855.45,2836.31,231,112,61,43,25,25,12,188,515,0,0,182
424126,35,-0.09,-0.04,-0.55,-0.25,1,0.2,0.2,0.15,20,65.04,793,704,6,698,202,100,144,0,252,0,0,89,8,801,454,244,801,369181.96,3791.62,57,86,98,457,0,0,0,0,202,100,396,0
424127,35,-0.09,-0.04,-0.55,-0.25,1,0.2,0.2,0.15,20,64.71,793,704,7,697,0,100,146,0,451,0,0,89,8,801,451,246,801,395785.75,4065.25,24,27,19,627,0,0,0,0,0,100,597,0
424128,35,-0.09,-0.04,-0.55,-0.25,1,0.2,0.2,0.15,20,67.62,793,704,6,698,209,0,226,0,263,0,0,89,8,801,472,226,801,424780.02,4358.64,33,59,79,527,0,0,0,0,209,0,489,0
424129,35,-0.09,-0.04,-0.55,-0.25,1,0.2,0.2,0.15,30,62.68,793,704,10,694,274,158,101,0,161,0,0,89,8,801,435,259,801,353547.83,3649.77,57,86,98,61,74,318,0,0,274,158,262,0
424130,35,-0.09,-0.04,-0.55,-0.25,1,0.2,0.2,0.15,30,60.35,792,703,12,691,0,161,113,0,417,0,0,89,9,801,417,274,801,335395.67,3472.17,24,27,19,30,34,557,0,0,0,161,530,0
424131,35,-0.09,-0.04,-0.55,-0.25,1,0.2,0.2,0.15,30,67.97,793,704,11,693,291,0,222,0,180,0,0,89,8,801,471,222,801,452877.16,4665.68,33,59,79,38,46,438,0,0,291,0,402,0
424132,35,-0.09,-0.04,-0.55,-0.25,1,0.2,0.2,0.15,40,58.09,793,704,12,692,302,189,62,39,37,63,0,89,8,801,402,290,801,326137.14,3362.4,57,86,98,61,74,56,39,221,302,189,99,102
424133,35,-0.09,-0.04,-0.55,-0.25,1,0.2,0.2,0.15,40,54.44,790,701,14,687,0,196,77,40,99,275,0,89,11,801,374,313,801,282965.59,2910.44,24,27,19,30,34,27,29,497,0,196,176,315
424134,35,-0.09,-0.04,-0.55,-0.25,1,0.2,0.2,0.15,40,64.25,793,704,13,691,322,0,177,70,39,83,0,89,8,801,444,247,801,408262.08,4196.07,33,59,79,38,46,36,25,375,322,0,216,153
424135,35,-0.09,-0.04,-0.55,-0.25,1,0.2,0.2,0.15,50,57.23,793,704,12,692,303,194,0,102,0,93,0,89,8,801,396,296,801,313474.39,3231.93,57,86,98,61,74,56,39,221,303,194,0,195
424136,35,-0.09,-0.04,-0.55,-0.25,1,0.2,0.2,0.15,50,53.13,790,701,14,687,0,206,0,116,0,365,0,89,11,801,365,322,801,261061.51,2678.15,24,27,19,30,34,27,29,497,0,206,0,481
424137,35,-0.09,-0.04,-0.55,-0.25,1,0.2,0.2,0.15,50,63.39,793,704,13,691,323,0,0,253,0,115,0,89,8,801,438,253,801,383071.47,3937.52,33,59,79,38,46,36,25,375,323,0,0,368
424138,35,-0.09,-0.04,-0.55,-0.25,1,0.2,0.2,0.15,60,57.23,793,704,12,692,303,194,0,102,0,93,0,89,8,801,396,296,801,313474.39,3231.93,57,86,98,61,74,56,39,221,303,194,0,195
424139,35,-0.09,-0.04,-0.55,-0.25,1,0.2,0.2,0.15,60,53.13,790,701,14,687,0,206,0,116,0,365,0,89,11,801,365,322,801,261061.51,2678.15,24,27,19,30,34,27,29,497,0,206,0,481
424140,35,-0.09,-0.04,-0.55,-0.25,1,0.2,0.2,0.15,60,63.39,793,704,13,691,323,0,0,253,0,115,0,89,8,801,438,253,801,383071.47,3937.52,33,59,79,38,46,36,25,375,323,0,0,368
424141,35,-0.09,-0.04,-0.55,-0.25,2,0.1,0.1,0.15,20,74.14,793,704,4,700,447,90,91,0,72,0,0,89,8,801,519,181,801,293422.54,3329.44,263,137,81,219,0,0,0,0,447,90,163,0
424142,35,-0.09,-0.04,-0.55,-0.25,2,0.1,0.1,0.15,20,68.29,793,704,7,697,0,100,121,0,476,0,0,89,8,801,476,221,801,490725.44,5068.29,24,27,19,627,0,0,0,0,0,100,597,0
424143,35,-0.09,-0.04,-0.55,-0.25,2,0.1,0.1,0.15,20,77.86,793,704,4,700,465,0,155,0,80,0,0,89,8,801,545,155,801,363429.86,3818.8,239,119,73,269,0,0,0,0,465,0,235,0
424144,35,-0.09,-0.04,-0.55,-0.25,2,0.1,0.1,0.15,30,74.11,793,704,5,699,491,128,53,0,27,0,0,89,8,801,518,181,801,282127.39,3353.76,263,137,81,56,49,113,0,0,491,128,80,0
424145,35,-0.09,-0.04,-0.55,-0.25,2,0.1,0.1,0.15,30,61.36,792,703,12,691,0,161,106,0,424,0,0,89,9,801,424,267,801,430462.86,4710.11,24,27,19,30,34,557,0,0,0,161,530,0
424146,35,-0.09,-0.04,-0.55,-0.25,2,0.1,0.1,0.15,30,80.66,793,704,6,698,523,0,135,0,40,0,0,89,8,801,563,135,801,398217.89,4112.25,239,119,73,34,39,194,0,0,523,0,175,0
424147,35,-0.09,-0.04,-0.55,-0.25,2,0.1,0.1,0.15,40,73.93,793,704,6,698,503,144,24,14,7,6,0,89,8,801,516,182,801,267879.58,3292.8,263,137,81,56,49,33,17,62,503,144,31,20
424148,35,-0.09,-0.04,-0.55,-0.25,2,0.1,0.1,0.15,40,56.91,790,701,14,687,0,196,72,28,104,287,0,89,11,801,391,296,801,353588.15,4281.28,24,27,19,30,34,27,29,497,0,196,176,315
424149,35,-0.09,-0.04,-0.55,-0.25,2,0.1,0.1,0.15,40,81.49,793,704,7,697,543,0,94,35,10,15,0,89,8,801,568,129,801,376574.7,4010.55,239,119,73,34,39,19,13,161,543,0,104,50
424150,35,-0.09,-0.04,-0.55,-0.25,2,0.1,0.1,0.15,50,73.64,793,704,6,698,503,146,0,38,0,11,0,89,8,801,514,184,801,264597.56,3265.12,263,137,81,56,49,33,17,62,503,146,0,49
424151,35,-0.09,-0.04,-0.55,-0.25,2,0.1,0.1,0.15,50,55.75,790,701,14,687,0,206,0,98,0,383,0,89,11,801,383,304,801,325668.89,4055.87,24,27,19,30,34,27,29,497,0,206,0,481
424152,35,-0.09,-0.04,-0.55,-0.25,2,0.1,0.1,0.15,50,81.35,793,704,7,697,543,0,0,130,0,24,0,89,8,801,567,130,801,362684.79,3927.74,239,119,73,34,39,19,13,161,543,0,0,154
424153,35,-0.09,-0.04,-0.55,-0.25,2,0.1,0.1,0.15,60,73.64,793,704,6,698,503,146,0,38,0,11,0,89,8,801,514,184,801,264597.56,3265.12,263,137,81,56,49,33,17,62,503,146,0,49
424154,35,-0.09,-0.04,-0.55,-0.25,2,0.1,0.1,0.15,60,55.75,790,701,14,687,0,206,0,98,0,383,0,89,11,801,383,304,801,325668.89,4055.87,24,27,19,30,34,27,29,497,0,206,0,481
424155,35,-0.09,-0.04,-0.55,-0.25,2,0.1,0.1,0.15,60,81.35,793,704,7,697,543,0,0,130,0,24,0,89,8,801,567,130,801,362684.79,3927.74,239,119,73,34,39,19,13,161,543,0,0,154
424156,35,-0.09,-0.04,-0.55,-0.25,2,0.1,0.2,0.15,20,68.62,793,704,6,698,218,100,119,0,261,0,0,89,8,801,479,219,801,450390.62,4744.23,57,94,98,449,0,0,0,0,218,100,380,0
424157,35,-0.09,-0.04,-0.55,-0.25,2,0.1,0.2,0.15,20,68.29,793,704,7,697,0,100,121,0,476,0,0,89,8,801,476,221,801,490725.44,5068.29,24,27,19,627,0,0,0,0,0,100,597,0
424158,35,-0.09,-0.04,-0.55,-0.25,2,0.1,0.2,0.15,20,72.92,793,704,6,698,229,0,189,0,280,0,0,89,8,801,509,189,801,546087.21,5403.88,33,67,82,516,0,0,0,0,229,0,469,0
424159,35,-0.09,-0.04,-0.55,-0.25,2,0.1,0.2,0.15,30,63.69,793,704,10,694,289,158,94,0,153,0,0,89,8,801,442,252,801,443073.28,4826.39,57,94,98,69,74,302,0,0,289,158,247,0
424160,35,-0.09,-0.04,-0.55,-0.25,2,0.1,0.2,0.15,30,61.36,792,703,12,691,0,161,106,0,424,0,0,89,9,801,424,267,801,430462.86,4710.11,24,27,19,30,34,557,0,0,0,161,530,0
424161,35,-0.09,-0.04,-0.55,-0.25,2,0.1,0.2,0.15,30,71.86,793,704,11,693,313,0,195,0,185,0,0,89,8,801,498,195,801,620183.51,5974.51,33,67,82,47,48,416,0,0,313,0,380,0
424162,35,-0.09,-0.04,-0.55,-0.25,2,0.1,0.2,0.15,40,60.84,793,704,12,692,319,189,55,27,38,64,0,89,8,801,421,271,801,400762.03,4651.74,57,94,98,69,74,55,41,204,319,189,93,91
424163,35,-0.09,-0.04,-0.55,-0.25,2,0.1,0.2,0.15,40,56.91,790,701,14,687,0,196,72,28,104,287,0,89,11,801,391,296,801,353588.15,4281.28,24,27,19,30,34,27,29,497,0,196,176,315
424164,35,-0.09,-0.04,-0.55,-0.25,2,0.1,0.2,0.15,40,68.74,793,704,13,691,348,0,163,53,45,82,0,89,8,801,475,216,801,542942.95,5623.0,33,67,82,47,48,36,26,352,348,0,208,135
424165,35,-0.09,-0.04,-0.55,-0.25,2,0.1,0.2,0.15,50,60.12,793,704,12,692,320,193,0,83,0,96,0,89,8,801,416,276,801,387943.17,4547.3,57,94,98,69,74,55,41,204,320,193,0,179
424166,35,-0.09,-0.04,-0.55,-0.25,2,0.1,0.2,0.15,50,55.75,790,701,14,687,0,206,0,98,0,383,0,89,11,801,383,304,801,325668.89,4055.87,24,27,19,30,34,27,29,497,0,206,0,481
424167,35,-0.09,-0.04,-0.55,-0.25,2,0.1,0.2,0.15,50,68.31,793,704,13,691,349,0,0,219,0,123,0,89,8,801,472,219,801,505315.81,5392.98,33,67,82,47,48,36,26,352,349,0,0,342
424168,35,-0.09,-0.04,-0.55,-0.25,2,0.1,0.2,0.15,60,60.12,793,704,12,692,320,193,0,83,0,96,0,89,8,801,416,276,801,387943.17,4547.3,57,94,98,69,74,55,41,204,320,193,0,179
424169,35,-0.09,-0.04,-0.55,-0.25,2,0.1,0.2,0.15,60,55.75,790,701,14,687,0,206,0,98,0,383,0,89,11,801,383,304,801,325668.89,4055.87,24,27,19,30,34,27,29,497,0,206,0,481
424170,35,-0.09,-0.04,-0.55,-0.25,2,0.1,0.2,0.15,60,68.31,793,704,13,691,349,0,0,219,0,123,0,89,8,801,472,219,801,505315.81,5392.98,33,67,82,47,48,36,26,352,349,0,0,342
424171,35,-0.09,-0.04,-0.55,-0.25,2,0.2,0.1,0.15,20,71.14,793,704,4,700,430,90,112,0,68,0,0,89,8,801,498,202,801,249544.92,2551.87,255,133,73,239,0,0,0,0,430,90,180,0
424172,35,-0.09,-0.04,-0.55,-0.25,2,0.2,0.1,0.15,20,64.71,793,704,7,697,0,100,146,0,451,0,0,89,8,801,451,246,801,395785.75,4065.25,24,27,19,627,0,0,0,0,0,100,597,0
424173,35,-0.09,-0.04,-0.55,-0.25,2,0.2,0.1,0.15,20,73.57,793,704,4,700,447,0,185,0,68,0,0,89,8,801,515,185,801,296322.2,3027.27,231,112,61,296,0,0,0,0,447,0,253,0
424174,35,-0.09,-0.04,-0.55,-0.25,2,0.2,0.1,0.15,30,71.67,793,704,5,699,472,133,65,0,29,0,0,89,8,801,501,198,801,236304.65,2427.79,255,133,73,59,43,136,0,0,472,133,94,0
424175,35,-0.09,-0.04,-0.55,-0.25,2,0.2,0.1,0.15,30,60.35,792,703,12,691,0,161,113,0,417,0,0,89,9,801,417,274,801,335395.67,3472.17,24,27,19,30,34,557,0,0,0,161,530,0
424176,35,-0.09,-0.04,-0.55,-0.25,2,0.2,0.1,0.15,30,75.93,793,704,6,698,497,0,168,0,33,0,0,89,8,801,530,168,801,311288.38,3194.49,231,112,61,43,25,226,0,0,497,0,201,0
424177,35,-0.09,-0.04,-0.55,-0.25,2,0.2,0.1,0.15,40,70.92,793,704,6,698,484,153,28,22,8,3,0,89,8,801,495,203,801,222797.86,2278.16,255,133,73,59,43,42,20,73,484,153,36,25
424178,35,-0.09,-0.04,-0.55,-0.25,2,0.2,0.1,0.15,40,54.44,790,701,14,687,0,196,77,40,99,275,0,89,11,801,374,313,801,282965.59,2910.44,24,27,19,30,34,27,29,497,0,196,176,315
424179,35,-0.09,-0.04,-0.55,-0.25,2,0.2,0.1,0.15,40,76.18,793,704,7,697,515,0,117,49,8,8,0,89,8,801,531,166,801,287584.76,2936.02,231,112,61,43,25,25,12,188,515,0,125,57
424180,35,-0.09,-0.04,-0.55,-0.25,2,0.2,0.1,0.15,50,70.49,793,704,6,698,484,155,0,51,0,8,0,89,8,801,492,206,801,219426.3,2243.45,255,133,73,59,43,42,20,73,484,155,0,59
424181,35,-0.09,-0.04,-0.55,-0.25,2,0.2,0.1,0.15,50,53.13,790,701,14,687,0,206,0,116,0,365,0,89,11,801,365,322,801,261061.51,2678.15,24,27,19,30,34,27,29,497,0,206,0,481
424182,35,-0.09,-0.04,-0.55,-0.25,2,0.2,0.1,0.15,50,75.9,793,704,7,697,515,0,0,168,0,14,0,89,8,801,529,168,801,277855.45,2836.31,231,112,61,43,25,25,12,188,515,0,0,182
424183,35,-0.09,-0.04,-0.55,-0.25,2,0.2,0.1,0.15,60,70.49,793,704,6,698,484,155,0,51,0,8,0,89,8,801,492,206,801,219426.3,2243.45,255,133,73,59,43,42,20,73,484,155,0,59
424184,35,-0.09,-0.04,-0.55,-0.25,2,0.2,0.1,0.15,60,53.13,790,701,14,687,0,206,0,116,0,365,0,89,11,801,365,322,801,261061.51,2678.15,24,27,19,30,34,27,29,497,0,206,0,481
424185,35,-0.09,-0.04,-0.55,-0.25,2,0.2,0.1,0.15,60,75.9,793,704,7,697,515,0,0,168,0,14,0,89,8,801,529,168,801,277855.45,2836.31,231,112,61,43,25,25,12,188,515,0,0,182
424186,35,-0.09,-0.04,-0.55,-0.25,2,0.2,0.2,0.15,20,65.04,793,704,6,698,202,100,144,0,252,0,0,89,8,801,454,244,801,369181.96,3791.62,57,86,98,457,0,0,0,0,202,100,396,0
424187,35,-0.09,-0.04,-0.55,-0.25,2,0.2,0.2,0.15,20,64.71,793,704,7,697,0,100,146,0,451,0,0,89,8,801,451,246,801,395785.75,4065.25,24,27,19,627,0,0,0,0,0,100,597,0
424188,35,-0.09,-0.04,-0.55,-0.25,2,0.2,0.2,0.15,20,67.62,793,704,6,698,209,0,226,0,263,0,0,89,8,801,472,226,801,424780.02,4358.64,33,59,79,527,0,0,0,0,209,0,489,0
424189,35,-0.09,-0.04,-0.55,-0.25,2,0.2,0.2,0.15,30,62.68,793,704,10,694,274,158,101,0,161,0,0,89,8,801,435,259,801,353547.83,3649.77,57,86,98,61,74,318,0,0,274,158,262,0
424190,35,-0.09,-0.04,-0.55,-0.25,2,0.2,0.2,0.15,30,60.35,792,703,12,691,0,161,113,0,417,0,0,89,9,801,417,274,801,335395.67,3472.17,24,27,19,30,34,557,0,0,0,161,530,0
424191,35,-0.09,-0.04,-0.55,-0.25,2,0.2,0.2,0.15,30,67.97,793,704,11,693,291,0,222,0,180,0,0,89,8,801,471,222,801,452877.16,4665.68,33,59,79,38,46,438,0,0,291,0,402,0
424192,35,-0.09,-0.04,-0.55,-0.25,2,0.2,0.2,0.15,40,58.09,793,704,12,692,302,189,62,39,37,63,0,89,8,801,402,290,801,326137.14,3362.4,57,86,98,61,74,56,39,221,302,189,99,102
424193,35,-0.09,-0.04,-0.55,-0.25,2,0.2,0.2,0.15,40,54.44,790,701,14,687,0,196,77,40,99,275,0,89,11,801,374,313,801,282965.59,2910.44,24,27,19,30,34,27,29,497,0,196,176,315
424194,35,-0.09,-0.04,-0.55,-0.25,2,0.2,0.2,0.15,40,64.25,793,704,13,691,322,0,177,70,39,83,0,89,8,801,444,247,801,408262.08,4196.07,33,59,79,38,46,36,25,375,322,0,216,153
424195,35,-0.09,-0.04,-0.55,-0.25,2,0.2,0.2,0.15,50,57.23,793,704,12,692,303,194,0,102,0,93,0,89,8,801,396,296,801,313474.39,3231.93,57,86,98,61,74,56,39,221,303,194,0,195
424196,35,-0.09,-0.04,-0.55,-0.25,2,0.2,0.2,0.15,50,53.13,790,701,14,687,0,206,0,116,0,365,0,89,11,801,365,322,801,261061.51,2678.15,24,27,19,30,34,27,29,497,0,206,0,481
424197,35,-0.09,-0.04,-0.55,-0.25,2,0.2,0.2,0.15,50,63.39,793,704,13,691,323,0,0,253,0,115,0,89,8,801,438,253,801,383071.47,3937.52,33,59,79,38,46,36,25,375,323,0,0,368
424198,35,-0.09,-0.04,-0.55,-0.25,2,0.2,0.2,0.15,60,57.23,793,704,12,692,303,194,0,102,0,93,0,89,8,801,396,296,801,313474.39,3231.93,57,86,98,61,74,56,39,221,303,194,0,195
424199,35,-0.09,-0.04,-0.55,-0.25,2,0.2,0.2,0.15,60,53.13,790,701,14,687,0,206,0,116,0,365,0,89,11,801,365,322,801,261061.51,2678.15,24,27,19,30,34,27,29,497,0,206,0,481
424200,35,-0.09,-0.04,-0.55,-0.25,2,0.2,0.2,0.15,60,63.39,793,704,13,691,323,0,0,253,0,115,0,89,8,801,438,253,801,383071.47,3937.52,33,59,79,38,46,36,25,375,323,0,0,368
424201,35,-0.09,-0.04,-0.5,-0.45,1,0.1,0.1,0.15,20,69.47,157,132,1,131,87,27,13,0,4,0,0,25,0,157,91,40,157,40105.06,407.02,48,30,20,33,0,0,0,0,87,27,17,0
424202,35,-0.09,-0.04,-0.5,-0.45,1,0.1,0.1,0.15,20,63.85,157,132,2,130,0,28,19,0,83,0,0,25,0,157,83,47,157,83928.74,850.83,3,9,5,113,0,0,0,0,0,28,102,0
424203,35,-0.09,-0.04,-0.5,-0.45,1,0.1,0.1,0.15,20,74.05,157,132,1,131,93,0,34,0,4,0,0,25,0,157,97,34,157,60148.63,606.93,45,23,16,47,0,0,0,0,93,0,38,0
424204,35,-0.09,-0.04,-0.5,-0.45,1,0.1,0.1,0.15,30,73.28,157,132,1,131,91,31,4,0,5,0,0,25,0,157,96,35,157,42530.16,431.39,48,30,20,16,3,14,0,0,91,31,9,0
424205,35,-0.09,-0.04,-0.5,-0.45,1,0.1,0.1,0.15,30,60.0,157,132,2,130,0,35,17,0,78,0,0,25,0,157,78,52,157,76590.15,777.39,3,9,5,11,4,98,0,0,0,35,95,0
424206,35,-0.09,-0.04,-0.5,-0.45,1,0.1,0.1,0.15,30,80.92,157,132,1,131,101,0,25,0,5,0,0,25,0,157,106,25,157,70002.3,707.79,45,23,16,9,3,35,0,0,101,0,30,0
424207,35,-0.09,-0.04,-0.5,-0.45,1,0.1,0.1,0.15,40,72.52,157,132,1,131,95,32,3,1,0,0,0,25,0,157,95,36,157,43932.66,448.31,48,30,20,16,3,5,3,6,95,32,3,1
424208,35,-0.09,-0.04,-0.5,-0.45,1,0.1,0.1,0.15,40,55.38,157,132,2,130,0,41,14,3,13,59,0,25,0,157,72,58,157,80619.13,821.3,3,9,5,11,4,3,7,88,0,41,27,62
424209,35,-0.09,-0.04,-0.5,-0.45,1,0.1,0.1,0.15,40,81.68,157,132,1,131,105,0,19,5,0,2,0,25,0,157,107,24,157,68911.53,698.3,45,23,16,9,3,5,2,28,105,0,19,7
424210,35,-0.09,-0.04,-0.5,-0.45,1,0.1,0.1,0.15,50,72.52,157,132,1,131,95,33,0,3,0,0,0,25,0,157,95,36,157,43347.15,442.31,48,30,20,16,3,5,3,6,95,33,0,3
424211,35,-0.09,-0.04,-0.5,-0.45,1,0.1,0.1,0.15,50,55.38,157,132,2,130,0,45,0,13,0,72,0,25,0,157,72,58,157,77628.55,791.47,3,9,5,11,4,3,7,88,0,45,0,85
424212,35,-0.09,-0.04,-0.5,-0.45,1,0.1,0.1,0.15,50,81.68,157,132,1,131,105,0,0,24,0,2,0,25,0,157,107,24,157,65976.43,668.52,45,23,16,9,3,5,2,28,105,0,0,26
424213,35,-0.09,-0.04,-0.5,-0.45,1,0.1,0.1,0.15,60,72.52,157,132,1,131,95,33,0,3,0,0,0,25,0,157,95,36,157,43347.15,442.31,48,30,20,16,3,5,3,6,95,33,0,3
424214,35,-0.09,-0.04,-0.5,-0.45,1,0.1,0.1,0.15,60,55.38,157,132,2,130,0,45,0,13,0,72,0,25,0,157,72,58,157,77628.55,791.47,3,9,5,11,4,3,7,88,0,45,0,85
424215,35,-0.09,-0.04,-0.5,-0.45,1,0.1,0.1,0.15,60,81.68,157,132,1,131,105,0,0,24,0,2,0,25,0,157,107,24,157,65976.43,668.52,45,23,16,9,3,5,2,28,105,0,0,26
424216,35,-0.09,-0.04,-0.5,-0.45,1,0.1,0.2,0.15,20,64.62,157,132,2,130,48,28,18,0,36,0,0,25,0,157,84,46,157,76110.94,773.48,11,26,23,70,0,0,0,0,48,28,54,0
424217,35,-0.09,-0.04,-0.5,-0.45,1,0.1,0.2,0.15,20,63.85,157,132,2,130,0,28,19,0,83,0,0,25,0,157,83,47,157,83928.74,850.83,3,9,5,113,0,0,0,0,0,28,102,0
424218,35,-0.09,-0.04,-0.5,-0.45,1,0.1,0.2,0.15,20,70.0,157,132,2,130,51,0,39,0,40,0,0,25,0,157,91,39,157,101350.34,1026.21,8,17,18,87,0,0,0,0,51,0,79,0
424219,35,-0.09,-0.04,-0.5,-0.45,1,0.1,0.2,0.15,30,64.62,157,132,2,130,63,34,12,0,21,0,0,25,0,157,84,46,157,79311.21,806.53,11,26,23,16,12,42,0,0,63,34,33,0
424220,35,-0.09,-0.04,-0.5,-0.45,1,0.1,0.2,0.15,30,60.0,157,132,2,130,0,35,17,0,78,0,0,25,0,157,78,52,157,76590.15,777.39,3,9,5,11,4,98,0,0,0,35,95,0
424221,35,-0.09,-0.04,-0.5,-0.45,1,0.1,0.2,0.15,30,73.08,157,132,2,130,69,0,35,0,26,0,0,25,0,157,95,35,157,113734.47,1153.68,8,17,18,8,10,69,0,0,69,0,61,0
424222,35,-0.09,-0.04,-0.5,-0.45,1,0.1,0.2,0.15,40,62.31,157,132,2,130,70,39,8,2,5,6,0,25,0,157,81,49,157,84079.58,858.49,11,26,23,16,12,9,10,23,70,39,13,8
424223,35,-0.09,-0.04,-0.5,-0.45,1,0.1,0.2,0.15,40,55.38,157,132,2,130,0,41,14,3,13,59,0,25,0,157,72,58,157,80619.13,821.3,3,9,5,11,4,3,7,88,0,41,27,62
424224,35,-0.09,-0.04,-0.5,-0.45,1,0.1,0.2,0.15,40,71.54,157,132,2,130,77,0,30,7,6,10,0,25,0,157,93,37,157,114571.13,1164.63,8,17,18,8,10,8,7,54,77,0,36,17
424225,35,-0.09,-0.04,-0.5,-0.45,1,0.1,0.2,0.15,50,62.31,157,132,2,130,70,41,0,8,0,11,0,25,0,157,81,49,157,82496.02,842.76,11,26,23,16,12,9,10,23,70,41,0,19
424226,35,-0.09,-0.04,-0.5,-0.45,1,0.1,0.2,0.15,50,55.38,157,132,2,130,0,45,0,13,0,72,0,25,0,157,72,58,157,77628.55,791.47,3,9,5,11,4,3,7,88,0,45,0,85
424227,35,-0.09,-0.04,-0.5,-0.45,1,0.1,0.2,0.15,50,71.54,157,132,2,130,77,0,0,37,0,16,0,25,0,157,93,37,157,108197.89,1100.29,8,17,18,8,10,8,7,54,77,0,0,53
424228,35,-0.09,-0.04,-0.5,-0.45,1,0.1,0.2,0.15,60,62.31,157,132,2,130,70,41,0,8,0,11,0,25,0,157,81,49,157,82496.02,842.76,11,26,23,16,12,9,10,23,70,41,0,19
424229,35,-0.09,-0.04,-0.5,-0.45,1,0.1,0.2,0.15,60,55.38,157,132,2,130,0,45,0,13,0,72,0,25,0,157,72,58,157,77628.55,791.47,3,9,5,11,4,3,7,88,0,45,0,85
424230,35,-0.09,-0.04,-0.5,-0.45,1,0.1,0.2,0.15,60,71.54,157,132,2,130,77,0,0,37,0,16,0,25,0,157,93,37,157,108197.89,1100.29,8,17,18,8,10,8,7,54,77,0,0,53
424231,35,-0.09,-0.04,-0.5,-0.45,1,0.2,0.1,0.15,20,69.47,157,132,1,131,87,27,13,0,4,0,0,25,0,157,91,40,157,40105.06,407.02,48,30,20,33,0,0,0,0,87,27,17,0
424232,35,-0.09,-0.04,-0.5,-0.45,1,0.2,0.1,0.15,20,63.85,157,132,2,130,0,28,19,0,83,0,0,25,0,157,83,47,157,83928.74,850.83,3,9,5,113,0,0,0,0,0,28,102,0
424233,35,-0.09,-0.04,-0.5,-0.45,1,0.2,0.1,0.15,20,74.05,157,132,1,131,93,0,34,0,4,0,0,25,0,157,97,34,157,60148.63,606.93,45,23,16,47,0,0,0,0,93,0,38,0
424234,35,-0.09,-0.04,-0.5,-0.45,1,0.2,0.1,0.15,30,73.28,157,132,1,131,91,31,4,0,5,0,0,25,0,157,96,35,157,42530.16,431.39,48,30,20,16,3,14,0,0,91,31,9,0
424235,35,-0.09,-0.04,-0.5,-0.45,1,0.2,0.1,0.15,30,60.0,157,132,2,130,0,35,17,0,78,0,0,25,0,157,78,52,157,76590.15,777.39,3,9,5,11,4,98,0,0,0,35,95,0
424236,35,-0.09,-0.04,-0.5,-0.45,1,0.2,0.1,0.15,30,80.92,157,132,1,131,101,0,25,0,5,0,0,25,0,157,106,25,157,70002.3,707.79,45,23,16,9,3,35,0,0,101,0,30,0
424237,35,-0.09,-0.04,-0.5,-0.45,1,0.2,0.1,0.15,40,72.52,157,132,1,131,95,32,3,1,0,0,0,25,0,157,95,36,157,43932.66,448.31,48,30,20,16,3,5,3,6,95,32,3,1
424238,35,-0.09,-0.04,-0.5,-0.45,1,0.2,0.1,0.15,40,55.38,157,132,2,130,0,41,14,3,13,59,0,25,0,157,72,58,157,80619.13,821.3,3,9,5,11,4,3,7,88,0,41,27,62
424239,35,-0.09,-0.04,-0.5,-0.45,1,0.2,0.1,0.15,40,81.68,157,132,1,131,105,0,19,5,0,2,0,25,0,157,107,24,157,68911.53,698.3,45,23,16,9,3,5,2,28,105,0,19,7
424240,35,-0.09,-0.04,-0.5,-0.45,1,0.2,0.1,0.15,50,72.52,157,132,1,131,95,33,0,3,0,0,0,25,0,157,95,36,157,43347.15,442.31,48,30,20,16,3,5,3,6,95,33,0,3
424241,35,-0.09,-0.04,-0.5,-0.45,1,0.2,0.1,0.15,50,55.38,157,132,2,130,0,45,0,13,0,72,0,25,0,157,72,58,157,77628.55,791.47,3,9,5,11,4,3,7,88,0,45,0,85
424242,35,-0.09,-0.04,-0.5,-0.45,1,0.2,0.1,0.15,50,81.68,157,132,1,131,105,0,0,24,0,2,0,25,0,157,107,24,157,65976.43,668.52,45,23,16,9,3,5,2,28,105,0,0,26
424243,35,-0.09,-0.04,-0.5,-0.45,1,0.2,0.1,0.15,60,72.52,157,132,1,131,95,33,0,3,0,0,0,25,0,157,95,36,157,43347.15,442.31,48,30,20,16,3,5,3,6,95,33,0,3
424244,35,-0.09,-0.04,-0.5,-0.45,1,0.2,0.1,0.15,60,55.38,157,132,2,130,0,45,0,13,0,72,0,25,0,157,72,58,157,77628.55,791.47,3,9,5,11,4,3,7,88,0,45,0,85
424245,35,-0.09,-0.04,-0.5,-0.45,1,0.2,0.1,0.15,60,81.68,157,132,1,131,105,0,0,24,0,2,0,25,0,157,107,24,157,65976.43,668.52,45,23,16,9,3,5,2,28,105,0,0,26
424246,35,-0.09,-0.04,-0.5,-0.45,1,0.2,0.2,0.15,20,64.62,157,132,2,130,48,28,18,0,36,0,0,25,0,157,84,46,157,76110.94,773.48,11,26,23,70,0,0,0,0,48,28,54,0
424247,35,-0.09,-0.04,-0.5,-0.45,1,0.2,0.2,0.15,20,63.85,157,132,2,130,0,28,19,0,83,0,0,25,0,157,83,47,157,83928.74,850.83,3,9,5,113,0,0,0,0,0,28,102,0
424248,35,-0.09,-0.04,-0.5,-0.45,1,0.2,0.2,0.15,20,70.0,157,132,2,130,51,0,39,0,40,0,0,25,0,157,91,39,157,101350.34,1026.21,8,17,18,87,0,0,0,0,51,0,79,0
424249,35,-0.09,-0.04,-0.5,-0.45,1,0.2,0.2,0.15,30,64.62,157,132,2,130,63,34,12,0,21,0,0,25,0,157,84,46,157,79311.21,806.53,11,26,23,16,12,42,0,0,63,34,33,0
424250,35,-0.09,-0.04,-0.5,-0.45,1,0.2,0.2,0.15,30,60.0,157,132,2,130,0,35,17,0,78,0,0,25,0,157,78,52,157,76590.15,777.39,3,9,5,11,4,98,0,0,0,35,95,0
424251,35,-0.09,-0.04,-0.5,-0.45,1,0.2,0.2,0.15,30,73.08,157,132,2,130,69,0,35,0,26,0,0,25,0,157,95,35,157,113734.47,1153.68,8,17,18,8,10,69,0,0,69,0,61,0
424252,35,-0.09,-0.04,-0.5,-0.45,1,0.2,0.2,0.15,40,62.31,157,132,2,130,70,39,8,2,5,6,0,25,0,157,81,49,157,84079.58,858.49,11,26,23,16,12,9,10,23,70,39,13,8
424253,35,-0.09,-0.04,-0.5,-0.45,1,0.2,0.2,0.15,40,55.38,157,132,2,130,0,41,14,3,13,59,0,25,0,157,72,58,157,80619.13,821.3,3,9,5,11,4,3,7,88,0,41,27,62
424254,35,-0.09,-0.04,-0.5,-0.45,1,0.2,0.2,0.15,40,71.54,157,132,2,130,77,0,30,7,6,10,0,25,0,157,93,37,157,114571.13,1164.63,8,17,18,8,10,8,7,54,77,0,36,17
424255,35,-0.09,-0.04,-0.5,-0.45,1,0.2,0.2,0.15,50,62.31,157,132,2,130,70,41,0,8,0,11,0,25,0,157,81,49,157,82496.02,842.76,11,26,23,16,12,9,10,23,70,41,0,19
424256,35,-0.09,-0.04,-0.5,-0.45,1,0.2,0.2,0.15,50,55.38,157,132,2,130,0,45,0,13,0,72,0,25,0,157,72,58,157,77628.55,791.47,3,9,5,11,4,3,7,88,0,45,0,85
424257,35,-0.09,-0.04,-0.5,-0.45,1,0.2,0.2,0.15,50,71.54,157,132,2,130,77,0,0,37,0,16,0,25,0,157,93,37,157,108197.89,1100.29,8,17,18,8,10,8,7,54,77,0,0,53
424258,35,-0.09,-0.04,-0.5,-0.45,1,0.2,0.2,0.15,60,62.31,157,132,2,130,70,41,0,8,0,11,0,25,0,157,81,49,157,82496.02,842.76,11,26,23,16,12,9,10,23,70,41,0,19
424259,35,-0.09,-0.04,-0.5,-0.45,1,0.2,0.2,0.15,60,55.38,157,132,2,130,0,45,0,13,0,72,0,25,0,157,72,58,157,77628.55,791.47,3,9,5,11,4,3,7,88,0,45,0,85
424260,35,-0.09,-0.04,-0.5,-0.45,1,0.2,0.2,0.15,60,71.54,157,132,2,130,77,0,0,37,0,16,0,25,0,157,93,37,157,108197.89,1100.29,8,17,18,8,10,8,7,54,77,0,0,53
424261,35,-0.09,-0.04,-0.5,-0.45,2,0.1,0.1,0.15,20,72.52,157,132,1,131,89,27,9,0,6,0,0,25,0,157,95,36,157,43727.34,577.19,50,31,20,30,0,0,0,0,89,27,15,0
424262,35,-0.09,-0.04,-0.5,-0.45,2,0.1,0.1,0.15,20,66.92,157,132,2,130,0,28,15,0,87,0,0,25,0,157,87,43,157,101134.65,1069.35,3,9,5,113,0,0,0,0,0,28,102,0
424263,35,-0.09,-0.04,-0.5,-0.45,2,0.1,0.1,0.15,20,78.63,157,132,1,131,95,0,28,0,8,0,0,25,0,157,103,28,157,76974.78,770.19,47,25,16,43,0,0,0,0,95,0,36,0
424264,35,-0.09,-0.04,-0.5,-0.45,2,0.1,0.1,0.15,30,74.81,157,132,1,131,94,31,2,0,4,0,0,25,0,157,98,33,157,48317.12,598.28,50,31,20,15,6,9,0,0,94,31,6,0
424265,35,-0.09,-0.04,-0.5,-0.45,2,0.1,0.1,0.15,30,60.77,157,132,2,130,0,35,16,0,79,0,0,25,0,157,79,51,157,97729.66,1023.15,3,9,5,11,4,98,0,0,0,35,95,0
424266,35,-0.09,-0.04,-0.5,-0.45,2,0.1,0.1,0.15,30,85.5,157,132,1,131,105,0,19,0,7,0,0,25,0,157,112,19,157,93231.48,866.61,47,25,16,7,7,29,0,0,105,0,26,0
424267,35,-0.09,-0.04,-0.5,-0.45,2,0.1,0.1,0.15,40,74.81,157,132,1,131,98,31,2,0,0,0,0,25,0,157,98,33,157,49976.22,620.51,50,31,20,15,6,3,2,4,98,31,2,0
424268,35,-0.09,-0.04,-0.5,-0.45,2,0.1,0.1,0.15,40,57.69,157,132,2,130,0,41,12,2,15,60,0,25,0,157,75,55,157,102951.78,1092.59,3,9,5,11,4,3,7,88,0,41,27,62
424269,35,-0.09,-0.04,-0.5,-0.45,2,0.1,0.1,0.15,40,87.02,157,132,1,131,109,0,15,2,1,4,0,25,0,157,114,17,157,91952.4,873.34,47,25,16,7,7,3,2,24,109,0,16,6
424270,35,-0.09,-0.04,-0.5,-0.45,2,0.1,0.1,0.15,50,74.81,157,132,1,131,98,32,0,1,0,0,0,25,0,157,98,33,157,49082.15,616.16,50,31,20,15,6,3,2,4,98,32,0,1
424271,35,-0.09,-0.04,-0.5,-0.45,2,0.1,0.1,0.15,50,57.69,157,132,2,130,0,45,0,10,0,75,0,25,0,157,75,55,157,98402.19,1061.95,3,9,5,11,4,3,7,88,0,45,0,85
424272,35,-0.09,-0.04,-0.5,-0.45,2,0.1,0.1,0.15,50,87.02,157,132,1,131,109,0,0,17,0,5,0,25,0,157,114,17,157,86599.13,846.47,47,25,16,7,7,3,2,24,109,0,0,22
424273,35,-0.09,-0.04,-0.5,-0.45,2,0.1,0.1,0.15,60,74.81,157,132,1,131,98,32,0,1,0,0,0,25,0,157,98,33,157,49082.15,616.16,50,31,20,15,6,3,2,4,98,32,0,1
424274,35,-0.09,-0.04,-0.5,-0.45,2,0.1,0.1,0.15,60,57.69,157,132,2,130,0,45,0,10,0,75,0,25,0,157,75,55,157,98402.19,1061.95,3,9,5,11,4,3,7,88,0,45,0,85
424275,35,-0.09,-0.04,-0.5,-0.45,2,0.1,0.1,0.15,60,87.02,157,132,1,131,109,0,0,17,0,5,0,25,0,157,114,17,157,86599.13,846.47,47,25,16,7,7,3,2,24,109,0,0,22
424276,35,-0.09,-0.04,-0.5,-0.45,2,0.1,0.2,0.15,20,67.69,157,132,2,130,53,28,14,0,35,0,0,25,0,157,88,42,157,89751.96,979.03,11,28,24,67,0,0,0,0,53,28,49,0
424277,35,-0.09,-0.04,-0.5,-0.45,2,0.1,0.2,0.15,20,66.92,157,132,2,130,0,28,15,0,87,0,0,25,0,157,87,43,157,101134.65,1069.35,3,9,5,113,0,0,0,0,0,28,102,0
424278,35,-0.09,-0.04,-0.5,-0.45,2,0.1,0.2,0.15,20,74.62,157,132,2,130,58,0,33,0,39,0,0,25,0,157,97,33,157,136759.26,1241.74,8,19,21,82,0,0,0,0,58,0,72,0
424279,35,-0.09,-0.04,-0.5,-0.45,2,0.1,0.2,0.15,30,65.38,157,132,2,130,66,34,11,0,19,0,0,25,0,157,85,45,157,94178.23,1012.38,11,28,24,18,11,38,0,0,66,34,30,0
424280,35,-0.09,-0.04,-0.5,-0.45,2,0.1,0.2,0.15,30,60.77,157,132,2,130,0,35,16,0,79,0,0,25,0,157,79,51,157,97729.66,1023.15,3,9,5,11,4,98,0,0,0,35,95,0
424281,35,-0.09,-0.04,-0.5,-0.45,2,0.1,0.2,0.15,30,76.92,157,132,2,130,74,0,30,0,26,0,0,25,0,157,100,30,157,156779.03,1377.84,8,19,21,10,9,63,0,0,74,0,56,0
424282,35,-0.09,-0.04,-0.5,-0.45,2,0.1,0.2,0.15,40,63.85,157,132,2,130,73,39,7,1,6,4,0,25,0,157,83,47,157,95697.46,1059.49,11,28,24,18,11,8,10,20,73,39,13,5
424283,35,-0.09,-0.04,-0.5,-0.45,2,0.1,0.2,0.15,40,57.69,157,132,2,130,0,41,12,2,15,60,0,25,0,157,75,55,157,102951.78,1092.59,3,9,5,11,4,3,7,88,0,41,27,62
424284,35,-0.09,-0.04,-0.5,-0.45,2,0.1,0.2,0.15,40,75.38,157,132,2,130,82,0,28,4,7,9,0,25,0,157,98,32,157,149750.97,1388.45,8,19,21,10,9,7,6,50,82,0,35,13
424285,35,-0.09,-0.04,-0.5,-0.45,2,0.1,0.2,0.15,50,63.85,157,132,2,130,73,41,0,6,0,10,0,25,0,157,83,47,157,93085.91,1043.23,11,28,24,18,11,8,10,20,73,41,0,16
424286,35,-0.09,-0.04,-0.5,-0.45,2,0.1,0.2,0.15,50,57.69,157,132,2,130,0,45,0,10,0,75,0,25,0,157,75,55,157,98402.19,1061.95,3,9,5,11,4,3,7,88,0,45,0,85
424287,35,-0.09,-0.04,-0.5,-0.45,2,0.1,0.2,0.15,50,75.38,157,132,2,130,82,0,0,32,0,16,0,25,0,157,98,32,157,138495.12,1328.52,8,19,21,10,9,7,6,50,82,0,0,48
424288,35,-0.09,-0.04,-0.5,-0.45,2,0.1,0.2,0.15,60,63.85,157,132,2,130,73,41,0,6,0,10,0,25,0,157,83,47,157,93085.91,1043.23,11,28,24,18,11,8,10,20,73,41,0,16
424289,35,-0.09,-0.04,-0.5,-0.45,2,0.1,0.2,0.15,60,57.69,157,132,2,130,0,45,0,10,0,75,0,25,0,157,75,55,157,98402.19,1061.95,3,9,5,11,4,3,7,88,0,45,0,85
424290,35,-0.09,-0.04,-0.5,-0.45,2,0.1,0.2,0.15,60,75.38,157,132,2,130,82,0,0,32,0,16,0,25,0,157,98,32,157,138495.12,1328.52,8,19,21,10,9,7,6,50,82,0,0,48
424291,35,-0.09,-0.04,-0.5,-0.45,2,0.2,0.1,0.15,20,69.47,157,132,1,131,87,27,13,0,4,0,0,25,0,157,91,40,157,40105.06,407.02,48,30,20,33,0,0,0,0,87,27,17,0
424292,35,-0.09,-0.04,-0.5,-0.45,2,0.2,0.1,0.15,20,63.85,157,132,2,130,0,28,19,0,83,0,0,25,0,157,83,47,157,83928.74,850.83,3,9,5,113,0,0,0,0,0,28,102,0
424293,35,-0.09,-0.04,-0.5,-0.45,2,0.2,0.1,0.15,20,74.05,157,132,1,131,93,0,34,0,4,0,0,25,0,157,97,34,157,60148.63,606.93,45,23,16,47,0,0,0,0,93,0,38,0
424294,35,-0.09,-0.04,-0.5,-0.45,2,0.2,0.1,0.15,30,73.28,157,132,1,131,91,31,4,0,5,0,0,25,0,157,96,35,157,42530.16,431.39,48,30,20,16,3,14,0,0,91,31,9,0
424295,35,-0.09,-0.04,-0.5,-0.45,2,0.2,0.1,0.15,30,60.0,157,132,2,130,0,35,17,0,78,0,0,25,0,157,78,52,157,76590.15,777.39,3,9,5,11,4,98,0,0,0,35,95,0
424296,35,-0.09,-0.04,-0.5,-0.45,2,0.2,0.1,0.15,30,80.92,157,132,1,131,101,0,25,0,5,0,0,25,0,157,106,25,157,70002.3,707.79,45,23,16,9,3,35,0,0,101,0,30,0
424297,35,-0.09,-0.04,-0.5,-0.45,2,0.2,0.1,0.15,40,72.52,157,132,1,131,95,32,3,1,0,0,0,25,0,157,95,36,157,43932.66,448.31,48,30,20,16,3,5,3,6,95,32,3,1
424298,35,-0.09,-0.04,-0.5,-0.45,2,0.2,0.1,0.15,40,55.38,157,132,2,130,0,41,14,3,13,59,0,25,0,157,72,58,157,80619.13,821.3,3,9,5,11,4,3,7,88,0,41,27,62
424299,35,-0.09,-0.04,-0.5,-0.45,2,0.2,0.1,0.15,40,81.68,157,132,1,131,105,0,19,5,0,2,0,25,0,157,107,24,157,68911.53,698.3,45,23,16,9,3,5,2,28,105,0,19,7
424300,35,-0.09,-0.04,-0.5,-0.45,2,0.2,0.1,0.15,50,72.52,157,132,1,131,95,33,0,3,0,0,0,25,0,157,95,36,157,43347.15,442.31,48,30,20,16,3,5,3,6,95,33,0,3
424301,35,-0.09,-0.04,-0.5,-0.45,2,0.2,0.1,0.15,50,55.38,157,132,2,130,0,45,0,13,0,72,0,25,0,157,72,58,157,77628.55,791.47,3,9,5,11,4,3,7,88,0,45,0,85
424302,35,-0.09,-0.04,-0.5,-0.45,2,0.2,0.1,0.15,50,81.68,157,132,1,131,105,0,0,24,0,2,0,25,0,157,107,24,157,65976.43,668.52,45,23,16,9,3,5,2,28,105,0,0,26
424303,35,-0.09,-0.04,-0.5,-0.45,2,0.2,0.1,0.15,60,72.52,157,132,1,131,95,33,0,3,0,0,0,25,0,157,95,36,157,43347.15,442.31,48,30,20,16,3,5,3,6,95,33,0,3
424304,35,-0.09,-0.04,-0.5,-0.45,2,0.2,0.1,0.15,60,55.38,157,132,2,130,0,45,0,13,0,72,0,25,0,157,72,58,157,77628.55,791.47,3,9,5,11,4,3,7,88,0,45,0,85
424305,35,-0.09,-0.04,-0.5,-0.45,2,0.2,0.1,0.15,60,81.68,157,132,1,131,105,0,0,24,0,2,0,25,0,157,107,24,157,65976.43,668.52,45,23,16,9,3,5,2,28,105,0,0,26
424306,35,-0.09,-0.04,-0.5,-0.45,2,0.2,0.2,0.15,20,64.62,157,132,2,130,48,28,18,0,36,0,0,25,0,157,84,46,157,76110.94,773.48,11,26,23,70,0,0,0,0,48,28,54,0
424307,35,-0.09,-0.04,-0.5,-0.45,2,0.2,0.2,0.15,20,63.85,157,132,2,130,0,28,19,0,83,0,0,25,0,157,83,47,157,83928.74,850.83,3,9,5,113,0,0,0,0,0,28,102,0
424308,35,-0.09,-0.04,-0.5,-0.45,2,0.2,0.2,0.15,20,70.0,157,132,2,130,51,0,39,0,40,0,0,25,0,157,91,39,157,101350.34,1026.21,8,17,18,87,0,0,0,0,51,0,79,0
424309,35,-0.09,-0.04,-0.5,-0.45,2,0.2,0.2,0.15,30,64.62,157,132,2,130,63,34,12,0,21,0,0,25,0,157,84,46,157,79311.21,806.53,11,26,23,16,12,42,0,0,63,34,33,0
424310,35,-0.09,-0.04,-0.5,-0.45,2,0.2,0.2,0.15,30,60.0,157,132,2,130,0,35,17,0,78,0,0,25,0,157,78,52,157,76590.15,777.39,3,9,5,11,4,98,0,0,0,35,95,0
424311,35,-0.09,-0.04,-0.5,-0.45,2,0.2,0.2,0.15,30,73.08,157,132,2,130,69,0,35,0,26,0,0,25,0,157,95,35,157,113734.47,1153.68,8,17,18,8,10,69,0,0,69,0,61,0
424312,35,-0.09,-0.04,-0.5,-0.45,2,0.2,0.2,0.15,40,62.31,157,132,2,130,70,39,8,2,5,6,0,25,0,157,81,49,157,84079.58,858.49,11,26,23,16,12,9,10,23,70,39,13,8
424313,35,-0.09,-0.04,-0.5,-0.45,2,0.2,0.2,0.15,40,55.38,157,132,2,130,0,41,14,3,13,59,0,25,0,157,72,58,157,80619.13,821.3,3,9,5,11,4,3,7,88,0,41,27,62
424314,35,-0.09,-0.04,-0.5,-0.45,2,0.2,0.2,0.15,40,71.54,157,132,2,130,77,0,30,7,6,10,0,25,0,157,93,37,157,114571.13,1164.63,8,17,18,8,10,8,7,54,77,0,36,17
424315,35,-0.09,-0.04,-0.5,-0.45,2,0.2,0.2,0.15,50,62.31,157,132,2,130,70,41,0,8,0,11,0,25,0,157,81,49,157,82496.02,842.76,11,26,23,16,12,9,10,23,70,41,0,19
424316,35,-0.09,-0.04,-0.5,-0.45,2,0.2,0.2,0.15,50,55.38,157,132,2,130,0,45,0,13,0,72,0,25,0,157,72,58,157,77628.55,791.47,3,9,5,11,4,3,7,88,0,45,0,85
424317,35,-0.09,-0.04,-0.5,-0.45,2,0.2,0.2,0.15,50,71.54,157,132,2,130,77,0,0,37,0,16,0,25,0,157,93,37,157,108197.89,1100.29,8,17,18,8,10,8,7,54,77,0,0,53
424318,35,-0.09,-0.04,-0.5,-0.45,2,0.2,0.2,0.15,60,62.31,157,132,2,130,70,41,0,8,0,11,0,25,0,157,81,49,157,82496.02,842.76,11,26,23,16,12,9,10,23,70,41,0,19
424319,35,-0.09,-0.04,-0.5,-0.45,2,0.2,0.2,0.15,60,55.38,157,132,2,130,0,45,0,13,0,72,0,25,0,157,72,58,157,77628.55,791.47,3,9,5,11,4,3,7,88,0,45,0,85
424320,35,-0.09,-0.04,-0.5,-0.45,2,0.2,0.2,0.15,60,71.54,157,132,2,130,77,0,0,37,0,16,0,25,0,157,93,37,157,108197.89,1100.29,8,17,18,8,10,8,7,54,77,0,0,53
424321,35,-0.09,-0.04,-0.5,-0.4,1,0.1,0.1,0.15,20,71.88,296,258,2,256,166,45,27,0,18,0,0,38,0,296,184,72,296,87158.25,892.63,96,54,33,73,0,0,0,0,166,45,45,0
424322,35,-0.09,-0.04,-0.5,-0.4,1,0.1,0.1,0.15,20,65.22,296,258,5,253,0,48,40,0,165,0,0,38,0,296,165,88,296,143418.52,1470.93,9,12,11,221,0,0,0,0,0,48,205,0
424323,35,-0.09,-0.04,-0.5,-0.4,1,0.1,0.1,0.15,20,76.56,296,258,2,256,178,0,60,0,18,0,0,38,0,296,196,60,296,117715.59,1201.77,87,44,26,99,0,0,0,0,178,0,78,0
424324,35,-0.09,-0.04,-0.5,-0.4,1,0.1,0.1,0.15,30,73.83,296,258,2,256,183,55,12,0,6,0,0,38,0,296,189,67,296,93107.65,957.06,96,54,33,28,13,32,0,0,183,55,18,0
424325,35,-0.09,-0.04,-0.5,-0.4,1,0.1,0.1,0.15,30,61.9,296,258,6,252,0,64,32,0,156,0,0,38,0,296,156,96,296,138355.8,1426.38,9,12,11,16,11,193,0,0,0,64,188,0
424326,35,-0.09,-0.04,-0.5,-0.4,1,0.1,0.1,0.15,30,80.08,296,258,2,256,199,0,51,0,6,0,0,38,0,296,205,51,296,134991.88,1383.48,87,44,26,21,9,69,0,0,199,0,57,0
424327,35,-0.09,-0.04,-0.5,-0.4,1,0.1,0.1,0.15,40,73.73,296,258,3,255,188,57,8,2,0,0,0,38,0,296,188,67,296,93154.31,960.81,96,54,33,28,13,14,3,14,188,57,8,2
424328,35,-0.09,-0.04,-0.5,-0.4,1,0.1,0.1,0.15,40,55.6,296,258,8,250,0,72,30,9,29,110,0,38,0,296,139,111,296,137747.64,1419.17,9,12,11,16,11,5,9,177,0,72,59,119
424329,35,-0.09,-0.04,-0.5,-0.4,1,0.1,0.1,0.15,40,81.57,296,258,3,255,206,0,33,14,0,2,0,38,0,296,208,47,296,133130.32,1366.43,87,44,26,21,9,12,2,54,206,0,33,16
424330,35,-0.09,-0.04,-0.5,-0.4,1,0.1,0.1,0.15,50,73.73,296,258,3,255,188,58,0,9,0,0,0,38,0,296,188,67,296,92108.99,950.12,96,54,33,28,13,14,3,14,188,58,0,9
424331,35,-0.09,-0.04,-0.5,-0.4,1,0.1,0.1,0.15,50,54.8,296,258,8,250,0,77,0,36,0,137,0,38,0,296,137,113,296,130039.47,1339.09,9,12,11,16,11,5,9,177,0,77,0,173
424332,35,-0.09,-0.04,-0.5,-0.4,1,0.1,0.1,0.15,50,81.57,296,258,3,255,206,0,0,47,0,2,0,38,0,296,208,47,296,129757.24,1332.52,87,44,26,21,9,12,2,54,206,0,0,49
424333,35,-0.09,-0.04,-0.5,-0.4,1,0.1,0.1,0.15,60,73.73,296,258,3,255,188,58,0,9,0,0,0,38,0,296,188,67,296,92108.99,950.12,96,54,33,28,13,14,3,14,188,58,0,9
424334,35,-0.09,-0.04,-0.5,-0.4,1,0.1,0.1,0.15,60,54.8,296,258,8,250,0,77,0,36,0,137,0,38,0,296,137,113,296,130039.47,1339.09,9,12,11,16,11,5,9,177,0,77,0,173
424335,35,-0.09,-0.04,-0.5,-0.4,1,0.1,0.1,0.15,60,81.57,296,258,3,255,206,0,0,47,0,2,0,38,0,296,208,47,296,129757.24,1332.52,87,44,26,21,9,12,2,54,206,0,0,49
424336,35,-0.09,-0.04,-0.5,-0.4,1,0.1,0.2,0.15,20,65.75,296,258,4,254,82,48,39,0,85,0,0,38,0,296,167,87,296,137385.71,1413.31,19,42,42,151,0,0,0,0,82,48,124,0
424337,35,-0.09,-0.04,-0.5,-0.4,1,0.1,0.2,0.15,20,65.22,296,258,5,253,0,48,40,0,165,0,0,38,0,296,165,88,296,143418.52,1470.93,9,12,11,221,0,0,0,0,0,48,205,0
424338,35,-0.09,-0.04,-0.5,-0.4,1,0.1,0.2,0.15,20,71.26,296,258,4,254,88,0,73,0,93,0,0,38,0,296,181,73,296,179132.87,1837.5,10,30,31,183,0,0,0,0,88,0,166,0
424339,35,-0.09,-0.04,-0.5,-0.4,1,0.1,0.2,0.15,30,64.82,296,258,5,253,113,63,26,0,51,0,0,38,0,296,164,89,296,147753.75,1523.71,19,42,42,27,27,96,0,0,113,63,77,0
424340,35,-0.09,-0.04,-0.5,-0.4,1,0.1,0.2,0.15,30,61.9,296,258,6,252,0,64,32,0,156,0,0,38,0,296,156,96,296,138355.8,1426.38,9,12,11,16,11,193,0,0,0,64,188,0
424341,35,-0.09,-0.04,-0.5,-0.4,1,0.1,0.2,0.15,30,72.33,296,258,5,253,124,0,70,0,59,0,0,38,0,296,183,70,296,204138.56,2098.88,10,30,31,17,20,145,0,0,124,0,129,0
424342,35,-0.09,-0.04,-0.5,-0.4,1,0.1,0.2,0.15,40,60.56,296,258,7,251,125,69,22,8,11,16,0,38,0,296,152,99,296,147291.28,1521.93,19,42,42,27,27,19,14,61,125,69,33,24
424343,35,-0.09,-0.04,-0.5,-0.4,1,0.1,0.2,0.15,40,55.6,296,258,8,250,0,72,30,9,29,110,0,38,0,296,139,111,296,137747.64,1419.17,9,12,11,16,11,5,9,177,0,72,59,119
424344,35,-0.09,-0.04,-0.5,-0.4,1,0.1,0.2,0.15,40,69.32,296,258,7,251,138,0,55,22,13,23,0,38,0,296,174,77,296,201115.37,2070.18,10,30,31,17,20,16,11,116,138,0,68,45
424345,35,-0.09,-0.04,-0.5,-0.4,1,0.1,0.2,0.15,50,60.16,296,258,7,251,125,72,0,28,0,26,0,38,0,296,151,100,296,142388.3,1471.59,19,42,42,27,27,19,14,61,125,72,0,54
424346,35,-0.09,-0.04,-0.5,-0.4,1,0.1,0.2,0.15,50,54.8,296,258,8,250,0,77,0,36,0,137,0,38,0,296,137,113,296,130039.47,1339.09,9,12,11,16,11,5,9,177,0,77,0,173
424347,35,-0.09,-0.04,-0.5,-0.4,1,0.1,0.2,0.15,50,68.53,296,258,7,251,138,0,0,79,0,34,0,38,0,296,172,79,296,189665.12,1953.87,10,30,31,17,20,16,11,116,138,0,0,113
424348,35,-0.09,-0.04,-0.5,-0.4,1,0.1,0.2,0.15,60,60.16,296,258,7,251,125,72,0,28,0,26,0,38,0,296,151,100,296,142388.3,1471.59,19,42,42,27,27,19,14,61,125,72,0,54
424349,35,-0.09,-0.04,-0.5,-0.4,1,0.1,0.2,0.15,60,54.8,296,258,8,250,0,77,0,36,0,137,0,38,0,296,137,113,296,130039.47,1339.09,9,12,11,16,11,5,9,177,0,77,0,173
424350,35,-0.09,-0.04,-0.5,-0.4,1,0.1,0.2,0.15,60,68.53,296,258,7,251,138,0,0,79,0,34,0,38,0,296,172,79,296,189665.12,1953.87,10,30,31,17,20,16,11,116,138,0,0,113
424351,35,-0.09,-0.04,-0.5,-0.4,1,0.2,0.1,0.15,20,71.88,296,258,2,256,166,45,27,0,18,0,0,38,0,296,184,72,296,87158.25,892.63,96,54,33,73,0,0,0,0,166,45,45,0
424352,35,-0.09,-0.04,-0.5,-0.4,1,0.2,0.1,0.15,20,65.22,296,258,5,253,0,48,40,0,165,0,0,38,0,296,165,88,296,143418.52,1470.93,9,12,11,221,0,0,0,0,0,48,205,0
424353,35,-0.09,-0.04,-0.5,-0.4,1,0.2,0.1,0.15,20,76.56,296,258,2,256,178,0,60,0,18,0,0,38,0,296,196,60,296,117715.59,1201.77,87,44,26,99,0,0,0,0,178,0,78,0
424354,35,-0.09,-0.04,-0.5,-0.4,1,0.2,0.1,0.15,30,73.83,296,258,2,256,183,55,12,0,6,0,0,38,0,296,189,67,296,93107.65,957.06,96,54,33,28,13,32,0,0,183,55,18,0
424355,35,-0.09,-0.04,-0.5,-0.4,1,0.2,0.1,0.15,30,61.9,296,258,6,252,0,64,32,0,156,0,0,38,0,296,156,96,296,138355.8,1426.38,9,12,11,16,11,193,0,0,0,64,188,0
424356,35,-0.09,-0.04,-0.5,-0.4,1,0.2,0.1,0.15,30,80.08,296,258,2,256,199,0,51,0,6,0,0,38,0,296,205,51,296,134991.88,1383.48,87,44,26,21,9,69,0,0,199,0,57,0
424357,35,-0.09,-0.04,-0.5,-0.4,1,0.2,0.1,0.15,40,73.73,296,258,3,255,188,57,8,2,0,0,0,38,0,296,188,67,296,93154.31,960.81,96,54,33,28,13,14,3,14,188,57,8,2
424358,35,-0.09,-0.04,-0.5,-0.4,1,0.2,0.1,0.15,40,55.6,296,258,8,250,0,72,30,9,29,110,0,38,0,296,139,111,296,137747.64,1419.17,9,12,11,16,11,5,9,177,0,72,59,119
424359,35,-0.09,-0.04,-0.5,-0.4,1,0.2,0.1,0.15,40,81.57,296,258,3,255,206,0,33,14,0,2,0,38,0,296,208,47,296,133130.32,1366.43,87,44,26,21,9,12,2,54,206,0,33,16
424360,35,-0.09,-0.04,-0.5,-0.4,1,0.2,0.1,0.15,50,73.73,296,258,3,255,188,58,0,9,0,0,0,38,0,296,188,67,296,92108.99,950.12,96,54,33,28,13,14,3,14,188,58,0,9
424361,35,-0.09,-0.04,-0.5,-0.4,1,0.2,0.1,0.15,50,54.8,296,258,8,250,0,77,0,36,0,137,0,38,0,296,137,113,296,130039.47,1339.09,9,12,11,16,11,5,9,177,0,77,0,173
424362,35,-0.09,-0.04,-0.5,-0.4,1,0.2,0.1,0.15,50,81.57,296,258,3,255,206,0,0,47,0,2,0,38,0,296,208,47,296,129757.24,1332.52,87,44,26,21,9,12,2,54,206,0,0,49
424363,35,-0.09,-0.04,-0.5,-0.4,1,0.2,0.1,0.15,60,73.73,296,258,3,255,188,58,0,9,0,0,0,38,0,296,188,67,296,92108.99,950.12,96,54,33,28,13,14,3,14,188,58,0,9
424364,35,-0.09,-0.04,-0.5,-0.4,1,0.2,0.1,0.15,60,54.8,296,258,8,250,0,77,0,36,0,137,0,38,0,296,137,113,296,130039.47,1339.09,9,12,11,16,11,5,9,177,0,77,0,173
424365,35,-0.09,-0.04,-0.5,-0.4,1,0.2,0.1,0.15,60,81.57,296,258,3,255,206,0,0,47,0,2,0,38,0,296,208,47,296,129757.24,1332.52,87,44,26,21,9,12,2,54,206,0,0,49
424366,35,-0.09,-0.04,-0.5,-0.4,1,0.2,0.2,0.15,20,65.75,296,258,4,254,82,48,39,0,85,0,0,38,0,296,167,87,296,137385.71,1413.31,19,42,42,151,0,0,0,0,82,48,124,0
424367,35,-0.09,-0.04,-0.5,-0.4,1,0.2,0.2,0.15,20,65.22,296,258,5,253,0,48,40,0,165,0,0,38,0,296,165,88,296,143418.52,1470.93,9,12,11,221,0,0,0,0,0,48,205,0
424368,35,-0.09,-0.04,-0.5,-0.4,1,0.2,0.2,0.15,20,71.26,296,258,4,254,88,0,73,0,93,0,0,38,0,296,181,73,296,179132.87,1837.5,10,30,31,183,0,0,0,0,88,0,166,0
424369,35,-0.09,-0.04,-0.5,-0.4,1,0.2,0.2,0.15,30,64.82,296,258,5,253,113,63,26,0,51,0,0,38,0,296,164,89,296,147753.75,1523.71,19,42,42,27,27,96,0,0,113,63,77,0
424370,35,-0.09,-0.04,-0.5,-0.4,1,0.2,0.2,0.15,30,61.9,296,258,6,252,0,64,32,0,156,0,0,38,0,296,156,96,296,138355.8,1426.38,9,12,11,16,11,193,0,0,0,64,188,0
424371,35,-0.09,-0.04,-0.5,-0.4,1,0.2,0.2,0.15,30,72.33,296,258,5,253,124,0,70,0,59,0,0,38,0,296,183,70,296,204138.56,2098.88,10,30,31,17,20,145,0,0,124,0,129,0
424372,35,-0.09,-0.04,-0.5,-0.4,1,0.2,0.2,0.15,40,60.56,296,258,7,251,125,69,22,8,11,16,0,38,0,296,152,99,296,147291.28,1521.93,19,42,42,27,27,19,14,61,125,69,33,24
424373,35,-0.09,-0.04,-0.5,-0.4,1,0.2,0.2,0.15,40,55.6,296,258,8,250,0,72,30,9,29,110,0,38,0,296,139,111,296,137747.64,1419.17,9,12,11,16,11,5,9,177,0,72,59,119
424374,35,-0.09,-0.04,-0.5,-0.4,1,0.2,0.2,0.15,40,69.32,296,258,7,251,138,0,55,22,13,23,0,38,0,296,174,77,296,201115.37,2070.18,10,30,31,17,20,16,11,116,138,0,68,45
424375,35,-0.09,-0.04,-0.5,-0.4,1,0.2,0.2,0.15,50,60.16,296,258,7,251,125,72,0,28,0,26,0,38,0,296,151,100,296,142388.3,1471.59,19,42,42,27,27,19,14,61,125,72,0,54
424376,35,-0.09,-0.04,-0.5,-0.4,1,0.2,0.2,0.15,50,54.8,296,258,8,250,0,77,0,36,0,137,0,38,0,296,137,113,296,130039.47,1339.09,9,12,11,16,11,5,9,177,0,77,0,173
424377,35,-0.09,-0.04,-0.5,-0.4,1,0.2,0.2,0.15,50,68.53,296,258,7,251,138,0,0,79,0,34,0,38,0,296,172,79,296,189665.12,1953.87,10,30,31,17,20,16,11,116,138,0,0,113
424378,35,-0.09,-0.04,-0.5,-0.4,1,0.2,0.2,0.15,60,60.16,296,258,7,251,125,72,0,28,0,26,0,38,0,296,151,100,296,142388.3,1471.59,19,42,42,27,27,19,14,61,125,72,0,54
424379,35,-0.09,-0.04,-0.5,-0.4,1,0.2,0.2,0.15,60,54.8,296,258,8,250,0,77,0,36,0,137,0,38,0,296,137,113,296,130039.47,1339.09,9,12,11,16,11,5,9,177,0,77,0,173
424380,35,-0.09,-0.04,-0.5,-0.4,1,0.2,0.2,0.15,60,68.53,296,258,7,251,138,0,0,79,0,34,0,38,0,296,172,79,296,189665.12,1953.87,10,30,31,17,20,16,11,116,138,0,0,113
424381,35,-0.09,-0.04,-0.5,-0.4,2,0.1,0.1,0.15,20,75.39,296,258,2,256,173,45,18,0,20,0,0,38,0,296,193,63,296,104316.08,1226.25,100,56,37,63,0,0,0,0,173,45,38,0
424382,35,-0.09,-0.04,-0.5,-0.4,2,0.1,0.1,0.15,20,68.77,296,258,5,253,0,48,31,0,174,0,0,38,0,296,174,79,296,183571.24,1896.35,9,12,11,221,0,0,0,0,0,48,205,0
424383,35,-0.09,-0.04,-0.5,-0.4,2,0.1,0.1,0.15,20,81.25,296,258,2,256,185,0,48,0,23,0,0,38,0,296,208,48,296,151052.6,1512.1,91,47,32,86,0,0,0,0,185,0,71,0
424384,35,-0.09,-0.04,-0.5,-0.4,2,0.1,0.1,0.15,30,76.17,296,258,2,256,189,53,8,0,6,0,0,38,0,296,195,61,296,112362.87,1285.28,100,56,37,25,15,23,0,0,189,53,14,0
424385,35,-0.09,-0.04,-0.5,-0.4,2,0.1,0.1,0.15,30,63.1,296,258,6,252,0,64,29,0,159,0,0,38,0,296,159,93,296,187363.8,1911.68,9,12,11,16,11,193,0,0,0,64,188,0
424386,35,-0.09,-0.04,-0.5,-0.4,2,0.1,0.1,0.15,30,85.16,296,258,2,256,208,0,38,0,10,0,0,38,0,296,218,38,296,178899.61,1689.25,91,47,32,15,16,55,0,0,208,0,48,0
424387,35,-0.09,-0.04,-0.5,-0.4,2,0.1,0.1,0.15,40,76.47,296,258,3,255,195,54,6,0,0,0,0,38,0,296,195,60,296,114042.32,1311.51,100,56,37,25,15,9,3,10,195,54,6,0
424388,35,-0.09,-0.04,-0.5,-0.4,2,0.1,0.1,0.15,40,58.0,296,258,8,250,0,72,26,7,33,112,0,38,0,296,145,105,296,185191.61,1943.49,9,12,11,16,11,5,9,177,0,72,59,119
424389,35,-0.09,-0.04,-0.5,-0.4,2,0.1,0.1,0.15,40,87.06,296,258,3,255,217,0,24,9,1,4,0,38,0,296,222,33,296,182725.07,1725.56,91,47,32,15,16,7,5,42,217,0,25,13
424390,35,-0.09,-0.04,-0.5,-0.4,2,0.1,0.1,0.15,50,76.47,296,258,3,255,195,55,0,5,0,0,0,38,0,296,195,60,296,112869.04,1304.34,100,56,37,25,15,9,3,10,195,55,0,5
424391,35,-0.09,-0.04,-0.5,-0.4,2,0.1,0.1,0.15,50,56.8,296,258,8,250,0,77,0,31,0,142,0,38,0,296,142,108,296,173229.22,1861.22,9,12,11,16,11,5,9,177,0,77,0,173
424392,35,-0.09,-0.04,-0.5,-0.4,2,0.1,0.1,0.15,50,87.45,296,258,3,255,217,0,0,32,0,6,0,38,0,296,223,32,296,177840.94,1700.38,91,47,32,15,16,7,5,42,217,0,0,38
424393,35,-0.09,-0.04,-0.5,-0.4,2,0.1,0.1,0.15,60,76.47,296,258,3,255,195,55,0,5,0,0,0,38,0,296,195,60,296,112869.04,1304.34,100,56,37,25,15,9,3,10,195,55,0,5
424394,35,-0.09,-0.04,-0.5,-0.4,2,0.1,0.1,0.15,60,56.8,296,258,8,250,0,77,0,31,0,142,0,38,0,296,142,108,296,173229.22,1861.22,9,12,11,16,11,5,9,177,0,77,0,173
424395,35,-0.09,-0.04,-0.5,-0.4,2,0.1,0.1,0.15,60,87.45,296,258,3,255,217,0,0,32,0,6,0,38,0,296,223,32,296,177840.94,1700.38,91,47,32,15,16,7,5,42,217,0,0,38
424396,35,-0.09,-0.04,-0.5,-0.4,2,0.1,0.2,0.15,20,69.29,296,258,4,254,91,48,30,0,85,0,0,38,0,296,176,78,296,173255.53,1823.87,19,44,44,147,0,0,0,0,91,48,115,0
424397,35,-0.09,-0.04,-0.5,-0.4,2,0.1,0.2,0.15,20,68.77,296,258,5,253,0,48,31,0,174,0,0,38,0,296,174,79,296,183571.24,1896.35,9,12,11,221,0,0,0,0,0,48,205,0
424398,35,-0.09,-0.04,-0.5,-0.4,2,0.1,0.2,0.15,20,75.98,296,258,4,254,100,0,61,0,93,0,0,38,0,296,193,61,296,249158.47,2274.29,10,32,35,177,0,0,0,0,100,0,154,0
424399,35,-0.09,-0.04,-0.5,-0.4,2,0.1,0.2,0.15,30,66.01,296,258,5,253,120,63,23,0,47,0,0,38,0,296,167,86,296,190986.21,1959.26,19,44,44,32,26,88,0,0,120,63,70,0
424400,35,-0.09,-0.04,-0.5,-0.4,2,0.1,0.2,0.15,30,63.1,296,258,6,252,0,64,29,0,159,0,0,38,0,296,159,93,296,187363.8,1911.68,9,12,11,16,11,193,0,0,0,64,188,0
424401,35,-0.09,-0.04,-0.5,-0.4,2,0.1,0.2,0.15,30,76.28,296,258,5,253,135,0,60,0,58,0,0,38,0,296,193,60,296,292561.14,2564.94,10,32,35,23,19,134,0,0,135,0,118,0
424402,35,-0.09,-0.04,-0.5,-0.4,2,0.1,0.2,0.15,40,62.55,296,258,7,251,131,69,19,6,12,14,0,38,0,296,157,94,296,183862.96,1955.18,19,44,44,32,26,18,13,55,131,69,31,20
424403,35,-0.09,-0.04,-0.5,-0.4,2,0.1,0.2,0.15,40,58.0,296,258,8,250,0,72,26,7,33,112,0,38,0,296,145,105,296,185191.61,1943.49,9,12,11,16,11,5,9,177,0,72,59,119
424404,35,-0.09,-0.04,-0.5,-0.4,2,0.1,0.2,0.15,40,72.91,296,258,7,251,149,0,50,18,15,19,0,38,0,296,183,68,296,278852.92,2534.66,10,32,35,23,19,16,9,107,149,0,65,37
424405,35,-0.09,-0.04,-0.5,-0.4,2,0.1,0.2,0.15,50,62.15,296,258,7,251,131,72,0,23,0,25,0,38,0,296,156,95,296,177148.58,1912.69,19,44,44,32,26,18,13,55,131,72,0,48
424406,35,-0.09,-0.04,-0.5,-0.4,2,0.1,0.2,0.15,50,56.8,296,258,8,250,0,77,0,31,0,142,0,38,0,296,142,108,296,173229.22,1861.22,9,12,11,16,11,5,9,177,0,77,0,173
424407,35,-0.09,-0.04,-0.5,-0.4,2,0.1,0.2,0.15,50,72.91,296,258,7,251,149,0,0,68,0,34,0,38,0,296,183,68,296,259702.14,2430.14,10,32,35,23,19,16,9,107,149,0,0,102
424408,35,-0.09,-0.04,-0.5,-0.4,2,0.1,0.2,0.15,60,62.15,296,258,7,251,131,72,0,23,0,25,0,38,0,296,156,95,296,177148.58,1912.69,19,44,44,32,26,18,13,55,131,72,0,48
424409,35,-0.09,-0.04,-0.5,-0.4,2,0.1,0.2,0.15,60,56.8,296,258,8,250,0,77,0,31,0,142,0,38,0,296,142,108,296,173229.22,1861.22,9,12,11,16,11,5,9,177,0,77,0,173
424410,35,-0.09,-0.04,-0.5,-0.4,2,0.1,0.2,0.15,60,72.91,296,258,7,251,149,0,0,68,0,34,0,38,0,296,183,68,296,259702.14,2430.14,10,32,35,23,19,16,9,107,149,0,0,102
424411,35,-0.09,-0.04,-0.5,-0.4,2,0.2,0.1,0.15,20,71.88,296,258,2,256,166,45,27,0,18,0,0,38,0,296,184,72,296,87158.25,892.63,96,54,33,73,0,0,0,0,166,45,45,0
424412,35,-0.09,-0.04,-0.5,-0.4,2,0.2,0.1,0.15,20,65.22,296,258,5,253,0,48,40,0,165,0,0,38,0,296,165,88,296,143418.52,1470.93,9,12,11,221,0,0,0,0,0,48,205,0
424413,35,-0.09,-0.04,-0.5,-0.4,2,0.2,0.1,0.15,20,76.56,296,258,2,256,178,0,60,0,18,0,0,38,0,296,196,60,296,117715.59,1201.77,87,44,26,99,0,0,0,0,178,0,78,0
424414,35,-0.09,-0.04,-0.5,-0.4,2,0.2,0.1,0.15,30,73.83,296,258,2,256,183,55,12,0,6,0,0,38,0,296,189,67,296,93107.65,957.06,96,54,33,28,13,32,0,0,183,55,18,0
424415,35,-0.09,-0.04,-0.5,-0.4,2,0.2,0.1,0.15,30,61.9,296,258,6,252,0,64,32,0,156,0,0,38,0,296,156,96,296,138355.8,1426.38,9,12,11,16,11,193,0,0,0,64,188,0
424416,35,-0.09,-0.04,-0.5,-0.4,2,0.2,0.1,0.15,30,80.08,296,258,2,256,199,0,51,0,6,0,0,38,0,296,205,51,296,134991.88,1383.48,87,44,26,21,9,69,0,0,199,0,57,0
424417,35,-0.09,-0.04,-0.5,-0.4,2,0.2,0.1,0.15,40,73.73,296,258,3,255,188,57,8,2,0,0,0,38,0,296,188,67,296,93154.31,960.81,96,54,33,28,13,14,3,14,188,57,8,2
424418,35,-0.09,-0.04,-0.5,-0.4,2,0.2,0.1,0.15,40,55.6,296,258,8,250,0,72,30,9,29,110,0,38,0,296,139,111,296,137747.64,1419.17,9,12,11,16,11,5,9,177,0,72,59,119
424419,35,-0.09,-0.04,-0.5,-0.4,2,0.2,0.1,0.15,40,81.57,296,258,3,255,206,0,33,14,0,2,0,38,0,296,208,47,296,133130.32,1366.43,87,44,26,21,9,12,2,54,206,0,33,16
424420,35,-0.09,-0.04,-0.5,-0.4,2,0.2,0.1,0.15,50,73.73,296,258,3,255,188,58,0,9,0,0,0,38,0,296,188,67,296,92108.99,950.12,96,54,33,28,13,14,3,14,188,58,0,9
424421,35,-0.09,-0.04,-0.5,-0.4,2,0.2,0.1,0.15,50,54.8,296,258,8,250,0,77,0,36,0,137,0,38,0,296,137,113,296,130039.47,1339.09,9,12,11,16,11,5,9,177,0,77,0,173
424422,35,-0.09,-0.04,-0.5,-0.4,2,0.2,0.1,0.15,50,81.57,296,258,3,255,206,0,0,47,0,2,0,38,0,296,208,47,296,129757.24,1332.52,87,44,26,21,9,12,2,54,206,0,0,49
424423,35,-0.09,-0.04,-0.5,-0.4,2,0.2,0.1,0.15,60,73.73,296,258,3,255,188,58,0,9,0,0,0,38,0,296,188,67,296,92108.99,950.12,96,54,33,28,13,14,3,14,188,58,0,9
424424,35,-0.09,-0.04,-0.5,-0.4,2,0.2,0.1,0.15,60,54.8,296,258,8,250,0,77,0,36,0,137,0,38,0,296,137,113,296,130039.47,1339.09,9,12,11,16,11,5,9,177,0,77,0,173
424425,35,-0.09,-0.04,-0.5,-0.4,2,0.2,0.1,0.15,60,81.57,296,258,3,255,206,0,0,47,0,2,0,38,0,296,208,47,296,129757.24,1332.52,87,44,26,21,9,12,2,54,206,0,0,49
424426,35,-0.09,-0.04,-0.5,-0.4,2,0.2,0.2,0.15,20,65.75,296,258,4,254,82,48,39,0,85,0,0,38,0,296,167,87,296,137385.71,1413.31,19,42,42,151,0,0,0,0,82,48,124,0
424427,35,-0.09,-0.04,-0.5,-0.4,2,0.2,0.2,0.15,20,65.22,296,258,5,253,0,48,40,0,165,0,0,38,0,296,165,88,296,143418.52,1470.93,9,12,11,221,0,0,0,0,0,48,205,0
424428,35,-0.09,-0.04,-0.5,-0.4,2,0.2,0.2,0.15,20,71.26,296,258,4,254,88,0,73,0,93,0,0,38,0,296,181,73,296,179132.87,1837.5,10,30,31,183,0,0,0,0,88,0,166,0
424429,35,-0.09,-0.04,-0.5,-0.4,2,0.2,0.2,0.15,30,64.82,296,258,5,253,113,63,26,0,51,0,0,38,0,296,164,89,296,147753.75,1523.71,19,42,42,27,27,96,0,0,113,63,77,0
424430,35,-0.09,-0.04,-0.5,-0.4,2,0.2,0.2,0.15,30,61.9,296,258,6,252,0,64,32,0,156,0,0,38,0,296,156,96,296,138355.8,1426.38,9,12,11,16,11,193,0,0,0,64,188,0
424431,35,-0.09,-0.04,-0.5,-0.4,2,0.2,0.2,0.15,30,72.33,296,258,5,253,124,0,70,0,59,0,0,38,0,296,183,70,296,204138.56,2098.88,10,30,31,17,20,145,0,0,124,0,129,0
424432,35,-0.09,-0.04,-0.5,-0.4,2,0.2,0.2,0.15,40,60.56,296,258,7,251,125,69,22,8,11,16,0,38,0,296,152,99,296,147291.28,1521.93,19,42,42,27,27,19,14,61,125,69,33,24
424433,35,-0.09,-0.04,-0.5,-0.4,2,0.2,0.2,0.15,40,55.6,296,258,8,250,0,72,30,9,29,110,0,38,0,296,139,111,296,137747.64,1419.17,9,12,11,16,11,5,9,177,0,72,59,119
424434,35,-0.09,-0.04,-0.5,-0.4,2,0.2,0.2,0.15,40,69.32,296,258,7,251,138,0,55,22,13,23,0,38,0,296,174,77,296,201115.37,2070.18,10,30,31,17,20,16,11,116,138,0,68,45
424435,35,-0.09,-0.04,-0.5,-0.4,2,0.2,0.2,0.15,50,60.16,296,258,7,251,125,72,0,28,0,26,0,38,0,296,151,100,296,142388.3,1471.59,19,42,42,27,27,19,14,61,125,72,0,54
424436,35,-0.09,-0.04,-0.5,-0.4,2,0.2,0.2,0.15,50,54.8,296,258,8,250,0,77,0,36,0,137,0,38,0,296,137,113,296,130039.47,1339.09,9,12,11,16,11,5,9,177,0,77,0,173
424437,35,-0.09,-0.04,-0.5,-0.4,2,0.2,0.2,0.15,50,68.53,296,258,7,251,138,0,0,79,0,34,0,38,0,296,172,79,296,189665.12,1953.87,10,30,31,17,20,16,11,116,138,0,0,113
424438,35,-0.09,-0.04,-0.5,-0.4,2,0.2,0.2,0.15,60,60.16,296,258,7,251,125,72,0,28,0,26,0,38,0,296,151,100,296,142388.3,1471.59,19,42,42,27,27,19,14,61,125,72,0,54
424439,35,-0.09,-0.04,-0.5,-0.4,2,0.2,0.2,0.15,60,54.8,296,258,8,250,0,77,0,36,0,137,0,38,0,296,137,113,296,130039.47,1339.09,9,12,11,16,11,5,9,177,0,77,0,173
424440,35,-0.09,-0.04,-0.5,-0.4,2,0.2,0.2,0.15,60,68.53,296,258,7,251,138,0,0,79,0,34,0,38,0,296,172,79,296,189665.12,1953.87,10,30,31,17,20,16,11,116,138,0,0,113
424441,35,-0.09,-0.04,-0.5,-0.35,1,0.1,0.1,0.15,20,70.44,436,391,2,389,244,64,51,0,30,0,0,45,4,440,274,115,440,125846.95,1285.62,151,74,49,115,0,0,0,0,244,64,81,0
424442,35,-0.09,-0.04,-0.5,-0.35,1,0.1,0.1,0.15,20,63.47,436,391,5,386,0,69,72,0,245,0,0,45,4,440,245,141,440,198557.23,2039.41,15,17,16,338,0,0,0,0,0,69,317,0
424443,35,-0.09,-0.04,-0.5,-0.35,1,0.1,0.1,0.15,20,74.55,436,391,2,389,260,0,99,0,30,0,0,45,4,440,290,99,440,171526.09,1750.71,136,61,37,155,0,0,0,0,260,0,129,0
424444,35,-0.09,-0.04,-0.5,-0.35,1,0.1,0.1,0.15,30,71.72,436,391,2,389,270,83,27,0,9,0,0,45,4,440,279,110,440,127545.09,1307.3,151,74,49,34,21,60,0,0,270,83,36,0
424445,35,-0.09,-0.04,-0.5,-0.35,1,0.1,0.1,0.15,30,60.26,436,391,6,385,0,98,55,0,232,0,0,45,4,440,232,153,440,182258.88,1881.39,15,17,16,21,17,299,0,0,0,98,287,0
424446,35,-0.09,-0.04,-0.5,-0.35,1,0.1,0.1,0.15,30,77.38,436,391,2,389,291,0,88,0,10,0,0,45,4,440,301,88,440,190997.75,1956.33,136,61,37,26,15,114,0,0,291,0,98,0
424447,35,-0.09,-0.04,-0.5,-0.35,1,0.1,0.1,0.15,40,71.65,436,391,3,388,275,91,12,7,2,1,0,45,4,440,278,110,440,123855.33,1272.74,151,74,49,34,21,24,5,30,275,91,14,8
424448,35,-0.09,-0.04,-0.5,-0.35,1,0.1,0.1,0.15,40,55.61,436,391,8,383,0,114,39,17,53,160,0,45,4,440,213,170,440,174565.7,1798.63,15,17,16,21,17,12,14,271,0,114,92,177
424449,35,-0.09,-0.04,-0.5,-0.35,1,0.1,0.1,0.15,40,78.87,436,391,3,388,299,0,58,24,2,5,0,45,4,440,306,82,440,179798.32,1841.96,136,61,37,26,15,16,3,94,299,0,60,29
424450,35,-0.09,-0.04,-0.5,-0.35,1,0.1,0.1,0.15,50,71.39,436,391,3,388,275,92,0,19,0,2,0,45,4,440,277,111,440,122996.6,1263.87,151,74,49,34,21,24,5,30,275,92,0,21
424451,35,-0.09,-0.04,-0.5,-0.35,1,0.1,0.1,0.15,50,54.31,436,391,8,383,0,119,0,56,0,208,0,45,4,440,208,175,440,165506.09,1704.06,15,17,16,21,17,12,14,271,0,119,0,264
424452,35,-0.09,-0.04,-0.5,-0.35,1,0.1,0.1,0.15,50,78.87,436,391,3,388,299,0,0,82,0,7,0,45,4,440,306,82,440,177943.41,1824.43,136,61,37,26,15,16,3,94,299,0,0,89
424453,35,-0.09,-0.04,-0.5,-0.35,1,0.1,0.1,0.15,60,71.39,436,391,3,388,275,92,0,19,0,2,0,45,4,440,277,111,440,122996.6,1263.87,151,74,49,34,21,24,5,30,275,92,0,21
424454,35,-0.09,-0.04,-0.5,-0.35,1,0.1,0.1,0.15,60,54.31,436,391,8,383,0,119,0,56,0,208,0,45,4,440,208,175,440,165506.09,1704.06,15,17,16,21,17,12,14,271,0,119,0,264
424455,35,-0.09,-0.04,-0.5,-0.35,1,0.1,0.1,0.15,60,78.87,436,391,3,388,299,0,0,82,0,7,0,45,4,440,306,82,440,177943.41,1824.43,136,61,37,26,15,16,3,94,299,0,0,89
424456,35,-0.09,-0.04,-0.5,-0.35,1,0.1,0.2,0.15,20,63.82,436,391,4,387,114,69,71,0,133,0,0,45,4,440,247,140,440,193206.43,1985.85,34,53,59,241,0,0,0,0,114,69,204,0
424457,35,-0.09,-0.04,-0.5,-0.35,1,0.1,0.2,0.15,20,63.47,436,391,5,386,0,69,72,0,245,0,0,45,4,440,245,141,440,198557.23,2039.41,15,17,16,338,0,0,0,0,0,69,317,0
424458,35,-0.09,-0.04,-0.5,-0.35,1,0.1,0.2,0.15,20,68.48,436,391,4,387,121,0,122,0,144,0,0,45,4,440,265,122,440,253156.04,2597.62,19,36,43,289,0,0,0,0,121,0,266,0
424459,35,-0.09,-0.04,-0.5,-0.35,1,0.1,0.2,0.15,30,62.69,436,391,5,386,161,97,47,0,81,0,0,45,4,440,242,144,440,202466.07,2087.14,34,53,59,37,44,159,0,0,161,97,128,0
424460,35,-0.09,-0.04,-0.5,-0.35,1,0.1,0.2,0.15,30,60.26,436,391,6,385,0,98,55,0,232,0,0,45,4,440,232,153,440,182258.88,1881.39,15,17,16,21,17,299,0,0,0,98,287,0
424461,35,-0.09,-0.04,-0.5,-0.35,1,0.1,0.2,0.15,30,69.69,436,391,5,386,176,0,117,0,93,0,0,45,4,440,269,117,440,288754.42,2969.81,19,36,43,23,32,233,0,0,176,0,210,0
424462,35,-0.09,-0.04,-0.5,-0.35,1,0.1,0.2,0.15,40,59.11,436,391,7,384,178,111,30,16,19,30,0,45,4,440,227,157,440,197097.11,2034.17,34,53,59,37,44,31,21,105,178,111,49,46
424463,35,-0.09,-0.04,-0.5,-0.35,1,0.1,0.2,0.15,40,55.61,436,391,8,383,0,114,39,17,53,160,0,45,4,440,213,170,440,174565.7,1798.63,15,17,16,21,17,12,14,271,0,114,92,177
424464,35,-0.09,-0.04,-0.5,-0.35,1,0.1,0.2,0.15,40,67.45,436,391,7,384,196,0,90,35,21,42,0,45,4,440,259,125,440,272009.29,2798.67,19,36,43,23,32,23,16,192,196,0,111,77
424465,35,-0.09,-0.04,-0.5,-0.35,1,0.1,0.2,0.15,50,58.33,436,391,7,384,179,114,0,46,0,45,0,45,4,440,224,160,440,191814.89,1979.89,34,53,59,37,44,31,21,105,179,114,0,91
424466,35,-0.09,-0.04,-0.5,-0.35,1,0.1,0.2,0.15,50,54.31,436,391,8,383,0,119,0,56,0,208,0,45,4,440,208,175,440,165506.09,1704.06,15,17,16,21,17,12,14,271,0,119,0,264
424467,35,-0.09,-0.04,-0.5,-0.35,1,0.1,0.2,0.15,50,66.67,436,391,7,384,197,0,0,128,0,59,0,45,4,440,256,128,440,260096.85,2678.76,19,36,43,23,32,23,16,192,197,0,0,187
424468,35,-0.09,-0.04,-0.5,-0.35,1,0.1,0.2,0.15,60,58.33,436,391,7,384,179,114,0,46,0,45,0,45,4,440,224,160,440,191814.89,1979.89,34,53,59,37,44,31,21,105,179,114,0,91
424469,35,-0.09,-0.04,-0.5,-0.35,1,0.1,0.2,0.15,60,54.31,436,391,8,383,0,119,0,56,0,208,0,45,4,440,208,175,440,165506.09,1704.06,15,17,16,21,17,12,14,271,0,119,0,264
424470,35,-0.09,-0.04,-0.5,-0.35,1,0.1,0.2,0.15,60,66.67,436,391,7,384,197,0,0,128,0,59,0,45,4,440,256,128,440,260096.85,2678.76,19,36,43,23,32,23,16,192,197,0,0,187
424471,35,-0.09,-0.04,-0.5,-0.35,1,0.2,0.1,0.15,20,70.44,436,391,2,389,244,64,51,0,30,0,0,45,4,440,274,115,440,125846.95,1285.62,151,74,49,115,0,0,0,0,244,64,81,0
424472,35,-0.09,-0.04,-0.5,-0.35,1,0.2,0.1,0.15,20,63.47,436,391,5,386,0,69,72,0,245,0,0,45,4,440,245,141,440,198557.23,2039.41,15,17,16,338,0,0,0,0,0,69,317,0
424473,35,-0.09,-0.04,-0.5,-0.35,1,0.2,0.1,0.15,20,74.55,436,391,2,389,260,0,99,0,30,0,0,45,4,440,290,99,440,171526.09,1750.71,136,61,37,155,0,0,0,0,260,0,129,0
424474,35,-0.09,-0.04,-0.5,-0.35,1,0.2,0.1,0.15,30,71.72,436,391,2,389,270,83,27,0,9,0,0,45,4,440,279,110,440,127545.09,1307.3,151,74,49,34,21,60,0,0,270,83,36,0
424475,35,-0.09,-0.04,-0.5,-0.35,1,0.2,0.1,0.15,30,60.26,436,391,6,385,0,98,55,0,232,0,0,45,4,440,232,153,440,182258.88,1881.39,15,17,16,21,17,299,0,0,0,98,287,0
424476,35,-0.09,-0.04,-0.5,-0.35,1,0.2,0.1,0.15,30,77.38,436,391,2,389,291,0,88,0,10,0,0,45,4,440,301,88,440,190997.75,1956.33,136,61,37,26,15,114,0,0,291,0,98,0
424477,35,-0.09,-0.04,-0.5,-0.35,1,0.2,0.1,0.15,40,71.65,436,391,3,388,275,91,12,7,2,1,0,45,4,440,278,110,440,123855.33,1272.74,151,74,49,34,21,24,5,30,275,91,14,8
424478,35,-0.09,-0.04,-0.5,-0.35,1,0.2,0.1,0.15,40,55.61,436,391,8,383,0,114,39,17,53,160,0,45,4,440,213,170,440,174565.7,1798.63,15,17,16,21,17,12,14,271,0,114,92,177
424479,35,-0.09,-0.04,-0.5,-0.35,1,0.2,0.1,0.15,40,78.87,436,391,3,388,299,0,58,24,2,5,0,45,4,440,306,82,440,179798.32,1841.96,136,61,37,26,15,16,3,94,299,0,60,29
424480,35,-0.09,-0.04,-0.5,-0.35,1,0.2,0.1,0.15,50,71.39,436,391,3,388,275,92,0,19,0,2,0,45,4,440,277,111,440,122996.6,1263.87,151,74,49,34,21,24,5,30,275,92,0,21
424481,35,-0.09,-0.04,-0.5,-0.35,1,0.2,0.1,0.15,50,54.31,436,391,8,383,0,119,0,56,0,208,0,45,4,440,208,175,440,165506.09,1704.06,15,17,16,21,17,12,14,271,0,119,0,264
424482,35,-0.09,-0.04,-0.5,-0.35,1,0.2,0.1,0.15,50,78.87,436,391,3,388,299,0,0,82,0,7,0,45,4,440,306,82,440,177943.41,1824.43,136,61,37,26,15,16,3,94,299,0,0,89
424483,35,-0.09,-0.04,-0.5,-0.35,1,0.2,0.1,0.15,60,71.39,436,391,3,388,275,92,0,19,0,2,0,45,4,440,277,111,440,122996.6,1263.87,151,74,49,34,21,24,5,30,275,92,0,21
424484,35,-0.09,-0.04,-0.5,-0.35,1,0.2,0.1,0.15,60,54.31,436,391,8,383,0,119,0,56,0,208,0,45,4,440,208,175,440,165506.09,1704.06,15,17,16,21,17,12,14,271,0,119,0,264
424485,35,-0.09,-0.04,-0.5,-0.35,1,0.2,0.1,0.15,60,78.87,436,391,3,388,299,0,0,82,0,7,0,45,4,440,306,82,440,177943.41,1824.43,136,61,37,26,15,16,3,94,299,0,0,89
424486,35,-0.09,-0.04,-0.5,-0.35,1,0.2,0.2,0.15,20,63.82,436,391,4,387,114,69,71,0,133,0,0,45,4,440,247,140,440,193206.43,1985.85,34,53,59,241,0,0,0,0,114,69,204,0
424487,35,-0.09,-0.04,-0.5,-0.35,1,0.2,0.2,0.15,20,63.47,436,391,5,386,0,69,72,0,245,0,0,45,4,440,245,141,440,198557.23,2039.41,15,17,16,338,0,0,0,0,0,69,317,0
424488,35,-0.09,-0.04,-0.5,-0.35,1,0.2,0.2,0.15,20,68.48,436,391,4,387,121,0,122,0,144,0,0,45,4,440,265,122,440,253156.04,2597.62,19,36,43,289,0,0,0,0,121,0,266,0
424489,35,-0.09,-0.04,-0.5,-0.35,1,0.2,0.2,0.15,30,62.69,436,391,5,386,161,97,47,0,81,0,0,45,4,440,242,144,440,202466.07,2087.14,34,53,59,37,44,159,0,0,161,97,128,0
424490,35,-0.09,-0.04,-0.5,-0.35,1,0.2,0.2,0.15,30,60.26,436,391,6,385,0,98,55,0,232,0,0,45,4,440,232,153,440,182258.88,1881.39,15,17,16,21,17,299,0,0,0,98,287,0
424491,35,-0.09,-0.04,-0.5,-0.35,1,0.2,0.2,0.15,30,69.69,436,391,5,386,176,0,117,0,93,0,0,45,4,440,269,117,440,288754.42,2969.81,19,36,43,23,32,233,0,0,176,0,210,0
424492,35,-0.09,-0.04,-0.5,-0.35,1,0.2,0.2,0.15,40,59.11,436,391,7,384,178,111,30,16,19,30,0,45,4,440,227,157,440,197097.11,2034.17,34,53,59,37,44,31,21,105,178,111,49,46
424493,35,-0.09,-0.04,-0.5,-0.35,1,0.2,0.2,0.15,40,55.61,436,391,8,383,0,114,39,17,53,160,0,45,4,440,213,170,440,174565.7,1798.63,15,17,16,21,17,12,14,271,0,114,92,177
424494,35,-0.09,-0.04,-0.5,-0.35,1,0.2,0.2,0.15,40,67.45,436,391,7,384,196,0,90,35,21,42,0,45,4,440,259,125,440,272009.29,2798.67,19,36,43,23,32,23,16,192,196,0,111,77
424495,35,-0.09,-0.04,-0.5,-0.35,1,0.2,0.2,0.15,50,58.33,436,391,7,384,179,114,0,46,0,45,0,45,4,440,224,160,440,191814.89,1979.89,34,53,59,37,44,31,21,105,179,114,0,91
424496,35,-0.09,-0.04,-0.5,-0.35,1,0.2,0.2,0.15,50,54.31,436,391,8,383,0,119,0,56,0,208,0,45,4,440,208,175,440,165506.09,1704.06,15,17,16,21,17,12,14,271,0,119,0,264
424497,35,-0.09,-0.04,-0.5,-0.35,1,0.2,0.2,0.15,50,66.67,436,391,7,384,197,0,0,128,0,59,0,45,4,440,256,128,440,260096.85,2678.76,19,36,43,23,32,23,16,192,197,0,0,187
424498,35,-0.09,-0.04,-0.5,-0.35,1,0.2,0.2,0.15,60,58.33,436,391,7,384,179,114,0,46,0,45,0,45,4,440,224,160,440,191814.89,1979.89,34,53,59,37,44,31,21,105,179,114,0,91
424499,35,-0.09,-0.04,-0.5,-0.35,1,0.2,0.2,0.15,60,54.31,436,391,8,383,0,119,0,56,0,208,0,45,4,440,208,175,440,165506.09,1704.06,15,17,16,21,17,12,14,271,0,119,0,264
424500,35,-0.09,-0.04,-0.5,-0.35,1,0.2,0.2,0.15,60,66.67,436,391,7,384,197,0,0,128,0,59,0,45,4,440,256,128,440,260096.85,2678.76,19,36,43,23,32,23,16,192,197,0,0,187
424501,35,-0.09,-0.04,-0.5,-0.35,2,0.1,0.1,0.15,20,73.78,436,391,2,389,254,64,38,0,33,0,0,45,4,440,287,102,440,148307.83,1776.06,156,77,53,103,0,0,0,0,254,64,71,0
424502,35,-0.09,-0.04,-0.5,-0.35,2,0.1,0.1,0.15,20,67.62,436,391,5,386,0,69,56,0,261,0,0,45,4,440,261,125,440,251657.31,2670.86,15,17,16,338,0,0,0,0,0,69,317,0
424503,35,-0.09,-0.04,-0.5,-0.35,2,0.1,0.1,0.15,20,79.43,436,391,2,389,270,0,80,0,39,0,0,45,4,440,309,80,440,219300.27,2225.89,141,65,46,137,0,0,0,0,270,0,119,0
424504,35,-0.09,-0.04,-0.5,-0.35,2,0.1,0.1,0.15,30,73.78,436,391,2,389,279,81,21,0,8,0,0,45,4,440,287,102,440,148492.8,1819.19,156,77,53,32,26,45,0,0,279,81,29,0
424505,35,-0.09,-0.04,-0.5,-0.35,2,0.1,0.1,0.15,30,61.04,436,391,6,385,0,98,52,0,235,0,0,45,4,440,235,150,440,244229.98,2632.01,15,17,16,21,17,299,0,0,0,98,287,0
424506,35,-0.09,-0.04,-0.5,-0.35,2,0.1,0.1,0.15,30,83.03,436,391,2,389,306,0,66,0,17,0,0,45,4,440,323,66,440,254403.97,2465.41,141,65,46,18,27,92,0,0,306,0,83,0
424507,35,-0.09,-0.04,-0.5,-0.35,2,0.1,0.1,0.15,40,74.23,436,391,3,388,286,87,9,4,1,1,0,45,4,440,288,100,440,147376.28,1824.04,156,77,53,32,26,16,6,22,286,87,10,5
424508,35,-0.09,-0.04,-0.5,-0.35,2,0.1,0.1,0.15,40,57.96,436,391,8,383,0,114,34,13,58,164,0,45,4,440,222,161,440,231810.86,2601.64,15,17,16,21,17,12,14,271,0,114,92,177
424509,35,-0.09,-0.04,-0.5,-0.35,2,0.1,0.1,0.15,40,84.28,436,391,3,388,317,0,45,16,2,8,0,45,4,440,327,61,440,244912.15,2425.6,141,65,46,18,27,9,7,75,317,0,47,24
424510,35,-0.09,-0.04,-0.5,-0.35,2,0.1,0.1,0.15,50,73.97,436,391,3,388,286,88,0,13,0,1,0,45,4,440,287,101,440,146123.0,1818.99,156,77,53,32,26,16,6,22,286,88,0,14
424511,35,-0.09,-0.04,-0.5,-0.35,2,0.1,0.1,0.15,50,56.66,436,391,8,383,0,119,0,47,0,217,0,45,4,440,217,166,440,218800.13,2509.98,15,17,16,21,17,12,14,271,0,119,0,264
424512,35,-0.09,-0.04,-0.5,-0.35,2,0.1,0.1,0.15,50,84.28,436,391,3,388,317,0,0,61,0,10,0,45,4,440,327,61,440,240296.39,2403.93,141,65,46,18,27,9,7,75,317,0,0,71
424513,35,-0.09,-0.04,-0.5,-0.35,2,0.1,0.1,0.15,60,73.97,436,391,3,388,286,88,0,13,0,1,0,45,4,440,287,101,440,146123.0,1818.99,156,77,53,32,26,16,6,22,286,88,0,14
424514,35,-0.09,-0.04,-0.5,-0.35,2,0.1,0.1,0.15,60,56.66,436,391,8,383,0,119,0,47,0,217,0,45,4,440,217,166,440,218800.13,2509.98,15,17,16,21,17,12,14,271,0,119,0,264
424515,35,-0.09,-0.04,-0.5,-0.35,2,0.1,0.1,0.15,60,84.28,436,391,3,388,317,0,0,61,0,10,0,45,4,440,327,61,440,240296.39,2403.93,141,65,46,18,27,9,7,75,317,0,0,71
424516,35,-0.09,-0.04,-0.5,-0.35,2,0.1,0.2,0.15,20,67.96,436,391,4,387,124,69,55,0,139,0,0,45,4,440,263,124,440,240411.79,2591.9,34,57,60,236,0,0,0,0,124,69,194,0
424517,35,-0.09,-0.04,-0.5,-0.35,2,0.1,0.2,0.15,20,67.62,436,391,5,386,0,69,56,0,261,0,0,45,4,440,261,125,440,251657.31,2670.86,15,17,16,338,0,0,0,0,0,69,317,0
424518,35,-0.09,-0.04,-0.5,-0.35,2,0.1,0.2,0.15,20,74.42,436,391,4,387,135,0,99,0,153,0,0,45,4,440,288,99,440,350222.04,3255.93,19,40,47,281,0,0,0,0,135,0,252,0
424519,35,-0.09,-0.04,-0.5,-0.35,2,0.1,0.2,0.15,30,63.47,436,391,5,386,170,97,44,0,75,0,0,45,4,440,245,141,440,257455.95,2774.36,34,57,60,42,44,149,0,0,170,97,119,0
424520,35,-0.09,-0.04,-0.5,-0.35,2,0.1,0.2,0.15,30,61.04,436,391,6,385,0,98,52,0,235,0,0,45,4,440,235,150,440,244229.98,2632.01,15,17,16,21,17,299,0,0,0,98,287,0
424521,35,-0.09,-0.04,-0.5,-0.35,2,0.1,0.2,0.15,30,74.35,436,391,5,386,190,0,99,0,97,0,0,45,4,440,287,99,440,414396.82,3711.32,19,40,47,29,33,218,0,0,190,0,196,0
424522,35,-0.09,-0.04,-0.5,-0.35,2,0.1,0.2,0.15,40,61.2,436,391,7,384,187,111,26,12,21,27,0,45,4,440,235,149,440,241142.28,2716.37,34,57,60,42,44,30,20,97,187,111,47,39
424523,35,-0.09,-0.04,-0.5,-0.35,2,0.1,0.2,0.15,40,57.96,436,391,8,383,0,114,34,13,58,164,0,45,4,440,222,161,440,231810.86,2601.64,15,17,16,21,17,12,14,271,0,114,92,177
424524,35,-0.09,-0.04,-0.5,-0.35,2,0.1,0.2,0.15,40,71.09,436,391,7,384,211,0,84,27,24,38,0,45,4,440,273,111,440,372873.27,3530.19,19,40,47,29,33,22,14,180,211,0,108,65
424525,35,-0.09,-0.04,-0.5,-0.35,2,0.1,0.2,0.15,50,60.42,436,391,7,384,188,114,0,38,0,44,0,45,4,440,232,152,440,234784.31,2675.27,34,57,60,42,44,30,20,97,188,114,0,82
424526,35,-0.09,-0.04,-0.5,-0.35,2,0.1,0.2,0.15,50,56.66,436,391,8,383,0,119,0,47,0,217,0,45,4,440,217,166,440,218800.13,2509.98,15,17,16,21,17,12,14,271,0,119,0,264
424527,35,-0.09,-0.04,-0.5,-0.35,2,0.1,0.2,0.15,50,70.83,436,391,7,384,212,0,0,112,0,60,0,45,4,440,272,112,440,353977.39,3427.43,19,40,47,29,33,22,14,180,212,0,0,172
424528,35,-0.09,-0.04,-0.5,-0.35,2,0.1,0.2,0.15,60,60.42,436,391,7,384,188,114,0,38,0,44,0,45,4,440,232,152,440,234784.31,2675.27,34,57,60,42,44,30,20,97,188,114,0,82
424529,35,-0.09,-0.04,-0.5,-0.35,2,0.1,0.2,0.15,60,56.66,436,391,8,383,0,119,0,47,0,217,0,45,4,440,217,166,440,218800.13,2509.98,15,17,16,21,17,12,14,271,0,119,0,264
424530,35,-0.09,-0.04,-0.5,-0.35,2,0.1,0.2,0.15,60,70.83,436,391,7,384,212,0,0,112,0,60,0,45,4,440,272,112,440,353977.39,3427.43,19,40,47,29,33,22,14,180,212,0,0,172
424531,35,-0.09,-0.04,-0.5,-0.35,2,0.2,0.1,0.15,20,70.44,436,391,2,389,244,64,51,0,30,0,0,45,4,440,274,115,440,125846.95,1285.62,151,74,49,115,0,0,0,0,244,64,81,0
424532,35,-0.09,-0.04,-0.5,-0.35,2,0.2,0.1,0.15,20,63.47,436,391,5,386,0,69,72,0,245,0,0,45,4,440,245,141,440,198557.23,2039.41,15,17,16,338,0,0,0,0,0,69,317,0
424533,35,-0.09,-0.04,-0.5,-0.35,2,0.2,0.1,0.15,20,74.55,436,391,2,389,260,0,99,0,30,0,0,45,4,440,290,99,440,171526.09,1750.71,136,61,37,155,0,0,0,0,260,0,129,0
424534,35,-0.09,-0.04,-0.5,-0.35,2,0.2,0.1,0.15,30,71.72,436,391,2,389,270,83,27,0,9,0,0,45,4,440,279,110,440,127545.09,1307.3,151,74,49,34,21,60,0,0,270,83,36,0
424535,35,-0.09,-0.04,-0.5,-0.35,2,0.2,0.1,0.15,30,60.26,436,391,6,385,0,98,55,0,232,0,0,45,4,440,232,153,440,182258.88,1881.39,15,17,16,21,17,299,0,0,0,98,287,0
424536,35,-0.09,-0.04,-0.5,-0.35,2,0.2,0.1,0.15,30,77.38,436,391,2,389,291,0,88,0,10,0,0,45,4,440,301,88,440,190997.75,1956.33,136,61,37,26,15,114,0,0,291,0,98,0
424537,35,-0.09,-0.04,-0.5,-0.35,2,0.2,0.1,0.15,40,71.65,436,391,3,388,275,91,12,7,2,1,0,45,4,440,278,110,440,123855.33,1272.74,151,74,49,34,21,24,5,30,275,91,14,8
424538,35,-0.09,-0.04,-0.5,-0.35,2,0.2,0.1,0.15,40,55.61,436,391,8,383,0,114,39,17,53,160,0,45,4,440,213,170,440,174565.7,1798.63,15,17,16,21,17,12,14,271,0,114,92,177
424539,35,-0.09,-0.04,-0.5,-0.35,2,0.2,0.1,0.15,40,78.87,436,391,3,388,299,0,58,24,2,5,0,45,4,440,306,82,440,179798.32,1841.96,136,61,37,26,15,16,3,94,299,0,60,29
424540,35,-0.09,-0.04,-0.5,-0.35,2,0.2,0.1,0.15,50,71.39,436,391,3,388,275,92,0,19,0,2,0,45,4,440,277,111,440,122996.6,1263.87,151,74,49,34,21,24,5,30,275,92,0,21
424541,35,-0.09,-0.04,-0.5,-0.35,2,0.2,0.1,0.15,50,54.31,436,391,8,383,0,119,0,56,0,208,0,45,4,440,208,175,440,165506.09,1704.06,15,17,16,21,17,12,14,271,0,119,0,264
424542,35,-0.09,-0.04,-0.5,-0.35,2,0.2,0.1,0.15,50,78.87,436,391,3,388,299,0,0,82,0,7,0,45,4,440,306,82,440,177943.41,1824.43,136,61,37,26,15,16,3,94,299,0,0,89
424543,35,-0.09,-0.04,-0.5,-0.35,2,0.2,0.1,0.15,60,71.39,436,391,3,388,275,92,0,19,0,2,0,45,4,440,277,111,440,122996.6,1263.87,151,74,49,34,21,24,5,30,275,92,0,21
424544,35,-0.09,-0.04,-0.5,-0.35,2,0.2,0.1,0.15,60,54.31,436,391,8,383,0,119,0,56,0,208,0,45,4,440,208,175,440,165506.09,1704.06,15,17,16,21,17,12,14,271,0,119,0,264
424545,35,-0.09,-0.04,-0.5,-0.35,2,0.2,0.1,0.15,60,78.87,436,391,3,388,299,0,0,82,0,7,0,45,4,440,306,82,440,177943.41,1824.43,136,61,37,26,15,16,3,94,299,0,0,89
424546,35,-0.09,-0.04,-0.5,-0.35,2,0.2,0.2,0.15,20,63.82,436,391,4,387,114,69,71,0,133,0,0,45,4,440,247,140,440,193206.43,1985.85,34,53,59,241,0,0,0,0,114,69,204,0
424547,35,-0.09,-0.04,-0.5,-0.35,2,0.2,0.2,0.15,20,63.47,436,391,5,386,0,69,72,0,245,0,0,45,4,440,245,141,440,198557.23,2039.41,15,17,16,338,0,0,0,0,0,69,317,0
424548,35,-0.09,-0.04,-0.5,-0.35,2,0.2,0.2,0.15,20,68.48,436,391,4,387,121,0,122,0,144,0,0,45,4,440,265,122,440,253156.04,2597.62,19,36,43,289,0,0,0,0,121,0,266,0
424549,35,-0.09,-0.04,-0.5,-0.35,2,0.2,0.2,0.15,30,62.69,436,391,5,386,161,97,47,0,81,0,0,45,4,440,242,144,440,202466.07,2087.14,34,53,59,37,44,159,0,0,161,97,128,0
424550,35,-0.09,-0.04,-0.5,-0.35,2,0.2,0.2,0.15,30,60.26,436,391,6,385,0,98,55,0,232,0,0,45,4,440,232,153,440,182258.88,1881.39,15,17,16,21,17,299,0,0,0,98,287,0
424551,35,-0.09,-0.04,-0.5,-0.35,2,0.2,0.2,0.15,30,69.69,436,391,5,386,176,0,117,0,93,0,0,45,4,440,269,117,440,288754.42,2969.81,19,36,43,23,32,233,0,0,176,0,210,0
424552,35,-0.09,-0.04,-0.5,-0.35,2,0.2,0.2,0.15,40,59.11,436,391,7,384,178,111,30,16,19,30,0,45,4,440,227,157,440,197097.11,2034.17,34,53,59,37,44,31,21,105,178,111,49,46
424553,35,-0.09,-0.04,-0.5,-0.35,2,0.2,0.2,0.15,40,55.61,436,391,8,383,0,114,39,17,53,160,0,45,4,440,213,170,440,174565.7,1798.63,15,17,16,21,17,12,14,271,0,114,92,177
424554,35,-0.09,-0.04,-0.5,-0.35,2,0.2,0.2,0.15,40,67.45,436,391,7,384,196,0,90,35,21,42,0,45,4,440,259,125,440,272009.29,2798.67,19,36,43,23,32,23,16,192,196,0,111,77
424555,35,-0.09,-0.04,-0.5,-0.35,2,0.2,0.2,0.15,50,58.33,436,391,7,384,179,114,0,46,0,45,0,45,4,440,224,160,440,191814.89,1979.89,34,53,59,37,44,31,21,105,179,114,0,91
424556,35,-0.09,-0.04,-0.5,-0.35,2,0.2,0.2,0.15,50,54.31,436,391,8,383,0,119,0,56,0,208,0,45,4,440,208,175,440,165506.09,1704.06,15,17,16,21,17,12,14,271,0,119,0,264
424557,35,-0.09,-0.04,-0.5,-0.35,2,0.2,0.2,0.15,50,66.67,436,391,7,384,197,0,0,128,0,59,0,45,4,440,256,128,440,260096.85,2678.76,19,36,43,23,32,23,16,192,197,0,0,187
424558,35,-0.09,-0.04,-0.5,-0.35,2,0.2,0.2,0.15,60,58.33,436,391,7,384,179,114,0,46,0,45,0,45,4,440,224,160,440,191814.89,1979.89,34,53,59,37,44,31,21,105,179,114,0,91
424559,35,-0.09,-0.04,-0.5,-0.35,2,0.2,0.2,0.15,60,54.31,436,391,8,383,0,119,0,56,0,208,0,45,4,440,208,175,440,165506.09,1704.06,15,17,16,21,17,12,14,271,0,119,0,264
424560,35,-0.09,-0.04,-0.5,-0.35,2,0.2,0.2,0.15,60,66.67,436,391,7,384,197,0,0,128,0,59,0,45,4,440,256,128,440,260096.85,2678.76,19,36,43,23,32,23,16,192,197,0,0,187
424561,35,-0.09,-0.04,-0.5,-0.3,1,0.1,0.1,0.15,20,70.13,569,522,3,519,317,73,82,0,47,0,0,47,5,574,364,155,574,171360.03,1759.81,188,98,60,173,0,0,0,0,317,73,129,0
424562,35,-0.09,-0.04,-0.5,-0.3,1,0.1,0.1,0.15,20,62.79,569,522,6,516,0,83,109,0,324,0,0,47,5,574,324,192,574,243480.75,2513.23,18,23,18,457,0,0,0,0,0,83,433,0
424563,35,-0.09,-0.04,-0.5,-0.3,1,0.1,0.1,0.15,20,73.41,569,522,3,519,334,0,138,0,47,0,0,47,5,574,381,138,574,218316.4,2237.94,170,81,49,219,0,0,0,0,334,0,185,0
424564,35,-0.09,-0.04,-0.5,-0.3,1,0.1,0.1,0.15,30,71.24,569,522,4,518,349,105,44,0,20,0,0,47,5,574,369,149,574,167272.23,1723.12,188,98,60,44,33,95,0,0,349,105,64,0
424565,35,-0.09,-0.04,-0.5,-0.3,1,0.1,0.1,0.15,30,59.38,569,522,10,512,0,128,80,0,304,0,0,47,5,574,304,208,574,209082.51,2175.25,18,23,18,24,26,403,0,0,0,128,384,0
424566,35,-0.09,-0.04,-0.5,-0.3,1,0.1,0.1,0.15,30,76.25,569,522,4,518,372,0,123,0,23,0,0,47,5,574,395,123,574,238578.05,2453.23,170,81,49,34,20,164,0,0,372,0,146,0
424567,35,-0.09,-0.04,-0.5,-0.3,1,0.1,0.1,0.15,40,70.6,569,522,5,517,359,119,19,14,4,2,0,47,5,574,365,152,574,156462.38,1613.89,188,98,60,44,33,31,14,49,359,119,23,16
424568,35,-0.09,-0.04,-0.5,-0.3,1,0.1,0.1,0.15,40,53.53,569,522,12,510,0,153,54,30,73,200,0,47,5,574,273,237,574,178047.73,1840.16,18,23,18,24,26,19,21,361,0,153,127,230
424569,35,-0.09,-0.04,-0.5,-0.3,1,0.1,0.1,0.15,40,76.98,569,522,5,517,387,0,85,34,4,7,0,47,5,574,398,119,574,221690.53,2278.17,170,81,49,34,20,18,9,136,387,0,89,41
424570,35,-0.09,-0.04,-0.5,-0.3,1,0.1,0.1,0.15,50,70.41,569,522,5,517,359,120,0,33,0,5,0,47,5,574,364,153,574,154620.7,1594.98,188,98,60,44,33,31,14,49,359,120,0,38
424571,35,-0.09,-0.04,-0.5,-0.3,1,0.1,0.1,0.15,50,52.35,569,522,12,510,0,160,0,83,0,267,0,47,5,574,267,243,574,162996.21,1680.24,18,23,18,24,26,19,21,361,0,160,0,350
424572,35,-0.09,-0.04,-0.5,-0.3,1,0.1,0.1,0.15,50,76.98,569,522,5,517,387,0,0,119,0,11,0,47,5,574,398,119,574,217494.3,2235.45,170,81,49,34,20,18,9,136,387,0,0,130
424573,35,-0.09,-0.04,-0.5,-0.3,1,0.1,0.1,0.15,60,70.41,569,522,5,517,359,120,0,33,0,5,0,47,5,574,364,153,574,154620.7,1594.98,188,98,60,44,33,31,14,49,359,120,0,38
424574,35,-0.09,-0.04,-0.5,-0.3,1,0.1,0.1,0.15,60,52.35,569,522,12,510,0,160,0,83,0,267,0,47,5,574,267,243,574,162996.21,1680.24,18,23,18,24,26,19,21,361,0,160,0,350
424575,35,-0.09,-0.04,-0.5,-0.3,1,0.1,0.1,0.15,60,76.98,569,522,5,517,387,0,0,119,0,11,0,47,5,574,398,119,574,217494.3,2235.45,170,81,49,34,20,18,9,136,387,0,0,130
424576,35,-0.09,-0.04,-0.5,-0.3,1,0.1,0.2,0.15,20,63.06,569,522,5,517,141,83,108,0,185,0,0,47,5,574,326,191,574,243106.95,2508.03,40,64,74,339,0,0,0,0,141,83,293,0
424577,35,-0.09,-0.04,-0.5,-0.3,1,0.1,0.2,0.15,20,62.79,569,522,6,516,0,83,109,0,324,0,0,47,5,574,324,192,574,243480.75,2513.23,18,23,18,457,0,0,0,0,0,83,433,0
424578,35,-0.09,-0.04,-0.5,-0.3,1,0.1,0.2,0.15,20,66.54,569,522,5,517,148,0,173,0,196,0,0,47,5,574,344,173,574,298884.1,3077.78,22,41,56,398,0,0,0,0,148,0,369,0
424579,35,-0.09,-0.04,-0.5,-0.3,1,0.1,0.2,0.15,30,61.4,569,522,9,513,197,127,71,0,118,0,0,47,5,574,315,198,574,237540.87,2461.47,40,64,74,46,57,232,0,0,197,127,189,0
424580,35,-0.09,-0.04,-0.5,-0.3,1,0.1,0.2,0.15,30,59.38,569,522,10,512,0,128,80,0,304,0,0,47,5,574,304,208,574,209082.51,2175.25,18,23,18,24,26,403,0,0,0,128,384,0
424581,35,-0.09,-0.04,-0.5,-0.3,1,0.1,0.2,0.15,30,67.45,569,522,9,513,213,0,167,0,133,0,0,47,5,574,346,167,574,327285.3,3381.13,22,41,56,29,36,329,0,0,213,0,300,0
424582,35,-0.09,-0.04,-0.5,-0.3,1,0.1,0.2,0.15,40,56.95,569,522,11,511,220,149,42,29,29,42,0,47,5,574,291,220,574,222464.88,2307.66,40,64,74,46,57,43,30,157,220,149,71,71
424583,35,-0.09,-0.04,-0.5,-0.3,1,0.1,0.2,0.15,40,53.53,569,522,12,510,0,153,54,30,73,200,0,47,5,574,273,237,574,178047.73,1840.16,18,23,18,24,26,19,21,361,0,153,127,230
424584,35,-0.09,-0.04,-0.5,-0.3,1,0.1,0.2,0.15,40,64.19,569,522,11,511,239,0,130,53,31,58,0,47,5,574,328,183,574,301533.68,3112.01,22,41,56,29,36,29,21,277,239,0,161,111
424585,35,-0.09,-0.04,-0.5,-0.3,1,0.1,0.2,0.15,50,56.36,569,522,11,511,221,152,0,71,0,67,0,47,5,574,288,223,574,215258.83,2233.42,40,64,74,46,57,43,30,157,221,152,0,138
424586,35,-0.09,-0.04,-0.5,-0.3,1,0.1,0.2,0.15,50,52.35,569,522,12,510,0,160,0,83,0,267,0,47,5,574,267,243,574,162996.21,1680.24,18,23,18,24,26,19,21,361,0,160,0,350
424587,35,-0.09,-0.04,-0.5,-0.3,1,0.1,0.2,0.15,50,63.6,569,522,11,511,240,0,0,186,0,85,0,47,5,574,325,186,574,285766.47,2950.36,22,41,56,29,36,29,21,277,240,0,0,271
424588,35,-0.09,-0.04,-0.5,-0.3,1,0.1,0.2,0.15,60,56.36,569,522,11,511,221,152,0,71,0,67,0,47,5,574,288,223,574,215258.83,2233.42,40,64,74,46,57,43,30,157,221,152,0,138
424589,35,-0.09,-0.04,-0.5,-0.3,1,0.1,0.2,0.15,60,52.35,569,522,12,510,0,160,0,83,0,267,0,47,5,574,267,243,574,162996.21,1680.24,18,23,18,24,26,19,21,361,0,160,0,350
424590,35,-0.09,-0.04,-0.5,-0.3,1,0.1,0.2,0.15,60,63.6,569,522,11,511,240,0,0,186,0,85,0,47,5,574,325,186,574,285766.47,2950.36,22,41,56,29,36,29,21,277,240,0,0,271
424591,35,-0.09,-0.04,-0.5,-0.3,1,0.2,0.1,0.15,20,70.13,569,522,3,519,317,73,82,0,47,0,0,47,5,574,364,155,574,171360.03,1759.81,188,98,60,173,0,0,0,0,317,73,129,0
424592,35,-0.09,-0.04,-0.5,-0.3,1,0.2,0.1,0.15,20,62.79,569,522,6,516,0,83,109,0,324,0,0,47,5,574,324,192,574,243480.75,2513.23,18,23,18,457,0,0,0,0,0,83,433,0
424593,35,-0.09,-0.04,-0.5,-0.3,1,0.2,0.1,0.15,20,73.41,569,522,3,519,334,0,138,0,47,0,0,47,5,574,381,138,574,218316.4,2237.94,170,81,49,219,0,0,0,0,334,0,185,0
424594,35,-0.09,-0.04,-0.5,-0.3,1,0.2,0.1,0.15,30,71.24,569,522,4,518,349,105,44,0,20,0,0,47,5,574,369,149,574,167272.23,1723.12,188,98,60,44,33,95,0,0,349,105,64,0
424595,35,-0.09,-0.04,-0.5,-0.3,1,0.2,0.1,0.15,30,59.38,569,522,10,512,0,128,80,0,304,0,0,47,5,574,304,208,574,209082.51,2175.25,18,23,18,24,26,403,0,0,0,128,384,0
424596,35,-0.09,-0.04,-0.5,-0.3,1,0.2,0.1,0.15,30,76.25,569,522,4,518,372,0,123,0,23,0,0,47,5,574,395,123,574,238578.05,2453.23,170,81,49,34,20,164,0,0,372,0,146,0
424597,35,-0.09,-0.04,-0.5,-0.3,1,0.2,0.1,0.15,40,70.6,569,522,5,517,359,119,19,14,4,2,0,47,5,574,365,152,574,156462.38,1613.89,188,98,60,44,33,31,14,49,359,119,23,16
424598,35,-0.09,-0.04,-0.5,-0.3,1,0.2,0.1,0.15,40,53.53,569,522,12,510,0,153,54,30,73,200,0,47,5,574,273,237,574,178047.73,1840.16,18,23,18,24,26,19,21,361,0,153,127,230
424599,35,-0.09,-0.04,-0.5,-0.3,1,0.2,0.1,0.15,40,76.98,569,522,5,517,387,0,85,34,4,7,0,47,5,574,398,119,574,221690.53,2278.17,170,81,49,34,20,18,9,136,387,0,89,41
424600,35,-0.09,-0.04,-0.5,-0.3,1,0.2,0.1,0.15,50,70.41,569,522,5,517,359,120,0,33,0,5,0,47,5,574,364,153,574,154620.7,1594.98,188,98,60,44,33,31,14,49,359,120,0,38
424601,35,-0.09,-0.04,-0.5,-0.3,1,0.2,0.1,0.15,50,52.35,569,522,12,510,0,160,0,83,0,267,0,47,5,574,267,243,574,162996.21,1680.24,18,23,18,24,26,19,21,361,0,160,0,350
424602,35,-0.09,-0.04,-0.5,-0.3,1,0.2,0.1,0.15,50,76.98,569,522,5,517,387,0,0,119,0,11,0,47,5,574,398,119,574,217494.3,2235.45,170,81,49,34,20,18,9,136,387,0,0,130
424603,35,-0.09,-0.04,-0.5,-0.3,1,0.2,0.1,0.15,60,70.41,569,522,5,517,359,120,0,33,0,5,0,47,5,574,364,153,574,154620.7,1594.98,188,98,60,44,33,31,14,49,359,120,0,38
424604,35,-0.09,-0.04,-0.5,-0.3,1,0.2,0.1,0.15,60,52.35,569,522,12,510,0,160,0,83,0,267,0,47,5,574,267,243,574,162996.21,1680.24,18,23,18,24,26,19,21,361,0,160,0,350
424605,35,-0.09,-0.04,-0.5,-0.3,1,0.2,0.1,0.15,60,76.98,569,522,5,517,387,0,0,119,0,11,0,47,5,574,398,119,574,217494.3,2235.45,170,81,49,34,20,18,9,136,387,0,0,130
424606,35,-0.09,-0.04,-0.5,-0.3,1,0.2,0.2,0.15,20,63.06,569,522,5,517,141,83,108,0,185,0,0,47,5,574,326,191,574,243106.95,2508.03,40,64,74,339,0,0,0,0,141,83,293,0
424607,35,-0.09,-0.04,-0.5,-0.3,1,0.2,0.2,0.15,20,62.79,569,522,6,516,0,83,109,0,324,0,0,47,5,574,324,192,574,243480.75,2513.23,18,23,18,457,0,0,0,0,0,83,433,0
424608,35,-0.09,-0.04,-0.5,-0.3,1,0.2,0.2,0.15,20,66.54,569,522,5,517,148,0,173,0,196,0,0,47,5,574,344,173,574,298884.1,3077.78,22,41,56,398,0,0,0,0,148,0,369,0
424609,35,-0.09,-0.04,-0.5,-0.3,1,0.2,0.2,0.15,30,61.4,569,522,9,513,197,127,71,0,118,0,0,47,5,574,315,198,574,237540.87,2461.47,40,64,74,46,57,232,0,0,197,127,189,0
424610,35,-0.09,-0.04,-0.5,-0.3,1,0.2,0.2,0.15,30,59.38,569,522,10,512,0,128,80,0,304,0,0,47,5,574,304,208,574,209082.51,2175.25,18,23,18,24,26,403,0,0,0,128,384,0
424611,35,-0.09,-0.04,-0.5,-0.3,1,0.2,0.2,0.15,30,67.45,569,522,9,513,213,0,167,0,133,0,0,47,5,574,346,167,574,327285.3,3381.13,22,41,56,29,36,329,0,0,213,0,300,0
424612,35,-0.09,-0.04,-0.5,-0.3,1,0.2,0.2,0.15,40,56.95,569,522,11,511,220,149,42,29,29,42,0,47,5,574,291,220,574,222464.88,2307.66,40,64,74,46,57,43,30,157,220,149,71,71
424613,35,-0.09,-0.04,-0.5,-0.3,1,0.2,0.2,0.15,40,53.53,569,522,12,510,0,153,54,30,73,200,0,47,5,574,273,237,574,178047.73,1840.16,18,23,18,24,26,19,21,361,0,153,127,230
424614,35,-0.09,-0.04,-0.5,-0.3,1,0.2,0.2,0.15,40,64.19,569,522,11,511,239,0,130,53,31,58,0,47,5,574,328,183,574,301533.68,3112.01,22,41,56,29,36,29,21,277,239,0,161,111
424615,35,-0.09,-0.04,-0.5,-0.3,1,0.2,0.2,0.15,50,56.36,569,522,11,511,221,152,0,71,0,67,0,47,5,574,288,223,574,215258.83,2233.42,40,64,74,46,57,43,30,157,221,152,0,138
424616,35,-0.09,-0.04,-0.5,-0.3,1,0.2,0.2,0.15,50,52.35,569,522,12,510,0,160,0,83,0,267,0,47,5,574,267,243,574,162996.21,1680.24,18,23,18,24,26,19,21,361,0,160,0,350
424617,35,-0.09,-0.04,-0.5,-0.3,1,0.2,0.2,0.15,50,63.6,569,522,11,511,240,0,0,186,0,85,0,47,5,574,325,186,574,285766.47,2950.36,22,41,56,29,36,29,21,277,240,0,0,271
424618,35,-0.09,-0.04,-0.5,-0.3,1,0.2,0.2,0.15,60,56.36,569,522,11,511,221,152,0,71,0,67,0,47,5,574,288,223,574,215258.83,2233.42,40,64,74,46,57,43,30,157,221,152,0,138
424619,35,-0.09,-0.04,-0.5,-0.3,1,0.2,0.2,0.15,60,52.35,569,522,12,510,0,160,0,83,0,267,0,47,5,574,267,243,574,162996.21,1680.24,18,23,18,24,26,19,21,361,0,160,0,350
424620,35,-0.09,-0.04,-0.5,-0.3,1,0.2,0.2,0.15,60,63.6,569,522,11,511,240,0,0,186,0,85,0,47,5,574,325,186,574,285766.47,2950.36,22,41,56,29,36,29,21,277,240,0,0,271
424621,35,-0.09,-0.04,-0.5,-0.3,2,0.1,0.1,0.15,20,73.6,569,522,3,519,329,73,64,0,53,0,0,47,5,574,382,137,574,202350.89,2363.7,194,102,65,158,0,0,0,0,329,73,117,0
424622,35,-0.09,-0.04,-0.5,-0.3,2,0.1,0.1,0.15,20,66.86,569,522,6,516,0,83,88,0,345,0,0,47,5,574,345,171,574,305439.57,3283.92,18,23,18,457,0,0,0,0,0,83,433,0
424623,35,-0.09,-0.04,-0.5,-0.3,2,0.1,0.1,0.15,20,78.23,569,522,3,519,347,0,113,0,59,0,0,47,5,574,406,113,574,274427.12,2841.74,176,88,58,197,0,0,0,0,347,0,172,0
424624,35,-0.09,-0.04,-0.5,-0.3,2,0.1,0.1,0.15,30,73.55,569,522,4,518,364,102,35,0,17,0,0,47,5,574,381,137,574,200421.11,2416.79,194,102,65,41,40,76,0,0,364,102,52,0
424625,35,-0.09,-0.04,-0.5,-0.3,2,0.1,0.1,0.15,30,60.16,569,522,10,512,0,128,76,0,308,0,0,47,5,574,308,204,574,281419.51,3130.85,18,23,18,24,26,403,0,0,0,128,384,0
424626,35,-0.09,-0.04,-0.5,-0.3,2,0.1,0.1,0.15,30,81.66,569,522,4,518,394,0,95,0,29,0,0,47,5,574,423,95,574,319206.56,3166.79,176,88,58,25,33,138,0,0,394,0,124,0
424627,35,-0.09,-0.04,-0.5,-0.3,2,0.1,0.1,0.15,40,73.5,569,522,5,517,374,112,15,10,3,3,0,47,5,574,380,137,574,190911.25,2382.64,194,102,65,41,40,24,11,40,374,112,18,13
424628,35,-0.09,-0.04,-0.5,-0.3,2,0.1,0.1,0.15,40,56.08,569,522,12,510,0,153,49,22,78,208,0,47,5,574,286,224,574,235915.73,2883.53,18,23,18,24,26,19,21,361,0,153,127,230
424629,35,-0.09,-0.04,-0.5,-0.3,2,0.1,0.1,0.15,40,82.59,569,522,5,517,410,0,66,24,5,12,0,47,5,574,427,90,574,305100.79,3106.21,176,88,58,25,33,14,10,113,410,0,71,36
424630,35,-0.09,-0.04,-0.5,-0.3,2,0.1,0.1,0.15,50,73.31,569,522,5,517,374,113,0,25,0,5,0,47,5,574,379,138,574,188988.52,2370.69,194,102,65,41,40,24,11,40,374,113,0,30
424631,35,-0.09,-0.04,-0.5,-0.3,2,0.1,0.1,0.15,50,54.9,569,522,12,510,0,160,0,70,0,280,0,47,5,574,280,230,574,215691.75,2730.92,18,23,18,24,26,19,21,361,0,160,0,350
424632,35,-0.09,-0.04,-0.5,-0.3,2,0.1,0.1,0.15,50,82.59,569,522,5,517,410,0,0,90,0,17,0,47,5,574,427,90,574,299492.88,3074.78,176,88,58,25,33,14,10,113,410,0,0,107
424633,35,-0.09,-0.04,-0.5,-0.3,2,0.1,0.1,0.15,60,73.31,569,522,5,517,374,113,0,25,0,5,0,47,5,574,379,138,574,188988.52,2370.69,194,102,65,41,40,24,11,40,374,113,0,30
424634,35,-0.09,-0.04,-0.5,-0.3,2,0.1,0.1,0.15,60,54.9,569,522,12,510,0,160,0,70,0,280,0,47,5,574,280,230,574,215691.75,2730.92,18,23,18,24,26,19,21,361,0,160,0,350
424635,35,-0.09,-0.04,-0.5,-0.3,2,0.1,0.1,0.15,60,82.59,569,522,5,517,410,0,0,90,0,17,0,47,5,574,427,90,574,299492.88,3074.78,176,88,58,25,33,14,10,113,410,0,0,107
424636,35,-0.09,-0.04,-0.5,-0.3,2,0.1,0.2,0.15,20,67.12,569,522,5,517,153,83,87,0,194,0,0,47,5,574,347,170,574,300047.29,3257.95,40,69,75,333,0,0,0,0,153,83,281,0
424637,35,-0.09,-0.04,-0.5,-0.3,2,0.1,0.2,0.15,20,66.86,569,522,6,516,0,83,88,0,345,0,0,47,5,574,345,171,574,305439.57,3283.92,18,23,18,457,0,0,0,0,0,83,433,0
424638,35,-0.09,-0.04,-0.5,-0.3,2,0.1,0.2,0.15,20,72.53,569,522,5,517,164,0,142,0,211,0,0,47,5,574,375,142,574,397812.79,3906.28,22,46,60,389,0,0,0,0,164,0,353,0
424639,35,-0.09,-0.04,-0.5,-0.3,2,0.1,0.2,0.15,30,62.18,569,522,9,513,209,127,67,0,110,0,0,47,5,574,319,194,574,305767.29,3368.41,40,69,75,52,58,219,0,0,209,127,177,0
424640,35,-0.09,-0.04,-0.5,-0.3,2,0.1,0.2,0.15,30,60.16,569,522,10,512,0,128,76,0,308,0,0,47,5,574,308,204,574,281419.51,3130.85,18,23,18,24,26,403,0,0,0,128,384,0
