Test,DAYSBACK,PCTMIN,PCTMAX,ATHMIN,ATHMAX,MAXBUYS,BUYDROP,TARGET,STOPLOSS,MAXDURA,WinRate,TotalTrade,Executed,Open,Closed,ProfitTGT,LossSL,LossFEMD,LossFECD,ProfitFEMD,ProfitFECD,Pending,Expired,Invalid,TotalRows,Wins,Losses,TotalStock,SumProfit,SumGainFin,Dur5,Dur10,Dur15,Dur20,Dur25,Dur30,Dur35,Dur40,ExitTGT,ExitSL,ExitFEMD,ExitFECD
30566,5,-0.08,-0.04,-0.55,-0.4,2,0.1,0.2,0.15,50,57.96,937,846,73,773,0,265,0,60,0,448,1,90,6,943,448,325,943,629768.04,6767.79,30,46,50,34,35,28,30,520,0,265,0,508
30567,5,-0.08,-0.04,-0.55,-0.4,2,0.1,0.2,0.15,50,73.69,941,850,67,783,446,0,0,206,0,131,1,90,2,943,577,206,943,802898.22,7482.0,53,96,91,51,53,54,34,351,446,0,0,337
30568,5,-0.08,-0.04,-0.55,-0.4,2,0.1,0.2,0.15,60,62.03,941,850,60,790,400,253,0,47,0,90,1,90,2,943,490,300,943,515479.89,5742.5,83,141,136,77,80,67,45,161,400,253,0,137
30569,5,-0.08,-0.04,-0.55,-0.4,2,0.1,0.2,0.15,60,57.96,937,846,73,773,0,265,0,60,0,448,1,90,6,943,448,325,943,629768.04,6767.79,30,46,50,34,35,28,30,520,0,265,0,508
30570,5,-0.08,-0.04,-0.55,-0.4,2,0.1,0.2,0.15,60,73.69,941,850,67,783,446,0,0,206,0,131,1,90,2,943,577,206,943,802898.22,7482.0,53,96,91,51,53,54,34,351,446,0,0,337
30571,5,-0.08,-0.04,-0.55,-0.4,2,0.2,0.1,0.15,20,66.95,941,850,21,829,502,145,129,0,53,0,1,90,2,943,555,274,943,227435.12,2341.27,298,178,105,248,0,0,0,0,502,145,182,0
30572,5,-0.08,-0.04,-0.55,-0.4,2,0.2,0.1,0.15,20,59.54,940,849,31,818,0,160,171,0,487,0,1,90,3,943,487,331,943,449013.29,4610.37,30,46,50,692,0,0,0,0,0,160,658,0
30573,5,-0.08,-0.04,-0.55,-0.4,2,0.2,0.1,0.15,20,69.48,941,850,21,829,521,0,253,0,55,0,1,90,2,943,576,253,943,280819.44,2863.97,268,139,72,350,0,0,0,0,521,0,308,0
30574,5,-0.08,-0.04,-0.55,-0.4,2,0.2,0.1,0.15,30,71.52,941,850,39,811,555,186,45,0,25,0,1,90,2,943,580,231,943,248862.95,2549.95,298,178,105,66,47,117,0,0,555,186,70,0
30575,5,-0.08,-0.04,-0.55,-0.4,2,0.2,0.1,0.15,30,59.54,939,848,62,786,0,223,95,0,468,0,1,90,4,943,468,318,943,456022.46,4672.68,30,46,50,34,35,591,0,0,0,223,563,0
30576,5,-0.08,-0.04,-0.55,-0.4,2,0.2,0.1,0.15,30,77.05,941,850,44,806,590,0,185,0,31,0,1,90,2,943,621,185,943,344315.5,3515.02,268,139,72,42,33,252,0,0,590,0,216,0
30577,5,-0.08,-0.04,-0.55,-0.4,2,0.2,0.1,0.15,40,71.62,941,850,43,807,568,199,21,9,8,2,1,90,2,943,578,229,943,249251.74,2560.28,298,178,105,66,47,47,13,53,568,199,29,11
30578,5,-0.08,-0.04,-0.55,-0.4,2,0.2,0.1,0.15,40,56.79,937,846,73,773,0,256,57,21,129,310,1,90,6,943,439,334,943,498328.19,5116.88,30,46,50,34,35,28,30,520,0,256,186,331
30579,5,-0.08,-0.04,-0.55,-0.4,2,0.2,0.1,0.15,40,79.25,941,850,50,800,614,0,119,47,8,12,1,90,2,943,634,166,943,377965.12,3854.11,268,139,72,42,33,36,11,199,614,0,127,59
30580,5,-0.08,-0.04,-0.55,-0.4,2,0.2,0.1,0.15,50,71.38,941,850,43,807,568,203,0,28,0,8,1,90,2,943,576,231,943,244356.14,2509.93,298,178,105,66,47,47,13,53,568,203,0,36
30581,5,-0.08,-0.04,-0.55,-0.4,2,0.2,0.1,0.15,50,55.89,937,846,73,773,0,265,0,76,0,432,1,90,6,943,432,341,943,484815.52,4976.77,30,46,50,34,35,28,30,520,0,265,0,508
30582,5,-0.08,-0.04,-0.55,-0.4,2,0.2,0.1,0.15,50,79.12,941,850,50,800,614,0,0,167,0,19,1,90,2,943,633,167,943,367553.14,3747.4,268,139,72,42,33,36,11,199,614,0,0,186
30583,5,-0.08,-0.04,-0.55,-0.4,2,0.2,0.1,0.15,60,71.38,941,850,43,807,568,203,0,28,0,8,1,90,2,943,576,231,943,244356.14,2509.93,298,178,105,66,47,47,13,53,568,203,0,36
30584,5,-0.08,-0.04,-0.55,-0.4,2,0.2,0.1,0.15,60,55.89,937,846,73,773,0,265,0,76,0,432,1,90,6,943,432,341,943,484815.52,4976.77,30,46,50,34,35,28,30,520,0,265,0,508
30585,5,-0.08,-0.04,-0.55,-0.4,2,0.2,0.1,0.15,60,79.12,941,850,50,800,614,0,0,167,0,19,1,90,2,943,633,167,943,367553.14,3747.4,268,139,72,42,33,36,11,199,614,0,0,186
30586,5,-0.08,-0.04,-0.55,-0.4,2,0.2,0.2,0.15,20,60.41,941,850,29,821,257,160,165,0,239,0,1,90,2,943,496,325,943,363739.67,3741.21,82,135,128,476,0,0,0,0,257,160,404,0
30587,5,-0.08,-0.04,-0.55,-0.4,2,0.2,0.2,0.15,20,59.54,940,849,31,818,0,160,171,0,487,0,1,90,3,943,487,331,943,449013.29,4610.37,30,46,50,692,0,0,0,0,0,160,658,0
30588,5,-0.08,-0.04,-0.55,-0.4,2,0.2,0.2,0.15,20,62.97,941,850,29,821,267,0,304,0,250,0,1,90,2,943,517,304,943,429327.56,4391.06,52,89,80,600,0,0,0,0,267,0,554,0
30589,5,-0.08,-0.04,-0.55,-0.4,2,0.2,0.2,0.15,30,61.9,941,850,52,798,347,220,84,0,147,0,1,90,2,943,494,304,943,402867.92,4114.66,82,135,128,72,83,298,0,0,347,220,231,0
30590,5,-0.08,-0.04,-0.55,-0.4,2,0.2,0.2,0.15,30,59.54,939,848,62,786,0,223,95,0,468,0,1,90,4,943,468,318,943,456022.46,4672.68,30,46,50,34,35,591,0,0,0,223,563,0
30591,5,-0.08,-0.04,-0.55,-0.4,2,0.2,0.2,0.15,30,68.1,941,850,57,793,366,0,253,0,174,0,1,90,2,943,540,253,943,523552.51,5337.47,52,89,80,46,54,472,0,0,366,0,427,0
30592,5,-0.08,-0.04,-0.55,-0.4,2,0.2,0.2,0.15,40,60.33,941,850,61,789,381,247,47,19,38,57,1,90,2,943,476,313,943,420330.22,4308.05,82,135,128,72,83,67,44,178,381,247,85,76
30593,5,-0.08,-0.04,-0.55,-0.4,2,0.2,0.2,0.15,40,56.79,937,846,73,773,0,256,57,21,129,310,1,90,6,943,439,334,943,498328.19,5116.88,30,46,50,34,35,28,30,520,0,256,186,331
30594,5,-0.08,-0.04,-0.55,-0.4,2,0.2,0.2,0.15,40,68.93,941,850,68,782,412,0,181,62,43,84,1,90,2,943,539,243,943,591538.29,6038.03,52,89,80,46,54,45,36,380,412,0,224,146
30595,5,-0.08,-0.04,-0.55,-0.4,2,0.2,0.2,0.15,50,59.7,941,850,61,789,381,254,0,64,0,90,1,90,2,943,471,318,943,409184.22,4192.0,82,135,128,72,83,67,44,178,381,254,0,154
30596,5,-0.08,-0.04,-0.55,-0.4,2,0.2,0.2,0.15,50,55.89,937,846,73,773,0,265,0,76,0,432,1,90,6,943,432,341,943,484815.52,4976.77,30,46,50,34,35,28,30,520,0,265,0,508
30597,5,-0.08,-0.04,-0.55,-0.4,2,0.2,0.2,0.15,50,68.16,941,850,68,782,412,0,0,249,0,121,1,90,2,943,533,249,943,571098.44,5826.84,52,89,80,46,54,45,36,380,412,0,0,370
30598,5,-0.08,-0.04,-0.55,-0.4,2,0.2,0.2,0.15,60,59.7,941,850,61,789,381,254,0,64,0,90,1,90,2,943,471,318,943,409184.22,4192.0,82,135,128,72,83,67,44,178,381,254,0,154
30599,5,-0.08,-0.04,-0.55,-0.4,2,0.2,0.2,0.15,60,55.89,937,846,73,773,0,265,0,76,0,432,1,90,6,943,432,341,943,484815.52,4976.77,30,46,50,34,35,28,30,520,0,265,0,508
30600,5,-0.08,-0.04,-0.55,-0.4,2,0.2,0.2,0.15,60,68.16,941,850,68,782,412,0,0,249,0,121,1,90,2,943,533,249,943,571098.44,5826.84,52,89,80,46,54,45,36,380,412,0,0,370
30601,5,-0.08,-0.04,-0.55,-0.35,1,0.1,0.1,0.15,20,66.18,1360,1258,34,1224,720,208,206,0,90,0,1,101,8,1368,810,414,1368,317588.11,3274.09,430,257,155,382,0,0,0,0,720,208,296,0
30602,5,-0.08,-0.04,-0.55,-0.35,1,0.1,0.1,0.15,20,57.36,1358,1256,46,1210,0,234,282,0,694,0,1,101,10,1368,694,516,1368,533144.5,5506.03,45,67,72,1026,0,0,0,0,0,234,976,0
30603,5,-0.08,-0.04,-0.55,-0.35,1,0.1,0.1,0.15,20,68.88,1358,1256,35,1221,744,0,380,0,97,0,1,101,10,1368,841,380,1368,401764.56,4107.66,385,200,104,532,0,0,0,0,744,0,477,0
30604,5,-0.08,-0.04,-0.55,-0.35,1,0.1,0.1,0.15,30,70.61,1360,1258,57,1201,808,271,82,0,40,0,1,101,8,1368,848,353,1368,351289.22,3615.59,430,257,155,86,79,194,0,0,808,271,122,0
30605,5,-0.08,-0.04,-0.55,-0.35,1,0.1,0.1,0.15,30,57.84,1357,1255,88,1167,0,334,158,0,675,0,1,101,11,1368,675,492,1368,548032.48,5650.76,45,67,72,50,62,871,0,0,0,334,833,0
30606,5,-0.08,-0.04,-0.55,-0.35,1,0.1,0.1,0.15,30,76.01,1358,1256,64,1192,855,0,286,0,51,0,1,101,10,1368,906,286,1368,497729.97,5096.31,385,200,104,55,56,392,0,0,855,0,337,0
30607,5,-0.08,-0.04,-0.55,-0.35,1,0.1,0.1,0.15,40,70.65,1360,1258,62,1196,828,296,37,18,10,7,1,101,8,1368,845,351,1368,347446.35,3581.85,430,257,155,86,79,72,22,95,828,296,47,25
30608,5,-0.08,-0.04,-0.55,-0.35,1,0.1,0.1,0.15,40,55.42,1355,1253,100,1153,0,386,92,36,195,444,1,101,13,1368,639,514,1368,598693.77,6189.36,45,67,72,50,62,38,45,774,0,386,287,480
30609,5,-0.08,-0.04,-0.55,-0.35,1,0.1,0.1,0.15,40,78.14,1358,1256,71,1185,893,0,183,76,11,22,1,101,10,1368,926,259,1368,535413.16,5471.7,385,200,104,55,56,55,20,310,893,0,194,98
30610,5,-0.08,-0.04,-0.55,-0.35,1,0.1,0.1,0.15,50,70.4,1360,1258,62,1196,828,301,0,53,0,14,1,101,8,1368,842,354,1368,341165.54,3516.28,430,257,155,86,79,72,22,95,828,301,0,67
30611,5,-0.08,-0.04,-0.55,-0.35,1,0.1,0.1,0.15,50,54.73,1355,1253,100,1153,0,398,0,124,0,631,1,101,13,1368,631,522,1368,577928.82,5972.72,45,67,72,50,62,38,45,774,0,398,0,755
30612,5,-0.08,-0.04,-0.55,-0.35,1,0.1,0.1,0.15,50,78.06,1358,1256,71,1185,893,0,0,260,0,32,1,101,10,1368,925,260,1368,522851.41,5343.08,385,200,104,55,56,55,20,310,893,0,0,292
30613,5,-0.08,-0.04,-0.55,-0.35,1,0.1,0.1,0.15,60,70.4,1360,1258,62,1196,828,301,0,53,0,14,1,101,8,1368,842,354,1368,341165.54,3516.28,430,257,155,86,79,72,22,95,828,301,0,67
30614,5,-0.08,-0.04,-0.55,-0.35,1,0.1,0.1,0.15,60,54.73,1355,1253,100,1153,0,398,0,124,0,631,1,101,13,1368,631,522,1368,577928.82,5972.72,45,67,72,50,62,38,45,774,0,398,0,755
30615,5,-0.08,-0.04,-0.55,-0.35,1,0.1,0.1,0.15,60,78.06,1358,1256,71,1185,893,0,0,260,0,32,1,101,10,1368,925,260,1368,522851.41,5343.08,385,200,104,55,56,55,20,310,893,0,0,292
30616,5,-0.08,-0.04,-0.55,-0.35,1,0.1,0.2,0.15,20,58.39,1360,1258,42,1216,344,233,273,0,366,0,1,101,8,1368,710,506,1368,462607.36,4773.34,111,179,180,746,0,0,0,0,344,233,639,0
30617,5,-0.08,-0.04,-0.55,-0.35,1,0.1,0.2,0.15,20,57.36,1358,1256,46,1210,0,234,282,0,694,0,1,101,10,1368,694,516,1368,533144.5,5506.03,45,67,72,1026,0,0,0,0,0,234,976,0
30618,5,-0.08,-0.04,-0.55,-0.35,1,0.1,0.2,0.15,20,60.92,1358,1256,43,1213,354,0,474,0,385,0,1,101,10,1368,739,474,1368,558924.53,5733.11,66,112,110,925,0,0,0,0,354,0,859,0
30619,5,-0.08,-0.04,-0.55,-0.35,1,0.1,0.2,0.15,30,60.39,1360,1258,74,1184,475,329,140,0,240,0,1,101,8,1368,715,469,1368,525096.07,5392.68,111,179,180,107,137,470,0,0,475,329,380,0
30620,5,-0.08,-0.04,-0.55,-0.35,1,0.1,0.2,0.15,30,57.84,1357,1255,88,1167,0,334,158,0,675,0,1,101,11,1368,675,492,1368,548032.48,5650.76,45,67,72,50,62,871,0,0,0,334,833,0
30621,5,-0.08,-0.04,-0.55,-0.35,1,0.1,0.2,0.15,30,66.38,1358,1256,81,1175,501,0,395,0,279,0,1,101,10,1368,780,395,1368,706323.21,7224.91,66,112,110,66,87,734,0,0,501,0,674,0
30622,5,-0.08,-0.04,-0.55,-0.35,1,0.1,0.2,0.15,40,58.94,1360,1258,84,1174,527,371,77,34,65,100,1,101,8,1368,692,482,1368,550623.59,5677.72,111,179,180,107,137,90,61,309,527,371,142,134
30623,5,-0.08,-0.04,-0.55,-0.35,1,0.1,0.2,0.15,40,55.42,1355,1253,100,1153,0,386,92,36,195,444,1,101,13,1368,639,514,1368,598693.77,6189.36,45,67,72,50,62,38,45,774,0,386,287,480
30624,5,-0.08,-0.04,-0.55,-0.35,1,0.1,0.2,0.15,40,67.24,1358,1256,93,1163,570,0,280,101,75,137,1,101,10,1368,782,381,1368,799279.85,8184.69,66,112,110,66,87,60,52,610,570,0,355,238
30625,5,-0.08,-0.04,-0.55,-0.35,1,0.1,0.2,0.15,50,58.43,1360,1258,84,1174,529,380,0,108,0,157,1,101,8,1368,686,488,1368,535627.42,5521.29,111,179,180,107,137,90,61,309,529,380,0,265
30626,5,-0.08,-0.04,-0.55,-0.35,1,0.1,0.2,0.15,50,54.73,1355,1253,100,1153,0,398,0,124,0,631,1,101,13,1368,631,522,1368,577928.82,5972.72,45,67,72,50,62,38,45,774,0,398,0,755
30627,5,-0.08,-0.04,-0.55,-0.35,1,0.1,0.2,0.15,50,66.81,1358,1256,93,1163,572,0,0,386,0,205,1,101,10,1368,777,386,1368,772478.94,7908.61,66,112,110,66,87,60,52,610,572,0,0,591
30628,5,-0.08,-0.04,-0.55,-0.35,1,0.1,0.2,0.15,60,58.43,1360,1258,84,1174,529,380,0,108,0,157,1,101,8,1368,686,488,1368,535627.42,5521.29,111,179,180,107,137,90,61,309,529,380,0,265
30629,5,-0.08,-0.04,-0.55,-0.35,1,0.1,0.2,0.15,60,54.73,1355,1253,100,1153,0,398,0,124,0,631,1,101,13,1368,631,522,1368,577928.82,5972.72,45,67,72,50,62,38,45,774,0,398,0,755
30630,5,-0.08,-0.04,-0.55,-0.35,1,0.1,0.2,0.15,60,66.81,1358,1256,93,1163,572,0,0,386,0,205,1,101,10,1368,777,386,1368,772478.94,7908.61,66,112,110,66,87,60,52,610,572,0,0,591
30631,5,-0.08,-0.04,-0.55,-0.35,1,0.2,0.1,0.15,20,66.18,1360,1258,34,1224,720,208,206,0,90,0,1,101,8,1368,810,414,1368,317588.11,3274.09,430,257,155,382,0,0,0,0,720,208,296,0
30632,5,-0.08,-0.04,-0.55,-0.35,1,0.2,0.1,0.15,20,57.36,1358,1256,46,1210,0,234,282,0,694,0,1,101,10,1368,694,516,1368,533144.5,5506.03,45,67,72,1026,0,0,0,0,0,234,976,0
30633,5,-0.08,-0.04,-0.55,-0.35,1,0.2,0.1,0.15,20,68.88,1358,1256,35,1221,744,0,380,0,97,0,1,101,10,1368,841,380,1368,401764.56,4107.66,385,200,104,532,0,0,0,0,744,0,477,0
30634,5,-0.08,-0.04,-0.55,-0.35,1,0.2,0.1,0.15,30,70.61,1360,1258,57,1201,808,271,82,0,40,0,1,101,8,1368,848,353,1368,351289.22,3615.59,430,257,155,86,79,194,0,0,808,271,122,0
30635,5,-0.08,-0.04,-0.55,-0.35,1,0.2,0.1,0.15,30,57.84,1357,1255,88,1167,0,334,158,0,675,0,1,101,11,1368,675,492,1368,548032.48,5650.76,45,67,72,50,62,871,0,0,0,334,833,0
30636,5,-0.08,-0.04,-0.55,-0.35,1,0.2,0.1,0.15,30,76.01,1358,1256,64,1192,855,0,286,0,51,0,1,101,10,1368,906,286,1368,497729.97,5096.31,385,200,104,55,56,392,0,0,855,0,337,0
30637,5,-0.08,-0.04,-0.55,-0.35,1,0.2,0.1,0.15,40,70.65,1360,1258,62,1196,828,296,37,18,10,7,1,101,8,1368,845,351,1368,347446.35,3581.85,430,257,155,86,79,72,22,95,828,296,47,25
30638,5,-0.08,-0.04,-0.55,-0.35,1,0.2,0.1,0.15,40,55.42,1355,1253,100,1153,0,386,92,36,195,444,1,101,13,1368,639,514,1368,598693.77,6189.36,45,67,72,50,62,38,45,774,0,386,287,480
30639,5,-0.08,-0.04,-0.55,-0.35,1,0.2,0.1,0.15,40,78.14,1358,1256,71,1185,893,0,183,76,11,22,1,101,10,1368,926,259,1368,535413.16,5471.7,385,200,104,55,56,55,20,310,893,0,194,98
30640,5,-0.08,-0.04,-0.55,-0.35,1,0.2,0.1,0.15,50,70.4,1360,1258,62,1196,828,301,0,53,0,14,1,101,8,1368,842,354,1368,341165.54,3516.28,430,257,155,86,79,72,22,95,828,301,0,67
30641,5,-0.08,-0.04,-0.55,-0.35,1,0.2,0.1,0.15,50,54.73,1355,1253,100,1153,0,398,0,124,0,631,1,101,13,1368,631,522,1368,577928.82,5972.72,45,67,72,50,62,38,45,774,0,398,0,755
30642,5,-0.08,-0.04,-0.55,-0.35,1,0.2,0.1,0.15,50,78.06,1358,1256,71,1185,893,0,0,260,0,32,1,101,10,1368,925,260,1368,522851.41,5343.08,385,200,104,55,56,55,20,310,893,0,0,292
30643,5,-0.08,-0.04,-0.55,-0.35,1,0.2,0.1,0.15,60,70.4,1360,1258,62,1196,828,301,0,53,0,14,1,101,8,1368,842,354,1368,341165.54,3516.28,430,257,155,86,79,72,22,95,828,301,0,67
30644,5,-0.08,-0.04,-0.55,-0.35,1,0.2,0.1,0.15,60,54.73,1355,1253,100,1153,0,398,0,124,0,631,1,101,13,1368,631,522,1368,577928.82,5972.72,45,67,72,50,62,38,45,774,0,398,0,755
30645,5,-0.08,-0.04,-0.55,-0.35,1,0.2,0.1,0.15,60,78.06,1358,1256,71,1185,893,0,0,260,0,32,1,101,10,1368,925,260,1368,522851.41,5343.08,385,200,104,55,56,55,20,310,893,0,0,292
30646,5,-0.08,-0.04,-0.55,-0.35,1,0.2,0.2,0.15,20,58.39,1360,1258,42,1216,344,233,273,0,366,0,1,101,8,1368,710,506,1368,462607.36,4773.34,111,179,180,746,0,0,0,0,344,233,639,0
30647,5,-0.08,-0.04,-0.55,-0.35,1,0.2,0.2,0.15,20,57.36,1358,1256,46,1210,0,234,282,0,694,0,1,101,10,1368,694,516,1368,533144.5,5506.03,45,67,72,1026,0,0,0,0,0,234,976,0
30648,5,-0.08,-0.04,-0.55,-0.35,1,0.2,0.2,0.15,20,60.92,1358,1256,43,1213,354,0,474,0,385,0,1,101,10,1368,739,474,1368,558924.53,5733.11,66,112,110,925,0,0,0,0,354,0,859,0
30649,5,-0.08,-0.04,-0.55,-0.35,1,0.2,0.2,0.15,30,60.39,1360,1258,74,1184,475,329,140,0,240,0,1,101,8,1368,715,469,1368,525096.07,5392.68,111,179,180,107,137,470,0,0,475,329,380,0
30650,5,-0.08,-0.04,-0.55,-0.35,1,0.2,0.2,0.15,30,57.84,1357,1255,88,1167,0,334,158,0,675,0,1,101,11,1368,675,492,1368,548032.48,5650.76,45,67,72,50,62,871,0,0,0,334,833,0
30651,5,-0.08,-0.04,-0.55,-0.35,1,0.2,0.2,0.15,30,66.38,1358,1256,81,1175,501,0,395,0,279,0,1,101,10,1368,780,395,1368,706323.21,7224.91,66,112,110,66,87,734,0,0,501,0,674,0
30652,5,-0.08,-0.04,-0.55,-0.35,1,0.2,0.2,0.15,40,58.94,1360,1258,84,1174,527,371,77,34,65,100,1,101,8,1368,692,482,1368,550623.59,5677.72,111,179,180,107,137,90,61,309,527,371,142,134
30653,5,-0.08,-0.04,-0.55,-0.35,1,0.2,0.2,0.15,40,55.42,1355,1253,100,1153,0,386,92,36,195,444,1,101,13,1368,639,514,1368,598693.77,6189.36,45,67,72,50,62,38,45,774,0,386,287,480
30654,5,-0.08,-0.04,-0.55,-0.35,1,0.2,0.2,0.15,40,67.24,1358,1256,93,1163,570,0,280,101,75,137,1,101,10,1368,782,381,1368,799279.85,8184.69,66,112,110,66,87,60,52,610,570,0,355,238
30655,5,-0.08,-0.04,-0.55,-0.35,1,0.2,0.2,0.15,50,58.43,1360,1258,84,1174,529,380,0,108,0,157,1,101,8,1368,686,488,1368,535627.42,5521.29,111,179,180,107,137,90,61,309,529,380,0,265
30656,5,-0.08,-0.04,-0.55,-0.35,1,0.2,0.2,0.15,50,54.73,1355,1253,100,1153,0,398,0,124,0,631,1,101,13,1368,631,522,1368,577928.82,5972.72,45,67,72,50,62,38,45,774,0,398,0,755
30657,5,-0.08,-0.04,-0.55,-0.35,1,0.2,0.2,0.15,50,66.81,1358,1256,93,1163,572,0,0,386,0,205,1,101,10,1368,777,386,1368,772478.94,7908.61,66,112,110,66,87,60,52,610,572,0,0,591
30658,5,-0.08,-0.04,-0.55,-0.35,1,0.2,0.2,0.15,60,58.43,1360,1258,84,1174,529,380,0,108,0,157,1,101,8,1368,686,488,1368,535627.42,5521.29,111,179,180,107,137,90,61,309,529,380,0,265
30659,5,-0.08,-0.04,-0.55,-0.35,1,0.2,0.2,0.15,60,54.73,1355,1253,100,1153,0,398,0,124,0,631,1,101,13,1368,631,522,1368,577928.82,5972.72,45,67,72,50,62,38,45,774,0,398,0,755
30660,5,-0.08,-0.04,-0.55,-0.35,1,0.2,0.2,0.15,60,66.81,1358,1256,93,1163,572,0,0,386,0,205,1,101,10,1368,777,386,1368,772478.94,7908.61,66,112,110,66,87,60,52,610,572,0,0,591
30661,5,-0.08,-0.04,-0.55,-0.35,2,0.1,0.1,0.15,20,70.1,1360,1258,34,1224,766,204,162,0,92,0,1,101,8,1368,858,366,1368,418638.68,5092.87,448,273,163,340,0,0,0,0,766,204,254,0
30662,5,-0.08,-0.04,-0.55,-0.35,2,0.1,0.1,0.15,20,61.24,1358,1256,46,1210,0,234,235,0,741,0,1,101,10,1368,741,469,1368,696674.46,7680.12,45,67,72,1026,0,0,0,0,0,234,976,0
30663,5,-0.08,-0.04,-0.55,-0.35,2,0.1,0.1,0.15,20,74.61,1358,1256,35,1221,800,0,310,0,111,0,1,101,10,1368,911,310,1368,555571.64,6030.86,404,220,122,475,0,0,0,0,800,0,421,0
30664,5,-0.08,-0.04,-0.55,-0.35,2,0.1,0.1,0.15,30,73.36,1360,1258,57,1201,845,261,59,0,36,0,1,101,8,1368,881,320,1368,431873.93,5413.5,448,273,163,86,80,151,0,0,845,261,95,0
30665,5,-0.08,-0.04,-0.55,-0.35,2,0.1,0.1,0.15,30,59.98,1357,1255,88,1167,0,334,133,0,700,0,1,101,11,1368,700,467,1368,756121.17,8202.31,45,67,72,50,62,871,0,0,0,334,833,0
30666,5,-0.08,-0.04,-0.55,-0.35,2,0.1,0.1,0.15,30,81.71,1358,1256,64,1192,921,0,218,0,53,0,1,101,10,1368,974,218,1368,678784.17,6961.3,404,220,122,54,76,316,0,0,921,0,271,0
30667,5,-0.08,-0.04,-0.55,-0.35,2,0.1,0.1,0.15,40,73.93,1360,1258,61,1197,866,280,25,7,11,8,1,101,8,1368,885,312,1368,437506.28,5500.99,448,273,163,86,80,56,19,72,866,280,36,15
30668,5,-0.08,-0.04,-0.55,-0.35,2,0.1,0.1,0.15,40,58.2,1355,1253,100,1153,0,386,74,22,213,458,1,101,13,1368,671,482,1368,823376.78,8950.43,45,67,72,50,62,38,45,774,0,386,287,480
30669,5,-0.08,-0.04,-0.55,-0.35,2,0.1,0.1,0.15,40,84.49,1358,1256,70,1186,960,0,142,42,21,21,1,101,10,1368,1002,184,1368,755988.44,7401.41,404,220,122,54,76,45,25,240,960,0,163,63
30670,5,-0.08,-0.04,-0.55,-0.35,2,0.1,0.1,0.15,50,73.52,1360,1258,61,1197,866,284,0,33,0,14,1,101,8,1368,880,317,1368,427341.7,5439.82,448,273,163,86,80,56,19,72,866,284,0,47
30671,5,-0.08,-0.04,-0.55,-0.35,2,0.1,0.1,0.15,50,57.24,1355,1253,100,1153,0,398,0,95,0,660,1,101,13,1368,660,493,1368,792776.87,8743.78,45,67,72,50,62,38,45,774,0,398,0,755
30672,5,-0.08,-0.04,-0.55,-0.35,2,0.1,0.1,0.15,50,84.23,1358,1256,70,1186,960,0,0,187,0,39,1,101,10,1368,999,187,1368,729877.59,7257.23,404,220,122,54,76,45,25,240,960,0,0,226
30673,5,-0.08,-0.04,-0.55,-0.35,2,0.1,0.1,0.15,60,73.52,1360,1258,61,1197,866,284,0,33,0,14,1,101,8,1368,880,317,1368,427341.7,5439.82,448,273,163,86,80,56,19,72,866,284,0,47
30674,5,-0.08,-0.04,-0.55,-0.35,2,0.1,0.1,0.15,60,57.24,1355,1253,100,1153,0,398,0,95,0,660,1,101,13,1368,660,493,1368,792776.87,8743.78,45,67,72,50,62,38,45,774,0,398,0,755
30675,5,-0.08,-0.04,-0.55,-0.35,2,0.1,0.1,0.15,60,84.23,1358,1256,70,1186,960,0,0,187,0,39,1,101,10,1368,999,187,1368,729877.59,7257.23,404,220,122,54,76,45,25,240,960,0,0,226
30676,5,-0.08,-0.04,-0.55,-0.35,2,0.1,0.2,0.15,20,62.25,1360,1258,42,1216,372,233,226,0,385,0,1,101,8,1368,757,459,1368,611011.59,6910.79,113,189,189,725,0,0,0,0,372,233,611,0
30677,5,-0.08,-0.04,-0.55,-0.35,2,0.1,0.2,0.15,20,61.24,1358,1256,46,1210,0,234,235,0,741,0,1,101,10,1368,741,469,1368,696674.46,7680.12,45,67,72,1026,0,0,0,0,0,234,976,0
30678,5,-0.08,-0.04,-0.55,-0.35,2,0.1,0.2,0.15,20,66.86,1358,1256,43,1213,388,0,402,0,423,0,1,101,10,1368,811,402,1368,774718.36,8054.42,68,123,123,899,0,0,0,0,388,0,825,0
30679,5,-0.08,-0.04,-0.55,-0.35,2,0.1,0.2,0.15,30,62.42,1360,1258,74,1184,504,328,117,0,235,0,1,101,8,1368,739,445,1368,692992.21,7723.92,113,189,189,114,136,443,0,0,504,328,352,0
30680,5,-0.08,-0.04,-0.55,-0.35,2,0.1,0.2,0.15,30,59.98,1357,1255,88,1167,0,334,133,0,700,0,1,101,11,1368,700,467,1368,756121.17,8202.31,45,67,72,50,62,871,0,0,0,334,833,0
30681,5,-0.08,-0.04,-0.55,-0.35,2,0.1,0.2,0.15,30,71.4,1358,1256,81,1175,547,0,336,0,292,0,1,101,10,1368,839,336,1368,1012709.13,9743.32,68,123,123,74,90,697,0,0,547,0,628,0
30682,5,-0.08,-0.04,-0.55,-0.35,2,0.1,0.2,0.15,40,62.04,1360,1258,83,1175,559,370,57,19,76,94,1,101,8,1368,729,446,1368,725473.58,8099.16,113,189,189,114,136,91,64,279,559,370,133,113
30683,5,-0.08,-0.04,-0.55,-0.35,2,0.1,0.2,0.15,40,58.2,1355,1253,100,1153,0,386,74,22,213,458,1,101,13,1368,671,482,1368,823376.78,8950.43,45,67,72,50,62,38,45,774,0,386,287,480
30684,5,-0.08,-0.04,-0.55,-0.35,2,0.1,0.2,0.15,40,73.54,1358,1256,92,1164,622,0,240,68,98,136,1,101,10,1368,856,308,1368,1166788.11,10749.28,68,123,123,74,90,69,51,566,622,0,338,204
30685,5,-0.08,-0.04,-0.55,-0.35,2,0.1,0.2,0.15,50,61.28,1360,1258,83,1175,561,378,0,77,0,159,1,101,8,1368,720,455,1368,705497.43,7967.57,113,189,189,114,136,91,64,279,561,378,0,236
30686,5,-0.08,-0.04,-0.55,-0.35,2,0.1,0.2,0.15,50,57.24,1355,1253,100,1153,0,398,0,95,0,660,1,101,13,1368,660,493,1368,792776.87,8743.78,45,67,72,50,62,38,45,774,0,398,0,755
30687,5,-0.08,-0.04,-0.55,-0.35,2,0.1,0.2,0.15,50,73.11,1358,1256,92,1164,624,0,0,313,0,227,1,101,10,1368,851,313,1368,1125831.4,10511.51,68,123,123,74,90,69,51,566,624,0,0,540
30688,5,-0.08,-0.04,-0.55,-0.35,2,0.1,0.2,0.15,60,61.28,1360,1258,83,1175,561,378,0,77,0,159,1,101,8,1368,720,455,1368,705497.43,7967.57,113,189,189,114,136,91,64,279,561,378,0,236
30689,5,-0.08,-0.04,-0.55,-0.35,2,0.1,0.2,0.15,60,57.24,1355,1253,100,1153,0,398,0,95,0,660,1,101,13,1368,660,493,1368,792776.87,8743.78,45,67,72,50,62,38,45,774,0,398,0,755
30690,5,-0.08,-0.04,-0.55,-0.35,2,0.1,0.2,0.15,60,73.11,1358,1256,92,1164,624,0,0,313,0,227,1,101,10,1368,851,313,1368,1125831.4,10511.51,68,123,123,74,90,69,51,566,624,0,0,540
30691,5,-0.08,-0.04,-0.55,-0.35,2,0.2,0.1,0.15,20,66.18,1360,1258,34,1224,720,208,206,0,90,0,1,101,8,1368,810,414,1368,317588.11,3274.09,430,257,155,382,0,0,0,0,720,208,296,0
30692,5,-0.08,-0.04,-0.55,-0.35,2,0.2,0.1,0.15,20,57.36,1358,1256,46,1210,0,234,282,0,694,0,1,101,10,1368,694,516,1368,533144.5,5506.03,45,67,72,1026,0,0,0,0,0,234,976,0
30693,5,-0.08,-0.04,-0.55,-0.35,2,0.2,0.1,0.15,20,68.88,1358,1256,35,1221,744,0,380,0,97,0,1,101,10,1368,841,380,1368,401764.56,4107.66,385,200,104,532,0,0,0,0,744,0,477,0
30694,5,-0.08,-0.04,-0.55,-0.35,2,0.2,0.1,0.15,30,70.61,1360,1258,57,1201,808,271,82,0,40,0,1,101,8,1368,848,353,1368,351289.22,3615.59,430,257,155,86,79,194,0,0,808,271,122,0
30695,5,-0.08,-0.04,-0.55,-0.35,2,0.2,0.1,0.15,30,57.84,1357,1255,88,1167,0,334,158,0,675,0,1,101,11,1368,675,492,1368,548032.48,5650.76,45,67,72,50,62,871,0,0,0,334,833,0
30696,5,-0.08,-0.04,-0.55,-0.35,2,0.2,0.1,0.15,30,76.01,1358,1256,64,1192,855,0,286,0,51,0,1,101,10,1368,906,286,1368,497729.97,5096.31,385,200,104,55,56,392,0,0,855,0,337,0
30697,5,-0.08,-0.04,-0.55,-0.35,2,0.2,0.1,0.15,40,70.65,1360,1258,62,1196,828,296,37,18,10,7,1,101,8,1368,845,351,1368,347446.35,3581.85,430,257,155,86,79,72,22,95,828,296,47,25
30698,5,-0.08,-0.04,-0.55,-0.35,2,0.2,0.1,0.15,40,55.42,1355,1253,100,1153,0,386,92,36,195,444,1,101,13,1368,639,514,1368,598693.77,6189.36,45,67,72,50,62,38,45,774,0,386,287,480
30699,5,-0.08,-0.04,-0.55,-0.35,2,0.2,0.1,0.15,40,78.14,1358,1256,71,1185,893,0,183,76,11,22,1,101,10,1368,926,259,1368,535413.16,5471.7,385,200,104,55,56,55,20,310,893,0,194,98
30700,5,-0.08,-0.04,-0.55,-0.35,2,0.2,0.1,0.15,50,70.4,1360,1258,62,1196,828,301,0,53,0,14,1,101,8,1368,842,354,1368,341165.54,3516.28,430,257,155,86,79,72,22,95,828,301,0,67
30701,5,-0.08,-0.04,-0.55,-0.35,2,0.2,0.1,0.15,50,54.73,1355,1253,100,1153,0,398,0,124,0,631,1,101,13,1368,631,522,1368,577928.82,5972.72,45,67,72,50,62,38,45,774,0,398,0,755
30702,5,-0.08,-0.04,-0.55,-0.35,2,0.2,0.1,0.15,50,78.06,1358,1256,71,1185,893,0,0,260,0,32,1,101,10,1368,925,260,1368,522851.41,5343.08,385,200,104,55,56,55,20,310,893,0,0,292
30703,5,-0.08,-0.04,-0.55,-0.35,2,0.2,0.1,0.15,60,70.4,1360,1258,62,1196,828,301,0,53,0,14,1,101,8,1368,842,354,1368,341165.54,3516.28,430,257,155,86,79,72,22,95,828,301,0,67
30704,5,-0.08,-0.04,-0.55,-0.35,2,0.2,0.1,0.15,60,54.73,1355,1253,100,1153,0,398,0,124,0,631,1,101,13,1368,631,522,1368,577928.82,5972.72,45,67,72,50,62,38,45,774,0,398,0,755
30705,5,-0.08,-0.04,-0.55,-0.35,2,0.2,0.1,0.15,60,78.06,1358,1256,71,1185,893,0,0,260,0,32,1,101,10,1368,925,260,1368,522851.41,5343.08,385,200,104,55,56,55,20,310,893,0,0,292
30706,5,-0.08,-0.04,-0.55,-0.35,2,0.2,0.2,0.15,20,58.39,1360,1258,42,1216,344,233,273,0,366,0,1,101,8,1368,710,506,1368,462607.36,4773.34,111,179,180,746,0,0,0,0,344,233,639,0
30707,5,-0.08,-0.04,-0.55,-0.35,2,0.2,0.2,0.15,20,57.36,1358,1256,46,1210,0,234,282,0,694,0,1,101,10,1368,694,516,1368,533144.5,5506.03,45,67,72,1026,0,0,0,0,0,234,976,0
30708,5,-0.08,-0.04,-0.55,-0.35,2,0.2,0.2,0.15,20,60.92,1358,1256,43,1213,354,0,474,0,385,0,1,101,10,1368,739,474,1368,558924.53,5733.11,66,112,110,925,0,0,0,0,354,0,859,0
30709,5,-0.08,-0.04,-0.55,-0.35,2,0.2,0.2,0.15,30,60.39,1360,1258,74,1184,475,329,140,0,240,0,1,101,8,1368,715,469,1368,525096.07,5392.68,111,179,180,107,137,470,0,0,475,329,380,0
30710,5,-0.08,-0.04,-0.55,-0.35,2,0.2,0.2,0.15,30,57.84,1357,1255,88,1167,0,334,158,0,675,0,1,101,11,1368,675,492,1368,548032.48,5650.76,45,67,72,50,62,871,0,0,0,334,833,0
30711,5,-0.08,-0.04,-0.55,-0.35,2,0.2,0.2,0.15,30,66.38,1358,1256,81,1175,501,0,395,0,279,0,1,101,10,1368,780,395,1368,706323.21,7224.91,66,112,110,66,87,734,0,0,501,0,674,0
30712,5,-0.08,-0.04,-0.55,-0.35,2,0.2,0.2,0.15,40,58.94,1360,1258,84,1174,527,371,77,34,65,100,1,101,8,1368,692,482,1368,550623.59,5677.72,111,179,180,107,137,90,61,309,527,371,142,134
30713,5,-0.08,-0.04,-0.55,-0.35,2,0.2,0.2,0.15,40,55.42,1355,1253,100,1153,0,386,92,36,195,444,1,101,13,1368,639,514,1368,598693.77,6189.36,45,67,72,50,62,38,45,774,0,386,287,480
30714,5,-0.08,-0.04,-0.55,-0.35,2,0.2,0.2,0.15,40,67.24,1358,1256,93,1163,570,0,280,101,75,137,1,101,10,1368,782,381,1368,799279.85,8184.69,66,112,110,66,87,60,52,610,570,0,355,238
30715,5,-0.08,-0.04,-0.55,-0.35,2,0.2,0.2,0.15,50,58.43,1360,1258,84,1174,529,380,0,108,0,157,1,101,8,1368,686,488,1368,535627.42,5521.29,111,179,180,107,137,90,61,309,529,380,0,265
30716,5,-0.08,-0.04,-0.55,-0.35,2,0.2,0.2,0.15,50,54.73,1355,1253,100,1153,0,398,0,124,0,631,1,101,13,1368,631,522,1368,577928.82,5972.72,45,67,72,50,62,38,45,774,0,398,0,755
30717,5,-0.08,-0.04,-0.55,-0.35,2,0.2,0.2,0.15,50,66.81,1358,1256,93,1163,572,0,0,386,0,205,1,101,10,1368,777,386,1368,772478.94,7908.61,66,112,110,66,87,60,52,610,572,0,0,591
30718,5,-0.08,-0.04,-0.55,-0.35,2,0.2,0.2,0.15,60,58.43,1360,1258,84,1174,529,380,0,108,0,157,1,101,8,1368,686,488,1368,535627.42,5521.29,111,179,180,107,137,90,61,309,529,380,0,265
30719,5,-0.08,-0.04,-0.55,-0.35,2,0.2,0.2,0.15,60,54.73,1355,1253,100,1153,0,398,0,124,0,631,1,101,13,1368,631,522,1368,577928.82,5972.72,45,67,72,50,62,38,45,774,0,398,0,755
30720,5,-0.08,-0.04,-0.55,-0.35,2,0.2,0.2,0.15,60,66.81,1358,1256,93,1163,572,0,0,386,0,205,1,101,10,1368,777,386,1368,772478.94,7908.61,66,112,110,66,87,60,52,610,572,0,0,591
30721,5,-0.08,-0.04,-0.55,-0.3,1,0.1,0.1,0.15,20,65.51,1817,1711,44,1667,948,287,288,0,144,0,1,105,16,1833,1092,575,1833,392419.7,4093.6,553,359,207,548,0,0,0,0,948,287,432,0
30722,5,-0.08,-0.04,-0.55,-0.3,1,0.1,0.1,0.15,20,56.91,1814,1708,58,1650,0,328,383,0,939,0,1,105,19,1833,939,711,1833,600836.33,6253.88,63,105,103,1379,0,0,0,0,0,328,1322,0
30723,5,-0.08,-0.04,-0.55,-0.3,1,0.1,0.1,0.15,20,68.15,1815,1709,45,1664,979,0,530,0,155,0,1,105,18,1833,1134,530,1833,499047.97,5160.26,490,271,136,767,0,0,0,0,979,0,685,0
30724,5,-0.08,-0.04,-0.55,-0.3,1,0.1,0.1,0.15,30,69.06,1817,1711,69,1642,1067,371,137,0,67,0,1,105,16,1833,1134,508,1833,432429.69,4501.23,553,359,207,116,115,292,0,0,1067,371,204,0
30725,5,-0.08,-0.04,-0.55,-0.3,1,0.1,0.1,0.15,30,56.65,1813,1707,106,1601,0,458,236,0,907,0,1,105,20,1833,907,694,1833,621063.97,6470.31,63,105,103,57,82,1191,0,0,0,458,1143,0
30726,5,-0.08,-0.04,-0.55,-0.3,1,0.1,0.1,0.15,30,74.53,1815,1709,76,1633,1131,0,416,0,86,0,1,105,18,1833,1217,416,1833,635166.62,6553.93,490,271,136,82,81,573,0,0,1131,0,502,0
30727,5,-0.08,-0.04,-0.55,-0.3,1,0.1,0.1,0.15,40,69.27,1817,1711,74,1637,1103,411,63,29,19,12,1,105,16,1833,1134,503,1833,427926.11,4461.66,553,359,207,116,115,88,45,154,1103,411,82,41
30728,5,-0.08,-0.04,-0.55,-0.3,1,0.1,0.1,0.15,40,54.89,1811,1705,120,1585,0,529,130,56,287,583,1,105,22,1833,870,715,1833,689693.25,7191.2,63,105,103,57,82,48,65,1062,0,529,417,639
30729,5,-0.08,-0.04,-0.55,-0.3,1,0.1,0.1,0.15,40,76.75,1815,1709,83,1626,1192,0,265,113,21,35,1,105,18,1833,1248,378,1833,698192.11,7185.56,490,271,136,82,81,71,36,459,1192,0,286,148
30730,5,-0.08,-0.04,-0.55,-0.3,1,0.1,0.1,0.15,50,69.21,1817,1711,74,1637,1103,416,0,88,0,30,1,105,16,1833,1133,504,1833,420791.51,4387.13,553,359,207,116,115,88,45,154,1103,416,0,118
30731,5,-0.08,-0.04,-0.55,-0.3,1,0.1,0.1,0.15,50,54.13,1811,1705,120,1585,0,543,0,184,0,858,1,105,22,1833,858,727,1833,662951.37,6908.22,63,105,103,57,82,48,65,1062,0,543,0,1042
30732,5,-0.08,-0.04,-0.55,-0.3,1,0.1,0.1,0.15,50,76.81,1815,1709,83,1626,1192,0,0,377,0,57,1,105,18,1833,1249,377,1833,682595.25,7023.51,490,271,136,82,81,71,36,459,1192,0,0,434
30733,5,-0.08,-0.04,-0.55,-0.3,1,0.1,0.1,0.15,60,69.21,1817,1711,74,1637,1103,416,0,88,0,30,1,105,16,1833,1133,504,1833,420791.51,4387.13,553,359,207,116,115,88,45,154,1103,416,0,118
30734,5,-0.08,-0.04,-0.55,-0.3,1,0.1,0.1,0.15,60,54.13,1811,1705,120,1585,0,543,0,184,0,858,1,105,22,1833,858,727,1833,662951.37,6908.22,63,105,103,57,82,48,65,1062,0,543,0,1042
30735,5,-0.08,-0.04,-0.55,-0.3,1,0.1,0.1,0.15,60,76.81,1815,1709,83,1626,1192,0,0,377,0,57,1,105,18,1833,1249,377,1833,682595.25,7023.51,490,271,136,82,81,71,36,459,1192,0,0,434
30736,5,-0.08,-0.04,-0.55,-0.3,1,0.1,0.2,0.15,20,58.0,1817,1711,54,1657,436,325,371,0,525,0,1,105,16,1833,961,696,1833,558131.27,5796.12,148,239,244,1026,0,0,0,0,436,325,896,0
30737,5,-0.08,-0.04,-0.55,-0.3,1,0.1,0.2,0.15,20,56.91,1814,1708,58,1650,0,328,383,0,939,0,1,105,19,1833,939,711,1833,600836.33,6253.88,63,105,103,1379,0,0,0,0,0,328,1322,0
30738,5,-0.08,-0.04,-0.55,-0.3,1,0.1,0.2,0.15,20,60.4,1815,1709,55,1654,447,0,655,0,552,0,1,105,18,1833,999,655,1833,672046.24,6936.02,85,135,145,1289,0,0,0,0,447,0,1207,0
30739,5,-0.08,-0.04,-0.55,-0.3,1,0.1,0.2,0.15,30,59.07,1817,1711,91,1620,608,449,214,0,349,0,1,105,16,1833,957,663,1833,632127.41,6548.44,148,239,244,130,183,676,0,0,608,449,563,0
30740,5,-0.08,-0.04,-0.55,-0.3,1,0.1,0.2,0.15,30,56.65,1813,1707,106,1601,0,458,236,0,907,0,1,105,20,1833,907,694,1833,621063.97,6470.31,63,105,103,57,82,1191,0,0,0,458,1143,0
30741,5,-0.08,-0.04,-0.55,-0.3,1,0.1,0.2,0.15,30,65.18,1815,1709,98,1611,642,0,561,0,408,0,1,105,18,1833,1050,561,1833,871940.19,8985.42,85,135,145,82,120,1044,0,0,642,0,969,0
30742,5,-0.08,-0.04,-0.55,-0.3,1,0.1,0.2,0.15,40,58.11,1817,1711,102,1609,675,509,112,53,104,156,1,105,16,1833,935,674,1833,672297.18,6993.62,148,239,244,130,183,113,84,468,675,509,216,209
30743,5,-0.08,-0.04,-0.55,-0.3,1,0.1,0.2,0.15,40,54.89,1811,1705,120,1585,0,529,130,56,287,583,1,105,22,1833,870,715,1833,689693.25,7191.2,63,105,103,57,82,48,65,1062,0,529,417,639
30744,5,-0.08,-0.04,-0.55,-0.3,1,0.1,0.2,0.15,40,66.33,1815,1709,111,1598,729,0,389,149,117,214,1,105,18,1833,1060,538,1833,1011047.8,10425.89,85,135,145,82,120,75,62,894,729,0,506,363
30745,5,-0.08,-0.04,-0.55,-0.3,1,0.1,0.2,0.15,50,57.61,1817,1711,102,1609,680,518,0,164,0,247,1,105,16,1833,927,682,1833,655742.55,6821.0,148,239,244,130,183,113,84,468,680,518,0,411
30746,5,-0.08,-0.04,-0.55,-0.3,1,0.1,0.2,0.15,50,54.13,1811,1705,120,1585,0,543,0,184,0,858,1,105,22,1833,858,727,1833,662951.37,6908.22,63,105,103,57,82,48,65,1062,0,543,0,1042
30747,5,-0.08,-0.04,-0.55,-0.3,1,0.1,0.2,0.15,50,65.96,1815,1709,111,1598,734,0,0,544,0,320,1,105,18,1833,1054,544,1833,981398.47,10117.35,85,135,145,82,120,75,62,894,734,0,0,864
30748,5,-0.08,-0.04,-0.55,-0.3,1,0.1,0.2,0.15,60,57.61,1817,1711,102,1609,680,518,0,164,0,247,1,105,16,1833,927,682,1833,655742.55,6821.0,148,239,244,130,183,113,84,468,680,518,0,411
30749,5,-0.08,-0.04,-0.55,-0.3,1,0.1,0.2,0.15,60,54.13,1811,1705,120,1585,0,543,0,184,0,858,1,105,22,1833,858,727,1833,662951.37,6908.22,63,105,103,57,82,48,65,1062,0,543,0,1042
30750,5,-0.08,-0.04,-0.55,-0.3,1,0.1,0.2,0.15,60,65.96,1815,1709,111,1598,734,0,0,544,0,320,1,105,18,1833,1054,544,1833,981398.47,10117.35,85,135,145,82,120,75,62,894,734,0,0,864
30751,5,-0.08,-0.04,-0.55,-0.3,1,0.2,0.1,0.15,20,65.51,1817,1711,44,1667,948,287,288,0,144,0,1,105,16,1833,1092,575,1833,392419.7,4093.6,553,359,207,548,0,0,0,0,948,287,432,0
30752,5,-0.08,-0.04,-0.55,-0.3,1,0.2,0.1,0.15,20,56.91,1814,1708,58,1650,0,328,383,0,939,0,1,105,19,1833,939,711,1833,600836.33,6253.88,63,105,103,1379,0,0,0,0,0,328,1322,0
30753,5,-0.08,-0.04,-0.55,-0.3,1,0.2,0.1,0.15,20,68.15,1815,1709,45,1664,979,0,530,0,155,0,1,105,18,1833,1134,530,1833,499047.97,5160.26,490,271,136,767,0,0,0,0,979,0,685,0
30754,5,-0.08,-0.04,-0.55,-0.3,1,0.2,0.1,0.15,30,69.06,1817,1711,69,1642,1067,371,137,0,67,0,1,105,16,1833,1134,508,1833,432429.69,4501.23,553,359,207,116,115,292,0,0,1067,371,204,0
30755,5,-0.08,-0.04,-0.55,-0.3,1,0.2,0.1,0.15,30,56.65,1813,1707,106,1601,0,458,236,0,907,0,1,105,20,1833,907,694,1833,621063.97,6470.31,63,105,103,57,82,1191,0,0,0,458,1143,0
30756,5,-0.08,-0.04,-0.55,-0.3,1,0.2,0.1,0.15,30,74.53,1815,1709,76,1633,1131,0,416,0,86,0,1,105,18,1833,1217,416,1833,635166.62,6553.93,490,271,136,82,81,573,0,0,1131,0,502,0
30757,5,-0.08,-0.04,-0.55,-0.3,1,0.2,0.1,0.15,40,69.27,1817,1711,74,1637,1103,411,63,29,19,12,1,105,16,1833,1134,503,1833,427926.11,4461.66,553,359,207,116,115,88,45,154,1103,411,82,41
30758,5,-0.08,-0.04,-0.55,-0.3,1,0.2,0.1,0.15,40,54.89,1811,1705,120,1585,0,529,130,56,287,583,1,105,22,1833,870,715,1833,689693.25,7191.2,63,105,103,57,82,48,65,1062,0,529,417,639
30759,5,-0.08,-0.04,-0.55,-0.3,1,0.2,0.1,0.15,40,76.75,1815,1709,83,1626,1192,0,265,113,21,35,1,105,18,1833,1248,378,1833,698192.11,7185.56,490,271,136,82,81,71,36,459,1192,0,286,148
30760,5,-0.08,-0.04,-0.55,-0.3,1,0.2,0.1,0.15,50,69.21,1817,1711,74,1637,1103,416,0,88,0,30,1,105,16,1833,1133,504,1833,420791.51,4387.13,553,359,207,116,115,88,45,154,1103,416,0,118
30761,5,-0.08,-0.04,-0.55,-0.3,1,0.2,0.1,0.15,50,54.13,1811,1705,120,1585,0,543,0,184,0,858,1,105,22,1833,858,727,1833,662951.37,6908.22,63,105,103,57,82,48,65,1062,0,543,0,1042
30762,5,-0.08,-0.04,-0.55,-0.3,1,0.2,0.1,0.15,50,76.81,1815,1709,83,1626,1192,0,0,377,0,57,1,105,18,1833,1249,377,1833,682595.25,7023.51,490,271,136,82,81,71,36,459,1192,0,0,434
30763,5,-0.08,-0.04,-0.55,-0.3,1,0.2,0.1,0.15,60,69.21,1817,1711,74,1637,1103,416,0,88,0,30,1,105,16,1833,1133,504,1833,420791.51,4387.13,553,359,207,116,115,88,45,154,1103,416,0,118
30764,5,-0.08,-0.04,-0.55,-0.3,1,0.2,0.1,0.15,60,54.13,1811,1705,120,1585,0,543,0,184,0,858,1,105,22,1833,858,727,1833,662951.37,6908.22,63,105,103,57,82,48,65,1062,0,543,0,1042
30765,5,-0.08,-0.04,-0.55,-0.3,1,0.2,0.1,0.15,60,76.81,1815,1709,83,1626,1192,0,0,377,0,57,1,105,18,1833,1249,377,1833,682595.25,7023.51,490,271,136,82,81,71,36,459,1192,0,0,434
30766,5,-0.08,-0.04,-0.55,-0.3,1,0.2,0.2,0.15,20,58.0,1817,1711,54,1657,436,325,371,0,525,0,1,105,16,1833,961,696,1833,558131.27,5796.12,148,239,244,1026,0,0,0,0,436,325,896,0
30767,5,-0.08,-0.04,-0.55,-0.3,1,0.2,0.2,0.15,20,56.91,1814,1708,58,1650,0,328,383,0,939,0,1,105,19,1833,939,711,1833,600836.33,6253.88,63,105,103,1379,0,0,0,0,0,328,1322,0
30768,5,-0.08,-0.04,-0.55,-0.3,1,0.2,0.2,0.15,20,60.4,1815,1709,55,1654,447,0,655,0,552,0,1,105,18,1833,999,655,1833,672046.24,6936.02,85,135,145,1289,0,0,0,0,447,0,1207,0
30769,5,-0.08,-0.04,-0.55,-0.3,1,0.2,0.2,0.15,30,59.07,1817,1711,91,1620,608,449,214,0,349,0,1,105,16,1833,957,663,1833,632127.41,6548.44,148,239,244,130,183,676,0,0,608,449,563,0
30770,5,-0.08,-0.04,-0.55,-0.3,1,0.2,0.2,0.15,30,56.65,1813,1707,106,1601,0,458,236,0,907,0,1,105,20,1833,907,694,1833,621063.97,6470.31,63,105,103,57,82,1191,0,0,0,458,1143,0
30771,5,-0.08,-0.04,-0.55,-0.3,1,0.2,0.2,0.15,30,65.18,1815,1709,98,1611,642,0,561,0,408,0,1,105,18,1833,1050,561,1833,871940.19,8985.42,85,135,145,82,120,1044,0,0,642,0,969,0
30772,5,-0.08,-0.04,-0.55,-0.3,1,0.2,0.2,0.15,40,58.11,1817,1711,102,1609,675,509,112,53,104,156,1,105,16,1833,935,674,1833,672297.18,6993.62,148,239,244,130,183,113,84,468,675,509,216,209
30773,5,-0.08,-0.04,-0.55,-0.3,1,0.2,0.2,0.15,40,54.89,1811,1705,120,1585,0,529,130,56,287,583,1,105,22,1833,870,715,1833,689693.25,7191.2,63,105,103,57,82,48,65,1062,0,529,417,639
30774,5,-0.08,-0.04,-0.55,-0.3,1,0.2,0.2,0.15,40,66.33,1815,1709,111,1598,729,0,389,149,117,214,1,105,18,1833,1060,538,1833,1011047.8,10425.89,85,135,145,82,120,75,62,894,729,0,506,363
30775,5,-0.08,-0.04,-0.55,-0.3,1,0.2,0.2,0.15,50,57.61,1817,1711,102,1609,680,518,0,164,0,247,1,105,16,1833,927,682,1833,655742.55,6821.0,148,239,244,130,183,113,84,468,680,518,0,411
30776,5,-0.08,-0.04,-0.55,-0.3,1,0.2,0.2,0.15,50,54.13,1811,1705,120,1585,0,543,0,184,0,858,1,105,22,1833,858,727,1833,662951.37,6908.22,63,105,103,57,82,48,65,1062,0,543,0,1042
30777,5,-0.08,-0.04,-0.55,-0.3,1,0.2,0.2,0.15,50,65.96,1815,1709,111,1598,734,0,0,544,0,320,1,105,18,1833,1054,544,1833,981398.47,10117.35,85,135,145,82,120,75,62,894,734,0,0,864
30778,5,-0.08,-0.04,-0.55,-0.3,1,0.2,0.2,0.15,60,57.61,1817,1711,102,1609,680,518,0,164,0,247,1,105,16,1833,927,682,1833,655742.55,6821.0,148,239,244,130,183,113,84,468,680,518,0,411
30779,5,-0.08,-0.04,-0.55,-0.3,1,0.2,0.2,0.15,60,54.13,1811,1705,120,1585,0,543,0,184,0,858,1,105,22,1833,858,727,1833,662951.37,6908.22,63,105,103,57,82,48,65,1062,0,543,0,1042
30780,5,-0.08,-0.04,-0.55,-0.3,1,0.2,0.2,0.15,60,65.96,1815,1709,111,1598,734,0,0,544,0,320,1,105,18,1833,1054,544,1833,981398.47,10117.35,85,135,145,82,120,75,62,894,734,0,0,864
30781,5,-0.08,-0.04,-0.55,-0.3,2,0.1,0.1,0.15,20,69.59,1817,1711,44,1667,1015,281,226,0,145,0,1,105,16,1833,1160,507,1833,529960.64,6613.68,576,384,223,484,0,0,0,0,1015,281,371,0
30782,5,-0.08,-0.04,-0.55,-0.3,2,0.1,0.1,0.15,20,60.97,1814,1708,58,1650,0,328,316,0,1006,0,1,105,19,1833,1006,644,1833,802433.15,9226.64,63,105,103,1379,0,0,0,0,0,328,1322,0
30783,5,-0.08,-0.04,-0.55,-0.3,2,0.1,0.1,0.15,20,74.1,1815,1709,45,1664,1064,0,431,0,169,0,1,105,18,1833,1233,431,1833,714006.92,7876.76,516,302,164,682,0,0,0,0,1064,0,600,0
30784,5,-0.08,-0.04,-0.55,-0.3,2,0.1,0.1,0.15,30,72.29,1817,1711,69,1642,1126,358,97,0,61,0,1,105,16,1833,1187,455,1833,557631.29,7077.07,576,384,223,113,114,232,0,0,1126,358,158,0
30785,5,-0.08,-0.04,-0.55,-0.3,2,0.1,0.1,0.15,30,59.15,1813,1707,106,1601,0,458,196,0,947,0,1,105,20,1833,947,654,1833,893497.07,9984.0,63,105,103,57,82,1191,0,0,0,458,1143,0
30786,5,-0.08,-0.04,-0.55,-0.3,2,0.1,0.1,0.15,30,80.77,1815,1709,76,1633,1231,0,314,0,88,0,1,105,18,1833,1319,314,1833,916382.14,9288.31,516,302,164,82,103,466,0,0,1231,0,402,0
30787,5,-0.08,-0.04,-0.55,-0.3,2,0.1,0.1,0.15,40,72.77,1817,1711,73,1638,1156,388,43,15,24,12,1,105,16,1833,1192,446,1833,554843.11,7169.88,576,384,223,113,114,74,34,120,1156,388,67,27
30788,5,-0.08,-0.04,-0.55,-0.3,2,0.1,0.1,0.15,40,57.85,1811,1705,120,1585,0,529,105,34,312,605,1,105,22,1833,917,668,1833,988174.8,11031.09,63,105,103,57,82,48,65,1062,0,529,417,639
30789,5,-0.08,-0.04,-0.55,-0.3,2,0.1,0.1,0.15,40,83.65,1815,1709,82,1627,1290,0,204,62,36,35,1,105,18,1833,1361,266,1833,1032314.54,9970.3,516,302,164,82,103,64,36,360,1290,0,240,97
30790,5,-0.08,-0.04,-0.55,-0.3,2,0.1,0.1,0.15,50,72.41,1817,1711,73,1638,1157,392,0,60,0,29,1,105,16,1833,1186,452,1833,544651.57,7105.51,576,384,223,113,114,74,34,120,1157,392,0,89
30791,5,-0.08,-0.04,-0.55,-0.3,2,0.1,0.1,0.15,50,56.85,1811,1705,120,1585,0,543,0,141,0,901,1,105,22,1833,901,684,1833,949705.75,10762.09,63,105,103,57,82,48,65,1062,0,543,0,1042
30792,5,-0.08,-0.04,-0.55,-0.3,2,0.1,0.1,0.15,50,83.41,1815,1709,82,1627,1291,0,0,270,0,66,1,105,18,1833,1357,270,1833,1006393.06,9822.1,516,302,164,82,103,64,36,360,1291,0,0,336
30793,5,-0.08,-0.04,-0.55,-0.3,2,0.1,0.1,0.15,60,72.41,1817,1711,73,1638,1157,392,0,60,0,29,1,105,16,1833,1186,452,1833,544651.57,7105.51,576,384,223,113,114,74,34,120,1157,392,0,89
30794,5,-0.08,-0.04,-0.55,-0.3,2,0.1,0.1,0.15,60,56.85,1811,1705,120,1585,0,543,0,141,0,901,1,105,22,1833,901,684,1833,949705.75,10762.09,63,105,103,57,82,48,65,1062,0,543,0,1042
30795,5,-0.08,-0.04,-0.55,-0.3,2,0.1,0.1,0.15,60,83.41,1815,1709,82,1627,1291,0,0,270,0,66,1,105,18,1833,1357,270,1833,1006393.06,9822.1,516,302,164,82,103,64,36,360,1291,0,0,336
30796,5,-0.08,-0.04,-0.55,-0.3,2,0.1,0.2,0.15,20,62.04,1817,1711,54,1657,473,325,304,0,555,0,1,105,16,1833,1028,629,1833,749106.74,8747.75,150,251,256,1000,0,0,0,0,473,325,859,0
30797,5,-0.08,-0.04,-0.55,-0.3,2,0.1,0.2,0.15,20,60.97,1814,1708,58,1650,0,328,316,0,1006,0,1,105,19,1833,1006,644,1833,802433.15,9226.64,63,105,103,1379,0,0,0,0,0,328,1322,0
30798,5,-0.08,-0.04,-0.55,-0.3,2,0.1,0.2,0.15,20,66.57,1815,1709,55,1654,493,0,553,0,608,0,1,105,18,1833,1101,553,1833,940260.18,10145.83,87,149,162,1256,0,0,0,0,493,0,1161,0
30799,5,-0.08,-0.04,-0.55,-0.3,2,0.1,0.2,0.15,30,61.48,1817,1711,91,1620,651,448,176,0,345,0,1,105,16,1833,996,624,1833,866003.38,9839.52,150,251,256,141,186,636,0,0,651,448,521,0
30800,5,-0.08,-0.04,-0.55,-0.3,2,0.1,0.2,0.15,30,59.15,1813,1707,106,1601,0,458,196,0,947,0,1,105,20,1833,947,654,1833,893497.07,9984.0,63,105,103,57,82,1191,0,0,0,458,1143,0
30801,5,-0.08,-0.04,-0.55,-0.3,2,0.1,0.2,0.15,30,70.39,1815,1709,98,1611,707,0,477,0,427,0,1,105,18,1833,1134,477,1833,1299776.1,12596.41,87,149,162,95,128,990,0,0,707,0,904,0
30802,5,-0.08,-0.04,-0.55,-0.3,2,0.1,0.2,0.15,40,61.24,1817,1711,101,1610,727,508,85,31,118,141,1,105,16,1833,986,624,1833,920348.58,10467.23,150,251,256,141,186,115,90,421,727,508,203,172
30803,5,-0.08,-0.04,-0.55,-0.3,2,0.1,0.2,0.15,40,57.85,1811,1705,120,1585,0,529,105,34,312,605,1,105,22,1833,917,668,1833,988174.8,11031.09,63,105,103,57,82,48,65,1062,0,529,417,639
30804,5,-0.08,-0.04,-0.55,-0.3,2,0.1,0.2,0.15,40,73.17,1815,1709,110,1599,808,0,333,96,150,212,1,105,18,1833,1170,429,1833,1538498.09,14170.89,87,149,162,95,128,86,64,828,808,0,483,308
30805,5,-0.08,-0.04,-0.55,-0.3,2,0.1,0.2,0.15,50,60.56,1817,1711,101,1610,731,516,0,119,0,244,1,105,16,1833,975,635,1833,898420.6,10322.38,150,251,256,141,186,115,90,421,731,516,0,363
30806,5,-0.08,-0.04,-0.55,-0.3,2,0.1,0.2,0.15,50,56.85,1811,1705,120,1585,0,543,0,141,0,901,1,105,22,1833,901,684,1833,949705.75,10762.09,63,105,103,57,82,48,65,1062,0,543,0,1042
30807,5,-0.08,-0.04,-0.55,-0.3,2,0.1,0.2,0.15,50,72.86,1815,1709,110,1599,812,0,0,434,0,353,1,105,18,1833,1165,434,1833,1491722.07,13898.19,87,149,162,95,128,86,64,828,812,0,0,787
30808,5,-0.08,-0.04,-0.55,-0.3,2,0.1,0.2,0.15,60,60.56,1817,1711,101,1610,731,516,0,119,0,244,1,105,16,1833,975,635,1833,898420.6,10322.38,150,251,256,141,186,115,90,421,731,516,0,363
30809,5,-0.08,-0.04,-0.55,-0.3,2,0.1,0.2,0.15,60,56.85,1811,1705,120,1585,0,543,0,141,0,901,1,105,22,1833,901,684,1833,949705.75,10762.09,63,105,103,57,82,48,65,1062,0,543,0,1042
30810,5,-0.08,-0.04,-0.55,-0.3,2,0.1,0.2,0.15,60,72.86,1815,1709,110,1599,812,0,0,434,0,353,1,105,18,1833,1165,434,1833,1491722.07,13898.19,87,149,162,95,128,86,64,828,812,0,0,787
30811,5,-0.08,-0.04,-0.55,-0.3,2,0.2,0.1,0.15,20,65.51,1817,1711,44,1667,948,287,288,0,144,0,1,105,16,1833,1092,575,1833,392419.7,4093.6,553,359,207,548,0,0,0,0,948,287,432,0
30812,5,-0.08,-0.04,-0.55,-0.3,2,0.2,0.1,0.15,20,56.91,1814,1708,58,1650,0,328,383,0,939,0,1,105,19,1833,939,711,1833,600836.33,6253.88,63,105,103,1379,0,0,0,0,0,328,1322,0
30813,5,-0.08,-0.04,-0.55,-0.3,2,0.2,0.1,0.15,20,68.15,1815,1709,45,1664,979,0,530,0,155,0,1,105,18,1833,1134,530,1833,499047.97,5160.26,490,271,136,767,0,0,0,0,979,0,685,0
30814,5,-0.08,-0.04,-0.55,-0.3,2,0.2,0.1,0.15,30,69.06,1817,1711,69,1642,1067,371,137,0,67,0,1,105,16,1833,1134,508,1833,432429.69,4501.23,553,359,207,116,115,292,0,0,1067,371,204,0
30815,5,-0.08,-0.04,-0.55,-0.3,2,0.2,0.1,0.15,30,56.65,1813,1707,106,1601,0,458,236,0,907,0,1,105,20,1833,907,694,1833,621063.97,6470.31,63,105,103,57,82,1191,0,0,0,458,1143,0
30816,5,-0.08,-0.04,-0.55,-0.3,2,0.2,0.1,0.15,30,74.53,1815,1709,76,1633,1131,0,416,0,86,0,1,105,18,1833,1217,416,1833,635166.62,6553.93,490,271,136,82,81,573,0,0,1131,0,502,0
30817,5,-0.08,-0.04,-0.55,-0.3,2,0.2,0.1,0.15,40,69.27,1817,1711,74,1637,1103,411,63,29,19,12,1,105,16,1833,1134,503,1833,427926.11,4461.66,553,359,207,116,115,88,45,154,1103,411,82,41
30818,5,-0.08,-0.04,-0.55,-0.3,2,0.2,0.1,0.15,40,54.89,1811,1705,120,1585,0,529,130,56,287,583,1,105,22,1833,870,715,1833,689693.25,7191.2,63,105,103,57,82,48,65,1062,0,529,417,639
30819,5,-0.08,-0.04,-0.55,-0.3,2,0.2,0.1,0.15,40,76.75,1815,1709,83,1626,1192,0,265,113,21,35,1,105,18,1833,1248,378,1833,698192.11,7185.56,490,271,136,82,81,71,36,459,1192,0,286,148
30820,5,-0.08,-0.04,-0.55,-0.3,2,0.2,0.1,0.15,50,69.21,1817,1711,74,1637,1103,416,0,88,0,30,1,105,16,1833,1133,504,1833,420791.51,4387.13,553,359,207,116,115,88,45,154,1103,416,0,118
30821,5,-0.08,-0.04,-0.55,-0.3,2,0.2,0.1,0.15,50,54.13,1811,1705,120,1585,0,543,0,184,0,858,1,105,22,1833,858,727,1833,662951.37,6908.22,63,105,103,57,82,48,65,1062,0,543,0,1042
30822,5,-0.08,-0.04,-0.55,-0.3,2,0.2,0.1,0.15,50,76.81,1815,1709,83,1626,1192,0,0,377,0,57,1,105,18,1833,1249,377,1833,682595.25,7023.51,490,271,136,82,81,71,36,459,1192,0,0,434
30823,5,-0.08,-0.04,-0.55,-0.3,2,0.2,0.1,0.15,60,69.21,1817,1711,74,1637,1103,416,0,88,0,30,1,105,16,1833,1133,504,1833,420791.51,4387.13,553,359,207,116,115,88,45,154,1103,416,0,118
30824,5,-0.08,-0.04,-0.55,-0.3,2,0.2,0.1,0.15,60,54.13,1811,1705,120,1585,0,543,0,184,0,858,1,105,22,1833,858,727,1833,662951.37,6908.22,63,105,103,57,82,48,65,1062,0,543,0,1042
30825,5,-0.08,-0.04,-0.55,-0.3,2,0.2,0.1,0.15,60,76.81,1815,1709,83,1626,1192,0,0,377,0,57,1,105,18,1833,1249,377,1833,682595.25,7023.51,490,271,136,82,81,71,36,459,1192,0,0,434
30826,5,-0.08,-0.04,-0.55,-0.3,2,0.2,0.2,0.15,20,58.0,1817,1711,54,1657,436,325,371,0,525,0,1,105,16,1833,961,696,1833,558131.27,5796.12,148,239,244,1026,0,0,0,0,436,325,896,0
30827,5,-0.08,-0.04,-0.55,-0.3,2,0.2,0.2,0.15,20,56.91,1814,1708,58,1650,0,328,383,0,939,0,1,105,19,1833,939,711,1833,600836.33,6253.88,63,105,103,1379,0,0,0,0,0,328,1322,0
30828,5,-0.08,-0.04,-0.55,-0.3,2,0.2,0.2,0.15,20,60.4,1815,1709,55,1654,447,0,655,0,552,0,1,105,18,1833,999,655,1833,672046.24,6936.02,85,135,145,1289,0,0,0,0,447,0,1207,0
30829,5,-0.08,-0.04,-0.55,-0.3,2,0.2,0.2,0.15,30,59.07,1817,1711,91,1620,608,449,214,0,349,0,1,105,16,1833,957,663,1833,632127.41,6548.44,148,239,244,130,183,676,0,0,608,449,563,0
30830,5,-0.08,-0.04,-0.55,-0.3,2,0.2,0.2,0.15,30,56.65,1813,1707,106,1601,0,458,236,0,907,0,1,105,20,1833,907,694,1833,621063.97,6470.31,63,105,103,57,82,1191,0,0,0,458,1143,0
30831,5,-0.08,-0.04,-0.55,-0.3,2,0.2,0.2,0.15,30,65.18,1815,1709,98,1611,642,0,561,0,408,0,1,105,18,1833,1050,561,1833,871940.19,8985.42,85,135,145,82,120,1044,0,0,642,0,969,0
30832,5,-0.08,-0.04,-0.55,-0.3,2,0.2,0.2,0.15,40,58.11,1817,1711,102,1609,675,509,112,53,104,156,1,105,16,1833,935,674,1833,672297.18,6993.62,148,239,244,130,183,113,84,468,675,509,216,209
30833,5,-0.08,-0.04,-0.55,-0.3,2,0.2,0.2,0.15,40,54.89,1811,1705,120,1585,0,529,130,56,287,583,1,105,22,1833,870,715,1833,689693.25,7191.2,63,105,103,57,82,48,65,1062,0,529,417,639
30834,5,-0.08,-0.04,-0.55,-0.3,2,0.2,0.2,0.15,40,66.33,1815,1709,111,1598,729,0,389,149,117,214,1,105,18,1833,1060,538,1833,1011047.8,10425.89,85,135,145,82,120,75,62,894,729,0,506,363
30835,5,-0.08,-0.04,-0.55,-0.3,2,0.2,0.2,0.15,50,57.61,1817,1711,102,1609,680,518,0,164,0,247,1,105,16,1833,927,682,1833,655742.55,6821.0,148,239,244,130,183,113,84,468,680,518,0,411
30836,5,-0.08,-0.04,-0.55,-0.3,2,0.2,0.2,0.15,50,54.13,1811,1705,120,1585,0,543,0,184,0,858,1,105,22,1833,858,727,1833,662951.37,6908.22,63,105,103,57,82,48,65,1062,0,543,0,1042
30837,5,-0.08,-0.04,-0.55,-0.3,2,0.2,0.2,0.15,50,65.96,1815,1709,111,1598,734,0,0,544,0,320,1,105,18,1833,1054,544,1833,981398.47,10117.35,85,135,145,82,120,75,62,894,734,0,0,864
30838,5,-0.08,-0.04,-0.55,-0.3,2,0.2,0.2,0.15,60,57.61,1817,1711,102,1609,680,518,0,164,0,247,1,105,16,1833,927,682,1833,655742.55,6821.0,148,239,244,130,183,113,84,468,680,518,0,411
30839,5,-0.08,-0.04,-0.55,-0.3,2,0.2,0.2,0.15,60,54.13,1811,1705,120,1585,0,543,0,184,0,858,1,105,22,1833,858,727,1833,662951.37,6908.22,63,105,103,57,82,48,65,1062,0,543,0,1042
30840,5,-0.08,-0.04,-0.55,-0.3,2,0.2,0.2,0.15,60,65.96,1815,1709,111,1598,734,0,0,544,0,320,1,105,18,1833,1054,544,1833,981398.47,10117.35,85,135,145,82,120,75,62,894,734,0,0,864
30841,5,-0.08,-0.04,-0.55,-0.25,1,0.1,0.1,0.15,20,63.91,2274,2157,54,2103,1151,387,372,0,193,0,1,116,22,2296,1344,759,2296,409710.18,4290.12,687,432,268,716,0,0,0,0,1151,387,565,0
30842,5,-0.08,-0.04,-0.55,-0.25,1,0.1,0.1,0.15,20,54.8,2271,2154,72,2082,0,445,496,0,1141,0,1,116,25,2296,1141,941,2296,565455.66,5916.96,90,125,153,1714,0,0,0,0,0,445,1637,0
30843,5,-0.08,-0.04,-0.55,-0.25,1,0.1,0.1,0.15,20,66.24,2272,2155,55,2100,1185,0,709,0,206,0,1,116,24,2296,1391,709,2296,520606.58,5408.29,597,327,159,1017,0,0,0,0,1185,0,915,0
30844,5,-0.08,-0.04,-0.55,-0.25,1,0.1,0.1,0.15,30,66.94,2274,2157,82,2075,1299,493,193,0,90,0,1,116,22,2296,1389,686,2296,450196.3,4723.01,687,432,268,151,149,388,0,0,1299,493,283,0
30845,5,-0.08,-0.04,-0.55,-0.25,1,0.1,0.1,0.15,30,53.53,2270,2153,126,2027,0,614,328,0,1085,0,1,116,26,2296,1085,942,2296,541871.22,5706.61,90,125,153,77,114,1468,0,0,0,614,1413,0
30846,5,-0.08,-0.04,-0.55,-0.25,1,0.1,0.1,0.15,30,72.0,2270,2153,89,2064,1374,0,578,0,112,0,1,116,26,2296,1486,578,2296,681083.84,7070.99,597,327,159,102,102,777,0,0,1374,0,690,0
30847,5,-0.08,-0.04,-0.55,-0.25,1,0.1,0.1,0.15,40,67.34,2274,2157,87,2070,1346,544,86,46,32,16,1,116,22,2296,1394,676,2296,449961.36,4719.82,687,432,268,151,149,105,58,220,1346,544,118,62
30848,5,-0.08,-0.04,-0.55,-0.25,1,0.1,0.1,0.15,40,52.29,2268,2151,141,2010,0,702,175,82,360,691,1,116,28,2296,1051,959,2296,606870.32,6383.29,90,125,153,77,114,55,85,1311,0,702,535,773
30849,5,-0.08,-0.04,-0.55,-0.25,1,0.1,0.1,0.15,40,74.43,2270,2153,96,2057,1452,0,363,163,36,43,1,116,26,2296,1531,526,2296,774768.53,8005.15,597,327,159,102,102,87,45,638,1452,0,399,206
30850,5,-0.08,-0.04,-0.55,-0.25,1,0.1,0.1,0.15,50,67.34,2274,2157,87,2070,1346,550,0,126,0,48,1,116,22,2296,1394,676,2296,441040.16,4627.71,687,432,268,151,149,105,58,220,1346,550,0,174
30851,5,-0.08,-0.04,-0.55,-0.25,1,0.1,0.1,0.15,50,51.64,2268,2151,141,2010,0,718,0,254,0,1038,1,116,28,2296,1038,972,2296,571878.36,6016.01,90,125,153,77,114,55,85,1311,0,718,0,1292
30852,5,-0.08,-0.04,-0.55,-0.25,1,0.1,0.1,0.15,50,74.53,2270,2153,96,2057,1452,0,0,524,0,81,1,116,26,2296,1533,524,2296,755656.84,7808.68,597,327,159,102,102,87,45,638,1452,0,0,605
30853,5,-0.08,-0.04,-0.55,-0.25,1,0.1,0.1,0.15,60,67.34,2274,2157,87,2070,1346,550,0,126,0,48,1,116,22,2296,1394,676,2296,441040.16,4627.71,687,432,268,151,149,105,58,220,1346,550,0,174
30854,5,-0.08,-0.04,-0.55,-0.25,1,0.1,0.1,0.15,60,51.64,2268,2151,141,2010,0,718,0,254,0,1038,1,116,28,2296,1038,972,2296,571878.36,6016.01,90,125,153,77,114,55,85,1311,0,718,0,1292
30855,5,-0.08,-0.04,-0.55,-0.25,1,0.1,0.1,0.15,60,74.53,2270,2153,96,2057,1452,0,0,524,0,81,1,116,26,2296,1533,524,2296,755656.84,7808.68,597,327,159,102,102,87,45,638,1452,0,0,605
30856,5,-0.08,-0.04,-0.55,-0.25,1,0.1,0.2,0.15,20,55.86,2274,2157,66,2091,513,440,483,0,655,0,1,116,22,2296,1168,923,2296,557020.5,5813.72,192,278,313,1308,0,0,0,0,513,440,1138,0
30857,5,-0.08,-0.04,-0.55,-0.25,1,0.1,0.2,0.15,20,54.8,2271,2154,72,2082,0,445,496,0,1141,0,1,116,25,2296,1141,941,2296,565455.66,5916.96,90,125,153,1714,0,0,0,0,0,445,1637,0
30858,5,-0.08,-0.04,-0.55,-0.25,1,0.1,0.2,0.15,20,58.0,2272,2155,67,2088,525,0,877,0,686,0,1,116,24,2296,1211,877,2296,669677.05,6950.11,102,154,166,1666,0,0,0,0,525,0,1563,0
30859,5,-0.08,-0.04,-0.55,-0.25,1,0.1,0.2,0.15,30,56.03,2274,2157,108,2049,707,601,300,0,441,0,1,116,22,2296,1148,901,2296,613587.66,6407.08,192,278,313,170,226,870,0,0,707,601,741,0
30860,5,-0.08,-0.04,-0.55,-0.25,1,0.1,0.2,0.15,30,53.53,2270,2153,126,2027,0,614,328,0,1085,0,1,116,26,2296,1085,942,2296,541871.22,5706.61,90,125,153,77,114,1468,0,0,0,614,1413,0
30861,5,-0.08,-0.04,-0.55,-0.25,1,0.1,0.2,0.15,30,61.78,2270,2153,115,2038,744,0,779,0,515,0,1,116,26,2296,1259,779,2296,882276.12,9146.26,102,154,166,103,134,1379,0,0,744,0,1294,0
30862,5,-0.08,-0.04,-0.55,-0.25,1,0.1,0.2,0.15,40,55.62,2274,2157,120,2037,789,677,149,78,143,201,1,116,22,2296,1133,904,2296,666246.02,6975.6,192,278,313,170,226,129,109,620,789,677,292,279
30863,5,-0.08,-0.04,-0.55,-0.25,1,0.1,0.2,0.15,40,52.29,2268,2151,141,2010,0,702,175,82,360,691,1,116,28,2296,1051,959,2296,606870.32,6383.29,90,125,153,77,114,55,85,1311,0,702,535,773
30864,5,-0.08,-0.04,-0.55,-0.25,1,0.1,0.2,0.15,40,63.54,2270,2153,129,2024,854,0,529,209,160,272,1,116,26,2296,1286,738,2296,1066939.34,11048.25,102,154,166,103,134,85,80,1200,854,0,689,481
30865,5,-0.08,-0.04,-0.55,-0.25,1,0.1,0.2,0.15,50,55.13,2274,2157,120,2037,794,687,0,227,0,329,1,116,22,2296,1123,914,2296,644099.36,6746.1,192,278,313,170,226,129,109,620,794,687,0,556
30866,5,-0.08,-0.04,-0.55,-0.25,1,0.1,0.2,0.15,50,51.64,2268,2151,141,2010,0,718,0,254,0,1038,1,116,28,2296,1038,972,2296,571878.36,6016.01,90,125,153,77,114,55,85,1311,0,718,0,1292
30867,5,-0.08,-0.04,-0.55,-0.25,1,0.1,0.2,0.15,50,63.14,2270,2153,129,2024,859,0,0,746,0,419,1,116,26,2296,1278,746,2296,1033115.07,10698.53,102,154,166,103,134,85,80,1200,859,0,0,1165
30868,5,-0.08,-0.04,-0.55,-0.25,1,0.1,0.2,0.15,60,55.13,2274,2157,120,2037,794,687,0,227,0,329,1,116,22,2296,1123,914,2296,644099.36,6746.1,192,278,313,170,226,129,109,620,794,687,0,556
30869,5,-0.08,-0.04,-0.55,-0.25,1,0.1,0.2,0.15,60,51.64,2268,2151,141,2010,0,718,0,254,0,1038,1,116,28,2296,1038,972,2296,571878.36,6016.01,90,125,153,77,114,55,85,1311,0,718,0,1292
30870,5,-0.08,-0.04,-0.55,-0.25,1,0.1,0.2,0.15,60,63.14,2270,2153,129,2024,859,0,0,746,0,419,1,116,26,2296,1278,746,2296,1033115.07,10698.53,102,154,166,103,134,85,80,1200,859,0,0,1165
30871,5,-0.08,-0.04,-0.55,-0.25,1,0.2,0.1,0.15,20,63.91,2274,2157,54,2103,1151,387,372,0,193,0,1,116,22,2296,1344,759,2296,409710.18,4290.12,687,432,268,716,0,0,0,0,1151,387,565,0
30872,5,-0.08,-0.04,-0.55,-0.25,1,0.2,0.1,0.15,20,54.8,2271,2154,72,2082,0,445,496,0,1141,0,1,116,25,2296,1141,941,2296,565455.66,5916.96,90,125,153,1714,0,0,0,0,0,445,1637,0
30873,5,-0.08,-0.04,-0.55,-0.25,1,0.2,0.1,0.15,20,66.24,2272,2155,55,2100,1185,0,709,0,206,0,1,116,24,2296,1391,709,2296,520606.58,5408.29,597,327,159,1017,0,0,0,0,1185,0,915,0
30874,5,-0.08,-0.04,-0.55,-0.25,1,0.2,0.1,0.15,30,66.94,2274,2157,82,2075,1299,493,193,0,90,0,1,116,22,2296,1389,686,2296,450196.3,4723.01,687,432,268,151,149,388,0,0,1299,493,283,0
30875,5,-0.08,-0.04,-0.55,-0.25,1,0.2,0.1,0.15,30,53.53,2270,2153,126,2027,0,614,328,0,1085,0,1,116,26,2296,1085,942,2296,541871.22,5706.61,90,125,153,77,114,1468,0,0,0,614,1413,0
30876,5,-0.08,-0.04,-0.55,-0.25,1,0.2,0.1,0.15,30,72.0,2270,2153,89,2064,1374,0,578,0,112,0,1,116,26,2296,1486,578,2296,681083.84,7070.99,597,327,159,102,102,777,0,0,1374,0,690,0
30877,5,-0.08,-0.04,-0.55,-0.25,1,0.2,0.1,0.15,40,67.34,2274,2157,87,2070,1346,544,86,46,32,16,1,116,22,2296,1394,676,2296,449961.36,4719.82,687,432,268,151,149,105,58,220,1346,544,118,62
30878,5,-0.08,-0.04,-0.55,-0.25,1,0.2,0.1,0.15,40,52.29,2268,2151,141,2010,0,702,175,82,360,691,1,116,28,2296,1051,959,2296,606870.32,6383.29,90,125,153,77,114,55,85,1311,0,702,535,773
30879,5,-0.08,-0.04,-0.55,-0.25,1,0.2,0.1,0.15,40,74.43,2270,2153,96,2057,1452,0,363,163,36,43,1,116,26,2296,1531,526,2296,774768.53,8005.15,597,327,159,102,102,87,45,638,1452,0,399,206
30880,5,-0.08,-0.04,-0.55,-0.25,1,0.2,0.1,0.15,50,67.34,2274,2157,87,2070,1346,550,0,126,0,48,1,116,22,2296,1394,676,2296,441040.16,4627.71,687,432,268,151,149,105,58,220,1346,550,0,174
30881,5,-0.08,-0.04,-0.55,-0.25,1,0.2,0.1,0.15,50,51.64,2268,2151,141,2010,0,718,0,254,0,1038,1,116,28,2296,1038,972,2296,571878.36,6016.01,90,125,153,77,114,55,85,1311,0,718,0,1292
30882,5,-0.08,-0.04,-0.55,-0.25,1,0.2,0.1,0.15,50,74.53,2270,2153,96,2057,1452,0,0,524,0,81,1,116,26,2296,1533,524,2296,755656.84,7808.68,597,327,159,102,102,87,45,638,1452,0,0,605
30883,5,-0.08,-0.04,-0.55,-0.25,1,0.2,0.1,0.15,60,67.34,2274,2157,87,2070,1346,550,0,126,0,48,1,116,22,2296,1394,676,2296,441040.16,4627.71,687,432,268,151,149,105,58,220,1346,550,0,174
30884,5,-0.08,-0.04,-0.55,-0.25,1,0.2,0.1,0.15,60,51.64,2268,2151,141,2010,0,718,0,254,0,1038,1,116,28,2296,1038,972,2296,571878.36,6016.01,90,125,153,77,114,55,85,1311,0,718,0,1292
30885,5,-0.08,-0.04,-0.55,-0.25,1,0.2,0.1,0.15,60,74.53,2270,2153,96,2057,1452,0,0,524,0,81,1,116,26,2296,1533,524,2296,755656.84,7808.68,597,327,159,102,102,87,45,638,1452,0,0,605
30886,5,-0.08,-0.04,-0.55,-0.25,1,0.2,0.2,0.15,20,55.86,2274,2157,66,2091,513,440,483,0,655,0,1,116,22,2296,1168,923,2296,557020.5,5813.72,192,278,313,1308,0,0,0,0,513,440,1138,0
30887,5,-0.08,-0.04,-0.55,-0.25,1,0.2,0.2,0.15,20,54.8,2271,2154,72,2082,0,445,496,0,1141,0,1,116,25,2296,1141,941,2296,565455.66,5916.96,90,125,153,1714,0,0,0,0,0,445,1637,0
30888,5,-0.08,-0.04,-0.55,-0.25,1,0.2,0.2,0.15,20,58.0,2272,2155,67,2088,525,0,877,0,686,0,1,116,24,2296,1211,877,2296,669677.05,6950.11,102,154,166,1666,0,0,0,0,525,0,1563,0
30889,5,-0.08,-0.04,-0.55,-0.25,1,0.2,0.2,0.15,30,56.03,2274,2157,108,2049,707,601,300,0,441,0,1,116,22,2296,1148,901,2296,613587.66,6407.08,192,278,313,170,226,870,0,0,707,601,741,0
30890,5,-0.08,-0.04,-0.55,-0.25,1,0.2,0.2,0.15,30,53.53,2270,2153,126,2027,0,614,328,0,1085,0,1,116,26,2296,1085,942,2296,541871.22,5706.61,90,125,153,77,114,1468,0,0,0,614,1413,0
30891,5,-0.08,-0.04,-0.55,-0.25,1,0.2,0.2,0.15,30,61.78,2270,2153,115,2038,744,0,779,0,515,0,1,116,26,2296,1259,779,2296,882276.12,9146.26,102,154,166,103,134,1379,0,0,744,0,1294,0
30892,5,-0.08,-0.04,-0.55,-0.25,1,0.2,0.2,0.15,40,55.62,2274,2157,120,2037,789,677,149,78,143,201,1,116,22,2296,1133,904,2296,666246.02,6975.6,192,278,313,170,226,129,109,620,789,677,292,279
30893,5,-0.08,-0.04,-0.55,-0.25,1,0.2,0.2,0.15,40,52.29,2268,2151,141,2010,0,702,175,82,360,691,1,116,28,2296,1051,959,2296,606870.32,6383.29,90,125,153,77,114,55,85,1311,0,702,535,773
30894,5,-0.08,-0.04,-0.55,-0.25,1,0.2,0.2,0.15,40,63.54,2270,2153,129,2024,854,0,529,209,160,272,1,116,26,2296,1286,738,2296,1066939.34,11048.25,102,154,166,103,134,85,80,1200,854,0,689,481
30895,5,-0.08,-0.04,-0.55,-0.25,1,0.2,0.2,0.15,50,55.13,2274,2157,120,2037,794,687,0,227,0,329,1,116,22,2296,1123,914,2296,644099.36,6746.1,192,278,313,170,226,129,109,620,794,687,0,556
30896,5,-0.08,-0.04,-0.55,-0.25,1,0.2,0.2,0.15,50,51.64,2268,2151,141,2010,0,718,0,254,0,1038,1,116,28,2296,1038,972,2296,571878.36,6016.01,90,125,153,77,114,55,85,1311,0,718,0,1292
30897,5,-0.08,-0.04,-0.55,-0.25,1,0.2,0.2,0.15,50,63.14,2270,2153,129,2024,859,0,0,746,0,419,1,116,26,2296,1278,746,2296,1033115.07,10698.53,102,154,166,103,134,85,80,1200,859,0,0,1165
30898,5,-0.08,-0.04,-0.55,-0.25,1,0.2,0.2,0.15,60,55.13,2274,2157,120,2037,794,687,0,227,0,329,1,116,22,2296,1123,914,2296,644099.36,6746.1,192,278,313,170,226,129,109,620,794,687,0,556
30899,5,-0.08,-0.04,-0.55,-0.25,1,0.2,0.2,0.15,60,51.64,2268,2151,141,2010,0,718,0,254,0,1038,1,116,28,2296,1038,972,2296,571878.36,6016.01,90,125,153,77,114,55,85,1311,0,718,0,1292
30900,5,-0.08,-0.04,-0.55,-0.25,1,0.2,0.2,0.15,60,63.14,2270,2153,129,2024,859,0,0,746,0,419,1,116,26,2296,1278,746,2296,1033115.07,10698.53,102,154,166,103,134,85,80,1200,859,0,0,1165
30901,5,-0.08,-0.04,-0.55,-0.25,2,0.1,0.1,0.15,20,67.9,2274,2157,54,2103,1239,376,299,0,189,0,1,116,22,2296,1428,675,2296,573676.69,7658.59,715,464,284,640,0,0,0,0,1239,376,488,0
30902,5,-0.08,-0.04,-0.55,-0.25,2,0.1,0.1,0.15,20,58.84,2271,2154,72,2082,0,445,412,0,1225,0,1,116,25,2296,1225,857,2296,784041.67,9809.33,90,125,153,1714,0,0,0,0,0,445,1637,0
30903,5,-0.08,-0.04,-0.55,-0.25,2,0.1,0.1,0.15,20,72.24,2272,2155,55,2100,1297,0,583,0,220,0,1,116,24,2296,1517,583,2296,774661.01,9133.54,629,365,195,911,0,0,0,0,1297,0,803,0
30904,5,-0.08,-0.04,-0.55,-0.25,2,0.1,0.1,0.15,30,70.62,2274,2157,81,2076,1378,473,137,0,88,0,1,116,22,2296,1466,610,2296,606383.15,8223.22,715,464,284,152,144,317,0,0,1378,473,225,0
30905,5,-0.08,-0.04,-0.55,-0.25,2,0.1,0.1,0.15,30,56.49,2270,2153,126,2027,0,614,268,0,1145,0,1,116,26,2296,1145,882,2296,826978.96,10262.56,90,125,153,77,114,1468,0,0,0,614,1413,0
30906,5,-0.08,-0.04,-0.55,-0.25,2,0.1,0.1,0.15,30,78.69,2270,2153,88,2065,1503,0,440,0,122,0,1,116,26,2296,1625,440,2296,1029634.55,10904.51,629,365,195,108,123,645,0,0,1503,0,562,0
30907,5,-0.08,-0.04,-0.55,-0.25,2,0.1,0.1,0.15,40,71.24,2274,2157,85,2072,1419,513,62,21,39,18,1,116,22,2296,1476,596,2296,609025.61,8384.38,715,464,284,152,144,92,46,175,1419,513,101,39
30908,5,-0.08,-0.04,-0.55,-0.25,2,0.1,0.1,0.15,40,55.37,2268,2151,141,2010,0,702,144,51,391,722,1,116,28,2296,1113,897,2296,926224.38,11344.6,90,125,153,77,114,55,85,1311,0,702,535,773
30909,5,-0.08,-0.04,-0.55,-0.25,2,0.1,0.1,0.15,40,82.03,2270,2153,94,2059,1582,0,281,89,57,50,1,116,26,2296,1689,370,2296,1199236.58,11900.74,629,365,195,108,123,83,48,508,1582,0,338,139
30910,5,-0.08,-0.04,-0.55,-0.25,2,0.1,0.1,0.15,50,70.85,2274,2157,85,2072,1421,518,0,86,0,47,1,116,22,2296,1468,604,2296,596472.68,8306.49,715,464,284,152,144,92,46,175,1421,518,0,133
30911,5,-0.08,-0.04,-0.55,-0.25,2,0.1,0.1,0.15,50,54.43,2268,2151,141,2010,0,718,0,198,0,1094,1,116,28,2296,1094,916,2296,876425.75,10994.74,90,125,153,77,114,55,85,1311,0,718,0,1292
30912,5,-0.08,-0.04,-0.55,-0.25,2,0.1,0.1,0.15,50,81.79,2270,2153,94,2059,1584,0,0,375,0,100,1,116,26,2296,1684,375,2296,1167222.33,11720.85,629,365,195,108,123,83,48,508,1584,0,0,475
30913,5,-0.08,-0.04,-0.55,-0.25,2,0.1,0.1,0.15,60,70.85,2274,2157,85,2072,1421,518,0,86,0,47,1,116,22,2296,1468,604,2296,596472.68,8306.49,715,464,284,152,144,92,46,175,1421,518,0,133
30914,5,-0.08,-0.04,-0.55,-0.25,2,0.1,0.1,0.15,60,54.43,2268,2151,141,2010,0,718,0,198,0,1094,1,116,28,2296,1094,916,2296,876425.75,10994.74,90,125,153,77,114,55,85,1311,0,718,0,1292
30915,5,-0.08,-0.04,-0.55,-0.25,2,0.1,0.1,0.15,60,81.79,2270,2153,94,2059,1584,0,0,375,0,100,1,116,26,2296,1684,375,2296,1167222.33,11720.85,629,365,195,108,123,83,48,508,1584,0,0,475
30916,5,-0.08,-0.04,-0.55,-0.25,2,0.1,0.2,0.15,20,59.83,2274,2157,66,2091,553,440,400,0,698,0,1,116,22,2296,1251,840,2296,761440.89,9644.82,194,291,325,1281,0,0,0,0,553,440,1098,0
30917,5,-0.08,-0.04,-0.55,-0.25,2,0.1,0.2,0.15,20,58.84,2271,2154,72,2082,0,445,412,0,1225,0,1,116,25,2296,1225,857,2296,784041.67,9809.33,90,125,153,1714,0,0,0,0,0,445,1637,0
30918,5,-0.08,-0.04,-0.55,-0.25,2,0.1,0.2,0.15,20,64.22,2272,2155,67,2088,575,0,747,0,766,0,1,116,24,2296,1341,747,2296,937463.52,11124.62,104,170,182,1632,0,0,0,0,575,0,1513,0
30919,5,-0.08,-0.04,-0.55,-0.25,2,0.1,0.2,0.15,30,58.91,2274,2157,108,2049,758,600,242,0,449,0,1,116,22,2296,1207,842,2296,856362.61,10694.95,194,291,325,183,234,822,0,0,758,600,691,0
30920,5,-0.08,-0.04,-0.55,-0.25,2,0.1,0.2,0.15,30,56.49,2270,2153,126,2027,0,614,268,0,1145,0,1,116,26,2296,1145,882,2296,826978.96,10262.56,90,125,153,77,114,1468,0,0,0,614,1413,0
30921,5,-0.08,-0.04,-0.55,-0.25,2,0.1,0.2,0.15,30,67.52,2270,2153,115,2038,823,0,662,0,553,0,1,116,26,2296,1376,662,2296,1332953.18,13864.6,104,170,182,119,148,1315,0,0,823,0,1215,0
30922,5,-0.08,-0.04,-0.55,-0.25,2,0.1,0.2,0.15,40,58.83,2274,2157,119,2038,851,675,117,47,156,192,1,116,22,2296,1199,839,2296,933894.37,11519.14,194,291,325,183,234,131,115,565,851,675,273,239
30923,5,-0.08,-0.04,-0.55,-0.25,2,0.1,0.2,0.15,40,55.37,2268,2151,141,2010,0,702,144,51,391,722,1,116,28,2296,1113,897,2296,926224.38,11344.6,90,125,153,77,114,55,85,1311,0,702,535,773
30924,5,-0.08,-0.04,-0.55,-0.25,2,0.1,0.2,0.15,40,70.62,2270,2153,128,2025,950,0,459,136,199,281,1,116,26,2296,1430,595,2296,1659855.18,15968.04,104,170,182,119,148,100,84,1118,950,0,658,417
30925,5,-0.08,-0.04,-0.55,-0.25,2,0.1,0.2,0.15,50,58.1,2274,2157,119,2038,855,684,0,170,0,329,1,116,22,2296,1184,854,2296,905334.87,11326.26,194,291,325,183,234,131,115,565,855,684,0,499
30926,5,-0.08,-0.04,-0.55,-0.25,2,0.1,0.2,0.15,50,54.43,2268,2151,141,2010,0,718,0,198,0,1094,1,116,28,2296,1094,916,2296,876425.75,10994.74,90,125,153,77,114,55,85,1311,0,718,0,1292
30927,5,-0.08,-0.04,-0.55,-0.25,2,0.1,0.2,0.15,50,70.17,2270,2153,128,2025,954,0,0,604,0,467,1,116,26,2296,1421,604,2296,1609852.38,15665.91,104,170,182,119,148,100,84,1118,954,0,0,1071
30928,5,-0.08,-0.04,-0.55,-0.25,2,0.1,0.2,0.15,60,58.1,2274,2157,119,2038,855,684,0,170,0,329,1,116,22,2296,1184,854,2296,905334.87,11326.26,194,291,325,183,234,131,115,565,855,684,0,499
30929,5,-0.08,-0.04,-0.55,-0.25,2,0.1,0.2,0.15,60,54.43,2268,2151,141,2010,0,718,0,198,0,1094,1,116,28,2296,1094,916,2296,876425.75,10994.74,90,125,153,77,114,55,85,1311,0,718,0,1292
30930,5,-0.08,-0.04,-0.55,-0.25,2,0.1,0.2,0.15,60,70.17,2270,2153,128,2025,954,0,0,604,0,467,1,116,26,2296,1421,604,2296,1609852.38,15665.91,104,170,182,119,148,100,84,1118,954,0,0,1071
30931,5,-0.08,-0.04,-0.55,-0.25,2,0.2,0.1,0.15,20,63.91,2274,2157,54,2103,1151,387,372,0,193,0,1,116,22,2296,1344,759,2296,409710.18,4290.12,687,432,268,716,0,0,0,0,1151,387,565,0
30932,5,-0.08,-0.04,-0.55,-0.25,2,0.2,0.1,0.15,20,54.8,2271,2154,72,2082,0,445,496,0,1141,0,1,116,25,2296,1141,941,2296,565455.66,5916.96,90,125,153,1714,0,0,0,0,0,445,1637,0
30933,5,-0.08,-0.04,-0.55,-0.25,2,0.2,0.1,0.15,20,66.24,2272,2155,55,2100,1185,0,709,0,206,0,1,116,24,2296,1391,709,2296,520606.58,5408.29,597,327,159,1017,0,0,0,0,1185,0,915,0
30934,5,-0.08,-0.04,-0.55,-0.25,2,0.2,0.1,0.15,30,66.94,2274,2157,82,2075,1299,493,193,0,90,0,1,116,22,2296,1389,686,2296,450196.3,4723.01,687,432,268,151,149,388,0,0,1299,493,283,0
30935,5,-0.08,-0.04,-0.55,-0.25,2,0.2,0.1,0.15,30,53.53,2270,2153,126,2027,0,614,328,0,1085,0,1,116,26,2296,1085,942,2296,541871.22,5706.61,90,125,153,77,114,1468,0,0,0,614,1413,0
30936,5,-0.08,-0.04,-0.55,-0.25,2,0.2,0.1,0.15,30,72.0,2270,2153,89,2064,1374,0,578,0,112,0,1,116,26,2296,1486,578,2296,681083.84,7070.99,597,327,159,102,102,777,0,0,1374,0,690,0
30937,5,-0.08,-0.04,-0.55,-0.25,2,0.2,0.1,0.15,40,67.34,2274,2157,87,2070,1346,544,86,46,32,16,1,116,22,2296,1394,676,2296,449961.36,4719.82,687,432,268,151,149,105,58,220,1346,544,118,62
30938,5,-0.08,-0.04,-0.55,-0.25,2,0.2,0.1,0.15,40,52.29,2268,2151,141,2010,0,702,175,82,360,691,1,116,28,2296,1051,959,2296,606870.32,6383.29,90,125,153,77,114,55,85,1311,0,702,535,773
30939,5,-0.08,-0.04,-0.55,-0.25,2,0.2,0.1,0.15,40,74.43,2270,2153,96,2057,1452,0,363,163,36,43,1,116,26,2296,1531,526,2296,774768.53,8005.15,597,327,159,102,102,87,45,638,1452,0,399,206
30940,5,-0.08,-0.04,-0.55,-0.25,2,0.2,0.1,0.15,50,67.34,2274,2157,87,2070,1346,550,0,126,0,48,1,116,22,2296,1394,676,2296,441040.16,4627.71,687,432,268,151,149,105,58,220,1346,550,0,174
30941,5,-0.08,-0.04,-0.55,-0.25,2,0.2,0.1,0.15,50,51.64,2268,2151,141,2010,0,718,0,254,0,1038,1,116,28,2296,1038,972,2296,571878.36,6016.01,90,125,153,77,114,55,85,1311,0,718,0,1292
30942,5,-0.08,-0.04,-0.55,-0.25,2,0.2,0.1,0.15,50,74.53,2270,2153,96,2057,1452,0,0,524,0,81,1,116,26,2296,1533,524,2296,755656.84,7808.68,597,327,159,102,102,87,45,638,1452,0,0,605
30943,5,-0.08,-0.04,-0.55,-0.25,2,0.2,0.1,0.15,60,67.34,2274,2157,87,2070,1346,550,0,126,0,48,1,116,22,2296,1394,676,2296,441040.16,4627.71,687,432,268,151,149,105,58,220,1346,550,0,174
30944,5,-0.08,-0.04,-0.55,-0.25,2,0.2,0.1,0.15,60,51.64,2268,2151,141,2010,0,718,0,254,0,1038,1,116,28,2296,1038,972,2296,571878.36,6016.01,90,125,153,77,114,55,85,1311,0,718,0,1292
30945,5,-0.08,-0.04,-0.55,-0.25,2,0.2,0.1,0.15,60,74.53,2270,2153,96,2057,1452,0,0,524,0,81,1,116,26,2296,1533,524,2296,755656.84,7808.68,597,327,159,102,102,87,45,638,1452,0,0,605
30946,5,-0.08,-0.04,-0.55,-0.25,2,0.2,0.2,0.15,20,55.86,2274,2157,66,2091,513,440,483,0,655,0,1,116,22,2296,1168,923,2296,557020.5,5813.72,192,278,313,1308,0,0,0,0,513,440,1138,0
30947,5,-0.08,-0.04,-0.55,-0.25,2,0.2,0.2,0.15,20,54.8,2271,2154,72,2082,0,445,496,0,1141,0,1,116,25,2296,1141,941,2296,565455.66,5916.96,90,125,153,1714,0,0,0,0,0,445,1637,0
30948,5,-0.08,-0.04,-0.55,-0.25,2,0.2,0.2,0.15,20,58.0,2272,2155,67,2088,525,0,877,0,686,0,1,116,24,2296,1211,877,2296,669677.05,6950.11,102,154,166,1666,0,0,0,0,525,0,1563,0
30949,5,-0.08,-0.04,-0.55,-0.25,2,0.2,0.2,0.15,30,56.03,2274,2157,108,2049,707,601,300,0,441,0,1,116,22,2296,1148,901,2296,613587.66,6407.08,192,278,313,170,226,870,0,0,707,601,741,0
30950,5,-0.08,-0.04,-0.55,-0.25,2,0.2,0.2,0.15,30,53.53,2270,2153,126,2027,0,614,328,0,1085,0,1,116,26,2296,1085,942,2296,541871.22,5706.61,90,125,153,77,114,1468,0,0,0,614,1413,0
30951,5,-0.08,-0.04,-0.55,-0.25,2,0.2,0.2,0.15,30,61.78,2270,2153,115,2038,744,0,779,0,515,0,1,116,26,2296,1259,779,2296,882276.12,9146.26,102,154,166,103,134,1379,0,0,744,0,1294,0
30952,5,-0.08,-0.04,-0.55,-0.25,2,0.2,0.2,0.15,40,55.62,2274,2157,120,2037,789,677,149,78,143,201,1,116,22,2296,1133,904,2296,666246.02,6975.6,192,278,313,170,226,129,109,620,789,677,292,279
30953,5,-0.08,-0.04,-0.55,-0.25,2,0.2,0.2,0.15,40,52.29,2268,2151,141,2010,0,702,175,82,360,691,1,116,28,2296,1051,959,2296,606870.32,6383.29,90,125,153,77,114,55,85,1311,0,702,535,773
30954,5,-0.08,-0.04,-0.55,-0.25,2,0.2,0.2,0.15,40,63.54,2270,2153,129,2024,854,0,529,209,160,272,1,116,26,2296,1286,738,2296,1066939.34,11048.25,102,154,166,103,134,85,80,1200,854,0,689,481
30955,5,-0.08,-0.04,-0.55,-0.25,2,0.2,0.2,0.15,50,55.13,2274,2157,120,2037,794,687,0,227,0,329,1,116,22,2296,1123,914,2296,644099.36,6746.1,192,278,313,170,226,129,109,620,794,687,0,556
30956,5,-0.08,-0.04,-0.55,-0.25,2,0.2,0.2,0.15,50,51.64,2268,2151,141,2010,0,718,0,254,0,1038,1,116,28,2296,1038,972,2296,571878.36,6016.01,90,125,153,77,114,55,85,1311,0,718,0,1292
30957,5,-0.08,-0.04,-0.55,-0.25,2,0.2,0.2,0.15,50,63.14,2270,2153,129,2024,859,0,0,746,0,419,1,116,26,2296,1278,746,2296,1033115.07,10698.53,102,154,166,103,134,85,80,1200,859,0,0,1165
30958,5,-0.08,-0.04,-0.55,-0.25,2,0.2,0.2,0.15,60,55.13,2274,2157,120,2037,794,687,0,227,0,329,1,116,22,2296,1123,914,2296,644099.36,6746.1,192,278,313,170,226,129,109,620,794,687,0,556
30959,5,-0.08,-0.04,-0.55,-0.25,2,0.2,0.2,0.15,60,51.64,2268,2151,141,2010,0,718,0,254,0,1038,1,116,28,2296,1038,972,2296,571878.36,6016.01,90,125,153,77,114,55,85,1311,0,718,0,1292
30960,5,-0.08,-0.04,-0.55,-0.25,2,0.2,0.2,0.15,60,63.14,2270,2153,129,2024,859,0,0,746,0,419,1,116,26,2296,1278,746,2296,1033115.07,10698.53,102,154,166,103,134,85,80,1200,859,0,0,1165
30961,5,-0.08,-0.04,-0.5,-0.45,1,0.1,0.1,0.15,20,65.28,327,296,8,288,175,59,41,0,13,0,1,30,0,327,188,100,327,67470.3,700.95,102,70,37,79,0,0,0,0,175,59,54,0
30962,5,-0.08,-0.04,-0.5,-0.45,1,0.1,0.1,0.15,20,57.04,326,295,11,284,0,68,54,0,162,0,1,30,1,327,162,122,327,128782.53,1330.17,12,21,21,230,0,0,0,0,0,68,216,0
30963,5,-0.08,-0.04,-0.5,-0.45,1,0.1,0.1,0.15,20,68.4,327,296,8,288,183,0,91,0,14,0,1,30,0,327,197,91,327,95619.66,967.7,90,51,26,121,0,0,0,0,183,0,105,0
30964,5,-0.08,-0.04,-0.5,-0.45,1,0.1,0.1,0.15,30,70.36,327,296,16,280,187,72,11,0,10,0,1,30,0,327,197,83,327,71269.43,746.66,102,70,37,25,12,34,0,0,187,72,21,0
30965,5,-0.08,-0.04,-0.5,-0.45,1,0.1,0.1,0.15,30,55.93,326,295,25,270,0,85,34,0,151,0,1,30,1,327,151,119,327,126610.9,1329.54,12,21,21,14,9,193,0,0,0,85,185,0
30966,5,-0.08,-0.04,-0.5,-0.45,1,0.1,0.1,0.15,30,76.79,327,296,16,280,202,0,65,0,13,0,1,30,0,327,215,65,327,110041.84,1127.29,90,51,26,16,8,89,0,0,202,0,78,0
30967,5,-0.08,-0.04,-0.5,-0.45,1,0.1,0.1,0.15,40,70.61,327,296,17,279,193,76,5,1,3,1,1,30,0,327,197,82,327,73332.62,772.63,102,70,37,25,12,13,6,14,193,76,8,2
30968,5,-0.08,-0.04,-0.5,-0.45,1,0.1,0.1,0.15,40,53.56,326,295,28,267,0,100,20,4,42,101,1,30,1,327,143,124,327,139087.03,1468.45,12,21,21,14,9,8,15,167,0,100,62,105
30969,5,-0.08,-0.04,-0.5,-0.45,1,0.1,0.1,0.15,40,79.21,327,296,17,279,213,0,44,14,3,5,1,30,0,327,221,58,327,128057.91,1303.7,90,51,26,16,8,11,6,71,213,0,47,19
30970,5,-0.08,-0.04,-0.5,-0.45,1,0.1,0.1,0.15,50,70.61,327,296,17,279,193,77,0,5,0,4,1,30,0,327,197,82,327,72048.9,759.59,102,70,37,25,12,13,6,14,193,77,0,9
30971,5,-0.08,-0.04,-0.5,-0.45,1,0.1,0.1,0.15,50,52.43,326,295,28,267,0,104,0,23,0,140,1,30,1,327,140,127,327,134409.36,1421.24,12,21,21,14,9,8,15,167,0,104,0,163
30972,5,-0.08,-0.04,-0.5,-0.45,1,0.1,0.1,0.15,50,79.57,327,296,17,279,213,0,0,57,0,9,1,30,0,327,222,57,327,122791.31,1252.1,90,51,26,16,8,11,6,71,213,0,0,66
30973,5,-0.08,-0.04,-0.5,-0.45,1,0.1,0.1,0.15,60,70.61,327,296,17,279,193,77,0,5,0,4,1,30,0,327,197,82,327,72048.9,759.59,102,70,37,25,12,13,6,14,193,77,0,9
30974,5,-0.08,-0.04,-0.5,-0.45,1,0.1,0.1,0.15,60,52.43,326,295,28,267,0,104,0,23,0,140,1,30,1,327,140,127,327,134409.36,1421.24,12,21,21,14,9,8,15,167,0,104,0,163
30975,5,-0.08,-0.04,-0.5,-0.45,1,0.1,0.1,0.15,60,79.57,327,296,17,279,213,0,0,57,0,9,1,30,0,327,222,57,327,122791.31,1252.1,90,51,26,16,8,11,6,71,213,0,0,66
30976,5,-0.08,-0.04,-0.5,-0.45,1,0.1,0.2,0.15,20,58.25,327,296,11,285,91,68,51,0,75,0,1,30,0,327,166,119,327,111614.4,1159.04,28,54,49,154,0,0,0,0,91,68,126,0
30977,5,-0.08,-0.04,-0.5,-0.45,1,0.1,0.2,0.15,20,57.04,326,295,11,284,0,68,54,0,162,0,1,30,1,327,162,122,327,128782.53,1330.17,12,21,21,230,0,0,0,0,0,68,216,0
30978,5,-0.08,-0.04,-0.5,-0.45,1,0.1,0.2,0.15,20,61.75,327,296,11,285,95,0,109,0,81,0,1,30,0,327,176,109,327,147723.28,1505.99,16,33,28,208,0,0,0,0,95,0,190,0
30979,5,-0.08,-0.04,-0.5,-0.45,1,0.1,0.2,0.15,30,59.85,327,296,22,274,121,83,27,0,43,0,1,30,0,327,164,110,327,121045.41,1260.77,28,54,49,28,26,89,0,0,121,83,70,0
30980,5,-0.08,-0.04,-0.5,-0.45,1,0.1,0.2,0.15,30,55.93,326,295,25,270,0,85,34,0,151,0,1,30,1,327,151,119,327,126610.9,1329.54,12,21,21,14,9,193,0,0,0,85,185,0
30981,5,-0.08,-0.04,-0.5,-0.45,1,0.1,0.2,0.15,30,67.52,327,296,22,274,129,0,89,0,56,0,1,30,0,327,185,89,327,169524.42,1738.87,16,33,28,18,20,159,0,0,129,0,145,0
30982,5,-0.08,-0.04,-0.5,-0.45,1,0.1,0.2,0.15,40,58.82,327,296,24,272,132,96,13,3,12,16,1,30,0,327,160,112,327,127617.52,1337.83,28,54,49,28,26,19,18,50,132,96,25,19
30983,5,-0.08,-0.04,-0.5,-0.45,1,0.1,0.2,0.15,40,53.56,326,295,28,267,0,100,20,4,42,101,1,30,1,327,143,124,327,139087.03,1468.45,12,21,21,14,9,8,15,167,0,100,62,105
30984,5,-0.08,-0.04,-0.5,-0.45,1,0.1,0.2,0.15,40,68.38,327,296,24,272,146,0,68,18,15,25,1,30,0,327,186,86,327,202345.0,2073.0,16,33,28,18,20,14,14,129,146,0,83,43
30985,5,-0.08,-0.04,-0.5,-0.45,1,0.1,0.2,0.15,50,58.09,327,296,24,272,132,98,0,16,0,26,1,30,0,327,158,114,327,123631.25,1296.35,28,54,49,28,26,19,18,50,132,98,0,42
30986,5,-0.08,-0.04,-0.5,-0.45,1,0.1,0.2,0.15,50,52.43,326,295,28,267,0,104,0,23,0,140,1,30,1,327,140,127,327,134409.36,1421.24,12,21,21,14,9,8,15,167,0,104,0,163
30987,5,-0.08,-0.04,-0.5,-0.45,1,0.1,0.2,0.15,50,67.65,327,296,24,272,146,0,0,88,0,38,1,30,0,327,184,88,327,192144.31,1969.52,16,33,28,18,20,14,14,129,146,0,0,126
30988,5,-0.08,-0.04,-0.5,-0.45,1,0.1,0.2,0.15,60,58.09,327,296,24,272,132,98,0,16,0,26,1,30,0,327,158,114,327,123631.25,1296.35,28,54,49,28,26,19,18,50,132,98,0,42
30989,5,-0.08,-0.04,-0.5,-0.45,1,0.1,0.2,0.15,60,52.43,326,295,28,267,0,104,0,23,0,140,1,30,1,327,140,127,327,134409.36,1421.24,12,21,21,14,9,8,15,167,0,104,0,163
30990,5,-0.08,-0.04,-0.5,-0.45,1,0.1,0.2,0.15,60,67.65,327,296,24,272,146,0,0,88,0,38,1,30,0,327,184,88,327,192144.31,1969.52,16,33,28,18,20,14,14,129,146,0,0,126
30991,5,-0.08,-0.04,-0.5,-0.45,1,0.2,0.1,0.15,20,65.28,327,296,8,288,175,59,41,0,13,0,1,30,0,327,188,100,327,67470.3,700.95,102,70,37,79,0,0,0,0,175,59,54,0
30992,5,-0.08,-0.04,-0.5,-0.45,1,0.2,0.1,0.15,20,57.04,326,295,11,284,0,68,54,0,162,0,1,30,1,327,162,122,327,128782.53,1330.17,12,21,21,230,0,0,0,0,0,68,216,0
30993,5,-0.08,-0.04,-0.5,-0.45,1,0.2,0.1,0.15,20,68.4,327,296,8,288,183,0,91,0,14,0,1,30,0,327,197,91,327,95619.66,967.7,90,51,26,121,0,0,0,0,183,0,105,0
30994,5,-0.08,-0.04,-0.5,-0.45,1,0.2,0.1,0.15,30,70.36,327,296,16,280,187,72,11,0,10,0,1,30,0,327,197,83,327,71269.43,746.66,102,70,37,25,12,34,0,0,187,72,21,0
30995,5,-0.08,-0.04,-0.5,-0.45,1,0.2,0.1,0.15,30,55.93,326,295,25,270,0,85,34,0,151,0,1,30,1,327,151,119,327,126610.9,1329.54,12,21,21,14,9,193,0,0,0,85,185,0
30996,5,-0.08,-0.04,-0.5,-0.45,1,0.2,0.1,0.15,30,76.79,327,296,16,280,202,0,65,0,13,0,1,30,0,327,215,65,327,110041.84,1127.29,90,51,26,16,8,89,0,0,202,0,78,0
30997,5,-0.08,-0.04,-0.5,-0.45,1,0.2,0.1,0.15,40,70.61,327,296,17,279,193,76,5,1,3,1,1,30,0,327,197,82,327,73332.62,772.63,102,70,37,25,12,13,6,14,193,76,8,2
30998,5,-0.08,-0.04,-0.5,-0.45,1,0.2,0.1,0.15,40,53.56,326,295,28,267,0,100,20,4,42,101,1,30,1,327,143,124,327,139087.03,1468.45,12,21,21,14,9,8,15,167,0,100,62,105
30999,5,-0.08,-0.04,-0.5,-0.45,1,0.2,0.1,0.15,40,79.21,327,296,17,279,213,0,44,14,3,5,1,30,0,327,221,58,327,128057.91,1303.7,90,51,26,16,8,11,6,71,213,0,47,19
31000,5,-0.08,-0.04,-0.5,-0.45,1,0.2,0.1,0.15,50,70.61,327,296,17,279,193,77,0,5,0,4,1,30,0,327,197,82,327,72048.9,759.59,102,70,37,25,12,13,6,14,193,77,0,9
31001,5,-0.08,-0.04,-0.5,-0.45,1,0.2,0.1,0.15,50,52.43,326,295,28,267,0,104,0,23,0,140,1,30,1,327,140,127,327,134409.36,1421.24,12,21,21,14,9,8,15,167,0,104,0,163
31002,5,-0.08,-0.04,-0.5,-0.45,1,0.2,0.1,0.15,50,79.57,327,296,17,279,213,0,0,57,0,9,1,30,0,327,222,57,327,122791.31,1252.1,90,51,26,16,8,11,6,71,213,0,0,66
31003,5,-0.08,-0.04,-0.5,-0.45,1,0.2,0.1,0.15,60,70.61,327,296,17,279,193,77,0,5,0,4,1,30,0,327,197,82,327,72048.9,759.59,102,70,37,25,12,13,6,14,193,77,0,9
31004,5,-0.08,-0.04,-0.5,-0.45,1,0.2,0.1,0.15,60,52.43,326,295,28,267,0,104,0,23,0,140,1,30,1,327,140,127,327,134409.36,1421.24,12,21,21,14,9,8,15,167,0,104,0,163
31005,5,-0.08,-0.04,-0.5,-0.45,1,0.2,0.1,0.15,60,79.57,327,296,17,279,213,0,0,57,0,9,1,30,0,327,222,57,327,122791.31,1252.1,90,51,26,16,8,11,6,71,213,0,0,66
31006,5,-0.08,-0.04,-0.5,-0.45,1,0.2,0.2,0.15,20,58.25,327,296,11,285,91,68,51,0,75,0,1,30,0,327,166,119,327,111614.4,1159.04,28,54,49,154,0,0,0,0,91,68,126,0
31007,5,-0.08,-0.04,-0.5,-0.45,1,0.2,0.2,0.15,20,57.04,326,295,11,284,0,68,54,0,162,0,1,30,1,327,162,122,327,128782.53,1330.17,12,21,21,230,0,0,0,0,0,68,216,0
31008,5,-0.08,-0.04,-0.5,-0.45,1,0.2,0.2,0.15,20,61.75,327,296,11,285,95,0,109,0,81,0,1,30,0,327,176,109,327,147723.28,1505.99,16,33,28,208,0,0,0,0,95,0,190,0
31009,5,-0.08,-0.04,-0.5,-0.45,1,0.2,0.2,0.15,30,59.85,327,296,22,274,121,83,27,0,43,0,1,30,0,327,164,110,327,121045.41,1260.77,28,54,49,28,26,89,0,0,121,83,70,0
31010,5,-0.08,-0.04,-0.5,-0.45,1,0.2,0.2,0.15,30,55.93,326,295,25,270,0,85,34,0,151,0,1,30,1,327,151,119,327,126610.9,1329.54,12,21,21,14,9,193,0,0,0,85,185,0
31011,5,-0.08,-0.04,-0.5,-0.45,1,0.2,0.2,0.15,30,67.52,327,296,22,274,129,0,89,0,56,0,1,30,0,327,185,89,327,169524.42,1738.87,16,33,28,18,20,159,0,0,129,0,145,0
31012,5,-0.08,-0.04,-0.5,-0.45,1,0.2,0.2,0.15,40,58.82,327,296,24,272,132,96,13,3,12,16,1,30,0,327,160,112,327,127617.52,1337.83,28,54,49,28,26,19,18,50,132,96,25,19
31013,5,-0.08,-0.04,-0.5,-0.45,1,0.2,0.2,0.15,40,53.56,326,295,28,267,0,100,20,4,42,101,1,30,1,327,143,124,327,139087.03,1468.45,12,21,21,14,9,8,15,167,0,100,62,105
31014,5,-0.08,-0.04,-0.5,-0.45,1,0.2,0.2,0.15,40,68.38,327,296,24,272,146,0,68,18,15,25,1,30,0,327,186,86,327,202345.0,2073.0,16,33,28,18,20,14,14,129,146,0,83,43
31015,5,-0.08,-0.04,-0.5,-0.45,1,0.2,0.2,0.15,50,58.09,327,296,24,272,132,98,0,16,0,26,1,30,0,327,158,114,327,123631.25,1296.35,28,54,49,28,26,19,18,50,132,98,0,42
31016,5,-0.08,-0.04,-0.5,-0.45,1,0.2,0.2,0.15,50,52.43,326,295,28,267,0,104,0,23,0,140,1,30,1,327,140,127,327,134409.36,1421.24,12,21,21,14,9,8,15,167,0,104,0,163
31017,5,-0.08,-0.04,-0.5,-0.45,1,0.2,0.2,0.15,50,67.65,327,296,24,272,146,0,0,88,0,38,1,30,0,327,184,88,327,192144.31,1969.52,16,33,28,18,20,14,14,129,146,0,0,126
31018,5,-0.08,-0.04,-0.5,-0.45,1,0.2,0.2,0.15,60,58.09,327,296,24,272,132,98,0,16,0,26,1,30,0,327,158,114,327,123631.25,1296.35,28,54,49,28,26,19,18,50,132,98,0,42
31019,5,-0.08,-0.04,-0.5,-0.45,1,0.2,0.2,0.15,60,52.43,326,295,28,267,0,104,0,23,0,140,1,30,1,327,140,127,327,134409.36,1421.24,12,21,21,14,9,8,15,167,0,104,0,163
31020,5,-0.08,-0.04,-0.5,-0.45,1,0.2,0.2,0.15,60,67.65,327,296,24,272,146,0,0,88,0,38,1,30,0,327,184,88,327,192144.31,1969.52,16,33,28,18,20,14,14,129,146,0,0,126
31021,5,-0.08,-0.04,-0.5,-0.45,2,0.1,0.1,0.15,20,68.75,327,296,8,288,180,59,31,0,18,0,1,30,0,327,198,90,327,75822.2,1096.89,104,75,37,72,0,0,0,0,180,59,49,0
31022,5,-0.08,-0.04,-0.5,-0.45,2,0.1,0.1,0.15,20,60.92,326,295,11,284,0,68,43,0,173,0,1,30,1,327,173,111,327,161174.31,1861.82,12,21,21,230,0,0,0,0,0,68,216,0
31023,5,-0.08,-0.04,-0.5,-0.45,2,0.1,0.1,0.15,20,73.61,327,296,8,288,190,0,76,0,22,0,1,30,0,327,212,76,327,123103.68,1392.77,93,57,25,113,0,0,0,0,190,0,98,0
31024,5,-0.08,-0.04,-0.5,-0.45,2,0.1,0.1,0.15,30,71.79,327,296,16,280,194,72,7,0,7,0,1,30,0,327,201,79,327,74887.59,1132.08,104,75,37,23,14,27,0,0,194,72,14,0
31025,5,-0.08,-0.04,-0.5,-0.45,2,0.1,0.1,0.15,30,57.41,326,295,25,270,0,85,30,0,155,0,1,30,1,327,155,115,327,163341.07,1919.52,12,21,21,14,9,193,0,0,0,85,185,0
31026,5,-0.08,-0.04,-0.5,-0.45,2,0.1,0.1,0.15,30,82.14,327,296,16,280,217,0,50,0,13,0,1,30,0,327,230,50,327,146205.01,1571.05,93,57,25,15,14,76,0,0,217,0,63,0
31027,5,-0.08,-0.04,-0.5,-0.45,2,0.1,0.1,0.15,40,72.14,327,296,16,280,200,75,3,0,2,0,1,30,0,327,202,78,327,76401.64,1160.73,104,75,37,23,14,13,4,10,200,75,5,0
31028,5,-0.08,-0.04,-0.5,-0.45,2,0.1,0.1,0.15,40,56.18,326,295,28,267,0,100,14,3,48,102,1,30,1,327,150,117,327,177185.56,2104.11,12,21,21,14,9,8,15,167,0,100,62,105
31029,5,-0.08,-0.04,-0.5,-0.45,2,0.1,0.1,0.15,40,84.64,327,296,16,280,228,0,34,9,5,4,1,30,0,327,237,43,327,177813.79,1742.06,93,57,25,15,14,13,5,58,228,0,39,13
31030,5,-0.08,-0.04,-0.5,-0.45,2,0.1,0.1,0.15,50,71.79,327,296,16,280,200,76,0,3,0,1,1,30,0,327,201,79,327,74104.13,1149.2,104,75,37,23,14,13,4,10,200,76,0,4
31031,5,-0.08,-0.04,-0.5,-0.45,2,0.1,0.1,0.15,50,54.31,326,295,28,267,0,104,0,18,0,145,1,30,1,327,145,122,327,170184.5,2055.71,12,21,21,14,9,8,15,167,0,104,0,163
31032,5,-0.08,-0.04,-0.5,-0.45,2,0.1,0.1,0.15,50,84.29,327,296,16,280,228,0,0,44,0,8,1,30,0,327,236,44,327,166314.57,1683.65,93,57,25,15,14,13,5,58,228,0,0,52
31033,5,-0.08,-0.04,-0.5,-0.45,2,0.1,0.1,0.15,60,71.79,327,296,16,280,200,76,0,3,0,1,1,30,0,327,201,79,327,74104.13,1149.2,104,75,37,23,14,13,4,10,200,76,0,4
31034,5,-0.08,-0.04,-0.5,-0.45,2,0.1,0.1,0.15,60,54.31,326,295,28,267,0,104,0,18,0,145,1,30,1,327,145,122,327,170184.5,2055.71,12,21,21,14,9,8,15,167,0,104,0,163
31035,5,-0.08,-0.04,-0.5,-0.45,2,0.1,0.1,0.15,60,84.29,327,296,16,280,228,0,0,44,0,8,1,30,0,327,236,44,327,166314.57,1683.65,93,57,25,15,14,13,5,58,228,0,0,52
31036,5,-0.08,-0.04,-0.5,-0.45,2,0.1,0.2,0.15,20,62.11,327,296,11,285,98,68,40,0,79,0,1,30,0,327,177,108,327,138483.3,1660.8,28,56,52,149,0,0,0,0,98,68,119,0
31037,5,-0.08,-0.04,-0.5,-0.45,2,0.1,0.2,0.15,20,60.92,326,295,11,284,0,68,43,0,173,0,1,30,1,327,173,111,327,161174.31,1861.82,12,21,21,230,0,0,0,0,0,68,216,0
31038,5,-0.08,-0.04,-0.5,-0.45,2,0.1,0.2,0.15,20,67.72,327,296,11,285,105,0,92,0,88,0,1,30,0,327,193,92,327,203824.4,2063.01,16,35,35,199,0,0,0,0,105,0,180,0
31039,5,-0.08,-0.04,-0.5,-0.45,2,0.1,0.2,0.15,30,61.31,327,296,22,274,127,83,23,0,41,0,1,30,0,327,168,106,327,147608.34,1779.65,28,56,52,30,26,82,0,0,127,83,64,0
31040,5,-0.08,-0.04,-0.5,-0.45,2,0.1,0.2,0.15,30,57.41,326,295,25,270,0,85,30,0,155,0,1,30,1,327,155,115,327,163341.07,1919.52,12,21,21,14,9,193,0,0,0,85,185,0
31041,5,-0.08,-0.04,-0.5,-0.45,2,0.1,0.2,0.15,30,71.53,327,296,22,274,141,0,78,0,55,0,1,30,0,327,196,78,327,235293.63,2322.8,16,35,35,19,20,149,0,0,141,0,133,0
31042,5,-0.08,-0.04,-0.5,-0.45,2,0.1,0.2,0.15,40,61.03,327,296,24,272,139,96,8,2,16,11,1,30,0,327,166,106,327,154826.25,1880.51,28,56,52,30,26,18,19,43,139,96,24,13
31043,5,-0.08,-0.04,-0.5,-0.45,2,0.1,0.2,0.15,40,56.18,326,295,28,267,0,100,14,3,48,102,1,30,1,327,150,117,327,177185.56,2104.11,12,21,21,14,9,8,15,167,0,100,62,105
31044,5,-0.08,-0.04,-0.5,-0.45,2,0.1,0.2,0.15,40,74.26,327,296,24,272,159,0,57,13,22,21,1,30,0,327,202,70,327,292294.34,2682.84,16,35,35,19,20,16,13,118,159,0,79,34
31045,5,-0.08,-0.04,-0.5,-0.45,2,0.1,0.2,0.15,50,59.56,327,296,24,272,139,98,0,12,0,23,1,30,0,327,162,110,327,148189.4,1837.69,28,56,52,30,26,18,19,43,139,98,0,35
31046,5,-0.08,-0.04,-0.5,-0.45,2,0.1,0.2,0.15,50,54.31,326,295,28,267,0,104,0,18,0,145,1,30,1,327,145,122,327,170184.5,2055.71,12,21,21,14,9,8,15,167,0,104,0,163
31047,5,-0.08,-0.04,-0.5,-0.45,2,0.1,0.2,0.15,50,72.43,327,296,24,272,159,0,0,75,0,38,1,30,0,327,197,75,327,275586.48,2590.16,16,35,35,19,20,16,13,118,159,0,0,113
31048,5,-0.08,-0.04,-0.5,-0.45,2,0.1,0.2,0.15,60,59.56,327,296,24,272,139,98,0,12,0,23,1,30,0,327,162,110,327,148189.4,1837.69,28,56,52,30,26,18,19,43,139,98,0,35
31049,5,-0.08,-0.04,-0.5,-0.45,2,0.1,0.2,0.15,60,54.31,326,295,28,267,0,104,0,18,0,145,1,30,1,327,145,122,327,170184.5,2055.71,12,21,21,14,9,8,15,167,0,104,0,163
31050,5,-0.08,-0.04,-0.5,-0.45,2,0.1,0.2,0.15,60,72.43,327,296,24,272,159,0,0,75,0,38,1,30,0,327,197,75,327,275586.48,2590.16,16,35,35,19,20,16,13,118,159,0,0,113
31051,5,-0.08,-0.04,-0.5,-0.45,2,0.2,0.1,0.15,20,65.28,327,296,8,288,175,59,41,0,13,0,1,30,0,327,188,100,327,67470.3,700.95,102,70,37,79,0,0,0,0,175,59,54,0
31052,5,-0.08,-0.04,-0.5,-0.45,2,0.2,0.1,0.15,20,57.04,326,295,11,284,0,68,54,0,162,0,1,30,1,327,162,122,327,128782.53,1330.17,12,21,21,230,0,0,0,0,0,68,216,0
31053,5,-0.08,-0.04,-0.5,-0.45,2,0.2,0.1,0.15,20,68.4,327,296,8,288,183,0,91,0,14,0,1,30,0,327,197,91,327,95619.66,967.7,90,51,26,121,0,0,0,0,183,0,105,0
31054,5,-0.08,-0.04,-0.5,-0.45,2,0.2,0.1,0.15,30,70.36,327,296,16,280,187,72,11,0,10,0,1,30,0,327,197,83,327,71269.43,746.66,102,70,37,25,12,34,0,0,187,72,21,0
31055,5,-0.08,-0.04,-0.5,-0.45,2,0.2,0.1,0.15,30,55.93,326,295,25,270,0,85,34,0,151,0,1,30,1,327,151,119,327,126610.9,1329.54,12,21,21,14,9,193,0,0,0,85,185,0
31056,5,-0.08,-0.04,-0.5,-0.45,2,0.2,0.1,0.15,30,76.79,327,296,16,280,202,0,65,0,13,0,1,30,0,327,215,65,327,110041.84,1127.29,90,51,26,16,8,89,0,0,202,0,78,0
31057,5,-0.08,-0.04,-0.5,-0.45,2,0.2,0.1,0.15,40,70.61,327,296,17,279,193,76,5,1,3,1,1,30,0,327,197,82,327,73332.62,772.63,102,70,37,25,12,13,6,14,193,76,8,2
31058,5,-0.08,-0.04,-0.5,-0.45,2,0.2,0.1,0.15,40,53.56,326,295,28,267,0,100,20,4,42,101,1,30,1,327,143,124,327,139087.03,1468.45,12,21,21,14,9,8,15,167,0,100,62,105
31059,5,-0.08,-0.04,-0.5,-0.45,2,0.2,0.1,0.15,40,79.21,327,296,17,279,213,0,44,14,3,5,1,30,0,327,221,58,327,128057.91,1303.7,90,51,26,16,8,11,6,71,213,0,47,19
31060,5,-0.08,-0.04,-0.5,-0.45,2,0.2,0.1,0.15,50,70.61,327,296,17,279,193,77,0,5,0,4,1,30,0,327,197,82,327,72048.9,759.59,102,70,37,25,12,13,6,14,193,77,0,9
31061,5,-0.08,-0.04,-0.5,-0.45,2,0.2,0.1,0.15,50,52.43,326,295,28,267,0,104,0,23,0,140,1,30,1,327,140,127,327,134409.36,1421.24,12,21,21,14,9,8,15,167,0,104,0,163
31062,5,-0.08,-0.04,-0.5,-0.45,2,0.2,0.1,0.15,50,79.57,327,296,17,279,213,0,0,57,0,9,1,30,0,327,222,57,327,122791.31,1252.1,90,51,26,16,8,11,6,71,213,0,0,66
31063,5,-0.08,-0.04,-0.5,-0.45,2,0.2,0.1,0.15,60,70.61,327,296,17,279,193,77,0,5,0,4,1,30,0,327,197,82,327,72048.9,759.59,102,70,37,25,12,13,6,14,193,77,0,9
31064,5,-0.08,-0.04,-0.5,-0.45,2,0.2,0.1,0.15,60,52.43,326,295,28,267,0,104,0,23,0,140,1,30,1,327,140,127,327,134409.36,1421.24,12,21,21,14,9,8,15,167,0,104,0,163
31065,5,-0.08,-0.04,-0.5,-0.45,2,0.2,0.1,0.15,60,79.57,327,296,17,279,213,0,0,57,0,9,1,30,0,327,222,57,327,122791.31,1252.1,90,51,26,16,8,11,6,71,213,0,0,66
31066,5,-0.08,-0.04,-0.5,-0.45,2,0.2,0.2,0.15,20,58.25,327,296,11,285,91,68,51,0,75,0,1,30,0,327,166,119,327,111614.4,1159.04,28,54,49,154,0,0,0,0,91,68,126,0
31067,5,-0.08,-0.04,-0.5,-0.45,2,0.2,0.2,0.15,20,57.04,326,295,11,284,0,68,54,0,162,0,1,30,1,327,162,122,327,128782.53,1330.17,12,21,21,230,0,0,0,0,0,68,216,0
31068,5,-0.08,-0.04,-0.5,-0.45,2,0.2,0.2,0.15,20,61.75,327,296,11,285,95,0,109,0,81,0,1,30,0,327,176,109,327,147723.28,1505.99,16,33,28,208,0,0,0,0,95,0,190,0
31069,5,-0.08,-0.04,-0.5,-0.45,2,0.2,0.2,0.15,30,59.85,327,296,22,274,121,83,27,0,43,0,1,30,0,327,164,110,327,121045.41,1260.77,28,54,49,28,26,89,0,0,121,83,70,0
31070,5,-0.08,-0.04,-0.5,-0.45,2,0.2,0.2,0.15,30,55.93,326,295,25,270,0,85,34,0,151,0,1,30,1,327,151,119,327,126610.9,1329.54,12,21,21,14,9,193,0,0,0,85,185,0
31071,5,-0.08,-0.04,-0.5,-0.45,2,0.2,0.2,0.15,30,67.52,327,296,22,274,129,0,89,0,56,0,1,30,0,327,185,89,327,169524.42,1738.87,16,33,28,18,20,159,0,0,129,0,145,0
31072,5,-0.08,-0.04,-0.5,-0.45,2,0.2,0.2,0.15,40,58.82,327,296,24,272,132,96,13,3,12,16,1,30,0,327,160,112,327,127617.52,1337.83,28,54,49,28,26,19,18,50,132,96,25,19
31073,5,-0.08,-0.04,-0.5,-0.45,2,0.2,0.2,0.15,40,53.56,326,295,28,267,0,100,20,4,42,101,1,30,1,327,143,124,327,139087.03,1468.45,12,21,21,14,9,8,15,167,0,100,62,105
31074,5,-0.08,-0.04,-0.5,-0.45,2,0.2,0.2,0.15,40,68.38,327,296,24,272,146,0,68,18,15,25,1,30,0,327,186,86,327,202345.0,2073.0,16,33,28,18,20,14,14,129,146,0,83,43
31075,5,-0.08,-0.04,-0.5,-0.45,2,0.2,0.2,0.15,50,58.09,327,296,24,272,132,98,0,16,0,26,1,30,0,327,158,114,327,123631.25,1296.35,28,54,49,28,26,19,18,50,132,98,0,42
31076,5,-0.08,-0.04,-0.5,-0.45,2,0.2,0.2,0.15,50,52.43,326,295,28,267,0,104,0,23,0,140,1,30,1,327,140,127,327,134409.36,1421.24,12,21,21,14,9,8,15,167,0,104,0,163
31077,5,-0.08,-0.04,-0.5,-0.45,2,0.2,0.2,0.15,50,67.65,327,296,24,272,146,0,0,88,0,38,1,30,0,327,184,88,327,192144.31,1969.52,16,33,28,18,20,14,14,129,146,0,0,126
31078,5,-0.08,-0.04,-0.5,-0.45,2,0.2,0.2,0.15,60,58.09,327,296,24,272,132,98,0,16,0,26,1,30,0,327,158,114,327,123631.25,1296.35,28,54,49,28,26,19,18,50,132,98,0,42
31079,5,-0.08,-0.04,-0.5,-0.45,2,0.2,0.2,0.15,60,52.43,326,295,28,267,0,104,0,23,0,140,1,30,1,327,140,127,327,134409.36,1421.24,12,21,21,14,9,8,15,167,0,104,0,163
31080,5,-0.08,-0.04,-0.5,-0.45,2,0.2,0.2,0.15,60,67.65,327,296,24,272,146,0,0,88,0,38,1,30,0,327,184,88,327,192144.31,1969.52,16,33,28,18,20,14,14,129,146,0,0,126
31081,5,-0.08,-0.04,-0.5,-0.4,1,0.1,0.1,0.15,20,65.15,681,633,16,617,361,115,100,0,41,0,1,47,2,683,402,215,683,145046.81,1493.87,208,136,81,192,0,0,0,0,361,115,141,0
31082,5,-0.08,-0.04,-0.5,-0.4,1,0.1,0.1,0.15,20,58.27,680,632,21,611,0,127,128,0,356,0,1,47,3,683,356,255,683,259553.54,2673.3,25,35,40,511,0,0,0,0,0,127,484,0
31083,5,-0.08,-0.04,-0.5,-0.4,1,0.1,0.1,0.15,20,67.91,681,633,16,617,376,0,198,0,43,0,1,47,2,683,419,198,683,192595.08,1957.64,183,104,55,275,0,0,0,0,376,0,241,0
31084,5,-0.08,-0.04,-0.5,-0.4,1,0.1,0.1,0.15,30,69.98,681,633,30,603,403,149,32,0,19,0,1,47,2,683,422,181,683,160700.89,1654.44,208,136,81,51,40,87,0,0,403,149,51,0
31085,5,-0.08,-0.04,-0.5,-0.4,1,0.1,0.1,0.15,30,57.88,680,632,48,584,0,176,70,0,338,0,1,47,3,683,338,246,683,270010.03,2793.84,25,35,40,27,30,427,0,0,0,176,408,0
31086,5,-0.08,-0.04,-0.5,-0.4,1,0.1,0.1,0.15,30,75.58,681,633,31,602,431,0,147,0,24,0,1,47,2,683,455,147,683,240165.16,2456.4,183,104,55,34,28,198,0,0,431,0,171,0
31087,5,-0.08,-0.04,-0.5,-0.4,1,0.1,0.1,0.15,40,70.17,681,633,33,600,414,160,14,5,5,2,1,47,2,683,421,179,683,161599.21,1668.83,208,136,81,51,40,36,10,38,414,160,19,7
31088,5,-0.08,-0.04,-0.5,-0.4,1,0.1,0.1,0.15,40,55.56,680,632,56,576,0,200,43,13,97,223,1,47,3,683,320,256,683,304828.35,3152.62,25,35,40,27,30,19,22,378,0,200,140,236
31089,5,-0.08,-0.04,-0.5,-0.4,1,0.1,0.1,0.15,40,78.39,681,633,36,597,451,0,94,35,5,12,1,47,2,683,468,129,683,272200.57,2777.56,183,104,55,34,28,27,7,159,451,0,99,47
31090,5,-0.08,-0.04,-0.5,-0.4,1,0.1,0.1,0.15,50,70.17,681,633,33,600,414,162,0,17,0,7,1,47,2,683,421,179,683,158840.89,1640.87,208,136,81,51,40,36,10,38,414,162,0,24
31091,5,-0.08,-0.04,-0.5,-0.4,1,0.1,0.1,0.15,50,54.51,680,632,56,576,0,207,0,55,0,314,1,47,3,683,314,262,683,294173.27,3042.32,25,35,40,27,30,19,22,378,0,207,0,369
31092,5,-0.08,-0.04,-0.5,-0.4,1,0.1,0.1,0.15,50,78.56,681,633,36,597,451,0,0,128,0,18,1,47,2,683,469,128,683,264494.76,2698.61,183,104,55,34,28,27,7,159,451,0,0,146
31093,5,-0.08,-0.04,-0.5,-0.4,1,0.1,0.1,0.15,60,70.17,681,633,33,600,414,162,0,17,0,7,1,47,2,683,421,179,683,158840.89,1640.87,208,136,81,51,40,36,10,38,414,162,0,24
31094,5,-0.08,-0.04,-0.5,-0.4,1,0.1,0.1,0.15,60,54.51,680,632,56,576,0,207,0,55,0,314,1,47,3,683,314,262,683,294173.27,3042.32,25,35,40,27,30,19,22,378,0,207,0,369
31095,5,-0.08,-0.04,-0.5,-0.4,1,0.1,0.1,0.15,60,78.56,681,633,36,597,451,0,0,128,0,18,1,47,2,683,469,128,683,264494.76,2698.61,183,104,55,34,28,27,7,159,451,0,0,146
31096,5,-0.08,-0.04,-0.5,-0.4,1,0.1,0.2,0.15,20,58.82,681,633,21,612,170,127,125,0,190,0,1,47,2,683,360,252,683,221469.1,2285.25,54,99,90,369,0,0,0,0,170,127,315,0
31097,5,-0.08,-0.04,-0.5,-0.4,1,0.1,0.2,0.15,20,58.27,680,632,21,611,0,127,128,0,356,0,1,47,3,683,356,255,683,259553.54,2673.3,25,35,40,511,0,0,0,0,0,127,484,0
31098,5,-0.08,-0.04,-0.5,-0.4,1,0.1,0.2,0.15,20,61.76,681,633,21,612,177,0,234,0,201,0,1,47,2,683,378,234,683,279513.65,2856.5,29,64,50,469,0,0,0,0,177,0,435,0
31099,5,-0.08,-0.04,-0.5,-0.4,1,0.1,0.2,0.15,30,60.2,681,633,40,593,243,174,62,0,114,0,1,47,2,683,357,236,683,256620.36,2639.26,54,99,90,54,68,228,0,0,243,174,176,0
31100,5,-0.08,-0.04,-0.5,-0.4,1,0.1,0.2,0.15,30,57.88,680,632,48,584,0,176,70,0,338,0,1,47,3,683,338,246,683,270010.03,2793.84,25,35,40,27,30,427,0,0,0,176,408,0
31101,5,-0.08,-0.04,-0.5,-0.4,1,0.1,0.2,0.15,30,66.89,681,633,41,592,258,0,196,0,138,0,1,47,2,683,396,196,683,359886.0,3684.47,29,64,50,34,44,371,0,0,258,0,334,0
31102,5,-0.08,-0.04,-0.5,-0.4,1,0.1,0.2,0.15,40,58.77,681,633,46,587,272,195,35,12,29,44,1,47,2,683,345,242,683,275226.74,2840.08,54,99,90,54,68,52,37,133,272,195,64,56
31103,5,-0.08,-0.04,-0.5,-0.4,1,0.1,0.2,0.15,40,55.56,680,632,56,576,0,200,43,13,97,223,1,47,3,683,320,256,683,304828.35,3152.62,25,35,40,27,30,19,22,378,0,200,140,236
31104,5,-0.08,-0.04,-0.5,-0.4,1,0.1,0.2,0.15,40,68.15,681,633,49,584,298,0,140,46,34,66,1,47,2,683,398,186,683,426604.87,4367.53,29,64,50,34,44,37,31,295,298,0,174,112
31105,5,-0.08,-0.04,-0.5,-0.4,1,0.1,0.2,0.15,50,58.26,681,633,46,587,272,200,0,45,0,70,1,47,2,683,342,245,683,266773.37,2751.85,54,99,90,54,68,52,37,133,272,200,0,115
31106,5,-0.08,-0.04,-0.5,-0.4,1,0.1,0.2,0.15,50,54.51,680,632,56,576,0,207,0,55,0,314,1,47,3,683,314,262,683,294173.27,3042.32,25,35,40,27,30,19,22,378,0,207,0,369
31107,5,-0.08,-0.04,-0.5,-0.4,1,0.1,0.2,0.15,50,67.47,681,633,49,584,298,0,0,190,0,96,1,47,2,683,394,190,683,409729.1,4192.29,29,64,50,34,44,37,31,295,298,0,0,286
31108,5,-0.08,-0.04,-0.5,-0.4,1,0.1,0.2,0.15,60,58.26,681,633,46,587,272,200,0,45,0,70,1,47,2,683,342,245,683,266773.37,2751.85,54,99,90,54,68,52,37,133,272,200,0,115
31109,5,-0.08,-0.04,-0.5,-0.4,1,0.1,0.2,0.15,60,54.51,680,632,56,576,0,207,0,55,0,314,1,47,3,683,314,262,683,294173.27,3042.32,25,35,40,27,30,19,22,378,0,207,0,369
31110,5,-0.08,-0.04,-0.5,-0.4,1,0.1,0.2,0.15,60,67.47,681,633,49,584,298,0,0,190,0,96,1,47,2,683,394,190,683,409729.1,4192.29,29,64,50,34,44,37,31,295,298,0,0,286
31111,5,-0.08,-0.04,-0.5,-0.4,1,0.2,0.1,0.15,20,65.15,681,633,16,617,361,115,100,0,41,0,1,47,2,683,402,215,683,145046.81,1493.87,208,136,81,192,0,0,0,0,361,115,141,0
31112,5,-0.08,-0.04,-0.5,-0.4,1,0.2,0.1,0.15,20,58.27,680,632,21,611,0,127,128,0,356,0,1,47,3,683,356,255,683,259553.54,2673.3,25,35,40,511,0,0,0,0,0,127,484,0
31113,5,-0.08,-0.04,-0.5,-0.4,1,0.2,0.1,0.15,20,67.91,681,633,16,617,376,0,198,0,43,0,1,47,2,683,419,198,683,192595.08,1957.64,183,104,55,275,0,0,0,0,376,0,241,0
31114,5,-0.08,-0.04,-0.5,-0.4,1,0.2,0.1,0.15,30,69.98,681,633,30,603,403,149,32,0,19,0,1,47,2,683,422,181,683,160700.89,1654.44,208,136,81,51,40,87,0,0,403,149,51,0
31115,5,-0.08,-0.04,-0.5,-0.4,1,0.2,0.1,0.15,30,57.88,680,632,48,584,0,176,70,0,338,0,1,47,3,683,338,246,683,270010.03,2793.84,25,35,40,27,30,427,0,0,0,176,408,0
31116,5,-0.08,-0.04,-0.5,-0.4,1,0.2,0.1,0.15,30,75.58,681,633,31,602,431,0,147,0,24,0,1,47,2,683,455,147,683,240165.16,2456.4,183,104,55,34,28,198,0,0,431,0,171,0
31117,5,-0.08,-0.04,-0.5,-0.4,1,0.2,0.1,0.15,40,70.17,681,633,33,600,414,160,14,5,5,2,1,47,2,683,421,179,683,161599.21,1668.83,208,136,81,51,40,36,10,38,414,160,19,7
31118,5,-0.08,-0.04,-0.5,-0.4,1,0.2,0.1,0.15,40,55.56,680,632,56,576,0,200,43,13,97,223,1,47,3,683,320,256,683,304828.35,3152.62,25,35,40,27,30,19,22,378,0,200,140,236
31119,5,-0.08,-0.04,-0.5,-0.4,1,0.2,0.1,0.15,40,78.39,681,633,36,597,451,0,94,35,5,12,1,47,2,683,468,129,683,272200.57,2777.56,183,104,55,34,28,27,7,159,451,0,99,47
31120,5,-0.08,-0.04,-0.5,-0.4,1,0.2,0.1,0.15,50,70.17,681,633,33,600,414,162,0,17,0,7,1,47,2,683,421,179,683,158840.89,1640.87,208,136,81,51,40,36,10,38,414,162,0,24
31121,5,-0.08,-0.04,-0.5,-0.4,1,0.2,0.1,0.15,50,54.51,680,632,56,576,0,207,0,55,0,314,1,47,3,683,314,262,683,294173.27,3042.32,25,35,40,27,30,19,22,378,0,207,0,369
31122,5,-0.08,-0.04,-0.5,-0.4,1,0.2,0.1,0.15,50,78.56,681,633,36,597,451,0,0,128,0,18,1,47,2,683,469,128,683,264494.76,2698.61,183,104,55,34,28,27,7,159,451,0,0,146
31123,5,-0.08,-0.04,-0.5,-0.4,1,0.2,0.1,0.15,60,70.17,681,633,33,600,414,162,0,17,0,7,1,47,2,683,421,179,683,158840.89,1640.87,208,136,81,51,40,36,10,38,414,162,0,24
31124,5,-0.08,-0.04,-0.5,-0.4,1,0.2,0.1,0.15,60,54.51,680,632,56,576,0,207,0,55,0,314,1,47,3,683,314,262,683,294173.27,3042.32,25,35,40,27,30,19,22,378,0,207,0,369
31125,5,-0.08,-0.04,-0.5,-0.4,1,0.2,0.1,0.15,60,78.56,681,633,36,597,451,0,0,128,0,18,1,47,2,683,469,128,683,264494.76,2698.61,183,104,55,34,28,27,7,159,451,0,0,146
31126,5,-0.08,-0.04,-0.5,-0.4,1,0.2,0.2,0.15,20,58.82,681,633,21,612,170,127,125,0,190,0,1,47,2,683,360,252,683,221469.1,2285.25,54,99,90,369,0,0,0,0,170,127,315,0
31127,5,-0.08,-0.04,-0.5,-0.4,1,0.2,0.2,0.15,20,58.27,680,632,21,611,0,127,128,0,356,0,1,47,3,683,356,255,683,259553.54,2673.3,25,35,40,511,0,0,0,0,0,127,484,0
31128,5,-0.08,-0.04,-0.5,-0.4,1,0.2,0.2,0.15,20,61.76,681,633,21,612,177,0,234,0,201,0,1,47,2,683,378,234,683,279513.65,2856.5,29,64,50,469,0,0,0,0,177,0,435,0
31129,5,-0.08,-0.04,-0.5,-0.4,1,0.2,0.2,0.15,30,60.2,681,633,40,593,243,174,62,0,114,0,1,47,2,683,357,236,683,256620.36,2639.26,54,99,90,54,68,228,0,0,243,174,176,0
31130,5,-0.08,-0.04,-0.5,-0.4,1,0.2,0.2,0.15,30,57.88,680,632,48,584,0,176,70,0,338,0,1,47,3,683,338,246,683,270010.03,2793.84,25,35,40,27,30,427,0,0,0,176,408,0
31131,5,-0.08,-0.04,-0.5,-0.4,1,0.2,0.2,0.15,30,66.89,681,633,41,592,258,0,196,0,138,0,1,47,2,683,396,196,683,359886.0,3684.47,29,64,50,34,44,371,0,0,258,0,334,0
31132,5,-0.08,-0.04,-0.5,-0.4,1,0.2,0.2,0.15,40,58.77,681,633,46,587,272,195,35,12,29,44,1,47,2,683,345,242,683,275226.74,2840.08,54,99,90,54,68,52,37,133,272,195,64,56
31133,5,-0.08,-0.04,-0.5,-0.4,1,0.2,0.2,0.15,40,55.56,680,632,56,576,0,200,43,13,97,223,1,47,3,683,320,256,683,304828.35,3152.62,25,35,40,27,30,19,22,378,0,200,140,236
31134,5,-0.08,-0.04,-0.5,-0.4,1,0.2,0.2,0.15,40,68.15,681,633,49,584,298,0,140,46,34,66,1,47,2,683,398,186,683,426604.87,4367.53,29,64,50,34,44,37,31,295,298,0,174,112
31135,5,-0.08,-0.04,-0.5,-0.4,1,0.2,0.2,0.15,50,58.26,681,633,46,587,272,200,0,45,0,70,1,47,2,683,342,245,683,266773.37,2751.85,54,99,90,54,68,52,37,133,272,200,0,115
31136,5,-0.08,-0.04,-0.5,-0.4,1,0.2,0.2,0.15,50,54.51,680,632,56,576,0,207,0,55,0,314,1,47,3,683,314,262,683,294173.27,3042.32,25,35,40,27,30,19,22,378,0,207,0,369
31137,5,-0.08,-0.04,-0.5,-0.4,1,0.2,0.2,0.15,50,67.47,681,633,49,584,298,0,0,190,0,96,1,47,2,683,394,190,683,409729.1,4192.29,29,64,50,34,44,37,31,295,298,0,0,286
31138,5,-0.08,-0.04,-0.5,-0.4,1,0.2,0.2,0.15,60,58.26,681,633,46,587,272,200,0,45,0,70,1,47,2,683,342,245,683,266773.37,2751.85,54,99,90,54,68,52,37,133,272,200,0,115
31139,5,-0.08,-0.04,-0.5,-0.4,1,0.2,0.2,0.15,60,54.51,680,632,56,576,0,207,0,55,0,314,1,47,3,683,314,262,683,294173.27,3042.32,25,35,40,27,30,19,22,378,0,207,0,369
31140,5,-0.08,-0.04,-0.5,-0.4,1,0.2,0.2,0.15,60,67.47,681,633,49,584,298,0,0,190,0,96,1,47,2,683,394,190,683,409729.1,4192.29,29,64,50,34,44,37,31,295,298,0,0,286
31141,5,-0.08,-0.04,-0.5,-0.4,2,0.1,0.1,0.15,20,69.37,681,633,16,617,381,114,75,0,47,0,1,47,2,683,428,189,683,189936.31,2424.7,216,146,85,170,0,0,0,0,381,114,122,0
31142,5,-0.08,-0.04,-0.5,-0.4,2,0.1,0.1,0.15,20,62.36,680,632,21,611,0,127,103,0,381,0,1,47,3,683,381,230,683,342595.57,3811.39,25,35,40,511,0,0,0,0,0,127,484,0
31143,5,-0.08,-0.04,-0.5,-0.4,2,0.1,0.1,0.15,20,73.74,681,633,16,617,401,0,162,0,54,0,1,47,2,683,455,162,683,267988.56,2953.88,192,117,61,247,0,0,0,0,401,0,216,0
31144,5,-0.08,-0.04,-0.5,-0.4,2,0.1,0.1,0.15,30,72.47,681,633,30,603,421,144,22,0,16,0,1,47,2,683,437,166,683,195383.71,2557.43,216,146,85,48,41,67,0,0,421,144,38,0
31145,5,-0.08,-0.04,-0.5,-0.4,2,0.1,0.1,0.15,30,59.76,680,632,48,584,0,176,59,0,349,0,1,47,3,683,349,235,683,383660.8,4098.59,25,35,40,27,30,427,0,0,0,176,408,0
31146,5,-0.08,-0.04,-0.5,-0.4,2,0.1,0.1,0.15,30,81.4,681,633,31,602,466,0,112,0,24,0,1,47,2,683,490,112,683,336989.48,3444.53,192,117,61,31,42,159,0,0,466,0,136,0
31147,5,-0.08,-0.04,-0.5,-0.4,2,0.1,0.1,0.15,40,72.88,681,633,32,601,433,153,9,1,4,1,1,47,2,683,438,163,683,198252.72,2614.15,216,146,85,48,41,29,8,28,433,153,13,2
31148,5,-0.08,-0.04,-0.5,-0.4,2,0.1,0.1,0.15,40,57.81,680,632,56,576,0,200,34,9,106,227,1,47,3,683,333,243,683,430089.83,4558.47,25,35,40,27,30,19,22,378,0,200,140,236
31149,5,-0.08,-0.04,-0.5,-0.4,2,0.1,0.1,0.15,40,84.62,681,633,35,598,489,0,71,21,9,8,1,47,2,683,506,92,683,397518.8,3785.45,192,117,61,31,42,23,11,121,489,0,80,29
31150,5,-0.08,-0.04,-0.5,-0.4,2,0.1,0.1,0.15,50,72.71,681,633,32,601,433,155,0,9,0,4,1,47,2,683,437,164,683,193810.33,2590.19,216,146,85,48,41,29,8,28,433,155,0,13
31151,5,-0.08,-0.04,-0.5,-0.4,2,0.1,0.1,0.15,50,56.42,680,632,56,576,0,207,0,44,0,325,1,47,3,683,325,251,683,414139.16,4450.61,25,35,40,27,30,19,22,378,0,207,0,369
31152,5,-0.08,-0.04,-0.5,-0.4,2,0.1,0.1,0.15,50,84.62,681,633,35,598,489,0,0,92,0,17,1,47,2,683,506,92,683,382177.93,3703.57,192,117,61,31,42,23,11,121,489,0,0,109
31153,5,-0.08,-0.04,-0.5,-0.4,2,0.1,0.1,0.15,60,72.71,681,633,32,601,433,155,0,9,0,4,1,47,2,683,437,164,683,193810.33,2590.19,216,146,85,48,41,29,8,28,433,155,0,13
31154,5,-0.08,-0.04,-0.5,-0.4,2,0.1,0.1,0.15,60,56.42,680,632,56,576,0,207,0,44,0,325,1,47,3,683,325,251,683,414139.16,4450.61,25,35,40,27,30,19,22,378,0,207,0,369
31155,5,-0.08,-0.04,-0.5,-0.4,2,0.1,0.1,0.15,60,84.62,681,633,35,598,489,0,0,92,0,17,1,47,2,683,506,92,683,382177.93,3703.57,192,117,61,31,42,23,11,121,489,0,0,109
31156,5,-0.08,-0.04,-0.5,-0.4,2,0.1,0.2,0.15,20,63.07,681,633,21,612,185,127,99,0,201,0,1,47,2,683,386,226,683,296772.19,3392.92,55,101,96,360,0,0,0,0,185,127,300,0
31157,5,-0.08,-0.04,-0.5,-0.4,2,0.1,0.2,0.15,20,62.36,680,632,21,611,0,127,103,0,381,0,1,47,3,683,381,230,683,342595.57,3811.39,25,35,40,511,0,0,0,0,0,127,484,0
31158,5,-0.08,-0.04,-0.5,-0.4,2,0.1,0.2,0.15,20,67.48,681,633,21,612,196,0,199,0,217,0,1,47,2,683,413,199,683,398372.26,4072.32,30,66,60,456,0,0,0,0,196,0,416,0
31159,5,-0.08,-0.04,-0.5,-0.4,2,0.1,0.2,0.15,30,62.23,681,633,40,593,257,173,51,0,112,0,1,47,2,683,369,224,683,342786.48,3788.46,55,101,96,60,67,214,0,0,257,173,163,0
31160,5,-0.08,-0.04,-0.5,-0.4,2,0.1,0.2,0.15,30,59.76,680,632,48,584,0,176,59,0,349,0,1,47,3,683,349,235,683,383660.8,4098.59,25,35,40,27,30,427,0,0,0,176,408,0
31161,5,-0.08,-0.04,-0.5,-0.4,2,0.1,0.2,0.15,30,71.45,681,633,41,592,284,0,169,0,139,0,1,47,2,683,423,169,683,528786.09,4937.47,30,66,60,40,44,352,0,0,284,0,308,0
31162,5,-0.08,-0.04,-0.5,-0.4,2,0.1,0.2,0.15,40,60.99,681,633,46,587,286,194,27,8,34,38,1,47,2,683,358,229,683,362313.85,4019.23,55,101,96,60,67,51,35,122,286,194,61,46
31163,5,-0.08,-0.04,-0.5,-0.4,2,0.1,0.2,0.15,40,57.81,680,632,56,576,0,200,34,9,106,227,1,47,3,683,333,243,683,430089.83,4558.47,25,35,40,27,30,19,22,378,0,200,140,236
31164,5,-0.08,-0.04,-0.5,-0.4,2,0.1,0.2,0.15,40,73.46,681,633,49,584,325,0,121,34,46,58,1,47,2,683,429,155,683,636841.44,5625.88,30,66,60,40,44,44,26,274,325,0,167,92
31165,5,-0.08,-0.04,-0.5,-0.4,2,0.1,0.2,0.15,50,60.14,681,633,46,587,286,199,0,35,0,67,1,47,2,683,353,234,683,349085.79,3935.51,55,101,96,60,67,51,35,122,286,199,0,102
31166,5,-0.08,-0.04,-0.5,-0.4,2,0.1,0.2,0.15,50,56.42,680,632,56,576,0,207,0,44,0,325,1,47,3,683,325,251,683,414139.16,4450.61,25,35,40,27,30,19,22,378,0,207,0,369
31167,5,-0.08,-0.04,-0.5,-0.4,2,0.1,0.2,0.15,50,72.77,681,633,49,584,325,0,0,159,0,100,1,47,2,683,425,159,683,609217.85,5467.84,30,66,60,40,44,44,26,274,325,0,0,259
31168,5,-0.08,-0.04,-0.5,-0.4,2,0.1,0.2,0.15,60,60.14,681,633,46,587,286,199,0,35,0,67,1,47,2,683,353,234,683,349085.79,3935.51,55,101,96,60,67,51,35,122,286,199,0,102
31169,5,-0.08,-0.04,-0.5,-0.4,2,0.1,0.2,0.15,60,56.42,680,632,56,576,0,207,0,44,0,325,1,47,3,683,325,251,683,414139.16,4450.61,25,35,40,27,30,19,22,378,0,207,0,369
31170,5,-0.08,-0.04,-0.5,-0.4,2,0.1,0.2,0.15,60,72.77,681,633,49,584,325,0,0,159,0,100,1,47,2,683,425,159,683,609217.85,5467.84,30,66,60,40,44,44,26,274,325,0,0,259
31171,5,-0.08,-0.04,-0.5,-0.4,2,0.2,0.1,0.15,20,65.15,681,633,16,617,361,115,100,0,41,0,1,47,2,683,402,215,683,145046.81,1493.87,208,136,81,192,0,0,0,0,361,115,141,0
31172,5,-0.08,-0.04,-0.5,-0.4,2,0.2,0.1,0.15,20,58.27,680,632,21,611,0,127,128,0,356,0,1,47,3,683,356,255,683,259553.54,2673.3,25,35,40,511,0,0,0,0,0,127,484,0
31173,5,-0.08,-0.04,-0.5,-0.4,2,0.2,0.1,0.15,20,67.91,681,633,16,617,376,0,198,0,43,0,1,47,2,683,419,198,683,192595.08,1957.64,183,104,55,275,0,0,0,0,376,0,241,0
31174,5,-0.08,-0.04,-0.5,-0.4,2,0.2,0.1,0.15,30,69.98,681,633,30,603,403,149,32,0,19,0,1,47,2,683,422,181,683,160700.89,1654.44,208,136,81,51,40,87,0,0,403,149,51,0
31175,5,-0.08,-0.04,-0.5,-0.4,2,0.2,0.1,0.15,30,57.88,680,632,48,584,0,176,70,0,338,0,1,47,3,683,338,246,683,270010.03,2793.84,25,35,40,27,30,427,0,0,0,176,408,0
31176,5,-0.08,-0.04,-0.5,-0.4,2,0.2,0.1,0.15,30,75.58,681,633,31,602,431,0,147,0,24,0,1,47,2,683,455,147,683,240165.16,2456.4,183,104,55,34,28,198,0,0,431,0,171,0
31177,5,-0.08,-0.04,-0.5,-0.4,2,0.2,0.1,0.15,40,70.17,681,633,33,600,414,160,14,5,5,2,1,47,2,683,421,179,683,161599.21,1668.83,208,136,81,51,40,36,10,38,414,160,19,7
31178,5,-0.08,-0.04,-0.5,-0.4,2,0.2,0.1,0.15,40,55.56,680,632,56,576,0,200,43,13,97,223,1,47,3,683,320,256,683,304828.35,3152.62,25,35,40,27,30,19,22,378,0,200,140,236
31179,5,-0.08,-0.04,-0.5,-0.4,2,0.2,0.1,0.15,40,78.39,681,633,36,597,451,0,94,35,5,12,1,47,2,683,468,129,683,272200.57,2777.56,183,104,55,34,28,27,7,159,451,0,99,47
31180,5,-0.08,-0.04,-0.5,-0.4,2,0.2,0.1,0.15,50,70.17,681,633,33,600,414,162,0,17,0,7,1,47,2,683,421,179,683,158840.89,1640.87,208,136,81,51,40,36,10,38,414,162,0,24
31181,5,-0.08,-0.04,-0.5,-0.4,2,0.2,0.1,0.15,50,54.51,680,632,56,576,0,207,0,55,0,314,1,47,3,683,314,262,683,294173.27,3042.32,25,35,40,27,30,19,22,378,0,207,0,369
31182,5,-0.08,-0.04,-0.5,-0.4,2,0.2,0.1,0.15,50,78.56,681,633,36,597,451,0,0,128,0,18,1,47,2,683,469,128,683,264494.76,2698.61,183,104,55,34,28,27,7,159,451,0,0,146
31183,5,-0.08,-0.04,-0.5,-0.4,2,0.2,0.1,0.15,60,70.17,681,633,33,600,414,162,0,17,0,7,1,47,2,683,421,179,683,158840.89,1640.87,208,136,81,51,40,36,10,38,414,162,0,24
31184,5,-0.08,-0.04,-0.5,-0.4,2,0.2,0.1,0.15,60,54.51,680,632,56,576,0,207,0,55,0,314,1,47,3,683,314,262,683,294173.27,3042.32,25,35,40,27,30,19,22,378,0,207,0,369
31185,5,-0.08,-0.04,-0.5,-0.4,2,0.2,0.1,0.15,60,78.56,681,633,36,597,451,0,0,128,0,18,1,47,2,683,469,128,683,264494.76,2698.61,183,104,55,34,28,27,7,159,451,0,0,146
31186,5,-0.08,-0.04,-0.5,-0.4,2,0.2,0.2,0.15,20,58.82,681,633,21,612,170,127,125,0,190,0,1,47,2,683,360,252,683,221469.1,2285.25,54,99,90,369,0,0,0,0,170,127,315,0
31187,5,-0.08,-0.04,-0.5,-0.4,2,0.2,0.2,0.15,20,58.27,680,632,21,611,0,127,128,0,356,0,1,47,3,683,356,255,683,259553.54,2673.3,25,35,40,511,0,0,0,0,0,127,484,0
31188,5,-0.08,-0.04,-0.5,-0.4,2,0.2,0.2,0.15,20,61.76,681,633,21,612,177,0,234,0,201,0,1,47,2,683,378,234,683,279513.65,2856.5,29,64,50,469,0,0,0,0,177,0,435,0
31189,5,-0.08,-0.04,-0.5,-0.4,2,0.2,0.2,0.15,30,60.2,681,633,40,593,243,174,62,0,114,0,1,47,2,683,357,236,683,256620.36,2639.26,54,99,90,54,68,228,0,0,243,174,176,0
31190,5,-0.08,-0.04,-0.5,-0.4,2,0.2,0.2,0.15,30,57.88,680,632,48,584,0,176,70,0,338,0,1,47,3,683,338,246,683,270010.03,2793.84,25,35,40,27,30,427,0,0,0,176,408,0
31191,5,-0.08,-0.04,-0.5,-0.4,2,0.2,0.2,0.15,30,66.89,681,633,41,592,258,0,196,0,138,0,1,47,2,683,396,196,683,359886.0,3684.47,29,64,50,34,44,371,0,0,258,0,334,0
31192,5,-0.08,-0.04,-0.5,-0.4,2,0.2,0.2,0.15,40,58.77,681,633,46,587,272,195,35,12,29,44,1,47,2,683,345,242,683,275226.74,2840.08,54,99,90,54,68,52,37,133,272,195,64,56
31193,5,-0.08,-0.04,-0.5,-0.4,2,0.2,0.2,0.15,40,55.56,680,632,56,576,0,200,43,13,97,223,1,47,3,683,320,256,683,304828.35,3152.62,25,35,40,27,30,19,22,378,0,200,140,236
31194,5,-0.08,-0.04,-0.5,-0.4,2,0.2,0.2,0.15,40,68.15,681,633,49,584,298,0,140,46,34,66,1,47,2,683,398,186,683,426604.87,4367.53,29,64,50,34,44,37,31,295,298,0,174,112
31195,5,-0.08,-0.04,-0.5,-0.4,2,0.2,0.2,0.15,50,58.26,681,633,46,587,272,200,0,45,0,70,1,47,2,683,342,245,683,266773.37,2751.85,54,99,90,54,68,52,37,133,272,200,0,115
31196,5,-0.08,-0.04,-0.5,-0.4,2,0.2,0.2,0.15,50,54.51,680,632,56,576,0,207,0,55,0,314,1,47,3,683,314,262,683,294173.27,3042.32,25,35,40,27,30,19,22,378,0,207,0,369
31197,5,-0.08,-0.04,-0.5,-0.4,2,0.2,0.2,0.15,50,67.47,681,633,49,584,298,0,0,190,0,96,1,47,2,683,394,190,683,409729.1,4192.29,29,64,50,34,44,37,31,295,298,0,0,286
31198,5,-0.08,-0.04,-0.5,-0.4,2,0.2,0.2,0.15,60,58.26,681,633,46,587,272,200,0,45,0,70,1,47,2,683,342,245,683,266773.37,2751.85,54,99,90,54,68,52,37,133,272,200,0,115
31199,5,-0.08,-0.04,-0.5,-0.4,2,0.2,0.2,0.15,60,54.51,680,632,56,576,0,207,0,55,0,314,1,47,3,683,314,262,683,294173.27,3042.32,25,35,40,27,30,19,22,378,0,207,0,369
31200,5,-0.08,-0.04,-0.5,-0.4,2,0.2,0.2,0.15,60,67.47,681,633,49,584,298,0,0,190,0,96,1,47,2,683,394,190,683,409729.1,4192.29,29,64,50,34,44,37,31,295,298,0,0,286
31201,5,-0.08,-0.04,-0.5,-0.35,1,0.1,0.1,0.15,20,64.92,1100,1041,29,1012,579,178,177,0,78,0,1,58,8,1108,657,355,1108,235199.8,2426.69,340,215,131,326,0,0,0,0,579,178,255,0
31202,5,-0.08,-0.04,-0.5,-0.35,1,0.1,0.1,0.15,20,56.13,1098,1039,36,1003,0,201,239,0,563,0,1,58,10,1108,563,440,1108,343684.75,3568.96,40,56,62,845,0,0,0,0,0,201,802,0
31203,5,-0.08,-0.04,-0.5,-0.35,1,0.1,0.1,0.15,20,67.79,1098,1039,30,1009,599,0,325,0,85,0,1,58,10,1108,684,325,1108,313540.2,3201.33,300,165,87,457,0,0,0,0,599,0,410,0
31204,5,-0.08,-0.04,-0.5,-0.35,1,0.1,0.1,0.15,30,69.49,1100,1041,48,993,656,234,69,0,34,0,1,58,8,1108,690,303,1108,263127.16,2720.08,340,215,131,71,72,164,0,0,656,234,103,0
31205,5,-0.08,-0.04,-0.5,-0.35,1,0.1,0.1,0.15,30,56.48,1098,1039,74,965,0,287,133,0,545,0,1,58,10,1108,545,420,1108,362020.05,3771.92,40,56,62,43,57,707,0,0,0,287,678,0
31206,5,-0.08,-0.04,-0.5,-0.35,1,0.1,0.1,0.15,30,74.9,1098,1039,51,988,696,0,248,0,44,0,1,58,10,1108,740,248,1108,393579.63,4037.69,300,165,87,47,51,338,0,0,696,0,292,0
31207,5,-0.08,-0.04,-0.5,-0.35,1,0.1,0.1,0.15,40,69.57,1100,1041,52,989,674,257,30,14,7,7,1,58,8,1108,688,301,1108,259793.82,2690.4,340,215,131,71,72,61,19,80,674,257,37,21
31208,5,-0.08,-0.04,-0.5,-0.35,1,0.1,0.1,0.15,40,54.39,1098,1039,83,956,0,330,78,28,163,357,1,58,10,1108,520,436,1108,405193.93,4225.1,40,56,62,43,57,29,37,632,0,330,241,385
31209,5,-0.08,-0.04,-0.5,-0.35,1,0.1,0.1,0.15,40,77.39,1098,1039,57,982,730,0,158,64,8,22,1,58,10,1108,760,222,1108,429648.61,4395.15,300,165,87,47,51,46,16,270,730,0,166,86
31210,5,-0.08,-0.04,-0.5,-0.35,1,0.1,0.1,0.15,50,69.46,1100,1041,52,989,674,260,0,42,0,13,1,58,8,1108,687,302,1108,255650.29,2647.22,340,215,131,71,72,61,19,80,674,260,0,55
31211,5,-0.08,-0.04,-0.5,-0.35,1,0.1,0.1,0.15,50,53.66,1098,1039,83,956,0,340,0,103,0,513,1,58,10,1108,513,443,1108,387286.57,4038.27,40,56,62,43,57,29,37,632,0,340,0,616
31212,5,-0.08,-0.04,-0.5,-0.35,1,0.1,0.1,0.15,50,77.49,1098,1039,57,982,730,0,0,221,0,31,1,58,10,1108,761,221,1108,419793.03,4294.29,300,165,87,47,51,46,16,270,730,0,0,252
31213,5,-0.08,-0.04,-0.5,-0.35,1,0.1,0.1,0.15,60,69.46,1100,1041,52,989,674,260,0,42,0,13,1,58,8,1108,687,302,1108,255650.29,2647.22,340,215,131,71,72,61,19,80,674,260,0,55
31214,5,-0.08,-0.04,-0.5,-0.35,1,0.1,0.1,0.15,60,53.66,1098,1039,83,956,0,340,0,103,0,513,1,58,10,1108,513,443,1108,387286.57,4038.27,40,56,62,43,57,29,37,632,0,340,0,616
31215,5,-0.08,-0.04,-0.5,-0.35,1,0.1,0.1,0.15,60,77.49,1098,1039,57,982,730,0,0,221,0,31,1,58,10,1108,761,221,1108,419793.03,4294.29,300,165,87,47,51,46,16,270,730,0,0,252
31216,5,-0.08,-0.04,-0.5,-0.35,1,0.1,0.2,0.15,20,57.0,1100,1041,34,1007,257,200,233,0,317,0,1,58,8,1108,574,433,1108,320336.79,3317.38,83,143,142,639,0,0,0,0,257,200,550,0
31217,5,-0.08,-0.04,-0.5,-0.35,1,0.1,0.2,0.15,20,56.13,1098,1039,36,1003,0,201,239,0,563,0,1,58,10,1108,563,440,1108,343684.75,3568.96,40,56,62,845,0,0,0,0,0,201,802,0
31218,5,-0.08,-0.04,-0.5,-0.35,1,0.1,0.2,0.15,20,59.76,1098,1039,35,1004,264,0,404,0,336,0,1,58,10,1108,600,404,1108,409110.62,4198.55,43,87,80,794,0,0,0,0,264,0,740,0
31219,5,-0.08,-0.04,-0.5,-0.35,1,0.1,0.2,0.15,30,59.04,1100,1041,62,979,371,283,118,0,207,0,1,58,8,1108,578,401,1108,378848.51,3917.28,83,143,142,89,122,400,0,0,371,283,325,0
31220,5,-0.08,-0.04,-0.5,-0.35,1,0.1,0.2,0.15,30,56.48,1098,1039,74,965,0,287,133,0,545,0,1,58,10,1108,545,420,1108,362020.05,3771.92,40,56,62,43,57,707,0,0,0,287,678,0
31221,5,-0.08,-0.04,-0.5,-0.35,1,0.1,0.2,0.15,30,65.3,1098,1039,65,974,393,0,338,0,243,0,1,58,10,1108,636,338,1108,542656.7,5571.91,43,87,80,54,77,633,0,0,393,0,581,0
31222,5,-0.08,-0.04,-0.5,-0.35,1,0.1,0.2,0.15,40,57.72,1100,1041,69,972,418,319,65,27,56,87,1,58,8,1108,561,411,1108,405520.11,4209.75,83,143,142,89,122,75,54,264,418,319,121,114
31223,5,-0.08,-0.04,-0.5,-0.35,1,0.1,0.2,0.15,40,54.39,1098,1039,83,956,0,330,78,28,163,357,1,58,10,1108,520,436,1108,405193.93,4225.1,40,56,62,43,57,29,37,632,0,330,241,385
31224,5,-0.08,-0.04,-0.5,-0.35,1,0.1,0.2,0.15,40,66.42,1098,1039,74,965,456,0,239,85,66,119,1,58,10,1108,641,324,1108,634346.43,6514.19,43,87,80,54,77,52,47,525,456,0,305,204
31225,5,-0.08,-0.04,-0.5,-0.35,1,0.1,0.2,0.15,50,57.3,1100,1041,69,972,420,326,0,89,0,137,1,58,8,1108,557,415,1108,393216.57,4081.14,83,143,142,89,122,75,54,264,420,326,0,226
31226,5,-0.08,-0.04,-0.5,-0.35,1,0.1,0.2,0.15,50,53.66,1098,1039,83,956,0,340,0,103,0,513,1,58,10,1108,513,443,1108,387286.57,4038.27,40,56,62,43,57,29,37,632,0,340,0,616
31227,5,-0.08,-0.04,-0.5,-0.35,1,0.1,0.2,0.15,50,66.11,1098,1039,74,965,458,0,0,327,0,180,1,58,10,1108,638,327,1108,611109.6,6274.06,43,87,80,54,77,52,47,525,458,0,0,507
31228,5,-0.08,-0.04,-0.5,-0.35,1,0.1,0.2,0.15,60,57.3,1100,1041,69,972,420,326,0,89,0,137,1,58,8,1108,557,415,1108,393216.57,4081.14,83,143,142,89,122,75,54,264,420,326,0,226
31229,5,-0.08,-0.04,-0.5,-0.35,1,0.1,0.2,0.15,60,53.66,1098,1039,83,956,0,340,0,103,0,513,1,58,10,1108,513,443,1108,387286.57,4038.27,40,56,62,43,57,29,37,632,0,340,0,616
31230,5,-0.08,-0.04,-0.5,-0.35,1,0.1,0.2,0.15,60,66.11,1098,1039,74,965,458,0,0,327,0,180,1,58,10,1108,638,327,1108,611109.6,6274.06,43,87,80,54,77,52,47,525,458,0,0,507
31231,5,-0.08,-0.04,-0.5,-0.35,1,0.2,0.1,0.15,20,64.92,1100,1041,29,1012,579,178,177,0,78,0,1,58,8,1108,657,355,1108,235199.8,2426.69,340,215,131,326,0,0,0,0,579,178,255,0
31232,5,-0.08,-0.04,-0.5,-0.35,1,0.2,0.1,0.15,20,56.13,1098,1039,36,1003,0,201,239,0,563,0,1,58,10,1108,563,440,1108,343684.75,3568.96,40,56,62,845,0,0,0,0,0,201,802,0
31233,5,-0.08,-0.04,-0.5,-0.35,1,0.2,0.1,0.15,20,67.79,1098,1039,30,1009,599,0,325,0,85,0,1,58,10,1108,684,325,1108,313540.2,3201.33,300,165,87,457,0,0,0,0,599,0,410,0
31234,5,-0.08,-0.04,-0.5,-0.35,1,0.2,0.1,0.15,30,69.49,1100,1041,48,993,656,234,69,0,34,0,1,58,8,1108,690,303,1108,263127.16,2720.08,340,215,131,71,72,164,0,0,656,234,103,0
31235,5,-0.08,-0.04,-0.5,-0.35,1,0.2,0.1,0.15,30,56.48,1098,1039,74,965,0,287,133,0,545,0,1,58,10,1108,545,420,1108,362020.05,3771.92,40,56,62,43,57,707,0,0,0,287,678,0
31236,5,-0.08,-0.04,-0.5,-0.35,1,0.2,0.1,0.15,30,74.9,1098,1039,51,988,696,0,248,0,44,0,1,58,10,1108,740,248,1108,393579.63,4037.69,300,165,87,47,51,338,0,0,696,0,292,0
31237,5,-0.08,-0.04,-0.5,-0.35,1,0.2,0.1,0.15,40,69.57,1100,1041,52,989,674,257,30,14,7,7,1,58,8,1108,688,301,1108,259793.82,2690.4,340,215,131,71,72,61,19,80,674,257,37,21
31238,5,-0.08,-0.04,-0.5,-0.35,1,0.2,0.1,0.15,40,54.39,1098,1039,83,956,0,330,78,28,163,357,1,58,10,1108,520,436,1108,405193.93,4225.1,40,56,62,43,57,29,37,632,0,330,241,385
31239,5,-0.08,-0.04,-0.5,-0.35,1,0.2,0.1,0.15,40,77.39,1098,1039,57,982,730,0,158,64,8,22,1,58,10,1108,760,222,1108,429648.61,4395.15,300,165,87,47,51,46,16,270,730,0,166,86
31240,5,-0.08,-0.04,-0.5,-0.35,1,0.2,0.1,0.15,50,69.46,1100,1041,52,989,674,260,0,42,0,13,1,58,8,1108,687,302,1108,255650.29,2647.22,340,215,131,71,72,61,19,80,674,260,0,55
31241,5,-0.08,-0.04,-0.5,-0.35,1,0.2,0.1,0.15,50,53.66,1098,1039,83,956,0,340,0,103,0,513,1,58,10,1108,513,443,1108,387286.57,4038.27,40,56,62,43,57,29,37,632,0,340,0,616
31242,5,-0.08,-0.04,-0.5,-0.35,1,0.2,0.1,0.15,50,77.49,1098,1039,57,982,730,0,0,221,0,31,1,58,10,1108,761,221,1108,419793.03,4294.29,300,165,87,47,51,46,16,270,730,0,0,252
31243,5,-0.08,-0.04,-0.5,-0.35,1,0.2,0.1,0.15,60,69.46,1100,1041,52,989,674,260,0,42,0,13,1,58,8,1108,687,302,1108,255650.29,2647.22,340,215,131,71,72,61,19,80,674,260,0,55
31244,5,-0.08,-0.04,-0.5,-0.35,1,0.2,0.1,0.15,60,53.66,1098,1039,83,956,0,340,0,103,0,513,1,58,10,1108,513,443,1108,387286.57,4038.27,40,56,62,43,57,29,37,632,0,340,0,616
31245,5,-0.08,-0.04,-0.5,-0.35,1,0.2,0.1,0.15,60,77.49,1098,1039,57,982,730,0,0,221,0,31,1,58,10,1108,761,221,1108,419793.03,4294.29,300,165,87,47,51,46,16,270,730,0,0,252
31246,5,-0.08,-0.04,-0.5,-0.35,1,0.2,0.2,0.15,20,57.0,1100,1041,34,1007,257,200,233,0,317,0,1,58,8,1108,574,433,1108,320336.79,3317.38,83,143,142,639,0,0,0,0,257,200,550,0
31247,5,-0.08,-0.04,-0.5,-0.35,1,0.2,0.2,0.15,20,56.13,1098,1039,36,1003,0,201,239,0,563,0,1,58,10,1108,563,440,1108,343684.75,3568.96,40,56,62,845,0,0,0,0,0,201,802,0
31248,5,-0.08,-0.04,-0.5,-0.35,1,0.2,0.2,0.15,20,59.76,1098,1039,35,1004,264,0,404,0,336,0,1,58,10,1108,600,404,1108,409110.62,4198.55,43,87,80,794,0,0,0,0,264,0,740,0
31249,5,-0.08,-0.04,-0.5,-0.35,1,0.2,0.2,0.15,30,59.04,1100,1041,62,979,371,283,118,0,207,0,1,58,8,1108,578,401,1108,378848.51,3917.28,83,143,142,89,122,400,0,0,371,283,325,0
31250,5,-0.08,-0.04,-0.5,-0.35,1,0.2,0.2,0.15,30,56.48,1098,1039,74,965,0,287,133,0,545,0,1,58,10,1108,545,420,1108,362020.05,3771.92,40,56,62,43,57,707,0,0,0,287,678,0
31251,5,-0.08,-0.04,-0.5,-0.35,1,0.2,0.2,0.15,30,65.3,1098,1039,65,974,393,0,338,0,243,0,1,58,10,1108,636,338,1108,542656.7,5571.91,43,87,80,54,77,633,0,0,393,0,581,0
31252,5,-0.08,-0.04,-0.5,-0.35,1,0.2,0.2,0.15,40,57.72,1100,1041,69,972,418,319,65,27,56,87,1,58,8,1108,561,411,1108,405520.11,4209.75,83,143,142,89,122,75,54,264,418,319,121,114
31253,5,-0.08,-0.04,-0.5,-0.35,1,0.2,0.2,0.15,40,54.39,1098,1039,83,956,0,330,78,28,163,357,1,58,10,1108,520,436,1108,405193.93,4225.1,40,56,62,43,57,29,37,632,0,330,241,385
31254,5,-0.08,-0.04,-0.5,-0.35,1,0.2,0.2,0.15,40,66.42,1098,1039,74,965,456,0,239,85,66,119,1,58,10,1108,641,324,1108,634346.43,6514.19,43,87,80,54,77,52,47,525,456,0,305,204
31255,5,-0.08,-0.04,-0.5,-0.35,1,0.2,0.2,0.15,50,57.3,1100,1041,69,972,420,326,0,89,0,137,1,58,8,1108,557,415,1108,393216.57,4081.14,83,143,142,89,122,75,54,264,420,326,0,226
31256,5,-0.08,-0.04,-0.5,-0.35,1,0.2,0.2,0.15,50,53.66,1098,1039,83,956,0,340,0,103,0,513,1,58,10,1108,513,443,1108,387286.57,4038.27,40,56,62,43,57,29,37,632,0,340,0,616
31257,5,-0.08,-0.04,-0.5,-0.35,1,0.2,0.2,0.15,50,66.11,1098,1039,74,965,458,0,0,327,0,180,1,58,10,1108,638,327,1108,611109.6,6274.06,43,87,80,54,77,52,47,525,458,0,0,507
31258,5,-0.08,-0.04,-0.5,-0.35,1,0.2,0.2,0.15,60,57.3,1100,1041,69,972,420,326,0,89,0,137,1,58,8,1108,557,415,1108,393216.57,4081.14,83,143,142,89,122,75,54,264,420,326,0,226
31259,5,-0.08,-0.04,-0.5,-0.35,1,0.2,0.2,0.15,60,53.66,1098,1039,83,956,0,340,0,103,0,513,1,58,10,1108,513,443,1108,387286.57,4038.27,40,56,62,43,57,29,37,632,0,340,0,616
31260,5,-0.08,-0.04,-0.5,-0.35,1,0.2,0.2,0.15,60,66.11,1098,1039,74,965,458,0,0,327,0,180,1,58,10,1108,638,327,1108,611109.6,6274.06,43,87,80,54,77,52,47,525,458,0,0,507
31261,5,-0.08,-0.04,-0.5,-0.35,2,0.1,0.1,0.15,20,69.07,1100,1041,29,1012,620,175,138,0,79,0,1,58,8,1108,699,313,1108,323133.7,3999.96,354,231,137,290,0,0,0,0,620,175,217,0
31262,5,-0.08,-0.04,-0.5,-0.35,2,0.1,0.1,0.15,20,60.32,1098,1039,36,1003,0,201,197,0,605,0,1,58,10,1108,605,398,1108,468452.75,5443.29,40,56,62,845,0,0,0,0,0,201,802,0
31263,5,-0.08,-0.04,-0.5,-0.35,2,0.1,0.1,0.15,20,73.84,1098,1039,30,1009,649,0,264,0,96,0,1,58,10,1108,745,264,1108,452387.43,4868.97,315,185,101,408,0,0,0,0,649,0,360,0
31264,5,-0.08,-0.04,-0.5,-0.35,2,0.1,0.1,0.15,30,72.31,1100,1041,48,993,689,226,49,0,29,0,1,58,8,1108,718,275,1108,331341.02,4247.44,354,231,137,73,73,125,0,0,689,226,78,0
31265,5,-0.08,-0.04,-0.5,-0.35,2,0.1,0.1,0.15,30,58.86,1098,1039,74,965,0,287,110,0,568,0,1,58,10,1108,568,397,1108,535214.67,5960.98,40,56,62,43,57,707,0,0,0,287,678,0
31266,5,-0.08,-0.04,-0.5,-0.35,2,0.1,0.1,0.15,30,81.07,1098,1039,51,988,755,0,187,0,46,0,1,58,10,1108,801,187,1108,558495.94,5665.14,315,185,101,48,67,272,0,0,755,0,233,0
31267,5,-0.08,-0.04,-0.5,-0.35,2,0.1,0.1,0.15,40,72.83,1100,1041,51,990,708,243,20,6,7,6,1,58,8,1108,721,269,1108,337908.24,4332.21,354,231,137,73,73,47,16,59,708,243,27,12
31268,5,-0.08,-0.04,-0.5,-0.35,2,0.1,0.1,0.15,40,57.22,1098,1039,83,956,0,330,61,18,180,367,1,58,10,1108,547,409,1108,603944.35,6602.92,40,56,62,43,57,29,37,632,0,330,241,385
31269,5,-0.08,-0.04,-0.5,-0.35,2,0.1,0.1,0.15,40,84.13,1098,1039,56,983,792,0,121,35,16,19,1,58,10,1108,827,156,1108,634677.05,6092.27,315,185,101,48,67,39,23,205,792,0,137,54
31270,5,-0.08,-0.04,-0.5,-0.35,2,0.1,0.1,0.15,50,72.53,1100,1041,51,990,708,246,0,26,0,10,1,58,8,1108,718,272,1108,330094.89,4290.56,354,231,137,73,73,47,16,59,708,246,0,36
31271,5,-0.08,-0.04,-0.5,-0.35,2,0.1,0.1,0.15,50,56.17,1098,1039,83,956,0,340,0,79,0,537,1,58,10,1108,537,419,1108,577147.99,6426.6,40,56,62,43,57,29,37,632,0,340,0,616
31272,5,-0.08,-0.04,-0.5,-0.35,2,0.1,0.1,0.15,50,83.93,1098,1039,56,983,792,0,0,158,0,33,1,58,10,1108,825,158,1108,611141.03,5968.22,315,185,101,48,67,39,23,205,792,0,0,191
31273,5,-0.08,-0.04,-0.5,-0.35,2,0.1,0.1,0.15,60,72.53,1100,1041,51,990,708,246,0,26,0,10,1,58,8,1108,718,272,1108,330094.89,4290.56,354,231,137,73,73,47,16,59,708,246,0,36
31274,5,-0.08,-0.04,-0.5,-0.35,2,0.1,0.1,0.15,60,56.17,1098,1039,83,956,0,340,0,79,0,537,1,58,10,1108,537,419,1108,577147.99,6426.6,40,56,62,43,57,29,37,632,0,340,0,616
31275,5,-0.08,-0.04,-0.5,-0.35,2,0.1,0.1,0.15,60,83.93,1098,1039,56,983,792,0,0,158,0,33,1,58,10,1108,825,158,1108,611141.03,5968.22,315,185,101,48,67,39,23,205,792,0,0,191
31276,5,-0.08,-0.04,-0.5,-0.35,2,0.1,0.2,0.15,20,61.17,1100,1041,34,1007,280,200,191,0,336,0,1,58,8,1108,616,391,1108,446814.98,5190.67,85,149,149,624,0,0,0,0,280,200,527,0
31277,5,-0.08,-0.04,-0.5,-0.35,2,0.1,0.2,0.15,20,60.32,1098,1039,36,1003,0,201,197,0,605,0,1,58,10,1108,605,398,1108,468452.75,5443.29,40,56,62,845,0,0,0,0,0,201,802,0
31278,5,-0.08,-0.04,-0.5,-0.35,2,0.1,0.2,0.15,20,66.04,1098,1039,35,1004,293,0,341,0,370,0,1,58,10,1108,663,341,1108,601784.07,6242.76,45,93,92,774,0,0,0,0,293,0,711,0
31279,5,-0.08,-0.04,-0.5,-0.35,2,0.1,0.2,0.15,30,61.29,1100,1041,62,979,396,282,97,0,204,0,1,58,8,1108,600,379,1108,526156.63,5940.69,85,149,149,97,123,376,0,0,396,282,301,0
31280,5,-0.08,-0.04,-0.5,-0.35,2,0.1,0.2,0.15,30,58.86,1098,1039,74,965,0,287,110,0,568,0,1,58,10,1108,568,397,1108,535214.67,5960.98,40,56,62,43,57,707,0,0,0,287,678,0
31281,5,-0.08,-0.04,-0.5,-0.35,2,0.1,0.2,0.15,30,70.74,1098,1039,65,974,433,0,285,0,256,0,1,58,10,1108,689,285,1108,818325.02,7759.44,45,93,92,63,81,600,0,0,433,0,541,0
31282,5,-0.08,-0.04,-0.5,-0.35,2,0.1,0.2,0.15,40,60.7,1100,1041,69,972,445,318,48,16,66,79,1,58,8,1108,590,382,1108,555904.55,6267.53,85,149,149,97,123,75,54,240,445,318,114,95
31283,5,-0.08,-0.04,-0.5,-0.35,2,0.1,0.2,0.15,40,57.22,1098,1039,83,956,0,330,61,18,180,367,1,58,10,1108,547,409,1108,603944.35,6602.92,40,56,62,43,57,29,37,632,0,330,241,385
31284,5,-0.08,-0.04,-0.5,-0.35,2,0.1,0.2,0.15,40,72.85,1098,1039,74,965,501,0,204,58,86,116,1,58,10,1108,703,262,1108,968103.84,8701.92,45,93,92,63,81,59,43,489,501,0,290,174
31285,5,-0.08,-0.04,-0.5,-0.35,2,0.1,0.2,0.15,50,59.98,1100,1041,69,972,447,324,0,65,0,136,1,58,8,1108,583,389,1108,539103.33,6160.58,85,149,149,97,123,75,54,240,447,324,0,201
31286,5,-0.08,-0.04,-0.5,-0.35,2,0.1,0.2,0.15,50,56.17,1098,1039,83,956,0,340,0,79,0,537,1,58,10,1108,537,419,1108,577147.99,6426.6,40,56,62,43,57,29,37,632,0,340,0,616
31287,5,-0.08,-0.04,-0.5,-0.35,2,0.1,0.2,0.15,50,72.44,1098,1039,74,965,503,0,0,266,0,196,1,58,10,1108,699,266,1108,932151.03,8497.35,45,93,92,63,81,59,43,489,503,0,0,462
31288,5,-0.08,-0.04,-0.5,-0.35,2,0.1,0.2,0.15,60,59.98,1100,1041,69,972,447,324,0,65,0,136,1,58,8,1108,583,389,1108,539103.33,6160.58,85,149,149,97,123,75,54,240,447,324,0,201
31289,5,-0.08,-0.04,-0.5,-0.35,2,0.1,0.2,0.15,60,56.17,1098,1039,83,956,0,340,0,79,0,537,1,58,10,1108,537,419,1108,577147.99,6426.6,40,56,62,43,57,29,37,632,0,340,0,616
31290,5,-0.08,-0.04,-0.5,-0.35,2,0.1,0.2,0.15,60,72.44,1098,1039,74,965,503,0,0,266,0,196,1,58,10,1108,699,266,1108,932151.03,8497.35,45,93,92,63,81,59,43,489,503,0,0,462
31291,5,-0.08,-0.04,-0.5,-0.35,2,0.2,0.1,0.15,20,64.92,1100,1041,29,1012,579,178,177,0,78,0,1,58,8,1108,657,355,1108,235199.8,2426.69,340,215,131,326,0,0,0,0,579,178,255,0
31292,5,-0.08,-0.04,-0.5,-0.35,2,0.2,0.1,0.15,20,56.13,1098,1039,36,1003,0,201,239,0,563,0,1,58,10,1108,563,440,1108,343684.75,3568.96,40,56,62,845,0,0,0,0,0,201,802,0
31293,5,-0.08,-0.04,-0.5,-0.35,2,0.2,0.1,0.15,20,67.79,1098,1039,30,1009,599,0,325,0,85,0,1,58,10,1108,684,325,1108,313540.2,3201.33,300,165,87,457,0,0,0,0,599,0,410,0
31294,5,-0.08,-0.04,-0.5,-0.35,2,0.2,0.1,0.15,30,69.49,1100,1041,48,993,656,234,69,0,34,0,1,58,8,1108,690,303,1108,263127.16,2720.08,340,215,131,71,72,164,0,0,656,234,103,0
31295,5,-0.08,-0.04,-0.5,-0.35,2,0.2,0.1,0.15,30,56.48,1098,1039,74,965,0,287,133,0,545,0,1,58,10,1108,545,420,1108,362020.05,3771.92,40,56,62,43,57,707,0,0,0,287,678,0
31296,5,-0.08,-0.04,-0.5,-0.35,2,0.2,0.1,0.15,30,74.9,1098,1039,51,988,696,0,248,0,44,0,1,58,10,1108,740,248,1108,393579.63,4037.69,300,165,87,47,51,338,0,0,696,0,292,0
31297,5,-0.08,-0.04,-0.5,-0.35,2,0.2,0.1,0.15,40,69.57,1100,1041,52,989,674,257,30,14,7,7,1,58,8,1108,688,301,1108,259793.82,2690.4,340,215,131,71,72,61,19,80,674,257,37,21
31298,5,-0.08,-0.04,-0.5,-0.35,2,0.2,0.1,0.15,40,54.39,1098,1039,83,956,0,330,78,28,163,357,1,58,10,1108,520,436,1108,405193.93,4225.1,40,56,62,43,57,29,37,632,0,330,241,385
31299,5,-0.08,-0.04,-0.5,-0.35,2,0.2,0.1,0.15,40,77.39,1098,1039,57,982,730,0,158,64,8,22,1,58,10,1108,760,222,1108,429648.61,4395.15,300,165,87,47,51,46,16,270,730,0,166,86
31300,5,-0.08,-0.04,-0.5,-0.35,2,0.2,0.1,0.15,50,69.46,1100,1041,52,989,674,260,0,42,0,13,1,58,8,1108,687,302,1108,255650.29,2647.22,340,215,131,71,72,61,19,80,674,260,0,55
31301,5,-0.08,-0.04,-0.5,-0.35,2,0.2,0.1,0.15,50,53.66,1098,1039,83,956,0,340,0,103,0,513,1,58,10,1108,513,443,1108,387286.57,4038.27,40,56,62,43,57,29,37,632,0,340,0,616
31302,5,-0.08,-0.04,-0.5,-0.35,2,0.2,0.1,0.15,50,77.49,1098,1039,57,982,730,0,0,221,0,31,1,58,10,1108,761,221,1108,419793.03,4294.29,300,165,87,47,51,46,16,270,730,0,0,252
31303,5,-0.08,-0.04,-0.5,-0.35,2,0.2,0.1,0.15,60,69.46,1100,1041,52,989,674,260,0,42,0,13,1,58,8,1108,687,302,1108,255650.29,2647.22,340,215,131,71,72,61,19,80,674,260,0,55
31304,5,-0.08,-0.04,-0.5,-0.35,2,0.2,0.1,0.15,60,53.66,1098,1039,83,956,0,340,0,103,0,513,1,58,10,1108,513,443,1108,387286.57,4038.27,40,56,62,43,57,29,37,632,0,340,0,616
31305,5,-0.08,-0.04,-0.5,-0.35,2,0.2,0.1,0.15,60,77.49,1098,1039,57,982,730,0,0,221,0,31,1,58,10,1108,761,221,1108,419793.03,4294.29,300,165,87,47,51,46,16,270,730,0,0,252
31306,5,-0.08,-0.04,-0.5,-0.35,2,0.2,0.2,0.15,20,57.0,1100,1041,34,1007,257,200,233,0,317,0,1,58,8,1108,574,433,1108,320336.79,3317.38,83,143,142,639,0,0,0,0,257,200,550,0
31307,5,-0.08,-0.04,-0.5,-0.35,2,0.2,0.2,0.15,20,56.13,1098,1039,36,1003,0,201,239,0,563,0,1,58,10,1108,563,440,1108,343684.75,3568.96,40,56,62,845,0,0,0,0,0,201,802,0
31308,5,-0.08,-0.04,-0.5,-0.35,2,0.2,0.2,0.15,20,59.76,1098,1039,35,1004,264,0,404,0,336,0,1,58,10,1108,600,404,1108,409110.62,4198.55,43,87,80,794,0,0,0,0,264,0,740,0
31309,5,-0.08,-0.04,-0.5,-0.35,2,0.2,0.2,0.15,30,59.04,1100,1041,62,979,371,283,118,0,207,0,1,58,8,1108,578,401,1108,378848.51,3917.28,83,143,142,89,122,400,0,0,371,283,325,0
31310,5,-0.08,-0.04,-0.5,-0.35,2,0.2,0.2,0.15,30,56.48,1098,1039,74,965,0,287,133,0,545,0,1,58,10,1108,545,420,1108,362020.05,3771.92,40,56,62,43,57,707,0,0,0,287,678,0
31311,5,-0.08,-0.04,-0.5,-0.35,2,0.2,0.2,0.15,30,65.3,1098,1039,65,974,393,0,338,0,243,0,1,58,10,1108,636,338,1108,542656.7,5571.91,43,87,80,54,77,633,0,0,393,0,581,0
31312,5,-0.08,-0.04,-0.5,-0.35,2,0.2,0.2,0.15,40,57.72,1100,1041,69,972,418,319,65,27,56,87,1,58,8,1108,561,411,1108,405520.11,4209.75,83,143,142,89,122,75,54,264,418,319,121,114
31313,5,-0.08,-0.04,-0.5,-0.35,2,0.2,0.2,0.15,40,54.39,1098,1039,83,956,0,330,78,28,163,357,1,58,10,1108,520,436,1108,405193.93,4225.1,40,56,62,43,57,29,37,632,0,330,241,385
31314,5,-0.08,-0.04,-0.5,-0.35,2,0.2,0.2,0.15,40,66.42,1098,1039,74,965,456,0,239,85,66,119,1,58,10,1108,641,324,1108,634346.43,6514.19,43,87,80,54,77,52,47,525,456,0,305,204
31315,5,-0.08,-0.04,-0.5,-0.35,2,0.2,0.2,0.15,50,57.3,1100,1041,69,972,420,326,0,89,0,137,1,58,8,1108,557,415,1108,393216.57,4081.14,83,143,142,89,122,75,54,264,420,326,0,226
31316,5,-0.08,-0.04,-0.5,-0.35,2,0.2,0.2,0.15,50,53.66,1098,1039,83,956,0,340,0,103,0,513,1,58,10,1108,513,443,1108,387286.57,4038.27,40,56,62,43,57,29,37,632,0,340,0,616
31317,5,-0.08,-0.04,-0.5,-0.35,2,0.2,0.2,0.15,50,66.11,1098,1039,74,965,458,0,0,327,0,180,1,58,10,1108,638,327,1108,611109.6,6274.06,43,87,80,54,77,52,47,525,458,0,0,507
31318,5,-0.08,-0.04,-0.5,-0.35,2,0.2,0.2,0.15,60,57.3,1100,1041,69,972,420,326,0,89,0,137,1,58,8,1108,557,415,1108,393216.57,4081.14,83,143,142,89,122,75,54,264,420,326,0,226
31319,5,-0.08,-0.04,-0.5,-0.35,2,0.2,0.2,0.15,60,53.66,1098,1039,83,956,0,340,0,103,0,513,1,58,10,1108,513,443,1108,387286.57,4038.27,40,56,62,43,57,29,37,632,0,340,0,616
31320,5,-0.08,-0.04,-0.5,-0.35,2,0.2,0.2,0.15,60,66.11,1098,1039,74,965,458,0,0,327,0,180,1,58,10,1108,638,327,1108,611109.6,6274.06,43,87,80,54,77,52,47,525,458,0,0,507
31321,5,-0.08,-0.04,-0.5,-0.3,1,0.1,0.1,0.15,20,64.54,1557,1494,39,1455,807,257,259,0,132,0,1,62,16,1573,939,516,1573,310031.39,3246.2,463,317,183,492,0,0,0,0,807,257,391,0
31322,5,-0.08,-0.04,-0.5,-0.3,1,0.1,0.1,0.15,20,55.99,1554,1491,48,1443,0,295,340,0,808,0,1,62,19,1573,808,635,1573,411376.58,4316.81,58,94,93,1198,0,0,0,0,0,295,1148,0
31323,5,-0.08,-0.04,-0.5,-0.3,1,0.1,0.1,0.15,20,67.29,1555,1492,40,1452,834,0,475,0,143,0,1,62,18,1573,977,475,1573,410823.61,4253.93,405,236,119,692,0,0,0,0,834,0,618,0
31324,5,-0.08,-0.04,-0.5,-0.3,1,0.1,0.1,0.15,30,68.06,1557,1494,60,1434,915,334,124,0,61,0,1,62,16,1573,976,458,1573,344267.63,3605.72,463,317,183,101,108,262,0,0,915,334,185,0
31325,5,-0.08,-0.04,-0.5,-0.3,1,0.1,0.1,0.15,30,55.54,1554,1491,92,1399,0,411,211,0,777,0,1,62,19,1573,777,622,1573,435051.54,4591.47,58,94,93,50,77,1027,0,0,0,411,988,0
31326,5,-0.08,-0.04,-0.5,-0.3,1,0.1,0.1,0.15,30,73.55,1555,1492,63,1429,972,0,378,0,79,0,1,62,18,1573,1051,378,1573,531016.28,5495.31,405,236,119,74,76,519,0,0,972,0,457,0
31327,5,-0.08,-0.04,-0.5,-0.3,1,0.1,0.1,0.15,40,68.32,1557,1494,64,1430,949,372,56,25,16,12,1,62,16,1573,977,453,1573,340273.58,3570.21,463,317,183,101,108,77,42,139,949,372,72,37
31328,5,-0.08,-0.04,-0.5,-0.3,1,0.1,0.1,0.15,40,54.11,1554,1491,103,1388,0,473,116,48,255,496,1,62,19,1573,751,637,1573,496193.41,5226.94,58,94,93,50,77,39,57,920,0,473,371,544
31329,5,-0.08,-0.04,-0.5,-0.3,1,0.1,0.1,0.15,40,76.04,1555,1492,69,1423,1029,0,240,101,18,35,1,62,18,1573,1082,341,1573,592427.56,6109.01,405,236,119,74,76,62,32,419,1029,0,258,136
31330,5,-0.08,-0.04,-0.5,-0.3,1,0.1,0.1,0.15,50,68.39,1557,1494,64,1430,949,375,0,77,0,29,1,62,16,1573,978,452,1573,335276.26,3518.07,463,317,183,101,108,77,42,139,949,375,0,106
31331,5,-0.08,-0.04,-0.5,-0.3,1,0.1,0.1,0.15,50,53.31,1554,1491,103,1388,0,485,0,163,0,740,1,62,19,1573,740,648,1573,472309.12,4973.77,58,94,93,50,77,39,57,920,0,485,0,903
31332,5,-0.08,-0.04,-0.5,-0.3,1,0.1,0.1,0.15,50,76.25,1555,1492,69,1423,1029,0,0,338,0,56,1,62,18,1573,1085,338,1573,579536.87,5974.72,405,236,119,74,76,62,32,419,1029,0,0,394
31333,5,-0.08,-0.04,-0.5,-0.3,1,0.1,0.1,0.15,60,68.39,1557,1494,64,1430,949,375,0,77,0,29,1,62,16,1573,978,452,1573,335276.26,3518.07,463,317,183,101,108,77,42,139,949,375,0,106
31334,5,-0.08,-0.04,-0.5,-0.3,1,0.1,0.1,0.15,60,53.31,1554,1491,103,1388,0,485,0,163,0,740,1,62,19,1573,740,648,1573,472309.12,4973.77,58,94,93,50,77,39,57,920,0,485,0,903
31335,5,-0.08,-0.04,-0.5,-0.3,1,0.1,0.1,0.15,60,76.25,1555,1492,69,1423,1029,0,0,338,0,56,1,62,18,1573,1085,338,1573,579536.87,5974.72,405,236,119,74,76,62,32,419,1029,0,0,394
31336,5,-0.08,-0.04,-0.5,-0.3,1,0.1,0.2,0.15,20,56.98,1557,1494,46,1448,349,292,331,0,476,0,1,62,16,1573,825,623,1573,415860.7,4340.16,120,203,206,919,0,0,0,0,349,292,807,0
31337,5,-0.08,-0.04,-0.5,-0.3,1,0.1,0.2,0.15,20,55.99,1554,1491,48,1443,0,295,340,0,808,0,1,62,19,1573,808,635,1573,411376.58,4316.81,58,94,93,1198,0,0,0,0,0,295,1148,0
31338,5,-0.08,-0.04,-0.5,-0.3,1,0.1,0.2,0.15,20,59.52,1555,1492,47,1445,357,0,585,0,503,0,1,62,18,1573,860,585,1573,522232.33,5401.46,62,110,115,1158,0,0,0,0,357,0,1088,0
31339,5,-0.08,-0.04,-0.5,-0.3,1,0.1,0.2,0.15,30,57.95,1557,1494,79,1415,504,403,192,0,316,0,1,62,16,1573,820,595,1573,485879.85,5073.04,120,203,206,112,168,606,0,0,504,403,508,0
31340,5,-0.08,-0.04,-0.5,-0.3,1,0.1,0.2,0.15,30,55.54,1554,1491,92,1399,0,411,211,0,777,0,1,62,19,1573,777,622,1573,435051.54,4591.47,58,94,93,50,77,1027,0,0,0,411,988,0
31341,5,-0.08,-0.04,-0.5,-0.3,1,0.1,0.2,0.15,30,64.26,1555,1492,82,1410,534,0,504,0,372,0,1,62,18,1573,906,504,1573,708273.68,7332.42,62,110,115,70,110,943,0,0,534,0,876,0
31342,5,-0.08,-0.04,-0.5,-0.3,1,0.1,0.2,0.15,40,57.14,1557,1494,87,1407,566,457,100,46,95,143,1,62,16,1573,804,603,1573,527193.7,5525.65,120,203,206,112,168,98,77,423,566,457,195,189
31343,5,-0.08,-0.04,-0.5,-0.3,1,0.1,0.2,0.15,40,54.11,1554,1491,103,1388,0,473,116,48,255,496,1,62,19,1573,751,637,1573,496193.41,5226.94,58,94,93,50,77,39,57,920,0,473,371,544
31344,5,-0.08,-0.04,-0.5,-0.3,1,0.1,0.2,0.15,40,65.64,1555,1492,92,1400,615,0,348,133,108,196,1,62,18,1573,919,481,1573,846114.38,8755.39,62,110,115,70,110,67,57,809,615,0,456,329
31345,5,-0.08,-0.04,-0.5,-0.3,1,0.1,0.2,0.15,50,56.72,1557,1494,87,1407,571,464,0,145,0,227,1,62,16,1573,798,609,1573,513331.7,5380.85,120,203,206,112,168,98,77,423,571,464,0,372
31346,5,-0.08,-0.04,-0.5,-0.3,1,0.1,0.2,0.15,50,53.31,1554,1491,103,1388,0,485,0,163,0,740,1,62,19,1573,740,648,1573,472309.12,4973.77,58,94,93,50,77,39,57,920,0,485,0,903
31347,5,-0.08,-0.04,-0.5,-0.3,1,0.1,0.2,0.15,50,65.36,1555,1492,92,1400,620,0,0,485,0,295,1,62,18,1573,915,485,1573,820029.13,8482.8,62,110,115,70,110,67,57,809,620,0,0,780
31348,5,-0.08,-0.04,-0.5,-0.3,1,0.1,0.2,0.15,60,56.72,1557,1494,87,1407,571,464,0,145,0,227,1,62,16,1573,798,609,1573,513331.7,5380.85,120,203,206,112,168,98,77,423,571,464,0,372
31349,5,-0.08,-0.04,-0.5,-0.3,1,0.1,0.2,0.15,60,53.31,1554,1491,103,1388,0,485,0,163,0,740,1,62,19,1573,740,648,1573,472309.12,4973.77,58,94,93,50,77,39,57,920,0,485,0,903
31350,5,-0.08,-0.04,-0.5,-0.3,1,0.1,0.2,0.15,60,65.36,1555,1492,92,1400,620,0,0,485,0,295,1,62,18,1573,915,485,1573,820029.13,8482.8,62,110,115,70,110,67,57,809,620,0,0,780
31351,5,-0.08,-0.04,-0.5,-0.3,1,0.2,0.1,0.15,20,64.54,1557,1494,39,1455,807,257,259,0,132,0,1,62,16,1573,939,516,1573,310031.39,3246.2,463,317,183,492,0,0,0,0,807,257,391,0
31352,5,-0.08,-0.04,-0.5,-0.3,1,0.2,0.1,0.15,20,55.99,1554,1491,48,1443,0,295,340,0,808,0,1,62,19,1573,808,635,1573,411376.58,4316.81,58,94,93,1198,0,0,0,0,0,295,1148,0
31353,5,-0.08,-0.04,-0.5,-0.3,1,0.2,0.1,0.15,20,67.29,1555,1492,40,1452,834,0,475,0,143,0,1,62,18,1573,977,475,1573,410823.61,4253.93,405,236,119,692,0,0,0,0,834,0,618,0
31354,5,-0.08,-0.04,-0.5,-0.3,1,0.2,0.1,0.15,30,68.06,1557,1494,60,1434,915,334,124,0,61,0,1,62,16,1573,976,458,1573,344267.63,3605.72,463,317,183,101,108,262,0,0,915,334,185,0
31355,5,-0.08,-0.04,-0.5,-0.3,1,0.2,0.1,0.15,30,55.54,1554,1491,92,1399,0,411,211,0,777,0,1,62,19,1573,777,622,1573,435051.54,4591.47,58,94,93,50,77,1027,0,0,0,411,988,0
31356,5,-0.08,-0.04,-0.5,-0.3,1,0.2,0.1,0.15,30,73.55,1555,1492,63,1429,972,0,378,0,79,0,1,62,18,1573,1051,378,1573,531016.28,5495.31,405,236,119,74,76,519,0,0,972,0,457,0
31357,5,-0.08,-0.04,-0.5,-0.3,1,0.2,0.1,0.15,40,68.32,1557,1494,64,1430,949,372,56,25,16,12,1,62,16,1573,977,453,1573,340273.58,3570.21,463,317,183,101,108,77,42,139,949,372,72,37
31358,5,-0.08,-0.04,-0.5,-0.3,1,0.2,0.1,0.15,40,54.11,1554,1491,103,1388,0,473,116,48,255,496,1,62,19,1573,751,637,1573,496193.41,5226.94,58,94,93,50,77,39,57,920,0,473,371,544
31359,5,-0.08,-0.04,-0.5,-0.3,1,0.2,0.1,0.15,40,76.04,1555,1492,69,1423,1029,0,240,101,18,35,1,62,18,1573,1082,341,1573,592427.56,6109.01,405,236,119,74,76,62,32,419,1029,0,258,136
31360,5,-0.08,-0.04,-0.5,-0.3,1,0.2,0.1,0.15,50,68.39,1557,1494,64,1430,949,375,0,77,0,29,1,62,16,1573,978,452,1573,335276.26,3518.07,463,317,183,101,108,77,42,139,949,375,0,106
31361,5,-0.08,-0.04,-0.5,-0.3,1,0.2,0.1,0.15,50,53.31,1554,1491,103,1388,0,485,0,163,0,740,1,62,19,1573,740,648,1573,472309.12,4973.77,58,94,93,50,77,39,57,920,0,485,0,903
31362,5,-0.08,-0.04,-0.5,-0.3,1,0.2,0.1,0.15,50,76.25,1555,1492,69,1423,1029,0,0,338,0,56,1,62,18,1573,1085,338,1573,579536.87,5974.72,405,236,119,74,76,62,32,419,1029,0,0,394
31363,5,-0.08,-0.04,-0.5,-0.3,1,0.2,0.1,0.15,60,68.39,1557,1494,64,1430,949,375,0,77,0,29,1,62,16,1573,978,452,1573,335276.26,3518.07,463,317,183,101,108,77,42,139,949,375,0,106
31364,5,-0.08,-0.04,-0.5,-0.3,1,0.2,0.1,0.15,60,53.31,1554,1491,103,1388,0,485,0,163,0,740,1,62,19,1573,740,648,1573,472309.12,4973.77,58,94,93,50,77,39,57,920,0,485,0,903
31365,5,-0.08,-0.04,-0.5,-0.3,1,0.2,0.1,0.15,60,76.25,1555,1492,69,1423,1029,0,0,338,0,56,1,62,18,1573,1085,338,1573,579536.87,5974.72,405,236,119,74,76,62,32,419,1029,0,0,394
31366,5,-0.08,-0.04,-0.5,-0.3,1,0.2,0.2,0.15,20,56.98,1557,1494,46,1448,349,292,331,0,476,0,1,62,16,1573,825,623,1573,415860.7,4340.16,120,203,206,919,0,0,0,0,349,292,807,0
31367,5,-0.08,-0.04,-0.5,-0.3,1,0.2,0.2,0.15,20,55.99,1554,1491,48,1443,0,295,340,0,808,0,1,62,19,1573,808,635,1573,411376.58,4316.81,58,94,93,1198,0,0,0,0,0,295,1148,0
31368,5,-0.08,-0.04,-0.5,-0.3,1,0.2,0.2,0.15,20,59.52,1555,1492,47,1445,357,0,585,0,503,0,1,62,18,1573,860,585,1573,522232.33,5401.46,62,110,115,1158,0,0,0,0,357,0,1088,0
31369,5,-0.08,-0.04,-0.5,-0.3,1,0.2,0.2,0.15,30,57.95,1557,1494,79,1415,504,403,192,0,316,0,1,62,16,1573,820,595,1573,485879.85,5073.04,120,203,206,112,168,606,0,0,504,403,508,0
31370,5,-0.08,-0.04,-0.5,-0.3,1,0.2,0.2,0.15,30,55.54,1554,1491,92,1399,0,411,211,0,777,0,1,62,19,1573,777,622,1573,435051.54,4591.47,58,94,93,50,77,1027,0,0,0,411,988,0
31371,5,-0.08,-0.04,-0.5,-0.3,1,0.2,0.2,0.15,30,64.26,1555,1492,82,1410,534,0,504,0,372,0,1,62,18,1573,906,504,1573,708273.68,7332.42,62,110,115,70,110,943,0,0,534,0,876,0
31372,5,-0.08,-0.04,-0.5,-0.3,1,0.2,0.2,0.15,40,57.14,1557,1494,87,1407,566,457,100,46,95,143,1,62,16,1573,804,603,1573,527193.7,5525.65,120,203,206,112,168,98,77,423,566,457,195,189
31373,5,-0.08,-0.04,-0.5,-0.3,1,0.2,0.2,0.15,40,54.11,1554,1491,103,1388,0,473,116,48,255,496,1,62,19,1573,751,637,1573,496193.41,5226.94,58,94,93,50,77,39,57,920,0,473,371,544
31374,5,-0.08,-0.04,-0.5,-0.3,1,0.2,0.2,0.15,40,65.64,1555,1492,92,1400,615,0,348,133,108,196,1,62,18,1573,919,481,1573,846114.38,8755.39,62,110,115,70,110,67,57,809,615,0,456,329
31375,5,-0.08,-0.04,-0.5,-0.3,1,0.2,0.2,0.15,50,56.72,1557,1494,87,1407,571,464,0,145,0,227,1,62,16,1573,798,609,1573,513331.7,5380.85,120,203,206,112,168,98,77,423,571,464,0,372
31376,5,-0.08,-0.04,-0.5,-0.3,1,0.2,0.2,0.15,50,53.31,1554,1491,103,1388,0,485,0,163,0,740,1,62,19,1573,740,648,1573,472309.12,4973.77,58,94,93,50,77,39,57,920,0,485,0,903
31377,5,-0.08,-0.04,-0.5,-0.3,1,0.2,0.2,0.15,50,65.36,1555,1492,92,1400,620,0,0,485,0,295,1,62,18,1573,915,485,1573,820029.13,8482.8,62,110,115,70,110,67,57,809,620,0,0,780
31378,5,-0.08,-0.04,-0.5,-0.3,1,0.2,0.2,0.15,60,56.72,1557,1494,87,1407,571,464,0,145,0,227,1,62,16,1573,798,609,1573,513331.7,5380.85,120,203,206,112,168,98,77,423,571,464,0,372
31379,5,-0.08,-0.04,-0.5,-0.3,1,0.2,0.2,0.15,60,53.31,1554,1491,103,1388,0,485,0,163,0,740,1,62,19,1573,740,648,1573,472309.12,4973.77,58,94,93,50,77,39,57,920,0,485,0,903
31380,5,-0.08,-0.04,-0.5,-0.3,1,0.2,0.2,0.15,60,65.36,1555,1492,92,1400,620,0,0,485,0,295,1,62,18,1573,915,485,1573,820029.13,8482.8,62,110,115,70,110,67,57,809,620,0,0,780
31381,5,-0.08,-0.04,-0.5,-0.3,2,0.1,0.1,0.15,20,68.8,1557,1494,39,1455,869,252,202,0,132,0,1,62,16,1573,1001,454,1573,434455.66,5520.77,482,342,197,434,0,0,0,0,869,252,334,0
31382,5,-0.08,-0.04,-0.5,-0.3,2,0.1,0.1,0.15,20,60.29,1554,1491,48,1443,0,295,278,0,870,0,1,62,19,1573,870,573,1573,574211.44,6989.81,58,94,93,1198,0,0,0,0,0,295,1148,0
31383,5,-0.08,-0.04,-0.5,-0.3,2,0.1,0.1,0.15,20,73.48,1555,1492,40,1452,913,0,385,0,154,0,1,62,18,1573,1067,385,1573,610822.71,6714.87,427,267,143,615,0,0,0,0,913,0,539,0
31384,5,-0.08,-0.04,-0.5,-0.3,2,0.1,0.1,0.15,30,71.41,1557,1494,60,1434,970,323,87,0,54,0,1,62,16,1573,1024,410,1573,457098.38,5911.01,482,342,197,100,107,206,0,0,970,323,141,0
31385,5,-0.08,-0.04,-0.5,-0.3,2,0.1,0.1,0.15,30,58.26,1554,1491,92,1399,0,411,173,0,815,0,1,62,19,1573,815,584,1573,672590.57,7742.67,58,94,93,50,77,1027,0,0,0,411,988,0
31386,5,-0.08,-0.04,-0.5,-0.3,2,0.1,0.1,0.15,30,80.2,1555,1492,63,1429,1065,0,283,0,81,0,1,62,18,1573,1146,283,1573,796093.91,7992.15,427,267,143,76,94,422,0,0,1065,0,364,0
31387,5,-0.08,-0.04,-0.5,-0.3,2,0.1,0.1,0.15,40,71.84,1557,1494,63,1431,998,351,38,14,20,10,1,62,16,1573,1028,403,1573,455245.07,6001.1,482,342,197,100,107,65,31,107,998,351,58,24
31388,5,-0.08,-0.04,-0.5,-0.3,2,0.1,0.1,0.15,40,57.13,1554,1491,103,1388,0,473,92,30,279,514,1,62,19,1573,793,595,1573,768742.37,8683.58,58,94,93,50,77,39,57,920,0,473,371,544
31389,5,-0.08,-0.04,-0.5,-0.3,2,0.1,0.1,0.15,40,83.29,1555,1492,68,1424,1122,0,183,55,31,33,1,62,18,1573,1186,238,1573,911003.15,8661.16,427,267,143,76,94,58,34,325,1122,0,214,88
31390,5,-0.08,-0.04,-0.5,-0.3,2,0.1,0.1,0.15,50,71.56,1557,1494,63,1431,999,354,0,53,0,25,1,62,16,1573,1024,407,1573,447404.76,5956.25,482,342,197,100,107,65,31,107,999,354,0,78
31391,5,-0.08,-0.04,-0.5,-0.3,2,0.1,0.1,0.15,50,56.05,1554,1491,103,1388,0,485,0,125,0,778,1,62,19,1573,778,610,1573,734076.87,8444.91,58,94,93,50,77,39,57,920,0,485,0,903
31392,5,-0.08,-0.04,-0.5,-0.3,2,0.1,0.1,0.15,50,83.08,1555,1492,68,1424,1123,0,0,241,0,60,1,62,18,1573,1183,241,1573,887656.5,8533.09,427,267,143,76,94,58,34,325,1123,0,0,301
31393,5,-0.08,-0.04,-0.5,-0.3,2,0.1,0.1,0.15,60,71.56,1557,1494,63,1431,999,354,0,53,0,25,1,62,16,1573,1024,407,1573,447404.76,5956.25,482,342,197,100,107,65,31,107,999,354,0,78
31394,5,-0.08,-0.04,-0.5,-0.3,2,0.1,0.1,0.15,60,56.05,1554,1491,103,1388,0,485,0,125,0,778,1,62,19,1573,778,610,1573,734076.87,8444.91,58,94,93,50,77,39,57,920,0,485,0,903
31395,5,-0.08,-0.04,-0.5,-0.3,2,0.1,0.1,0.15,60,83.08,1555,1492,68,1424,1123,0,0,241,0,60,1,62,18,1573,1183,241,1573,887656.5,8533.09,427,267,143,76,94,58,34,325,1123,0,0,301
31396,5,-0.08,-0.04,-0.5,-0.3,2,0.1,0.2,0.15,20,61.26,1557,1494,46,1448,381,292,269,0,506,0,1,62,16,1573,887,561,1573,584910.13,7027.63,122,211,216,899,0,0,0,0,381,292,775,0
31397,5,-0.08,-0.04,-0.5,-0.3,2,0.1,0.2,0.15,20,60.29,1554,1491,48,1443,0,295,278,0,870,0,1,62,19,1573,870,573,1573,574211.44,6989.81,58,94,93,1198,0,0,0,0,0,295,1148,0
31398,5,-0.08,-0.04,-0.5,-0.3,2,0.1,0.2,0.15,20,65.95,1555,1492,47,1445,398,0,492,0,555,0,1,62,18,1573,953,492,1573,767325.89,8334.17,64,119,131,1131,0,0,0,0,398,0,1047,0
31399,5,-0.08,-0.04,-0.5,-0.3,2,0.1,0.2,0.15,30,60.57,1557,1494,79,1415,543,402,156,0,314,0,1,62,16,1573,857,558,1573,699167.8,8056.29,122,211,216,124,173,569,0,0,543,402,470,0
31400,5,-0.08,-0.04,-0.5,-0.3,2,0.1,0.2,0.15,30,58.26,1554,1491,92,1399,0,411,173,0,815,0,1,62,19,1573,815,584,1573,672590.57,7742.67,58,94,93,50,77,1027,0,0,0,411,988,0
31401,5,-0.08,-0.04,-0.5,-0.3,2,0.1,0.2,0.15,30,69.79,1555,1492,82,1410,593,0,426,0,391,0,1,62,18,1573,984,426,1573,1105391.99,10612.53,64,119,131,84,119,893,0,0,593,0,817,0
31402,5,-0.08,-0.04,-0.5,-0.3,2,0.1,0.2,0.15,40,60.2,1557,1494,87,1407,613,456,76,28,108,126,1,62,16,1573,847,560,1573,750779.55,8635.6,122,211,216,124,173,99,80,382,613,456,184,154
31403,5,-0.08,-0.04,-0.5,-0.3,2,0.1,0.2,0.15,40,57.13,1554,1491,103,1388,0,473,92,30,279,514,1,62,19,1573,793,595,1573,768742.37,8683.58,58,94,93,50,77,39,57,920,0,473,371,544
31404,5,-0.08,-0.04,-0.5,-0.3,2,0.1,0.2,0.15,40,72.64,1555,1492,92,1400,687,0,297,86,138,192,1,62,18,1573,1017,383,1573,1339813.82,12123.53,64,119,131,84,119,76,56,751,687,0,435,278
31405,5,-0.08,-0.04,-0.5,-0.3,2,0.1,0.2,0.15,50,59.56,1557,1494,87,1407,617,462,0,107,0,221,1,62,16,1573,838,569,1573,732026.5,8515.39,122,211,216,124,173,99,80,382,617,462,0,328
31406,5,-0.08,-0.04,-0.5,-0.3,2,0.1,0.2,0.15,50,56.05,1554,1491,103,1388,0,485,0,125,0,778,1,62,19,1573,778,610,1573,734076.87,8444.91,58,94,93,50,77,39,57,920,0,485,0,903
31407,5,-0.08,-0.04,-0.5,-0.3,2,0.1,0.2,0.15,50,72.36,1555,1492,92,1400,691,0,0,387,0,322,1,62,18,1573,1013,387,1573,1298041.7,11884.03,64,119,131,84,119,76,56,751,691,0,0,709
31408,5,-0.08,-0.04,-0.5,-0.3,2,0.1,0.2,0.15,60,59.56,1557,1494,87,1407,617,462,0,107,0,221,1,62,16,1573,838,569,1573,732026.5,8515.39,122,211,216,124,173,99,80,382,617,462,0,328
31409,5,-0.08,-0.04,-0.5,-0.3,2,0.1,0.2,0.15,60,56.05,1554,1491,103,1388,0,485,0,125,0,778,1,62,19,1573,778,610,1573,734076.87,8444.91,58,94,93,50,77,39,57,920,0,485,0,903
31410,5,-0.08,-0.04,-0.5,-0.3,2,0.1,0.2,0.15,60,72.36,1555,1492,92,1400,691,0,0,387,0,322,1,62,18,1573,1013,387,1573,1298041.7,11884.03,64,119,131,84,119,76,56,751,691,0,0,709
31411,5,-0.08,-0.04,-0.5,-0.3,2,0.2,0.1,0.15,20,64.54,1557,1494,39,1455,807,257,259,0,132,0,1,62,16,1573,939,516,1573,310031.39,3246.2,463,317,183,492,0,0,0,0,807,257,391,0
31412,5,-0.08,-0.04,-0.5,-0.3,2,0.2,0.1,0.15,20,55.99,1554,1491,48,1443,0,295,340,0,808,0,1,62,19,1573,808,635,1573,411376.58,4316.81,58,94,93,1198,0,0,0,0,0,295,1148,0
31413,5,-0.08,-0.04,-0.5,-0.3,2,0.2,0.1,0.15,20,67.29,1555,1492,40,1452,834,0,475,0,143,0,1,62,18,1573,977,475,1573,410823.61,4253.93,405,236,119,692,0,0,0,0,834,0,618,0
31414,5,-0.08,-0.04,-0.5,-0.3,2,0.2,0.1,0.15,30,68.06,1557,1494,60,1434,915,334,124,0,61,0,1,62,16,1573,976,458,1573,344267.63,3605.72,463,317,183,101,108,262,0,0,915,334,185,0
31415,5,-0.08,-0.04,-0.5,-0.3,2,0.2,0.1,0.15,30,55.54,1554,1491,92,1399,0,411,211,0,777,0,1,62,19,1573,777,622,1573,435051.54,4591.47,58,94,93,50,77,1027,0,0,0,411,988,0
31416,5,-0.08,-0.04,-0.5,-0.3,2,0.2,0.1,0.15,30,73.55,1555,1492,63,1429,972,0,378,0,79,0,1,62,18,1573,1051,378,1573,531016.28,5495.31,405,236,119,74,76,519,0,0,972,0,457,0
31417,5,-0.08,-0.04,-0.5,-0.3,2,0.2,0.1,0.15,40,68.32,1557,1494,64,1430,949,372,56,25,16,12,1,62,16,1573,977,453,1573,340273.58,3570.21,463,317,183,101,108,77,42,139,949,372,72,37
31418,5,-0.08,-0.04,-0.5,-0.3,2,0.2,0.1,0.15,40,54.11,1554,1491,103,1388,0,473,116,48,255,496,1,62,19,1573,751,637,1573,496193.41,5226.94,58,94,93,50,77,39,57,920,0,473,371,544
31419,5,-0.08,-0.04,-0.5,-0.3,2,0.2,0.1,0.15,40,76.04,1555,1492,69,1423,1029,0,240,101,18,35,1,62,18,1573,1082,341,1573,592427.56,6109.01,405,236,119,74,76,62,32,419,1029,0,258,136
31420,5,-0.08,-0.04,-0.5,-0.3,2,0.2,0.1,0.15,50,68.39,1557,1494,64,1430,949,375,0,77,0,29,1,62,16,1573,978,452,1573,335276.26,3518.07,463,317,183,101,108,77,42,139,949,375,0,106
31421,5,-0.08,-0.04,-0.5,-0.3,2,0.2,0.1,0.15,50,53.31,1554,1491,103,1388,0,485,0,163,0,740,1,62,19,1573,740,648,1573,472309.12,4973.77,58,94,93,50,77,39,57,920,0,485,0,903
31422,5,-0.08,-0.04,-0.5,-0.3,2,0.2,0.1,0.15,50,76.25,1555,1492,69,1423,1029,0,0,338,0,56,1,62,18,1573,1085,338,1573,579536.87,5974.72,405,236,119,74,76,62,32,419,1029,0,0,394
31423,5,-0.08,-0.04,-0.5,-0.3,2,0.2,0.1,0.15,60,68.39,1557,1494,64,1430,949,375,0,77,0,29,1,62,16,1573,978,452,1573,335276.26,3518.07,463,317,183,101,108,77,42,139,949,375,0,106
31424,5,-0.08,-0.04,-0.5,-0.3,2,0.2,0.1,0.15,60,53.31,1554,1491,103,1388,0,485,0,163,0,740,1,62,19,1573,740,648,1573,472309.12,4973.77,58,94,93,50,77,39,57,920,0,485,0,903
31425,5,-0.08,-0.04,-0.5,-0.3,2,0.2,0.1,0.15,60,76.25,1555,1492,69,1423,1029,0,0,338,0,56,1,62,18,1573,1085,338,1573,579536.87,5974.72,405,236,119,74,76,62,32,419,1029,0,0,394
31426,5,-0.08,-0.04,-0.5,-0.3,2,0.2,0.2,0.15,20,56.98,1557,1494,46,1448,349,292,331,0,476,0,1,62,16,1573,825,623,1573,415860.7,4340.16,120,203,206,919,0,0,0,0,349,292,807,0
31427,5,-0.08,-0.04,-0.5,-0.3,2,0.2,0.2,0.15,20,55.99,1554,1491,48,1443,0,295,340,0,808,0,1,62,19,1573,808,635,1573,411376.58,4316.81,58,94,93,1198,0,0,0,0,0,295,1148,0
31428,5,-0.08,-0.04,-0.5,-0.3,2,0.2,0.2,0.15,20,59.52,1555,1492,47,1445,357,0,585,0,503,0,1,62,18,1573,860,585,1573,522232.33,5401.46,62,110,115,1158,0,0,0,0,357,0,1088,0
31429,5,-0.08,-0.04,-0.5,-0.3,2,0.2,0.2,0.15,30,57.95,1557,1494,79,1415,504,403,192,0,316,0,1,62,16,1573,820,595,1573,485879.85,5073.04,120,203,206,112,168,606,0,0,504,403,508,0
31430,5,-0.08,-0.04,-0.5,-0.3,2,0.2,0.2,0.15,30,55.54,1554,1491,92,1399,0,411,211,0,777,0,1,62,19,1573,777,622,1573,435051.54,4591.47,58,94,93,50,77,1027,0,0,0,411,988,0
31431,5,-0.08,-0.04,-0.5,-0.3,2,0.2,0.2,0.15,30,64.26,1555,1492,82,1410,534,0,504,0,372,0,1,62,18,1573,906,504,1573,708273.68,7332.42,62,110,115,70,110,943,0,0,534,0,876,0
31432,5,-0.08,-0.04,-0.5,-0.3,2,0.2,0.2,0.15,40,57.14,1557,1494,87,1407,566,457,100,46,95,143,1,62,16,1573,804,603,1573,527193.7,5525.65,120,203,206,112,168,98,77,423,566,457,195,189
31433,5,-0.08,-0.04,-0.5,-0.3,2,0.2,0.2,0.15,40,54.11,1554,1491,103,1388,0,473,116,48,255,496,1,62,19,1573,751,637,1573,496193.41,5226.94,58,94,93,50,77,39,57,920,0,473,371,544
31434,5,-0.08,-0.04,-0.5,-0.3,2,0.2,0.2,0.15,40,65.64,1555,1492,92,1400,615,0,348,133,108,196,1,62,18,1573,919,481,1573,846114.38,8755.39,62,110,115,70,110,67,57,809,615,0,456,329
31435,5,-0.08,-0.04,-0.5,-0.3,2,0.2,0.2,0.15,50,56.72,1557,1494,87,1407,571,464,0,145,0,227,1,62,16,1573,798,609,1573,513331.7,5380.85,120,203,206,112,168,98,77,423,571,464,0,372
31436,5,-0.08,-0.04,-0.5,-0.3,2,0.2,0.2,0.15,50,53.31,1554,1491,103,1388,0,485,0,163,0,740,1,62,19,1573,740,648,1573,472309.12,4973.77,58,94,93,50,77,39,57,920,0,485,0,903
31437,5,-0.08,-0.04,-0.5,-0.3,2,0.2,0.2,0.15,50,65.36,1555,1492,92,1400,620,0,0,485,0,295,1,62,18,1573,915,485,1573,820029.13,8482.8,62,110,115,70,110,67,57,809,620,0,0,780
31438,5,-0.08,-0.04,-0.5,-0.3,2,0.2,0.2,0.15,60,56.72,1557,1494,87,1407,571,464,0,145,0,227,1,62,16,1573,798,609,1573,513331.7,5380.85,120,203,206,112,168,98,77,423,571,464,0,372
31439,5,-0.08,-0.04,-0.5,-0.3,2,0.2,0.2,0.15,60,53.31,1554,1491,103,1388,0,485,0,163,0,740,1,62,19,1573,740,648,1573,472309.12,4973.77,58,94,93,50,77,39,57,920,0,485,0,903
31440,5,-0.08,-0.04,-0.5,-0.3,2,0.2,0.2,0.15,60,65.36,1555,1492,92,1400,620,0,0,485,0,295,1,62,18,1573,915,485,1573,820029.13,8482.8,62,110,115,70,110,67,57,809,620,0,0,780
31441,5,-0.08,-0.04,-0.5,-0.25,1,0.1,0.1,0.15,20,62.98,2014,1940,49,1891,1010,357,343,0,181,0,1,73,22,2036,1191,700,2036,327321.87,3442.72,597,390,244,660,0,0,0,0,1010,357,524,0
31442,5,-0.08,-0.04,-0.5,-0.25,1,0.1,0.1,0.15,20,53.87,2011,1937,62,1875,0,412,453,0,1010,0,1,73,25,2036,1010,865,2036,375995.91,3979.89,85,114,143,1533,0,0,0,0,0,412,1463,0
31443,5,-0.08,-0.04,-0.5,-0.25,1,0.1,0.1,0.15,20,65.36,2012,1938,50,1888,1040,0,654,0,194,0,1,73,24,2036,1234,654,2036,432382.22,4501.96,512,292,142,942,0,0,0,0,1040,0,848,0
31444,5,-0.08,-0.04,-0.5,-0.25,1,0.1,0.1,0.15,30,65.93,2014,1940,73,1867,1147,456,180,0,84,0,1,73,22,2036,1231,636,2036,362034.24,3827.5,597,390,244,136,142,358,0,0,1147,456,264,0
31445,5,-0.08,-0.04,-0.5,-0.25,1,0.1,0.1,0.15,30,52.33,2011,1937,112,1825,0,567,303,0,955,0,1,73,25,2036,955,870,2036,355858.79,3827.77,85,114,143,70,109,1304,0,0,0,567,1258,0
31446,5,-0.08,-0.04,-0.5,-0.25,1,0.1,0.1,0.15,30,70.97,2010,1936,76,1860,1215,0,540,0,105,0,1,73,26,2036,1320,540,2036,576933.5,6012.37,512,292,142,94,97,723,0,0,1215,0,645,0
31447,5,-0.08,-0.04,-0.5,-0.25,1,0.1,0.1,0.15,40,66.4,2014,1940,77,1863,1192,505,79,42,29,16,1,73,22,2036,1237,626,2036,362308.83,3828.37,597,390,244,136,142,94,55,205,1192,505,108,58
31448,5,-0.08,-0.04,-0.5,-0.25,1,0.1,0.1,0.15,40,51.41,2011,1937,124,1813,0,646,161,74,328,604,1,73,25,2036,932,881,2036,413370.48,4419.03,85,114,143,70,109,46,77,1169,0,646,489,678
31449,5,-0.08,-0.04,-0.5,-0.25,1,0.1,0.1,0.15,40,73.62,2010,1936,82,1854,1289,0,338,151,33,43,1,73,26,2036,1365,489,2036,669003.98,6928.6,512,292,142,94,97,78,41,598,1289,0,371,194
31450,5,-0.08,-0.04,-0.5,-0.25,1,0.1,0.1,0.15,50,66.51,2014,1940,77,1863,1192,509,0,115,0,47,1,73,22,2036,1239,624,2036,355524.91,3758.65,597,390,244,136,142,94,55,205,1192,509,0,162
31451,5,-0.08,-0.04,-0.5,-0.25,1,0.1,0.1,0.15,50,50.74,2011,1937,124,1813,0,660,0,233,0,920,1,73,25,2036,920,893,2036,381236.11,4081.56,85,114,143,70,109,46,77,1169,0,660,0,1153
31452,5,-0.08,-0.04,-0.5,-0.25,1,0.1,0.1,0.15,50,73.84,2010,1936,82,1854,1289,0,0,485,0,80,1,73,26,2036,1369,485,2036,652598.46,6759.89,512,292,142,94,97,78,41,598,1289,0,0,565
31453,5,-0.08,-0.04,-0.5,-0.25,1,0.1,0.1,0.15,60,66.51,2014,1940,77,1863,1192,509,0,115,0,47,1,73,22,2036,1239,624,2036,355524.91,3758.65,597,390,244,136,142,94,55,205,1192,509,0,162
31454,5,-0.08,-0.04,-0.5,-0.25,1,0.1,0.1,0.15,60,50.74,2011,1937,124,1813,0,660,0,233,0,920,1,73,25,2036,920,893,2036,381236.11,4081.56,85,114,143,70,109,46,77,1169,0,660,0,1153
31455,5,-0.08,-0.04,-0.5,-0.25,1,0.1,0.1,0.15,60,73.84,2010,1936,82,1854,1289,0,0,485,0,80,1,73,26,2036,1369,485,2036,652598.46,6759.89,512,292,142,94,97,78,41,598,1289,0,0,565
31456,5,-0.08,-0.04,-0.5,-0.25,1,0.1,0.2,0.15,20,54.84,2014,1940,58,1882,426,407,443,0,606,0,1,73,22,2036,1032,850,2036,414749.93,4357.76,164,242,275,1201,0,0,0,0,426,407,1049,0
31457,5,-0.08,-0.04,-0.5,-0.25,1,0.1,0.2,0.15,20,53.87,2011,1937,62,1875,0,412,453,0,1010,0,1,73,25,2036,1010,865,2036,375995.91,3979.89,85,114,143,1533,0,0,0,0,0,412,1463,0
31458,5,-0.08,-0.04,-0.5,-0.25,1,0.1,0.2,0.15,20,57.05,2012,1938,59,1879,435,0,807,0,637,0,1,73,24,2036,1072,807,2036,519863.14,5415.55,79,129,136,1535,0,0,0,0,435,0,1444,0
31459,5,-0.08,-0.04,-0.5,-0.25,1,0.1,0.2,0.15,30,54.83,2014,1940,96,1844,603,555,278,0,408,0,1,73,22,2036,1011,833,2036,467340.1,4931.68,164,242,275,152,211,800,0,0,603,555,686,0
31460,5,-0.08,-0.04,-0.5,-0.25,1,0.1,0.2,0.15,30,52.33,2011,1937,112,1825,0,567,303,0,955,0,1,73,25,2036,955,870,2036,355858.79,3827.77,85,114,143,70,109,1304,0,0,0,567,1258,0
31461,5,-0.08,-0.04,-0.5,-0.25,1,0.1,0.2,0.15,30,60.7,2010,1936,99,1837,636,0,722,0,479,0,1,73,26,2036,1115,722,2036,718609.61,7493.26,79,129,136,91,124,1278,0,0,636,0,1201,0
31462,5,-0.08,-0.04,-0.5,-0.25,1,0.1,0.2,0.15,40,54.6,2014,1940,105,1835,680,625,137,71,134,188,1,73,22,2036,1002,833,2036,521142.54,5507.63,164,242,275,152,211,114,102,575,680,625,271,259
31463,5,-0.08,-0.04,-0.5,-0.25,1,0.1,0.2,0.15,40,51.41,2011,1937,124,1813,0,646,161,74,328,604,1,73,25,2036,932,881,2036,413370.48,4419.03,85,114,143,70,109,46,77,1169,0,646,489,678
31464,5,-0.08,-0.04,-0.5,-0.25,1,0.1,0.2,0.15,40,62.71,2010,1936,110,1826,740,0,488,193,151,254,1,73,26,2036,1145,681,2036,902005.92,9377.75,79,129,136,91,124,77,75,1115,740,0,639,447
31465,5,-0.08,-0.04,-0.5,-0.25,1,0.1,0.2,0.15,50,54.17,2014,1940,105,1835,685,633,0,208,0,309,1,73,22,2036,994,841,2036,501688.51,5305.95,164,242,275,152,211,114,102,575,685,633,0,517
31466,5,-0.08,-0.04,-0.5,-0.25,1,0.1,0.2,0.15,50,50.74,2011,1937,124,1813,0,660,0,233,0,920,1,73,25,2036,920,893,2036,381236.11,4081.56,85,114,143,70,109,46,77,1169,0,660,0,1153
31467,5,-0.08,-0.04,-0.5,-0.25,1,0.1,0.2,0.15,50,62.38,2010,1936,110,1826,745,0,0,687,0,394,1,73,26,2036,1139,687,2036,871745.73,9063.98,79,129,136,91,124,77,75,1115,745,0,0,1081
31468,5,-0.08,-0.04,-0.5,-0.25,1,0.1,0.2,0.15,60,54.17,2014,1940,105,1835,685,633,0,208,0,309,1,73,22,2036,994,841,2036,501688.51,5305.95,164,242,275,152,211,114,102,575,685,633,0,517
31469,5,-0.08,-0.04,-0.5,-0.25,1,0.1,0.2,0.15,60,50.74,2011,1937,124,1813,0,660,0,233,0,920,1,73,25,2036,920,893,2036,381236.11,4081.56,85,114,143,70,109,46,77,1169,0,660,0,1153
31470,5,-0.08,-0.04,-0.5,-0.25,1,0.1,0.2,0.15,60,62.38,2010,1936,110,1826,745,0,0,687,0,394,1,73,26,2036,1139,687,2036,871745.73,9063.98,79,129,136,91,124,77,75,1115,745,0,0,1081
31471,5,-0.08,-0.04,-0.5,-0.25,1,0.2,0.1,0.15,20,62.98,2014,1940,49,1891,1010,357,343,0,181,0,1,73,22,2036,1191,700,2036,327321.87,3442.72,597,390,244,660,0,0,0,0,1010,357,524,0
31472,5,-0.08,-0.04,-0.5,-0.25,1,0.2,0.1,0.15,20,53.87,2011,1937,62,1875,0,412,453,0,1010,0,1,73,25,2036,1010,865,2036,375995.91,3979.89,85,114,143,1533,0,0,0,0,0,412,1463,0
31473,5,-0.08,-0.04,-0.5,-0.25,1,0.2,0.1,0.15,20,65.36,2012,1938,50,1888,1040,0,654,0,194,0,1,73,24,2036,1234,654,2036,432382.22,4501.96,512,292,142,942,0,0,0,0,1040,0,848,0
31474,5,-0.08,-0.04,-0.5,-0.25,1,0.2,0.1,0.15,30,65.93,2014,1940,73,1867,1147,456,180,0,84,0,1,73,22,2036,1231,636,2036,362034.24,3827.5,597,390,244,136,142,358,0,0,1147,456,264,0
31475,5,-0.08,-0.04,-0.5,-0.25,1,0.2,0.1,0.15,30,52.33,2011,1937,112,1825,0,567,303,0,955,0,1,73,25,2036,955,870,2036,355858.79,3827.77,85,114,143,70,109,1304,0,0,0,567,1258,0
31476,5,-0.08,-0.04,-0.5,-0.25,1,0.2,0.1,0.15,30,70.97,2010,1936,76,1860,1215,0,540,0,105,0,1,73,26,2036,1320,540,2036,576933.5,6012.37,512,292,142,94,97,723,0,0,1215,0,645,0
31477,5,-0.08,-0.04,-0.5,-0.25,1,0.2,0.1,0.15,40,66.4,2014,1940,77,1863,1192,505,79,42,29,16,1,73,22,2036,1237,626,2036,362308.83,3828.37,597,390,244,136,142,94,55,205,1192,505,108,58
31478,5,-0.08,-0.04,-0.5,-0.25,1,0.2,0.1,0.15,40,51.41,2011,1937,124,1813,0,646,161,74,328,604,1,73,25,2036,932,881,2036,413370.48,4419.03,85,114,143,70,109,46,77,1169,0,646,489,678
31479,5,-0.08,-0.04,-0.5,-0.25,1,0.2,0.1,0.15,40,73.62,2010,1936,82,1854,1289,0,338,151,33,43,1,73,26,2036,1365,489,2036,669003.98,6928.6,512,292,142,94,97,78,41,598,1289,0,371,194
31480,5,-0.08,-0.04,-0.5,-0.25,1,0.2,0.1,0.15,50,66.51,2014,1940,77,1863,1192,509,0,115,0,47,1,73,22,2036,1239,624,2036,355524.91,3758.65,597,390,244,136,142,94,55,205,1192,509,0,162
31481,5,-0.08,-0.04,-0.5,-0.25,1,0.2,0.1,0.15,50,50.74,2011,1937,124,1813,0,660,0,233,0,920,1,73,25,2036,920,893,2036,381236.11,4081.56,85,114,143,70,109,46,77,1169,0,660,0,1153
31482,5,-0.08,-0.04,-0.5,-0.25,1,0.2,0.1,0.15,50,73.84,2010,1936,82,1854,1289,0,0,485,0,80,1,73,26,2036,1369,485,2036,652598.46,6759.89,512,292,142,94,97,78,41,598,1289,0,0,565
31483,5,-0.08,-0.04,-0.5,-0.25,1,0.2,0.1,0.15,60,66.51,2014,1940,77,1863,1192,509,0,115,0,47,1,73,22,2036,1239,624,2036,355524.91,3758.65,597,390,244,136,142,94,55,205,1192,509,0,162
31484,5,-0.08,-0.04,-0.5,-0.25,1,0.2,0.1,0.15,60,50.74,2011,1937,124,1813,0,660,0,233,0,920,1,73,25,2036,920,893,2036,381236.11,4081.56,85,114,143,70,109,46,77,1169,0,660,0,1153
31485,5,-0.08,-0.04,-0.5,-0.25,1,0.2,0.1,0.15,60,73.84,2010,1936,82,1854,1289,0,0,485,0,80,1,73,26,2036,1369,485,2036,652598.46,6759.89,512,292,142,94,97,78,41,598,1289,0,0,565
31486,5,-0.08,-0.04,-0.5,-0.25,1,0.2,0.2,0.15,20,54.84,2014,1940,58,1882,426,407,443,0,606,0,1,73,22,2036,1032,850,2036,414749.93,4357.76,164,242,275,1201,0,0,0,0,426,407,1049,0
31487,5,-0.08,-0.04,-0.5,-0.25,1,0.2,0.2,0.15,20,53.87,2011,1937,62,1875,0,412,453,0,1010,0,1,73,25,2036,1010,865,2036,375995.91,3979.89,85,114,143,1533,0,0,0,0,0,412,1463,0
31488,5,-0.08,-0.04,-0.5,-0.25,1,0.2,0.2,0.15,20,57.05,2012,1938,59,1879,435,0,807,0,637,0,1,73,24,2036,1072,807,2036,519863.14,5415.55,79,129,136,1535,0,0,0,0,435,0,1444,0
31489,5,-0.08,-0.04,-0.5,-0.25,1,0.2,0.2,0.15,30,54.83,2014,1940,96,1844,603,555,278,0,408,0,1,73,22,2036,1011,833,2036,467340.1,4931.68,164,242,275,152,211,800,0,0,603,555,686,0
31490,5,-0.08,-0.04,-0.5,-0.25,1,0.2,0.2,0.15,30,52.33,2011,1937,112,1825,0,567,303,0,955,0,1,73,25,2036,955,870,2036,355858.79,3827.77,85,114,143,70,109,1304,0,0,0,567,1258,0
31491,5,-0.08,-0.04,-0.5,-0.25,1,0.2,0.2,0.15,30,60.7,2010,1936,99,1837,636,0,722,0,479,0,1,73,26,2036,1115,722,2036,718609.61,7493.26,79,129,136,91,124,1278,0,0,636,0,1201,0
31492,5,-0.08,-0.04,-0.5,-0.25,1,0.2,0.2,0.15,40,54.6,2014,1940,105,1835,680,625,137,71,134,188,1,73,22,2036,1002,833,2036,521142.54,5507.63,164,242,275,152,211,114,102,575,680,625,271,259
31493,5,-0.08,-0.04,-0.5,-0.25,1,0.2,0.2,0.15,40,51.41,2011,1937,124,1813,0,646,161,74,328,604,1,73,25,2036,932,881,2036,413370.48,4419.03,85,114,143,70,109,46,77,1169,0,646,489,678
31494,5,-0.08,-0.04,-0.5,-0.25,1,0.2,0.2,0.15,40,62.71,2010,1936,110,1826,740,0,488,193,151,254,1,73,26,2036,1145,681,2036,902005.92,9377.75,79,129,136,91,124,77,75,1115,740,0,639,447
31495,5,-0.08,-0.04,-0.5,-0.25,1,0.2,0.2,0.15,50,54.17,2014,1940,105,1835,685,633,0,208,0,309,1,73,22,2036,994,841,2036,501688.51,5305.95,164,242,275,152,211,114,102,575,685,633,0,517
31496,5,-0.08,-0.04,-0.5,-0.25,1,0.2,0.2,0.15,50,50.74,2011,1937,124,1813,0,660,0,233,0,920,1,73,25,2036,920,893,2036,381236.11,4081.56,85,114,143,70,109,46,77,1169,0,660,0,1153
31497,5,-0.08,-0.04,-0.5,-0.25,1,0.2,0.2,0.15,50,62.38,2010,1936,110,1826,745,0,0,687,0,394,1,73,26,2036,1139,687,2036,871745.73,9063.98,79,129,136,91,124,77,75,1115,745,0,0,1081
31498,5,-0.08,-0.04,-0.5,-0.25,1,0.2,0.2,0.15,60,54.17,2014,1940,105,1835,685,633,0,208,0,309,1,73,22,2036,994,841,2036,501688.51,5305.95,164,242,275,152,211,114,102,575,685,633,0,517
31499,5,-0.08,-0.04,-0.5,-0.25,1,0.2,0.2,0.15,60,50.74,2011,1937,124,1813,0,660,0,233,0,920,1,73,25,2036,920,893,2036,381236.11,4081.56,85,114,143,70,109,46,77,1169,0,660,0,1153
31500,5,-0.08,-0.04,-0.5,-0.25,1,0.2,0.2,0.15,60,62.38,2010,1936,110,1826,745,0,0,687,0,394,1,73,26,2036,1139,687,2036,871745.73,9063.98,79,129,136,91,124,77,75,1115,745,0,0,1081
31501,5,-0.08,-0.04,-0.5,-0.25,2,0.1,0.1,0.15,20,67.11,2014,1940,49,1891,1093,347,275,0,176,0,1,73,22,2036,1269,622,2036,478171.71,6565.68,621,422,258,590,0,0,0,0,1093,347,451,0
31502,5,-0.08,-0.04,-0.5,-0.25,2,0.1,0.1,0.15,20,58.08,2011,1937,62,1875,0,412,374,0,1089,0,1,73,25,2036,1089,786,2036,555819.96,7572.5,85,114,143,1533,0,0,0,0,0,412,1463,0
31503,5,-0.08,-0.04,-0.5,-0.25,2,0.1,0.1,0.15,20,71.56,2012,1938,50,1888,1146,0,537,0,205,0,1,73,24,2036,1351,537,2036,671476.8,7971.65,540,330,174,844,0,0,0,0,1146,0,742,0
31504,5,-0.08,-0.04,-0.5,-0.25,2,0.1,0.1,0.15,30,69.75,2014,1940,72,1868,1222,438,127,0,81,0,1,73,22,2036,1303,565,2036,505850.24,7057.16,621,422,258,139,137,291,0,0,1222,438,208,0
31505,5,-0.08,-0.04,-0.5,-0.25,2,0.1,0.1,0.15,30,55.51,2011,1937,112,1825,0,567,245,0,1013,0,1,73,25,2036,1013,812,2036,606072.46,8021.23,85,114,143,70,109,1304,0,0,0,567,1258,0
31506,5,-0.08,-0.04,-0.5,-0.25,2,0.1,0.1,0.15,30,78.02,2010,1936,75,1861,1337,0,409,0,115,0,1,73,26,2036,1452,409,2036,909346.32,9608.35,540,330,174,102,114,601,0,0,1337,0,524,0
31507,5,-0.08,-0.04,-0.5,-0.25,2,0.1,0.1,0.15,40,70.35,2014,1940,75,1865,1261,476,57,20,35,16,1,73,22,2036,1312,553,2036,509427.57,7215.6,621,422,258,139,137,83,43,162,1261,476,92,36
31508,5,-0.08,-0.04,-0.5,-0.25,2,0.1,0.1,0.15,40,54.55,2011,1937,124,1813,0,646,131,47,358,631,1,73,25,2036,989,824,2036,706791.95,8997.09,85,114,143,70,109,46,77,1169,0,646,489,678
31509,5,-0.08,-0.04,-0.5,-0.25,2,0.1,0.1,0.15,40,81.57,2010,1936,80,1856,1414,0,260,82,52,48,1,73,26,2036,1514,342,2036,1077925.19,10591.6,540,330,174,102,114,77,46,473,1414,0,312,130
31510,5,-0.08,-0.04,-0.5,-0.25,2,0.1,0.1,0.15,50,70.03,2014,1940,75,1865,1263,480,0,79,0,43,1,73,22,2036,1306,559,2036,499225.87,7157.23,621,422,258,139,137,83,43,162,1263,480,0,122
31511,5,-0.08,-0.04,-0.5,-0.25,2,0.1,0.1,0.15,50,53.56,2011,1937,124,1813,0,660,0,182,0,971,1,73,25,2036,971,842,2036,660796.87,8677.56,85,114,143,70,109,46,77,1169,0,660,0,1153
31512,5,-0.08,-0.04,-0.5,-0.25,2,0.1,0.1,0.15,50,81.36,2010,1936,80,1856,1416,0,0,346,0,94,1,73,26,2036,1510,346,2036,1048485.77,10431.84,540,330,174,102,114,77,46,473,1416,0,0,440
31513,5,-0.08,-0.04,-0.5,-0.25,2,0.1,0.1,0.15,60,70.03,2014,1940,75,1865,1263,480,0,79,0,43,1,73,22,2036,1306,559,2036,499225.87,7157.23,621,422,258,139,137,83,43,162,1263,480,0,122
31514,5,-0.08,-0.04,-0.5,-0.25,2,0.1,0.1,0.15,60,53.56,2011,1937,124,1813,0,660,0,182,0,971,1,73,25,2036,971,842,2036,660796.87,8677.56,85,114,143,70,109,46,77,1169,0,660,0,1153
31515,5,-0.08,-0.04,-0.5,-0.25,2,0.1,0.1,0.15,60,81.36,2010,1936,80,1856,1416,0,0,346,0,94,1,73,26,2036,1510,346,2036,1048485.77,10431.84,540,330,174,102,114,77,46,473,1416,0,0,440
31516,5,-0.08,-0.04,-0.5,-0.25,2,0.1,0.2,0.15,20,58.98,2014,1940,58,1882,461,407,365,0,649,0,1,73,22,2036,1110,772,2036,597244.28,7924.7,166,251,285,1180,0,0,0,0,461,407,1014,0
31517,5,-0.08,-0.04,-0.5,-0.25,2,0.1,0.2,0.15,20,58.08,2011,1937,62,1875,0,412,374,0,1089,0,1,73,25,2036,1089,786,2036,555819.96,7572.5,85,114,143,1533,0,0,0,0,0,412,1463,0
31518,5,-0.08,-0.04,-0.5,-0.25,2,0.1,0.2,0.15,20,63.49,2012,1938,59,1879,480,0,686,0,713,0,1,73,24,2036,1193,686,2036,764529.23,9312.96,81,140,151,1507,0,0,0,0,480,0,1399,0
31519,5,-0.08,-0.04,-0.5,-0.25,2,0.1,0.2,0.15,30,57.92,2014,1940,96,1844,650,554,222,0,418,0,1,73,22,2036,1068,776,2036,689527.03,8911.72,166,251,285,166,221,755,0,0,650,554,640,0
31520,5,-0.08,-0.04,-0.5,-0.25,2,0.1,0.2,0.15,30,55.51,2011,1937,112,1825,0,567,245,0,1013,0,1,73,25,2036,1013,812,2036,606072.46,8021.23,85,114,143,70,109,1304,0,0,0,567,1258,0
31521,5,-0.08,-0.04,-0.5,-0.25,2,0.1,0.2,0.15,30,66.74,2010,1936,99,1837,709,0,611,0,517,0,1,73,26,2036,1226,611,2036,1138569.07,11880.72,81,140,151,108,139,1218,0,0,709,0,1128,0
31522,5,-0.08,-0.04,-0.5,-0.25,2,0.1,0.2,0.15,40,57.77,2014,1940,105,1835,737,623,108,44,146,177,1,73,22,2036,1060,775,2036,764325.34,9687.51,166,251,285,166,221,115,105,526,737,623,254,221
31523,5,-0.08,-0.04,-0.5,-0.25,2,0.1,0.2,0.15,40,54.55,2011,1937,124,1813,0,646,131,47,358,631,1,73,25,2036,989,824,2036,706791.95,8997.09,85,114,143,70,109,46,77,1169,0,646,489,678
31524,5,-0.08,-0.04,-0.5,-0.25,2,0.1,0.2,0.15,40,69.93,2010,1936,110,1826,829,0,423,126,187,261,1,73,26,2036,1277,549,2036,1461170.91,13920.68,81,140,151,108,139,90,76,1041,829,0,610,387
31525,5,-0.08,-0.04,-0.5,-0.25,2,0.1,0.2,0.15,50,57.06,2014,1940,105,1835,741,630,0,158,0,306,1,73,22,2036,1047,788,2036,738940.77,9519.27,166,251,285,166,221,115,105,526,741,630,0,464
31526,5,-0.08,-0.04,-0.5,-0.25,2,0.1,0.2,0.15,50,53.56,2011,1937,124,1813,0,660,0,182,0,971,1,73,25,2036,971,842,2036,660796.87,8677.56,85,114,143,70,109,46,77,1169,0,660,0,1153
31527,5,-0.08,-0.04,-0.5,-0.25,2,0.1,0.2,0.15,50,69.5,2010,1936,110,1826,833,0,0,557,0,436,1,73,26,2036,1269,557,2036,1416172.01,13651.75,81,140,151,108,139,90,76,1041,833,0,0,993
31528,5,-0.08,-0.04,-0.5,-0.25,2,0.1,0.2,0.15,60,57.06,2014,1940,105,1835,741,630,0,158,0,306,1,73,22,2036,1047,788,2036,738940.77,9519.27,166,251,285,166,221,115,105,526,741,630,0,464
31529,5,-0.08,-0.04,-0.5,-0.25,2,0.1,0.2,0.15,60,53.56,2011,1937,124,1813,0,660,0,182,0,971,1,73,25,2036,971,842,2036,660796.87,8677.56,85,114,143,70,109,46,77,1169,0,660,0,1153
31530,5,-0.08,-0.04,-0.5,-0.25,2,0.1,0.2,0.15,60,69.5,2010,1936,110,1826,833,0,0,557,0,436,1,73,26,2036,1269,557,2036,1416172.01,13651.75,81,140,151,108,139,90,76,1041,833,0,0,993
31531,5,-0.08,-0.04,-0.5,-0.25,2,0.2,0.1,0.15,20,62.98,2014,1940,49,1891,1010,357,343,0,181,0,1,73,22,2036,1191,700,2036,327321.87,3442.72,597,390,244,660,0,0,0,0,1010,357,524,0
31532,5,-0.08,-0.04,-0.5,-0.25,2,0.2,0.1,0.15,20,53.87,2011,1937,62,1875,0,412,453,0,1010,0,1,73,25,2036,1010,865,2036,375995.91,3979.89,85,114,143,1533,0,0,0,0,0,412,1463,0
31533,5,-0.08,-0.04,-0.5,-0.25,2,0.2,0.1,0.15,20,65.36,2012,1938,50,1888,1040,0,654,0,194,0,1,73,24,2036,1234,654,2036,432382.22,4501.96,512,292,142,942,0,0,0,0,1040,0,848,0
31534,5,-0.08,-0.04,-0.5,-0.25,2,0.2,0.1,0.15,30,65.93,2014,1940,73,1867,1147,456,180,0,84,0,1,73,22,2036,1231,636,2036,362034.24,3827.5,597,390,244,136,142,358,0,0,1147,456,264,0
31535,5,-0.08,-0.04,-0.5,-0.25,2,0.2,0.1,0.15,30,52.33,2011,1937,112,1825,0,567,303,0,955,0,1,73,25,2036,955,870,2036,355858.79,3827.77,85,114,143,70,109,1304,0,0,0,567,1258,0
31536,5,-0.08,-0.04,-0.5,-0.25,2,0.2,0.1,0.15,30,70.97,2010,1936,76,1860,1215,0,540,0,105,0,1,73,26,2036,1320,540,2036,576933.5,6012.37,512,292,142,94,97,723,0,0,1215,0,645,0
31537,5,-0.08,-0.04,-0.5,-0.25,2,0.2,0.1,0.15,40,66.4,2014,1940,77,1863,1192,505,79,42,29,16,1,73,22,2036,1237,626,2036,362308.83,3828.37,597,390,244,136,142,94,55,205,1192,505,108,58
31538,5,-0.08,-0.04,-0.5,-0.25,2,0.2,0.1,0.15,40,51.41,2011,1937,124,1813,0,646,161,74,328,604,1,73,25,2036,932,881,2036,413370.48,4419.03,85,114,143,70,109,46,77,1169,0,646,489,678
31539,5,-0.08,-0.04,-0.5,-0.25,2,0.2,0.1,0.15,40,73.62,2010,1936,82,1854,1289,0,338,151,33,43,1,73,26,2036,1365,489,2036,669003.98,6928.6,512,292,142,94,97,78,41,598,1289,0,371,194
31540,5,-0.08,-0.04,-0.5,-0.25,2,0.2,0.1,0.15,50,66.51,2014,1940,77,1863,1192,509,0,115,0,47,1,73,22,2036,1239,624,2036,355524.91,3758.65,597,390,244,136,142,94,55,205,1192,509,0,162
31541,5,-0.08,-0.04,-0.5,-0.25,2,0.2,0.1,0.15,50,50.74,2011,1937,124,1813,0,660,0,233,0,920,1,73,25,2036,920,893,2036,381236.11,4081.56,85,114,143,70,109,46,77,1169,0,660,0,1153
31542,5,-0.08,-0.04,-0.5,-0.25,2,0.2,0.1,0.15,50,73.84,2010,1936,82,1854,1289,0,0,485,0,80,1,73,26,2036,1369,485,2036,652598.46,6759.89,512,292,142,94,97,78,41,598,1289,0,0,565
31543,5,-0.08,-0.04,-0.5,-0.25,2,0.2,0.1,0.15,60,66.51,2014,1940,77,1863,1192,509,0,115,0,47,1,73,22,2036,1239,624,2036,355524.91,3758.65,597,390,244,136,142,94,55,205,1192,509,0,162
31544,5,-0.08,-0.04,-0.5,-0.25,2,0.2,0.1,0.15,60,50.74,2011,1937,124,1813,0,660,0,233,0,920,1,73,25,2036,920,893,2036,381236.11,4081.56,85,114,143,70,109,46,77,1169,0,660,0,1153
31545,5,-0.08,-0.04,-0.5,-0.25,2,0.2,0.1,0.15,60,73.84,2010,1936,82,1854,1289,0,0,485,0,80,1,73,26,2036,1369,485,2036,652598.46,6759.89,512,292,142,94,97,78,41,598,1289,0,0,565
31546,5,-0.08,-0.04,-0.5,-0.25,2,0.2,0.2,0.15,20,54.84,2014,1940,58,1882,426,407,443,0,606,0,1,73,22,2036,1032,850,2036,414749.93,4357.76,164,242,275,1201,0,0,0,0,426,407,1049,0
31547,5,-0.08,-0.04,-0.5,-0.25,2,0.2,0.2,0.15,20,53.87,2011,1937,62,1875,0,412,453,0,1010,0,1,73,25,2036,1010,865,2036,375995.91,3979.89,85,114,143,1533,0,0,0,0,0,412,1463,0
31548,5,-0.08,-0.04,-0.5,-0.25,2,0.2,0.2,0.15,20,57.05,2012,1938,59,1879,435,0,807,0,637,0,1,73,24,2036,1072,807,2036,519863.14,5415.55,79,129,136,1535,0,0,0,0,435,0,1444,0
31549,5,-0.08,-0.04,-0.5,-0.25,2,0.2,0.2,0.15,30,54.83,2014,1940,96,1844,603,555,278,0,408,0,1,73,22,2036,1011,833,2036,467340.1,4931.68,164,242,275,152,211,800,0,0,603,555,686,0
31550,5,-0.08,-0.04,-0.5,-0.25,2,0.2,0.2,0.15,30,52.33,2011,1937,112,1825,0,567,303,0,955,0,1,73,25,2036,955,870,2036,355858.79,3827.77,85,114,143,70,109,1304,0,0,0,567,1258,0
31551,5,-0.08,-0.04,-0.5,-0.25,2,0.2,0.2,0.15,30,60.7,2010,1936,99,1837,636,0,722,0,479,0,1,73,26,2036,1115,722,2036,718609.61,7493.26,79,129,136,91,124,1278,0,0,636,0,1201,0
31552,5,-0.08,-0.04,-0.5,-0.25,2,0.2,0.2,0.15,40,54.6,2014,1940,105,1835,680,625,137,71,134,188,1,73,22,2036,1002,833,2036,521142.54,5507.63,164,242,275,152,211,114,102,575,680,625,271,259
31553,5,-0.08,-0.04,-0.5,-0.25,2,0.2,0.2,0.15,40,51.41,2011,1937,124,1813,0,646,161,74,328,604,1,73,25,2036,932,881,2036,413370.48,4419.03,85,114,143,70,109,46,77,1169,0,646,489,678
31554,5,-0.08,-0.04,-0.5,-0.25,2,0.2,0.2,0.15,40,62.71,2010,1936,110,1826,740,0,488,193,151,254,1,73,26,2036,1145,681,2036,902005.92,9377.75,79,129,136,91,124,77,75,1115,740,0,639,447
31555,5,-0.08,-0.04,-0.5,-0.25,2,0.2,0.2,0.15,50,54.17,2014,1940,105,1835,685,633,0,208,0,309,1,73,22,2036,994,841,2036,501688.51,5305.95,164,242,275,152,211,114,102,575,685,633,0,517
31556,5,-0.08,-0.04,-0.5,-0.25,2,0.2,0.2,0.15,50,50.74,2011,1937,124,1813,0,660,0,233,0,920,1,73,25,2036,920,893,2036,381236.11,4081.56,85,114,143,70,109,46,77,1169,0,660,0,1153
31557,5,-0.08,-0.04,-0.5,-0.25,2,0.2,0.2,0.15,50,62.38,2010,1936,110,1826,745,0,0,687,0,394,1,73,26,2036,1139,687,2036,871745.73,9063.98,79,129,136,91,124,77,75,1115,745,0,0,1081
31558,5,-0.08,-0.04,-0.5,-0.25,2,0.2,0.2,0.15,60,54.17,2014,1940,105,1835,685,633,0,208,0,309,1,73,22,2036,994,841,2036,501688.51,5305.95,164,242,275,152,211,114,102,575,685,633,0,517
31559,5,-0.08,-0.04,-0.5,-0.25,2,0.2,0.2,0.15,60,50.74,2011,1937,124,1813,0,660,0,233,0,920,1,73,25,2036,920,893,2036,381236.11,4081.56,85,114,143,70,109,46,77,1169,0,660,0,1153
31560,5,-0.08,-0.04,-0.5,-0.25,2,0.2,0.2,0.15,60,62.38,2010,1936,110,1826,745,0,0,687,0,394,1,73,26,2036,1139,687,2036,871745.73,9063.98,79,129,136,91,124,77,75,1115,745,0,0,1081
31561,5,-0.08,-0.04,-0.45,-0.4,1,0.1,0.1,0.15,20,65.05,354,337,8,329,186,56,59,0,28,0,0,17,2,356,214,115,356,77576.51,792.92,106,66,44,113,0,0,0,0,186,56,87,0
31562,5,-0.08,-0.04,-0.45,-0.4,1,0.1,0.1,0.15,20,59.33,354,337,10,327,0,59,74,0,194,0,0,17,2,356,194,133,356,130771.01,1343.13,13,14,19,281,0,0,0,0,0,59,268,0
31563,5,-0.08,-0.04,-0.45,-0.4,1,0.1,0.1,0.15,20,67.48,354,337,8,329,193,0,107,0,29,0,0,17,2,356,222,107,356,96975.42,989.94,93,53,29,154,0,0,0,0,193,0,136,0
31564,5,-0.08,-0.04,-0.45,-0.4,1,0.1,0.1,0.15,30,69.66,354,337,14,323,216,77,21,0,9,0,0,17,2,356,225,98,356,89431.46,907.78,106,66,44,26,28,53,0,0,216,77,30,0
31565,5,-0.08,-0.04,-0.45,-0.4,1,0.1,0.1,0.15,30,59.55,354,337,23,314,0,91,36,0,187,0,0,17,2,356,187,127,356,143399.13,1464.3,13,14,19,13,21,234,0,0,0,91,223,0
31566,5,-0.08,-0.04,-0.45,-0.4,1,0.1,0.1,0.15,30,74.53,354,337,15,322,229,0,82,0,11,0,0,17,2,356,240,82,356,130123.32,1329.11,93,53,29,18,20,109,0,0,229,0,93,0
31567,5,-0.08,-0.04,-0.45,-0.4,1,0.1,0.1,0.15,40,69.78,354,337,16,321,221,84,9,4,2,1,0,17,2,356,224,97,356,88266.59,896.2,106,66,44,26,28,23,4,24,221,84,11,5
31568,5,-0.08,-0.04,-0.45,-0.4,1,0.1,0.1,0.15,40,57.28,354,337,28,309,0,100,23,9,55,122,0,17,2,356,177,132,356,165741.32,1684.17,13,14,19,13,21,11,7,211,0,100,78,131
31569,5,-0.08,-0.04,-0.45,-0.4,1,0.1,0.1,0.15,40,77.67,354,337,19,318,238,0,50,21,2,7,0,17,2,356,247,71,356,144142.66,1473.86,93,53,29,18,20,16,1,88,238,0,52,28
31570,5,-0.08,-0.04,-0.45,-0.4,1,0.1,0.1,0.15,50,69.78,354,337,16,321,221,85,0,12,0,3,0,17,2,356,224,97,356,86791.99,881.28,106,66,44,26,28,23,4,24,221,85,0,15
31571,5,-0.08,-0.04,-0.45,-0.4,1,0.1,0.1,0.15,50,56.31,354,337,28,309,0,103,0,32,0,174,0,17,2,356,174,135,356,159763.91,1621.08,13,14,19,13,21,11,7,211,0,103,0,206
31572,5,-0.08,-0.04,-0.45,-0.4,1,0.1,0.1,0.15,50,77.67,354,337,19,318,238,0,0,71,0,9,0,17,2,356,247,71,356,141703.45,1446.51,93,53,29,18,20,16,1,88,238,0,0,80
31573,5,-0.08,-0.04,-0.45,-0.4,1,0.1,0.1,0.15,60,69.78,354,337,16,321,221,85,0,12,0,3,0,17,2,356,224,97,356,86791.99,881.28,106,66,44,26,28,23,4,24,221,85,0,15
31574,5,-0.08,-0.04,-0.45,-0.4,1,0.1,0.1,0.15,60,56.31,354,337,28,309,0,103,0,32,0,174,0,17,2,356,174,135,356,159763.91,1621.08,13,14,19,13,21,11,7,211,0,103,0,206
31575,5,-0.08,-0.04,-0.45,-0.4,1,0.1,0.1,0.15,60,77.67,354,337,19,318,238,0,0,71,0,9,0,17,2,356,247,71,356,141703.45,1446.51,93,53,29,18,20,16,1,88,238,0,0,80
31576,5,-0.08,-0.04,-0.45,-0.4,1,0.1,0.2,0.15,20,59.33,354,337,10,327,79,59,74,0,115,0,0,17,2,356,194,133,356,109854.7,1126.21,26,45,41,215,0,0,0,0,79,59,189,0
31577,5,-0.08,-0.04,-0.45,-0.4,1,0.1,0.2,0.15,20,59.33,354,337,10,327,0,59,74,0,194,0,0,17,2,356,194,133,356,130771.01,1343.13,13,14,19,281,0,0,0,0,0,59,268,0
31578,5,-0.08,-0.04,-0.45,-0.4,1,0.1,0.2,0.15,20,61.77,354,337,10,327,82,0,125,0,120,0,0,17,2,356,202,125,356,131790.37,1350.51,13,31,22,261,0,0,0,0,82,0,245,0
31579,5,-0.08,-0.04,-0.45,-0.4,1,0.1,0.2,0.15,30,60.5,354,337,18,319,122,91,35,0,71,0,0,17,2,356,193,126,356,135574.95,1378.49,26,45,41,26,42,139,0,0,122,91,106,0
31580,5,-0.08,-0.04,-0.45,-0.4,1,0.1,0.2,0.15,30,59.55,354,337,23,314,0,91,36,0,187,0,0,17,2,356,187,127,356,143399.13,1464.3,13,14,19,13,21,234,0,0,0,91,223,0
31581,5,-0.08,-0.04,-0.45,-0.4,1,0.1,0.2,0.15,30,66.35,354,337,19,318,129,0,107,0,82,0,0,17,2,356,211,107,356,190361.58,1945.6,13,31,22,16,24,212,0,0,129,0,189,0
31582,5,-0.08,-0.04,-0.45,-0.4,1,0.1,0.2,0.15,40,58.73,354,337,22,315,140,99,22,9,17,28,0,17,2,356,185,130,356,147609.22,1502.25,26,45,41,26,42,33,19,83,140,99,39,37
31583,5,-0.08,-0.04,-0.45,-0.4,1,0.1,0.2,0.15,40,57.28,354,337,28,309,0,100,23,9,55,122,0,17,2,356,177,132,356,165741.32,1684.17,13,14,19,13,21,11,7,211,0,100,78,131
31584,5,-0.08,-0.04,-0.45,-0.4,1,0.1,0.2,0.15,40,67.95,354,337,25,312,152,0,72,28,19,41,0,17,2,356,212,100,356,224259.87,2294.53,13,31,22,16,24,23,17,166,152,0,91,69
31585,5,-0.08,-0.04,-0.45,-0.4,1,0.1,0.2,0.15,50,58.41,354,337,22,315,140,102,0,29,0,44,0,17,2,356,184,131,356,143142.12,1455.5,26,45,41,26,42,33,19,83,140,102,0,73
31586,5,-0.08,-0.04,-0.45,-0.4,1,0.1,0.2,0.15,50,56.31,354,337,28,309,0,103,0,32,0,174,0,17,2,356,174,135,356,159763.91,1621.08,13,14,19,13,21,11,7,211,0,103,0,206
31587,5,-0.08,-0.04,-0.45,-0.4,1,0.1,0.2,0.15,50,67.31,354,337,25,312,152,0,0,102,0,58,0,17,2,356,210,102,356,217584.79,2222.77,13,31,22,16,24,23,17,166,152,0,0,160
31588,5,-0.08,-0.04,-0.45,-0.4,1,0.1,0.2,0.15,60,58.41,354,337,22,315,140,102,0,29,0,44,0,17,2,356,184,131,356,143142.12,1455.5,26,45,41,26,42,33,19,83,140,102,0,73
31589,5,-0.08,-0.04,-0.45,-0.4,1,0.1,0.2,0.15,60,56.31,354,337,28,309,0,103,0,32,0,174,0,17,2,356,174,135,356,159763.91,1621.08,13,14,19,13,21,11,7,211,0,103,0,206
31590,5,-0.08,-0.04,-0.45,-0.4,1,0.1,0.2,0.15,60,67.31,354,337,25,312,152,0,0,102,0,58,0,17,2,356,210,102,356,217584.79,2222.77,13,31,22,16,24,23,17,166,152,0,0,160
31591,5,-0.08,-0.04,-0.45,-0.4,1,0.2,0.1,0.15,20,65.05,354,337,8,329,186,56,59,0,28,0,0,17,2,356,214,115,356,77576.51,792.92,106,66,44,113,0,0,0,0,186,56,87,0
31592,5,-0.08,-0.04,-0.45,-0.4,1,0.2,0.1,0.15,20,59.33,354,337,10,327,0,59,74,0,194,0,0,17,2,356,194,133,356,130771.01,1343.13,13,14,19,281,0,0,0,0,0,59,268,0
31593,5,-0.08,-0.04,-0.45,-0.4,1,0.2,0.1,0.15,20,67.48,354,337,8,329,193,0,107,0,29,0,0,17,2,356,222,107,356,96975.42,989.94,93,53,29,154,0,0,0,0,193,0,136,0
31594,5,-0.08,-0.04,-0.45,-0.4,1,0.2,0.1,0.15,30,69.66,354,337,14,323,216,77,21,0,9,0,0,17,2,356,225,98,356,89431.46,907.78,106,66,44,26,28,53,0,0,216,77,30,0
31595,5,-0.08,-0.04,-0.45,-0.4,1,0.2,0.1,0.15,30,59.55,354,337,23,314,0,91,36,0,187,0,0,17,2,356,187,127,356,143399.13,1464.3,13,14,19,13,21,234,0,0,0,91,223,0
31596,5,-0.08,-0.04,-0.45,-0.4,1,0.2,0.1,0.15,30,74.53,354,337,15,322,229,0,82,0,11,0,0,17,2,356,240,82,356,130123.32,1329.11,93,53,29,18,20,109,0,0,229,0,93,0
31597,5,-0.08,-0.04,-0.45,-0.4,1,0.2,0.1,0.15,40,69.78,354,337,16,321,221,84,9,4,2,1,0,17,2,356,224,97,356,88266.59,896.2,106,66,44,26,28,23,4,24,221,84,11,5
31598,5,-0.08,-0.04,-0.45,-0.4,1,0.2,0.1,0.15,40,57.28,354,337,28,309,0,100,23,9,55,122,0,17,2,356,177,132,356,165741.32,1684.17,13,14,19,13,21,11,7,211,0,100,78,131
31599,5,-0.08,-0.04,-0.45,-0.4,1,0.2,0.1,0.15,40,77.67,354,337,19,318,238,0,50,21,2,7,0,17,2,356,247,71,356,144142.66,1473.86,93,53,29,18,20,16,1,88,238,0,52,28
31600,5,-0.08,-0.04,-0.45,-0.4,1,0.2,0.1,0.15,50,69.78,354,337,16,321,221,85,0,12,0,3,0,17,2,356,224,97,356,86791.99,881.28,106,66,44,26,28,23,4,24,221,85,0,15
31601,5,-0.08,-0.04,-0.45,-0.4,1,0.2,0.1,0.15,50,56.31,354,337,28,309,0,103,0,32,0,174,0,17,2,356,174,135,356,159763.91,1621.08,13,14,19,13,21,11,7,211,0,103,0,206
31602,5,-0.08,-0.04,-0.45,-0.4,1,0.2,0.1,0.15,50,77.67,354,337,19,318,238,0,0,71,0,9,0,17,2,356,247,71,356,141703.45,1446.51,93,53,29,18,20,16,1,88,238,0,0,80
31603,5,-0.08,-0.04,-0.45,-0.4,1,0.2,0.1,0.15,60,69.78,354,337,16,321,221,85,0,12,0,3,0,17,2,356,224,97,356,86791.99,881.28,106,66,44,26,28,23,4,24,221,85,0,15
31604,5,-0.08,-0.04,-0.45,-0.4,1,0.2,0.1,0.15,60,56.31,354,337,28,309,0,103,0,32,0,174,0,17,2,356,174,135,356,159763.91,1621.08,13,14,19,13,21,11,7,211,0,103,0,206
31605,5,-0.08,-0.04,-0.45,-0.4,1,0.2,0.1,0.15,60,77.67,354,337,19,318,238,0,0,71,0,9,0,17,2,356,247,71,356,141703.45,1446.51,93,53,29,18,20,16,1,88,238,0,0,80
31606,5,-0.08,-0.04,-0.45,-0.4,1,0.2,0.2,0.15,20,59.33,354,337,10,327,79,59,74,0,115,0,0,17,2,356,194,133,356,109854.7,1126.21,26,45,41,215,0,0,0,0,79,59,189,0
31607,5,-0.08,-0.04,-0.45,-0.4,1,0.2,0.2,0.15,20,59.33,354,337,10,327,0,59,74,0,194,0,0,17,2,356,194,133,356,130771.01,1343.13,13,14,19,281,0,0,0,0,0,59,268,0
31608,5,-0.08,-0.04,-0.45,-0.4,1,0.2,0.2,0.15,20,61.77,354,337,10,327,82,0,125,0,120,0,0,17,2,356,202,125,356,131790.37,1350.51,13,31,22,261,0,0,0,0,82,0,245,0
31609,5,-0.08,-0.04,-0.45,-0.4,1,0.2,0.2,0.15,30,60.5,354,337,18,319,122,91,35,0,71,0,0,17,2,356,193,126,356,135574.95,1378.49,26,45,41,26,42,139,0,0,122,91,106,0
31610,5,-0.08,-0.04,-0.45,-0.4,1,0.2,0.2,0.15,30,59.55,354,337,23,314,0,91,36,0,187,0,0,17,2,356,187,127,356,143399.13,1464.3,13,14,19,13,21,234,0,0,0,91,223,0
31611,5,-0.08,-0.04,-0.45,-0.4,1,0.2,0.2,0.15,30,66.35,354,337,19,318,129,0,107,0,82,0,0,17,2,356,211,107,356,190361.58,1945.6,13,31,22,16,24,212,0,0,129,0,189,0
31612,5,-0.08,-0.04,-0.45,-0.4,1,0.2,0.2,0.15,40,58.73,354,337,22,315,140,99,22,9,17,28,0,17,2,356,185,130,356,147609.22,1502.25,26,45,41,26,42,33,19,83,140,99,39,37
31613,5,-0.08,-0.04,-0.45,-0.4,1,0.2,0.2,0.15,40,57.28,354,337,28,309,0,100,23,9,55,122,0,17,2,356,177,132,356,165741.32,1684.17,13,14,19,13,21,11,7,211,0,100,78,131
31614,5,-0.08,-0.04,-0.45,-0.4,1,0.2,0.2,0.15,40,67.95,354,337,25,312,152,0,72,28,19,41,0,17,2,356,212,100,356,224259.87,2294.53,13,31,22,16,24,23,17,166,152,0,91,69
31615,5,-0.08,-0.04,-0.45,-0.4,1,0.2,0.2,0.15,50,58.41,354,337,22,315,140,102,0,29,0,44,0,17,2,356,184,131,356,143142.12,1455.5,26,45,41,26,42,33,19,83,140,102,0,73
31616,5,-0.08,-0.04,-0.45,-0.4,1,0.2,0.2,0.15,50,56.31,354,337,28,309,0,103,0,32,0,174,0,17,2,356,174,135,356,159763.91,1621.08,13,14,19,13,21,11,7,211,0,103,0,206
31617,5,-0.08,-0.04,-0.45,-0.4,1,0.2,0.2,0.15,50,67.31,354,337,25,312,152,0,0,102,0,58,0,17,2,356,210,102,356,217584.79,2222.77,13,31,22,16,24,23,17,166,152,0,0,160
31618,5,-0.08,-0.04,-0.45,-0.4,1,0.2,0.2,0.15,60,58.41,354,337,22,315,140,102,0,29,0,44,0,17,2,356,184,131,356,143142.12,1455.5,26,45,41,26,42,33,19,83,140,102,0,73
31619,5,-0.08,-0.04,-0.45,-0.4,1,0.2,0.2,0.15,60,56.31,354,337,28,309,0,103,0,32,0,174,0,17,2,356,174,135,356,159763.91,1621.08,13,14,19,13,21,11,7,211,0,103,0,206
31620,5,-0.08,-0.04,-0.45,-0.4,1,0.2,0.2,0.15,60,67.31,354,337,25,312,152,0,0,102,0,58,0,17,2,356,210,102,356,217584.79,2222.77,13,31,22,16,24,23,17,166,152,0,0,160
31621,5,-0.08,-0.04,-0.45,-0.4,2,0.1,0.1,0.15,20,69.91,354,337,8,329,201,55,44,0,29,0,0,17,2,356,230,99,356,114114.11,1327.81,112,71,48,98,0,0,0,0,201,55,73,0
31622,5,-0.08,-0.04,-0.45,-0.4,2,0.1,0.1,0.15,20,63.61,354,337,10,327,0,59,60,0,208,0,0,17,2,356,208,119,356,181421.26,1949.57,13,14,19,281,0,0,0,0,0,59,268,0
31623,5,-0.08,-0.04,-0.45,-0.4,2,0.1,0.1,0.15,20,73.86,354,337,8,329,211,0,86,0,32,0,0,17,2,356,243,86,356,144884.88,1561.11,99,60,36,134,0,0,0,0,211,0,118,0
31624,5,-0.08,-0.04,-0.45,-0.4,2,0.1,0.1,0.15,30,73.07,354,337,14,323,227,72,15,0,9,0,0,17,2,356,236,87,356,120496.12,1425.35,112,71,48,25,27,40,0,0,227,72,24,0
31625,5,-0.08,-0.04,-0.45,-0.4,2,0.1,0.1,0.15,30,61.78,354,337,23,314,0,91,29,0,194,0,0,17,2,356,194,120,356,220319.73,2179.07,13,14,19,13,21,234,0,0,0,91,223,0
31626,5,-0.08,-0.04,-0.45,-0.4,2,0.1,0.1,0.15,30,80.75,354,337,15,322,249,0,62,0,11,0,0,17,2,356,260,62,356,190784.47,1873.48,99,60,36,16,28,83,0,0,249,0,73,0
31627,5,-0.08,-0.04,-0.45,-0.4,2,0.1,0.1,0.15,40,73.52,354,337,16,321,233,78,6,1,2,1,0,17,2,356,236,85,356,121851.08,1453.42,112,71,48,25,27,16,4,18,233,78,8,2
31628,5,-0.08,-0.04,-0.45,-0.4,2,0.1,0.1,0.15,40,59.22,354,337,28,309,0,100,20,6,58,125,0,17,2,356,183,126,356,252904.27,2454.36,13,14,19,13,21,11,7,211,0,100,78,131
31629,5,-0.08,-0.04,-0.45,-0.4,2,0.1,0.1,0.15,40,84.59,354,337,19,318,261,0,37,12,4,4,0,17,2,356,269,49,356,219705.01,2043.39,99,60,36,16,28,10,6,63,261,0,41,16
31630,5,-0.08,-0.04,-0.45,-0.4,2,0.1,0.1,0.15,50,73.52,354,337,16,321,233,79,0,6,0,3,0,17,2,356,236,85,356,119706.2,1440.99,112,71,48,25,27,16,4,18,233,79,0,9
31631,5,-0.08,-0.04,-0.45,-0.4,2,0.1,0.1,0.15,50,58.25,354,337,28,309,0,103,0,26,0,180,0,17,2,356,180,129,356,243954.66,2394.9,13,14,19,13,21,11,7,211,0,103,0,206
31632,5,-0.08,-0.04,-0.45,-0.4,2,0.1,0.1,0.15,50,84.91,354,337,19,318,261,0,0,48,0,9,0,17,2,356,270,48,356,215863.36,2019.92,99,60,36,16,28,10,6,63,261,0,0,57
31633,5,-0.08,-0.04,-0.45,-0.4,2,0.1,0.1,0.15,60,73.52,354,337,16,321,233,79,0,6,0,3,0,17,2,356,236,85,356,119706.2,1440.99,112,71,48,25,27,16,4,18,233,79,0,9
31634,5,-0.08,-0.04,-0.45,-0.4,2,0.1,0.1,0.15,60,58.25,354,337,28,309,0,103,0,26,0,180,0,17,2,356,180,129,356,243954.66,2394.9,13,14,19,13,21,11,7,211,0,103,0,206
31635,5,-0.08,-0.04,-0.45,-0.4,2,0.1,0.1,0.15,60,84.91,354,337,19,318,261,0,0,48,0,9,0,17,2,356,270,48,356,215863.36,2019.92,99,60,36,16,28,10,6,63,261,0,0,57
31636,5,-0.08,-0.04,-0.45,-0.4,2,0.1,0.2,0.15,20,63.91,354,337,10,327,87,59,59,0,122,0,0,17,2,356,209,118,356,158288.89,1732.12,27,45,44,211,0,0,0,0,87,59,181,0
31637,5,-0.08,-0.04,-0.45,-0.4,2,0.1,0.2,0.15,20,63.61,354,337,10,327,0,59,60,0,208,0,0,17,2,356,208,119,356,181421.26,1949.57,13,14,19,281,0,0,0,0,0,59,268,0
31638,5,-0.08,-0.04,-0.45,-0.4,2,0.1,0.2,0.15,20,67.28,354,337,10,327,91,0,107,0,129,0,0,17,2,356,220,107,356,194547.86,2009.31,14,31,25,257,0,0,0,0,91,0,236,0
31639,5,-0.08,-0.04,-0.45,-0.4,2,0.1,0.2,0.15,30,63.01,354,337,18,319,130,90,28,0,71,0,0,17,2,356,201,118,356,195178.14,2008.81,27,45,44,30,41,132,0,0,130,90,99,0
31640,5,-0.08,-0.04,-0.45,-0.4,2,0.1,0.2,0.15,30,61.78,354,337,23,314,0,91,29,0,194,0,0,17,2,356,194,120,356,220319.73,2179.07,13,14,19,13,21,234,0,0,0,91,223,0
31641,5,-0.08,-0.04,-0.45,-0.4,2,0.1,0.2,0.15,30,71.38,354,337,19,318,143,0,91,0,84,0,0,17,2,356,227,91,356,293492.46,2614.67,14,31,25,21,24,203,0,0,143,0,175,0
31642,5,-0.08,-0.04,-0.45,-0.4,2,0.1,0.2,0.15,40,60.95,354,337,22,315,147,98,19,6,18,27,0,17,2,356,192,123,356,207487.6,2138.72,27,45,44,30,41,33,16,79,147,98,37,33
31643,5,-0.08,-0.04,-0.45,-0.4,2,0.1,0.2,0.15,40,59.22,354,337,28,309,0,100,20,6,58,125,0,17,2,356,183,126,356,252904.27,2454.36,13,14,19,13,21,11,7,211,0,100,78,131
31644,5,-0.08,-0.04,-0.45,-0.4,2,0.1,0.2,0.15,40,72.76,354,337,25,312,166,0,64,21,24,37,0,17,2,356,227,85,356,344547.1,2943.04,14,31,25,21,24,28,13,156,166,0,88,58
31645,5,-0.08,-0.04,-0.45,-0.4,2,0.1,0.2,0.15,50,60.63,354,337,22,315,147,101,0,23,0,44,0,17,2,356,191,124,356,200896.39,2097.82,27,45,44,30,41,33,16,79,147,101,0,67
31646,5,-0.08,-0.04,-0.45,-0.4,2,0.1,0.2,0.15,50,58.25,354,337,28,309,0,103,0,26,0,180,0,17,2,356,180,129,356,243954.66,2394.9,13,14,19,13,21,11,7,211,0,103,0,206
31647,5,-0.08,-0.04,-0.45,-0.4,2,0.1,0.2,0.15,50,73.08,354,337,25,312,166,0,0,84,0,62,0,17,2,356,228,84,356,333631.37,2877.68,14,31,25,21,24,28,13,156,166,0,0,146
31648,5,-0.08,-0.04,-0.45,-0.4,2,0.1,0.2,0.15,60,60.63,354,337,22,315,147,101,0,23,0,44,0,17,2,356,191,124,356,200896.39,2097.82,27,45,44,30,41,33,16,79,147,101,0,67
31649,5,-0.08,-0.04,-0.45,-0.4,2,0.1,0.2,0.15,60,58.25,354,337,28,309,0,103,0,26,0,180,0,17,2,356,180,129,356,243954.66,2394.9,13,14,19,13,21,11,7,211,0,103,0,206
31650,5,-0.08,-0.04,-0.45,-0.4,2,0.1,0.2,0.15,60,73.08,354,337,25,312,166,0,0,84,0,62,0,17,2,356,228,84,356,333631.37,2877.68,14,31,25,21,24,28,13,156,166,0,0,146
31651,5,-0.08,-0.04,-0.45,-0.4,2,0.2,0.1,0.15,20,65.05,354,337,8,329,186,56,59,0,28,0,0,17,2,356,214,115,356,77576.51,792.92,106,66,44,113,0,0,0,0,186,56,87,0
31652,5,-0.08,-0.04,-0.45,-0.4,2,0.2,0.1,0.15,20,59.33,354,337,10,327,0,59,74,0,194,0,0,17,2,356,194,133,356,130771.01,1343.13,13,14,19,281,0,0,0,0,0,59,268,0
31653,5,-0.08,-0.04,-0.45,-0.4,2,0.2,0.1,0.15,20,67.48,354,337,8,329,193,0,107,0,29,0,0,17,2,356,222,107,356,96975.42,989.94,93,53,29,154,0,0,0,0,193,0,136,0
31654,5,-0.08,-0.04,-0.45,-0.4,2,0.2,0.1,0.15,30,69.66,354,337,14,323,216,77,21,0,9,0,0,17,2,356,225,98,356,89431.46,907.78,106,66,44,26,28,53,0,0,216,77,30,0
31655,5,-0.08,-0.04,-0.45,-0.4,2,0.2,0.1,0.15,30,59.55,354,337,23,314,0,91,36,0,187,0,0,17,2,356,187,127,356,143399.13,1464.3,13,14,19,13,21,234,0,0,0,91,223,0
31656,5,-0.08,-0.04,-0.45,-0.4,2,0.2,0.1,0.15,30,74.53,354,337,15,322,229,0,82,0,11,0,0,17,2,356,240,82,356,130123.32,1329.11,93,53,29,18,20,109,0,0,229,0,93,0
31657,5,-0.08,-0.04,-0.45,-0.4,2,0.2,0.1,0.15,40,69.78,354,337,16,321,221,84,9,4,2,1,0,17,2,356,224,97,356,88266.59,896.2,106,66,44,26,28,23,4,24,221,84,11,5
31658,5,-0.08,-0.04,-0.45,-0.4,2,0.2,0.1,0.15,40,57.28,354,337,28,309,0,100,23,9,55,122,0,17,2,356,177,132,356,165741.32,1684.17,13,14,19,13,21,11,7,211,0,100,78,131
31659,5,-0.08,-0.04,-0.45,-0.4,2,0.2,0.1,0.15,40,77.67,354,337,19,318,238,0,50,21,2,7,0,17,2,356,247,71,356,144142.66,1473.86,93,53,29,18,20,16,1,88,238,0,52,28
31660,5,-0.08,-0.04,-0.45,-0.4,2,0.2,0.1,0.15,50,69.78,354,337,16,321,221,85,0,12,0,3,0,17,2,356,224,97,356,86791.99,881.28,106,66,44,26,28,23,4,24,221,85,0,15
31661,5,-0.08,-0.04,-0.45,-0.4,2,0.2,0.1,0.15,50,56.31,354,337,28,309,0,103,0,32,0,174,0,17,2,356,174,135,356,159763.91,1621.08,13,14,19,13,21,11,7,211,0,103,0,206
31662,5,-0.08,-0.04,-0.45,-0.4,2,0.2,0.1,0.15,50,77.67,354,337,19,318,238,0,0,71,0,9,0,17,2,356,247,71,356,141703.45,1446.51,93,53,29,18,20,16,1,88,238,0,0,80
31663,5,-0.08,-0.04,-0.45,-0.4,2,0.2,0.1,0.15,60,69.78,354,337,16,321,221,85,0,12,0,3,0,17,2,356,224,97,356,86791.99,881.28,106,66,44,26,28,23,4,24,221,85,0,15
31664,5,-0.08,-0.04,-0.45,-0.4,2,0.2,0.1,0.15,60,56.31,354,337,28,309,0,103,0,32,0,174,0,17,2,356,174,135,356,159763.91,1621.08,13,14,19,13,21,11,7,211,0,103,0,206
31665,5,-0.08,-0.04,-0.45,-0.4,2,0.2,0.1,0.15,60,77.67,354,337,19,318,238,0,0,71,0,9,0,17,2,356,247,71,356,141703.45,1446.51,93,53,29,18,20,16,1,88,238,0,0,80
31666,5,-0.08,-0.04,-0.45,-0.4,2,0.2,0.2,0.15,20,59.33,354,337,10,327,79,59,74,0,115,0,0,17,2,356,194,133,356,109854.7,1126.21,26,45,41,215,0,0,0,0,79,59,189,0
31667,5,-0.08,-0.04,-0.45,-0.4,2,0.2,0.2,0.15,20,59.33,354,337,10,327,0,59,74,0,194,0,0,17,2,356,194,133,356,130771.01,1343.13,13,14,19,281,0,0,0,0,0,59,268,0
31668,5,-0.08,-0.04,-0.45,-0.4,2,0.2,0.2,0.15,20,61.77,354,337,10,327,82,0,125,0,120,0,0,17,2,356,202,125,356,131790.37,1350.51,13,31,22,261,0,0,0,0,82,0,245,0
31669,5,-0.08,-0.04,-0.45,-0.4,2,0.2,0.2,0.15,30,60.5,354,337,18,319,122,91,35,0,71,0,0,17,2,356,193,126,356,135574.95,1378.49,26,45,41,26,42,139,0,0,122,91,106,0
31670,5,-0.08,-0.04,-0.45,-0.4,2,0.2,0.2,0.15,30,59.55,354,337,23,314,0,91,36,0,187,0,0,17,2,356,187,127,356,143399.13,1464.3,13,14,19,13,21,234,0,0,0,91,223,0
31671,5,-0.08,-0.04,-0.45,-0.4,2,0.2,0.2,0.15,30,66.35,354,337,19,318,129,0,107,0,82,0,0,17,2,356,211,107,356,190361.58,1945.6,13,31,22,16,24,212,0,0,129,0,189,0
31672,5,-0.08,-0.04,-0.45,-0.4,2,0.2,0.2,0.15,40,58.73,354,337,22,315,140,99,22,9,17,28,0,17,2,356,185,130,356,147609.22,1502.25,26,45,41,26,42,33,19,83,140,99,39,37
31673,5,-0.08,-0.04,-0.45,-0.4,2,0.2,0.2,0.15,40,57.28,354,337,28,309,0,100,23,9,55,122,0,17,2,356,177,132,356,165741.32,1684.17,13,14,19,13,21,11,7,211,0,100,78,131
31674,5,-0.08,-0.04,-0.45,-0.4,2,0.2,0.2,0.15,40,67.95,354,337,25,312,152,0,72,28,19,41,0,17,2,356,212,100,356,224259.87,2294.53,13,31,22,16,24,23,17,166,152,0,91,69
31675,5,-0.08,-0.04,-0.45,-0.4,2,0.2,0.2,0.15,50,58.41,354,337,22,315,140,102,0,29,0,44,0,17,2,356,184,131,356,143142.12,1455.5,26,45,41,26,42,33,19,83,140,102,0,73
31676,5,-0.08,-0.04,-0.45,-0.4,2,0.2,0.2,0.15,50,56.31,354,337,28,309,0,103,0,32,0,174,0,17,2,356,174,135,356,159763.91,1621.08,13,14,19,13,21,11,7,211,0,103,0,206
31677,5,-0.08,-0.04,-0.45,-0.4,2,0.2,0.2,0.15,50,67.31,354,337,25,312,152,0,0,102,0,58,0,17,2,356,210,102,356,217584.79,2222.77,13,31,22,16,24,23,17,166,152,0,0,160
31678,5,-0.08,-0.04,-0.45,-0.4,2,0.2,0.2,0.15,60,58.41,354,337,22,315,140,102,0,29,0,44,0,17,2,356,184,131,356,143142.12,1455.5,26,45,41,26,42,33,19,83,140,102,0,73
31679,5,-0.08,-0.04,-0.45,-0.4,2,0.2,0.2,0.15,60,56.31,354,337,28,309,0,103,0,32,0,174,0,17,2,356,174,135,356,159763.91,1621.08,13,14,19,13,21,11,7,211,0,103,0,206
31680,5,-0.08,-0.04,-0.45,-0.4,2,0.2,0.2,0.15,60,67.31,354,337,25,312,152,0,0,102,0,58,0,17,2,356,210,102,356,217584.79,2222.77,13,31,22,16,24,23,17,166,152,0,0,160
31681,5,-0.08,-0.04,-0.45,-0.35,1,0.1,0.1,0.15,20,64.78,773,745,21,724,404,119,136,0,65,0,0,28,8,781,469,255,781,167729.5,1725.74,238,145,94,247,0,0,0,0,404,119,201,0
31682,5,-0.08,-0.04,-0.45,-0.35,1,0.1,0.1,0.15,20,55.77,772,744,25,719,0,133,185,0,401,0,0,28,9,781,401,318,781,214902.22,2238.79,28,35,41,615,0,0,0,0,0,133,586,0
31683,5,-0.08,-0.04,-0.45,-0.35,1,0.1,0.1,0.15,20,67.55,771,743,22,721,416,0,234,0,71,0,0,28,10,781,487,234,781,217920.54,2233.63,210,114,61,336,0,0,0,0,416,0,305,0
31684,5,-0.08,-0.04,-0.45,-0.35,1,0.1,0.1,0.15,30,69.14,773,745,32,713,469,162,58,0,24,0,0,28,8,781,493,220,781,191857.73,1973.42,238,145,94,46,60,130,0,0,469,162,82,0
31685,5,-0.08,-0.04,-0.45,-0.35,1,0.1,0.1,0.15,30,56.69,772,744,49,695,0,202,99,0,394,0,0,28,9,781,394,301,781,235409.15,2442.38,28,35,41,29,48,514,0,0,0,202,493,0
31686,5,-0.08,-0.04,-0.45,-0.35,1,0.1,0.1,0.15,30,74.15,771,743,35,708,494,0,183,0,31,0,0,28,10,781,525,183,781,283537.79,2910.4,210,114,61,31,43,249,0,0,494,0,214,0
31687,5,-0.08,-0.04,-0.45,-0.35,1,0.1,0.1,0.15,40,69.15,773,745,35,710,481,181,25,13,4,6,0,28,8,781,491,219,781,186461.2,1917.77,238,145,94,46,60,48,13,66,481,181,29,19
31688,5,-0.08,-0.04,-0.45,-0.35,1,0.1,0.1,0.15,40,54.72,772,744,55,689,0,230,58,24,121,256,0,28,9,781,377,312,781,266106.9,2756.65,28,35,41,29,48,21,22,465,0,230,179,280
31689,5,-0.08,-0.04,-0.45,-0.35,1,0.1,0.1,0.15,40,76.67,771,743,40,703,517,0,114,50,5,17,0,28,10,781,539,164,781,301590.7,3091.45,210,114,61,31,43,35,10,199,517,0,119,67
31690,5,-0.08,-0.04,-0.45,-0.35,1,0.1,0.1,0.15,50,69.01,773,745,35,710,481,183,0,37,0,9,0,28,8,781,490,220,781,183601.39,1887.63,238,145,94,46,60,48,13,66,481,183,0,46
31691,5,-0.08,-0.04,-0.45,-0.35,1,0.1,0.1,0.15,50,54.14,772,744,55,689,0,236,0,80,0,373,0,28,9,781,373,316,781,252877.21,2617.03,28,35,41,29,48,21,22,465,0,236,0,453
31692,5,-0.08,-0.04,-0.45,-0.35,1,0.1,0.1,0.15,50,76.67,771,743,40,703,517,0,0,164,0,22,0,28,10,781,539,164,781,297001.72,3042.19,210,114,61,31,43,35,10,199,517,0,0,186
31693,5,-0.08,-0.04,-0.45,-0.35,1,0.1,0.1,0.15,60,69.01,773,745,35,710,481,183,0,37,0,9,0,28,8,781,490,220,781,183601.39,1887.63,238,145,94,46,60,48,13,66,481,183,0,46
31694,5,-0.08,-0.04,-0.45,-0.35,1,0.1,0.1,0.15,60,54.14,772,744,55,689,0,236,0,80,0,373,0,28,9,781,373,316,781,252877.21,2617.03,28,35,41,29,48,21,22,465,0,236,0,453
31695,5,-0.08,-0.04,-0.45,-0.35,1,0.1,0.1,0.15,60,76.67,771,743,40,703,517,0,0,164,0,22,0,28,10,781,539,164,781,297001.72,3042.19,210,114,61,31,43,35,10,199,517,0,0,186
31696,5,-0.08,-0.04,-0.45,-0.35,1,0.1,0.2,0.15,20,56.51,773,745,23,722,166,132,182,0,242,0,0,28,8,781,408,314,781,208722.39,2158.34,55,89,93,485,0,0,0,0,166,132,424,0
31697,5,-0.08,-0.04,-0.45,-0.35,1,0.1,0.2,0.15,20,55.77,772,744,25,719,0,133,185,0,401,0,0,28,9,781,401,318,781,214902.22,2238.79,28,35,41,615,0,0,0,0,0,133,586,0
31698,5,-0.08,-0.04,-0.45,-0.35,1,0.1,0.2,0.15,20,58.97,771,743,24,719,169,0,295,0,255,0,0,28,10,781,424,295,781,261387.34,2692.56,27,54,52,586,0,0,0,0,169,0,550,0
31699,5,-0.08,-0.04,-0.45,-0.35,1,0.1,0.2,0.15,30,58.72,773,745,40,705,250,200,91,0,164,0,0,28,8,781,414,291,781,257803.1,2656.51,55,89,93,61,96,311,0,0,250,200,255,0
31700,5,-0.08,-0.04,-0.45,-0.35,1,0.1,0.2,0.15,30,56.69,772,744,49,695,0,202,99,0,394,0,0,28,9,781,394,301,781,235409.15,2442.38,28,35,41,29,48,514,0,0,0,202,493,0
31701,5,-0.08,-0.04,-0.45,-0.35,1,0.1,0.2,0.15,30,64.43,771,743,43,700,264,0,249,0,187,0,0,28,10,781,451,249,781,373132.28,3833.04,27,54,52,36,57,474,0,0,264,0,436,0
31702,5,-0.08,-0.04,-0.45,-0.35,1,0.1,0.2,0.15,40,57.29,773,745,45,700,286,223,52,24,44,71,0,28,8,781,401,299,781,277902.59,2871.92,55,89,93,61,96,56,36,214,286,223,96,95
31703,5,-0.08,-0.04,-0.45,-0.35,1,0.1,0.2,0.15,40,54.72,772,744,55,689,0,230,58,24,121,256,0,28,9,781,377,312,781,266106.9,2756.65,28,35,41,29,48,21,22,465,0,230,179,280
31704,5,-0.08,-0.04,-0.45,-0.35,1,0.1,0.2,0.15,40,65.66,771,743,50,693,310,0,171,67,51,94,0,28,10,781,455,238,781,432001.43,4441.19,27,54,52,36,57,38,33,396,310,0,222,161
31705,5,-0.08,-0.04,-0.45,-0.35,1,0.1,0.2,0.15,50,57.0,773,745,45,700,288,228,0,73,0,111,0,28,8,781,399,301,781,269585.32,2784.79,55,89,93,61,96,56,36,214,288,228,0,184
31706,5,-0.08,-0.04,-0.45,-0.35,1,0.1,0.2,0.15,50,54.14,772,744,55,689,0,236,0,80,0,373,0,28,9,781,373,316,781,252877.21,2617.03,28,35,41,29,48,21,22,465,0,236,0,453
31707,5,-0.08,-0.04,-0.45,-0.35,1,0.1,0.2,0.15,50,65.51,771,743,50,693,312,0,0,239,0,142,0,28,10,781,454,239,781,418965.29,4304.54,27,54,52,36,57,38,33,396,312,0,0,381
31708,5,-0.08,-0.04,-0.45,-0.35,1,0.1,0.2,0.15,60,57.0,773,745,45,700,288,228,0,73,0,111,0,28,8,781,399,301,781,269585.32,2784.79,55,89,93,61,96,56,36,214,288,228,0,184
31709,5,-0.08,-0.04,-0.45,-0.35,1,0.1,0.2,0.15,60,54.14,772,744,55,689,0,236,0,80,0,373,0,28,9,781,373,316,781,252877.21,2617.03,28,35,41,29,48,21,22,465,0,236,0,453
31710,5,-0.08,-0.04,-0.45,-0.35,1,0.1,0.2,0.15,60,65.51,771,743,50,693,312,0,0,239,0,142,0,28,10,781,454,239,781,418965.29,4304.54,27,54,52,36,57,38,33,396,312,0,0,381
31711,5,-0.08,-0.04,-0.45,-0.35,1,0.2,0.1,0.15,20,64.78,773,745,21,724,404,119,136,0,65,0,0,28,8,781,469,255,781,167729.5,1725.74,238,145,94,247,0,0,0,0,404,119,201,0
31712,5,-0.08,-0.04,-0.45,-0.35,1,0.2,0.1,0.15,20,55.77,772,744,25,719,0,133,185,0,401,0,0,28,9,781,401,318,781,214902.22,2238.79,28,35,41,615,0,0,0,0,0,133,586,0
31713,5,-0.08,-0.04,-0.45,-0.35,1,0.2,0.1,0.15,20,67.55,771,743,22,721,416,0,234,0,71,0,0,28,10,781,487,234,781,217920.54,2233.63,210,114,61,336,0,0,0,0,416,0,305,0
31714,5,-0.08,-0.04,-0.45,-0.35,1,0.2,0.1,0.15,30,69.14,773,745,32,713,469,162,58,0,24,0,0,28,8,781,493,220,781,191857.73,1973.42,238,145,94,46,60,130,0,0,469,162,82,0
31715,5,-0.08,-0.04,-0.45,-0.35,1,0.2,0.1,0.15,30,56.69,772,744,49,695,0,202,99,0,394,0,0,28,9,781,394,301,781,235409.15,2442.38,28,35,41,29,48,514,0,0,0,202,493,0
31716,5,-0.08,-0.04,-0.45,-0.35,1,0.2,0.1,0.15,30,74.15,771,743,35,708,494,0,183,0,31,0,0,28,10,781,525,183,781,283537.79,2910.4,210,114,61,31,43,249,0,0,494,0,214,0
31717,5,-0.08,-0.04,-0.45,-0.35,1,0.2,0.1,0.15,40,69.15,773,745,35,710,481,181,25,13,4,6,0,28,8,781,491,219,781,186461.2,1917.77,238,145,94,46,60,48,13,66,481,181,29,19
31718,5,-0.08,-0.04,-0.45,-0.35,1,0.2,0.1,0.15,40,54.72,772,744,55,689,0,230,58,24,121,256,0,28,9,781,377,312,781,266106.9,2756.65,28,35,41,29,48,21,22,465,0,230,179,280
31719,5,-0.08,-0.04,-0.45,-0.35,1,0.2,0.1,0.15,40,76.67,771,743,40,703,517,0,114,50,5,17,0,28,10,781,539,164,781,301590.7,3091.45,210,114,61,31,43,35,10,199,517,0,119,67
31720,5,-0.08,-0.04,-0.45,-0.35,1,0.2,0.1,0.15,50,69.01,773,745,35,710,481,183,0,37,0,9,0,28,8,781,490,220,781,183601.39,1887.63,238,145,94,46,60,48,13,66,481,183,0,46
31721,5,-0.08,-0.04,-0.45,-0.35,1,0.2,0.1,0.15,50,54.14,772,744,55,689,0,236,0,80,0,373,0,28,9,781,373,316,781,252877.21,2617.03,28,35,41,29,48,21,22,465,0,236,0,453
31722,5,-0.08,-0.04,-0.45,-0.35,1,0.2,0.1,0.15,50,76.67,771,743,40,703,517,0,0,164,0,22,0,28,10,781,539,164,781,297001.72,3042.19,210,114,61,31,43,35,10,199,517,0,0,186
31723,5,-0.08,-0.04,-0.45,-0.35,1,0.2,0.1,0.15,60,69.01,773,745,35,710,481,183,0,37,0,9,0,28,8,781,490,220,781,183601.39,1887.63,238,145,94,46,60,48,13,66,481,183,0,46
31724,5,-0.08,-0.04,-0.45,-0.35,1,0.2,0.1,0.15,60,54.14,772,744,55,689,0,236,0,80,0,373,0,28,9,781,373,316,781,252877.21,2617.03,28,35,41,29,48,21,22,465,0,236,0,453
31725,5,-0.08,-0.04,-0.45,-0.35,1,0.2,0.1,0.15,60,76.67,771,743,40,703,517,0,0,164,0,22,0,28,10,781,539,164,781,297001.72,3042.19,210,114,61,31,43,35,10,199,517,0,0,186
31726,5,-0.08,-0.04,-0.45,-0.35,1,0.2,0.2,0.15,20,56.51,773,745,23,722,166,132,182,0,242,0,0,28,8,781,408,314,781,208722.39,2158.34,55,89,93,485,0,0,0,0,166,132,424,0
31727,5,-0.08,-0.04,-0.45,-0.35,1,0.2,0.2,0.15,20,55.77,772,744,25,719,0,133,185,0,401,0,0,28,9,781,401,318,781,214902.22,2238.79,28,35,41,615,0,0,0,0,0,133,586,0
31728,5,-0.08,-0.04,-0.45,-0.35,1,0.2,0.2,0.15,20,58.97,771,743,24,719,169,0,295,0,255,0,0,28,10,781,424,295,781,261387.34,2692.56,27,54,52,586,0,0,0,0,169,0,550,0
31729,5,-0.08,-0.04,-0.45,-0.35,1,0.2,0.2,0.15,30,58.72,773,745,40,705,250,200,91,0,164,0,0,28,8,781,414,291,781,257803.1,2656.51,55,89,93,61,96,311,0,0,250,200,255,0
31730,5,-0.08,-0.04,-0.45,-0.35,1,0.2,0.2,0.15,30,56.69,772,744,49,695,0,202,99,0,394,0,0,28,9,781,394,301,781,235409.15,2442.38,28,35,41,29,48,514,0,0,0,202,493,0
31731,5,-0.08,-0.04,-0.45,-0.35,1,0.2,0.2,0.15,30,64.43,771,743,43,700,264,0,249,0,187,0,0,28,10,781,451,249,781,373132.28,3833.04,27,54,52,36,57,474,0,0,264,0,436,0
31732,5,-0.08,-0.04,-0.45,-0.35,1,0.2,0.2,0.15,40,57.29,773,745,45,700,286,223,52,24,44,71,0,28,8,781,401,299,781,277902.59,2871.92,55,89,93,61,96,56,36,214,286,223,96,95
31733,5,-0.08,-0.04,-0.45,-0.35,1,0.2,0.2,0.15,40,54.72,772,744,55,689,0,230,58,24,121,256,0,28,9,781,377,312,781,266106.9,2756.65,28,35,41,29,48,21,22,465,0,230,179,280
31734,5,-0.08,-0.04,-0.45,-0.35,1,0.2,0.2,0.15,40,65.66,771,743,50,693,310,0,171,67,51,94,0,28,10,781,455,238,781,432001.43,4441.19,27,54,52,36,57,38,33,396,310,0,222,161
31735,5,-0.08,-0.04,-0.45,-0.35,1,0.2,0.2,0.15,50,57.0,773,745,45,700,288,228,0,73,0,111,0,28,8,781,399,301,781,269585.32,2784.79,55,89,93,61,96,56,36,214,288,228,0,184
31736,5,-0.08,-0.04,-0.45,-0.35,1,0.2,0.2,0.15,50,54.14,772,744,55,689,0,236,0,80,0,373,0,28,9,781,373,316,781,252877.21,2617.03,28,35,41,29,48,21,22,465,0,236,0,453
31737,5,-0.08,-0.04,-0.45,-0.35,1,0.2,0.2,0.15,50,65.51,771,743,50,693,312,0,0,239,0,142,0,28,10,781,454,239,781,418965.29,4304.54,27,54,52,36,57,38,33,396,312,0,0,381
31738,5,-0.08,-0.04,-0.45,-0.35,1,0.2,0.2,0.15,60,57.0,773,745,45,700,288,228,0,73,0,111,0,28,8,781,399,301,781,269585.32,2784.79,55,89,93,61,96,56,36,214,288,228,0,184
31739,5,-0.08,-0.04,-0.45,-0.35,1,0.2,0.2,0.15,60,54.14,772,744,55,689,0,236,0,80,0,373,0,28,9,781,373,316,781,252877.21,2617.03,28,35,41,29,48,21,22,465,0,236,0,453
31740,5,-0.08,-0.04,-0.45,-0.35,1,0.2,0.2,0.15,60,65.51,771,743,50,693,312,0,0,239,0,142,0,28,10,781,454,239,781,418965.29,4304.54,27,54,52,36,57,38,33,396,312,0,0,381
31741,5,-0.08,-0.04,-0.45,-0.35,2,0.1,0.1,0.15,20,69.2,773,745,21,724,440,116,107,0,61,0,0,28,8,781,501,223,781,247311.5,2903.07,250,156,100,218,0,0,0,0,440,116,168,0
31742,5,-0.08,-0.04,-0.45,-0.35,2,0.1,0.1,0.15,20,60.08,772,744,25,719,0,133,154,0,432,0,0,28,9,781,432,287,781,307278.44,3581.47,28,35,41,615,0,0,0,0,0,133,586,0
31743,5,-0.08,-0.04,-0.45,-0.35,2,0.1,0.1,0.15,20,73.93,771,743,22,721,459,0,188,0,74,0,0,28,10,781,533,188,781,329283.75,3476.2,222,128,76,295,0,0,0,0,459,0,262,0
31744,5,-0.08,-0.04,-0.45,-0.35,2,0.1,0.1,0.15,30,72.51,773,745,32,713,495,154,42,0,22,0,0,28,8,781,517,196,781,256453.43,3115.36,250,156,100,50,59,98,0,0,495,154,64,0
31745,5,-0.08,-0.04,-0.45,-0.35,2,0.1,0.1,0.15,30,59.42,772,744,49,695,0,202,80,0,413,0,0,28,9,781,413,282,781,371873.6,4041.46,28,35,41,29,48,514,0,0,0,202,493,0
31746,5,-0.08,-0.04,-0.45,-0.35,2,0.1,0.1,0.15,30,80.65,771,743,35,708,538,0,137,0,33,0,0,28,10,781,571,137,781,412290.93,4094.09,222,128,76,33,53,196,0,0,538,0,170,0
31747,5,-0.08,-0.04,-0.45,-0.35,2,0.1,0.1,0.15,40,73.1,773,745,35,710,508,168,17,6,5,6,0,28,8,781,519,191,781,261506.6,3171.48,250,156,100,50,59,34,12,49,508,168,22,12
31748,5,-0.08,-0.04,-0.45,-0.35,2,0.1,0.1,0.15,40,57.62,772,744,55,689,0,230,47,15,132,265,0,28,9,781,397,292,781,426758.79,4498.81,28,35,41,29,48,21,22,465,0,230,179,280
31749,5,-0.08,-0.04,-0.45,-0.35,2,0.1,0.1,0.15,40,83.93,771,743,40,703,564,0,87,26,11,15,0,28,10,781,590,113,781,456863.26,4350.21,222,128,76,33,53,26,18,147,564,0,98,41
31750,5,-0.08,-0.04,-0.45,-0.35,2,0.1,0.1,0.15,50,72.82,773,745,35,710,508,170,0,23,0,9,0,28,8,781,517,193,781,255990.76,3141.36,250,156,100,50,59,34,12,49,508,170,0,32
31751,5,-0.08,-0.04,-0.45,-0.35,2,0.1,0.1,0.15,50,56.89,772,744,55,689,0,236,0,61,0,392,0,28,9,781,392,297,781,406963.49,4370.89,28,35,41,29,48,21,22,465,0,236,0,453
31752,5,-0.08,-0.04,-0.45,-0.35,2,0.1,0.1,0.15,50,83.78,771,743,40,703,564,0,0,114,0,25,0,28,10,781,589,114,781,444826.46,4284.57,222,128,76,33,53,26,18,147,564,0,0,139
31753,5,-0.08,-0.04,-0.45,-0.35,2,0.1,0.1,0.15,60,72.82,773,745,35,710,508,170,0,23,0,9,0,28,8,781,517,193,781,255990.76,3141.36,250,156,100,50,59,34,12,49,508,170,0,32
31754,5,-0.08,-0.04,-0.45,-0.35,2,0.1,0.1,0.15,60,56.89,772,744,55,689,0,236,0,61,0,392,0,28,9,781,392,297,781,406963.49,4370.89,28,35,41,29,48,21,22,465,0,236,0,453
31755,5,-0.08,-0.04,-0.45,-0.35,2,0.1,0.1,0.15,60,83.78,771,743,40,703,564,0,0,114,0,25,0,28,10,781,589,114,781,444826.46,4284.57,222,128,76,33,53,26,18,147,564,0,0,139
31756,5,-0.08,-0.04,-0.45,-0.35,2,0.1,0.2,0.15,20,60.8,773,745,23,722,182,132,151,0,257,0,0,28,8,781,439,283,781,308331.68,3529.87,57,93,97,475,0,0,0,0,182,132,408,0
31757,5,-0.08,-0.04,-0.45,-0.35,2,0.1,0.2,0.15,20,60.08,772,744,25,719,0,133,154,0,432,0,0,28,9,781,432,287,781,307278.44,3581.47,28,35,41,615,0,0,0,0,0,133,586,0
31758,5,-0.08,-0.04,-0.45,-0.35,2,0.1,0.2,0.15,20,65.37,771,743,24,719,188,0,249,0,282,0,0,28,10,781,470,249,781,397959.67,4179.75,29,58,57,575,0,0,0,0,188,0,531,0
31759,5,-0.08,-0.04,-0.45,-0.35,2,0.1,0.2,0.15,30,61.28,773,745,40,705,269,199,74,0,163,0,0,28,8,781,432,273,781,378548.29,4161.04,57,93,97,67,97,294,0,0,269,199,237,0
31760,5,-0.08,-0.04,-0.45,-0.35,2,0.1,0.2,0.15,30,59.42,772,744,49,695,0,202,80,0,413,0,0,28,9,781,413,282,781,371873.6,4041.46,28,35,41,29,48,514,0,0,0,202,493,0
31761,5,-0.08,-0.04,-0.45,-0.35,2,0.1,0.2,0.15,30,70.43,771,743,43,700,292,0,207,0,201,0,0,28,10,781,493,207,781,583031.39,5436.64,29,58,57,44,61,451,0,0,292,0,408,0
31762,5,-0.08,-0.04,-0.45,-0.35,2,0.1,0.2,0.15,40,60.57,773,745,45,700,306,222,40,14,50,68,0,28,8,781,424,276,781,401078.3,4387.02,57,93,97,67,97,57,35,197,306,222,90,82
31763,5,-0.08,-0.04,-0.45,-0.35,2,0.1,0.2,0.15,40,57.62,772,744,55,689,0,230,47,15,132,265,0,28,9,781,397,292,781,426758.79,4498.81,28,35,41,29,48,21,22,465,0,230,179,280
31764,5,-0.08,-0.04,-0.45,-0.35,2,0.1,0.2,0.15,40,72.29,771,743,50,693,342,0,147,45,64,95,0,28,10,781,501,192,781,675809.5,6019.08,29,58,57,44,61,43,30,371,342,0,211,140
31765,5,-0.08,-0.04,-0.45,-0.35,2,0.1,0.2,0.15,50,60.14,773,745,45,700,308,226,0,53,0,113,0,28,8,781,421,279,781,390913.93,4322.89,57,93,97,67,97,57,35,197,308,226,0,166
31766,5,-0.08,-0.04,-0.45,-0.35,2,0.1,0.2,0.15,50,56.89,772,744,55,689,0,236,0,61,0,392,0,28,9,781,392,297,781,406963.49,4370.89,28,35,41,29,48,21,22,465,0,236,0,453
31767,5,-0.08,-0.04,-0.45,-0.35,2,0.1,0.2,0.15,50,72.44,771,743,50,693,344,0,0,191,0,158,0,28,10,781,502,191,781,656564.55,5907.19,29,58,57,44,61,43,30,371,344,0,0,349
31768,5,-0.08,-0.04,-0.45,-0.35,2,0.1,0.2,0.15,60,60.14,773,745,45,700,308,226,0,53,0,113,0,28,8,781,421,279,781,390913.93,4322.89,57,93,97,67,97,57,35,197,308,226,0,166
31769,5,-0.08,-0.04,-0.45,-0.35,2,0.1,0.2,0.15,60,56.89,772,744,55,689,0,236,0,61,0,392,0,28,9,781,392,297,781,406963.49,4370.89,28,35,41,29,48,21,22,465,0,236,0,453
31770,5,-0.08,-0.04,-0.45,-0.35,2,0.1,0.2,0.15,60,72.44,771,743,50,693,344,0,0,191,0,158,0,28,10,781,502,191,781,656564.55,5907.19,29,58,57,44,61,43,30,371,344,0,0,349
31771,5,-0.08,-0.04,-0.45,-0.35,2,0.2,0.1,0.15,20,64.78,773,745,21,724,404,119,136,0,65,0,0,28,8,781,469,255,781,167729.5,1725.74,238,145,94,247,0,0,0,0,404,119,201,0
31772,5,-0.08,-0.04,-0.45,-0.35,2,0.2,0.1,0.15,20,55.77,772,744,25,719,0,133,185,0,401,0,0,28,9,781,401,318,781,214902.22,2238.79,28,35,41,615,0,0,0,0,0,133,586,0
31773,5,-0.08,-0.04,-0.45,-0.35,2,0.2,0.1,0.15,20,67.55,771,743,22,721,416,0,234,0,71,0,0,28,10,781,487,234,781,217920.54,2233.63,210,114,61,336,0,0,0,0,416,0,305,0
31774,5,-0.08,-0.04,-0.45,-0.35,2,0.2,0.1,0.15,30,69.14,773,745,32,713,469,162,58,0,24,0,0,28,8,781,493,220,781,191857.73,1973.42,238,145,94,46,60,130,0,0,469,162,82,0
31775,5,-0.08,-0.04,-0.45,-0.35,2,0.2,0.1,0.15,30,56.69,772,744,49,695,0,202,99,0,394,0,0,28,9,781,394,301,781,235409.15,2442.38,28,35,41,29,48,514,0,0,0,202,493,0
31776,5,-0.08,-0.04,-0.45,-0.35,2,0.2,0.1,0.15,30,74.15,771,743,35,708,494,0,183,0,31,0,0,28,10,781,525,183,781,283537.79,2910.4,210,114,61,31,43,249,0,0,494,0,214,0
31777,5,-0.08,-0.04,-0.45,-0.35,2,0.2,0.1,0.15,40,69.15,773,745,35,710,481,181,25,13,4,6,0,28,8,781,491,219,781,186461.2,1917.77,238,145,94,46,60,48,13,66,481,181,29,19
31778,5,-0.08,-0.04,-0.45,-0.35,2,0.2,0.1,0.15,40,54.72,772,744,55,689,0,230,58,24,121,256,0,28,9,781,377,312,781,266106.9,2756.65,28,35,41,29,48,21,22,465,0,230,179,280
31779,5,-0.08,-0.04,-0.45,-0.35,2,0.2,0.1,0.15,40,76.67,771,743,40,703,517,0,114,50,5,17,0,28,10,781,539,164,781,301590.7,3091.45,210,114,61,31,43,35,10,199,517,0,119,67
31780,5,-0.08,-0.04,-0.45,-0.35,2,0.2,0.1,0.15,50,69.01,773,745,35,710,481,183,0,37,0,9,0,28,8,781,490,220,781,183601.39,1887.63,238,145,94,46,60,48,13,66,481,183,0,46
31781,5,-0.08,-0.04,-0.45,-0.35,2,0.2,0.1,0.15,50,54.14,772,744,55,689,0,236,0,80,0,373,0,28,9,781,373,316,781,252877.21,2617.03,28,35,41,29,48,21,22,465,0,236,0,453
31782,5,-0.08,-0.04,-0.45,-0.35,2,0.2,0.1,0.15,50,76.67,771,743,40,703,517,0,0,164,0,22,0,28,10,781,539,164,781,297001.72,3042.19,210,114,61,31,43,35,10,199,517,0,0,186
31783,5,-0.08,-0.04,-0.45,-0.35,2,0.2,0.1,0.15,60,69.01,773,745,35,710,481,183,0,37,0,9,0,28,8,781,490,220,781,183601.39,1887.63,238,145,94,46,60,48,13,66,481,183,0,46
31784,5,-0.08,-0.04,-0.45,-0.35,2,0.2,0.1,0.15,60,54.14,772,744,55,689,0,236,0,80,0,373,0,28,9,781,373,316,781,252877.21,2617.03,28,35,41,29,48,21,22,465,0,236,0,453
31785,5,-0.08,-0.04,-0.45,-0.35,2,0.2,0.1,0.15,60,76.67,771,743,40,703,517,0,0,164,0,22,0,28,10,781,539,164,781,297001.72,3042.19,210,114,61,31,43,35,10,199,517,0,0,186
31786,5,-0.08,-0.04,-0.45,-0.35,2,0.2,0.2,0.15,20,56.51,773,745,23,722,166,132,182,0,242,0,0,28,8,781,408,314,781,208722.39,2158.34,55,89,93,485,0,0,0,0,166,132,424,0
31787,5,-0.08,-0.04,-0.45,-0.35,2,0.2,0.2,0.15,20,55.77,772,744,25,719,0,133,185,0,401,0,0,28,9,781,401,318,781,214902.22,2238.79,28,35,41,615,0,0,0,0,0,133,586,0
31788,5,-0.08,-0.04,-0.45,-0.35,2,0.2,0.2,0.15,20,58.97,771,743,24,719,169,0,295,0,255,0,0,28,10,781,424,295,781,261387.34,2692.56,27,54,52,586,0,0,0,0,169,0,550,0
31789,5,-0.08,-0.04,-0.45,-0.35,2,0.2,0.2,0.15,30,58.72,773,745,40,705,250,200,91,0,164,0,0,28,8,781,414,291,781,257803.1,2656.51,55,89,93,61,96,311,0,0,250,200,255,0
31790,5,-0.08,-0.04,-0.45,-0.35,2,0.2,0.2,0.15,30,56.69,772,744,49,695,0,202,99,0,394,0,0,28,9,781,394,301,781,235409.15,2442.38,28,35,41,29,48,514,0,0,0,202,493,0
31791,5,-0.08,-0.04,-0.45,-0.35,2,0.2,0.2,0.15,30,64.43,771,743,43,700,264,0,249,0,187,0,0,28,10,781,451,249,781,373132.28,3833.04,27,54,52,36,57,474,0,0,264,0,436,0
31792,5,-0.08,-0.04,-0.45,-0.35,2,0.2,0.2,0.15,40,57.29,773,745,45,700,286,223,52,24,44,71,0,28,8,781,401,299,781,277902.59,2871.92,55,89,93,61,96,56,36,214,286,223,96,95
31793,5,-0.08,-0.04,-0.45,-0.35,2,0.2,0.2,0.15,40,54.72,772,744,55,689,0,230,58,24,121,256,0,28,9,781,377,312,781,266106.9,2756.65,28,35,41,29,48,21,22,465,0,230,179,280
31794,5,-0.08,-0.04,-0.45,-0.35,2,0.2,0.2,0.15,40,65.66,771,743,50,693,310,0,171,67,51,94,0,28,10,781,455,238,781,432001.43,4441.19,27,54,52,36,57,38,33,396,310,0,222,161
31795,5,-0.08,-0.04,-0.45,-0.35,2,0.2,0.2,0.15,50,57.0,773,745,45,700,288,228,0,73,0,111,0,28,8,781,399,301,781,269585.32,2784.79,55,89,93,61,96,56,36,214,288,228,0,184
31796,5,-0.08,-0.04,-0.45,-0.35,2,0.2,0.2,0.15,50,54.14,772,744,55,689,0,236,0,80,0,373,0,28,9,781,373,316,781,252877.21,2617.03,28,35,41,29,48,21,22,465,0,236,0,453
31797,5,-0.08,-0.04,-0.45,-0.35,2,0.2,0.2,0.15,50,65.51,771,743,50,693,312,0,0,239,0,142,0,28,10,781,454,239,781,418965.29,4304.54,27,54,52,36,57,38,33,396,312,0,0,381
31798,5,-0.08,-0.04,-0.45,-0.35,2,0.2,0.2,0.15,60,57.0,773,745,45,700,288,228,0,73,0,111,0,28,8,781,399,301,781,269585.32,2784.79,55,89,93,61,96,56,36,214,288,228,0,184
31799,5,-0.08,-0.04,-0.45,-0.35,2,0.2,0.2,0.15,60,54.14,772,744,55,689,0,236,0,80,0,373,0,28,9,781,373,316,781,252877.21,2617.03,28,35,41,29,48,21,22,465,0,236,0,453
31800,5,-0.08,-0.04,-0.45,-0.35,2,0.2,0.2,0.15,60,65.51,771,743,50,693,312,0,0,239,0,142,0,28,10,781,454,239,781,418965.29,4304.54,27,54,52,36,57,38,33,396,312,0,0,381
31801,5,-0.08,-0.04,-0.45,-0.3,1,0.1,0.1,0.15,20,64.35,1230,1198,31,1167,632,198,218,0,119,0,0,32,16,1246,751,416,1246,242561.09,2545.25,361,247,146,413,0,0,0,0,632,198,337,0
31802,5,-0.08,-0.04,-0.45,-0.3,1,0.1,0.1,0.15,20,55.74,1228,1196,37,1159,0,227,286,0,646,0,0,32,18,1246,646,513,1246,282594.05,2986.64,46,73,72,968,0,0,0,0,0,227,932,0
31803,5,-0.08,-0.04,-0.45,-0.3,1,0.1,0.1,0.15,20,67.01,1228,1196,32,1164,651,0,384,0,129,0,0,32,18,1246,780,384,1246,315203.95,3286.23,315,185,93,571,0,0,0,0,651,0,513,0
31804,5,-0.08,-0.04,-0.45,-0.3,1,0.1,0.1,0.15,30,67.5,1230,1198,44,1154,728,262,113,0,51,0,0,32,16,1246,779,375,1246,272998.2,2859.06,361,247,146,76,96,228,0,0,728,262,164,0
31805,5,-0.08,-0.04,-0.45,-0.3,1,0.1,0.1,0.15,30,55.45,1228,1196,67,1129,0,326,177,0,626,0,0,32,18,1246,626,503,1246,308440.64,3261.93,46,73,72,36,68,834,0,0,0,326,803,0
31806,5,-0.08,-0.04,-0.45,-0.3,1,0.1,0.1,0.15,30,72.76,1228,1196,47,1149,770,0,313,0,66,0,0,32,18,1246,836,313,1246,420974.44,4368.02,315,185,93,58,68,430,0,0,770,0,379,0
31807,5,-0.08,-0.04,-0.45,-0.3,1,0.1,0.1,0.15,40,67.77,1230,1198,47,1151,756,296,51,24,13,11,0,32,16,1246,780,371,1246,266940.96,2797.58,361,247,146,76,96,64,36,125,756,296,64,35
31808,5,-0.08,-0.04,-0.45,-0.3,1,0.1,0.1,0.15,40,54.24,1228,1196,75,1121,0,373,96,44,213,395,0,32,18,1246,608,513,1246,357106.38,3758.49,46,73,72,36,68,31,42,753,0,373,309,439
31809,5,-0.08,-0.04,-0.45,-0.3,1,0.1,0.1,0.15,40,75.26,1228,1196,52,1144,816,0,196,87,15,30,0,32,18,1246,861,283,1246,464369.65,4805.31,315,185,93,58,68,51,26,348,816,0,211,117
31810,5,-0.08,-0.04,-0.45,-0.3,1,0.1,0.1,0.15,50,67.85,1230,1198,47,1151,756,298,0,72,0,25,0,32,16,1246,781,370,1246,263227.36,2758.48,361,247,146,76,96,64,36,125,756,298,0,97
31811,5,-0.08,-0.04,-0.45,-0.3,1,0.1,0.1,0.15,50,53.52,1228,1196,75,1121,0,381,0,140,0,600,0,32,18,1246,600,521,1246,337899.76,3552.53,46,73,72,36,68,31,42,753,0,381,0,740
31812,5,-0.08,-0.04,-0.45,-0.3,1,0.1,0.1,0.15,50,75.44,1228,1196,52,1144,816,0,0,281,0,47,0,32,18,1246,863,281,1246,456745.56,4722.62,315,185,93,58,68,51,26,348,816,0,0,328
31813,5,-0.08,-0.04,-0.45,-0.3,1,0.1,0.1,0.15,60,67.85,1230,1198,47,1151,756,298,0,72,0,25,0,32,16,1246,781,370,1246,263227.36,2758.48,361,247,146,76,96,64,36,125,756,298,0,97
31814,5,-0.08,-0.04,-0.45,-0.3,1,0.1,0.1,0.15,60,53.52,1228,1196,75,1121,0,381,0,140,0,600,0,32,18,1246,600,521,1246,337899.76,3552.53,46,73,72,36,68,31,42,753,0,381,0,740
31815,5,-0.08,-0.04,-0.45,-0.3,1,0.1,0.1,0.15,60,75.44,1228,1196,52,1144,816,0,0,281,0,47,0,32,18,1246,863,281,1246,456745.56,4722.62,315,185,93,58,68,51,26,348,816,0,0,328
31816,5,-0.08,-0.04,-0.45,-0.3,1,0.1,0.2,0.15,20,56.66,1230,1198,35,1163,258,224,280,0,401,0,0,32,16,1246,659,504,1246,304246.3,3181.12,92,149,157,765,0,0,0,0,258,224,681,0
31817,5,-0.08,-0.04,-0.45,-0.3,1,0.1,0.2,0.15,20,55.74,1228,1196,37,1159,0,227,286,0,646,0,0,32,18,1246,646,513,1246,282594.05,2986.64,46,73,72,968,0,0,0,0,0,227,932,0
31818,5,-0.08,-0.04,-0.45,-0.3,1,0.1,0.2,0.15,20,58.97,1228,1196,36,1160,262,0,476,0,422,0,0,32,18,1246,684,476,1246,374509.05,3895.47,46,77,87,950,0,0,0,0,262,0,898,0
31819,5,-0.08,-0.04,-0.45,-0.3,1,0.1,0.2,0.15,30,57.49,1230,1198,57,1141,383,320,165,0,273,0,0,32,16,1246,656,485,1246,364834.44,3812.27,92,149,157,84,142,517,0,0,383,320,438,0
31820,5,-0.08,-0.04,-0.45,-0.3,1,0.1,0.2,0.15,30,55.45,1228,1196,67,1129,0,326,177,0,626,0,0,32,18,1246,626,503,1246,308440.64,3261.93,46,73,72,36,68,834,0,0,0,326,803,0
31821,5,-0.08,-0.04,-0.45,-0.3,1,0.1,0.2,0.15,30,63.47,1228,1196,60,1136,405,0,415,0,316,0,0,32,18,1246,721,415,1246,538749.26,5593.55,46,77,87,52,90,784,0,0,405,0,731,0
31822,5,-0.08,-0.04,-0.45,-0.3,1,0.1,0.2,0.15,40,56.74,1230,1198,63,1135,434,361,87,43,83,127,0,32,16,1246,644,491,1246,399576.18,4187.82,92,149,157,84,142,79,59,373,434,361,170,170
31823,5,-0.08,-0.04,-0.45,-0.3,1,0.1,0.2,0.15,40,54.24,1228,1196,75,1121,0,373,96,44,213,395,0,32,18,1246,608,513,1246,357106.38,3758.49,46,73,72,36,68,31,42,753,0,373,309,439
31824,5,-0.08,-0.04,-0.45,-0.3,1,0.1,0.2,0.15,40,64.98,1228,1196,68,1128,469,0,280,115,93,171,0,32,18,1246,733,395,1246,643769.38,6682.39,46,77,87,52,90,53,43,680,469,0,373,286
31825,5,-0.08,-0.04,-0.45,-0.3,1,0.1,0.2,0.15,50,56.39,1230,1198,63,1135,439,366,0,129,0,201,0,32,16,1246,640,495,1246,389700.45,4084.5,92,149,157,84,142,79,59,373,439,366,0,330
31826,5,-0.08,-0.04,-0.45,-0.3,1,0.1,0.2,0.15,50,53.52,1228,1196,75,1121,0,381,0,140,0,600,0,32,18,1246,600,521,1246,337899.76,3552.53,46,73,72,36,68,31,42,753,0,381,0,740
31827,5,-0.08,-0.04,-0.45,-0.3,1,0.1,0.2,0.15,50,64.8,1228,1196,68,1128,474,0,0,397,0,257,0,32,18,1246,731,397,1246,627884.82,6513.28,46,77,87,52,90,53,43,680,474,0,0,654
31828,5,-0.08,-0.04,-0.45,-0.3,1,0.1,0.2,0.15,60,56.39,1230,1198,63,1135,439,366,0,129,0,201,0,32,16,1246,640,495,1246,389700.45,4084.5,92,149,157,84,142,79,59,373,439,366,0,330
31829,5,-0.08,-0.04,-0.45,-0.3,1,0.1,0.2,0.15,60,53.52,1228,1196,75,1121,0,381,0,140,0,600,0,32,18,1246,600,521,1246,337899.76,3552.53,46,73,72,36,68,31,42,753,0,381,0,740
31830,5,-0.08,-0.04,-0.45,-0.3,1,0.1,0.2,0.15,60,64.8,1228,1196,68,1128,474,0,0,397,0,257,0,32,18,1246,731,397,1246,627884.82,6513.28,46,77,87,52,90,53,43,680,474,0,0,654
31831,5,-0.08,-0.04,-0.45,-0.3,1,0.2,0.1,0.15,20,64.35,1230,1198,31,1167,632,198,218,0,119,0,0,32,16,1246,751,416,1246,242561.09,2545.25,361,247,146,413,0,0,0,0,632,198,337,0
31832,5,-0.08,-0.04,-0.45,-0.3,1,0.2,0.1,0.15,20,55.74,1228,1196,37,1159,0,227,286,0,646,0,0,32,18,1246,646,513,1246,282594.05,2986.64,46,73,72,968,0,0,0,0,0,227,932,0
31833,5,-0.08,-0.04,-0.45,-0.3,1,0.2,0.1,0.15,20,67.01,1228,1196,32,1164,651,0,384,0,129,0,0,32,18,1246,780,384,1246,315203.95,3286.23,315,185,93,571,0,0,0,0,651,0,513,0
31834,5,-0.08,-0.04,-0.45,-0.3,1,0.2,0.1,0.15,30,67.5,1230,1198,44,1154,728,262,113,0,51,0,0,32,16,1246,779,375,1246,272998.2,2859.06,361,247,146,76,96,228,0,0,728,262,164,0
31835,5,-0.08,-0.04,-0.45,-0.3,1,0.2,0.1,0.15,30,55.45,1228,1196,67,1129,0,326,177,0,626,0,0,32,18,1246,626,503,1246,308440.64,3261.93,46,73,72,36,68,834,0,0,0,326,803,0
31836,5,-0.08,-0.04,-0.45,-0.3,1,0.2,0.1,0.15,30,72.76,1228,1196,47,1149,770,0,313,0,66,0,0,32,18,1246,836,313,1246,420974.44,4368.02,315,185,93,58,68,430,0,0,770,0,379,0
31837,5,-0.08,-0.04,-0.45,-0.3,1,0.2,0.1,0.15,40,67.77,1230,1198,47,1151,756,296,51,24,13,11,0,32,16,1246,780,371,1246,266940.96,2797.58,361,247,146,76,96,64,36,125,756,296,64,35
31838,5,-0.08,-0.04,-0.45,-0.3,1,0.2,0.1,0.15,40,54.24,1228,1196,75,1121,0,373,96,44,213,395,0,32,18,1246,608,513,1246,357106.38,3758.49,46,73,72,36,68,31,42,753,0,373,309,439
31839,5,-0.08,-0.04,-0.45,-0.3,1,0.2,0.1,0.15,40,75.26,1228,1196,52,1144,816,0,196,87,15,30,0,32,18,1246,861,283,1246,464369.65,4805.31,315,185,93,58,68,51,26,348,816,0,211,117
31840,5,-0.08,-0.04,-0.45,-0.3,1,0.2,0.1,0.15,50,67.85,1230,1198,47,1151,756,298,0,72,0,25,0,32,16,1246,781,370,1246,263227.36,2758.48,361,247,146,76,96,64,36,125,756,298,0,97
31841,5,-0.08,-0.04,-0.45,-0.3,1,0.2,0.1,0.15,50,53.52,1228,1196,75,1121,0,381,0,140,0,600,0,32,18,1246,600,521,1246,337899.76,3552.53,46,73,72,36,68,31,42,753,0,381,0,740
31842,5,-0.08,-0.04,-0.45,-0.3,1,0.2,0.1,0.15,50,75.44,1228,1196,52,1144,816,0,0,281,0,47,0,32,18,1246,863,281,1246,456745.56,4722.62,315,185,93,58,68,51,26,348,816,0,0,328
31843,5,-0.08,-0.04,-0.45,-0.3,1,0.2,0.1,0.15,60,67.85,1230,1198,47,1151,756,298,0,72,0,25,0,32,16,1246,781,370,1246,263227.36,2758.48,361,247,146,76,96,64,36,125,756,298,0,97
31844,5,-0.08,-0.04,-0.45,-0.3,1,0.2,0.1,0.15,60,53.52,1228,1196,75,1121,0,381,0,140,0,600,0,32,18,1246,600,521,1246,337899.76,3552.53,46,73,72,36,68,31,42,753,0,381,0,740
31845,5,-0.08,-0.04,-0.45,-0.3,1,0.2,0.1,0.15,60,75.44,1228,1196,52,1144,816,0,0,281,0,47,0,32,18,1246,863,281,1246,456745.56,4722.62,315,185,93,58,68,51,26,348,816,0,0,328
31846,5,-0.08,-0.04,-0.45,-0.3,1,0.2,0.2,0.15,20,56.66,1230,1198,35,1163,258,224,280,0,401,0,0,32,16,1246,659,504,1246,304246.3,3181.12,92,149,157,765,0,0,0,0,258,224,681,0
31847,5,-0.08,-0.04,-0.45,-0.3,1,0.2,0.2,0.15,20,55.74,1228,1196,37,1159,0,227,286,0,646,0,0,32,18,1246,646,513,1246,282594.05,2986.64,46,73,72,968,0,0,0,0,0,227,932,0
31848,5,-0.08,-0.04,-0.45,-0.3,1,0.2,0.2,0.15,20,58.97,1228,1196,36,1160,262,0,476,0,422,0,0,32,18,1246,684,476,1246,374509.05,3895.47,46,77,87,950,0,0,0,0,262,0,898,0
31849,5,-0.08,-0.04,-0.45,-0.3,1,0.2,0.2,0.15,30,57.49,1230,1198,57,1141,383,320,165,0,273,0,0,32,16,1246,656,485,1246,364834.44,3812.27,92,149,157,84,142,517,0,0,383,320,438,0
31850,5,-0.08,-0.04,-0.45,-0.3,1,0.2,0.2,0.15,30,55.45,1228,1196,67,1129,0,326,177,0,626,0,0,32,18,1246,626,503,1246,308440.64,3261.93,46,73,72,36,68,834,0,0,0,326,803,0
31851,5,-0.08,-0.04,-0.45,-0.3,1,0.2,0.2,0.15,30,63.47,1228,1196,60,1136,405,0,415,0,316,0,0,32,18,1246,721,415,1246,538749.26,5593.55,46,77,87,52,90,784,0,0,405,0,731,0
31852,5,-0.08,-0.04,-0.45,-0.3,1,0.2,0.2,0.15,40,56.74,1230,1198,63,1135,434,361,87,43,83,127,0,32,16,1246,644,491,1246,399576.18,4187.82,92,149,157,84,142,79,59,373,434,361,170,170
31853,5,-0.08,-0.04,-0.45,-0.3,1,0.2,0.2,0.15,40,54.24,1228,1196,75,1121,0,373,96,44,213,395,0,32,18,1246,608,513,1246,357106.38,3758.49,46,73,72,36,68,31,42,753,0,373,309,439
31854,5,-0.08,-0.04,-0.45,-0.3,1,0.2,0.2,0.15,40,64.98,1228,1196,68,1128,469,0,280,115,93,171,0,32,18,1246,733,395,1246,643769.38,6682.39,46,77,87,52,90,53,43,680,469,0,373,286
31855,5,-0.08,-0.04,-0.45,-0.3,1,0.2,0.2,0.15,50,56.39,1230,1198,63,1135,439,366,0,129,0,201,0,32,16,1246,640,495,1246,389700.45,4084.5,92,149,157,84,142,79,59,373,439,366,0,330
31856,5,-0.08,-0.04,-0.45,-0.3,1,0.2,0.2,0.15,50,53.52,1228,1196,75,1121,0,381,0,140,0,600,0,32,18,1246,600,521,1246,337899.76,3552.53,46,73,72,36,68,31,42,753,0,381,0,740
31857,5,-0.08,-0.04,-0.45,-0.3,1,0.2,0.2,0.15,50,64.8,1228,1196,68,1128,474,0,0,397,0,257,0,32,18,1246,731,397,1246,627884.82,6513.28,46,77,87,52,90,53,43,680,474,0,0,654
31858,5,-0.08,-0.04,-0.45,-0.3,1,0.2,0.2,0.15,60,56.39,1230,1198,63,1135,439,366,0,129,0,201,0,32,16,1246,640,495,1246,389700.45,4084.5,92,149,157,84,142,79,59,373,439,366,0,330
31859,5,-0.08,-0.04,-0.45,-0.3,1,0.2,0.2,0.15,60,53.52,1228,1196,75,1121,0,381,0,140,0,600,0,32,18,1246,600,521,1246,337899.76,3552.53,46,73,72,36,68,31,42,753,0,381,0,740
31860,5,-0.08,-0.04,-0.45,-0.3,1,0.2,0.2,0.15,60,64.8,1228,1196,68,1128,474,0,0,397,0,257,0,32,18,1246,731,397,1246,627884.82,6513.28,46,77,87,52,90,53,43,680,474,0,0,654
31861,5,-0.08,-0.04,-0.45,-0.3,2,0.1,0.1,0.15,20,68.81,1230,1198,31,1167,689,193,171,0,114,0,0,32,16,1246,803,364,1246,358633.46,4423.88,378,267,160,362,0,0,0,0,689,193,285,0
31862,5,-0.08,-0.04,-0.45,-0.3,2,0.1,0.1,0.15,20,60.14,1228,1196,37,1159,0,227,235,0,697,0,0,32,18,1246,697,462,1246,413037.13,5127.99,46,73,72,968,0,0,0,0,0,227,932,0
31863,5,-0.08,-0.04,-0.45,-0.3,2,0.1,0.1,0.15,20,73.45,1228,1196,32,1164,723,0,309,0,132,0,0,32,18,1246,855,309,1246,487719.03,5322.1,334,210,118,502,0,0,0,0,723,0,441,0
31864,5,-0.08,-0.04,-0.45,-0.3,2,0.1,0.1,0.15,30,71.32,1230,1198,44,1154,776,251,80,0,47,0,0,32,16,1246,823,331,1246,382210.79,4778.93,378,267,160,77,93,179,0,0,776,251,127,0
31865,5,-0.08,-0.04,-0.45,-0.3,2,0.1,0.1,0.15,30,58.46,1228,1196,67,1129,0,326,143,0,660,0,0,32,18,1246,660,469,1246,509249.5,5823.15,46,73,72,36,68,834,0,0,0,326,803,0
31866,5,-0.08,-0.04,-0.45,-0.3,2,0.1,0.1,0.15,30,79.72,1228,1196,47,1149,848,0,233,0,68,0,0,32,18,1246,916,233,1246,649888.9,6421.1,334,210,118,61,80,346,0,0,848,0,301,0
31867,5,-0.08,-0.04,-0.45,-0.3,2,0.1,0.1,0.15,40,71.76,1230,1198,47,1151,798,276,35,14,18,10,0,32,16,1246,826,325,1246,378843.43,4840.37,378,267,160,77,93,52,27,97,798,276,53,24
31868,5,-0.08,-0.04,-0.45,-0.3,2,0.1,0.1,0.15,40,57.36,1228,1196,75,1121,0,373,78,27,231,412,0,32,18,1246,643,478,1246,591556.81,6579.47,46,73,72,36,68,31,42,753,0,373,309,439
31869,5,-0.08,-0.04,-0.45,-0.3,2,0.1,0.1,0.15,40,82.95,1228,1196,52,1144,894,0,149,46,26,29,0,32,18,1246,949,195,1246,733189.36,6919.1,334,210,118,61,80,45,29,267,894,0,175,75
31870,5,-0.08,-0.04,-0.45,-0.3,2,0.1,0.1,0.15,50,71.5,1230,1198,47,1151,799,278,0,50,0,24,0,32,16,1246,823,328,1246,373300.63,4807.05,378,267,160,77,93,52,27,97,799,278,0,74
31871,5,-0.08,-0.04,-0.45,-0.3,2,0.1,0.1,0.15,50,56.47,1228,1196,75,1121,0,381,0,107,0,633,0,32,18,1246,633,488,1246,563892.37,6389.2,46,73,72,36,68,31,42,753,0,381,0,740
31872,5,-0.08,-0.04,-0.45,-0.3,2,0.1,0.1,0.15,50,82.78,1228,1196,52,1144,895,0,0,197,0,52,0,32,18,1246,947,197,1246,721341.93,6849.44,334,210,118,61,80,45,29,267,895,0,0,249
31873,5,-0.08,-0.04,-0.45,-0.3,2,0.1,0.1,0.15,60,71.5,1230,1198,47,1151,799,278,0,50,0,24,0,32,16,1246,823,328,1246,373300.63,4807.05,378,267,160,77,93,52,27,97,799,278,0,74
31874,5,-0.08,-0.04,-0.45,-0.3,2,0.1,0.1,0.15,60,56.47,1228,1196,75,1121,0,381,0,107,0,633,0,32,18,1246,633,488,1246,563892.37,6389.2,46,73,72,36,68,31,42,753,0,381,0,740
31875,5,-0.08,-0.04,-0.45,-0.3,2,0.1,0.1,0.15,60,82.78,1228,1196,52,1144,895,0,0,197,0,52,0,32,18,1246,947,197,1246,721341.93,6849.44,334,210,118,61,80,45,29,267,895,0,0,249
31876,5,-0.08,-0.04,-0.45,-0.3,2,0.1,0.2,0.15,20,61.05,1230,1198,35,1163,283,224,229,0,427,0,0,32,16,1246,710,453,1246,446426.83,5366.83,94,155,164,750,0,0,0,0,283,224,656,0
31877,5,-0.08,-0.04,-0.45,-0.3,2,0.1,0.2,0.15,20,60.14,1228,1196,37,1159,0,227,235,0,697,0,0,32,18,1246,697,462,1246,413037.13,5127.99,46,73,72,968,0,0,0,0,0,227,932,0
31878,5,-0.08,-0.04,-0.45,-0.3,2,0.1,0.2,0.15,20,65.52,1228,1196,36,1160,293,0,400,0,467,0,0,32,18,1246,760,400,1246,563501.49,6271.16,48,84,96,932,0,0,0,0,293,0,867,0
31879,5,-0.08,-0.04,-0.45,-0.3,2,0.1,0.2,0.15,30,60.39,1230,1198,57,1141,416,319,133,0,273,0,0,32,16,1246,689,452,1246,551559.46,6276.64,94,155,164,94,147,487,0,0,416,319,406,0
31880,5,-0.08,-0.04,-0.45,-0.3,2,0.1,0.2,0.15,30,58.46,1228,1196,67,1129,0,326,143,0,660,0,0,32,18,1246,660,469,1246,509249.5,5823.15,46,73,72,36,68,834,0,0,0,326,803,0
31881,5,-0.08,-0.04,-0.45,-0.3,2,0.1,0.2,0.15,30,69.37,1228,1196,60,1136,452,0,348,0,336,0,0,32,18,1246,788,348,1246,870098.36,8289.73,48,84,96,65,99,744,0,0,452,0,684,0
31882,5,-0.08,-0.04,-0.45,-0.3,2,0.1,0.2,0.15,40,60.0,1230,1198,63,1135,474,360,68,26,92,115,0,32,16,1246,681,454,1246,595953.3,6755.09,94,155,164,94,147,81,61,339,474,360,160,141
31883,5,-0.08,-0.04,-0.45,-0.3,2,0.1,0.2,0.15,40,57.36,1228,1196,75,1121,0,373,78,27,231,412,0,32,18,1246,643,478,1246,591556.81,6579.47,46,73,72,36,68,31,42,753,0,373,309,439
31884,5,-0.08,-0.04,-0.45,-0.3,2,0.1,0.2,0.15,40,72.25,1228,1196,68,1128,528,0,240,73,116,171,0,32,18,1246,815,313,1246,1047519.48,9440.69,48,84,96,65,99,60,43,633,528,0,356,244
31885,5,-0.08,-0.04,-0.45,-0.3,2,0.1,0.2,0.15,50,59.56,1230,1198,63,1135,478,364,0,95,0,198,0,32,16,1246,676,459,1246,583837.1,6677.7,94,155,164,94,147,81,61,339,478,364,0,293
31886,5,-0.08,-0.04,-0.45,-0.3,2,0.1,0.2,0.15,50,56.47,1228,1196,75,1121,0,381,0,107,0,633,0,32,18,1246,633,488,1246,563892.37,6389.2,46,73,72,36,68,31,42,753,0,381,0,740
31887,5,-0.08,-0.04,-0.45,-0.3,2,0.1,0.2,0.15,50,72.34,1228,1196,68,1128,532,0,0,312,0,284,0,32,18,1246,816,312,1246,1022455.22,9293.87,48,84,96,65,99,60,43,633,532,0,0,596
31888,5,-0.08,-0.04,-0.45,-0.3,2,0.1,0.2,0.15,60,59.56,1230,1198,63,1135,478,364,0,95,0,198,0,32,16,1246,676,459,1246,583837.1,6677.7,94,155,164,94,147,81,61,339,478,364,0,293
31889,5,-0.08,-0.04,-0.45,-0.3,2,0.1,0.2,0.15,60,56.47,1228,1196,75,1121,0,381,0,107,0,633,0,32,18,1246,633,488,1246,563892.37,6389.2,46,73,72,36,68,31,42,753,0,381,0,740
31890,5,-0.08,-0.04,-0.45,-0.3,2,0.1,0.2,0.15,60,72.34,1228,1196,68,1128,532,0,0,312,0,284,0,32,18,1246,816,312,1246,1022455.22,9293.87,48,84,96,65,99,60,43,633,532,0,0,596
31891,5,-0.08,-0.04,-0.45,-0.3,2,0.2,0.1,0.15,20,64.35,1230,1198,31,1167,632,198,218,0,119,0,0,32,16,1246,751,416,1246,242561.09,2545.25,361,247,146,413,0,0,0,0,632,198,337,0
31892,5,-0.08,-0.04,-0.45,-0.3,2,0.2,0.1,0.15,20,55.74,1228,1196,37,1159,0,227,286,0,646,0,0,32,18,1246,646,513,1246,282594.05,2986.64,46,73,72,968,0,0,0,0,0,227,932,0
31893,5,-0.08,-0.04,-0.45,-0.3,2,0.2,0.1,0.15,20,67.01,1228,1196,32,1164,651,0,384,0,129,0,0,32,18,1246,780,384,1246,315203.95,3286.23,315,185,93,571,0,0,0,0,651,0,513,0
31894,5,-0.08,-0.04,-0.45,-0.3,2,0.2,0.1,0.15,30,67.5,1230,1198,44,1154,728,262,113,0,51,0,0,32,16,1246,779,375,1246,272998.2,2859.06,361,247,146,76,96,228,0,0,728,262,164,0
31895,5,-0.08,-0.04,-0.45,-0.3,2,0.2,0.1,0.15,30,55.45,1228,1196,67,1129,0,326,177,0,626,0,0,32,18,1246,626,503,1246,308440.64,3261.93,46,73,72,36,68,834,0,0,0,326,803,0
31896,5,-0.08,-0.04,-0.45,-0.3,2,0.2,0.1,0.15,30,72.76,1228,1196,47,1149,770,0,313,0,66,0,0,32,18,1246,836,313,1246,420974.44,4368.02,315,185,93,58,68,430,0,0,770,0,379,0
31897,5,-0.08,-0.04,-0.45,-0.3,2,0.2,0.1,0.15,40,67.77,1230,1198,47,1151,756,296,51,24,13,11,0,32,16,1246,780,371,1246,266940.96,2797.58,361,247,146,76,96,64,36,125,756,296,64,35
31898,5,-0.08,-0.04,-0.45,-0.3,2,0.2,0.1,0.15,40,54.24,1228,1196,75,1121,0,373,96,44,213,395,0,32,18,1246,608,513,1246,357106.38,3758.49,46,73,72,36,68,31,42,753,0,373,309,439
31899,5,-0.08,-0.04,-0.45,-0.3,2,0.2,0.1,0.15,40,75.26,1228,1196,52,1144,816,0,196,87,15,30,0,32,18,1246,861,283,1246,464369.65,4805.31,315,185,93,58,68,51,26,348,816,0,211,117
31900,5,-0.08,-0.04,-0.45,-0.3,2,0.2,0.1,0.15,50,67.85,1230,1198,47,1151,756,298,0,72,0,25,0,32,16,1246,781,370,1246,263227.36,2758.48,361,247,146,76,96,64,36,125,756,298,0,97
31901,5,-0.08,-0.04,-0.45,-0.3,2,0.2,0.1,0.15,50,53.52,1228,1196,75,1121,0,381,0,140,0,600,0,32,18,1246,600,521,1246,337899.76,3552.53,46,73,72,36,68,31,42,753,0,381,0,740
31902,5,-0.08,-0.04,-0.45,-0.3,2,0.2,0.1,0.15,50,75.44,1228,1196,52,1144,816,0,0,281,0,47,0,32,18,1246,863,281,1246,456745.56,4722.62,315,185,93,58,68,51,26,348,816,0,0,328
31903,5,-0.08,-0.04,-0.45,-0.3,2,0.2,0.1,0.15,60,67.85,1230,1198,47,1151,756,298,0,72,0,25,0,32,16,1246,781,370,1246,263227.36,2758.48,361,247,146,76,96,64,36,125,756,298,0,97
31904,5,-0.08,-0.04,-0.45,-0.3,2,0.2,0.1,0.15,60,53.52,1228,1196,75,1121,0,381,0,140,0,600,0,32,18,1246,600,521,1246,337899.76,3552.53,46,73,72,36,68,31,42,753,0,381,0,740
31905,5,-0.08,-0.04,-0.45,-0.3,2,0.2,0.1,0.15,60,75.44,1228,1196,52,1144,816,0,0,281,0,47,0,32,18,1246,863,281,1246,456745.56,4722.62,315,185,93,58,68,51,26,348,816,0,0,328
31906,5,-0.08,-0.04,-0.45,-0.3,2,0.2,0.2,0.15,20,56.66,1230,1198,35,1163,258,224,280,0,401,0,0,32,16,1246,659,504,1246,304246.3,3181.12,92,149,157,765,0,0,0,0,258,224,681,0
31907,5,-0.08,-0.04,-0.45,-0.3,2,0.2,0.2,0.15,20,55.74,1228,1196,37,1159,0,227,286,0,646,0,0,32,18,1246,646,513,1246,282594.05,2986.64,46,73,72,968,0,0,0,0,0,227,932,0
31908,5,-0.08,-0.04,-0.45,-0.3,2,0.2,0.2,0.15,20,58.97,1228,1196,36,1160,262,0,476,0,422,0,0,32,18,1246,684,476,1246,374509.05,3895.47,46,77,87,950,0,0,0,0,262,0,898,0
31909,5,-0.08,-0.04,-0.45,-0.3,2,0.2,0.2,0.15,30,57.49,1230,1198,57,1141,383,320,165,0,273,0,0,32,16,1246,656,485,1246,364834.44,3812.27,92,149,157,84,142,517,0,0,383,320,438,0
31910,5,-0.08,-0.04,-0.45,-0.3,2,0.2,0.2,0.15,30,55.45,1228,1196,67,1129,0,326,177,0,626,0,0,32,18,1246,626,503,1246,308440.64,3261.93,46,73,72,36,68,834,0,0,0,326,803,0
31911,5,-0.08,-0.04,-0.45,-0.3,2,0.2,0.2,0.15,30,63.47,1228,1196,60,1136,405,0,415,0,316,0,0,32,18,1246,721,415,1246,538749.26,5593.55,46,77,87,52,90,784,0,0,405,0,731,0
31912,5,-0.08,-0.04,-0.45,-0.3,2,0.2,0.2,0.15,40,56.74,1230,1198,63,1135,434,361,87,43,83,127,0,32,16,1246,644,491,1246,399576.18,4187.82,92,149,157,84,142,79,59,373,434,361,170,170
31913,5,-0.08,-0.04,-0.45,-0.3,2,0.2,0.2,0.15,40,54.24,1228,1196,75,1121,0,373,96,44,213,395,0,32,18,1246,608,513,1246,357106.38,3758.49,46,73,72,36,68,31,42,753,0,373,309,439
31914,5,-0.08,-0.04,-0.45,-0.3,2,0.2,0.2,0.15,40,64.98,1228,1196,68,1128,469,0,280,115,93,171,0,32,18,1246,733,395,1246,643769.38,6682.39,46,77,87,52,90,53,43,680,469,0,373,286
31915,5,-0.08,-0.04,-0.45,-0.3,2,0.2,0.2,0.15,50,56.39,1230,1198,63,1135,439,366,0,129,0,201,0,32,16,1246,640,495,1246,389700.45,4084.5,92,149,157,84,142,79,59,373,439,366,0,330
31916,5,-0.08,-0.04,-0.45,-0.3,2,0.2,0.2,0.15,50,53.52,1228,1196,75,1121,0,381,0,140,0,600,0,32,18,1246,600,521,1246,337899.76,3552.53,46,73,72,36,68,31,42,753,0,381,0,740
31917,5,-0.08,-0.04,-0.45,-0.3,2,0.2,0.2,0.15,50,64.8,1228,1196,68,1128,474,0,0,397,0,257,0,32,18,1246,731,397,1246,627884.82,6513.28,46,77,87,52,90,53,43,680,474,0,0,654
31918,5,-0.08,-0.04,-0.45,-0.3,2,0.2,0.2,0.15,60,56.39,1230,1198,63,1135,439,366,0,129,0,201,0,32,16,1246,640,495,1246,389700.45,4084.5,92,149,157,84,142,79,59,373,439,366,0,330
31919,5,-0.08,-0.04,-0.45,-0.3,2,0.2,0.2,0.15,60,53.52,1228,1196,75,1121,0,381,0,140,0,600,0,32,18,1246,600,521,1246,337899.76,3552.53,46,73,72,36,68,31,42,753,0,381,0,740
31920,5,-0.08,-0.04,-0.45,-0.3,2,0.2,0.2,0.15,60,64.8,1228,1196,68,1128,474,0,0,397,0,257,0,32,18,1246,731,397,1246,627884.82,6513.28,46,77,87,52,90,53,43,680,474,0,0,654
31921,5,-0.08,-0.04,-0.45,-0.25,1,0.1,0.1,0.15,20,62.57,1687,1644,41,1603,835,298,302,0,168,0,0,43,22,1709,1003,600,1709,259851.57,2741.77,495,320,207,581,0,0,0,0,835,298,470,0
31922,5,-0.08,-0.04,-0.45,-0.25,1,0.1,0.1,0.15,20,53.3,1685,1642,51,1591,0,344,399,0,848,0,0,43,24,1709,848,743,1709,247213.38,2649.72,73,93,122,1303,0,0,0,0,0,344,1247,0
31923,5,-0.08,-0.04,-0.45,-0.25,1,0.1,0.1,0.15,20,64.81,1685,1642,42,1600,857,0,563,0,180,0,0,43,24,1709,1037,563,1709,336762.56,3534.26,422,241,116,821,0,0,0,0,857,0,743,0
31924,5,-0.08,-0.04,-0.45,-0.25,1,0.1,0.1,0.15,30,65.15,1687,1644,57,1587,960,384,169,0,74,0,0,43,22,1709,1034,553,1709,290764.81,3080.84,495,320,207,111,130,324,0,0,960,384,243,0
31925,5,-0.08,-0.04,-0.45,-0.25,1,0.1,0.1,0.15,30,51.7,1685,1642,87,1555,0,482,269,0,804,0,0,43,24,1709,804,751,1709,229247.89,2498.23,73,93,122,56,100,1111,0,0,0,482,1073,0
31926,5,-0.08,-0.04,-0.45,-0.25,1,0.1,0.1,0.15,30,69.94,1683,1640,60,1580,1013,0,475,0,92,0,0,43,26,1709,1105,475,1709,466891.66,4885.08,422,241,116,78,89,634,0,0,1013,0,567,0
31927,5,-0.08,-0.04,-0.45,-0.25,1,0.1,0.1,0.15,40,65.66,1687,1644,60,1584,999,429,74,41,26,15,0,43,22,1709,1040,544,1709,288976.21,3055.74,495,320,207,111,130,81,49,191,999,429,100,56
31928,5,-0.08,-0.04,-0.45,-0.25,1,0.1,0.1,0.15,40,51.03,1685,1642,96,1546,0,546,141,70,286,503,0,43,24,1709,789,757,1709,274283.45,2950.58,73,93,122,56,100,38,62,1002,0,546,427,573
31929,5,-0.08,-0.04,-0.45,-0.25,1,0.1,0.1,0.15,40,72.63,1683,1640,65,1575,1076,0,294,137,30,38,0,43,26,1709,1144,431,1709,540946.07,5624.9,422,241,116,78,89,67,35,527,1076,0,324,175
31930,5,-0.08,-0.04,-0.45,-0.25,1,0.1,0.1,0.15,50,65.78,1687,1644,60,1584,999,432,0,110,0,43,0,43,22,1709,1042,542,1709,283476.01,2999.06,495,320,207,111,130,81,49,191,999,432,0,153
31931,5,-0.08,-0.04,-0.45,-0.25,1,0.1,0.1,0.15,50,50.45,1685,1642,96,1546,0,556,0,210,0,780,0,43,24,1709,780,766,1709,246826.75,2660.32,73,93,122,56,100,38,62,1002,0,556,0,990
31932,5,-0.08,-0.04,-0.45,-0.25,1,0.1,0.1,0.15,50,72.83,1683,1640,65,1575,1076,0,0,428,0,71,0,43,26,1709,1147,428,1709,529807.15,5507.79,422,241,116,78,89,67,35,527,1076,0,0,499
31933,5,-0.08,-0.04,-0.45,-0.25,1,0.1,0.1,0.15,60,65.78,1687,1644,60,1584,999,432,0,110,0,43,0,43,22,1709,1042,542,1709,283476.01,2999.06,495,320,207,111,130,81,49,191,999,432,0,153
31934,5,-0.08,-0.04,-0.45,-0.25,1,0.1,0.1,0.15,60,50.45,1685,1642,96,1546,0,556,0,210,0,780,0,43,24,1709,780,766,1709,246826.75,2660.32,73,93,122,56,100,38,62,1002,0,556,0,990
31935,5,-0.08,-0.04,-0.45,-0.25,1,0.1,0.1,0.15,60,72.83,1683,1640,65,1575,1076,0,0,428,0,71,0,43,26,1709,1147,428,1709,529807.15,5507.79,422,241,116,78,89,67,35,527,1076,0,0,499
31936,5,-0.08,-0.04,-0.45,-0.25,1,0.1,0.2,0.15,20,54.23,1687,1644,47,1597,335,339,392,0,531,0,0,43,22,1709,866,731,1709,303135.53,3198.72,136,188,226,1047,0,0,0,0,335,339,923,0
31937,5,-0.08,-0.04,-0.45,-0.25,1,0.1,0.2,0.15,20,53.3,1685,1642,51,1591,0,344,399,0,848,0,0,43,24,1709,848,743,1709,247213.38,2649.72,73,93,122,1303,0,0,0,0,0,344,1247,0
31938,5,-0.08,-0.04,-0.45,-0.25,1,0.1,0.2,0.15,20,56.21,1685,1642,48,1594,340,0,698,0,556,0,0,43,24,1709,896,698,1709,372139.86,3909.56,63,96,108,1327,0,0,0,0,340,0,1254,0
31939,5,-0.08,-0.04,-0.45,-0.25,1,0.1,0.2,0.15,30,53.95,1687,1644,74,1570,482,472,251,0,365,0,0,43,22,1709,847,723,1709,346294.69,3670.91,136,188,226,124,185,711,0,0,482,472,616,0
31940,5,-0.08,-0.04,-0.45,-0.25,1,0.1,0.2,0.15,30,51.7,1685,1642,87,1555,0,482,269,0,804,0,0,43,24,1709,804,751,1709,229247.89,2498.23,73,93,122,56,100,1111,0,0,0,482,1073,0
31941,5,-0.08,-0.04,-0.45,-0.25,1,0.1,0.2,0.15,30,59.5,1683,1640,77,1563,507,0,633,0,423,0,0,43,26,1709,930,633,1709,549085.19,5754.39,63,96,108,73,104,1119,0,0,507,0,1056,0
31942,5,-0.08,-0.04,-0.45,-0.25,1,0.1,0.2,0.15,40,53.87,1687,1644,81,1563,548,529,124,68,122,172,0,43,22,1709,842,721,1709,393525.02,4169.8,136,188,226,124,185,95,84,525,548,529,246,240
31943,5,-0.08,-0.04,-0.45,-0.25,1,0.1,0.2,0.15,40,51.03,1685,1642,96,1546,0,546,141,70,286,503,0,43,24,1709,789,757,1709,274283.45,2950.58,73,93,122,56,100,38,62,1002,0,546,427,573
31944,5,-0.08,-0.04,-0.45,-0.25,1,0.1,0.2,0.15,40,61.71,1683,1640,86,1554,594,0,420,175,136,229,0,43,26,1709,959,595,1709,699660.92,7304.75,63,96,108,73,104,63,61,986,594,0,556,404
31945,5,-0.08,-0.04,-0.45,-0.25,1,0.1,0.2,0.15,50,53.49,1687,1644,81,1563,553,535,0,192,0,283,0,43,22,1709,836,727,1709,378057.26,4009.6,136,188,226,124,185,95,84,525,553,535,0,475
31946,5,-0.08,-0.04,-0.45,-0.25,1,0.1,0.2,0.15,50,50.45,1685,1642,96,1546,0,556,0,210,0,780,0,43,24,1709,780,766,1709,246826.75,2660.32,73,93,122,56,100,38,62,1002,0,556,0,990
31947,5,-0.08,-0.04,-0.45,-0.25,1,0.1,0.2,0.15,50,61.45,1683,1640,86,1554,599,0,0,599,0,356,0,43,26,1709,955,599,1709,679601.42,7094.46,63,96,108,73,104,63,61,986,599,0,0,955
31948,5,-0.08,-0.04,-0.45,-0.25,1,0.1,0.2,0.15,60,53.49,1687,1644,81,1563,553,535,0,192,0,283,0,43,22,1709,836,727,1709,378057.26,4009.6,136,188,226,124,185,95,84,525,553,535,0,475
31949,5,-0.08,-0.04,-0.45,-0.25,1,0.1,0.2,0.15,60,50.45,1685,1642,96,1546,0,556,0,210,0,780,0,43,24,1709,780,766,1709,246826.75,2660.32,73,93,122,56,100,38,62,1002,0,556,0,990
31950,5,-0.08,-0.04,-0.45,-0.25,1,0.1,0.2,0.15,60,61.45,1683,1640,86,1554,599,0,0,599,0,356,0,43,26,1709,955,599,1709,679601.42,7094.46,63,96,108,73,104,63,61,986,599,0,0,955
31951,5,-0.08,-0.04,-0.45,-0.25,1,0.2,0.1,0.15,20,62.57,1687,1644,41,1603,835,298,302,0,168,0,0,43,22,1709,1003,600,1709,259851.57,2741.77,495,320,207,581,0,0,0,0,835,298,470,0
31952,5,-0.08,-0.04,-0.45,-0.25,1,0.2,0.1,0.15,20,53.3,1685,1642,51,1591,0,344,399,0,848,0,0,43,24,1709,848,743,1709,247213.38,2649.72,73,93,122,1303,0,0,0,0,0,344,1247,0
31953,5,-0.08,-0.04,-0.45,-0.25,1,0.2,0.1,0.15,20,64.81,1685,1642,42,1600,857,0,563,0,180,0,0,43,24,1709,1037,563,1709,336762.56,3534.26,422,241,116,821,0,0,0,0,857,0,743,0
31954,5,-0.08,-0.04,-0.45,-0.25,1,0.2,0.1,0.15,30,65.15,1687,1644,57,1587,960,384,169,0,74,0,0,43,22,1709,1034,553,1709,290764.81,3080.84,495,320,207,111,130,324,0,0,960,384,243,0
31955,5,-0.08,-0.04,-0.45,-0.25,1,0.2,0.1,0.15,30,51.7,1685,1642,87,1555,0,482,269,0,804,0,0,43,24,1709,804,751,1709,229247.89,2498.23,73,93,122,56,100,1111,0,0,0,482,1073,0
31956,5,-0.08,-0.04,-0.45,-0.25,1,0.2,0.1,0.15,30,69.94,1683,1640,60,1580,1013,0,475,0,92,0,0,43,26,1709,1105,475,1709,466891.66,4885.08,422,241,116,78,89,634,0,0,1013,0,567,0
31957,5,-0.08,-0.04,-0.45,-0.25,1,0.2,0.1,0.15,40,65.66,1687,1644,60,1584,999,429,74,41,26,15,0,43,22,1709,1040,544,1709,288976.21,3055.74,495,320,207,111,130,81,49,191,999,429,100,56
31958,5,-0.08,-0.04,-0.45,-0.25,1,0.2,0.1,0.15,40,51.03,1685,1642,96,1546,0,546,141,70,286,503,0,43,24,1709,789,757,1709,274283.45,2950.58,73,93,122,56,100,38,62,1002,0,546,427,573
31959,5,-0.08,-0.04,-0.45,-0.25,1,0.2,0.1,0.15,40,72.63,1683,1640,65,1575,1076,0,294,137,30,38,0,43,26,1709,1144,431,1709,540946.07,5624.9,422,241,116,78,89,67,35,527,1076,0,324,175
31960,5,-0.08,-0.04,-0.45,-0.25,1,0.2,0.1,0.15,50,65.78,1687,1644,60,1584,999,432,0,110,0,43,0,43,22,1709,1042,542,1709,283476.01,2999.06,495,320,207,111,130,81,49,191,999,432,0,153
31961,5,-0.08,-0.04,-0.45,-0.25,1,0.2,0.1,0.15,50,50.45,1685,1642,96,1546,0,556,0,210,0,780,0,43,24,1709,780,766,1709,246826.75,2660.32,73,93,122,56,100,38,62,1002,0,556,0,990
31962,5,-0.08,-0.04,-0.45,-0.25,1,0.2,0.1,0.15,50,72.83,1683,1640,65,1575,1076,0,0,428,0,71,0,43,26,1709,1147,428,1709,529807.15,5507.79,422,241,116,78,89,67,35,527,1076,0,0,499
31963,5,-0.08,-0.04,-0.45,-0.25,1,0.2,0.1,0.15,60,65.78,1687,1644,60,1584,999,432,0,110,0,43,0,43,22,1709,1042,542,1709,283476.01,2999.06,495,320,207,111,130,81,49,191,999,432,0,153
31964,5,-0.08,-0.04,-0.45,-0.25,1,0.2,0.1,0.15,60,50.45,1685,1642,96,1546,0,556,0,210,0,780,0,43,24,1709,780,766,1709,246826.75,2660.32,73,93,122,56,100,38,62,1002,0,556,0,990
31965,5,-0.08,-0.04,-0.45,-0.25,1,0.2,0.1,0.15,60,72.83,1683,1640,65,1575,1076,0,0,428,0,71,0,43,26,1709,1147,428,1709,529807.15,5507.79,422,241,116,78,89,67,35,527,1076,0,0,499
31966,5,-0.08,-0.04,-0.45,-0.25,1,0.2,0.2,0.15,20,54.23,1687,1644,47,1597,335,339,392,0,531,0,0,43,22,1709,866,731,1709,303135.53,3198.72,136,188,226,1047,0,0,0,0,335,339,923,0
31967,5,-0.08,-0.04,-0.45,-0.25,1,0.2,0.2,0.15,20,53.3,1685,1642,51,1591,0,344,399,0,848,0,0,43,24,1709,848,743,1709,247213.38,2649.72,73,93,122,1303,0,0,0,0,0,344,1247,0
31968,5,-0.08,-0.04,-0.45,-0.25,1,0.2,0.2,0.15,20,56.21,1685,1642,48,1594,340,0,698,0,556,0,0,43,24,1709,896,698,1709,372139.86,3909.56,63,96,108,1327,0,0,0,0,340,0,1254,0
31969,5,-0.08,-0.04,-0.45,-0.25,1,0.2,0.2,0.15,30,53.95,1687,1644,74,1570,482,472,251,0,365,0,0,43,22,1709,847,723,1709,346294.69,3670.91,136,188,226,124,185,711,0,0,482,472,616,0
31970,5,-0.08,-0.04,-0.45,-0.25,1,0.2,0.2,0.15,30,51.7,1685,1642,87,1555,0,482,269,0,804,0,0,43,24,1709,804,751,1709,229247.89,2498.23,73,93,122,56,100,1111,0,0,0,482,1073,0
31971,5,-0.08,-0.04,-0.45,-0.25,1,0.2,0.2,0.15,30,59.5,1683,1640,77,1563,507,0,633,0,423,0,0,43,26,1709,930,633,1709,549085.19,5754.39,63,96,108,73,104,1119,0,0,507,0,1056,0
31972,5,-0.08,-0.04,-0.45,-0.25,1,0.2,0.2,0.15,40,53.87,1687,1644,81,1563,548,529,124,68,122,172,0,43,22,1709,842,721,1709,393525.02,4169.8,136,188,226,124,185,95,84,525,548,529,246,240
31973,5,-0.08,-0.04,-0.45,-0.25,1,0.2,0.2,0.15,40,51.03,1685,1642,96,1546,0,546,141,70,286,503,0,43,24,1709,789,757,1709,274283.45,2950.58,73,93,122,56,100,38,62,1002,0,546,427,573
31974,5,-0.08,-0.04,-0.45,-0.25,1,0.2,0.2,0.15,40,61.71,1683,1640,86,1554,594,0,420,175,136,229,0,43,26,1709,959,595,1709,699660.92,7304.75,63,96,108,73,104,63,61,986,594,0,556,404
31975,5,-0.08,-0.04,-0.45,-0.25,1,0.2,0.2,0.15,50,53.49,1687,1644,81,1563,553,535,0,192,0,283,0,43,22,1709,836,727,1709,378057.26,4009.6,136,188,226,124,185,95,84,525,553,535,0,475
31976,5,-0.08,-0.04,-0.45,-0.25,1,0.2,0.2,0.15,50,50.45,1685,1642,96,1546,0,556,0,210,0,780,0,43,24,1709,780,766,1709,246826.75,2660.32,73,93,122,56,100,38,62,1002,0,556,0,990
31977,5,-0.08,-0.04,-0.45,-0.25,1,0.2,0.2,0.15,50,61.45,1683,1640,86,1554,599,0,0,599,0,356,0,43,26,1709,955,599,1709,679601.42,7094.46,63,96,108,73,104,63,61,986,599,0,0,955
31978,5,-0.08,-0.04,-0.45,-0.25,1,0.2,0.2,0.15,60,53.49,1687,1644,81,1563,553,535,0,192,0,283,0,43,22,1709,836,727,1709,378057.26,4009.6,136,188,226,124,185,95,84,525,553,535,0,475
31979,5,-0.08,-0.04,-0.45,-0.25,1,0.2,0.2,0.15,60,50.45,1685,1642,96,1546,0,556,0,210,0,780,0,43,24,1709,780,766,1709,246826.75,2660.32,73,93,122,56,100,38,62,1002,0,556,0,990
31980,5,-0.08,-0.04,-0.45,-0.25,1,0.2,0.2,0.15,60,61.45,1683,1640,86,1554,599,0,0,599,0,356,0,43,26,1709,955,599,1709,679601.42,7094.46,63,96,108,73,104,63,61,986,599,0,0,955
31981,5,-0.08,-0.04,-0.45,-0.25,2,0.1,0.1,0.15,20,66.81,1687,1644,41,1603,913,288,244,0,158,0,0,43,22,1709,1071,532,1709,402349.51,5468.79,517,347,221,518,0,0,0,0,913,288,402,0
31982,5,-0.08,-0.04,-0.45,-0.25,2,0.1,0.1,0.15,20,57.57,1685,1642,51,1591,0,344,331,0,916,0,0,43,24,1709,916,675,1709,394645.65,5710.68,73,93,122,1303,0,0,0,0,0,344,1247,0
31983,5,-0.08,-0.04,-0.45,-0.25,2,0.1,0.1,0.15,20,71.19,1685,1642,42,1600,956,0,461,0,183,0,0,43,24,1709,1139,461,1709,548373.12,6578.88,447,273,149,731,0,0,0,0,956,0,644,0
31984,5,-0.08,-0.04,-0.45,-0.25,2,0.1,0.1,0.15,30,69.4,1687,1644,56,1588,1028,366,120,0,74,0,0,43,22,1709,1102,486,1709,430962.65,5925.08,517,347,221,116,123,264,0,0,1028,366,194,0
31985,5,-0.08,-0.04,-0.45,-0.25,2,0.1,0.1,0.15,30,55.18,1685,1642,87,1555,0,482,215,0,858,0,0,43,24,1709,858,697,1709,442731.39,6101.71,73,93,122,56,100,1111,0,0,0,482,1073,0
31986,5,-0.08,-0.04,-0.45,-0.25,2,0.1,0.1,0.15,30,77.29,1683,1640,59,1581,1120,0,359,0,102,0,0,43,26,1709,1222,359,1709,763141.31,8037.3,447,273,149,87,100,525,0,0,1120,0,461,0
31987,5,-0.08,-0.04,-0.45,-0.25,2,0.1,0.1,0.15,40,70.03,1687,1644,59,1585,1061,401,54,20,33,16,0,43,22,1709,1110,475,1709,433025.93,6054.87,517,347,221,116,123,70,39,152,1061,401,87,36
31988,5,-0.08,-0.04,-0.45,-0.25,2,0.1,0.1,0.15,40,54.27,1685,1642,96,1546,0,546,117,44,310,529,0,43,24,1709,839,707,1709,529606.39,6892.98,73,93,122,56,100,38,62,1002,0,546,427,573
31989,5,-0.08,-0.04,-0.45,-0.25,2,0.1,0.1,0.15,40,81.03,1683,1640,64,1576,1186,0,226,73,47,44,0,43,26,1709,1277,299,1709,900111.4,8849.54,447,273,149,87,100,64,41,415,1186,0,273,117
31990,5,-0.08,-0.04,-0.45,-0.25,2,0.1,0.1,0.15,50,69.72,1687,1644,59,1585,1063,404,0,76,0,42,0,43,22,1709,1105,480,1709,425121.74,6008.03,517,347,221,116,123,70,39,152,1063,404,0,118
31991,5,-0.08,-0.04,-0.45,-0.25,2,0.1,0.1,0.15,50,53.43,1685,1642,96,1546,0,556,0,164,0,826,0,43,24,1709,826,720,1709,490612.37,6621.85,73,93,122,56,100,38,62,1002,0,556,0,990
31992,5,-0.08,-0.04,-0.45,-0.25,2,0.1,0.1,0.15,50,80.84,1683,1640,64,1576,1188,0,0,302,0,86,0,43,26,1709,1274,302,1709,882171.2,8748.19,447,273,149,87,100,64,41,415,1188,0,0,388
31993,5,-0.08,-0.04,-0.45,-0.25,2,0.1,0.1,0.15,60,69.72,1687,1644,59,1585,1063,404,0,76,0,42,0,43,22,1709,1105,480,1709,425121.74,6008.03,517,347,221,116,123,70,39,152,1063,404,0,118
31994,5,-0.08,-0.04,-0.45,-0.25,2,0.1,0.1,0.15,60,53.43,1685,1642,96,1546,0,556,0,164,0,826,0,43,24,1709,826,720,1709,490612.37,6621.85,73,93,122,56,100,38,62,1002,0,556,0,990
31995,5,-0.08,-0.04,-0.45,-0.25,2,0.1,0.1,0.15,60,80.84,1683,1640,64,1576,1188,0,0,302,0,86,0,43,26,1709,1274,302,1709,882171.2,8748.19,447,273,149,87,100,64,41,415,1188,0,0,388
31996,5,-0.08,-0.04,-0.45,-0.25,2,0.1,0.2,0.15,20,58.42,1687,1644,47,1597,363,339,325,0,570,0,0,43,22,1709,933,664,1709,458760.98,6263.9,138,195,233,1031,0,0,0,0,363,339,895,0
31997,5,-0.08,-0.04,-0.45,-0.25,2,0.1,0.2,0.15,20,57.57,1685,1642,51,1591,0,344,331,0,916,0,0,43,24,1709,916,675,1709,394645.65,5710.68,73,93,122,1303,0,0,0,0,0,344,1247,0
31998,5,-0.08,-0.04,-0.45,-0.25,2,0.1,0.2,0.15,20,62.74,1685,1642,48,1594,375,0,594,0,625,0,0,43,24,1709,1000,594,1709,560704.83,7249.95,65,105,116,1308,0,0,0,0,375,0,1219,0
31999,5,-0.08,-0.04,-0.45,-0.25,2,0.1,0.2,0.15,30,57.32,1687,1644,74,1570,523,471,199,0,377,0,0,43,22,1709,900,670,1709,541918.69,7132.07,138,195,233,136,195,673,0,0,523,471,576,0
32000,5,-0.08,-0.04,-0.45,-0.25,2,0.1,0.2,0.15,30,55.18,1685,1642,87,1555,0,482,215,0,858,0,0,43,24,1709,858,697,1709,442731.39,6101.71,73,93,122,56,100,1111,0,0,0,482,1073,0
32001,5,-0.08,-0.04,-0.45,-0.25,2,0.1,0.2,0.15,30,65.9,1683,1640,77,1563,568,0,533,0,462,0,0,43,26,1709,1030,533,1709,903275.44,9557.92,65,105,116,89,119,1069,0,0,568,0,995,0
32002,5,-0.08,-0.04,-0.45,-0.25,2,0.1,0.2,0.15,40,57.2,1687,1644,81,1563,598,527,100,42,130,166,0,43,22,1709,894,669,1709,609499.09,7807.0,138,195,233,136,195,97,86,483,598,527,230,208
32003,5,-0.08,-0.04,-0.45,-0.25,2,0.1,0.2,0.15,40,54.27,1685,1642,96,1546,0,546,117,44,310,529,0,43,24,1709,839,707,1709,529606.39,6892.98,73,93,122,56,100,38,62,1002,0,546,427,573
32004,5,-0.08,-0.04,-0.45,-0.25,2,0.1,0.2,0.15,40,69.18,1683,1640,86,1554,670,0,366,113,165,240,0,43,26,1709,1075,479,1709,1168876.57,11237.84,65,105,116,89,119,74,63,923,670,0,531,353
32005,5,-0.08,-0.04,-0.45,-0.25,2,0.1,0.2,0.15,50,56.62,1687,1644,81,1563,602,532,0,146,0,283,0,43,22,1709,885,678,1709,590751.37,7681.58,138,195,233,136,195,97,86,483,602,532,0,429
32006,5,-0.08,-0.04,-0.45,-0.25,2,0.1,0.2,0.15,50,53.43,1685,1642,96,1546,0,556,0,164,0,826,0,43,24,1709,826,720,1709,490612.37,6621.85,73,93,122,56,100,38,62,1002,0,556,0,990
32007,5,-0.08,-0.04,-0.45,-0.25,2,0.1,0.2,0.15,50,68.98,1683,1640,86,1554,674,0,0,482,0,398,0,43,26,1709,1072,482,1709,1140585.53,11061.59,65,105,116,89,119,74,63,923,674,0,0,880
32008,5,-0.08,-0.04,-0.45,-0.25,2,0.1,0.2,0.15,60,56.62,1687,1644,81,1563,602,532,0,146,0,283,0,43,22,1709,885,678,1709,590751.37,7681.58,138,195,233,136,195,97,86,483,602,532,0,429
32009,5,-0.08,-0.04,-0.45,-0.25,2,0.1,0.2,0.15,60,53.43,1685,1642,96,1546,0,556,0,164,0,826,0,43,24,1709,826,720,1709,490612.37,6621.85,73,93,122,56,100,38,62,1002,0,556,0,990
32010,5,-0.08,-0.04,-0.45,-0.25,2,0.1,0.2,0.15,60,68.98,1683,1640,86,1554,674,0,0,482,0,398,0,43,26,1709,1072,482,1709,1140585.53,11061.59,65,105,116,89,119,74,63,923,674,0,0,880
32011,5,-0.08,-0.04,-0.45,-0.25,2,0.2,0.1,0.15,20,62.57,1687,1644,41,1603,835,298,302,0,168,0,0,43,22,1709,1003,600,1709,259851.57,2741.77,495,320,207,581,0,0,0,0,835,298,470,0
32012,5,-0.08,-0.04,-0.45,-0.25,2,0.2,0.1,0.15,20,53.3,1685,1642,51,1591,0,344,399,0,848,0,0,43,24,1709,848,743,1709,247213.38,2649.72,73,93,122,1303,0,0,0,0,0,344,1247,0
32013,5,-0.08,-0.04,-0.45,-0.25,2,0.2,0.1,0.15,20,64.81,1685,1642,42,1600,857,0,563,0,180,0,0,43,24,1709,1037,563,1709,336762.56,3534.26,422,241,116,821,0,0,0,0,857,0,743,0
32014,5,-0.08,-0.04,-0.45,-0.25,2,0.2,0.1,0.15,30,65.15,1687,1644,57,1587,960,384,169,0,74,0,0,43,22,1709,1034,553,1709,290764.81,3080.84,495,320,207,111,130,324,0,0,960,384,243,0
32015,5,-0.08,-0.04,-0.45,-0.25,2,0.2,0.1,0.15,30,51.7,1685,1642,87,1555,0,482,269,0,804,0,0,43,24,1709,804,751,1709,229247.89,2498.23,73,93,122,56,100,1111,0,0,0,482,1073,0
32016,5,-0.08,-0.04,-0.45,-0.25,2,0.2,0.1,0.15,30,69.94,1683,1640,60,1580,1013,0,475,0,92,0,0,43,26,1709,1105,475,1709,466891.66,4885.08,422,241,116,78,89,634,0,0,1013,0,567,0
32017,5,-0.08,-0.04,-0.45,-0.25,2,0.2,0.1,0.15,40,65.66,1687,1644,60,1584,999,429,74,41,26,15,0,43,22,1709,1040,544,1709,288976.21,3055.74,495,320,207,111,130,81,49,191,999,429,100,56
32018,5,-0.08,-0.04,-0.45,-0.25,2,0.2,0.1,0.15,40,51.03,1685,1642,96,1546,0,546,141,70,286,503,0,43,24,1709,789,757,1709,274283.45,2950.58,73,93,122,56,100,38,62,1002,0,546,427,573
32019,5,-0.08,-0.04,-0.45,-0.25,2,0.2,0.1,0.15,40,72.63,1683,1640,65,1575,1076,0,294,137,30,38,0,43,26,1709,1144,431,1709,540946.07,5624.9,422,241,116,78,89,67,35,527,1076,0,324,175
32020,5,-0.08,-0.04,-0.45,-0.25,2,0.2,0.1,0.15,50,65.78,1687,1644,60,1584,999,432,0,110,0,43,0,43,22,1709,1042,542,1709,283476.01,2999.06,495,320,207,111,130,81,49,191,999,432,0,153
32021,5,-0.08,-0.04,-0.45,-0.25,2,0.2,0.1,0.15,50,50.45,1685,1642,96,1546,0,556,0,210,0,780,0,43,24,1709,780,766,1709,246826.75,2660.32,73,93,122,56,100,38,62,1002,0,556,0,990
32022,5,-0.08,-0.04,-0.45,-0.25,2,0.2,0.1,0.15,50,72.83,1683,1640,65,1575,1076,0,0,428,0,71,0,43,26,1709,1147,428,1709,529807.15,5507.79,422,241,116,78,89,67,35,527,1076,0,0,499
32023,5,-0.08,-0.04,-0.45,-0.25,2,0.2,0.1,0.15,60,65.78,1687,1644,60,1584,999,432,0,110,0,43,0,43,22,1709,1042,542,1709,283476.01,2999.06,495,320,207,111,130,81,49,191,999,432,0,153
32024,5,-0.08,-0.04,-0.45,-0.25,2,0.2,0.1,0.15,60,50.45,1685,1642,96,1546,0,556,0,210,0,780,0,43,24,1709,780,766,1709,246826.75,2660.32,73,93,122,56,100,38,62,1002,0,556,0,990
32025,5,-0.08,-0.04,-0.45,-0.25,2,0.2,0.1,0.15,60,72.83,1683,1640,65,1575,1076,0,0,428,0,71,0,43,26,1709,1147,428,1709,529807.15,5507.79,422,241,116,78,89,67,35,527,1076,0,0,499
32026,5,-0.08,-0.04,-0.45,-0.25,2,0.2,0.2,0.15,20,54.23,1687,1644,47,1597,335,339,392,0,531,0,0,43,22,1709,866,731,1709,303135.53,3198.72,136,188,226,1047,0,0,0,0,335,339,923,0
32027,5,-0.08,-0.04,-0.45,-0.25,2,0.2,0.2,0.15,20,53.3,1685,1642,51,1591,0,344,399,0,848,0,0,43,24,1709,848,743,1709,247213.38,2649.72,73,93,122,1303,0,0,0,0,0,344,1247,0
32028,5,-0.08,-0.04,-0.45,-0.25,2,0.2,0.2,0.15,20,56.21,1685,1642,48,1594,340,0,698,0,556,0,0,43,24,1709,896,698,1709,372139.86,3909.56,63,96,108,1327,0,0,0,0,340,0,1254,0
32029,5,-0.08,-0.04,-0.45,-0.25,2,0.2,0.2,0.15,30,53.95,1687,1644,74,1570,482,472,251,0,365,0,0,43,22,1709,847,723,1709,346294.69,3670.91,136,188,226,124,185,711,0,0,482,472,616,0
32030,5,-0.08,-0.04,-0.45,-0.25,2,0.2,0.2,0.15,30,51.7,1685,1642,87,1555,0,482,269,0,804,0,0,43,24,1709,804,751,1709,229247.89,2498.23,73,93,122,56,100,1111,0,0,0,482,1073,0
32031,5,-0.08,-0.04,-0.45,-0.25,2,0.2,0.2,0.15,30,59.5,1683,1640,77,1563,507,0,633,0,423,0,0,43,26,1709,930,633,1709,549085.19,5754.39,63,96,108,73,104,1119,0,0,507,0,1056,0
32032,5,-0.08,-0.04,-0.45,-0.25,2,0.2,0.2,0.15,40,53.87,1687,1644,81,1563,548,529,124,68,122,172,0,43,22,1709,842,721,1709,393525.02,4169.8,136,188,226,124,185,95,84,525,548,529,246,240
32033,5,-0.08,-0.04,-0.45,-0.25,2,0.2,0.2,0.15,40,51.03,1685,1642,96,1546,0,546,141,70,286,503,0,43,24,1709,789,757,1709,274283.45,2950.58,73,93,122,56,100,38,62,1002,0,546,427,573
32034,5,-0.08,-0.04,-0.45,-0.25,2,0.2,0.2,0.15,40,61.71,1683,1640,86,1554,594,0,420,175,136,229,0,43,26,1709,959,595,1709,699660.92,7304.75,63,96,108,73,104,63,61,986,594,0,556,404
32035,5,-0.08,-0.04,-0.45,-0.25,2,0.2,0.2,0.15,50,53.49,1687,1644,81,1563,553,535,0,192,0,283,0,43,22,1709,836,727,1709,378057.26,4009.6,136,188,226,124,185,95,84,525,553,535,0,475
32036,5,-0.08,-0.04,-0.45,-0.25,2,0.2,0.2,0.15,50,50.45,1685,1642,96,1546,0,556,0,210,0,780,0,43,24,1709,780,766,1709,246826.75,2660.32,73,93,122,56,100,38,62,1002,0,556,0,990
32037,5,-0.08,-0.04,-0.45,-0.25,2,0.2,0.2,0.15,50,61.45,1683,1640,86,1554,599,0,0,599,0,356,0,43,26,1709,955,599,1709,679601.42,7094.46,63,96,108,73,104,63,61,986,599,0,0,955
32038,5,-0.08,-0.04,-0.45,-0.25,2,0.2,0.2,0.15,60,53.49,1687,1644,81,1563,553,535,0,192,0,283,0,43,22,1709,836,727,1709,378057.26,4009.6,136,188,226,124,185,95,84,525,553,535,0,475
32039,5,-0.08,-0.04,-0.45,-0.25,2,0.2,0.2,0.15,60,50.45,1685,1642,96,1546,0,556,0,210,0,780,0,43,24,1709,780,766,1709,246826.75,2660.32,73,93,122,56,100,38,62,1002,0,556,0,990
32040,5,-0.08,-0.04,-0.45,-0.25,2,0.2,0.2,0.15,60,61.45,1683,1640,86,1554,599,0,0,599,0,356,0,43,26,1709,955,599,1709,679601.42,7094.46,63,96,108,73,104,63,61,986,599,0,0,955
32041,5,-0.08,-0.04,-0.4,-0.35,1,0.1,0.1,0.15,20,64.56,419,408,13,395,218,63,77,0,37,0,0,11,6,425,255,140,425,90152.99,932.82,132,79,50,134,0,0,0,0,218,63,114,0
32042,5,-0.08,-0.04,-0.4,-0.35,1,0.1,0.1,0.15,20,52.81,418,407,15,392,0,74,111,0,207,0,0,11,7,425,207,185,425,84131.21,895.66,15,21,22,334,0,0,0,0,0,74,318,0
32043,5,-0.08,-0.04,-0.4,-0.35,1,0.1,0.1,0.15,20,67.6,417,406,14,392,223,0,127,0,42,0,0,11,8,425,265,127,425,120945.12,1243.69,117,61,32,182,0,0,0,0,223,0,169,0
32044,5,-0.08,-0.04,-0.4,-0.35,1,0.1,0.1,0.15,30,68.72,419,408,18,390,253,85,37,0,15,0,0,11,6,425,268,122,425,102426.27,1065.64,132,79,50,20,32,77,0,0,253,85,52,0
32045,5,-0.08,-0.04,-0.4,-0.35,1,0.1,0.1,0.15,30,54.33,418,407,26,381,0,111,63,0,207,0,0,11,7,425,207,174,425,92010.02,978.08,15,21,22,16,27,280,0,0,0,111,270,0
32046,5,-0.08,-0.04,-0.4,-0.35,1,0.1,0.1,0.15,30,73.83,417,406,20,386,265,0,101,0,20,0,0,11,8,425,285,101,425,153414.47,1581.29,117,61,32,13,23,140,0,0,265,0,121,0
32047,5,-0.08,-0.04,-0.4,-0.35,1,0.1,0.1,0.15,40,68.64,419,408,19,389,260,97,16,9,2,5,0,11,6,425,267,122,425,98194.61,1021.57,132,79,50,20,32,25,9,42,260,97,18,14
32048,5,-0.08,-0.04,-0.4,-0.35,1,0.1,0.1,0.15,40,52.63,418,407,27,380,0,130,35,15,66,134,0,11,7,425,200,180,425,100365.58,1072.48,15,21,22,16,27,10,15,254,0,130,101,149
32049,5,-0.08,-0.04,-0.4,-0.35,1,0.1,0.1,0.15,40,75.84,417,406,21,385,279,0,64,29,3,10,0,11,8,425,292,93,425,157448.04,1617.59,117,61,32,13,23,19,9,111,279,0,67,39
32050,5,-0.08,-0.04,-0.4,-0.35,1,0.1,0.1,0.15,50,68.38,419,408,19,389,260,98,0,25,0,6,0,11,6,425,266,123,425,96809.4,1006.35,132,79,50,20,32,25,9,42,260,98,0,31
32051,5,-0.08,-0.04,-0.4,-0.35,1,0.1,0.1,0.15,50,52.37,418,407,27,380,0,133,0,48,0,199,0,11,7,425,199,181,425,93113.3,995.95,15,21,22,16,27,10,15,254,0,133,0,247
32052,5,-0.08,-0.04,-0.4,-0.35,1,0.1,0.1,0.15,50,75.84,417,406,21,385,279,0,0,93,0,13,0,11,8,425,292,93,425,155298.27,1595.68,117,61,32,13,23,19,9,111,279,0,0,106
32053,5,-0.08,-0.04,-0.4,-0.35,1,0.1,0.1,0.15,60,68.38,419,408,19,389,260,98,0,25,0,6,0,11,6,425,266,123,425,96809.4,1006.35,132,79,50,20,32,25,9,42,260,98,0,31
32054,5,-0.08,-0.04,-0.4,-0.35,1,0.1,0.1,0.15,60,52.37,418,407,27,380,0,133,0,48,0,199,0,11,7,425,199,181,425,93113.3,995.95,15,21,22,16,27,10,15,254,0,133,0,247
32055,5,-0.08,-0.04,-0.4,-0.35,1,0.1,0.1,0.15,60,75.84,417,406,21,385,279,0,0,93,0,13,0,11,8,425,292,93,425,155298.27,1595.68,117,61,32,13,23,19,9,111,279,0,0,106
32056,5,-0.08,-0.04,-0.4,-0.35,1,0.1,0.2,0.15,20,54.18,419,408,13,395,87,73,108,0,127,0,0,11,6,425,214,181,425,98867.69,1032.13,29,44,52,270,0,0,0,0,87,73,235,0
32057,5,-0.08,-0.04,-0.4,-0.35,1,0.1,0.2,0.15,20,52.81,418,407,15,392,0,74,111,0,207,0,0,11,7,425,207,185,425,84131.21,895.66,15,21,22,334,0,0,0,0,0,74,318,0
32058,5,-0.08,-0.04,-0.4,-0.35,1,0.1,0.2,0.15,20,56.63,417,406,14,392,87,0,170,0,135,0,0,11,8,425,222,170,425,129596.97,1342.05,14,23,30,325,0,0,0,0,87,0,305,0
32059,5,-0.08,-0.04,-0.4,-0.35,1,0.1,0.2,0.15,30,57.25,419,408,22,386,128,109,56,0,93,0,0,11,6,425,221,165,425,122228.15,1278.02,29,44,52,35,54,172,0,0,128,109,149,0
32060,5,-0.08,-0.04,-0.4,-0.35,1,0.1,0.2,0.15,30,54.33,418,407,26,381,0,111,63,0,207,0,0,11,7,425,207,174,425,92010.02,978.08,15,21,22,16,27,280,0,0,0,111,270,0
32061,5,-0.08,-0.04,-0.4,-0.35,1,0.1,0.2,0.15,30,62.83,417,406,24,382,135,0,142,0,105,0,0,11,8,425,240,142,425,182770.7,1887.44,14,23,30,20,33,262,0,0,135,0,247,0
32062,5,-0.08,-0.04,-0.4,-0.35,1,0.1,0.2,0.15,40,56.1,419,408,23,385,146,124,30,15,27,43,0,11,6,425,216,169,425,130293.37,1369.67,29,44,52,35,54,23,17,131,146,124,57,58
32063,5,-0.08,-0.04,-0.4,-0.35,1,0.1,0.2,0.15,40,52.63,418,407,27,380,0,130,35,15,66,134,0,11,7,425,200,180,425,100365.58,1072.48,15,21,22,16,27,10,15,254,0,130,101,149
32064,5,-0.08,-0.04,-0.4,-0.35,1,0.1,0.2,0.15,40,63.78,417,406,25,381,158,0,99,39,32,53,0,11,8,425,243,138,425,207741.56,2146.66,14,23,30,20,33,15,16,230,158,0,131,92
32065,5,-0.08,-0.04,-0.4,-0.35,1,0.1,0.2,0.15,50,55.84,419,408,23,385,148,126,0,44,0,67,0,11,6,425,215,170,425,126443.2,1329.29,29,44,52,35,54,23,17,131,148,126,0,111
32066,5,-0.08,-0.04,-0.4,-0.35,1,0.1,0.2,0.15,50,52.37,418,407,27,380,0,133,0,48,0,199,0,11,7,425,199,181,425,93113.3,995.95,15,21,22,16,27,10,15,254,0,133,0,247
32067,5,-0.08,-0.04,-0.4,-0.35,1,0.1,0.2,0.15,50,64.04,417,406,25,381,160,0,0,137,0,84,0,11,8,425,244,137,425,201380.5,2081.77,14,23,30,20,33,15,16,230,160,0,0,221
32068,5,-0.08,-0.04,-0.4,-0.35,1,0.1,0.2,0.15,60,55.84,419,408,23,385,148,126,0,44,0,67,0,11,6,425,215,170,425,126443.2,1329.29,29,44,52,35,54,23,17,131,148,126,0,111
32069,5,-0.08,-0.04,-0.4,-0.35,1,0.1,0.2,0.15,60,52.37,418,407,27,380,0,133,0,48,0,199,0,11,7,425,199,181,425,93113.3,995.95,15,21,22,16,27,10,15,254,0,133,0,247
32070,5,-0.08,-0.04,-0.4,-0.35,1,0.1,0.2,0.15,60,64.04,417,406,25,381,160,0,0,137,0,84,0,11,8,425,244,137,425,201380.5,2081.77,14,23,30,20,33,15,16,230,160,0,0,221
32071,5,-0.08,-0.04,-0.4,-0.35,1,0.2,0.1,0.15,20,64.56,419,408,13,395,218,63,77,0,37,0,0,11,6,425,255,140,425,90152.99,932.82,132,79,50,134,0,0,0,0,218,63,114,0
32072,5,-0.08,-0.04,-0.4,-0.35,1,0.2,0.1,0.15,20,52.81,418,407,15,392,0,74,111,0,207,0,0,11,7,425,207,185,425,84131.21,895.66,15,21,22,334,0,0,0,0,0,74,318,0
32073,5,-0.08,-0.04,-0.4,-0.35,1,0.2,0.1,0.15,20,67.6,417,406,14,392,223,0,127,0,42,0,0,11,8,425,265,127,425,120945.12,1243.69,117,61,32,182,0,0,0,0,223,0,169,0
32074,5,-0.08,-0.04,-0.4,-0.35,1,0.2,0.1,0.15,30,68.72,419,408,18,390,253,85,37,0,15,0,0,11,6,425,268,122,425,102426.27,1065.64,132,79,50,20,32,77,0,0,253,85,52,0
32075,5,-0.08,-0.04,-0.4,-0.35,1,0.2,0.1,0.15,30,54.33,418,407,26,381,0,111,63,0,207,0,0,11,7,425,207,174,425,92010.02,978.08,15,21,22,16,27,280,0,0,0,111,270,0
32076,5,-0.08,-0.04,-0.4,-0.35,1,0.2,0.1,0.15,30,73.83,417,406,20,386,265,0,101,0,20,0,0,11,8,425,285,101,425,153414.47,1581.29,117,61,32,13,23,140,0,0,265,0,121,0
32077,5,-0.08,-0.04,-0.4,-0.35,1,0.2,0.1,0.15,40,68.64,419,408,19,389,260,97,16,9,2,5,0,11,6,425,267,122,425,98194.61,1021.57,132,79,50,20,32,25,9,42,260,97,18,14
32078,5,-0.08,-0.04,-0.4,-0.35,1,0.2,0.1,0.15,40,52.63,418,407,27,380,0,130,35,15,66,134,0,11,7,425,200,180,425,100365.58,1072.48,15,21,22,16,27,10,15,254,0,130,101,149
32079,5,-0.08,-0.04,-0.4,-0.35,1,0.2,0.1,0.15,40,75.84,417,406,21,385,279,0,64,29,3,10,0,11,8,425,292,93,425,157448.04,1617.59,117,61,32,13,23,19,9,111,279,0,67,39
32080,5,-0.08,-0.04,-0.4,-0.35,1,0.2,0.1,0.15,50,68.38,419,408,19,389,260,98,0,25,0,6,0,11,6,425,266,123,425,96809.4,1006.35,132,79,50,20,32,25,9,42,260,98,0,31
32081,5,-0.08,-0.04,-0.4,-0.35,1,0.2,0.1,0.15,50,52.37,418,407,27,380,0,133,0,48,0,199,0,11,7,425,199,181,425,93113.3,995.95,15,21,22,16,27,10,15,254,0,133,0,247
32082,5,-0.08,-0.04,-0.4,-0.35,1,0.2,0.1,0.15,50,75.84,417,406,21,385,279,0,0,93,0,13,0,11,8,425,292,93,425,155298.27,1595.68,117,61,32,13,23,19,9,111,279,0,0,106
32083,5,-0.08,-0.04,-0.4,-0.35,1,0.2,0.1,0.15,60,68.38,419,408,19,389,260,98,0,25,0,6,0,11,6,425,266,123,425,96809.4,1006.35,132,79,50,20,32,25,9,42,260,98,0,31
32084,5,-0.08,-0.04,-0.4,-0.35,1,0.2,0.1,0.15,60,52.37,418,407,27,380,0,133,0,48,0,199,0,11,7,425,199,181,425,93113.3,995.95,15,21,22,16,27,10,15,254,0,133,0,247
32085,5,-0.08,-0.04,-0.4,-0.35,1,0.2,0.1,0.15,60,75.84,417,406,21,385,279,0,0,93,0,13,0,11,8,425,292,93,425,155298.27,1595.68,117,61,32,13,23,19,9,111,279,0,0,106
32086,5,-0.08,-0.04,-0.4,-0.35,1,0.2,0.2,0.15,20,54.18,419,408,13,395,87,73,108,0,127,0,0,11,6,425,214,181,425,98867.69,1032.13,29,44,52,270,0,0,0,0,87,73,235,0
32087,5,-0.08,-0.04,-0.4,-0.35,1,0.2,0.2,0.15,20,52.81,418,407,15,392,0,74,111,0,207,0,0,11,7,425,207,185,425,84131.21,895.66,15,21,22,334,0,0,0,0,0,74,318,0
32088,5,-0.08,-0.04,-0.4,-0.35,1,0.2,0.2,0.15,20,56.63,417,406,14,392,87,0,170,0,135,0,0,11,8,425,222,170,425,129596.97,1342.05,14,23,30,325,0,0,0,0,87,0,305,0
32089,5,-0.08,-0.04,-0.4,-0.35,1,0.2,0.2,0.15,30,57.25,419,408,22,386,128,109,56,0,93,0,0,11,6,425,221,165,425,122228.15,1278.02,29,44,52,35,54,172,0,0,128,109,149,0
32090,5,-0.08,-0.04,-0.4,-0.35,1,0.2,0.2,0.15,30,54.33,418,407,26,381,0,111,63,0,207,0,0,11,7,425,207,174,425,92010.02,978.08,15,21,22,16,27,280,0,0,0,111,270,0
32091,5,-0.08,-0.04,-0.4,-0.35,1,0.2,0.2,0.15,30,62.83,417,406,24,382,135,0,142,0,105,0,0,11,8,425,240,142,425,182770.7,1887.44,14,23,30,20,33,262,0,0,135,0,247,0
32092,5,-0.08,-0.04,-0.4,-0.35,1,0.2,0.2,0.15,40,56.1,419,408,23,385,146,124,30,15,27,43,0,11,6,425,216,169,425,130293.37,1369.67,29,44,52,35,54,23,17,131,146,124,57,58
32093,5,-0.08,-0.04,-0.4,-0.35,1,0.2,0.2,0.15,40,52.63,418,407,27,380,0,130,35,15,66,134,0,11,7,425,200,180,425,100365.58,1072.48,15,21,22,16,27,10,15,254,0,130,101,149
32094,5,-0.08,-0.04,-0.4,-0.35,1,0.2,0.2,0.15,40,63.78,417,406,25,381,158,0,99,39,32,53,0,11,8,425,243,138,425,207741.56,2146.66,14,23,30,20,33,15,16,230,158,0,131,92
32095,5,-0.08,-0.04,-0.4,-0.35,1,0.2,0.2,0.15,50,55.84,419,408,23,385,148,126,0,44,0,67,0,11,6,425,215,170,425,126443.2,1329.29,29,44,52,35,54,23,17,131,148,126,0,111
32096,5,-0.08,-0.04,-0.4,-0.35,1,0.2,0.2,0.15,50,52.37,418,407,27,380,0,133,0,48,0,199,0,11,7,425,199,181,425,93113.3,995.95,15,21,22,16,27,10,15,254,0,133,0,247
32097,5,-0.08,-0.04,-0.4,-0.35,1,0.2,0.2,0.15,50,64.04,417,406,25,381,160,0,0,137,0,84,0,11,8,425,244,137,425,201380.5,2081.77,14,23,30,20,33,15,16,230,160,0,0,221
32098,5,-0.08,-0.04,-0.4,-0.35,1,0.2,0.2,0.15,60,55.84,419,408,23,385,148,126,0,44,0,67,0,11,6,425,215,170,425,126443.2,1329.29,29,44,52,35,54,23,17,131,148,126,0,111
32099,5,-0.08,-0.04,-0.4,-0.35,1,0.2,0.2,0.15,60,52.37,418,407,27,380,0,133,0,48,0,199,0,11,7,425,199,181,425,93113.3,995.95,15,21,22,16,27,10,15,254,0,133,0,247
32100,5,-0.08,-0.04,-0.4,-0.35,1,0.2,0.2,0.15,60,64.04,417,406,25,381,160,0,0,137,0,84,0,11,8,425,244,137,425,201380.5,2081.77,14,23,30,20,33,15,16,230,160,0,0,221
32101,5,-0.08,-0.04,-0.4,-0.35,2,0.1,0.1,0.15,20,68.61,419,408,13,395,239,61,63,0,32,0,0,11,6,425,271,124,425,133197.39,1575.26,138,85,52,120,0,0,0,0,239,61,95,0
32102,5,-0.08,-0.04,-0.4,-0.35,2,0.1,0.1,0.15,20,57.14,418,407,15,392,0,74,94,0,224,0,0,11,7,425,224,168,425,125857.18,1631.9,15,21,22,334,0,0,0,0,0,74,318,0
32103,5,-0.08,-0.04,-0.4,-0.35,2,0.1,0.1,0.15,20,73.98,417,406,14,392,248,0,102,0,42,0,0,11,8,425,290,102,425,184398.87,1915.09,123,68,40,161,0,0,0,0,248,0,144,0
32104,5,-0.08,-0.04,-0.4,-0.35,2,0.1,0.1,0.15,30,72.05,419,408,18,390,268,82,27,0,13,0,0,11,6,425,281,109,425,135957.31,1690.01,138,85,52,25,32,58,0,0,268,82,40,0
32105,5,-0.08,-0.04,-0.4,-0.35,2,0.1,0.1,0.15,30,57.48,418,407,26,381,0,111,51,0,219,0,0,11,7,425,219,162,425,151553.87,1862.39,15,21,22,16,27,280,0,0,0,111,270,0
32106,5,-0.08,-0.04,-0.4,-0.35,2,0.1,0.1,0.15,30,80.57,417,406,20,386,289,0,75,0,22,0,0,11,8,425,311,75,425,221506.46,2220.61,123,68,40,17,25,113,0,0,289,0,97,0
32107,5,-0.08,-0.04,-0.4,-0.35,2,0.1,0.1,0.15,40,72.75,419,408,19,389,275,90,11,5,3,5,0,11,6,425,283,106,425,139655.52,1718.06,138,85,52,25,32,18,8,31,275,90,14,10
32108,5,-0.08,-0.04,-0.4,-0.35,2,0.1,0.1,0.15,40,56.32,418,407,27,380,0,130,27,9,74,140,0,11,7,425,214,166,425,173854.52,2044.45,15,21,22,16,27,10,15,254,0,130,101,149
32109,5,-0.08,-0.04,-0.4,-0.35,2,0.1,0.1,0.15,40,83.38,417,406,21,385,303,0,50,14,7,11,0,11,8,425,321,64,425,237158.25,2306.82,123,68,40,17,25,16,12,84,303,0,57,25
32110,5,-0.08,-0.04,-0.4,-0.35,2,0.1,0.1,0.15,50,72.24,419,408,19,389,275,91,0,17,0,6,0,11,6,425,281,108,425,136284.56,1700.37,138,85,52,25,32,18,8,31,275,91,0,23
32111,5,-0.08,-0.04,-0.4,-0.35,2,0.1,0.1,0.15,50,55.79,418,407,27,380,0,133,0,35,0,212,0,11,7,425,212,168,425,163008.83,1975.99,15,21,22,16,27,10,15,254,0,133,0,247
32112,5,-0.08,-0.04,-0.4,-0.35,2,0.1,0.1,0.15,50,82.86,417,406,21,385,303,0,0,66,0,16,0,11,8,425,319,66,425,228963.1,2264.65,123,68,40,17,25,16,12,84,303,0,0,82
32113,5,-0.08,-0.04,-0.4,-0.35,2,0.1,0.1,0.15,60,72.24,419,408,19,389,275,91,0,17,0,6,0,11,6,425,281,108,425,136284.56,1700.37,138,85,52,25,32,18,8,31,275,91,0,23
32114,5,-0.08,-0.04,-0.4,-0.35,2,0.1,0.1,0.15,60,55.79,418,407,27,380,0,133,0,35,0,212,0,11,7,425,212,168,425,163008.83,1975.99,15,21,22,16,27,10,15,254,0,133,0,247
32115,5,-0.08,-0.04,-0.4,-0.35,2,0.1,0.1,0.15,60,82.86,417,406,21,385,303,0,0,66,0,16,0,11,8,425,319,66,425,228963.1,2264.65,123,68,40,17,25,16,12,84,303,0,0,82
32116,5,-0.08,-0.04,-0.4,-0.35,2,0.1,0.2,0.15,20,58.23,419,408,13,395,95,73,92,0,135,0,0,11,6,425,230,165,425,150042.79,1797.75,30,48,53,264,0,0,0,0,95,73,227,0
32117,5,-0.08,-0.04,-0.4,-0.35,2,0.1,0.2,0.15,20,57.14,418,407,15,392,0,74,94,0,224,0,0,11,7,425,224,168,425,125857.18,1631.9,15,21,22,334,0,0,0,0,0,74,318,0
32118,5,-0.08,-0.04,-0.4,-0.35,2,0.1,0.2,0.15,20,63.78,417,406,14,392,97,0,142,0,153,0,0,11,8,425,250,142,425,203411.81,2170.44,15,27,32,318,0,0,0,0,97,0,295,0
32119,5,-0.08,-0.04,-0.4,-0.35,2,0.1,0.2,0.15,30,59.84,419,408,22,386,139,109,46,0,92,0,0,11,6,425,231,155,425,183370.15,2152.23,30,48,53,37,56,162,0,0,139,109,138,0
32120,5,-0.08,-0.04,-0.4,-0.35,2,0.1,0.2,0.15,30,57.48,418,407,26,381,0,111,51,0,219,0,0,11,7,425,219,162,425,151553.87,1862.39,15,21,22,16,27,280,0,0,0,111,270,0
32121,5,-0.08,-0.04,-0.4,-0.35,2,0.1,0.2,0.15,30,69.63,417,406,24,382,149,0,116,0,117,0,0,11,8,425,266,116,425,289538.93,2821.97,15,27,32,23,37,248,0,0,149,0,233,0
32122,5,-0.08,-0.04,-0.4,-0.35,2,0.1,0.2,0.15,40,60.26,419,408,23,385,159,124,21,8,32,41,0,11,6,425,232,153,425,193590.7,2248.3,30,48,53,37,56,24,19,118,159,124,53,49
32123,5,-0.08,-0.04,-0.4,-0.35,2,0.1,0.2,0.15,40,56.32,418,407,27,380,0,130,27,9,74,140,0,11,7,425,214,166,425,173854.52,2044.45,15,21,22,16,27,10,15,254,0,130,101,149
32124,5,-0.08,-0.04,-0.4,-0.35,2,0.1,0.2,0.15,40,71.92,417,406,25,381,176,0,83,24,40,58,0,11,8,425,274,107,425,331262.4,3076.04,15,27,32,23,37,15,17,215,176,0,123,82
32125,5,-0.08,-0.04,-0.4,-0.35,2,0.1,0.2,0.15,50,59.74,419,408,23,385,161,125,0,30,0,69,0,11,6,425,230,155,425,190017.54,2225.07,30,48,53,37,56,24,19,118,161,125,0,99
32126,5,-0.08,-0.04,-0.4,-0.35,2,0.1,0.2,0.15,50,55.79,418,407,27,380,0,133,0,35,0,212,0,11,7,425,212,168,425,163008.83,1975.99,15,21,22,16,27,10,15,254,0,133,0,247
32127,5,-0.08,-0.04,-0.4,-0.35,2,0.1,0.2,0.15,50,71.92,417,406,25,381,178,0,0,107,0,96,0,11,8,425,274,107,425,322933.18,3029.51,15,27,32,23,37,15,17,215,178,0,0,203
32128,5,-0.08,-0.04,-0.4,-0.35,2,0.1,0.2,0.15,60,59.74,419,408,23,385,161,125,0,30,0,69,0,11,6,425,230,155,425,190017.54,2225.07,30,48,53,37,56,24,19,118,161,125,0,99
32129,5,-0.08,-0.04,-0.4,-0.35,2,0.1,0.2,0.15,60,55.79,418,407,27,380,0,133,0,35,0,212,0,11,7,425,212,168,425,163008.83,1975.99,15,21,22,16,27,10,15,254,0,133,0,247
32130,5,-0.08,-0.04,-0.4,-0.35,2,0.1,0.2,0.15,60,71.92,417,406,25,381,178,0,0,107,0,96,0,11,8,425,274,107,425,322933.18,3029.51,15,27,32,23,37,15,17,215,178,0,0,203
32131,5,-0.08,-0.04,-0.4,-0.35,2,0.2,0.1,0.15,20,64.56,419,408,13,395,218,63,77,0,37,0,0,11,6,425,255,140,425,90152.99,932.82,132,79,50,134,0,0,0,0,218,63,114,0
32132,5,-0.08,-0.04,-0.4,-0.35,2,0.2,0.1,0.15,20,52.81,418,407,15,392,0,74,111,0,207,0,0,11,7,425,207,185,425,84131.21,895.66,15,21,22,334,0,0,0,0,0,74,318,0
32133,5,-0.08,-0.04,-0.4,-0.35,2,0.2,0.1,0.15,20,67.6,417,406,14,392,223,0,127,0,42,0,0,11,8,425,265,127,425,120945.12,1243.69,117,61,32,182,0,0,0,0,223,0,169,0
32134,5,-0.08,-0.04,-0.4,-0.35,2,0.2,0.1,0.15,30,68.72,419,408,18,390,253,85,37,0,15,0,0,11,6,425,268,122,425,102426.27,1065.64,132,79,50,20,32,77,0,0,253,85,52,0
32135,5,-0.08,-0.04,-0.4,-0.35,2,0.2,0.1,0.15,30,54.33,418,407,26,381,0,111,63,0,207,0,0,11,7,425,207,174,425,92010.02,978.08,15,21,22,16,27,280,0,0,0,111,270,0
32136,5,-0.08,-0.04,-0.4,-0.35,2,0.2,0.1,0.15,30,73.83,417,406,20,386,265,0,101,0,20,0,0,11,8,425,285,101,425,153414.47,1581.29,117,61,32,13,23,140,0,0,265,0,121,0
32137,5,-0.08,-0.04,-0.4,-0.35,2,0.2,0.1,0.15,40,68.64,419,408,19,389,260,97,16,9,2,5,0,11,6,425,267,122,425,98194.61,1021.57,132,79,50,20,32,25,9,42,260,97,18,14
32138,5,-0.08,-0.04,-0.4,-0.35,2,0.2,0.1,0.15,40,52.63,418,407,27,380,0,130,35,15,66,134,0,11,7,425,200,180,425,100365.58,1072.48,15,21,22,16,27,10,15,254,0,130,101,149
32139,5,-0.08,-0.04,-0.4,-0.35,2,0.2,0.1,0.15,40,75.84,417,406,21,385,279,0,64,29,3,10,0,11,8,425,292,93,425,157448.04,1617.59,117,61,32,13,23,19,9,111,279,0,67,39
32140,5,-0.08,-0.04,-0.4,-0.35,2,0.2,0.1,0.15,50,68.38,419,408,19,389,260,98,0,25,0,6,0,11,6,425,266,123,425,96809.4,1006.35,132,79,50,20,32,25,9,42,260,98,0,31
32141,5,-0.08,-0.04,-0.4,-0.35,2,0.2,0.1,0.15,50,52.37,418,407,27,380,0,133,0,48,0,199,0,11,7,425,199,181,425,93113.3,995.95,15,21,22,16,27,10,15,254,0,133,0,247
32142,5,-0.08,-0.04,-0.4,-0.35,2,0.2,0.1,0.15,50,75.84,417,406,21,385,279,0,0,93,0,13,0,11,8,425,292,93,425,155298.27,1595.68,117,61,32,13,23,19,9,111,279,0,0,106
32143,5,-0.08,-0.04,-0.4,-0.35,2,0.2,0.1,0.15,60,68.38,419,408,19,389,260,98,0,25,0,6,0,11,6,425,266,123,425,96809.4,1006.35,132,79,50,20,32,25,9,42,260,98,0,31
32144,5,-0.08,-0.04,-0.4,-0.35,2,0.2,0.1,0.15,60,52.37,418,407,27,380,0,133,0,48,0,199,0,11,7,425,199,181,425,93113.3,995.95,15,21,22,16,27,10,15,254,0,133,0,247
32145,5,-0.08,-0.04,-0.4,-0.35,2,0.2,0.1,0.15,60,75.84,417,406,21,385,279,0,0,93,0,13,0,11,8,425,292,93,425,155298.27,1595.68,117,61,32,13,23,19,9,111,279,0,0,106
32146,5,-0.08,-0.04,-0.4,-0.35,2,0.2,0.2,0.15,20,54.18,419,408,13,395,87,73,108,0,127,0,0,11,6,425,214,181,425,98867.69,1032.13,29,44,52,270,0,0,0,0,87,73,235,0
32147,5,-0.08,-0.04,-0.4,-0.35,2,0.2,0.2,0.15,20,52.81,418,407,15,392,0,74,111,0,207,0,0,11,7,425,207,185,425,84131.21,895.66,15,21,22,334,0,0,0,0,0,74,318,0
32148,5,-0.08,-0.04,-0.4,-0.35,2,0.2,0.2,0.15,20,56.63,417,406,14,392,87,0,170,0,135,0,0,11,8,425,222,170,425,129596.97,1342.05,14,23,30,325,0,0,0,0,87,0,305,0
32149,5,-0.08,-0.04,-0.4,-0.35,2,0.2,0.2,0.15,30,57.25,419,408,22,386,128,109,56,0,93,0,0,11,6,425,221,165,425,122228.15,1278.02,29,44,52,35,54,172,0,0,128,109,149,0
32150,5,-0.08,-0.04,-0.4,-0.35,2,0.2,0.2,0.15,30,54.33,418,407,26,381,0,111,63,0,207,0,0,11,7,425,207,174,425,92010.02,978.08,15,21,22,16,27,280,0,0,0,111,270,0
32151,5,-0.08,-0.04,-0.4,-0.35,2,0.2,0.2,0.15,30,62.83,417,406,24,382,135,0,142,0,105,0,0,11,8,425,240,142,425,182770.7,1887.44,14,23,30,20,33,262,0,0,135,0,247,0
32152,5,-0.08,-0.04,-0.4,-0.35,2,0.2,0.2,0.15,40,56.1,419,408,23,385,146,124,30,15,27,43,0,11,6,425,216,169,425,130293.37,1369.67,29,44,52,35,54,23,17,131,146,124,57,58
32153,5,-0.08,-0.04,-0.4,-0.35,2,0.2,0.2,0.15,40,52.63,418,407,27,380,0,130,35,15,66,134,0,11,7,425,200,180,425,100365.58,1072.48,15,21,22,16,27,10,15,254,0,130,101,149
32154,5,-0.08,-0.04,-0.4,-0.35,2,0.2,0.2,0.15,40,63.78,417,406,25,381,158,0,99,39,32,53,0,11,8,425,243,138,425,207741.56,2146.66,14,23,30,20,33,15,16,230,158,0,131,92
32155,5,-0.08,-0.04,-0.4,-0.35,2,0.2,0.2,0.15,50,55.84,419,408,23,385,148,126,0,44,0,67,0,11,6,425,215,170,425,126443.2,1329.29,29,44,52,35,54,23,17,131,148,126,0,111
32156,5,-0.08,-0.04,-0.4,-0.35,2,0.2,0.2,0.15,50,52.37,418,407,27,380,0,133,0,48,0,199,0,11,7,425,199,181,425,93113.3,995.95,15,21,22,16,27,10,15,254,0,133,0,247
32157,5,-0.08,-0.04,-0.4,-0.35,2,0.2,0.2,0.15,50,64.04,417,406,25,381,160,0,0,137,0,84,0,11,8,425,244,137,425,201380.5,2081.77,14,23,30,20,33,15,16,230,160,0,0,221
32158,5,-0.08,-0.04,-0.4,-0.35,2,0.2,0.2,0.15,60,55.84,419,408,23,385,148,126,0,44,0,67,0,11,6,425,215,170,425,126443.2,1329.29,29,44,52,35,54,23,17,131,148,126,0,111
32159,5,-0.08,-0.04,-0.4,-0.35,2,0.2,0.2,0.15,60,52.37,418,407,27,380,0,133,0,48,0,199,0,11,7,425,199,181,425,93113.3,995.95,15,21,22,16,27,10,15,254,0,133,0,247
32160,5,-0.08,-0.04,-0.4,-0.35,2,0.2,0.2,0.15,60,64.04,417,406,25,381,160,0,0,137,0,84,0,11,8,425,244,137,425,201380.5,2081.77,14,23,30,20,33,15,16,230,160,0,0,221
32161,5,-0.08,-0.04,-0.4,-0.3,1,0.1,0.1,0.15,20,64.08,876,861,23,838,446,142,159,0,91,0,0,15,14,890,537,301,890,164984.58,1752.33,255,181,102,300,0,0,0,0,446,142,250,0
32162,5,-0.08,-0.04,-0.4,-0.3,1,0.1,0.1,0.15,20,54.33,874,859,27,832,0,168,212,0,452,0,0,15,16,890,452,380,890,151823.04,1643.51,33,59,53,687,0,0,0,0,0,168,664,0
32163,5,-0.08,-0.04,-0.4,-0.3,1,0.1,0.1,0.15,20,66.83,874,859,24,835,458,0,277,0,100,0,0,15,16,890,558,277,890,218228.53,2296.29,222,132,64,417,0,0,0,0,458,0,377,0
32164,5,-0.08,-0.04,-0.4,-0.3,1,0.1,0.1,0.15,30,66.67,876,861,30,831,512,185,92,0,42,0,0,15,14,890,554,277,890,183566.74,1951.28,255,181,102,50,68,175,0,0,512,185,134,0
32165,5,-0.08,-0.04,-0.4,-0.3,1,0.1,0.1,0.15,30,53.87,874,859,44,815,0,235,141,0,439,0,0,15,16,890,439,376,890,165041.51,1797.63,33,59,53,23,47,600,0,0,0,235,580,0
32166,5,-0.08,-0.04,-0.4,-0.3,1,0.1,0.1,0.15,30,72.07,874,859,32,827,541,0,231,0,55,0,0,15,16,890,596,231,890,290851.12,3038.91,222,132,64,40,48,321,0,0,541,0,286,0
32167,5,-0.08,-0.04,-0.4,-0.3,1,0.1,0.1,0.15,40,66.99,876,861,31,830,535,212,42,20,11,10,0,15,14,890,556,274,890,178674.37,1901.38,255,181,102,50,68,41,32,101,535,212,53,30
32168,5,-0.08,-0.04,-0.4,-0.3,1,0.1,0.1,0.15,40,53.08,874,859,47,812,0,273,73,35,158,273,0,15,16,890,431,381,890,191365.06,2074.32,33,59,53,23,47,20,35,542,0,273,231,308
32169,5,-0.08,-0.04,-0.4,-0.3,1,0.1,0.1,0.15,40,74.33,874,859,33,826,578,0,146,66,13,23,0,15,16,890,614,212,890,320226.99,3331.45,222,132,64,40,48,35,25,260,578,0,159,89
32170,5,-0.08,-0.04,-0.4,-0.3,1,0.1,0.1,0.15,50,67.11,876,861,31,830,535,213,0,60,0,22,0,15,14,890,557,273,890,176435.37,1877.2,255,181,102,50,68,41,32,101,535,213,0,82
32171,5,-0.08,-0.04,-0.4,-0.3,1,0.1,0.1,0.15,50,52.46,874,859,47,812,0,278,0,108,0,426,0,15,16,890,426,386,890,178135.85,1931.45,33,59,53,23,47,20,35,542,0,278,0,534
32172,5,-0.08,-0.04,-0.4,-0.3,1,0.1,0.1,0.15,50,74.58,874,859,33,826,578,0,0,210,0,38,0,15,16,890,616,210,890,315042.11,3276.11,222,132,64,40,48,35,25,260,578,0,0,248
32173,5,-0.08,-0.04,-0.4,-0.3,1,0.1,0.1,0.15,60,67.11,876,861,31,830,535,213,0,60,0,22,0,15,14,890,557,273,890,176435.37,1877.2,255,181,102,50,68,41,32,101,535,213,0,82
32174,5,-0.08,-0.04,-0.4,-0.3,1,0.1,0.1,0.15,60,52.46,874,859,47,812,0,278,0,108,0,426,0,15,16,890,426,386,890,178135.85,1931.45,33,59,53,23,47,20,35,542,0,278,0,534
32175,5,-0.08,-0.04,-0.4,-0.3,1,0.1,0.1,0.15,60,74.58,874,859,33,826,578,0,0,210,0,38,0,15,16,890,616,210,890,315042.11,3276.11,222,132,64,40,48,35,25,260,578,0,0,248
32176,5,-0.08,-0.04,-0.4,-0.3,1,0.1,0.2,0.15,20,55.62,876,861,25,836,179,165,206,0,286,0,0,15,14,890,465,371,890,194391.6,2054.91,66,104,116,550,0,0,0,0,179,165,492,0
32177,5,-0.08,-0.04,-0.4,-0.3,1,0.1,0.2,0.15,20,54.33,874,859,27,832,0,168,212,0,452,0,0,15,16,890,452,380,890,151823.04,1643.51,33,59,53,687,0,0,0,0,0,168,664,0
32178,5,-0.08,-0.04,-0.4,-0.3,1,0.1,0.2,0.15,20,57.86,874,859,26,833,180,0,351,0,302,0,0,15,16,890,482,351,890,242718.68,2544.96,33,46,65,689,0,0,0,0,180,0,653,0
32179,5,-0.08,-0.04,-0.4,-0.3,1,0.1,0.2,0.15,30,56.33,876,861,39,822,261,229,130,0,202,0,0,15,14,890,463,359,890,229259.49,2433.78,66,104,116,58,100,378,0,0,261,229,332,0
32180,5,-0.08,-0.04,-0.4,-0.3,1,0.1,0.2,0.15,30,53.87,874,859,44,815,0,235,141,0,439,0,0,15,16,890,439,376,890,165041.51,1797.63,33,59,53,23,47,600,0,0,0,235,580,0
32181,5,-0.08,-0.04,-0.4,-0.3,1,0.1,0.2,0.15,30,62.35,874,859,41,818,276,0,308,0,234,0,0,15,16,890,510,308,890,348387.68,3647.95,33,46,65,36,66,572,0,0,276,0,542,0
32182,5,-0.08,-0.04,-0.4,-0.3,1,0.1,0.2,0.15,40,55.98,876,861,41,820,294,262,65,34,66,99,0,15,14,890,459,361,890,251966.96,2685.57,66,104,116,58,100,46,40,290,294,262,131,133
32183,5,-0.08,-0.04,-0.4,-0.3,1,0.1,0.2,0.15,40,53.08,874,859,47,812,0,273,73,35,158,273,0,15,16,890,431,381,890,191365.06,2074.32,33,59,53,23,47,20,35,542,0,273,231,308
32184,5,-0.08,-0.04,-0.4,-0.3,1,0.1,0.2,0.15,40,63.85,874,859,43,816,317,0,208,87,74,130,0,15,16,890,521,295,890,419509.51,4387.86,33,46,65,36,66,30,26,514,317,0,282,217
32185,5,-0.08,-0.04,-0.4,-0.3,1,0.1,0.2,0.15,50,55.61,876,861,41,820,299,264,0,100,0,157,0,15,14,890,456,364,890,246558.33,2629.0,66,104,116,58,100,46,40,290,299,264,0,257
32186,5,-0.08,-0.04,-0.4,-0.3,1,0.1,0.2,0.15,50,52.46,874,859,47,812,0,278,0,108,0,426,0,15,16,890,426,386,890,178135.85,1931.45,33,59,53,23,47,20,35,542,0,278,0,534
32187,5,-0.08,-0.04,-0.4,-0.3,1,0.1,0.2,0.15,50,63.85,874,859,43,816,322,0,0,295,0,199,0,15,16,890,521,295,890,410300.03,4290.51,33,46,65,36,66,30,26,514,322,0,0,494
32188,5,-0.08,-0.04,-0.4,-0.3,1,0.1,0.2,0.15,60,55.61,876,861,41,820,299,264,0,100,0,157,0,15,14,890,456,364,890,246558.33,2629.0,66,104,116,58,100,46,40,290,299,264,0,257
32189,5,-0.08,-0.04,-0.4,-0.3,1,0.1,0.2,0.15,60,52.46,874,859,47,812,0,278,0,108,0,426,0,15,16,890,426,386,890,178135.85,1931.45,33,59,53,23,47,20,35,542,0,278,0,534
32190,5,-0.08,-0.04,-0.4,-0.3,1,0.1,0.2,0.15,60,63.85,874,859,43,816,322,0,0,295,0,199,0,15,16,890,521,295,890,410300.03,4290.51,33,46,65,36,66,30,26,514,322,0,0,494
32191,5,-0.08,-0.04,-0.4,-0.3,1,0.2,0.1,0.15,20,64.08,876,861,23,838,446,142,159,0,91,0,0,15,14,890,537,301,890,164984.58,1752.33,255,181,102,300,0,0,0,0,446,142,250,0
32192,5,-0.08,-0.04,-0.4,-0.3,1,0.2,0.1,0.15,20,54.33,874,859,27,832,0,168,212,0,452,0,0,15,16,890,452,380,890,151823.04,1643.51,33,59,53,687,0,0,0,0,0,168,664,0
32193,5,-0.08,-0.04,-0.4,-0.3,1,0.2,0.1,0.15,20,66.83,874,859,24,835,458,0,277,0,100,0,0,15,16,890,558,277,890,218228.53,2296.29,222,132,64,417,0,0,0,0,458,0,377,0
32194,5,-0.08,-0.04,-0.4,-0.3,1,0.2,0.1,0.15,30,66.67,876,861,30,831,512,185,92,0,42,0,0,15,14,890,554,277,890,183566.74,1951.28,255,181,102,50,68,175,0,0,512,185,134,0
32195,5,-0.08,-0.04,-0.4,-0.3,1,0.2,0.1,0.15,30,53.87,874,859,44,815,0,235,141,0,439,0,0,15,16,890,439,376,890,165041.51,1797.63,33,59,53,23,47,600,0,0,0,235,580,0
32196,5,-0.08,-0.04,-0.4,-0.3,1,0.2,0.1,0.15,30,72.07,874,859,32,827,541,0,231,0,55,0,0,15,16,890,596,231,890,290851.12,3038.91,222,132,64,40,48,321,0,0,541,0,286,0
32197,5,-0.08,-0.04,-0.4,-0.3,1,0.2,0.1,0.15,40,66.99,876,861,31,830,535,212,42,20,11,10,0,15,14,890,556,274,890,178674.37,1901.38,255,181,102,50,68,41,32,101,535,212,53,30
32198,5,-0.08,-0.04,-0.4,-0.3,1,0.2,0.1,0.15,40,53.08,874,859,47,812,0,273,73,35,158,273,0,15,16,890,431,381,890,191365.06,2074.32,33,59,53,23,47,20,35,542,0,273,231,308
32199,5,-0.08,-0.04,-0.4,-0.3,1,0.2,0.1,0.15,40,74.33,874,859,33,826,578,0,146,66,13,23,0,15,16,890,614,212,890,320226.99,3331.45,222,132,64,40,48,35,25,260,578,0,159,89
32200,5,-0.08,-0.04,-0.4,-0.3,1,0.2,0.1,0.15,50,67.11,876,861,31,830,535,213,0,60,0,22,0,15,14,890,557,273,890,176435.37,1877.2,255,181,102,50,68,41,32,101,535,213,0,82
32201,5,-0.08,-0.04,-0.4,-0.3,1,0.2,0.1,0.15,50,52.46,874,859,47,812,0,278,0,108,0,426,0,15,16,890,426,386,890,178135.85,1931.45,33,59,53,23,47,20,35,542,0,278,0,534
32202,5,-0.08,-0.04,-0.4,-0.3,1,0.2,0.1,0.15,50,74.58,874,859,33,826,578,0,0,210,0,38,0,15,16,890,616,210,890,315042.11,3276.11,222,132,64,40,48,35,25,260,578,0,0,248
32203,5,-0.08,-0.04,-0.4,-0.3,1,0.2,0.1,0.15,60,67.11,876,861,31,830,535,213,0,60,0,22,0,15,14,890,557,273,890,176435.37,1877.2,255,181,102,50,68,41,32,101,535,213,0,82
32204,5,-0.08,-0.04,-0.4,-0.3,1,0.2,0.1,0.15,60,52.46,874,859,47,812,0,278,0,108,0,426,0,15,16,890,426,386,890,178135.85,1931.45,33,59,53,23,47,20,35,542,0,278,0,534
32205,5,-0.08,-0.04,-0.4,-0.3,1,0.2,0.1,0.15,60,74.58,874,859,33,826,578,0,0,210,0,38,0,15,16,890,616,210,890,315042.11,3276.11,222,132,64,40,48,35,25,260,578,0,0,248
32206,5,-0.08,-0.04,-0.4,-0.3,1,0.2,0.2,0.15,20,55.62,876,861,25,836,179,165,206,0,286,0,0,15,14,890,465,371,890,194391.6,2054.91,66,104,116,550,0,0,0,0,179,165,492,0
32207,5,-0.08,-0.04,-0.4,-0.3,1,0.2,0.2,0.15,20,54.33,874,859,27,832,0,168,212,0,452,0,0,15,16,890,452,380,890,151823.04,1643.51,33,59,53,687,0,0,0,0,0,168,664,0
32208,5,-0.08,-0.04,-0.4,-0.3,1,0.2,0.2,0.15,20,57.86,874,859,26,833,180,0,351,0,302,0,0,15,16,890,482,351,890,242718.68,2544.96,33,46,65,689,0,0,0,0,180,0,653,0
32209,5,-0.08,-0.04,-0.4,-0.3,1,0.2,0.2,0.15,30,56.33,876,861,39,822,261,229,130,0,202,0,0,15,14,890,463,359,890,229259.49,2433.78,66,104,116,58,100,378,0,0,261,229,332,0
32210,5,-0.08,-0.04,-0.4,-0.3,1,0.2,0.2,0.15,30,53.87,874,859,44,815,0,235,141,0,439,0,0,15,16,890,439,376,890,165041.51,1797.63,33,59,53,23,47,600,0,0,0,235,580,0
32211,5,-0.08,-0.04,-0.4,-0.3,1,0.2,0.2,0.15,30,62.35,874,859,41,818,276,0,308,0,234,0,0,15,16,890,510,308,890,348387.68,3647.95,33,46,65,36,66,572,0,0,276,0,542,0
32212,5,-0.08,-0.04,-0.4,-0.3,1,0.2,0.2,0.15,40,55.98,876,861,41,820,294,262,65,34,66,99,0,15,14,890,459,361,890,251966.96,2685.57,66,104,116,58,100,46,40,290,294,262,131,133
32213,5,-0.08,-0.04,-0.4,-0.3,1,0.2,0.2,0.15,40,53.08,874,859,47,812,0,273,73,35,158,273,0,15,16,890,431,381,890,191365.06,2074.32,33,59,53,23,47,20,35,542,0,273,231,308
32214,5,-0.08,-0.04,-0.4,-0.3,1,0.2,0.2,0.15,40,63.85,874,859,43,816,317,0,208,87,74,130,0,15,16,890,521,295,890,419509.51,4387.86,33,46,65,36,66,30,26,514,317,0,282,217
32215,5,-0.08,-0.04,-0.4,-0.3,1,0.2,0.2,0.15,50,55.61,876,861,41,820,299,264,0,100,0,157,0,15,14,890,456,364,890,246558.33,2629.0,66,104,116,58,100,46,40,290,299,264,0,257
32216,5,-0.08,-0.04,-0.4,-0.3,1,0.2,0.2,0.15,50,52.46,874,859,47,812,0,278,0,108,0,426,0,15,16,890,426,386,890,178135.85,1931.45,33,59,53,23,47,20,35,542,0,278,0,534
32217,5,-0.08,-0.04,-0.4,-0.3,1,0.2,0.2,0.15,50,63.85,874,859,43,816,322,0,0,295,0,199,0,15,16,890,521,295,890,410300.03,4290.51,33,46,65,36,66,30,26,514,322,0,0,494
32218,5,-0.08,-0.04,-0.4,-0.3,1,0.2,0.2,0.15,60,55.61,876,861,41,820,299,264,0,100,0,157,0,15,14,890,456,364,890,246558.33,2629.0,66,104,116,58,100,46,40,290,299,264,0,257
32219,5,-0.08,-0.04,-0.4,-0.3,1,0.2,0.2,0.15,60,52.46,874,859,47,812,0,278,0,108,0,426,0,15,16,890,426,386,890,178135.85,1931.45,33,59,53,23,47,20,35,542,0,278,0,534
32220,5,-0.08,-0.04,-0.4,-0.3,1,0.2,0.2,0.15,60,63.85,874,859,43,816,322,0,0,295,0,199,0,15,16,890,521,295,890,410300.03,4290.51,33,46,65,36,66,30,26,514,322,0,0,494
32221,5,-0.08,-0.04,-0.4,-0.3,2,0.1,0.1,0.15,20,68.38,876,861,23,838,488,138,127,0,85,0,0,15,14,890,573,265,890,244519.35,3096.07,266,196,112,264,0,0,0,0,488,138,212,0
32222,5,-0.08,-0.04,-0.4,-0.3,2,0.1,0.1,0.15,20,58.77,874,859,27,832,0,168,175,0,489,0,0,15,16,890,489,343,890,231615.87,3178.42,33,59,53,687,0,0,0,0,0,168,664,0
32223,5,-0.08,-0.04,-0.4,-0.3,2,0.1,0.1,0.15,20,73.29,874,859,24,835,512,0,223,0,100,0,0,15,16,890,612,223,890,342834.15,3760.99,235,150,82,368,0,0,0,0,512,0,323,0
32224,5,-0.08,-0.04,-0.4,-0.3,2,0.1,0.1,0.15,30,70.64,876,861,30,831,549,179,65,0,38,0,0,15,14,890,587,244,890,261714.67,3353.58,266,196,112,52,66,139,0,0,549,179,103,0
32225,5,-0.08,-0.04,-0.4,-0.3,2,0.1,0.1,0.15,30,57.18,874,859,44,815,0,235,114,0,466,0,0,15,16,890,466,349,890,288929.77,3644.08,33,59,53,23,47,600,0,0,0,235,580,0
32226,5,-0.08,-0.04,-0.4,-0.3,2,0.1,0.1,0.15,30,79.32,874,859,32,827,599,0,171,0,57,0,0,15,16,890,656,171,890,459104.43,4547.62,235,150,82,45,52,263,0,0,599,0,228,0
32227,5,-0.08,-0.04,-0.4,-0.3,2,0.1,0.1,0.15,40,71.08,876,861,31,830,565,198,29,13,16,9,0,15,14,890,590,240,890,256992.35,3386.95,266,196,112,52,66,36,23,79,565,198,45,22
32228,5,-0.08,-0.04,-0.4,-0.3,2,0.1,0.1,0.15,40,56.65,874,859,47,812,0,273,58,21,173,287,0,15,16,890,460,352,890,338652.54,4125.11,33,59,53,23,47,20,35,542,0,273,231,308
32229,5,-0.08,-0.04,-0.4,-0.3,2,0.1,0.1,0.15,40,82.32,874,859,33,826,633,0,112,34,22,25,0,15,16,890,680,146,890,513484.35,4875.71,235,150,82,45,52,35,23,204,633,0,134,59
32230,5,-0.08,-0.04,-0.4,-0.3,2,0.1,0.1,0.15,50,70.72,876,861,31,830,566,199,0,44,0,21,0,15,14,890,587,243,890,253594.43,3366.06,266,196,112,52,66,36,23,79,566,199,0,65
32231,5,-0.08,-0.04,-0.4,-0.3,2,0.1,0.1,0.15,50,55.79,874,859,47,812,0,278,0,81,0,453,0,15,16,890,453,359,890,319937.71,3994.3,33,59,53,23,47,20,35,542,0,278,0,534
32232,5,-0.08,-0.04,-0.4,-0.3,2,0.1,0.1,0.15,50,81.96,874,859,33,826,634,0,0,149,0,43,0,15,16,890,677,149,890,505478.57,4829.52,235,150,82,45,52,35,23,204,634,0,0,192
32233,5,-0.08,-0.04,-0.4,-0.3,2,0.1,0.1,0.15,60,70.72,876,861,31,830,566,199,0,44,0,21,0,15,14,890,587,243,890,253594.43,3366.06,266,196,112,52,66,36,23,79,566,199,0,65
32234,5,-0.08,-0.04,-0.4,-0.3,2,0.1,0.1,0.15,60,55.79,874,859,47,812,0,278,0,81,0,453,0,15,16,890,453,359,890,319937.71,3994.3,33,59,53,23,47,20,35,542,0,278,0,534
32235,5,-0.08,-0.04,-0.4,-0.3,2,0.1,0.1,0.15,60,81.96,874,859,33,826,634,0,0,149,0,43,0,15,16,890,677,149,890,505478.57,4829.52,235,150,82,45,52,35,23,204,634,0,0,192
32236,5,-0.08,-0.04,-0.4,-0.3,2,0.1,0.2,0.15,20,59.93,876,861,25,836,196,165,170,0,305,0,0,15,14,890,501,335,890,288137.94,3634.71,67,110,120,539,0,0,0,0,196,165,475,0
32237,5,-0.08,-0.04,-0.4,-0.3,2,0.1,0.2,0.15,20,58.77,874,859,27,832,0,168,175,0,489,0,0,15,16,890,489,343,890,231615.87,3178.42,33,59,53,687,0,0,0,0,0,168,664,0
32238,5,-0.08,-0.04,-0.4,-0.3,2,0.1,0.2,0.15,20,64.83,874,859,26,833,202,0,293,0,338,0,0,15,16,890,540,293,890,368953.63,4261.85,34,53,71,675,0,0,0,0,202,0,631,0
32239,5,-0.08,-0.04,-0.4,-0.3,2,0.1,0.2,0.15,30,59.37,876,861,39,822,286,229,105,0,202,0,0,15,14,890,488,334,890,356381.32,4267.83,67,110,120,64,106,355,0,0,286,229,307,0
32240,5,-0.08,-0.04,-0.4,-0.3,2,0.1,0.2,0.15,30,57.18,874,859,44,815,0,235,114,0,466,0,0,15,16,890,466,349,890,288929.77,3644.08,33,59,53,23,47,600,0,0,0,235,580,0
32241,5,-0.08,-0.04,-0.4,-0.3,2,0.1,0.2,0.15,30,68.58,874,859,41,818,309,0,257,0,252,0,0,15,16,890,561,257,890,576605.9,5675.06,34,53,71,44,75,541,0,0,309,0,509,0
32242,5,-0.08,-0.04,-0.4,-0.3,2,0.1,0.2,0.15,40,59.63,876,861,41,820,327,262,49,20,74,88,0,15,14,890,489,331,890,388465.7,4616.37,67,110,120,64,106,48,45,260,327,262,123,108
32243,5,-0.08,-0.04,-0.4,-0.3,2,0.1,0.2,0.15,40,56.65,874,859,47,812,0,273,58,21,173,287,0,15,16,890,460,352,890,338652.54,4125.11,33,59,53,23,47,20,35,542,0,273,231,308
32244,5,-0.08,-0.04,-0.4,-0.3,2,0.1,0.2,0.15,40,72.06,874,859,43,816,362,0,176,52,92,134,0,15,16,890,588,228,890,702972.38,6497.65,34,53,71,44,75,32,30,477,362,0,268,186
32245,5,-0.08,-0.04,-0.4,-0.3,2,0.1,0.2,0.15,50,59.15,876,861,41,820,331,263,0,72,0,154,0,15,14,890,485,335,890,382940.71,4579.88,67,110,120,64,106,48,45,260,331,263,0,226
32246,5,-0.08,-0.04,-0.4,-0.3,2,0.1,0.2,0.15,50,55.79,874,859,47,812,0,278,0,81,0,453,0,15,16,890,453,359,890,319937.71,3994.3,33,59,53,23,47,20,35,542,0,278,0,534
32247,5,-0.08,-0.04,-0.4,-0.3,2,0.1,0.2,0.15,50,72.06,874,859,43,816,366,0,0,228,0,222,0,15,16,890,588,228,890,688823.85,6416.19,34,53,71,44,75,32,30,477,366,0,0,450
32248,5,-0.08,-0.04,-0.4,-0.3,2,0.1,0.2,0.15,60,59.15,876,861,41,820,331,263,0,72,0,154,0,15,14,890,485,335,890,382940.71,4579.88,67,110,120,64,106,48,45,260,331,263,0,226
32249,5,-0.08,-0.04,-0.4,-0.3,2,0.1,0.2,0.15,60,55.79,874,859,47,812,0,278,0,81,0,453,0,15,16,890,453,359,890,319937.71,3994.3,33,59,53,23,47,20,35,542,0,278,0,534
32250,5,-0.08,-0.04,-0.4,-0.3,2,0.1,0.2,0.15,60,72.06,874,859,43,816,366,0,0,228,0,222,0,15,16,890,588,228,890,688823.85,6416.19,34,53,71,44,75,32,30,477,366,0,0,450
32251,5,-0.08,-0.04,-0.4,-0.3,2,0.2,0.1,0.15,20,64.08,876,861,23,838,446,142,159,0,91,0,0,15,14,890,537,301,890,164984.58,1752.33,255,181,102,300,0,0,0,0,446,142,250,0
32252,5,-0.08,-0.04,-0.4,-0.3,2,0.2,0.1,0.15,20,54.33,874,859,27,832,0,168,212,0,452,0,0,15,16,890,452,380,890,151823.04,1643.51,33,59,53,687,0,0,0,0,0,168,664,0
32253,5,-0.08,-0.04,-0.4,-0.3,2,0.2,0.1,0.15,20,66.83,874,859,24,835,458,0,277,0,100,0,0,15,16,890,558,277,890,218228.53,2296.29,222,132,64,417,0,0,0,0,458,0,377,0
32254,5,-0.08,-0.04,-0.4,-0.3,2,0.2,0.1,0.15,30,66.67,876,861,30,831,512,185,92,0,42,0,0,15,14,890,554,277,890,183566.74,1951.28,255,181,102,50,68,175,0,0,512,185,134,0
32255,5,-0.08,-0.04,-0.4,-0.3,2,0.2,0.1,0.15,30,53.87,874,859,44,815,0,235,141,0,439,0,0,15,16,890,439,376,890,165041.51,1797.63,33,59,53,23,47,600,0,0,0,235,580,0
32256,5,-0.08,-0.04,-0.4,-0.3,2,0.2,0.1,0.15,30,72.07,874,859,32,827,541,0,231,0,55,0,0,15,16,890,596,231,890,290851.12,3038.91,222,132,64,40,48,321,0,0,541,0,286,0
32257,5,-0.08,-0.04,-0.4,-0.3,2,0.2,0.1,0.15,40,66.99,876,861,31,830,535,212,42,20,11,10,0,15,14,890,556,274,890,178674.37,1901.38,255,181,102,50,68,41,32,101,535,212,53,30
32258,5,-0.08,-0.04,-0.4,-0.3,2,0.2,0.1,0.15,40,53.08,874,859,47,812,0,273,73,35,158,273,0,15,16,890,431,381,890,191365.06,2074.32,33,59,53,23,47,20,35,542,0,273,231,308
32259,5,-0.08,-0.04,-0.4,-0.3,2,0.2,0.1,0.15,40,74.33,874,859,33,826,578,0,146,66,13,23,0,15,16,890,614,212,890,320226.99,3331.45,222,132,64,40,48,35,25,260,578,0,159,89
32260,5,-0.08,-0.04,-0.4,-0.3,2,0.2,0.1,0.15,50,67.11,876,861,31,830,535,213,0,60,0,22,0,15,14,890,557,273,890,176435.37,1877.2,255,181,102,50,68,41,32,101,535,213,0,82
32261,5,-0.08,-0.04,-0.4,-0.3,2,0.2,0.1,0.15,50,52.46,874,859,47,812,0,278,0,108,0,426,0,15,16,890,426,386,890,178135.85,1931.45,33,59,53,23,47,20,35,542,0,278,0,534
32262,5,-0.08,-0.04,-0.4,-0.3,2,0.2,0.1,0.15,50,74.58,874,859,33,826,578,0,0,210,0,38,0,15,16,890,616,210,890,315042.11,3276.11,222,132,64,40,48,35,25,260,578,0,0,248
32263,5,-0.08,-0.04,-0.4,-0.3,2,0.2,0.1,0.15,60,67.11,876,861,31,830,535,213,0,60,0,22,0,15,14,890,557,273,890,176435.37,1877.2,255,181,102,50,68,41,32,101,535,213,0,82
32264,5,-0.08,-0.04,-0.4,-0.3,2,0.2,0.1,0.15,60,52.46,874,859,47,812,0,278,0,108,0,426,0,15,16,890,426,386,890,178135.85,1931.45,33,59,53,23,47,20,35,542,0,278,0,534
32265,5,-0.08,-0.04,-0.4,-0.3,2,0.2,0.1,0.15,60,74.58,874,859,33,826,578,0,0,210,0,38,0,15,16,890,616,210,890,315042.11,3276.11,222,132,64,40,48,35,25,260,578,0,0,248
32266,5,-0.08,-0.04,-0.4,-0.3,2,0.2,0.2,0.15,20,55.62,876,861,25,836,179,165,206,0,286,0,0,15,14,890,465,371,890,194391.6,2054.91,66,104,116,550,0,0,0,0,179,165,492,0
32267,5,-0.08,-0.04,-0.4,-0.3,2,0.2,0.2,0.15,20,54.33,874,859,27,832,0,168,212,0,452,0,0,15,16,890,452,380,890,151823.04,1643.51,33,59,53,687,0,0,0,0,0,168,664,0
32268,5,-0.08,-0.04,-0.4,-0.3,2,0.2,0.2,0.15,20,57.86,874,859,26,833,180,0,351,0,302,0,0,15,16,890,482,351,890,242718.68,2544.96,33,46,65,689,0,0,0,0,180,0,653,0
32269,5,-0.08,-0.04,-0.4,-0.3,2,0.2,0.2,0.15,30,56.33,876,861,39,822,261,229,130,0,202,0,0,15,14,890,463,359,890,229259.49,2433.78,66,104,116,58,100,378,0,0,261,229,332,0
32270,5,-0.08,-0.04,-0.4,-0.3,2,0.2,0.2,0.15,30,53.87,874,859,44,815,0,235,141,0,439,0,0,15,16,890,439,376,890,165041.51,1797.63,33,59,53,23,47,600,0,0,0,235,580,0
32271,5,-0.08,-0.04,-0.4,-0.3,2,0.2,0.2,0.15,30,62.35,874,859,41,818,276,0,308,0,234,0,0,15,16,890,510,308,890,348387.68,3647.95,33,46,65,36,66,572,0,0,276,0,542,0
32272,5,-0.08,-0.04,-0.4,-0.3,2,0.2,0.2,0.15,40,55.98,876,861,41,820,294,262,65,34,66,99,0,15,14,890,459,361,890,251966.96,2685.57,66,104,116,58,100,46,40,290,294,262,131,133
32273,5,-0.08,-0.04,-0.4,-0.3,2,0.2,0.2,0.15,40,53.08,874,859,47,812,0,273,73,35,158,273,0,15,16,890,431,381,890,191365.06,2074.32,33,59,53,23,47,20,35,542,0,273,231,308
32274,5,-0.08,-0.04,-0.4,-0.3,2,0.2,0.2,0.15,40,63.85,874,859,43,816,317,0,208,87,74,130,0,15,16,890,521,295,890,419509.51,4387.86,33,46,65,36,66,30,26,514,317,0,282,217
32275,5,-0.08,-0.04,-0.4,-0.3,2,0.2,0.2,0.15,50,55.61,876,861,41,820,299,264,0,100,0,157,0,15,14,890,456,364,890,246558.33,2629.0,66,104,116,58,100,46,40,290,299,264,0,257
32276,5,-0.08,-0.04,-0.4,-0.3,2,0.2,0.2,0.15,50,52.46,874,859,47,812,0,278,0,108,0,426,0,15,16,890,426,386,890,178135.85,1931.45,33,59,53,23,47,20,35,542,0,278,0,534
32277,5,-0.08,-0.04,-0.4,-0.3,2,0.2,0.2,0.15,50,63.85,874,859,43,816,322,0,0,295,0,199,0,15,16,890,521,295,890,410300.03,4290.51,33,46,65,36,66,30,26,514,322,0,0,494
32278,5,-0.08,-0.04,-0.4,-0.3,2,0.2,0.2,0.15,60,55.61,876,861,41,820,299,264,0,100,0,157,0,15,14,890,456,364,890,246558.33,2629.0,66,104,116,58,100,46,40,290,299,264,0,257
32279,5,-0.08,-0.04,-0.4,-0.3,2,0.2,0.2,0.15,60,52.46,874,859,47,812,0,278,0,108,0,426,0,15,16,890,426,386,890,178135.85,1931.45,33,59,53,23,47,20,35,542,0,278,0,534
32280,5,-0.08,-0.04,-0.4,-0.3,2,0.2,0.2,0.15,60,63.85,874,859,43,816,322,0,0,295,0,199,0,15,16,890,521,295,890,410300.03,4290.51,33,46,65,36,66,30,26,514,322,0,0,494
32281,5,-0.08,-0.04,-0.4,-0.25,1,0.1,0.1,0.15,20,61.93,1333,1307,33,1274,649,242,243,0,140,0,0,26,20,1353,789,485,1353,182275.06,1948.85,389,254,163,468,0,0,0,0,649,242,383,0
32282,5,-0.08,-0.04,-0.4,-0.25,1,0.1,0.1,0.15,20,51.74,1331,1305,41,1264,0,285,325,0,654,0,0,26,22,1353,654,610,1353,116442.37,1306.59,60,79,103,1022,0,0,0,0,0,285,979,0
32283,5,-0.08,-0.04,-0.4,-0.25,1,0.1,0.1,0.15,20,64.12,1331,1305,34,1271,664,0,456,0,151,0,0,26,22,1353,815,456,1353,239787.14,2544.32,329,188,87,667,0,0,0,0,664,0,607,0
32284,5,-0.08,-0.04,-0.4,-0.25,1,0.1,0.1,0.15,30,64.0,1333,1307,43,1264,744,307,148,0,65,0,0,26,20,1353,809,455,1353,201333.35,2173.06,389,254,163,85,102,271,0,0,744,307,213,0
32285,5,-0.08,-0.04,-0.4,-0.25,1,0.1,0.1,0.15,30,49.72,1331,1305,64,1241,0,391,233,0,617,0,0,26,22,1353,617,624,1353,85848.76,1033.93,60,79,103,43,79,877,0,0,0,391,850,0
32286,5,-0.08,-0.04,-0.4,-0.25,1,0.1,0.1,0.15,30,68.76,1329,1303,45,1258,784,0,393,0,81,0,0,26,24,1353,865,393,1353,336768.34,3555.97,329,188,87,60,69,525,0,0,784,0,474,0
32287,5,-0.08,-0.04,-0.4,-0.25,1,0.1,0.1,0.15,40,64.61,1333,1307,44,1263,778,345,65,37,24,14,0,26,20,1353,816,447,1353,200709.62,2159.54,389,254,163,85,102,58,45,167,778,345,89,51
32288,5,-0.08,-0.04,-0.4,-0.25,1,0.1,0.1,0.15,40,49.47,1331,1305,68,1237,0,446,118,61,231,381,0,26,22,1353,612,625,1353,108542.13,1266.41,60,79,103,43,79,27,55,791,0,446,349,442
32289,5,-0.08,-0.04,-0.4,-0.25,1,0.1,0.1,0.15,40,71.36,1329,1303,46,1257,838,0,244,116,28,31,0,26,24,1353,897,360,1353,396803.41,4151.04,329,188,87,60,69,51,34,439,838,0,272,147
32290,5,-0.08,-0.04,-0.4,-0.25,1,0.1,0.1,0.15,50,64.77,1333,1307,44,1263,778,347,0,98,0,40,0,26,20,1353,818,445,1353,196684.02,2117.78,389,254,163,85,102,58,45,167,778,347,0,138
32291,5,-0.08,-0.04,-0.4,-0.25,1,0.1,0.1,0.15,50,48.99,1331,1305,68,1237,0,453,0,178,0,606,0,26,22,1353,606,631,1353,87062.84,1039.24,60,79,103,43,79,27,55,791,0,453,0,784
32292,5,-0.08,-0.04,-0.4,-0.25,1,0.1,0.1,0.15,50,71.6,1329,1303,46,1257,838,0,0,357,0,62,0,26,24,1353,900,357,1353,388103.7,4061.28,329,188,87,60,69,51,34,439,838,0,0,419
32293,5,-0.08,-0.04,-0.4,-0.25,1,0.1,0.1,0.15,60,64.77,1333,1307,44,1263,778,347,0,98,0,40,0,26,20,1353,818,445,1353,196684.02,2117.78,389,254,163,85,102,58,45,167,778,347,0,138
32294,5,-0.08,-0.04,-0.4,-0.25,1,0.1,0.1,0.15,60,48.99,1331,1305,68,1237,0,453,0,178,0,606,0,26,22,1353,606,631,1353,87062.84,1039.24,60,79,103,43,79,27,55,791,0,453,0,784
32295,5,-0.08,-0.04,-0.4,-0.25,1,0.1,0.1,0.15,60,71.6,1329,1303,46,1257,838,0,0,357,0,62,0,26,24,1353,900,357,1353,388103.7,4061.28,329,188,87,60,69,51,34,439,838,0,0,419
32296,5,-0.08,-0.04,-0.4,-0.25,1,0.1,0.2,0.15,20,52.91,1333,1307,37,1270,256,280,318,0,416,0,0,26,20,1353,672,598,1353,193280.83,2072.51,110,143,185,832,0,0,0,0,256,280,734,0
32297,5,-0.08,-0.04,-0.4,-0.25,1,0.1,0.2,0.15,20,51.74,1331,1305,41,1264,0,285,325,0,654,0,0,26,22,1353,654,610,1353,116442.37,1306.59,60,79,103,1022,0,0,0,0,0,285,979,0
32298,5,-0.08,-0.04,-0.4,-0.25,1,0.1,0.2,0.15,20,54.78,1331,1305,38,1267,258,0,573,0,436,0,0,26,22,1353,694,573,1353,240349.49,2559.05,50,65,86,1066,0,0,0,0,258,0,1009,0
32299,5,-0.08,-0.04,-0.4,-0.25,1,0.1,0.2,0.15,30,52.28,1333,1307,56,1251,360,381,216,0,294,0,0,26,20,1353,654,597,1353,210719.74,2292.42,110,143,185,98,143,572,0,0,360,381,510,0
32300,5,-0.08,-0.04,-0.4,-0.25,1,0.1,0.2,0.15,30,49.72,1331,1305,64,1241,0,391,233,0,617,0,0,26,22,1353,617,624,1353,85848.76,1033.93,60,79,103,43,79,877,0,0,0,391,850,0
32301,5,-0.08,-0.04,-0.4,-0.25,1,0.1,0.2,0.15,30,57.75,1329,1303,58,1245,378,0,526,0,341,0,0,26,24,1353,719,526,1353,358723.61,3808.79,50,65,86,57,80,907,0,0,378,0,867,0
32302,5,-0.08,-0.04,-0.4,-0.25,1,0.1,0.2,0.15,40,52.64,1333,1307,59,1248,408,430,102,59,105,144,0,26,20,1353,657,591,1353,245915.8,2667.55,110,143,185,98,143,62,65,442,408,430,207,203
32303,5,-0.08,-0.04,-0.4,-0.25,1,0.1,0.2,0.15,40,49.47,1331,1305,68,1237,0,446,118,61,231,381,0,26,22,1353,612,625,1353,108542.13,1266.41,60,79,103,43,79,27,55,791,0,446,349,442
32304,5,-0.08,-0.04,-0.4,-0.25,1,0.1,0.2,0.15,40,60.14,1329,1303,61,1242,442,0,348,147,117,188,0,26,24,1353,747,495,1353,475401.05,5010.22,50,65,86,57,80,40,44,820,442,0,465,335
32305,5,-0.08,-0.04,-0.4,-0.25,1,0.1,0.2,0.15,50,52.24,1333,1307,59,1248,413,433,0,163,0,239,0,26,20,1353,652,596,1353,234915.14,2554.1,110,143,185,98,143,62,65,442,413,433,0,402
32306,5,-0.08,-0.04,-0.4,-0.25,1,0.1,0.2,0.15,50,48.99,1331,1305,68,1237,0,453,0,178,0,606,0,26,22,1353,606,631,1353,87062.84,1039.24,60,79,103,43,79,27,55,791,0,453,0,784
32307,5,-0.08,-0.04,-0.4,-0.25,1,0.1,0.2,0.15,50,59.98,1329,1303,61,1242,447,0,0,497,0,298,0,26,24,1353,745,497,1353,462016.63,4871.69,50,65,86,57,80,40,44,820,447,0,0,795
32308,5,-0.08,-0.04,-0.4,-0.25,1,0.1,0.2,0.15,60,52.24,1333,1307,59,1248,413,433,0,163,0,239,0,26,20,1353,652,596,1353,234915.14,2554.1,110,143,185,98,143,62,65,442,413,433,0,402
32309,5,-0.08,-0.04,-0.4,-0.25,1,0.1,0.2,0.15,60,48.99,1331,1305,68,1237,0,453,0,178,0,606,0,26,22,1353,606,631,1353,87062.84,1039.24,60,79,103,43,79,27,55,791,0,453,0,784
32310,5,-0.08,-0.04,-0.4,-0.25,1,0.1,0.2,0.15,60,59.98,1329,1303,61,1242,447,0,0,497,0,298,0,26,24,1353,745,497,1353,462016.63,4871.69,50,65,86,57,80,40,44,820,447,0,0,795
32311,5,-0.08,-0.04,-0.4,-0.25,1,0.2,0.1,0.15,20,61.93,1333,1307,33,1274,649,242,243,0,140,0,0,26,20,1353,789,485,1353,182275.06,1948.85,389,254,163,468,0,0,0,0,649,242,383,0
32312,5,-0.08,-0.04,-0.4,-0.25,1,0.2,0.1,0.15,20,51.74,1331,1305,41,1264,0,285,325,0,654,0,0,26,22,1353,654,610,1353,116442.37,1306.59,60,79,103,1022,0,0,0,0,0,285,979,0
32313,5,-0.08,-0.04,-0.4,-0.25,1,0.2,0.1,0.15,20,64.12,1331,1305,34,1271,664,0,456,0,151,0,0,26,22,1353,815,456,1353,239787.14,2544.32,329,188,87,667,0,0,0,0,664,0,607,0
32314,5,-0.08,-0.04,-0.4,-0.25,1,0.2,0.1,0.15,30,64.0,1333,1307,43,1264,744,307,148,0,65,0,0,26,20,1353,809,455,1353,201333.35,2173.06,389,254,163,85,102,271,0,0,744,307,213,0
32315,5,-0.08,-0.04,-0.4,-0.25,1,0.2,0.1,0.15,30,49.72,1331,1305,64,1241,0,391,233,0,617,0,0,26,22,1353,617,624,1353,85848.76,1033.93,60,79,103,43,79,877,0,0,0,391,850,0
32316,5,-0.08,-0.04,-0.4,-0.25,1,0.2,0.1,0.15,30,68.76,1329,1303,45,1258,784,0,393,0,81,0,0,26,24,1353,865,393,1353,336768.34,3555.97,329,188,87,60,69,525,0,0,784,0,474,0
32317,5,-0.08,-0.04,-0.4,-0.25,1,0.2,0.1,0.15,40,64.61,1333,1307,44,1263,778,345,65,37,24,14,0,26,20,1353,816,447,1353,200709.62,2159.54,389,254,163,85,102,58,45,167,778,345,89,51
32318,5,-0.08,-0.04,-0.4,-0.25,1,0.2,0.1,0.15,40,49.47,1331,1305,68,1237,0,446,118,61,231,381,0,26,22,1353,612,625,1353,108542.13,1266.41,60,79,103,43,79,27,55,791,0,446,349,442
32319,5,-0.08,-0.04,-0.4,-0.25,1,0.2,0.1,0.15,40,71.36,1329,1303,46,1257,838,0,244,116,28,31,0,26,24,1353,897,360,1353,396803.41,4151.04,329,188,87,60,69,51,34,439,838,0,272,147
32320,5,-0.08,-0.04,-0.4,-0.25,1,0.2,0.1,0.15,50,64.77,1333,1307,44,1263,778,347,0,98,0,40,0,26,20,1353,818,445,1353,196684.02,2117.78,389,254,163,85,102,58,45,167,778,347,0,138
32321,5,-0.08,-0.04,-0.4,-0.25,1,0.2,0.1,0.15,50,48.99,1331,1305,68,1237,0,453,0,178,0,606,0,26,22,1353,606,631,1353,87062.84,1039.24,60,79,103,43,79,27,55,791,0,453,0,784
32322,5,-0.08,-0.04,-0.4,-0.25,1,0.2,0.1,0.15,50,71.6,1329,1303,46,1257,838,0,0,357,0,62,0,26,24,1353,900,357,1353,388103.7,4061.28,329,188,87,60,69,51,34,439,838,0,0,419
32323,5,-0.08,-0.04,-0.4,-0.25,1,0.2,0.1,0.15,60,64.77,1333,1307,44,1263,778,347,0,98,0,40,0,26,20,1353,818,445,1353,196684.02,2117.78,389,254,163,85,102,58,45,167,778,347,0,138
32324,5,-0.08,-0.04,-0.4,-0.25,1,0.2,0.1,0.15,60,48.99,1331,1305,68,1237,0,453,0,178,0,606,0,26,22,1353,606,631,1353,87062.84,1039.24,60,79,103,43,79,27,55,791,0,453,0,784
32325,5,-0.08,-0.04,-0.4,-0.25,1,0.2,0.1,0.15,60,71.6,1329,1303,46,1257,838,0,0,357,0,62,0,26,24,1353,900,357,1353,388103.7,4061.28,329,188,87,60,69,51,34,439,838,0,0,419
32326,5,-0.08,-0.04,-0.4,-0.25,1,0.2,0.2,0.15,20,52.91,1333,1307,37,1270,256,280,318,0,416,0,0,26,20,1353,672,598,1353,193280.83,2072.51,110,143,185,832,0,0,0,0,256,280,734,0
32327,5,-0.08,-0.04,-0.4,-0.25,1,0.2,0.2,0.15,20,51.74,1331,1305,41,1264,0,285,325,0,654,0,0,26,22,1353,654,610,1353,116442.37,1306.59,60,79,103,1022,0,0,0,0,0,285,979,0
32328,5,-0.08,-0.04,-0.4,-0.25,1,0.2,0.2,0.15,20,54.78,1331,1305,38,1267,258,0,573,0,436,0,0,26,22,1353,694,573,1353,240349.49,2559.05,50,65,86,1066,0,0,0,0,258,0,1009,0
32329,5,-0.08,-0.04,-0.4,-0.25,1,0.2,0.2,0.15,30,52.28,1333,1307,56,1251,360,381,216,0,294,0,0,26,20,1353,654,597,1353,210719.74,2292.42,110,143,185,98,143,572,0,0,360,381,510,0
32330,5,-0.08,-0.04,-0.4,-0.25,1,0.2,0.2,0.15,30,49.72,1331,1305,64,1241,0,391,233,0,617,0,0,26,22,1353,617,624,1353,85848.76,1033.93,60,79,103,43,79,877,0,0,0,391,850,0
32331,5,-0.08,-0.04,-0.4,-0.25,1,0.2,0.2,0.15,30,57.75,1329,1303,58,1245,378,0,526,0,341,0,0,26,24,1353,719,526,1353,358723.61,3808.79,50,65,86,57,80,907,0,0,378,0,867,0
32332,5,-0.08,-0.04,-0.4,-0.25,1,0.2,0.2,0.15,40,52.64,1333,1307,59,1248,408,430,102,59,105,144,0,26,20,1353,657,591,1353,245915.8,2667.55,110,143,185,98,143,62,65,442,408,430,207,203
32333,5,-0.08,-0.04,-0.4,-0.25,1,0.2,0.2,0.15,40,49.47,1331,1305,68,1237,0,446,118,61,231,381,0,26,22,1353,612,625,1353,108542.13,1266.41,60,79,103,43,79,27,55,791,0,446,349,442
32334,5,-0.08,-0.04,-0.4,-0.25,1,0.2,0.2,0.15,40,60.14,1329,1303,61,1242,442,0,348,147,117,188,0,26,24,1353,747,495,1353,475401.05,5010.22,50,65,86,57,80,40,44,820,442,0,465,335
32335,5,-0.08,-0.04,-0.4,-0.25,1,0.2,0.2,0.15,50,52.24,1333,1307,59,1248,413,433,0,163,0,239,0,26,20,1353,652,596,1353,234915.14,2554.1,110,143,185,98,143,62,65,442,413,433,0,402
32336,5,-0.08,-0.04,-0.4,-0.25,1,0.2,0.2,0.15,50,48.99,1331,1305,68,1237,0,453,0,178,0,606,0,26,22,1353,606,631,1353,87062.84,1039.24,60,79,103,43,79,27,55,791,0,453,0,784
32337,5,-0.08,-0.04,-0.4,-0.25,1,0.2,0.2,0.15,50,59.98,1329,1303,61,1242,447,0,0,497,0,298,0,26,24,1353,745,497,1353,462016.63,4871.69,50,65,86,57,80,40,44,820,447,0,0,795
32338,5,-0.08,-0.04,-0.4,-0.25,1,0.2,0.2,0.15,60,52.24,1333,1307,59,1248,413,433,0,163,0,239,0,26,20,1353,652,596,1353,234915.14,2554.1,110,143,185,98,143,62,65,442,413,433,0,402
32339,5,-0.08,-0.04,-0.4,-0.25,1,0.2,0.2,0.15,60,48.99,1331,1305,68,1237,0,453,0,178,0,606,0,26,22,1353,606,631,1353,87062.84,1039.24,60,79,103,43,79,27,55,791,0,453,0,784
32340,5,-0.08,-0.04,-0.4,-0.25,1,0.2,0.2,0.15,60,59.98,1329,1303,61,1242,447,0,0,497,0,298,0,26,24,1353,745,497,1353,462016.63,4871.69,50,65,86,57,80,40,44,820,447,0,0,795
32341,5,-0.08,-0.04,-0.4,-0.25,2,0.1,0.1,0.15,20,66.01,1333,1307,33,1274,712,233,200,0,129,0,0,26,20,1353,841,433,1353,288235.4,4140.98,405,276,173,420,0,0,0,0,712,233,329,0
32342,5,-0.08,-0.04,-0.4,-0.25,2,0.1,0.1,0.15,20,56.01,1331,1305,41,1264,0,285,271,0,708,0,0,26,22,1353,708,556,1353,213224.39,3761.11,60,79,103,1022,0,0,0,0,0,285,979,0
32343,5,-0.08,-0.04,-0.4,-0.25,2,0.1,0.1,0.15,20,70.5,1331,1305,34,1271,745,0,375,0,151,0,0,26,22,1353,896,375,1353,403488.24,5017.77,348,213,113,597,0,0,0,0,745,0,526,0
32344,5,-0.08,-0.04,-0.4,-0.25,2,0.1,0.1,0.15,30,68.46,1333,1307,42,1265,801,294,105,0,65,0,0,26,20,1353,866,399,1353,310466.53,4499.73,405,276,173,91,96,224,0,0,801,294,170,0
32345,5,-0.08,-0.04,-0.4,-0.25,2,0.1,0.1,0.15,30,53.51,1331,1305,64,1241,0,391,186,0,664,0,0,26,22,1353,664,577,1353,222411.66,3922.64,60,79,103,43,79,877,0,0,0,391,850,0
32346,5,-0.08,-0.04,-0.4,-0.25,2,0.1,0.1,0.15,30,76.41,1329,1303,44,1259,871,0,297,0,91,0,0,26,24,1353,962,297,1353,572356.84,6163.82,348,213,113,71,72,442,0,0,871,0,388,0
32347,5,-0.08,-0.04,-0.4,-0.25,2,0.1,0.1,0.15,40,69.15,1333,1307,43,1264,828,323,48,19,31,15,0,26,20,1353,874,390,1353,311174.85,4601.45,405,276,173,91,96,54,35,134,828,323,79,34
32348,5,-0.08,-0.04,-0.4,-0.25,2,0.1,0.1,0.15,40,53.03,1331,1305,68,1237,0,446,97,38,252,404,0,26,22,1353,656,581,1353,276702.12,4438.62,60,79,103,43,79,27,55,791,0,446,349,442
32349,5,-0.08,-0.04,-0.4,-0.25,2,0.1,0.1,0.15,40,80.13,1329,1303,45,1258,925,0,189,61,43,40,0,26,24,1353,1008,250,1353,680406.39,6806.15,348,213,113,71,72,54,35,352,925,0,232,101
32350,5,-0.08,-0.04,-0.4,-0.25,2,0.1,0.1,0.15,50,68.75,1333,1307,43,1264,830,325,0,70,0,39,0,26,20,1353,869,395,1353,305415.54,4567.04,405,276,173,91,96,54,35,134,830,325,0,109
32351,5,-0.08,-0.04,-0.4,-0.25,2,0.1,0.1,0.15,50,52.22,1331,1305,68,1237,0,453,0,138,0,646,0,26,22,1353,646,591,1353,246657.71,4226.95,60,79,103,43,79,27,55,791,0,453,0,784
32352,5,-0.08,-0.04,-0.4,-0.25,2,0.1,0.1,0.15,50,79.81,1329,1303,45,1258,927,0,0,254,0,77,0,26,24,1353,1004,254,1353,666307.84,6728.27,348,213,113,71,72,54,35,352,927,0,0,331
32353,5,-0.08,-0.04,-0.4,-0.25,2,0.1,0.1,0.15,60,68.75,1333,1307,43,1264,830,325,0,70,0,39,0,26,20,1353,869,395,1353,305415.54,4567.04,405,276,173,91,96,54,35,134,830,325,0,109
32354,5,-0.08,-0.04,-0.4,-0.25,2,0.1,0.1,0.15,60,52.22,1331,1305,68,1237,0,453,0,138,0,646,0,26,22,1353,646,591,1353,246657.71,4226.95,60,79,103,43,79,27,55,791,0,453,0,784
32355,5,-0.08,-0.04,-0.4,-0.25,2,0.1,0.1,0.15,60,79.81,1329,1303,45,1258,927,0,0,254,0,77,0,26,24,1353,1004,254,1353,666307.84,6728.27,348,213,113,71,72,54,35,352,927,0,0,331
32356,5,-0.08,-0.04,-0.4,-0.25,2,0.1,0.2,0.15,20,57.01,1333,1307,37,1270,276,280,266,0,448,0,0,26,20,1353,724,546,1353,300472.09,4531.78,111,150,189,820,0,0,0,0,276,280,714,0
32357,5,-0.08,-0.04,-0.4,-0.25,2,0.1,0.2,0.15,20,56.01,1331,1305,41,1264,0,285,271,0,708,0,0,26,22,1353,708,556,1353,213224.39,3761.11,60,79,103,1022,0,0,0,0,0,285,979,0
32358,5,-0.08,-0.04,-0.4,-0.25,2,0.1,0.2,0.15,20,61.56,1331,1305,38,1267,284,0,487,0,496,0,0,26,22,1353,780,487,1353,366156.97,5240.64,51,74,91,1051,0,0,0,0,284,0,983,0
32359,5,-0.08,-0.04,-0.4,-0.25,2,0.1,0.2,0.15,30,55.88,1333,1307,56,1251,393,381,171,0,306,0,0,26,20,1353,699,552,1353,346740.55,5123.26,111,150,189,106,154,541,0,0,393,381,477,0
32360,5,-0.08,-0.04,-0.4,-0.25,2,0.1,0.2,0.15,30,53.51,1331,1305,64,1241,0,391,186,0,664,0,0,26,22,1353,664,577,1353,222411.66,3922.64,60,79,103,43,79,877,0,0,0,391,850,0
32361,5,-0.08,-0.04,-0.4,-0.25,2,0.1,0.2,0.15,30,64.5,1329,1303,58,1245,425,0,442,0,378,0,0,26,24,1353,803,442,1353,609782.98,6943.25,51,74,91,68,95,866,0,0,425,0,820,0
32362,5,-0.08,-0.04,-0.4,-0.25,2,0.1,0.2,0.15,40,56.25,1333,1307,59,1248,451,429,81,36,112,139,0,26,20,1353,702,546,1353,402011.49,5668.28,111,150,189,106,154,64,70,404,451,429,193,175
32363,5,-0.08,-0.04,-0.4,-0.25,2,0.1,0.2,0.15,40,53.03,1331,1305,68,1237,0,446,97,38,252,404,0,26,22,1353,656,581,1353,276702.12,4438.62,60,79,103,43,79,27,55,791,0,446,349,442
32364,5,-0.08,-0.04,-0.4,-0.25,2,0.1,0.2,0.15,40,68.28,1329,1303,61,1242,504,0,302,92,141,203,0,26,24,1353,848,394,1353,824329.47,8294.8,51,74,91,68,95,46,50,767,504,0,443,295
32365,5,-0.08,-0.04,-0.4,-0.25,2,0.1,0.2,0.15,50,55.61,1333,1307,59,1248,455,431,0,123,0,239,0,26,20,1353,694,554,1353,389854.98,5583.76,111,150,189,106,154,64,70,404,455,431,0,362
32366,5,-0.08,-0.04,-0.4,-0.25,2,0.1,0.2,0.15,50,52.22,1331,1305,68,1237,0,453,0,138,0,646,0,26,22,1353,646,591,1353,246657.71,4226.95,60,79,103,43,79,27,55,791,0,453,0,784
32367,5,-0.08,-0.04,-0.4,-0.25,2,0.1,0.2,0.15,50,67.95,1329,1303,61,1242,508,0,0,398,0,336,0,26,24,1353,844,398,1353,806954.16,8183.91,51,74,91,68,95,46,50,767,508,0,0,734
32368,5,-0.08,-0.04,-0.4,-0.25,2,0.1,0.2,0.15,60,55.61,1333,1307,59,1248,455,431,0,123,0,239,0,26,20,1353,694,554,1353,389854.98,5583.76,111,150,189,106,154,64,70,404,455,431,0,362
32369,5,-0.08,-0.04,-0.4,-0.25,2,0.1,0.2,0.15,60,52.22,1331,1305,68,1237,0,453,0,138,0,646,0,26,22,1353,646,591,1353,246657.71,4226.95,60,79,103,43,79,27,55,791,0,453,0,784
32370,5,-0.08,-0.04,-0.4,-0.25,2,0.1,0.2,0.15,60,67.95,1329,1303,61,1242,508,0,0,398,0,336,0,26,24,1353,844,398,1353,806954.16,8183.91,51,74,91,68,95,46,50,767,508,0,0,734
32371,5,-0.08,-0.04,-0.4,-0.25,2,0.2,0.1,0.15,20,61.93,1333,1307,33,1274,649,242,243,0,140,0,0,26,20,1353,789,485,1353,182275.06,1948.85,389,254,163,468,0,0,0,0,649,242,383,0
32372,5,-0.08,-0.04,-0.4,-0.25,2,0.2,0.1,0.15,20,51.74,1331,1305,41,1264,0,285,325,0,654,0,0,26,22,1353,654,610,1353,116442.37,1306.59,60,79,103,1022,0,0,0,0,0,285,979,0
32373,5,-0.08,-0.04,-0.4,-0.25,2,0.2,0.1,0.15,20,64.12,1331,1305,34,1271,664,0,456,0,151,0,0,26,22,1353,815,456,1353,239787.14,2544.32,329,188,87,667,0,0,0,0,664,0,607,0
32374,5,-0.08,-0.04,-0.4,-0.25,2,0.2,0.1,0.15,30,64.0,1333,1307,43,1264,744,307,148,0,65,0,0,26,20,1353,809,455,1353,201333.35,2173.06,389,254,163,85,102,271,0,0,744,307,213,0
32375,5,-0.08,-0.04,-0.4,-0.25,2,0.2,0.1,0.15,30,49.72,1331,1305,64,1241,0,391,233,0,617,0,0,26,22,1353,617,624,1353,85848.76,1033.93,60,79,103,43,79,877,0,0,0,391,850,0
32376,5,-0.08,-0.04,-0.4,-0.25,2,0.2,0.1,0.15,30,68.76,1329,1303,45,1258,784,0,393,0,81,0,0,26,24,1353,865,393,1353,336768.34,3555.97,329,188,87,60,69,525,0,0,784,0,474,0
32377,5,-0.08,-0.04,-0.4,-0.25,2,0.2,0.1,0.15,40,64.61,1333,1307,44,1263,778,345,65,37,24,14,0,26,20,1353,816,447,1353,200709.62,2159.54,389,254,163,85,102,58,45,167,778,345,89,51
32378,5,-0.08,-0.04,-0.4,-0.25,2,0.2,0.1,0.15,40,49.47,1331,1305,68,1237,0,446,118,61,231,381,0,26,22,1353,612,625,1353,108542.13,1266.41,60,79,103,43,79,27,55,791,0,446,349,442
32379,5,-0.08,-0.04,-0.4,-0.25,2,0.2,0.1,0.15,40,71.36,1329,1303,46,1257,838,0,244,116,28,31,0,26,24,1353,897,360,1353,396803.41,4151.04,329,188,87,60,69,51,34,439,838,0,272,147
32380,5,-0.08,-0.04,-0.4,-0.25,2,0.2,0.1,0.15,50,64.77,1333,1307,44,1263,778,347,0,98,0,40,0,26,20,1353,818,445,1353,196684.02,2117.78,389,254,163,85,102,58,45,167,778,347,0,138
32381,5,-0.08,-0.04,-0.4,-0.25,2,0.2,0.1,0.15,50,48.99,1331,1305,68,1237,0,453,0,178,0,606,0,26,22,1353,606,631,1353,87062.84,1039.24,60,79,103,43,79,27,55,791,0,453,0,784
32382,5,-0.08,-0.04,-0.4,-0.25,2,0.2,0.1,0.15,50,71.6,1329,1303,46,1257,838,0,0,357,0,62,0,26,24,1353,900,357,1353,388103.7,4061.28,329,188,87,60,69,51,34,439,838,0,0,419
32383,5,-0.08,-0.04,-0.4,-0.25,2,0.2,0.1,0.15,60,64.77,1333,1307,44,1263,778,347,0,98,0,40,0,26,20,1353,818,445,1353,196684.02,2117.78,389,254,163,85,102,58,45,167,778,347,0,138
32384,5,-0.08,-0.04,-0.4,-0.25,2,0.2,0.1,0.15,60,48.99,1331,1305,68,1237,0,453,0,178,0,606,0,26,22,1353,606,631,1353,87062.84,1039.24,60,79,103,43,79,27,55,791,0,453,0,784
32385,5,-0.08,-0.04,-0.4,-0.25,2,0.2,0.1,0.15,60,71.6,1329,1303,46,1257,838,0,0,357,0,62,0,26,24,1353,900,357,1353,388103.7,4061.28,329,188,87,60,69,51,34,439,838,0,0,419
32386,5,-0.08,-0.04,-0.4,-0.25,2,0.2,0.2,0.15,20,52.91,1333,1307,37,1270,256,280,318,0,416,0,0,26,20,1353,672,598,1353,193280.83,2072.51,110,143,185,832,0,0,0,0,256,280,734,0
32387,5,-0.08,-0.04,-0.4,-0.25,2,0.2,0.2,0.15,20,51.74,1331,1305,41,1264,0,285,325,0,654,0,0,26,22,1353,654,610,1353,116442.37,1306.59,60,79,103,1022,0,0,0,0,0,285,979,0
32388,5,-0.08,-0.04,-0.4,-0.25,2,0.2,0.2,0.15,20,54.78,1331,1305,38,1267,258,0,573,0,436,0,0,26,22,1353,694,573,1353,240349.49,2559.05,50,65,86,1066,0,0,0,0,258,0,1009,0
32389,5,-0.08,-0.04,-0.4,-0.25,2,0.2,0.2,0.15,30,52.28,1333,1307,56,1251,360,381,216,0,294,0,0,26,20,1353,654,597,1353,210719.74,2292.42,110,143,185,98,143,572,0,0,360,381,510,0
32390,5,-0.08,-0.04,-0.4,-0.25,2,0.2,0.2,0.15,30,49.72,1331,1305,64,1241,0,391,233,0,617,0,0,26,22,1353,617,624,1353,85848.76,1033.93,60,79,103,43,79,877,0,0,0,391,850,0
32391,5,-0.08,-0.04,-0.4,-0.25,2,0.2,0.2,0.15,30,57.75,1329,1303,58,1245,378,0,526,0,341,0,0,26,24,1353,719,526,1353,358723.61,3808.79,50,65,86,57,80,907,0,0,378,0,867,0
32392,5,-0.08,-0.04,-0.4,-0.25,2,0.2,0.2,0.15,40,52.64,1333,1307,59,1248,408,430,102,59,105,144,0,26,20,1353,657,591,1353,245915.8,2667.55,110,143,185,98,143,62,65,442,408,430,207,203
32393,5,-0.08,-0.04,-0.4,-0.25,2,0.2,0.2,0.15,40,49.47,1331,1305,68,1237,0,446,118,61,231,381,0,26,22,1353,612,625,1353,108542.13,1266.41,60,79,103,43,79,27,55,791,0,446,349,442
32394,5,-0.08,-0.04,-0.4,-0.25,2,0.2,0.2,0.15,40,60.14,1329,1303,61,1242,442,0,348,147,117,188,0,26,24,1353,747,495,1353,475401.05,5010.22,50,65,86,57,80,40,44,820,442,0,465,335
32395,5,-0.08,-0.04,-0.4,-0.25,2,0.2,0.2,0.15,50,52.24,1333,1307,59,1248,413,433,0,163,0,239,0,26,20,1353,652,596,1353,234915.14,2554.1,110,143,185,98,143,62,65,442,413,433,0,402
32396,5,-0.08,-0.04,-0.4,-0.25,2,0.2,0.2,0.15,50,48.99,1331,1305,68,1237,0,453,0,178,0,606,0,26,22,1353,606,631,1353,87062.84,1039.24,60,79,103,43,79,27,55,791,0,453,0,784
32397,5,-0.08,-0.04,-0.4,-0.25,2,0.2,0.2,0.15,50,59.98,1329,1303,61,1242,447,0,0,497,0,298,0,26,24,1353,745,497,1353,462016.63,4871.69,50,65,86,57,80,40,44,820,447,0,0,795
32398,5,-0.08,-0.04,-0.4,-0.25,2,0.2,0.2,0.15,60,52.24,1333,1307,59,1248,413,433,0,163,0,239,0,26,20,1353,652,596,1353,234915.14,2554.1,110,143,185,98,143,62,65,442,413,433,0,402
32399,5,-0.08,-0.04,-0.4,-0.25,2,0.2,0.2,0.15,60,48.99,1331,1305,68,1237,0,453,0,178,0,606,0,26,22,1353,606,631,1353,87062.84,1039.24,60,79,103,43,79,27,55,791,0,453,0,784
32400,5,-0.08,-0.04,-0.4,-0.25,2,0.2,0.2,0.15,60,59.98,1329,1303,61,1242,447,0,0,497,0,298,0,26,24,1353,745,497,1353,462016.63,4871.69,50,65,86,57,80,40,44,820,447,0,0,795
32401,5,-0.08,-0.03,-0.6,-0.45,1,0.1,0.1,0.15,20,66.5,1428,1265,35,1230,748,218,194,0,70,0,3,160,4,1432,818,412,1432,326527.49,3382.05,459,250,158,363,0,0,0,0,748,218,264,0
32402,5,-0.08,-0.03,-0.6,-0.45,1,0.1,0.1,0.15,20,58.38,1427,1264,53,1211,0,243,261,0,707,0,3,160,5,1432,707,504,1432,677141.89,6987.69,46,68,76,1021,0,0,0,0,0,243,968,0
32403,5,-0.08,-0.03,-0.6,-0.45,1,0.1,0.1,0.15,20,69.98,1428,1265,36,1229,780,0,369,0,80,0,3,160,4,1432,860,369,1432,425929.75,4379.74,416,195,107,511,0,0,0,0,780,0,449,0
32404,5,-0.08,-0.03,-0.6,-0.45,1,0.1,0.1,0.15,30,69.95,1428,1265,57,1208,813,280,83,0,32,0,3,160,4,1432,845,363,1432,338052.35,3492.5,459,250,158,99,70,172,0,0,813,280,115,0
32405,5,-0.08,-0.03,-0.6,-0.45,1,0.1,0.1,0.15,30,56.7,1426,1263,92,1171,0,337,170,0,664,0,3,160,6,1432,664,507,1432,695821.75,7175.86,46,68,76,53,55,873,0,0,0,337,834,0
32406,5,-0.08,-0.03,-0.6,-0.45,1,0.1,0.1,0.15,30,76.85,1428,1265,64,1201,874,0,278,0,49,0,3,160,4,1432,923,278,1432,527232.7,5419.26,416,195,107,62,49,372,0,0,874,0,327,0
32407,5,-0.08,-0.03,-0.6,-0.45,1,0.1,0.1,0.15,40,70.79,1428,1265,60,1205,836,300,42,10,9,8,3,160,4,1432,853,352,1432,349319.43,3611.71,459,250,158,99,70,57,26,86,836,300,51,18
32408,5,-0.08,-0.03,-0.6,-0.45,1,0.1,0.1,0.15,40,55.18,1423,1260,102,1158,0,394,100,25,201,438,3,160,9,1432,639,519,1432,821222.11,8494.27,46,68,76,53,55,39,55,766,0,394,301,463
32409,5,-0.08,-0.03,-0.6,-0.45,1,0.1,0.1,0.15,40,79.63,1428,1265,67,1198,919,0,173,71,14,21,3,160,4,1432,954,244,1432,596797.54,6109.88,416,195,107,62,49,45,31,293,919,0,187,92
32410,5,-0.08,-0.03,-0.6,-0.45,1,0.1,0.1,0.15,50,70.54,1428,1265,60,1205,836,306,0,49,0,14,3,160,4,1432,850,355,1432,343019.88,3545.79,459,250,158,99,70,57,26,86,836,306,0,63
32411,5,-0.08,-0.03,-0.6,-0.45,1,0.1,0.1,0.15,50,54.23,1423,1260,102,1158,0,405,0,125,0,628,3,160,9,1432,628,530,1432,794193.6,8209.62,46,68,76,53,55,39,55,766,0,405,0,753
32412,5,-0.08,-0.03,-0.6,-0.45,1,0.1,0.1,0.15,50,79.63,1428,1265,67,1198,920,0,0,244,0,34,3,160,4,1432,954,244,1432,582543.42,5955.86,416,195,107,62,49,45,31,293,920,0,0,278
32413,5,-0.08,-0.03,-0.6,-0.45,1,0.1,0.1,0.15,60,70.54,1428,1265,60,1205,836,306,0,49,0,14,3,160,4,1432,850,355,1432,343019.88,3545.79,459,250,158,99,70,57,26,86,836,306,0,63
32414,5,-0.08,-0.03,-0.6,-0.45,1,0.1,0.1,0.15,60,54.23,1423,1260,102,1158,0,405,0,125,0,628,3,160,9,1432,628,530,1432,794193.6,8209.62,46,68,76,53,55,39,55,766,0,405,0,753
32415,5,-0.08,-0.03,-0.6,-0.45,1,0.1,0.1,0.15,60,79.63,1428,1265,67,1198,920,0,0,244,0,34,3,160,4,1432,954,244,1432,582543.42,5955.86,416,195,107,62,49,45,31,293,920,0,0,278
32416,5,-0.08,-0.03,-0.6,-0.45,1,0.1,0.2,0.15,20,60.02,1428,1265,47,1218,419,241,246,0,312,0,3,160,4,1432,731,487,1432,561787.14,5801.6,133,201,201,683,0,0,0,0,419,241,558,0
32417,5,-0.08,-0.03,-0.6,-0.45,1,0.1,0.2,0.15,20,58.38,1427,1264,53,1211,0,243,261,0,707,0,3,160,5,1432,707,504,1432,677141.89,6987.69,46,68,76,1021,0,0,0,0,0,243,968,0
32418,5,-0.08,-0.03,-0.6,-0.45,1,0.1,0.2,0.15,20,63.35,1428,1265,48,1217,436,0,446,0,335,0,3,160,4,1432,771,446,1432,681290.01,7004.1,87,137,133,860,0,0,0,0,436,0,781,0
32419,5,-0.08,-0.03,-0.6,-0.45,1,0.1,0.2,0.15,30,60.34,1428,1265,80,1185,528,326,144,0,187,0,3,160,4,1432,715,470,1432,599726.86,6173.9,133,201,201,125,119,406,0,0,528,326,331,0
32420,5,-0.08,-0.03,-0.6,-0.45,1,0.1,0.2,0.15,30,56.7,1426,1263,92,1171,0,337,170,0,664,0,3,160,6,1432,664,507,1432,695821.75,7175.86,46,68,76,53,55,873,0,0,0,337,834,0
32421,5,-0.08,-0.03,-0.6,-0.45,1,0.1,0.2,0.15,30,67.74,1428,1265,87,1178,561,0,380,0,237,0,3,160,4,1432,798,380,1432,828711.3,8502.02,87,137,133,79,78,664,0,0,561,0,617,0
32422,5,-0.08,-0.03,-0.6,-0.45,1,0.1,0.2,0.15,40,60.02,1428,1265,87,1178,581,370,81,20,55,71,3,160,4,1432,707,471,1432,630719.63,6502.58,133,201,201,125,119,75,71,253,581,370,136,91
32423,5,-0.08,-0.03,-0.6,-0.45,1,0.1,0.2,0.15,40,55.18,1423,1260,102,1158,0,394,100,25,201,438,3,160,9,1432,639,519,1432,821222.11,8494.27,46,68,76,53,55,39,55,766,0,394,301,463
32424,5,-0.08,-0.03,-0.6,-0.45,1,0.1,0.2,0.15,40,69.43,1428,1265,94,1171,632,0,265,93,65,116,3,160,4,1432,813,358,1432,942748.92,9659.91,87,137,133,79,78,47,59,551,632,0,330,209
32425,5,-0.08,-0.03,-0.6,-0.45,1,0.1,0.2,0.15,50,59.34,1428,1265,87,1178,583,379,0,100,0,116,3,160,4,1432,699,479,1432,614993.02,6339.19,133,201,201,125,119,75,71,253,583,379,0,216
32426,5,-0.08,-0.03,-0.6,-0.45,1,0.1,0.2,0.15,50,54.23,1423,1260,102,1158,0,405,0,125,0,628,3,160,9,1432,628,530,1432,794193.6,8209.62,46,68,76,53,55,39,55,766,0,405,0,753
32427,5,-0.08,-0.03,-0.6,-0.45,1,0.1,0.2,0.15,50,69.0,1428,1265,94,1171,634,0,0,363,0,174,3,160,4,1432,808,363,1432,914056.95,9355.22,87,137,133,79,78,47,59,551,634,0,0,537
32428,5,-0.08,-0.03,-0.6,-0.45,1,0.1,0.2,0.15,60,59.34,1428,1265,87,1178,583,379,0,100,0,116,3,160,4,1432,699,479,1432,614993.02,6339.19,133,201,201,125,119,75,71,253,583,379,0,216
32429,5,-0.08,-0.03,-0.6,-0.45,1,0.1,0.2,0.15,60,54.23,1423,1260,102,1158,0,405,0,125,0,628,3,160,9,1432,628,530,1432,794193.6,8209.62,46,68,76,53,55,39,55,766,0,405,0,753
32430,5,-0.08,-0.03,-0.6,-0.45,1,0.1,0.2,0.15,60,69.0,1428,1265,94,1171,634,0,0,363,0,174,3,160,4,1432,808,363,1432,914056.95,9355.22,87,137,133,79,78,47,59,551,634,0,0,537
32431,5,-0.08,-0.03,-0.6,-0.45,1,0.2,0.1,0.15,20,66.5,1428,1265,35,1230,748,218,194,0,70,0,3,160,4,1432,818,412,1432,326527.49,3382.05,459,250,158,363,0,0,0,0,748,218,264,0
32432,5,-0.08,-0.03,-0.6,-0.45,1,0.2,0.1,0.15,20,58.38,1427,1264,53,1211,0,243,261,0,707,0,3,160,5,1432,707,504,1432,677141.89,6987.69,46,68,76,1021,0,0,0,0,0,243,968,0
32433,5,-0.08,-0.03,-0.6,-0.45,1,0.2,0.1,0.15,20,69.98,1428,1265,36,1229,780,0,369,0,80,0,3,160,4,1432,860,369,1432,425929.75,4379.74,416,195,107,511,0,0,0,0,780,0,449,0
32434,5,-0.08,-0.03,-0.6,-0.45,1,0.2,0.1,0.15,30,69.95,1428,1265,57,1208,813,280,83,0,32,0,3,160,4,1432,845,363,1432,338052.35,3492.5,459,250,158,99,70,172,0,0,813,280,115,0
32435,5,-0.08,-0.03,-0.6,-0.45,1,0.2,0.1,0.15,30,56.7,1426,1263,92,1171,0,337,170,0,664,0,3,160,6,1432,664,507,1432,695821.75,7175.86,46,68,76,53,55,873,0,0,0,337,834,0
32436,5,-0.08,-0.03,-0.6,-0.45,1,0.2,0.1,0.15,30,76.85,1428,1265,64,1201,874,0,278,0,49,0,3,160,4,1432,923,278,1432,527232.7,5419.26,416,195,107,62,49,372,0,0,874,0,327,0
32437,5,-0.08,-0.03,-0.6,-0.45,1,0.2,0.1,0.15,40,70.79,1428,1265,60,1205,836,300,42,10,9,8,3,160,4,1432,853,352,1432,349319.43,3611.71,459,250,158,99,70,57,26,86,836,300,51,18
32438,5,-0.08,-0.03,-0.6,-0.45,1,0.2,0.1,0.15,40,55.18,1423,1260,102,1158,0,394,100,25,201,438,3,160,9,1432,639,519,1432,821222.11,8494.27,46,68,76,53,55,39,55,766,0,394,301,463
32439,5,-0.08,-0.03,-0.6,-0.45,1,0.2,0.1,0.15,40,79.63,1428,1265,67,1198,919,0,173,71,14,21,3,160,4,1432,954,244,1432,596797.54,6109.88,416,195,107,62,49,45,31,293,919,0,187,92
32440,5,-0.08,-0.03,-0.6,-0.45,1,0.2,0.1,0.15,50,70.54,1428,1265,60,1205,836,306,0,49,0,14,3,160,4,1432,850,355,1432,343019.88,3545.79,459,250,158,99,70,57,26,86,836,306,0,63
32441,5,-0.08,-0.03,-0.6,-0.45,1,0.2,0.1,0.15,50,54.23,1423,1260,102,1158,0,405,0,125,0,628,3,160,9,1432,628,530,1432,794193.6,8209.62,46,68,76,53,55,39,55,766,0,405,0,753
32442,5,-0.08,-0.03,-0.6,-0.45,1,0.2,0.1,0.15,50,79.63,1428,1265,67,1198,920,0,0,244,0,34,3,160,4,1432,954,244,1432,582543.42,5955.86,416,195,107,62,49,45,31,293,920,0,0,278
32443,5,-0.08,-0.03,-0.6,-0.45,1,0.2,0.1,0.15,60,70.54,1428,1265,60,1205,836,306,0,49,0,14,3,160,4,1432,850,355,1432,343019.88,3545.79,459,250,158,99,70,57,26,86,836,306,0,63
32444,5,-0.08,-0.03,-0.6,-0.45,1,0.2,0.1,0.15,60,54.23,1423,1260,102,1158,0,405,0,125,0,628,3,160,9,1432,628,530,1432,794193.6,8209.62,46,68,76,53,55,39,55,766,0,405,0,753
32445,5,-0.08,-0.03,-0.6,-0.45,1,0.2,0.1,0.15,60,79.63,1428,1265,67,1198,920,0,0,244,0,34,3,160,4,1432,954,244,1432,582543.42,5955.86,416,195,107,62,49,45,31,293,920,0,0,278
32446,5,-0.08,-0.03,-0.6,-0.45,1,0.2,0.2,0.15,20,60.02,1428,1265,47,1218,419,241,246,0,312,0,3,160,4,1432,731,487,1432,561787.14,5801.6,133,201,201,683,0,0,0,0,419,241,558,0
32447,5,-0.08,-0.03,-0.6,-0.45,1,0.2,0.2,0.15,20,58.38,1427,1264,53,1211,0,243,261,0,707,0,3,160,5,1432,707,504,1432,677141.89,6987.69,46,68,76,1021,0,0,0,0,0,243,968,0
32448,5,-0.08,-0.03,-0.6,-0.45,1,0.2,0.2,0.15,20,63.35,1428,1265,48,1217,436,0,446,0,335,0,3,160,4,1432,771,446,1432,681290.01,7004.1,87,137,133,860,0,0,0,0,436,0,781,0
32449,5,-0.08,-0.03,-0.6,-0.45,1,0.2,0.2,0.15,30,60.34,1428,1265,80,1185,528,326,144,0,187,0,3,160,4,1432,715,470,1432,599726.86,6173.9,133,201,201,125,119,406,0,0,528,326,331,0
32450,5,-0.08,-0.03,-0.6,-0.45,1,0.2,0.2,0.15,30,56.7,1426,1263,92,1171,0,337,170,0,664,0,3,160,6,1432,664,507,1432,695821.75,7175.86,46,68,76,53,55,873,0,0,0,337,834,0
32451,5,-0.08,-0.03,-0.6,-0.45,1,0.2,0.2,0.15,30,67.74,1428,1265,87,1178,561,0,380,0,237,0,3,160,4,1432,798,380,1432,828711.3,8502.02,87,137,133,79,78,664,0,0,561,0,617,0
32452,5,-0.08,-0.03,-0.6,-0.45,1,0.2,0.2,0.15,40,60.02,1428,1265,87,1178,581,370,81,20,55,71,3,160,4,1432,707,471,1432,630719.63,6502.58,133,201,201,125,119,75,71,253,581,370,136,91
32453,5,-0.08,-0.03,-0.6,-0.45,1,0.2,0.2,0.15,40,55.18,1423,1260,102,1158,0,394,100,25,201,438,3,160,9,1432,639,519,1432,821222.11,8494.27,46,68,76,53,55,39,55,766,0,394,301,463
32454,5,-0.08,-0.03,-0.6,-0.45,1,0.2,0.2,0.15,40,69.43,1428,1265,94,1171,632,0,265,93,65,116,3,160,4,1432,813,358,1432,942748.92,9659.91,87,137,133,79,78,47,59,551,632,0,330,209
32455,5,-0.08,-0.03,-0.6,-0.45,1,0.2,0.2,0.15,50,59.34,1428,1265,87,1178,583,379,0,100,0,116,3,160,4,1432,699,479,1432,614993.02,6339.19,133,201,201,125,119,75,71,253,583,379,0,216
32456,5,-0.08,-0.03,-0.6,-0.45,1,0.2,0.2,0.15,50,54.23,1423,1260,102,1158,0,405,0,125,0,628,3,160,9,1432,628,530,1432,794193.6,8209.62,46,68,76,53,55,39,55,766,0,405,0,753
32457,5,-0.08,-0.03,-0.6,-0.45,1,0.2,0.2,0.15,50,69.0,1428,1265,94,1171,634,0,0,363,0,174,3,160,4,1432,808,363,1432,914056.95,9355.22,87,137,133,79,78,47,59,551,634,0,0,537
32458,5,-0.08,-0.03,-0.6,-0.45,1,0.2,0.2,0.15,60,59.34,1428,1265,87,1178,583,379,0,100,0,116,3,160,4,1432,699,479,1432,614993.02,6339.19,133,201,201,125,119,75,71,253,583,379,0,216
32459,5,-0.08,-0.03,-0.6,-0.45,1,0.2,0.2,0.15,60,54.23,1423,1260,102,1158,0,405,0,125,0,628,3,160,9,1432,628,530,1432,794193.6,8209.62,46,68,76,53,55,39,55,766,0,405,0,753
32460,5,-0.08,-0.03,-0.6,-0.45,1,0.2,0.2,0.15,60,69.0,1428,1265,94,1171,634,0,0,363,0,174,3,160,4,1432,808,363,1432,914056.95,9355.22,87,137,133,79,78,47,59,551,634,0,0,537
32461,5,-0.08,-0.03,-0.6,-0.45,2,0.1,0.1,0.15,20,69.59,1428,1265,35,1230,789,216,158,0,67,0,3,160,4,1432,856,374,1432,403310.94,5065.31,470,260,175,325,0,0,0,0,789,216,225,0
32462,5,-0.08,-0.03,-0.6,-0.45,2,0.1,0.1,0.15,20,61.6,1427,1264,53,1211,0,243,222,0,746,0,3,160,5,1432,746,465,1432,849214.08,9130.42,46,68,76,1021,0,0,0,0,0,243,968,0
32463,5,-0.08,-0.03,-0.6,-0.45,2,0.1,0.1,0.15,20,74.78,1428,1265,36,1229,835,0,310,0,84,0,3,160,4,1432,919,310,1432,564347.34,6161.53,430,210,126,463,0,0,0,0,835,0,394,0
32464,5,-0.08,-0.03,-0.6,-0.45,2,0.1,0.1,0.15,30,72.13,1428,1265,56,1209,843,273,64,0,29,0,3,160,4,1432,872,337,1432,399362.21,5248.49,470,260,175,100,66,138,0,0,843,273,93,0
32465,5,-0.08,-0.03,-0.6,-0.45,2,0.1,0.1,0.15,30,58.67,1426,1263,92,1171,0,337,147,0,687,0,3,160,6,1432,687,484,1432,910195.39,9740.14,46,68,76,53,55,873,0,0,0,337,834,0
32466,5,-0.08,-0.03,-0.6,-0.45,2,0.1,0.1,0.15,30,82.7,1428,1265,63,1202,939,0,208,0,55,0,3,160,4,1432,994,208,1432,739246.25,7293.94,430,210,126,69,60,307,0,0,939,0,263,0
32467,5,-0.08,-0.03,-0.6,-0.45,2,0.1,0.1,0.15,40,72.99,1428,1265,58,1207,863,292,31,3,12,6,3,160,4,1432,881,326,1432,400648.69,5332.42,470,260,175,100,66,45,20,71,863,292,43,9
32468,5,-0.08,-0.03,-0.6,-0.45,2,0.1,0.1,0.15,40,57.6,1423,1260,102,1158,0,394,81,16,220,447,3,160,9,1432,667,491,1432,1059796.84,11260.29,46,68,76,53,55,39,55,766,0,394,301,463
32469,5,-0.08,-0.03,-0.6,-0.45,2,0.1,0.1,0.15,40,85.67,1428,1265,65,1200,983,0,137,35,21,24,3,160,4,1432,1028,172,1432,846167.71,7892.56,430,210,126,69,60,44,28,233,983,0,158,59
32470,5,-0.08,-0.03,-0.6,-0.45,2,0.1,0.1,0.15,50,72.66,1428,1265,58,1207,863,297,0,33,0,14,3,160,4,1432,877,330,1432,390510.67,5271.39,470,260,175,100,66,45,20,71,863,297,0,47
32471,5,-0.08,-0.03,-0.6,-0.45,2,0.1,0.1,0.15,50,56.48,1423,1260,102,1158,0,405,0,99,0,654,3,160,9,1432,654,504,1432,1027644.58,10977.94,46,68,76,53,55,39,55,766,0,405,0,753
32472,5,-0.08,-0.03,-0.6,-0.45,2,0.1,0.1,0.15,50,85.5,1428,1265,65,1200,983,0,0,174,0,43,3,160,4,1432,1026,174,1432,819049.36,7748.02,430,210,126,69,60,44,28,233,983,0,0,217
32473,5,-0.08,-0.03,-0.6,-0.45,2,0.1,0.1,0.15,60,72.66,1428,1265,58,1207,863,297,0,33,0,14,3,160,4,1432,877,330,1432,390510.67,5271.39,470,260,175,100,66,45,20,71,863,297,0,47
32474,5,-0.08,-0.03,-0.6,-0.45,2,0.1,0.1,0.15,60,56.48,1423,1260,102,1158,0,405,0,99,0,654,3,160,9,1432,654,504,1432,1027644.58,10977.94,46,68,76,53,55,39,55,766,0,405,0,753
32475,5,-0.08,-0.03,-0.6,-0.45,2,0.1,0.1,0.15,60,85.5,1428,1265,65,1200,983,0,0,174,0,43,3,160,4,1432,1026,174,1432,819049.36,7748.02,430,210,126,69,60,44,28,233,983,0,0,217
32476,5,-0.08,-0.03,-0.6,-0.45,2,0.1,0.2,0.15,20,63.22,1428,1265,47,1218,440,241,207,0,330,0,3,160,4,1432,770,448,1432,695400.95,7780.38,135,209,216,658,0,0,0,0,440,241,537,0
32477,5,-0.08,-0.03,-0.6,-0.45,2,0.1,0.2,0.15,20,61.6,1427,1264,53,1211,0,243,222,0,746,0,3,160,5,1432,746,465,1432,849214.08,9130.42,46,68,76,1021,0,0,0,0,0,243,968,0
32478,5,-0.08,-0.03,-0.6,-0.45,2,0.1,0.2,0.15,20,68.86,1428,1265,48,1217,469,0,379,0,369,0,3,160,4,1432,838,379,1432,911195.04,9193.29,89,147,155,826,0,0,0,0,469,0,748,0
32479,5,-0.08,-0.03,-0.6,-0.45,2,0.1,0.2,0.15,30,62.36,1428,1265,80,1185,560,325,121,0,179,0,3,160,4,1432,739,446,1432,752661.41,8407.49,135,209,216,121,120,384,0,0,560,325,300,0
32480,5,-0.08,-0.03,-0.6,-0.45,2,0.1,0.2,0.15,30,58.67,1426,1263,92,1171,0,337,147,0,687,0,3,160,6,1432,687,484,1432,910195.39,9740.14,46,68,76,53,55,873,0,0,0,337,834,0
32481,5,-0.08,-0.03,-0.6,-0.45,2,0.1,0.2,0.15,30,73.34,1428,1265,87,1178,617,0,314,0,247,0,3,160,4,1432,864,314,1432,1185925.96,11008.3,89,147,155,78,82,627,0,0,617,0,561,0
32482,5,-0.08,-0.03,-0.6,-0.45,2,0.1,0.2,0.15,40,62.43,1428,1265,86,1179,610,368,63,12,65,61,3,160,4,1432,736,443,1432,789830.47,8858.34,135,209,216,121,120,84,68,226,610,368,128,73
32483,5,-0.08,-0.03,-0.6,-0.45,2,0.1,0.2,0.15,40,57.6,1423,1260,102,1158,0,394,81,16,220,447,3,160,9,1432,667,491,1432,1059796.84,11260.29,46,68,76,53,55,39,55,766,0,394,301,463
32484,5,-0.08,-0.03,-0.6,-0.45,2,0.1,0.2,0.15,40,76.11,1428,1265,93,1172,690,0,223,57,88,114,3,160,4,1432,892,280,1432,1385376.94,12299.68,89,147,155,78,82,66,56,499,690,0,311,171
32485,5,-0.08,-0.03,-0.6,-0.45,2,0.1,0.2,0.15,50,61.66,1428,1265,86,1179,612,377,0,75,0,115,3,160,4,1432,727,452,1432,768334.87,8706.41,135,209,216,121,120,84,68,226,612,377,0,190
32486,5,-0.08,-0.03,-0.6,-0.45,2,0.1,0.2,0.15,50,56.48,1423,1260,102,1158,0,405,0,99,0,654,3,160,9,1432,654,504,1432,1027644.58,10977.94,46,68,76,53,55,39,55,766,0,405,0,753
32487,5,-0.08,-0.03,-0.6,-0.45,2,0.1,0.2,0.15,50,75.68,1428,1265,93,1172,693,0,0,285,0,194,3,160,4,1432,887,285,1432,1342322.11,12028.63,89,147,155,78,82,66,56,499,693,0,0,479
32488,5,-0.08,-0.03,-0.6,-0.45,2,0.1,0.2,0.15,60,61.66,1428,1265,86,1179,612,377,0,75,0,115,3,160,4,1432,727,452,1432,768334.87,8706.41,135,209,216,121,120,84,68,226,612,377,0,190
32489,5,-0.08,-0.03,-0.6,-0.45,2,0.1,0.2,0.15,60,56.48,1423,1260,102,1158,0,405,0,99,0,654,3,160,9,1432,654,504,1432,1027644.58,10977.94,46,68,76,53,55,39,55,766,0,405,0,753
32490,5,-0.08,-0.03,-0.6,-0.45,2,0.1,0.2,0.15,60,75.68,1428,1265,93,1172,693,0,0,285,0,194,3,160,4,1432,887,285,1432,1342322.11,12028.63,89,147,155,78,82,66,56,499,693,0,0,479
32491,5,-0.08,-0.03,-0.6,-0.45,2,0.2,0.1,0.15,20,66.5,1428,1265,35,1230,748,218,194,0,70,0,3,160,4,1432,818,412,1432,326527.49,3382.05,459,250,158,363,0,0,0,0,748,218,264,0
32492,5,-0.08,-0.03,-0.6,-0.45,2,0.2,0.1,0.15,20,58.38,1427,1264,53,1211,0,243,261,0,707,0,3,160,5,1432,707,504,1432,677141.89,6987.69,46,68,76,1021,0,0,0,0,0,243,968,0
32493,5,-0.08,-0.03,-0.6,-0.45,2,0.2,0.1,0.15,20,69.98,1428,1265,36,1229,780,0,369,0,80,0,3,160,4,1432,860,369,1432,425929.75,4379.74,416,195,107,511,0,0,0,0,780,0,449,0
32494,5,-0.08,-0.03,-0.6,-0.45,2,0.2,0.1,0.15,30,69.95,1428,1265,57,1208,813,280,83,0,32,0,3,160,4,1432,845,363,1432,338052.35,3492.5,459,250,158,99,70,172,0,0,813,280,115,0
32495,5,-0.08,-0.03,-0.6,-0.45,2,0.2,0.1,0.15,30,56.7,1426,1263,92,1171,0,337,170,0,664,0,3,160,6,1432,664,507,1432,695821.75,7175.86,46,68,76,53,55,873,0,0,0,337,834,0
32496,5,-0.08,-0.03,-0.6,-0.45,2,0.2,0.1,0.15,30,76.85,1428,1265,64,1201,874,0,278,0,49,0,3,160,4,1432,923,278,1432,527232.7,5419.26,416,195,107,62,49,372,0,0,874,0,327,0
32497,5,-0.08,-0.03,-0.6,-0.45,2,0.2,0.1,0.15,40,70.79,1428,1265,60,1205,836,300,42,10,9,8,3,160,4,1432,853,352,1432,349319.43,3611.71,459,250,158,99,70,57,26,86,836,300,51,18
32498,5,-0.08,-0.03,-0.6,-0.45,2,0.2,0.1,0.15,40,55.18,1423,1260,102,1158,0,394,100,25,201,438,3,160,9,1432,639,519,1432,821222.11,8494.27,46,68,76,53,55,39,55,766,0,394,301,463
32499,5,-0.08,-0.03,-0.6,-0.45,2,0.2,0.1,0.15,40,79.63,1428,1265,67,1198,919,0,173,71,14,21,3,160,4,1432,954,244,1432,596797.54,6109.88,416,195,107,62,49,45,31,293,919,0,187,92
32500,5,-0.08,-0.03,-0.6,-0.45,2,0.2,0.1,0.15,50,70.54,1428,1265,60,1205,836,306,0,49,0,14,3,160,4,1432,850,355,1432,343019.88,3545.79,459,250,158,99,70,57,26,86,836,306,0,63
32501,5,-0.08,-0.03,-0.6,-0.45,2,0.2,0.1,0.15,50,54.23,1423,1260,102,1158,0,405,0,125,0,628,3,160,9,1432,628,530,1432,794193.6,8209.62,46,68,76,53,55,39,55,766,0,405,0,753
32502,5,-0.08,-0.03,-0.6,-0.45,2,0.2,0.1,0.15,50,79.63,1428,1265,67,1198,920,0,0,244,0,34,3,160,4,1432,954,244,1432,582543.42,5955.86,416,195,107,62,49,45,31,293,920,0,0,278
32503,5,-0.08,-0.03,-0.6,-0.45,2,0.2,0.1,0.15,60,70.54,1428,1265,60,1205,836,306,0,49,0,14,3,160,4,1432,850,355,1432,343019.88,3545.79,459,250,158,99,70,57,26,86,836,306,0,63
32504,5,-0.08,-0.03,-0.6,-0.45,2,0.2,0.1,0.15,60,54.23,1423,1260,102,1158,0,405,0,125,0,628,3,160,9,1432,628,530,1432,794193.6,8209.62,46,68,76,53,55,39,55,766,0,405,0,753
32505,5,-0.08,-0.03,-0.6,-0.45,2,0.2,0.1,0.15,60,79.63,1428,1265,67,1198,920,0,0,244,0,34,3,160,4,1432,954,244,1432,582543.42,5955.86,416,195,107,62,49,45,31,293,920,0,0,278
32506,5,-0.08,-0.03,-0.6,-0.45,2,0.2,0.2,0.15,20,60.02,1428,1265,47,1218,419,241,246,0,312,0,3,160,4,1432,731,487,1432,561787.14,5801.6,133,201,201,683,0,0,0,0,419,241,558,0
32507,5,-0.08,-0.03,-0.6,-0.45,2,0.2,0.2,0.15,20,58.38,1427,1264,53,1211,0,243,261,0,707,0,3,160,5,1432,707,504,1432,677141.89,6987.69,46,68,76,1021,0,0,0,0,0,243,968,0
32508,5,-0.08,-0.03,-0.6,-0.45,2,0.2,0.2,0.15,20,63.35,1428,1265,48,1217,436,0,446,0,335,0,3,160,4,1432,771,446,1432,681290.01,7004.1,87,137,133,860,0,0,0,0,436,0,781,0
32509,5,-0.08,-0.03,-0.6,-0.45,2,0.2,0.2,0.15,30,60.34,1428,1265,80,1185,528,326,144,0,187,0,3,160,4,1432,715,470,1432,599726.86,6173.9,133,201,201,125,119,406,0,0,528,326,331,0
32510,5,-0.08,-0.03,-0.6,-0.45,2,0.2,0.2,0.15,30,56.7,1426,1263,92,1171,0,337,170,0,664,0,3,160,6,1432,664,507,1432,695821.75,7175.86,46,68,76,53,55,873,0,0,0,337,834,0
32511,5,-0.08,-0.03,-0.6,-0.45,2,0.2,0.2,0.15,30,67.74,1428,1265,87,1178,561,0,380,0,237,0,3,160,4,1432,798,380,1432,828711.3,8502.02,87,137,133,79,78,664,0,0,561,0,617,0
32512,5,-0.08,-0.03,-0.6,-0.45,2,0.2,0.2,0.15,40,60.02,1428,1265,87,1178,581,370,81,20,55,71,3,160,4,1432,707,471,1432,630719.63,6502.58,133,201,201,125,119,75,71,253,581,370,136,91
32513,5,-0.08,-0.03,-0.6,-0.45,2,0.2,0.2,0.15,40,55.18,1423,1260,102,1158,0,394,100,25,201,438,3,160,9,1432,639,519,1432,821222.11,8494.27,46,68,76,53,55,39,55,766,0,394,301,463
32514,5,-0.08,-0.03,-0.6,-0.45,2,0.2,0.2,0.15,40,69.43,1428,1265,94,1171,632,0,265,93,65,116,3,160,4,1432,813,358,1432,942748.92,9659.91,87,137,133,79,78,47,59,551,632,0,330,209
32515,5,-0.08,-0.03,-0.6,-0.45,2,0.2,0.2,0.15,50,59.34,1428,1265,87,1178,583,379,0,100,0,116,3,160,4,1432,699,479,1432,614993.02,6339.19,133,201,201,125,119,75,71,253,583,379,0,216
32516,5,-0.08,-0.03,-0.6,-0.45,2,0.2,0.2,0.15,50,54.23,1423,1260,102,1158,0,405,0,125,0,628,3,160,9,1432,628,530,1432,794193.6,8209.62,46,68,76,53,55,39,55,766,0,405,0,753
32517,5,-0.08,-0.03,-0.6,-0.45,2,0.2,0.2,0.15,50,69.0,1428,1265,94,1171,634,0,0,363,0,174,3,160,4,1432,808,363,1432,914056.95,9355.22,87,137,133,79,78,47,59,551,634,0,0,537
32518,5,-0.08,-0.03,-0.6,-0.45,2,0.2,0.2,0.15,60,59.34,1428,1265,87,1178,583,379,0,100,0,116,3,160,4,1432,699,479,1432,614993.02,6339.19,133,201,201,125,119,75,71,253,583,379,0,216
32519,5,-0.08,-0.03,-0.6,-0.45,2,0.2,0.2,0.15,60,54.23,1423,1260,102,1158,0,405,0,125,0,628,3,160,9,1432,628,530,1432,794193.6,8209.62,46,68,76,53,55,39,55,766,0,405,0,753
32520,5,-0.08,-0.03,-0.6,-0.45,2,0.2,0.2,0.15,60,69.0,1428,1265,94,1171,634,0,0,363,0,174,3,160,4,1432,808,363,1432,914056.95,9355.22,87,137,133,79,78,47,59,551,634,0,0,537
32521,5,-0.08,-0.03,-0.6,-0.4,1,0.1,0.1,0.15,20,66.01,2185,1980,53,1927,1134,328,327,0,138,0,4,201,7,2192,1272,655,2192,493463.1,5088.54,680,377,242,628,0,0,0,0,1134,328,465,0
32522,5,-0.08,-0.03,-0.6,-0.4,1,0.1,0.1,0.15,20,58.56,2183,1978,74,1904,0,359,430,0,1115,0,4,201,9,2192,1115,789,2192,950151.64,9798.53,71,99,111,1623,0,0,0,0,0,359,1545,0
32523,5,-0.08,-0.03,-0.6,-0.4,1,0.1,0.1,0.15,20,69.25,2184,1979,54,1925,1181,0,592,0,152,0,4,201,8,2192,1333,592,2192,640318.38,6575.08,612,293,164,856,0,0,0,0,1181,0,744,0
32524,5,-0.08,-0.03,-0.6,-0.4,1,0.1,0.1,0.15,30,69.34,2185,1980,85,1895,1256,434,147,0,58,0,4,201,7,2192,1314,581,2192,513486.17,5280.44,680,377,242,163,131,302,0,0,1256,434,205,0
32525,5,-0.08,-0.03,-0.6,-0.4,1,0.1,0.1,0.15,30,56.58,2182,1977,139,1838,0,516,282,0,1040,0,4,201,10,2192,1040,798,2192,971149.36,10005.12,71,99,111,78,94,1385,0,0,0,516,1322,0
32526,5,-0.08,-0.03,-0.6,-0.4,1,0.1,0.1,0.15,30,76.0,2184,1979,96,1883,1348,0,452,0,83,0,4,201,8,2192,1431,452,2192,799070.23,8204.65,612,293,164,112,96,606,0,0,1348,0,535,0
32527,5,-0.08,-0.03,-0.6,-0.4,1,0.1,0.1,0.15,40,69.84,2185,1980,90,1890,1292,477,73,20,17,11,4,201,7,2192,1320,570,2192,517440.42,5327.09,680,377,242,163,131,97,44,156,1292,477,90,31
32528,5,-0.08,-0.03,-0.6,-0.4,1,0.1,0.1,0.15,40,54.89,2179,1974,154,1820,0,610,166,45,308,691,4,201,13,2192,999,821,2192,1133733.17,11704.88,71,99,111,78,94,63,86,1218,0,610,474,736
32529,5,-0.08,-0.03,-0.6,-0.4,1,0.1,0.1,0.15,40,78.46,2184,1979,103,1876,1416,0,288,116,22,34,4,201,8,2192,1472,404,2192,889548.11,9117.64,612,293,164,112,96,71,38,490,1416,0,310,150
32530,5,-0.08,-0.03,-0.6,-0.4,1,0.1,0.1,0.15,50,69.63,2185,1980,90,1890,1292,486,0,88,0,24,4,201,7,2192,1316,574,2192,506482.98,5214.02,680,377,242,163,131,97,44,156,1292,486,0,112
32531,5,-0.08,-0.03,-0.6,-0.4,1,0.1,0.1,0.15,50,53.79,2179,1974,154,1820,0,627,0,214,0,979,4,201,13,2192,979,841,2192,1092174.21,11270.98,71,99,111,78,94,63,86,1218,0,627,0,1193
32532,5,-0.08,-0.03,-0.6,-0.4,1,0.1,0.1,0.15,50,78.41,2184,1979,103,1876,1417,0,0,405,0,54,4,201,8,2192,1471,405,2192,863673.3,8842.61,612,293,164,112,96,71,38,490,1417,0,0,459
32533,5,-0.08,-0.03,-0.6,-0.4,1,0.1,0.1,0.15,60,69.63,2185,1980,90,1890,1292,486,0,88,0,24,4,201,7,2192,1316,574,2192,506482.98,5214.02,680,377,242,163,131,97,44,156,1292,486,0,112
32534,5,-0.08,-0.03,-0.6,-0.4,1,0.1,0.1,0.15,60,53.79,2179,1974,154,1820,0,627,0,214,0,979,4,201,13,2192,979,841,2192,1092174.21,11270.98,71,99,111,78,94,63,86,1218,0,627,0,1193
32535,5,-0.08,-0.03,-0.6,-0.4,1,0.1,0.1,0.15,60,78.41,2184,1979,103,1876,1417,0,0,405,0,54,4,201,8,2192,1471,405,2192,863673.3,8842.61,612,293,164,112,96,71,38,490,1417,0,0,459
32536,5,-0.08,-0.03,-0.6,-0.4,1,0.1,0.2,0.15,20,59.71,2184,1979,68,1911,589,356,414,0,552,0,4,201,8,2192,1141,770,2192,806874.06,8315.56,187,291,282,1151,0,0,0,0,589,356,966,0
32537,5,-0.08,-0.03,-0.6,-0.4,1,0.1,0.2,0.15,20,58.56,2183,1978,74,1904,0,359,430,0,1115,0,4,201,9,2192,1115,789,2192,950151.64,9798.53,71,99,111,1623,0,0,0,0,0,359,1545,0
32538,5,-0.08,-0.03,-0.6,-0.4,1,0.1,0.2,0.15,20,62.86,2183,1978,69,1909,612,0,709,0,588,0,4,201,9,2192,1200,709,2192,979323.14,10068.8,116,196,180,1417,0,0,0,0,612,0,1297,0
32539,5,-0.08,-0.03,-0.6,-0.4,1,0.1,0.2,0.15,30,59.55,2184,1979,120,1859,777,503,249,0,330,0,4,201,8,2192,1107,752,2192,860265.89,8841.55,187,291,282,185,196,718,0,0,777,503,579,0
32540,5,-0.08,-0.03,-0.6,-0.4,1,0.1,0.2,0.15,30,56.58,2182,1977,139,1838,0,516,282,0,1040,0,4,201,10,2192,1040,798,2192,971149.36,10005.12,71,99,111,78,94,1385,0,0,0,516,1322,0
32541,5,-0.08,-0.03,-0.6,-0.4,1,0.1,0.2,0.15,30,66.59,2183,1978,131,1847,826,0,617,0,404,0,4,201,9,2192,1230,617,2192,1207787.67,12398.77,116,196,180,120,122,1113,0,0,826,0,1021,0
32542,5,-0.08,-0.03,-0.6,-0.4,1,0.1,0.2,0.15,40,58.71,2184,1979,131,1848,865,581,142,40,93,127,4,201,8,2192,1085,763,2192,902038.04,9285.01,187,291,282,185,196,139,121,447,865,581,235,167
32543,5,-0.08,-0.03,-0.6,-0.4,1,0.1,0.2,0.15,40,54.89,2179,1974,154,1820,0,610,166,45,308,691,4,201,13,2192,999,821,2192,1133733.17,11704.88,71,99,111,78,94,63,86,1218,0,610,474,736
32544,5,-0.08,-0.03,-0.6,-0.4,1,0.1,0.2,0.15,40,67.88,2183,1978,144,1834,940,0,437,152,106,199,4,201,9,2192,1245,589,2192,1375493.49,14117.25,116,196,180,120,122,92,92,916,940,0,543,351
32545,5,-0.08,-0.03,-0.6,-0.4,1,0.1,0.2,0.15,50,58.06,2184,1979,131,1848,868,596,0,179,0,205,4,201,8,2192,1073,775,2192,875359.96,9008.97,187,291,282,185,196,139,121,447,868,596,0,384
32546,5,-0.08,-0.03,-0.6,-0.4,1,0.1,0.2,0.15,50,53.79,2179,1974,154,1820,0,627,0,214,0,979,4,201,13,2192,979,841,2192,1092174.21,11270.98,71,99,111,78,94,63,86,1218,0,627,0,1193
32547,5,-0.08,-0.03,-0.6,-0.4,1,0.1,0.2,0.15,50,67.34,2183,1978,144,1834,943,0,0,599,0,292,4,201,9,2192,1235,599,2192,1324436.85,13580.53,116,196,180,120,122,92,92,916,943,0,0,891
32548,5,-0.08,-0.03,-0.6,-0.4,1,0.1,0.2,0.15,60,58.06,2184,1979,131,1848,868,596,0,179,0,205,4,201,8,2192,1073,775,2192,875359.96,9008.97,187,291,282,185,196,139,121,447,868,596,0,384
32549,5,-0.08,-0.03,-0.6,-0.4,1,0.1,0.2,0.15,60,53.79,2179,1974,154,1820,0,627,0,214,0,979,4,201,13,2192,979,841,2192,1092174.21,11270.98,71,99,111,78,94,63,86,1218,0,627,0,1193
32550,5,-0.08,-0.03,-0.6,-0.4,1,0.1,0.2,0.15,60,67.34,2183,1978,144,1834,943,0,0,599,0,292,4,201,9,2192,1235,599,2192,1324436.85,13580.53,116,196,180,120,122,92,92,916,943,0,0,891
32551,5,-0.08,-0.03,-0.6,-0.4,1,0.2,0.1,0.15,20,66.01,2185,1980,53,1927,1134,328,327,0,138,0,4,201,7,2192,1272,655,2192,493463.1,5088.54,680,377,242,628,0,0,0,0,1134,328,465,0
32552,5,-0.08,-0.03,-0.6,-0.4,1,0.2,0.1,0.15,20,58.56,2183,1978,74,1904,0,359,430,0,1115,0,4,201,9,2192,1115,789,2192,950151.64,9798.53,71,99,111,1623,0,0,0,0,0,359,1545,0
32553,5,-0.08,-0.03,-0.6,-0.4,1,0.2,0.1,0.15,20,69.25,2184,1979,54,1925,1181,0,592,0,152,0,4,201,8,2192,1333,592,2192,640318.38,6575.08,612,293,164,856,0,0,0,0,1181,0,744,0
32554,5,-0.08,-0.03,-0.6,-0.4,1,0.2,0.1,0.15,30,69.34,2185,1980,85,1895,1256,434,147,0,58,0,4,201,7,2192,1314,581,2192,513486.17,5280.44,680,377,242,163,131,302,0,0,1256,434,205,0
32555,5,-0.08,-0.03,-0.6,-0.4,1,0.2,0.1,0.15,30,56.58,2182,1977,139,1838,0,516,282,0,1040,0,4,201,10,2192,1040,798,2192,971149.36,10005.12,71,99,111,78,94,1385,0,0,0,516,1322,0
32556,5,-0.08,-0.03,-0.6,-0.4,1,0.2,0.1,0.15,30,76.0,2184,1979,96,1883,1348,0,452,0,83,0,4,201,8,2192,1431,452,2192,799070.23,8204.65,612,293,164,112,96,606,0,0,1348,0,535,0
32557,5,-0.08,-0.03,-0.6,-0.4,1,0.2,0.1,0.15,40,69.84,2185,1980,90,1890,1292,477,73,20,17,11,4,201,7,2192,1320,570,2192,517440.42,5327.09,680,377,242,163,131,97,44,156,1292,477,90,31
32558,5,-0.08,-0.03,-0.6,-0.4,1,0.2,0.1,0.15,40,54.89,2179,1974,154,1820,0,610,166,45,308,691,4,201,13,2192,999,821,2192,1133733.17,11704.88,71,99,111,78,94,63,86,1218,0,610,474,736
32559,5,-0.08,-0.03,-0.6,-0.4,1,0.2,0.1,0.15,40,78.46,2184,1979,103,1876,1416,0,288,116,22,34,4,201,8,2192,1472,404,2192,889548.11,9117.64,612,293,164,112,96,71,38,490,1416,0,310,150
32560,5,-0.08,-0.03,-0.6,-0.4,1,0.2,0.1,0.15,50,69.63,2185,1980,90,1890,1292,486,0,88,0,24,4,201,7,2192,1316,574,2192,506482.98,5214.02,680,377,242,163,131,97,44,156,1292,486,0,112
32561,5,-0.08,-0.03,-0.6,-0.4,1,0.2,0.1,0.15,50,53.79,2179,1974,154,1820,0,627,0,214,0,979,4,201,13,2192,979,841,2192,1092174.21,11270.98,71,99,111,78,94,63,86,1218,0,627,0,1193
32562,5,-0.08,-0.03,-0.6,-0.4,1,0.2,0.1,0.15,50,78.41,2184,1979,103,1876,1417,0,0,405,0,54,4,201,8,2192,1471,405,2192,863673.3,8842.61,612,293,164,112,96,71,38,490,1417,0,0,459
32563,5,-0.08,-0.03,-0.6,-0.4,1,0.2,0.1,0.15,60,69.63,2185,1980,90,1890,1292,486,0,88,0,24,4,201,7,2192,1316,574,2192,506482.98,5214.02,680,377,242,163,131,97,44,156,1292,486,0,112
32564,5,-0.08,-0.03,-0.6,-0.4,1,0.2,0.1,0.15,60,53.79,2179,1974,154,1820,0,627,0,214,0,979,4,201,13,2192,979,841,2192,1092174.21,11270.98,71,99,111,78,94,63,86,1218,0,627,0,1193
32565,5,-0.08,-0.03,-0.6,-0.4,1,0.2,0.1,0.15,60,78.41,2184,1979,103,1876,1417,0,0,405,0,54,4,201,8,2192,1471,405,2192,863673.3,8842.61,612,293,164,112,96,71,38,490,1417,0,0,459
32566,5,-0.08,-0.03,-0.6,-0.4,1,0.2,0.2,0.15,20,59.71,2184,1979,68,1911,589,356,414,0,552,0,4,201,8,2192,1141,770,2192,806874.06,8315.56,187,291,282,1151,0,0,0,0,589,356,966,0
32567,5,-0.08,-0.03,-0.6,-0.4,1,0.2,0.2,0.15,20,58.56,2183,1978,74,1904,0,359,430,0,1115,0,4,201,9,2192,1115,789,2192,950151.64,9798.53,71,99,111,1623,0,0,0,0,0,359,1545,0
32568,5,-0.08,-0.03,-0.6,-0.4,1,0.2,0.2,0.15,20,62.86,2183,1978,69,1909,612,0,709,0,588,0,4,201,9,2192,1200,709,2192,979323.14,10068.8,116,196,180,1417,0,0,0,0,612,0,1297,0
32569,5,-0.08,-0.03,-0.6,-0.4,1,0.2,0.2,0.15,30,59.55,2184,1979,120,1859,777,503,249,0,330,0,4,201,8,2192,1107,752,2192,860265.89,8841.55,187,291,282,185,196,718,0,0,777,503,579,0
32570,5,-0.08,-0.03,-0.6,-0.4,1,0.2,0.2,0.15,30,56.58,2182,1977,139,1838,0,516,282,0,1040,0,4,201,10,2192,1040,798,2192,971149.36,10005.12,71,99,111,78,94,1385,0,0,0,516,1322,0
32571,5,-0.08,-0.03,-0.6,-0.4,1,0.2,0.2,0.15,30,66.59,2183,1978,131,1847,826,0,617,0,404,0,4,201,9,2192,1230,617,2192,1207787.67,12398.77,116,196,180,120,122,1113,0,0,826,0,1021,0
32572,5,-0.08,-0.03,-0.6,-0.4,1,0.2,0.2,0.15,40,58.71,2184,1979,131,1848,865,581,142,40,93,127,4,201,8,2192,1085,763,2192,902038.04,9285.01,187,291,282,185,196,139,121,447,865,581,235,167
32573,5,-0.08,-0.03,-0.6,-0.4,1,0.2,0.2,0.15,40,54.89,2179,1974,154,1820,0,610,166,45,308,691,4,201,13,2192,999,821,2192,1133733.17,11704.88,71,99,111,78,94,63,86,1218,0,610,474,736
32574,5,-0.08,-0.03,-0.6,-0.4,1,0.2,0.2,0.15,40,67.88,2183,1978,144,1834,940,0,437,152,106,199,4,201,9,2192,1245,589,2192,1375493.49,14117.25,116,196,180,120,122,92,92,916,940,0,543,351
32575,5,-0.08,-0.03,-0.6,-0.4,1,0.2,0.2,0.15,50,58.06,2184,1979,131,1848,868,596,0,179,0,205,4,201,8,2192,1073,775,2192,875359.96,9008.97,187,291,282,185,196,139,121,447,868,596,0,384
32576,5,-0.08,-0.03,-0.6,-0.4,1,0.2,0.2,0.15,50,53.79,2179,1974,154,1820,0,627,0,214,0,979,4,201,13,2192,979,841,2192,1092174.21,11270.98,71,99,111,78,94,63,86,1218,0,627,0,1193
32577,5,-0.08,-0.03,-0.6,-0.4,1,0.2,0.2,0.15,50,67.34,2183,1978,144,1834,943,0,0,599,0,292,4,201,9,2192,1235,599,2192,1324436.85,13580.53,116,196,180,120,122,92,92,916,943,0,0,891
32578,5,-0.08,-0.03,-0.6,-0.4,1,0.2,0.2,0.15,60,58.06,2184,1979,131,1848,868,596,0,179,0,205,4,201,8,2192,1073,775,2192,875359.96,9008.97,187,291,282,185,196,139,121,447,868,596,0,384
32579,5,-0.08,-0.03,-0.6,-0.4,1,0.2,0.2,0.15,60,53.79,2179,1974,154,1820,0,627,0,214,0,979,4,201,13,2192,979,841,2192,1092174.21,11270.98,71,99,111,78,94,63,86,1218,0,627,0,1193
32580,5,-0.08,-0.03,-0.6,-0.4,1,0.2,0.2,0.15,60,67.34,2183,1978,144,1834,943,0,0,599,0,292,4,201,9,2192,1235,599,2192,1324436.85,13580.53,116,196,180,120,122,92,92,916,943,0,0,891
32581,5,-0.08,-0.03,-0.6,-0.4,2,0.1,0.1,0.15,20,69.69,2185,1980,53,1927,1202,323,261,0,141,0,4,201,7,2192,1343,584,2192,644328.19,7813.18,701,397,269,560,0,0,0,0,1202,323,402,0
32582,5,-0.08,-0.03,-0.6,-0.4,2,0.1,0.1,0.15,20,62.29,2183,1978,74,1904,0,359,359,0,1186,0,4,201,9,2192,1186,718,2192,1229361.07,13182.23,71,99,111,1623,0,0,0,0,0,359,1545,0
32583,5,-0.08,-0.03,-0.6,-0.4,2,0.1,0.1,0.15,20,74.7,2184,1979,54,1925,1270,0,487,0,168,0,4,201,8,2192,1438,487,2192,884124.98,9469.49,636,322,198,769,0,0,0,0,1270,0,655,0
32584,5,-0.08,-0.03,-0.6,-0.4,2,0.1,0.1,0.15,30,71.78,2185,1980,84,1896,1306,419,116,0,55,0,4,201,7,2192,1361,535,2192,635929.32,8103.5,701,397,269,158,123,248,0,0,1306,419,171,0
32585,5,-0.08,-0.03,-0.6,-0.4,2,0.1,0.1,0.15,30,58.6,2182,1977,139,1838,0,516,245,0,1077,0,4,201,10,2192,1077,761,2192,1327390.58,14063.15,71,99,111,78,94,1385,0,0,0,516,1322,0
32586,5,-0.08,-0.03,-0.6,-0.4,2,0.1,0.1,0.15,30,81.48,2184,1979,95,1884,1446,0,349,0,89,0,4,201,8,2192,1535,349,2192,1141450.31,11172.73,636,322,198,114,113,501,0,0,1446,0,438,0
32587,5,-0.08,-0.03,-0.6,-0.4,2,0.1,0.1,0.15,40,72.57,2185,1980,88,1892,1340,457,54,8,23,10,4,201,7,2192,1373,519,2192,633310.87,8226.82,701,397,269,158,123,77,36,131,1340,457,77,18
32588,5,-0.08,-0.03,-0.6,-0.4,2,0.1,0.1,0.15,40,57.25,2179,1974,154,1820,0,610,137,31,337,705,4,201,13,2192,1042,778,2192,1531770.95,16134.34,71,99,111,78,94,63,86,1218,0,610,474,736
32589,5,-0.08,-0.03,-0.6,-0.4,2,0.1,0.1,0.15,40,84.72,2184,1979,101,1878,1518,0,226,61,36,37,4,201,8,2192,1591,287,2192,1296482.91,12088.92,636,322,198,114,113,63,42,390,1518,0,262,98
32590,5,-0.08,-0.03,-0.6,-0.4,2,0.1,0.1,0.15,50,72.15,2185,1980,88,1892,1340,465,0,62,0,25,4,201,7,2192,1365,527,2192,616012.64,8124.13,701,397,269,158,123,77,36,131,1340,465,0,87
32591,5,-0.08,-0.03,-0.6,-0.4,2,0.1,0.1,0.15,50,55.88,2179,1974,154,1820,0,627,0,176,0,1017,4,201,13,2192,1017,803,2192,1478282.49,15714.76,71,99,111,78,94,63,86,1218,0,627,0,1193
32592,5,-0.08,-0.03,-0.6,-0.4,2,0.1,0.1,0.15,50,84.56,2184,1979,101,1878,1518,0,0,290,0,70,4,201,8,2192,1588,290,2192,1250563.29,11840.31,636,322,198,114,113,63,42,390,1518,0,0,360
32593,5,-0.08,-0.03,-0.6,-0.4,2,0.1,0.1,0.15,60,72.15,2185,1980,88,1892,1340,465,0,62,0,25,4,201,7,2192,1365,527,2192,616012.64,8124.13,701,397,269,158,123,77,36,131,1340,465,0,87
32594,5,-0.08,-0.03,-0.6,-0.4,2,0.1,0.1,0.15,60,55.88,2179,1974,154,1820,0,627,0,176,0,1017,4,201,13,2192,1017,803,2192,1478282.49,15714.76,71,99,111,78,94,63,86,1218,0,627,0,1193
32595,5,-0.08,-0.03,-0.6,-0.4,2,0.1,0.1,0.15,60,84.56,2184,1979,101,1878,1518,0,0,290,0,70,4,201,8,2192,1588,290,2192,1250563.29,11840.31,636,322,198,114,113,63,42,390,1518,0,0,360
32596,5,-0.08,-0.03,-0.6,-0.4,2,0.1,0.2,0.15,20,63.47,2184,1979,68,1911,627,356,342,0,586,0,4,201,8,2192,1213,698,2192,1044999.01,11527.09,190,299,303,1119,0,0,0,0,627,356,928,0
32597,5,-0.08,-0.03,-0.6,-0.4,2,0.1,0.2,0.15,20,62.29,2183,1978,74,1904,0,359,359,0,1186,0,4,201,9,2192,1186,718,2192,1229361.07,13182.23,71,99,111,1623,0,0,0,0,0,359,1545,0
32598,5,-0.08,-0.03,-0.6,-0.4,2,0.1,0.2,0.15,20,68.67,2183,1978,69,1909,667,0,598,0,644,0,4,201,9,2192,1311,598,2192,1357924.54,13613.95,119,207,209,1374,0,0,0,0,667,0,1242,0
32599,5,-0.08,-0.03,-0.6,-0.4,2,0.1,0.2,0.15,30,61.65,2184,1979,120,1859,828,501,212,0,318,0,4,201,8,2192,1146,713,2192,1127361.55,12439.34,190,299,303,191,202,674,0,0,828,501,530,0
32600,5,-0.08,-0.03,-0.6,-0.4,2,0.1,0.2,0.15,30,58.6,2182,1977,139,1838,0,516,245,0,1077,0,4,201,10,2192,1077,761,2192,1327390.58,14063.15,71,99,111,78,94,1385,0,0,0,516,1322,0
32601,5,-0.08,-0.03,-0.6,-0.4,2,0.1,0.2,0.15,30,71.68,2183,1978,131,1847,912,0,523,0,412,0,4,201,9,2192,1324,523,2192,1786261.72,16388.16,119,207,209,132,133,1047,0,0,912,0,935,0
32602,5,-0.08,-0.03,-0.6,-0.4,2,0.1,0.2,0.15,40,61.11,2184,1979,130,1849,915,577,115,27,105,110,4,201,8,2192,1130,719,2192,1175931.77,13088.37,190,299,303,191,202,144,112,408,915,577,220,137
32603,5,-0.08,-0.03,-0.6,-0.4,2,0.1,0.2,0.15,40,57.25,2179,1974,154,1820,0,610,137,31,337,705,4,201,13,2192,1042,778,2192,1531770.95,16134.34,71,99,111,78,94,63,86,1218,0,610,474,736
32604,5,-0.08,-0.03,-0.6,-0.4,2,0.1,0.2,0.15,40,74.17,2183,1978,143,1835,1034,0,374,100,140,187,4,201,9,2192,1361,474,2192,2073509.42,18289.5,119,207,209,132,133,112,85,838,1034,0,514,287
32605,5,-0.08,-0.03,-0.6,-0.4,2,0.1,0.2,0.15,50,60.3,2184,1979,130,1849,918,592,0,142,0,197,4,201,8,2192,1115,734,2192,1139529.59,12844.57,190,299,303,191,202,144,112,408,918,592,0,339
32606,5,-0.08,-0.03,-0.6,-0.4,2,0.1,0.2,0.15,50,55.88,2179,1974,154,1820,0,627,0,176,0,1017,4,201,13,2192,1017,803,2192,1478282.49,15714.76,71,99,111,78,94,63,86,1218,0,627,0,1193
32607,5,-0.08,-0.03,-0.6,-0.4,2,0.1,0.2,0.15,50,73.73,2183,1978,143,1835,1038,0,0,482,0,315,4,201,9,2192,1353,482,2192,1992815.54,17806.75,119,207,209,132,133,112,85,838,1038,0,0,797
32608,5,-0.08,-0.03,-0.6,-0.4,2,0.1,0.2,0.15,60,60.3,2184,1979,130,1849,918,592,0,142,0,197,4,201,8,2192,1115,734,2192,1139529.59,12844.57,190,299,303,191,202,144,112,408,918,592,0,339
32609,5,-0.08,-0.03,-0.6,-0.4,2,0.1,0.2,0.15,60,55.88,2179,1974,154,1820,0,627,0,176,0,1017,4,201,13,2192,1017,803,2192,1478282.49,15714.76,71,99,111,78,94,63,86,1218,0,627,0,1193
32610,5,-0.08,-0.03,-0.6,-0.4,2,0.1,0.2,0.15,60,73.73,2183,1978,143,1835,1038,0,0,482,0,315,4,201,9,2192,1353,482,2192,1992815.54,17806.75,119,207,209,132,133,112,85,838,1038,0,0,797
32611,5,-0.08,-0.03,-0.6,-0.4,2,0.2,0.1,0.15,20,66.01,2185,1980,53,1927,1134,328,327,0,138,0,4,201,7,2192,1272,655,2192,493463.1,5088.54,680,377,242,628,0,0,0,0,1134,328,465,0
32612,5,-0.08,-0.03,-0.6,-0.4,2,0.2,0.1,0.15,20,58.56,2183,1978,74,1904,0,359,430,0,1115,0,4,201,9,2192,1115,789,2192,950151.64,9798.53,71,99,111,1623,0,0,0,0,0,359,1545,0
32613,5,-0.08,-0.03,-0.6,-0.4,2,0.2,0.1,0.15,20,69.25,2184,1979,54,1925,1181,0,592,0,152,0,4,201,8,2192,1333,592,2192,640318.38,6575.08,612,293,164,856,0,0,0,0,1181,0,744,0
32614,5,-0.08,-0.03,-0.6,-0.4,2,0.2,0.1,0.15,30,69.34,2185,1980,85,1895,1256,434,147,0,58,0,4,201,7,2192,1314,581,2192,513486.17,5280.44,680,377,242,163,131,302,0,0,1256,434,205,0
32615,5,-0.08,-0.03,-0.6,-0.4,2,0.2,0.1,0.15,30,56.58,2182,1977,139,1838,0,516,282,0,1040,0,4,201,10,2192,1040,798,2192,971149.36,10005.12,71,99,111,78,94,1385,0,0,0,516,1322,0
32616,5,-0.08,-0.03,-0.6,-0.4,2,0.2,0.1,0.15,30,76.0,2184,1979,96,1883,1348,0,452,0,83,0,4,201,8,2192,1431,452,2192,799070.23,8204.65,612,293,164,112,96,606,0,0,1348,0,535,0
32617,5,-0.08,-0.03,-0.6,-0.4,2,0.2,0.1,0.15,40,69.84,2185,1980,90,1890,1292,477,73,20,17,11,4,201,7,2192,1320,570,2192,517440.42,5327.09,680,377,242,163,131,97,44,156,1292,477,90,31
32618,5,-0.08,-0.03,-0.6,-0.4,2,0.2,0.1,0.15,40,54.89,2179,1974,154,1820,0,610,166,45,308,691,4,201,13,2192,999,821,2192,1133733.17,11704.88,71,99,111,78,94,63,86,1218,0,610,474,736
32619,5,-0.08,-0.03,-0.6,-0.4,2,0.2,0.1,0.15,40,78.46,2184,1979,103,1876,1416,0,288,116,22,34,4,201,8,2192,1472,404,2192,889548.11,9117.64,612,293,164,112,96,71,38,490,1416,0,310,150
32620,5,-0.08,-0.03,-0.6,-0.4,2,0.2,0.1,0.15,50,69.63,2185,1980,90,1890,1292,486,0,88,0,24,4,201,7,2192,1316,574,2192,506482.98,5214.02,680,377,242,163,131,97,44,156,1292,486,0,112
32621,5,-0.08,-0.03,-0.6,-0.4,2,0.2,0.1,0.15,50,53.79,2179,1974,154,1820,0,627,0,214,0,979,4,201,13,2192,979,841,2192,1092174.21,11270.98,71,99,111,78,94,63,86,1218,0,627,0,1193
32622,5,-0.08,-0.03,-0.6,-0.4,2,0.2,0.1,0.15,50,78.41,2184,1979,103,1876,1417,0,0,405,0,54,4,201,8,2192,1471,405,2192,863673.3,8842.61,612,293,164,112,96,71,38,490,1417,0,0,459
32623,5,-0.08,-0.03,-0.6,-0.4,2,0.2,0.1,0.15,60,69.63,2185,1980,90,1890,1292,486,0,88,0,24,4,201,7,2192,1316,574,2192,506482.98,5214.02,680,377,242,163,131,97,44,156,1292,486,0,112
32624,5,-0.08,-0.03,-0.6,-0.4,2,0.2,0.1,0.15,60,53.79,2179,1974,154,1820,0,627,0,214,0,979,4,201,13,2192,979,841,2192,1092174.21,11270.98,71,99,111,78,94,63,86,1218,0,627,0,1193
32625,5,-0.08,-0.03,-0.6,-0.4,2,0.2,0.1,0.15,60,78.41,2184,1979,103,1876,1417,0,0,405,0,54,4,201,8,2192,1471,405,2192,863673.3,8842.61,612,293,164,112,96,71,38,490,1417,0,0,459
32626,5,-0.08,-0.03,-0.6,-0.4,2,0.2,0.2,0.15,20,59.71,2184,1979,68,1911,589,356,414,0,552,0,4,201,8,2192,1141,770,2192,806874.06,8315.56,187,291,282,1151,0,0,0,0,589,356,966,0
32627,5,-0.08,-0.03,-0.6,-0.4,2,0.2,0.2,0.15,20,58.56,2183,1978,74,1904,0,359,430,0,1115,0,4,201,9,2192,1115,789,2192,950151.64,9798.53,71,99,111,1623,0,0,0,0,0,359,1545,0
32628,5,-0.08,-0.03,-0.6,-0.4,2,0.2,0.2,0.15,20,62.86,2183,1978,69,1909,612,0,709,0,588,0,4,201,9,2192,1200,709,2192,979323.14,10068.8,116,196,180,1417,0,0,0,0,612,0,1297,0
32629,5,-0.08,-0.03,-0.6,-0.4,2,0.2,0.2,0.15,30,59.55,2184,1979,120,1859,777,503,249,0,330,0,4,201,8,2192,1107,752,2192,860265.89,8841.55,187,291,282,185,196,718,0,0,777,503,579,0
32630,5,-0.08,-0.03,-0.6,-0.4,2,0.2,0.2,0.15,30,56.58,2182,1977,139,1838,0,516,282,0,1040,0,4,201,10,2192,1040,798,2192,971149.36,10005.12,71,99,111,78,94,1385,0,0,0,516,1322,0
32631,5,-0.08,-0.03,-0.6,-0.4,2,0.2,0.2,0.15,30,66.59,2183,1978,131,1847,826,0,617,0,404,0,4,201,9,2192,1230,617,2192,1207787.67,12398.77,116,196,180,120,122,1113,0,0,826,0,1021,0
32632,5,-0.08,-0.03,-0.6,-0.4,2,0.2,0.2,0.15,40,58.71,2184,1979,131,1848,865,581,142,40,93,127,4,201,8,2192,1085,763,2192,902038.04,9285.01,187,291,282,185,196,139,121,447,865,581,235,167
32633,5,-0.08,-0.03,-0.6,-0.4,2,0.2,0.2,0.15,40,54.89,2179,1974,154,1820,0,610,166,45,308,691,4,201,13,2192,999,821,2192,1133733.17,11704.88,71,99,111,78,94,63,86,1218,0,610,474,736
32634,5,-0.08,-0.03,-0.6,-0.4,2,0.2,0.2,0.15,40,67.88,2183,1978,144,1834,940,0,437,152,106,199,4,201,9,2192,1245,589,2192,1375493.49,14117.25,116,196,180,120,122,92,92,916,940,0,543,351
32635,5,-0.08,-0.03,-0.6,-0.4,2,0.2,0.2,0.15,50,58.06,2184,1979,131,1848,868,596,0,179,0,205,4,201,8,2192,1073,775,2192,875359.96,9008.97,187,291,282,185,196,139,121,447,868,596,0,384
32636,5,-0.08,-0.03,-0.6,-0.4,2,0.2,0.2,0.15,50,53.79,2179,1974,154,1820,0,627,0,214,0,979,4,201,13,2192,979,841,2192,1092174.21,11270.98,71,99,111,78,94,63,86,1218,0,627,0,1193
32637,5,-0.08,-0.03,-0.6,-0.4,2,0.2,0.2,0.15,50,67.34,2183,1978,144,1834,943,0,0,599,0,292,4,201,9,2192,1235,599,2192,1324436.85,13580.53,116,196,180,120,122,92,92,916,943,0,0,891
32638,5,-0.08,-0.03,-0.6,-0.4,2,0.2,0.2,0.15,60,58.06,2184,1979,131,1848,868,596,0,179,0,205,4,201,8,2192,1073,775,2192,875359.96,9008.97,187,291,282,185,196,139,121,447,868,596,0,384
32639,5,-0.08,-0.03,-0.6,-0.4,2,0.2,0.2,0.15,60,53.79,2179,1974,154,1820,0,627,0,214,0,979,4,201,13,2192,979,841,2192,1092174.21,11270.98,71,99,111,78,94,63,86,1218,0,627,0,1193
32640,5,-0.08,-0.03,-0.6,-0.4,2,0.2,0.2,0.15,60,67.34,2183,1978,144,1834,943,0,0,599,0,292,4,201,9,2192,1235,599,2192,1324436.85,13580.53,116,196,180,120,122,92,92,916,943,0,0,891
32641,5,-0.08,-0.03,-0.6,-0.35,1,0.1,0.1,0.15,20,65.28,3078,2846,75,2771,1597,462,500,0,212,0,4,228,17,3095,1809,962,3095,681214.87,7015.45,930,544,366,931,0,0,0,0,1597,462,712,0
32642,5,-0.08,-0.03,-0.6,-0.35,1,0.1,0.1,0.15,20,57.27,3075,2843,100,2743,0,511,661,0,1571,0,4,228,20,3095,1571,1172,3095,1153995.42,11924.52,106,147,151,2339,0,0,0,0,0,511,2232,0
32643,5,-0.08,-0.03,-0.6,-0.35,1,0.1,0.1,0.15,20,68.5,3075,2843,78,2765,1653,0,871,0,241,0,4,228,20,3095,1894,871,3095,887496.65,9101.04,827,418,256,1264,0,0,0,0,1653,0,1112,0
32644,5,-0.08,-0.03,-0.6,-0.35,1,0.1,0.1,0.15,30,68.95,3078,2846,121,2725,1785,611,235,0,94,0,4,228,17,3095,1879,846,3095,730567.77,7520.61,930,544,366,219,189,477,0,0,1785,611,329,0
32645,5,-0.08,-0.03,-0.6,-0.35,1,0.1,0.1,0.15,30,55.97,3074,2842,189,2653,0,729,439,0,1485,0,4,228,21,3095,1485,1168,3095,1192306.71,12348.07,106,147,151,107,136,2006,0,0,0,729,1924,0
32646,5,-0.08,-0.03,-0.6,-0.35,1,0.1,0.1,0.15,30,75.28,3075,2843,137,2706,1902,0,669,0,135,0,4,228,20,3095,2037,669,3095,1138951.61,11692.29,827,418,256,152,134,919,0,0,1902,0,804,0
32647,5,-0.08,-0.03,-0.6,-0.35,1,0.1,0.1,0.15,40,69.56,3078,2846,129,2717,1842,681,111,35,25,23,4,228,17,3095,1890,827,3095,727737.56,7497.95,930,544,366,219,189,148,70,251,1842,681,136,58
32648,5,-0.08,-0.03,-0.6,-0.35,1,0.1,0.1,0.15,40,54.22,3071,2839,209,2630,0,871,259,74,470,956,4,228,24,3095,1426,1204,3095,1346579.64,13904.9,106,147,151,107,136,82,124,1777,0,871,729,1030
32649,5,-0.08,-0.03,-0.6,-0.35,1,0.1,0.1,0.15,40,77.93,3075,2843,147,2696,2005,0,418,177,35,61,4,228,20,3095,2101,595,3095,1248615.6,12798.49,827,418,256,152,134,115,60,734,2005,0,453,238
32650,5,-0.08,-0.03,-0.6,-0.35,1,0.1,0.1,0.15,50,69.27,3078,2846,129,2717,1842,693,0,142,0,40,4,228,17,3095,1882,835,3095,712907.36,7342.59,930,544,366,219,189,148,70,251,1842,693,0,182
32651,5,-0.08,-0.03,-0.6,-0.35,1,0.1,0.1,0.15,50,53.12,3071,2839,209,2630,0,896,0,337,0,1397,4,228,24,3095,1397,1233,3095,1279298.86,13198.74,106,147,151,107,136,82,124,1777,0,896,0,1734
32652,5,-0.08,-0.03,-0.6,-0.35,1,0.1,0.1,0.15,50,77.82,3075,2843,147,2696,2007,0,0,598,0,91,4,228,20,3095,2098,598,3095,1217946.41,12472.84,827,418,256,152,134,115,60,734,2007,0,0,689
32653,5,-0.08,-0.03,-0.6,-0.35,1,0.1,0.1,0.15,60,69.27,3078,2846,129,2717,1842,693,0,142,0,40,4,228,17,3095,1882,835,3095,712907.36,7342.59,930,544,366,219,189,148,70,251,1842,693,0,182
32654,5,-0.08,-0.03,-0.6,-0.35,1,0.1,0.1,0.15,60,53.12,3071,2839,209,2630,0,896,0,337,0,1397,4,228,24,3095,1397,1233,3095,1279298.86,13198.74,106,147,151,107,136,82,124,1777,0,896,0,1734
32655,5,-0.08,-0.03,-0.6,-0.35,1,0.1,0.1,0.15,60,77.82,3075,2843,147,2696,2007,0,0,598,0,91,4,228,20,3095,2098,598,3095,1217946.41,12472.84,827,418,256,152,134,115,60,734,2007,0,0,689
32656,5,-0.08,-0.03,-0.6,-0.35,1,0.1,0.2,0.15,20,58.41,3077,2845,92,2753,775,506,639,0,833,0,4,228,18,3095,1608,1145,3095,1028864.18,10595.82,248,390,386,1729,0,0,0,0,775,506,1472,0
32657,5,-0.08,-0.03,-0.6,-0.35,1,0.1,0.2,0.15,20,57.27,3075,2843,100,2743,0,511,661,0,1571,0,4,228,20,3095,1571,1172,3095,1153995.42,11924.52,106,147,151,2339,0,0,0,0,0,511,2232,0
32658,5,-0.08,-0.03,-0.6,-0.35,1,0.1,0.2,0.15,20,61.41,3074,2842,95,2747,799,0,1060,0,888,0,4,228,21,3095,1687,1060,3095,1259105.35,12931.68,142,247,244,2114,0,0,0,0,799,0,1948,0
32659,5,-0.08,-0.03,-0.6,-0.35,1,0.1,0.2,0.15,30,58.71,3077,2845,164,2681,1037,711,396,0,537,0,4,228,18,3095,1574,1107,3095,1128348.4,11607.46,248,390,386,257,287,1113,0,0,1037,711,933,0
32660,5,-0.08,-0.03,-0.6,-0.35,1,0.1,0.2,0.15,30,55.97,3074,2842,189,2653,0,729,439,0,1485,0,4,228,21,3095,1485,1168,3095,1192306.71,12348.07,106,147,151,107,136,2006,0,0,0,729,1924,0
32661,5,-0.08,-0.03,-0.6,-0.35,1,0.1,0.2,0.15,30,65.36,3074,2842,180,2662,1096,0,922,0,644,0,4,228,21,3095,1740,922,3095,1609021.81,16515.47,142,247,244,166,178,1685,0,0,1096,0,1566,0
32662,5,-0.08,-0.03,-0.6,-0.35,1,0.1,0.2,0.15,40,57.88,3077,2845,179,2666,1161,830,224,69,158,224,4,228,18,3095,1543,1123,3095,1166451.05,12028.59,248,390,386,257,287,180,170,748,1161,830,382,293
32663,5,-0.08,-0.03,-0.6,-0.35,1,0.1,0.2,0.15,40,54.22,3071,2839,209,2630,0,871,259,74,470,956,4,228,24,3095,1426,1204,3095,1346579.64,13904.9,106,147,151,107,136,82,124,1777,0,871,729,1030
32664,5,-0.08,-0.03,-0.6,-0.35,1,0.1,0.2,0.15,40,66.58,3074,2842,197,2645,1254,0,651,233,181,326,4,228,21,3095,1761,884,3095,1812325.55,18610.15,142,247,244,166,178,119,129,1420,1254,0,832,559
32665,5,-0.08,-0.03,-0.6,-0.35,1,0.1,0.2,0.15,50,57.16,3077,2845,179,2666,1167,852,0,290,0,357,4,228,18,3095,1524,1142,3095,1126387.76,11613.46,248,390,386,257,287,180,170,748,1167,852,0,647
32666,5,-0.08,-0.03,-0.6,-0.35,1,0.1,0.2,0.15,50,53.12,3071,2839,209,2630,0,896,0,337,0,1397,4,228,24,3095,1397,1233,3095,1279298.86,13198.74,106,147,151,107,136,82,124,1777,0,896,0,1734
32667,5,-0.08,-0.03,-0.6,-0.35,1,0.1,0.2,0.15,50,66.05,3074,2842,197,2645,1260,0,0,898,0,487,4,228,21,3095,1747,898,3095,1746536.19,17922.73,142,247,244,166,178,119,129,1420,1260,0,0,1385
32668,5,-0.08,-0.03,-0.6,-0.35,1,0.1,0.2,0.15,60,57.16,3077,2845,179,2666,1167,852,0,290,0,357,4,228,18,3095,1524,1142,3095,1126387.76,11613.46,248,390,386,257,287,180,170,748,1167,852,0,647
32669,5,-0.08,-0.03,-0.6,-0.35,1,0.1,0.2,0.15,60,53.12,3071,2839,209,2630,0,896,0,337,0,1397,4,228,24,3095,1397,1233,3095,1279298.86,13198.74,106,147,151,107,136,82,124,1777,0,896,0,1734
32670,5,-0.08,-0.03,-0.6,-0.35,1,0.1,0.2,0.15,60,66.05,3074,2842,197,2645,1260,0,0,898,0,487,4,228,21,3095,1747,898,3095,1746536.19,17922.73,142,247,244,166,178,119,129,1420,1260,0,0,1385
32671,5,-0.08,-0.03,-0.6,-0.35,1,0.2,0.1,0.15,20,65.28,3078,2846,75,2771,1597,462,500,0,212,0,4,228,17,3095,1809,962,3095,681214.87,7015.45,930,544,366,931,0,0,0,0,1597,462,712,0
32672,5,-0.08,-0.03,-0.6,-0.35,1,0.2,0.1,0.15,20,57.27,3075,2843,100,2743,0,511,661,0,1571,0,4,228,20,3095,1571,1172,3095,1153995.42,11924.52,106,147,151,2339,0,0,0,0,0,511,2232,0
32673,5,-0.08,-0.03,-0.6,-0.35,1,0.2,0.1,0.15,20,68.5,3075,2843,78,2765,1653,0,871,0,241,0,4,228,20,3095,1894,871,3095,887496.65,9101.04,827,418,256,1264,0,0,0,0,1653,0,1112,0
32674,5,-0.08,-0.03,-0.6,-0.35,1,0.2,0.1,0.15,30,68.95,3078,2846,121,2725,1785,611,235,0,94,0,4,228,17,3095,1879,846,3095,730567.77,7520.61,930,544,366,219,189,477,0,0,1785,611,329,0
32675,5,-0.08,-0.03,-0.6,-0.35,1,0.2,0.1,0.15,30,55.97,3074,2842,189,2653,0,729,439,0,1485,0,4,228,21,3095,1485,1168,3095,1192306.71,12348.07,106,147,151,107,136,2006,0,0,0,729,1924,0
32676,5,-0.08,-0.03,-0.6,-0.35,1,0.2,0.1,0.15,30,75.28,3075,2843,137,2706,1902,0,669,0,135,0,4,228,20,3095,2037,669,3095,1138951.61,11692.29,827,418,256,152,134,919,0,0,1902,0,804,0
32677,5,-0.08,-0.03,-0.6,-0.35,1,0.2,0.1,0.15,40,69.56,3078,2846,129,2717,1842,681,111,35,25,23,4,228,17,3095,1890,827,3095,727737.56,7497.95,930,544,366,219,189,148,70,251,1842,681,136,58
32678,5,-0.08,-0.03,-0.6,-0.35,1,0.2,0.1,0.15,40,54.22,3071,2839,209,2630,0,871,259,74,470,956,4,228,24,3095,1426,1204,3095,1346579.64,13904.9,106,147,151,107,136,82,124,1777,0,871,729,1030
32679,5,-0.08,-0.03,-0.6,-0.35,1,0.2,0.1,0.15,40,77.93,3075,2843,147,2696,2005,0,418,177,35,61,4,228,20,3095,2101,595,3095,1248615.6,12798.49,827,418,256,152,134,115,60,734,2005,0,453,238
32680,5,-0.08,-0.03,-0.6,-0.35,1,0.2,0.1,0.15,50,69.27,3078,2846,129,2717,1842,693,0,142,0,40,4,228,17,3095,1882,835,3095,712907.36,7342.59,930,544,366,219,189,148,70,251,1842,693,0,182
32681,5,-0.08,-0.03,-0.6,-0.35,1,0.2,0.1,0.15,50,53.12,3071,2839,209,2630,0,896,0,337,0,1397,4,228,24,3095,1397,1233,3095,1279298.86,13198.74,106,147,151,107,136,82,124,1777,0,896,0,1734
32682,5,-0.08,-0.03,-0.6,-0.35,1,0.2,0.1,0.15,50,77.82,3075,2843,147,2696,2007,0,0,598,0,91,4,228,20,3095,2098,598,3095,1217946.41,12472.84,827,418,256,152,134,115,60,734,2007,0,0,689
32683,5,-0.08,-0.03,-0.6,-0.35,1,0.2,0.1,0.15,60,69.27,3078,2846,129,2717,1842,693,0,142,0,40,4,228,17,3095,1882,835,3095,712907.36,7342.59,930,544,366,219,189,148,70,251,1842,693,0,182
32684,5,-0.08,-0.03,-0.6,-0.35,1,0.2,0.1,0.15,60,53.12,3071,2839,209,2630,0,896,0,337,0,1397,4,228,24,3095,1397,1233,3095,1279298.86,13198.74,106,147,151,107,136,82,124,1777,0,896,0,1734
32685,5,-0.08,-0.03,-0.6,-0.35,1,0.2,0.1,0.15,60,77.82,3075,2843,147,2696,2007,0,0,598,0,91,4,228,20,3095,2098,598,3095,1217946.41,12472.84,827,418,256,152,134,115,60,734,2007,0,0,689
32686,5,-0.08,-0.03,-0.6,-0.35,1,0.2,0.2,0.15,20,58.41,3077,2845,92,2753,775,506,639,0,833,0,4,228,18,3095,1608,1145,3095,1028864.18,10595.82,248,390,386,1729,0,0,0,0,775,506,1472,0
32687,5,-0.08,-0.03,-0.6,-0.35,1,0.2,0.2,0.15,20,57.27,3075,2843,100,2743,0,511,661,0,1571,0,4,228,20,3095,1571,1172,3095,1153995.42,11924.52,106,147,151,2339,0,0,0,0,0,511,2232,0
32688,5,-0.08,-0.03,-0.6,-0.35,1,0.2,0.2,0.15,20,61.41,3074,2842,95,2747,799,0,1060,0,888,0,4,228,21,3095,1687,1060,3095,1259105.35,12931.68,142,247,244,2114,0,0,0,0,799,0,1948,0
32689,5,-0.08,-0.03,-0.6,-0.35,1,0.2,0.2,0.15,30,58.71,3077,2845,164,2681,1037,711,396,0,537,0,4,228,18,3095,1574,1107,3095,1128348.4,11607.46,248,390,386,257,287,1113,0,0,1037,711,933,0
32690,5,-0.08,-0.03,-0.6,-0.35,1,0.2,0.2,0.15,30,55.97,3074,2842,189,2653,0,729,439,0,1485,0,4,228,21,3095,1485,1168,3095,1192306.71,12348.07,106,147,151,107,136,2006,0,0,0,729,1924,0
32691,5,-0.08,-0.03,-0.6,-0.35,1,0.2,0.2,0.15,30,65.36,3074,2842,180,2662,1096,0,922,0,644,0,4,228,21,3095,1740,922,3095,1609021.81,16515.47,142,247,244,166,178,1685,0,0,1096,0,1566,0
32692,5,-0.08,-0.03,-0.6,-0.35,1,0.2,0.2,0.15,40,57.88,3077,2845,179,2666,1161,830,224,69,158,224,4,228,18,3095,1543,1123,3095,1166451.05,12028.59,248,390,386,257,287,180,170,748,1161,830,382,293
32693,5,-0.08,-0.03,-0.6,-0.35,1,0.2,0.2,0.15,40,54.22,3071,2839,209,2630,0,871,259,74,470,956,4,228,24,3095,1426,1204,3095,1346579.64,13904.9,106,147,151,107,136,82,124,1777,0,871,729,1030
32694,5,-0.08,-0.03,-0.6,-0.35,1,0.2,0.2,0.15,40,66.58,3074,2842,197,2645,1254,0,651,233,181,326,4,228,21,3095,1761,884,3095,1812325.55,18610.15,142,247,244,166,178,119,129,1420,1254,0,832,559
32695,5,-0.08,-0.03,-0.6,-0.35,1,0.2,0.2,0.15,50,57.16,3077,2845,179,2666,1167,852,0,290,0,357,4,228,18,3095,1524,1142,3095,1126387.76,11613.46,248,390,386,257,287,180,170,748,1167,852,0,647
32696,5,-0.08,-0.03,-0.6,-0.35,1,0.2,0.2,0.15,50,53.12,3071,2839,209,2630,0,896,0,337,0,1397,4,228,24,3095,1397,1233,3095,1279298.86,13198.74,106,147,151,107,136,82,124,1777,0,896,0,1734
32697,5,-0.08,-0.03,-0.6,-0.35,1,0.2,0.2,0.15,50,66.05,3074,2842,197,2645,1260,0,0,898,0,487,4,228,21,3095,1747,898,3095,1746536.19,17922.73,142,247,244,166,178,119,129,1420,1260,0,0,1385
32698,5,-0.08,-0.03,-0.6,-0.35,1,0.2,0.2,0.15,60,57.16,3077,2845,179,2666,1167,852,0,290,0,357,4,228,18,3095,1524,1142,3095,1126387.76,11613.46,248,390,386,257,287,180,170,748,1167,852,0,647
32699,5,-0.08,-0.03,-0.6,-0.35,1,0.2,0.2,0.15,60,53.12,3071,2839,209,2630,0,896,0,337,0,1397,4,228,24,3095,1397,1233,3095,1279298.86,13198.74,106,147,151,107,136,82,124,1777,0,896,0,1734
32700,5,-0.08,-0.03,-0.6,-0.35,1,0.2,0.2,0.15,60,66.05,3074,2842,197,2645,1260,0,0,898,0,487,4,228,21,3095,1747,898,3095,1746536.19,17922.73,142,247,244,166,178,119,129,1420,1260,0,0,1385
32701,5,-0.08,-0.03,-0.6,-0.35,2,0.1,0.1,0.15,20,69.25,3078,2846,75,2771,1698,454,398,0,221,0,4,228,17,3095,1919,852,3095,910263.33,11011.83,960,581,392,838,0,0,0,0,1698,454,619,0
32702,5,-0.08,-0.03,-0.6,-0.35,2,0.1,0.1,0.15,20,61.28,3075,2843,100,2743,0,511,551,0,1681,0,4,228,20,3095,1681,1062,3095,1518174.88,16760.92,106,147,151,2339,0,0,0,0,0,511,2232,0
32703,5,-0.08,-0.03,-0.6,-0.35,2,0.1,0.1,0.15,20,74.21,3075,2843,78,2765,1787,0,713,0,265,0,4,228,20,3095,2052,713,3095,1252859.5,13388.28,860,468,294,1143,0,0,0,0,1787,0,978,0
32704,5,-0.08,-0.03,-0.6,-0.35,2,0.1,0.1,0.15,30,71.83,3078,2846,120,2726,1866,590,178,0,92,0,4,228,17,3095,1958,768,3095,929865.14,11662.35,960,581,392,219,191,383,0,0,1866,590,270,0
32705,5,-0.08,-0.03,-0.6,-0.35,2,0.1,0.1,0.15,30,58.42,3074,2842,189,2653,0,729,374,0,1550,0,4,228,21,3095,1550,1103,3095,1676890.45,18159.55,106,147,151,107,136,2006,0,0,0,729,1924,0
32706,5,-0.08,-0.03,-0.6,-0.35,2,0.1,0.1,0.15,30,81.38,3075,2843,136,2707,2048,0,504,0,155,0,4,228,20,3095,2203,504,3095,1654306.27,16073.37,860,468,294,165,164,756,0,0,2048,0,659,0
32707,5,-0.08,-0.03,-0.6,-0.35,2,0.1,0.1,0.15,40,72.53,3078,2846,127,2719,1921,650,80,17,33,18,4,228,17,3095,1972,747,3095,919895.62,11806.9,960,581,392,219,191,113,62,201,1921,650,113,35
32708,5,-0.08,-0.03,-0.6,-0.35,2,0.1,0.1,0.15,40,56.88,3071,2839,209,2630,0,871,214,49,515,981,4,228,24,3095,1496,1134,3095,1878810.76,20286.74,106,147,151,107,136,82,124,1777,0,871,729,1030
32709,5,-0.08,-0.03,-0.6,-0.35,2,0.1,0.1,0.15,40,84.43,3075,2843,145,2698,2169,0,323,97,54,55,4,228,20,3095,2278,420,3095,1849611.33,17251.59,860,468,294,165,164,97,80,570,2169,0,377,152
32710,5,-0.08,-0.03,-0.6,-0.35,2,0.1,0.1,0.15,50,72.05,3078,2846,127,2719,1921,661,0,99,0,38,4,228,17,3095,1959,760,3095,895185.97,11660.79,960,581,392,219,191,113,62,201,1921,661,0,137
32711,5,-0.08,-0.03,-0.6,-0.35,2,0.1,0.1,0.15,50,55.48,3071,2839,209,2630,0,896,0,275,0,1459,4,228,24,3095,1459,1171,3095,1789929.15,19609.87,106,147,151,107,136,82,124,1777,0,896,0,1734
32712,5,-0.08,-0.03,-0.6,-0.35,2,0.1,0.1,0.15,50,84.28,3075,2843,145,2698,2171,0,0,424,0,103,4,228,20,3095,2274,424,3095,1790469.54,16929.94,860,468,294,165,164,97,80,570,2171,0,0,527
32713,5,-0.08,-0.03,-0.6,-0.35,2,0.1,0.1,0.15,60,72.05,3078,2846,127,2719,1921,661,0,99,0,38,4,228,17,3095,1959,760,3095,895185.97,11660.79,960,581,392,219,191,113,62,201,1921,661,0,137
32714,5,-0.08,-0.03,-0.6,-0.35,2,0.1,0.1,0.15,60,55.48,3071,2839,209,2630,0,896,0,275,0,1459,4,228,24,3095,1459,1171,3095,1789929.15,19609.87,106,147,151,107,136,82,124,1777,0,896,0,1734
32715,5,-0.08,-0.03,-0.6,-0.35,2,0.1,0.1,0.15,60,84.28,3075,2843,145,2698,2171,0,0,424,0,103,4,228,20,3095,2274,424,3095,1790469.54,16929.94,860,468,294,165,164,97,80,570,2171,0,0,527
32716,5,-0.08,-0.03,-0.6,-0.35,2,0.1,0.2,0.15,20,62.37,3077,2845,92,2753,830,506,530,0,887,0,4,228,18,3095,1717,1036,3095,1363007.3,15288.09,252,402,414,1685,0,0,0,0,830,506,1417,0
32717,5,-0.08,-0.03,-0.6,-0.35,2,0.1,0.2,0.15,20,61.28,3075,2843,100,2743,0,511,551,0,1681,0,4,228,20,3095,1681,1062,3095,1518174.88,16760.92,106,147,151,2339,0,0,0,0,0,511,2232,0
32718,5,-0.08,-0.03,-0.6,-0.35,2,0.1,0.2,0.15,20,67.42,3074,2842,95,2747,874,0,895,0,978,0,4,228,21,3095,1852,895,3095,1778430.25,18130.9,146,263,282,2056,0,0,0,0,874,0,1873,0
32719,5,-0.08,-0.03,-0.6,-0.35,2,0.1,0.2,0.15,30,61.1,3077,2845,164,2681,1113,709,334,0,525,0,4,228,18,3095,1638,1043,3095,1518063.92,16895.76,252,402,414,268,292,1053,0,0,1113,709,859,0
32720,5,-0.08,-0.03,-0.6,-0.35,2,0.1,0.2,0.15,30,58.42,3074,2842,189,2653,0,729,374,0,1550,0,4,228,21,3095,1550,1103,3095,1676890.45,18159.55,106,147,151,107,136,2006,0,0,0,729,1924,0
32721,5,-0.08,-0.03,-0.6,-0.35,2,0.1,0.2,0.15,30,71.04,3074,2842,180,2662,1215,0,771,0,676,0,4,228,21,3095,1891,771,3095,2425418.88,22388.72,146,263,282,183,192,1596,0,0,1215,0,1447,0
32722,5,-0.08,-0.03,-0.6,-0.35,2,0.1,0.2,0.15,40,60.63,3077,2845,178,2667,1239,826,180,44,177,201,4,228,18,3095,1617,1050,3095,1560920.67,17645.47,252,402,414,268,292,194,160,685,1239,826,357,245
32723,5,-0.08,-0.03,-0.6,-0.35,2,0.1,0.2,0.15,40,56.88,3071,2839,209,2630,0,871,214,49,515,981,4,228,24,3095,1496,1134,3095,1878810.76,20286.74,106,147,151,107,136,82,124,1777,0,871,729,1030
32724,5,-0.08,-0.03,-0.6,-0.35,2,0.1,0.2,0.15,40,73.28,3074,2842,196,2646,1392,0,554,153,234,313,4,228,21,3095,1939,707,3095,2789799.2,24811.53,146,263,282,183,192,149,124,1307,1392,0,788,466
32725,5,-0.08,-0.03,-0.6,-0.35,2,0.1,0.2,0.15,50,59.81,3077,2845,178,2667,1244,847,0,225,0,351,4,228,18,3095,1595,1072,3095,1508498.18,17292.36,252,402,414,268,292,194,160,685,1244,847,0,576
32726,5,-0.08,-0.03,-0.6,-0.35,2,0.1,0.2,0.15,50,55.48,3071,2839,209,2630,0,896,0,275,0,1459,4,228,24,3095,1459,1171,3095,1789929.15,19609.87,106,147,151,107,136,82,124,1777,0,896,0,1734
32727,5,-0.08,-0.03,-0.6,-0.35,2,0.1,0.2,0.15,50,73.05,3074,2842,196,2646,1398,0,0,713,0,535,4,228,21,3095,1933,713,3095,2689940.52,24205.04,146,263,282,183,192,149,124,1307,1398,0,0,1248
32728,5,-0.08,-0.03,-0.6,-0.35,2,0.1,0.2,0.15,60,59.81,3077,2845,178,2667,1244,847,0,225,0,351,4,228,18,3095,1595,1072,3095,1508498.18,17292.36,252,402,414,268,292,194,160,685,1244,847,0,576
32729,5,-0.08,-0.03,-0.6,-0.35,2,0.1,0.2,0.15,60,55.48,3071,2839,209,2630,0,896,0,275,0,1459,4,228,24,3095,1459,1171,3095,1789929.15,19609.87,106,147,151,107,136,82,124,1777,0,896,0,1734
32730,5,-0.08,-0.03,-0.6,-0.35,2,0.1,0.2,0.15,60,73.05,3074,2842,196,2646,1398,0,0,713,0,535,4,228,21,3095,1933,713,3095,2689940.52,24205.04,146,263,282,183,192,149,124,1307,1398,0,0,1248
32731,5,-0.08,-0.03,-0.6,-0.35,2,0.2,0.1,0.15,20,65.28,3078,2846,75,2771,1597,462,500,0,212,0,4,228,17,3095,1809,962,3095,681214.87,7015.45,930,544,366,931,0,0,0,0,1597,462,712,0
32732,5,-0.08,-0.03,-0.6,-0.35,2,0.2,0.1,0.15,20,57.27,3075,2843,100,2743,0,511,661,0,1571,0,4,228,20,3095,1571,1172,3095,1153995.42,11924.52,106,147,151,2339,0,0,0,0,0,511,2232,0
32733,5,-0.08,-0.03,-0.6,-0.35,2,0.2,0.1,0.15,20,68.5,3075,2843,78,2765,1653,0,871,0,241,0,4,228,20,3095,1894,871,3095,887496.65,9101.04,827,418,256,1264,0,0,0,0,1653,0,1112,0
32734,5,-0.08,-0.03,-0.6,-0.35,2,0.2,0.1,0.15,30,68.95,3078,2846,121,2725,1785,611,235,0,94,0,4,228,17,3095,1879,846,3095,730567.77,7520.61,930,544,366,219,189,477,0,0,1785,611,329,0
32735,5,-0.08,-0.03,-0.6,-0.35,2,0.2,0.1,0.15,30,55.97,3074,2842,189,2653,0,729,439,0,1485,0,4,228,21,3095,1485,1168,3095,1192306.71,12348.07,106,147,151,107,136,2006,0,0,0,729,1924,0
32736,5,-0.08,-0.03,-0.6,-0.35,2,0.2,0.1,0.15,30,75.28,3075,2843,137,2706,1902,0,669,0,135,0,4,228,20,3095,2037,669,3095,1138951.61,11692.29,827,418,256,152,134,919,0,0,1902,0,804,0
32737,5,-0.08,-0.03,-0.6,-0.35,2,0.2,0.1,0.15,40,69.56,3078,2846,129,2717,1842,681,111,35,25,23,4,228,17,3095,1890,827,3095,727737.56,7497.95,930,544,366,219,189,148,70,251,1842,681,136,58
32738,5,-0.08,-0.03,-0.6,-0.35,2,0.2,0.1,0.15,40,54.22,3071,2839,209,2630,0,871,259,74,470,956,4,228,24,3095,1426,1204,3095,1346579.64,13904.9,106,147,151,107,136,82,124,1777,0,871,729,1030
32739,5,-0.08,-0.03,-0.6,-0.35,2,0.2,0.1,0.15,40,77.93,3075,2843,147,2696,2005,0,418,177,35,61,4,228,20,3095,2101,595,3095,1248615.6,12798.49,827,418,256,152,134,115,60,734,2005,0,453,238
32740,5,-0.08,-0.03,-0.6,-0.35,2,0.2,0.1,0.15,50,69.27,3078,2846,129,2717,1842,693,0,142,0,40,4,228,17,3095,1882,835,3095,712907.36,7342.59,930,544,366,219,189,148,70,251,1842,693,0,182
32741,5,-0.08,-0.03,-0.6,-0.35,2,0.2,0.1,0.15,50,53.12,3071,2839,209,2630,0,896,0,337,0,1397,4,228,24,3095,1397,1233,3095,1279298.86,13198.74,106,147,151,107,136,82,124,1777,0,896,0,1734
32742,5,-0.08,-0.03,-0.6,-0.35,2,0.2,0.1,0.15,50,77.82,3075,2843,147,2696,2007,0,0,598,0,91,4,228,20,3095,2098,598,3095,1217946.41,12472.84,827,418,256,152,134,115,60,734,2007,0,0,689
32743,5,-0.08,-0.03,-0.6,-0.35,2,0.2,0.1,0.15,60,69.27,3078,2846,129,2717,1842,693,0,142,0,40,4,228,17,3095,1882,835,3095,712907.36,7342.59,930,544,366,219,189,148,70,251,1842,693,0,182
32744,5,-0.08,-0.03,-0.6,-0.35,2,0.2,0.1,0.15,60,53.12,3071,2839,209,2630,0,896,0,337,0,1397,4,228,24,3095,1397,1233,3095,1279298.86,13198.74,106,147,151,107,136,82,124,1777,0,896,0,1734
32745,5,-0.08,-0.03,-0.6,-0.35,2,0.2,0.1,0.15,60,77.82,3075,2843,147,2696,2007,0,0,598,0,91,4,228,20,3095,2098,598,3095,1217946.41,12472.84,827,418,256,152,134,115,60,734,2007,0,0,689
32746,5,-0.08,-0.03,-0.6,-0.35,2,0.2,0.2,0.15,20,58.41,3077,2845,92,2753,775,506,639,0,833,0,4,228,18,3095,1608,1145,3095,1028864.18,10595.82,248,390,386,1729,0,0,0,0,775,506,1472,0
32747,5,-0.08,-0.03,-0.6,-0.35,2,0.2,0.2,0.15,20,57.27,3075,2843,100,2743,0,511,661,0,1571,0,4,228,20,3095,1571,1172,3095,1153995.42,11924.52,106,147,151,2339,0,0,0,0,0,511,2232,0
32748,5,-0.08,-0.03,-0.6,-0.35,2,0.2,0.2,0.15,20,61.41,3074,2842,95,2747,799,0,1060,0,888,0,4,228,21,3095,1687,1060,3095,1259105.35,12931.68,142,247,244,2114,0,0,0,0,799,0,1948,0
32749,5,-0.08,-0.03,-0.6,-0.35,2,0.2,0.2,0.15,30,58.71,3077,2845,164,2681,1037,711,396,0,537,0,4,228,18,3095,1574,1107,3095,1128348.4,11607.46,248,390,386,257,287,1113,0,0,1037,711,933,0
32750,5,-0.08,-0.03,-0.6,-0.35,2,0.2,0.2,0.15,30,55.97,3074,2842,189,2653,0,729,439,0,1485,0,4,228,21,3095,1485,1168,3095,1192306.71,12348.07,106,147,151,107,136,2006,0,0,0,729,1924,0
32751,5,-0.08,-0.03,-0.6,-0.35,2,0.2,0.2,0.15,30,65.36,3074,2842,180,2662,1096,0,922,0,644,0,4,228,21,3095,1740,922,3095,1609021.81,16515.47,142,247,244,166,178,1685,0,0,1096,0,1566,0
32752,5,-0.08,-0.03,-0.6,-0.35,2,0.2,0.2,0.15,40,57.88,3077,2845,179,2666,1161,830,224,69,158,224,4,228,18,3095,1543,1123,3095,1166451.05,12028.59,248,390,386,257,287,180,170,748,1161,830,382,293
32753,5,-0.08,-0.03,-0.6,-0.35,2,0.2,0.2,0.15,40,54.22,3071,2839,209,2630,0,871,259,74,470,956,4,228,24,3095,1426,1204,3095,1346579.64,13904.9,106,147,151,107,136,82,124,1777,0,871,729,1030
32754,5,-0.08,-0.03,-0.6,-0.35,2,0.2,0.2,0.15,40,66.58,3074,2842,197,2645,1254,0,651,233,181,326,4,228,21,3095,1761,884,3095,1812325.55,18610.15,142,247,244,166,178,119,129,1420,1254,0,832,559
32755,5,-0.08,-0.03,-0.6,-0.35,2,0.2,0.2,0.15,50,57.16,3077,2845,179,2666,1167,852,0,290,0,357,4,228,18,3095,1524,1142,3095,1126387.76,11613.46,248,390,386,257,287,180,170,748,1167,852,0,647
32756,5,-0.08,-0.03,-0.6,-0.35,2,0.2,0.2,0.15,50,53.12,3071,2839,209,2630,0,896,0,337,0,1397,4,228,24,3095,1397,1233,3095,1279298.86,13198.74,106,147,151,107,136,82,124,1777,0,896,0,1734
32757,5,-0.08,-0.03,-0.6,-0.35,2,0.2,0.2,0.15,50,66.05,3074,2842,197,2645,1260,0,0,898,0,487,4,228,21,3095,1747,898,3095,1746536.19,17922.73,142,247,244,166,178,119,129,1420,1260,0,0,1385
32758,5,-0.08,-0.03,-0.6,-0.35,2,0.2,0.2,0.15,60,57.16,3077,2845,179,2666,1167,852,0,290,0,357,4,228,18,3095,1524,1142,3095,1126387.76,11613.46,248,390,386,257,287,180,170,748,1167,852,0,647
32759,5,-0.08,-0.03,-0.6,-0.35,2,0.2,0.2,0.15,60,53.12,3071,2839,209,2630,0,896,0,337,0,1397,4,228,24,3095,1397,1233,3095,1279298.86,13198.74,106,147,151,107,136,82,124,1777,0,896,0,1734
32760,5,-0.08,-0.03,-0.6,-0.35,2,0.2,0.2,0.15,60,66.05,3074,2842,197,2645,1260,0,0,898,0,487,4,228,21,3095,1747,898,3095,1746536.19,17922.73,142,247,244,166,178,119,129,1420,1260,0,0,1385
32761,5,-0.08,-0.03,-0.6,-0.3,1,0.1,0.1,0.15,20,64.22,4036,3795,92,3703,2044,620,705,0,334,0,6,235,28,4064,2378,1325,4064,809788.78,8439.85,1165,720,499,1319,0,0,0,0,2044,620,1039,0
32762,5,-0.08,-0.03,-0.6,-0.3,1,0.1,0.1,0.15,20,56.35,4032,3791,123,3668,0,692,909,0,2067,0,6,235,32,4064,2067,1601,4064,1288086.29,13432.55,143,200,223,3102,0,0,0,0,0,692,2976,0
32763,5,-0.08,-0.03,-0.6,-0.3,1,0.1,0.1,0.15,20,67.18,4032,3791,95,3696,2110,0,1213,0,373,0,6,235,32,4064,2483,1213,4064,1059347.35,10959.93,1025,551,332,1788,0,0,0,0,2110,0,1586,0
32764,5,-0.08,-0.03,-0.6,-0.3,1,0.1,0.1,0.15,30,67.53,4036,3795,148,3647,2305,813,371,0,158,0,6,235,28,4064,2463,1184,4064,878388.78,9173.59,1165,720,499,280,262,721,0,0,2305,813,529,0
32765,5,-0.08,-0.03,-0.6,-0.3,1,0.1,0.1,0.15,30,55.12,4031,3790,234,3556,0,972,624,0,1960,0,6,235,33,4064,1960,1596,4064,1326625.37,13917.37,143,200,223,126,179,2685,0,0,0,972,2584,0
32766,5,-0.08,-0.03,-0.6,-0.3,1,0.1,0.1,0.15,30,73.43,4031,3790,165,3625,2443,0,963,0,219,0,6,235,33,4064,2662,963,4064,1386698.72,14350.61,1025,551,332,202,181,1334,0,0,2443,0,1182,0
32767,5,-0.08,-0.03,-0.6,-0.3,1,0.1,0.1,0.15,40,68.18,4036,3795,156,3639,2394,916,183,59,51,36,6,235,28,4064,2481,1158,4064,867609.31,9060.29,1165,720,499,280,262,192,115,406,2394,916,234,95
32768,5,-0.08,-0.03,-0.6,-0.3,1,0.1,0.1,0.15,40,53.44,4028,3787,256,3531,0,1160,369,115,674,1213,6,235,36,4064,1887,1644,4064,1493562.16,15583.77,143,200,223,126,179,101,171,2388,0,1160,1043,1328
32769,5,-0.08,-0.03,-0.6,-0.3,1,0.1,0.1,0.15,40,76.1,4031,3790,175,3615,2598,0,603,261,66,87,6,235,33,4064,2751,864,4064,1542946.23,15918.57,1025,551,332,202,181,152,98,1074,2598,0,669,348
32770,5,-0.08,-0.03,-0.6,-0.3,1,0.1,0.1,0.15,50,67.96,4036,3795,156,3639,2395,931,0,235,0,78,6,235,28,4064,2473,1166,4064,845078.02,8844.22,1165,720,499,280,262,192,115,406,2395,931,0,313
32771,5,-0.08,-0.03,-0.6,-0.3,1,0.1,0.1,0.15,50,52.31,4028,3787,256,3531,0,1193,0,491,0,1847,6,235,36,4064,1847,1684,4064,1400924.45,14625.72,143,200,223,126,179,101,171,2388,0,1193,0,2338
32772,5,-0.08,-0.03,-0.6,-0.3,1,0.1,0.1,0.15,50,76.02,4031,3790,175,3615,2601,0,0,867,0,147,6,235,33,4064,2748,867,4064,1500850.73,15491.16,1025,551,332,202,181,152,98,1074,2601,0,0,1014
32773,5,-0.08,-0.03,-0.6,-0.3,1,0.1,0.1,0.15,60,67.96,4036,3795,156,3639,2395,931,0,235,0,78,6,235,28,4064,2473,1166,4064,845078.02,8844.22,1165,720,499,280,262,192,115,406,2395,931,0,313
32774,5,-0.08,-0.03,-0.6,-0.3,1,0.1,0.1,0.15,60,52.31,4028,3787,256,3531,0,1193,0,491,0,1847,6,235,36,4064,1847,1684,4064,1400924.45,14625.72,143,200,223,126,179,101,171,2388,0,1193,0,2338
32775,5,-0.08,-0.03,-0.6,-0.3,1,0.1,0.1,0.15,60,76.02,4031,3790,175,3615,2601,0,0,867,0,147,6,235,33,4064,2748,867,4064,1500850.73,15491.16,1025,551,332,202,181,152,98,1074,2601,0,0,1014
32776,5,-0.08,-0.03,-0.6,-0.3,1,0.1,0.2,0.15,20,57.42,4035,3794,114,3680,962,684,883,0,1151,0,6,235,29,4064,2113,1567,4064,1200552.34,12470.7,324,482,519,2355,0,0,0,0,962,684,2034,0
32777,5,-0.08,-0.03,-0.6,-0.3,1,0.1,0.2,0.15,20,56.35,4032,3791,123,3668,0,692,909,0,2067,0,6,235,32,4064,2067,1601,4064,1288086.29,13432.55,143,200,223,3102,0,0,0,0,0,692,2976,0
32778,5,-0.08,-0.03,-0.6,-0.3,1,0.1,0.2,0.15,20,60.14,4031,3790,117,3673,987,0,1464,0,1222,0,6,235,33,4064,2209,1464,4064,1466746.9,15159.84,181,287,308,2897,0,0,0,0,987,0,2686,0
32779,5,-0.08,-0.03,-0.6,-0.3,1,0.1,0.2,0.15,30,57.66,4035,3794,204,3590,1305,948,572,0,765,0,6,235,29,4064,2070,1520,4064,1336232.77,13911.97,324,482,519,321,376,1568,0,0,1305,948,1337,0
32780,5,-0.08,-0.03,-0.6,-0.3,1,0.1,0.2,0.15,30,55.12,4031,3790,234,3556,0,972,624,0,1960,0,6,235,33,4064,1960,1596,4064,1326625.37,13917.37,143,200,223,126,179,2685,0,0,0,972,2584,0
32781,5,-0.08,-0.03,-0.6,-0.3,1,0.1,0.2,0.15,30,63.86,4029,3788,221,3567,1372,0,1289,0,906,0,6,235,35,4064,2278,1289,4064,1915664.37,19814.65,181,287,308,211,232,2348,0,0,1372,0,2195,0
32782,5,-0.08,-0.03,-0.6,-0.3,1,0.1,0.2,0.15,40,56.83,4035,3794,220,3574,1467,1111,326,106,240,324,6,235,29,4064,2031,1543,4064,1376026.01,14347.87,324,482,519,321,376,231,226,1095,1467,1111,566,430
32783,5,-0.08,-0.03,-0.6,-0.3,1,0.1,0.2,0.15,40,53.44,4028,3787,256,3531,0,1160,369,115,674,1213,6,235,36,4064,1887,1644,4064,1493562.16,15583.77,143,200,223,126,179,101,171,2388,0,1160,1043,1328
32784,5,-0.08,-0.03,-0.6,-0.3,1,0.1,0.2,0.15,40,65.17,4029,3788,239,3549,1576,0,901,335,275,462,6,235,35,4064,2313,1236,4064,2196761.82,22715.83,181,287,308,211,232,153,160,2017,1576,0,1176,797
32785,5,-0.08,-0.03,-0.6,-0.3,1,0.1,0.2,0.15,50,56.16,4035,3794,220,3574,1476,1139,0,428,0,531,6,235,29,4064,2007,1567,4064,1323511.45,13822.14,324,482,519,321,376,231,226,1095,1476,1139,0,959
32786,5,-0.08,-0.03,-0.6,-0.3,1,0.1,0.2,0.15,50,52.31,4028,3787,256,3531,0,1193,0,491,0,1847,6,235,36,4064,1847,1684,4064,1400924.45,14625.72,143,200,223,126,179,101,171,2388,0,1193,0,2338
32787,5,-0.08,-0.03,-0.6,-0.3,1,0.1,0.2,0.15,50,64.69,4029,3788,239,3549,1585,0,0,1253,0,711,6,235,35,4064,2296,1253,4064,2116570.41,21893.81,181,287,308,211,232,153,160,2017,1585,0,0,1964
32788,5,-0.08,-0.03,-0.6,-0.3,1,0.1,0.2,0.15,60,56.16,4035,3794,220,3574,1476,1139,0,428,0,531,6,235,29,4064,2007,1567,4064,1323511.45,13822.14,324,482,519,321,376,231,226,1095,1476,1139,0,959
32789,5,-0.08,-0.03,-0.6,-0.3,1,0.1,0.2,0.15,60,52.31,4028,3787,256,3531,0,1193,0,491,0,1847,6,235,36,4064,1847,1684,4064,1400924.45,14625.72,143,200,223,126,179,101,171,2388,0,1193,0,2338
32790,5,-0.08,-0.03,-0.6,-0.3,1,0.1,0.2,0.15,60,64.69,4029,3788,239,3549,1585,0,0,1253,0,711,6,235,35,4064,2296,1253,4064,2116570.41,21893.81,181,287,308,211,232,153,160,2017,1585,0,0,1964
32791,5,-0.08,-0.03,-0.6,-0.3,1,0.2,0.1,0.15,20,64.22,4036,3795,92,3703,2044,620,705,0,334,0,6,235,28,4064,2378,1325,4064,809788.78,8439.85,1165,720,499,1319,0,0,0,0,2044,620,1039,0
32792,5,-0.08,-0.03,-0.6,-0.3,1,0.2,0.1,0.15,20,56.35,4032,3791,123,3668,0,692,909,0,2067,0,6,235,32,4064,2067,1601,4064,1288086.29,13432.55,143,200,223,3102,0,0,0,0,0,692,2976,0
32793,5,-0.08,-0.03,-0.6,-0.3,1,0.2,0.1,0.15,20,67.18,4032,3791,95,3696,2110,0,1213,0,373,0,6,235,32,4064,2483,1213,4064,1059347.35,10959.93,1025,551,332,1788,0,0,0,0,2110,0,1586,0
32794,5,-0.08,-0.03,-0.6,-0.3,1,0.2,0.1,0.15,30,67.53,4036,3795,148,3647,2305,813,371,0,158,0,6,235,28,4064,2463,1184,4064,878388.78,9173.59,1165,720,499,280,262,721,0,0,2305,813,529,0
32795,5,-0.08,-0.03,-0.6,-0.3,1,0.2,0.1,0.15,30,55.12,4031,3790,234,3556,0,972,624,0,1960,0,6,235,33,4064,1960,1596,4064,1326625.37,13917.37,143,200,223,126,179,2685,0,0,0,972,2584,0
32796,5,-0.08,-0.03,-0.6,-0.3,1,0.2,0.1,0.15,30,73.43,4031,3790,165,3625,2443,0,963,0,219,0,6,235,33,4064,2662,963,4064,1386698.72,14350.61,1025,551,332,202,181,1334,0,0,2443,0,1182,0
32797,5,-0.08,-0.03,-0.6,-0.3,1,0.2,0.1,0.15,40,68.18,4036,3795,156,3639,2394,916,183,59,51,36,6,235,28,4064,2481,1158,4064,867609.31,9060.29,1165,720,499,280,262,192,115,406,2394,916,234,95
32798,5,-0.08,-0.03,-0.6,-0.3,1,0.2,0.1,0.15,40,53.44,4028,3787,256,3531,0,1160,369,115,674,1213,6,235,36,4064,1887,1644,4064,1493562.16,15583.77,143,200,223,126,179,101,171,2388,0,1160,1043,1328
32799,5,-0.08,-0.03,-0.6,-0.3,1,0.2,0.1,0.15,40,76.1,4031,3790,175,3615,2598,0,603,261,66,87,6,235,33,4064,2751,864,4064,1542946.23,15918.57,1025,551,332,202,181,152,98,1074,2598,0,669,348
32800,5,-0.08,-0.03,-0.6,-0.3,1,0.2,0.1,0.15,50,67.96,4036,3795,156,3639,2395,931,0,235,0,78,6,235,28,4064,2473,1166,4064,845078.02,8844.22,1165,720,499,280,262,192,115,406,2395,931,0,313
32801,5,-0.08,-0.03,-0.6,-0.3,1,0.2,0.1,0.15,50,52.31,4028,3787,256,3531,0,1193,0,491,0,1847,6,235,36,4064,1847,1684,4064,1400924.45,14625.72,143,200,223,126,179,101,171,2388,0,1193,0,2338
32802,5,-0.08,-0.03,-0.6,-0.3,1,0.2,0.1,0.15,50,76.02,4031,3790,175,3615,2601,0,0,867,0,147,6,235,33,4064,2748,867,4064,1500850.73,15491.16,1025,551,332,202,181,152,98,1074,2601,0,0,1014
32803,5,-0.08,-0.03,-0.6,-0.3,1,0.2,0.1,0.15,60,67.96,4036,3795,156,3639,2395,931,0,235,0,78,6,235,28,4064,2473,1166,4064,845078.02,8844.22,1165,720,499,280,262,192,115,406,2395,931,0,313
32804,5,-0.08,-0.03,-0.6,-0.3,1,0.2,0.1,0.15,60,52.31,4028,3787,256,3531,0,1193,0,491,0,1847,6,235,36,4064,1847,1684,4064,1400924.45,14625.72,143,200,223,126,179,101,171,2388,0,1193,0,2338
32805,5,-0.08,-0.03,-0.6,-0.3,1,0.2,0.1,0.15,60,76.02,4031,3790,175,3615,2601,0,0,867,0,147,6,235,33,4064,2748,867,4064,1500850.73,15491.16,1025,551,332,202,181,152,98,1074,2601,0,0,1014
32806,5,-0.08,-0.03,-0.6,-0.3,1,0.2,0.2,0.15,20,57.42,4035,3794,114,3680,962,684,883,0,1151,0,6,235,29,4064,2113,1567,4064,1200552.34,12470.7,324,482,519,2355,0,0,0,0,962,684,2034,0
32807,5,-0.08,-0.03,-0.6,-0.3,1,0.2,0.2,0.15,20,56.35,4032,3791,123,3668,0,692,909,0,2067,0,6,235,32,4064,2067,1601,4064,1288086.29,13432.55,143,200,223,3102,0,0,0,0,0,692,2976,0
32808,5,-0.08,-0.03,-0.6,-0.3,1,0.2,0.2,0.15,20,60.14,4031,3790,117,3673,987,0,1464,0,1222,0,6,235,33,4064,2209,1464,4064,1466746.9,15159.84,181,287,308,2897,0,0,0,0,987,0,2686,0
32809,5,-0.08,-0.03,-0.6,-0.3,1,0.2,0.2,0.15,30,57.66,4035,3794,204,3590,1305,948,572,0,765,0,6,235,29,4064,2070,1520,4064,1336232.77,13911.97,324,482,519,321,376,1568,0,0,1305,948,1337,0
32810,5,-0.08,-0.03,-0.6,-0.3,1,0.2,0.2,0.15,30,55.12,4031,3790,234,3556,0,972,624,0,1960,0,6,235,33,4064,1960,1596,4064,1326625.37,13917.37,143,200,223,126,179,2685,0,0,0,972,2584,0
32811,5,-0.08,-0.03,-0.6,-0.3,1,0.2,0.2,0.15,30,63.86,4029,3788,221,3567,1372,0,1289,0,906,0,6,235,35,4064,2278,1289,4064,1915664.37,19814.65,181,287,308,211,232,2348,0,0,1372,0,2195,0
32812,5,-0.08,-0.03,-0.6,-0.3,1,0.2,0.2,0.15,40,56.83,4035,3794,220,3574,1467,1111,326,106,240,324,6,235,29,4064,2031,1543,4064,1376026.01,14347.87,324,482,519,321,376,231,226,1095,1467,1111,566,430
32813,5,-0.08,-0.03,-0.6,-0.3,1,0.2,0.2,0.15,40,53.44,4028,3787,256,3531,0,1160,369,115,674,1213,6,235,36,4064,1887,1644,4064,1493562.16,15583.77,143,200,223,126,179,101,171,2388,0,1160,1043,1328
32814,5,-0.08,-0.03,-0.6,-0.3,1,0.2,0.2,0.15,40,65.17,4029,3788,239,3549,1576,0,901,335,275,462,6,235,35,4064,2313,1236,4064,2196761.82,22715.83,181,287,308,211,232,153,160,2017,1576,0,1176,797
32815,5,-0.08,-0.03,-0.6,-0.3,1,0.2,0.2,0.15,50,56.16,4035,3794,220,3574,1476,1139,0,428,0,531,6,235,29,4064,2007,1567,4064,1323511.45,13822.14,324,482,519,321,376,231,226,1095,1476,1139,0,959
32816,5,-0.08,-0.03,-0.6,-0.3,1,0.2,0.2,0.15,50,52.31,4028,3787,256,3531,0,1193,0,491,0,1847,6,235,36,4064,1847,1684,4064,1400924.45,14625.72,143,200,223,126,179,101,171,2388,0,1193,0,2338
32817,5,-0.08,-0.03,-0.6,-0.3,1,0.2,0.2,0.15,50,64.69,4029,3788,239,3549,1585,0,0,1253,0,711,6,235,35,4064,2296,1253,4064,2116570.41,21893.81,181,287,308,211,232,153,160,2017,1585,0,0,1964
32818,5,-0.08,-0.03,-0.6,-0.3,1,0.2,0.2,0.15,60,56.16,4035,3794,220,3574,1476,1139,0,428,0,531,6,235,29,4064,2007,1567,4064,1323511.45,13822.14,324,482,519,321,376,231,226,1095,1476,1139,0,959
32819,5,-0.08,-0.03,-0.6,-0.3,1,0.2,0.2,0.15,60,52.31,4028,3787,256,3531,0,1193,0,491,0,1847,6,235,36,4064,1847,1684,4064,1400924.45,14625.72,143,200,223,126,179,101,171,2388,0,1193,0,2338
32820,5,-0.08,-0.03,-0.6,-0.3,1,0.2,0.2,0.15,60,64.69,4029,3788,239,3549,1585,0,0,1253,0,711,6,235,35,4064,2296,1253,4064,2116570.41,21893.81,181,287,308,211,232,153,160,2017,1585,0,0,1964
32821,5,-0.08,-0.03,-0.6,-0.3,2,0.1,0.1,0.15,20,68.3,4036,3795,92,3703,2181,610,564,0,348,0,6,235,28,4064,2529,1174,4064,1104024.48,13866.03,1203,770,538,1192,0,0,0,0,2181,610,912,0
32822,5,-0.08,-0.03,-0.6,-0.3,2,0.1,0.1,0.15,20,60.58,4032,3791,123,3668,0,692,754,0,2222,0,6,235,32,4064,2222,1446,4064,1728908.72,19936.65,143,200,223,3102,0,0,0,0,0,692,2976,0
32823,5,-0.08,-0.03,-0.6,-0.3,2,0.1,0.1,0.15,20,73.11,4032,3791,95,3696,2294,0,994,0,408,0,6,235,32,4064,2702,994,4064,1535772.77,16864.5,1068,617,389,1622,0,0,0,0,2294,0,1402,0
32824,5,-0.08,-0.03,-0.6,-0.3,2,0.1,0.1,0.15,30,70.83,4036,3795,147,3648,2428,789,275,0,156,0,6,235,28,4064,2584,1064,4064,1158694.79,14891.92,1203,770,538,280,273,584,0,0,2428,789,431,0
32825,5,-0.08,-0.03,-0.6,-0.3,2,0.1,0.1,0.15,30,58.13,4031,3790,234,3556,0,972,517,0,2067,0,6,235,33,4064,2067,1489,4064,1942234.93,21761.82,143,200,223,126,179,2685,0,0,0,972,2584,0
32826,5,-0.08,-0.03,-0.6,-0.3,2,0.1,0.1,0.15,30,79.98,4031,3790,164,3626,2656,0,726,0,244,0,6,235,33,4064,2900,726,4064,2089604.42,20544.13,1068,617,389,220,227,1105,0,0,2656,0,970,0
32827,5,-0.08,-0.03,-0.6,-0.3,2,0.1,0.1,0.15,40,71.35,4036,3795,154,3641,2504,877,133,33,66,28,6,235,28,4064,2598,1043,4064,1123989.18,14990.63,1203,770,538,280,273,153,93,331,2504,877,199,61
32828,5,-0.08,-0.03,-0.6,-0.3,2,0.1,0.1,0.15,40,56.47,4028,3787,256,3531,0,1160,302,75,741,1253,6,235,36,4064,1994,1537,4064,2161523.61,24232.6,143,200,223,126,179,101,171,2388,0,1160,1043,1328
32829,5,-0.08,-0.03,-0.6,-0.3,2,0.1,0.1,0.15,40,82.91,4031,3790,173,3617,2824,0,474,144,91,84,6,235,33,4064,2999,618,4064,2348215.51,22129.03,1068,617,389,220,227,135,106,855,2824,0,565,228
32830,5,-0.08,-0.03,-0.6,-0.3,2,0.1,0.1,0.15,50,70.89,4036,3795,154,3641,2507,891,0,169,0,74,6,235,28,4064,2581,1060,4064,1089114.1,14810.28,1203,770,538,280,273,153,93,331,2507,891,0,243
32831,5,-0.08,-0.03,-0.6,-0.3,2,0.1,0.1,0.15,50,54.97,4028,3787,256,3531,0,1193,0,397,0,1941,6,235,36,4064,1941,1590,4064,2037436.65,23328.17,143,200,223,126,179,101,171,2388,0,1193,0,2338
32832,5,-0.08,-0.03,-0.6,-0.3,2,0.1,0.1,0.15,50,82.75,4031,3790,173,3617,2829,0,0,624,0,164,6,235,33,4064,2993,624,4064,2276129.16,21756.46,1068,617,389,220,227,135,106,855,2829,0,0,788
32833,5,-0.08,-0.03,-0.6,-0.3,2,0.1,0.1,0.15,60,70.89,4036,3795,154,3641,2507,891,0,169,0,74,6,235,28,4064,2581,1060,4064,1089114.1,14810.28,1203,770,538,280,273,153,93,331,2507,891,0,243
32834,5,-0.08,-0.03,-0.6,-0.3,2,0.1,0.1,0.15,60,54.97,4028,3787,256,3531,0,1193,0,397,0,1941,6,235,36,4064,1941,1590,4064,2037436.65,23328.17,143,200,223,126,179,101,171,2388,0,1193,0,2338
32835,5,-0.08,-0.03,-0.6,-0.3,2,0.1,0.1,0.15,60,82.75,4031,3790,173,3617,2829,0,0,624,0,164,6,235,33,4064,2993,624,4064,2276129.16,21756.46,1068,617,389,220,227,135,106,855,2829,0,0,788
32836,5,-0.08,-0.03,-0.6,-0.3,2,0.1,0.2,0.15,20,61.58,4035,3794,114,3680,1031,684,730,0,1235,0,6,235,29,4064,2266,1414,4064,1618930.72,18834.49,328,497,553,2302,0,0,0,0,1031,684,1965,0
32837,5,-0.08,-0.03,-0.6,-0.3,2,0.1,0.2,0.15,20,60.58,4032,3791,123,3668,0,692,754,0,2222,0,6,235,32,4064,2222,1446,4064,1728908.72,19936.65,143,200,223,3102,0,0,0,0,0,692,2976,0
32838,5,-0.08,-0.03,-0.6,-0.3,2,0.1,0.2,0.15,20,66.38,4031,3790,117,3673,1081,0,1235,0,1357,0,6,235,33,4064,2438,1235,4064,2096012.75,22193.67,185,307,354,2827,0,0,0,0,1081,0,2592,0
32839,5,-0.08,-0.03,-0.6,-0.3,2,0.1,0.2,0.15,30,60.51,4035,3794,203,3591,1404,946,472,0,769,0,6,235,29,4064,2173,1418,4064,1858513.37,21178.8,328,497,553,337,388,1488,0,0,1404,946,1241,0
32840,5,-0.08,-0.03,-0.6,-0.3,2,0.1,0.2,0.15,30,58.13,4031,3790,234,3556,0,972,517,0,2067,0,6,235,33,4064,2067,1489,4064,1942234.93,21761.82,143,200,223,126,179,2685,0,0,0,972,2584,0
32841,5,-0.08,-0.03,-0.6,-0.3,2,0.1,0.2,0.15,30,69.82,4029,3788,220,3568,1522,0,1077,0,969,0,6,235,35,4064,2491,1077,4064,2960066.81,27927.93,185,307,354,235,255,2232,0,0,1522,0,2046,0
32842,5,-0.08,-0.03,-0.6,-0.3,2,0.1,0.2,0.15,40,59.82,4035,3794,218,3576,1577,1107,261,69,274,288,6,235,29,4064,2139,1437,4064,1904466.57,22163.74,328,497,553,337,388,247,220,1006,1577,1107,535,357
32843,5,-0.08,-0.03,-0.6,-0.3,2,0.1,0.2,0.15,40,56.47,4028,3787,256,3531,0,1160,302,75,741,1253,6,235,36,4064,1994,1537,4064,2161523.61,24232.6,143,200,223,126,179,101,171,2388,0,1160,1043,1328
32844,5,-0.08,-0.03,-0.6,-0.3,2,0.1,0.2,0.15,40,72.23,4029,3788,237,3551,1760,0,768,218,354,451,6,235,35,4064,2565,986,4064,3483732.22,31403.54,185,307,354,235,255,186,164,1865,1760,0,1122,669
32845,5,-0.08,-0.03,-0.6,-0.3,2,0.1,0.2,0.15,50,58.92,4035,3794,218,3576,1584,1134,0,335,0,523,6,235,29,4064,2107,1469,4064,1831710.37,21722.98,328,497,553,337,388,247,220,1006,1584,1134,0,858
32846,5,-0.08,-0.03,-0.6,-0.3,2,0.1,0.2,0.15,50,54.97,4028,3787,256,3531,0,1193,0,397,0,1941,6,235,36,4064,1941,1590,4064,2037436.65,23328.17,143,200,223,126,179,101,171,2388,0,1193,0,2338
32847,5,-0.08,-0.03,-0.6,-0.3,2,0.1,0.2,0.15,50,71.9,4029,3788,237,3551,1769,0,0,998,0,784,6,235,35,4064,2553,998,4064,3359846.59,30688.21,185,307,354,235,255,186,164,1865,1769,0,0,1782
32848,5,-0.08,-0.03,-0.6,-0.3,2,0.1,0.2,0.15,60,58.92,4035,3794,218,3576,1584,1134,0,335,0,523,6,235,29,4064,2107,1469,4064,1831710.37,21722.98,328,497,553,337,388,247,220,1006,1584,1134,0,858
32849,5,-0.08,-0.03,-0.6,-0.3,2,0.1,0.2,0.15,60,54.97,4028,3787,256,3531,0,1193,0,397,0,1941,6,235,36,4064,1941,1590,4064,2037436.65,23328.17,143,200,223,126,179,101,171,2388,0,1193,0,2338
32850,5,-0.08,-0.03,-0.6,-0.3,2,0.1,0.2,0.15,60,71.9,4029,3788,237,3551,1769,0,0,998,0,784,6,235,35,4064,2553,998,4064,3359846.59,30688.21,185,307,354,235,255,186,164,1865,1769,0,0,1782
32851,5,-0.08,-0.03,-0.6,-0.3,2,0.2,0.1,0.15,20,64.22,4036,3795,92,3703,2044,620,705,0,334,0,6,235,28,4064,2378,1325,4064,809788.78,8439.85,1165,720,499,1319,0,0,0,0,2044,620,1039,0
32852,5,-0.08,-0.03,-0.6,-0.3,2,0.2,0.1,0.15,20,56.35,4032,3791,123,3668,0,692,909,0,2067,0,6,235,32,4064,2067,1601,4064,1288086.29,13432.55,143,200,223,3102,0,0,0,0,0,692,2976,0
32853,5,-0.08,-0.03,-0.6,-0.3,2,0.2,0.1,0.15,20,67.18,4032,3791,95,3696,2110,0,1213,0,373,0,6,235,32,4064,2483,1213,4064,1059347.35,10959.93,1025,551,332,1788,0,0,0,0,2110,0,1586,0
32854,5,-0.08,-0.03,-0.6,-0.3,2,0.2,0.1,0.15,30,67.53,4036,3795,148,3647,2305,813,371,0,158,0,6,235,28,4064,2463,1184,4064,878388.78,9173.59,1165,720,499,280,262,721,0,0,2305,813,529,0
32855,5,-0.08,-0.03,-0.6,-0.3,2,0.2,0.1,0.15,30,55.12,4031,3790,234,3556,0,972,624,0,1960,0,6,235,33,4064,1960,1596,4064,1326625.37,13917.37,143,200,223,126,179,2685,0,0,0,972,2584,0
32856,5,-0.08,-0.03,-0.6,-0.3,2,0.2,0.1,0.15,30,73.43,4031,3790,165,3625,2443,0,963,0,219,0,6,235,33,4064,2662,963,4064,1386698.72,14350.61,1025,551,332,202,181,1334,0,0,2443,0,1182,0
32857,5,-0.08,-0.03,-0.6,-0.3,2,0.2,0.1,0.15,40,68.18,4036,3795,156,3639,2394,916,183,59,51,36,6,235,28,4064,2481,1158,4064,867609.31,9060.29,1165,720,499,280,262,192,115,406,2394,916,234,95
32858,5,-0.08,-0.03,-0.6,-0.3,2,0.2,0.1,0.15,40,53.44,4028,3787,256,3531,0,1160,369,115,674,1213,6,235,36,4064,1887,1644,4064,1493562.16,15583.77,143,200,223,126,179,101,171,2388,0,1160,1043,1328
32859,5,-0.08,-0.03,-0.6,-0.3,2,0.2,0.1,0.15,40,76.1,4031,3790,175,3615,2598,0,603,261,66,87,6,235,33,4064,2751,864,4064,1542946.23,15918.57,1025,551,332,202,181,152,98,1074,2598,0,669,348
32860,5,-0.08,-0.03,-0.6,-0.3,2,0.2,0.1,0.15,50,67.96,4036,3795,156,3639,2395,931,0,235,0,78,6,235,28,4064,2473,1166,4064,845078.02,8844.22,1165,720,499,280,262,192,115,406,2395,931,0,313
32861,5,-0.08,-0.03,-0.6,-0.3,2,0.2,0.1,0.15,50,52.31,4028,3787,256,3531,0,1193,0,491,0,1847,6,235,36,4064,1847,1684,4064,1400924.45,14625.72,143,200,223,126,179,101,171,2388,0,1193,0,2338
32862,5,-0.08,-0.03,-0.6,-0.3,2,0.2,0.1,0.15,50,76.02,4031,3790,175,3615,2601,0,0,867,0,147,6,235,33,4064,2748,867,4064,1500850.73,15491.16,1025,551,332,202,181,152,98,1074,2601,0,0,1014
32863,5,-0.08,-0.03,-0.6,-0.3,2,0.2,0.1,0.15,60,67.96,4036,3795,156,3639,2395,931,0,235,0,78,6,235,28,4064,2473,1166,4064,845078.02,8844.22,1165,720,499,280,262,192,115,406,2395,931,0,313
32864,5,-0.08,-0.03,-0.6,-0.3,2,0.2,0.1,0.15,60,52.31,4028,3787,256,3531,0,1193,0,491,0,1847,6,235,36,4064,1847,1684,4064,1400924.45,14625.72,143,200,223,126,179,101,171,2388,0,1193,0,2338
32865,5,-0.08,-0.03,-0.6,-0.3,2,0.2,0.1,0.15,60,76.02,4031,3790,175,3615,2601,0,0,867,0,147,6,235,33,4064,2748,867,4064,1500850.73,15491.16,1025,551,332,202,181,152,98,1074,2601,0,0,1014
32866,5,-0.08,-0.03,-0.6,-0.3,2,0.2,0.2,0.15,20,57.42,4035,3794,114,3680,962,684,883,0,1151,0,6,235,29,4064,2113,1567,4064,1200552.34,12470.7,324,482,519,2355,0,0,0,0,962,684,2034,0
32867,5,-0.08,-0.03,-0.6,-0.3,2,0.2,0.2,0.15,20,56.35,4032,3791,123,3668,0,692,909,0,2067,0,6,235,32,4064,2067,1601,4064,1288086.29,13432.55,143,200,223,3102,0,0,0,0,0,692,2976,0
32868,5,-0.08,-0.03,-0.6,-0.3,2,0.2,0.2,0.15,20,60.14,4031,3790,117,3673,987,0,1464,0,1222,0,6,235,33,4064,2209,1464,4064,1466746.9,15159.84,181,287,308,2897,0,0,0,0,987,0,2686,0
32869,5,-0.08,-0.03,-0.6,-0.3,2,0.2,0.2,0.15,30,57.66,4035,3794,204,3590,1305,948,572,0,765,0,6,235,29,4064,2070,1520,4064,1336232.77,13911.97,324,482,519,321,376,1568,0,0,1305,948,1337,0
32870,5,-0.08,-0.03,-0.6,-0.3,2,0.2,0.2,0.15,30,55.12,4031,3790,234,3556,0,972,624,0,1960,0,6,235,33,4064,1960,1596,4064,1326625.37,13917.37,143,200,223,126,179,2685,0,0,0,972,2584,0
32871,5,-0.08,-0.03,-0.6,-0.3,2,0.2,0.2,0.15,30,63.86,4029,3788,221,3567,1372,0,1289,0,906,0,6,235,35,4064,2278,1289,4064,1915664.37,19814.65,181,287,308,211,232,2348,0,0,1372,0,2195,0
32872,5,-0.08,-0.03,-0.6,-0.3,2,0.2,0.2,0.15,40,56.83,4035,3794,220,3574,1467,1111,326,106,240,324,6,235,29,4064,2031,1543,4064,1376026.01,14347.87,324,482,519,321,376,231,226,1095,1467,1111,566,430
32873,5,-0.08,-0.03,-0.6,-0.3,2,0.2,0.2,0.15,40,53.44,4028,3787,256,3531,0,1160,369,115,674,1213,6,235,36,4064,1887,1644,4064,1493562.16,15583.77,143,200,223,126,179,101,171,2388,0,1160,1043,1328
32874,5,-0.08,-0.03,-0.6,-0.3,2,0.2,0.2,0.15,40,65.17,4029,3788,239,3549,1576,0,901,335,275,462,6,235,35,4064,2313,1236,4064,2196761.82,22715.83,181,287,308,211,232,153,160,2017,1576,0,1176,797
32875,5,-0.08,-0.03,-0.6,-0.3,2,0.2,0.2,0.15,50,56.16,4035,3794,220,3574,1476,1139,0,428,0,531,6,235,29,4064,2007,1567,4064,1323511.45,13822.14,324,482,519,321,376,231,226,1095,1476,1139,0,959
32876,5,-0.08,-0.03,-0.6,-0.3,2,0.2,0.2,0.15,50,52.31,4028,3787,256,3531,0,1193,0,491,0,1847,6,235,36,4064,1847,1684,4064,1400924.45,14625.72,143,200,223,126,179,101,171,2388,0,1193,0,2338
32877,5,-0.08,-0.03,-0.6,-0.3,2,0.2,0.2,0.15,50,64.69,4029,3788,239,3549,1585,0,0,1253,0,711,6,235,35,4064,2296,1253,4064,2116570.41,21893.81,181,287,308,211,232,153,160,2017,1585,0,0,1964
32878,5,-0.08,-0.03,-0.6,-0.3,2,0.2,0.2,0.15,60,56.16,4035,3794,220,3574,1476,1139,0,428,0,531,6,235,29,4064,2007,1567,4064,1323511.45,13822.14,324,482,519,321,376,231,226,1095,1476,1139,0,959
32879,5,-0.08,-0.03,-0.6,-0.3,2,0.2,0.2,0.15,60,52.31,4028,3787,256,3531,0,1193,0,491,0,1847,6,235,36,4064,1847,1684,4064,1400924.45,14625.72,143,200,223,126,179,101,171,2388,0,1193,0,2338
32880,5,-0.08,-0.03,-0.6,-0.3,2,0.2,0.2,0.15,60,64.69,4029,3788,239,3549,1585,0,0,1253,0,711,6,235,35,4064,2296,1253,4064,2116570.41,21893.81,181,287,308,211,232,153,160,2017,1585,0,0,1964
32881,5,-0.08,-0.03,-0.6,-0.25,1,0.1,0.1,0.15,20,62.48,4938,4677,112,4565,2409,797,916,0,443,0,6,255,37,4975,2852,1713,4975,824486.34,8597.28,1381,860,610,1714,0,0,0,0,2409,797,1359,0
32882,5,-0.08,-0.03,-0.6,-0.25,1,0.1,0.1,0.15,20,54.46,4934,4673,150,4523,0,894,1166,0,2463,0,6,255,41,4975,2463,2060,4975,1213876.8,12672.78,190,239,304,3790,0,0,0,0,0,894,3629,0
32883,5,-0.08,-0.03,-0.6,-0.25,1,0.1,0.1,0.15,20,65.14,4932,4671,115,4556,2480,0,1588,0,488,0,6,255,43,4975,2968,1588,4975,1090663.45,11280.74,1194,656,379,2327,0,0,0,0,2480,0,2076,0
32884,5,-0.08,-0.03,-0.6,-0.25,1,0.1,0.1,0.15,30,65.33,4938,4677,186,4491,2724,1034,523,0,210,0,6,255,37,4975,2934,1557,4975,891666.23,9355.11,1381,860,610,355,326,959,0,0,2724,1034,733,0
32885,5,-0.08,-0.03,-0.6,-0.25,1,0.1,0.1,0.15,30,52.59,4933,4672,289,4383,0,1242,836,0,2305,0,6,255,42,4975,2305,2078,4975,1185943.62,12515.95,190,239,304,161,235,3254,0,0,0,1242,3141,0
32886,5,-0.08,-0.03,-0.6,-0.25,1,0.1,0.1,0.15,30,70.81,4929,4668,204,4464,2884,0,1303,0,277,0,6,255,46,4975,3161,1303,4975,1461702.79,15154.48,1194,656,379,251,218,1766,0,0,2884,0,1580,0
32887,5,-0.08,-0.03,-0.6,-0.25,1,0.1,0.1,0.15,40,66.21,4938,4677,194,4483,2835,1169,256,90,84,49,6,255,37,4975,2968,1515,4975,881138.98,9232.71,1381,860,610,355,326,226,145,580,2835,1169,340,139
32888,5,-0.08,-0.03,-0.6,-0.25,1,0.1,0.1,0.15,40,51.18,4930,4669,314,4355,0,1471,494,161,829,1400,6,255,45,4975,2229,2126,4975,1334522.87,13972.64,190,239,304,161,235,113,209,2904,0,1471,1323,1561
32889,5,-0.08,-0.03,-0.6,-0.25,1,0.1,0.1,0.15,40,73.75,4929,4668,214,4454,3073,0,812,357,102,110,6,255,46,4975,3285,1169,4975,1658004.85,17121.44,1194,656,379,251,218,186,116,1454,3073,0,914,467
32890,5,-0.08,-0.03,-0.6,-0.25,1,0.1,0.1,0.15,50,66.0,4938,4677,194,4483,2837,1190,0,334,0,122,6,255,37,4975,2959,1524,4975,853829.88,8967.94,1381,860,610,355,326,226,145,580,2837,1190,0,456
32891,5,-0.08,-0.03,-0.6,-0.25,1,0.1,0.1,0.15,50,50.17,4930,4669,314,4355,0,1514,0,656,0,2185,6,255,45,4975,2185,2170,4975,1226775.48,12858.4,190,239,304,161,235,113,209,2904,0,1514,0,2841
32892,5,-0.08,-0.03,-0.6,-0.25,1,0.1,0.1,0.15,50,73.66,4929,4668,214,4454,3077,0,0,1173,0,204,6,255,46,4975,3281,1173,4975,1609899.14,16633.47,1194,656,379,251,218,186,116,1454,3077,0,0,1377
32893,5,-0.08,-0.03,-0.6,-0.25,1,0.1,0.1,0.15,60,66.0,4938,4677,194,4483,2837,1190,0,334,0,122,6,255,37,4975,2959,1524,4975,853829.88,8967.94,1381,860,610,355,326,226,145,580,2837,1190,0,456
32894,5,-0.08,-0.03,-0.6,-0.25,1,0.1,0.1,0.15,60,50.17,4930,4669,314,4355,0,1514,0,656,0,2185,6,255,45,4975,2185,2170,4975,1226775.48,12858.4,190,239,304,161,235,113,209,2904,0,1514,0,2841
32895,5,-0.08,-0.03,-0.6,-0.25,1,0.1,0.1,0.15,60,73.66,4929,4668,214,4454,3077,0,0,1173,0,204,6,255,46,4975,3281,1173,4975,1609899.14,16633.47,1194,656,379,251,218,186,116,1454,3077,0,0,1377
32896,5,-0.08,-0.03,-0.6,-0.25,1,0.1,0.2,0.15,20,55.51,4937,4676,138,4538,1079,884,1135,0,1440,0,6,255,38,4975,2519,2019,4975,1188604.48,12352.63,393,558,631,2956,0,0,0,0,1079,884,2575,0
32897,5,-0.08,-0.03,-0.6,-0.25,1,0.1,0.2,0.15,20,54.46,4934,4673,150,4523,0,894,1166,0,2463,0,6,255,41,4975,2463,2060,4975,1213876.8,12672.78,190,239,304,3790,0,0,0,0,0,894,3629,0
32898,5,-0.08,-0.03,-0.6,-0.25,1,0.1,0.2,0.15,20,57.94,4931,4670,141,4529,1105,0,1905,0,1519,0,6,255,44,4975,2624,1905,4975,1453283.87,15000.54,203,324,341,3661,0,0,0,0,1105,0,3424,0
32899,5,-0.08,-0.03,-0.6,-0.25,1,0.1,0.2,0.15,30,55.1,4937,4676,253,4423,1471,1211,775,0,966,0,6,255,38,4975,2437,1986,4975,1298814.76,13565.78,393,558,631,381,456,2004,0,0,1471,1211,1741,0
32900,5,-0.08,-0.03,-0.6,-0.25,1,0.1,0.2,0.15,30,52.59,4933,4672,289,4383,0,1242,836,0,2305,0,6,255,42,4975,2305,2078,4975,1185943.62,12515.95,190,239,304,161,235,3254,0,0,0,1242,3141,0
32901,5,-0.08,-0.03,-0.6,-0.25,1,0.1,0.2,0.15,30,60.86,4926,4665,271,4394,1542,0,1720,0,1132,0,6,255,49,4975,2674,1720,4975,1928562.02,19959.27,203,324,341,237,262,3027,0,0,1542,0,2852,0
32902,5,-0.08,-0.03,-0.6,-0.25,1,0.1,0.2,0.15,40,54.6,4937,4676,271,4405,1664,1412,437,151,334,407,6,255,38,4975,2405,2000,4975,1345946.18,14063.01,393,558,631,381,456,263,276,1447,1664,1412,771,558
32903,5,-0.08,-0.03,-0.6,-0.25,1,0.1,0.2,0.15,40,51.18,4930,4669,314,4355,0,1471,494,161,829,1400,6,255,45,4975,2229,2126,4975,1334522.87,13972.64,190,239,304,161,235,113,209,2904,0,1471,1323,1561
32904,5,-0.08,-0.03,-0.6,-0.25,1,0.1,0.2,0.15,40,62.6,4926,4665,291,4374,1787,0,1185,451,378,573,6,255,49,4975,2738,1636,4975,2269964.19,23467.04,203,324,341,237,262,175,194,2638,1787,0,1563,1024
32905,5,-0.08,-0.03,-0.6,-0.25,1,0.1,0.2,0.15,50,54.01,4937,4676,271,4405,1673,1448,0,578,0,706,6,255,38,4975,2379,2026,4975,1282940.47,13429.11,393,558,631,381,456,263,276,1447,1673,1448,0,1284
32906,5,-0.08,-0.03,-0.6,-0.25,1,0.1,0.2,0.15,50,50.17,4930,4669,314,4355,0,1514,0,656,0,2185,6,255,45,4975,2185,2170,4975,1226775.48,12858.4,190,239,304,161,235,113,209,2904,0,1514,0,2841
32907,5,-0.08,-0.03,-0.6,-0.25,1,0.1,0.2,0.15,50,62.16,4926,4665,291,4374,1797,0,0,1655,0,922,6,255,49,4975,2719,1655,4975,2181666.96,22563.77,203,324,341,237,262,175,194,2638,1797,0,0,2577
32908,5,-0.08,-0.03,-0.6,-0.25,1,0.1,0.2,0.15,60,54.01,4937,4676,271,4405,1673,1448,0,578,0,706,6,255,38,4975,2379,2026,4975,1282940.47,13429.11,393,558,631,381,456,263,276,1447,1673,1448,0,1284
32909,5,-0.08,-0.03,-0.6,-0.25,1,0.1,0.2,0.15,60,50.17,4930,4669,314,4355,0,1514,0,656,0,2185,6,255,45,4975,2185,2170,4975,1226775.48,12858.4,190,239,304,161,235,113,209,2904,0,1514,0,2841
32910,5,-0.08,-0.03,-0.6,-0.25,1,0.1,0.2,0.15,60,62.16,4926,4665,291,4374,1797,0,0,1655,0,922,6,255,49,4975,2719,1655,4975,2181666.96,22563.77,203,324,341,237,262,175,194,2638,1797,0,0,2577
32911,5,-0.08,-0.03,-0.6,-0.25,1,0.2,0.1,0.15,20,62.48,4938,4677,112,4565,2409,797,916,0,443,0,6,255,37,4975,2852,1713,4975,824486.34,8597.28,1381,860,610,1714,0,0,0,0,2409,797,1359,0
32912,5,-0.08,-0.03,-0.6,-0.25,1,0.2,0.1,0.15,20,54.46,4934,4673,150,4523,0,894,1166,0,2463,0,6,255,41,4975,2463,2060,4975,1213876.8,12672.78,190,239,304,3790,0,0,0,0,0,894,3629,0
32913,5,-0.08,-0.03,-0.6,-0.25,1,0.2,0.1,0.15,20,65.14,4932,4671,115,4556,2480,0,1588,0,488,0,6,255,43,4975,2968,1588,4975,1090663.45,11280.74,1194,656,379,2327,0,0,0,0,2480,0,2076,0
32914,5,-0.08,-0.03,-0.6,-0.25,1,0.2,0.1,0.15,30,65.33,4938,4677,186,4491,2724,1034,523,0,210,0,6,255,37,4975,2934,1557,4975,891666.23,9355.11,1381,860,610,355,326,959,0,0,2724,1034,733,0
32915,5,-0.08,-0.03,-0.6,-0.25,1,0.2,0.1,0.15,30,52.59,4933,4672,289,4383,0,1242,836,0,2305,0,6,255,42,4975,2305,2078,4975,1185943.62,12515.95,190,239,304,161,235,3254,0,0,0,1242,3141,0
32916,5,-0.08,-0.03,-0.6,-0.25,1,0.2,0.1,0.15,30,70.81,4929,4668,204,4464,2884,0,1303,0,277,0,6,255,46,4975,3161,1303,4975,1461702.79,15154.48,1194,656,379,251,218,1766,0,0,2884,0,1580,0
32917,5,-0.08,-0.03,-0.6,-0.25,1,0.2,0.1,0.15,40,66.21,4938,4677,194,4483,2835,1169,256,90,84,49,6,255,37,4975,2968,1515,4975,881138.98,9232.71,1381,860,610,355,326,226,145,580,2835,1169,340,139
32918,5,-0.08,-0.03,-0.6,-0.25,1,0.2,0.1,0.15,40,51.18,4930,4669,314,4355,0,1471,494,161,829,1400,6,255,45,4975,2229,2126,4975,1334522.87,13972.64,190,239,304,161,235,113,209,2904,0,1471,1323,1561
32919,5,-0.08,-0.03,-0.6,-0.25,1,0.2,0.1,0.15,40,73.75,4929,4668,214,4454,3073,0,812,357,102,110,6,255,46,4975,3285,1169,4975,1658004.85,17121.44,1194,656,379,251,218,186,116,1454,3073,0,914,467
32920,5,-0.08,-0.03,-0.6,-0.25,1,0.2,0.1,0.15,50,66.0,4938,4677,194,4483,2837,1190,0,334,0,122,6,255,37,4975,2959,1524,4975,853829.88,8967.94,1381,860,610,355,326,226,145,580,2837,1190,0,456
32921,5,-0.08,-0.03,-0.6,-0.25,1,0.2,0.1,0.15,50,50.17,4930,4669,314,4355,0,1514,0,656,0,2185,6,255,45,4975,2185,2170,4975,1226775.48,12858.4,190,239,304,161,235,113,209,2904,0,1514,0,2841
32922,5,-0.08,-0.03,-0.6,-0.25,1,0.2,0.1,0.15,50,73.66,4929,4668,214,4454,3077,0,0,1173,0,204,6,255,46,4975,3281,1173,4975,1609899.14,16633.47,1194,656,379,251,218,186,116,1454,3077,0,0,1377
32923,5,-0.08,-0.03,-0.6,-0.25,1,0.2,0.1,0.15,60,66.0,4938,4677,194,4483,2837,1190,0,334,0,122,6,255,37,4975,2959,1524,4975,853829.88,8967.94,1381,860,610,355,326,226,145,580,2837,1190,0,456
32924,5,-0.08,-0.03,-0.6,-0.25,1,0.2,0.1,0.15,60,50.17,4930,4669,314,4355,0,1514,0,656,0,2185,6,255,45,4975,2185,2170,4975,1226775.48,12858.4,190,239,304,161,235,113,209,2904,0,1514,0,2841
32925,5,-0.08,-0.03,-0.6,-0.25,1,0.2,0.1,0.15,60,73.66,4929,4668,214,4454,3077,0,0,1173,0,204,6,255,46,4975,3281,1173,4975,1609899.14,16633.47,1194,656,379,251,218,186,116,1454,3077,0,0,1377
32926,5,-0.08,-0.03,-0.6,-0.25,1,0.2,0.2,0.15,20,55.51,4937,4676,138,4538,1079,884,1135,0,1440,0,6,255,38,4975,2519,2019,4975,1188604.48,12352.63,393,558,631,2956,0,0,0,0,1079,884,2575,0
32927,5,-0.08,-0.03,-0.6,-0.25,1,0.2,0.2,0.15,20,54.46,4934,4673,150,4523,0,894,1166,0,2463,0,6,255,41,4975,2463,2060,4975,1213876.8,12672.78,190,239,304,3790,0,0,0,0,0,894,3629,0
32928,5,-0.08,-0.03,-0.6,-0.25,1,0.2,0.2,0.15,20,57.94,4931,4670,141,4529,1105,0,1905,0,1519,0,6,255,44,4975,2624,1905,4975,1453283.87,15000.54,203,324,341,3661,0,0,0,0,1105,0,3424,0
32929,5,-0.08,-0.03,-0.6,-0.25,1,0.2,0.2,0.15,30,55.1,4937,4676,253,4423,1471,1211,775,0,966,0,6,255,38,4975,2437,1986,4975,1298814.76,13565.78,393,558,631,381,456,2004,0,0,1471,1211,1741,0
32930,5,-0.08,-0.03,-0.6,-0.25,1,0.2,0.2,0.15,30,52.59,4933,4672,289,4383,0,1242,836,0,2305,0,6,255,42,4975,2305,2078,4975,1185943.62,12515.95,190,239,304,161,235,3254,0,0,0,1242,3141,0
32931,5,-0.08,-0.03,-0.6,-0.25,1,0.2,0.2,0.15,30,60.86,4926,4665,271,4394,1542,0,1720,0,1132,0,6,255,49,4975,2674,1720,4975,1928562.02,19959.27,203,324,341,237,262,3027,0,0,1542,0,2852,0
32932,5,-0.08,-0.03,-0.6,-0.25,1,0.2,0.2,0.15,40,54.6,4937,4676,271,4405,1664,1412,437,151,334,407,6,255,38,4975,2405,2000,4975,1345946.18,14063.01,393,558,631,381,456,263,276,1447,1664,1412,771,558
32933,5,-0.08,-0.03,-0.6,-0.25,1,0.2,0.2,0.15,40,51.18,4930,4669,314,4355,0,1471,494,161,829,1400,6,255,45,4975,2229,2126,4975,1334522.87,13972.64,190,239,304,161,235,113,209,2904,0,1471,1323,1561
32934,5,-0.08,-0.03,-0.6,-0.25,1,0.2,0.2,0.15,40,62.6,4926,4665,291,4374,1787,0,1185,451,378,573,6,255,49,4975,2738,1636,4975,2269964.19,23467.04,203,324,341,237,262,175,194,2638,1787,0,1563,1024
32935,5,-0.08,-0.03,-0.6,-0.25,1,0.2,0.2,0.15,50,54.01,4937,4676,271,4405,1673,1448,0,578,0,706,6,255,38,4975,2379,2026,4975,1282940.47,13429.11,393,558,631,381,456,263,276,1447,1673,1448,0,1284
32936,5,-0.08,-0.03,-0.6,-0.25,1,0.2,0.2,0.15,50,50.17,4930,4669,314,4355,0,1514,0,656,0,2185,6,255,45,4975,2185,2170,4975,1226775.48,12858.4,190,239,304,161,235,113,209,2904,0,1514,0,2841
32937,5,-0.08,-0.03,-0.6,-0.25,1,0.2,0.2,0.15,50,62.16,4926,4665,291,4374,1797,0,0,1655,0,922,6,255,49,4975,2719,1655,4975,2181666.96,22563.77,203,324,341,237,262,175,194,2638,1797,0,0,2577
32938,5,-0.08,-0.03,-0.6,-0.25,1,0.2,0.2,0.15,60,54.01,4937,4676,271,4405,1673,1448,0,578,0,706,6,255,38,4975,2379,2026,4975,1282940.47,13429.11,393,558,631,381,456,263,276,1447,1673,1448,0,1284
32939,5,-0.08,-0.03,-0.6,-0.25,1,0.2,0.2,0.15,60,50.17,4930,4669,314,4355,0,1514,0,656,0,2185,6,255,45,4975,2185,2170,4975,1226775.48,12858.4,190,239,304,161,235,113,209,2904,0,1514,0,2841
32940,5,-0.08,-0.03,-0.6,-0.25,1,0.2,0.2,0.15,60,62.16,4926,4665,291,4374,1797,0,0,1655,0,922,6,255,49,4975,2719,1655,4975,2181666.96,22563.77,203,324,341,237,262,175,194,2638,1797,0,0,2577
32941,5,-0.08,-0.03,-0.6,-0.25,2,0.1,0.1,0.15,20,66.53,4938,4677,112,4565,2579,781,747,0,458,0,6,255,37,4975,3037,1528,4975,1157016.93,15620.32,1425,919,656,1565,0,0,0,0,2579,781,1205,0
32942,5,-0.08,-0.03,-0.6,-0.25,2,0.1,0.1,0.15,20,58.61,4934,4673,150,4523,0,894,978,0,2651,0,6,255,41,4975,2651,1872,4975,1676298.1,20842.84,190,239,304,3790,0,0,0,0,0,894,3629,0
32943,5,-0.08,-0.03,-0.6,-0.25,2,0.1,0.1,0.15,20,71.03,4932,4671,115,4556,2707,0,1320,0,529,0,6,255,43,4975,3236,1320,4975,1627104.88,18952.6,1244,732,453,2127,0,0,0,0,2707,0,1849,0
32944,5,-0.08,-0.03,-0.6,-0.25,2,0.1,0.1,0.15,30,69.06,4938,4677,184,4493,2879,999,391,0,224,0,6,255,37,4975,3103,1390,4975,1216875.77,16862.22,1425,919,656,360,333,800,0,0,2879,999,615,0
32945,5,-0.08,-0.03,-0.6,-0.25,2,0.1,0.1,0.15,30,55.9,4933,4672,289,4383,0,1242,691,0,2450,0,6,255,42,4975,2450,1933,4975,1828698.27,22352.69,190,239,304,161,235,3254,0,0,0,1242,3141,0
32946,5,-0.08,-0.03,-0.6,-0.25,2,0.1,0.1,0.15,30,77.68,4929,4668,202,4466,3144,0,997,0,325,0,6,255,46,4975,3469,997,4975,2267797.02,23284.81,1244,732,453,278,266,1493,0,0,3144,0,1322,0
32947,5,-0.08,-0.03,-0.6,-0.25,2,0.1,0.1,0.15,40,69.71,4938,4677,191,4486,2982,1117,195,47,102,43,6,255,37,4975,3127,1359,4975,1182291.06,17077.03,1425,919,656,360,333,185,124,484,2982,1117,297,90
32948,5,-0.08,-0.03,-0.6,-0.25,2,0.1,0.1,0.15,40,54.35,4930,4669,314,4355,0,1471,411,106,912,1455,6,255,45,4975,2367,1988,4975,2039436.14,24819.11,190,239,304,161,235,113,209,2904,0,1471,1323,1561
32949,5,-0.08,-0.03,-0.6,-0.25,2,0.1,0.1,0.15,40,80.91,4929,4668,211,4457,3356,0,646,205,136,114,6,255,46,4975,3606,851,4975,2599084.24,25359.25,1244,732,453,278,266,171,130,1183,3356,0,782,319
32950,5,-0.08,-0.03,-0.6,-0.25,2,0.1,0.1,0.15,50,69.35,4938,4677,191,4486,2988,1136,0,239,0,123,6,255,37,4975,3111,1375,4975,1141988.59,16872.59,1425,919,656,360,333,185,124,484,2988,1136,0,362
32951,5,-0.08,-0.03,-0.6,-0.25,2,0.1,0.1,0.15,50,53.07,4930,4669,314,4355,0,1514,0,530,0,2311,6,255,45,4975,2311,2044,4975,1893524.77,23765.01,190,239,304,161,235,113,209,2904,0,1514,0,2841
32952,5,-0.08,-0.03,-0.6,-0.25,2,0.1,0.1,0.15,50,80.82,4929,4668,211,4457,3364,0,0,855,0,238,6,255,46,4975,3602,855,4975,2518068.22,24945.35,1244,732,453,278,266,171,130,1183,3364,0,0,1093
32953,5,-0.08,-0.03,-0.6,-0.25,2,0.1,0.1,0.15,60,69.35,4938,4677,191,4486,2988,1136,0,239,0,123,6,255,37,4975,3111,1375,4975,1141988.59,16872.59,1425,919,656,360,333,185,124,484,2988,1136,0,362
32954,5,-0.08,-0.03,-0.6,-0.25,2,0.1,0.1,0.15,60,53.07,4930,4669,314,4355,0,1514,0,530,0,2311,6,255,45,4975,2311,2044,4975,1893524.77,23765.01,190,239,304,161,235,113,209,2904,0,1514,0,2841
32955,5,-0.08,-0.03,-0.6,-0.25,2,0.1,0.1,0.15,60,80.82,4929,4668,211,4457,3364,0,0,855,0,238,6,255,46,4975,3602,855,4975,2518068.22,24945.35,1244,732,453,278,266,171,130,1183,3364,0,0,1093
32956,5,-0.08,-0.03,-0.6,-0.25,2,0.1,0.2,0.15,20,59.59,4937,4676,138,4538,1155,884,950,0,1549,0,6,255,38,4975,2704,1834,4975,1626096.86,20347.9,398,574,665,2901,0,0,0,0,1155,884,2499,0
32957,5,-0.08,-0.03,-0.6,-0.25,2,0.1,0.2,0.15,20,58.61,4934,4673,150,4523,0,894,978,0,2651,0,6,255,41,4975,2651,1872,4975,1676298.1,20842.84,190,239,304,3790,0,0,0,0,0,894,3629,0
32958,5,-0.08,-0.03,-0.6,-0.25,2,0.1,0.2,0.15,20,64.1,4931,4670,141,4529,1207,0,1626,0,1696,0,6,255,44,4975,2903,1626,4975,2089942.81,23774.71,208,346,386,3589,0,0,0,0,1207,0,3322,0
32959,5,-0.08,-0.03,-0.6,-0.25,2,0.1,0.2,0.15,30,58.27,4937,4676,252,4424,1587,1209,637,0,991,0,6,255,38,4975,2578,1846,4975,1849942.32,22763.81,398,574,665,402,476,1909,0,0,1587,1209,1628,0
32960,5,-0.08,-0.03,-0.6,-0.25,2,0.1,0.2,0.15,30,55.9,4933,4672,289,4383,0,1242,691,0,2450,0,6,255,42,4975,2450,1933,4975,1828698.27,22352.69,190,239,304,161,235,3254,0,0,0,1242,3141,0
32961,5,-0.08,-0.03,-0.6,-0.25,2,0.1,0.2,0.15,30,67.17,4926,4665,270,4395,1720,0,1443,0,1232,0,6,255,49,4975,2952,1443,4975,3034706.72,30166.37,208,346,386,267,295,2893,0,0,1720,0,2675,0
32962,5,-0.08,-0.03,-0.6,-0.25,2,0.1,0.2,0.15,40,57.73,4937,4676,269,4407,1795,1406,358,99,374,375,6,255,38,4975,2544,1863,4975,1914500.43,23980.62,398,574,665,402,476,281,271,1340,1795,1406,732,474
32963,5,-0.08,-0.03,-0.6,-0.25,2,0.1,0.2,0.15,40,54.35,4930,4669,314,4355,0,1471,411,106,912,1455,6,255,45,4975,2367,1988,4975,2039436.14,24819.11,190,239,304,161,235,113,209,2904,0,1471,1323,1561
32964,5,-0.08,-0.03,-0.6,-0.25,2,0.1,0.2,0.15,40,69.74,4926,4665,289,4376,2008,0,1024,300,472,572,6,255,49,4975,3052,1324,4975,3685830.34,34434.17,208,346,386,267,295,218,204,2452,2008,0,1496,872
32965,5,-0.08,-0.03,-0.6,-0.25,2,0.1,0.2,0.15,50,57.0,4937,4676,269,4407,1803,1441,0,454,0,709,6,255,38,4975,2512,1895,4975,1827026.91,23442.37,398,574,665,402,476,281,271,1340,1803,1441,0,1163
32966,5,-0.08,-0.03,-0.6,-0.25,2,0.1,0.2,0.15,50,53.07,4930,4669,314,4355,0,1514,0,530,0,2311,6,255,45,4975,2311,2044,4975,1893524.77,23765.01,190,239,304,161,235,113,209,2904,0,1514,0,2841
32967,5,-0.08,-0.03,-0.6,-0.25,2,0.1,0.2,0.15,50,69.49,4926,4665,289,4376,2018,0,0,1335,0,1023,6,255,49,4975,3041,1335,4975,3551220.53,33642.71,208,346,386,267,295,218,204,2452,2018,0,0,2358
32968,5,-0.08,-0.03,-0.6,-0.25,2,0.1,0.2,0.15,60,57.0,4937,4676,269,4407,1803,1441,0,454,0,709,6,255,38,4975,2512,1895,4975,1827026.91,23442.37,398,574,665,402,476,281,271,1340,1803,1441,0,1163
32969,5,-0.08,-0.03,-0.6,-0.25,2,0.1,0.2,0.15,60,53.07,4930,4669,314,4355,0,1514,0,530,0,2311,6,255,45,4975,2311,2044,4975,1893524.77,23765.01,190,239,304,161,235,113,209,2904,0,1514,0,2841
32970,5,-0.08,-0.03,-0.6,-0.25,2,0.1,0.2,0.15,60,69.49,4926,4665,289,4376,2018,0,0,1335,0,1023,6,255,49,4975,3041,1335,4975,3551220.53,33642.71,208,346,386,267,295,218,204,2452,2018,0,0,2358
32971,5,-0.08,-0.03,-0.6,-0.25,2,0.2,0.1,0.15,20,62.48,4938,4677,112,4565,2409,797,916,0,443,0,6,255,37,4975,2852,1713,4975,824486.34,8597.28,1381,860,610,1714,0,0,0,0,2409,797,1359,0
32972,5,-0.08,-0.03,-0.6,-0.25,2,0.2,0.1,0.15,20,54.46,4934,4673,150,4523,0,894,1166,0,2463,0,6,255,41,4975,2463,2060,4975,1213876.8,12672.78,190,239,304,3790,0,0,0,0,0,894,3629,0
32973,5,-0.08,-0.03,-0.6,-0.25,2,0.2,0.1,0.15,20,65.14,4932,4671,115,4556,2480,0,1588,0,488,0,6,255,43,4975,2968,1588,4975,1090663.45,11280.74,1194,656,379,2327,0,0,0,0,2480,0,2076,0
32974,5,-0.08,-0.03,-0.6,-0.25,2,0.2,0.1,0.15,30,65.33,4938,4677,186,4491,2724,1034,523,0,210,0,6,255,37,4975,2934,1557,4975,891666.23,9355.11,1381,860,610,355,326,959,0,0,2724,1034,733,0
32975,5,-0.08,-0.03,-0.6,-0.25,2,0.2,0.1,0.15,30,52.59,4933,4672,289,4383,0,1242,836,0,2305,0,6,255,42,4975,2305,2078,4975,1185943.62,12515.95,190,239,304,161,235,3254,0,0,0,1242,3141,0
32976,5,-0.08,-0.03,-0.6,-0.25,2,0.2,0.1,0.15,30,70.81,4929,4668,204,4464,2884,0,1303,0,277,0,6,255,46,4975,3161,1303,4975,1461702.79,15154.48,1194,656,379,251,218,1766,0,0,2884,0,1580,0
32977,5,-0.08,-0.03,-0.6,-0.25,2,0.2,0.1,0.15,40,66.21,4938,4677,194,4483,2835,1169,256,90,84,49,6,255,37,4975,2968,1515,4975,881138.98,9232.71,1381,860,610,355,326,226,145,580,2835,1169,340,139
32978,5,-0.08,-0.03,-0.6,-0.25,2,0.2,0.1,0.15,40,51.18,4930,4669,314,4355,0,1471,494,161,829,1400,6,255,45,4975,2229,2126,4975,1334522.87,13972.64,190,239,304,161,235,113,209,2904,0,1471,1323,1561
32979,5,-0.08,-0.03,-0.6,-0.25,2,0.2,0.1,0.15,40,73.75,4929,4668,214,4454,3073,0,812,357,102,110,6,255,46,4975,3285,1169,4975,1658004.85,17121.44,1194,656,379,251,218,186,116,1454,3073,0,914,467
32980,5,-0.08,-0.03,-0.6,-0.25,2,0.2,0.1,0.15,50,66.0,4938,4677,194,4483,2837,1190,0,334,0,122,6,255,37,4975,2959,1524,4975,853829.88,8967.94,1381,860,610,355,326,226,145,580,2837,1190,0,456
32981,5,-0.08,-0.03,-0.6,-0.25,2,0.2,0.1,0.15,50,50.17,4930,4669,314,4355,0,1514,0,656,0,2185,6,255,45,4975,2185,2170,4975,1226775.48,12858.4,190,239,304,161,235,113,209,2904,0,1514,0,2841
32982,5,-0.08,-0.03,-0.6,-0.25,2,0.2,0.1,0.15,50,73.66,4929,4668,214,4454,3077,0,0,1173,0,204,6,255,46,4975,3281,1173,4975,1609899.14,16633.47,1194,656,379,251,218,186,116,1454,3077,0,0,1377
32983,5,-0.08,-0.03,-0.6,-0.25,2,0.2,0.1,0.15,60,66.0,4938,4677,194,4483,2837,1190,0,334,0,122,6,255,37,4975,2959,1524,4975,853829.88,8967.94,1381,860,610,355,326,226,145,580,2837,1190,0,456
32984,5,-0.08,-0.03,-0.6,-0.25,2,0.2,0.1,0.15,60,50.17,4930,4669,314,4355,0,1514,0,656,0,2185,6,255,45,4975,2185,2170,4975,1226775.48,12858.4,190,239,304,161,235,113,209,2904,0,1514,0,2841
32985,5,-0.08,-0.03,-0.6,-0.25,2,0.2,0.1,0.15,60,73.66,4929,4668,214,4454,3077,0,0,1173,0,204,6,255,46,4975,3281,1173,4975,1609899.14,16633.47,1194,656,379,251,218,186,116,1454,3077,0,0,1377
32986,5,-0.08,-0.03,-0.6,-0.25,2,0.2,0.2,0.15,20,55.51,4937,4676,138,4538,1079,884,1135,0,1440,0,6,255,38,4975,2519,2019,4975,1188604.48,12352.63,393,558,631,2956,0,0,0,0,1079,884,2575,0
32987,5,-0.08,-0.03,-0.6,-0.25,2,0.2,0.2,0.15,20,54.46,4934,4673,150,4523,0,894,1166,0,2463,0,6,255,41,4975,2463,2060,4975,1213876.8,12672.78,190,239,304,3790,0,0,0,0,0,894,3629,0
32988,5,-0.08,-0.03,-0.6,-0.25,2,0.2,0.2,0.15,20,57.94,4931,4670,141,4529,1105,0,1905,0,1519,0,6,255,44,4975,2624,1905,4975,1453283.87,15000.54,203,324,341,3661,0,0,0,0,1105,0,3424,0
32989,5,-0.08,-0.03,-0.6,-0.25,2,0.2,0.2,0.15,30,55.1,4937,4676,253,4423,1471,1211,775,0,966,0,6,255,38,4975,2437,1986,4975,1298814.76,13565.78,393,558,631,381,456,2004,0,0,1471,1211,1741,0
32990,5,-0.08,-0.03,-0.6,-0.25,2,0.2,0.2,0.15,30,52.59,4933,4672,289,4383,0,1242,836,0,2305,0,6,255,42,4975,2305,2078,4975,1185943.62,12515.95,190,239,304,161,235,3254,0,0,0,1242,3141,0
32991,5,-0.08,-0.03,-0.6,-0.25,2,0.2,0.2,0.15,30,60.86,4926,4665,271,4394,1542,0,1720,0,1132,0,6,255,49,4975,2674,1720,4975,1928562.02,19959.27,203,324,341,237,262,3027,0,0,1542,0,2852,0
32992,5,-0.08,-0.03,-0.6,-0.25,2,0.2,0.2,0.15,40,54.6,4937,4676,271,4405,1664,1412,437,151,334,407,6,255,38,4975,2405,2000,4975,1345946.18,14063.01,393,558,631,381,456,263,276,1447,1664,1412,771,558
32993,5,-0.08,-0.03,-0.6,-0.25,2,0.2,0.2,0.15,40,51.18,4930,4669,314,4355,0,1471,494,161,829,1400,6,255,45,4975,2229,2126,4975,1334522.87,13972.64,190,239,304,161,235,113,209,2904,0,1471,1323,1561
32994,5,-0.08,-0.03,-0.6,-0.25,2,0.2,0.2,0.15,40,62.6,4926,4665,291,4374,1787,0,1185,451,378,573,6,255,49,4975,2738,1636,4975,2269964.19,23467.04,203,324,341,237,262,175,194,2638,1787,0,1563,1024
32995,5,-0.08,-0.03,-0.6,-0.25,2,0.2,0.2,0.15,50,54.01,4937,4676,271,4405,1673,1448,0,578,0,706,6,255,38,4975,2379,2026,4975,1282940.47,13429.11,393,558,631,381,456,263,276,1447,1673,1448,0,1284
32996,5,-0.08,-0.03,-0.6,-0.25,2,0.2,0.2,0.15,50,50.17,4930,4669,314,4355,0,1514,0,656,0,2185,6,255,45,4975,2185,2170,4975,1226775.48,12858.4,190,239,304,161,235,113,209,2904,0,1514,0,2841
32997,5,-0.08,-0.03,-0.6,-0.25,2,0.2,0.2,0.15,50,62.16,4926,4665,291,4374,1797,0,0,1655,0,922,6,255,49,4975,2719,1655,4975,2181666.96,22563.77,203,324,341,237,262,175,194,2638,1797,0,0,2577
32998,5,-0.08,-0.03,-0.6,-0.25,2,0.2,0.2,0.15,60,54.01,4937,4676,271,4405,1673,1448,0,578,0,706,6,255,38,4975,2379,2026,4975,1282940.47,13429.11,393,558,631,381,456,263,276,1447,1673,1448,0,1284
32999,5,-0.08,-0.03,-0.6,-0.25,2,0.2,0.2,0.15,60,50.17,4930,4669,314,4355,0,1514,0,656,0,2185,6,255,45,4975,2185,2170,4975,1226775.48,12858.4,190,239,304,161,235,113,209,2904,0,1514,0,2841
33000,5,-0.08,-0.03,-0.6,-0.25,2,0.2,0.2,0.15,60,62.16,4926,4665,291,4374,1797,0,0,1655,0,922,6,255,49,4975,2719,1655,4975,2181666.96,22563.77,203,324,341,237,262,175,194,2638,1797,0,0,2577
33001,5,-0.08,-0.03,-0.55,-0.45,1,0.1,0.1,0.15,20,66.63,1085,964,26,938,574,158,155,0,51,0,1,120,2,1087,625,313,1087,259005.55,2683.3,341,190,122,285,0,0,0,0,574,158,206,0
33002,5,-0.08,-0.03,-0.55,-0.45,1,0.1,0.1,0.15,20,58.66,1084,963,39,924,0,176,206,0,542,0,1,120,3,1087,542,382,1087,522027.85,5394.6,29,50,58,787,0,0,0,0,0,176,748,0
33003,5,-0.08,-0.03,-0.55,-0.45,1,0.1,0.1,0.15,20,69.3,1085,964,26,938,593,0,288,0,57,0,1,120,2,1087,650,288,1087,319370.28,3285.99,314,149,79,396,0,0,0,0,593,0,345,0
33004,5,-0.08,-0.03,-0.55,-0.45,1,0.1,0.1,0.15,30,70.37,1085,964,46,918,618,209,63,0,28,0,1,120,2,1087,646,272,1087,262902.89,2715.33,341,190,122,79,51,135,0,0,618,209,91,0
33005,5,-0.08,-0.03,-0.55,-0.45,1,0.1,0.1,0.15,30,57.98,1083,962,72,890,0,248,126,0,516,0,1,120,4,1087,516,374,1087,522442.91,5402.57,29,50,58,39,42,672,0,0,0,248,642,0
33006,5,-0.08,-0.03,-0.55,-0.45,1,0.1,0.1,0.15,30,75.88,1085,964,52,912,655,0,220,0,37,0,1,120,2,1087,692,220,1087,375180.06,3858.76,314,149,79,51,29,290,0,0,655,0,257,0
33007,5,-0.08,-0.03,-0.55,-0.45,1,0.1,0.1,0.15,40,71.07,1085,964,48,916,636,223,34,8,9,6,1,120,2,1087,651,265,1087,272750.0,2818.18,341,190,122,79,51,44,22,67,636,223,43,14
33008,5,-0.08,-0.03,-0.55,-0.45,1,0.1,0.1,0.15,40,55.92,1080,959,81,878,0,287,80,20,160,331,1,120,7,1087,491,387,1087,594274.36,6156.19,29,50,58,39,42,30,40,590,0,287,240,351
33009,5,-0.08,-0.03,-0.55,-0.45,1,0.1,0.1,0.15,40,78.68,1085,964,54,910,689,0,141,53,12,15,1,120,2,1087,716,194,1087,431620.34,4416.65,314,149,79,51,29,33,21,234,689,0,153,68
33010,5,-0.08,-0.03,-0.55,-0.45,1,0.1,0.1,0.15,50,70.74,1085,964,48,916,636,227,0,41,0,12,1,120,2,1087,648,268,1087,267570.43,2764.71,341,190,122,79,51,44,22,67,636,227,0,53
33011,5,-0.08,-0.03,-0.55,-0.45,1,0.1,0.1,0.15,50,54.9,1080,959,81,878,0,296,0,100,0,482,1,120,7,1087,482,396,1087,568081.12,5885.84,29,50,58,39,42,30,40,590,0,296,0,582
33012,5,-0.08,-0.03,-0.55,-0.45,1,0.1,0.1,0.15,50,78.57,1085,964,54,910,690,0,0,195,0,25,1,120,2,1087,715,195,1087,420993.23,4300.32,314,149,79,51,29,33,21,234,690,0,0,220
33013,5,-0.08,-0.03,-0.55,-0.45,1,0.1,0.1,0.15,60,70.74,1085,964,48,916,636,227,0,41,0,12,1,120,2,1087,648,268,1087,267570.43,2764.71,341,190,122,79,51,44,22,67,636,227,0,53
33014,5,-0.08,-0.03,-0.55,-0.45,1,0.1,0.1,0.15,60,54.9,1080,959,81,878,0,296,0,100,0,482,1,120,7,1087,482,396,1087,568081.12,5885.84,29,50,58,39,42,30,40,590,0,296,0,582
33015,5,-0.08,-0.03,-0.55,-0.45,1,0.1,0.1,0.15,60,78.57,1085,964,54,910,690,0,0,195,0,25,1,120,2,1087,715,195,1087,420993.23,4300.32,314,149,79,51,29,33,21,234,690,0,0,220
33016,5,-0.08,-0.03,-0.55,-0.45,1,0.1,0.2,0.15,20,59.96,1085,964,35,929,315,176,196,0,242,0,1,120,2,1087,557,372,1087,434783.05,4492.0,87,150,159,533,0,0,0,0,315,176,438,0
33017,5,-0.08,-0.03,-0.55,-0.45,1,0.1,0.2,0.15,20,58.66,1084,963,39,924,0,176,206,0,542,0,1,120,3,1087,542,382,1087,522027.85,5394.6,29,50,58,787,0,0,0,0,0,176,748,0
33018,5,-0.08,-0.03,-0.55,-0.45,1,0.1,0.2,0.15,20,62.54,1085,964,35,929,325,0,348,0,256,0,1,120,2,1087,581,348,1087,508034.73,5227.24,58,101,104,666,0,0,0,0,325,0,604,0
33019,5,-0.08,-0.03,-0.55,-0.45,1,0.1,0.2,0.15,30,61.11,1085,964,64,900,401,242,108,0,149,0,1,120,2,1087,550,350,1087,463817.83,4773.35,87,150,159,95,93,316,0,0,401,242,257,0
33020,5,-0.08,-0.03,-0.55,-0.45,1,0.1,0.2,0.15,30,57.98,1083,962,72,890,0,248,126,0,516,0,1,120,4,1087,516,374,1087,522442.91,5402.57,29,50,58,39,42,672,0,0,0,248,642,0
33021,5,-0.08,-0.03,-0.55,-0.45,1,0.1,0.2,0.15,30,67.23,1085,964,70,894,422,0,293,0,179,0,1,120,2,1087,601,293,1087,598952.34,6147.06,58,101,104,62,60,509,0,0,422,0,472,0
33022,5,-0.08,-0.03,-0.55,-0.45,1,0.1,0.2,0.15,40,60.74,1085,964,70,894,437,272,63,16,48,58,1,120,2,1087,543,351,1087,490209.65,5047.92,87,150,159,95,93,59,47,204,437,272,111,74
33023,5,-0.08,-0.03,-0.55,-0.45,1,0.1,0.2,0.15,40,55.92,1080,959,81,878,0,287,80,20,160,331,1,120,7,1087,491,387,1087,594274.36,6156.19,29,50,58,39,42,30,40,590,0,287,240,351
33024,5,-0.08,-0.03,-0.55,-0.45,1,0.1,0.2,0.15,40,68.92,1085,964,76,888,468,0,206,70,56,88,1,120,2,1087,612,276,1087,687765.7,7043.43,58,101,104,62,60,37,35,431,468,0,262,158
33025,5,-0.08,-0.03,-0.55,-0.45,1,0.1,0.2,0.15,50,59.96,1085,964,70,894,438,279,0,79,0,98,1,120,2,1087,536,358,1087,478918.63,4931.78,87,150,159,95,93,59,47,204,438,279,0,177
33026,5,-0.08,-0.03,-0.55,-0.45,1,0.1,0.2,0.15,50,54.9,1080,959,81,878,0,296,0,100,0,482,1,120,7,1087,482,396,1087,568081.12,5885.84,29,50,58,39,42,30,40,590,0,296,0,582
33027,5,-0.08,-0.03,-0.55,-0.45,1,0.1,0.2,0.15,50,68.24,1085,964,76,888,469,0,0,282,0,137,1,120,2,1087,606,282,1087,668581.14,6836.52,58,101,104,62,60,37,35,431,469,0,0,419
33028,5,-0.08,-0.03,-0.55,-0.45,1,0.1,0.2,0.15,60,59.96,1085,964,70,894,438,279,0,79,0,98,1,120,2,1087,536,358,1087,478918.63,4931.78,87,150,159,95,93,59,47,204,438,279,0,177
33029,5,-0.08,-0.03,-0.55,-0.45,1,0.1,0.2,0.15,60,54.9,1080,959,81,878,0,296,0,100,0,482,1,120,7,1087,482,396,1087,568081.12,5885.84,29,50,58,39,42,30,40,590,0,296,0,582
33030,5,-0.08,-0.03,-0.55,-0.45,1,0.1,0.2,0.15,60,68.24,1085,964,76,888,469,0,0,282,0,137,1,120,2,1087,606,282,1087,668581.14,6836.52,58,101,104,62,60,37,35,431,469,0,0,419
33031,5,-0.08,-0.03,-0.55,-0.45,1,0.2,0.1,0.15,20,66.63,1085,964,26,938,574,158,155,0,51,0,1,120,2,1087,625,313,1087,259005.55,2683.3,341,190,122,285,0,0,0,0,574,158,206,0
33032,5,-0.08,-0.03,-0.55,-0.45,1,0.2,0.1,0.15,20,58.66,1084,963,39,924,0,176,206,0,542,0,1,120,3,1087,542,382,1087,522027.85,5394.6,29,50,58,787,0,0,0,0,0,176,748,0
33033,5,-0.08,-0.03,-0.55,-0.45,1,0.2,0.1,0.15,20,69.3,1085,964,26,938,593,0,288,0,57,0,1,120,2,1087,650,288,1087,319370.28,3285.99,314,149,79,396,0,0,0,0,593,0,345,0
33034,5,-0.08,-0.03,-0.55,-0.45,1,0.2,0.1,0.15,30,70.37,1085,964,46,918,618,209,63,0,28,0,1,120,2,1087,646,272,1087,262902.89,2715.33,341,190,122,79,51,135,0,0,618,209,91,0
33035,5,-0.08,-0.03,-0.55,-0.45,1,0.2,0.1,0.15,30,57.98,1083,962,72,890,0,248,126,0,516,0,1,120,4,1087,516,374,1087,522442.91,5402.57,29,50,58,39,42,672,0,0,0,248,642,0
33036,5,-0.08,-0.03,-0.55,-0.45,1,0.2,0.1,0.15,30,75.88,1085,964,52,912,655,0,220,0,37,0,1,120,2,1087,692,220,1087,375180.06,3858.76,314,149,79,51,29,290,0,0,655,0,257,0
33037,5,-0.08,-0.03,-0.55,-0.45,1,0.2,0.1,0.15,40,71.07,1085,964,48,916,636,223,34,8,9,6,1,120,2,1087,651,265,1087,272750.0,2818.18,341,190,122,79,51,44,22,67,636,223,43,14
33038,5,-0.08,-0.03,-0.55,-0.45,1,0.2,0.1,0.15,40,55.92,1080,959,81,878,0,287,80,20,160,331,1,120,7,1087,491,387,1087,594274.36,6156.19,29,50,58,39,42,30,40,590,0,287,240,351
33039,5,-0.08,-0.03,-0.55,-0.45,1,0.2,0.1,0.15,40,78.68,1085,964,54,910,689,0,141,53,12,15,1,120,2,1087,716,194,1087,431620.34,4416.65,314,149,79,51,29,33,21,234,689,0,153,68
33040,5,-0.08,-0.03,-0.55,-0.45,1,0.2,0.1,0.15,50,70.74,1085,964,48,916,636,227,0,41,0,12,1,120,2,1087,648,268,1087,267570.43,2764.71,341,190,122,79,51,44,22,67,636,227,0,53
33041,5,-0.08,-0.03,-0.55,-0.45,1,0.2,0.1,0.15,50,54.9,1080,959,81,878,0,296,0,100,0,482,1,120,7,1087,482,396,1087,568081.12,5885.84,29,50,58,39,42,30,40,590,0,296,0,582
33042,5,-0.08,-0.03,-0.55,-0.45,1,0.2,0.1,0.15,50,78.57,1085,964,54,910,690,0,0,195,0,25,1,120,2,1087,715,195,1087,420993.23,4300.32,314,149,79,51,29,33,21,234,690,0,0,220
33043,5,-0.08,-0.03,-0.55,-0.45,1,0.2,0.1,0.15,60,70.74,1085,964,48,916,636,227,0,41,0,12,1,120,2,1087,648,268,1087,267570.43,2764.71,341,190,122,79,51,44,22,67,636,227,0,53
33044,5,-0.08,-0.03,-0.55,-0.45,1,0.2,0.1,0.15,60,54.9,1080,959,81,878,0,296,0,100,0,482,1,120,7,1087,482,396,1087,568081.12,5885.84,29,50,58,39,42,30,40,590,0,296,0,582
33045,5,-0.08,-0.03,-0.55,-0.45,1,0.2,0.1,0.15,60,78.57,1085,964,54,910,690,0,0,195,0,25,1,120,2,1087,715,195,1087,420993.23,4300.32,314,149,79,51,29,33,21,234,690,0,0,220
33046,5,-0.08,-0.03,-0.55,-0.45,1,0.2,0.2,0.15,20,59.96,1085,964,35,929,315,176,196,0,242,0,1,120,2,1087,557,372,1087,434783.05,4492.0,87,150,159,533,0,0,0,0,315,176,438,0
33047,5,-0.08,-0.03,-0.55,-0.45,1,0.2,0.2,0.15,20,58.66,1084,963,39,924,0,176,206,0,542,0,1,120,3,1087,542,382,1087,522027.85,5394.6,29,50,58,787,0,0,0,0,0,176,748,0
33048,5,-0.08,-0.03,-0.55,-0.45,1,0.2,0.2,0.15,20,62.54,1085,964,35,929,325,0,348,0,256,0,1,120,2,1087,581,348,1087,508034.73,5227.24,58,101,104,666,0,0,0,0,325,0,604,0
33049,5,-0.08,-0.03,-0.55,-0.45,1,0.2,0.2,0.15,30,61.11,1085,964,64,900,401,242,108,0,149,0,1,120,2,1087,550,350,1087,463817.83,4773.35,87,150,159,95,93,316,0,0,401,242,257,0
33050,5,-0.08,-0.03,-0.55,-0.45,1,0.2,0.2,0.15,30,57.98,1083,962,72,890,0,248,126,0,516,0,1,120,4,1087,516,374,1087,522442.91,5402.57,29,50,58,39,42,672,0,0,0,248,642,0
33051,5,-0.08,-0.03,-0.55,-0.45,1,0.2,0.2,0.15,30,67.23,1085,964,70,894,422,0,293,0,179,0,1,120,2,1087,601,293,1087,598952.34,6147.06,58,101,104,62,60,509,0,0,422,0,472,0
33052,5,-0.08,-0.03,-0.55,-0.45,1,0.2,0.2,0.15,40,60.74,1085,964,70,894,437,272,63,16,48,58,1,120,2,1087,543,351,1087,490209.65,5047.92,87,150,159,95,93,59,47,204,437,272,111,74
33053,5,-0.08,-0.03,-0.55,-0.45,1,0.2,0.2,0.15,40,55.92,1080,959,81,878,0,287,80,20,160,331,1,120,7,1087,491,387,1087,594274.36,6156.19,29,50,58,39,42,30,40,590,0,287,240,351
33054,5,-0.08,-0.03,-0.55,-0.45,1,0.2,0.2,0.15,40,68.92,1085,964,76,888,468,0,206,70,56,88,1,120,2,1087,612,276,1087,687765.7,7043.43,58,101,104,62,60,37,35,431,468,0,262,158
33055,5,-0.08,-0.03,-0.55,-0.45,1,0.2,0.2,0.15,50,59.96,1085,964,70,894,438,279,0,79,0,98,1,120,2,1087,536,358,1087,478918.63,4931.78,87,150,159,95,93,59,47,204,438,279,0,177
33056,5,-0.08,-0.03,-0.55,-0.45,1,0.2,0.2,0.15,50,54.9,1080,959,81,878,0,296,0,100,0,482,1,120,7,1087,482,396,1087,568081.12,5885.84,29,50,58,39,42,30,40,590,0,296,0,582
33057,5,-0.08,-0.03,-0.55,-0.45,1,0.2,0.2,0.15,50,68.24,1085,964,76,888,469,0,0,282,0,137,1,120,2,1087,606,282,1087,668581.14,6836.52,58,101,104,62,60,37,35,431,469,0,0,419
33058,5,-0.08,-0.03,-0.55,-0.45,1,0.2,0.2,0.15,60,59.96,1085,964,70,894,438,279,0,79,0,98,1,120,2,1087,536,358,1087,478918.63,4931.78,87,150,159,95,93,59,47,204,438,279,0,177
33059,5,-0.08,-0.03,-0.55,-0.45,1,0.2,0.2,0.15,60,54.9,1080,959,81,878,0,296,0,100,0,482,1,120,7,1087,482,396,1087,568081.12,5885.84,29,50,58,39,42,30,40,590,0,296,0,582
33060,5,-0.08,-0.03,-0.55,-0.45,1,0.2,0.2,0.15,60,68.24,1085,964,76,888,469,0,0,282,0,137,1,120,2,1087,606,282,1087,668581.14,6836.52,58,101,104,62,60,37,35,431,469,0,0,419
33061,5,-0.08,-0.03,-0.55,-0.45,2,0.1,0.1,0.15,20,69.62,1085,964,26,938,599,157,128,0,54,0,1,120,2,1087,653,285,1087,308068.74,3902.78,349,201,127,261,0,0,0,0,599,157,182,0
33062,5,-0.08,-0.03,-0.55,-0.45,2,0.1,0.1,0.15,20,61.58,1084,963,39,924,0,176,179,0,569,0,1,120,3,1087,569,355,1087,648825.79,6963.92,29,50,58,787,0,0,0,0,0,176,748,0
33063,5,-0.08,-0.03,-0.55,-0.45,2,0.1,0.1,0.15,20,73.88,1085,964,26,938,627,0,245,0,66,0,1,120,2,1087,693,245,1087,405662.24,4589.21,323,163,86,366,0,0,0,0,627,0,311,0
33064,5,-0.08,-0.03,-0.55,-0.45,2,0.1,0.1,0.15,30,72.55,1085,964,46,918,640,204,48,0,26,0,1,120,2,1087,666,252,1087,300453.83,4037.5,349,201,127,79,50,112,0,0,640,204,74,0
33065,5,-0.08,-0.03,-0.55,-0.45,2,0.1,0.1,0.15,30,60.0,1083,962,72,890,0,248,108,0,534,0,1,120,4,1087,534,356,1087,662066.43,7273.42,29,50,58,39,42,672,0,0,0,248,642,0
33066,5,-0.08,-0.03,-0.55,-0.45,2,0.1,0.1,0.15,30,81.36,1085,964,52,912,699,0,170,0,43,0,1,120,2,1087,742,170,1087,498570.08,5272.34,323,163,86,55,42,243,0,0,699,0,213,0
33067,5,-0.08,-0.03,-0.55,-0.45,2,0.1,0.1,0.15,40,73.39,1085,964,47,917,657,217,24,3,11,5,1,120,2,1087,673,244,1087,305331.01,4124.01,349,201,127,79,50,38,18,55,657,217,35,8
33068,5,-0.08,-0.03,-0.55,-0.45,2,0.1,0.1,0.15,40,58.54,1080,959,81,878,0,287,64,13,176,338,1,120,7,1087,514,364,1087,742330.3,8155.88,29,50,58,39,42,30,40,590,0,287,240,351
33069,5,-0.08,-0.03,-0.55,-0.45,2,0.1,0.1,0.15,40,84.63,1085,964,53,911,736,0,111,29,19,16,1,120,2,1087,771,140,1087,596073.68,5810.53,323,163,86,55,42,30,22,190,736,0,130,45
33070,5,-0.08,-0.03,-0.55,-0.45,2,0.1,0.1,0.15,50,72.96,1085,964,47,917,657,220,0,28,0,12,1,120,2,1087,669,248,1087,297519.47,4076.03,349,201,127,79,50,38,18,55,657,220,0,40
33071,5,-0.08,-0.03,-0.55,-0.45,2,0.1,0.1,0.15,50,57.29,1080,959,81,878,0,296,0,79,0,503,1,120,7,1087,503,375,1087,709415.87,7887.02,29,50,58,39,42,30,40,590,0,296,0,582
33072,5,-0.08,-0.03,-0.55,-0.45,2,0.1,0.1,0.15,50,84.41,1085,964,53,911,736,0,0,142,0,33,1,120,2,1087,769,142,1087,575160.94,5698.58,323,163,86,55,42,30,22,190,736,0,0,175
33073,5,-0.08,-0.03,-0.55,-0.45,2,0.1,0.1,0.15,60,72.96,1085,964,47,917,657,220,0,28,0,12,1,120,2,1087,669,248,1087,297519.47,4076.03,349,201,127,79,50,38,18,55,657,220,0,40
33074,5,-0.08,-0.03,-0.55,-0.45,2,0.1,0.1,0.15,60,57.29,1080,959,81,878,0,296,0,79,0,503,1,120,7,1087,503,375,1087,709415.87,7887.02,29,50,58,39,42,30,40,590,0,296,0,582
33075,5,-0.08,-0.03,-0.55,-0.45,2,0.1,0.1,0.15,60,84.41,1085,964,53,911,736,0,0,142,0,33,1,120,2,1087,769,142,1087,575160.94,5698.58,323,163,86,55,42,30,22,190,736,0,0,175
33076,5,-0.08,-0.03,-0.55,-0.45,2,0.1,0.2,0.15,20,62.86,1085,964,35,929,330,176,169,0,254,0,1,120,2,1087,584,345,1087,522609.85,5904.04,87,156,171,515,0,0,0,0,330,176,423,0
33077,5,-0.08,-0.03,-0.55,-0.45,2,0.1,0.2,0.15,20,61.58,1084,963,39,924,0,176,179,0,569,0,1,120,3,1087,569,355,1087,648825.79,6963.92,29,50,58,787,0,0,0,0,0,176,748,0
33078,5,-0.08,-0.03,-0.55,-0.45,2,0.1,0.2,0.15,20,67.71,1085,964,35,929,347,0,300,0,282,0,1,120,2,1087,629,300,1087,652746.49,6787.74,58,108,122,641,0,0,0,0,347,0,582,0
33079,5,-0.08,-0.03,-0.55,-0.45,2,0.1,0.2,0.15,30,63.11,1085,964,64,900,418,242,90,0,150,0,1,120,2,1087,568,332,1087,551088.8,6366.76,87,156,171,92,94,300,0,0,418,242,240,0
33080,5,-0.08,-0.03,-0.55,-0.45,2,0.1,0.2,0.15,30,60.0,1083,962,72,890,0,248,108,0,534,0,1,120,4,1087,534,356,1087,662066.43,7273.42,29,50,58,39,42,672,0,0,0,248,642,0
33081,5,-0.08,-0.03,-0.55,-0.45,2,0.1,0.2,0.15,30,72.15,1085,964,70,894,453,0,249,0,192,0,1,120,2,1087,645,249,1087,800741.18,7922.83,58,108,122,59,61,486,0,0,453,0,441,0
33082,5,-0.08,-0.03,-0.55,-0.45,2,0.1,0.2,0.15,40,63.02,1085,964,69,895,455,272,49,10,58,51,1,120,2,1087,564,331,1087,582378.5,6723.53,87,156,171,92,94,60,50,185,455,272,107,61
33083,5,-0.08,-0.03,-0.55,-0.45,2,0.1,0.2,0.15,40,58.54,1080,959,81,878,0,287,64,13,176,338,1,120,7,1087,514,364,1087,742330.3,8155.88,29,50,58,39,42,30,40,590,0,287,240,351
33084,5,-0.08,-0.03,-0.55,-0.45,2,0.1,0.2,0.15,40,75.03,1085,964,75,889,505,0,176,46,75,87,1,120,2,1087,667,222,1087,956513.52,8924.42,58,108,122,59,61,45,37,399,505,0,251,133
33085,5,-0.08,-0.03,-0.55,-0.45,2,0.1,0.2,0.15,50,62.12,1085,964,69,895,456,279,0,60,0,100,1,120,2,1087,556,339,1087,566222.6,6615.64,87,156,171,92,94,60,50,185,456,279,0,160
33086,5,-0.08,-0.03,-0.55,-0.45,2,0.1,0.2,0.15,50,57.29,1080,959,81,878,0,296,0,79,0,503,1,120,7,1087,503,375,1087,709415.87,7887.02,29,50,58,39,42,30,40,590,0,296,0,582
33087,5,-0.08,-0.03,-0.55,-0.45,2,0.1,0.2,0.15,50,74.47,1085,964,75,889,507,0,0,227,0,155,1,120,2,1087,662,227,1087,927744.03,8742.15,58,108,122,59,61,45,37,399,507,0,0,382
33088,5,-0.08,-0.03,-0.55,-0.45,2,0.1,0.2,0.15,60,62.12,1085,964,69,895,456,279,0,60,0,100,1,120,2,1087,556,339,1087,566222.6,6615.64,87,156,171,92,94,60,50,185,456,279,0,160
33089,5,-0.08,-0.03,-0.55,-0.45,2,0.1,0.2,0.15,60,57.29,1080,959,81,878,0,296,0,79,0,503,1,120,7,1087,503,375,1087,709415.87,7887.02,29,50,58,39,42,30,40,590,0,296,0,582
33090,5,-0.08,-0.03,-0.55,-0.45,2,0.1,0.2,0.15,60,74.47,1085,964,75,889,507,0,0,227,0,155,1,120,2,1087,662,227,1087,927744.03,8742.15,58,108,122,59,61,45,37,399,507,0,0,382
33091,5,-0.08,-0.03,-0.55,-0.45,2,0.2,0.1,0.15,20,66.63,1085,964,26,938,574,158,155,0,51,0,1,120,2,1087,625,313,1087,259005.55,2683.3,341,190,122,285,0,0,0,0,574,158,206,0
33092,5,-0.08,-0.03,-0.55,-0.45,2,0.2,0.1,0.15,20,58.66,1084,963,39,924,0,176,206,0,542,0,1,120,3,1087,542,382,1087,522027.85,5394.6,29,50,58,787,0,0,0,0,0,176,748,0
33093,5,-0.08,-0.03,-0.55,-0.45,2,0.2,0.1,0.15,20,69.3,1085,964,26,938,593,0,288,0,57,0,1,120,2,1087,650,288,1087,319370.28,3285.99,314,149,79,396,0,0,0,0,593,0,345,0
33094,5,-0.08,-0.03,-0.55,-0.45,2,0.2,0.1,0.15,30,70.37,1085,964,46,918,618,209,63,0,28,0,1,120,2,1087,646,272,1087,262902.89,2715.33,341,190,122,79,51,135,0,0,618,209,91,0
33095,5,-0.08,-0.03,-0.55,-0.45,2,0.2,0.1,0.15,30,57.98,1083,962,72,890,0,248,126,0,516,0,1,120,4,1087,516,374,1087,522442.91,5402.57,29,50,58,39,42,672,0,0,0,248,642,0
33096,5,-0.08,-0.03,-0.55,-0.45,2,0.2,0.1,0.15,30,75.88,1085,964,52,912,655,0,220,0,37,0,1,120,2,1087,692,220,1087,375180.06,3858.76,314,149,79,51,29,290,0,0,655,0,257,0
33097,5,-0.08,-0.03,-0.55,-0.45,2,0.2,0.1,0.15,40,71.07,1085,964,48,916,636,223,34,8,9,6,1,120,2,1087,651,265,1087,272750.0,2818.18,341,190,122,79,51,44,22,67,636,223,43,14
33098,5,-0.08,-0.03,-0.55,-0.45,2,0.2,0.1,0.15,40,55.92,1080,959,81,878,0,287,80,20,160,331,1,120,7,1087,491,387,1087,594274.36,6156.19,29,50,58,39,42,30,40,590,0,287,240,351
33099,5,-0.08,-0.03,-0.55,-0.45,2,0.2,0.1,0.15,40,78.68,1085,964,54,910,689,0,141,53,12,15,1,120,2,1087,716,194,1087,431620.34,4416.65,314,149,79,51,29,33,21,234,689,0,153,68
33100,5,-0.08,-0.03,-0.55,-0.45,2,0.2,0.1,0.15,50,70.74,1085,964,48,916,636,227,0,41,0,12,1,120,2,1087,648,268,1087,267570.43,2764.71,341,190,122,79,51,44,22,67,636,227,0,53
33101,5,-0.08,-0.03,-0.55,-0.45,2,0.2,0.1,0.15,50,54.9,1080,959,81,878,0,296,0,100,0,482,1,120,7,1087,482,396,1087,568081.12,5885.84,29,50,58,39,42,30,40,590,0,296,0,582
33102,5,-0.08,-0.03,-0.55,-0.45,2,0.2,0.1,0.15,50,78.57,1085,964,54,910,690,0,0,195,0,25,1,120,2,1087,715,195,1087,420993.23,4300.32,314,149,79,51,29,33,21,234,690,0,0,220
33103,5,-0.08,-0.03,-0.55,-0.45,2,0.2,0.1,0.15,60,70.74,1085,964,48,916,636,227,0,41,0,12,1,120,2,1087,648,268,1087,267570.43,2764.71,341,190,122,79,51,44,22,67,636,227,0,53
33104,5,-0.08,-0.03,-0.55,-0.45,2,0.2,0.1,0.15,60,54.9,1080,959,81,878,0,296,0,100,0,482,1,120,7,1087,482,396,1087,568081.12,5885.84,29,50,58,39,42,30,40,590,0,296,0,582
33105,5,-0.08,-0.03,-0.55,-0.45,2,0.2,0.1,0.15,60,78.57,1085,964,54,910,690,0,0,195,0,25,1,120,2,1087,715,195,1087,420993.23,4300.32,314,149,79,51,29,33,21,234,690,0,0,220
33106,5,-0.08,-0.03,-0.55,-0.45,2,0.2,0.2,0.15,20,59.96,1085,964,35,929,315,176,196,0,242,0,1,120,2,1087,557,372,1087,434783.05,4492.0,87,150,159,533,0,0,0,0,315,176,438,0
33107,5,-0.08,-0.03,-0.55,-0.45,2,0.2,0.2,0.15,20,58.66,1084,963,39,924,0,176,206,0,542,0,1,120,3,1087,542,382,1087,522027.85,5394.6,29,50,58,787,0,0,0,0,0,176,748,0
33108,5,-0.08,-0.03,-0.55,-0.45,2,0.2,0.2,0.15,20,62.54,1085,964,35,929,325,0,348,0,256,0,1,120,2,1087,581,348,1087,508034.73,5227.24,58,101,104,666,0,0,0,0,325,0,604,0
33109,5,-0.08,-0.03,-0.55,-0.45,2,0.2,0.2,0.15,30,61.11,1085,964,64,900,401,242,108,0,149,0,1,120,2,1087,550,350,1087,463817.83,4773.35,87,150,159,95,93,316,0,0,401,242,257,0
33110,5,-0.08,-0.03,-0.55,-0.45,2,0.2,0.2,0.15,30,57.98,1083,962,72,890,0,248,126,0,516,0,1,120,4,1087,516,374,1087,522442.91,5402.57,29,50,58,39,42,672,0,0,0,248,642,0
33111,5,-0.08,-0.03,-0.55,-0.45,2,0.2,0.2,0.15,30,67.23,1085,964,70,894,422,0,293,0,179,0,1,120,2,1087,601,293,1087,598952.34,6147.06,58,101,104,62,60,509,0,0,422,0,472,0
33112,5,-0.08,-0.03,-0.55,-0.45,2,0.2,0.2,0.15,40,60.74,1085,964,70,894,437,272,63,16,48,58,1,120,2,1087,543,351,1087,490209.65,5047.92,87,150,159,95,93,59,47,204,437,272,111,74
33113,5,-0.08,-0.03,-0.55,-0.45,2,0.2,0.2,0.15,40,55.92,1080,959,81,878,0,287,80,20,160,331,1,120,7,1087,491,387,1087,594274.36,6156.19,29,50,58,39,42,30,40,590,0,287,240,351
33114,5,-0.08,-0.03,-0.55,-0.45,2,0.2,0.2,0.15,40,68.92,1085,964,76,888,468,0,206,70,56,88,1,120,2,1087,612,276,1087,687765.7,7043.43,58,101,104,62,60,37,35,431,468,0,262,158
33115,5,-0.08,-0.03,-0.55,-0.45,2,0.2,0.2,0.15,50,59.96,1085,964,70,894,438,279,0,79,0,98,1,120,2,1087,536,358,1087,478918.63,4931.78,87,150,159,95,93,59,47,204,438,279,0,177
33116,5,-0.08,-0.03,-0.55,-0.45,2,0.2,0.2,0.15,50,54.9,1080,959,81,878,0,296,0,100,0,482,1,120,7,1087,482,396,1087,568081.12,5885.84,29,50,58,39,42,30,40,590,0,296,0,582
33117,5,-0.08,-0.03,-0.55,-0.45,2,0.2,0.2,0.15,50,68.24,1085,964,76,888,469,0,0,282,0,137,1,120,2,1087,606,282,1087,668581.14,6836.52,58,101,104,62,60,37,35,431,469,0,0,419
33118,5,-0.08,-0.03,-0.55,-0.45,2,0.2,0.2,0.15,60,59.96,1085,964,70,894,438,279,0,79,0,98,1,120,2,1087,536,358,1087,478918.63,4931.78,87,150,159,95,93,59,47,204,438,279,0,177
33119,5,-0.08,-0.03,-0.55,-0.45,2,0.2,0.2,0.15,60,54.9,1080,959,81,878,0,296,0,100,0,482,1,120,7,1087,482,396,1087,568081.12,5885.84,29,50,58,39,42,30,40,590,0,296,0,582
33120,5,-0.08,-0.03,-0.55,-0.45,2,0.2,0.2,0.15,60,68.24,1085,964,76,888,469,0,0,282,0,137,1,120,2,1087,606,282,1087,668581.14,6836.52,58,101,104,62,60,37,35,431,469,0,0,419
33121,5,-0.08,-0.03,-0.55,-0.4,1,0.1,0.1,0.15,20,65.99,1842,1679,44,1635,960,268,288,0,119,0,2,161,5,1847,1079,556,1847,425941.16,4389.79,562,317,206,550,0,0,0,0,960,268,407,0
33122,5,-0.08,-0.03,-0.55,-0.4,1,0.1,0.1,0.15,20,58.75,1840,1677,60,1617,0,292,375,0,950,0,2,161,7,1847,950,667,1847,795037.6,8205.44,54,81,93,1389,0,0,0,0,0,292,1325,0
33123,5,-0.08,-0.03,-0.55,-0.4,1,0.1,0.1,0.15,20,68.73,1841,1678,44,1634,994,0,511,0,129,0,2,161,6,1847,1123,511,1847,533758.91,5481.33,510,247,136,741,0,0,0,0,994,0,640,0
33124,5,-0.08,-0.03,-0.55,-0.4,1,0.1,0.1,0.15,30,69.47,1842,1679,74,1605,1061,363,127,0,54,0,2,161,5,1847,1115,490,1847,438336.71,4503.27,562,317,206,143,112,265,0,0,1061,363,181,0
33125,5,-0.08,-0.03,-0.55,-0.4,1,0.1,0.1,0.15,30,57.29,1839,1676,119,1557,0,427,238,0,892,0,2,161,8,1847,892,665,1847,797770.52,8231.83,54,81,93,64,81,1184,0,0,0,427,1130,0
33126,5,-0.08,-0.03,-0.55,-0.4,1,0.1,0.1,0.15,30,75.28,1841,1678,84,1594,1129,0,394,0,71,0,2,161,6,1847,1200,394,1847,647017.59,6644.15,510,247,136,101,76,524,0,0,1129,0,465,0
33127,5,-0.08,-0.03,-0.55,-0.4,1,0.1,0.1,0.15,40,69.83,1842,1679,78,1601,1092,400,65,18,17,9,2,161,5,1847,1118,483,1847,440870.99,4533.56,562,317,206,143,112,84,40,137,1092,400,82,27
33128,5,-0.08,-0.03,-0.55,-0.4,1,0.1,0.1,0.15,40,55.26,1836,1673,133,1540,0,503,146,40,267,584,2,161,11,1847,851,689,1847,906785.42,9366.8,54,81,93,64,81,54,71,1042,0,503,413,624
33129,5,-0.08,-0.03,-0.55,-0.4,1,0.1,0.1,0.15,40,77.71,1841,1678,90,1588,1186,0,256,98,20,28,2,161,6,1847,1234,354,1847,724370.91,7424.41,510,247,136,101,76,59,28,431,1186,0,276,126
33130,5,-0.08,-0.03,-0.55,-0.4,1,0.1,0.1,0.15,50,69.58,1842,1679,78,1601,1092,407,0,80,0,22,2,161,5,1847,1114,487,1847,431033.53,4432.94,562,317,206,143,112,84,40,137,1092,407,0,102
33131,5,-0.08,-0.03,-0.55,-0.4,1,0.1,0.1,0.15,50,54.09,1836,1673,133,1540,0,518,0,189,0,833,2,161,11,1847,833,707,1847,866061.73,8947.2,54,81,93,64,81,54,71,1042,0,518,0,1022
33132,5,-0.08,-0.03,-0.55,-0.4,1,0.1,0.1,0.15,50,77.58,1841,1678,90,1588,1187,0,0,356,0,45,2,161,6,1847,1232,356,1847,702123.11,7187.07,510,247,136,101,76,59,28,431,1187,0,0,401
33133,5,-0.08,-0.03,-0.55,-0.4,1,0.1,0.1,0.15,60,69.58,1842,1679,78,1601,1092,407,0,80,0,22,2,161,5,1847,1114,487,1847,431033.53,4432.94,562,317,206,143,112,84,40,137,1092,407,0,102
33134,5,-0.08,-0.03,-0.55,-0.4,1,0.1,0.1,0.15,60,54.09,1836,1673,133,1540,0,518,0,189,0,833,2,161,11,1847,833,707,1847,866061.73,8947.2,54,81,93,64,81,54,71,1042,0,518,0,1022
33135,5,-0.08,-0.03,-0.55,-0.4,1,0.1,0.1,0.15,60,77.58,1841,1678,90,1588,1187,0,0,356,0,45,2,161,6,1847,1232,356,1847,702123.11,7187.07,510,247,136,101,76,59,28,431,1187,0,0,401
33136,5,-0.08,-0.03,-0.55,-0.4,1,0.1,0.2,0.15,20,59.62,1841,1678,56,1622,485,291,364,0,482,0,2,161,6,1847,967,655,1847,679869.97,7005.96,141,240,240,1001,0,0,0,0,485,291,846,0
33137,5,-0.08,-0.03,-0.55,-0.4,1,0.1,0.2,0.15,20,58.75,1840,1677,60,1617,0,292,375,0,950,0,2,161,7,1847,950,667,1847,795037.6,8205.44,54,81,93,1389,0,0,0,0,0,292,1325,0
33138,5,-0.08,-0.03,-0.55,-0.4,1,0.1,0.2,0.15,20,62.31,1840,1677,56,1621,501,0,611,0,509,0,2,161,7,1847,1010,611,1847,806067.86,8291.94,87,160,151,1223,0,0,0,0,501,0,1120,0
33139,5,-0.08,-0.03,-0.55,-0.4,1,0.1,0.2,0.15,30,59.85,1841,1678,104,1574,650,419,213,0,292,0,2,161,6,1847,942,632,1847,724356.86,7441.0,141,240,240,155,170,628,0,0,650,419,505,0
33140,5,-0.08,-0.03,-0.55,-0.4,1,0.1,0.2,0.15,30,57.29,1839,1676,119,1557,0,427,238,0,892,0,2,161,8,1847,892,665,1847,797770.52,8231.83,54,81,93,64,81,1184,0,0,0,427,1130,0
33141,5,-0.08,-0.03,-0.55,-0.4,1,0.1,0.2,0.15,30,66.09,1840,1677,114,1563,687,0,530,0,346,0,2,161,7,1847,1033,530,1847,978028.71,10043.81,87,160,151,103,104,958,0,0,687,0,876,0
33142,5,-0.08,-0.03,-0.55,-0.4,1,0.1,0.2,0.15,40,58.89,1841,1678,114,1564,721,483,124,36,86,114,2,161,6,1847,921,643,1847,761528.06,7830.35,141,240,240,155,170,123,97,398,721,483,210,150
33143,5,-0.08,-0.03,-0.55,-0.4,1,0.1,0.2,0.15,40,55.26,1836,1673,133,1540,0,503,146,40,267,584,2,161,11,1847,851,689,1847,906785.42,9366.8,54,81,93,64,81,54,71,1042,0,503,413,624
33144,5,-0.08,-0.03,-0.55,-0.4,1,0.1,0.2,0.15,40,67.31,1840,1677,126,1551,776,0,378,129,97,171,2,161,7,1847,1044,507,1847,1120510.27,11500.77,87,160,151,103,104,82,68,796,776,0,475,300
33145,5,-0.08,-0.03,-0.55,-0.4,1,0.1,0.2,0.15,50,58.18,1841,1678,114,1564,723,496,0,158,0,187,2,161,6,1847,910,654,1847,739285.57,7601.56,141,240,240,155,170,123,97,398,723,496,0,345
33146,5,-0.08,-0.03,-0.55,-0.4,1,0.1,0.2,0.15,50,54.09,1836,1673,133,1540,0,518,0,189,0,833,2,161,11,1847,833,707,1847,866061.73,8947.2,54,81,93,64,81,54,71,1042,0,518,0,1022
33147,5,-0.08,-0.03,-0.55,-0.4,1,0.1,0.2,0.15,50,66.6,1840,1677,126,1551,778,0,0,518,0,255,2,161,7,1847,1033,518,1847,1078961.04,11061.83,87,160,151,103,104,82,68,796,778,0,0,773
33148,5,-0.08,-0.03,-0.55,-0.4,1,0.1,0.2,0.15,60,58.18,1841,1678,114,1564,723,496,0,158,0,187,2,161,6,1847,910,654,1847,739285.57,7601.56,141,240,240,155,170,123,97,398,723,496,0,345
33149,5,-0.08,-0.03,-0.55,-0.4,1,0.1,0.2,0.15,60,54.09,1836,1673,133,1540,0,518,0,189,0,833,2,161,11,1847,833,707,1847,866061.73,8947.2,54,81,93,64,81,54,71,1042,0,518,0,1022
33150,5,-0.08,-0.03,-0.55,-0.4,1,0.1,0.2,0.15,60,66.6,1840,1677,126,1551,778,0,0,518,0,255,2,161,7,1847,1033,518,1847,1078961.04,11061.83,87,160,151,103,104,82,68,796,778,0,0,773
33151,5,-0.08,-0.03,-0.55,-0.4,1,0.2,0.1,0.15,20,65.99,1842,1679,44,1635,960,268,288,0,119,0,2,161,5,1847,1079,556,1847,425941.16,4389.79,562,317,206,550,0,0,0,0,960,268,407,0
33152,5,-0.08,-0.03,-0.55,-0.4,1,0.2,0.1,0.15,20,58.75,1840,1677,60,1617,0,292,375,0,950,0,2,161,7,1847,950,667,1847,795037.6,8205.44,54,81,93,1389,0,0,0,0,0,292,1325,0
33153,5,-0.08,-0.03,-0.55,-0.4,1,0.2,0.1,0.15,20,68.73,1841,1678,44,1634,994,0,511,0,129,0,2,161,6,1847,1123,511,1847,533758.91,5481.33,510,247,136,741,0,0,0,0,994,0,640,0
33154,5,-0.08,-0.03,-0.55,-0.4,1,0.2,0.1,0.15,30,69.47,1842,1679,74,1605,1061,363,127,0,54,0,2,161,5,1847,1115,490,1847,438336.71,4503.27,562,317,206,143,112,265,0,0,1061,363,181,0
33155,5,-0.08,-0.03,-0.55,-0.4,1,0.2,0.1,0.15,30,57.29,1839,1676,119,1557,0,427,238,0,892,0,2,161,8,1847,892,665,1847,797770.52,8231.83,54,81,93,64,81,1184,0,0,0,427,1130,0
33156,5,-0.08,-0.03,-0.55,-0.4,1,0.2,0.1,0.15,30,75.28,1841,1678,84,1594,1129,0,394,0,71,0,2,161,6,1847,1200,394,1847,647017.59,6644.15,510,247,136,101,76,524,0,0,1129,0,465,0
33157,5,-0.08,-0.03,-0.55,-0.4,1,0.2,0.1,0.15,40,69.83,1842,1679,78,1601,1092,400,65,18,17,9,2,161,5,1847,1118,483,1847,440870.99,4533.56,562,317,206,143,112,84,40,137,1092,400,82,27
33158,5,-0.08,-0.03,-0.55,-0.4,1,0.2,0.1,0.15,40,55.26,1836,1673,133,1540,0,503,146,40,267,584,2,161,11,1847,851,689,1847,906785.42,9366.8,54,81,93,64,81,54,71,1042,0,503,413,624
33159,5,-0.08,-0.03,-0.55,-0.4,1,0.2,0.1,0.15,40,77.71,1841,1678,90,1588,1186,0,256,98,20,28,2,161,6,1847,1234,354,1847,724370.91,7424.41,510,247,136,101,76,59,28,431,1186,0,276,126
33160,5,-0.08,-0.03,-0.55,-0.4,1,0.2,0.1,0.15,50,69.58,1842,1679,78,1601,1092,407,0,80,0,22,2,161,5,1847,1114,487,1847,431033.53,4432.94,562,317,206,143,112,84,40,137,1092,407,0,102
33161,5,-0.08,-0.03,-0.55,-0.4,1,0.2,0.1,0.15,50,54.09,1836,1673,133,1540,0,518,0,189,0,833,2,161,11,1847,833,707,1847,866061.73,8947.2,54,81,93,64,81,54,71,1042,0,518,0,1022
33162,5,-0.08,-0.03,-0.55,-0.4,1,0.2,0.1,0.15,50,77.58,1841,1678,90,1588,1187,0,0,356,0,45,2,161,6,1847,1232,356,1847,702123.11,7187.07,510,247,136,101,76,59,28,431,1187,0,0,401
33163,5,-0.08,-0.03,-0.55,-0.4,1,0.2,0.1,0.15,60,69.58,1842,1679,78,1601,1092,407,0,80,0,22,2,161,5,1847,1114,487,1847,431033.53,4432.94,562,317,206,143,112,84,40,137,1092,407,0,102
33164,5,-0.08,-0.03,-0.55,-0.4,1,0.2,0.1,0.15,60,54.09,1836,1673,133,1540,0,518,0,189,0,833,2,161,11,1847,833,707,1847,866061.73,8947.2,54,81,93,64,81,54,71,1042,0,518,0,1022
33165,5,-0.08,-0.03,-0.55,-0.4,1,0.2,0.1,0.15,60,77.58,1841,1678,90,1588,1187,0,0,356,0,45,2,161,6,1847,1232,356,1847,702123.11,7187.07,510,247,136,101,76,59,28,431,1187,0,0,401
33166,5,-0.08,-0.03,-0.55,-0.4,1,0.2,0.2,0.15,20,59.62,1841,1678,56,1622,485,291,364,0,482,0,2,161,6,1847,967,655,1847,679869.97,7005.96,141,240,240,1001,0,0,0,0,485,291,846,0
33167,5,-0.08,-0.03,-0.55,-0.4,1,0.2,0.2,0.15,20,58.75,1840,1677,60,1617,0,292,375,0,950,0,2,161,7,1847,950,667,1847,795037.6,8205.44,54,81,93,1389,0,0,0,0,0,292,1325,0
33168,5,-0.08,-0.03,-0.55,-0.4,1,0.2,0.2,0.15,20,62.31,1840,1677,56,1621,501,0,611,0,509,0,2,161,7,1847,1010,611,1847,806067.86,8291.94,87,160,151,1223,0,0,0,0,501,0,1120,0
33169,5,-0.08,-0.03,-0.55,-0.4,1,0.2,0.2,0.15,30,59.85,1841,1678,104,1574,650,419,213,0,292,0,2,161,6,1847,942,632,1847,724356.86,7441.0,141,240,240,155,170,628,0,0,650,419,505,0
33170,5,-0.08,-0.03,-0.55,-0.4,1,0.2,0.2,0.15,30,57.29,1839,1676,119,1557,0,427,238,0,892,0,2,161,8,1847,892,665,1847,797770.52,8231.83,54,81,93,64,81,1184,0,0,0,427,1130,0
33171,5,-0.08,-0.03,-0.55,-0.4,1,0.2,0.2,0.15,30,66.09,1840,1677,114,1563,687,0,530,0,346,0,2,161,7,1847,1033,530,1847,978028.71,10043.81,87,160,151,103,104,958,0,0,687,0,876,0
33172,5,-0.08,-0.03,-0.55,-0.4,1,0.2,0.2,0.15,40,58.89,1841,1678,114,1564,721,483,124,36,86,114,2,161,6,1847,921,643,1847,761528.06,7830.35,141,240,240,155,170,123,97,398,721,483,210,150
33173,5,-0.08,-0.03,-0.55,-0.4,1,0.2,0.2,0.15,40,55.26,1836,1673,133,1540,0,503,146,40,267,584,2,161,11,1847,851,689,1847,906785.42,9366.8,54,81,93,64,81,54,71,1042,0,503,413,624
33174,5,-0.08,-0.03,-0.55,-0.4,1,0.2,0.2,0.15,40,67.31,1840,1677,126,1551,776,0,378,129,97,171,2,161,7,1847,1044,507,1847,1120510.27,11500.77,87,160,151,103,104,82,68,796,776,0,475,300
33175,5,-0.08,-0.03,-0.55,-0.4,1,0.2,0.2,0.15,50,58.18,1841,1678,114,1564,723,496,0,158,0,187,2,161,6,1847,910,654,1847,739285.57,7601.56,141,240,240,155,170,123,97,398,723,496,0,345
33176,5,-0.08,-0.03,-0.55,-0.4,1,0.2,0.2,0.15,50,54.09,1836,1673,133,1540,0,518,0,189,0,833,2,161,11,1847,833,707,1847,866061.73,8947.2,54,81,93,64,81,54,71,1042,0,518,0,1022
33177,5,-0.08,-0.03,-0.55,-0.4,1,0.2,0.2,0.15,50,66.6,1840,1677,126,1551,778,0,0,518,0,255,2,161,7,1847,1033,518,1847,1078961.04,11061.83,87,160,151,103,104,82,68,796,778,0,0,773
33178,5,-0.08,-0.03,-0.55,-0.4,1,0.2,0.2,0.15,60,58.18,1841,1678,114,1564,723,496,0,158,0,187,2,161,6,1847,910,654,1847,739285.57,7601.56,141,240,240,155,170,123,97,398,723,496,0,345
33179,5,-0.08,-0.03,-0.55,-0.4,1,0.2,0.2,0.15,60,54.09,1836,1673,133,1540,0,518,0,189,0,833,2,161,11,1847,833,707,1847,866061.73,8947.2,54,81,93,64,81,54,71,1042,0,518,0,1022
33180,5,-0.08,-0.03,-0.55,-0.4,1,0.2,0.2,0.15,60,66.6,1840,1677,126,1551,778,0,0,518,0,255,2,161,7,1847,1033,518,1847,1078961.04,11061.83,87,160,151,103,104,82,68,796,778,0,0,773
33181,5,-0.08,-0.03,-0.55,-0.4,2,0.1,0.1,0.15,20,69.72,1842,1679,44,1635,1012,264,231,0,128,0,2,161,5,1847,1140,495,1847,549085.99,6650.65,580,338,221,496,0,0,0,0,1012,264,359,0
33182,5,-0.08,-0.03,-0.55,-0.4,2,0.1,0.1,0.15,20,62.4,1840,1677,60,1617,0,292,316,0,1009,0,2,161,7,1847,1009,608,1847,1028972.78,11015.73,54,81,93,1389,0,0,0,0,0,292,1325,0
33183,5,-0.08,-0.03,-0.55,-0.4,2,0.1,0.1,0.15,20,74.17,1841,1678,44,1634,1062,0,422,0,150,0,2,161,6,1847,1212,422,1847,725439.88,7897.17,529,275,158,672,0,0,0,0,1062,0,572,0
33184,5,-0.08,-0.03,-0.55,-0.4,2,0.1,0.1,0.15,30,71.96,1842,1679,74,1605,1103,350,100,0,52,0,2,161,5,1847,1155,450,1847,537020.94,6892.51,580,338,221,137,107,222,0,0,1103,350,152,0
33185,5,-0.08,-0.03,-0.55,-0.4,2,0.1,0.1,0.15,30,59.34,1839,1676,119,1557,0,427,206,0,924,0,2,161,8,1847,924,633,1847,1079261.62,11596.43,54,81,93,64,81,1184,0,0,0,427,1130,0
33186,5,-0.08,-0.03,-0.55,-0.4,2,0.1,0.1,0.15,30,80.49,1841,1678,84,1594,1206,0,311,0,77,0,2,161,6,1847,1283,311,1847,900774.14,9151.13,529,275,158,100,95,437,0,0,1206,0,388,0
33187,5,-0.08,-0.03,-0.55,-0.4,2,0.1,0.1,0.15,40,72.72,1842,1679,77,1602,1134,382,47,8,22,9,2,161,5,1847,1165,437,1847,537993.19,7018.41,580,338,221,137,107,70,34,115,1134,382,69,17
33188,5,-0.08,-0.03,-0.55,-0.4,2,0.1,0.1,0.15,40,57.73,1836,1673,133,1540,0,503,120,28,293,596,2,161,11,1847,889,651,1847,1214304.41,13029.93,54,81,93,64,81,54,71,1042,0,503,413,624
33189,5,-0.08,-0.03,-0.55,-0.4,2,0.1,0.1,0.15,40,83.95,1841,1678,89,1589,1271,0,200,55,34,29,2,161,6,1847,1334,255,1847,1046388.88,10006.89,529,275,158,100,95,49,36,347,1271,0,234,84
33190,5,-0.08,-0.03,-0.55,-0.4,2,0.1,0.1,0.15,50,72.22,1842,1679,77,1602,1134,388,0,57,0,23,2,161,5,1847,1157,445,1847,523021.44,6928.77,580,338,221,137,107,70,34,115,1134,388,0,80
33191,5,-0.08,-0.03,-0.55,-0.4,2,0.1,0.1,0.15,50,56.23,1836,1673,133,1540,0,518,0,156,0,866,2,161,11,1847,866,674,1847,1160053.78,12623.84,54,81,93,64,81,54,71,1042,0,518,0,1022
33192,5,-0.08,-0.03,-0.55,-0.4,2,0.1,0.1,0.15,50,83.76,1841,1678,89,1589,1271,0,0,258,0,60,2,161,6,1847,1331,258,1847,1006674.87,9790.87,529,275,158,100,95,49,36,347,1271,0,0,318
33193,5,-0.08,-0.03,-0.55,-0.4,2,0.1,0.1,0.15,60,72.22,1842,1679,77,1602,1134,388,0,57,0,23,2,161,5,1847,1157,445,1847,523021.44,6928.77,580,338,221,137,107,70,34,115,1134,388,0,80
33194,5,-0.08,-0.03,-0.55,-0.4,2,0.1,0.1,0.15,60,56.23,1836,1673,133,1540,0,518,0,156,0,866,2,161,11,1847,866,674,1847,1160053.78,12623.84,54,81,93,64,81,54,71,1042,0,518,0,1022
33195,5,-0.08,-0.03,-0.55,-0.4,2,0.1,0.1,0.15,60,83.76,1841,1678,89,1589,1271,0,0,258,0,60,2,161,6,1847,1331,258,1847,1006674.87,9790.87,529,275,158,100,95,49,36,347,1271,0,0,318
33196,5,-0.08,-0.03,-0.55,-0.4,2,0.1,0.2,0.15,20,63.32,1841,1678,56,1622,517,291,304,0,510,0,2,161,6,1847,1027,595,1847,872207.91,9650.75,142,246,258,976,0,0,0,0,517,291,814,0
33197,5,-0.08,-0.03,-0.55,-0.4,2,0.1,0.2,0.15,20,62.4,1840,1677,60,1617,0,292,316,0,1009,0,2,161,7,1847,1009,608,1847,1028972.78,11015.73,54,81,93,1389,0,0,0,0,0,292,1325,0
33198,5,-0.08,-0.03,-0.55,-0.4,2,0.1,0.2,0.15,20,67.98,1840,1677,56,1621,545,0,519,0,557,0,2,161,7,1847,1102,519,1847,1099475.99,11208.4,88,168,176,1189,0,0,0,0,545,0,1076,0
33199,5,-0.08,-0.03,-0.55,-0.4,2,0.1,0.2,0.15,30,61.94,1841,1678,104,1574,686,418,181,0,289,0,2,161,6,1847,975,599,1847,925788.94,10398.61,142,246,258,162,176,590,0,0,686,418,470,0
33200,5,-0.08,-0.03,-0.55,-0.4,2,0.1,0.2,0.15,30,59.34,1839,1676,119,1557,0,427,206,0,924,0,2,161,8,1847,924,633,1847,1079261.62,11596.43,54,81,93,64,81,1184,0,0,0,427,1130,0
33201,5,-0.08,-0.03,-0.55,-0.4,2,0.1,0.2,0.15,30,70.7,1840,1677,114,1563,748,0,458,0,357,0,2,161,7,1847,1105,458,1847,1401076.94,13302.69,88,168,176,113,112,906,0,0,748,0,815,0
33202,5,-0.08,-0.03,-0.55,-0.4,2,0.1,0.2,0.15,40,61.21,1841,1678,113,1565,760,481,101,25,98,100,2,161,6,1847,958,607,1847,968479.8,10953.56,142,246,258,162,176,120,94,367,760,481,199,125
33203,5,-0.08,-0.03,-0.55,-0.4,2,0.1,0.2,0.15,40,57.73,1836,1673,133,1540,0,503,120,28,293,596,2,161,11,1847,889,651,1847,1214304.41,13029.93,54,81,93,64,81,54,71,1042,0,503,413,624
33204,5,-0.08,-0.03,-0.55,-0.4,2,0.1,0.2,0.15,40,73.2,1840,1677,125,1552,849,0,327,89,127,160,2,161,7,1847,1136,416,1847,1644646.0,14914.24,88,168,176,113,112,91,66,738,849,0,454,249
33205,5,-0.08,-0.03,-0.55,-0.4,2,0.1,0.2,0.15,50,60.32,1841,1678,113,1565,762,494,0,127,0,182,2,161,6,1847,944,621,1847,937417.32,10753.8,142,246,258,162,176,120,94,367,762,494,0,309
33206,5,-0.08,-0.03,-0.55,-0.4,2,0.1,0.2,0.15,50,56.23,1836,1673,133,1540,0,518,0,156,0,866,2,161,11,1847,866,674,1847,1160053.78,12623.84,54,81,93,64,81,54,71,1042,0,518,0,1022
33207,5,-0.08,-0.03,-0.55,-0.4,2,0.1,0.2,0.15,50,72.68,1840,1677,125,1552,852,0,0,424,0,276,2,161,7,1847,1128,424,1847,1578237.46,14520.27,88,168,176,113,112,91,66,738,852,0,0,700
33208,5,-0.08,-0.03,-0.55,-0.4,2,0.1,0.2,0.15,60,60.32,1841,1678,113,1565,762,494,0,127,0,182,2,161,6,1847,944,621,1847,937417.32,10753.8,142,246,258,162,176,120,94,367,762,494,0,309
33209,5,-0.08,-0.03,-0.55,-0.4,2,0.1,0.2,0.15,60,56.23,1836,1673,133,1540,0,518,0,156,0,866,2,161,11,1847,866,674,1847,1160053.78,12623.84,54,81,93,64,81,54,71,1042,0,518,0,1022
33210,5,-0.08,-0.03,-0.55,-0.4,2,0.1,0.2,0.15,60,72.68,1840,1677,125,1552,852,0,0,424,0,276,2,161,7,1847,1128,424,1847,1578237.46,14520.27,88,168,176,113,112,91,66,738,852,0,0,700
33211,5,-0.08,-0.03,-0.55,-0.4,2,0.2,0.1,0.15,20,65.99,1842,1679,44,1635,960,268,288,0,119,0,2,161,5,1847,1079,556,1847,425941.16,4389.79,562,317,206,550,0,0,0,0,960,268,407,0
33212,5,-0.08,-0.03,-0.55,-0.4,2,0.2,0.1,0.15,20,58.75,1840,1677,60,1617,0,292,375,0,950,0,2,161,7,1847,950,667,1847,795037.6,8205.44,54,81,93,1389,0,0,0,0,0,292,1325,0
33213,5,-0.08,-0.03,-0.55,-0.4,2,0.2,0.1,0.15,20,68.73,1841,1678,44,1634,994,0,511,0,129,0,2,161,6,1847,1123,511,1847,533758.91,5481.33,510,247,136,741,0,0,0,0,994,0,640,0
33214,5,-0.08,-0.03,-0.55,-0.4,2,0.2,0.1,0.15,30,69.47,1842,1679,74,1605,1061,363,127,0,54,0,2,161,5,1847,1115,490,1847,438336.71,4503.27,562,317,206,143,112,265,0,0,1061,363,181,0
33215,5,-0.08,-0.03,-0.55,-0.4,2,0.2,0.1,0.15,30,57.29,1839,1676,119,1557,0,427,238,0,892,0,2,161,8,1847,892,665,1847,797770.52,8231.83,54,81,93,64,81,1184,0,0,0,427,1130,0
33216,5,-0.08,-0.03,-0.55,-0.4,2,0.2,0.1,0.15,30,75.28,1841,1678,84,1594,1129,0,394,0,71,0,2,161,6,1847,1200,394,1847,647017.59,6644.15,510,247,136,101,76,524,0,0,1129,0,465,0
33217,5,-0.08,-0.03,-0.55,-0.4,2,0.2,0.1,0.15,40,69.83,1842,1679,78,1601,1092,400,65,18,17,9,2,161,5,1847,1118,483,1847,440870.99,4533.56,562,317,206,143,112,84,40,137,1092,400,82,27
33218,5,-0.08,-0.03,-0.55,-0.4,2,0.2,0.1,0.15,40,55.26,1836,1673,133,1540,0,503,146,40,267,584,2,161,11,1847,851,689,1847,906785.42,9366.8,54,81,93,64,81,54,71,1042,0,503,413,624
33219,5,-0.08,-0.03,-0.55,-0.4,2,0.2,0.1,0.15,40,77.71,1841,1678,90,1588,1186,0,256,98,20,28,2,161,6,1847,1234,354,1847,724370.91,7424.41,510,247,136,101,76,59,28,431,1186,0,276,126
33220,5,-0.08,-0.03,-0.55,-0.4,2,0.2,0.1,0.15,50,69.58,1842,1679,78,1601,1092,407,0,80,0,22,2,161,5,1847,1114,487,1847,431033.53,4432.94,562,317,206,143,112,84,40,137,1092,407,0,102
33221,5,-0.08,-0.03,-0.55,-0.4,2,0.2,0.1,0.15,50,54.09,1836,1673,133,1540,0,518,0,189,0,833,2,161,11,1847,833,707,1847,866061.73,8947.2,54,81,93,64,81,54,71,1042,0,518,0,1022
33222,5,-0.08,-0.03,-0.55,-0.4,2,0.2,0.1,0.15,50,77.58,1841,1678,90,1588,1187,0,0,356,0,45,2,161,6,1847,1232,356,1847,702123.11,7187.07,510,247,136,101,76,59,28,431,1187,0,0,401
33223,5,-0.08,-0.03,-0.55,-0.4,2,0.2,0.1,0.15,60,69.58,1842,1679,78,1601,1092,407,0,80,0,22,2,161,5,1847,1114,487,1847,431033.53,4432.94,562,317,206,143,112,84,40,137,1092,407,0,102
33224,5,-0.08,-0.03,-0.55,-0.4,2,0.2,0.1,0.15,60,54.09,1836,1673,133,1540,0,518,0,189,0,833,2,161,11,1847,833,707,1847,866061.73,8947.2,54,81,93,64,81,54,71,1042,0,518,0,1022
33225,5,-0.08,-0.03,-0.55,-0.4,2,0.2,0.1,0.15,60,77.58,1841,1678,90,1588,1187,0,0,356,0,45,2,161,6,1847,1232,356,1847,702123.11,7187.07,510,247,136,101,76,59,28,431,1187,0,0,401
33226,5,-0.08,-0.03,-0.55,-0.4,2,0.2,0.2,0.15,20,59.62,1841,1678,56,1622,485,291,364,0,482,0,2,161,6,1847,967,655,1847,679869.97,7005.96,141,240,240,1001,0,0,0,0,485,291,846,0
33227,5,-0.08,-0.03,-0.55,-0.4,2,0.2,0.2,0.15,20,58.75,1840,1677,60,1617,0,292,375,0,950,0,2,161,7,1847,950,667,1847,795037.6,8205.44,54,81,93,1389,0,0,0,0,0,292,1325,0
33228,5,-0.08,-0.03,-0.55,-0.4,2,0.2,0.2,0.15,20,62.31,1840,1677,56,1621,501,0,611,0,509,0,2,161,7,1847,1010,611,1847,806067.86,8291.94,87,160,151,1223,0,0,0,0,501,0,1120,0
33229,5,-0.08,-0.03,-0.55,-0.4,2,0.2,0.2,0.15,30,59.85,1841,1678,104,1574,650,419,213,0,292,0,2,161,6,1847,942,632,1847,724356.86,7441.0,141,240,240,155,170,628,0,0,650,419,505,0
33230,5,-0.08,-0.03,-0.55,-0.4,2,0.2,0.2,0.15,30,57.29,1839,1676,119,1557,0,427,238,0,892,0,2,161,8,1847,892,665,1847,797770.52,8231.83,54,81,93,64,81,1184,0,0,0,427,1130,0
33231,5,-0.08,-0.03,-0.55,-0.4,2,0.2,0.2,0.15,30,66.09,1840,1677,114,1563,687,0,530,0,346,0,2,161,7,1847,1033,530,1847,978028.71,10043.81,87,160,151,103,104,958,0,0,687,0,876,0
33232,5,-0.08,-0.03,-0.55,-0.4,2,0.2,0.2,0.15,40,58.89,1841,1678,114,1564,721,483,124,36,86,114,2,161,6,1847,921,643,1847,761528.06,7830.35,141,240,240,155,170,123,97,398,721,483,210,150
33233,5,-0.08,-0.03,-0.55,-0.4,2,0.2,0.2,0.15,40,55.26,1836,1673,133,1540,0,503,146,40,267,584,2,161,11,1847,851,689,1847,906785.42,9366.8,54,81,93,64,81,54,71,1042,0,503,413,624
33234,5,-0.08,-0.03,-0.55,-0.4,2,0.2,0.2,0.15,40,67.31,1840,1677,126,1551,776,0,378,129,97,171,2,161,7,1847,1044,507,1847,1120510.27,11500.77,87,160,151,103,104,82,68,796,776,0,475,300
33235,5,-0.08,-0.03,-0.55,-0.4,2,0.2,0.2,0.15,50,58.18,1841,1678,114,1564,723,496,0,158,0,187,2,161,6,1847,910,654,1847,739285.57,7601.56,141,240,240,155,170,123,97,398,723,496,0,345
33236,5,-0.08,-0.03,-0.55,-0.4,2,0.2,0.2,0.15,50,54.09,1836,1673,133,1540,0,518,0,189,0,833,2,161,11,1847,833,707,1847,866061.73,8947.2,54,81,93,64,81,54,71,1042,0,518,0,1022
33237,5,-0.08,-0.03,-0.55,-0.4,2,0.2,0.2,0.15,50,66.6,1840,1677,126,1551,778,0,0,518,0,255,2,161,7,1847,1033,518,1847,1078961.04,11061.83,87,160,151,103,104,82,68,796,778,0,0,773
33238,5,-0.08,-0.03,-0.55,-0.4,2,0.2,0.2,0.15,60,58.18,1841,1678,114,1564,723,496,0,158,0,187,2,161,6,1847,910,654,1847,739285.57,7601.56,141,240,240,155,170,123,97,398,723,496,0,345
33239,5,-0.08,-0.03,-0.55,-0.4,2,0.2,0.2,0.15,60,54.09,1836,1673,133,1540,0,518,0,189,0,833,2,161,11,1847,833,707,1847,866061.73,8947.2,54,81,93,64,81,54,71,1042,0,518,0,1022
33240,5,-0.08,-0.03,-0.55,-0.4,2,0.2,0.2,0.15,60,66.6,1840,1677,126,1551,778,0,0,518,0,255,2,161,7,1847,1033,518,1847,1078961.04,11061.83,87,160,151,103,104,82,68,796,778,0,0,773
33241,5,-0.08,-0.03,-0.55,-0.35,1,0.1,0.1,0.15,20,65.19,2735,2545,66,2479,1423,402,461,0,193,0,2,188,15,2750,1616,863,2750,613692.93,6316.7,812,484,330,853,0,0,0,0,1423,402,654,0
33242,5,-0.08,-0.03,-0.55,-0.35,1,0.1,0.1,0.15,20,57.25,2732,2542,86,2456,0,444,606,0,1406,0,2,188,18,2750,1406,1050,2750,998881.38,10331.43,89,129,133,2105,0,0,0,0,0,444,2012,0
33243,5,-0.08,-0.03,-0.55,-0.35,1,0.1,0.1,0.15,20,68.07,2732,2542,68,2474,1466,0,790,0,218,0,2,188,18,2750,1684,790,2750,780937.18,8007.29,725,372,228,1149,0,0,0,0,1466,0,1008,0
33244,5,-0.08,-0.03,-0.55,-0.35,1,0.1,0.1,0.15,30,68.99,2735,2545,110,2435,1590,540,215,0,90,0,2,188,15,2750,1680,755,2750,655418.31,6743.44,812,484,330,199,170,440,0,0,1590,540,305,0
33245,5,-0.08,-0.03,-0.55,-0.35,1,0.1,0.1,0.15,30,56.37,2731,2541,169,2372,0,640,395,0,1337,0,2,188,19,2750,1337,1035,2750,1018927.87,10574.78,89,129,133,93,123,1805,0,0,0,640,1732,0
33246,5,-0.08,-0.03,-0.55,-0.35,1,0.1,0.1,0.15,30,74.72,2732,2542,125,2417,1683,0,611,0,123,0,2,188,18,2750,1806,611,2750,986898.97,10131.79,725,372,228,141,114,837,0,0,1683,0,734,0
33247,5,-0.08,-0.03,-0.55,-0.35,1,0.1,0.1,0.15,40,69.52,2735,2545,117,2428,1642,604,103,33,25,21,2,188,15,2750,1688,740,2750,651168.13,6704.42,812,484,330,199,170,135,66,232,1642,604,128,54
33248,5,-0.08,-0.03,-0.55,-0.35,1,0.1,0.1,0.15,40,54.38,2728,2538,188,2350,0,764,239,69,429,849,2,188,22,2750,1278,1072,2750,1119631.89,11566.82,89,129,133,93,123,73,109,1601,0,764,668,918
33249,5,-0.08,-0.03,-0.55,-0.35,1,0.1,0.1,0.15,40,77.37,2732,2542,134,2408,1775,0,386,159,33,55,2,188,18,2750,1863,545,2750,1083438.4,11105.26,725,372,228,141,114,103,50,675,1775,0,419,214
33250,5,-0.08,-0.03,-0.55,-0.35,1,0.1,0.1,0.15,50,69.19,2735,2545,117,2428,1642,614,0,134,0,38,2,188,15,2750,1680,748,2750,637457.91,6561.51,812,484,330,199,170,135,66,232,1642,614,0,172
33251,5,-0.08,-0.03,-0.55,-0.35,1,0.1,0.1,0.15,50,53.23,2728,2538,188,2350,0,787,0,312,0,1251,2,188,22,2750,1251,1099,2750,1053186.38,10874.96,89,129,133,93,123,73,109,1601,0,787,0,1563
33252,5,-0.08,-0.03,-0.55,-0.35,1,0.1,0.1,0.15,50,77.2,2732,2542,134,2408,1777,0,0,549,0,82,2,188,18,2750,1859,549,2750,1056396.22,10817.3,725,372,228,141,114,103,50,675,1777,0,0,631
33253,5,-0.08,-0.03,-0.55,-0.35,1,0.1,0.1,0.15,60,69.19,2735,2545,117,2428,1642,614,0,134,0,38,2,188,15,2750,1680,748,2750,637457.91,6561.51,812,484,330,199,170,135,66,232,1642,614,0,172
33254,5,-0.08,-0.03,-0.55,-0.35,1,0.1,0.1,0.15,60,53.23,2728,2538,188,2350,0,787,0,312,0,1251,2,188,22,2750,1251,1099,2750,1053186.38,10874.96,89,129,133,93,123,73,109,1601,0,787,0,1563
33255,5,-0.08,-0.03,-0.55,-0.35,1,0.1,0.1,0.15,60,77.2,2732,2542,134,2408,1777,0,0,549,0,82,2,188,18,2750,1859,549,2750,1056396.22,10817.3,725,372,228,141,114,103,50,675,1777,0,0,631
33256,5,-0.08,-0.03,-0.55,-0.35,1,0.1,0.2,0.15,20,58.2,2734,2544,80,2464,671,441,589,0,763,0,2,188,16,2750,1434,1030,2750,901860.09,9286.22,202,339,344,1579,0,0,0,0,671,441,1352,0
33257,5,-0.08,-0.03,-0.55,-0.35,1,0.1,0.2,0.15,20,57.25,2732,2542,86,2456,0,444,606,0,1406,0,2,188,18,2750,1406,1050,2750,998881.38,10331.43,89,129,133,2105,0,0,0,0,0,444,2012,0
33258,5,-0.08,-0.03,-0.55,-0.35,1,0.1,0.2,0.15,20,60.88,2731,2541,82,2459,688,0,962,0,809,0,2,188,19,2750,1497,962,2750,1085850.07,11154.82,113,211,215,1920,0,0,0,0,688,0,1771,0
33259,5,-0.08,-0.03,-0.55,-0.35,1,0.1,0.2,0.15,30,58.81,2734,2544,148,2396,910,627,360,0,499,0,2,188,16,2750,1409,987,2750,992439.37,10206.91,202,339,344,227,261,1023,0,0,910,627,859,0
33260,5,-0.08,-0.03,-0.55,-0.35,1,0.1,0.2,0.15,30,56.37,2731,2541,169,2372,0,640,395,0,1337,0,2,188,19,2750,1337,1035,2750,1018927.87,10574.78,89,129,133,93,123,1805,0,0,0,640,1732,0
33261,5,-0.08,-0.03,-0.55,-0.35,1,0.1,0.2,0.15,30,64.89,2731,2541,163,2378,957,0,835,0,586,0,2,188,19,2750,1543,835,2750,1379262.85,14160.51,113,211,215,149,160,1530,0,0,957,0,1421,0
33262,5,-0.08,-0.03,-0.55,-0.35,1,0.1,0.2,0.15,40,57.89,2734,2544,162,2382,1017,732,206,65,151,211,2,188,16,2750,1379,1003,2750,1025941.07,10573.93,202,339,344,227,261,164,146,699,1017,732,357,276
33263,5,-0.08,-0.03,-0.55,-0.35,1,0.1,0.2,0.15,40,54.38,2728,2538,188,2350,0,764,239,69,429,849,2,188,22,2750,1278,1072,2750,1119631.89,11566.82,89,129,133,93,123,73,109,1601,0,764,668,918
33264,5,-0.08,-0.03,-0.55,-0.35,1,0.1,0.2,0.15,40,66.05,2731,2541,179,2362,1090,0,592,210,172,298,2,188,19,2750,1560,802,2750,1557342.33,15993.67,113,211,215,149,160,109,105,1300,1090,0,764,508
33265,5,-0.08,-0.03,-0.55,-0.35,1,0.1,0.2,0.15,50,57.14,2734,2544,162,2382,1022,752,0,269,0,339,2,188,16,2750,1361,1021,2750,990313.37,10206.05,202,339,344,227,261,164,146,699,1022,752,0,608
33266,5,-0.08,-0.03,-0.55,-0.35,1,0.1,0.2,0.15,50,53.23,2728,2538,188,2350,0,787,0,312,0,1251,2,188,22,2750,1251,1099,2750,1053186.38,10874.96,89,129,133,93,123,73,109,1601,0,787,0,1563
33267,5,-0.08,-0.03,-0.55,-0.35,1,0.1,0.2,0.15,50,65.41,2731,2541,179,2362,1095,0,0,817,0,450,2,188,19,2750,1545,817,2750,1501060.38,15404.03,113,211,215,149,160,109,105,1300,1095,0,0,1267
33268,5,-0.08,-0.03,-0.55,-0.35,1,0.1,0.2,0.15,60,57.14,2734,2544,162,2382,1022,752,0,269,0,339,2,188,16,2750,1361,1021,2750,990313.37,10206.05,202,339,344,227,261,164,146,699,1022,752,0,608
33269,5,-0.08,-0.03,-0.55,-0.35,1,0.1,0.2,0.15,60,53.23,2728,2538,188,2350,0,787,0,312,0,1251,2,188,22,2750,1251,1099,2750,1053186.38,10874.96,89,129,133,93,123,73,109,1601,0,787,0,1563
33270,5,-0.08,-0.03,-0.55,-0.35,1,0.1,0.2,0.15,60,65.41,2731,2541,179,2362,1095,0,0,817,0,450,2,188,19,2750,1545,817,2750,1501060.38,15404.03,113,211,215,149,160,109,105,1300,1095,0,0,1267
33271,5,-0.08,-0.03,-0.55,-0.35,1,0.2,0.1,0.15,20,65.19,2735,2545,66,2479,1423,402,461,0,193,0,2,188,15,2750,1616,863,2750,613692.93,6316.7,812,484,330,853,0,0,0,0,1423,402,654,0
33272,5,-0.08,-0.03,-0.55,-0.35,1,0.2,0.1,0.15,20,57.25,2732,2542,86,2456,0,444,606,0,1406,0,2,188,18,2750,1406,1050,2750,998881.38,10331.43,89,129,133,2105,0,0,0,0,0,444,2012,0
33273,5,-0.08,-0.03,-0.55,-0.35,1,0.2,0.1,0.15,20,68.07,2732,2542,68,2474,1466,0,790,0,218,0,2,188,18,2750,1684,790,2750,780937.18,8007.29,725,372,228,1149,0,0,0,0,1466,0,1008,0
33274,5,-0.08,-0.03,-0.55,-0.35,1,0.2,0.1,0.15,30,68.99,2735,2545,110,2435,1590,540,215,0,90,0,2,188,15,2750,1680,755,2750,655418.31,6743.44,812,484,330,199,170,440,0,0,1590,540,305,0
33275,5,-0.08,-0.03,-0.55,-0.35,1,0.2,0.1,0.15,30,56.37,2731,2541,169,2372,0,640,395,0,1337,0,2,188,19,2750,1337,1035,2750,1018927.87,10574.78,89,129,133,93,123,1805,0,0,0,640,1732,0
33276,5,-0.08,-0.03,-0.55,-0.35,1,0.2,0.1,0.15,30,74.72,2732,2542,125,2417,1683,0,611,0,123,0,2,188,18,2750,1806,611,2750,986898.97,10131.79,725,372,228,141,114,837,0,0,1683,0,734,0
33277,5,-0.08,-0.03,-0.55,-0.35,1,0.2,0.1,0.15,40,69.52,2735,2545,117,2428,1642,604,103,33,25,21,2,188,15,2750,1688,740,2750,651168.13,6704.42,812,484,330,199,170,135,66,232,1642,604,128,54
33278,5,-0.08,-0.03,-0.55,-0.35,1,0.2,0.1,0.15,40,54.38,2728,2538,188,2350,0,764,239,69,429,849,2,188,22,2750,1278,1072,2750,1119631.89,11566.82,89,129,133,93,123,73,109,1601,0,764,668,918
33279,5,-0.08,-0.03,-0.55,-0.35,1,0.2,0.1,0.15,40,77.37,2732,2542,134,2408,1775,0,386,159,33,55,2,188,18,2750,1863,545,2750,1083438.4,11105.26,725,372,228,141,114,103,50,675,1775,0,419,214
33280,5,-0.08,-0.03,-0.55,-0.35,1,0.2,0.1,0.15,50,69.19,2735,2545,117,2428,1642,614,0,134,0,38,2,188,15,2750,1680,748,2750,637457.91,6561.51,812,484,330,199,170,135,66,232,1642,614,0,172
33281,5,-0.08,-0.03,-0.55,-0.35,1,0.2,0.1,0.15,50,53.23,2728,2538,188,2350,0,787,0,312,0,1251,2,188,22,2750,1251,1099,2750,1053186.38,10874.96,89,129,133,93,123,73,109,1601,0,787,0,1563
33282,5,-0.08,-0.03,-0.55,-0.35,1,0.2,0.1,0.15,50,77.2,2732,2542,134,2408,1777,0,0,549,0,82,2,188,18,2750,1859,549,2750,1056396.22,10817.3,725,372,228,141,114,103,50,675,1777,0,0,631
33283,5,-0.08,-0.03,-0.55,-0.35,1,0.2,0.1,0.15,60,69.19,2735,2545,117,2428,1642,614,0,134,0,38,2,188,15,2750,1680,748,2750,637457.91,6561.51,812,484,330,199,170,135,66,232,1642,614,0,172
33284,5,-0.08,-0.03,-0.55,-0.35,1,0.2,0.1,0.15,60,53.23,2728,2538,188,2350,0,787,0,312,0,1251,2,188,22,2750,1251,1099,2750,1053186.38,10874.96,89,129,133,93,123,73,109,1601,0,787,0,1563
33285,5,-0.08,-0.03,-0.55,-0.35,1,0.2,0.1,0.15,60,77.2,2732,2542,134,2408,1777,0,0,549,0,82,2,188,18,2750,1859,549,2750,1056396.22,10817.3,725,372,228,141,114,103,50,675,1777,0,0,631
33286,5,-0.08,-0.03,-0.55,-0.35,1,0.2,0.2,0.15,20,58.2,2734,2544,80,2464,671,441,589,0,763,0,2,188,16,2750,1434,1030,2750,901860.09,9286.22,202,339,344,1579,0,0,0,0,671,441,1352,0
33287,5,-0.08,-0.03,-0.55,-0.35,1,0.2,0.2,0.15,20,57.25,2732,2542,86,2456,0,444,606,0,1406,0,2,188,18,2750,1406,1050,2750,998881.38,10331.43,89,129,133,2105,0,0,0,0,0,444,2012,0
33288,5,-0.08,-0.03,-0.55,-0.35,1,0.2,0.2,0.15,20,60.88,2731,2541,82,2459,688,0,962,0,809,0,2,188,19,2750,1497,962,2750,1085850.07,11154.82,113,211,215,1920,0,0,0,0,688,0,1771,0
33289,5,-0.08,-0.03,-0.55,-0.35,1,0.2,0.2,0.15,30,58.81,2734,2544,148,2396,910,627,360,0,499,0,2,188,16,2750,1409,987,2750,992439.37,10206.91,202,339,344,227,261,1023,0,0,910,627,859,0
33290,5,-0.08,-0.03,-0.55,-0.35,1,0.2,0.2,0.15,30,56.37,2731,2541,169,2372,0,640,395,0,1337,0,2,188,19,2750,1337,1035,2750,1018927.87,10574.78,89,129,133,93,123,1805,0,0,0,640,1732,0
33291,5,-0.08,-0.03,-0.55,-0.35,1,0.2,0.2,0.15,30,64.89,2731,2541,163,2378,957,0,835,0,586,0,2,188,19,2750,1543,835,2750,1379262.85,14160.51,113,211,215,149,160,1530,0,0,957,0,1421,0
33292,5,-0.08,-0.03,-0.55,-0.35,1,0.2,0.2,0.15,40,57.89,2734,2544,162,2382,1017,732,206,65,151,211,2,188,16,2750,1379,1003,2750,1025941.07,10573.93,202,339,344,227,261,164,146,699,1017,732,357,276
33293,5,-0.08,-0.03,-0.55,-0.35,1,0.2,0.2,0.15,40,54.38,2728,2538,188,2350,0,764,239,69,429,849,2,188,22,2750,1278,1072,2750,1119631.89,11566.82,89,129,133,93,123,73,109,1601,0,764,668,918
33294,5,-0.08,-0.03,-0.55,-0.35,1,0.2,0.2,0.15,40,66.05,2731,2541,179,2362,1090,0,592,210,172,298,2,188,19,2750,1560,802,2750,1557342.33,15993.67,113,211,215,149,160,109,105,1300,1090,0,764,508
33295,5,-0.08,-0.03,-0.55,-0.35,1,0.2,0.2,0.15,50,57.14,2734,2544,162,2382,1022,752,0,269,0,339,2,188,16,2750,1361,1021,2750,990313.37,10206.05,202,339,344,227,261,164,146,699,1022,752,0,608
33296,5,-0.08,-0.03,-0.55,-0.35,1,0.2,0.2,0.15,50,53.23,2728,2538,188,2350,0,787,0,312,0,1251,2,188,22,2750,1251,1099,2750,1053186.38,10874.96,89,129,133,93,123,73,109,1601,0,787,0,1563
33297,5,-0.08,-0.03,-0.55,-0.35,1,0.2,0.2,0.15,50,65.41,2731,2541,179,2362,1095,0,0,817,0,450,2,188,19,2750,1545,817,2750,1501060.38,15404.03,113,211,215,149,160,109,105,1300,1095,0,0,1267
33298,5,-0.08,-0.03,-0.55,-0.35,1,0.2,0.2,0.15,60,57.14,2734,2544,162,2382,1022,752,0,269,0,339,2,188,16,2750,1361,1021,2750,990313.37,10206.05,202,339,344,227,261,164,146,699,1022,752,0,608
33299,5,-0.08,-0.03,-0.55,-0.35,1,0.2,0.2,0.15,60,53.23,2728,2538,188,2350,0,787,0,312,0,1251,2,188,22,2750,1251,1099,2750,1053186.38,10874.96,89,129,133,93,123,73,109,1601,0,787,0,1563
33300,5,-0.08,-0.03,-0.55,-0.35,1,0.2,0.2,0.15,60,65.41,2731,2541,179,2362,1095,0,0,817,0,450,2,188,19,2750,1545,817,2750,1501060.38,15404.03,113,211,215,149,160,109,105,1300,1095,0,0,1267
33301,5,-0.08,-0.03,-0.55,-0.35,2,0.1,0.1,0.15,20,69.22,2735,2545,66,2479,1508,395,368,0,208,0,2,188,15,2750,1716,763,2750,815021.13,9849.3,839,522,344,774,0,0,0,0,1508,395,576,0
33302,5,-0.08,-0.03,-0.55,-0.35,2,0.1,0.1,0.15,20,61.24,2732,2542,86,2456,0,444,508,0,1504,0,2,188,18,2750,1504,952,2750,1317786.59,14594.42,89,129,133,2105,0,0,0,0,0,444,2012,0
33303,5,-0.08,-0.03,-0.55,-0.35,2,0.1,0.1,0.15,20,73.81,2732,2542,68,2474,1579,0,648,0,247,0,2,188,18,2750,1826,648,2750,1094174.4,11815.96,753,421,254,1046,0,0,0,0,1579,0,895,0
33304,5,-0.08,-0.03,-0.55,-0.35,2,0.1,0.1,0.15,30,71.95,2735,2545,110,2435,1663,521,162,0,89,0,2,188,15,2750,1752,683,2750,830956.76,10451.36,839,522,344,198,175,357,0,0,1663,521,251,0
33305,5,-0.08,-0.03,-0.55,-0.35,2,0.1,0.1,0.15,30,58.9,2731,2541,169,2372,0,640,335,0,1397,0,2,188,19,2750,1397,975,2750,1428761.49,15692.83,89,129,133,93,123,1805,0,0,0,640,1732,0
33306,5,-0.08,-0.03,-0.55,-0.35,2,0.1,0.1,0.15,30,80.72,2732,2542,125,2417,1808,0,466,0,143,0,2,188,18,2750,1951,466,2750,1413630.1,14051.77,753,421,254,151,146,692,0,0,1808,0,609,0
33307,5,-0.08,-0.03,-0.55,-0.35,2,0.1,0.1,0.15,40,72.62,2735,2545,116,2429,1715,575,73,17,32,17,2,188,15,2750,1764,665,2750,824577.94,10598.49,839,522,344,198,175,106,60,185,1715,575,105,34
33308,5,-0.08,-0.03,-0.55,-0.35,2,0.1,0.1,0.15,40,57.15,2728,2538,188,2350,0,764,197,46,471,872,2,188,22,2750,1343,1007,2750,1561344.22,17182.33,89,129,133,93,123,73,109,1601,0,764,668,918
33309,5,-0.08,-0.03,-0.55,-0.35,2,0.1,0.1,0.15,40,83.89,2732,2542,133,2409,1922,0,297,91,52,47,2,188,18,2750,2021,388,2750,1599517.3,15169.56,753,421,254,151,146,83,74,527,1922,0,349,138
33310,5,-0.08,-0.03,-0.55,-0.35,2,0.1,0.1,0.15,50,72.09,2735,2545,116,2429,1715,584,0,94,0,36,2,188,15,2750,1751,678,2750,802194.77,10465.43,839,522,344,198,175,106,60,185,1715,584,0,130
33311,5,-0.08,-0.03,-0.55,-0.35,2,0.1,0.1,0.15,50,55.66,2728,2538,188,2350,0,787,0,255,0,1308,2,188,22,2750,1308,1042,2750,1471700.44,16518.95,89,129,133,93,123,73,109,1601,0,787,0,1563
33312,5,-0.08,-0.03,-0.55,-0.35,2,0.1,0.1,0.15,50,83.73,2732,2542,133,2409,1924,0,0,392,0,93,2,188,18,2750,2017,392,2750,1546581.12,14880.5,753,421,254,151,146,83,74,527,1924,0,0,485
33313,5,-0.08,-0.03,-0.55,-0.35,2,0.1,0.1,0.15,60,72.09,2735,2545,116,2429,1715,584,0,94,0,36,2,188,15,2750,1751,678,2750,802194.77,10465.43,839,522,344,198,175,106,60,185,1715,584,0,130
33314,5,-0.08,-0.03,-0.55,-0.35,2,0.1,0.1,0.15,60,55.66,2728,2538,188,2350,0,787,0,255,0,1308,2,188,22,2750,1308,1042,2750,1471700.44,16518.95,89,129,133,93,123,73,109,1601,0,787,0,1563
33315,5,-0.08,-0.03,-0.55,-0.35,2,0.1,0.1,0.15,60,83.73,2732,2542,133,2409,1924,0,0,392,0,93,2,188,18,2750,2017,392,2750,1546581.12,14880.5,753,421,254,151,146,83,74,527,1924,0,0,485
33316,5,-0.08,-0.03,-0.55,-0.35,2,0.1,0.2,0.15,20,62.13,2734,2544,80,2464,720,441,492,0,811,0,2,188,16,2750,1531,933,2750,1190216.2,13411.75,204,349,369,1542,0,0,0,0,720,441,1303,0
33317,5,-0.08,-0.03,-0.55,-0.35,2,0.1,0.2,0.15,20,61.24,2732,2542,86,2456,0,444,508,0,1504,0,2,188,18,2750,1504,952,2750,1317786.59,14594.42,89,129,133,2105,0,0,0,0,0,444,2012,0
33318,5,-0.08,-0.03,-0.55,-0.35,2,0.1,0.2,0.15,20,66.82,2731,2541,82,2459,752,0,816,0,891,0,2,188,19,2750,1643,816,2750,1519981.7,15725.35,115,224,249,1871,0,0,0,0,752,0,1707,0
33319,5,-0.08,-0.03,-0.55,-0.35,2,0.1,0.2,0.15,30,61.23,2734,2544,148,2396,971,626,303,0,496,0,2,188,16,2750,1467,929,2750,1316491.31,14855.03,204,349,369,239,266,969,0,0,971,626,799,0
33320,5,-0.08,-0.03,-0.55,-0.35,2,0.1,0.2,0.15,30,58.9,2731,2541,169,2372,0,640,335,0,1397,0,2,188,19,2750,1397,975,2750,1428761.49,15692.83,89,129,133,93,123,1805,0,0,0,640,1732,0
33321,5,-0.08,-0.03,-0.55,-0.35,2,0.1,0.2,0.15,30,70.31,2731,2541,163,2378,1051,0,706,0,621,0,2,188,19,2750,1672,706,2750,2040234.1,19303.25,115,224,249,164,171,1455,0,0,1051,0,1327,0
33322,5,-0.08,-0.03,-0.55,-0.35,2,0.1,0.2,0.15,40,60.64,2734,2544,161,2383,1084,730,166,42,170,191,2,188,16,2750,1445,938,2750,1353468.7,15510.66,204,349,369,239,266,170,142,644,1084,730,336,233
33323,5,-0.08,-0.03,-0.55,-0.35,2,0.1,0.2,0.15,40,57.15,2728,2538,188,2350,0,764,197,46,471,872,2,188,22,2750,1343,1007,2750,1561344.22,17182.33,89,129,133,93,123,73,109,1601,0,764,668,918
33324,5,-0.08,-0.03,-0.55,-0.35,2,0.1,0.2,0.15,40,72.53,2731,2541,178,2363,1207,0,507,142,221,286,2,188,19,2750,1714,649,2750,2360935.78,21436.27,115,224,249,164,171,128,105,1207,1207,0,728,428
33325,5,-0.08,-0.03,-0.55,-0.35,2,0.1,0.2,0.15,50,59.76,2734,2544,161,2383,1088,749,0,210,0,336,2,188,16,2750,1424,959,2750,1306385.91,15201.59,204,349,369,239,266,170,142,644,1088,749,0,546
33326,5,-0.08,-0.03,-0.55,-0.35,2,0.1,0.2,0.15,50,55.66,2728,2538,188,2350,0,787,0,255,0,1308,2,188,22,2750,1308,1042,2750,1471700.44,16518.95,89,129,133,93,123,73,109,1601,0,787,0,1563
33327,5,-0.08,-0.03,-0.55,-0.35,2,0.1,0.2,0.15,50,72.28,2731,2541,178,2363,1212,0,0,655,0,496,2,188,19,2750,1708,655,2750,2275362.44,20918.56,115,224,249,164,171,128,105,1207,1212,0,0,1151
33328,5,-0.08,-0.03,-0.55,-0.35,2,0.1,0.2,0.15,60,59.76,2734,2544,161,2383,1088,749,0,210,0,336,2,188,16,2750,1424,959,2750,1306385.91,15201.59,204,349,369,239,266,170,142,644,1088,749,0,546
33329,5,-0.08,-0.03,-0.55,-0.35,2,0.1,0.2,0.15,60,55.66,2728,2538,188,2350,0,787,0,255,0,1308,2,188,22,2750,1308,1042,2750,1471700.44,16518.95,89,129,133,93,123,73,109,1601,0,787,0,1563
33330,5,-0.08,-0.03,-0.55,-0.35,2,0.1,0.2,0.15,60,72.28,2731,2541,178,2363,1212,0,0,655,0,496,2,188,19,2750,1708,655,2750,2275362.44,20918.56,115,224,249,164,171,128,105,1207,1212,0,0,1151
33331,5,-0.08,-0.03,-0.55,-0.35,2,0.2,0.1,0.15,20,65.19,2735,2545,66,2479,1423,402,461,0,193,0,2,188,15,2750,1616,863,2750,613692.93,6316.7,812,484,330,853,0,0,0,0,1423,402,654,0
33332,5,-0.08,-0.03,-0.55,-0.35,2,0.2,0.1,0.15,20,57.25,2732,2542,86,2456,0,444,606,0,1406,0,2,188,18,2750,1406,1050,2750,998881.38,10331.43,89,129,133,2105,0,0,0,0,0,444,2012,0
33333,5,-0.08,-0.03,-0.55,-0.35,2,0.2,0.1,0.15,20,68.07,2732,2542,68,2474,1466,0,790,0,218,0,2,188,18,2750,1684,790,2750,780937.18,8007.29,725,372,228,1149,0,0,0,0,1466,0,1008,0
33334,5,-0.08,-0.03,-0.55,-0.35,2,0.2,0.1,0.15,30,68.99,2735,2545,110,2435,1590,540,215,0,90,0,2,188,15,2750,1680,755,2750,655418.31,6743.44,812,484,330,199,170,440,0,0,1590,540,305,0
33335,5,-0.08,-0.03,-0.55,-0.35,2,0.2,0.1,0.15,30,56.37,2731,2541,169,2372,0,640,395,0,1337,0,2,188,19,2750,1337,1035,2750,1018927.87,10574.78,89,129,133,93,123,1805,0,0,0,640,1732,0
33336,5,-0.08,-0.03,-0.55,-0.35,2,0.2,0.1,0.15,30,74.72,2732,2542,125,2417,1683,0,611,0,123,0,2,188,18,2750,1806,611,2750,986898.97,10131.79,725,372,228,141,114,837,0,0,1683,0,734,0
33337,5,-0.08,-0.03,-0.55,-0.35,2,0.2,0.1,0.15,40,69.52,2735,2545,117,2428,1642,604,103,33,25,21,2,188,15,2750,1688,740,2750,651168.13,6704.42,812,484,330,199,170,135,66,232,1642,604,128,54
33338,5,-0.08,-0.03,-0.55,-0.35,2,0.2,0.1,0.15,40,54.38,2728,2538,188,2350,0,764,239,69,429,849,2,188,22,2750,1278,1072,2750,1119631.89,11566.82,89,129,133,93,123,73,109,1601,0,764,668,918
33339,5,-0.08,-0.03,-0.55,-0.35,2,0.2,0.1,0.15,40,77.37,2732,2542,134,2408,1775,0,386,159,33,55,2,188,18,2750,1863,545,2750,1083438.4,11105.26,725,372,228,141,114,103,50,675,1775,0,419,214
33340,5,-0.08,-0.03,-0.55,-0.35,2,0.2,0.1,0.15,50,69.19,2735,2545,117,2428,1642,614,0,134,0,38,2,188,15,2750,1680,748,2750,637457.91,6561.51,812,484,330,199,170,135,66,232,1642,614,0,172
33341,5,-0.08,-0.03,-0.55,-0.35,2,0.2,0.1,0.15,50,53.23,2728,2538,188,2350,0,787,0,312,0,1251,2,188,22,2750,1251,1099,2750,1053186.38,10874.96,89,129,133,93,123,73,109,1601,0,787,0,1563
33342,5,-0.08,-0.03,-0.55,-0.35,2,0.2,0.1,0.15,50,77.2,2732,2542,134,2408,1777,0,0,549,0,82,2,188,18,2750,1859,549,2750,1056396.22,10817.3,725,372,228,141,114,103,50,675,1777,0,0,631
33343,5,-0.08,-0.03,-0.55,-0.35,2,0.2,0.1,0.15,60,69.19,2735,2545,117,2428,1642,614,0,134,0,38,2,188,15,2750,1680,748,2750,637457.91,6561.51,812,484,330,199,170,135,66,232,1642,614,0,172
33344,5,-0.08,-0.03,-0.55,-0.35,2,0.2,0.1,0.15,60,53.23,2728,2538,188,2350,0,787,0,312,0,1251,2,188,22,2750,1251,1099,2750,1053186.38,10874.96,89,129,133,93,123,73,109,1601,0,787,0,1563
33345,5,-0.08,-0.03,-0.55,-0.35,2,0.2,0.1,0.15,60,77.2,2732,2542,134,2408,1777,0,0,549,0,82,2,188,18,2750,1859,549,2750,1056396.22,10817.3,725,372,228,141,114,103,50,675,1777,0,0,631
33346,5,-0.08,-0.03,-0.55,-0.35,2,0.2,0.2,0.15,20,58.2,2734,2544,80,2464,671,441,589,0,763,0,2,188,16,2750,1434,1030,2750,901860.09,9286.22,202,339,344,1579,0,0,0,0,671,441,1352,0
33347,5,-0.08,-0.03,-0.55,-0.35,2,0.2,0.2,0.15,20,57.25,2732,2542,86,2456,0,444,606,0,1406,0,2,188,18,2750,1406,1050,2750,998881.38,10331.43,89,129,133,2105,0,0,0,0,0,444,2012,0
33348,5,-0.08,-0.03,-0.55,-0.35,2,0.2,0.2,0.15,20,60.88,2731,2541,82,2459,688,0,962,0,809,0,2,188,19,2750,1497,962,2750,1085850.07,11154.82,113,211,215,1920,0,0,0,0,688,0,1771,0
33349,5,-0.08,-0.03,-0.55,-0.35,2,0.2,0.2,0.15,30,58.81,2734,2544,148,2396,910,627,360,0,499,0,2,188,16,2750,1409,987,2750,992439.37,10206.91,202,339,344,227,261,1023,0,0,910,627,859,0
33350,5,-0.08,-0.03,-0.55,-0.35,2,0.2,0.2,0.15,30,56.37,2731,2541,169,2372,0,640,395,0,1337,0,2,188,19,2750,1337,1035,2750,1018927.87,10574.78,89,129,133,93,123,1805,0,0,0,640,1732,0
33351,5,-0.08,-0.03,-0.55,-0.35,2,0.2,0.2,0.15,30,64.89,2731,2541,163,2378,957,0,835,0,586,0,2,188,19,2750,1543,835,2750,1379262.85,14160.51,113,211,215,149,160,1530,0,0,957,0,1421,0
33352,5,-0.08,-0.03,-0.55,-0.35,2,0.2,0.2,0.15,40,57.89,2734,2544,162,2382,1017,732,206,65,151,211,2,188,16,2750,1379,1003,2750,1025941.07,10573.93,202,339,344,227,261,164,146,699,1017,732,357,276
33353,5,-0.08,-0.03,-0.55,-0.35,2,0.2,0.2,0.15,40,54.38,2728,2538,188,2350,0,764,239,69,429,849,2,188,22,2750,1278,1072,2750,1119631.89,11566.82,89,129,133,93,123,73,109,1601,0,764,668,918
33354,5,-0.08,-0.03,-0.55,-0.35,2,0.2,0.2,0.15,40,66.05,2731,2541,179,2362,1090,0,592,210,172,298,2,188,19,2750,1560,802,2750,1557342.33,15993.67,113,211,215,149,160,109,105,1300,1090,0,764,508
33355,5,-0.08,-0.03,-0.55,-0.35,2,0.2,0.2,0.15,50,57.14,2734,2544,162,2382,1022,752,0,269,0,339,2,188,16,2750,1361,1021,2750,990313.37,10206.05,202,339,344,227,261,164,146,699,1022,752,0,608
33356,5,-0.08,-0.03,-0.55,-0.35,2,0.2,0.2,0.15,50,53.23,2728,2538,188,2350,0,787,0,312,0,1251,2,188,22,2750,1251,1099,2750,1053186.38,10874.96,89,129,133,93,123,73,109,1601,0,787,0,1563
33357,5,-0.08,-0.03,-0.55,-0.35,2,0.2,0.2,0.15,50,65.41,2731,2541,179,2362,1095,0,0,817,0,450,2,188,19,2750,1545,817,2750,1501060.38,15404.03,113,211,215,149,160,109,105,1300,1095,0,0,1267
33358,5,-0.08,-0.03,-0.55,-0.35,2,0.2,0.2,0.15,60,57.14,2734,2544,162,2382,1022,752,0,269,0,339,2,188,16,2750,1361,1021,2750,990313.37,10206.05,202,339,344,227,261,164,146,699,1022,752,0,608
33359,5,-0.08,-0.03,-0.55,-0.35,2,0.2,0.2,0.15,60,53.23,2728,2538,188,2350,0,787,0,312,0,1251,2,188,22,2750,1251,1099,2750,1053186.38,10874.96,89,129,133,93,123,73,109,1601,0,787,0,1563
33360,5,-0.08,-0.03,-0.55,-0.35,2,0.2,0.2,0.15,60,65.41,2731,2541,179,2362,1095,0,0,817,0,450,2,188,19,2750,1545,817,2750,1501060.38,15404.03,113,211,215,149,160,109,105,1300,1095,0,0,1267
33361,5,-0.08,-0.03,-0.55,-0.3,1,0.1,0.1,0.15,20,64.06,3693,3494,83,3411,1870,560,666,0,315,0,4,195,26,3719,2185,1226,3719,742266.84,7741.1,1047,660,463,1241,0,0,0,0,1870,560,981,0
33362,5,-0.08,-0.03,-0.55,-0.3,1,0.1,0.1,0.15,20,56.26,3689,3490,109,3381,0,625,854,0,1902,0,4,195,30,3719,1902,1479,3719,1132972.25,11839.46,126,182,205,2868,0,0,0,0,0,625,2756,0
33363,5,-0.08,-0.03,-0.55,-0.3,1,0.1,0.1,0.15,20,66.75,3689,3490,85,3405,1923,0,1132,0,350,0,4,195,30,3719,2273,1132,3719,952787.88,9866.18,923,505,304,1673,0,0,0,0,1923,0,1482,0
33364,5,-0.08,-0.03,-0.55,-0.3,1,0.1,0.1,0.15,30,67.44,3693,3494,137,3357,2110,742,351,0,154,0,4,195,26,3719,2264,1093,3719,803239.32,8396.42,1047,660,463,260,243,684,0,0,2110,742,505,0
33365,5,-0.08,-0.03,-0.55,-0.3,1,0.1,0.1,0.15,30,55.33,3688,3489,214,3275,0,883,580,0,1812,0,4,195,31,3719,1812,1463,3719,1153246.53,12144.08,126,182,205,112,166,2484,0,0,0,883,2392,0
33366,5,-0.08,-0.03,-0.55,-0.3,1,0.1,0.1,0.15,30,72.87,3688,3489,153,3336,2224,0,905,0,207,0,4,195,31,3719,2431,905,3719,1234646.08,12790.11,923,505,304,191,161,1252,0,0,2224,0,1112,0
33367,5,-0.08,-0.03,-0.55,-0.3,1,0.1,0.1,0.15,40,68.03,3693,3494,144,3350,2194,839,175,57,51,34,4,195,26,3719,2279,1071,3719,791039.88,8266.76,1047,660,463,260,243,179,111,387,2194,839,226,91
33368,5,-0.08,-0.03,-0.55,-0.3,1,0.1,0.1,0.15,40,53.49,3685,3486,235,3251,0,1053,349,110,633,1106,4,195,34,3719,1739,1512,3719,1266614.41,13245.69,126,182,205,112,166,92,156,2212,0,1053,982,1216
33369,5,-0.08,-0.03,-0.55,-0.3,1,0.1,0.1,0.15,40,75.53,3688,3489,162,3327,2368,0,571,243,64,81,4,195,31,3719,2513,814,3719,1377769.03,14225.34,923,505,304,191,161,140,88,1015,2368,0,635,324
33370,5,-0.08,-0.03,-0.55,-0.3,1,0.1,0.1,0.15,50,67.79,3693,3494,144,3350,2195,852,0,227,0,76,4,195,26,3719,2271,1079,3719,769628.57,8063.14,1047,660,463,260,243,179,111,387,2195,852,0,303
33371,5,-0.08,-0.03,-0.55,-0.3,1,0.1,0.1,0.15,50,52.32,3685,3486,235,3251,0,1084,0,466,0,1701,4,195,34,3719,1701,1550,3719,1174811.97,12301.94,126,182,205,112,166,92,156,2212,0,1084,0,2167
33372,5,-0.08,-0.03,-0.55,-0.3,1,0.1,0.1,0.15,50,75.41,3688,3489,162,3327,2371,0,0,818,0,138,4,195,31,3719,2509,818,3719,1339300.54,13835.62,923,505,304,191,161,140,88,1015,2371,0,0,956
33373,5,-0.08,-0.03,-0.55,-0.3,1,0.1,0.1,0.15,60,67.79,3693,3494,144,3350,2195,852,0,227,0,76,4,195,26,3719,2271,1079,3719,769628.57,8063.14,1047,660,463,260,243,179,111,387,2195,852,0,303
33374,5,-0.08,-0.03,-0.55,-0.3,1,0.1,0.1,0.15,60,52.32,3685,3486,235,3251,0,1084,0,466,0,1701,4,195,34,3719,1701,1550,3719,1174811.97,12301.94,126,182,205,112,166,92,156,2212,0,1084,0,2167
33375,5,-0.08,-0.03,-0.55,-0.3,1,0.1,0.1,0.15,60,75.41,3688,3489,162,3327,2371,0,0,818,0,138,4,195,31,3719,2509,818,3719,1339300.54,13835.62,923,505,304,191,161,140,88,1015,2371,0,0,956
33376,5,-0.08,-0.03,-0.55,-0.3,1,0.1,0.2,0.15,20,57.18,3692,3493,102,3391,858,619,833,0,1081,0,4,195,27,3719,1939,1452,3719,1073548.25,11161.1,278,431,477,2205,0,0,0,0,858,619,1914,0
33377,5,-0.08,-0.03,-0.55,-0.3,1,0.1,0.2,0.15,20,56.26,3689,3490,109,3381,0,625,854,0,1902,0,4,195,30,3719,1902,1479,3719,1132972.25,11839.46,126,182,205,2868,0,0,0,0,0,625,2756,0
33378,5,-0.08,-0.03,-0.55,-0.3,1,0.1,0.2,0.15,20,59.65,3688,3489,104,3385,876,0,1366,0,1143,0,4,195,31,3719,2019,1366,3719,1293491.62,13382.98,152,251,279,2703,0,0,0,0,876,0,2509,0
33379,5,-0.08,-0.03,-0.55,-0.3,1,0.1,0.2,0.15,30,57.64,3692,3493,188,3305,1178,864,536,0,727,0,4,195,27,3719,1905,1400,3719,1200323.74,12511.42,278,431,477,291,350,1478,0,0,1178,864,1263,0
33380,5,-0.08,-0.03,-0.55,-0.3,1,0.1,0.2,0.15,30,55.33,3688,3489,214,3275,0,883,580,0,1812,0,4,195,31,3719,1812,1463,3719,1153246.53,12144.08,126,182,205,112,166,2484,0,0,0,883,2392,0
33381,5,-0.08,-0.03,-0.55,-0.3,1,0.1,0.2,0.15,30,63.39,3686,3487,204,3283,1233,0,1202,0,848,0,4,195,33,3719,2081,1202,3719,1685905.41,17459.69,152,251,279,194,214,2193,0,0,1233,0,2050,0
33382,5,-0.08,-0.03,-0.55,-0.3,1,0.1,0.2,0.15,40,56.75,3692,3493,203,3290,1323,1013,308,102,233,311,4,195,27,3719,1867,1423,3719,1235516.03,12893.21,278,431,477,291,350,215,202,1046,1323,1013,541,413
33383,5,-0.08,-0.03,-0.55,-0.3,1,0.1,0.2,0.15,40,53.49,3685,3486,235,3251,0,1053,349,110,633,1106,4,195,34,3719,1739,1512,3719,1266614.41,13245.69,126,182,205,112,166,92,156,2212,0,1053,982,1216
33384,5,-0.08,-0.03,-0.55,-0.3,1,0.1,0.2,0.15,40,64.67,3686,3487,221,3266,1412,0,842,312,266,434,4,195,33,3719,2112,1154,3719,1941778.6,20099.35,152,251,279,194,214,143,136,1897,1412,0,1108,746
33385,5,-0.08,-0.03,-0.55,-0.3,1,0.1,0.2,0.15,50,56.05,3692,3493,203,3290,1331,1039,0,407,0,513,4,195,27,3719,1844,1446,3719,1187437.06,12414.73,278,431,477,291,350,215,202,1046,1331,1039,0,920
33386,5,-0.08,-0.03,-0.55,-0.3,1,0.1,0.2,0.15,50,52.32,3685,3486,235,3251,0,1084,0,466,0,1701,4,195,34,3719,1701,1550,3719,1174811.97,12301.94,126,182,205,112,166,92,156,2212,0,1084,0,2167
33387,5,-0.08,-0.03,-0.55,-0.3,1,0.1,0.2,0.15,50,64.12,3686,3487,221,3266,1420,0,0,1172,0,674,4,195,33,3719,2094,1172,3719,1871094.6,19375.11,152,251,279,194,214,143,136,1897,1420,0,0,1846
33388,5,-0.08,-0.03,-0.55,-0.3,1,0.1,0.2,0.15,60,56.05,3692,3493,203,3290,1331,1039,0,407,0,513,4,195,27,3719,1844,1446,3719,1187437.06,12414.73,278,431,477,291,350,215,202,1046,1331,1039,0,920
33389,5,-0.08,-0.03,-0.55,-0.3,1,0.1,0.2,0.15,60,52.32,3685,3486,235,3251,0,1084,0,466,0,1701,4,195,34,3719,1701,1550,3719,1174811.97,12301.94,126,182,205,112,166,92,156,2212,0,1084,0,2167
33390,5,-0.08,-0.03,-0.55,-0.3,1,0.1,0.2,0.15,60,64.12,3686,3487,221,3266,1420,0,0,1172,0,674,4,195,33,3719,2094,1172,3719,1871094.6,19375.11,152,251,279,194,214,143,136,1897,1420,0,0,1846
33391,5,-0.08,-0.03,-0.55,-0.3,1,0.2,0.1,0.15,20,64.06,3693,3494,83,3411,1870,560,666,0,315,0,4,195,26,3719,2185,1226,3719,742266.84,7741.1,1047,660,463,1241,0,0,0,0,1870,560,981,0
33392,5,-0.08,-0.03,-0.55,-0.3,1,0.2,0.1,0.15,20,56.26,3689,3490,109,3381,0,625,854,0,1902,0,4,195,30,3719,1902,1479,3719,1132972.25,11839.46,126,182,205,2868,0,0,0,0,0,625,2756,0
33393,5,-0.08,-0.03,-0.55,-0.3,1,0.2,0.1,0.15,20,66.75,3689,3490,85,3405,1923,0,1132,0,350,0,4,195,30,3719,2273,1132,3719,952787.88,9866.18,923,505,304,1673,0,0,0,0,1923,0,1482,0
33394,5,-0.08,-0.03,-0.55,-0.3,1,0.2,0.1,0.15,30,67.44,3693,3494,137,3357,2110,742,351,0,154,0,4,195,26,3719,2264,1093,3719,803239.32,8396.42,1047,660,463,260,243,684,0,0,2110,742,505,0
33395,5,-0.08,-0.03,-0.55,-0.3,1,0.2,0.1,0.15,30,55.33,3688,3489,214,3275,0,883,580,0,1812,0,4,195,31,3719,1812,1463,3719,1153246.53,12144.08,126,182,205,112,166,2484,0,0,0,883,2392,0
33396,5,-0.08,-0.03,-0.55,-0.3,1,0.2,0.1,0.15,30,72.87,3688,3489,153,3336,2224,0,905,0,207,0,4,195,31,3719,2431,905,3719,1234646.08,12790.11,923,505,304,191,161,1252,0,0,2224,0,1112,0
33397,5,-0.08,-0.03,-0.55,-0.3,1,0.2,0.1,0.15,40,68.03,3693,3494,144,3350,2194,839,175,57,51,34,4,195,26,3719,2279,1071,3719,791039.88,8266.76,1047,660,463,260,243,179,111,387,2194,839,226,91
33398,5,-0.08,-0.03,-0.55,-0.3,1,0.2,0.1,0.15,40,53.49,3685,3486,235,3251,0,1053,349,110,633,1106,4,195,34,3719,1739,1512,3719,1266614.41,13245.69,126,182,205,112,166,92,156,2212,0,1053,982,1216
33399,5,-0.08,-0.03,-0.55,-0.3,1,0.2,0.1,0.15,40,75.53,3688,3489,162,3327,2368,0,571,243,64,81,4,195,31,3719,2513,814,3719,1377769.03,14225.34,923,505,304,191,161,140,88,1015,2368,0,635,324
33400,5,-0.08,-0.03,-0.55,-0.3,1,0.2,0.1,0.15,50,67.79,3693,3494,144,3350,2195,852,0,227,0,76,4,195,26,3719,2271,1079,3719,769628.57,8063.14,1047,660,463,260,243,179,111,387,2195,852,0,303
33401,5,-0.08,-0.03,-0.55,-0.3,1,0.2,0.1,0.15,50,52.32,3685,3486,235,3251,0,1084,0,466,0,1701,4,195,34,3719,1701,1550,3719,1174811.97,12301.94,126,182,205,112,166,92,156,2212,0,1084,0,2167
33402,5,-0.08,-0.03,-0.55,-0.3,1,0.2,0.1,0.15,50,75.41,3688,3489,162,3327,2371,0,0,818,0,138,4,195,31,3719,2509,818,3719,1339300.54,13835.62,923,505,304,191,161,140,88,1015,2371,0,0,956
33403,5,-0.08,-0.03,-0.55,-0.3,1,0.2,0.1,0.15,60,67.79,3693,3494,144,3350,2195,852,0,227,0,76,4,195,26,3719,2271,1079,3719,769628.57,8063.14,1047,660,463,260,243,179,111,387,2195,852,0,303
33404,5,-0.08,-0.03,-0.55,-0.3,1,0.2,0.1,0.15,60,52.32,3685,3486,235,3251,0,1084,0,466,0,1701,4,195,34,3719,1701,1550,3719,1174811.97,12301.94,126,182,205,112,166,92,156,2212,0,1084,0,2167
33405,5,-0.08,-0.03,-0.55,-0.3,1,0.2,0.1,0.15,60,75.41,3688,3489,162,3327,2371,0,0,818,0,138,4,195,31,3719,2509,818,3719,1339300.54,13835.62,923,505,304,191,161,140,88,1015,2371,0,0,956
33406,5,-0.08,-0.03,-0.55,-0.3,1,0.2,0.2,0.15,20,57.18,3692,3493,102,3391,858,619,833,0,1081,0,4,195,27,3719,1939,1452,3719,1073548.25,11161.1,278,431,477,2205,0,0,0,0,858,619,1914,0
33407,5,-0.08,-0.03,-0.55,-0.3,1,0.2,0.2,0.15,20,56.26,3689,3490,109,3381,0,625,854,0,1902,0,4,195,30,3719,1902,1479,3719,1132972.25,11839.46,126,182,205,2868,0,0,0,0,0,625,2756,0
33408,5,-0.08,-0.03,-0.55,-0.3,1,0.2,0.2,0.15,20,59.65,3688,3489,104,3385,876,0,1366,0,1143,0,4,195,31,3719,2019,1366,3719,1293491.62,13382.98,152,251,279,2703,0,0,0,0,876,0,2509,0
33409,5,-0.08,-0.03,-0.55,-0.3,1,0.2,0.2,0.15,30,57.64,3692,3493,188,3305,1178,864,536,0,727,0,4,195,27,3719,1905,1400,3719,1200323.74,12511.42,278,431,477,291,350,1478,0,0,1178,864,1263,0
33410,5,-0.08,-0.03,-0.55,-0.3,1,0.2,0.2,0.15,30,55.33,3688,3489,214,3275,0,883,580,0,1812,0,4,195,31,3719,1812,1463,3719,1153246.53,12144.08,126,182,205,112,166,2484,0,0,0,883,2392,0
33411,5,-0.08,-0.03,-0.55,-0.3,1,0.2,0.2,0.15,30,63.39,3686,3487,204,3283,1233,0,1202,0,848,0,4,195,33,3719,2081,1202,3719,1685905.41,17459.69,152,251,279,194,214,2193,0,0,1233,0,2050,0
33412,5,-0.08,-0.03,-0.55,-0.3,1,0.2,0.2,0.15,40,56.75,3692,3493,203,3290,1323,1013,308,102,233,311,4,195,27,3719,1867,1423,3719,1235516.03,12893.21,278,431,477,291,350,215,202,1046,1323,1013,541,413
33413,5,-0.08,-0.03,-0.55,-0.3,1,0.2,0.2,0.15,40,53.49,3685,3486,235,3251,0,1053,349,110,633,1106,4,195,34,3719,1739,1512,3719,1266614.41,13245.69,126,182,205,112,166,92,156,2212,0,1053,982,1216
33414,5,-0.08,-0.03,-0.55,-0.3,1,0.2,0.2,0.15,40,64.67,3686,3487,221,3266,1412,0,842,312,266,434,4,195,33,3719,2112,1154,3719,1941778.6,20099.35,152,251,279,194,214,143,136,1897,1412,0,1108,746
33415,5,-0.08,-0.03,-0.55,-0.3,1,0.2,0.2,0.15,50,56.05,3692,3493,203,3290,1331,1039,0,407,0,513,4,195,27,3719,1844,1446,3719,1187437.06,12414.73,278,431,477,291,350,215,202,1046,1331,1039,0,920
33416,5,-0.08,-0.03,-0.55,-0.3,1,0.2,0.2,0.15,50,52.32,3685,3486,235,3251,0,1084,0,466,0,1701,4,195,34,3719,1701,1550,3719,1174811.97,12301.94,126,182,205,112,166,92,156,2212,0,1084,0,2167
33417,5,-0.08,-0.03,-0.55,-0.3,1,0.2,0.2,0.15,50,64.12,3686,3487,221,3266,1420,0,0,1172,0,674,4,195,33,3719,2094,1172,3719,1871094.6,19375.11,152,251,279,194,214,143,136,1897,1420,0,0,1846
33418,5,-0.08,-0.03,-0.55,-0.3,1,0.2,0.2,0.15,60,56.05,3692,3493,203,3290,1331,1039,0,407,0,513,4,195,27,3719,1844,1446,3719,1187437.06,12414.73,278,431,477,291,350,215,202,1046,1331,1039,0,920
33419,5,-0.08,-0.03,-0.55,-0.3,1,0.2,0.2,0.15,60,52.32,3685,3486,235,3251,0,1084,0,466,0,1701,4,195,34,3719,1701,1550,3719,1174811.97,12301.94,126,182,205,112,166,92,156,2212,0,1084,0,2167
33420,5,-0.08,-0.03,-0.55,-0.3,1,0.2,0.2,0.15,60,64.12,3686,3487,221,3266,1420,0,0,1172,0,674,4,195,33,3719,2094,1172,3719,1871094.6,19375.11,152,251,279,194,214,143,136,1897,1420,0,0,1846
33421,5,-0.08,-0.03,-0.55,-0.3,2,0.1,0.1,0.15,20,68.19,3693,3494,83,3411,1991,551,534,0,335,0,4,195,26,3719,2326,1085,3719,1008782.28,12703.5,1082,711,490,1128,0,0,0,0,1991,551,869,0
33422,5,-0.08,-0.03,-0.55,-0.3,2,0.1,0.1,0.15,20,60.49,3689,3490,109,3381,0,625,711,0,2045,0,4,195,30,3719,2045,1336,3719,1528520.43,17770.15,126,182,205,2868,0,0,0,0,0,625,2756,0
33423,5,-0.08,-0.03,-0.55,-0.3,2,0.1,0.1,0.15,20,72.72,3689,3490,85,3405,2086,0,929,0,390,0,4,195,30,3719,2476,929,3719,1377087.67,15292.18,961,570,349,1525,0,0,0,0,2086,0,1319,0
33424,5,-0.08,-0.03,-0.55,-0.3,2,0.1,0.1,0.15,30,70.84,3693,3494,137,3357,2225,720,259,0,153,0,4,195,26,3719,2378,979,3719,1059786.41,13680.93,1082,711,490,259,257,558,0,0,2225,720,412,0
33425,5,-0.08,-0.03,-0.55,-0.3,2,0.1,0.1,0.15,30,58.44,3688,3489,214,3275,0,883,478,0,1914,0,4,195,31,3719,1914,1361,3719,1694105.97,19295.1,126,182,205,112,166,2484,0,0,0,883,2392,0
33426,5,-0.08,-0.03,-0.55,-0.3,2,0.1,0.1,0.15,30,79.38,3688,3489,153,3336,2416,0,688,0,232,0,4,195,31,3719,2648,688,3719,1848928.25,18522.53,961,570,349,206,209,1041,0,0,2416,0,920,0
33427,5,-0.08,-0.03,-0.55,-0.3,2,0.1,0.1,0.15,40,71.32,3693,3494,143,3351,2298,802,126,33,65,27,4,195,26,3719,2390,961,3719,1028671.5,13782.22,1082,711,490,259,257,146,91,315,2298,802,191,60
33428,5,-0.08,-0.03,-0.55,-0.3,2,0.1,0.1,0.15,40,56.63,3685,3486,235,3251,0,1053,285,72,697,1144,4,195,34,3719,1841,1410,3719,1844057.07,21128.19,126,182,205,112,166,92,156,2212,0,1053,982,1216
33429,5,-0.08,-0.03,-0.55,-0.3,2,0.1,0.1,0.15,40,82.39,3688,3489,161,3328,2577,0,448,138,89,76,4,195,31,3719,2742,586,3719,2098121.48,20047.0,961,570,349,206,209,121,100,812,2577,0,537,214
33430,5,-0.08,-0.03,-0.55,-0.3,2,0.1,0.1,0.15,50,70.81,3693,3494,143,3351,2301,814,0,164,0,72,4,195,26,3719,2373,978,3719,996122.9,13614.92,1082,711,490,259,257,146,91,315,2301,814,0,236
33431,5,-0.08,-0.03,-0.55,-0.3,2,0.1,0.1,0.15,50,55.06,3685,3486,235,3251,0,1084,0,377,0,1790,4,195,34,3719,1790,1461,3719,1719207.94,20237.25,126,182,205,112,166,92,156,2212,0,1084,0,2167
33432,5,-0.08,-0.03,-0.55,-0.3,2,0.1,0.1,0.15,50,82.21,3688,3489,161,3328,2582,0,0,592,0,154,4,195,31,3719,2736,592,3719,2032240.74,19707.02,961,570,349,206,209,121,100,812,2582,0,0,746
33433,5,-0.08,-0.03,-0.55,-0.3,2,0.1,0.1,0.15,60,70.81,3693,3494,143,3351,2301,814,0,164,0,72,4,195,26,3719,2373,978,3719,996122.9,13614.92,1082,711,490,259,257,146,91,315,2301,814,0,236
33434,5,-0.08,-0.03,-0.55,-0.3,2,0.1,0.1,0.15,60,55.06,3685,3486,235,3251,0,1084,0,377,0,1790,4,195,34,3719,1790,1461,3719,1719207.94,20237.25,126,182,205,112,166,92,156,2212,0,1084,0,2167
33435,5,-0.08,-0.03,-0.55,-0.3,2,0.1,0.1,0.15,60,82.21,3688,3489,161,3328,2582,0,0,592,0,154,4,195,31,3719,2736,592,3719,2032240.74,19707.02,961,570,349,206,209,121,100,812,2582,0,0,746
33436,5,-0.08,-0.03,-0.55,-0.3,2,0.1,0.2,0.15,20,61.34,3692,3493,102,3391,921,619,692,0,1159,0,4,195,27,3719,2080,1311,3719,1446139.62,16958.15,280,444,508,2159,0,0,0,0,921,619,1851,0
33437,5,-0.08,-0.03,-0.55,-0.3,2,0.1,0.2,0.15,20,60.49,3689,3490,109,3381,0,625,711,0,2045,0,4,195,30,3719,2045,1336,3719,1528520.43,17770.15,126,182,205,2868,0,0,0,0,0,625,2756,0
33438,5,-0.08,-0.03,-0.55,-0.3,2,0.1,0.2,0.15,20,65.85,3688,3489,104,3385,959,0,1156,0,1270,0,4,195,31,3719,2229,1156,3719,1837564.2,19788.12,154,268,321,2642,0,0,0,0,959,0,2426,0
33439,5,-0.08,-0.03,-0.55,-0.3,2,0.1,0.2,0.15,30,60.56,3692,3493,187,3306,1262,863,441,0,740,0,4,195,27,3719,2002,1304,3719,1656940.76,19138.07,280,444,508,308,362,1404,0,0,1262,863,1181,0
33440,5,-0.08,-0.03,-0.55,-0.3,2,0.1,0.2,0.15,30,58.44,3688,3489,214,3275,0,883,478,0,1914,0,4,195,31,3719,1914,1361,3719,1694105.97,19295.1,126,182,205,112,166,2484,0,0,0,883,2392,0
33441,5,-0.08,-0.03,-0.55,-0.3,2,0.1,0.2,0.15,30,69.18,3686,3487,203,3284,1358,0,1012,0,914,0,4,195,33,3719,2272,1012,3719,2574882.03,24842.46,154,268,321,216,234,2091,0,0,1358,0,1926,0
33442,5,-0.08,-0.03,-0.55,-0.3,2,0.1,0.2,0.15,40,59.75,3692,3493,201,3292,1422,1011,247,67,267,278,4,195,27,3719,1967,1325,3719,1697014.6,20028.93,280,444,508,308,362,223,202,965,1422,1011,514,345
33443,5,-0.08,-0.03,-0.55,-0.3,2,0.1,0.2,0.15,40,56.63,3685,3486,235,3251,0,1053,285,72,697,1144,4,195,34,3719,1841,1410,3719,1844057.07,21128.19,126,182,205,112,166,92,156,2212,0,1053,982,1216
33444,5,-0.08,-0.03,-0.55,-0.3,2,0.1,0.2,0.15,40,71.6,3686,3487,219,3268,1575,0,721,207,341,424,4,195,33,3719,2340,928,3719,3054868.8,28028.28,154,268,321,216,234,165,145,1765,1575,0,1062,631
33445,5,-0.08,-0.03,-0.55,-0.3,2,0.1,0.2,0.15,50,58.81,3692,3493,201,3292,1428,1036,0,320,0,508,4,195,27,3719,1936,1356,3719,1629598.1,19632.21,280,444,508,308,362,223,202,965,1428,1036,0,828
33446,5,-0.08,-0.03,-0.55,-0.3,2,0.1,0.2,0.15,50,55.06,3685,3486,235,3251,0,1084,0,377,0,1790,4,195,34,3719,1790,1461,3719,1719207.94,20237.25,126,182,205,112,166,92,156,2212,0,1084,0,2167
33447,5,-0.08,-0.03,-0.55,-0.3,2,0.1,0.2,0.15,50,71.24,3686,3487,219,3268,1583,0,0,940,0,745,4,195,33,3719,2328,940,3719,2945268.51,27401.73,154,268,321,216,234,165,145,1765,1583,0,0,1685
33448,5,-0.08,-0.03,-0.55,-0.3,2,0.1,0.2,0.15,60,58.81,3692,3493,201,3292,1428,1036,0,320,0,508,4,195,27,3719,1936,1356,3719,1629598.1,19632.21,280,444,508,308,362,223,202,965,1428,1036,0,828
33449,5,-0.08,-0.03,-0.55,-0.3,2,0.1,0.2,0.15,60,55.06,3685,3486,235,3251,0,1084,0,377,0,1790,4,195,34,3719,1790,1461,3719,1719207.94,20237.25,126,182,205,112,166,92,156,2212,0,1084,0,2167
33450,5,-0.08,-0.03,-0.55,-0.3,2,0.1,0.2,0.15,60,71.24,3686,3487,219,3268,1583,0,0,940,0,745,4,195,33,3719,2328,940,3719,2945268.51,27401.73,154,268,321,216,234,165,145,1765,1583,0,0,1685
33451,5,-0.08,-0.03,-0.55,-0.3,2,0.2,0.1,0.15,20,64.06,3693,3494,83,3411,1870,560,666,0,315,0,4,195,26,3719,2185,1226,3719,742266.84,7741.1,1047,660,463,1241,0,0,0,0,1870,560,981,0
33452,5,-0.08,-0.03,-0.55,-0.3,2,0.2,0.1,0.15,20,56.26,3689,3490,109,3381,0,625,854,0,1902,0,4,195,30,3719,1902,1479,3719,1132972.25,11839.46,126,182,205,2868,0,0,0,0,0,625,2756,0
33453,5,-0.08,-0.03,-0.55,-0.3,2,0.2,0.1,0.15,20,66.75,3689,3490,85,3405,1923,0,1132,0,350,0,4,195,30,3719,2273,1132,3719,952787.88,9866.18,923,505,304,1673,0,0,0,0,1923,0,1482,0
33454,5,-0.08,-0.03,-0.55,-0.3,2,0.2,0.1,0.15,30,67.44,3693,3494,137,3357,2110,742,351,0,154,0,4,195,26,3719,2264,1093,3719,803239.32,8396.42,1047,660,463,260,243,684,0,0,2110,742,505,0
33455,5,-0.08,-0.03,-0.55,-0.3,2,0.2,0.1,0.15,30,55.33,3688,3489,214,3275,0,883,580,0,1812,0,4,195,31,3719,1812,1463,3719,1153246.53,12144.08,126,182,205,112,166,2484,0,0,0,883,2392,0
33456,5,-0.08,-0.03,-0.55,-0.3,2,0.2,0.1,0.15,30,72.87,3688,3489,153,3336,2224,0,905,0,207,0,4,195,31,3719,2431,905,3719,1234646.08,12790.11,923,505,304,191,161,1252,0,0,2224,0,1112,0
33457,5,-0.08,-0.03,-0.55,-0.3,2,0.2,0.1,0.15,40,68.03,3693,3494,144,3350,2194,839,175,57,51,34,4,195,26,3719,2279,1071,3719,791039.88,8266.76,1047,660,463,260,243,179,111,387,2194,839,226,91
33458,5,-0.08,-0.03,-0.55,-0.3,2,0.2,0.1,0.15,40,53.49,3685,3486,235,3251,0,1053,349,110,633,1106,4,195,34,3719,1739,1512,3719,1266614.41,13245.69,126,182,205,112,166,92,156,2212,0,1053,982,1216
33459,5,-0.08,-0.03,-0.55,-0.3,2,0.2,0.1,0.15,40,75.53,3688,3489,162,3327,2368,0,571,243,64,81,4,195,31,3719,2513,814,3719,1377769.03,14225.34,923,505,304,191,161,140,88,1015,2368,0,635,324
33460,5,-0.08,-0.03,-0.55,-0.3,2,0.2,0.1,0.15,50,67.79,3693,3494,144,3350,2195,852,0,227,0,76,4,195,26,3719,2271,1079,3719,769628.57,8063.14,1047,660,463,260,243,179,111,387,2195,852,0,303
33461,5,-0.08,-0.03,-0.55,-0.3,2,0.2,0.1,0.15,50,52.32,3685,3486,235,3251,0,1084,0,466,0,1701,4,195,34,3719,1701,1550,3719,1174811.97,12301.94,126,182,205,112,166,92,156,2212,0,1084,0,2167
33462,5,-0.08,-0.03,-0.55,-0.3,2,0.2,0.1,0.15,50,75.41,3688,3489,162,3327,2371,0,0,818,0,138,4,195,31,3719,2509,818,3719,1339300.54,13835.62,923,505,304,191,161,140,88,1015,2371,0,0,956
33463,5,-0.08,-0.03,-0.55,-0.3,2,0.2,0.1,0.15,60,67.79,3693,3494,144,3350,2195,852,0,227,0,76,4,195,26,3719,2271,1079,3719,769628.57,8063.14,1047,660,463,260,243,179,111,387,2195,852,0,303
33464,5,-0.08,-0.03,-0.55,-0.3,2,0.2,0.1,0.15,60,52.32,3685,3486,235,3251,0,1084,0,466,0,1701,4,195,34,3719,1701,1550,3719,1174811.97,12301.94,126,182,205,112,166,92,156,2212,0,1084,0,2167
33465,5,-0.08,-0.03,-0.55,-0.3,2,0.2,0.1,0.15,60,75.41,3688,3489,162,3327,2371,0,0,818,0,138,4,195,31,3719,2509,818,3719,1339300.54,13835.62,923,505,304,191,161,140,88,1015,2371,0,0,956
33466,5,-0.08,-0.03,-0.55,-0.3,2,0.2,0.2,0.15,20,57.18,3692,3493,102,3391,858,619,833,0,1081,0,4,195,27,3719,1939,1452,3719,1073548.25,11161.1,278,431,477,2205,0,0,0,0,858,619,1914,0
33467,5,-0.08,-0.03,-0.55,-0.3,2,0.2,0.2,0.15,20,56.26,3689,3490,109,3381,0,625,854,0,1902,0,4,195,30,3719,1902,1479,3719,1132972.25,11839.46,126,182,205,2868,0,0,0,0,0,625,2756,0
33468,5,-0.08,-0.03,-0.55,-0.3,2,0.2,0.2,0.15,20,59.65,3688,3489,104,3385,876,0,1366,0,1143,0,4,195,31,3719,2019,1366,3719,1293491.62,13382.98,152,251,279,2703,0,0,0,0,876,0,2509,0
33469,5,-0.08,-0.03,-0.55,-0.3,2,0.2,0.2,0.15,30,57.64,3692,3493,188,3305,1178,864,536,0,727,0,4,195,27,3719,1905,1400,3719,1200323.74,12511.42,278,431,477,291,350,1478,0,0,1178,864,1263,0
33470,5,-0.08,-0.03,-0.55,-0.3,2,0.2,0.2,0.15,30,55.33,3688,3489,214,3275,0,883,580,0,1812,0,4,195,31,3719,1812,1463,3719,1153246.53,12144.08,126,182,205,112,166,2484,0,0,0,883,2392,0
33471,5,-0.08,-0.03,-0.55,-0.3,2,0.2,0.2,0.15,30,63.39,3686,3487,204,3283,1233,0,1202,0,848,0,4,195,33,3719,2081,1202,3719,1685905.41,17459.69,152,251,279,194,214,2193,0,0,1233,0,2050,0
33472,5,-0.08,-0.03,-0.55,-0.3,2,0.2,0.2,0.15,40,56.75,3692,3493,203,3290,1323,1013,308,102,233,311,4,195,27,3719,1867,1423,3719,1235516.03,12893.21,278,431,477,291,350,215,202,1046,1323,1013,541,413
33473,5,-0.08,-0.03,-0.55,-0.3,2,0.2,0.2,0.15,40,53.49,3685,3486,235,3251,0,1053,349,110,633,1106,4,195,34,3719,1739,1512,3719,1266614.41,13245.69,126,182,205,112,166,92,156,2212,0,1053,982,1216
33474,5,-0.08,-0.03,-0.55,-0.3,2,0.2,0.2,0.15,40,64.67,3686,3487,221,3266,1412,0,842,312,266,434,4,195,33,3719,2112,1154,3719,1941778.6,20099.35,152,251,279,194,214,143,136,1897,1412,0,1108,746
33475,5,-0.08,-0.03,-0.55,-0.3,2,0.2,0.2,0.15,50,56.05,3692,3493,203,3290,1331,1039,0,407,0,513,4,195,27,3719,1844,1446,3719,1187437.06,12414.73,278,431,477,291,350,215,202,1046,1331,1039,0,920
33476,5,-0.08,-0.03,-0.55,-0.3,2,0.2,0.2,0.15,50,52.32,3685,3486,235,3251,0,1084,0,466,0,1701,4,195,34,3719,1701,1550,3719,1174811.97,12301.94,126,182,205,112,166,92,156,2212,0,1084,0,2167
33477,5,-0.08,-0.03,-0.55,-0.3,2,0.2,0.2,0.15,50,64.12,3686,3487,221,3266,1420,0,0,1172,0,674,4,195,33,3719,2094,1172,3719,1871094.6,19375.11,152,251,279,194,214,143,136,1897,1420,0,0,1846
33478,5,-0.08,-0.03,-0.55,-0.3,2,0.2,0.2,0.15,60,56.05,3692,3493,203,3290,1331,1039,0,407,0,513,4,195,27,3719,1844,1446,3719,1187437.06,12414.73,278,431,477,291,350,215,202,1046,1331,1039,0,920
33479,5,-0.08,-0.03,-0.55,-0.3,2,0.2,0.2,0.15,60,52.32,3685,3486,235,3251,0,1084,0,466,0,1701,4,195,34,3719,1701,1550,3719,1174811.97,12301.94,126,182,205,112,166,92,156,2212,0,1084,0,2167
33480,5,-0.08,-0.03,-0.55,-0.3,2,0.2,0.2,0.15,60,64.12,3686,3487,221,3266,1420,0,0,1172,0,674,4,195,33,3719,2094,1172,3719,1871094.6,19375.11,152,251,279,194,214,143,136,1897,1420,0,0,1846
33481,5,-0.08,-0.03,-0.55,-0.25,1,0.1,0.1,0.15,20,62.23,4595,4376,103,4273,2235,737,877,0,424,0,4,215,35,4630,2659,1614,4630,756964.4,7898.53,1263,800,574,1636,0,0,0,0,2235,737,1301,0
33482,5,-0.08,-0.03,-0.55,-0.25,1,0.1,0.1,0.15,20,54.25,4591,4372,136,4236,0,827,1111,0,2298,0,4,215,39,4630,2298,1938,4630,1058762.76,11079.69,173,221,286,3556,0,0,0,0,0,827,3409,0
33483,5,-0.08,-0.03,-0.55,-0.25,1,0.1,0.1,0.15,20,64.67,4589,4370,105,4265,2293,0,1507,0,465,0,4,215,41,4630,2758,1507,4630,984103.98,10186.99,1092,610,351,2212,0,0,0,0,2293,0,1972,0
33484,5,-0.08,-0.03,-0.55,-0.25,1,0.1,0.1,0.15,30,65.1,4595,4376,175,4201,2529,963,503,0,206,0,4,215,35,4630,2735,1466,4630,816516.77,8577.94,1263,800,574,335,307,922,0,0,2529,963,709,0
33485,5,-0.08,-0.03,-0.55,-0.25,1,0.1,0.1,0.15,30,52.58,4590,4371,269,4102,0,1153,792,0,2157,0,4,215,40,4630,2157,1945,4630,1012564.78,10742.66,173,221,286,147,222,3053,0,0,0,1153,2949,0
33486,5,-0.08,-0.03,-0.55,-0.25,1,0.1,0.1,0.15,30,70.18,4586,4367,192,4175,2665,0,1245,0,265,0,4,215,44,4630,2930,1245,4630,1309650.15,13593.98,1092,610,351,240,198,1684,0,0,2665,0,1510,0
33487,5,-0.08,-0.03,-0.55,-0.25,1,0.1,0.1,0.15,40,65.95,4595,4376,182,4194,2635,1092,248,88,84,47,4,215,35,4630,2766,1428,4630,804569.55,8439.18,1263,800,574,335,307,213,141,561,2635,1092,332,135
33488,5,-0.08,-0.03,-0.55,-0.25,1,0.1,0.1,0.15,40,51.07,4587,4368,293,4075,0,1364,474,156,788,1293,4,215,43,4630,2081,1994,4630,1107575.12,11634.56,173,221,286,147,222,104,194,2728,0,1364,1262,1449
33489,5,-0.08,-0.03,-0.55,-0.25,1,0.1,0.1,0.15,40,73.14,4586,4367,201,4166,2843,0,780,339,100,104,4,215,44,4630,3047,1119,4630,1492827.65,15428.21,1092,610,351,240,198,174,106,1395,2843,0,880,443
33490,5,-0.08,-0.03,-0.55,-0.25,1,0.1,0.1,0.15,50,65.74,4595,4376,182,4194,2637,1111,0,326,0,120,4,215,35,4630,2757,1437,4630,778380.43,8186.86,1263,800,574,335,307,213,141,561,2637,1111,0,446
33491,5,-0.08,-0.03,-0.55,-0.25,1,0.1,0.1,0.15,50,50.04,4587,4368,293,4075,0,1405,0,631,0,2039,4,215,43,4630,2039,2036,4630,1000663.0,10534.62,173,221,286,147,222,104,194,2728,0,1405,0,2670
33492,5,-0.08,-0.03,-0.55,-0.25,1,0.1,0.1,0.15,50,73.02,4586,4367,201,4166,2847,0,0,1124,0,195,4,215,44,4630,3042,1124,4630,1448348.95,14977.93,1092,610,351,240,198,174,106,1395,2847,0,0,1319
33493,5,-0.08,-0.03,-0.55,-0.25,1,0.1,0.1,0.15,60,65.74,4595,4376,182,4194,2637,1111,0,326,0,120,4,215,35,4630,2757,1437,4630,778380.43,8186.86,1263,800,574,335,307,213,141,561,2637,1111,0,446
33494,5,-0.08,-0.03,-0.55,-0.25,1,0.1,0.1,0.15,60,50.04,4587,4368,293,4075,0,1405,0,631,0,2039,4,215,43,4630,2039,2036,4630,1000663.0,10534.62,173,221,286,147,222,104,194,2728,0,1405,0,2670
33495,5,-0.08,-0.03,-0.55,-0.25,1,0.1,0.1,0.15,60,73.02,4586,4367,201,4166,2847,0,0,1124,0,195,4,215,44,4630,3042,1124,4630,1448348.95,14977.93,1092,610,351,240,198,174,106,1395,2847,0,0,1319
33496,5,-0.08,-0.03,-0.55,-0.25,1,0.1,0.2,0.15,20,55.19,4594,4375,126,4249,975,819,1085,0,1370,0,4,215,36,4630,2345,1904,4630,1061600.39,11043.03,347,507,589,2806,0,0,0,0,975,819,2455,0
33497,5,-0.08,-0.03,-0.55,-0.25,1,0.1,0.2,0.15,20,54.25,4591,4372,136,4236,0,827,1111,0,2298,0,4,215,39,4630,2298,1938,4630,1058762.76,11079.69,173,221,286,3556,0,0,0,0,0,827,3409,0
33498,5,-0.08,-0.03,-0.55,-0.25,1,0.1,0.2,0.15,20,57.39,4588,4369,128,4241,994,0,1807,0,1440,0,4,215,42,4630,2434,1807,4630,1280028.59,13223.68,174,288,312,3467,0,0,0,0,994,0,3247,0
33499,5,-0.08,-0.03,-0.55,-0.25,1,0.1,0.2,0.15,30,54.91,4594,4375,237,4138,1344,1127,739,0,928,0,4,215,36,4630,2272,1866,4630,1162905.73,12165.23,347,507,589,351,430,1914,0,0,1344,1127,1667,0
33500,5,-0.08,-0.03,-0.55,-0.25,1,0.1,0.2,0.15,30,52.58,4590,4371,269,4102,0,1153,792,0,2157,0,4,215,40,4630,2157,1945,4630,1012564.78,10742.66,173,221,286,147,222,3053,0,0,0,1153,2949,0
33501,5,-0.08,-0.03,-0.55,-0.25,1,0.1,0.2,0.15,30,60.27,4583,4364,254,4110,1403,0,1633,0,1074,0,4,215,47,4630,2477,1633,4630,1698803.06,17604.31,174,288,312,220,244,2872,0,0,1403,0,2707,0
33502,5,-0.08,-0.03,-0.55,-0.25,1,0.1,0.2,0.15,40,54.38,4594,4375,254,4121,1520,1314,419,147,327,394,4,215,36,4630,2241,1880,4630,1205436.2,12608.35,347,507,589,351,430,247,252,1398,1520,1314,746,541
33503,5,-0.08,-0.03,-0.55,-0.25,1,0.1,0.2,0.15,40,51.07,4587,4368,293,4075,0,1364,474,156,788,1293,4,215,43,4630,2081,1994,4630,1107575.12,11634.56,173,221,286,147,222,104,194,2728,0,1364,1262,1449
33504,5,-0.08,-0.03,-0.55,-0.25,1,0.1,0.2,0.15,40,62.01,4583,4364,273,4091,1623,0,1126,428,369,545,4,215,47,4630,2537,1554,4630,2014980.97,20850.56,174,288,312,220,244,165,170,2518,1623,0,1495,973
33505,5,-0.08,-0.03,-0.55,-0.25,1,0.1,0.2,0.15,50,53.77,4594,4375,254,4121,1528,1348,0,557,0,688,4,215,36,4630,2216,1905,4630,1146866.08,12021.7,347,507,589,351,430,247,252,1398,1528,1348,0,1245
33506,5,-0.08,-0.03,-0.55,-0.25,1,0.1,0.2,0.15,50,50.04,4587,4368,293,4075,0,1405,0,631,0,2039,4,215,43,4630,2039,2036,4630,1000663.0,10534.62,173,221,286,147,222,104,194,2728,0,1405,0,2670
33507,5,-0.08,-0.03,-0.55,-0.25,1,0.1,0.2,0.15,50,61.53,4583,4364,273,4091,1632,0,0,1574,0,885,4,215,47,4630,2517,1574,4630,1936191.15,20045.07,174,288,312,220,244,165,170,2518,1632,0,0,2459
33508,5,-0.08,-0.03,-0.55,-0.25,1,0.1,0.2,0.15,60,53.77,4594,4375,254,4121,1528,1348,0,557,0,688,4,215,36,4630,2216,1905,4630,1146866.08,12021.7,347,507,589,351,430,247,252,1398,1528,1348,0,1245
33509,5,-0.08,-0.03,-0.55,-0.25,1,0.1,0.2,0.15,60,50.04,4587,4368,293,4075,0,1405,0,631,0,2039,4,215,43,4630,2039,2036,4630,1000663.0,10534.62,173,221,286,147,222,104,194,2728,0,1405,0,2670
33510,5,-0.08,-0.03,-0.55,-0.25,1,0.1,0.2,0.15,60,61.53,4583,4364,273,4091,1632,0,0,1574,0,885,4,215,47,4630,2517,1574,4630,1936191.15,20045.07,174,288,312,220,244,165,170,2518,1632,0,0,2459
33511,5,-0.08,-0.03,-0.55,-0.25,1,0.2,0.1,0.15,20,62.23,4595,4376,103,4273,2235,737,877,0,424,0,4,215,35,4630,2659,1614,4630,756964.4,7898.53,1263,800,574,1636,0,0,0,0,2235,737,1301,0
33512,5,-0.08,-0.03,-0.55,-0.25,1,0.2,0.1,0.15,20,54.25,4591,4372,136,4236,0,827,1111,0,2298,0,4,215,39,4630,2298,1938,4630,1058762.76,11079.69,173,221,286,3556,0,0,0,0,0,827,3409,0
33513,5,-0.08,-0.03,-0.55,-0.25,1,0.2,0.1,0.15,20,64.67,4589,4370,105,4265,2293,0,1507,0,465,0,4,215,41,4630,2758,1507,4630,984103.98,10186.99,1092,610,351,2212,0,0,0,0,2293,0,1972,0
33514,5,-0.08,-0.03,-0.55,-0.25,1,0.2,0.1,0.15,30,65.1,4595,4376,175,4201,2529,963,503,0,206,0,4,215,35,4630,2735,1466,4630,816516.77,8577.94,1263,800,574,335,307,922,0,0,2529,963,709,0
33515,5,-0.08,-0.03,-0.55,-0.25,1,0.2,0.1,0.15,30,52.58,4590,4371,269,4102,0,1153,792,0,2157,0,4,215,40,4630,2157,1945,4630,1012564.78,10742.66,173,221,286,147,222,3053,0,0,0,1153,2949,0
33516,5,-0.08,-0.03,-0.55,-0.25,1,0.2,0.1,0.15,30,70.18,4586,4367,192,4175,2665,0,1245,0,265,0,4,215,44,4630,2930,1245,4630,1309650.15,13593.98,1092,610,351,240,198,1684,0,0,2665,0,1510,0
33517,5,-0.08,-0.03,-0.55,-0.25,1,0.2,0.1,0.15,40,65.95,4595,4376,182,4194,2635,1092,248,88,84,47,4,215,35,4630,2766,1428,4630,804569.55,8439.18,1263,800,574,335,307,213,141,561,2635,1092,332,135
33518,5,-0.08,-0.03,-0.55,-0.25,1,0.2,0.1,0.15,40,51.07,4587,4368,293,4075,0,1364,474,156,788,1293,4,215,43,4630,2081,1994,4630,1107575.12,11634.56,173,221,286,147,222,104,194,2728,0,1364,1262,1449
33519,5,-0.08,-0.03,-0.55,-0.25,1,0.2,0.1,0.15,40,73.14,4586,4367,201,4166,2843,0,780,339,100,104,4,215,44,4630,3047,1119,4630,1492827.65,15428.21,1092,610,351,240,198,174,106,1395,2843,0,880,443
33520,5,-0.08,-0.03,-0.55,-0.25,1,0.2,0.1,0.15,50,65.74,4595,4376,182,4194,2637,1111,0,326,0,120,4,215,35,4630,2757,1437,4630,778380.43,8186.86,1263,800,574,335,307,213,141,561,2637,1111,0,446
33521,5,-0.08,-0.03,-0.55,-0.25,1,0.2,0.1,0.15,50,50.04,4587,4368,293,4075,0,1405,0,631,0,2039,4,215,43,4630,2039,2036,4630,1000663.0,10534.62,173,221,286,147,222,104,194,2728,0,1405,0,2670
33522,5,-0.08,-0.03,-0.55,-0.25,1,0.2,0.1,0.15,50,73.02,4586,4367,201,4166,2847,0,0,1124,0,195,4,215,44,4630,3042,1124,4630,1448348.95,14977.93,1092,610,351,240,198,174,106,1395,2847,0,0,1319
33523,5,-0.08,-0.03,-0.55,-0.25,1,0.2,0.1,0.15,60,65.74,4595,4376,182,4194,2637,1111,0,326,0,120,4,215,35,4630,2757,1437,4630,778380.43,8186.86,1263,800,574,335,307,213,141,561,2637,1111,0,446
33524,5,-0.08,-0.03,-0.55,-0.25,1,0.2,0.1,0.15,60,50.04,4587,4368,293,4075,0,1405,0,631,0,2039,4,215,43,4630,2039,2036,4630,1000663.0,10534.62,173,221,286,147,222,104,194,2728,0,1405,0,2670
33525,5,-0.08,-0.03,-0.55,-0.25,1,0.2,0.1,0.15,60,73.02,4586,4367,201,4166,2847,0,0,1124,0,195,4,215,44,4630,3042,1124,4630,1448348.95,14977.93,1092,610,351,240,198,174,106,1395,2847,0,0,1319
33526,5,-0.08,-0.03,-0.55,-0.25,1,0.2,0.2,0.15,20,55.19,4594,4375,126,4249,975,819,1085,0,1370,0,4,215,36,4630,2345,1904,4630,1061600.39,11043.03,347,507,589,2806,0,0,0,0,975,819,2455,0
33527,5,-0.08,-0.03,-0.55,-0.25,1,0.2,0.2,0.15,20,54.25,4591,4372,136,4236,0,827,1111,0,2298,0,4,215,39,4630,2298,1938,4630,1058762.76,11079.69,173,221,286,3556,0,0,0,0,0,827,3409,0
33528,5,-0.08,-0.03,-0.55,-0.25,1,0.2,0.2,0.15,20,57.39,4588,4369,128,4241,994,0,1807,0,1440,0,4,215,42,4630,2434,1807,4630,1280028.59,13223.68,174,288,312,3467,0,0,0,0,994,0,3247,0
33529,5,-0.08,-0.03,-0.55,-0.25,1,0.2,0.2,0.15,30,54.91,4594,4375,237,4138,1344,1127,739,0,928,0,4,215,36,4630,2272,1866,4630,1162905.73,12165.23,347,507,589,351,430,1914,0,0,1344,1127,1667,0
33530,5,-0.08,-0.03,-0.55,-0.25,1,0.2,0.2,0.15,30,52.58,4590,4371,269,4102,0,1153,792,0,2157,0,4,215,40,4630,2157,1945,4630,1012564.78,10742.66,173,221,286,147,222,3053,0,0,0,1153,2949,0
33531,5,-0.08,-0.03,-0.55,-0.25,1,0.2,0.2,0.15,30,60.27,4583,4364,254,4110,1403,0,1633,0,1074,0,4,215,47,4630,2477,1633,4630,1698803.06,17604.31,174,288,312,220,244,2872,0,0,1403,0,2707,0
33532,5,-0.08,-0.03,-0.55,-0.25,1,0.2,0.2,0.15,40,54.38,4594,4375,254,4121,1520,1314,419,147,327,394,4,215,36,4630,2241,1880,4630,1205436.2,12608.35,347,507,589,351,430,247,252,1398,1520,1314,746,541
33533,5,-0.08,-0.03,-0.55,-0.25,1,0.2,0.2,0.15,40,51.07,4587,4368,293,4075,0,1364,474,156,788,1293,4,215,43,4630,2081,1994,4630,1107575.12,11634.56,173,221,286,147,222,104,194,2728,0,1364,1262,1449
33534,5,-0.08,-0.03,-0.55,-0.25,1,0.2,0.2,0.15,40,62.01,4583,4364,273,4091,1623,0,1126,428,369,545,4,215,47,4630,2537,1554,4630,2014980.97,20850.56,174,288,312,220,244,165,170,2518,1623,0,1495,973
33535,5,-0.08,-0.03,-0.55,-0.25,1,0.2,0.2,0.15,50,53.77,4594,4375,254,4121,1528,1348,0,557,0,688,4,215,36,4630,2216,1905,4630,1146866.08,12021.7,347,507,589,351,430,247,252,1398,1528,1348,0,1245
33536,5,-0.08,-0.03,-0.55,-0.25,1,0.2,0.2,0.15,50,50.04,4587,4368,293,4075,0,1405,0,631,0,2039,4,215,43,4630,2039,2036,4630,1000663.0,10534.62,173,221,286,147,222,104,194,2728,0,1405,0,2670
33537,5,-0.08,-0.03,-0.55,-0.25,1,0.2,0.2,0.15,50,61.53,4583,4364,273,4091,1632,0,0,1574,0,885,4,215,47,4630,2517,1574,4630,1936191.15,20045.07,174,288,312,220,244,165,170,2518,1632,0,0,2459
33538,5,-0.08,-0.03,-0.55,-0.25,1,0.2,0.2,0.15,60,53.77,4594,4375,254,4121,1528,1348,0,557,0,688,4,215,36,4630,2216,1905,4630,1146866.08,12021.7,347,507,589,351,430,247,252,1398,1528,1348,0,1245
33539,5,-0.08,-0.03,-0.55,-0.25,1,0.2,0.2,0.15,60,50.04,4587,4368,293,4075,0,1405,0,631,0,2039,4,215,43,4630,2039,2036,4630,1000663.0,10534.62,173,221,286,147,222,104,194,2728,0,1405,0,2670
33540,5,-0.08,-0.03,-0.55,-0.25,1,0.2,0.2,0.15,60,61.53,4583,4364,273,4091,1632,0,0,1574,0,885,4,215,47,4630,2517,1574,4630,1936191.15,20045.07,174,288,312,220,244,165,170,2518,1632,0,0,2459
33541,5,-0.08,-0.03,-0.55,-0.25,2,0.1,0.1,0.15,20,66.32,4595,4376,103,4273,2389,722,717,0,445,0,4,215,35,4630,2834,1439,4630,1061774.73,14457.79,1304,860,608,1501,0,0,0,0,2389,722,1162,0
33542,5,-0.08,-0.03,-0.55,-0.25,2,0.1,0.1,0.15,20,58.4,4591,4372,136,4236,0,827,935,0,2474,0,4,215,39,4630,2474,1762,4630,1475909.81,18676.34,173,221,286,3556,0,0,0,0,0,827,3409,0
33543,5,-0.08,-0.03,-0.55,-0.25,2,0.1,0.1,0.15,20,70.57,4589,4370,105,4265,2499,0,1255,0,511,0,4,215,41,4630,3010,1255,4630,1468419.78,17380.28,1137,685,413,2030,0,0,0,0,2499,0,1766,0
33544,5,-0.08,-0.03,-0.55,-0.25,2,0.1,0.1,0.15,30,68.94,4595,4376,174,4202,2676,930,375,0,221,0,4,215,35,4630,2897,1305,4630,1117967.39,15651.23,1304,860,608,339,317,774,0,0,2676,930,596,0
33545,5,-0.08,-0.03,-0.55,-0.25,2,0.1,0.1,0.15,30,56.0,4590,4371,269,4102,0,1153,652,0,2297,0,4,215,40,4630,2297,1805,4630,1580569.31,19885.97,173,221,286,147,222,3053,0,0,0,1153,2949,0
33546,5,-0.08,-0.03,-0.55,-0.25,2,0.1,0.1,0.15,30,77.04,4586,4367,191,4176,2904,0,959,0,313,0,4,215,44,4630,3217,959,4630,2027120.85,21263.21,1137,685,413,264,248,1429,0,0,2904,0,1272,0
33547,5,-0.08,-0.03,-0.55,-0.25,2,0.1,0.1,0.15,40,69.57,4595,4376,180,4196,2776,1042,188,47,101,42,4,215,35,4630,2919,1277,4630,1086973.38,15868.62,1304,860,608,339,317,178,122,468,2776,1042,289,89
33548,5,-0.08,-0.03,-0.55,-0.25,2,0.1,0.1,0.15,40,54.33,4587,4368,293,4075,0,1364,394,103,868,1346,4,215,43,4630,2214,1861,4630,1721969.6,21714.7,173,221,286,147,222,104,194,2728,0,1364,1262,1449
33549,5,-0.08,-0.03,-0.55,-0.25,2,0.1,0.1,0.15,40,80.35,4586,4367,199,4168,3109,0,620,199,134,106,4,215,44,4630,3349,819,4630,2348990.21,23277.22,1137,685,413,264,248,157,124,1140,3109,0,754,305
33550,5,-0.08,-0.03,-0.55,-0.25,2,0.1,0.1,0.15,50,69.18,4595,4376,180,4196,2782,1059,0,234,0,121,4,215,35,4630,2903,1293,4630,1048997.39,15677.23,1304,860,608,339,317,178,122,468,2782,1059,0,355
33551,5,-0.08,-0.03,-0.55,-0.25,2,0.1,0.1,0.15,50,53.01,4587,4368,293,4075,0,1405,0,510,0,2160,4,215,43,4630,2160,1915,4630,1575296.06,20674.09,173,221,286,147,222,104,194,2728,0,1405,0,2670
33552,5,-0.08,-0.03,-0.55,-0.25,2,0.1,0.1,0.15,50,80.25,4586,4367,199,4168,3117,0,0,823,0,228,4,215,44,4630,3345,823,4630,2274179.8,22895.91,1137,685,413,264,248,157,124,1140,3117,0,0,1051
33553,5,-0.08,-0.03,-0.55,-0.25,2,0.1,0.1,0.15,60,69.18,4595,4376,180,4196,2782,1059,0,234,0,121,4,215,35,4630,2903,1293,4630,1048997.39,15677.23,1304,860,608,339,317,178,122,468,2782,1059,0,355
33554,5,-0.08,-0.03,-0.55,-0.25,2,0.1,0.1,0.15,60,53.01,4587,4368,293,4075,0,1405,0,510,0,2160,4,215,43,4630,2160,1915,4630,1575296.06,20674.09,173,221,286,147,222,104,194,2728,0,1405,0,2670
33555,5,-0.08,-0.03,-0.55,-0.25,2,0.1,0.1,0.15,60,80.25,4586,4367,199,4168,3117,0,0,823,0,228,4,215,44,4630,3345,823,4630,2274179.8,22895.91,1137,685,413,264,248,157,124,1140,3117,0,0,1051
33556,5,-0.08,-0.03,-0.55,-0.25,2,0.1,0.2,0.15,20,59.26,4594,4375,126,4249,1045,819,912,0,1473,0,4,215,36,4630,2518,1731,4630,1453305.76,18471.56,350,521,620,2758,0,0,0,0,1045,819,2385,0
33557,5,-0.08,-0.03,-0.55,-0.25,2,0.1,0.2,0.15,20,58.4,4591,4372,136,4236,0,827,935,0,2474,0,4,215,39,4630,2474,1762,4630,1475909.81,18676.34,173,221,286,3556,0,0,0,0,0,827,3409,0
33558,5,-0.08,-0.03,-0.55,-0.25,2,0.1,0.2,0.15,20,63.52,4588,4369,128,4241,1085,0,1547,0,1609,0,4,215,42,4630,2694,1547,4630,1831494.26,21369.16,177,307,353,3404,0,0,0,0,1085,0,3156,0
33559,5,-0.08,-0.03,-0.55,-0.25,2,0.1,0.2,0.15,30,58.15,4594,4375,236,4139,1445,1126,606,0,962,0,4,215,36,4630,2407,1732,4630,1648369.71,20723.08,350,521,620,373,450,1825,0,0,1445,1126,1568,0
33560,5,-0.08,-0.03,-0.55,-0.25,2,0.1,0.2,0.15,30,56.0,4590,4371,269,4102,0,1153,652,0,2297,0,4,215,40,4630,2297,1805,4630,1580569.31,19885.97,173,221,286,147,222,3053,0,0,0,1153,2949,0
33561,5,-0.08,-0.03,-0.55,-0.25,2,0.1,0.2,0.15,30,66.48,4583,4364,253,4111,1556,0,1378,0,1177,0,4,215,47,4630,2733,1378,4630,2649521.94,27080.9,177,307,353,248,274,2752,0,0,1556,0,2555,0
33562,5,-0.08,-0.03,-0.55,-0.25,2,0.1,0.2,0.15,40,57.53,4594,4375,252,4123,1640,1310,344,97,367,365,4,215,36,4630,2372,1751,4630,1707048.46,21845.81,350,521,620,373,450,257,253,1299,1640,1310,711,462
33563,5,-0.08,-0.03,-0.55,-0.25,2,0.1,0.2,0.15,40,54.33,4587,4368,293,4075,0,1364,394,103,868,1346,4,215,43,4630,2214,1861,4630,1721969.6,21714.7,173,221,286,147,222,104,194,2728,0,1364,1262,1449
33564,5,-0.08,-0.03,-0.55,-0.25,2,0.1,0.2,0.15,40,69.07,4583,4364,271,4093,1823,0,977,289,459,545,4,215,47,4630,2827,1266,4630,3256966.92,31058.91,177,307,353,248,274,197,185,2352,1823,0,1436,834
33565,5,-0.08,-0.03,-0.55,-0.25,2,0.1,0.2,0.15,50,56.78,4594,4375,252,4123,1647,1343,0,439,0,694,4,215,36,4630,2341,1782,4630,1624914.64,21351.6,350,521,620,373,450,257,253,1299,1647,1343,0,1133
33566,5,-0.08,-0.03,-0.55,-0.25,2,0.1,0.2,0.15,50,53.01,4587,4368,293,4075,0,1405,0,510,0,2160,4,215,43,4630,2160,1915,4630,1575296.06,20674.09,173,221,286,147,222,104,194,2728,0,1405,0,2670
33567,5,-0.08,-0.03,-0.55,-0.25,2,0.1,0.2,0.15,50,68.8,4583,4364,271,4093,1832,0,0,1277,0,984,4,215,47,4630,2816,1277,4630,3136642.45,30356.23,177,307,353,248,274,197,185,2352,1832,0,0,2261
33568,5,-0.08,-0.03,-0.55,-0.25,2,0.1,0.2,0.15,60,56.78,4594,4375,252,4123,1647,1343,0,439,0,694,4,215,36,4630,2341,1782,4630,1624914.64,21351.6,350,521,620,373,450,257,253,1299,1647,1343,0,1133
33569,5,-0.08,-0.03,-0.55,-0.25,2,0.1,0.2,0.15,60,53.01,4587,4368,293,4075,0,1405,0,510,0,2160,4,215,43,4630,2160,1915,4630,1575296.06,20674.09,173,221,286,147,222,104,194,2728,0,1405,0,2670
33570,5,-0.08,-0.03,-0.55,-0.25,2,0.1,0.2,0.15,60,68.8,4583,4364,271,4093,1832,0,0,1277,0,984,4,215,47,4630,2816,1277,4630,3136642.45,30356.23,177,307,353,248,274,197,185,2352,1832,0,0,2261
33571,5,-0.08,-0.03,-0.55,-0.25,2,0.2,0.1,0.15,20,62.23,4595,4376,103,4273,2235,737,877,0,424,0,4,215,35,4630,2659,1614,4630,756964.4,7898.53,1263,800,574,1636,0,0,0,0,2235,737,1301,0
33572,5,-0.08,-0.03,-0.55,-0.25,2,0.2,0.1,0.15,20,54.25,4591,4372,136,4236,0,827,1111,0,2298,0,4,215,39,4630,2298,1938,4630,1058762.76,11079.69,173,221,286,3556,0,0,0,0,0,827,3409,0
33573,5,-0.08,-0.03,-0.55,-0.25,2,0.2,0.1,0.15,20,64.67,4589,4370,105,4265,2293,0,1507,0,465,0,4,215,41,4630,2758,1507,4630,984103.98,10186.99,1092,610,351,2212,0,0,0,0,2293,0,1972,0
33574,5,-0.08,-0.03,-0.55,-0.25,2,0.2,0.1,0.15,30,65.1,4595,4376,175,4201,2529,963,503,0,206,0,4,215,35,4630,2735,1466,4630,816516.77,8577.94,1263,800,574,335,307,922,0,0,2529,963,709,0
33575,5,-0.08,-0.03,-0.55,-0.25,2,0.2,0.1,0.15,30,52.58,4590,4371,269,4102,0,1153,792,0,2157,0,4,215,40,4630,2157,1945,4630,1012564.78,10742.66,173,221,286,147,222,3053,0,0,0,1153,2949,0
33576,5,-0.08,-0.03,-0.55,-0.25,2,0.2,0.1,0.15,30,70.18,4586,4367,192,4175,2665,0,1245,0,265,0,4,215,44,4630,2930,1245,4630,1309650.15,13593.98,1092,610,351,240,198,1684,0,0,2665,0,1510,0
33577,5,-0.08,-0.03,-0.55,-0.25,2,0.2,0.1,0.15,40,65.95,4595,4376,182,4194,2635,1092,248,88,84,47,4,215,35,4630,2766,1428,4630,804569.55,8439.18,1263,800,574,335,307,213,141,561,2635,1092,332,135
33578,5,-0.08,-0.03,-0.55,-0.25,2,0.2,0.1,0.15,40,51.07,4587,4368,293,4075,0,1364,474,156,788,1293,4,215,43,4630,2081,1994,4630,1107575.12,11634.56,173,221,286,147,222,104,194,2728,0,1364,1262,1449
33579,5,-0.08,-0.03,-0.55,-0.25,2,0.2,0.1,0.15,40,73.14,4586,4367,201,4166,2843,0,780,339,100,104,4,215,44,4630,3047,1119,4630,1492827.65,15428.21,1092,610,351,240,198,174,106,1395,2843,0,880,443
33580,5,-0.08,-0.03,-0.55,-0.25,2,0.2,0.1,0.15,50,65.74,4595,4376,182,4194,2637,1111,0,326,0,120,4,215,35,4630,2757,1437,4630,778380.43,8186.86,1263,800,574,335,307,213,141,561,2637,1111,0,446
33581,5,-0.08,-0.03,-0.55,-0.25,2,0.2,0.1,0.15,50,50.04,4587,4368,293,4075,0,1405,0,631,0,2039,4,215,43,4630,2039,2036,4630,1000663.0,10534.62,173,221,286,147,222,104,194,2728,0,1405,0,2670
33582,5,-0.08,-0.03,-0.55,-0.25,2,0.2,0.1,0.15,50,73.02,4586,4367,201,4166,2847,0,0,1124,0,195,4,215,44,4630,3042,1124,4630,1448348.95,14977.93,1092,610,351,240,198,174,106,1395,2847,0,0,1319
33583,5,-0.08,-0.03,-0.55,-0.25,2,0.2,0.1,0.15,60,65.74,4595,4376,182,4194,2637,1111,0,326,0,120,4,215,35,4630,2757,1437,4630,778380.43,8186.86,1263,800,574,335,307,213,141,561,2637,1111,0,446
33584,5,-0.08,-0.03,-0.55,-0.25,2,0.2,0.1,0.15,60,50.04,4587,4368,293,4075,0,1405,0,631,0,2039,4,215,43,4630,2039,2036,4630,1000663.0,10534.62,173,221,286,147,222,104,194,2728,0,1405,0,2670
33585,5,-0.08,-0.03,-0.55,-0.25,2,0.2,0.1,0.15,60,73.02,4586,4367,201,4166,2847,0,0,1124,0,195,4,215,44,4630,3042,1124,4630,1448348.95,14977.93,1092,610,351,240,198,174,106,1395,2847,0,0,1319
33586,5,-0.08,-0.03,-0.55,-0.25,2,0.2,0.2,0.15,20,55.19,4594,4375,126,4249,975,819,1085,0,1370,0,4,215,36,4630,2345,1904,4630,1061600.39,11043.03,347,507,589,2806,0,0,0,0,975,819,2455,0
33587,5,-0.08,-0.03,-0.55,-0.25,2,0.2,0.2,0.15,20,54.25,4591,4372,136,4236,0,827,1111,0,2298,0,4,215,39,4630,2298,1938,4630,1058762.76,11079.69,173,221,286,3556,0,0,0,0,0,827,3409,0
33588,5,-0.08,-0.03,-0.55,-0.25,2,0.2,0.2,0.15,20,57.39,4588,4369,128,4241,994,0,1807,0,1440,0,4,215,42,4630,2434,1807,4630,1280028.59,13223.68,174,288,312,3467,0,0,0,0,994,0,3247,0
33589,5,-0.08,-0.03,-0.55,-0.25,2,0.2,0.2,0.15,30,54.91,4594,4375,237,4138,1344,1127,739,0,928,0,4,215,36,4630,2272,1866,4630,1162905.73,12165.23,347,507,589,351,430,1914,0,0,1344,1127,1667,0
33590,5,-0.08,-0.03,-0.55,-0.25,2,0.2,0.2,0.15,30,52.58,4590,4371,269,4102,0,1153,792,0,2157,0,4,215,40,4630,2157,1945,4630,1012564.78,10742.66,173,221,286,147,222,3053,0,0,0,1153,2949,0
33591,5,-0.08,-0.03,-0.55,-0.25,2,0.2,0.2,0.15,30,60.27,4583,4364,254,4110,1403,0,1633,0,1074,0,4,215,47,4630,2477,1633,4630,1698803.06,17604.31,174,288,312,220,244,2872,0,0,1403,0,2707,0
33592,5,-0.08,-0.03,-0.55,-0.25,2,0.2,0.2,0.15,40,54.38,4594,4375,254,4121,1520,1314,419,147,327,394,4,215,36,4630,2241,1880,4630,1205436.2,12608.35,347,507,589,351,430,247,252,1398,1520,1314,746,541
33593,5,-0.08,-0.03,-0.55,-0.25,2,0.2,0.2,0.15,40,51.07,4587,4368,293,4075,0,1364,474,156,788,1293,4,215,43,4630,2081,1994,4630,1107575.12,11634.56,173,221,286,147,222,104,194,2728,0,1364,1262,1449
33594,5,-0.08,-0.03,-0.55,-0.25,2,0.2,0.2,0.15,40,62.01,4583,4364,273,4091,1623,0,1126,428,369,545,4,215,47,4630,2537,1554,4630,2014980.97,20850.56,174,288,312,220,244,165,170,2518,1623,0,1495,973
33595,5,-0.08,-0.03,-0.55,-0.25,2,0.2,0.2,0.15,50,53.77,4594,4375,254,4121,1528,1348,0,557,0,688,4,215,36,4630,2216,1905,4630,1146866.08,12021.7,347,507,589,351,430,247,252,1398,1528,1348,0,1245
33596,5,-0.08,-0.03,-0.55,-0.25,2,0.2,0.2,0.15,50,50.04,4587,4368,293,4075,0,1405,0,631,0,2039,4,215,43,4630,2039,2036,4630,1000663.0,10534.62,173,221,286,147,222,104,194,2728,0,1405,0,2670
33597,5,-0.08,-0.03,-0.55,-0.25,2,0.2,0.2,0.15,50,61.53,4583,4364,273,4091,1632,0,0,1574,0,885,4,215,47,4630,2517,1574,4630,1936191.15,20045.07,174,288,312,220,244,165,170,2518,1632,0,0,2459
33598,5,-0.08,-0.03,-0.55,-0.25,2,0.2,0.2,0.15,60,53.77,4594,4375,254,4121,1528,1348,0,557,0,688,4,215,36,4630,2216,1905,4630,1146866.08,12021.7,347,507,589,351,430,247,252,1398,1528,1348,0,1245
33599,5,-0.08,-0.03,-0.55,-0.25,2,0.2,0.2,0.15,60,50.04,4587,4368,293,4075,0,1405,0,631,0,2039,4,215,43,4630,2039,2036,4630,1000663.0,10534.62,173,221,286,147,222,104,194,2728,0,1405,0,2670
33600,5,-0.08,-0.03,-0.55,-0.25,2,0.2,0.2,0.15,60,61.53,4583,4364,273,4091,1632,0,0,1574,0,885,4,215,47,4630,2517,1574,4630,1936191.15,20045.07,174,288,312,220,244,165,170,2518,1632,0,0,2459
33601,5,-0.08,-0.03,-0.5,-0.45,1,0.1,0.1,0.15,20,65.3,603,548,12,536,321,91,95,0,29,0,1,54,1,604,350,186,604,136078.26,1404.2,181,114,67,174,0,0,0,0,321,91,124,0
33602,5,-0.08,-0.03,-0.5,-0.45,1,0.1,0.1,0.15,20,57.84,602,547,18,529,0,103,120,0,306,0,1,54,2,604,306,223,604,239915.22,2468.08,20,27,32,450,0,0,0,0,0,103,426,0
33603,5,-0.08,-0.03,-0.5,-0.45,1,0.1,0.1,0.15,20,67.91,603,548,12,536,332,0,172,0,32,0,1,54,1,604,364,172,604,177429.0,1808.09,163,90,46,237,0,0,0,0,332,0,204,0
33604,5,-0.08,-0.03,-0.5,-0.45,1,0.1,0.1,0.15,30,69.73,603,548,26,522,346,121,37,0,18,0,1,54,1,604,364,158,604,143129.46,1482.79,181,114,67,50,31,79,0,0,346,121,55,0
33605,5,-0.08,-0.03,-0.5,-0.45,1,0.1,0.1,0.15,30,56.63,602,547,42,505,0,143,76,0,286,0,1,54,2,604,286,219,604,247558.19,2566.96,20,27,32,24,26,376,0,0,0,143,362,0
33606,5,-0.08,-0.03,-0.5,-0.45,1,0.1,0.1,0.15,30,75.24,603,548,27,521,368,0,129,0,24,0,1,54,1,604,392,129,604,206574.45,2122.11,163,90,46,33,16,173,0,0,368,0,153,0
33607,5,-0.08,-0.03,-0.5,-0.45,1,0.1,0.1,0.15,40,70.83,603,548,27,521,359,130,18,4,5,5,1,54,1,604,369,152,604,149843.77,1551.42,181,114,67,50,31,24,15,39,359,130,23,9
33608,5,-0.08,-0.03,-0.5,-0.45,1,0.1,0.1,0.15,40,55.11,601,546,47,499,0,164,50,10,94,181,1,54,3,604,275,224,604,283383.01,2943.09,20,27,32,24,26,14,23,333,0,164,144,191
33609,5,-0.08,-0.03,-0.5,-0.45,1,0.1,0.1,0.15,40,77.69,603,548,28,520,388,0,87,29,5,11,1,54,1,604,404,116,604,232137.39,2375.07,163,90,46,33,16,20,12,140,388,0,92,40
33610,5,-0.08,-0.03,-0.5,-0.45,1,0.1,0.1,0.15,50,70.63,603,548,27,521,359,132,0,21,0,9,1,54,1,604,368,153,604,147490.78,1527.34,181,114,67,50,31,24,15,39,359,132,0,30
33611,5,-0.08,-0.03,-0.5,-0.45,1,0.1,0.1,0.15,50,53.51,601,546,47,499,0,171,0,61,0,267,1,54,3,604,267,232,604,265737.41,2762.17,20,27,32,24,26,14,23,333,0,171,0,328
33612,5,-0.08,-0.03,-0.5,-0.45,1,0.1,0.1,0.15,50,77.69,603,548,28,520,388,0,0,116,0,16,1,54,1,604,404,116,604,222128.06,2275.88,163,90,46,33,16,20,12,140,388,0,0,132
33613,5,-0.08,-0.03,-0.5,-0.45,1,0.1,0.1,0.15,60,70.63,603,548,27,521,359,132,0,21,0,9,1,54,1,604,368,153,604,147490.78,1527.34,181,114,67,50,31,24,15,39,359,132,0,30
33614,5,-0.08,-0.03,-0.5,-0.45,1,0.1,0.1,0.15,60,53.51,601,546,47,499,0,171,0,61,0,267,1,54,3,604,267,232,604,265737.41,2762.17,20,27,32,24,26,14,23,333,0,171,0,328
33615,5,-0.08,-0.03,-0.5,-0.45,1,0.1,0.1,0.15,60,77.69,603,548,28,520,388,0,0,116,0,16,1,54,1,604,404,116,604,222128.06,2275.88,163,90,46,33,16,20,12,140,388,0,0,132
33616,5,-0.08,-0.03,-0.5,-0.45,1,0.1,0.2,0.15,20,58.76,603,548,17,531,157,103,116,0,155,0,1,54,1,604,312,219,604,212345.84,2190.86,42,77,84,328,0,0,0,0,157,103,271,0
33617,5,-0.08,-0.03,-0.5,-0.45,1,0.1,0.2,0.15,20,57.84,602,547,18,529,0,103,120,0,306,0,1,54,2,604,306,223,604,239915.22,2468.08,20,27,32,450,0,0,0,0,0,103,426,0
33618,5,-0.08,-0.03,-0.5,-0.45,1,0.1,0.2,0.15,20,61.58,603,548,17,531,162,0,204,0,165,0,1,54,1,604,327,204,604,261033.16,2668.81,22,51,52,406,0,0,0,0,162,0,369,0
33619,5,-0.08,-0.03,-0.5,-0.45,1,0.1,0.2,0.15,30,59.41,603,548,38,510,214,139,68,0,89,0,1,54,1,604,303,207,604,234348.11,2419.99,42,77,84,57,59,191,0,0,214,139,157,0
33620,5,-0.08,-0.03,-0.5,-0.45,1,0.1,0.2,0.15,30,56.63,602,547,42,505,0,143,76,0,286,0,1,54,2,604,286,219,604,247558.19,2566.96,20,27,32,24,26,376,0,0,0,143,362,0
33621,5,-0.08,-0.03,-0.5,-0.45,1,0.1,0.2,0.15,30,66.01,603,548,39,509,225,0,173,0,111,0,1,54,1,604,336,173,604,311032.42,3190.59,22,51,52,37,39,308,0,0,225,0,284,0
33622,5,-0.08,-0.03,-0.5,-0.45,1,0.1,0.2,0.15,40,59.96,603,548,41,507,238,158,37,8,30,36,1,54,1,604,304,203,604,255220.89,2640.56,42,77,84,57,59,34,31,123,238,158,67,44
33623,5,-0.08,-0.03,-0.5,-0.45,1,0.1,0.2,0.15,40,55.11,601,546,47,499,0,164,50,10,94,181,1,54,3,604,275,224,604,283383.01,2943.09,20,27,32,24,26,14,23,333,0,164,144,191
33624,5,-0.08,-0.03,-0.5,-0.45,1,0.1,0.2,0.15,40,67.39,603,548,42,506,256,0,125,40,34,51,1,54,1,604,341,165,604,360806.27,3703.37,22,51,52,37,39,24,23,258,256,0,159,91
33625,5,-0.08,-0.03,-0.5,-0.45,1,0.1,0.2,0.15,50,59.17,603,548,41,507,239,163,0,44,0,61,1,54,1,604,300,207,604,249893.97,2585.7,42,77,84,57,59,34,31,123,239,163,0,105
33626,5,-0.08,-0.03,-0.5,-0.45,1,0.1,0.2,0.15,50,53.51,601,546,47,499,0,171,0,61,0,267,1,54,3,604,267,232,604,265737.41,2762.17,20,27,32,24,26,14,23,333,0,171,0,328
33627,5,-0.08,-0.03,-0.5,-0.45,1,0.1,0.2,0.15,50,66.6,603,548,42,506,257,0,0,169,0,80,1,54,1,604,337,169,604,346018.72,3554.69,22,51,52,37,39,24,23,258,257,0,0,249
33628,5,-0.08,-0.03,-0.5,-0.45,1,0.1,0.2,0.15,60,59.17,603,548,41,507,239,163,0,44,0,61,1,54,1,604,300,207,604,249893.97,2585.7,42,77,84,57,59,34,31,123,239,163,0,105
33629,5,-0.08,-0.03,-0.5,-0.45,1,0.1,0.2,0.15,60,53.51,601,546,47,499,0,171,0,61,0,267,1,54,3,604,267,232,604,265737.41,2762.17,20,27,32,24,26,14,23,333,0,171,0,328
33630,5,-0.08,-0.03,-0.5,-0.45,1,0.1,0.2,0.15,60,66.6,603,548,42,506,257,0,0,169,0,80,1,54,1,604,337,169,604,346018.72,3554.69,22,51,52,37,39,24,23,258,257,0,0,249
33631,5,-0.08,-0.03,-0.5,-0.45,1,0.2,0.1,0.15,20,65.3,603,548,12,536,321,91,95,0,29,0,1,54,1,604,350,186,604,136078.26,1404.2,181,114,67,174,0,0,0,0,321,91,124,0
33632,5,-0.08,-0.03,-0.5,-0.45,1,0.2,0.1,0.15,20,57.84,602,547,18,529,0,103,120,0,306,0,1,54,2,604,306,223,604,239915.22,2468.08,20,27,32,450,0,0,0,0,0,103,426,0
33633,5,-0.08,-0.03,-0.5,-0.45,1,0.2,0.1,0.15,20,67.91,603,548,12,536,332,0,172,0,32,0,1,54,1,604,364,172,604,177429.0,1808.09,163,90,46,237,0,0,0,0,332,0,204,0
33634,5,-0.08,-0.03,-0.5,-0.45,1,0.2,0.1,0.15,30,69.73,603,548,26,522,346,121,37,0,18,0,1,54,1,604,364,158,604,143129.46,1482.79,181,114,67,50,31,79,0,0,346,121,55,0
33635,5,-0.08,-0.03,-0.5,-0.45,1,0.2,0.1,0.15,30,56.63,602,547,42,505,0,143,76,0,286,0,1,54,2,604,286,219,604,247558.19,2566.96,20,27,32,24,26,376,0,0,0,143,362,0
33636,5,-0.08,-0.03,-0.5,-0.45,1,0.2,0.1,0.15,30,75.24,603,548,27,521,368,0,129,0,24,0,1,54,1,604,392,129,604,206574.45,2122.11,163,90,46,33,16,173,0,0,368,0,153,0
33637,5,-0.08,-0.03,-0.5,-0.45,1,0.2,0.1,0.15,40,70.83,603,548,27,521,359,130,18,4,5,5,1,54,1,604,369,152,604,149843.77,1551.42,181,114,67,50,31,24,15,39,359,130,23,9
33638,5,-0.08,-0.03,-0.5,-0.45,1,0.2,0.1,0.15,40,55.11,601,546,47,499,0,164,50,10,94,181,1,54,3,604,275,224,604,283383.01,2943.09,20,27,32,24,26,14,23,333,0,164,144,191
33639,5,-0.08,-0.03,-0.5,-0.45,1,0.2,0.1,0.15,40,77.69,603,548,28,520,388,0,87,29,5,11,1,54,1,604,404,116,604,232137.39,2375.07,163,90,46,33,16,20,12,140,388,0,92,40
33640,5,-0.08,-0.03,-0.5,-0.45,1,0.2,0.1,0.15,50,70.63,603,548,27,521,359,132,0,21,0,9,1,54,1,604,368,153,604,147490.78,1527.34,181,114,67,50,31,24,15,39,359,132,0,30
33641,5,-0.08,-0.03,-0.5,-0.45,1,0.2,0.1,0.15,50,53.51,601,546,47,499,0,171,0,61,0,267,1,54,3,604,267,232,604,265737.41,2762.17,20,27,32,24,26,14,23,333,0,171,0,328
33642,5,-0.08,-0.03,-0.5,-0.45,1,0.2,0.1,0.15,50,77.69,603,548,28,520,388,0,0,116,0,16,1,54,1,604,404,116,604,222128.06,2275.88,163,90,46,33,16,20,12,140,388,0,0,132
33643,5,-0.08,-0.03,-0.5,-0.45,1,0.2,0.1,0.15,60,70.63,603,548,27,521,359,132,0,21,0,9,1,54,1,604,368,153,604,147490.78,1527.34,181,114,67,50,31,24,15,39,359,132,0,30
33644,5,-0.08,-0.03,-0.5,-0.45,1,0.2,0.1,0.15,60,53.51,601,546,47,499,0,171,0,61,0,267,1,54,3,604,267,232,604,265737.41,2762.17,20,27,32,24,26,14,23,333,0,171,0,328
33645,5,-0.08,-0.03,-0.5,-0.45,1,0.2,0.1,0.15,60,77.69,603,548,28,520,388,0,0,116,0,16,1,54,1,604,404,116,604,222128.06,2275.88,163,90,46,33,16,20,12,140,388,0,0,132
33646,5,-0.08,-0.03,-0.5,-0.45,1,0.2,0.2,0.15,20,58.76,603,548,17,531,157,103,116,0,155,0,1,54,1,604,312,219,604,212345.84,2190.86,42,77,84,328,0,0,0,0,157,103,271,0
33647,5,-0.08,-0.03,-0.5,-0.45,1,0.2,0.2,0.15,20,57.84,602,547,18,529,0,103,120,0,306,0,1,54,2,604,306,223,604,239915.22,2468.08,20,27,32,450,0,0,0,0,0,103,426,0
33648,5,-0.08,-0.03,-0.5,-0.45,1,0.2,0.2,0.15,20,61.58,603,548,17,531,162,0,204,0,165,0,1,54,1,604,327,204,604,261033.16,2668.81,22,51,52,406,0,0,0,0,162,0,369,0
33649,5,-0.08,-0.03,-0.5,-0.45,1,0.2,0.2,0.15,30,59.41,603,548,38,510,214,139,68,0,89,0,1,54,1,604,303,207,604,234348.11,2419.99,42,77,84,57,59,191,0,0,214,139,157,0
33650,5,-0.08,-0.03,-0.5,-0.45,1,0.2,0.2,0.15,30,56.63,602,547,42,505,0,143,76,0,286,0,1,54,2,604,286,219,604,247558.19,2566.96,20,27,32,24,26,376,0,0,0,143,362,0
33651,5,-0.08,-0.03,-0.5,-0.45,1,0.2,0.2,0.15,30,66.01,603,548,39,509,225,0,173,0,111,0,1,54,1,604,336,173,604,311032.42,3190.59,22,51,52,37,39,308,0,0,225,0,284,0
33652,5,-0.08,-0.03,-0.5,-0.45,1,0.2,0.2,0.15,40,59.96,603,548,41,507,238,158,37,8,30,36,1,54,1,604,304,203,604,255220.89,2640.56,42,77,84,57,59,34,31,123,238,158,67,44
33653,5,-0.08,-0.03,-0.5,-0.45,1,0.2,0.2,0.15,40,55.11,601,546,47,499,0,164,50,10,94,181,1,54,3,604,275,224,604,283383.01,2943.09,20,27,32,24,26,14,23,333,0,164,144,191
33654,5,-0.08,-0.03,-0.5,-0.45,1,0.2,0.2,0.15,40,67.39,603,548,42,506,256,0,125,40,34,51,1,54,1,604,341,165,604,360806.27,3703.37,22,51,52,37,39,24,23,258,256,0,159,91
33655,5,-0.08,-0.03,-0.5,-0.45,1,0.2,0.2,0.15,50,59.17,603,548,41,507,239,163,0,44,0,61,1,54,1,604,300,207,604,249893.97,2585.7,42,77,84,57,59,34,31,123,239,163,0,105
33656,5,-0.08,-0.03,-0.5,-0.45,1,0.2,0.2,0.15,50,53.51,601,546,47,499,0,171,0,61,0,267,1,54,3,604,267,232,604,265737.41,2762.17,20,27,32,24,26,14,23,333,0,171,0,328
33657,5,-0.08,-0.03,-0.5,-0.45,1,0.2,0.2,0.15,50,66.6,603,548,42,506,257,0,0,169,0,80,1,54,1,604,337,169,604,346018.72,3554.69,22,51,52,37,39,24,23,258,257,0,0,249
33658,5,-0.08,-0.03,-0.5,-0.45,1,0.2,0.2,0.15,60,59.17,603,548,41,507,239,163,0,44,0,61,1,54,1,604,300,207,604,249893.97,2585.7,42,77,84,57,59,34,31,123,239,163,0,105
33659,5,-0.08,-0.03,-0.5,-0.45,1,0.2,0.2,0.15,60,53.51,601,546,47,499,0,171,0,61,0,267,1,54,3,604,267,232,604,265737.41,2762.17,20,27,32,24,26,14,23,333,0,171,0,328
33660,5,-0.08,-0.03,-0.5,-0.45,1,0.2,0.2,0.15,60,66.6,603,548,42,506,257,0,0,169,0,80,1,54,1,604,337,169,604,346018.72,3554.69,22,51,52,37,39,24,23,258,257,0,0,249
33661,5,-0.08,-0.03,-0.5,-0.45,2,0.1,0.1,0.15,20,69.03,603,548,12,536,337,91,75,0,33,0,1,54,1,604,370,166,604,170173.79,2134.88,184,122,71,159,0,0,0,0,337,91,108,0
33662,5,-0.08,-0.03,-0.5,-0.45,2,0.1,0.1,0.15,20,61.63,602,547,18,529,0,103,100,0,326,0,1,54,2,604,326,203,604,306796.51,3396.19,20,27,32,450,0,0,0,0,0,103,426,0
33663,5,-0.08,-0.03,-0.5,-0.45,2,0.1,0.1,0.15,20,73.32,603,548,12,536,353,0,143,0,40,0,1,54,1,604,393,143,604,238855.84,2603.96,167,101,50,218,0,0,0,0,353,0,183,0
33664,5,-0.08,-0.03,-0.5,-0.45,2,0.1,0.1,0.15,30,72.22,603,548,26,522,362,119,26,0,15,0,1,54,1,604,377,145,604,171682.94,2234.8,184,122,71,51,30,64,0,0,362,119,41,0
33665,5,-0.08,-0.03,-0.5,-0.45,2,0.1,0.1,0.15,30,59.41,602,547,42,505,0,143,62,0,300,0,1,54,2,604,300,205,604,330831.54,3644.12,20,27,32,24,26,376,0,0,0,143,362,0
33666,5,-0.08,-0.03,-0.5,-0.45,2,0.1,0.1,0.15,30,81.19,603,548,27,521,398,0,98,0,25,0,1,54,1,604,423,98,604,288254.46,2985.66,167,101,50,35,24,144,0,0,398,0,123,0
33667,5,-0.08,-0.03,-0.5,-0.45,2,0.1,0.1,0.15,40,72.8,603,548,26,522,374,127,13,2,4,2,1,54,1,604,380,142,604,173072.75,2277.61,184,122,71,51,30,23,11,30,374,127,17,4
33668,5,-0.08,-0.03,-0.5,-0.45,2,0.1,0.1,0.15,40,57.92,601,546,47,499,0,164,39,7,105,184,1,54,3,604,289,210,604,367065.58,4095.17,20,27,32,24,26,14,23,333,0,164,144,191
33669,5,-0.08,-0.03,-0.5,-0.45,2,0.1,0.1,0.15,40,83.88,603,548,27,521,419,0,68,16,9,9,1,54,1,604,437,84,604,335133.77,3256.61,167,101,50,35,24,21,11,112,419,0,77,25
33670,5,-0.08,-0.03,-0.5,-0.45,2,0.1,0.1,0.15,50,72.61,603,548,26,522,374,129,0,14,0,5,1,54,1,604,379,143,604,169655.58,2259.1,184,122,71,51,30,23,11,30,374,129,0,19
33671,5,-0.08,-0.03,-0.5,-0.45,2,0.1,0.1,0.15,50,56.31,601,546,47,499,0,171,0,47,0,281,1,54,3,604,281,218,604,344619.12,3916.75,20,27,32,24,26,14,23,333,0,171,0,328
33672,5,-0.08,-0.03,-0.5,-0.45,2,0.1,0.1,0.15,50,83.69,603,548,27,521,419,0,0,85,0,17,1,54,1,604,436,85,604,317971.25,3170.17,167,101,50,35,24,21,11,112,419,0,0,102
33673,5,-0.08,-0.03,-0.5,-0.45,2,0.1,0.1,0.15,60,72.61,603,548,26,522,374,129,0,14,0,5,1,54,1,604,379,143,604,169655.58,2259.1,184,122,71,51,30,23,11,30,374,129,0,19
33674,5,-0.08,-0.03,-0.5,-0.45,2,0.1,0.1,0.15,60,56.31,601,546,47,499,0,171,0,47,0,281,1,54,3,604,281,218,604,344619.12,3916.75,20,27,32,24,26,14,23,333,0,171,0,328
33675,5,-0.08,-0.03,-0.5,-0.45,2,0.1,0.1,0.15,60,83.69,603,548,27,521,419,0,0,85,0,17,1,54,1,604,436,85,604,317971.25,3170.17,167,101,50,35,24,21,11,112,419,0,0,102
33676,5,-0.08,-0.03,-0.5,-0.45,2,0.1,0.2,0.15,20,62.52,603,548,17,531,166,103,96,0,166,0,1,54,1,604,332,199,604,268358.01,3053.81,42,79,90,320,0,0,0,0,166,103,262,0
33677,5,-0.08,-0.03,-0.5,-0.45,2,0.1,0.2,0.15,20,61.63,602,547,18,529,0,103,100,0,326,0,1,54,2,604,326,203,604,306796.51,3396.19,20,27,32,450,0,0,0,0,0,103,426,0
33678,5,-0.08,-0.03,-0.5,-0.45,2,0.1,0.2,0.15,20,67.42,603,548,17,531,176,0,173,0,182,0,1,54,1,604,358,173,604,355223.32,3629.18,22,53,64,392,0,0,0,0,176,0,355,0
33679,5,-0.08,-0.03,-0.5,-0.45,2,0.1,0.2,0.15,30,62.16,603,548,38,510,223,139,54,0,94,0,1,54,1,604,317,193,604,292706.75,3342.34,42,79,90,58,60,181,0,0,223,139,148,0
33680,5,-0.08,-0.03,-0.5,-0.45,2,0.1,0.2,0.15,30,59.41,602,547,42,505,0,143,62,0,300,0,1,54,2,604,300,205,604,330831.54,3644.12,20,27,32,24,26,376,0,0,0,143,362,0
33681,5,-0.08,-0.03,-0.5,-0.45,2,0.1,0.2,0.15,30,71.12,603,548,39,509,242,0,147,0,120,0,1,54,1,604,362,147,604,431527.09,4234.36,22,53,64,37,39,294,0,0,242,0,267,0
33682,5,-0.08,-0.03,-0.5,-0.45,2,0.1,0.2,0.15,40,62.13,603,548,41,507,250,158,28,6,38,27,1,54,1,604,315,192,604,318302.54,3617.33,42,79,90,58,60,33,33,112,250,158,66,33
33683,5,-0.08,-0.03,-0.5,-0.45,2,0.1,0.2,0.15,40,57.92,601,546,47,499,0,164,39,7,105,184,1,54,3,604,289,210,604,367065.58,4095.17,20,27,32,24,26,14,23,333,0,164,144,191
33684,5,-0.08,-0.03,-0.5,-0.45,2,0.1,0.2,0.15,40,73.32,603,548,42,506,278,0,107,28,47,46,1,54,1,604,371,135,604,513915.38,4812.07,22,53,64,37,39,27,24,240,278,0,154,74
33685,5,-0.08,-0.03,-0.5,-0.45,2,0.1,0.2,0.15,50,61.34,603,548,41,507,251,163,0,33,0,60,1,54,1,604,311,196,604,309674.12,3565.8,42,79,90,58,60,33,33,112,251,163,0,93
33686,5,-0.08,-0.03,-0.5,-0.45,2,0.1,0.2,0.15,50,56.31,601,546,47,499,0,171,0,47,0,281,1,54,3,604,281,218,604,344619.12,3916.75,20,27,32,24,26,14,23,333,0,171,0,328
33687,5,-0.08,-0.03,-0.5,-0.45,2,0.1,0.2,0.15,50,72.53,603,548,42,506,279,0,0,139,0,88,1,54,1,604,367,139,604,488308.77,4677.07,22,53,64,37,39,27,24,240,279,0,0,227
33688,5,-0.08,-0.03,-0.5,-0.45,2,0.1,0.2,0.15,60,61.34,603,548,41,507,251,163,0,33,0,60,1,54,1,604,311,196,604,309674.12,3565.8,42,79,90,58,60,33,33,112,251,163,0,93
33689,5,-0.08,-0.03,-0.5,-0.45,2,0.1,0.2,0.15,60,56.31,601,546,47,499,0,171,0,47,0,281,1,54,3,604,281,218,604,344619.12,3916.75,20,27,32,24,26,14,23,333,0,171,0,328
33690,5,-0.08,-0.03,-0.5,-0.45,2,0.1,0.2,0.15,60,72.53,603,548,42,506,279,0,0,139,0,88,1,54,1,604,367,139,604,488308.77,4677.07,22,53,64,37,39,27,24,240,279,0,0,227
33691,5,-0.08,-0.03,-0.5,-0.45,2,0.2,0.1,0.15,20,65.3,603,548,12,536,321,91,95,0,29,0,1,54,1,604,350,186,604,136078.26,1404.2,181,114,67,174,0,0,0,0,321,91,124,0
33692,5,-0.08,-0.03,-0.5,-0.45,2,0.2,0.1,0.15,20,57.84,602,547,18,529,0,103,120,0,306,0,1,54,2,604,306,223,604,239915.22,2468.08,20,27,32,450,0,0,0,0,0,103,426,0
33693,5,-0.08,-0.03,-0.5,-0.45,2,0.2,0.1,0.15,20,67.91,603,548,12,536,332,0,172,0,32,0,1,54,1,604,364,172,604,177429.0,1808.09,163,90,46,237,0,0,0,0,332,0,204,0
33694,5,-0.08,-0.03,-0.5,-0.45,2,0.2,0.1,0.15,30,69.73,603,548,26,522,346,121,37,0,18,0,1,54,1,604,364,158,604,143129.46,1482.79,181,114,67,50,31,79,0,0,346,121,55,0
33695,5,-0.08,-0.03,-0.5,-0.45,2,0.2,0.1,0.15,30,56.63,602,547,42,505,0,143,76,0,286,0,1,54,2,604,286,219,604,247558.19,2566.96,20,27,32,24,26,376,0,0,0,143,362,0
33696,5,-0.08,-0.03,-0.5,-0.45,2,0.2,0.1,0.15,30,75.24,603,548,27,521,368,0,129,0,24,0,1,54,1,604,392,129,604,206574.45,2122.11,163,90,46,33,16,173,0,0,368,0,153,0
33697,5,-0.08,-0.03,-0.5,-0.45,2,0.2,0.1,0.15,40,70.83,603,548,27,521,359,130,18,4,5,5,1,54,1,604,369,152,604,149843.77,1551.42,181,114,67,50,31,24,15,39,359,130,23,9
33698,5,-0.08,-0.03,-0.5,-0.45,2,0.2,0.1,0.15,40,55.11,601,546,47,499,0,164,50,10,94,181,1,54,3,604,275,224,604,283383.01,2943.09,20,27,32,24,26,14,23,333,0,164,144,191
33699,5,-0.08,-0.03,-0.5,-0.45,2,0.2,0.1,0.15,40,77.69,603,548,28,520,388,0,87,29,5,11,1,54,1,604,404,116,604,232137.39,2375.07,163,90,46,33,16,20,12,140,388,0,92,40
33700,5,-0.08,-0.03,-0.5,-0.45,2,0.2,0.1,0.15,50,70.63,603,548,27,521,359,132,0,21,0,9,1,54,1,604,368,153,604,147490.78,1527.34,181,114,67,50,31,24,15,39,359,132,0,30
33701,5,-0.08,-0.03,-0.5,-0.45,2,0.2,0.1,0.15,50,53.51,601,546,47,499,0,171,0,61,0,267,1,54,3,604,267,232,604,265737.41,2762.17,20,27,32,24,26,14,23,333,0,171,0,328
33702,5,-0.08,-0.03,-0.5,-0.45,2,0.2,0.1,0.15,50,77.69,603,548,28,520,388,0,0,116,0,16,1,54,1,604,404,116,604,222128.06,2275.88,163,90,46,33,16,20,12,140,388,0,0,132
33703,5,-0.08,-0.03,-0.5,-0.45,2,0.2,0.1,0.15,60,70.63,603,548,27,521,359,132,0,21,0,9,1,54,1,604,368,153,604,147490.78,1527.34,181,114,67,50,31,24,15,39,359,132,0,30
33704,5,-0.08,-0.03,-0.5,-0.45,2,0.2,0.1,0.15,60,53.51,601,546,47,499,0,171,0,61,0,267,1,54,3,604,267,232,604,265737.41,2762.17,20,27,32,24,26,14,23,333,0,171,0,328
33705,5,-0.08,-0.03,-0.5,-0.45,2,0.2,0.1,0.15,60,77.69,603,548,28,520,388,0,0,116,0,16,1,54,1,604,404,116,604,222128.06,2275.88,163,90,46,33,16,20,12,140,388,0,0,132
33706,5,-0.08,-0.03,-0.5,-0.45,2,0.2,0.2,0.15,20,58.76,603,548,17,531,157,103,116,0,155,0,1,54,1,604,312,219,604,212345.84,2190.86,42,77,84,328,0,0,0,0,157,103,271,0
33707,5,-0.08,-0.03,-0.5,-0.45,2,0.2,0.2,0.15,20,57.84,602,547,18,529,0,103,120,0,306,0,1,54,2,604,306,223,604,239915.22,2468.08,20,27,32,450,0,0,0,0,0,103,426,0
33708,5,-0.08,-0.03,-0.5,-0.45,2,0.2,0.2,0.15,20,61.58,603,548,17,531,162,0,204,0,165,0,1,54,1,604,327,204,604,261033.16,2668.81,22,51,52,406,0,0,0,0,162,0,369,0
33709,5,-0.08,-0.03,-0.5,-0.45,2,0.2,0.2,0.15,30,59.41,603,548,38,510,214,139,68,0,89,0,1,54,1,604,303,207,604,234348.11,2419.99,42,77,84,57,59,191,0,0,214,139,157,0
33710,5,-0.08,-0.03,-0.5,-0.45,2,0.2,0.2,0.15,30,56.63,602,547,42,505,0,143,76,0,286,0,1,54,2,604,286,219,604,247558.19,2566.96,20,27,32,24,26,376,0,0,0,143,362,0
33711,5,-0.08,-0.03,-0.5,-0.45,2,0.2,0.2,0.15,30,66.01,603,548,39,509,225,0,173,0,111,0,1,54,1,604,336,173,604,311032.42,3190.59,22,51,52,37,39,308,0,0,225,0,284,0
33712,5,-0.08,-0.03,-0.5,-0.45,2,0.2,0.2,0.15,40,59.96,603,548,41,507,238,158,37,8,30,36,1,54,1,604,304,203,604,255220.89,2640.56,42,77,84,57,59,34,31,123,238,158,67,44
33713,5,-0.08,-0.03,-0.5,-0.45,2,0.2,0.2,0.15,40,55.11,601,546,47,499,0,164,50,10,94,181,1,54,3,604,275,224,604,283383.01,2943.09,20,27,32,24,26,14,23,333,0,164,144,191
33714,5,-0.08,-0.03,-0.5,-0.45,2,0.2,0.2,0.15,40,67.39,603,548,42,506,256,0,125,40,34,51,1,54,1,604,341,165,604,360806.27,3703.37,22,51,52,37,39,24,23,258,256,0,159,91
33715,5,-0.08,-0.03,-0.5,-0.45,2,0.2,0.2,0.15,50,59.17,603,548,41,507,239,163,0,44,0,61,1,54,1,604,300,207,604,249893.97,2585.7,42,77,84,57,59,34,31,123,239,163,0,105
33716,5,-0.08,-0.03,-0.5,-0.45,2,0.2,0.2,0.15,50,53.51,601,546,47,499,0,171,0,61,0,267,1,54,3,604,267,232,604,265737.41,2762.17,20,27,32,24,26,14,23,333,0,171,0,328
33717,5,-0.08,-0.03,-0.5,-0.45,2,0.2,0.2,0.15,50,66.6,603,548,42,506,257,0,0,169,0,80,1,54,1,604,337,169,604,346018.72,3554.69,22,51,52,37,39,24,23,258,257,0,0,249
33718,5,-0.08,-0.03,-0.5,-0.45,2,0.2,0.2,0.15,60,59.17,603,548,41,507,239,163,0,44,0,61,1,54,1,604,300,207,604,249893.97,2585.7,42,77,84,57,59,34,31,123,239,163,0,105
33719,5,-0.08,-0.03,-0.5,-0.45,2,0.2,0.2,0.15,60,53.51,601,546,47,499,0,171,0,61,0,267,1,54,3,604,267,232,604,265737.41,2762.17,20,27,32,24,26,14,23,333,0,171,0,328
33720,5,-0.08,-0.03,-0.5,-0.45,2,0.2,0.2,0.15,60,66.6,603,548,42,506,257,0,0,169,0,80,1,54,1,604,337,169,604,346018.72,3554.69,22,51,52,37,39,24,23,258,257,0,0,249
33721,5,-0.08,-0.03,-0.5,-0.4,1,0.1,0.1,0.15,20,65.21,1360,1263,30,1233,707,201,228,0,97,0,2,95,4,1364,804,429,1364,303013.87,3110.69,402,241,151,439,0,0,0,0,707,201,325,0
33722,5,-0.08,-0.03,-0.5,-0.4,1,0.1,0.1,0.15,20,58.43,1358,1261,39,1222,0,219,289,0,714,0,2,95,6,1364,714,508,1364,512924.97,5278.92,45,58,67,1052,0,0,0,0,0,219,1003,0
33723,5,-0.08,-0.03,-0.5,-0.4,1,0.1,0.1,0.15,20,67.94,1359,1262,30,1232,733,0,395,0,104,0,2,95,5,1364,837,395,1364,391817.63,4003.43,359,188,103,582,0,0,0,0,733,0,499,0
33724,5,-0.08,-0.03,-0.5,-0.4,1,0.1,0.1,0.15,30,68.9,1360,1263,54,1209,789,275,101,0,44,0,2,95,4,1364,833,376,1364,318563.28,3270.73,402,241,151,114,92,209,0,0,789,275,145,0
33725,5,-0.08,-0.03,-0.5,-0.4,1,0.1,0.1,0.15,30,56.48,1358,1261,89,1172,0,322,188,0,662,0,2,95,6,1364,662,510,1364,522885.8,5396.22,45,58,67,49,65,888,0,0,0,322,850,0
33726,5,-0.08,-0.03,-0.5,-0.4,1,0.1,0.1,0.15,30,74.81,1359,1262,59,1203,842,0,303,0,58,0,2,95,5,1364,900,303,1364,478411.98,4907.5,359,188,103,83,63,407,0,0,842,0,361,0
33727,5,-0.08,-0.03,-0.5,-0.4,1,0.1,0.1,0.15,40,69.32,1360,1263,57,1206,815,307,49,14,13,8,2,95,4,1364,836,370,1364,317964.76,3266.8,402,241,151,114,92,64,33,109,815,307,62,22
33728,5,-0.08,-0.03,-0.5,-0.4,1,0.1,0.1,0.15,40,54.69,1357,1260,99,1161,0,380,116,30,201,434,2,95,7,1364,635,526,1364,595894.07,6153.7,45,58,67,49,65,38,54,785,0,380,317,464
33729,5,-0.08,-0.03,-0.5,-0.4,1,0.1,0.1,0.15,40,76.96,1359,1262,64,1198,885,0,202,74,13,24,2,95,5,1364,922,276,1364,524887.96,5382.83,359,188,103,83,63,46,19,337,885,0,215,98
33730,5,-0.08,-0.03,-0.5,-0.4,1,0.1,0.1,0.15,50,69.15,1360,1263,57,1206,815,312,0,60,0,19,2,95,4,1364,834,372,1364,310953.88,3195.57,402,241,151,114,92,64,33,109,815,312,0,79
33731,5,-0.08,-0.03,-0.5,-0.4,1,0.1,0.1,0.15,50,53.23,1357,1260,99,1161,0,393,0,150,0,618,2,95,7,1364,618,543,1364,563718.02,5823.53,45,58,67,49,65,38,54,785,0,393,0,768
33732,5,-0.08,-0.03,-0.5,-0.4,1,0.1,0.1,0.15,50,76.88,1359,1262,64,1198,885,0,0,277,0,36,2,95,5,1364,921,277,1364,503257.94,5162.63,359,188,103,83,63,46,19,337,885,0,0,313
33733,5,-0.08,-0.03,-0.5,-0.4,1,0.1,0.1,0.15,60,69.15,1360,1263,57,1206,815,312,0,60,0,19,2,95,4,1364,834,372,1364,310953.88,3195.57,402,241,151,114,92,64,33,109,815,312,0,79
33734,5,-0.08,-0.03,-0.5,-0.4,1,0.1,0.1,0.15,60,53.23,1357,1260,99,1161,0,393,0,150,0,618,2,95,7,1364,618,543,1364,563718.02,5823.53,45,58,67,49,65,38,54,785,0,393,0,768
33735,5,-0.08,-0.03,-0.5,-0.4,1,0.1,0.1,0.15,60,76.88,1359,1262,64,1198,885,0,0,277,0,36,2,95,5,1364,921,277,1364,503257.94,5162.63,359,188,103,83,63,46,19,337,885,0,0,313
33736,5,-0.08,-0.03,-0.5,-0.4,1,0.1,0.2,0.15,20,58.99,1359,1262,38,1224,327,218,284,0,395,0,2,95,5,1364,722,502,1364,457432.76,4704.82,96,167,165,796,0,0,0,0,327,218,679,0
33737,5,-0.08,-0.03,-0.5,-0.4,1,0.1,0.2,0.15,20,58.43,1358,1261,39,1222,0,219,289,0,714,0,2,95,6,1364,714,508,1364,512924.97,5278.92,45,58,67,1052,0,0,0,0,0,219,1003,0
33738,5,-0.08,-0.03,-0.5,-0.4,1,0.1,0.2,0.15,20,61.82,1358,1261,38,1223,338,0,467,0,418,0,2,95,6,1364,756,467,1364,559066.29,5733.51,51,110,99,963,0,0,0,0,338,0,885,0
33739,5,-0.08,-0.03,-0.5,-0.4,1,0.1,0.2,0.15,30,58.7,1359,1262,78,1184,463,316,173,0,232,0,2,95,5,1364,695,489,1364,494887.14,5087.64,96,167,165,117,136,503,0,0,463,316,405,0
33740,5,-0.08,-0.03,-0.5,-0.4,1,0.1,0.2,0.15,30,56.48,1358,1261,89,1172,0,322,188,0,662,0,2,95,6,1364,662,510,1364,522885.8,5396.22,45,58,67,49,65,888,0,0,0,322,850,0
33741,5,-0.08,-0.03,-0.5,-0.4,1,0.1,0.2,0.15,30,65.2,1358,1261,83,1178,490,0,410,0,278,0,2,95,6,1364,768,410,1364,690108.79,7087.34,51,110,99,78,83,757,0,0,490,0,688,0
33742,5,-0.08,-0.03,-0.5,-0.4,1,0.1,0.2,0.15,40,57.94,1359,1262,85,1177,522,369,98,28,68,92,2,95,5,1364,682,495,1364,526539.3,5422.99,96,167,165,117,136,98,81,317,522,369,166,120
33743,5,-0.08,-0.03,-0.5,-0.4,1,0.1,0.2,0.15,40,54.69,1357,1260,99,1161,0,380,116,30,201,434,2,95,7,1364,635,526,1364,595894.07,6153.7,45,58,67,49,65,38,54,785,0,380,317,464
33744,5,-0.08,-0.03,-0.5,-0.4,1,0.1,0.2,0.15,40,66.12,1358,1261,92,1169,564,0,297,99,75,134,2,95,6,1364,773,396,1364,793550.84,8160.71,51,110,99,78,83,69,56,623,564,0,372,233
33745,5,-0.08,-0.03,-0.5,-0.4,1,0.1,0.2,0.15,50,57.26,1359,1262,85,1177,524,380,0,123,0,150,2,95,5,1364,674,503,1364,510260.91,5255.48,96,167,165,117,136,98,81,317,524,380,0,273
33746,5,-0.08,-0.03,-0.5,-0.4,1,0.1,0.2,0.15,50,53.23,1357,1260,99,1161,0,393,0,150,0,618,2,95,7,1364,618,543,1364,563718.02,5823.53,45,58,67,49,65,38,54,785,0,393,0,768
33747,5,-0.08,-0.03,-0.5,-0.4,1,0.1,0.2,0.15,50,65.36,1358,1261,92,1169,566,0,0,405,0,198,2,95,6,1364,764,405,1364,756398.62,7780.0,51,110,99,78,83,69,56,623,566,0,0,603
33748,5,-0.08,-0.03,-0.5,-0.4,1,0.1,0.2,0.15,60,57.26,1359,1262,85,1177,524,380,0,123,0,150,2,95,5,1364,674,503,1364,510260.91,5255.48,96,167,165,117,136,98,81,317,524,380,0,273
33749,5,-0.08,-0.03,-0.5,-0.4,1,0.1,0.2,0.15,60,53.23,1357,1260,99,1161,0,393,0,150,0,618,2,95,7,1364,618,543,1364,563718.02,5823.53,45,58,67,49,65,38,54,785,0,393,0,768
33750,5,-0.08,-0.03,-0.5,-0.4,1,0.1,0.2,0.15,60,65.36,1358,1261,92,1169,566,0,0,405,0,198,2,95,6,1364,764,405,1364,756398.62,7780.0,51,110,99,78,83,69,56,623,566,0,0,603
33751,5,-0.08,-0.03,-0.5,-0.4,1,0.2,0.1,0.15,20,65.21,1360,1263,30,1233,707,201,228,0,97,0,2,95,4,1364,804,429,1364,303013.87,3110.69,402,241,151,439,0,0,0,0,707,201,325,0
33752,5,-0.08,-0.03,-0.5,-0.4,1,0.2,0.1,0.15,20,58.43,1358,1261,39,1222,0,219,289,0,714,0,2,95,6,1364,714,508,1364,512924.97,5278.92,45,58,67,1052,0,0,0,0,0,219,1003,0
33753,5,-0.08,-0.03,-0.5,-0.4,1,0.2,0.1,0.15,20,67.94,1359,1262,30,1232,733,0,395,0,104,0,2,95,5,1364,837,395,1364,391817.63,4003.43,359,188,103,582,0,0,0,0,733,0,499,0
33754,5,-0.08,-0.03,-0.5,-0.4,1,0.2,0.1,0.15,30,68.9,1360,1263,54,1209,789,275,101,0,44,0,2,95,4,1364,833,376,1364,318563.28,3270.73,402,241,151,114,92,209,0,0,789,275,145,0
33755,5,-0.08,-0.03,-0.5,-0.4,1,0.2,0.1,0.15,30,56.48,1358,1261,89,1172,0,322,188,0,662,0,2,95,6,1364,662,510,1364,522885.8,5396.22,45,58,67,49,65,888,0,0,0,322,850,0
33756,5,-0.08,-0.03,-0.5,-0.4,1,0.2,0.1,0.15,30,74.81,1359,1262,59,1203,842,0,303,0,58,0,2,95,5,1364,900,303,1364,478411.98,4907.5,359,188,103,83,63,407,0,0,842,0,361,0
33757,5,-0.08,-0.03,-0.5,-0.4,1,0.2,0.1,0.15,40,69.32,1360,1263,57,1206,815,307,49,14,13,8,2,95,4,1364,836,370,1364,317964.76,3266.8,402,241,151,114,92,64,33,109,815,307,62,22
33758,5,-0.08,-0.03,-0.5,-0.4,1,0.2,0.1,0.15,40,54.69,1357,1260,99,1161,0,380,116,30,201,434,2,95,7,1364,635,526,1364,595894.07,6153.7,45,58,67,49,65,38,54,785,0,380,317,464
33759,5,-0.08,-0.03,-0.5,-0.4,1,0.2,0.1,0.15,40,76.96,1359,1262,64,1198,885,0,202,74,13,24,2,95,5,1364,922,276,1364,524887.96,5382.83,359,188,103,83,63,46,19,337,885,0,215,98
33760,5,-0.08,-0.03,-0.5,-0.4,1,0.2,0.1,0.15,50,69.15,1360,1263,57,1206,815,312,0,60,0,19,2,95,4,1364,834,372,1364,310953.88,3195.57,402,241,151,114,92,64,33,109,815,312,0,79
33761,5,-0.08,-0.03,-0.5,-0.4,1,0.2,0.1,0.15,50,53.23,1357,1260,99,1161,0,393,0,150,0,618,2,95,7,1364,618,543,1364,563718.02,5823.53,45,58,67,49,65,38,54,785,0,393,0,768
33762,5,-0.08,-0.03,-0.5,-0.4,1,0.2,0.1,0.15,50,76.88,1359,1262,64,1198,885,0,0,277,0,36,2,95,5,1364,921,277,1364,503257.94,5162.63,359,188,103,83,63,46,19,337,885,0,0,313
33763,5,-0.08,-0.03,-0.5,-0.4,1,0.2,0.1,0.15,60,69.15,1360,1263,57,1206,815,312,0,60,0,19,2,95,4,1364,834,372,1364,310953.88,3195.57,402,241,151,114,92,64,33,109,815,312,0,79
33764,5,-0.08,-0.03,-0.5,-0.4,1,0.2,0.1,0.15,60,53.23,1357,1260,99,1161,0,393,0,150,0,618,2,95,7,1364,618,543,1364,563718.02,5823.53,45,58,67,49,65,38,54,785,0,393,0,768
33765,5,-0.08,-0.03,-0.5,-0.4,1,0.2,0.1,0.15,60,76.88,1359,1262,64,1198,885,0,0,277,0,36,2,95,5,1364,921,277,1364,503257.94,5162.63,359,188,103,83,63,46,19,337,885,0,0,313
33766,5,-0.08,-0.03,-0.5,-0.4,1,0.2,0.2,0.15,20,58.99,1359,1262,38,1224,327,218,284,0,395,0,2,95,5,1364,722,502,1364,457432.76,4704.82,96,167,165,796,0,0,0,0,327,218,679,0
33767,5,-0.08,-0.03,-0.5,-0.4,1,0.2,0.2,0.15,20,58.43,1358,1261,39,1222,0,219,289,0,714,0,2,95,6,1364,714,508,1364,512924.97,5278.92,45,58,67,1052,0,0,0,0,0,219,1003,0
33768,5,-0.08,-0.03,-0.5,-0.4,1,0.2,0.2,0.15,20,61.82,1358,1261,38,1223,338,0,467,0,418,0,2,95,6,1364,756,467,1364,559066.29,5733.51,51,110,99,963,0,0,0,0,338,0,885,0
33769,5,-0.08,-0.03,-0.5,-0.4,1,0.2,0.2,0.15,30,58.7,1359,1262,78,1184,463,316,173,0,232,0,2,95,5,1364,695,489,1364,494887.14,5087.64,96,167,165,117,136,503,0,0,463,316,405,0
33770,5,-0.08,-0.03,-0.5,-0.4,1,0.2,0.2,0.15,30,56.48,1358,1261,89,1172,0,322,188,0,662,0,2,95,6,1364,662,510,1364,522885.8,5396.22,45,58,67,49,65,888,0,0,0,322,850,0
33771,5,-0.08,-0.03,-0.5,-0.4,1,0.2,0.2,0.15,30,65.2,1358,1261,83,1178,490,0,410,0,278,0,2,95,6,1364,768,410,1364,690108.79,7087.34,51,110,99,78,83,757,0,0,490,0,688,0
33772,5,-0.08,-0.03,-0.5,-0.4,1,0.2,0.2,0.15,40,57.94,1359,1262,85,1177,522,369,98,28,68,92,2,95,5,1364,682,495,1364,526539.3,5422.99,96,167,165,117,136,98,81,317,522,369,166,120
33773,5,-0.08,-0.03,-0.5,-0.4,1,0.2,0.2,0.15,40,54.69,1357,1260,99,1161,0,380,116,30,201,434,2,95,7,1364,635,526,1364,595894.07,6153.7,45,58,67,49,65,38,54,785,0,380,317,464
33774,5,-0.08,-0.03,-0.5,-0.4,1,0.2,0.2,0.15,40,66.12,1358,1261,92,1169,564,0,297,99,75,134,2,95,6,1364,773,396,1364,793550.84,8160.71,51,110,99,78,83,69,56,623,564,0,372,233
33775,5,-0.08,-0.03,-0.5,-0.4,1,0.2,0.2,0.15,50,57.26,1359,1262,85,1177,524,380,0,123,0,150,2,95,5,1364,674,503,1364,510260.91,5255.48,96,167,165,117,136,98,81,317,524,380,0,273
33776,5,-0.08,-0.03,-0.5,-0.4,1,0.2,0.2,0.15,50,53.23,1357,1260,99,1161,0,393,0,150,0,618,2,95,7,1364,618,543,1364,563718.02,5823.53,45,58,67,49,65,38,54,785,0,393,0,768
33777,5,-0.08,-0.03,-0.5,-0.4,1,0.2,0.2,0.15,50,65.36,1358,1261,92,1169,566,0,0,405,0,198,2,95,6,1364,764,405,1364,756398.62,7780.0,51,110,99,78,83,69,56,623,566,0,0,603
33778,5,-0.08,-0.03,-0.5,-0.4,1,0.2,0.2,0.15,60,57.26,1359,1262,85,1177,524,380,0,123,0,150,2,95,5,1364,674,503,1364,510260.91,5255.48,96,167,165,117,136,98,81,317,524,380,0,273
33779,5,-0.08,-0.03,-0.5,-0.4,1,0.2,0.2,0.15,60,53.23,1357,1260,99,1161,0,393,0,150,0,618,2,95,7,1364,618,543,1364,563718.02,5823.53,45,58,67,49,65,38,54,785,0,393,0,768
33780,5,-0.08,-0.03,-0.5,-0.4,1,0.2,0.2,0.15,60,65.36,1358,1261,92,1169,566,0,0,405,0,198,2,95,6,1364,764,405,1364,756398.62,7780.0,51,110,99,78,83,69,56,623,566,0,0,603
33781,5,-0.08,-0.03,-0.5,-0.4,2,0.1,0.1,0.15,20,69.51,1360,1263,30,1233,750,198,178,0,107,0,2,95,4,1364,857,376,1364,411191.04,4882.75,415,259,165,394,0,0,0,0,750,198,285,0
33782,5,-0.08,-0.03,-0.5,-0.4,2,0.1,0.1,0.15,20,62.68,1358,1261,39,1222,0,219,237,0,766,0,2,95,6,1364,766,456,1364,686943.5,7448.0,45,58,67,1052,0,0,0,0,0,219,1003,0
33783,5,-0.08,-0.03,-0.5,-0.4,2,0.1,0.1,0.15,20,74.03,1359,1262,30,1232,788,0,320,0,124,0,2,95,5,1364,912,320,1364,558633.48,5911.92,373,213,122,524,0,0,0,0,788,0,444,0
33784,5,-0.08,-0.03,-0.5,-0.4,2,0.1,0.1,0.15,30,71.63,1360,1263,54,1209,825,265,78,0,41,0,2,95,4,1364,866,343,1364,408250.05,5089.81,415,259,165,109,87,174,0,0,825,265,119,0
33785,5,-0.08,-0.03,-0.5,-0.4,2,0.1,0.1,0.15,30,58.87,1358,1261,89,1172,0,322,160,0,690,0,2,95,6,1364,690,482,1364,748026.73,7967.13,45,58,67,49,65,888,0,0,0,322,850,0
33786,5,-0.08,-0.03,-0.5,-0.4,2,0.1,0.1,0.15,30,80.13,1359,1262,59,1203,905,0,239,0,59,0,2,95,5,1364,964,239,1364,690458.52,6864.45,373,213,122,80,77,338,0,0,905,0,298,0
33787,5,-0.08,-0.03,-0.5,-0.4,2,0.1,0.1,0.15,40,72.25,1360,1263,56,1207,851,292,36,7,15,6,2,95,4,1364,872,335,1364,405734.93,5172.01,415,259,165,109,87,55,27,90,851,292,51,13
33788,5,-0.08,-0.03,-0.5,-0.4,2,0.1,0.1,0.15,40,57.19,1357,1260,99,1161,0,380,95,22,222,442,2,95,7,1364,664,497,1364,839039.69,8969.22,45,58,67,49,65,38,54,785,0,380,317,464
33789,5,-0.08,-0.03,-0.5,-0.4,2,0.1,0.1,0.15,40,83.4,1359,1262,63,1199,954,0,157,42,24,22,2,95,5,1364,1000,199,1364,785448.97,7452.97,373,213,122,80,77,40,25,269,954,0,181,64
33790,5,-0.08,-0.03,-0.5,-0.4,2,0.1,0.1,0.15,50,71.83,1360,1263,56,1207,851,297,0,43,0,16,2,95,4,1364,867,340,1364,395157.55,5111.84,415,259,165,109,87,55,27,90,851,297,0,59
33791,5,-0.08,-0.03,-0.5,-0.4,2,0.1,0.1,0.15,50,55.47,1357,1260,99,1161,0,393,0,124,0,644,2,95,7,1364,644,517,1364,795257.03,8653.57,45,58,67,49,65,38,54,785,0,393,0,768
33792,5,-0.08,-0.03,-0.5,-0.4,2,0.1,0.1,0.15,50,83.24,1359,1262,63,1199,954,0,0,201,0,44,2,95,5,1364,998,201,1364,749485.18,7262.46,373,213,122,80,77,40,25,269,954,0,0,245
33793,5,-0.08,-0.03,-0.5,-0.4,2,0.1,0.1,0.15,60,71.83,1360,1263,56,1207,851,297,0,43,0,16,2,95,4,1364,867,340,1364,395157.55,5111.84,415,259,165,109,87,55,27,90,851,297,0,59
33794,5,-0.08,-0.03,-0.5,-0.4,2,0.1,0.1,0.15,60,55.47,1357,1260,99,1161,0,393,0,124,0,644,2,95,7,1364,644,517,1364,795257.03,8653.57,45,58,67,49,65,38,54,785,0,393,0,768
33795,5,-0.08,-0.03,-0.5,-0.4,2,0.1,0.1,0.15,60,83.24,1359,1262,63,1199,954,0,0,201,0,44,2,95,5,1364,998,201,1364,749485.18,7262.46,373,213,122,80,77,40,25,269,954,0,0,245
33796,5,-0.08,-0.03,-0.5,-0.4,2,0.1,0.2,0.15,20,63.32,1359,1262,38,1224,353,218,231,0,422,0,2,95,5,1364,775,449,1364,617956.07,6800.52,97,169,177,781,0,0,0,0,353,218,653,0
33797,5,-0.08,-0.03,-0.5,-0.4,2,0.1,0.2,0.15,20,62.68,1358,1261,39,1222,0,219,237,0,766,0,2,95,6,1364,766,456,1364,686943.5,7448.0,45,58,67,1052,0,0,0,0,0,219,1003,0
33798,5,-0.08,-0.03,-0.5,-0.4,2,0.1,0.2,0.15,20,67.95,1358,1261,38,1223,374,0,392,0,457,0,2,95,6,1364,831,392,1364,801952.82,8049.84,52,113,118,940,0,0,0,0,374,0,849,0
33799,5,-0.08,-0.03,-0.5,-0.4,2,0.1,0.2,0.15,30,61.15,1359,1262,78,1184,491,315,145,0,233,0,2,95,5,1364,724,460,1364,667406.89,7374.19,97,169,177,128,142,471,0,0,491,315,378,0
33800,5,-0.08,-0.03,-0.5,-0.4,2,0.1,0.2,0.15,30,58.87,1358,1261,89,1172,0,322,160,0,690,0,2,95,6,1364,690,482,1364,748026.73,7967.13,45,58,67,49,65,888,0,0,0,322,850,0
33801,5,-0.08,-0.03,-0.5,-0.4,2,0.1,0.2,0.15,30,69.78,1358,1261,83,1178,537,0,356,0,285,0,2,95,6,1364,822,356,1364,1031862.85,9614.22,52,113,118,91,90,714,0,0,537,0,641,0
33802,5,-0.08,-0.03,-0.5,-0.4,2,0.1,0.2,0.15,40,60.24,1359,1262,85,1177,555,367,80,21,78,76,2,95,5,1364,709,468,1364,704403.84,7847.36,97,169,177,128,142,93,77,294,555,367,158,97
33803,5,-0.08,-0.03,-0.5,-0.4,2,0.1,0.2,0.15,40,57.19,1357,1260,99,1161,0,380,95,22,222,442,2,95,7,1364,664,497,1364,839039.69,8969.22,45,58,67,49,65,38,54,785,0,380,317,464
33804,5,-0.08,-0.03,-0.5,-0.4,2,0.1,0.2,0.15,40,71.86,1358,1261,92,1169,622,0,258,71,99,119,2,95,6,1364,840,329,1364,1202047.86,10801.89,52,113,118,91,90,73,53,579,622,0,357,190
33805,5,-0.08,-0.03,-0.5,-0.4,2,0.1,0.2,0.15,50,59.39,1359,1262,85,1177,557,378,0,100,0,142,2,95,5,1364,699,478,1364,680868.84,7703.96,97,169,177,128,142,93,77,294,557,378,0,242
33806,5,-0.08,-0.03,-0.5,-0.4,2,0.1,0.2,0.15,50,55.47,1357,1260,99,1161,0,393,0,124,0,644,2,95,7,1364,644,517,1364,795257.03,8653.57,45,58,67,49,65,38,54,785,0,393,0,768
33807,5,-0.08,-0.03,-0.5,-0.4,2,0.1,0.2,0.15,50,71.26,1358,1261,92,1169,624,0,0,336,0,209,2,95,6,1364,833,336,1364,1138802.2,10455.19,52,113,118,91,90,73,53,579,624,0,0,545
33808,5,-0.08,-0.03,-0.5,-0.4,2,0.1,0.2,0.15,60,59.39,1359,1262,85,1177,557,378,0,100,0,142,2,95,5,1364,699,478,1364,680868.84,7703.96,97,169,177,128,142,93,77,294,557,378,0,242
33809,5,-0.08,-0.03,-0.5,-0.4,2,0.1,0.2,0.15,60,55.47,1357,1260,99,1161,0,393,0,124,0,644,2,95,7,1364,644,517,1364,795257.03,8653.57,45,58,67,49,65,38,54,785,0,393,0,768
33810,5,-0.08,-0.03,-0.5,-0.4,2,0.1,0.2,0.15,60,71.26,1358,1261,92,1169,624,0,0,336,0,209,2,95,6,1364,833,336,1364,1138802.2,10455.19,52,113,118,91,90,73,53,579,624,0,0,545
33811,5,-0.08,-0.03,-0.5,-0.4,2,0.2,0.1,0.15,20,65.21,1360,1263,30,1233,707,201,228,0,97,0,2,95,4,1364,804,429,1364,303013.87,3110.69,402,241,151,439,0,0,0,0,707,201,325,0
33812,5,-0.08,-0.03,-0.5,-0.4,2,0.2,0.1,0.15,20,58.43,1358,1261,39,1222,0,219,289,0,714,0,2,95,6,1364,714,508,1364,512924.97,5278.92,45,58,67,1052,0,0,0,0,0,219,1003,0
33813,5,-0.08,-0.03,-0.5,-0.4,2,0.2,0.1,0.15,20,67.94,1359,1262,30,1232,733,0,395,0,104,0,2,95,5,1364,837,395,1364,391817.63,4003.43,359,188,103,582,0,0,0,0,733,0,499,0
33814,5,-0.08,-0.03,-0.5,-0.4,2,0.2,0.1,0.15,30,68.9,1360,1263,54,1209,789,275,101,0,44,0,2,95,4,1364,833,376,1364,318563.28,3270.73,402,241,151,114,92,209,0,0,789,275,145,0
33815,5,-0.08,-0.03,-0.5,-0.4,2,0.2,0.1,0.15,30,56.48,1358,1261,89,1172,0,322,188,0,662,0,2,95,6,1364,662,510,1364,522885.8,5396.22,45,58,67,49,65,888,0,0,0,322,850,0
33816,5,-0.08,-0.03,-0.5,-0.4,2,0.2,0.1,0.15,30,74.81,1359,1262,59,1203,842,0,303,0,58,0,2,95,5,1364,900,303,1364,478411.98,4907.5,359,188,103,83,63,407,0,0,842,0,361,0
33817,5,-0.08,-0.03,-0.5,-0.4,2,0.2,0.1,0.15,40,69.32,1360,1263,57,1206,815,307,49,14,13,8,2,95,4,1364,836,370,1364,317964.76,3266.8,402,241,151,114,92,64,33,109,815,307,62,22
33818,5,-0.08,-0.03,-0.5,-0.4,2,0.2,0.1,0.15,40,54.69,1357,1260,99,1161,0,380,116,30,201,434,2,95,7,1364,635,526,1364,595894.07,6153.7,45,58,67,49,65,38,54,785,0,380,317,464
33819,5,-0.08,-0.03,-0.5,-0.4,2,0.2,0.1,0.15,40,76.96,1359,1262,64,1198,885,0,202,74,13,24,2,95,5,1364,922,276,1364,524887.96,5382.83,359,188,103,83,63,46,19,337,885,0,215,98
33820,5,-0.08,-0.03,-0.5,-0.4,2,0.2,0.1,0.15,50,69.15,1360,1263,57,1206,815,312,0,60,0,19,2,95,4,1364,834,372,1364,310953.88,3195.57,402,241,151,114,92,64,33,109,815,312,0,79
33821,5,-0.08,-0.03,-0.5,-0.4,2,0.2,0.1,0.15,50,53.23,1357,1260,99,1161,0,393,0,150,0,618,2,95,7,1364,618,543,1364,563718.02,5823.53,45,58,67,49,65,38,54,785,0,393,0,768
33822,5,-0.08,-0.03,-0.5,-0.4,2,0.2,0.1,0.15,50,76.88,1359,1262,64,1198,885,0,0,277,0,36,2,95,5,1364,921,277,1364,503257.94,5162.63,359,188,103,83,63,46,19,337,885,0,0,313
33823,5,-0.08,-0.03,-0.5,-0.4,2,0.2,0.1,0.15,60,69.15,1360,1263,57,1206,815,312,0,60,0,19,2,95,4,1364,834,372,1364,310953.88,3195.57,402,241,151,114,92,64,33,109,815,312,0,79
33824,5,-0.08,-0.03,-0.5,-0.4,2,0.2,0.1,0.15,60,53.23,1357,1260,99,1161,0,393,0,150,0,618,2,95,7,1364,618,543,1364,563718.02,5823.53,45,58,67,49,65,38,54,785,0,393,0,768
33825,5,-0.08,-0.03,-0.5,-0.4,2,0.2,0.1,0.15,60,76.88,1359,1262,64,1198,885,0,0,277,0,36,2,95,5,1364,921,277,1364,503257.94,5162.63,359,188,103,83,63,46,19,337,885,0,0,313
33826,5,-0.08,-0.03,-0.5,-0.4,2,0.2,0.2,0.15,20,58.99,1359,1262,38,1224,327,218,284,0,395,0,2,95,5,1364,722,502,1364,457432.76,4704.82,96,167,165,796,0,0,0,0,327,218,679,0
33827,5,-0.08,-0.03,-0.5,-0.4,2,0.2,0.2,0.15,20,58.43,1358,1261,39,1222,0,219,289,0,714,0,2,95,6,1364,714,508,1364,512924.97,5278.92,45,58,67,1052,0,0,0,0,0,219,1003,0
33828,5,-0.08,-0.03,-0.5,-0.4,2,0.2,0.2,0.15,20,61.82,1358,1261,38,1223,338,0,467,0,418,0,2,95,6,1364,756,467,1364,559066.29,5733.51,51,110,99,963,0,0,0,0,338,0,885,0
33829,5,-0.08,-0.03,-0.5,-0.4,2,0.2,0.2,0.15,30,58.7,1359,1262,78,1184,463,316,173,0,232,0,2,95,5,1364,695,489,1364,494887.14,5087.64,96,167,165,117,136,503,0,0,463,316,405,0
33830,5,-0.08,-0.03,-0.5,-0.4,2,0.2,0.2,0.15,30,56.48,1358,1261,89,1172,0,322,188,0,662,0,2,95,6,1364,662,510,1364,522885.8,5396.22,45,58,67,49,65,888,0,0,0,322,850,0
33831,5,-0.08,-0.03,-0.5,-0.4,2,0.2,0.2,0.15,30,65.2,1358,1261,83,1178,490,0,410,0,278,0,2,95,6,1364,768,410,1364,690108.79,7087.34,51,110,99,78,83,757,0,0,490,0,688,0
33832,5,-0.08,-0.03,-0.5,-0.4,2,0.2,0.2,0.15,40,57.94,1359,1262,85,1177,522,369,98,28,68,92,2,95,5,1364,682,495,1364,526539.3,5422.99,96,167,165,117,136,98,81,317,522,369,166,120
33833,5,-0.08,-0.03,-0.5,-0.4,2,0.2,0.2,0.15,40,54.69,1357,1260,99,1161,0,380,116,30,201,434,2,95,7,1364,635,526,1364,595894.07,6153.7,45,58,67,49,65,38,54,785,0,380,317,464
33834,5,-0.08,-0.03,-0.5,-0.4,2,0.2,0.2,0.15,40,66.12,1358,1261,92,1169,564,0,297,99,75,134,2,95,6,1364,773,396,1364,793550.84,8160.71,51,110,99,78,83,69,56,623,564,0,372,233
33835,5,-0.08,-0.03,-0.5,-0.4,2,0.2,0.2,0.15,50,57.26,1359,1262,85,1177,524,380,0,123,0,150,2,95,5,1364,674,503,1364,510260.91,5255.48,96,167,165,117,136,98,81,317,524,380,0,273
33836,5,-0.08,-0.03,-0.5,-0.4,2,0.2,0.2,0.15,50,53.23,1357,1260,99,1161,0,393,0,150,0,618,2,95,7,1364,618,543,1364,563718.02,5823.53,45,58,67,49,65,38,54,785,0,393,0,768
33837,5,-0.08,-0.03,-0.5,-0.4,2,0.2,0.2,0.15,50,65.36,1358,1261,92,1169,566,0,0,405,0,198,2,95,6,1364,764,405,1364,756398.62,7780.0,51,110,99,78,83,69,56,623,566,0,0,603
33838,5,-0.08,-0.03,-0.5,-0.4,2,0.2,0.2,0.15,60,57.26,1359,1262,85,1177,524,380,0,123,0,150,2,95,5,1364,674,503,1364,510260.91,5255.48,96,167,165,117,136,98,81,317,524,380,0,273
33839,5,-0.08,-0.03,-0.5,-0.4,2,0.2,0.2,0.15,60,53.23,1357,1260,99,1161,0,393,0,150,0,618,2,95,7,1364,618,543,1364,563718.02,5823.53,45,58,67,49,65,38,54,785,0,393,0,768
33840,5,-0.08,-0.03,-0.5,-0.4,2,0.2,0.2,0.15,60,65.36,1358,1261,92,1169,566,0,0,405,0,198,2,95,6,1364,764,405,1364,756398.62,7780.0,51,110,99,78,83,69,56,623,566,0,0,603
33841,5,-0.08,-0.03,-0.5,-0.35,1,0.1,0.1,0.15,20,64.56,2253,2129,52,2077,1170,335,401,0,171,0,2,122,14,2267,1341,736,2267,490765.64,5037.6,652,408,275,742,0,0,0,0,1170,335,572,0
33842,5,-0.08,-0.03,-0.5,-0.35,1,0.1,0.1,0.15,20,56.77,2250,2126,65,2061,0,371,520,0,1170,0,2,122,17,2267,1170,891,2267,716768.75,7404.91,80,106,107,1768,0,0,0,0,0,371,1690,0
33843,5,-0.08,-0.03,-0.5,-0.35,1,0.1,0.1,0.15,20,67.47,2250,2126,54,2072,1205,0,674,0,193,0,2,122,17,2267,1398,674,2267,638995.9,6529.39,574,313,195,990,0,0,0,0,1205,0,867,0
33844,5,-0.08,-0.03,-0.5,-0.35,1,0.1,0.1,0.15,30,68.56,2253,2129,90,2039,1318,452,189,0,80,0,2,122,14,2267,1398,641,2267,535644.88,5510.9,652,408,275,170,150,384,0,0,1318,452,269,0
33845,5,-0.08,-0.03,-0.5,-0.35,1,0.1,0.1,0.15,30,55.71,2250,2126,139,1987,0,535,345,0,1107,0,2,122,17,2267,1107,880,2267,744043.15,7739.17,80,106,107,78,107,1509,0,0,0,535,1452,0
33846,5,-0.08,-0.03,-0.5,-0.35,1,0.1,0.1,0.15,30,74.33,2250,2126,100,2026,1396,0,520,0,110,0,2,122,17,2267,1506,520,2267,818293.36,8395.14,574,313,195,123,101,720,0,0,1396,0,630,0
33847,5,-0.08,-0.03,-0.5,-0.35,1,0.1,0.1,0.15,40,69.16,2253,2129,96,2033,1365,511,87,29,21,20,2,122,14,2267,1406,627,2267,528261.9,5437.66,652,408,275,170,150,115,59,204,1365,511,108,49
33848,5,-0.08,-0.03,-0.5,-0.35,1,0.1,0.1,0.15,40,53.88,2249,2125,154,1971,0,641,209,59,363,699,2,122,18,2267,1062,909,2267,808740.54,8353.72,80,106,107,78,107,57,92,1344,0,641,572,758
33849,5,-0.08,-0.03,-0.5,-0.35,1,0.1,0.1,0.15,40,76.86,2250,2126,108,2018,1474,0,332,135,26,51,2,122,17,2267,1551,467,2267,883955.45,9063.68,574,313,195,123,101,90,41,581,1474,0,358,186
33850,5,-0.08,-0.03,-0.5,-0.35,1,0.1,0.1,0.15,50,68.86,2253,2129,96,2033,1365,519,0,114,0,35,2,122,14,2267,1400,633,2267,517378.26,5324.14,652,408,275,170,150,115,59,204,1365,519,0,149
33851,5,-0.08,-0.03,-0.5,-0.35,1,0.1,0.1,0.15,50,52.56,2249,2125,154,1971,0,662,0,273,0,1036,2,122,18,2267,1036,935,2267,750842.67,7751.29,80,106,107,78,107,57,92,1344,0,662,0,1309
33852,5,-0.08,-0.03,-0.5,-0.35,1,0.1,0.1,0.15,50,76.71,2250,2126,108,2018,1475,0,0,470,0,73,2,122,17,2267,1548,470,2267,857531.05,8792.86,574,313,195,123,101,90,41,581,1475,0,0,543
33853,5,-0.08,-0.03,-0.5,-0.35,1,0.1,0.1,0.15,60,68.86,2253,2129,96,2033,1365,519,0,114,0,35,2,122,14,2267,1400,633,2267,517378.26,5324.14,652,408,275,170,150,115,59,204,1365,519,0,149
33854,5,-0.08,-0.03,-0.5,-0.35,1,0.1,0.1,0.15,60,52.56,2249,2125,154,1971,0,662,0,273,0,1036,2,122,18,2267,1036,935,2267,750842.67,7751.29,80,106,107,78,107,57,92,1344,0,662,0,1309
33855,5,-0.08,-0.03,-0.5,-0.35,1,0.1,0.1,0.15,60,76.71,2250,2126,108,2018,1475,0,0,470,0,73,2,122,17,2267,1548,470,2267,857531.05,8792.86,574,313,195,123,101,90,41,581,1475,0,0,543
33856,5,-0.08,-0.03,-0.5,-0.35,1,0.1,0.2,0.15,20,57.55,2252,2128,62,2066,513,368,509,0,676,0,2,122,15,2267,1189,877,2267,679422.88,6985.08,157,266,269,1374,0,0,0,0,513,368,1185,0
33857,5,-0.08,-0.03,-0.5,-0.35,1,0.1,0.2,0.15,20,56.77,2250,2126,65,2061,0,371,520,0,1170,0,2,122,17,2267,1170,891,2267,716768.75,7404.91,80,106,107,1768,0,0,0,0,0,371,1690,0
33858,5,-0.08,-0.03,-0.5,-0.35,1,0.1,0.2,0.15,20,60.31,2249,2125,64,2061,525,0,818,0,718,0,2,122,18,2267,1243,818,2267,838848.5,8596.39,77,161,163,1660,0,0,0,0,525,0,1536,0
33859,5,-0.08,-0.03,-0.5,-0.35,1,0.1,0.2,0.15,30,57.93,2252,2128,122,2006,723,524,320,0,439,0,2,122,15,2267,1162,844,2267,762969.65,7853.55,157,266,269,189,227,898,0,0,723,524,759,0
33860,5,-0.08,-0.03,-0.5,-0.35,1,0.1,0.2,0.15,30,55.71,2250,2126,139,1987,0,535,345,0,1107,0,2,122,17,2267,1107,880,2267,744043.15,7739.17,80,106,107,78,107,1509,0,0,0,535,1452,0
33861,5,-0.08,-0.03,-0.5,-0.35,1,0.1,0.2,0.15,30,64.12,2249,2125,132,1993,760,0,715,0,518,0,2,122,18,2267,1278,715,2267,1091342.93,11204.04,77,161,163,124,139,1329,0,0,760,0,1233,0
33862,5,-0.08,-0.03,-0.5,-0.35,1,0.1,0.2,0.15,40,57.14,2252,2128,133,1995,818,618,180,57,133,189,2,122,15,2267,1140,855,2267,790952.31,8166.57,157,266,269,189,227,139,130,618,818,618,313,246
33863,5,-0.08,-0.03,-0.5,-0.35,1,0.1,0.2,0.15,40,53.88,2249,2125,154,1971,0,641,209,59,363,699,2,122,18,2267,1062,909,2267,808740.54,8353.72,80,106,107,78,107,57,92,1344,0,641,572,758
33864,5,-0.08,-0.03,-0.5,-0.35,1,0.1,0.2,0.15,40,65.1,2249,2125,145,1980,878,0,511,180,150,261,2,122,18,2267,1289,691,2267,1230382.9,12653.61,77,161,163,124,139,96,93,1127,878,0,661,441
33865,5,-0.08,-0.03,-0.5,-0.35,1,0.1,0.2,0.15,50,56.39,2252,2128,133,1995,823,636,0,234,0,302,2,122,15,2267,1125,870,2267,761288.71,7859.97,157,266,269,189,227,139,130,618,823,636,0,536
33866,5,-0.08,-0.03,-0.5,-0.35,1,0.1,0.2,0.15,50,52.56,2249,2125,154,1971,0,662,0,273,0,1036,2,122,18,2267,1036,935,2267,750842.67,7751.29,80,106,107,78,107,57,92,1344,0,662,0,1309
33867,5,-0.08,-0.03,-0.5,-0.35,1,0.1,0.2,0.15,50,64.44,2249,2125,145,1980,883,0,0,704,0,393,2,122,18,2267,1276,704,2267,1178497.96,12122.2,77,161,163,124,139,96,93,1127,883,0,0,1097
33868,5,-0.08,-0.03,-0.5,-0.35,1,0.1,0.2,0.15,60,56.39,2252,2128,133,1995,823,636,0,234,0,302,2,122,15,2267,1125,870,2267,761288.71,7859.97,157,266,269,189,227,139,130,618,823,636,0,536
33869,5,-0.08,-0.03,-0.5,-0.35,1,0.1,0.2,0.15,60,52.56,2249,2125,154,1971,0,662,0,273,0,1036,2,122,18,2267,1036,935,2267,750842.67,7751.29,80,106,107,78,107,57,92,1344,0,662,0,1309
33870,5,-0.08,-0.03,-0.5,-0.35,1,0.1,0.2,0.15,60,64.44,2249,2125,145,1980,883,0,0,704,0,393,2,122,18,2267,1276,704,2267,1178497.96,12122.2,77,161,163,124,139,96,93,1127,883,0,0,1097
33871,5,-0.08,-0.03,-0.5,-0.35,1,0.2,0.1,0.15,20,64.56,2253,2129,52,2077,1170,335,401,0,171,0,2,122,14,2267,1341,736,2267,490765.64,5037.6,652,408,275,742,0,0,0,0,1170,335,572,0
33872,5,-0.08,-0.03,-0.5,-0.35,1,0.2,0.1,0.15,20,56.77,2250,2126,65,2061,0,371,520,0,1170,0,2,122,17,2267,1170,891,2267,716768.75,7404.91,80,106,107,1768,0,0,0,0,0,371,1690,0
33873,5,-0.08,-0.03,-0.5,-0.35,1,0.2,0.1,0.15,20,67.47,2250,2126,54,2072,1205,0,674,0,193,0,2,122,17,2267,1398,674,2267,638995.9,6529.39,574,313,195,990,0,0,0,0,1205,0,867,0
33874,5,-0.08,-0.03,-0.5,-0.35,1,0.2,0.1,0.15,30,68.56,2253,2129,90,2039,1318,452,189,0,80,0,2,122,14,2267,1398,641,2267,535644.88,5510.9,652,408,275,170,150,384,0,0,1318,452,269,0
33875,5,-0.08,-0.03,-0.5,-0.35,1,0.2,0.1,0.15,30,55.71,2250,2126,139,1987,0,535,345,0,1107,0,2,122,17,2267,1107,880,2267,744043.15,7739.17,80,106,107,78,107,1509,0,0,0,535,1452,0
33876,5,-0.08,-0.03,-0.5,-0.35,1,0.2,0.1,0.15,30,74.33,2250,2126,100,2026,1396,0,520,0,110,0,2,122,17,2267,1506,520,2267,818293.36,8395.14,574,313,195,123,101,720,0,0,1396,0,630,0
33877,5,-0.08,-0.03,-0.5,-0.35,1,0.2,0.1,0.15,40,69.16,2253,2129,96,2033,1365,511,87,29,21,20,2,122,14,2267,1406,627,2267,528261.9,5437.66,652,408,275,170,150,115,59,204,1365,511,108,49
33878,5,-0.08,-0.03,-0.5,-0.35,1,0.2,0.1,0.15,40,53.88,2249,2125,154,1971,0,641,209,59,363,699,2,122,18,2267,1062,909,2267,808740.54,8353.72,80,106,107,78,107,57,92,1344,0,641,572,758
33879,5,-0.08,-0.03,-0.5,-0.35,1,0.2,0.1,0.15,40,76.86,2250,2126,108,2018,1474,0,332,135,26,51,2,122,17,2267,1551,467,2267,883955.45,9063.68,574,313,195,123,101,90,41,581,1474,0,358,186
33880,5,-0.08,-0.03,-0.5,-0.35,1,0.2,0.1,0.15,50,68.86,2253,2129,96,2033,1365,519,0,114,0,35,2,122,14,2267,1400,633,2267,517378.26,5324.14,652,408,275,170,150,115,59,204,1365,519,0,149
33881,5,-0.08,-0.03,-0.5,-0.35,1,0.2,0.1,0.15,50,52.56,2249,2125,154,1971,0,662,0,273,0,1036,2,122,18,2267,1036,935,2267,750842.67,7751.29,80,106,107,78,107,57,92,1344,0,662,0,1309
33882,5,-0.08,-0.03,-0.5,-0.35,1,0.2,0.1,0.15,50,76.71,2250,2126,108,2018,1475,0,0,470,0,73,2,122,17,2267,1548,470,2267,857531.05,8792.86,574,313,195,123,101,90,41,581,1475,0,0,543
33883,5,-0.08,-0.03,-0.5,-0.35,1,0.2,0.1,0.15,60,68.86,2253,2129,96,2033,1365,519,0,114,0,35,2,122,14,2267,1400,633,2267,517378.26,5324.14,652,408,275,170,150,115,59,204,1365,519,0,149
33884,5,-0.08,-0.03,-0.5,-0.35,1,0.2,0.1,0.15,60,52.56,2249,2125,154,1971,0,662,0,273,0,1036,2,122,18,2267,1036,935,2267,750842.67,7751.29,80,106,107,78,107,57,92,1344,0,662,0,1309
33885,5,-0.08,-0.03,-0.5,-0.35,1,0.2,0.1,0.15,60,76.71,2250,2126,108,2018,1475,0,0,470,0,73,2,122,17,2267,1548,470,2267,857531.05,8792.86,574,313,195,123,101,90,41,581,1475,0,0,543
33886,5,-0.08,-0.03,-0.5,-0.35,1,0.2,0.2,0.15,20,57.55,2252,2128,62,2066,513,368,509,0,676,0,2,122,15,2267,1189,877,2267,679422.88,6985.08,157,266,269,1374,0,0,0,0,513,368,1185,0
33887,5,-0.08,-0.03,-0.5,-0.35,1,0.2,0.2,0.15,20,56.77,2250,2126,65,2061,0,371,520,0,1170,0,2,122,17,2267,1170,891,2267,716768.75,7404.91,80,106,107,1768,0,0,0,0,0,371,1690,0
33888,5,-0.08,-0.03,-0.5,-0.35,1,0.2,0.2,0.15,20,60.31,2249,2125,64,2061,525,0,818,0,718,0,2,122,18,2267,1243,818,2267,838848.5,8596.39,77,161,163,1660,0,0,0,0,525,0,1536,0
33889,5,-0.08,-0.03,-0.5,-0.35,1,0.2,0.2,0.15,30,57.93,2252,2128,122,2006,723,524,320,0,439,0,2,122,15,2267,1162,844,2267,762969.65,7853.55,157,266,269,189,227,898,0,0,723,524,759,0
33890,5,-0.08,-0.03,-0.5,-0.35,1,0.2,0.2,0.15,30,55.71,2250,2126,139,1987,0,535,345,0,1107,0,2,122,17,2267,1107,880,2267,744043.15,7739.17,80,106,107,78,107,1509,0,0,0,535,1452,0
33891,5,-0.08,-0.03,-0.5,-0.35,1,0.2,0.2,0.15,30,64.12,2249,2125,132,1993,760,0,715,0,518,0,2,122,18,2267,1278,715,2267,1091342.93,11204.04,77,161,163,124,139,1329,0,0,760,0,1233,0
33892,5,-0.08,-0.03,-0.5,-0.35,1,0.2,0.2,0.15,40,57.14,2252,2128,133,1995,818,618,180,57,133,189,2,122,15,2267,1140,855,2267,790952.31,8166.57,157,266,269,189,227,139,130,618,818,618,313,246
33893,5,-0.08,-0.03,-0.5,-0.35,1,0.2,0.2,0.15,40,53.88,2249,2125,154,1971,0,641,209,59,363,699,2,122,18,2267,1062,909,2267,808740.54,8353.72,80,106,107,78,107,57,92,1344,0,641,572,758
33894,5,-0.08,-0.03,-0.5,-0.35,1,0.2,0.2,0.15,40,65.1,2249,2125,145,1980,878,0,511,180,150,261,2,122,18,2267,1289,691,2267,1230382.9,12653.61,77,161,163,124,139,96,93,1127,878,0,661,441
33895,5,-0.08,-0.03,-0.5,-0.35,1,0.2,0.2,0.15,50,56.39,2252,2128,133,1995,823,636,0,234,0,302,2,122,15,2267,1125,870,2267,761288.71,7859.97,157,266,269,189,227,139,130,618,823,636,0,536
33896,5,-0.08,-0.03,-0.5,-0.35,1,0.2,0.2,0.15,50,52.56,2249,2125,154,1971,0,662,0,273,0,1036,2,122,18,2267,1036,935,2267,750842.67,7751.29,80,106,107,78,107,57,92,1344,0,662,0,1309
33897,5,-0.08,-0.03,-0.5,-0.35,1,0.2,0.2,0.15,50,64.44,2249,2125,145,1980,883,0,0,704,0,393,2,122,18,2267,1276,704,2267,1178497.96,12122.2,77,161,163,124,139,96,93,1127,883,0,0,1097
33898,5,-0.08,-0.03,-0.5,-0.35,1,0.2,0.2,0.15,60,56.39,2252,2128,133,1995,823,636,0,234,0,302,2,122,15,2267,1125,870,2267,761288.71,7859.97,157,266,269,189,227,139,130,618,823,636,0,536
33899,5,-0.08,-0.03,-0.5,-0.35,1,0.2,0.2,0.15,60,52.56,2249,2125,154,1971,0,662,0,273,0,1036,2,122,18,2267,1036,935,2267,750842.67,7751.29,80,106,107,78,107,57,92,1344,0,662,0,1309
33900,5,-0.08,-0.03,-0.5,-0.35,1,0.2,0.2,0.15,60,64.44,2249,2125,145,1980,883,0,0,704,0,393,2,122,18,2267,1276,704,2267,1178497.96,12122.2,77,161,163,124,139,96,93,1127,883,0,0,1097
33901,5,-0.08,-0.03,-0.5,-0.35,2,0.1,0.1,0.15,20,68.99,2253,2129,52,2077,1246,329,315,0,187,0,2,122,14,2267,1433,644,2267,677126.18,8081.4,674,443,288,672,0,0,0,0,1246,329,502,0
33902,5,-0.08,-0.03,-0.5,-0.35,2,0.1,0.1,0.15,20,61.18,2250,2126,65,2061,0,371,429,0,1261,0,2,122,17,2267,1261,800,2267,975757.31,11026.69,80,106,107,1768,0,0,0,0,0,371,1690,0
33903,5,-0.08,-0.03,-0.5,-0.35,2,0.1,0.1,0.15,20,73.65,2250,2126,54,2072,1305,0,546,0,221,0,2,122,17,2267,1526,546,2267,927368.0,9830.71,597,359,218,898,0,0,0,0,1305,0,767,0
33904,5,-0.08,-0.03,-0.5,-0.35,2,0.1,0.1,0.15,30,71.75,2253,2129,90,2039,1385,436,140,0,78,0,2,122,14,2267,1463,576,2267,702185.87,8648.66,674,443,288,170,155,309,0,0,1385,436,218,0
33905,5,-0.08,-0.03,-0.5,-0.35,2,0.1,0.1,0.15,30,58.53,2250,2126,139,1987,0,535,289,0,1163,0,2,122,17,2267,1163,824,2267,1097526.6,12063.53,80,106,107,78,107,1509,0,0,0,535,1452,0
33906,5,-0.08,-0.03,-0.5,-0.35,2,0.1,0.1,0.15,30,80.55,2250,2126,100,2026,1507,0,394,0,125,0,2,122,17,2267,1632,394,2267,1203314.48,11765.09,597,359,218,131,128,593,0,0,1507,0,519,0
33907,5,-0.08,-0.03,-0.5,-0.35,2,0.1,0.1,0.15,40,72.32,2253,2129,95,2034,1432,485,62,16,25,14,2,122,14,2267,1471,563,2267,692319.68,8752.09,674,443,288,170,155,91,53,160,1432,485,87,30
33908,5,-0.08,-0.03,-0.5,-0.35,2,0.1,0.1,0.15,40,56.72,2249,2125,154,1971,0,641,172,40,400,718,2,122,18,2267,1118,853,2267,1186079.5,13121.62,80,106,107,78,107,57,92,1344,0,641,572,758
33909,5,-0.08,-0.03,-0.5,-0.35,2,0.1,0.1,0.15,40,83.56,2250,2126,107,2019,1605,0,254,78,42,40,2,122,17,2267,1687,332,2267,1338577.39,12615.64,597,359,218,131,128,74,63,449,1605,0,296,118
33910,5,-0.08,-0.03,-0.5,-0.35,2,0.1,0.1,0.15,50,71.83,2253,2129,95,2034,1432,493,0,80,0,29,2,122,14,2267,1461,573,2267,674330.88,8648.5,674,443,288,170,155,91,53,160,1432,493,0,109
33911,5,-0.08,-0.03,-0.5,-0.35,2,0.1,0.1,0.15,50,55.1,2249,2125,154,1971,0,662,0,223,0,1086,2,122,18,2267,1086,885,2267,1106903.69,12548.68,80,106,107,78,107,57,92,1344,0,662,0,1309
33912,5,-0.08,-0.03,-0.5,-0.35,2,0.1,0.1,0.15,50,83.41,2250,2126,107,2019,1607,0,0,335,0,77,2,122,17,2267,1684,335,2267,1289391.43,12352.09,597,359,218,131,128,74,63,449,1607,0,0,412
33913,5,-0.08,-0.03,-0.5,-0.35,2,0.1,0.1,0.15,60,71.83,2253,2129,95,2034,1432,493,0,80,0,29,2,122,14,2267,1461,573,2267,674330.88,8648.5,674,443,288,170,155,91,53,160,1432,493,0,109
33914,5,-0.08,-0.03,-0.5,-0.35,2,0.1,0.1,0.15,60,55.1,2249,2125,154,1971,0,662,0,223,0,1086,2,122,18,2267,1086,885,2267,1106903.69,12548.68,80,106,107,78,107,57,92,1344,0,662,0,1309
33915,5,-0.08,-0.03,-0.5,-0.35,2,0.1,0.1,0.15,60,83.41,2250,2126,107,2019,1607,0,0,335,0,77,2,122,17,2267,1684,335,2267,1289391.43,12352.09,597,359,218,131,128,74,63,449,1607,0,0,412
33916,5,-0.08,-0.03,-0.5,-0.35,2,0.1,0.2,0.15,20,61.91,2252,2128,62,2066,556,368,419,0,723,0,2,122,15,2267,1279,787,2267,935964.36,10561.52,159,272,288,1347,0,0,0,0,556,368,1142,0
33917,5,-0.08,-0.03,-0.5,-0.35,2,0.1,0.2,0.15,20,61.18,2250,2126,65,2061,0,371,429,0,1261,0,2,122,17,2267,1261,800,2267,975757.31,11026.69,80,106,107,1768,0,0,0,0,0,371,1690,0
33918,5,-0.08,-0.03,-0.5,-0.35,2,0.1,0.2,0.15,20,66.57,2249,2125,64,2061,581,0,689,0,791,0,2,122,18,2267,1372,689,2267,1222458.53,12566.79,79,169,191,1622,0,0,0,0,581,0,1480,0
33919,5,-0.08,-0.03,-0.5,-0.35,2,0.1,0.2,0.15,30,60.62,2252,2128,122,2006,776,523,267,0,440,0,2,122,15,2267,1216,790,2267,1058109.26,11830.61,159,272,288,205,232,850,0,0,776,523,707,0
33920,5,-0.08,-0.03,-0.5,-0.35,2,0.1,0.2,0.15,30,58.53,2250,2126,139,1987,0,535,289,0,1163,0,2,122,17,2267,1163,824,2267,1097526.6,12063.53,80,106,107,78,107,1509,0,0,0,535,1452,0
33921,5,-0.08,-0.03,-0.5,-0.35,2,0.1,0.2,0.15,30,69.69,2249,2125,132,1993,840,0,604,0,549,0,2,122,18,2267,1389,604,2267,1671020.01,15614.78,79,169,191,142,149,1263,0,0,840,0,1153,0
33922,5,-0.08,-0.03,-0.5,-0.35,2,0.1,0.2,0.15,40,59.95,2252,2128,133,1995,879,616,145,38,150,167,2,122,15,2267,1196,799,2267,1089392.74,12404.46,159,272,288,205,232,143,125,571,879,616,295,205
33923,5,-0.08,-0.03,-0.5,-0.35,2,0.1,0.2,0.15,40,56.72,2249,2125,154,1971,0,641,172,40,400,718,2,122,18,2267,1118,853,2267,1186079.5,13121.62,80,106,107,78,107,57,92,1344,0,641,572,758
33924,5,-0.08,-0.03,-0.5,-0.35,2,0.1,0.2,0.15,40,71.62,2249,2125,145,1980,980,0,438,124,193,245,2,122,18,2267,1418,562,2267,1918337.64,17323.92,79,169,191,142,149,110,92,1048,980,0,631,369
33925,5,-0.08,-0.03,-0.5,-0.35,2,0.1,0.2,0.15,50,59.1,2252,2128,133,1995,883,633,0,183,0,296,2,122,15,2267,1179,816,2267,1049837.43,12151.75,159,272,288,205,232,143,125,571,883,633,0,479
33926,5,-0.08,-0.03,-0.5,-0.35,2,0.1,0.2,0.15,50,55.1,2249,2125,154,1971,0,662,0,223,0,1086,2,122,18,2267,1086,885,2267,1106903.69,12548.68,80,106,107,78,107,57,92,1344,0,662,0,1309
33927,5,-0.08,-0.03,-0.5,-0.35,2,0.1,0.2,0.15,50,71.36,2249,2125,145,1980,984,0,0,567,0,429,2,122,18,2267,1413,567,2267,1835927.18,16853.48,79,169,191,142,149,110,92,1048,984,0,0,996
33928,5,-0.08,-0.03,-0.5,-0.35,2,0.1,0.2,0.15,60,59.1,2252,2128,133,1995,883,633,0,183,0,296,2,122,15,2267,1179,816,2267,1049837.43,12151.75,159,272,288,205,232,143,125,571,883,633,0,479
33929,5,-0.08,-0.03,-0.5,-0.35,2,0.1,0.2,0.15,60,55.1,2249,2125,154,1971,0,662,0,223,0,1086,2,122,18,2267,1086,885,2267,1106903.69,12548.68,80,106,107,78,107,57,92,1344,0,662,0,1309
33930,5,-0.08,-0.03,-0.5,-0.35,2,0.1,0.2,0.15,60,71.36,2249,2125,145,1980,984,0,0,567,0,429,2,122,18,2267,1413,567,2267,1835927.18,16853.48,79,169,191,142,149,110,92,1048,984,0,0,996
33931,5,-0.08,-0.03,-0.5,-0.35,2,0.2,0.1,0.15,20,64.56,2253,2129,52,2077,1170,335,401,0,171,0,2,122,14,2267,1341,736,2267,490765.64,5037.6,652,408,275,742,0,0,0,0,1170,335,572,0
33932,5,-0.08,-0.03,-0.5,-0.35,2,0.2,0.1,0.15,20,56.77,2250,2126,65,2061,0,371,520,0,1170,0,2,122,17,2267,1170,891,2267,716768.75,7404.91,80,106,107,1768,0,0,0,0,0,371,1690,0
33933,5,-0.08,-0.03,-0.5,-0.35,2,0.2,0.1,0.15,20,67.47,2250,2126,54,2072,1205,0,674,0,193,0,2,122,17,2267,1398,674,2267,638995.9,6529.39,574,313,195,990,0,0,0,0,1205,0,867,0
33934,5,-0.08,-0.03,-0.5,-0.35,2,0.2,0.1,0.15,30,68.56,2253,2129,90,2039,1318,452,189,0,80,0,2,122,14,2267,1398,641,2267,535644.88,5510.9,652,408,275,170,150,384,0,0,1318,452,269,0
33935,5,-0.08,-0.03,-0.5,-0.35,2,0.2,0.1,0.15,30,55.71,2250,2126,139,1987,0,535,345,0,1107,0,2,122,17,2267,1107,880,2267,744043.15,7739.17,80,106,107,78,107,1509,0,0,0,535,1452,0
33936,5,-0.08,-0.03,-0.5,-0.35,2,0.2,0.1,0.15,30,74.33,2250,2126,100,2026,1396,0,520,0,110,0,2,122,17,2267,1506,520,2267,818293.36,8395.14,574,313,195,123,101,720,0,0,1396,0,630,0
33937,5,-0.08,-0.03,-0.5,-0.35,2,0.2,0.1,0.15,40,69.16,2253,2129,96,2033,1365,511,87,29,21,20,2,122,14,2267,1406,627,2267,528261.9,5437.66,652,408,275,170,150,115,59,204,1365,511,108,49
33938,5,-0.08,-0.03,-0.5,-0.35,2,0.2,0.1,0.15,40,53.88,2249,2125,154,1971,0,641,209,59,363,699,2,122,18,2267,1062,909,2267,808740.54,8353.72,80,106,107,78,107,57,92,1344,0,641,572,758
33939,5,-0.08,-0.03,-0.5,-0.35,2,0.2,0.1,0.15,40,76.86,2250,2126,108,2018,1474,0,332,135,26,51,2,122,17,2267,1551,467,2267,883955.45,9063.68,574,313,195,123,101,90,41,581,1474,0,358,186
33940,5,-0.08,-0.03,-0.5,-0.35,2,0.2,0.1,0.15,50,68.86,2253,2129,96,2033,1365,519,0,114,0,35,2,122,14,2267,1400,633,2267,517378.26,5324.14,652,408,275,170,150,115,59,204,1365,519,0,149
33941,5,-0.08,-0.03,-0.5,-0.35,2,0.2,0.1,0.15,50,52.56,2249,2125,154,1971,0,662,0,273,0,1036,2,122,18,2267,1036,935,2267,750842.67,7751.29,80,106,107,78,107,57,92,1344,0,662,0,1309
33942,5,-0.08,-0.03,-0.5,-0.35,2,0.2,0.1,0.15,50,76.71,2250,2126,108,2018,1475,0,0,470,0,73,2,122,17,2267,1548,470,2267,857531.05,8792.86,574,313,195,123,101,90,41,581,1475,0,0,543
33943,5,-0.08,-0.03,-0.5,-0.35,2,0.2,0.1,0.15,60,68.86,2253,2129,96,2033,1365,519,0,114,0,35,2,122,14,2267,1400,633,2267,517378.26,5324.14,652,408,275,170,150,115,59,204,1365,519,0,149
33944,5,-0.08,-0.03,-0.5,-0.35,2,0.2,0.1,0.15,60,52.56,2249,2125,154,1971,0,662,0,273,0,1036,2,122,18,2267,1036,935,2267,750842.67,7751.29,80,106,107,78,107,57,92,1344,0,662,0,1309
33945,5,-0.08,-0.03,-0.5,-0.35,2,0.2,0.1,0.15,60,76.71,2250,2126,108,2018,1475,0,0,470,0,73,2,122,17,2267,1548,470,2267,857531.05,8792.86,574,313,195,123,101,90,41,581,1475,0,0,543
33946,5,-0.08,-0.03,-0.5,-0.35,2,0.2,0.2,0.15,20,57.55,2252,2128,62,2066,513,368,509,0,676,0,2,122,15,2267,1189,877,2267,679422.88,6985.08,157,266,269,1374,0,0,0,0,513,368,1185,0
33947,5,-0.08,-0.03,-0.5,-0.35,2,0.2,0.2,0.15,20,56.77,2250,2126,65,2061,0,371,520,0,1170,0,2,122,17,2267,1170,891,2267,716768.75,7404.91,80,106,107,1768,0,0,0,0,0,371,1690,0
33948,5,-0.08,-0.03,-0.5,-0.35,2,0.2,0.2,0.15,20,60.31,2249,2125,64,2061,525,0,818,0,718,0,2,122,18,2267,1243,818,2267,838848.5,8596.39,77,161,163,1660,0,0,0,0,525,0,1536,0
33949,5,-0.08,-0.03,-0.5,-0.35,2,0.2,0.2,0.15,30,57.93,2252,2128,122,2006,723,524,320,0,439,0,2,122,15,2267,1162,844,2267,762969.65,7853.55,157,266,269,189,227,898,0,0,723,524,759,0
33950,5,-0.08,-0.03,-0.5,-0.35,2,0.2,0.2,0.15,30,55.71,2250,2126,139,1987,0,535,345,0,1107,0,2,122,17,2267,1107,880,2267,744043.15,7739.17,80,106,107,78,107,1509,0,0,0,535,1452,0
33951,5,-0.08,-0.03,-0.5,-0.35,2,0.2,0.2,0.15,30,64.12,2249,2125,132,1993,760,0,715,0,518,0,2,122,18,2267,1278,715,2267,1091342.93,11204.04,77,161,163,124,139,1329,0,0,760,0,1233,0
33952,5,-0.08,-0.03,-0.5,-0.35,2,0.2,0.2,0.15,40,57.14,2252,2128,133,1995,818,618,180,57,133,189,2,122,15,2267,1140,855,2267,790952.31,8166.57,157,266,269,189,227,139,130,618,818,618,313,246
33953,5,-0.08,-0.03,-0.5,-0.35,2,0.2,0.2,0.15,40,53.88,2249,2125,154,1971,0,641,209,59,363,699,2,122,18,2267,1062,909,2267,808740.54,8353.72,80,106,107,78,107,57,92,1344,0,641,572,758
33954,5,-0.08,-0.03,-0.5,-0.35,2,0.2,0.2,0.15,40,65.1,2249,2125,145,1980,878,0,511,180,150,261,2,122,18,2267,1289,691,2267,1230382.9,12653.61,77,161,163,124,139,96,93,1127,878,0,661,441
33955,5,-0.08,-0.03,-0.5,-0.35,2,0.2,0.2,0.15,50,56.39,2252,2128,133,1995,823,636,0,234,0,302,2,122,15,2267,1125,870,2267,761288.71,7859.97,157,266,269,189,227,139,130,618,823,636,0,536
33956,5,-0.08,-0.03,-0.5,-0.35,2,0.2,0.2,0.15,50,52.56,2249,2125,154,1971,0,662,0,273,0,1036,2,122,18,2267,1036,935,2267,750842.67,7751.29,80,106,107,78,107,57,92,1344,0,662,0,1309
33957,5,-0.08,-0.03,-0.5,-0.35,2,0.2,0.2,0.15,50,64.44,2249,2125,145,1980,883,0,0,704,0,393,2,122,18,2267,1276,704,2267,1178497.96,12122.2,77,161,163,124,139,96,93,1127,883,0,0,1097
33958,5,-0.08,-0.03,-0.5,-0.35,2,0.2,0.2,0.15,60,56.39,2252,2128,133,1995,823,636,0,234,0,302,2,122,15,2267,1125,870,2267,761288.71,7859.97,157,266,269,189,227,139,130,618,823,636,0,536
33959,5,-0.08,-0.03,-0.5,-0.35,2,0.2,0.2,0.15,60,52.56,2249,2125,154,1971,0,662,0,273,0,1036,2,122,18,2267,1036,935,2267,750842.67,7751.29,80,106,107,78,107,57,92,1344,0,662,0,1309
33960,5,-0.08,-0.03,-0.5,-0.35,2,0.2,0.2,0.15,60,64.44,2249,2125,145,1980,883,0,0,704,0,393,2,122,18,2267,1276,704,2267,1178497.96,12122.2,77,161,163,124,139,96,93,1127,883,0,0,1097
33961,5,-0.08,-0.03,-0.5,-0.3,1,0.1,0.1,0.15,20,63.48,3211,3078,69,3009,1617,493,606,0,293,0,4,129,25,3236,1910,1099,3236,619339.55,6462.0,887,584,408,1130,0,0,0,0,1617,493,899,0
33962,5,-0.08,-0.03,-0.5,-0.3,1,0.1,0.1,0.15,20,55.79,3207,3074,88,2986,0,552,768,0,1666,0,4,129,29,3236,1666,1320,3236,850859.62,8912.94,117,159,179,2531,0,0,0,0,0,552,2434,0
33963,5,-0.08,-0.03,-0.5,-0.3,1,0.1,0.1,0.15,20,66.17,3207,3074,71,3003,1662,0,1016,0,325,0,4,129,29,3236,1987,1016,3236,810846.6,8388.28,772,446,271,1514,0,0,0,0,1662,0,1341,0
33964,5,-0.08,-0.03,-0.5,-0.3,1,0.1,0.1,0.15,30,66.94,3211,3078,117,2961,1838,654,325,0,144,0,4,129,25,3236,1982,979,3236,683465.89,7163.88,887,584,408,231,223,628,0,0,1838,654,469,0
33965,5,-0.08,-0.03,-0.5,-0.3,1,0.1,0.1,0.15,30,54.74,3207,3074,184,2890,0,778,530,0,1582,0,4,129,29,3236,1582,1308,3236,878361.81,9308.47,117,159,179,97,150,2188,0,0,0,778,2112,0
33966,5,-0.08,-0.03,-0.5,-0.3,1,0.1,0.1,0.15,30,72.36,3206,3073,128,2945,1937,0,814,0,194,0,4,129,30,3236,2131,814,3236,1066040.47,11053.46,772,446,271,173,148,1135,0,0,1937,0,1008,0
33967,5,-0.08,-0.03,-0.5,-0.3,1,0.1,0.1,0.15,40,67.58,3211,3078,123,2955,1917,746,159,53,47,33,4,129,25,3236,1997,958,3236,668133.65,7000.0,887,584,408,231,223,159,104,359,1917,746,206,86
33968,5,-0.08,-0.03,-0.5,-0.3,1,0.1,0.1,0.15,40,53.03,3206,3073,201,2872,0,930,319,100,567,956,4,129,30,3236,1523,1349,3236,955723.06,10032.59,117,159,179,97,150,76,139,1955,0,930,886,1056
33969,5,-0.08,-0.03,-0.5,-0.3,1,0.1,0.1,0.15,40,74.94,3206,3073,136,2937,2067,0,517,219,57,77,4,129,30,3236,2201,736,3236,1178286.08,12183.76,772,446,271,173,148,127,79,921,2067,0,574,296
33970,5,-0.08,-0.03,-0.5,-0.3,1,0.1,0.1,0.15,50,67.38,3211,3078,123,2955,1918,757,0,207,0,73,4,129,25,3236,1991,964,3236,649548.92,6825.77,887,584,408,231,223,159,104,359,1918,757,0,280
33971,5,-0.08,-0.03,-0.5,-0.3,1,0.1,0.1,0.15,50,51.74,3206,3073,201,2872,0,959,0,427,0,1486,4,129,30,3236,1486,1386,3236,872468.26,9178.27,117,159,179,97,150,76,139,1955,0,959,0,1913
33972,5,-0.08,-0.03,-0.5,-0.3,1,0.1,0.1,0.15,50,74.84,3206,3073,136,2937,2069,0,0,739,0,129,4,129,30,3236,2198,739,3236,1140435.37,11811.18,772,446,271,173,148,127,79,921,2069,0,0,868
33973,5,-0.08,-0.03,-0.5,-0.3,1,0.1,0.1,0.15,60,67.38,3211,3078,123,2955,1918,757,0,207,0,73,4,129,25,3236,1991,964,3236,649548.92,6825.77,887,584,408,231,223,159,104,359,1918,757,0,280
33974,5,-0.08,-0.03,-0.5,-0.3,1,0.1,0.1,0.15,60,51.74,3206,3073,201,2872,0,959,0,427,0,1486,4,129,30,3236,1486,1386,3236,872468.26,9178.27,117,159,179,97,150,76,139,1955,0,959,0,1913
33975,5,-0.08,-0.03,-0.5,-0.3,1,0.1,0.1,0.15,60,74.84,3206,3073,136,2937,2069,0,0,739,0,129,4,129,30,3236,2198,739,3236,1140435.37,11811.18,772,446,271,173,148,127,79,921,2069,0,0,868
33976,5,-0.08,-0.03,-0.5,-0.3,1,0.1,0.2,0.15,20,56.6,3210,3077,84,2993,700,546,753,0,994,0,4,129,26,3236,1694,1299,3236,851111.04,8859.96,233,358,402,2000,0,0,0,0,700,546,1747,0
33977,5,-0.08,-0.03,-0.5,-0.3,1,0.1,0.2,0.15,20,55.79,3207,3074,88,2986,0,552,768,0,1666,0,4,129,29,3236,1666,1320,3236,850859.62,8912.94,117,159,179,2531,0,0,0,0,0,552,2434,0
33978,5,-0.08,-0.03,-0.5,-0.3,1,0.1,0.2,0.15,20,59.09,3206,3073,86,2987,713,0,1222,0,1052,0,4,129,30,3236,1765,1222,3236,1046490.05,10824.55,116,201,227,2443,0,0,0,0,713,0,2274,0
33979,5,-0.08,-0.03,-0.5,-0.3,1,0.1,0.2,0.15,30,56.88,3210,3077,162,2915,991,761,496,0,667,0,4,129,26,3236,1658,1257,3236,970854.02,10158.06,233,358,402,253,316,1353,0,0,991,761,1163,0
33980,5,-0.08,-0.03,-0.5,-0.3,1,0.1,0.2,0.15,30,54.74,3207,3074,184,2890,0,778,530,0,1582,0,4,129,29,3236,1582,1308,3236,878361.81,9308.47,117,159,179,97,150,2188,0,0,0,778,2112,0
33981,5,-0.08,-0.03,-0.5,-0.3,1,0.1,0.2,0.15,30,62.66,3204,3071,173,2898,1036,0,1082,0,780,0,4,129,32,3236,1816,1082,3236,1397985.49,14503.22,116,201,227,169,193,1992,0,0,1036,0,1862,0
33982,5,-0.08,-0.03,-0.5,-0.3,1,0.1,0.2,0.15,40,56.08,3210,3077,174,2903,1124,899,282,94,215,289,4,129,26,3236,1628,1275,3236,1000527.27,10485.85,233,358,402,253,316,190,186,965,1124,899,497,383
33983,5,-0.08,-0.03,-0.5,-0.3,1,0.1,0.2,0.15,40,53.03,3206,3073,201,2872,0,930,319,100,567,956,4,129,30,3236,1523,1349,3236,955723.06,10032.59,117,159,179,97,150,76,139,1955,0,930,886,1056
33984,5,-0.08,-0.03,-0.5,-0.3,1,0.1,0.2,0.15,40,63.83,3204,3071,187,2884,1200,0,761,282,244,397,4,129,32,3236,1841,1043,3236,1614819.17,16759.29,116,201,227,169,193,130,124,1724,1200,0,1005,679
33985,5,-0.08,-0.03,-0.5,-0.3,1,0.1,0.2,0.15,50,55.39,3210,3077,174,2903,1132,923,0,372,0,476,4,129,26,3236,1608,1295,3236,958412.4,10068.65,233,358,402,253,316,190,186,965,1132,923,0,848
33986,5,-0.08,-0.03,-0.5,-0.3,1,0.1,0.2,0.15,50,51.74,3206,3073,201,2872,0,959,0,427,0,1486,4,129,30,3236,1486,1386,3236,872468.26,9178.27,117,159,179,97,150,76,139,1955,0,959,0,1913
33987,5,-0.08,-0.03,-0.5,-0.3,1,0.1,0.2,0.15,50,63.28,3204,3071,187,2884,1208,0,0,1059,0,617,4,129,32,3236,1825,1059,3236,1548532.18,16093.28,116,201,227,169,193,130,124,1724,1208,0,0,1676
33988,5,-0.08,-0.03,-0.5,-0.3,1,0.1,0.2,0.15,60,55.39,3210,3077,174,2903,1132,923,0,372,0,476,4,129,26,3236,1608,1295,3236,958412.4,10068.65,233,358,402,253,316,190,186,965,1132,923,0,848
33989,5,-0.08,-0.03,-0.5,-0.3,1,0.1,0.2,0.15,60,51.74,3206,3073,201,2872,0,959,0,427,0,1486,4,129,30,3236,1486,1386,3236,872468.26,9178.27,117,159,179,97,150,76,139,1955,0,959,0,1913
33990,5,-0.08,-0.03,-0.5,-0.3,1,0.1,0.2,0.15,60,63.28,3204,3071,187,2884,1208,0,0,1059,0,617,4,129,32,3236,1825,1059,3236,1548532.18,16093.28,116,201,227,169,193,130,124,1724,1208,0,0,1676
33991,5,-0.08,-0.03,-0.5,-0.3,1,0.2,0.1,0.15,20,63.48,3211,3078,69,3009,1617,493,606,0,293,0,4,129,25,3236,1910,1099,3236,619339.55,6462.0,887,584,408,1130,0,0,0,0,1617,493,899,0
33992,5,-0.08,-0.03,-0.5,-0.3,1,0.2,0.1,0.15,20,55.79,3207,3074,88,2986,0,552,768,0,1666,0,4,129,29,3236,1666,1320,3236,850859.62,8912.94,117,159,179,2531,0,0,0,0,0,552,2434,0
33993,5,-0.08,-0.03,-0.5,-0.3,1,0.2,0.1,0.15,20,66.17,3207,3074,71,3003,1662,0,1016,0,325,0,4,129,29,3236,1987,1016,3236,810846.6,8388.28,772,446,271,1514,0,0,0,0,1662,0,1341,0
33994,5,-0.08,-0.03,-0.5,-0.3,1,0.2,0.1,0.15,30,66.94,3211,3078,117,2961,1838,654,325,0,144,0,4,129,25,3236,1982,979,3236,683465.89,7163.88,887,584,408,231,223,628,0,0,1838,654,469,0
33995,5,-0.08,-0.03,-0.5,-0.3,1,0.2,0.1,0.15,30,54.74,3207,3074,184,2890,0,778,530,0,1582,0,4,129,29,3236,1582,1308,3236,878361.81,9308.47,117,159,179,97,150,2188,0,0,0,778,2112,0
33996,5,-0.08,-0.03,-0.5,-0.3,1,0.2,0.1,0.15,30,72.36,3206,3073,128,2945,1937,0,814,0,194,0,4,129,30,3236,2131,814,3236,1066040.47,11053.46,772,446,271,173,148,1135,0,0,1937,0,1008,0
33997,5,-0.08,-0.03,-0.5,-0.3,1,0.2,0.1,0.15,40,67.58,3211,3078,123,2955,1917,746,159,53,47,33,4,129,25,3236,1997,958,3236,668133.65,7000.0,887,584,408,231,223,159,104,359,1917,746,206,86
33998,5,-0.08,-0.03,-0.5,-0.3,1,0.2,0.1,0.15,40,53.03,3206,3073,201,2872,0,930,319,100,567,956,4,129,30,3236,1523,1349,3236,955723.06,10032.59,117,159,179,97,150,76,139,1955,0,930,886,1056
33999,5,-0.08,-0.03,-0.5,-0.3,1,0.2,0.1,0.15,40,74.94,3206,3073,136,2937,2067,0,517,219,57,77,4,129,30,3236,2201,736,3236,1178286.08,12183.76,772,446,271,173,148,127,79,921,2067,0,574,296
34000,5,-0.08,-0.03,-0.5,-0.3,1,0.2,0.1,0.15,50,67.38,3211,3078,123,2955,1918,757,0,207,0,73,4,129,25,3236,1991,964,3236,649548.92,6825.77,887,584,408,231,223,159,104,359,1918,757,0,280
34001,5,-0.08,-0.03,-0.5,-0.3,1,0.2,0.1,0.15,50,51.74,3206,3073,201,2872,0,959,0,427,0,1486,4,129,30,3236,1486,1386,3236,872468.26,9178.27,117,159,179,97,150,76,139,1955,0,959,0,1913
34002,5,-0.08,-0.03,-0.5,-0.3,1,0.2,0.1,0.15,50,74.84,3206,3073,136,2937,2069,0,0,739,0,129,4,129,30,3236,2198,739,3236,1140435.37,11811.18,772,446,271,173,148,127,79,921,2069,0,0,868
34003,5,-0.08,-0.03,-0.5,-0.3,1,0.2,0.1,0.15,60,67.38,3211,3078,123,2955,1918,757,0,207,0,73,4,129,25,3236,1991,964,3236,649548.92,6825.77,887,584,408,231,223,159,104,359,1918,757,0,280
34004,5,-0.08,-0.03,-0.5,-0.3,1,0.2,0.1,0.15,60,51.74,3206,3073,201,2872,0,959,0,427,0,1486,4,129,30,3236,1486,1386,3236,872468.26,9178.27,117,159,179,97,150,76,139,1955,0,959,0,1913
34005,5,-0.08,-0.03,-0.5,-0.3,1,0.2,0.1,0.15,60,74.84,3206,3073,136,2937,2069,0,0,739,0,129,4,129,30,3236,2198,739,3236,1140435.37,11811.18,772,446,271,173,148,127,79,921,2069,0,0,868
34006,5,-0.08,-0.03,-0.5,-0.3,1,0.2,0.2,0.15,20,56.6,3210,3077,84,2993,700,546,753,0,994,0,4,129,26,3236,1694,1299,3236,851111.04,8859.96,233,358,402,2000,0,0,0,0,700,546,1747,0
34007,5,-0.08,-0.03,-0.5,-0.3,1,0.2,0.2,0.15,20,55.79,3207,3074,88,2986,0,552,768,0,1666,0,4,129,29,3236,1666,1320,3236,850859.62,8912.94,117,159,179,2531,0,0,0,0,0,552,2434,0
34008,5,-0.08,-0.03,-0.5,-0.3,1,0.2,0.2,0.15,20,59.09,3206,3073,86,2987,713,0,1222,0,1052,0,4,129,30,3236,1765,1222,3236,1046490.05,10824.55,116,201,227,2443,0,0,0,0,713,0,2274,0
34009,5,-0.08,-0.03,-0.5,-0.3,1,0.2,0.2,0.15,30,56.88,3210,3077,162,2915,991,761,496,0,667,0,4,129,26,3236,1658,1257,3236,970854.02,10158.06,233,358,402,253,316,1353,0,0,991,761,1163,0
34010,5,-0.08,-0.03,-0.5,-0.3,1,0.2,0.2,0.15,30,54.74,3207,3074,184,2890,0,778,530,0,1582,0,4,129,29,3236,1582,1308,3236,878361.81,9308.47,117,159,179,97,150,2188,0,0,0,778,2112,0
34011,5,-0.08,-0.03,-0.5,-0.3,1,0.2,0.2,0.15,30,62.66,3204,3071,173,2898,1036,0,1082,0,780,0,4,129,32,3236,1816,1082,3236,1397985.49,14503.22,116,201,227,169,193,1992,0,0,1036,0,1862,0
34012,5,-0.08,-0.03,-0.5,-0.3,1,0.2,0.2,0.15,40,56.08,3210,3077,174,2903,1124,899,282,94,215,289,4,129,26,3236,1628,1275,3236,1000527.27,10485.85,233,358,402,253,316,190,186,965,1124,899,497,383
34013,5,-0.08,-0.03,-0.5,-0.3,1,0.2,0.2,0.15,40,53.03,3206,3073,201,2872,0,930,319,100,567,956,4,129,30,3236,1523,1349,3236,955723.06,10032.59,117,159,179,97,150,76,139,1955,0,930,886,1056
34014,5,-0.08,-0.03,-0.5,-0.3,1,0.2,0.2,0.15,40,63.83,3204,3071,187,2884,1200,0,761,282,244,397,4,129,32,3236,1841,1043,3236,1614819.17,16759.29,116,201,227,169,193,130,124,1724,1200,0,1005,679
34015,5,-0.08,-0.03,-0.5,-0.3,1,0.2,0.2,0.15,50,55.39,3210,3077,174,2903,1132,923,0,372,0,476,4,129,26,3236,1608,1295,3236,958412.4,10068.65,233,358,402,253,316,190,186,965,1132,923,0,848
34016,5,-0.08,-0.03,-0.5,-0.3,1,0.2,0.2,0.15,50,51.74,3206,3073,201,2872,0,959,0,427,0,1486,4,129,30,3236,1486,1386,3236,872468.26,9178.27,117,159,179,97,150,76,139,1955,0,959,0,1913
34017,5,-0.08,-0.03,-0.5,-0.3,1,0.2,0.2,0.15,50,63.28,3204,3071,187,2884,1208,0,0,1059,0,617,4,129,32,3236,1825,1059,3236,1548532.18,16093.28,116,201,227,169,193,130,124,1724,1208,0,0,1676
34018,5,-0.08,-0.03,-0.5,-0.3,1,0.2,0.2,0.15,60,55.39,3210,3077,174,2903,1132,923,0,372,0,476,4,129,26,3236,1608,1295,3236,958412.4,10068.65,233,358,402,253,316,190,186,965,1132,923,0,848
34019,5,-0.08,-0.03,-0.5,-0.3,1,0.2,0.2,0.15,60,51.74,3206,3073,201,2872,0,959,0,427,0,1486,4,129,30,3236,1486,1386,3236,872468.26,9178.27,117,159,179,97,150,76,139,1955,0,959,0,1913
34020,5,-0.08,-0.03,-0.5,-0.3,1,0.2,0.2,0.15,60,63.28,3204,3071,187,2884,1208,0,0,1059,0,617,4,129,32,3236,1825,1059,3236,1548532.18,16093.28,116,201,227,169,193,130,124,1724,1208,0,0,1676
34021,5,-0.08,-0.03,-0.5,-0.3,2,0.1,0.1,0.15,20,67.9,3211,3078,69,3009,1729,485,481,0,314,0,4,129,25,3236,2043,966,3236,870887.33,10935.6,917,632,434,1026,0,0,0,0,1729,485,795,0
34022,5,-0.08,-0.03,-0.5,-0.3,2,0.1,0.1,0.15,20,60.35,3207,3074,88,2986,0,552,632,0,1802,0,4,129,29,3236,1802,1184,3236,1186491.15,14202.42,117,159,179,2531,0,0,0,0,0,552,2434,0
34023,5,-0.08,-0.03,-0.5,-0.3,2,0.1,0.1,0.15,20,72.46,3207,3074,71,3003,1812,0,827,0,364,0,4,129,29,3236,2176,827,3236,1210281.27,13306.93,805,508,313,1377,0,0,0,0,1812,0,1191,0
34024,5,-0.08,-0.03,-0.5,-0.3,2,0.1,0.1,0.15,30,70.55,3211,3078,117,2961,1947,635,237,0,142,0,4,129,25,3236,2089,872,3236,931015.52,11878.23,917,632,434,231,237,510,0,0,1947,635,379,0
34025,5,-0.08,-0.03,-0.5,-0.3,2,0.1,0.1,0.15,30,58.13,3207,3074,184,2890,0,778,432,0,1680,0,4,129,29,3236,1680,1210,3236,1362871.08,15665.8,117,159,179,97,150,2188,0,0,0,778,2112,0
34026,5,-0.08,-0.03,-0.5,-0.3,2,0.1,0.1,0.15,30,79.08,3206,3073,128,2945,2115,0,616,0,214,0,4,129,30,3236,2329,616,3236,1638612.63,16235.85,805,508,313,186,191,942,0,0,2115,0,830,0
34027,5,-0.08,-0.03,-0.5,-0.3,2,0.1,0.1,0.15,40,70.94,3211,3078,122,2956,2015,712,115,32,58,24,4,129,25,3236,2097,859,3236,896413.24,11935.82,917,632,434,231,237,131,84,290,2015,712,173,56
34028,5,-0.08,-0.03,-0.5,-0.3,2,0.1,0.1,0.15,40,56.27,3206,3073,201,2872,0,930,260,66,626,990,4,129,30,3236,1616,1256,3236,1468792.35,17067.48,117,159,179,97,150,76,139,1955,0,930,886,1056
34029,5,-0.08,-0.03,-0.5,-0.3,2,0.1,0.1,0.15,40,81.96,3206,3073,135,2938,2260,0,405,125,79,69,4,129,30,3236,2408,530,3236,1837181.57,17493.08,805,508,313,186,191,112,89,734,2260,0,484,194
34030,5,-0.08,-0.03,-0.5,-0.3,2,0.1,0.1,0.15,50,70.47,3211,3078,122,2956,2018,723,0,150,0,65,4,129,25,3236,2083,873,3236,868259.01,11797.99,917,632,434,231,237,131,84,290,2018,723,0,215
34031,5,-0.08,-0.03,-0.5,-0.3,2,0.1,0.1,0.15,50,54.6,3206,3073,201,2872,0,959,0,345,0,1568,4,129,30,3236,1568,1304,3236,1354411.19,16266.98,117,159,179,97,150,76,139,1955,0,959,0,1913
34032,5,-0.08,-0.03,-0.5,-0.3,2,0.1,0.1,0.15,50,81.79,3206,3073,135,2938,2265,0,0,535,0,138,4,129,30,3236,2403,535,3236,1775051.05,17178.61,805,508,313,186,191,112,89,734,2265,0,0,673
34033,5,-0.08,-0.03,-0.5,-0.3,2,0.1,0.1,0.15,60,70.47,3211,3078,122,2956,2018,723,0,150,0,65,4,129,25,3236,2083,873,3236,868259.01,11797.99,917,632,434,231,237,131,84,290,2018,723,0,215
34034,5,-0.08,-0.03,-0.5,-0.3,2,0.1,0.1,0.15,60,54.6,3206,3073,201,2872,0,959,0,345,0,1568,4,129,30,3236,1568,1304,3236,1354411.19,16266.98,117,159,179,97,150,76,139,1955,0,959,0,1913
34035,5,-0.08,-0.03,-0.5,-0.3,2,0.1,0.1,0.15,60,81.79,3206,3073,135,2938,2265,0,0,535,0,138,4,129,30,3236,2403,535,3236,1775051.05,17178.61,805,508,313,186,191,112,89,734,2265,0,0,673
34036,5,-0.08,-0.03,-0.5,-0.3,2,0.1,0.2,0.15,20,61.08,3210,3077,84,2993,757,546,619,0,1071,0,4,129,26,3236,1828,1165,3236,1191887.78,14107.92,235,367,427,1964,0,0,0,0,757,546,1690,0
34037,5,-0.08,-0.03,-0.5,-0.3,2,0.1,0.2,0.15,20,60.35,3207,3074,88,2986,0,552,632,0,1802,0,4,129,29,3236,1802,1184,3236,1186491.15,14202.42,117,159,179,2531,0,0,0,0,0,552,2434,0
34038,5,-0.08,-0.03,-0.5,-0.3,2,0.1,0.2,0.15,20,65.55,3206,3073,86,2987,788,0,1029,0,1170,0,4,129,30,3236,1958,1029,3236,1540041.03,16629.56,118,213,263,2393,0,0,0,0,788,0,2199,0
34039,5,-0.08,-0.03,-0.5,-0.3,2,0.1,0.2,0.15,30,60.05,3210,3077,161,2916,1067,760,405,0,684,0,4,129,26,3236,1751,1165,3236,1398558.71,16113.65,235,367,427,274,328,1285,0,0,1067,760,1089,0
34040,5,-0.08,-0.03,-0.5,-0.3,2,0.1,0.2,0.15,30,58.13,3207,3074,184,2890,0,778,432,0,1680,0,4,129,29,3236,1680,1210,3236,1362871.08,15665.8,117,159,179,97,150,2188,0,0,0,778,2112,0
34041,5,-0.08,-0.03,-0.5,-0.3,2,0.1,0.2,0.15,30,68.61,3204,3071,172,2899,1147,0,910,0,842,0,4,129,32,3236,1989,910,3236,2205667.94,21153.99,118,213,263,194,212,1899,0,0,1147,0,1752,0
34042,5,-0.08,-0.03,-0.5,-0.3,2,0.1,0.2,0.15,40,59.16,3210,3077,173,2904,1217,897,226,63,247,254,4,129,26,3236,1718,1186,3236,1432938.64,16922.73,235,367,427,274,328,196,185,892,1217,897,473,317
34043,5,-0.08,-0.03,-0.5,-0.3,2,0.1,0.2,0.15,40,56.27,3206,3073,201,2872,0,930,260,66,626,990,4,129,30,3236,1616,1256,3236,1468792.35,17067.48,117,159,179,97,150,76,139,1955,0,930,886,1056
34044,5,-0.08,-0.03,-0.5,-0.3,2,0.1,0.2,0.15,40,70.85,3204,3071,186,2885,1348,0,652,189,313,383,4,129,32,3236,2044,841,3236,2612270.66,23915.93,118,213,263,194,212,147,132,1606,1348,0,965,572
34045,5,-0.08,-0.03,-0.5,-0.3,2,0.1,0.2,0.15,50,58.23,3210,3077,173,2904,1223,920,0,293,0,468,4,129,26,3236,1691,1213,3236,1373049.62,16582.37,235,367,427,274,328,196,185,892,1223,920,0,761
34046,5,-0.08,-0.03,-0.5,-0.3,2,0.1,0.2,0.15,50,54.6,3206,3073,201,2872,0,959,0,345,0,1568,4,129,30,3236,1568,1304,3236,1354411.19,16266.98,117,159,179,97,150,76,139,1955,0,959,0,1913
34047,5,-0.08,-0.03,-0.5,-0.3,2,0.1,0.2,0.15,50,70.47,3204,3071,186,2885,1355,0,0,852,0,678,4,129,32,3236,2033,852,3236,2505833.25,23336.65,118,213,263,194,212,147,132,1606,1355,0,0,1530
34048,5,-0.08,-0.03,-0.5,-0.3,2,0.1,0.2,0.15,60,58.23,3210,3077,173,2904,1223,920,0,293,0,468,4,129,26,3236,1691,1213,3236,1373049.62,16582.37,235,367,427,274,328,196,185,892,1223,920,0,761
34049,5,-0.08,-0.03,-0.5,-0.3,2,0.1,0.2,0.15,60,54.6,3206,3073,201,2872,0,959,0,345,0,1568,4,129,30,3236,1568,1304,3236,1354411.19,16266.98,117,159,179,97,150,76,139,1955,0,959,0,1913
34050,5,-0.08,-0.03,-0.5,-0.3,2,0.1,0.2,0.15,60,70.47,3204,3071,186,2885,1355,0,0,852,0,678,4,129,32,3236,2033,852,3236,2505833.25,23336.65,118,213,263,194,212,147,132,1606,1355,0,0,1530
34051,5,-0.08,-0.03,-0.5,-0.3,2,0.2,0.1,0.15,20,63.48,3211,3078,69,3009,1617,493,606,0,293,0,4,129,25,3236,1910,1099,3236,619339.55,6462.0,887,584,408,1130,0,0,0,0,1617,493,899,0
34052,5,-0.08,-0.03,-0.5,-0.3,2,0.2,0.1,0.15,20,55.79,3207,3074,88,2986,0,552,768,0,1666,0,4,129,29,3236,1666,1320,3236,850859.62,8912.94,117,159,179,2531,0,0,0,0,0,552,2434,0
34053,5,-0.08,-0.03,-0.5,-0.3,2,0.2,0.1,0.15,20,66.17,3207,3074,71,3003,1662,0,1016,0,325,0,4,129,29,3236,1987,1016,3236,810846.6,8388.28,772,446,271,1514,0,0,0,0,1662,0,1341,0
34054,5,-0.08,-0.03,-0.5,-0.3,2,0.2,0.1,0.15,30,66.94,3211,3078,117,2961,1838,654,325,0,144,0,4,129,25,3236,1982,979,3236,683465.89,7163.88,887,584,408,231,223,628,0,0,1838,654,469,0
34055,5,-0.08,-0.03,-0.5,-0.3,2,0.2,0.1,0.15,30,54.74,3207,3074,184,2890,0,778,530,0,1582,0,4,129,29,3236,1582,1308,3236,878361.81,9308.47,117,159,179,97,150,2188,0,0,0,778,2112,0
34056,5,-0.08,-0.03,-0.5,-0.3,2,0.2,0.1,0.15,30,72.36,3206,3073,128,2945,1937,0,814,0,194,0,4,129,30,3236,2131,814,3236,1066040.47,11053.46,772,446,271,173,148,1135,0,0,1937,0,1008,0
34057,5,-0.08,-0.03,-0.5,-0.3,2,0.2,0.1,0.15,40,67.58,3211,3078,123,2955,1917,746,159,53,47,33,4,129,25,3236,1997,958,3236,668133.65,7000.0,887,584,408,231,223,159,104,359,1917,746,206,86
34058,5,-0.08,-0.03,-0.5,-0.3,2,0.2,0.1,0.15,40,53.03,3206,3073,201,2872,0,930,319,100,567,956,4,129,30,3236,1523,1349,3236,955723.06,10032.59,117,159,179,97,150,76,139,1955,0,930,886,1056
34059,5,-0.08,-0.03,-0.5,-0.3,2,0.2,0.1,0.15,40,74.94,3206,3073,136,2937,2067,0,517,219,57,77,4,129,30,3236,2201,736,3236,1178286.08,12183.76,772,446,271,173,148,127,79,921,2067,0,574,296
34060,5,-0.08,-0.03,-0.5,-0.3,2,0.2,0.1,0.15,50,67.38,3211,3078,123,2955,1918,757,0,207,0,73,4,129,25,3236,1991,964,3236,649548.92,6825.77,887,584,408,231,223,159,104,359,1918,757,0,280
34061,5,-0.08,-0.03,-0.5,-0.3,2,0.2,0.1,0.15,50,51.74,3206,3073,201,2872,0,959,0,427,0,1486,4,129,30,3236,1486,1386,3236,872468.26,9178.27,117,159,179,97,150,76,139,1955,0,959,0,1913
34062,5,-0.08,-0.03,-0.5,-0.3,2,0.2,0.1,0.15,50,74.84,3206,3073,136,2937,2069,0,0,739,0,129,4,129,30,3236,2198,739,3236,1140435.37,11811.18,772,446,271,173,148,127,79,921,2069,0,0,868
34063,5,-0.08,-0.03,-0.5,-0.3,2,0.2,0.1,0.15,60,67.38,3211,3078,123,2955,1918,757,0,207,0,73,4,129,25,3236,1991,964,3236,649548.92,6825.77,887,584,408,231,223,159,104,359,1918,757,0,280
34064,5,-0.08,-0.03,-0.5,-0.3,2,0.2,0.1,0.15,60,51.74,3206,3073,201,2872,0,959,0,427,0,1486,4,129,30,3236,1486,1386,3236,872468.26,9178.27,117,159,179,97,150,76,139,1955,0,959,0,1913
34065,5,-0.08,-0.03,-0.5,-0.3,2,0.2,0.1,0.15,60,74.84,3206,3073,136,2937,2069,0,0,739,0,129,4,129,30,3236,2198,739,3236,1140435.37,11811.18,772,446,271,173,148,127,79,921,2069,0,0,868
34066,5,-0.08,-0.03,-0.5,-0.3,2,0.2,0.2,0.15,20,56.6,3210,3077,84,2993,700,546,753,0,994,0,4,129,26,3236,1694,1299,3236,851111.04,8859.96,233,358,402,2000,0,0,0,0,700,546,1747,0
34067,5,-0.08,-0.03,-0.5,-0.3,2,0.2,0.2,0.15,20,55.79,3207,3074,88,2986,0,552,768,0,1666,0,4,129,29,3236,1666,1320,3236,850859.62,8912.94,117,159,179,2531,0,0,0,0,0,552,2434,0
34068,5,-0.08,-0.03,-0.5,-0.3,2,0.2,0.2,0.15,20,59.09,3206,3073,86,2987,713,0,1222,0,1052,0,4,129,30,3236,1765,1222,3236,1046490.05,10824.55,116,201,227,2443,0,0,0,0,713,0,2274,0
34069,5,-0.08,-0.03,-0.5,-0.3,2,0.2,0.2,0.15,30,56.88,3210,3077,162,2915,991,761,496,0,667,0,4,129,26,3236,1658,1257,3236,970854.02,10158.06,233,358,402,253,316,1353,0,0,991,761,1163,0
34070,5,-0.08,-0.03,-0.5,-0.3,2,0.2,0.2,0.15,30,54.74,3207,3074,184,2890,0,778,530,0,1582,0,4,129,29,3236,1582,1308,3236,878361.81,9308.47,117,159,179,97,150,2188,0,0,0,778,2112,0
34071,5,-0.08,-0.03,-0.5,-0.3,2,0.2,0.2,0.15,30,62.66,3204,3071,173,2898,1036,0,1082,0,780,0,4,129,32,3236,1816,1082,3236,1397985.49,14503.22,116,201,227,169,193,1992,0,0,1036,0,1862,0
34072,5,-0.08,-0.03,-0.5,-0.3,2,0.2,0.2,0.15,40,56.08,3210,3077,174,2903,1124,899,282,94,215,289,4,129,26,3236,1628,1275,3236,1000527.27,10485.85,233,358,402,253,316,190,186,965,1124,899,497,383
34073,5,-0.08,-0.03,-0.5,-0.3,2,0.2,0.2,0.15,40,53.03,3206,3073,201,2872,0,930,319,100,567,956,4,129,30,3236,1523,1349,3236,955723.06,10032.59,117,159,179,97,150,76,139,1955,0,930,886,1056
34074,5,-0.08,-0.03,-0.5,-0.3,2,0.2,0.2,0.15,40,63.83,3204,3071,187,2884,1200,0,761,282,244,397,4,129,32,3236,1841,1043,3236,1614819.17,16759.29,116,201,227,169,193,130,124,1724,1200,0,1005,679
34075,5,-0.08,-0.03,-0.5,-0.3,2,0.2,0.2,0.15,50,55.39,3210,3077,174,2903,1132,923,0,372,0,476,4,129,26,3236,1608,1295,3236,958412.4,10068.65,233,358,402,253,316,190,186,965,1132,923,0,848
34076,5,-0.08,-0.03,-0.5,-0.3,2,0.2,0.2,0.15,50,51.74,3206,3073,201,2872,0,959,0,427,0,1486,4,129,30,3236,1486,1386,3236,872468.26,9178.27,117,159,179,97,150,76,139,1955,0,959,0,1913
34077,5,-0.08,-0.03,-0.5,-0.3,2,0.2,0.2,0.15,50,63.28,3204,3071,187,2884,1208,0,0,1059,0,617,4,129,32,3236,1825,1059,3236,1548532.18,16093.28,116,201,227,169,193,130,124,1724,1208,0,0,1676
34078,5,-0.08,-0.03,-0.5,-0.3,2,0.2,0.2,0.15,60,55.39,3210,3077,174,2903,1132,923,0,372,0,476,4,129,26,3236,1608,1295,3236,958412.4,10068.65,233,358,402,253,316,190,186,965,1132,923,0,848
34079,5,-0.08,-0.03,-0.5,-0.3,2,0.2,0.2,0.15,60,51.74,3206,3073,201,2872,0,959,0,427,0,1486,4,129,30,3236,1486,1386,3236,872468.26,9178.27,117,159,179,97,150,76,139,1955,0,959,0,1913
34080,5,-0.08,-0.03,-0.5,-0.3,2,0.2,0.2,0.15,60,63.28,3204,3071,187,2884,1208,0,0,1059,0,617,4,129,32,3236,1825,1059,3236,1548532.18,16093.28,116,201,227,169,193,130,124,1724,1208,0,0,1676
34081,5,-0.08,-0.03,-0.5,-0.25,1,0.1,0.1,0.15,20,61.59,4113,3960,89,3871,1982,670,817,0,402,0,4,149,34,4147,2384,1487,4147,634037.11,6619.43,1103,724,519,1525,0,0,0,0,1982,670,1219,0
34082,5,-0.08,-0.03,-0.5,-0.25,1,0.1,0.1,0.15,20,53.68,4109,3956,115,3841,0,754,1025,0,2062,0,4,149,38,4147,2062,1779,4147,776650.13,8153.17,164,198,260,3219,0,0,0,0,0,754,3087,0
34083,5,-0.08,-0.03,-0.5,-0.25,1,0.1,0.1,0.15,20,63.99,4107,3954,91,3863,2032,0,1391,0,440,0,4,149,40,4147,2472,1391,4147,842162.7,8709.09,941,551,318,2053,0,0,0,0,2032,0,1831,0
34084,5,-0.08,-0.03,-0.5,-0.25,1,0.1,0.1,0.15,30,64.47,4113,3960,155,3805,2257,875,477,0,196,0,4,149,34,4147,2453,1352,4147,696743.34,7345.4,1103,724,519,306,287,866,0,0,2257,875,673,0
34085,5,-0.08,-0.03,-0.5,-0.25,1,0.1,0.1,0.15,30,51.84,4109,3956,239,3717,0,1048,742,0,1927,0,4,149,38,4147,1927,1790,4147,737680.06,7907.05,164,198,260,132,206,2757,0,0,0,1048,2669,0
34086,5,-0.08,-0.03,-0.5,-0.25,1,0.1,0.1,0.15,30,69.5,4104,3951,167,3784,2378,0,1154,0,252,0,4,149,43,4147,2630,1154,4147,1141044.54,11857.33,941,551,318,222,185,1567,0,0,2378,0,1406,0
34087,5,-0.08,-0.03,-0.5,-0.25,1,0.1,0.1,0.15,40,65.39,4113,3960,161,3799,2358,999,232,84,80,46,4,149,34,4147,2484,1315,4147,681663.32,7172.42,1103,724,519,306,287,193,134,533,2358,999,312,130
34088,5,-0.08,-0.03,-0.5,-0.25,1,0.1,0.1,0.15,40,50.46,4108,3955,259,3696,0,1241,444,146,722,1143,4,149,39,4147,1865,1831,4147,796683.77,8421.46,164,198,260,132,206,88,177,2471,0,1241,1166,1289
34089,5,-0.08,-0.03,-0.5,-0.25,1,0.1,0.1,0.15,40,72.43,4104,3951,175,3776,2542,0,726,315,93,100,4,149,43,4147,2735,1041,4147,1293344.7,13386.63,941,551,318,222,185,161,97,1301,2542,0,819,415
34090,5,-0.08,-0.03,-0.5,-0.25,1,0.1,0.1,0.15,50,65.2,4113,3960,161,3799,2360,1016,0,306,0,117,4,149,34,4147,2477,1322,4147,658300.78,6949.49,1103,724,519,306,287,193,134,533,2360,1016,0,423
34091,5,-0.08,-0.03,-0.5,-0.25,1,0.1,0.1,0.15,50,49.35,4108,3955,259,3696,0,1280,0,592,0,1824,4,149,39,4147,1824,1872,4147,698319.29,7410.95,164,198,260,132,206,88,177,2471,0,1280,0,2416
34092,5,-0.08,-0.03,-0.5,-0.25,1,0.1,0.1,0.15,50,72.33,4104,3951,175,3776,2545,0,0,1045,0,186,4,149,43,4147,2731,1045,4147,1249483.78,12953.49,941,551,318,222,185,161,97,1301,2545,0,0,1231
34093,5,-0.08,-0.03,-0.5,-0.25,1,0.1,0.1,0.15,60,65.2,4113,3960,161,3799,2360,1016,0,306,0,117,4,149,34,4147,2477,1322,4147,658300.78,6949.49,1103,724,519,306,287,193,134,533,2360,1016,0,423
34094,5,-0.08,-0.03,-0.5,-0.25,1,0.1,0.1,0.15,60,49.35,4108,3955,259,3696,0,1280,0,592,0,1824,4,149,39,4147,1824,1872,4147,698319.29,7410.95,164,198,260,132,206,88,177,2471,0,1280,0,2416
34095,5,-0.08,-0.03,-0.5,-0.25,1,0.1,0.1,0.15,60,72.33,4104,3951,175,3776,2545,0,0,1045,0,186,4,149,43,4147,2731,1045,4147,1249483.78,12953.49,941,551,318,222,185,161,97,1301,2545,0,0,1231
34096,5,-0.08,-0.03,-0.5,-0.25,1,0.1,0.2,0.15,20,54.53,4112,3959,108,3851,817,746,1005,0,1283,0,4,149,35,4147,2100,1751,4147,839163.18,8741.89,302,434,514,2601,0,0,0,0,817,746,2288,0
34097,5,-0.08,-0.03,-0.5,-0.25,1,0.1,0.2,0.15,20,53.68,4109,3956,115,3841,0,754,1025,0,2062,0,4,149,38,4147,2062,1779,4147,776650.13,8153.17,164,198,260,3219,0,0,0,0,0,754,3087,0
34098,5,-0.08,-0.03,-0.5,-0.25,1,0.1,0.2,0.15,20,56.73,4106,3953,110,3843,831,0,1663,0,1349,0,4,149,41,4147,2180,1663,4147,1033027.02,10665.25,138,238,260,3207,0,0,0,0,831,0,3012,0
34099,5,-0.08,-0.03,-0.5,-0.25,1,0.1,0.2,0.15,30,54.03,4112,3959,211,3748,1157,1024,699,0,868,0,4,149,35,4147,2025,1723,4147,933436.01,9811.87,302,434,514,313,396,1789,0,0,1157,1024,1567,0
34100,5,-0.08,-0.03,-0.5,-0.25,1,0.1,0.2,0.15,30,51.84,4109,3956,239,3717,0,1048,742,0,1927,0,4,149,38,4147,1927,1790,4147,737680.06,7907.05,164,198,260,132,206,2757,0,0,0,1048,2669,0
34101,5,-0.08,-0.03,-0.5,-0.25,1,0.1,0.2,0.15,30,59.38,4101,3948,223,3725,1206,0,1513,0,1006,0,4,149,46,4147,2212,1513,4147,1410883.14,14647.84,138,238,260,195,223,2671,0,0,1206,0,2519,0
34102,5,-0.08,-0.03,-0.5,-0.25,1,0.1,0.2,0.15,40,53.62,4112,3959,225,3734,1321,1200,393,139,309,372,4,149,35,4147,2002,1732,4147,970447.44,10200.99,302,434,514,313,396,222,236,1317,1321,1200,702,511
34103,5,-0.08,-0.03,-0.5,-0.25,1,0.1,0.2,0.15,40,50.46,4108,3955,259,3696,0,1241,444,146,722,1143,4,149,39,4147,1865,1831,4147,796683.77,8421.46,164,198,260,132,206,88,177,2471,0,1241,1166,1289
34104,5,-0.08,-0.03,-0.5,-0.25,1,0.1,0.2,0.15,40,61.09,4101,3948,239,3709,1411,0,1045,398,347,508,4,149,46,4147,2266,1443,4147,1688021.54,17510.5,138,238,260,195,223,152,158,2345,1411,0,1392,906
34105,5,-0.08,-0.03,-0.5,-0.25,1,0.1,0.2,0.15,50,53.03,4112,3959,225,3734,1329,1232,0,522,0,651,4,149,35,4147,1980,1754,4147,917841.42,9675.62,302,434,514,313,396,222,236,1317,1329,1232,0,1173
34106,5,-0.08,-0.03,-0.5,-0.25,1,0.1,0.2,0.15,50,49.35,4108,3955,259,3696,0,1280,0,592,0,1824,4,149,39,4147,1824,1872,4147,698319.29,7410.95,164,198,260,132,206,88,177,2471,0,1280,0,2416
34107,5,-0.08,-0.03,-0.5,-0.25,1,0.1,0.2,0.15,50,60.61,4101,3948,239,3709,1420,0,0,1461,0,828,4,149,46,4147,2248,1461,4147,1613628.73,16763.24,138,238,260,195,223,152,158,2345,1420,0,0,2289
34108,5,-0.08,-0.03,-0.5,-0.25,1,0.1,0.2,0.15,60,53.03,4112,3959,225,3734,1329,1232,0,522,0,651,4,149,35,4147,1980,1754,4147,917841.42,9675.62,302,434,514,313,396,222,236,1317,1329,1232,0,1173
34109,5,-0.08,-0.03,-0.5,-0.25,1,0.1,0.2,0.15,60,49.35,4108,3955,259,3696,0,1280,0,592,0,1824,4,149,39,4147,1824,1872,4147,698319.29,7410.95,164,198,260,132,206,88,177,2471,0,1280,0,2416
34110,5,-0.08,-0.03,-0.5,-0.25,1,0.1,0.2,0.15,60,60.61,4101,3948,239,3709,1420,0,0,1461,0,828,4,149,46,4147,2248,1461,4147,1613628.73,16763.24,138,238,260,195,223,152,158,2345,1420,0,0,2289
34111,5,-0.08,-0.03,-0.5,-0.25,1,0.2,0.1,0.15,20,61.59,4113,3960,89,3871,1982,670,817,0,402,0,4,149,34,4147,2384,1487,4147,634037.11,6619.43,1103,724,519,1525,0,0,0,0,1982,670,1219,0
34112,5,-0.08,-0.03,-0.5,-0.25,1,0.2,0.1,0.15,20,53.68,4109,3956,115,3841,0,754,1025,0,2062,0,4,149,38,4147,2062,1779,4147,776650.13,8153.17,164,198,260,3219,0,0,0,0,0,754,3087,0
34113,5,-0.08,-0.03,-0.5,-0.25,1,0.2,0.1,0.15,20,63.99,4107,3954,91,3863,2032,0,1391,0,440,0,4,149,40,4147,2472,1391,4147,842162.7,8709.09,941,551,318,2053,0,0,0,0,2032,0,1831,0
34114,5,-0.08,-0.03,-0.5,-0.25,1,0.2,0.1,0.15,30,64.47,4113,3960,155,3805,2257,875,477,0,196,0,4,149,34,4147,2453,1352,4147,696743.34,7345.4,1103,724,519,306,287,866,0,0,2257,875,673,0
34115,5,-0.08,-0.03,-0.5,-0.25,1,0.2,0.1,0.15,30,51.84,4109,3956,239,3717,0,1048,742,0,1927,0,4,149,38,4147,1927,1790,4147,737680.06,7907.05,164,198,260,132,206,2757,0,0,0,1048,2669,0
34116,5,-0.08,-0.03,-0.5,-0.25,1,0.2,0.1,0.15,30,69.5,4104,3951,167,3784,2378,0,1154,0,252,0,4,149,43,4147,2630,1154,4147,1141044.54,11857.33,941,551,318,222,185,1567,0,0,2378,0,1406,0
34117,5,-0.08,-0.03,-0.5,-0.25,1,0.2,0.1,0.15,40,65.39,4113,3960,161,3799,2358,999,232,84,80,46,4,149,34,4147,2484,1315,4147,681663.32,7172.42,1103,724,519,306,287,193,134,533,2358,999,312,130
34118,5,-0.08,-0.03,-0.5,-0.25,1,0.2,0.1,0.15,40,50.46,4108,3955,259,3696,0,1241,444,146,722,1143,4,149,39,4147,1865,1831,4147,796683.77,8421.46,164,198,260,132,206,88,177,2471,0,1241,1166,1289
34119,5,-0.08,-0.03,-0.5,-0.25,1,0.2,0.1,0.15,40,72.43,4104,3951,175,3776,2542,0,726,315,93,100,4,149,43,4147,2735,1041,4147,1293344.7,13386.63,941,551,318,222,185,161,97,1301,2542,0,819,415
34120,5,-0.08,-0.03,-0.5,-0.25,1,0.2,0.1,0.15,50,65.2,4113,3960,161,3799,2360,1016,0,306,0,117,4,149,34,4147,2477,1322,4147,658300.78,6949.49,1103,724,519,306,287,193,134,533,2360,1016,0,423
34121,5,-0.08,-0.03,-0.5,-0.25,1,0.2,0.1,0.15,50,49.35,4108,3955,259,3696,0,1280,0,592,0,1824,4,149,39,4147,1824,1872,4147,698319.29,7410.95,164,198,260,132,206,88,177,2471,0,1280,0,2416
34122,5,-0.08,-0.03,-0.5,-0.25,1,0.2,0.1,0.15,50,72.33,4104,3951,175,3776,2545,0,0,1045,0,186,4,149,43,4147,2731,1045,4147,1249483.78,12953.49,941,551,318,222,185,161,97,1301,2545,0,0,1231
34123,5,-0.08,-0.03,-0.5,-0.25,1,0.2,0.1,0.15,60,65.2,4113,3960,161,3799,2360,1016,0,306,0,117,4,149,34,4147,2477,1322,4147,658300.78,6949.49,1103,724,519,306,287,193,134,533,2360,1016,0,423
34124,5,-0.08,-0.03,-0.5,-0.25,1,0.2,0.1,0.15,60,49.35,4108,3955,259,3696,0,1280,0,592,0,1824,4,149,39,4147,1824,1872,4147,698319.29,7410.95,164,198,260,132,206,88,177,2471,0,1280,0,2416
34125,5,-0.08,-0.03,-0.5,-0.25,1,0.2,0.1,0.15,60,72.33,4104,3951,175,3776,2545,0,0,1045,0,186,4,149,43,4147,2731,1045,4147,1249483.78,12953.49,941,551,318,222,185,161,97,1301,2545,0,0,1231
34126,5,-0.08,-0.03,-0.5,-0.25,1,0.2,0.2,0.15,20,54.53,4112,3959,108,3851,817,746,1005,0,1283,0,4,149,35,4147,2100,1751,4147,839163.18,8741.89,302,434,514,2601,0,0,0,0,817,746,2288,0
34127,5,-0.08,-0.03,-0.5,-0.25,1,0.2,0.2,0.15,20,53.68,4109,3956,115,3841,0,754,1025,0,2062,0,4,149,38,4147,2062,1779,4147,776650.13,8153.17,164,198,260,3219,0,0,0,0,0,754,3087,0
34128,5,-0.08,-0.03,-0.5,-0.25,1,0.2,0.2,0.15,20,56.73,4106,3953,110,3843,831,0,1663,0,1349,0,4,149,41,4147,2180,1663,4147,1033027.02,10665.25,138,238,260,3207,0,0,0,0,831,0,3012,0
34129,5,-0.08,-0.03,-0.5,-0.25,1,0.2,0.2,0.15,30,54.03,4112,3959,211,3748,1157,1024,699,0,868,0,4,149,35,4147,2025,1723,4147,933436.01,9811.87,302,434,514,313,396,1789,0,0,1157,1024,1567,0
34130,5,-0.08,-0.03,-0.5,-0.25,1,0.2,0.2,0.15,30,51.84,4109,3956,239,3717,0,1048,742,0,1927,0,4,149,38,4147,1927,1790,4147,737680.06,7907.05,164,198,260,132,206,2757,0,0,0,1048,2669,0
34131,5,-0.08,-0.03,-0.5,-0.25,1,0.2,0.2,0.15,30,59.38,4101,3948,223,3725,1206,0,1513,0,1006,0,4,149,46,4147,2212,1513,4147,1410883.14,14647.84,138,238,260,195,223,2671,0,0,1206,0,2519,0
34132,5,-0.08,-0.03,-0.5,-0.25,1,0.2,0.2,0.15,40,53.62,4112,3959,225,3734,1321,1200,393,139,309,372,4,149,35,4147,2002,1732,4147,970447.44,10200.99,302,434,514,313,396,222,236,1317,1321,1200,702,511
34133,5,-0.08,-0.03,-0.5,-0.25,1,0.2,0.2,0.15,40,50.46,4108,3955,259,3696,0,1241,444,146,722,1143,4,149,39,4147,1865,1831,4147,796683.77,8421.46,164,198,260,132,206,88,177,2471,0,1241,1166,1289
34134,5,-0.08,-0.03,-0.5,-0.25,1,0.2,0.2,0.15,40,61.09,4101,3948,239,3709,1411,0,1045,398,347,508,4,149,46,4147,2266,1443,4147,1688021.54,17510.5,138,238,260,195,223,152,158,2345,1411,0,1392,906
34135,5,-0.08,-0.03,-0.5,-0.25,1,0.2,0.2,0.15,50,53.03,4112,3959,225,3734,1329,1232,0,522,0,651,4,149,35,4147,1980,1754,4147,917841.42,9675.62,302,434,514,313,396,222,236,1317,1329,1232,0,1173
34136,5,-0.08,-0.03,-0.5,-0.25,1,0.2,0.2,0.15,50,49.35,4108,3955,259,3696,0,1280,0,592,0,1824,4,149,39,4147,1824,1872,4147,698319.29,7410.95,164,198,260,132,206,88,177,2471,0,1280,0,2416
34137,5,-0.08,-0.03,-0.5,-0.25,1,0.2,0.2,0.15,50,60.61,4101,3948,239,3709,1420,0,0,1461,0,828,4,149,46,4147,2248,1461,4147,1613628.73,16763.24,138,238,260,195,223,152,158,2345,1420,0,0,2289
34138,5,-0.08,-0.03,-0.5,-0.25,1,0.2,0.2,0.15,60,53.03,4112,3959,225,3734,1329,1232,0,522,0,651,4,149,35,4147,1980,1754,4147,917841.42,9675.62,302,434,514,313,396,222,236,1317,1329,1232,0,1173
34139,5,-0.08,-0.03,-0.5,-0.25,1,0.2,0.2,0.15,60,49.35,4108,3955,259,3696,0,1280,0,592,0,1824,4,149,39,4147,1824,1872,4147,698319.29,7410.95,164,198,260,132,206,88,177,2471,0,1280,0,2416
34140,5,-0.08,-0.03,-0.5,-0.25,1,0.2,0.2,0.15,60,60.61,4101,3948,239,3709,1420,0,0,1461,0,828,4,149,46,4147,2248,1461,4147,1613628.73,16763.24,138,238,260,195,223,152,158,2345,1420,0,0,2289
34141,5,-0.08,-0.03,-0.5,-0.25,2,0.1,0.1,0.15,20,65.9,4113,3960,89,3871,2127,656,664,0,424,0,4,149,34,4147,2551,1320,4147,923879.78,12689.89,1139,781,552,1399,0,0,0,0,2127,656,1088,0
34142,5,-0.08,-0.03,-0.5,-0.25,2,0.1,0.1,0.15,20,58.08,4109,3956,115,3841,0,754,856,0,2231,0,4,149,38,4147,2231,1610,4147,1133880.53,15108.61,164,198,260,3219,0,0,0,0,0,754,3087,0
34143,5,-0.08,-0.03,-0.5,-0.25,2,0.1,0.1,0.15,20,70.15,4107,3954,91,3863,2225,0,1153,0,485,0,4,149,40,4147,2710,1153,4147,1301613.38,15395.03,981,623,377,1882,0,0,0,0,2225,0,1638,0
34144,5,-0.08,-0.03,-0.5,-0.25,2,0.1,0.1,0.15,30,68.52,4113,3960,154,3806,2398,845,353,0,210,0,4,149,34,4147,2608,1198,4147,989196.5,13848.53,1139,781,552,311,297,726,0,0,2398,845,563,0
34145,5,-0.08,-0.03,-0.5,-0.25,2,0.1,0.1,0.15,30,55.5,4109,3956,239,3717,0,1048,606,0,2063,0,4,149,38,4147,2063,1654,4147,1249334.42,16256.67,164,198,260,132,206,2757,0,0,0,1048,2669,0
34146,5,-0.08,-0.03,-0.5,-0.25,2,0.1,0.1,0.15,30,76.57,4104,3951,166,3785,2603,0,887,0,295,0,4,149,43,4147,2898,887,4147,1816805.23,18976.53,981,623,377,244,230,1330,0,0,2603,0,1182,0
34147,5,-0.08,-0.03,-0.5,-0.25,2,0.1,0.1,0.15,40,69.09,4113,3960,159,3801,2493,952,177,46,94,39,4,149,34,4147,2626,1175,4147,954715.12,14022.22,1139,781,552,311,297,163,115,443,2493,952,271,85
34148,5,-0.08,-0.03,-0.5,-0.25,2,0.1,0.1,0.15,40,53.81,4108,3955,259,3696,0,1241,369,97,797,1192,4,149,39,4147,1989,1707,4147,1346704.88,17653.99,164,198,260,132,206,88,177,2471,0,1241,1166,1289
34149,5,-0.08,-0.03,-0.5,-0.25,2,0.1,0.1,0.15,40,79.8,4104,3951,173,3778,2792,0,577,186,124,99,4,149,43,4147,3015,763,4147,2088050.3,20723.3,981,623,377,244,230,148,113,1062,2792,0,701,285
34150,5,-0.08,-0.03,-0.5,-0.25,2,0.1,0.1,0.15,50,68.75,4113,3960,159,3801,2499,968,0,220,0,114,4,149,34,4147,2613,1188,4147,921133.5,13860.3,1139,781,552,311,297,163,115,443,2499,968,0,334
34151,5,-0.08,-0.03,-0.5,-0.25,2,0.1,0.1,0.15,50,52.44,4108,3955,259,3696,0,1280,0,478,0,1938,4,149,39,4147,1938,1758,4147,1210499.31,16703.82,164,198,260,132,206,88,177,2471,0,1280,0,2416
34152,5,-0.08,-0.03,-0.5,-0.25,2,0.1,0.1,0.15,50,79.72,4104,3951,173,3778,2800,0,0,766,0,212,4,149,43,4147,3012,766,4147,2016990.11,20367.5,981,623,377,244,230,148,113,1062,2800,0,0,978
34153,5,-0.08,-0.03,-0.5,-0.25,2,0.1,0.1,0.15,60,68.75,4113,3960,159,3801,2499,968,0,220,0,114,4,149,34,4147,2613,1188,4147,921133.5,13860.3,1139,781,552,311,297,163,115,443,2499,968,0,334
34154,5,-0.08,-0.03,-0.5,-0.25,2,0.1,0.1,0.15,60,52.44,4108,3955,259,3696,0,1280,0,478,0,1938,4,149,39,4147,1938,1758,4147,1210499.31,16703.82,164,198,260,132,206,88,177,2471,0,1280,0,2416
34155,5,-0.08,-0.03,-0.5,-0.25,2,0.1,0.1,0.15,60,79.72,4104,3951,173,3778,2800,0,0,766,0,212,4,149,43,4147,3012,766,4147,2016990.11,20367.5,981,623,377,244,230,148,113,1062,2800,0,0,978
34156,5,-0.08,-0.03,-0.5,-0.25,2,0.1,0.2,0.15,20,58.84,4112,3959,108,3851,881,746,839,0,1385,0,4,149,35,4147,2266,1585,4147,1199053.92,15621.33,305,444,539,2563,0,0,0,0,881,746,2224,0
34157,5,-0.08,-0.03,-0.5,-0.25,2,0.1,0.2,0.15,20,58.08,4109,3956,115,3841,0,754,856,0,2231,0,4,149,38,4147,2231,1610,4147,1133880.53,15108.61,164,198,260,3219,0,0,0,0,0,754,3087,0
34158,5,-0.08,-0.03,-0.5,-0.25,2,0.1,0.2,0.15,20,63.05,4106,3953,110,3843,914,0,1420,0,1509,0,4,149,41,4147,2423,1420,4147,1533971.09,18210.6,141,252,295,3155,0,0,0,0,914,0,2929,0
34159,5,-0.08,-0.03,-0.5,-0.25,2,0.1,0.2,0.15,30,57.51,4112,3959,210,3749,1250,1023,570,0,906,0,4,149,35,4147,2156,1593,4147,1389987.66,17698.66,305,444,539,339,416,1706,0,0,1250,1023,1476,0
34160,5,-0.08,-0.03,-0.5,-0.25,2,0.1,0.2,0.15,30,55.5,4109,3956,239,3717,0,1048,606,0,2063,0,4,149,38,4147,2063,1654,4147,1249334.42,16256.67,164,198,260,132,206,2757,0,0,0,1048,2669,0
34161,5,-0.08,-0.03,-0.5,-0.25,2,0.1,0.2,0.15,30,65.75,4101,3948,222,3726,1345,0,1276,0,1105,0,4,149,46,4147,2450,1276,4147,2280307.85,23392.43,141,252,295,226,252,2560,0,0,1345,0,2381,0
34162,5,-0.08,-0.03,-0.5,-0.25,2,0.1,0.2,0.15,40,56.84,4112,3959,224,3735,1435,1196,323,93,347,341,4,149,35,4147,2123,1612,4147,1442972.5,18739.61,305,444,539,339,416,230,236,1226,1435,1196,670,434
34163,5,-0.08,-0.03,-0.5,-0.25,2,0.1,0.2,0.15,40,53.81,4108,3955,259,3696,0,1241,369,97,797,1192,4,149,39,4147,1989,1707,4147,1346704.88,17653.99,164,198,260,132,206,88,177,2471,0,1241,1166,1289
34164,5,-0.08,-0.03,-0.5,-0.25,2,0.1,0.2,0.15,40,68.22,4101,3948,238,3710,1596,0,908,271,431,504,4,149,46,4147,2531,1179,4147,2814368.78,26946.56,141,252,295,226,252,179,172,2193,1596,0,1339,775
34165,5,-0.08,-0.03,-0.5,-0.25,2,0.1,0.2,0.15,50,56.12,4112,3959,224,3735,1442,1227,0,412,0,654,4,149,35,4147,2096,1639,4147,1368366.16,18301.76,305,444,539,339,416,230,236,1226,1442,1227,0,1066
34166,5,-0.08,-0.03,-0.5,-0.25,2,0.1,0.2,0.15,50,52.44,4108,3955,259,3696,0,1280,0,478,0,1938,4,149,39,4147,1938,1758,4147,1210499.31,16703.82,164,198,260,132,206,88,177,2471,0,1280,0,2416
34167,5,-0.08,-0.03,-0.5,-0.25,2,0.1,0.2,0.15,50,67.95,4101,3948,238,3710,1604,0,0,1189,0,917,4,149,46,4147,2521,1189,4147,2697207.19,26291.15,141,252,295,226,252,179,172,2193,1604,0,0,2106
34168,5,-0.08,-0.03,-0.5,-0.25,2,0.1,0.2,0.15,60,56.12,4112,3959,224,3735,1442,1227,0,412,0,654,4,149,35,4147,2096,1639,4147,1368366.16,18301.76,305,444,539,339,416,230,236,1226,1442,1227,0,1066
34169,5,-0.08,-0.03,-0.5,-0.25,2,0.1,0.2,0.15,60,52.44,4108,3955,259,3696,0,1280,0,478,0,1938,4,149,39,4147,1938,1758,4147,1210499.31,16703.82,164,198,260,132,206,88,177,2471,0,1280,0,2416
34170,5,-0.08,-0.03,-0.5,-0.25,2,0.1,0.2,0.15,60,67.95,4101,3948,238,3710,1604,0,0,1189,0,917,4,149,46,4147,2521,1189,4147,2697207.19,26291.15,141,252,295,226,252,179,172,2193,1604,0,0,2106
34171,5,-0.08,-0.03,-0.5,-0.25,2,0.2,0.1,0.15,20,61.59,4113,3960,89,3871,1982,670,817,0,402,0,4,149,34,4147,2384,1487,4147,634037.11,6619.43,1103,724,519,1525,0,0,0,0,1982,670,1219,0
34172,5,-0.08,-0.03,-0.5,-0.25,2,0.2,0.1,0.15,20,53.68,4109,3956,115,3841,0,754,1025,0,2062,0,4,149,38,4147,2062,1779,4147,776650.13,8153.17,164,198,260,3219,0,0,0,0,0,754,3087,0
34173,5,-0.08,-0.03,-0.5,-0.25,2,0.2,0.1,0.15,20,63.99,4107,3954,91,3863,2032,0,1391,0,440,0,4,149,40,4147,2472,1391,4147,842162.7,8709.09,941,551,318,2053,0,0,0,0,2032,0,1831,0
34174,5,-0.08,-0.03,-0.5,-0.25,2,0.2,0.1,0.15,30,64.47,4113,3960,155,3805,2257,875,477,0,196,0,4,149,34,4147,2453,1352,4147,696743.34,7345.4,1103,724,519,306,287,866,0,0,2257,875,673,0
34175,5,-0.08,-0.03,-0.5,-0.25,2,0.2,0.1,0.15,30,51.84,4109,3956,239,3717,0,1048,742,0,1927,0,4,149,38,4147,1927,1790,4147,737680.06,7907.05,164,198,260,132,206,2757,0,0,0,1048,2669,0
34176,5,-0.08,-0.03,-0.5,-0.25,2,0.2,0.1,0.15,30,69.5,4104,3951,167,3784,2378,0,1154,0,252,0,4,149,43,4147,2630,1154,4147,1141044.54,11857.33,941,551,318,222,185,1567,0,0,2378,0,1406,0
34177,5,-0.08,-0.03,-0.5,-0.25,2,0.2,0.1,0.15,40,65.39,4113,3960,161,3799,2358,999,232,84,80,46,4,149,34,4147,2484,1315,4147,681663.32,7172.42,1103,724,519,306,287,193,134,533,2358,999,312,130
34178,5,-0.08,-0.03,-0.5,-0.25,2,0.2,0.1,0.15,40,50.46,4108,3955,259,3696,0,1241,444,146,722,1143,4,149,39,4147,1865,1831,4147,796683.77,8421.46,164,198,260,132,206,88,177,2471,0,1241,1166,1289
34179,5,-0.08,-0.03,-0.5,-0.25,2,0.2,0.1,0.15,40,72.43,4104,3951,175,3776,2542,0,726,315,93,100,4,149,43,4147,2735,1041,4147,1293344.7,13386.63,941,551,318,222,185,161,97,1301,2542,0,819,415
34180,5,-0.08,-0.03,-0.5,-0.25,2,0.2,0.1,0.15,50,65.2,4113,3960,161,3799,2360,1016,0,306,0,117,4,149,34,4147,2477,1322,4147,658300.78,6949.49,1103,724,519,306,287,193,134,533,2360,1016,0,423
34181,5,-0.08,-0.03,-0.5,-0.25,2,0.2,0.1,0.15,50,49.35,4108,3955,259,3696,0,1280,0,592,0,1824,4,149,39,4147,1824,1872,4147,698319.29,7410.95,164,198,260,132,206,88,177,2471,0,1280,0,2416
34182,5,-0.08,-0.03,-0.5,-0.25,2,0.2,0.1,0.15,50,72.33,4104,3951,175,3776,2545,0,0,1045,0,186,4,149,43,4147,2731,1045,4147,1249483.78,12953.49,941,551,318,222,185,161,97,1301,2545,0,0,1231
34183,5,-0.08,-0.03,-0.5,-0.25,2,0.2,0.1,0.15,60,65.2,4113,3960,161,3799,2360,1016,0,306,0,117,4,149,34,4147,2477,1322,4147,658300.78,6949.49,1103,724,519,306,287,193,134,533,2360,1016,0,423
34184,5,-0.08,-0.03,-0.5,-0.25,2,0.2,0.1,0.15,60,49.35,4108,3955,259,3696,0,1280,0,592,0,1824,4,149,39,4147,1824,1872,4147,698319.29,7410.95,164,198,260,132,206,88,177,2471,0,1280,0,2416
34185,5,-0.08,-0.03,-0.5,-0.25,2,0.2,0.1,0.15,60,72.33,4104,3951,175,3776,2545,0,0,1045,0,186,4,149,43,4147,2731,1045,4147,1249483.78,12953.49,941,551,318,222,185,161,97,1301,2545,0,0,1231
34186,5,-0.08,-0.03,-0.5,-0.25,2,0.2,0.2,0.15,20,54.53,4112,3959,108,3851,817,746,1005,0,1283,0,4,149,35,4147,2100,1751,4147,839163.18,8741.89,302,434,514,2601,0,0,0,0,817,746,2288,0
34187,5,-0.08,-0.03,-0.5,-0.25,2,0.2,0.2,0.15,20,53.68,4109,3956,115,3841,0,754,1025,0,2062,0,4,149,38,4147,2062,1779,4147,776650.13,8153.17,164,198,260,3219,0,0,0,0,0,754,3087,0
34188,5,-0.08,-0.03,-0.5,-0.25,2,0.2,0.2,0.15,20,56.73,4106,3953,110,3843,831,0,1663,0,1349,0,4,149,41,4147,2180,1663,4147,1033027.02,10665.25,138,238,260,3207,0,0,0,0,831,0,3012,0
34189,5,-0.08,-0.03,-0.5,-0.25,2,0.2,0.2,0.15,30,54.03,4112,3959,211,3748,1157,1024,699,0,868,0,4,149,35,4147,2025,1723,4147,933436.01,9811.87,302,434,514,313,396,1789,0,0,1157,1024,1567,0
34190,5,-0.08,-0.03,-0.5,-0.25,2,0.2,0.2,0.15,30,51.84,4109,3956,239,3717,0,1048,742,0,1927,0,4,149,38,4147,1927,1790,4147,737680.06,7907.05,164,198,260,132,206,2757,0,0,0,1048,2669,0
34191,5,-0.08,-0.03,-0.5,-0.25,2,0.2,0.2,0.15,30,59.38,4101,3948,223,3725,1206,0,1513,0,1006,0,4,149,46,4147,2212,1513,4147,1410883.14,14647.84,138,238,260,195,223,2671,0,0,1206,0,2519,0
34192,5,-0.08,-0.03,-0.5,-0.25,2,0.2,0.2,0.15,40,53.62,4112,3959,225,3734,1321,1200,393,139,309,372,4,149,35,4147,2002,1732,4147,970447.44,10200.99,302,434,514,313,396,222,236,1317,1321,1200,702,511
34193,5,-0.08,-0.03,-0.5,-0.25,2,0.2,0.2,0.15,40,50.46,4108,3955,259,3696,0,1241,444,146,722,1143,4,149,39,4147,1865,1831,4147,796683.77,8421.46,164,198,260,132,206,88,177,2471,0,1241,1166,1289
34194,5,-0.08,-0.03,-0.5,-0.25,2,0.2,0.2,0.15,40,61.09,4101,3948,239,3709,1411,0,1045,398,347,508,4,149,46,4147,2266,1443,4147,1688021.54,17510.5,138,238,260,195,223,152,158,2345,1411,0,1392,906
34195,5,-0.08,-0.03,-0.5,-0.25,2,0.2,0.2,0.15,50,53.03,4112,3959,225,3734,1329,1232,0,522,0,651,4,149,35,4147,1980,1754,4147,917841.42,9675.62,302,434,514,313,396,222,236,1317,1329,1232,0,1173
34196,5,-0.08,-0.03,-0.5,-0.25,2,0.2,0.2,0.15,50,49.35,4108,3955,259,3696,0,1280,0,592,0,1824,4,149,39,4147,1824,1872,4147,698319.29,7410.95,164,198,260,132,206,88,177,2471,0,1280,0,2416
34197,5,-0.08,-0.03,-0.5,-0.25,2,0.2,0.2,0.15,50,60.61,4101,3948,239,3709,1420,0,0,1461,0,828,4,149,46,4147,2248,1461,4147,1613628.73,16763.24,138,238,260,195,223,152,158,2345,1420,0,0,2289
34198,5,-0.08,-0.03,-0.5,-0.25,2,0.2,0.2,0.15,60,53.03,4112,3959,225,3734,1329,1232,0,522,0,651,4,149,35,4147,1980,1754,4147,917841.42,9675.62,302,434,514,313,396,222,236,1317,1329,1232,0,1173
34199,5,-0.08,-0.03,-0.5,-0.25,2,0.2,0.2,0.15,60,49.35,4108,3955,259,3696,0,1280,0,592,0,1824,4,149,39,4147,1824,1872,4147,698319.29,7410.95,164,198,260,132,206,88,177,2471,0,1280,0,2416
34200,5,-0.08,-0.03,-0.5,-0.25,2,0.2,0.2,0.15,60,60.61,4101,3948,239,3709,1420,0,0,1461,0,828,4,149,46,4147,2248,1461,4147,1613628.73,16763.24,138,238,260,195,223,152,158,2345,1420,0,0,2289
34201,5,-0.08,-0.03,-0.45,-0.4,1,0.1,0.1,0.15,20,65.14,757,715,18,697,386,110,133,0,68,0,1,41,3,760,454,243,760,166935.61,1706.49,221,127,84,265,0,0,0,0,386,110,201,0
34202,5,-0.08,-0.03,-0.45,-0.4,1,0.1,0.1,0.15,20,58.87,756,714,21,693,0,116,169,0,408,0,1,41,4,760,408,285,760,273009.75,2810.84,25,31,35,602,0,0,0,0,0,116,577,0
34203,5,-0.08,-0.03,-0.45,-0.4,1,0.1,0.1,0.15,20,67.96,756,714,18,696,401,0,223,0,72,0,1,41,4,760,473,223,760,214388.63,2195.34,196,98,57,345,0,0,0,0,401,0,295,0
34204,5,-0.08,-0.03,-0.45,-0.4,1,0.1,0.1,0.15,30,68.27,757,715,28,687,443,154,64,0,26,0,1,41,3,760,469,218,760,175433.82,1787.94,221,127,84,64,61,130,0,0,443,154,90,0
34205,5,-0.08,-0.03,-0.45,-0.4,1,0.1,0.1,0.15,30,56.37,756,714,47,667,0,179,112,0,376,0,1,41,4,760,376,291,760,275327.61,2829.26,25,31,35,25,39,512,0,0,0,179,488,0
34206,5,-0.08,-0.03,-0.45,-0.4,1,0.1,0.1,0.15,30,74.49,756,714,32,682,474,0,174,0,34,0,1,41,4,760,508,174,760,271837.53,2785.39,196,98,57,50,47,234,0,0,474,0,208,0
34207,5,-0.08,-0.03,-0.45,-0.4,1,0.1,0.1,0.15,40,68.18,757,715,30,685,456,177,31,10,8,3,1,41,3,760,467,218,760,168120.99,1715.38,221,127,84,64,61,40,18,70,456,177,39,13
34208,5,-0.08,-0.03,-0.45,-0.4,1,0.1,0.1,0.15,40,54.38,756,714,52,662,0,216,66,20,107,253,1,41,4,760,360,302,760,312511.06,3210.61,25,31,35,25,39,24,31,452,0,216,173,273
34209,5,-0.08,-0.03,-0.45,-0.4,1,0.1,0.1,0.15,40,76.4,756,714,36,678,497,0,115,45,8,13,1,41,4,760,518,160,760,292750.57,3007.76,196,98,57,50,47,26,7,197,497,0,123,58
34210,5,-0.08,-0.03,-0.45,-0.4,1,0.1,0.1,0.15,50,68.03,757,715,30,685,456,180,0,39,0,10,1,41,3,760,466,219,760,163463.1,1668.23,221,127,84,64,61,40,18,70,456,180,0,49
34211,5,-0.08,-0.03,-0.45,-0.4,1,0.1,0.1,0.15,50,53.02,756,714,52,662,0,222,0,89,0,351,1,41,4,760,351,311,760,297980.61,3061.36,25,31,35,25,39,24,31,452,0,222,0,440
34212,5,-0.08,-0.03,-0.45,-0.4,1,0.1,0.1,0.15,50,76.25,756,714,36,678,497,0,0,161,0,20,1,41,4,760,517,161,760,281129.88,2886.75,196,98,57,50,47,26,7,197,497,0,0,181
34213,5,-0.08,-0.03,-0.45,-0.4,1,0.1,0.1,0.15,60,68.03,757,715,30,685,456,180,0,39,0,10,1,41,3,760,466,219,760,163463.1,1668.23,221,127,84,64,61,40,18,70,456,180,0,49
34214,5,-0.08,-0.03,-0.45,-0.4,1,0.1,0.1,0.15,60,53.02,756,714,52,662,0,222,0,89,0,351,1,41,4,760,351,311,760,297980.61,3061.36,25,31,35,25,39,24,31,452,0,222,0,440
34215,5,-0.08,-0.03,-0.45,-0.4,1,0.1,0.1,0.15,60,76.25,756,714,36,678,497,0,0,161,0,20,1,41,4,760,517,161,760,281129.88,2886.75,196,98,57,50,47,26,7,197,497,0,0,181
34216,5,-0.08,-0.03,-0.45,-0.4,1,0.1,0.2,0.15,20,59.16,756,714,21,693,170,115,168,0,240,0,1,41,4,760,410,283,760,245086.92,2513.96,54,90,81,468,0,0,0,0,170,115,408,0
34217,5,-0.08,-0.03,-0.45,-0.4,1,0.1,0.2,0.15,20,58.87,756,714,21,693,0,116,169,0,408,0,1,41,4,760,408,285,760,273009.75,2810.84,25,31,35,602,0,0,0,0,0,116,577,0
34218,5,-0.08,-0.03,-0.45,-0.4,1,0.1,0.2,0.15,20,61.99,755,713,21,692,176,0,263,0,253,0,1,41,5,760,429,263,760,298033.13,3064.7,29,59,47,557,0,0,0,0,176,0,516,0
34219,5,-0.08,-0.03,-0.45,-0.4,1,0.1,0.2,0.15,30,58.16,756,714,40,674,249,177,105,0,143,0,1,41,4,760,392,282,760,260539.03,2667.65,54,90,81,60,77,312,0,0,249,177,248,0
34220,5,-0.08,-0.03,-0.45,-0.4,1,0.1,0.2,0.15,30,56.37,756,714,47,667,0,179,112,0,376,0,1,41,4,760,376,291,760,275327.61,2829.26,25,31,35,25,39,512,0,0,0,179,488,0
34221,5,-0.08,-0.03,-0.45,-0.4,1,0.1,0.2,0.15,30,64.57,755,713,44,669,265,0,237,0,167,0,1,41,5,760,432,237,760,379076.37,3896.75,29,59,47,41,44,449,0,0,265,0,404,0
34222,5,-0.08,-0.03,-0.45,-0.4,1,0.1,0.2,0.15,40,56.42,756,714,44,670,284,211,61,20,38,56,1,41,4,760,378,292,760,271318.41,2782.43,54,90,81,60,77,64,50,194,284,211,99,76
34223,5,-0.08,-0.03,-0.45,-0.4,1,0.1,0.2,0.15,40,54.38,756,714,52,662,0,216,66,20,107,253,1,41,4,760,360,302,760,312511.06,3210.61,25,31,35,25,39,24,31,452,0,216,173,273
34224,5,-0.08,-0.03,-0.45,-0.4,1,0.1,0.2,0.15,40,65.16,755,713,50,663,308,0,172,59,41,83,1,41,5,760,432,231,760,432744.57,4457.34,29,59,47,41,44,45,33,365,308,0,213,142
34225,5,-0.08,-0.03,-0.45,-0.4,1,0.1,0.2,0.15,50,55.82,756,714,44,670,285,217,0,79,0,89,1,41,4,760,374,296,760,260366.94,2669.78,54,90,81,60,77,64,50,194,285,217,0,168
34226,5,-0.08,-0.03,-0.45,-0.4,1,0.1,0.2,0.15,50,53.02,756,714,52,662,0,222,0,89,0,351,1,41,4,760,351,311,760,297980.61,3061.36,25,31,35,25,39,24,31,452,0,222,0,440
34227,5,-0.08,-0.03,-0.45,-0.4,1,0.1,0.2,0.15,50,64.4,755,713,50,663,309,0,0,236,0,118,1,41,5,760,427,236,760,410379.9,4225.31,29,59,47,41,44,45,33,365,309,0,0,354
34228,5,-0.08,-0.03,-0.45,-0.4,1,0.1,0.2,0.15,60,55.82,756,714,44,670,285,217,0,79,0,89,1,41,4,760,374,296,760,260366.94,2669.78,54,90,81,60,77,64,50,194,285,217,0,168
34229,5,-0.08,-0.03,-0.45,-0.4,1,0.1,0.2,0.15,60,53.02,756,714,52,662,0,222,0,89,0,351,1,41,4,760,351,311,760,297980.61,3061.36,25,31,35,25,39,24,31,452,0,222,0,440
34230,5,-0.08,-0.03,-0.45,-0.4,1,0.1,0.2,0.15,60,64.4,755,713,50,663,309,0,0,236,0,118,1,41,5,760,427,236,760,410379.9,4225.31,29,59,47,41,44,45,33,365,309,0,0,354
34231,5,-0.08,-0.03,-0.45,-0.4,1,0.2,0.1,0.15,20,65.14,757,715,18,697,386,110,133,0,68,0,1,41,3,760,454,243,760,166935.61,1706.49,221,127,84,265,0,0,0,0,386,110,201,0
34232,5,-0.08,-0.03,-0.45,-0.4,1,0.2,0.1,0.15,20,58.87,756,714,21,693,0,116,169,0,408,0,1,41,4,760,408,285,760,273009.75,2810.84,25,31,35,602,0,0,0,0,0,116,577,0
34233,5,-0.08,-0.03,-0.45,-0.4,1,0.2,0.1,0.15,20,67.96,756,714,18,696,401,0,223,0,72,0,1,41,4,760,473,223,760,214388.63,2195.34,196,98,57,345,0,0,0,0,401,0,295,0
34234,5,-0.08,-0.03,-0.45,-0.4,1,0.2,0.1,0.15,30,68.27,757,715,28,687,443,154,64,0,26,0,1,41,3,760,469,218,760,175433.82,1787.94,221,127,84,64,61,130,0,0,443,154,90,0
34235,5,-0.08,-0.03,-0.45,-0.4,1,0.2,0.1,0.15,30,56.37,756,714,47,667,0,179,112,0,376,0,1,41,4,760,376,291,760,275327.61,2829.26,25,31,35,25,39,512,0,0,0,179,488,0
34236,5,-0.08,-0.03,-0.45,-0.4,1,0.2,0.1,0.15,30,74.49,756,714,32,682,474,0,174,0,34,0,1,41,4,760,508,174,760,271837.53,2785.39,196,98,57,50,47,234,0,0,474,0,208,0
34237,5,-0.08,-0.03,-0.45,-0.4,1,0.2,0.1,0.15,40,68.18,757,715,30,685,456,177,31,10,8,3,1,41,3,760,467,218,760,168120.99,1715.38,221,127,84,64,61,40,18,70,456,177,39,13
34238,5,-0.08,-0.03,-0.45,-0.4,1,0.2,0.1,0.15,40,54.38,756,714,52,662,0,216,66,20,107,253,1,41,4,760,360,302,760,312511.06,3210.61,25,31,35,25,39,24,31,452,0,216,173,273
34239,5,-0.08,-0.03,-0.45,-0.4,1,0.2,0.1,0.15,40,76.4,756,714,36,678,497,0,115,45,8,13,1,41,4,760,518,160,760,292750.57,3007.76,196,98,57,50,47,26,7,197,497,0,123,58
34240,5,-0.08,-0.03,-0.45,-0.4,1,0.2,0.1,0.15,50,68.03,757,715,30,685,456,180,0,39,0,10,1,41,3,760,466,219,760,163463.1,1668.23,221,127,84,64,61,40,18,70,456,180,0,49
34241,5,-0.08,-0.03,-0.45,-0.4,1,0.2,0.1,0.15,50,53.02,756,714,52,662,0,222,0,89,0,351,1,41,4,760,351,311,760,297980.61,3061.36,25,31,35,25,39,24,31,452,0,222,0,440
34242,5,-0.08,-0.03,-0.45,-0.4,1,0.2,0.1,0.15,50,76.25,756,714,36,678,497,0,0,161,0,20,1,41,4,760,517,161,760,281129.88,2886.75,196,98,57,50,47,26,7,197,497,0,0,181
34243,5,-0.08,-0.03,-0.45,-0.4,1,0.2,0.1,0.15,60,68.03,757,715,30,685,456,180,0,39,0,10,1,41,3,760,466,219,760,163463.1,1668.23,221,127,84,64,61,40,18,70,456,180,0,49
34244,5,-0.08,-0.03,-0.45,-0.4,1,0.2,0.1,0.15,60,53.02,756,714,52,662,0,222,0,89,0,351,1,41,4,760,351,311,760,297980.61,3061.36,25,31,35,25,39,24,31,452,0,222,0,440
34245,5,-0.08,-0.03,-0.45,-0.4,1,0.2,0.1,0.15,60,76.25,756,714,36,678,497,0,0,161,0,20,1,41,4,760,517,161,760,281129.88,2886.75,196,98,57,50,47,26,7,197,497,0,0,181
34246,5,-0.08,-0.03,-0.45,-0.4,1,0.2,0.2,0.15,20,59.16,756,714,21,693,170,115,168,0,240,0,1,41,4,760,410,283,760,245086.92,2513.96,54,90,81,468,0,0,0,0,170,115,408,0
34247,5,-0.08,-0.03,-0.45,-0.4,1,0.2,0.2,0.15,20,58.87,756,714,21,693,0,116,169,0,408,0,1,41,4,760,408,285,760,273009.75,2810.84,25,31,35,602,0,0,0,0,0,116,577,0
34248,5,-0.08,-0.03,-0.45,-0.4,1,0.2,0.2,0.15,20,61.99,755,713,21,692,176,0,263,0,253,0,1,41,5,760,429,263,760,298033.13,3064.7,29,59,47,557,0,0,0,0,176,0,516,0
34249,5,-0.08,-0.03,-0.45,-0.4,1,0.2,0.2,0.15,30,58.16,756,714,40,674,249,177,105,0,143,0,1,41,4,760,392,282,760,260539.03,2667.65,54,90,81,60,77,312,0,0,249,177,248,0
34250,5,-0.08,-0.03,-0.45,-0.4,1,0.2,0.2,0.15,30,56.37,756,714,47,667,0,179,112,0,376,0,1,41,4,760,376,291,760,275327.61,2829.26,25,31,35,25,39,512,0,0,0,179,488,0
34251,5,-0.08,-0.03,-0.45,-0.4,1,0.2,0.2,0.15,30,64.57,755,713,44,669,265,0,237,0,167,0,1,41,5,760,432,237,760,379076.37,3896.75,29,59,47,41,44,449,0,0,265,0,404,0
34252,5,-0.08,-0.03,-0.45,-0.4,1,0.2,0.2,0.15,40,56.42,756,714,44,670,284,211,61,20,38,56,1,41,4,760,378,292,760,271318.41,2782.43,54,90,81,60,77,64,50,194,284,211,99,76
34253,5,-0.08,-0.03,-0.45,-0.4,1,0.2,0.2,0.15,40,54.38,756,714,52,662,0,216,66,20,107,253,1,41,4,760,360,302,760,312511.06,3210.61,25,31,35,25,39,24,31,452,0,216,173,273
34254,5,-0.08,-0.03,-0.45,-0.4,1,0.2,0.2,0.15,40,65.16,755,713,50,663,308,0,172,59,41,83,1,41,5,760,432,231,760,432744.57,4457.34,29,59,47,41,44,45,33,365,308,0,213,142
34255,5,-0.08,-0.03,-0.45,-0.4,1,0.2,0.2,0.15,50,55.82,756,714,44,670,285,217,0,79,0,89,1,41,4,760,374,296,760,260366.94,2669.78,54,90,81,60,77,64,50,194,285,217,0,168
34256,5,-0.08,-0.03,-0.45,-0.4,1,0.2,0.2,0.15,50,53.02,756,714,52,662,0,222,0,89,0,351,1,41,4,760,351,311,760,297980.61,3061.36,25,31,35,25,39,24,31,452,0,222,0,440
34257,5,-0.08,-0.03,-0.45,-0.4,1,0.2,0.2,0.15,50,64.4,755,713,50,663,309,0,0,236,0,118,1,41,5,760,427,236,760,410379.9,4225.31,29,59,47,41,44,45,33,365,309,0,0,354
34258,5,-0.08,-0.03,-0.45,-0.4,1,0.2,0.2,0.15,60,55.82,756,714,44,670,285,217,0,79,0,89,1,41,4,760,374,296,760,260366.94,2669.78,54,90,81,60,77,64,50,194,285,217,0,168
34259,5,-0.08,-0.03,-0.45,-0.4,1,0.2,0.2,0.15,60,53.02,756,714,52,662,0,222,0,89,0,351,1,41,4,760,351,311,760,297980.61,3061.36,25,31,35,25,39,24,31,452,0,222,0,440
34260,5,-0.08,-0.03,-0.45,-0.4,1,0.2,0.2,0.15,60,64.4,755,713,50,663,309,0,0,236,0,118,1,41,5,760,427,236,760,410379.9,4225.31,29,59,47,41,44,45,33,365,309,0,0,354
34261,5,-0.08,-0.03,-0.45,-0.4,2,0.1,0.1,0.15,20,69.87,757,715,18,697,413,107,103,0,74,0,1,41,3,760,487,210,760,241017.25,2747.87,231,137,94,235,0,0,0,0,413,107,177,0
34262,5,-0.08,-0.03,-0.45,-0.4,2,0.1,0.1,0.15,20,63.49,756,714,21,693,0,116,137,0,440,0,1,41,4,760,440,253,760,380146.99,4051.81,25,31,35,602,0,0,0,0,0,116,577,0
34263,5,-0.08,-0.03,-0.45,-0.4,2,0.1,0.1,0.15,20,74.57,756,714,18,696,435,0,177,0,84,0,1,41,4,760,519,177,760,319777.64,3307.96,206,112,72,306,0,0,0,0,435,0,261,0
34264,5,-0.08,-0.03,-0.45,-0.4,2,0.1,0.1,0.15,30,71.18,757,715,28,687,463,146,52,0,26,0,1,41,3,760,489,198,760,236567.11,2855.01,231,137,94,58,57,110,0,0,463,146,78,0
34265,5,-0.08,-0.03,-0.45,-0.4,2,0.1,0.1,0.15,30,58.47,756,714,47,667,0,179,98,0,390,0,1,41,4,760,390,277,760,417195.19,4323.01,25,31,35,25,39,512,0,0,0,179,488,0
34266,5,-0.08,-0.03,-0.45,-0.4,2,0.1,0.1,0.15,30,79.33,756,714,32,682,507,0,141,0,34,0,1,41,4,760,541,141,760,402204.06,3878.79,206,112,72,45,53,194,0,0,507,0,175,0
34267,5,-0.08,-0.03,-0.45,-0.4,2,0.1,0.1,0.15,40,71.82,757,715,30,685,477,165,23,5,11,4,1,41,3,760,492,193,760,232662.18,2894.4,231,137,94,58,57,32,16,60,477,165,34,9
34268,5,-0.08,-0.03,-0.45,-0.4,2,0.1,0.1,0.15,40,56.65,756,714,52,662,0,216,56,15,117,258,1,41,4,760,375,287,760,471974.11,4874.05,25,31,35,25,39,24,31,452,0,216,173,273
34269,5,-0.08,-0.03,-0.45,-0.4,2,0.1,0.1,0.15,40,83.04,756,714,36,678,535,0,89,26,15,13,1,41,4,760,563,115,760,450315.2,4196.36,206,112,72,45,53,19,14,157,535,0,104,39
34270,5,-0.08,-0.03,-0.45,-0.4,2,0.1,0.1,0.15,50,71.24,757,715,30,685,477,168,0,29,0,11,1,41,3,760,488,197,760,225501.97,2852.74,231,137,94,58,57,32,16,60,477,168,0,40
34271,5,-0.08,-0.03,-0.45,-0.4,2,0.1,0.1,0.15,50,54.83,756,714,52,662,0,222,0,77,0,363,1,41,4,760,363,299,760,450637.91,4736.82,25,31,35,25,39,24,31,452,0,222,0,440
34272,5,-0.08,-0.03,-0.45,-0.4,2,0.1,0.1,0.15,50,82.89,756,714,36,678,535,0,0,116,0,27,1,41,4,760,562,116,760,431513.93,4092.29,206,112,72,45,53,19,14,157,535,0,0,143
34273,5,-0.08,-0.03,-0.45,-0.4,2,0.1,0.1,0.15,60,71.24,757,715,30,685,477,168,0,29,0,11,1,41,3,760,488,197,760,225501.97,2852.74,231,137,94,58,57,32,16,60,477,168,0,40
34274,5,-0.08,-0.03,-0.45,-0.4,2,0.1,0.1,0.15,60,54.83,756,714,52,662,0,222,0,77,0,363,1,41,4,760,363,299,760,450637.91,4736.82,25,31,35,25,39,24,31,452,0,222,0,440
34275,5,-0.08,-0.03,-0.45,-0.4,2,0.1,0.1,0.15,60,82.89,756,714,36,678,535,0,0,116,0,27,1,41,4,760,562,116,760,431513.93,4092.29,206,112,72,45,53,19,14,157,535,0,0,143
34276,5,-0.08,-0.03,-0.45,-0.4,2,0.1,0.2,0.15,20,63.92,756,714,21,693,187,115,135,0,256,0,1,41,4,760,443,250,760,349598.06,3746.71,55,90,87,461,0,0,0,0,187,115,391,0
34277,5,-0.08,-0.03,-0.45,-0.4,2,0.1,0.2,0.15,20,63.49,756,714,21,693,0,116,137,0,440,0,1,41,4,760,440,253,760,380146.99,4051.81,25,31,35,602,0,0,0,0,0,116,577,0
34278,5,-0.08,-0.03,-0.45,-0.4,2,0.1,0.2,0.15,20,68.35,755,713,21,692,198,0,219,0,275,0,1,41,5,760,473,219,760,446729.5,4420.66,30,60,54,548,0,0,0,0,198,0,494,0
34279,5,-0.08,-0.03,-0.45,-0.4,2,0.1,0.2,0.15,30,60.39,756,714,40,674,268,176,91,0,139,0,1,41,4,760,407,267,760,374700.14,4031.85,55,90,87,70,82,290,0,0,268,176,230,0
34280,5,-0.08,-0.03,-0.45,-0.4,2,0.1,0.2,0.15,30,58.47,756,714,47,667,0,179,98,0,390,0,1,41,4,760,390,277,760,417195.19,4323.01,25,31,35,25,39,512,0,0,0,179,488,0
34281,5,-0.08,-0.03,-0.45,-0.4,2,0.1,0.2,0.15,30,68.76,755,713,44,669,295,0,209,0,165,0,1,41,5,760,460,209,760,600335.76,5379.86,30,60,54,54,51,420,0,0,295,0,374,0
34282,5,-0.08,-0.03,-0.45,-0.4,2,0.1,0.2,0.15,40,58.81,756,714,44,670,305,209,52,15,40,49,1,41,4,760,394,276,760,386101.3,4230.03,55,90,87,70,82,60,44,182,305,209,92,64
34283,5,-0.08,-0.03,-0.45,-0.4,2,0.1,0.2,0.15,40,56.65,756,714,52,662,0,216,56,15,117,258,1,41,4,760,375,287,760,471974.11,4874.05,25,31,35,25,39,24,31,452,0,216,173,273
34284,5,-0.08,-0.03,-0.45,-0.4,2,0.1,0.2,0.15,40,70.74,755,713,50,663,344,0,151,43,52,73,1,41,5,760,469,194,760,688132.48,5989.82,30,60,54,54,51,46,29,339,344,0,203,116
34285,5,-0.08,-0.03,-0.45,-0.4,2,0.1,0.2,0.15,50,57.91,756,714,44,670,306,215,0,67,0,82,1,41,4,760,388,282,760,371194.72,4138.16,55,90,87,70,82,60,44,182,306,215,0,149
34286,5,-0.08,-0.03,-0.45,-0.4,2,0.1,0.2,0.15,50,54.83,756,714,52,662,0,222,0,77,0,363,1,41,4,760,363,299,760,450637.91,4736.82,25,31,35,25,39,24,31,452,0,222,0,440
34287,5,-0.08,-0.03,-0.45,-0.4,2,0.1,0.2,0.15,50,70.29,755,713,50,663,345,0,0,197,0,121,1,41,5,760,466,197,760,650493.43,5778.12,30,60,54,54,51,46,29,339,345,0,0,318
34288,5,-0.08,-0.03,-0.45,-0.4,2,0.1,0.2,0.15,60,57.91,756,714,44,670,306,215,0,67,0,82,1,41,4,760,388,282,760,371194.72,4138.16,55,90,87,70,82,60,44,182,306,215,0,149
34289,5,-0.08,-0.03,-0.45,-0.4,2,0.1,0.2,0.15,60,54.83,756,714,52,662,0,222,0,77,0,363,1,41,4,760,363,299,760,450637.91,4736.82,25,31,35,25,39,24,31,452,0,222,0,440
34290,5,-0.08,-0.03,-0.45,-0.4,2,0.1,0.2,0.15,60,70.29,755,713,50,663,345,0,0,197,0,121,1,41,5,760,466,197,760,650493.43,5778.12,30,60,54,54,51,46,29,339,345,0,0,318
34291,5,-0.08,-0.03,-0.45,-0.4,2,0.2,0.1,0.15,20,65.14,757,715,18,697,386,110,133,0,68,0,1,41,3,760,454,243,760,166935.61,1706.49,221,127,84,265,0,0,0,0,386,110,201,0
34292,5,-0.08,-0.03,-0.45,-0.4,2,0.2,0.1,0.15,20,58.87,756,714,21,693,0,116,169,0,408,0,1,41,4,760,408,285,760,273009.75,2810.84,25,31,35,602,0,0,0,0,0,116,577,0
34293,5,-0.08,-0.03,-0.45,-0.4,2,0.2,0.1,0.15,20,67.96,756,714,18,696,401,0,223,0,72,0,1,41,4,760,473,223,760,214388.63,2195.34,196,98,57,345,0,0,0,0,401,0,295,0
34294,5,-0.08,-0.03,-0.45,-0.4,2,0.2,0.1,0.15,30,68.27,757,715,28,687,443,154,64,0,26,0,1,41,3,760,469,218,760,175433.82,1787.94,221,127,84,64,61,130,0,0,443,154,90,0
34295,5,-0.08,-0.03,-0.45,-0.4,2,0.2,0.1,0.15,30,56.37,756,714,47,667,0,179,112,0,376,0,1,41,4,760,376,291,760,275327.61,2829.26,25,31,35,25,39,512,0,0,0,179,488,0
34296,5,-0.08,-0.03,-0.45,-0.4,2,0.2,0.1,0.15,30,74.49,756,714,32,682,474,0,174,0,34,0,1,41,4,760,508,174,760,271837.53,2785.39,196,98,57,50,47,234,0,0,474,0,208,0
34297,5,-0.08,-0.03,-0.45,-0.4,2,0.2,0.1,0.15,40,68.18,757,715,30,685,456,177,31,10,8,3,1,41,3,760,467,218,760,168120.99,1715.38,221,127,84,64,61,40,18,70,456,177,39,13
34298,5,-0.08,-0.03,-0.45,-0.4,2,0.2,0.1,0.15,40,54.38,756,714,52,662,0,216,66,20,107,253,1,41,4,760,360,302,760,312511.06,3210.61,25,31,35,25,39,24,31,452,0,216,173,273
34299,5,-0.08,-0.03,-0.45,-0.4,2,0.2,0.1,0.15,40,76.4,756,714,36,678,497,0,115,45,8,13,1,41,4,760,518,160,760,292750.57,3007.76,196,98,57,50,47,26,7,197,497,0,123,58
34300,5,-0.08,-0.03,-0.45,-0.4,2,0.2,0.1,0.15,50,68.03,757,715,30,685,456,180,0,39,0,10,1,41,3,760,466,219,760,163463.1,1668.23,221,127,84,64,61,40,18,70,456,180,0,49
34301,5,-0.08,-0.03,-0.45,-0.4,2,0.2,0.1,0.15,50,53.02,756,714,52,662,0,222,0,89,0,351,1,41,4,760,351,311,760,297980.61,3061.36,25,31,35,25,39,24,31,452,0,222,0,440
34302,5,-0.08,-0.03,-0.45,-0.4,2,0.2,0.1,0.15,50,76.25,756,714,36,678,497,0,0,161,0,20,1,41,4,760,517,161,760,281129.88,2886.75,196,98,57,50,47,26,7,197,497,0,0,181
34303,5,-0.08,-0.03,-0.45,-0.4,2,0.2,0.1,0.15,60,68.03,757,715,30,685,456,180,0,39,0,10,1,41,3,760,466,219,760,163463.1,1668.23,221,127,84,64,61,40,18,70,456,180,0,49
34304,5,-0.08,-0.03,-0.45,-0.4,2,0.2,0.1,0.15,60,53.02,756,714,52,662,0,222,0,89,0,351,1,41,4,760,351,311,760,297980.61,3061.36,25,31,35,25,39,24,31,452,0,222,0,440
34305,5,-0.08,-0.03,-0.45,-0.4,2,0.2,0.1,0.15,60,76.25,756,714,36,678,497,0,0,161,0,20,1,41,4,760,517,161,760,281129.88,2886.75,196,98,57,50,47,26,7,197,497,0,0,181
34306,5,-0.08,-0.03,-0.45,-0.4,2,0.2,0.2,0.15,20,59.16,756,714,21,693,170,115,168,0,240,0,1,41,4,760,410,283,760,245086.92,2513.96,54,90,81,468,0,0,0,0,170,115,408,0
34307,5,-0.08,-0.03,-0.45,-0.4,2,0.2,0.2,0.15,20,58.87,756,714,21,693,0,116,169,0,408,0,1,41,4,760,408,285,760,273009.75,2810.84,25,31,35,602,0,0,0,0,0,116,577,0
34308,5,-0.08,-0.03,-0.45,-0.4,2,0.2,0.2,0.15,20,61.99,755,713,21,692,176,0,263,0,253,0,1,41,5,760,429,263,760,298033.13,3064.7,29,59,47,557,0,0,0,0,176,0,516,0
34309,5,-0.08,-0.03,-0.45,-0.4,2,0.2,0.2,0.15,30,58.16,756,714,40,674,249,177,105,0,143,0,1,41,4,760,392,282,760,260539.03,2667.65,54,90,81,60,77,312,0,0,249,177,248,0
34310,5,-0.08,-0.03,-0.45,-0.4,2,0.2,0.2,0.15,30,56.37,756,714,47,667,0,179,112,0,376,0,1,41,4,760,376,291,760,275327.61,2829.26,25,31,35,25,39,512,0,0,0,179,488,0
34311,5,-0.08,-0.03,-0.45,-0.4,2,0.2,0.2,0.15,30,64.57,755,713,44,669,265,0,237,0,167,0,1,41,5,760,432,237,760,379076.37,3896.75,29,59,47,41,44,449,0,0,265,0,404,0
34312,5,-0.08,-0.03,-0.45,-0.4,2,0.2,0.2,0.15,40,56.42,756,714,44,670,284,211,61,20,38,56,1,41,4,760,378,292,760,271318.41,2782.43,54,90,81,60,77,64,50,194,284,211,99,76
34313,5,-0.08,-0.03,-0.45,-0.4,2,0.2,0.2,0.15,40,54.38,756,714,52,662,0,216,66,20,107,253,1,41,4,760,360,302,760,312511.06,3210.61,25,31,35,25,39,24,31,452,0,216,173,273
34314,5,-0.08,-0.03,-0.45,-0.4,2,0.2,0.2,0.15,40,65.16,755,713,50,663,308,0,172,59,41,83,1,41,5,760,432,231,760,432744.57,4457.34,29,59,47,41,44,45,33,365,308,0,213,142
34315,5,-0.08,-0.03,-0.45,-0.4,2,0.2,0.2,0.15,50,55.82,756,714,44,670,285,217,0,79,0,89,1,41,4,760,374,296,760,260366.94,2669.78,54,90,81,60,77,64,50,194,285,217,0,168
34316,5,-0.08,-0.03,-0.45,-0.4,2,0.2,0.2,0.15,50,53.02,756,714,52,662,0,222,0,89,0,351,1,41,4,760,351,311,760,297980.61,3061.36,25,31,35,25,39,24,31,452,0,222,0,440
34317,5,-0.08,-0.03,-0.45,-0.4,2,0.2,0.2,0.15,50,64.4,755,713,50,663,309,0,0,236,0,118,1,41,5,760,427,236,760,410379.9,4225.31,29,59,47,41,44,45,33,365,309,0,0,354
34318,5,-0.08,-0.03,-0.45,-0.4,2,0.2,0.2,0.15,60,55.82,756,714,44,670,285,217,0,79,0,89,1,41,4,760,374,296,760,260366.94,2669.78,54,90,81,60,77,64,50,194,285,217,0,168
34319,5,-0.08,-0.03,-0.45,-0.4,2,0.2,0.2,0.15,60,53.02,756,714,52,662,0,222,0,89,0,351,1,41,4,760,351,311,760,297980.61,3061.36,25,31,35,25,39,24,31,452,0,222,0,440
34320,5,-0.08,-0.03,-0.45,-0.4,2,0.2,0.2,0.15,60,64.4,755,713,50,663,309,0,0,236,0,118,1,41,5,760,427,236,760,410379.9,4225.31,29,59,47,41,44,45,33,365,309,0,0,354
34321,5,-0.08,-0.03,-0.45,-0.35,1,0.1,0.1,0.15,20,64.31,1650,1581,40,1541,849,244,306,0,142,0,1,68,13,1663,991,550,1663,354687.38,3633.4,471,294,208,568,0,0,0,0,849,244,448,0
34322,5,-0.08,-0.03,-0.45,-0.35,1,0.1,0.1,0.15,20,56.4,1648,1579,47,1532,0,268,400,0,864,0,1,68,15,1663,864,668,1663,476853.53,4936.83,60,79,75,1318,0,0,0,0,0,268,1264,0
34323,5,-0.08,-0.03,-0.45,-0.35,1,0.1,0.1,0.15,20,67.32,1647,1578,42,1536,873,0,502,0,161,0,1,68,16,1663,1034,502,1663,461566.9,4721.3,411,223,149,753,0,0,0,0,873,0,663,0
34324,5,-0.08,-0.03,-0.45,-0.35,1,0.1,0.1,0.15,30,68.16,1650,1581,64,1517,972,331,152,0,62,0,1,68,13,1663,1034,483,1663,392515.42,4028.11,471,294,208,120,119,305,0,0,972,331,214,0
34325,5,-0.08,-0.03,-0.45,-0.35,1,0.1,0.1,0.15,30,55.4,1648,1579,97,1482,0,392,269,0,821,0,1,68,15,1663,821,661,1663,496484.96,5172.21,60,79,75,54,81,1133,0,0,0,392,1090,0
34326,5,-0.08,-0.03,-0.45,-0.35,1,0.1,0.1,0.15,30,74.02,1647,1578,73,1505,1028,0,391,0,86,0,1,68,16,1663,1114,391,1663,611718.91,6273.03,411,223,149,90,85,547,0,0,1028,0,477,0
34327,5,-0.08,-0.03,-0.45,-0.35,1,0.1,0.1,0.15,40,68.58,1650,1581,69,1512,1006,381,69,25,16,15,1,68,13,1663,1037,475,1663,378418.13,3886.24,471,294,208,120,119,91,44,165,1006,381,85,40
34328,5,-0.08,-0.03,-0.45,-0.35,1,0.1,0.1,0.15,40,53.46,1648,1579,107,1472,0,477,159,49,269,518,1,68,15,1663,787,685,1663,525357.53,5410.63,60,79,75,54,81,43,69,1011,0,477,428,567
34329,5,-0.08,-0.03,-0.45,-0.35,1,0.1,0.1,0.15,40,76.57,1647,1578,80,1498,1086,0,245,106,21,40,1,68,16,1663,1147,351,1663,651818.06,6688.61,411,223,149,90,85,70,29,441,1086,0,266,146
34330,5,-0.08,-0.03,-0.45,-0.35,1,0.1,0.1,0.15,50,68.25,1650,1581,69,1512,1006,387,0,93,0,26,1,68,13,1663,1032,480,1663,369887.48,3796.8,471,294,208,120,119,91,44,165,1006,387,0,119
34331,5,-0.08,-0.03,-0.45,-0.35,1,0.1,0.1,0.15,50,52.24,1648,1579,107,1472,0,491,0,212,0,769,1,68,15,1663,769,703,1663,485105.26,4989.12,60,79,75,54,81,43,69,1011,0,491,0,981
34332,5,-0.08,-0.03,-0.45,-0.35,1,0.1,0.1,0.15,50,76.37,1647,1578,80,1498,1087,0,0,354,0,57,1,68,16,1663,1144,354,1663,635402.99,6516.98,411,223,149,90,85,70,29,441,1087,0,0,411
34333,5,-0.08,-0.03,-0.45,-0.35,1,0.1,0.1,0.15,60,68.25,1650,1581,69,1512,1006,387,0,93,0,26,1,68,13,1663,1032,480,1663,369887.48,3796.8,471,294,208,120,119,91,44,165,1006,387,0,119
34334,5,-0.08,-0.03,-0.45,-0.35,1,0.1,0.1,0.15,60,52.24,1648,1579,107,1472,0,491,0,212,0,769,1,68,15,1663,769,703,1663,485105.26,4989.12,60,79,75,54,81,43,69,1011,0,491,0,981
34335,5,-0.08,-0.03,-0.45,-0.35,1,0.1,0.1,0.15,60,76.37,1647,1578,80,1498,1087,0,0,354,0,57,1,68,16,1663,1144,354,1663,635402.99,6516.98,411,223,149,90,85,70,29,441,1087,0,0,411
34336,5,-0.08,-0.03,-0.45,-0.35,1,0.1,0.2,0.15,20,57.13,1649,1580,45,1535,356,265,393,0,521,0,1,68,14,1663,877,658,1663,467077.04,4794.22,115,189,185,1046,0,0,0,0,356,265,914,0
34337,5,-0.08,-0.03,-0.45,-0.35,1,0.1,0.2,0.15,20,56.4,1648,1579,47,1532,0,268,400,0,864,0,1,68,15,1663,864,668,1663,476853.53,4936.83,60,79,75,1318,0,0,0,0,0,268,1264,0
34338,5,-0.08,-0.03,-0.45,-0.35,1,0.1,0.2,0.15,20,59.87,1646,1577,47,1530,363,0,614,0,553,0,1,68,17,1663,916,614,1663,577815.34,5927.58,55,110,111,1254,0,0,0,0,363,0,1167,0
34339,5,-0.08,-0.03,-0.45,-0.35,1,0.1,0.2,0.15,30,57.42,1649,1580,84,1496,509,385,252,0,350,0,1,68,14,1663,859,637,1663,528621.54,5433.56,115,189,185,132,168,707,0,0,509,385,602,0
34340,5,-0.08,-0.03,-0.45,-0.35,1,0.1,0.2,0.15,30,55.4,1648,1579,97,1482,0,392,269,0,821,0,1,68,15,1663,821,661,1663,496484.96,5172.21,60,79,75,54,81,1133,0,0,0,392,1090,0
34341,5,-0.08,-0.03,-0.45,-0.35,1,0.1,0.2,0.15,30,63.48,1646,1577,93,1484,535,0,542,0,407,0,1,68,17,1663,942,542,1663,780310.51,8013.45,55,110,111,87,100,1021,0,0,535,0,949,0
34342,5,-0.08,-0.03,-0.45,-0.35,1,0.1,0.2,0.15,40,56.18,1649,1580,92,1488,580,460,143,49,103,153,1,68,14,1663,836,652,1663,535731.42,5526.01,115,189,185,132,168,105,99,495,580,460,246,202
34343,5,-0.08,-0.03,-0.45,-0.35,1,0.1,0.2,0.15,40,53.46,1648,1579,107,1472,0,477,159,49,269,518,1,68,15,1663,787,685,1663,525357.53,5410.63,60,79,75,54,81,43,69,1011,0,477,428,567
34344,5,-0.08,-0.03,-0.45,-0.35,1,0.1,0.2,0.15,40,64.31,1646,1577,103,1474,622,0,386,140,116,210,1,68,17,1663,948,526,1663,869576.63,8950.24,55,110,111,87,100,72,70,869,622,0,502,350
34345,5,-0.08,-0.03,-0.45,-0.35,1,0.1,0.2,0.15,50,55.44,1649,1580,92,1488,584,473,0,190,0,241,1,68,14,1663,825,663,1663,511394.74,5274.27,115,189,185,132,168,105,99,495,584,473,0,431
34346,5,-0.08,-0.03,-0.45,-0.35,1,0.1,0.2,0.15,50,52.24,1648,1579,107,1472,0,491,0,212,0,769,1,68,15,1663,769,703,1663,485105.26,4989.12,60,79,75,54,81,43,69,1011,0,491,0,981
34347,5,-0.08,-0.03,-0.45,-0.35,1,0.1,0.2,0.15,50,63.7,1646,1577,103,1474,626,0,0,535,0,313,1,68,17,1663,939,535,1663,832479.24,8567.51,55,110,111,87,100,72,70,869,626,0,0,848
34348,5,-0.08,-0.03,-0.45,-0.35,1,0.1,0.2,0.15,60,55.44,1649,1580,92,1488,584,473,0,190,0,241,1,68,14,1663,825,663,1663,511394.74,5274.27,115,189,185,132,168,105,99,495,584,473,0,431
34349,5,-0.08,-0.03,-0.45,-0.35,1,0.1,0.2,0.15,60,52.24,1648,1579,107,1472,0,491,0,212,0,769,1,68,15,1663,769,703,1663,485105.26,4989.12,60,79,75,54,81,43,69,1011,0,491,0,981
34350,5,-0.08,-0.03,-0.45,-0.35,1,0.1,0.2,0.15,60,63.7,1646,1577,103,1474,626,0,0,535,0,313,1,68,17,1663,939,535,1663,832479.24,8567.51,55,110,111,87,100,72,70,869,626,0,0,848
34351,5,-0.08,-0.03,-0.45,-0.35,1,0.2,0.1,0.15,20,64.31,1650,1581,40,1541,849,244,306,0,142,0,1,68,13,1663,991,550,1663,354687.38,3633.4,471,294,208,568,0,0,0,0,849,244,448,0
34352,5,-0.08,-0.03,-0.45,-0.35,1,0.2,0.1,0.15,20,56.4,1648,1579,47,1532,0,268,400,0,864,0,1,68,15,1663,864,668,1663,476853.53,4936.83,60,79,75,1318,0,0,0,0,0,268,1264,0
34353,5,-0.08,-0.03,-0.45,-0.35,1,0.2,0.1,0.15,20,67.32,1647,1578,42,1536,873,0,502,0,161,0,1,68,16,1663,1034,502,1663,461566.9,4721.3,411,223,149,753,0,0,0,0,873,0,663,0
34354,5,-0.08,-0.03,-0.45,-0.35,1,0.2,0.1,0.15,30,68.16,1650,1581,64,1517,972,331,152,0,62,0,1,68,13,1663,1034,483,1663,392515.42,4028.11,471,294,208,120,119,305,0,0,972,331,214,0
34355,5,-0.08,-0.03,-0.45,-0.35,1,0.2,0.1,0.15,30,55.4,1648,1579,97,1482,0,392,269,0,821,0,1,68,15,1663,821,661,1663,496484.96,5172.21,60,79,75,54,81,1133,0,0,0,392,1090,0
34356,5,-0.08,-0.03,-0.45,-0.35,1,0.2,0.1,0.15,30,74.02,1647,1578,73,1505,1028,0,391,0,86,0,1,68,16,1663,1114,391,1663,611718.91,6273.03,411,223,149,90,85,547,0,0,1028,0,477,0
34357,5,-0.08,-0.03,-0.45,-0.35,1,0.2,0.1,0.15,40,68.58,1650,1581,69,1512,1006,381,69,25,16,15,1,68,13,1663,1037,475,1663,378418.13,3886.24,471,294,208,120,119,91,44,165,1006,381,85,40
34358,5,-0.08,-0.03,-0.45,-0.35,1,0.2,0.1,0.15,40,53.46,1648,1579,107,1472,0,477,159,49,269,518,1,68,15,1663,787,685,1663,525357.53,5410.63,60,79,75,54,81,43,69,1011,0,477,428,567
34359,5,-0.08,-0.03,-0.45,-0.35,1,0.2,0.1,0.15,40,76.57,1647,1578,80,1498,1086,0,245,106,21,40,1,68,16,1663,1147,351,1663,651818.06,6688.61,411,223,149,90,85,70,29,441,1086,0,266,146
34360,5,-0.08,-0.03,-0.45,-0.35,1,0.2,0.1,0.15,50,68.25,1650,1581,69,1512,1006,387,0,93,0,26,1,68,13,1663,1032,480,1663,369887.48,3796.8,471,294,208,120,119,91,44,165,1006,387,0,119
34361,5,-0.08,-0.03,-0.45,-0.35,1,0.2,0.1,0.15,50,52.24,1648,1579,107,1472,0,491,0,212,0,769,1,68,15,1663,769,703,1663,485105.26,4989.12,60,79,75,54,81,43,69,1011,0,491,0,981
34362,5,-0.08,-0.03,-0.45,-0.35,1,0.2,0.1,0.15,50,76.37,1647,1578,80,1498,1087,0,0,354,0,57,1,68,16,1663,1144,354,1663,635402.99,6516.98,411,223,149,90,85,70,29,441,1087,0,0,411
34363,5,-0.08,-0.03,-0.45,-0.35,1,0.2,0.1,0.15,60,68.25,1650,1581,69,1512,1006,387,0,93,0,26,1,68,13,1663,1032,480,1663,369887.48,3796.8,471,294,208,120,119,91,44,165,1006,387,0,119
34364,5,-0.08,-0.03,-0.45,-0.35,1,0.2,0.1,0.15,60,52.24,1648,1579,107,1472,0,491,0,212,0,769,1,68,15,1663,769,703,1663,485105.26,4989.12,60,79,75,54,81,43,69,1011,0,491,0,981
34365,5,-0.08,-0.03,-0.45,-0.35,1,0.2,0.1,0.15,60,76.37,1647,1578,80,1498,1087,0,0,354,0,57,1,68,16,1663,1144,354,1663,635402.99,6516.98,411,223,149,90,85,70,29,441,1087,0,0,411
34366,5,-0.08,-0.03,-0.45,-0.35,1,0.2,0.2,0.15,20,57.13,1649,1580,45,1535,356,265,393,0,521,0,1,68,14,1663,877,658,1663,467077.04,4794.22,115,189,185,1046,0,0,0,0,356,265,914,0
34367,5,-0.08,-0.03,-0.45,-0.35,1,0.2,0.2,0.15,20,56.4,1648,1579,47,1532,0,268,400,0,864,0,1,68,15,1663,864,668,1663,476853.53,4936.83,60,79,75,1318,0,0,0,0,0,268,1264,0
34368,5,-0.08,-0.03,-0.45,-0.35,1,0.2,0.2,0.15,20,59.87,1646,1577,47,1530,363,0,614,0,553,0,1,68,17,1663,916,614,1663,577815.34,5927.58,55,110,111,1254,0,0,0,0,363,0,1167,0
34369,5,-0.08,-0.03,-0.45,-0.35,1,0.2,0.2,0.15,30,57.42,1649,1580,84,1496,509,385,252,0,350,0,1,68,14,1663,859,637,1663,528621.54,5433.56,115,189,185,132,168,707,0,0,509,385,602,0
34370,5,-0.08,-0.03,-0.45,-0.35,1,0.2,0.2,0.15,30,55.4,1648,1579,97,1482,0,392,269,0,821,0,1,68,15,1663,821,661,1663,496484.96,5172.21,60,79,75,54,81,1133,0,0,0,392,1090,0
34371,5,-0.08,-0.03,-0.45,-0.35,1,0.2,0.2,0.15,30,63.48,1646,1577,93,1484,535,0,542,0,407,0,1,68,17,1663,942,542,1663,780310.51,8013.45,55,110,111,87,100,1021,0,0,535,0,949,0
34372,5,-0.08,-0.03,-0.45,-0.35,1,0.2,0.2,0.15,40,56.18,1649,1580,92,1488,580,460,143,49,103,153,1,68,14,1663,836,652,1663,535731.42,5526.01,115,189,185,132,168,105,99,495,580,460,246,202
34373,5,-0.08,-0.03,-0.45,-0.35,1,0.2,0.2,0.15,40,53.46,1648,1579,107,1472,0,477,159,49,269,518,1,68,15,1663,787,685,1663,525357.53,5410.63,60,79,75,54,81,43,69,1011,0,477,428,567
34374,5,-0.08,-0.03,-0.45,-0.35,1,0.2,0.2,0.15,40,64.31,1646,1577,103,1474,622,0,386,140,116,210,1,68,17,1663,948,526,1663,869576.63,8950.24,55,110,111,87,100,72,70,869,622,0,502,350
34375,5,-0.08,-0.03,-0.45,-0.35,1,0.2,0.2,0.15,50,55.44,1649,1580,92,1488,584,473,0,190,0,241,1,68,14,1663,825,663,1663,511394.74,5274.27,115,189,185,132,168,105,99,495,584,473,0,431
34376,5,-0.08,-0.03,-0.45,-0.35,1,0.2,0.2,0.15,50,52.24,1648,1579,107,1472,0,491,0,212,0,769,1,68,15,1663,769,703,1663,485105.26,4989.12,60,79,75,54,81,43,69,1011,0,491,0,981
34377,5,-0.08,-0.03,-0.45,-0.35,1,0.2,0.2,0.15,50,63.7,1646,1577,103,1474,626,0,0,535,0,313,1,68,17,1663,939,535,1663,832479.24,8567.51,55,110,111,87,100,72,70,869,626,0,0,848
34378,5,-0.08,-0.03,-0.45,-0.35,1,0.2,0.2,0.15,60,55.44,1649,1580,92,1488,584,473,0,190,0,241,1,68,14,1663,825,663,1663,511394.74,5274.27,115,189,185,132,168,105,99,495,584,473,0,431
34379,5,-0.08,-0.03,-0.45,-0.35,1,0.2,0.2,0.15,60,52.24,1648,1579,107,1472,0,491,0,212,0,769,1,68,15,1663,769,703,1663,485105.26,4989.12,60,79,75,54,81,43,69,1011,0,491,0,981
34380,5,-0.08,-0.03,-0.45,-0.35,1,0.2,0.2,0.15,60,63.7,1646,1577,103,1474,626,0,0,535,0,313,1,68,17,1663,939,535,1663,832479.24,8567.51,55,110,111,87,100,72,70,869,626,0,0,848
34381,5,-0.08,-0.03,-0.45,-0.35,2,0.1,0.1,0.15,20,68.98,1650,1581,40,1541,909,238,240,0,154,0,1,68,13,1663,1063,478,1663,506952.39,5946.52,490,321,217,513,0,0,0,0,909,238,394,0
34382,5,-0.08,-0.03,-0.45,-0.35,2,0.1,0.1,0.15,20,61.03,1648,1579,47,1532,0,268,329,0,935,0,1,68,15,1663,935,597,1663,668960.8,7630.5,60,79,75,1318,0,0,0,0,0,268,1264,0
34383,5,-0.08,-0.03,-0.45,-0.35,2,0.1,0.1,0.15,20,73.76,1647,1578,42,1536,952,0,403,0,181,0,1,68,16,1663,1133,403,1663,688512.16,7226.75,430,258,168,680,0,0,0,0,952,0,584,0
34384,5,-0.08,-0.03,-0.45,-0.35,2,0.1,0.1,0.15,30,71.59,1650,1581,64,1517,1023,317,114,0,63,0,1,68,13,1663,1086,431,1663,530502.93,6413.86,490,321,217,119,125,245,0,0,1023,317,177,0
34385,5,-0.08,-0.03,-0.45,-0.35,2,0.1,0.1,0.15,30,58.23,1648,1579,97,1482,0,392,227,0,863,0,1,68,15,1663,863,619,1663,766695.06,8419.41,60,79,75,54,81,1133,0,0,0,392,1090,0
34386,5,-0.08,-0.03,-0.45,-0.35,2,0.1,0.1,0.15,30,80.33,1647,1578,73,1505,1109,0,296,0,100,0,1,68,16,1663,1209,296,1663,915060.02,8779.43,430,258,168,96,104,449,0,0,1109,0,396,0
34387,5,-0.08,-0.03,-0.45,-0.35,2,0.1,0.1,0.15,40,72.16,1650,1581,69,1512,1058,358,49,14,21,12,1,68,13,1663,1091,421,1663,519246.93,6474.48,490,321,217,119,125,68,42,130,1058,358,70,26
34388,5,-0.08,-0.03,-0.45,-0.35,2,0.1,0.1,0.15,40,56.32,1648,1579,107,1472,0,477,133,33,295,534,1,68,15,1663,829,643,1663,819013.92,9026.45,60,79,75,54,81,43,69,1011,0,477,428,567
34389,5,-0.08,-0.03,-0.45,-0.35,2,0.1,0.1,0.15,40,83.44,1647,1578,80,1498,1186,0,186,62,33,31,1,68,16,1663,1250,248,1663,1003443.62,9359.03,430,258,168,96,104,53,52,337,1186,0,219,93
34390,5,-0.08,-0.03,-0.45,-0.35,2,0.1,0.1,0.15,50,71.56,1650,1581,69,1512,1058,364,0,66,0,24,1,68,13,1663,1082,430,1663,504675.3,6389.4,490,321,217,119,125,68,42,130,1058,364,0,90
34391,5,-0.08,-0.03,-0.45,-0.35,2,0.1,0.1,0.15,50,54.69,1648,1579,107,1472,0,491,0,176,0,805,1,68,15,1663,805,667,1663,762284.57,8631.93,60,79,75,54,81,43,69,1011,0,491,0,981
34392,5,-0.08,-0.03,-0.45,-0.35,2,0.1,0.1,0.15,50,83.31,1647,1578,80,1498,1188,0,0,250,0,60,1,68,16,1663,1248,250,1663,971420.18,9181.92,430,258,168,96,104,53,52,337,1188,0,0,310
34393,5,-0.08,-0.03,-0.45,-0.35,2,0.1,0.1,0.15,60,71.56,1650,1581,69,1512,1058,364,0,66,0,24,1,68,13,1663,1082,430,1663,504675.3,6389.4,490,321,217,119,125,68,42,130,1058,364,0,90
34394,5,-0.08,-0.03,-0.45,-0.35,2,0.1,0.1,0.15,60,54.69,1648,1579,107,1472,0,491,0,176,0,805,1,68,15,1663,805,667,1663,762284.57,8631.93,60,79,75,54,81,43,69,1011,0,491,0,981
34395,5,-0.08,-0.03,-0.45,-0.35,2,0.1,0.1,0.15,60,83.31,1647,1578,80,1498,1188,0,0,250,0,60,1,68,16,1663,1248,250,1663,971420.18,9181.92,430,258,168,96,104,53,52,337,1188,0,0,310
34396,5,-0.08,-0.03,-0.45,-0.35,2,0.1,0.2,0.15,20,61.69,1649,1580,45,1535,390,265,323,0,557,0,1,68,14,1663,947,588,1663,667606.35,7507.71,117,193,198,1027,0,0,0,0,390,265,880,0
34397,5,-0.08,-0.03,-0.45,-0.35,2,0.1,0.2,0.15,20,61.03,1648,1579,47,1532,0,268,329,0,935,0,1,68,15,1663,935,597,1663,668960.8,7630.5,60,79,75,1318,0,0,0,0,0,268,1264,0
34398,5,-0.08,-0.03,-0.45,-0.35,2,0.1,0.2,0.15,20,66.27,1646,1577,47,1530,405,0,516,0,609,0,1,68,17,1663,1014,516,1663,867235.21,8937.61,57,116,127,1230,0,0,0,0,405,0,1125,0
34399,5,-0.08,-0.03,-0.45,-0.35,2,0.1,0.2,0.15,30,60.09,1649,1580,84,1496,553,384,213,0,346,0,1,68,14,1663,899,597,1663,765402.51,8488.27,117,193,198,147,172,669,0,0,553,384,559,0
34400,5,-0.08,-0.03,-0.45,-0.35,2,0.1,0.2,0.15,30,58.23,1648,1579,97,1482,0,392,227,0,863,0,1,68,15,1663,863,619,1663,766695.06,8419.41,60,79,75,54,81,1133,0,0,0,392,1090,0
34401,5,-0.08,-0.03,-0.45,-0.35,2,0.1,0.2,0.15,30,69.2,1646,1577,93,1484,598,0,457,0,429,0,1,68,17,1663,1027,457,1663,1239492.92,11380.42,57,116,127,105,110,969,0,0,598,0,886,0
34402,5,-0.08,-0.03,-0.45,-0.35,2,0.1,0.2,0.15,40,59.21,1649,1580,92,1488,629,458,117,32,112,140,1,68,14,1663,881,607,1663,771090.2,8787.13,117,193,198,147,172,110,92,459,629,458,229,172
34403,5,-0.08,-0.03,-0.45,-0.35,2,0.1,0.2,0.15,40,56.32,1648,1579,107,1472,0,477,133,33,295,534,1,68,15,1663,829,643,1663,819013.92,9026.45,60,79,75,54,81,43,69,1011,0,477,428,567
34404,5,-0.08,-0.03,-0.45,-0.35,2,0.1,0.2,0.15,40,71.03,1646,1577,103,1474,702,0,331,96,146,199,1,68,17,1663,1047,427,1663,1404422.26,12511.85,57,116,127,105,110,83,68,808,702,0,477,295
34405,5,-0.08,-0.03,-0.45,-0.35,2,0.1,0.2,0.15,50,58.33,1649,1580,92,1488,632,470,0,150,0,236,1,68,14,1663,868,620,1663,740163.31,8585.95,117,193,198,147,172,110,92,459,632,470,0,386
34406,5,-0.08,-0.03,-0.45,-0.35,2,0.1,0.2,0.15,50,54.69,1648,1579,107,1472,0,491,0,176,0,805,1,68,15,1663,805,667,1663,762284.57,8631.93,60,79,75,54,81,43,69,1011,0,491,0,981
34407,5,-0.08,-0.03,-0.45,-0.35,2,0.1,0.2,0.15,50,70.96,1646,1577,103,1474,705,0,0,428,0,341,1,68,17,1663,1046,428,1663,1347618.41,12176.41,57,116,127,105,110,83,68,808,705,0,0,769
34408,5,-0.08,-0.03,-0.45,-0.35,2,0.1,0.2,0.15,60,58.33,1649,1580,92,1488,632,470,0,150,0,236,1,68,14,1663,868,620,1663,740163.31,8585.95,117,193,198,147,172,110,92,459,632,470,0,386
34409,5,-0.08,-0.03,-0.45,-0.35,2,0.1,0.2,0.15,60,54.69,1648,1579,107,1472,0,491,0,176,0,805,1,68,15,1663,805,667,1663,762284.57,8631.93,60,79,75,54,81,43,69,1011,0,491,0,981
34410,5,-0.08,-0.03,-0.45,-0.35,2,0.1,0.2,0.15,60,70.96,1646,1577,103,1474,705,0,0,428,0,341,1,68,17,1663,1046,428,1663,1347618.41,12176.41,57,116,127,105,110,83,68,808,705,0,0,769
34411,5,-0.08,-0.03,-0.45,-0.35,2,0.2,0.1,0.15,20,64.31,1650,1581,40,1541,849,244,306,0,142,0,1,68,13,1663,991,550,1663,354687.38,3633.4,471,294,208,568,0,0,0,0,849,244,448,0
34412,5,-0.08,-0.03,-0.45,-0.35,2,0.2,0.1,0.15,20,56.4,1648,1579,47,1532,0,268,400,0,864,0,1,68,15,1663,864,668,1663,476853.53,4936.83,60,79,75,1318,0,0,0,0,0,268,1264,0
34413,5,-0.08,-0.03,-0.45,-0.35,2,0.2,0.1,0.15,20,67.32,1647,1578,42,1536,873,0,502,0,161,0,1,68,16,1663,1034,502,1663,461566.9,4721.3,411,223,149,753,0,0,0,0,873,0,663,0
34414,5,-0.08,-0.03,-0.45,-0.35,2,0.2,0.1,0.15,30,68.16,1650,1581,64,1517,972,331,152,0,62,0,1,68,13,1663,1034,483,1663,392515.42,4028.11,471,294,208,120,119,305,0,0,972,331,214,0
34415,5,-0.08,-0.03,-0.45,-0.35,2,0.2,0.1,0.15,30,55.4,1648,1579,97,1482,0,392,269,0,821,0,1,68,15,1663,821,661,1663,496484.96,5172.21,60,79,75,54,81,1133,0,0,0,392,1090,0
34416,5,-0.08,-0.03,-0.45,-0.35,2,0.2,0.1,0.15,30,74.02,1647,1578,73,1505,1028,0,391,0,86,0,1,68,16,1663,1114,391,1663,611718.91,6273.03,411,223,149,90,85,547,0,0,1028,0,477,0
34417,5,-0.08,-0.03,-0.45,-0.35,2,0.2,0.1,0.15,40,68.58,1650,1581,69,1512,1006,381,69,25,16,15,1,68,13,1663,1037,475,1663,378418.13,3886.24,471,294,208,120,119,91,44,165,1006,381,85,40
34418,5,-0.08,-0.03,-0.45,-0.35,2,0.2,0.1,0.15,40,53.46,1648,1579,107,1472,0,477,159,49,269,518,1,68,15,1663,787,685,1663,525357.53,5410.63,60,79,75,54,81,43,69,1011,0,477,428,567
34419,5,-0.08,-0.03,-0.45,-0.35,2,0.2,0.1,0.15,40,76.57,1647,1578,80,1498,1086,0,245,106,21,40,1,68,16,1663,1147,351,1663,651818.06,6688.61,411,223,149,90,85,70,29,441,1086,0,266,146
34420,5,-0.08,-0.03,-0.45,-0.35,2,0.2,0.1,0.15,50,68.25,1650,1581,69,1512,1006,387,0,93,0,26,1,68,13,1663,1032,480,1663,369887.48,3796.8,471,294,208,120,119,91,44,165,1006,387,0,119
34421,5,-0.08,-0.03,-0.45,-0.35,2,0.2,0.1,0.15,50,52.24,1648,1579,107,1472,0,491,0,212,0,769,1,68,15,1663,769,703,1663,485105.26,4989.12,60,79,75,54,81,43,69,1011,0,491,0,981
34422,5,-0.08,-0.03,-0.45,-0.35,2,0.2,0.1,0.15,50,76.37,1647,1578,80,1498,1087,0,0,354,0,57,1,68,16,1663,1144,354,1663,635402.99,6516.98,411,223,149,90,85,70,29,441,1087,0,0,411
34423,5,-0.08,-0.03,-0.45,-0.35,2,0.2,0.1,0.15,60,68.25,1650,1581,69,1512,1006,387,0,93,0,26,1,68,13,1663,1032,480,1663,369887.48,3796.8,471,294,208,120,119,91,44,165,1006,387,0,119
34424,5,-0.08,-0.03,-0.45,-0.35,2,0.2,0.1,0.15,60,52.24,1648,1579,107,1472,0,491,0,212,0,769,1,68,15,1663,769,703,1663,485105.26,4989.12,60,79,75,54,81,43,69,1011,0,491,0,981
34425,5,-0.08,-0.03,-0.45,-0.35,2,0.2,0.1,0.15,60,76.37,1647,1578,80,1498,1087,0,0,354,0,57,1,68,16,1663,1144,354,1663,635402.99,6516.98,411,223,149,90,85,70,29,441,1087,0,0,411
34426,5,-0.08,-0.03,-0.45,-0.35,2,0.2,0.2,0.15,20,57.13,1649,1580,45,1535,356,265,393,0,521,0,1,68,14,1663,877,658,1663,467077.04,4794.22,115,189,185,1046,0,0,0,0,356,265,914,0
34427,5,-0.08,-0.03,-0.45,-0.35,2,0.2,0.2,0.15,20,56.4,1648,1579,47,1532,0,268,400,0,864,0,1,68,15,1663,864,668,1663,476853.53,4936.83,60,79,75,1318,0,0,0,0,0,268,1264,0
34428,5,-0.08,-0.03,-0.45,-0.35,2,0.2,0.2,0.15,20,59.87,1646,1577,47,1530,363,0,614,0,553,0,1,68,17,1663,916,614,1663,577815.34,5927.58,55,110,111,1254,0,0,0,0,363,0,1167,0
34429,5,-0.08,-0.03,-0.45,-0.35,2,0.2,0.2,0.15,30,57.42,1649,1580,84,1496,509,385,252,0,350,0,1,68,14,1663,859,637,1663,528621.54,5433.56,115,189,185,132,168,707,0,0,509,385,602,0
34430,5,-0.08,-0.03,-0.45,-0.35,2,0.2,0.2,0.15,30,55.4,1648,1579,97,1482,0,392,269,0,821,0,1,68,15,1663,821,661,1663,496484.96,5172.21,60,79,75,54,81,1133,0,0,0,392,1090,0
34431,5,-0.08,-0.03,-0.45,-0.35,2,0.2,0.2,0.15,30,63.48,1646,1577,93,1484,535,0,542,0,407,0,1,68,17,1663,942,542,1663,780310.51,8013.45,55,110,111,87,100,1021,0,0,535,0,949,0
34432,5,-0.08,-0.03,-0.45,-0.35,2,0.2,0.2,0.15,40,56.18,1649,1580,92,1488,580,460,143,49,103,153,1,68,14,1663,836,652,1663,535731.42,5526.01,115,189,185,132,168,105,99,495,580,460,246,202
34433,5,-0.08,-0.03,-0.45,-0.35,2,0.2,0.2,0.15,40,53.46,1648,1579,107,1472,0,477,159,49,269,518,1,68,15,1663,787,685,1663,525357.53,5410.63,60,79,75,54,81,43,69,1011,0,477,428,567
34434,5,-0.08,-0.03,-0.45,-0.35,2,0.2,0.2,0.15,40,64.31,1646,1577,103,1474,622,0,386,140,116,210,1,68,17,1663,948,526,1663,869576.63,8950.24,55,110,111,87,100,72,70,869,622,0,502,350
34435,5,-0.08,-0.03,-0.45,-0.35,2,0.2,0.2,0.15,50,55.44,1649,1580,92,1488,584,473,0,190,0,241,1,68,14,1663,825,663,1663,511394.74,5274.27,115,189,185,132,168,105,99,495,584,473,0,431
34436,5,-0.08,-0.03,-0.45,-0.35,2,0.2,0.2,0.15,50,52.24,1648,1579,107,1472,0,491,0,212,0,769,1,68,15,1663,769,703,1663,485105.26,4989.12,60,79,75,54,81,43,69,1011,0,491,0,981
34437,5,-0.08,-0.03,-0.45,-0.35,2,0.2,0.2,0.15,50,63.7,1646,1577,103,1474,626,0,0,535,0,313,1,68,17,1663,939,535,1663,832479.24,8567.51,55,110,111,87,100,72,70,869,626,0,0,848
34438,5,-0.08,-0.03,-0.45,-0.35,2,0.2,0.2,0.15,60,55.44,1649,1580,92,1488,584,473,0,190,0,241,1,68,14,1663,825,663,1663,511394.74,5274.27,115,189,185,132,168,105,99,495,584,473,0,431
34439,5,-0.08,-0.03,-0.45,-0.35,2,0.2,0.2,0.15,60,52.24,1648,1579,107,1472,0,491,0,212,0,769,1,68,15,1663,769,703,1663,485105.26,4989.12,60,79,75,54,81,43,69,1011,0,491,0,981
34440,5,-0.08,-0.03,-0.45,-0.35,2,0.2,0.2,0.15,60,63.7,1646,1577,103,1474,626,0,0,535,0,313,1,68,17,1663,939,535,1663,832479.24,8567.51,55,110,111,87,100,72,70,869,626,0,0,848
34441,5,-0.08,-0.03,-0.45,-0.3,1,0.1,0.1,0.15,20,63.08,2608,2530,57,2473,1296,402,511,0,264,0,3,75,24,2632,1560,913,2632,483261.29,5057.8,706,470,341,956,0,0,0,0,1296,402,775,0
34442,5,-0.08,-0.03,-0.45,-0.3,1,0.1,0.1,0.15,20,55.35,2605,2527,70,2457,0,449,648,0,1360,0,3,75,27,2632,1360,1097,2632,610944.4,6444.86,97,132,147,2081,0,0,0,0,0,449,2008,0
34443,5,-0.08,-0.03,-0.45,-0.3,1,0.1,0.1,0.15,20,65.79,2604,2526,59,2467,1330,0,844,0,293,0,3,75,28,2632,1623,844,2632,633417.6,6580.19,609,356,225,1277,0,0,0,0,1330,0,1137,0
34444,5,-0.08,-0.03,-0.45,-0.3,1,0.1,0.1,0.15,30,66.34,2608,2530,91,2439,1492,533,288,0,126,0,3,75,24,2632,1618,821,2632,540336.43,5681.09,706,470,341,181,192,549,0,0,1492,533,414,0
34445,5,-0.08,-0.03,-0.45,-0.3,1,0.1,0.1,0.15,30,54.34,2605,2527,142,2385,0,635,454,0,1296,0,3,75,27,2632,1296,1089,2632,630803.62,6741.51,97,132,147,73,124,1812,0,0,0,635,1750,0
34446,5,-0.08,-0.03,-0.45,-0.3,1,0.1,0.1,0.15,30,71.74,2603,2525,101,2424,1569,0,685,0,170,0,3,75,29,2632,1739,685,2632,859466.02,8931.35,609,356,225,140,132,962,0,0,1569,0,855,0
34447,5,-0.08,-0.03,-0.45,-0.3,1,0.1,0.1,0.15,40,66.89,2608,2530,96,2434,1558,616,141,49,42,28,3,75,24,2632,1628,806,2632,518289.88,5448.58,706,470,341,181,192,135,89,320,1558,616,183,77
34448,5,-0.08,-0.03,-0.45,-0.3,1,0.1,0.1,0.15,40,52.59,2605,2527,154,2373,0,766,269,90,473,775,3,75,27,2632,1248,1125,2632,672340.05,7089.5,97,132,147,73,124,62,116,1622,0,766,742,865
34449,5,-0.08,-0.03,-0.45,-0.3,1,0.1,0.1,0.15,40,74.35,2603,2525,108,2417,1679,0,430,190,52,66,3,75,29,2632,1797,620,2632,946148.69,9808.69,609,356,225,140,132,107,67,781,1679,0,482,256
34450,5,-0.08,-0.03,-0.45,-0.3,1,0.1,0.1,0.15,50,66.68,2608,2530,96,2434,1559,625,0,186,0,64,3,75,24,2632,1623,811,2632,502058.14,5298.43,706,470,341,181,192,135,89,320,1559,625,0,250
34451,5,-0.08,-0.03,-0.45,-0.3,1,0.1,0.1,0.15,50,51.37,2605,2527,154,2373,0,788,0,366,0,1219,3,75,27,2632,1219,1154,2632,606730.85,6416.1,97,132,147,73,124,62,116,1622,0,788,0,1585
34452,5,-0.08,-0.03,-0.45,-0.3,1,0.1,0.1,0.15,50,74.22,2603,2525,108,2417,1681,0,0,623,0,113,3,75,29,2632,1794,623,2632,918307.31,9535.3,609,356,225,140,132,107,67,781,1681,0,0,736
34453,5,-0.08,-0.03,-0.45,-0.3,1,0.1,0.1,0.15,60,66.68,2608,2530,96,2434,1559,625,0,186,0,64,3,75,24,2632,1623,811,2632,502058.14,5298.43,706,470,341,181,192,135,89,320,1559,625,0,250
34454,5,-0.08,-0.03,-0.45,-0.3,1,0.1,0.1,0.15,60,51.37,2605,2527,154,2373,0,788,0,366,0,1219,3,75,27,2632,1219,1154,2632,606730.85,6416.1,97,132,147,73,124,62,116,1622,0,788,0,1585
34455,5,-0.08,-0.03,-0.45,-0.3,1,0.1,0.1,0.15,60,74.22,2603,2525,108,2417,1681,0,0,623,0,113,3,75,29,2632,1794,623,2632,918307.31,9535.3,609,356,225,140,132,107,67,781,1681,0,0,736
34456,5,-0.08,-0.03,-0.45,-0.3,1,0.1,0.2,0.15,20,56.13,2607,2529,67,2462,543,443,637,0,839,0,3,75,25,2632,1382,1080,2632,638765.2,6669.1,191,281,318,1672,0,0,0,0,543,443,1476,0
34457,5,-0.08,-0.03,-0.45,-0.3,1,0.1,0.2,0.15,20,55.35,2605,2527,70,2457,0,449,648,0,1360,0,3,75,27,2632,1360,1097,2632,610944.4,6444.86,97,132,147,2081,0,0,0,0,0,449,2008,0
34458,5,-0.08,-0.03,-0.45,-0.3,1,0.1,0.2,0.15,20,58.55,2603,2525,69,2456,551,0,1018,0,887,0,3,75,29,2632,1438,1018,2632,785456.89,8155.74,94,150,175,2037,0,0,0,0,551,0,1905,0
34459,5,-0.08,-0.03,-0.45,-0.3,1,0.1,0.2,0.15,30,56.34,2607,2529,124,2405,777,622,428,0,578,0,3,75,25,2632,1355,1050,2632,736505.91,7738.07,191,281,318,196,257,1162,0,0,777,622,1006,0
34460,5,-0.08,-0.03,-0.45,-0.3,1,0.1,0.2,0.15,30,54.34,2605,2527,142,2385,0,635,454,0,1296,0,3,75,27,2632,1296,1089,2632,630803.62,6741.51,97,132,147,73,124,1812,0,0,0,635,1750,0
34461,5,-0.08,-0.03,-0.45,-0.3,1,0.1,0.2,0.15,30,61.95,2601,2523,134,2389,811,0,909,0,669,0,3,75,31,2632,1480,909,2632,1086953.07,11312.63,94,150,175,132,154,1684,0,0,811,0,1578,0
34462,5,-0.08,-0.03,-0.45,-0.3,1,0.1,0.2,0.15,40,55.26,2607,2529,133,2396,886,741,245,86,185,253,3,75,25,2632,1324,1072,2632,745306.38,7845.29,191,281,318,196,257,156,155,842,886,741,430,339
34463,5,-0.08,-0.03,-0.45,-0.3,1,0.1,0.2,0.15,40,52.59,2605,2527,154,2373,0,766,269,90,473,775,3,75,27,2632,1248,1125,2632,672340.05,7089.5,97,132,147,73,124,62,116,1622,0,766,742,865
34464,5,-0.08,-0.03,-0.45,-0.3,1,0.1,0.2,0.15,40,63.08,2601,2523,145,2378,944,0,636,242,210,346,3,75,31,2632,1500,878,2632,1254012.9,13055.92,94,150,175,132,154,106,101,1466,944,0,846,588
34465,5,-0.08,-0.03,-0.45,-0.3,1,0.1,0.2,0.15,50,54.59,2607,2529,133,2396,893,760,0,328,0,415,3,75,25,2632,1308,1088,2632,708518.43,7482.95,191,281,318,196,257,156,155,842,893,760,0,743
34466,5,-0.08,-0.03,-0.45,-0.3,1,0.1,0.2,0.15,50,51.37,2605,2527,154,2373,0,788,0,366,0,1219,3,75,27,2632,1219,1154,2632,606730.85,6416.1,97,132,147,73,124,62,116,1622,0,788,0,1585
34467,5,-0.08,-0.03,-0.45,-0.3,1,0.1,0.2,0.15,50,62.57,2601,2523,145,2378,951,0,0,890,0,537,3,75,31,2632,1488,890,2632,1202513.46,12538.59,94,150,175,132,154,106,101,1466,951,0,0,1427
34468,5,-0.08,-0.03,-0.45,-0.3,1,0.1,0.2,0.15,60,54.59,2607,2529,133,2396,893,760,0,328,0,415,3,75,25,2632,1308,1088,2632,708518.43,7482.95,191,281,318,196,257,156,155,842,893,760,0,743
34469,5,-0.08,-0.03,-0.45,-0.3,1,0.1,0.2,0.15,60,51.37,2605,2527,154,2373,0,788,0,366,0,1219,3,75,27,2632,1219,1154,2632,606730.85,6416.1,97,132,147,73,124,62,116,1622,0,788,0,1585
34470,5,-0.08,-0.03,-0.45,-0.3,1,0.1,0.2,0.15,60,62.57,2601,2523,145,2378,951,0,0,890,0,537,3,75,31,2632,1488,890,2632,1202513.46,12538.59,94,150,175,132,154,106,101,1466,951,0,0,1427
34471,5,-0.08,-0.03,-0.45,-0.3,1,0.2,0.1,0.15,20,63.08,2608,2530,57,2473,1296,402,511,0,264,0,3,75,24,2632,1560,913,2632,483261.29,5057.8,706,470,341,956,0,0,0,0,1296,402,775,0
34472,5,-0.08,-0.03,-0.45,-0.3,1,0.2,0.1,0.15,20,55.35,2605,2527,70,2457,0,449,648,0,1360,0,3,75,27,2632,1360,1097,2632,610944.4,6444.86,97,132,147,2081,0,0,0,0,0,449,2008,0
34473,5,-0.08,-0.03,-0.45,-0.3,1,0.2,0.1,0.15,20,65.79,2604,2526,59,2467,1330,0,844,0,293,0,3,75,28,2632,1623,844,2632,633417.6,6580.19,609,356,225,1277,0,0,0,0,1330,0,1137,0
34474,5,-0.08,-0.03,-0.45,-0.3,1,0.2,0.1,0.15,30,66.34,2608,2530,91,2439,1492,533,288,0,126,0,3,75,24,2632,1618,821,2632,540336.43,5681.09,706,470,341,181,192,549,0,0,1492,533,414,0
34475,5,-0.08,-0.03,-0.45,-0.3,1,0.2,0.1,0.15,30,54.34,2605,2527,142,2385,0,635,454,0,1296,0,3,75,27,2632,1296,1089,2632,630803.62,6741.51,97,132,147,73,124,1812,0,0,0,635,1750,0
34476,5,-0.08,-0.03,-0.45,-0.3,1,0.2,0.1,0.15,30,71.74,2603,2525,101,2424,1569,0,685,0,170,0,3,75,29,2632,1739,685,2632,859466.02,8931.35,609,356,225,140,132,962,0,0,1569,0,855,0
34477,5,-0.08,-0.03,-0.45,-0.3,1,0.2,0.1,0.15,40,66.89,2608,2530,96,2434,1558,616,141,49,42,28,3,75,24,2632,1628,806,2632,518289.88,5448.58,706,470,341,181,192,135,89,320,1558,616,183,77
34478,5,-0.08,-0.03,-0.45,-0.3,1,0.2,0.1,0.15,40,52.59,2605,2527,154,2373,0,766,269,90,473,775,3,75,27,2632,1248,1125,2632,672340.05,7089.5,97,132,147,73,124,62,116,1622,0,766,742,865
34479,5,-0.08,-0.03,-0.45,-0.3,1,0.2,0.1,0.15,40,74.35,2603,2525,108,2417,1679,0,430,190,52,66,3,75,29,2632,1797,620,2632,946148.69,9808.69,609,356,225,140,132,107,67,781,1679,0,482,256
34480,5,-0.08,-0.03,-0.45,-0.3,1,0.2,0.1,0.15,50,66.68,2608,2530,96,2434,1559,625,0,186,0,64,3,75,24,2632,1623,811,2632,502058.14,5298.43,706,470,341,181,192,135,89,320,1559,625,0,250
34481,5,-0.08,-0.03,-0.45,-0.3,1,0.2,0.1,0.15,50,51.37,2605,2527,154,2373,0,788,0,366,0,1219,3,75,27,2632,1219,1154,2632,606730.85,6416.1,97,132,147,73,124,62,116,1622,0,788,0,1585
34482,5,-0.08,-0.03,-0.45,-0.3,1,0.2,0.1,0.15,50,74.22,2603,2525,108,2417,1681,0,0,623,0,113,3,75,29,2632,1794,623,2632,918307.31,9535.3,609,356,225,140,132,107,67,781,1681,0,0,736
34483,5,-0.08,-0.03,-0.45,-0.3,1,0.2,0.1,0.15,60,66.68,2608,2530,96,2434,1559,625,0,186,0,64,3,75,24,2632,1623,811,2632,502058.14,5298.43,706,470,341,181,192,135,89,320,1559,625,0,250
34484,5,-0.08,-0.03,-0.45,-0.3,1,0.2,0.1,0.15,60,51.37,2605,2527,154,2373,0,788,0,366,0,1219,3,75,27,2632,1219,1154,2632,606730.85,6416.1,97,132,147,73,124,62,116,1622,0,788,0,1585
34485,5,-0.08,-0.03,-0.45,-0.3,1,0.2,0.1,0.15,60,74.22,2603,2525,108,2417,1681,0,0,623,0,113,3,75,29,2632,1794,623,2632,918307.31,9535.3,609,356,225,140,132,107,67,781,1681,0,0,736
34486,5,-0.08,-0.03,-0.45,-0.3,1,0.2,0.2,0.15,20,56.13,2607,2529,67,2462,543,443,637,0,839,0,3,75,25,2632,1382,1080,2632,638765.2,6669.1,191,281,318,1672,0,0,0,0,543,443,1476,0
34487,5,-0.08,-0.03,-0.45,-0.3,1,0.2,0.2,0.15,20,55.35,2605,2527,70,2457,0,449,648,0,1360,0,3,75,27,2632,1360,1097,2632,610944.4,6444.86,97,132,147,2081,0,0,0,0,0,449,2008,0
34488,5,-0.08,-0.03,-0.45,-0.3,1,0.2,0.2,0.15,20,58.55,2603,2525,69,2456,551,0,1018,0,887,0,3,75,29,2632,1438,1018,2632,785456.89,8155.74,94,150,175,2037,0,0,0,0,551,0,1905,0
34489,5,-0.08,-0.03,-0.45,-0.3,1,0.2,0.2,0.15,30,56.34,2607,2529,124,2405,777,622,428,0,578,0,3,75,25,2632,1355,1050,2632,736505.91,7738.07,191,281,318,196,257,1162,0,0,777,622,1006,0
34490,5,-0.08,-0.03,-0.45,-0.3,1,0.2,0.2,0.15,30,54.34,2605,2527,142,2385,0,635,454,0,1296,0,3,75,27,2632,1296,1089,2632,630803.62,6741.51,97,132,147,73,124,1812,0,0,0,635,1750,0
34491,5,-0.08,-0.03,-0.45,-0.3,1,0.2,0.2,0.15,30,61.95,2601,2523,134,2389,811,0,909,0,669,0,3,75,31,2632,1480,909,2632,1086953.07,11312.63,94,150,175,132,154,1684,0,0,811,0,1578,0
34492,5,-0.08,-0.03,-0.45,-0.3,1,0.2,0.2,0.15,40,55.26,2607,2529,133,2396,886,741,245,86,185,253,3,75,25,2632,1324,1072,2632,745306.38,7845.29,191,281,318,196,257,156,155,842,886,741,430,339
34493,5,-0.08,-0.03,-0.45,-0.3,1,0.2,0.2,0.15,40,52.59,2605,2527,154,2373,0,766,269,90,473,775,3,75,27,2632,1248,1125,2632,672340.05,7089.5,97,132,147,73,124,62,116,1622,0,766,742,865
34494,5,-0.08,-0.03,-0.45,-0.3,1,0.2,0.2,0.15,40,63.08,2601,2523,145,2378,944,0,636,242,210,346,3,75,31,2632,1500,878,2632,1254012.9,13055.92,94,150,175,132,154,106,101,1466,944,0,846,588
34495,5,-0.08,-0.03,-0.45,-0.3,1,0.2,0.2,0.15,50,54.59,2607,2529,133,2396,893,760,0,328,0,415,3,75,25,2632,1308,1088,2632,708518.43,7482.95,191,281,318,196,257,156,155,842,893,760,0,743
34496,5,-0.08,-0.03,-0.45,-0.3,1,0.2,0.2,0.15,50,51.37,2605,2527,154,2373,0,788,0,366,0,1219,3,75,27,2632,1219,1154,2632,606730.85,6416.1,97,132,147,73,124,62,116,1622,0,788,0,1585
34497,5,-0.08,-0.03,-0.45,-0.3,1,0.2,0.2,0.15,50,62.57,2601,2523,145,2378,951,0,0,890,0,537,3,75,31,2632,1488,890,2632,1202513.46,12538.59,94,150,175,132,154,106,101,1466,951,0,0,1427
34498,5,-0.08,-0.03,-0.45,-0.3,1,0.2,0.2,0.15,60,54.59,2607,2529,133,2396,893,760,0,328,0,415,3,75,25,2632,1308,1088,2632,708518.43,7482.95,191,281,318,196,257,156,155,842,893,760,0,743
34499,5,-0.08,-0.03,-0.45,-0.3,1,0.2,0.2,0.15,60,51.37,2605,2527,154,2373,0,788,0,366,0,1219,3,75,27,2632,1219,1154,2632,606730.85,6416.1,97,132,147,73,124,62,116,1622,0,788,0,1585
34500,5,-0.08,-0.03,-0.45,-0.3,1,0.2,0.2,0.15,60,62.57,2601,2523,145,2378,951,0,0,890,0,537,3,75,31,2632,1488,890,2632,1202513.46,12538.59,94,150,175,132,154,106,101,1466,951,0,0,1427
34501,5,-0.08,-0.03,-0.45,-0.3,2,0.1,0.1,0.15,20,67.65,2608,2530,57,2473,1392,394,406,0,281,0,3,75,24,2632,1673,800,2632,700713.54,8800.72,733,510,363,867,0,0,0,0,1392,394,687,0
34502,5,-0.08,-0.03,-0.45,-0.3,2,0.1,0.1,0.15,20,60.07,2605,2527,70,2457,0,449,532,0,1476,0,3,75,27,2632,1476,981,2632,879694.64,10806.23,97,132,147,2081,0,0,0,0,0,449,2008,0
34503,5,-0.08,-0.03,-0.45,-0.3,2,0.1,0.1,0.15,20,72.27,2604,2526,59,2467,1459,0,684,0,324,0,3,75,28,2632,1783,684,2632,971425.43,10702.97,638,407,263,1159,0,0,0,0,1459,0,1008,0
34504,5,-0.08,-0.03,-0.45,-0.3,2,0.1,0.1,0.15,30,70.19,2608,2530,91,2439,1585,516,211,0,127,0,3,75,24,2632,1712,727,2632,759332.58,9643.43,733,510,363,180,207,446,0,0,1585,516,338,0
34505,5,-0.08,-0.03,-0.45,-0.3,2,0.1,0.1,0.15,30,57.86,2605,2527,142,2385,0,635,370,0,1380,0,3,75,27,2632,1380,1005,2632,1032039.54,12021.68,97,132,147,73,124,1812,0,0,0,635,1750,0
34506,5,-0.08,-0.03,-0.45,-0.3,2,0.1,0.1,0.15,30,78.63,2603,2525,101,2424,1717,0,518,0,189,0,3,75,29,2632,1906,518,2632,1350358.17,13250.19,638,407,263,151,167,798,0,0,1717,0,707,0
34507,5,-0.08,-0.03,-0.45,-0.3,2,0.1,0.1,0.15,40,70.54,2608,2530,96,2434,1641,585,102,30,54,22,3,75,24,2632,1717,717,2632,723340.49,9658.21,733,510,363,180,207,108,73,260,1641,585,156,52
34508,5,-0.08,-0.03,-0.45,-0.3,2,0.1,0.1,0.15,40,55.92,2605,2527,154,2373,0,766,221,59,521,806,3,75,27,2632,1327,1046,2632,1101726.77,12972.31,97,132,147,73,124,62,116,1622,0,766,742,865
34509,5,-0.08,-0.03,-0.45,-0.3,2,0.1,0.1,0.15,40,81.55,2603,2525,108,2417,1841,0,337,109,70,60,3,75,29,2632,1971,446,2632,1502047.8,14236.47,638,407,263,151,167,91,78,622,1841,0,407,169
34510,5,-0.08,-0.03,-0.45,-0.3,2,0.1,0.1,0.15,50,70.01,2608,2530,96,2434,1644,594,0,136,0,60,3,75,24,2632,1704,730,2632,698603.43,9538.89,733,510,363,180,207,108,73,260,1644,594,0,196
34511,5,-0.08,-0.03,-0.45,-0.3,2,0.1,0.1,0.15,50,54.24,2605,2527,154,2373,0,788,0,298,0,1287,3,75,27,2632,1287,1086,2632,1009792.07,12350.23,97,132,147,73,124,62,116,1622,0,788,0,1585
34512,5,-0.08,-0.03,-0.45,-0.3,2,0.1,0.1,0.15,50,81.38,2603,2525,108,2417,1846,0,0,450,0,121,3,75,29,2632,1967,450,2632,1457079.8,14008.44,638,407,263,151,167,91,78,622,1846,0,0,571
34513,5,-0.08,-0.03,-0.45,-0.3,2,0.1,0.1,0.15,60,70.01,2608,2530,96,2434,1644,594,0,136,0,60,3,75,24,2632,1704,730,2632,698603.43,9538.89,733,510,363,180,207,108,73,260,1644,594,0,196
34514,5,-0.08,-0.03,-0.45,-0.3,2,0.1,0.1,0.15,60,54.24,2605,2527,154,2373,0,788,0,298,0,1287,3,75,27,2632,1287,1086,2632,1009792.07,12350.23,97,132,147,73,124,62,116,1622,0,788,0,1585
34515,5,-0.08,-0.03,-0.45,-0.3,2,0.1,0.1,0.15,60,81.38,2603,2525,108,2417,1846,0,0,450,0,121,3,75,29,2632,1967,450,2632,1457079.8,14008.44,638,407,263,151,167,91,78,622,1846,0,0,571
34516,5,-0.08,-0.03,-0.45,-0.3,2,0.1,0.2,0.15,20,60.76,2607,2529,67,2462,591,443,523,0,905,0,3,75,25,2632,1496,966,2632,923529.77,11054.11,193,288,337,1644,0,0,0,0,591,443,1428,0
34517,5,-0.08,-0.03,-0.45,-0.3,2,0.1,0.2,0.15,20,60.07,2605,2527,70,2457,0,449,532,0,1476,0,3,75,27,2632,1476,981,2632,879694.64,10806.23,97,132,147,2081,0,0,0,0,0,449,2008,0
34518,5,-0.08,-0.03,-0.45,-0.3,2,0.1,0.2,0.15,20,65.15,2603,2525,69,2456,612,0,856,0,988,0,3,75,29,2632,1600,856,2632,1184817.71,13000.38,96,160,199,2001,0,0,0,0,612,0,1844,0
34519,5,-0.08,-0.03,-0.45,-0.3,2,0.1,0.2,0.15,30,59.6,2607,2529,123,2406,844,621,351,0,590,0,3,75,25,2632,1434,972,2632,1105851.96,12771.31,193,288,337,216,268,1104,0,0,844,621,941,0
34520,5,-0.08,-0.03,-0.45,-0.3,2,0.1,0.2,0.15,30,57.86,2605,2527,142,2385,0,635,370,0,1380,0,3,75,27,2632,1380,1005,2632,1032039.54,12021.68,97,132,147,73,124,1812,0,0,0,635,1750,0
34521,5,-0.08,-0.03,-0.45,-0.3,2,0.1,0.2,0.15,30,68.08,2601,2523,133,2390,905,0,763,0,722,0,3,75,31,2632,1627,763,2632,1774140.85,16919.63,96,160,199,157,173,1605,0,0,905,0,1485,0
34522,5,-0.08,-0.03,-0.45,-0.3,2,0.1,0.2,0.15,40,58.53,2607,2529,132,2397,967,739,198,57,209,227,3,75,25,2632,1403,994,2632,1114636.1,13305.4,193,288,337,216,268,163,152,780,967,739,407,284
34523,5,-0.08,-0.03,-0.45,-0.3,2,0.1,0.2,0.15,40,55.92,2605,2527,154,2373,0,766,221,59,521,806,3,75,27,2632,1327,1046,2632,1101726.77,12972.31,97,132,147,73,124,62,116,1622,0,766,742,865
34524,5,-0.08,-0.03,-0.45,-0.3,2,0.1,0.2,0.15,40,70.32,2601,2523,144,2379,1070,0,545,161,266,337,3,75,31,2632,1673,706,2632,2098355.28,19103.86,96,160,199,157,173,120,108,1366,1070,0,811,498
34525,5,-0.08,-0.03,-0.45,-0.3,2,0.1,0.2,0.15,50,57.57,2607,2529,132,2397,972,757,0,260,0,408,3,75,25,2632,1380,1017,2632,1063375.5,13016.57,193,288,337,216,268,163,152,780,972,757,0,668
34526,5,-0.08,-0.03,-0.45,-0.3,2,0.1,0.2,0.15,50,54.24,2605,2527,154,2373,0,788,0,298,0,1287,3,75,27,2632,1287,1086,2632,1009792.07,12350.23,97,132,147,73,124,62,116,1622,0,788,0,1585
34527,5,-0.08,-0.03,-0.45,-0.3,2,0.1,0.2,0.15,50,70.03,2601,2523,144,2379,1076,0,0,713,0,590,3,75,31,2632,1666,713,2632,2017524.48,18659.58,96,160,199,157,173,120,108,1366,1076,0,0,1303
34528,5,-0.08,-0.03,-0.45,-0.3,2,0.1,0.2,0.15,60,57.57,2607,2529,132,2397,972,757,0,260,0,408,3,75,25,2632,1380,1017,2632,1063375.5,13016.57,193,288,337,216,268,163,152,780,972,757,0,668
34529,5,-0.08,-0.03,-0.45,-0.3,2,0.1,0.2,0.15,60,54.24,2605,2527,154,2373,0,788,0,298,0,1287,3,75,27,2632,1287,1086,2632,1009792.07,12350.23,97,132,147,73,124,62,116,1622,0,788,0,1585
34530,5,-0.08,-0.03,-0.45,-0.3,2,0.1,0.2,0.15,60,70.03,2601,2523,144,2379,1076,0,0,713,0,590,3,75,31,2632,1666,713,2632,2017524.48,18659.58,96,160,199,157,173,120,108,1366,1076,0,0,1303
34531,5,-0.08,-0.03,-0.45,-0.3,2,0.2,0.1,0.15,20,63.08,2608,2530,57,2473,1296,402,511,0,264,0,3,75,24,2632,1560,913,2632,483261.29,5057.8,706,470,341,956,0,0,0,0,1296,402,775,0
34532,5,-0.08,-0.03,-0.45,-0.3,2,0.2,0.1,0.15,20,55.35,2605,2527,70,2457,0,449,648,0,1360,0,3,75,27,2632,1360,1097,2632,610944.4,6444.86,97,132,147,2081,0,0,0,0,0,449,2008,0
34533,5,-0.08,-0.03,-0.45,-0.3,2,0.2,0.1,0.15,20,65.79,2604,2526,59,2467,1330,0,844,0,293,0,3,75,28,2632,1623,844,2632,633417.6,6580.19,609,356,225,1277,0,0,0,0,1330,0,1137,0
34534,5,-0.08,-0.03,-0.45,-0.3,2,0.2,0.1,0.15,30,66.34,2608,2530,91,2439,1492,533,288,0,126,0,3,75,24,2632,1618,821,2632,540336.43,5681.09,706,470,341,181,192,549,0,0,1492,533,414,0
34535,5,-0.08,-0.03,-0.45,-0.3,2,0.2,0.1,0.15,30,54.34,2605,2527,142,2385,0,635,454,0,1296,0,3,75,27,2632,1296,1089,2632,630803.62,6741.51,97,132,147,73,124,1812,0,0,0,635,1750,0
34536,5,-0.08,-0.03,-0.45,-0.3,2,0.2,0.1,0.15,30,71.74,2603,2525,101,2424,1569,0,685,0,170,0,3,75,29,2632,1739,685,2632,859466.02,8931.35,609,356,225,140,132,962,0,0,1569,0,855,0
34537,5,-0.08,-0.03,-0.45,-0.3,2,0.2,0.1,0.15,40,66.89,2608,2530,96,2434,1558,616,141,49,42,28,3,75,24,2632,1628,806,2632,518289.88,5448.58,706,470,341,181,192,135,89,320,1558,616,183,77
34538,5,-0.08,-0.03,-0.45,-0.3,2,0.2,0.1,0.15,40,52.59,2605,2527,154,2373,0,766,269,90,473,775,3,75,27,2632,1248,1125,2632,672340.05,7089.5,97,132,147,73,124,62,116,1622,0,766,742,865
34539,5,-0.08,-0.03,-0.45,-0.3,2,0.2,0.1,0.15,40,74.35,2603,2525,108,2417,1679,0,430,190,52,66,3,75,29,2632,1797,620,2632,946148.69,9808.69,609,356,225,140,132,107,67,781,1679,0,482,256
34540,5,-0.08,-0.03,-0.45,-0.3,2,0.2,0.1,0.15,50,66.68,2608,2530,96,2434,1559,625,0,186,0,64,3,75,24,2632,1623,811,2632,502058.14,5298.43,706,470,341,181,192,135,89,320,1559,625,0,250
34541,5,-0.08,-0.03,-0.45,-0.3,2,0.2,0.1,0.15,50,51.37,2605,2527,154,2373,0,788,0,366,0,1219,3,75,27,2632,1219,1154,2632,606730.85,6416.1,97,132,147,73,124,62,116,1622,0,788,0,1585
34542,5,-0.08,-0.03,-0.45,-0.3,2,0.2,0.1,0.15,50,74.22,2603,2525,108,2417,1681,0,0,623,0,113,3,75,29,2632,1794,623,2632,918307.31,9535.3,609,356,225,140,132,107,67,781,1681,0,0,736
34543,5,-0.08,-0.03,-0.45,-0.3,2,0.2,0.1,0.15,60,66.68,2608,2530,96,2434,1559,625,0,186,0,64,3,75,24,2632,1623,811,2632,502058.14,5298.43,706,470,341,181,192,135,89,320,1559,625,0,250
34544,5,-0.08,-0.03,-0.45,-0.3,2,0.2,0.1,0.15,60,51.37,2605,2527,154,2373,0,788,0,366,0,1219,3,75,27,2632,1219,1154,2632,606730.85,6416.1,97,132,147,73,124,62,116,1622,0,788,0,1585
34545,5,-0.08,-0.03,-0.45,-0.3,2,0.2,0.1,0.15,60,74.22,2603,2525,108,2417,1681,0,0,623,0,113,3,75,29,2632,1794,623,2632,918307.31,9535.3,609,356,225,140,132,107,67,781,1681,0,0,736
34546,5,-0.08,-0.03,-0.45,-0.3,2,0.2,0.2,0.15,20,56.13,2607,2529,67,2462,543,443,637,0,839,0,3,75,25,2632,1382,1080,2632,638765.2,6669.1,191,281,318,1672,0,0,0,0,543,443,1476,0
34547,5,-0.08,-0.03,-0.45,-0.3,2,0.2,0.2,0.15,20,55.35,2605,2527,70,2457,0,449,648,0,1360,0,3,75,27,2632,1360,1097,2632,610944.4,6444.86,97,132,147,2081,0,0,0,0,0,449,2008,0
34548,5,-0.08,-0.03,-0.45,-0.3,2,0.2,0.2,0.15,20,58.55,2603,2525,69,2456,551,0,1018,0,887,0,3,75,29,2632,1438,1018,2632,785456.89,8155.74,94,150,175,2037,0,0,0,0,551,0,1905,0
34549,5,-0.08,-0.03,-0.45,-0.3,2,0.2,0.2,0.15,30,56.34,2607,2529,124,2405,777,622,428,0,578,0,3,75,25,2632,1355,1050,2632,736505.91,7738.07,191,281,318,196,257,1162,0,0,777,622,1006,0
34550,5,-0.08,-0.03,-0.45,-0.3,2,0.2,0.2,0.15,30,54.34,2605,2527,142,2385,0,635,454,0,1296,0,3,75,27,2632,1296,1089,2632,630803.62,6741.51,97,132,147,73,124,1812,0,0,0,635,1750,0
34551,5,-0.08,-0.03,-0.45,-0.3,2,0.2,0.2,0.15,30,61.95,2601,2523,134,2389,811,0,909,0,669,0,3,75,31,2632,1480,909,2632,1086953.07,11312.63,94,150,175,132,154,1684,0,0,811,0,1578,0
34552,5,-0.08,-0.03,-0.45,-0.3,2,0.2,0.2,0.15,40,55.26,2607,2529,133,2396,886,741,245,86,185,253,3,75,25,2632,1324,1072,2632,745306.38,7845.29,191,281,318,196,257,156,155,842,886,741,430,339
34553,5,-0.08,-0.03,-0.45,-0.3,2,0.2,0.2,0.15,40,52.59,2605,2527,154,2373,0,766,269,90,473,775,3,75,27,2632,1248,1125,2632,672340.05,7089.5,97,132,147,73,124,62,116,1622,0,766,742,865
34554,5,-0.08,-0.03,-0.45,-0.3,2,0.2,0.2,0.15,40,63.08,2601,2523,145,2378,944,0,636,242,210,346,3,75,31,2632,1500,878,2632,1254012.9,13055.92,94,150,175,132,154,106,101,1466,944,0,846,588
34555,5,-0.08,-0.03,-0.45,-0.3,2,0.2,0.2,0.15,50,54.59,2607,2529,133,2396,893,760,0,328,0,415,3,75,25,2632,1308,1088,2632,708518.43,7482.95,191,281,318,196,257,156,155,842,893,760,0,743
34556,5,-0.08,-0.03,-0.45,-0.3,2,0.2,0.2,0.15,50,51.37,2605,2527,154,2373,0,788,0,366,0,1219,3,75,27,2632,1219,1154,2632,606730.85,6416.1,97,132,147,73,124,62,116,1622,0,788,0,1585
34557,5,-0.08,-0.03,-0.45,-0.3,2,0.2,0.2,0.15,50,62.57,2601,2523,145,2378,951,0,0,890,0,537,3,75,31,2632,1488,890,2632,1202513.46,12538.59,94,150,175,132,154,106,101,1466,951,0,0,1427
34558,5,-0.08,-0.03,-0.45,-0.3,2,0.2,0.2,0.15,60,54.59,2607,2529,133,2396,893,760,0,328,0,415,3,75,25,2632,1308,1088,2632,708518.43,7482.95,191,281,318,196,257,156,155,842,893,760,0,743
34559,5,-0.08,-0.03,-0.45,-0.3,2,0.2,0.2,0.15,60,51.37,2605,2527,154,2373,0,788,0,366,0,1219,3,75,27,2632,1219,1154,2632,606730.85,6416.1,97,132,147,73,124,62,116,1622,0,788,0,1585
34560,5,-0.08,-0.03,-0.45,-0.3,2,0.2,0.2,0.15,60,62.57,2601,2523,145,2378,951,0,0,890,0,537,3,75,31,2632,1488,890,2632,1202513.46,12538.59,94,150,175,132,154,106,101,1466,951,0,0,1427
34561,5,-0.08,-0.03,-0.45,-0.25,1,0.1,0.1,0.15,20,60.99,3510,3412,77,3335,1661,579,722,0,373,0,3,95,33,3543,2034,1301,3543,497958.85,5215.23,922,610,452,1351,0,0,0,0,1661,579,1095,0
34562,5,-0.08,-0.03,-0.45,-0.25,1,0.1,0.1,0.15,20,53.02,3507,3409,97,3312,0,651,905,0,1756,0,3,95,36,3543,1756,1556,3543,536734.91,5685.09,144,171,228,2769,0,0,0,0,0,651,2661,0
34563,5,-0.08,-0.03,-0.45,-0.25,1,0.1,0.1,0.15,20,63.36,3504,3406,79,3327,1700,0,1219,0,408,0,3,95,39,3543,2108,1219,3543,664733.7,6901.0,778,461,272,1816,0,0,0,0,1700,0,1627,0
34564,5,-0.08,-0.03,-0.45,-0.25,1,0.1,0.1,0.15,30,63.63,3510,3412,129,3283,1911,754,440,0,178,0,3,95,33,3543,2089,1194,3543,553613.88,5862.61,922,610,452,256,256,787,0,0,1911,754,618,0
34565,5,-0.08,-0.03,-0.45,-0.25,1,0.1,0.1,0.15,30,51.09,3507,3409,197,3212,0,905,666,0,1641,0,3,95,36,3543,1641,1571,3543,490121.87,5340.09,144,171,228,108,180,2381,0,0,0,905,2307,0
34566,5,-0.08,-0.03,-0.45,-0.25,1,0.1,0.1,0.15,30,68.59,3501,3403,140,3263,2010,0,1025,0,228,0,3,95,42,3543,2238,1025,3543,934470.09,9735.22,778,461,272,189,169,1394,0,0,2010,0,1253,0
34567,5,-0.08,-0.03,-0.45,-0.25,1,0.1,0.1,0.15,40,64.52,3510,3412,134,3278,1999,869,214,80,75,41,3,95,33,3543,2115,1163,3543,531819.55,5621.0,922,610,452,256,256,169,119,494,1999,869,289,121
34568,5,-0.08,-0.03,-0.45,-0.25,1,0.1,0.1,0.15,40,49.73,3507,3409,212,3197,0,1077,394,136,628,962,3,95,36,3543,1590,1607,3543,513300.76,5478.37,144,171,228,108,180,74,154,2138,0,1077,1022,1098
34569,5,-0.08,-0.03,-0.45,-0.25,1,0.1,0.1,0.15,40,71.59,3501,3403,147,3256,2154,0,639,286,88,89,3,95,42,3543,2331,925,3543,1061207.31,11011.56,778,461,272,189,169,141,85,1161,2154,0,727,375
34570,5,-0.08,-0.03,-0.45,-0.25,1,0.1,0.1,0.15,50,64.34,3510,3412,134,3278,2001,884,0,285,0,108,3,95,33,3543,2109,1169,3543,510810.0,5422.15,922,610,452,256,256,169,119,494,2001,884,0,393
34571,5,-0.08,-0.03,-0.45,-0.25,1,0.1,0.1,0.15,50,48.7,3507,3409,212,3197,0,1109,0,531,0,1557,3,95,36,3543,1557,1640,3543,432581.88,4648.78,144,171,228,108,180,74,154,2138,0,1109,0,2088
34572,5,-0.08,-0.03,-0.45,-0.25,1,0.1,0.1,0.15,50,71.47,3501,3403,147,3256,2157,0,0,929,0,170,3,95,42,3543,2327,929,3543,1027355.72,10677.61,778,461,272,189,169,141,85,1161,2157,0,0,1099
34573,5,-0.08,-0.03,-0.45,-0.25,1,0.1,0.1,0.15,60,64.34,3510,3412,134,3278,2001,884,0,285,0,108,3,95,33,3543,2109,1169,3543,510810.0,5422.15,922,610,452,256,256,169,119,494,2001,884,0,393
34574,5,-0.08,-0.03,-0.45,-0.25,1,0.1,0.1,0.15,60,48.7,3507,3409,212,3197,0,1109,0,531,0,1557,3,95,36,3543,1557,1640,3543,432581.88,4648.78,144,171,228,108,180,74,154,2138,0,1109,0,2088
34575,5,-0.08,-0.03,-0.45,-0.25,1,0.1,0.1,0.15,60,71.47,3501,3403,147,3256,2157,0,0,929,0,170,3,95,42,3543,2327,929,3543,1027355.72,10677.61,778,461,272,189,169,141,85,1161,2157,0,0,1099
34576,5,-0.08,-0.03,-0.45,-0.25,1,0.1,0.2,0.15,20,53.86,3509,3411,91,3320,660,643,889,0,1128,0,3,95,34,3543,1788,1532,3543,626817.34,6551.03,260,357,430,2273,0,0,0,0,660,643,2017,0
34577,5,-0.08,-0.03,-0.45,-0.25,1,0.1,0.2,0.15,20,53.02,3507,3409,97,3312,0,651,905,0,1756,0,3,95,36,3543,1756,1556,3543,536734.91,5685.09,144,171,228,2769,0,0,0,0,0,651,2661,0
34578,5,-0.08,-0.03,-0.45,-0.25,1,0.1,0.2,0.15,20,55.95,3503,3405,93,3312,669,0,1459,0,1184,0,3,95,40,3543,1853,1459,3543,771993.86,7996.44,116,187,208,2801,0,0,0,0,669,0,2643,0
34579,5,-0.08,-0.03,-0.45,-0.25,1,0.1,0.2,0.15,30,53.18,3509,3411,173,3238,943,885,631,0,779,0,3,95,34,3543,1722,1516,3543,699087.9,7391.88,260,357,430,256,337,1598,0,0,943,885,1410,0
34580,5,-0.08,-0.03,-0.45,-0.25,1,0.1,0.2,0.15,30,51.09,3507,3409,197,3212,0,905,666,0,1641,0,3,95,36,3543,1641,1571,3543,490121.87,5340.09,144,171,228,108,180,2381,0,0,0,905,2307,0
34581,5,-0.08,-0.03,-0.45,-0.25,1,0.1,0.2,0.15,30,58.33,3498,3400,184,3216,981,0,1340,0,895,0,3,95,45,3543,1876,1340,3543,1099850.72,11457.25,116,187,208,158,184,2363,0,0,981,0,2235,0
34582,5,-0.08,-0.03,-0.45,-0.25,1,0.1,0.2,0.15,40,52.62,3509,3411,184,3227,1083,1042,356,131,279,336,3,95,34,3543,1698,1529,3543,715226.55,7560.43,260,357,430,256,337,188,205,1194,1083,1042,635,467
34583,5,-0.08,-0.03,-0.45,-0.25,1,0.1,0.2,0.15,40,49.73,3507,3409,212,3197,0,1077,394,136,628,962,3,95,36,3543,1590,1607,3543,513300.76,5478.37,144,171,228,108,180,74,154,2138,0,1077,1022,1098
34584,5,-0.08,-0.03,-0.45,-0.25,1,0.1,0.2,0.15,40,60.1,3498,3400,197,3203,1155,0,920,358,313,457,3,95,45,3543,1925,1278,3543,1327215.27,13807.13,116,187,208,158,184,128,135,2087,1155,0,1233,815
34585,5,-0.08,-0.03,-0.45,-0.25,1,0.1,0.2,0.15,50,52.06,3509,3411,184,3227,1090,1069,0,478,0,590,3,95,34,3543,1680,1547,3543,667947.45,7089.92,260,357,430,256,337,188,205,1194,1090,1069,0,1068
34586,5,-0.08,-0.03,-0.45,-0.25,1,0.1,0.2,0.15,50,48.7,3507,3409,212,3197,0,1109,0,531,0,1557,3,95,36,3543,1557,1640,3543,432581.88,4648.78,144,171,228,108,180,74,154,2138,0,1109,0,2088
34587,5,-0.08,-0.03,-0.45,-0.25,1,0.1,0.2,0.15,50,59.66,3498,3400,197,3203,1163,0,0,1292,0,748,3,95,45,3543,1911,1292,3543,1267610.01,13208.55,116,187,208,158,184,128,135,2087,1163,0,0,2040
34588,5,-0.08,-0.03,-0.45,-0.25,1,0.1,0.2,0.15,60,52.06,3509,3411,184,3227,1090,1069,0,478,0,590,3,95,34,3543,1680,1547,3543,667947.45,7089.92,260,357,430,256,337,188,205,1194,1090,1069,0,1068
34589,5,-0.08,-0.03,-0.45,-0.25,1,0.1,0.2,0.15,60,48.7,3507,3409,212,3197,0,1109,0,531,0,1557,3,95,36,3543,1557,1640,3543,432581.88,4648.78,144,171,228,108,180,74,154,2138,0,1109,0,2088
34590,5,-0.08,-0.03,-0.45,-0.25,1,0.1,0.2,0.15,60,59.66,3498,3400,197,3203,1163,0,0,1292,0,748,3,95,45,3543,1911,1292,3543,1267610.01,13208.55,116,187,208,158,184,128,135,2087,1163,0,0,2040
34591,5,-0.08,-0.03,-0.45,-0.25,1,0.2,0.1,0.15,20,60.99,3510,3412,77,3335,1661,579,722,0,373,0,3,95,33,3543,2034,1301,3543,497958.85,5215.23,922,610,452,1351,0,0,0,0,1661,579,1095,0
34592,5,-0.08,-0.03,-0.45,-0.25,1,0.2,0.1,0.15,20,53.02,3507,3409,97,3312,0,651,905,0,1756,0,3,95,36,3543,1756,1556,3543,536734.91,5685.09,144,171,228,2769,0,0,0,0,0,651,2661,0
34593,5,-0.08,-0.03,-0.45,-0.25,1,0.2,0.1,0.15,20,63.36,3504,3406,79,3327,1700,0,1219,0,408,0,3,95,39,3543,2108,1219,3543,664733.7,6901.0,778,461,272,1816,0,0,0,0,1700,0,1627,0
34594,5,-0.08,-0.03,-0.45,-0.25,1,0.2,0.1,0.15,30,63.63,3510,3412,129,3283,1911,754,440,0,178,0,3,95,33,3543,2089,1194,3543,553613.88,5862.61,922,610,452,256,256,787,0,0,1911,754,618,0
34595,5,-0.08,-0.03,-0.45,-0.25,1,0.2,0.1,0.15,30,51.09,3507,3409,197,3212,0,905,666,0,1641,0,3,95,36,3543,1641,1571,3543,490121.87,5340.09,144,171,228,108,180,2381,0,0,0,905,2307,0
34596,5,-0.08,-0.03,-0.45,-0.25,1,0.2,0.1,0.15,30,68.59,3501,3403,140,3263,2010,0,1025,0,228,0,3,95,42,3543,2238,1025,3543,934470.09,9735.22,778,461,272,189,169,1394,0,0,2010,0,1253,0
34597,5,-0.08,-0.03,-0.45,-0.25,1,0.2,0.1,0.15,40,64.52,3510,3412,134,3278,1999,869,214,80,75,41,3,95,33,3543,2115,1163,3543,531819.55,5621.0,922,610,452,256,256,169,119,494,1999,869,289,121
34598,5,-0.08,-0.03,-0.45,-0.25,1,0.2,0.1,0.15,40,49.73,3507,3409,212,3197,0,1077,394,136,628,962,3,95,36,3543,1590,1607,3543,513300.76,5478.37,144,171,228,108,180,74,154,2138,0,1077,1022,1098
34599,5,-0.08,-0.03,-0.45,-0.25,1,0.2,0.1,0.15,40,71.59,3501,3403,147,3256,2154,0,639,286,88,89,3,95,42,3543,2331,925,3543,1061207.31,11011.56,778,461,272,189,169,141,85,1161,2154,0,727,375
34600,5,-0.08,-0.03,-0.45,-0.25,1,0.2,0.1,0.15,50,64.34,3510,3412,134,3278,2001,884,0,285,0,108,3,95,33,3543,2109,1169,3543,510810.0,5422.15,922,610,452,256,256,169,119,494,2001,884,0,393
34601,5,-0.08,-0.03,-0.45,-0.25,1,0.2,0.1,0.15,50,48.7,3507,3409,212,3197,0,1109,0,531,0,1557,3,95,36,3543,1557,1640,3543,432581.88,4648.78,144,171,228,108,180,74,154,2138,0,1109,0,2088
34602,5,-0.08,-0.03,-0.45,-0.25,1,0.2,0.1,0.15,50,71.47,3501,3403,147,3256,2157,0,0,929,0,170,3,95,42,3543,2327,929,3543,1027355.72,10677.61,778,461,272,189,169,141,85,1161,2157,0,0,1099
34603,5,-0.08,-0.03,-0.45,-0.25,1,0.2,0.1,0.15,60,64.34,3510,3412,134,3278,2001,884,0,285,0,108,3,95,33,3543,2109,1169,3543,510810.0,5422.15,922,610,452,256,256,169,119,494,2001,884,0,393
34604,5,-0.08,-0.03,-0.45,-0.25,1,0.2,0.1,0.15,60,48.7,3507,3409,212,3197,0,1109,0,531,0,1557,3,95,36,3543,1557,1640,3543,432581.88,4648.78,144,171,228,108,180,74,154,2138,0,1109,0,2088
34605,5,-0.08,-0.03,-0.45,-0.25,1,0.2,0.1,0.15,60,71.47,3501,3403,147,3256,2157,0,0,929,0,170,3,95,42,3543,2327,929,3543,1027355.72,10677.61,778,461,272,189,169,141,85,1161,2157,0,0,1099
34606,5,-0.08,-0.03,-0.45,-0.25,1,0.2,0.2,0.15,20,53.86,3509,3411,91,3320,660,643,889,0,1128,0,3,95,34,3543,1788,1532,3543,626817.34,6551.03,260,357,430,2273,0,0,0,0,660,643,2017,0
34607,5,-0.08,-0.03,-0.45,-0.25,1,0.2,0.2,0.15,20,53.02,3507,3409,97,3312,0,651,905,0,1756,0,3,95,36,3543,1756,1556,3543,536734.91,5685.09,144,171,228,2769,0,0,0,0,0,651,2661,0
34608,5,-0.08,-0.03,-0.45,-0.25,1,0.2,0.2,0.15,20,55.95,3503,3405,93,3312,669,0,1459,0,1184,0,3,95,40,3543,1853,1459,3543,771993.86,7996.44,116,187,208,2801,0,0,0,0,669,0,2643,0
34609,5,-0.08,-0.03,-0.45,-0.25,1,0.2,0.2,0.15,30,53.18,3509,3411,173,3238,943,885,631,0,779,0,3,95,34,3543,1722,1516,3543,699087.9,7391.88,260,357,430,256,337,1598,0,0,943,885,1410,0
34610,5,-0.08,-0.03,-0.45,-0.25,1,0.2,0.2,0.15,30,51.09,3507,3409,197,3212,0,905,666,0,1641,0,3,95,36,3543,1641,1571,3543,490121.87,5340.09,144,171,228,108,180,2381,0,0,0,905,2307,0
34611,5,-0.08,-0.03,-0.45,-0.25,1,0.2,0.2,0.15,30,58.33,3498,3400,184,3216,981,0,1340,0,895,0,3,95,45,3543,1876,1340,3543,1099850.72,11457.25,116,187,208,158,184,2363,0,0,981,0,2235,0
34612,5,-0.08,-0.03,-0.45,-0.25,1,0.2,0.2,0.15,40,52.62,3509,3411,184,3227,1083,1042,356,131,279,336,3,95,34,3543,1698,1529,3543,715226.55,7560.43,260,357,430,256,337,188,205,1194,1083,1042,635,467
34613,5,-0.08,-0.03,-0.45,-0.25,1,0.2,0.2,0.15,40,49.73,3507,3409,212,3197,0,1077,394,136,628,962,3,95,36,3543,1590,1607,3543,513300.76,5478.37,144,171,228,108,180,74,154,2138,0,1077,1022,1098
34614,5,-0.08,-0.03,-0.45,-0.25,1,0.2,0.2,0.15,40,60.1,3498,3400,197,3203,1155,0,920,358,313,457,3,95,45,3543,1925,1278,3543,1327215.27,13807.13,116,187,208,158,184,128,135,2087,1155,0,1233,815
34615,5,-0.08,-0.03,-0.45,-0.25,1,0.2,0.2,0.15,50,52.06,3509,3411,184,3227,1090,1069,0,478,0,590,3,95,34,3543,1680,1547,3543,667947.45,7089.92,260,357,430,256,337,188,205,1194,1090,1069,0,1068
34616,5,-0.08,-0.03,-0.45,-0.25,1,0.2,0.2,0.15,50,48.7,3507,3409,212,3197,0,1109,0,531,0,1557,3,95,36,3543,1557,1640,3543,432581.88,4648.78,144,171,228,108,180,74,154,2138,0,1109,0,2088
34617,5,-0.08,-0.03,-0.45,-0.25,1,0.2,0.2,0.15,50,59.66,3498,3400,197,3203,1163,0,0,1292,0,748,3,95,45,3543,1911,1292,3543,1267610.01,13208.55,116,187,208,158,184,128,135,2087,1163,0,0,2040
34618,5,-0.08,-0.03,-0.45,-0.25,1,0.2,0.2,0.15,60,52.06,3509,3411,184,3227,1090,1069,0,478,0,590,3,95,34,3543,1680,1547,3543,667947.45,7089.92,260,357,430,256,337,188,205,1194,1090,1069,0,1068
34619,5,-0.08,-0.03,-0.45,-0.25,1,0.2,0.2,0.15,60,48.7,3507,3409,212,3197,0,1109,0,531,0,1557,3,95,36,3543,1557,1640,3543,432581.88,4648.78,144,171,228,108,180,74,154,2138,0,1109,0,2088
34620,5,-0.08,-0.03,-0.45,-0.25,1,0.2,0.2,0.15,60,59.66,3498,3400,197,3203,1163,0,0,1292,0,748,3,95,45,3543,1911,1292,3543,1267610.01,13208.55,116,187,208,158,184,128,135,2087,1163,0,0,2040
34621,5,-0.08,-0.03,-0.45,-0.25,2,0.1,0.1,0.15,20,65.4,3510,3412,77,3335,1790,565,589,0,391,0,3,95,33,3543,2181,1154,3543,753705.99,10555.01,955,659,481,1240,0,0,0,0,1790,565,980,0
34622,5,-0.08,-0.03,-0.45,-0.25,2,0.1,0.1,0.15,20,57.52,3507,3409,97,3312,0,651,756,0,1905,0,3,95,36,3543,1905,1407,3543,827084.02,11712.42,144,171,228,2769,0,0,0,0,0,651,2661,0
34623,5,-0.08,-0.03,-0.45,-0.25,2,0.1,0.1,0.15,20,69.64,3504,3406,79,3327,1872,0,1010,0,445,0,3,95,39,3543,2317,1010,3543,1062757.54,12791.07,814,522,327,1664,0,0,0,0,1872,0,1455,0
34624,5,-0.08,-0.03,-0.45,-0.25,2,0.1,0.1,0.15,30,67.94,3510,3412,128,3284,2036,726,327,0,195,0,3,95,33,3543,2231,1053,3543,817513.56,11613.73,955,659,481,260,267,662,0,0,2036,726,522,0
34625,5,-0.08,-0.03,-0.45,-0.25,2,0.1,0.1,0.15,30,54.89,3507,3409,197,3212,0,905,544,0,1763,0,3,95,36,3543,1763,1449,3543,918502.88,12612.55,144,171,228,108,180,2381,0,0,0,905,2307,0
34626,5,-0.08,-0.03,-0.45,-0.25,2,0.1,0.1,0.15,30,75.83,3501,3403,139,3264,2205,0,789,0,270,0,3,95,42,3543,2475,789,3543,1528550.77,15990.87,814,522,327,209,206,1186,0,0,2205,0,1059,0
34627,5,-0.08,-0.03,-0.45,-0.25,2,0.1,0.1,0.15,40,68.5,3510,3412,133,3279,2119,825,164,44,90,37,3,95,33,3543,2246,1033,3543,781642.37,11744.61,955,659,481,260,267,140,104,413,2119,825,254,81
34628,5,-0.08,-0.03,-0.45,-0.25,2,0.1,0.1,0.15,40,53.17,3507,3409,212,3197,0,1077,330,90,692,1008,3,95,36,3543,1700,1497,3543,979639.3,13558.82,144,171,228,108,180,74,154,2138,0,1077,1022,1098
34629,5,-0.08,-0.03,-0.45,-0.25,2,0.1,0.1,0.15,40,79.15,3501,3403,146,3257,2373,0,509,170,115,90,3,95,42,3543,2578,679,3543,1752916.53,17466.69,814,522,327,209,206,127,102,950,2373,0,624,260
34630,5,-0.08,-0.03,-0.45,-0.25,2,0.1,0.1,0.15,50,68.13,3510,3412,133,3279,2125,839,0,206,0,109,3,95,33,3543,2234,1045,3543,751477.92,11601.2,955,659,481,260,267,140,104,413,2125,839,0,315
34631,5,-0.08,-0.03,-0.45,-0.25,2,0.1,0.1,0.15,50,51.83,3507,3409,212,3197,0,1109,0,431,0,1657,3,95,36,3543,1657,1540,3543,865880.19,12787.07,144,171,228,108,180,74,154,2138,0,1109,0,2088
34632,5,-0.08,-0.03,-0.45,-0.25,2,0.1,0.1,0.15,50,79.09,3501,3403,146,3257,2381,0,0,681,0,195,3,95,42,3543,2576,681,3543,1699018.86,17197.33,814,522,327,209,206,127,102,950,2381,0,0,876
34633,5,-0.08,-0.03,-0.45,-0.25,2,0.1,0.1,0.15,60,68.13,3510,3412,133,3279,2125,839,0,206,0,109,3,95,33,3543,2234,1045,3543,751477.92,11601.2,955,659,481,260,267,140,104,413,2125,839,0,315
34634,5,-0.08,-0.03,-0.45,-0.25,2,0.1,0.1,0.15,60,51.83,3507,3409,212,3197,0,1109,0,431,0,1657,3,95,36,3543,1657,1540,3543,865880.19,12787.07,144,171,228,108,180,74,154,2138,0,1109,0,2088
34635,5,-0.08,-0.03,-0.45,-0.25,2,0.1,0.1,0.15,60,79.09,3501,3403,146,3257,2381,0,0,681,0,195,3,95,42,3543,2576,681,3543,1699018.86,17197.33,814,522,327,209,206,127,102,950,2381,0,0,876
34636,5,-0.08,-0.03,-0.45,-0.25,2,0.1,0.2,0.15,20,58.25,3509,3411,91,3320,715,643,743,0,1219,0,3,95,34,3543,1934,1386,3543,930695.91,12567.52,263,365,449,2243,0,0,0,0,715,643,1962,0
34637,5,-0.08,-0.03,-0.45,-0.25,2,0.1,0.2,0.15,20,57.52,3507,3409,97,3312,0,651,756,0,1905,0,3,95,36,3543,1905,1407,3543,827084.02,11712.42,144,171,228,2769,0,0,0,0,0,651,2661,0
34638,5,-0.08,-0.03,-0.45,-0.25,2,0.1,0.2,0.15,20,62.35,3503,3405,93,3312,738,0,1247,0,1327,0,3,95,40,3543,2065,1247,3543,1178747.77,14581.42,119,199,231,2763,0,0,0,0,738,0,2574,0
34639,5,-0.08,-0.03,-0.45,-0.25,2,0.1,0.2,0.15,30,56.78,3509,3411,172,3239,1027,884,516,0,812,0,3,95,34,3543,1839,1400,3543,1097280.91,14356.32,263,365,449,281,356,1525,0,0,1027,884,1328,0
34640,5,-0.08,-0.03,-0.45,-0.25,2,0.1,0.2,0.15,30,54.89,3507,3409,197,3212,0,905,544,0,1763,0,3,95,36,3543,1763,1449,3543,918502.88,12612.55,144,171,228,108,180,2381,0,0,0,905,2307,0
34641,5,-0.08,-0.03,-0.45,-0.25,2,0.1,0.2,0.15,30,64.91,3498,3400,183,3217,1103,0,1129,0,985,0,3,95,45,3543,2088,1129,3543,1848780.76,19158.07,119,199,231,189,213,2266,0,0,1103,0,2114,0
34642,5,-0.08,-0.03,-0.45,-0.25,2,0.1,0.2,0.15,40,56.01,3509,3411,183,3228,1185,1038,295,87,309,314,3,95,34,3543,1808,1420,3543,1124669.96,15122.28,263,365,449,281,356,197,203,1114,1185,1038,604,401
34643,5,-0.08,-0.03,-0.45,-0.25,2,0.1,0.2,0.15,40,53.17,3507,3409,212,3197,0,1077,330,90,692,1008,3,95,36,3543,1700,1497,3543,979639.3,13558.82,144,171,228,108,180,74,154,2138,0,1077,1022,1098
34644,5,-0.08,-0.03,-0.45,-0.25,2,0.1,0.2,0.15,40,67.42,3498,3400,196,3204,1318,0,801,243,384,458,3,95,45,3543,2160,1044,3543,2300453.4,22134.49,119,199,231,189,213,152,148,1953,1318,0,1185,701
34645,5,-0.08,-0.03,-0.45,-0.25,2,0.1,0.2,0.15,50,55.3,3509,3411,183,3228,1191,1064,0,379,0,594,3,95,34,3543,1785,1443,3543,1058692.04,14735.96,263,365,449,281,356,197,203,1114,1191,1064,0,973
34646,5,-0.08,-0.03,-0.45,-0.25,2,0.1,0.2,0.15,50,51.83,3507,3409,212,3197,0,1109,0,431,0,1657,3,95,36,3543,1657,1540,3543,865880.19,12787.07,144,171,228,108,180,74,154,2138,0,1109,0,2088
34647,5,-0.08,-0.03,-0.45,-0.25,2,0.1,0.2,0.15,50,67.23,3498,3400,196,3204,1325,0,0,1050,0,829,3,95,45,3543,2154,1050,3543,2208898.42,21614.08,119,199,231,189,213,152,148,1953,1325,0,0,1879
34648,5,-0.08,-0.03,-0.45,-0.25,2,0.1,0.2,0.15,60,55.3,3509,3411,183,3228,1191,1064,0,379,0,594,3,95,34,3543,1785,1443,3543,1058692.04,14735.96,263,365,449,281,356,197,203,1114,1191,1064,0,973
34649,5,-0.08,-0.03,-0.45,-0.25,2,0.1,0.2,0.15,60,51.83,3507,3409,212,3197,0,1109,0,431,0,1657,3,95,36,3543,1657,1540,3543,865880.19,12787.07,144,171,228,108,180,74,154,2138,0,1109,0,2088
34650,5,-0.08,-0.03,-0.45,-0.25,2,0.1,0.2,0.15,60,67.23,3498,3400,196,3204,1325,0,0,1050,0,829,3,95,45,3543,2154,1050,3543,2208898.42,21614.08,119,199,231,189,213,152,148,1953,1325,0,0,1879
34651,5,-0.08,-0.03,-0.45,-0.25,2,0.2,0.1,0.15,20,60.99,3510,3412,77,3335,1661,579,722,0,373,0,3,95,33,3543,2034,1301,3543,497958.85,5215.23,922,610,452,1351,0,0,0,0,1661,579,1095,0
34652,5,-0.08,-0.03,-0.45,-0.25,2,0.2,0.1,0.15,20,53.02,3507,3409,97,3312,0,651,905,0,1756,0,3,95,36,3543,1756,1556,3543,536734.91,5685.09,144,171,228,2769,0,0,0,0,0,651,2661,0
34653,5,-0.08,-0.03,-0.45,-0.25,2,0.2,0.1,0.15,20,63.36,3504,3406,79,3327,1700,0,1219,0,408,0,3,95,39,3543,2108,1219,3543,664733.7,6901.0,778,461,272,1816,0,0,0,0,1700,0,1627,0
34654,5,-0.08,-0.03,-0.45,-0.25,2,0.2,0.1,0.15,30,63.63,3510,3412,129,3283,1911,754,440,0,178,0,3,95,33,3543,2089,1194,3543,553613.88,5862.61,922,610,452,256,256,787,0,0,1911,754,618,0
34655,5,-0.08,-0.03,-0.45,-0.25,2,0.2,0.1,0.15,30,51.09,3507,3409,197,3212,0,905,666,0,1641,0,3,95,36,3543,1641,1571,3543,490121.87,5340.09,144,171,228,108,180,2381,0,0,0,905,2307,0
34656,5,-0.08,-0.03,-0.45,-0.25,2,0.2,0.1,0.15,30,68.59,3501,3403,140,3263,2010,0,1025,0,228,0,3,95,42,3543,2238,1025,3543,934470.09,9735.22,778,461,272,189,169,1394,0,0,2010,0,1253,0
34657,5,-0.08,-0.03,-0.45,-0.25,2,0.2,0.1,0.15,40,64.52,3510,3412,134,3278,1999,869,214,80,75,41,3,95,33,3543,2115,1163,3543,531819.55,5621.0,922,610,452,256,256,169,119,494,1999,869,289,121
34658,5,-0.08,-0.03,-0.45,-0.25,2,0.2,0.1,0.15,40,49.73,3507,3409,212,3197,0,1077,394,136,628,962,3,95,36,3543,1590,1607,3543,513300.76,5478.37,144,171,228,108,180,74,154,2138,0,1077,1022,1098
34659,5,-0.08,-0.03,-0.45,-0.25,2,0.2,0.1,0.15,40,71.59,3501,3403,147,3256,2154,0,639,286,88,89,3,95,42,3543,2331,925,3543,1061207.31,11011.56,778,461,272,189,169,141,85,1161,2154,0,727,375
34660,5,-0.08,-0.03,-0.45,-0.25,2,0.2,0.1,0.15,50,64.34,3510,3412,134,3278,2001,884,0,285,0,108,3,95,33,3543,2109,1169,3543,510810.0,5422.15,922,610,452,256,256,169,119,494,2001,884,0,393
34661,5,-0.08,-0.03,-0.45,-0.25,2,0.2,0.1,0.15,50,48.7,3507,3409,212,3197,0,1109,0,531,0,1557,3,95,36,3543,1557,1640,3543,432581.88,4648.78,144,171,228,108,180,74,154,2138,0,1109,0,2088
34662,5,-0.08,-0.03,-0.45,-0.25,2,0.2,0.1,0.15,50,71.47,3501,3403,147,3256,2157,0,0,929,0,170,3,95,42,3543,2327,929,3543,1027355.72,10677.61,778,461,272,189,169,141,85,1161,2157,0,0,1099
34663,5,-0.08,-0.03,-0.45,-0.25,2,0.2,0.1,0.15,60,64.34,3510,3412,134,3278,2001,884,0,285,0,108,3,95,33,3543,2109,1169,3543,510810.0,5422.15,922,610,452,256,256,169,119,494,2001,884,0,393
34664,5,-0.08,-0.03,-0.45,-0.25,2,0.2,0.1,0.15,60,48.7,3507,3409,212,3197,0,1109,0,531,0,1557,3,95,36,3543,1557,1640,3543,432581.88,4648.78,144,171,228,108,180,74,154,2138,0,1109,0,2088
34665,5,-0.08,-0.03,-0.45,-0.25,2,0.2,0.1,0.15,60,71.47,3501,3403,147,3256,2157,0,0,929,0,170,3,95,42,3543,2327,929,3543,1027355.72,10677.61,778,461,272,189,169,141,85,1161,2157,0,0,1099
34666,5,-0.08,-0.03,-0.45,-0.25,2,0.2,0.2,0.15,20,53.86,3509,3411,91,3320,660,643,889,0,1128,0,3,95,34,3543,1788,1532,3543,626817.34,6551.03,260,357,430,2273,0,0,0,0,660,643,2017,0
34667,5,-0.08,-0.03,-0.45,-0.25,2,0.2,0.2,0.15,20,53.02,3507,3409,97,3312,0,651,905,0,1756,0,3,95,36,3543,1756,1556,3543,536734.91,5685.09,144,171,228,2769,0,0,0,0,0,651,2661,0
34668,5,-0.08,-0.03,-0.45,-0.25,2,0.2,0.2,0.15,20,55.95,3503,3405,93,3312,669,0,1459,0,1184,0,3,95,40,3543,1853,1459,3543,771993.86,7996.44,116,187,208,2801,0,0,0,0,669,0,2643,0
34669,5,-0.08,-0.03,-0.45,-0.25,2,0.2,0.2,0.15,30,53.18,3509,3411,173,3238,943,885,631,0,779,0,3,95,34,3543,1722,1516,3543,699087.9,7391.88,260,357,430,256,337,1598,0,0,943,885,1410,0
34670,5,-0.08,-0.03,-0.45,-0.25,2,0.2,0.2,0.15,30,51.09,3507,3409,197,3212,0,905,666,0,1641,0,3,95,36,3543,1641,1571,3543,490121.87,5340.09,144,171,228,108,180,2381,0,0,0,905,2307,0
34671,5,-0.08,-0.03,-0.45,-0.25,2,0.2,0.2,0.15,30,58.33,3498,3400,184,3216,981,0,1340,0,895,0,3,95,45,3543,1876,1340,3543,1099850.72,11457.25,116,187,208,158,184,2363,0,0,981,0,2235,0
34672,5,-0.08,-0.03,-0.45,-0.25,2,0.2,0.2,0.15,40,52.62,3509,3411,184,3227,1083,1042,356,131,279,336,3,95,34,3543,1698,1529,3543,715226.55,7560.43,260,357,430,256,337,188,205,1194,1083,1042,635,467
34673,5,-0.08,-0.03,-0.45,-0.25,2,0.2,0.2,0.15,40,49.73,3507,3409,212,3197,0,1077,394,136,628,962,3,95,36,3543,1590,1607,3543,513300.76,5478.37,144,171,228,108,180,74,154,2138,0,1077,1022,1098
34674,5,-0.08,-0.03,-0.45,-0.25,2,0.2,0.2,0.15,40,60.1,3498,3400,197,3203,1155,0,920,358,313,457,3,95,45,3543,1925,1278,3543,1327215.27,13807.13,116,187,208,158,184,128,135,2087,1155,0,1233,815
34675,5,-0.08,-0.03,-0.45,-0.25,2,0.2,0.2,0.15,50,52.06,3509,3411,184,3227,1090,1069,0,478,0,590,3,95,34,3543,1680,1547,3543,667947.45,7089.92,260,357,430,256,337,188,205,1194,1090,1069,0,1068
34676,5,-0.08,-0.03,-0.45,-0.25,2,0.2,0.2,0.15,50,48.7,3507,3409,212,3197,0,1109,0,531,0,1557,3,95,36,3543,1557,1640,3543,432581.88,4648.78,144,171,228,108,180,74,154,2138,0,1109,0,2088
34677,5,-0.08,-0.03,-0.45,-0.25,2,0.2,0.2,0.15,50,59.66,3498,3400,197,3203,1163,0,0,1292,0,748,3,95,45,3543,1911,1292,3543,1267610.01,13208.55,116,187,208,158,184,128,135,2087,1163,0,0,2040
34678,5,-0.08,-0.03,-0.45,-0.25,2,0.2,0.2,0.15,60,52.06,3509,3411,184,3227,1090,1069,0,478,0,590,3,95,34,3543,1680,1547,3543,667947.45,7089.92,260,357,430,256,337,188,205,1194,1090,1069,0,1068
34679,5,-0.08,-0.03,-0.45,-0.25,2,0.2,0.2,0.15,60,48.7,3507,3409,212,3197,0,1109,0,531,0,1557,3,95,36,3543,1557,1640,3543,432581.88,4648.78,144,171,228,108,180,74,154,2138,0,1109,0,2088
34680,5,-0.08,-0.03,-0.45,-0.25,2,0.2,0.2,0.15,60,59.66,3498,3400,197,3203,1163,0,0,1292,0,748,3,95,45,3543,1911,1292,3543,1267610.01,13208.55,116,187,208,158,184,128,135,2087,1163,0,0,2040
34681,5,-0.08,-0.03,-0.4,-0.35,1,0.1,0.1,0.15,20,63.63,893,866,22,844,463,134,173,0,74,0,0,27,10,903,537,307,903,187751.77,1926.91,250,167,124,303,0,0,0,0,463,134,247,0
34682,5,-0.08,-0.03,-0.4,-0.35,1,0.1,0.1,0.15,20,54.35,892,865,26,839,0,152,231,0,456,0,0,27,11,903,456,383,903,203843.78,2125.99,35,48,40,716,0,0,0,0,0,152,687,0
34683,5,-0.08,-0.03,-0.4,-0.35,1,0.1,0.1,0.15,20,66.79,891,864,24,840,472,0,279,0,89,0,0,27,12,903,561,279,903,247178.27,2525.96,215,125,92,408,0,0,0,0,472,0,368,0
34684,5,-0.08,-0.03,-0.4,-0.35,1,0.1,0.1,0.15,30,68.07,893,866,36,830,529,177,88,0,36,0,0,27,10,903,565,265,903,217081.6,2240.17,250,167,124,56,58,175,0,0,529,177,124,0
34685,5,-0.08,-0.03,-0.4,-0.35,1,0.1,0.1,0.15,30,54.6,892,865,50,815,0,213,157,0,445,0,0,27,11,903,445,370,903,221157.35,2342.95,35,48,40,29,42,621,0,0,0,213,602,0
34686,5,-0.08,-0.03,-0.4,-0.35,1,0.1,0.1,0.15,30,73.63,891,864,41,823,554,0,217,0,52,0,0,27,12,903,606,217,903,339881.38,3487.64,215,125,92,40,38,313,0,0,554,0,269,0
34687,5,-0.08,-0.03,-0.4,-0.35,1,0.1,0.1,0.15,40,68.92,893,866,39,827,550,204,38,15,8,12,0,27,10,903,570,257,903,210297.14,2170.86,250,167,124,56,58,51,26,95,550,204,46,27
34688,5,-0.08,-0.03,-0.4,-0.35,1,0.1,0.1,0.15,40,52.72,892,865,55,810,0,261,93,29,162,265,0,27,11,903,427,383,903,212846.47,2200.02,35,48,40,29,42,19,38,559,0,261,255,294
34689,5,-0.08,-0.03,-0.4,-0.35,1,0.1,0.1,0.15,40,76.71,891,864,44,820,589,0,130,61,13,27,0,27,12,903,629,191,903,359067.49,3680.85,215,125,92,40,38,44,22,244,589,0,143,88
34690,5,-0.08,-0.03,-0.4,-0.35,1,0.1,0.1,0.15,50,68.44,893,866,39,827,550,207,0,54,0,16,0,27,10,903,566,261,903,206424.38,2128.57,250,167,124,56,58,51,26,95,550,207,0,70
34691,5,-0.08,-0.03,-0.4,-0.35,1,0.1,0.1,0.15,50,51.6,892,865,55,810,0,269,0,123,0,418,0,27,11,903,418,392,903,187124.65,1927.76,35,48,40,29,42,19,38,559,0,269,0,541
34692,5,-0.08,-0.03,-0.4,-0.35,1,0.1,0.1,0.15,50,76.46,891,864,44,820,590,0,0,193,0,37,0,27,12,903,627,193,903,354273.11,3630.23,215,125,92,40,38,44,22,244,590,0,0,230
34693,5,-0.08,-0.03,-0.4,-0.35,1,0.1,0.1,0.15,60,68.44,893,866,39,827,550,207,0,54,0,16,0,27,10,903,566,261,903,206424.38,2128.57,250,167,124,56,58,51,26,95,550,207,0,70
34694,5,-0.08,-0.03,-0.4,-0.35,1,0.1,0.1,0.15,60,51.6,892,865,55,810,0,269,0,123,0,418,0,27,11,903,418,392,903,187124.65,1927.76,35,48,40,29,42,19,38,559,0,269,0,541
34695,5,-0.08,-0.03,-0.4,-0.35,1,0.1,0.1,0.15,60,76.46,891,864,44,820,590,0,0,193,0,37,0,27,12,903,627,193,903,354273.11,3630.23,215,125,92,40,38,44,22,244,590,0,0,230
34696,5,-0.08,-0.03,-0.4,-0.35,1,0.1,0.2,0.15,20,55.46,893,866,24,842,186,150,225,0,281,0,0,27,10,903,467,375,903,221990.12,2280.26,61,99,104,578,0,0,0,0,186,150,506,0
34697,5,-0.08,-0.03,-0.4,-0.35,1,0.1,0.2,0.15,20,54.35,892,865,26,839,0,152,231,0,456,0,0,27,11,903,456,383,903,203843.78,2125.99,35,48,40,716,0,0,0,0,0,152,687,0
34698,5,-0.08,-0.03,-0.4,-0.35,1,0.1,0.2,0.15,20,58.11,891,864,26,838,187,0,351,0,300,0,0,27,12,903,487,351,903,279782.21,2862.88,26,51,64,697,0,0,0,0,187,0,651,0
34699,5,-0.08,-0.03,-0.4,-0.35,1,0.1,0.2,0.15,30,56.81,893,866,44,822,260,208,147,0,207,0,0,27,10,903,467,355,903,268082.51,2765.91,61,99,104,72,91,395,0,0,260,208,354,0
34700,5,-0.08,-0.03,-0.4,-0.35,1,0.1,0.2,0.15,30,54.6,892,865,50,815,0,213,157,0,445,0,0,27,11,903,445,370,903,221157.35,2342.95,35,48,40,29,42,621,0,0,0,213,602,0
34701,5,-0.08,-0.03,-0.4,-0.35,1,0.1,0.2,0.15,30,62.58,891,864,49,815,270,0,305,0,240,0,0,27,12,903,510,305,903,401234.14,4116.7,26,51,64,46,56,572,0,0,270,0,545,0
34702,5,-0.08,-0.03,-0.4,-0.35,1,0.1,0.2,0.15,40,55.99,893,866,48,818,296,249,82,29,65,97,0,27,10,903,458,360,903,264413.01,2743.58,61,99,104,72,91,41,49,301,296,249,147,126
34703,5,-0.08,-0.03,-0.4,-0.35,1,0.1,0.2,0.15,40,52.72,892,865,55,810,0,261,93,29,162,265,0,27,11,903,427,383,903,212846.47,2200.02,35,48,40,29,42,19,38,559,0,261,255,294
34704,5,-0.08,-0.03,-0.4,-0.35,1,0.1,0.2,0.15,40,63.63,891,864,53,811,314,0,214,81,75,127,0,27,12,903,516,295,903,436832.06,4492.9,26,51,64,46,56,27,37,504,314,0,289,208
34705,5,-0.08,-0.03,-0.4,-0.35,1,0.1,0.2,0.15,50,55.13,893,866,48,818,299,256,0,111,0,152,0,27,10,903,451,367,903,251027.8,2604.49,61,99,104,72,91,41,49,301,299,256,0,263
34706,5,-0.08,-0.03,-0.4,-0.35,1,0.1,0.2,0.15,50,51.6,892,865,55,810,0,269,0,123,0,418,0,27,11,903,418,392,903,187124.65,1927.76,35,48,40,29,42,19,38,559,0,269,0,541
34707,5,-0.08,-0.03,-0.4,-0.35,1,0.1,0.2,0.15,50,63.13,891,864,53,811,317,0,0,299,0,195,0,27,12,903,512,299,903,422099.34,4342.2,26,51,64,46,56,27,37,504,317,0,0,494
34708,5,-0.08,-0.03,-0.4,-0.35,1,0.1,0.2,0.15,60,55.13,893,866,48,818,299,256,0,111,0,152,0,27,10,903,451,367,903,251027.8,2604.49,61,99,104,72,91,41,49,301,299,256,0,263
34709,5,-0.08,-0.03,-0.4,-0.35,1,0.1,0.2,0.15,60,51.6,892,865,55,810,0,269,0,123,0,418,0,27,11,903,418,392,903,187124.65,1927.76,35,48,40,29,42,19,38,559,0,269,0,541
34710,5,-0.08,-0.03,-0.4,-0.35,1,0.1,0.2,0.15,60,63.13,891,864,53,811,317,0,0,299,0,195,0,27,12,903,512,299,903,422099.34,4342.2,26,51,64,46,56,27,37,504,317,0,0,494
34711,5,-0.08,-0.03,-0.4,-0.35,1,0.2,0.1,0.15,20,63.63,893,866,22,844,463,134,173,0,74,0,0,27,10,903,537,307,903,187751.77,1926.91,250,167,124,303,0,0,0,0,463,134,247,0
34712,5,-0.08,-0.03,-0.4,-0.35,1,0.2,0.1,0.15,20,54.35,892,865,26,839,0,152,231,0,456,0,0,27,11,903,456,383,903,203843.78,2125.99,35,48,40,716,0,0,0,0,0,152,687,0
34713,5,-0.08,-0.03,-0.4,-0.35,1,0.2,0.1,0.15,20,66.79,891,864,24,840,472,0,279,0,89,0,0,27,12,903,561,279,903,247178.27,2525.96,215,125,92,408,0,0,0,0,472,0,368,0
34714,5,-0.08,-0.03,-0.4,-0.35,1,0.2,0.1,0.15,30,68.07,893,866,36,830,529,177,88,0,36,0,0,27,10,903,565,265,903,217081.6,2240.17,250,167,124,56,58,175,0,0,529,177,124,0
34715,5,-0.08,-0.03,-0.4,-0.35,1,0.2,0.1,0.15,30,54.6,892,865,50,815,0,213,157,0,445,0,0,27,11,903,445,370,903,221157.35,2342.95,35,48,40,29,42,621,0,0,0,213,602,0
34716,5,-0.08,-0.03,-0.4,-0.35,1,0.2,0.1,0.15,30,73.63,891,864,41,823,554,0,217,0,52,0,0,27,12,903,606,217,903,339881.38,3487.64,215,125,92,40,38,313,0,0,554,0,269,0
34717,5,-0.08,-0.03,-0.4,-0.35,1,0.2,0.1,0.15,40,68.92,893,866,39,827,550,204,38,15,8,12,0,27,10,903,570,257,903,210297.14,2170.86,250,167,124,56,58,51,26,95,550,204,46,27
34718,5,-0.08,-0.03,-0.4,-0.35,1,0.2,0.1,0.15,40,52.72,892,865,55,810,0,261,93,29,162,265,0,27,11,903,427,383,903,212846.47,2200.02,35,48,40,29,42,19,38,559,0,261,255,294
34719,5,-0.08,-0.03,-0.4,-0.35,1,0.2,0.1,0.15,40,76.71,891,864,44,820,589,0,130,61,13,27,0,27,12,903,629,191,903,359067.49,3680.85,215,125,92,40,38,44,22,244,589,0,143,88
34720,5,-0.08,-0.03,-0.4,-0.35,1,0.2,0.1,0.15,50,68.44,893,866,39,827,550,207,0,54,0,16,0,27,10,903,566,261,903,206424.38,2128.57,250,167,124,56,58,51,26,95,550,207,0,70
34721,5,-0.08,-0.03,-0.4,-0.35,1,0.2,0.1,0.15,50,51.6,892,865,55,810,0,269,0,123,0,418,0,27,11,903,418,392,903,187124.65,1927.76,35,48,40,29,42,19,38,559,0,269,0,541
34722,5,-0.08,-0.03,-0.4,-0.35,1,0.2,0.1,0.15,50,76.46,891,864,44,820,590,0,0,193,0,37,0,27,12,903,627,193,903,354273.11,3630.23,215,125,92,40,38,44,22,244,590,0,0,230
34723,5,-0.08,-0.03,-0.4,-0.35,1,0.2,0.1,0.15,60,68.44,893,866,39,827,550,207,0,54,0,16,0,27,10,903,566,261,903,206424.38,2128.57,250,167,124,56,58,51,26,95,550,207,0,70
34724,5,-0.08,-0.03,-0.4,-0.35,1,0.2,0.1,0.15,60,51.6,892,865,55,810,0,269,0,123,0,418,0,27,11,903,418,392,903,187124.65,1927.76,35,48,40,29,42,19,38,559,0,269,0,541
34725,5,-0.08,-0.03,-0.4,-0.35,1,0.2,0.1,0.15,60,76.46,891,864,44,820,590,0,0,193,0,37,0,27,12,903,627,193,903,354273.11,3630.23,215,125,92,40,38,44,22,244,590,0,0,230
34726,5,-0.08,-0.03,-0.4,-0.35,1,0.2,0.2,0.15,20,55.46,893,866,24,842,186,150,225,0,281,0,0,27,10,903,467,375,903,221990.12,2280.26,61,99,104,578,0,0,0,0,186,150,506,0
34727,5,-0.08,-0.03,-0.4,-0.35,1,0.2,0.2,0.15,20,54.35,892,865,26,839,0,152,231,0,456,0,0,27,11,903,456,383,903,203843.78,2125.99,35,48,40,716,0,0,0,0,0,152,687,0
34728,5,-0.08,-0.03,-0.4,-0.35,1,0.2,0.2,0.15,20,58.11,891,864,26,838,187,0,351,0,300,0,0,27,12,903,487,351,903,279782.21,2862.88,26,51,64,697,0,0,0,0,187,0,651,0
34729,5,-0.08,-0.03,-0.4,-0.35,1,0.2,0.2,0.15,30,56.81,893,866,44,822,260,208,147,0,207,0,0,27,10,903,467,355,903,268082.51,2765.91,61,99,104,72,91,395,0,0,260,208,354,0
34730,5,-0.08,-0.03,-0.4,-0.35,1,0.2,0.2,0.15,30,54.6,892,865,50,815,0,213,157,0,445,0,0,27,11,903,445,370,903,221157.35,2342.95,35,48,40,29,42,621,0,0,0,213,602,0
34731,5,-0.08,-0.03,-0.4,-0.35,1,0.2,0.2,0.15,30,62.58,891,864,49,815,270,0,305,0,240,0,0,27,12,903,510,305,903,401234.14,4116.7,26,51,64,46,56,572,0,0,270,0,545,0
34732,5,-0.08,-0.03,-0.4,-0.35,1,0.2,0.2,0.15,40,55.99,893,866,48,818,296,249,82,29,65,97,0,27,10,903,458,360,903,264413.01,2743.58,61,99,104,72,91,41,49,301,296,249,147,126
34733,5,-0.08,-0.03,-0.4,-0.35,1,0.2,0.2,0.15,40,52.72,892,865,55,810,0,261,93,29,162,265,0,27,11,903,427,383,903,212846.47,2200.02,35,48,40,29,42,19,38,559,0,261,255,294
34734,5,-0.08,-0.03,-0.4,-0.35,1,0.2,0.2,0.15,40,63.63,891,864,53,811,314,0,214,81,75,127,0,27,12,903,516,295,903,436832.06,4492.9,26,51,64,46,56,27,37,504,314,0,289,208
34735,5,-0.08,-0.03,-0.4,-0.35,1,0.2,0.2,0.15,50,55.13,893,866,48,818,299,256,0,111,0,152,0,27,10,903,451,367,903,251027.8,2604.49,61,99,104,72,91,41,49,301,299,256,0,263
34736,5,-0.08,-0.03,-0.4,-0.35,1,0.2,0.2,0.15,50,51.6,892,865,55,810,0,269,0,123,0,418,0,27,11,903,418,392,903,187124.65,1927.76,35,48,40,29,42,19,38,559,0,269,0,541
34737,5,-0.08,-0.03,-0.4,-0.35,1,0.2,0.2,0.15,50,63.13,891,864,53,811,317,0,0,299,0,195,0,27,12,903,512,299,903,422099.34,4342.2,26,51,64,46,56,27,37,504,317,0,0,494
34738,5,-0.08,-0.03,-0.4,-0.35,1,0.2,0.2,0.15,60,55.13,893,866,48,818,299,256,0,111,0,152,0,27,10,903,451,367,903,251027.8,2604.49,61,99,104,72,91,41,49,301,299,256,0,263
34739,5,-0.08,-0.03,-0.4,-0.35,1,0.2,0.2,0.15,60,51.6,892,865,55,810,0,269,0,123,0,418,0,27,11,903,418,392,903,187124.65,1927.76,35,48,40,29,42,19,38,559,0,269,0,541
34740,5,-0.08,-0.03,-0.4,-0.35,1,0.2,0.2,0.15,60,63.13,891,864,53,811,317,0,0,299,0,195,0,27,12,903,512,299,903,422099.34,4342.2,26,51,64,46,56,27,37,504,317,0,0,494
34741,5,-0.08,-0.03,-0.4,-0.35,2,0.1,0.1,0.15,20,68.25,893,866,22,844,496,131,137,0,80,0,0,27,10,903,576,268,903,265935.14,3198.65,259,184,123,278,0,0,0,0,496,131,217,0
34742,5,-0.08,-0.03,-0.4,-0.35,2,0.1,0.1,0.15,20,59.0,892,865,26,839,0,152,192,0,495,0,0,27,11,903,495,344,903,288813.81,3578.69,35,48,40,716,0,0,0,0,0,152,687,0
34743,5,-0.08,-0.03,-0.4,-0.35,2,0.1,0.1,0.15,20,73.1,891,864,24,840,517,0,226,0,97,0,0,27,12,903,614,226,903,368734.52,3918.79,224,146,96,374,0,0,0,0,517,0,323,0
34744,5,-0.08,-0.03,-0.4,-0.35,2,0.1,0.1,0.15,30,71.93,893,866,36,830,560,171,62,0,37,0,0,27,10,903,597,233,903,293935.82,3558.85,259,184,123,61,68,135,0,0,560,171,99,0
34745,5,-0.08,-0.03,-0.4,-0.35,2,0.1,0.1,0.15,30,58.04,892,865,50,815,0,213,129,0,473,0,0,27,11,903,473,342,903,349499.87,4096.4,35,48,40,29,42,621,0,0,0,213,602,0
34746,5,-0.08,-0.03,-0.4,-0.35,2,0.1,0.1,0.15,30,81.17,891,864,41,823,602,0,155,0,66,0,0,27,12,903,668,155,903,512855.96,4900.64,224,146,96,51,51,255,0,0,602,0,221,0
34747,5,-0.08,-0.03,-0.4,-0.35,2,0.1,0.1,0.15,40,72.43,893,866,39,827,581,193,26,9,10,8,0,27,10,903,599,228,903,286584.75,3580.08,259,184,123,61,68,36,26,70,581,193,36,17
34748,5,-0.08,-0.03,-0.4,-0.35,2,0.1,0.1,0.15,40,56.05,892,865,55,810,0,261,77,18,178,276,0,27,11,903,454,356,903,347039.81,4152.4,35,48,40,29,42,19,38,559,0,261,255,294
34749,5,-0.08,-0.03,-0.4,-0.35,2,0.1,0.1,0.15,40,83.78,891,864,44,820,651,0,97,36,18,18,0,27,12,903,687,133,903,553128.42,5162.67,224,146,96,51,51,34,38,180,651,0,115,54
34750,5,-0.08,-0.03,-0.4,-0.35,2,0.1,0.1,0.15,50,71.83,893,866,39,827,581,196,0,37,0,13,0,27,10,903,594,233,903,279173.33,3536.66,259,184,123,61,68,36,26,70,581,196,0,50
34751,5,-0.08,-0.03,-0.4,-0.35,2,0.1,0.1,0.15,50,54.57,892,865,55,810,0,269,0,99,0,442,0,27,11,903,442,368,903,311646.66,3895.11,35,48,40,29,42,19,38,559,0,269,0,541
34752,5,-0.08,-0.03,-0.4,-0.35,2,0.1,0.1,0.15,50,83.66,891,864,44,820,653,0,0,134,0,33,0,27,12,903,686,134,903,539906.25,5089.63,224,146,96,51,51,34,38,180,653,0,0,167
34753,5,-0.08,-0.03,-0.4,-0.35,2,0.1,0.1,0.15,60,71.83,893,866,39,827,581,196,0,37,0,13,0,27,10,903,594,233,903,279173.33,3536.66,259,184,123,61,68,36,26,70,581,196,0,50
34754,5,-0.08,-0.03,-0.4,-0.35,2,0.1,0.1,0.15,60,54.57,892,865,55,810,0,269,0,99,0,442,0,27,11,903,442,368,903,311646.66,3895.11,35,48,40,29,42,19,38,559,0,269,0,541
34755,5,-0.08,-0.03,-0.4,-0.35,2,0.1,0.1,0.15,60,83.66,891,864,44,820,653,0,0,134,0,33,0,27,12,903,686,134,903,539906.25,5089.63,224,146,96,51,51,34,38,180,653,0,0,167
34756,5,-0.08,-0.03,-0.4,-0.35,2,0.1,0.2,0.15,20,59.86,893,866,24,842,203,150,188,0,301,0,0,27,10,903,504,338,903,318008.29,3761.0,62,103,111,566,0,0,0,0,203,150,489,0
34757,5,-0.08,-0.03,-0.4,-0.35,2,0.1,0.2,0.15,20,59.0,892,865,26,839,0,152,192,0,495,0,0,27,11,903,495,344,903,288813.81,3578.69,35,48,40,716,0,0,0,0,0,152,687,0
34758,5,-0.08,-0.03,-0.4,-0.35,2,0.1,0.2,0.15,20,64.56,891,864,26,838,207,0,297,0,334,0,0,27,12,903,541,297,903,420505.71,4516.95,27,56,73,682,0,0,0,0,207,0,631,0
34759,5,-0.08,-0.03,-0.4,-0.35,2,0.1,0.2,0.15,30,59.85,893,866,44,822,285,208,122,0,207,0,0,27,10,903,492,330,903,390702.37,4456.42,62,103,111,77,90,379,0,0,285,208,329,0
34760,5,-0.08,-0.03,-0.4,-0.35,2,0.1,0.2,0.15,30,58.04,892,865,50,815,0,213,129,0,473,0,0,27,11,903,473,342,903,349499.87,4096.4,35,48,40,29,42,621,0,0,0,213,602,0
34761,5,-0.08,-0.03,-0.4,-0.35,2,0.1,0.2,0.15,30,69.57,891,864,49,815,303,0,248,0,264,0,0,27,12,903,567,248,903,639157.16,6000.56,27,56,73,51,59,549,0,0,303,0,512,0
34762,5,-0.08,-0.03,-0.4,-0.35,2,0.1,0.2,0.15,40,59.54,893,866,48,818,324,249,65,17,72,91,0,27,10,903,487,331,903,384988.9,4557.1,62,103,111,77,90,50,48,277,324,249,137,108
34763,5,-0.08,-0.03,-0.4,-0.35,2,0.1,0.2,0.15,40,56.05,892,865,55,810,0,261,77,18,178,276,0,27,11,903,454,356,903,347039.81,4152.4,35,48,40,29,42,19,38,559,0,261,255,294
34764,5,-0.08,-0.03,-0.4,-0.35,2,0.1,0.2,0.15,40,71.27,891,864,53,811,358,0,180,53,94,126,0,27,12,903,578,233,903,716289.78,6522.03,27,56,73,51,59,37,39,469,358,0,274,179
34765,5,-0.08,-0.03,-0.4,-0.35,2,0.1,0.2,0.15,50,58.68,893,866,48,818,326,255,0,83,0,154,0,27,10,903,480,338,903,368968.59,4447.79,62,103,111,77,90,50,48,277,326,255,0,237
34766,5,-0.08,-0.03,-0.4,-0.35,2,0.1,0.2,0.15,50,54.57,892,865,55,810,0,269,0,99,0,442,0,27,11,903,442,368,903,311646.66,3895.11,35,48,40,29,42,19,38,559,0,269,0,541
34767,5,-0.08,-0.03,-0.4,-0.35,2,0.1,0.2,0.15,50,71.52,891,864,53,811,360,0,0,231,0,220,0,27,12,903,580,231,903,697124.98,6398.29,27,56,73,51,59,37,39,469,360,0,0,451
34768,5,-0.08,-0.03,-0.4,-0.35,2,0.1,0.2,0.15,60,58.68,893,866,48,818,326,255,0,83,0,154,0,27,10,903,480,338,903,368968.59,4447.79,62,103,111,77,90,50,48,277,326,255,0,237
34769,5,-0.08,-0.03,-0.4,-0.35,2,0.1,0.2,0.15,60,54.57,892,865,55,810,0,269,0,99,0,442,0,27,11,903,442,368,903,311646.66,3895.11,35,48,40,29,42,19,38,559,0,269,0,541
34770,5,-0.08,-0.03,-0.4,-0.35,2,0.1,0.2,0.15,60,71.52,891,864,53,811,360,0,0,231,0,220,0,27,12,903,580,231,903,697124.98,6398.29,27,56,73,51,59,37,39,469,360,0,0,451
34771,5,-0.08,-0.03,-0.4,-0.35,2,0.2,0.1,0.15,20,63.63,893,866,22,844,463,134,173,0,74,0,0,27,10,903,537,307,903,187751.77,1926.91,250,167,124,303,0,0,0,0,463,134,247,0
34772,5,-0.08,-0.03,-0.4,-0.35,2,0.2,0.1,0.15,20,54.35,892,865,26,839,0,152,231,0,456,0,0,27,11,903,456,383,903,203843.78,2125.99,35,48,40,716,0,0,0,0,0,152,687,0
34773,5,-0.08,-0.03,-0.4,-0.35,2,0.2,0.1,0.15,20,66.79,891,864,24,840,472,0,279,0,89,0,0,27,12,903,561,279,903,247178.27,2525.96,215,125,92,408,0,0,0,0,472,0,368,0
34774,5,-0.08,-0.03,-0.4,-0.35,2,0.2,0.1,0.15,30,68.07,893,866,36,830,529,177,88,0,36,0,0,27,10,903,565,265,903,217081.6,2240.17,250,167,124,56,58,175,0,0,529,177,124,0
34775,5,-0.08,-0.03,-0.4,-0.35,2,0.2,0.1,0.15,30,54.6,892,865,50,815,0,213,157,0,445,0,0,27,11,903,445,370,903,221157.35,2342.95,35,48,40,29,42,621,0,0,0,213,602,0
34776,5,-0.08,-0.03,-0.4,-0.35,2,0.2,0.1,0.15,30,73.63,891,864,41,823,554,0,217,0,52,0,0,27,12,903,606,217,903,339881.38,3487.64,215,125,92,40,38,313,0,0,554,0,269,0
34777,5,-0.08,-0.03,-0.4,-0.35,2,0.2,0.1,0.15,40,68.92,893,866,39,827,550,204,38,15,8,12,0,27,10,903,570,257,903,210297.14,2170.86,250,167,124,56,58,51,26,95,550,204,46,27
34778,5,-0.08,-0.03,-0.4,-0.35,2,0.2,0.1,0.15,40,52.72,892,865,55,810,0,261,93,29,162,265,0,27,11,903,427,383,903,212846.47,2200.02,35,48,40,29,42,19,38,559,0,261,255,294
34779,5,-0.08,-0.03,-0.4,-0.35,2,0.2,0.1,0.15,40,76.71,891,864,44,820,589,0,130,61,13,27,0,27,12,903,629,191,903,359067.49,3680.85,215,125,92,40,38,44,22,244,589,0,143,88
34780,5,-0.08,-0.03,-0.4,-0.35,2,0.2,0.1,0.15,50,68.44,893,866,39,827,550,207,0,54,0,16,0,27,10,903,566,261,903,206424.38,2128.57,250,167,124,56,58,51,26,95,550,207,0,70
34781,5,-0.08,-0.03,-0.4,-0.35,2,0.2,0.1,0.15,50,51.6,892,865,55,810,0,269,0,123,0,418,0,27,11,903,418,392,903,187124.65,1927.76,35,48,40,29,42,19,38,559,0,269,0,541
34782,5,-0.08,-0.03,-0.4,-0.35,2,0.2,0.1,0.15,50,76.46,891,864,44,820,590,0,0,193,0,37,0,27,12,903,627,193,903,354273.11,3630.23,215,125,92,40,38,44,22,244,590,0,0,230
34783,5,-0.08,-0.03,-0.4,-0.35,2,0.2,0.1,0.15,60,68.44,893,866,39,827,550,207,0,54,0,16,0,27,10,903,566,261,903,206424.38,2128.57,250,167,124,56,58,51,26,95,550,207,0,70
34784,5,-0.08,-0.03,-0.4,-0.35,2,0.2,0.1,0.15,60,51.6,892,865,55,810,0,269,0,123,0,418,0,27,11,903,418,392,903,187124.65,1927.76,35,48,40,29,42,19,38,559,0,269,0,541
34785,5,-0.08,-0.03,-0.4,-0.35,2,0.2,0.1,0.15,60,76.46,891,864,44,820,590,0,0,193,0,37,0,27,12,903,627,193,903,354273.11,3630.23,215,125,92,40,38,44,22,244,590,0,0,230
34786,5,-0.08,-0.03,-0.4,-0.35,2,0.2,0.2,0.15,20,55.46,893,866,24,842,186,150,225,0,281,0,0,27,10,903,467,375,903,221990.12,2280.26,61,99,104,578,0,0,0,0,186,150,506,0
34787,5,-0.08,-0.03,-0.4,-0.35,2,0.2,0.2,0.15,20,54.35,892,865,26,839,0,152,231,0,456,0,0,27,11,903,456,383,903,203843.78,2125.99,35,48,40,716,0,0,0,0,0,152,687,0
34788,5,-0.08,-0.03,-0.4,-0.35,2,0.2,0.2,0.15,20,58.11,891,864,26,838,187,0,351,0,300,0,0,27,12,903,487,351,903,279782.21,2862.88,26,51,64,697,0,0,0,0,187,0,651,0
34789,5,-0.08,-0.03,-0.4,-0.35,2,0.2,0.2,0.15,30,56.81,893,866,44,822,260,208,147,0,207,0,0,27,10,903,467,355,903,268082.51,2765.91,61,99,104,72,91,395,0,0,260,208,354,0
34790,5,-0.08,-0.03,-0.4,-0.35,2,0.2,0.2,0.15,30,54.6,892,865,50,815,0,213,157,0,445,0,0,27,11,903,445,370,903,221157.35,2342.95,35,48,40,29,42,621,0,0,0,213,602,0
34791,5,-0.08,-0.03,-0.4,-0.35,2,0.2,0.2,0.15,30,62.58,891,864,49,815,270,0,305,0,240,0,0,27,12,903,510,305,903,401234.14,4116.7,26,51,64,46,56,572,0,0,270,0,545,0
34792,5,-0.08,-0.03,-0.4,-0.35,2,0.2,0.2,0.15,40,55.99,893,866,48,818,296,249,82,29,65,97,0,27,10,903,458,360,903,264413.01,2743.58,61,99,104,72,91,41,49,301,296,249,147,126
34793,5,-0.08,-0.03,-0.4,-0.35,2,0.2,0.2,0.15,40,52.72,892,865,55,810,0,261,93,29,162,265,0,27,11,903,427,383,903,212846.47,2200.02,35,48,40,29,42,19,38,559,0,261,255,294
34794,5,-0.08,-0.03,-0.4,-0.35,2,0.2,0.2,0.15,40,63.63,891,864,53,811,314,0,214,81,75,127,0,27,12,903,516,295,903,436832.06,4492.9,26,51,64,46,56,27,37,504,314,0,289,208
34795,5,-0.08,-0.03,-0.4,-0.35,2,0.2,0.2,0.15,50,55.13,893,866,48,818,299,256,0,111,0,152,0,27,10,903,451,367,903,251027.8,2604.49,61,99,104,72,91,41,49,301,299,256,0,263
34796,5,-0.08,-0.03,-0.4,-0.35,2,0.2,0.2,0.15,50,51.6,892,865,55,810,0,269,0,123,0,418,0,27,11,903,418,392,903,187124.65,1927.76,35,48,40,29,42,19,38,559,0,269,0,541
34797,5,-0.08,-0.03,-0.4,-0.35,2,0.2,0.2,0.15,50,63.13,891,864,53,811,317,0,0,299,0,195,0,27,12,903,512,299,903,422099.34,4342.2,26,51,64,46,56,27,37,504,317,0,0,494
34798,5,-0.08,-0.03,-0.4,-0.35,2,0.2,0.2,0.15,60,55.13,893,866,48,818,299,256,0,111,0,152,0,27,10,903,451,367,903,251027.8,2604.49,61,99,104,72,91,41,49,301,299,256,0,263
34799,5,-0.08,-0.03,-0.4,-0.35,2,0.2,0.2,0.15,60,51.6,892,865,55,810,0,269,0,123,0,418,0,27,11,903,418,392,903,187124.65,1927.76,35,48,40,29,42,19,38,559,0,269,0,541
34800,5,-0.08,-0.03,-0.4,-0.35,2,0.2,0.2,0.15,60,63.13,891,864,53,811,317,0,0,299,0,195,0,27,12,903,512,299,903,422099.34,4342.2,26,51,64,46,56,27,37,504,317,0,0,494
34801,5,-0.08,-0.03,-0.4,-0.3,1,0.1,0.1,0.15,20,62.27,1851,1815,39,1776,910,292,378,0,196,0,2,34,21,1872,1106,670,1872,316325.68,3351.31,485,343,257,691,0,0,0,0,910,292,574,0
34802,5,-0.08,-0.03,-0.4,-0.3,1,0.1,0.1,0.15,20,53.97,1849,1813,49,1764,0,333,479,0,952,0,2,34,23,1872,952,812,1872,337934.65,3634.02,72,101,112,1479,0,0,0,0,0,333,1431,0
34803,5,-0.08,-0.03,-0.4,-0.3,1,0.1,0.1,0.15,20,64.94,1848,1812,41,1771,929,0,621,0,221,0,2,34,24,1872,1150,621,1872,419028.97,4384.85,413,258,168,932,0,0,0,0,929,0,842,0
34804,5,-0.08,-0.03,-0.4,-0.3,1,0.1,0.1,0.15,30,65.58,1851,1815,63,1752,1049,379,224,0,100,0,2,34,21,1872,1149,603,1872,364902.61,3893.15,485,343,257,117,131,419,0,0,1049,379,324,0
34805,5,-0.08,-0.03,-0.4,-0.3,1,0.1,0.1,0.15,30,53.55,1849,1813,95,1718,0,456,342,0,920,0,2,34,23,1872,920,798,1872,355476.01,3912.25,72,101,112,48,85,1300,0,0,0,456,1262,0
34806,5,-0.08,-0.03,-0.4,-0.3,1,0.1,0.1,0.15,30,70.67,1847,1811,69,1742,1095,0,511,0,136,0,2,34,25,1872,1231,511,1872,587628.49,6145.96,413,258,168,90,85,728,0,0,1095,0,647,0
34807,5,-0.08,-0.03,-0.4,-0.3,1,0.1,0.1,0.15,40,66.38,1851,1815,66,1749,1102,439,110,39,34,25,2,34,21,1872,1161,588,1872,350168.89,3733.2,485,343,257,117,131,95,71,250,1102,439,144,64
34808,5,-0.08,-0.03,-0.4,-0.3,1,0.1,0.1,0.15,40,51.9,1849,1813,102,1711,0,550,203,70,366,522,2,34,23,1872,888,823,1872,359828.99,3878.89,72,101,112,48,85,38,85,1170,0,550,569,592
34809,5,-0.08,-0.03,-0.4,-0.3,1,0.1,0.1,0.15,40,73.55,1847,1811,72,1739,1182,0,315,145,44,53,2,34,25,1872,1279,460,1872,653398.12,6800.93,413,258,168,90,85,81,60,584,1182,0,359,198
34810,5,-0.08,-0.03,-0.4,-0.3,1,0.1,0.1,0.15,50,66.15,1851,1815,66,1749,1103,445,0,147,0,54,2,34,21,1872,1157,592,1872,338595.04,3630.2,485,343,257,117,131,95,71,250,1103,445,0,201
34811,5,-0.08,-0.03,-0.4,-0.3,1,0.1,0.1,0.15,50,50.73,1849,1813,102,1711,0,566,0,277,0,868,2,34,23,1872,868,843,1872,308750.24,3354.74,72,101,112,48,85,38,85,1170,0,566,0,1145
34812,5,-0.08,-0.03,-0.4,-0.3,1,0.1,0.1,0.15,50,73.43,1847,1811,72,1739,1184,0,0,462,0,93,2,34,25,1872,1277,462,1872,637177.43,6648.55,413,258,168,90,85,81,60,584,1184,0,0,555
34813,5,-0.08,-0.03,-0.4,-0.3,1,0.1,0.1,0.15,60,66.15,1851,1815,66,1749,1103,445,0,147,0,54,2,34,21,1872,1157,592,1872,338595.04,3630.2,485,343,257,117,131,95,71,250,1103,445,0,201
34814,5,-0.08,-0.03,-0.4,-0.3,1,0.1,0.1,0.15,60,50.73,1849,1813,102,1711,0,566,0,277,0,868,2,34,23,1872,868,843,1872,308750.24,3354.74,72,101,112,48,85,38,85,1170,0,566,0,1145
34815,5,-0.08,-0.03,-0.4,-0.3,1,0.1,0.1,0.15,60,73.43,1847,1811,72,1739,1184,0,0,462,0,93,2,34,25,1872,1277,462,1872,637177.43,6648.55,413,258,168,90,85,81,60,584,1184,0,0,555
34816,5,-0.08,-0.03,-0.4,-0.3,1,0.1,0.2,0.15,20,54.95,1851,1815,46,1769,373,328,469,0,599,0,2,34,21,1872,972,797,1872,393678.28,4155.14,137,191,237,1204,0,0,0,0,373,328,1068,0
34817,5,-0.08,-0.03,-0.4,-0.3,1,0.1,0.2,0.15,20,53.97,1849,1813,49,1764,0,333,479,0,952,0,2,34,23,1872,952,812,1872,337934.65,3634.02,72,101,112,1479,0,0,0,0,0,333,1431,0
34818,5,-0.08,-0.03,-0.4,-0.3,1,0.1,0.2,0.15,20,57.2,1848,1812,48,1764,375,0,755,0,634,0,2,34,24,1872,1009,755,1872,487423.76,5091.04,65,91,128,1480,0,0,0,0,375,0,1389,0
34819,5,-0.08,-0.03,-0.4,-0.3,1,0.1,0.2,0.15,30,55.63,1851,1815,84,1731,528,445,323,0,435,0,2,34,21,1872,963,768,1872,475966.88,5070.42,137,191,237,136,180,850,0,0,528,445,758,0
34820,5,-0.08,-0.03,-0.4,-0.3,1,0.1,0.2,0.15,30,53.55,1849,1813,95,1718,0,456,342,0,920,0,2,34,23,1872,920,798,1872,355476.01,3912.25,72,101,112,48,85,1300,0,0,0,456,1262,0
34821,5,-0.08,-0.03,-0.4,-0.3,1,0.1,0.2,0.15,30,60.93,1846,1810,90,1720,546,0,672,0,502,0,2,34,26,1872,1048,672,1872,707876.7,7415.88,65,91,128,91,110,1235,0,0,546,0,1174,0
34822,5,-0.08,-0.03,-0.4,-0.3,1,0.1,0.2,0.15,40,54.81,1851,1815,89,1726,602,530,184,66,147,197,2,34,21,1872,946,780,1872,473987.97,5062.86,137,191,237,136,180,92,105,648,602,530,331,263
34823,5,-0.08,-0.03,-0.4,-0.3,1,0.1,0.2,0.15,40,51.9,1849,1813,102,1711,0,550,203,70,366,522,2,34,23,1872,888,823,1872,359828.99,3878.89,72,101,112,48,85,38,85,1170,0,550,569,592
34824,5,-0.08,-0.03,-0.4,-0.3,1,0.1,0.2,0.15,40,62.27,1846,1810,95,1715,636,0,464,183,169,263,2,34,26,1872,1068,647,1872,821268.33,8598.58,65,91,128,91,110,61,68,1101,636,0,633,446
34825,5,-0.08,-0.03,-0.4,-0.3,1,0.1,0.2,0.15,50,54.11,1851,1815,89,1726,608,543,0,249,0,326,2,34,21,1872,934,792,1872,448151.49,4813.17,137,191,237,136,180,92,105,648,608,543,0,575
34826,5,-0.08,-0.03,-0.4,-0.3,1,0.1,0.2,0.15,50,50.73,1849,1813,102,1711,0,566,0,277,0,868,2,34,23,1872,868,843,1872,308750.24,3354.74,72,101,112,48,85,38,85,1170,0,566,0,1145
34827,5,-0.08,-0.03,-0.4,-0.3,1,0.1,0.2,0.15,50,61.87,1846,1810,95,1715,642,0,0,654,0,419,2,34,26,1872,1061,654,1872,792133.56,8313.28,65,91,128,91,110,61,68,1101,642,0,0,1073
34828,5,-0.08,-0.03,-0.4,-0.3,1,0.1,0.2,0.15,60,54.11,1851,1815,89,1726,608,543,0,249,0,326,2,34,21,1872,934,792,1872,448151.49,4813.17,137,191,237,136,180,92,105,648,608,543,0,575
34829,5,-0.08,-0.03,-0.4,-0.3,1,0.1,0.2,0.15,60,50.73,1849,1813,102,1711,0,566,0,277,0,868,2,34,23,1872,868,843,1872,308750.24,3354.74,72,101,112,48,85,38,85,1170,0,566,0,1145
34830,5,-0.08,-0.03,-0.4,-0.3,1,0.1,0.2,0.15,60,61.87,1846,1810,95,1715,642,0,0,654,0,419,2,34,26,1872,1061,654,1872,792133.56,8313.28,65,91,128,91,110,61,68,1101,642,0,0,1073
34831,5,-0.08,-0.03,-0.4,-0.3,1,0.2,0.1,0.15,20,62.27,1851,1815,39,1776,910,292,378,0,196,0,2,34,21,1872,1106,670,1872,316325.68,3351.31,485,343,257,691,0,0,0,0,910,292,574,0
34832,5,-0.08,-0.03,-0.4,-0.3,1,0.2,0.1,0.15,20,53.97,1849,1813,49,1764,0,333,479,0,952,0,2,34,23,1872,952,812,1872,337934.65,3634.02,72,101,112,1479,0,0,0,0,0,333,1431,0
34833,5,-0.08,-0.03,-0.4,-0.3,1,0.2,0.1,0.15,20,64.94,1848,1812,41,1771,929,0,621,0,221,0,2,34,24,1872,1150,621,1872,419028.97,4384.85,413,258,168,932,0,0,0,0,929,0,842,0
34834,5,-0.08,-0.03,-0.4,-0.3,1,0.2,0.1,0.15,30,65.58,1851,1815,63,1752,1049,379,224,0,100,0,2,34,21,1872,1149,603,1872,364902.61,3893.15,485,343,257,117,131,419,0,0,1049,379,324,0
34835,5,-0.08,-0.03,-0.4,-0.3,1,0.2,0.1,0.15,30,53.55,1849,1813,95,1718,0,456,342,0,920,0,2,34,23,1872,920,798,1872,355476.01,3912.25,72,101,112,48,85,1300,0,0,0,456,1262,0
34836,5,-0.08,-0.03,-0.4,-0.3,1,0.2,0.1,0.15,30,70.67,1847,1811,69,1742,1095,0,511,0,136,0,2,34,25,1872,1231,511,1872,587628.49,6145.96,413,258,168,90,85,728,0,0,1095,0,647,0
34837,5,-0.08,-0.03,-0.4,-0.3,1,0.2,0.1,0.15,40,66.38,1851,1815,66,1749,1102,439,110,39,34,25,2,34,21,1872,1161,588,1872,350168.89,3733.2,485,343,257,117,131,95,71,250,1102,439,144,64
34838,5,-0.08,-0.03,-0.4,-0.3,1,0.2,0.1,0.15,40,51.9,1849,1813,102,1711,0,550,203,70,366,522,2,34,23,1872,888,823,1872,359828.99,3878.89,72,101,112,48,85,38,85,1170,0,550,569,592
34839,5,-0.08,-0.03,-0.4,-0.3,1,0.2,0.1,0.15,40,73.55,1847,1811,72,1739,1182,0,315,145,44,53,2,34,25,1872,1279,460,1872,653398.12,6800.93,413,258,168,90,85,81,60,584,1182,0,359,198
34840,5,-0.08,-0.03,-0.4,-0.3,1,0.2,0.1,0.15,50,66.15,1851,1815,66,1749,1103,445,0,147,0,54,2,34,21,1872,1157,592,1872,338595.04,3630.2,485,343,257,117,131,95,71,250,1103,445,0,201
34841,5,-0.08,-0.03,-0.4,-0.3,1,0.2,0.1,0.15,50,50.73,1849,1813,102,1711,0,566,0,277,0,868,2,34,23,1872,868,843,1872,308750.24,3354.74,72,101,112,48,85,38,85,1170,0,566,0,1145
34842,5,-0.08,-0.03,-0.4,-0.3,1,0.2,0.1,0.15,50,73.43,1847,1811,72,1739,1184,0,0,462,0,93,2,34,25,1872,1277,462,1872,637177.43,6648.55,413,258,168,90,85,81,60,584,1184,0,0,555
34843,5,-0.08,-0.03,-0.4,-0.3,1,0.2,0.1,0.15,60,66.15,1851,1815,66,1749,1103,445,0,147,0,54,2,34,21,1872,1157,592,1872,338595.04,3630.2,485,343,257,117,131,95,71,250,1103,445,0,201
34844,5,-0.08,-0.03,-0.4,-0.3,1,0.2,0.1,0.15,60,50.73,1849,1813,102,1711,0,566,0,277,0,868,2,34,23,1872,868,843,1872,308750.24,3354.74,72,101,112,48,85,38,85,1170,0,566,0,1145
34845,5,-0.08,-0.03,-0.4,-0.3,1,0.2,0.1,0.15,60,73.43,1847,1811,72,1739,1184,0,0,462,0,93,2,34,25,1872,1277,462,1872,637177.43,6648.55,413,258,168,90,85,81,60,584,1184,0,0,555
34846,5,-0.08,-0.03,-0.4,-0.3,1,0.2,0.2,0.15,20,54.95,1851,1815,46,1769,373,328,469,0,599,0,2,34,21,1872,972,797,1872,393678.28,4155.14,137,191,237,1204,0,0,0,0,373,328,1068,0
34847,5,-0.08,-0.03,-0.4,-0.3,1,0.2,0.2,0.15,20,53.97,1849,1813,49,1764,0,333,479,0,952,0,2,34,23,1872,952,812,1872,337934.65,3634.02,72,101,112,1479,0,0,0,0,0,333,1431,0
34848,5,-0.08,-0.03,-0.4,-0.3,1,0.2,0.2,0.15,20,57.2,1848,1812,48,1764,375,0,755,0,634,0,2,34,24,1872,1009,755,1872,487423.76,5091.04,65,91,128,1480,0,0,0,0,375,0,1389,0
34849,5,-0.08,-0.03,-0.4,-0.3,1,0.2,0.2,0.15,30,55.63,1851,1815,84,1731,528,445,323,0,435,0,2,34,21,1872,963,768,1872,475966.88,5070.42,137,191,237,136,180,850,0,0,528,445,758,0
34850,5,-0.08,-0.03,-0.4,-0.3,1,0.2,0.2,0.15,30,53.55,1849,1813,95,1718,0,456,342,0,920,0,2,34,23,1872,920,798,1872,355476.01,3912.25,72,101,112,48,85,1300,0,0,0,456,1262,0
34851,5,-0.08,-0.03,-0.4,-0.3,1,0.2,0.2,0.15,30,60.93,1846,1810,90,1720,546,0,672,0,502,0,2,34,26,1872,1048,672,1872,707876.7,7415.88,65,91,128,91,110,1235,0,0,546,0,1174,0
34852,5,-0.08,-0.03,-0.4,-0.3,1,0.2,0.2,0.15,40,54.81,1851,1815,89,1726,602,530,184,66,147,197,2,34,21,1872,946,780,1872,473987.97,5062.86,137,191,237,136,180,92,105,648,602,530,331,263
34853,5,-0.08,-0.03,-0.4,-0.3,1,0.2,0.2,0.15,40,51.9,1849,1813,102,1711,0,550,203,70,366,522,2,34,23,1872,888,823,1872,359828.99,3878.89,72,101,112,48,85,38,85,1170,0,550,569,592
34854,5,-0.08,-0.03,-0.4,-0.3,1,0.2,0.2,0.15,40,62.27,1846,1810,95,1715,636,0,464,183,169,263,2,34,26,1872,1068,647,1872,821268.33,8598.58,65,91,128,91,110,61,68,1101,636,0,633,446
34855,5,-0.08,-0.03,-0.4,-0.3,1,0.2,0.2,0.15,50,54.11,1851,1815,89,1726,608,543,0,249,0,326,2,34,21,1872,934,792,1872,448151.49,4813.17,137,191,237,136,180,92,105,648,608,543,0,575
34856,5,-0.08,-0.03,-0.4,-0.3,1,0.2,0.2,0.15,50,50.73,1849,1813,102,1711,0,566,0,277,0,868,2,34,23,1872,868,843,1872,308750.24,3354.74,72,101,112,48,85,38,85,1170,0,566,0,1145
34857,5,-0.08,-0.03,-0.4,-0.3,1,0.2,0.2,0.15,50,61.87,1846,1810,95,1715,642,0,0,654,0,419,2,34,26,1872,1061,654,1872,792133.56,8313.28,65,91,128,91,110,61,68,1101,642,0,0,1073
34858,5,-0.08,-0.03,-0.4,-0.3,1,0.2,0.2,0.15,60,54.11,1851,1815,89,1726,608,543,0,249,0,326,2,34,21,1872,934,792,1872,448151.49,4813.17,137,191,237,136,180,92,105,648,608,543,0,575
34859,5,-0.08,-0.03,-0.4,-0.3,1,0.2,0.2,0.15,60,50.73,1849,1813,102,1711,0,566,0,277,0,868,2,34,23,1872,868,843,1872,308750.24,3354.74,72,101,112,48,85,38,85,1170,0,566,0,1145
34860,5,-0.08,-0.03,-0.4,-0.3,1,0.2,0.2,0.15,60,61.87,1846,1810,95,1715,642,0,0,654,0,419,2,34,26,1872,1061,654,1872,792133.56,8313.28,65,91,128,91,110,61,68,1101,642,0,0,1073
34861,5,-0.08,-0.03,-0.4,-0.3,2,0.1,0.1,0.15,20,66.78,1851,1815,39,1776,979,287,303,0,207,0,2,34,21,1872,1186,590,1872,459696.29,6052.85,502,373,269,632,0,0,0,0,979,287,510,0
34862,5,-0.08,-0.03,-0.4,-0.3,2,0.1,0.1,0.15,20,58.73,1849,1813,49,1764,0,333,395,0,1036,0,2,34,23,1872,1036,728,1872,499547.65,6754.42,72,101,112,1479,0,0,0,0,0,333,1431,0
34863,5,-0.08,-0.03,-0.4,-0.3,2,0.1,0.1,0.15,20,71.37,1848,1812,41,1771,1024,0,507,0,240,0,2,34,24,1872,1264,507,1872,651647.79,7395.01,432,295,191,853,0,0,0,0,1024,0,747,0
34864,5,-0.08,-0.03,-0.4,-0.3,2,0.1,0.1,0.15,30,69.81,1851,1815,63,1752,1122,370,159,0,101,0,2,34,21,1872,1223,529,1872,522765.47,6788.42,502,373,269,122,150,336,0,0,1122,370,260,0
34865,5,-0.08,-0.03,-0.4,-0.3,2,0.1,0.1,0.15,30,57.63,1849,1813,95,1718,0,456,272,0,990,0,2,34,23,1872,990,728,1872,614844.35,7698.67,72,101,112,48,85,1300,0,0,0,456,1262,0
34866,5,-0.08,-0.03,-0.4,-0.3,2,0.1,0.1,0.15,30,78.36,1847,1811,69,1742,1210,0,377,0,155,0,2,34,25,1872,1365,377,1872,948154.11,9371.4,432,295,191,106,114,604,0,0,1210,0,532,0
34867,5,-0.08,-0.03,-0.4,-0.3,2,0.1,0.1,0.15,40,70.04,1851,1815,66,1749,1164,420,79,25,43,18,2,34,21,1872,1225,524,1872,490678.31,6763.81,502,373,269,122,150,76,57,200,1164,420,122,43
34868,5,-0.08,-0.03,-0.4,-0.3,2,0.1,0.1,0.15,40,55.64,1849,1813,102,1711,0,550,165,44,404,548,2,34,23,1872,952,759,1872,629752.66,8098.26,72,101,112,48,85,38,85,1170,0,550,569,592
34869,5,-0.08,-0.03,-0.4,-0.3,2,0.1,0.1,0.15,40,80.97,1847,1811,72,1739,1306,0,248,83,55,47,2,34,25,1872,1408,331,1872,1051732.6,10040.11,432,295,191,106,114,72,64,465,1306,0,303,130
34870,5,-0.08,-0.03,-0.4,-0.3,2,0.1,0.1,0.15,50,69.53,1851,1815,66,1749,1167,426,0,107,0,49,2,34,21,1872,1216,533,1872,473101.46,6686.15,502,373,269,122,150,76,57,200,1167,426,0,156
34871,5,-0.08,-0.03,-0.4,-0.3,2,0.1,0.1,0.15,50,54.0,1849,1813,102,1711,0,566,0,221,0,924,2,34,23,1872,924,787,1872,559154.16,7613.41,72,101,112,48,85,38,85,1170,0,566,0,1145
34872,5,-0.08,-0.03,-0.4,-0.3,2,0.1,0.1,0.15,50,80.79,1847,1811,72,1739,1311,0,0,334,0,94,2,34,25,1872,1405,334,1872,1025565.87,9916.15,432,295,191,106,114,72,64,465,1311,0,0,428
34873,5,-0.08,-0.03,-0.4,-0.3,2,0.1,0.1,0.15,60,69.53,1851,1815,66,1749,1167,426,0,107,0,49,2,34,21,1872,1216,533,1872,473101.46,6686.15,502,373,269,122,150,76,57,200,1167,426,0,156
34874,5,-0.08,-0.03,-0.4,-0.3,2,0.1,0.1,0.15,60,54.0,1849,1813,102,1711,0,566,0,221,0,924,2,34,23,1872,924,787,1872,559154.16,7613.41,72,101,112,48,85,38,85,1170,0,566,0,1145
34875,5,-0.08,-0.03,-0.4,-0.3,2,0.1,0.1,0.15,60,80.79,1847,1811,72,1739,1311,0,0,334,0,94,2,34,25,1872,1405,334,1872,1025565.87,9916.15,432,295,191,106,114,72,64,465,1311,0,0,428
34876,5,-0.08,-0.03,-0.4,-0.3,2,0.1,0.2,0.15,20,59.53,1851,1815,46,1769,404,328,388,0,649,0,2,34,21,1872,1053,716,1872,573931.71,7307.4,138,198,250,1183,0,0,0,0,404,328,1037,0
34877,5,-0.08,-0.03,-0.4,-0.3,2,0.1,0.2,0.15,20,58.73,1849,1813,49,1764,0,333,395,0,1036,0,2,34,23,1872,1036,728,1872,499547.65,6754.42,72,101,112,1479,0,0,0,0,0,333,1431,0
34878,5,-0.08,-0.03,-0.4,-0.3,2,0.1,0.2,0.15,20,63.89,1848,1812,48,1764,414,0,637,0,713,0,2,34,24,1872,1127,637,1872,738088.21,8579.72,66,100,145,1453,0,0,0,0,414,0,1350,0
34879,5,-0.08,-0.03,-0.4,-0.3,2,0.1,0.2,0.15,30,59.3,1851,1815,83,1732,576,445,260,0,451,0,2,34,21,1872,1027,705,1872,731151.82,8739.46,138,198,250,146,186,814,0,0,576,445,711,0
34880,5,-0.08,-0.03,-0.4,-0.3,2,0.1,0.2,0.15,30,57.63,1849,1813,95,1718,0,456,272,0,990,0,2,34,23,1872,990,728,1872,614844.35,7698.67,72,101,112,48,85,1300,0,0,0,456,1262,0
34881,5,-0.08,-0.03,-0.4,-0.3,2,0.1,0.2,0.15,30,67.81,1846,1810,89,1721,610,0,554,0,557,0,2,34,26,1872,1167,554,1872,1173805.09,11539.77,66,100,145,103,122,1185,0,0,610,0,1111,0
34882,5,-0.08,-0.03,-0.4,-0.3,2,0.1,0.2,0.15,40,58.43,1851,1815,88,1727,662,530,146,42,169,178,2,34,21,1872,1009,718,1872,728534.8,9075.37,138,198,250,146,186,103,108,598,662,530,315,220
34883,5,-0.08,-0.03,-0.4,-0.3,2,0.1,0.2,0.15,40,55.64,1849,1813,102,1711,0,550,165,44,404,548,2,34,23,1872,952,759,1872,629752.66,8098.26,72,101,112,48,85,38,85,1170,0,550,569,592
34884,5,-0.08,-0.03,-0.4,-0.3,2,0.1,0.2,0.15,40,70.16,1846,1810,94,1716,726,0,394,118,214,264,2,34,26,1872,1204,512,1872,1410222.8,13114.04,66,100,145,103,122,74,79,1027,726,0,608,382
34885,5,-0.08,-0.03,-0.4,-0.3,2,0.1,0.2,0.15,50,57.44,1851,1815,88,1727,666,542,0,193,0,326,2,34,21,1872,992,735,1872,692180.78,8878.41,138,198,250,146,186,103,108,598,666,542,0,519
34886,5,-0.08,-0.03,-0.4,-0.3,2,0.1,0.2,0.15,50,54.0,1849,1813,102,1711,0,566,0,221,0,924,2,34,23,1872,924,787,1872,559154.16,7613.41,72,101,112,48,85,38,85,1170,0,566,0,1145
34887,5,-0.08,-0.03,-0.4,-0.3,2,0.1,0.2,0.15,50,69.93,1846,1810,94,1716,731,0,0,516,0,469,2,34,26,1872,1200,516,1872,1367031.05,12881.46,66,100,145,103,122,74,79,1027,731,0,0,985
34888,5,-0.08,-0.03,-0.4,-0.3,2,0.1,0.2,0.15,60,57.44,1851,1815,88,1727,666,542,0,193,0,326,2,34,21,1872,992,735,1872,692180.78,8878.41,138,198,250,146,186,103,108,598,666,542,0,519
34889,5,-0.08,-0.03,-0.4,-0.3,2,0.1,0.2,0.15,60,54.0,1849,1813,102,1711,0,566,0,221,0,924,2,34,23,1872,924,787,1872,559154.16,7613.41,72,101,112,48,85,38,85,1170,0,566,0,1145
34890,5,-0.08,-0.03,-0.4,-0.3,2,0.1,0.2,0.15,60,69.93,1846,1810,94,1716,731,0,0,516,0,469,2,34,26,1872,1200,516,1872,1367031.05,12881.46,66,100,145,103,122,74,79,1027,731,0,0,985
34891,5,-0.08,-0.03,-0.4,-0.3,2,0.2,0.1,0.15,20,62.27,1851,1815,39,1776,910,292,378,0,196,0,2,34,21,1872,1106,670,1872,316325.68,3351.31,485,343,257,691,0,0,0,0,910,292,574,0
34892,5,-0.08,-0.03,-0.4,-0.3,2,0.2,0.1,0.15,20,53.97,1849,1813,49,1764,0,333,479,0,952,0,2,34,23,1872,952,812,1872,337934.65,3634.02,72,101,112,1479,0,0,0,0,0,333,1431,0
34893,5,-0.08,-0.03,-0.4,-0.3,2,0.2,0.1,0.15,20,64.94,1848,1812,41,1771,929,0,621,0,221,0,2,34,24,1872,1150,621,1872,419028.97,4384.85,413,258,168,932,0,0,0,0,929,0,842,0
34894,5,-0.08,-0.03,-0.4,-0.3,2,0.2,0.1,0.15,30,65.58,1851,1815,63,1752,1049,379,224,0,100,0,2,34,21,1872,1149,603,1872,364902.61,3893.15,485,343,257,117,131,419,0,0,1049,379,324,0
34895,5,-0.08,-0.03,-0.4,-0.3,2,0.2,0.1,0.15,30,53.55,1849,1813,95,1718,0,456,342,0,920,0,2,34,23,1872,920,798,1872,355476.01,3912.25,72,101,112,48,85,1300,0,0,0,456,1262,0
34896,5,-0.08,-0.03,-0.4,-0.3,2,0.2,0.1,0.15,30,70.67,1847,1811,69,1742,1095,0,511,0,136,0,2,34,25,1872,1231,511,1872,587628.49,6145.96,413,258,168,90,85,728,0,0,1095,0,647,0
34897,5,-0.08,-0.03,-0.4,-0.3,2,0.2,0.1,0.15,40,66.38,1851,1815,66,1749,1102,439,110,39,34,25,2,34,21,1872,1161,588,1872,350168.89,3733.2,485,343,257,117,131,95,71,250,1102,439,144,64
34898,5,-0.08,-0.03,-0.4,-0.3,2,0.2,0.1,0.15,40,51.9,1849,1813,102,1711,0,550,203,70,366,522,2,34,23,1872,888,823,1872,359828.99,3878.89,72,101,112,48,85,38,85,1170,0,550,569,592
34899,5,-0.08,-0.03,-0.4,-0.3,2,0.2,0.1,0.15,40,73.55,1847,1811,72,1739,1182,0,315,145,44,53,2,34,25,1872,1279,460,1872,653398.12,6800.93,413,258,168,90,85,81,60,584,1182,0,359,198
34900,5,-0.08,-0.03,-0.4,-0.3,2,0.2,0.1,0.15,50,66.15,1851,1815,66,1749,1103,445,0,147,0,54,2,34,21,1872,1157,592,1872,338595.04,3630.2,485,343,257,117,131,95,71,250,1103,445,0,201
34901,5,-0.08,-0.03,-0.4,-0.3,2,0.2,0.1,0.15,50,50.73,1849,1813,102,1711,0,566,0,277,0,868,2,34,23,1872,868,843,1872,308750.24,3354.74,72,101,112,48,85,38,85,1170,0,566,0,1145
34902,5,-0.08,-0.03,-0.4,-0.3,2,0.2,0.1,0.15,50,73.43,1847,1811,72,1739,1184,0,0,462,0,93,2,34,25,1872,1277,462,1872,637177.43,6648.55,413,258,168,90,85,81,60,584,1184,0,0,555
34903,5,-0.08,-0.03,-0.4,-0.3,2,0.2,0.1,0.15,60,66.15,1851,1815,66,1749,1103,445,0,147,0,54,2,34,21,1872,1157,592,1872,338595.04,3630.2,485,343,257,117,131,95,71,250,1103,445,0,201
34904,5,-0.08,-0.03,-0.4,-0.3,2,0.2,0.1,0.15,60,50.73,1849,1813,102,1711,0,566,0,277,0,868,2,34,23,1872,868,843,1872,308750.24,3354.74,72,101,112,48,85,38,85,1170,0,566,0,1145
34905,5,-0.08,-0.03,-0.4,-0.3,2,0.2,0.1,0.15,60,73.43,1847,1811,72,1739,1184,0,0,462,0,93,2,34,25,1872,1277,462,1872,637177.43,6648.55,413,258,168,90,85,81,60,584,1184,0,0,555
34906,5,-0.08,-0.03,-0.4,-0.3,2,0.2,0.2,0.15,20,54.95,1851,1815,46,1769,373,328,469,0,599,0,2,34,21,1872,972,797,1872,393678.28,4155.14,137,191,237,1204,0,0,0,0,373,328,1068,0
34907,5,-0.08,-0.03,-0.4,-0.3,2,0.2,0.2,0.15,20,53.97,1849,1813,49,1764,0,333,479,0,952,0,2,34,23,1872,952,812,1872,337934.65,3634.02,72,101,112,1479,0,0,0,0,0,333,1431,0
34908,5,-0.08,-0.03,-0.4,-0.3,2,0.2,0.2,0.15,20,57.2,1848,1812,48,1764,375,0,755,0,634,0,2,34,24,1872,1009,755,1872,487423.76,5091.04,65,91,128,1480,0,0,0,0,375,0,1389,0
34909,5,-0.08,-0.03,-0.4,-0.3,2,0.2,0.2,0.15,30,55.63,1851,1815,84,1731,528,445,323,0,435,0,2,34,21,1872,963,768,1872,475966.88,5070.42,137,191,237,136,180,850,0,0,528,445,758,0
34910,5,-0.08,-0.03,-0.4,-0.3,2,0.2,0.2,0.15,30,53.55,1849,1813,95,1718,0,456,342,0,920,0,2,34,23,1872,920,798,1872,355476.01,3912.25,72,101,112,48,85,1300,0,0,0,456,1262,0
34911,5,-0.08,-0.03,-0.4,-0.3,2,0.2,0.2,0.15,30,60.93,1846,1810,90,1720,546,0,672,0,502,0,2,34,26,1872,1048,672,1872,707876.7,7415.88,65,91,128,91,110,1235,0,0,546,0,1174,0
34912,5,-0.08,-0.03,-0.4,-0.3,2,0.2,0.2,0.15,40,54.81,1851,1815,89,1726,602,530,184,66,147,197,2,34,21,1872,946,780,1872,473987.97,5062.86,137,191,237,136,180,92,105,648,602,530,331,263
34913,5,-0.08,-0.03,-0.4,-0.3,2,0.2,0.2,0.15,40,51.9,1849,1813,102,1711,0,550,203,70,366,522,2,34,23,1872,888,823,1872,359828.99,3878.89,72,101,112,48,85,38,85,1170,0,550,569,592
34914,5,-0.08,-0.03,-0.4,-0.3,2,0.2,0.2,0.15,40,62.27,1846,1810,95,1715,636,0,464,183,169,263,2,34,26,1872,1068,647,1872,821268.33,8598.58,65,91,128,91,110,61,68,1101,636,0,633,446
34915,5,-0.08,-0.03,-0.4,-0.3,2,0.2,0.2,0.15,50,54.11,1851,1815,89,1726,608,543,0,249,0,326,2,34,21,1872,934,792,1872,448151.49,4813.17,137,191,237,136,180,92,105,648,608,543,0,575
34916,5,-0.08,-0.03,-0.4,-0.3,2,0.2,0.2,0.15,50,50.73,1849,1813,102,1711,0,566,0,277,0,868,2,34,23,1872,868,843,1872,308750.24,3354.74,72,101,112,48,85,38,85,1170,0,566,0,1145
34917,5,-0.08,-0.03,-0.4,-0.3,2,0.2,0.2,0.15,50,61.87,1846,1810,95,1715,642,0,0,654,0,419,2,34,26,1872,1061,654,1872,792133.56,8313.28,65,91,128,91,110,61,68,1101,642,0,0,1073
34918,5,-0.08,-0.03,-0.4,-0.3,2,0.2,0.2,0.15,60,54.11,1851,1815,89,1726,608,543,0,249,0,326,2,34,21,1872,934,792,1872,448151.49,4813.17,137,191,237,136,180,92,105,648,608,543,0,575
34919,5,-0.08,-0.03,-0.4,-0.3,2,0.2,0.2,0.15,60,50.73,1849,1813,102,1711,0,566,0,277,0,868,2,34,23,1872,868,843,1872,308750.24,3354.74,72,101,112,48,85,38,85,1170,0,566,0,1145
34920,5,-0.08,-0.03,-0.4,-0.3,2,0.2,0.2,0.15,60,61.87,1846,1810,95,1715,642,0,0,654,0,419,2,34,26,1872,1061,654,1872,792133.56,8313.28,65,91,128,91,110,61,68,1101,642,0,0,1073
34921,5,-0.08,-0.03,-0.4,-0.25,1,0.1,0.1,0.15,20,59.89,2753,2697,59,2638,1275,469,589,0,305,0,2,54,30,2783,1580,1058,2783,331023.24,3508.74,701,483,368,1086,0,0,0,0,1275,469,894,0
34922,5,-0.08,-0.03,-0.4,-0.25,1,0.1,0.1,0.15,20,51.47,2751,2695,76,2619,0,535,736,0,1348,0,2,54,32,2783,1348,1271,2783,263725.16,2874.25,119,140,193,2167,0,0,0,0,0,535,2084,0
34923,5,-0.08,-0.03,-0.4,-0.25,1,0.1,0.1,0.15,20,62.14,2748,2692,61,2631,1299,0,996,0,336,0,2,54,35,2783,1635,996,2783,450345.07,4705.66,582,363,215,1471,0,0,0,0,1299,0,1332,0
34924,5,-0.08,-0.03,-0.4,-0.25,1,0.1,0.1,0.15,30,62.4,2753,2697,101,2596,1468,600,376,0,152,0,2,54,30,2783,1620,976,2783,378180.06,4074.67,701,483,368,192,195,657,0,0,1468,600,528,0
34925,5,-0.08,-0.03,-0.4,-0.25,1,0.1,0.1,0.15,30,49.71,2751,2695,150,2545,0,726,554,0,1265,0,2,54,32,2783,1265,1280,2783,214794.26,2510.83,119,140,193,83,141,1869,0,0,0,726,1819,0
34926,5,-0.08,-0.03,-0.4,-0.25,1,0.1,0.1,0.15,30,67.03,2745,2689,108,2581,1536,0,851,0,194,0,2,54,38,2783,1730,851,2783,662632.56,6949.83,582,363,215,139,122,1160,0,0,1536,0,1045,0
34927,5,-0.08,-0.03,-0.4,-0.25,1,0.1,0.1,0.15,40,63.56,2753,2697,104,2593,1543,692,183,70,67,38,2,54,30,2783,1648,945,2783,363698.56,3905.62,701,483,368,192,195,129,101,424,1543,692,250,108
34928,5,-0.08,-0.03,-0.4,-0.25,1,0.1,0.1,0.15,40,48.52,2751,2695,160,2535,0,861,328,116,521,709,2,54,32,2783,1230,1305,2783,200789.7,2267.76,119,140,193,83,141,50,123,1686,0,861,849,825
34929,5,-0.08,-0.03,-0.4,-0.25,1,0.1,0.1,0.15,40,70.33,2745,2689,111,2578,1657,0,524,241,80,76,2,54,38,2783,1813,765,2783,768456.74,8003.8,582,363,215,139,122,115,78,964,1657,0,604,317
34930,5,-0.08,-0.03,-0.4,-0.25,1,0.1,0.1,0.15,50,63.36,2753,2697,104,2593,1545,704,0,246,0,98,2,54,30,2783,1643,950,2783,347346.9,3753.92,701,483,368,192,195,129,101,424,1545,704,0,344
34931,5,-0.08,-0.03,-0.4,-0.25,1,0.1,0.1,0.15,50,47.57,2751,2695,160,2535,0,887,0,442,0,1206,2,54,32,2783,1206,1329,2783,134601.27,1587.42,119,140,193,83,141,50,123,1686,0,887,0,1648
34932,5,-0.08,-0.03,-0.4,-0.25,1,0.1,0.1,0.15,50,70.21,2745,2689,111,2578,1660,0,0,768,0,150,2,54,38,2783,1810,768,2783,746225.84,7790.86,582,363,215,139,122,115,78,964,1660,0,0,918
34933,5,-0.08,-0.03,-0.4,-0.25,1,0.1,0.1,0.15,60,63.36,2753,2697,104,2593,1545,704,0,246,0,98,2,54,30,2783,1643,950,2783,347346.9,3753.92,701,483,368,192,195,129,101,424,1545,704,0,344
34934,5,-0.08,-0.03,-0.4,-0.25,1,0.1,0.1,0.15,60,47.57,2751,2695,160,2535,0,887,0,442,0,1206,2,54,32,2783,1206,1329,2783,134601.27,1587.42,119,140,193,83,141,50,123,1686,0,887,0,1648
34935,5,-0.08,-0.03,-0.4,-0.25,1,0.1,0.1,0.15,60,70.21,2745,2689,111,2578,1660,0,0,768,0,150,2,54,38,2783,1810,768,2783,746225.84,7790.86,582,363,215,139,122,115,78,964,1660,0,0,918
34936,5,-0.08,-0.03,-0.4,-0.25,1,0.1,0.2,0.15,20,52.46,2753,2697,70,2627,490,528,721,0,888,0,2,54,30,2783,1378,1249,2783,381730.42,4037.07,206,267,349,1805,0,0,0,0,490,528,1609,0
34937,5,-0.08,-0.03,-0.4,-0.25,1,0.1,0.2,0.15,20,51.47,2751,2695,76,2619,0,535,736,0,1348,0,2,54,32,2783,1348,1271,2783,263725.16,2874.25,119,140,193,2167,0,0,0,0,0,535,2084,0
34938,5,-0.08,-0.03,-0.4,-0.25,1,0.1,0.2,0.15,20,54.35,2748,2692,72,2620,493,0,1196,0,931,0,2,54,35,2783,1424,1196,2783,473960.73,4931.74,87,128,161,2244,0,0,0,0,493,0,2127,0
34939,5,-0.08,-0.03,-0.4,-0.25,1,0.1,0.2,0.15,30,51.87,2753,2697,133,2564,694,708,526,0,636,0,2,54,30,2783,1330,1234,2783,438548.87,4724.23,206,267,349,196,260,1286,0,0,694,708,1162,0
34940,5,-0.08,-0.03,-0.4,-0.25,1,0.1,0.2,0.15,30,49.71,2751,2695,150,2545,0,726,554,0,1265,0,2,54,32,2783,1265,1280,2783,214794.26,2510.83,119,140,193,83,141,1869,0,0,0,726,1819,0
34941,5,-0.08,-0.03,-0.4,-0.25,1,0.1,0.2,0.15,30,56.69,2743,2687,140,2547,716,0,1103,0,728,0,2,54,40,2783,1444,1103,2783,720774.35,7560.5,87,128,161,117,140,1914,0,0,716,0,1831,0
34942,5,-0.08,-0.03,-0.4,-0.25,1,0.1,0.2,0.15,40,51.62,2753,2697,140,2557,799,831,295,111,241,280,2,54,30,2783,1320,1237,2783,443908.14,4778.0,206,267,349,196,260,124,155,1000,799,831,536,391
34943,5,-0.08,-0.03,-0.4,-0.25,1,0.1,0.2,0.15,40,48.52,2751,2695,160,2535,0,861,328,116,521,709,2,54,32,2783,1230,1305,2783,200789.7,2267.76,119,140,193,83,141,50,123,1686,0,861,849,825
34944,5,-0.08,-0.03,-0.4,-0.25,1,0.1,0.2,0.15,40,58.78,2743,2687,147,2540,847,0,748,299,272,374,2,54,40,2783,1493,1047,2783,894470.7,9349.79,87,128,161,117,140,83,102,1722,847,0,1020,673
34945,5,-0.08,-0.03,-0.4,-0.25,1,0.1,0.2,0.15,50,51.08,2753,2697,140,2557,805,852,0,399,0,501,2,54,30,2783,1306,1251,2783,407580.51,4420.14,206,267,349,196,260,124,155,1000,805,852,0,900
34946,5,-0.08,-0.03,-0.4,-0.25,1,0.1,0.2,0.15,50,47.57,2751,2695,160,2535,0,887,0,442,0,1206,2,54,32,2783,1206,1329,2783,134601.27,1587.42,119,140,193,83,141,50,123,1686,0,887,0,1648
34947,5,-0.08,-0.03,-0.4,-0.25,1,0.1,0.2,0.15,50,58.43,2743,2687,147,2540,854,0,0,1056,0,630,2,54,40,2783,1484,1056,2783,857230.11,8983.24,87,128,161,117,140,83,102,1722,854,0,0,1686
34948,5,-0.08,-0.03,-0.4,-0.25,1,0.1,0.2,0.15,60,51.08,2753,2697,140,2557,805,852,0,399,0,501,2,54,30,2783,1306,1251,2783,407580.51,4420.14,206,267,349,196,260,124,155,1000,805,852,0,900
34949,5,-0.08,-0.03,-0.4,-0.25,1,0.1,0.2,0.15,60,47.57,2751,2695,160,2535,0,887,0,442,0,1206,2,54,32,2783,1206,1329,2783,134601.27,1587.42,119,140,193,83,141,50,123,1686,0,887,0,1648
34950,5,-0.08,-0.03,-0.4,-0.25,1,0.1,0.2,0.15,60,58.43,2743,2687,147,2540,854,0,0,1056,0,630,2,54,40,2783,1484,1056,2783,857230.11,8983.24,87,128,161,117,140,83,102,1722,854,0,0,1686
34951,5,-0.08,-0.03,-0.4,-0.25,1,0.2,0.1,0.15,20,59.89,2753,2697,59,2638,1275,469,589,0,305,0,2,54,30,2783,1580,1058,2783,331023.24,3508.74,701,483,368,1086,0,0,0,0,1275,469,894,0
34952,5,-0.08,-0.03,-0.4,-0.25,1,0.2,0.1,0.15,20,51.47,2751,2695,76,2619,0,535,736,0,1348,0,2,54,32,2783,1348,1271,2783,263725.16,2874.25,119,140,193,2167,0,0,0,0,0,535,2084,0
34953,5,-0.08,-0.03,-0.4,-0.25,1,0.2,0.1,0.15,20,62.14,2748,2692,61,2631,1299,0,996,0,336,0,2,54,35,2783,1635,996,2783,450345.07,4705.66,582,363,215,1471,0,0,0,0,1299,0,1332,0
34954,5,-0.08,-0.03,-0.4,-0.25,1,0.2,0.1,0.15,30,62.4,2753,2697,101,2596,1468,600,376,0,152,0,2,54,30,2783,1620,976,2783,378180.06,4074.67,701,483,368,192,195,657,0,0,1468,600,528,0
34955,5,-0.08,-0.03,-0.4,-0.25,1,0.2,0.1,0.15,30,49.71,2751,2695,150,2545,0,726,554,0,1265,0,2,54,32,2783,1265,1280,2783,214794.26,2510.83,119,140,193,83,141,1869,0,0,0,726,1819,0
34956,5,-0.08,-0.03,-0.4,-0.25,1,0.2,0.1,0.15,30,67.03,2745,2689,108,2581,1536,0,851,0,194,0,2,54,38,2783,1730,851,2783,662632.56,6949.83,582,363,215,139,122,1160,0,0,1536,0,1045,0
34957,5,-0.08,-0.03,-0.4,-0.25,1,0.2,0.1,0.15,40,63.56,2753,2697,104,2593,1543,692,183,70,67,38,2,54,30,2783,1648,945,2783,363698.56,3905.62,701,483,368,192,195,129,101,424,1543,692,250,108
34958,5,-0.08,-0.03,-0.4,-0.25,1,0.2,0.1,0.15,40,48.52,2751,2695,160,2535,0,861,328,116,521,709,2,54,32,2783,1230,1305,2783,200789.7,2267.76,119,140,193,83,141,50,123,1686,0,861,849,825
34959,5,-0.08,-0.03,-0.4,-0.25,1,0.2,0.1,0.15,40,70.33,2745,2689,111,2578,1657,0,524,241,80,76,2,54,38,2783,1813,765,2783,768456.74,8003.8,582,363,215,139,122,115,78,964,1657,0,604,317
34960,5,-0.08,-0.03,-0.4,-0.25,1,0.2,0.1,0.15,50,63.36,2753,2697,104,2593,1545,704,0,246,0,98,2,54,30,2783,1643,950,2783,347346.9,3753.92,701,483,368,192,195,129,101,424,1545,704,0,344
34961,5,-0.08,-0.03,-0.4,-0.25,1,0.2,0.1,0.15,50,47.57,2751,2695,160,2535,0,887,0,442,0,1206,2,54,32,2783,1206,1329,2783,134601.27,1587.42,119,140,193,83,141,50,123,1686,0,887,0,1648
34962,5,-0.08,-0.03,-0.4,-0.25,1,0.2,0.1,0.15,50,70.21,2745,2689,111,2578,1660,0,0,768,0,150,2,54,38,2783,1810,768,2783,746225.84,7790.86,582,363,215,139,122,115,78,964,1660,0,0,918
34963,5,-0.08,-0.03,-0.4,-0.25,1,0.2,0.1,0.15,60,63.36,2753,2697,104,2593,1545,704,0,246,0,98,2,54,30,2783,1643,950,2783,347346.9,3753.92,701,483,368,192,195,129,101,424,1545,704,0,344
34964,5,-0.08,-0.03,-0.4,-0.25,1,0.2,0.1,0.15,60,47.57,2751,2695,160,2535,0,887,0,442,0,1206,2,54,32,2783,1206,1329,2783,134601.27,1587.42,119,140,193,83,141,50,123,1686,0,887,0,1648
34965,5,-0.08,-0.03,-0.4,-0.25,1,0.2,0.1,0.15,60,70.21,2745,2689,111,2578,1660,0,0,768,0,150,2,54,38,2783,1810,768,2783,746225.84,7790.86,582,363,215,139,122,115,78,964,1660,0,0,918
34966,5,-0.08,-0.03,-0.4,-0.25,1,0.2,0.2,0.15,20,52.46,2753,2697,70,2627,490,528,721,0,888,0,2,54,30,2783,1378,1249,2783,381730.42,4037.07,206,267,349,1805,0,0,0,0,490,528,1609,0
34967,5,-0.08,-0.03,-0.4,-0.25,1,0.2,0.2,0.15,20,51.47,2751,2695,76,2619,0,535,736,0,1348,0,2,54,32,2783,1348,1271,2783,263725.16,2874.25,119,140,193,2167,0,0,0,0,0,535,2084,0
34968,5,-0.08,-0.03,-0.4,-0.25,1,0.2,0.2,0.15,20,54.35,2748,2692,72,2620,493,0,1196,0,931,0,2,54,35,2783,1424,1196,2783,473960.73,4931.74,87,128,161,2244,0,0,0,0,493,0,2127,0
34969,5,-0.08,-0.03,-0.4,-0.25,1,0.2,0.2,0.15,30,51.87,2753,2697,133,2564,694,708,526,0,636,0,2,54,30,2783,1330,1234,2783,438548.87,4724.23,206,267,349,196,260,1286,0,0,694,708,1162,0
34970,5,-0.08,-0.03,-0.4,-0.25,1,0.2,0.2,0.15,30,49.71,2751,2695,150,2545,0,726,554,0,1265,0,2,54,32,2783,1265,1280,2783,214794.26,2510.83,119,140,193,83,141,1869,0,0,0,726,1819,0
34971,5,-0.08,-0.03,-0.4,-0.25,1,0.2,0.2,0.15,30,56.69,2743,2687,140,2547,716,0,1103,0,728,0,2,54,40,2783,1444,1103,2783,720774.35,7560.5,87,128,161,117,140,1914,0,0,716,0,1831,0
34972,5,-0.08,-0.03,-0.4,-0.25,1,0.2,0.2,0.15,40,51.62,2753,2697,140,2557,799,831,295,111,241,280,2,54,30,2783,1320,1237,2783,443908.14,4778.0,206,267,349,196,260,124,155,1000,799,831,536,391
34973,5,-0.08,-0.03,-0.4,-0.25,1,0.2,0.2,0.15,40,48.52,2751,2695,160,2535,0,861,328,116,521,709,2,54,32,2783,1230,1305,2783,200789.7,2267.76,119,140,193,83,141,50,123,1686,0,861,849,825
34974,5,-0.08,-0.03,-0.4,-0.25,1,0.2,0.2,0.15,40,58.78,2743,2687,147,2540,847,0,748,299,272,374,2,54,40,2783,1493,1047,2783,894470.7,9349.79,87,128,161,117,140,83,102,1722,847,0,1020,673
34975,5,-0.08,-0.03,-0.4,-0.25,1,0.2,0.2,0.15,50,51.08,2753,2697,140,2557,805,852,0,399,0,501,2,54,30,2783,1306,1251,2783,407580.51,4420.14,206,267,349,196,260,124,155,1000,805,852,0,900
34976,5,-0.08,-0.03,-0.4,-0.25,1,0.2,0.2,0.15,50,47.57,2751,2695,160,2535,0,887,0,442,0,1206,2,54,32,2783,1206,1329,2783,134601.27,1587.42,119,140,193,83,141,50,123,1686,0,887,0,1648
34977,5,-0.08,-0.03,-0.4,-0.25,1,0.2,0.2,0.15,50,58.43,2743,2687,147,2540,854,0,0,1056,0,630,2,54,40,2783,1484,1056,2783,857230.11,8983.24,87,128,161,117,140,83,102,1722,854,0,0,1686
34978,5,-0.08,-0.03,-0.4,-0.25,1,0.2,0.2,0.15,60,51.08,2753,2697,140,2557,805,852,0,399,0,501,2,54,30,2783,1306,1251,2783,407580.51,4420.14,206,267,349,196,260,124,155,1000,805,852,0,900
34979,5,-0.08,-0.03,-0.4,-0.25,1,0.2,0.2,0.15,60,47.57,2751,2695,160,2535,0,887,0,442,0,1206,2,54,32,2783,1206,1329,2783,134601.27,1587.42,119,140,193,83,141,50,123,1686,0,887,0,1648
34980,5,-0.08,-0.03,-0.4,-0.25,1,0.2,0.2,0.15,60,58.43,2743,2687,147,2540,854,0,0,1056,0,630,2,54,40,2783,1484,1056,2783,857230.11,8983.24,87,128,161,117,140,83,102,1722,854,0,0,1686
34981,5,-0.08,-0.03,-0.4,-0.25,2,0.1,0.1,0.15,20,64.22,2753,2697,59,2638,1377,458,486,0,317,0,2,54,30,2783,1694,944,2783,512688.74,7807.14,724,522,387,1005,0,0,0,0,1377,458,803,0
34982,5,-0.08,-0.03,-0.4,-0.25,2,0.1,0.1,0.15,20,55.94,2751,2695,76,2619,0,535,619,0,1465,0,2,54,32,2783,1465,1154,2783,446937.03,7660.61,119,140,193,2167,0,0,0,0,0,535,2084,0
34983,5,-0.08,-0.03,-0.4,-0.25,2,0.1,0.1,0.15,20,68.34,2748,2692,61,2631,1437,0,833,0,361,0,2,54,35,2783,1798,833,2783,742979.9,9483.11,608,410,255,1358,0,0,0,0,1437,0,1194,0
34984,5,-0.08,-0.03,-0.4,-0.25,2,0.1,0.1,0.15,30,67.08,2753,2697,100,2597,1573,580,275,0,169,0,2,54,30,2783,1742,855,2783,580946.45,8758.72,724,522,387,202,210,552,0,0,1573,580,444,0
34985,5,-0.08,-0.03,-0.4,-0.25,2,0.1,0.1,0.15,30,53.95,2751,2695,150,2545,0,726,446,0,1373,0,2,54,32,2783,1373,1172,2783,501307.69,8289.54,119,140,193,83,141,1869,0,0,0,726,1819,0
34986,5,-0.08,-0.03,-0.4,-0.25,2,0.1,0.1,0.15,30,74.9,2745,2689,107,2582,1698,0,648,0,236,0,2,54,38,2783,1934,648,2783,1126346.71,12112.08,608,410,255,164,153,992,0,0,1698,0,884,0
34987,5,-0.08,-0.03,-0.4,-0.25,2,0.1,0.1,0.15,40,67.62,2753,2697,103,2594,1642,660,141,39,79,33,2,54,30,2783,1754,840,2783,548980.19,8850.21,724,522,387,202,210,108,88,353,1642,660,220,72
34988,5,-0.08,-0.03,-0.4,-0.25,2,0.1,0.1,0.15,40,52.27,2751,2695,160,2535,0,861,274,75,575,750,2,54,32,2783,1325,1210,2783,507665.19,8684.77,119,140,193,83,141,50,123,1686,0,861,849,825
34989,5,-0.08,-0.03,-0.4,-0.25,2,0.1,0.1,0.15,40,78.13,2745,2689,110,2579,1838,0,420,144,100,77,2,54,38,2783,2015,564,2783,1302601.33,13270.33,608,410,255,164,153,108,88,793,1838,0,520,221
34990,5,-0.08,-0.03,-0.4,-0.25,2,0.1,0.1,0.15,50,67.31,2753,2697,103,2594,1648,671,0,177,0,98,2,54,30,2783,1746,848,2783,525975.95,8748.46,724,522,387,202,210,108,88,353,1648,671,0,275
34991,5,-0.08,-0.03,-0.4,-0.25,2,0.1,0.1,0.15,50,51.05,2751,2695,160,2535,0,887,0,354,0,1294,2,54,32,2783,1294,1241,2783,415242.28,8050.25,119,140,193,83,141,50,123,1686,0,887,0,1648
34992,5,-0.08,-0.03,-0.4,-0.25,2,0.1,0.1,0.15,50,78.09,2745,2689,110,2579,1846,0,0,565,0,168,2,54,38,2783,2014,565,2783,1267504.93,13105.04,608,410,255,164,153,108,88,793,1846,0,0,733
34993,5,-0.08,-0.03,-0.4,-0.25,2,0.1,0.1,0.15,60,67.31,2753,2697,103,2594,1648,671,0,177,0,98,2,54,30,2783,1746,848,2783,525975.95,8748.46,724,522,387,202,210,108,88,353,1648,671,0,275
34994,5,-0.08,-0.03,-0.4,-0.25,2,0.1,0.1,0.15,60,51.05,2751,2695,160,2535,0,887,0,354,0,1294,2,54,32,2783,1294,1241,2783,415242.28,8050.25,119,140,193,83,141,50,123,1686,0,887,0,1648
34995,5,-0.08,-0.03,-0.4,-0.25,2,0.1,0.1,0.15,60,78.09,2745,2689,110,2579,1846,0,0,565,0,168,2,54,38,2783,2014,565,2783,1267504.93,13105.04,608,410,255,164,153,108,88,793,1846,0,0,733
34996,5,-0.08,-0.03,-0.4,-0.25,2,0.1,0.2,0.15,20,56.76,2753,2697,70,2627,528,528,608,0,963,0,2,54,30,2783,1491,1136,2783,581097.85,8820.81,208,275,362,1782,0,0,0,0,528,528,1571,0
34997,5,-0.08,-0.03,-0.4,-0.25,2,0.1,0.2,0.15,20,55.94,2751,2695,76,2619,0,535,619,0,1465,0,2,54,32,2783,1465,1154,2783,446937.03,7660.61,119,140,193,2167,0,0,0,0,0,535,2084,0
34998,5,-0.08,-0.03,-0.4,-0.25,2,0.1,0.2,0.15,20,60.76,2748,2692,72,2620,540,0,1028,0,1052,0,2,54,35,2783,1592,1028,2783,732018.27,10160.76,89,139,177,2215,0,0,0,0,540,0,2080,0
34999,5,-0.08,-0.03,-0.4,-0.25,2,0.1,0.2,0.15,30,55.83,2753,2697,132,2565,759,708,425,0,673,0,2,54,30,2783,1432,1133,2783,722580.77,10324.47,208,275,362,211,274,1235,0,0,759,708,1098,0
35000,5,-0.08,-0.03,-0.4,-0.25,2,0.1,0.2,0.15,30,53.95,2751,2695,150,2545,0,726,446,0,1373,0,2,54,32,2783,1373,1172,2783,501307.69,8289.54,119,140,193,83,141,1869,0,0,0,726,1819,0
35001,5,-0.08,-0.03,-0.4,-0.25,2,0.1,0.2,0.15,30,63.89,2743,2687,139,2548,808,0,920,0,820,0,2,54,40,2783,1628,920,2783,1248445.0,13778.21,89,139,177,135,162,1846,0,0,808,0,1740,0
35002,5,-0.08,-0.03,-0.4,-0.25,2,0.1,0.2,0.15,40,55.28,2753,2697,139,2558,880,829,243,72,269,265,2,54,30,2783,1414,1144,2783,738568.66,10892.25,208,275,362,211,274,137,159,932,880,829,512,337
35003,5,-0.08,-0.03,-0.4,-0.25,2,0.1,0.2,0.15,40,52.27,2751,2695,160,2535,0,861,274,75,575,750,2,54,32,2783,1325,1210,2783,507665.19,8684.77,119,140,193,83,141,50,123,1686,0,861,849,825
35004,5,-0.08,-0.03,-0.4,-0.25,2,0.1,0.2,0.15,40,66.55,2743,2687,146,2541,974,0,650,200,332,385,2,54,40,2783,1691,850,2783,1612320.92,16144.67,89,139,177,135,162,106,119,1614,974,0,982,585
35005,5,-0.08,-0.03,-0.4,-0.25,2,0.1,0.2,0.15,50,54.61,2753,2697,139,2558,885,849,0,312,0,512,2,54,30,2783,1397,1161,2783,687497.32,10597.8,208,275,362,211,274,137,159,932,885,849,0,824
35006,5,-0.08,-0.03,-0.4,-0.25,2,0.1,0.2,0.15,50,51.05,2751,2695,160,2535,0,887,0,354,0,1294,2,54,32,2783,1294,1241,2783,415242.28,8050.25,119,140,193,83,141,50,123,1686,0,887,0,1648
35007,5,-0.08,-0.03,-0.4,-0.25,2,0.1,0.2,0.15,50,66.43,2743,2687,146,2541,980,0,0,853,0,708,2,54,40,2783,1688,853,2783,1558404.99,15835.96,89,139,177,135,162,106,119,1614,980,0,0,1561
35008,5,-0.08,-0.03,-0.4,-0.25,2,0.1,0.2,0.15,60,54.61,2753,2697,139,2558,885,849,0,312,0,512,2,54,30,2783,1397,1161,2783,687497.32,10597.8,208,275,362,211,274,137,159,932,885,849,0,824
35009,5,-0.08,-0.03,-0.4,-0.25,2,0.1,0.2,0.15,60,51.05,2751,2695,160,2535,0,887,0,354,0,1294,2,54,32,2783,1294,1241,2783,415242.28,8050.25,119,140,193,83,141,50,123,1686,0,887,0,1648
35010,5,-0.08,-0.03,-0.4,-0.25,2,0.1,0.2,0.15,60,66.43,2743,2687,146,2541,980,0,0,853,0,708,2,54,40,2783,1688,853,2783,1558404.99,15835.96,89,139,177,135,162,106,119,1614,980,0,0,1561
35011,5,-0.08,-0.03,-0.4,-0.25,2,0.2,0.1,0.15,20,59.89,2753,2697,59,2638,1275,469,589,0,305,0,2,54,30,2783,1580,1058,2783,331023.24,3508.74,701,483,368,1086,0,0,0,0,1275,469,894,0
35012,5,-0.08,-0.03,-0.4,-0.25,2,0.2,0.1,0.15,20,51.47,2751,2695,76,2619,0,535,736,0,1348,0,2,54,32,2783,1348,1271,2783,263725.16,2874.25,119,140,193,2167,0,0,0,0,0,535,2084,0
35013,5,-0.08,-0.03,-0.4,-0.25,2,0.2,0.1,0.15,20,62.14,2748,2692,61,2631,1299,0,996,0,336,0,2,54,35,2783,1635,996,2783,450345.07,4705.66,582,363,215,1471,0,0,0,0,1299,0,1332,0
35014,5,-0.08,-0.03,-0.4,-0.25,2,0.2,0.1,0.15,30,62.4,2753,2697,101,2596,1468,600,376,0,152,0,2,54,30,2783,1620,976,2783,378180.06,4074.67,701,483,368,192,195,657,0,0,1468,600,528,0
35015,5,-0.08,-0.03,-0.4,-0.25,2,0.2,0.1,0.15,30,49.71,2751,2695,150,2545,0,726,554,0,1265,0,2,54,32,2783,1265,1280,2783,214794.26,2510.83,119,140,193,83,141,1869,0,0,0,726,1819,0
35016,5,-0.08,-0.03,-0.4,-0.25,2,0.2,0.1,0.15,30,67.03,2745,2689,108,2581,1536,0,851,0,194,0,2,54,38,2783,1730,851,2783,662632.56,6949.83,582,363,215,139,122,1160,0,0,1536,0,1045,0
35017,5,-0.08,-0.03,-0.4,-0.25,2,0.2,0.1,0.15,40,63.56,2753,2697,104,2593,1543,692,183,70,67,38,2,54,30,2783,1648,945,2783,363698.56,3905.62,701,483,368,192,195,129,101,424,1543,692,250,108
35018,5,-0.08,-0.03,-0.4,-0.25,2,0.2,0.1,0.15,40,48.52,2751,2695,160,2535,0,861,328,116,521,709,2,54,32,2783,1230,1305,2783,200789.7,2267.76,119,140,193,83,141,50,123,1686,0,861,849,825
35019,5,-0.08,-0.03,-0.4,-0.25,2,0.2,0.1,0.15,40,70.33,2745,2689,111,2578,1657,0,524,241,80,76,2,54,38,2783,1813,765,2783,768456.74,8003.8,582,363,215,139,122,115,78,964,1657,0,604,317
35020,5,-0.08,-0.03,-0.4,-0.25,2,0.2,0.1,0.15,50,63.36,2753,2697,104,2593,1545,704,0,246,0,98,2,54,30,2783,1643,950,2783,347346.9,3753.92,701,483,368,192,195,129,101,424,1545,704,0,344
35021,5,-0.08,-0.03,-0.4,-0.25,2,0.2,0.1,0.15,50,47.57,2751,2695,160,2535,0,887,0,442,0,1206,2,54,32,2783,1206,1329,2783,134601.27,1587.42,119,140,193,83,141,50,123,1686,0,887,0,1648
35022,5,-0.08,-0.03,-0.4,-0.25,2,0.2,0.1,0.15,50,70.21,2745,2689,111,2578,1660,0,0,768,0,150,2,54,38,2783,1810,768,2783,746225.84,7790.86,582,363,215,139,122,115,78,964,1660,0,0,918
35023,5,-0.08,-0.03,-0.4,-0.25,2,0.2,0.1,0.15,60,63.36,2753,2697,104,2593,1545,704,0,246,0,98,2,54,30,2783,1643,950,2783,347346.9,3753.92,701,483,368,192,195,129,101,424,1545,704,0,344
35024,5,-0.08,-0.03,-0.4,-0.25,2,0.2,0.1,0.15,60,47.57,2751,2695,160,2535,0,887,0,442,0,1206,2,54,32,2783,1206,1329,2783,134601.27,1587.42,119,140,193,83,141,50,123,1686,0,887,0,1648
35025,5,-0.08,-0.03,-0.4,-0.25,2,0.2,0.1,0.15,60,70.21,2745,2689,111,2578,1660,0,0,768,0,150,2,54,38,2783,1810,768,2783,746225.84,7790.86,582,363,215,139,122,115,78,964,1660,0,0,918
35026,5,-0.08,-0.03,-0.4,-0.25,2,0.2,0.2,0.15,20,52.46,2753,2697,70,2627,490,528,721,0,888,0,2,54,30,2783,1378,1249,2783,381730.42,4037.07,206,267,349,1805,0,0,0,0,490,528,1609,0
35027,5,-0.08,-0.03,-0.4,-0.25,2,0.2,0.2,0.15,20,51.47,2751,2695,76,2619,0,535,736,0,1348,0,2,54,32,2783,1348,1271,2783,263725.16,2874.25,119,140,193,2167,0,0,0,0,0,535,2084,0
35028,5,-0.08,-0.03,-0.4,-0.25,2,0.2,0.2,0.15,20,54.35,2748,2692,72,2620,493,0,1196,0,931,0,2,54,35,2783,1424,1196,2783,473960.73,4931.74,87,128,161,2244,0,0,0,0,493,0,2127,0
35029,5,-0.08,-0.03,-0.4,-0.25,2,0.2,0.2,0.15,30,51.87,2753,2697,133,2564,694,708,526,0,636,0,2,54,30,2783,1330,1234,2783,438548.87,4724.23,206,267,349,196,260,1286,0,0,694,708,1162,0
35030,5,-0.08,-0.03,-0.4,-0.25,2,0.2,0.2,0.15,30,49.71,2751,2695,150,2545,0,726,554,0,1265,0,2,54,32,2783,1265,1280,2783,214794.26,2510.83,119,140,193,83,141,1869,0,0,0,726,1819,0
35031,5,-0.08,-0.03,-0.4,-0.25,2,0.2,0.2,0.15,30,56.69,2743,2687,140,2547,716,0,1103,0,728,0,2,54,40,2783,1444,1103,2783,720774.35,7560.5,87,128,161,117,140,1914,0,0,716,0,1831,0
35032,5,-0.08,-0.03,-0.4,-0.25,2,0.2,0.2,0.15,40,51.62,2753,2697,140,2557,799,831,295,111,241,280,2,54,30,2783,1320,1237,2783,443908.14,4778.0,206,267,349,196,260,124,155,1000,799,831,536,391
35033,5,-0.08,-0.03,-0.4,-0.25,2,0.2,0.2,0.15,40,48.52,2751,2695,160,2535,0,861,328,116,521,709,2,54,32,2783,1230,1305,2783,200789.7,2267.76,119,140,193,83,141,50,123,1686,0,861,849,825
35034,5,-0.08,-0.03,-0.4,-0.25,2,0.2,0.2,0.15,40,58.78,2743,2687,147,2540,847,0,748,299,272,374,2,54,40,2783,1493,1047,2783,894470.7,9349.79,87,128,161,117,140,83,102,1722,847,0,1020,673
35035,5,-0.08,-0.03,-0.4,-0.25,2,0.2,0.2,0.15,50,51.08,2753,2697,140,2557,805,852,0,399,0,501,2,54,30,2783,1306,1251,2783,407580.51,4420.14,206,267,349,196,260,124,155,1000,805,852,0,900
35036,5,-0.08,-0.03,-0.4,-0.25,2,0.2,0.2,0.15,50,47.57,2751,2695,160,2535,0,887,0,442,0,1206,2,54,32,2783,1206,1329,2783,134601.27,1587.42,119,140,193,83,141,50,123,1686,0,887,0,1648
35037,5,-0.08,-0.03,-0.4,-0.25,2,0.2,0.2,0.15,50,58.43,2743,2687,147,2540,854,0,0,1056,0,630,2,54,40,2783,1484,1056,2783,857230.11,8983.24,87,128,161,117,140,83,102,1722,854,0,0,1686
35038,5,-0.08,-0.03,-0.4,-0.25,2,0.2,0.2,0.15,60,51.08,2753,2697,140,2557,805,852,0,399,0,501,2,54,30,2783,1306,1251,2783,407580.51,4420.14,206,267,349,196,260,124,155,1000,805,852,0,900
35039,5,-0.08,-0.03,-0.4,-0.25,2,0.2,0.2,0.15,60,47.57,2751,2695,160,2535,0,887,0,442,0,1206,2,54,32,2783,1206,1329,2783,134601.27,1587.42,119,140,193,83,141,50,123,1686,0,887,0,1648
35040,5,-0.08,-0.03,-0.4,-0.25,2,0.2,0.2,0.15,60,58.43,2743,2687,147,2540,854,0,0,1056,0,630,2,54,40,2783,1484,1056,2783,857230.11,8983.24,87,128,161,117,140,83,102,1722,854,0,0,1686
35041,5,-0.08,-0.02,-0.6,-0.45,1,0.1,0.1,0.15,20,64.22,2592,2362,84,2278,1312,429,386,0,151,0,10,220,13,2605,1463,815,2605,491289.7,5067.97,734,488,308,748,0,0,0,0,1312,429,537,0
35042,5,-0.08,-0.02,-0.6,-0.45,1,0.1,0.1,0.15,20,56.84,2591,2361,116,2245,0,461,508,0,1276,0,10,220,14,2605,1276,969,2605,1066161.76,10999.71,69,161,129,1886,0,0,0,0,0,461,1784,0
35043,5,-0.08,-0.02,-0.6,-0.45,1,0.1,0.1,0.15,20,67.81,2592,2362,85,2277,1365,0,733,0,179,0,10,220,13,2605,1544,733,2605,688496.58,7049.46,668,344,211,1054,0,0,0,0,1365,0,912,0
35044,5,-0.08,-0.02,-0.6,-0.45,1,0.1,0.1,0.15,30,67.68,2592,2362,128,2234,1450,534,188,0,62,0,10,220,13,2605,1512,722,2605,528624.66,5447.82,734,488,308,211,141,352,0,0,1450,534,250,0
35045,5,-0.08,-0.02,-0.6,-0.45,1,0.1,0.1,0.15,30,55.07,2588,2358,190,2168,0,618,356,0,1194,0,10,220,17,2605,1194,974,2605,1079989.79,11142.83,69,161,129,102,86,1621,0,0,0,618,1550,0
35046,5,-0.08,-0.02,-0.6,-0.45,1,0.1,0.1,0.15,30,75.45,2592,2362,138,2224,1564,0,546,0,114,0,10,220,13,2605,1678,546,2605,916484.25,9412.34,668,344,211,142,111,748,0,0,1564,0,660,0
35047,5,-0.08,-0.02,-0.6,-0.45,1,0.1,0.1,0.15,40,68.97,2592,2362,135,2227,1501,597,72,22,18,17,10,220,13,2605,1536,691,2605,541029.9,5573.4,734,488,308,211,141,102,68,175,1501,597,90,39
35048,5,-0.08,-0.02,-0.6,-0.45,1,0.1,0.1,0.15,40,53.9,2585,2355,212,2143,0,747,188,53,390,765,10,220,20,2605,1155,988,2605,1282089.05,13273.88,69,161,129,102,86,71,106,1419,0,747,578,818
35049,5,-0.08,-0.02,-0.6,-0.45,1,0.1,0.1,0.15,40,78.52,2592,2362,146,2216,1662,0,342,134,25,53,10,220,13,2605,1740,476,2605,1024931.65,10506.38,668,344,211,142,111,88,64,588,1662,0,367,187
35050,5,-0.08,-0.02,-0.6,-0.45,1,0.1,0.1,0.15,50,68.7,2592,2362,135,2227,1501,606,0,91,0,29,10,220,13,2605,1530,697,2605,530768.62,5467.05,734,488,308,211,141,102,68,175,1501,606,0,120
35051,5,-0.08,-0.02,-0.6,-0.45,1,0.1,0.1,0.15,50,52.92,2585,2355,212,2143,0,775,0,234,0,1134,10,220,20,2605,1134,1009,2605,1230284.73,12737.75,69,161,129,102,86,71,106,1419,0,775,0,1368
35052,5,-0.08,-0.02,-0.6,-0.45,1,0.1,0.1,0.15,50,78.38,2592,2362,146,2216,1663,0,0,479,0,74,10,220,13,2605,1737,479,2605,993729.45,10179.55,668,344,211,142,111,88,64,588,1663,0,0,553
35053,5,-0.08,-0.02,-0.6,-0.45,1,0.1,0.1,0.15,60,68.7,2592,2362,135,2227,1501,606,0,91,0,29,10,220,13,2605,1530,697,2605,530768.62,5467.05,734,488,308,211,141,102,68,175,1501,606,0,120
35054,5,-0.08,-0.02,-0.6,-0.45,1,0.1,0.1,0.15,60,52.92,2585,2355,212,2143,0,775,0,234,0,1134,10,220,20,2605,1134,1009,2605,1230284.73,12737.75,69,161,129,102,86,71,106,1419,0,775,0,1368
35055,5,-0.08,-0.02,-0.6,-0.45,1,0.1,0.1,0.15,60,78.38,2592,2362,146,2216,1663,0,0,479,0,74,10,220,13,2605,1737,479,2605,993729.45,10179.55,668,344,211,142,111,88,64,588,1663,0,0,553
35056,5,-0.08,-0.02,-0.6,-0.45,1,0.1,0.2,0.15,20,57.99,2592,2362,108,2254,700,459,488,0,607,0,10,220,13,2605,1307,947,2605,871667.43,8972.32,202,371,340,1341,0,0,0,0,700,459,1095,0
35057,5,-0.08,-0.02,-0.6,-0.45,1,0.1,0.2,0.15,20,56.84,2591,2361,116,2245,0,461,508,0,1276,0,10,220,14,2605,1276,969,2605,1066161.76,10999.71,69,161,129,1886,0,0,0,0,0,461,1784,0
35058,5,-0.08,-0.02,-0.6,-0.45,1,0.1,0.2,0.15,20,61.52,2592,2362,109,2253,720,0,867,0,666,0,10,220,13,2605,1386,867,2605,1093157.31,11201.0,133,214,221,1685,0,0,0,0,720,0,1533,0
35059,5,-0.08,-0.02,-0.6,-0.45,1,0.1,0.2,0.15,30,58.16,2592,2362,168,2194,920,606,312,0,356,0,10,220,13,2605,1276,918,2605,963016.64,9907.27,202,371,340,246,207,828,0,0,920,606,668,0
35060,5,-0.08,-0.02,-0.6,-0.45,1,0.1,0.2,0.15,30,55.07,2588,2358,190,2168,0,618,356,0,1194,0,10,220,17,2605,1194,974,2605,1079989.79,11142.83,69,161,129,102,86,1621,0,0,0,618,1550,0
35061,5,-0.08,-0.02,-0.6,-0.45,1,0.1,0.2,0.15,30,66.01,2592,2362,179,2183,969,0,742,0,472,0,10,220,13,2605,1441,742,2605,1397866.58,14349.07,133,214,221,152,144,1319,0,0,969,0,1214,0
35062,5,-0.08,-0.02,-0.6,-0.45,1,0.1,0.2,0.15,40,58.22,2592,2362,184,2178,1015,717,148,45,121,132,10,220,13,2605,1268,910,2605,1009236.86,10391.31,202,371,340,246,207,160,138,514,1015,717,269,177
35063,5,-0.08,-0.02,-0.6,-0.45,1,0.1,0.2,0.15,40,53.9,2585,2355,212,2143,0,747,188,53,390,765,10,220,20,2605,1155,988,2605,1282089.05,13273.88,69,161,129,102,86,71,106,1419,0,747,578,818
35064,5,-0.08,-0.02,-0.6,-0.45,1,0.1,0.2,0.15,40,68.1,2592,2362,196,2166,1096,0,516,175,136,243,10,220,13,2605,1475,691,2605,1582235.52,16239.95,133,214,221,152,144,105,102,1095,1096,0,652,418
35065,5,-0.08,-0.02,-0.6,-0.45,1,0.1,0.2,0.15,50,57.44,2592,2362,184,2178,1019,740,0,187,0,232,10,220,13,2605,1251,927,2605,978312.35,10068.09,202,371,340,246,207,160,138,514,1019,740,0,419
35066,5,-0.08,-0.02,-0.6,-0.45,1,0.1,0.2,0.15,50,52.92,2585,2355,212,2143,0,775,0,234,0,1134,10,220,20,2605,1134,1009,2605,1230284.73,12737.75,69,161,129,102,86,71,106,1419,0,775,0,1368
35067,5,-0.08,-0.02,-0.6,-0.45,1,0.1,0.2,0.15,50,67.41,2592,2362,196,2166,1100,0,0,706,0,360,10,220,13,2605,1460,706,2605,1513788.45,15523.87,133,214,221,152,144,105,102,1095,1100,0,0,1066
35068,5,-0.08,-0.02,-0.6,-0.45,1,0.1,0.2,0.15,60,57.44,2592,2362,184,2178,1019,740,0,187,0,232,10,220,13,2605,1251,927,2605,978312.35,10068.09,202,371,340,246,207,160,138,514,1019,740,0,419
35069,5,-0.08,-0.02,-0.6,-0.45,1,0.1,0.2,0.15,60,52.92,2585,2355,212,2143,0,775,0,234,0,1134,10,220,20,2605,1134,1009,2605,1230284.73,12737.75,69,161,129,102,86,71,106,1419,0,775,0,1368
35070,5,-0.08,-0.02,-0.6,-0.45,1,0.1,0.2,0.15,60,67.41,2592,2362,196,2166,1100,0,0,706,0,360,10,220,13,2605,1460,706,2605,1513788.45,15523.87,133,214,221,152,144,105,102,1095,1100,0,0,1066
35071,5,-0.08,-0.02,-0.6,-0.45,1,0.2,0.1,0.15,20,64.22,2592,2362,84,2278,1312,429,386,0,151,0,10,220,13,2605,1463,815,2605,491289.7,5067.97,734,488,308,748,0,0,0,0,1312,429,537,0
35072,5,-0.08,-0.02,-0.6,-0.45,1,0.2,0.1,0.15,20,56.84,2591,2361,116,2245,0,461,508,0,1276,0,10,220,14,2605,1276,969,2605,1066161.76,10999.71,69,161,129,1886,0,0,0,0,0,461,1784,0
35073,5,-0.08,-0.02,-0.6,-0.45,1,0.2,0.1,0.15,20,67.81,2592,2362,85,2277,1365,0,733,0,179,0,10,220,13,2605,1544,733,2605,688496.58,7049.46,668,344,211,1054,0,0,0,0,1365,0,912,0
35074,5,-0.08,-0.02,-0.6,-0.45,1,0.2,0.1,0.15,30,67.68,2592,2362,128,2234,1450,534,188,0,62,0,10,220,13,2605,1512,722,2605,528624.66,5447.82,734,488,308,211,141,352,0,0,1450,534,250,0
35075,5,-0.08,-0.02,-0.6,-0.45,1,0.2,0.1,0.15,30,55.07,2588,2358,190,2168,0,618,356,0,1194,0,10,220,17,2605,1194,974,2605,1079989.79,11142.83,69,161,129,102,86,1621,0,0,0,618,1550,0
35076,5,-0.08,-0.02,-0.6,-0.45,1,0.2,0.1,0.15,30,75.45,2592,2362,138,2224,1564,0,546,0,114,0,10,220,13,2605,1678,546,2605,916484.25,9412.34,668,344,211,142,111,748,0,0,1564,0,660,0
35077,5,-0.08,-0.02,-0.6,-0.45,1,0.2,0.1,0.15,40,68.97,2592,2362,135,2227,1501,597,72,22,18,17,10,220,13,2605,1536,691,2605,541029.9,5573.4,734,488,308,211,141,102,68,175,1501,597,90,39
35078,5,-0.08,-0.02,-0.6,-0.45,1,0.2,0.1,0.15,40,53.9,2585,2355,212,2143,0,747,188,53,390,765,10,220,20,2605,1155,988,2605,1282089.05,13273.88,69,161,129,102,86,71,106,1419,0,747,578,818
35079,5,-0.08,-0.02,-0.6,-0.45,1,0.2,0.1,0.15,40,78.52,2592,2362,146,2216,1662,0,342,134,25,53,10,220,13,2605,1740,476,2605,1024931.65,10506.38,668,344,211,142,111,88,64,588,1662,0,367,187
35080,5,-0.08,-0.02,-0.6,-0.45,1,0.2,0.1,0.15,50,68.7,2592,2362,135,2227,1501,606,0,91,0,29,10,220,13,2605,1530,697,2605,530768.62,5467.05,734,488,308,211,141,102,68,175,1501,606,0,120
35081,5,-0.08,-0.02,-0.6,-0.45,1,0.2,0.1,0.15,50,52.92,2585,2355,212,2143,0,775,0,234,0,1134,10,220,20,2605,1134,1009,2605,1230284.73,12737.75,69,161,129,102,86,71,106,1419,0,775,0,1368
35082,5,-0.08,-0.02,-0.6,-0.45,1,0.2,0.1,0.15,50,78.38,2592,2362,146,2216,1663,0,0,479,0,74,10,220,13,2605,1737,479,2605,993729.45,10179.55,668,344,211,142,111,88,64,588,1663,0,0,553
35083,5,-0.08,-0.02,-0.6,-0.45,1,0.2,0.1,0.15,60,68.7,2592,2362,135,2227,1501,606,0,91,0,29,10,220,13,2605,1530,697,2605,530768.62,5467.05,734,488,308,211,141,102,68,175,1501,606,0,120
35084,5,-0.08,-0.02,-0.6,-0.45,1,0.2,0.1,0.15,60,52.92,2585,2355,212,2143,0,775,0,234,0,1134,10,220,20,2605,1134,1009,2605,1230284.73,12737.75,69,161,129,102,86,71,106,1419,0,775,0,1368
35085,5,-0.08,-0.02,-0.6,-0.45,1,0.2,0.1,0.15,60,78.38,2592,2362,146,2216,1663,0,0,479,0,74,10,220,13,2605,1737,479,2605,993729.45,10179.55,668,344,211,142,111,88,64,588,1663,0,0,553
35086,5,-0.08,-0.02,-0.6,-0.45,1,0.2,0.2,0.15,20,57.99,2592,2362,108,2254,700,459,488,0,607,0,10,220,13,2605,1307,947,2605,871667.43,8972.32,202,371,340,1341,0,0,0,0,700,459,1095,0
35087,5,-0.08,-0.02,-0.6,-0.45,1,0.2,0.2,0.15,20,56.84,2591,2361,116,2245,0,461,508,0,1276,0,10,220,14,2605,1276,969,2605,1066161.76,10999.71,69,161,129,1886,0,0,0,0,0,461,1784,0
35088,5,-0.08,-0.02,-0.6,-0.45,1,0.2,0.2,0.15,20,61.52,2592,2362,109,2253,720,0,867,0,666,0,10,220,13,2605,1386,867,2605,1093157.31,11201.0,133,214,221,1685,0,0,0,0,720,0,1533,0
35089,5,-0.08,-0.02,-0.6,-0.45,1,0.2,0.2,0.15,30,58.16,2592,2362,168,2194,920,606,312,0,356,0,10,220,13,2605,1276,918,2605,963016.64,9907.27,202,371,340,246,207,828,0,0,920,606,668,0
35090,5,-0.08,-0.02,-0.6,-0.45,1,0.2,0.2,0.15,30,55.07,2588,2358,190,2168,0,618,356,0,1194,0,10,220,17,2605,1194,974,2605,1079989.79,11142.83,69,161,129,102,86,1621,0,0,0,618,1550,0
35091,5,-0.08,-0.02,-0.6,-0.45,1,0.2,0.2,0.15,30,66.01,2592,2362,179,2183,969,0,742,0,472,0,10,220,13,2605,1441,742,2605,1397866.58,14349.07,133,214,221,152,144,1319,0,0,969,0,1214,0
35092,5,-0.08,-0.02,-0.6,-0.45,1,0.2,0.2,0.15,40,58.22,2592,2362,184,2178,1015,717,148,45,121,132,10,220,13,2605,1268,910,2605,1009236.86,10391.31,202,371,340,246,207,160,138,514,1015,717,269,177
35093,5,-0.08,-0.02,-0.6,-0.45,1,0.2,0.2,0.15,40,53.9,2585,2355,212,2143,0,747,188,53,390,765,10,220,20,2605,1155,988,2605,1282089.05,13273.88,69,161,129,102,86,71,106,1419,0,747,578,818
35094,5,-0.08,-0.02,-0.6,-0.45,1,0.2,0.2,0.15,40,68.1,2592,2362,196,2166,1096,0,516,175,136,243,10,220,13,2605,1475,691,2605,1582235.52,16239.95,133,214,221,152,144,105,102,1095,1096,0,652,418
35095,5,-0.08,-0.02,-0.6,-0.45,1,0.2,0.2,0.15,50,57.44,2592,2362,184,2178,1019,740,0,187,0,232,10,220,13,2605,1251,927,2605,978312.35,10068.09,202,371,340,246,207,160,138,514,1019,740,0,419
35096,5,-0.08,-0.02,-0.6,-0.45,1,0.2,0.2,0.15,50,52.92,2585,2355,212,2143,0,775,0,234,0,1134,10,220,20,2605,1134,1009,2605,1230284.73,12737.75,69,161,129,102,86,71,106,1419,0,775,0,1368
35097,5,-0.08,-0.02,-0.6,-0.45,1,0.2,0.2,0.15,50,67.41,2592,2362,196,2166,1100,0,0,706,0,360,10,220,13,2605,1460,706,2605,1513788.45,15523.87,133,214,221,152,144,105,102,1095,1100,0,0,1066
35098,5,-0.08,-0.02,-0.6,-0.45,1,0.2,0.2,0.15,60,57.44,2592,2362,184,2178,1019,740,0,187,0,232,10,220,13,2605,1251,927,2605,978312.35,10068.09,202,371,340,246,207,160,138,514,1019,740,0,419
35099,5,-0.08,-0.02,-0.6,-0.45,1,0.2,0.2,0.15,60,52.92,2585,2355,212,2143,0,775,0,234,0,1134,10,220,20,2605,1134,1009,2605,1230284.73,12737.75,69,161,129,102,86,71,106,1419,0,775,0,1368
35100,5,-0.08,-0.02,-0.6,-0.45,1,0.2,0.2,0.15,60,67.41,2592,2362,196,2166,1100,0,0,706,0,360,10,220,13,2605,1460,706,2605,1513788.45,15523.87,133,214,221,152,144,105,102,1095,1100,0,0,1066
35101,5,-0.08,-0.02,-0.6,-0.45,2,0.1,0.1,0.15,20,67.98,2592,2362,82,2280,1390,422,308,0,160,0,10,220,13,2605,1550,730,2605,642916.78,8533.4,752,511,333,684,0,0,0,0,1390,422,468,0
35102,5,-0.08,-0.02,-0.6,-0.45,2,0.1,0.1,0.15,20,60.67,2591,2361,116,2245,0,461,422,0,1362,0,10,220,14,2605,1362,883,2605,1373328.16,15174.66,69,161,129,1886,0,0,0,0,0,461,1784,0
35103,5,-0.08,-0.02,-0.6,-0.45,2,0.1,0.1,0.15,20,73.67,2592,2362,83,2279,1478,0,600,0,201,0,10,220,13,2605,1679,600,2605,993729.18,10774.85,689,376,251,963,0,0,0,0,1478,0,801,0
35104,5,-0.08,-0.02,-0.6,-0.45,2,0.1,0.1,0.15,30,70.34,2592,2362,123,2239,1518,521,143,0,57,0,10,220,13,2605,1575,664,2605,663096.92,9052.4,752,511,333,216,137,290,0,0,1518,521,200,0
35105,5,-0.08,-0.02,-0.6,-0.45,2,0.1,0.1,0.15,30,57.43,2588,2358,190,2168,0,618,305,0,1245,0,10,220,17,2605,1245,923,2605,1469989.39,16115.15,69,161,129,102,86,1621,0,0,0,618,1550,0
35106,5,-0.08,-0.02,-0.6,-0.45,2,0.1,0.1,0.15,30,81.52,2592,2362,133,2229,1705,0,412,0,112,0,10,220,13,2605,1817,412,2605,1362898.44,13134.48,689,376,251,162,133,618,0,0,1705,0,524,0
35107,5,-0.08,-0.02,-0.6,-0.45,2,0.1,0.1,0.15,40,71.53,2592,2362,128,2234,1564,574,52,10,22,12,10,220,13,2605,1598,636,2605,666956.27,9258.52,752,511,333,216,137,90,54,141,1564,574,74,22
35108,5,-0.08,-0.02,-0.6,-0.45,2,0.1,0.1,0.15,40,56.23,2585,2355,212,2143,0,747,155,36,423,782,10,220,20,2605,1205,938,2605,1686797.6,18673.3,69,161,129,102,86,71,106,1419,0,747,578,818
35109,5,-0.08,-0.02,-0.6,-0.45,2,0.1,0.1,0.15,40,84.89,2592,2362,139,2223,1804,0,264,72,38,45,10,220,13,2605,1887,336,2605,1560728.63,14316.36,689,376,251,162,133,94,57,461,1804,0,302,117
35110,5,-0.08,-0.02,-0.6,-0.45,2,0.1,0.1,0.15,50,71.26,2592,2362,128,2234,1564,581,0,61,0,28,10,220,13,2605,1592,642,2605,652060.46,9168.1,752,511,333,216,137,90,54,141,1564,581,0,89
35111,5,-0.08,-0.02,-0.6,-0.45,2,0.1,0.1,0.15,50,55.16,2585,2355,212,2143,0,775,0,186,0,1182,10,220,20,2605,1182,961,2605,1620707.9,18134.67,69,161,129,102,86,71,106,1419,0,775,0,1368
35112,5,-0.08,-0.02,-0.6,-0.45,2,0.1,0.1,0.15,50,84.8,2592,2362,139,2223,1805,0,0,338,0,80,10,220,13,2605,1885,338,2605,1511972.05,14055.75,689,376,251,162,133,94,57,461,1805,0,0,418
35113,5,-0.08,-0.02,-0.6,-0.45,2,0.1,0.1,0.15,60,71.26,2592,2362,128,2234,1564,581,0,61,0,28,10,220,13,2605,1592,642,2605,652060.46,9168.1,752,511,333,216,137,90,54,141,1564,581,0,89
35114,5,-0.08,-0.02,-0.6,-0.45,2,0.1,0.1,0.15,60,55.16,2585,2355,212,2143,0,775,0,186,0,1182,10,220,20,2605,1182,961,2605,1620707.9,18134.67,69,161,129,102,86,71,106,1419,0,775,0,1368
35115,5,-0.08,-0.02,-0.6,-0.45,2,0.1,0.1,0.15,60,84.8,2592,2362,139,2223,1805,0,0,338,0,80,10,220,13,2605,1885,338,2605,1511972.05,14055.75,689,376,251,162,133,94,57,461,1805,0,0,418
35116,5,-0.08,-0.02,-0.6,-0.45,2,0.1,0.2,0.15,20,61.8,2592,2362,108,2254,735,459,402,0,658,0,10,220,13,2605,1393,861,2605,1099091.03,12825.42,205,382,361,1306,0,0,0,0,735,459,1060,0
35117,5,-0.08,-0.02,-0.6,-0.45,2,0.1,0.2,0.15,20,60.67,2591,2361,116,2245,0,461,422,0,1362,0,10,220,14,2605,1362,883,2605,1373328.16,15174.66,69,161,129,1886,0,0,0,0,0,461,1784,0
35118,5,-0.08,-0.02,-0.6,-0.45,2,0.1,0.2,0.15,20,67.69,2592,2362,109,2253,776,0,728,0,749,0,10,220,13,2605,1525,728,2605,1516034.01,15448.45,136,227,252,1638,0,0,0,0,776,0,1477,0
35119,5,-0.08,-0.02,-0.6,-0.45,2,0.1,0.2,0.15,30,60.39,2592,2362,168,2194,974,604,265,0,351,0,10,220,13,2605,1325,869,2605,1233963.3,14249.3,205,382,361,246,214,786,0,0,974,604,616,0
35120,5,-0.08,-0.02,-0.6,-0.45,2,0.1,0.2,0.15,30,57.43,2588,2358,190,2168,0,618,305,0,1245,0,10,220,17,2605,1245,923,2605,1469989.39,16115.15,69,161,129,102,86,1621,0,0,0,618,1550,0
35121,5,-0.08,-0.02,-0.6,-0.45,2,0.1,0.2,0.15,30,71.97,2592,2362,179,2183,1066,0,612,0,505,0,10,220,13,2605,1571,612,2605,2086180.15,19197.49,136,227,252,161,158,1249,0,0,1066,0,1117,0
35122,5,-0.08,-0.02,-0.6,-0.45,2,0.1,0.2,0.15,40,60.58,2592,2362,183,2179,1071,712,118,29,136,113,10,220,13,2605,1320,859,2605,1289012.61,15071.41,205,382,361,246,214,170,136,465,1071,712,254,142
35123,5,-0.08,-0.02,-0.6,-0.45,2,0.1,0.2,0.15,40,56.23,2585,2355,212,2143,0,747,155,36,423,782,10,220,20,2605,1205,938,2605,1686797.6,18673.3,69,161,129,102,86,71,106,1419,0,747,578,818
35124,5,-0.08,-0.02,-0.6,-0.45,2,0.1,0.2,0.15,40,74.25,2592,2362,195,2167,1210,0,449,109,173,226,10,220,13,2605,1609,558,2605,2407783.92,21428.54,136,227,252,161,158,132,108,993,1210,0,622,335
35125,5,-0.08,-0.02,-0.6,-0.45,2,0.1,0.2,0.15,50,59.8,2592,2362,183,2179,1075,735,0,141,0,228,10,220,13,2605,1303,876,2605,1243920.52,14760.52,205,382,361,246,214,170,136,465,1075,735,0,369
35126,5,-0.08,-0.02,-0.6,-0.45,2,0.1,0.2,0.15,50,55.16,2585,2355,212,2143,0,775,0,186,0,1182,10,220,20,2605,1182,961,2605,1620707.9,18134.67,69,161,129,102,86,71,106,1419,0,775,0,1368
35127,5,-0.08,-0.02,-0.6,-0.45,2,0.1,0.2,0.15,50,73.83,2592,2362,195,2167,1215,0,0,567,0,385,10,220,13,2605,1600,567,2605,2292384.15,20749.04,136,227,252,161,158,132,108,993,1215,0,0,952
35128,5,-0.08,-0.02,-0.6,-0.45,2,0.1,0.2,0.15,60,59.8,2592,2362,183,2179,1075,735,0,141,0,228,10,220,13,2605,1303,876,2605,1243920.52,14760.52,205,382,361,246,214,170,136,465,1075,735,0,369
35129,5,-0.08,-0.02,-0.6,-0.45,2,0.1,0.2,0.15,60,55.16,2585,2355,212,2143,0,775,0,186,0,1182,10,220,20,2605,1182,961,2605,1620707.9,18134.67,69,161,129,102,86,71,106,1419,0,775,0,1368
35130,5,-0.08,-0.02,-0.6,-0.45,2,0.1,0.2,0.15,60,73.83,2592,2362,195,2167,1215,0,0,567,0,385,10,220,13,2605,1600,567,2605,2292384.15,20749.04,136,227,252,161,158,132,108,993,1215,0,0,952
35131,5,-0.08,-0.02,-0.6,-0.45,2,0.2,0.1,0.15,20,64.22,2592,2362,84,2278,1312,429,386,0,151,0,10,220,13,2605,1463,815,2605,491289.7,5067.97,734,488,308,748,0,0,0,0,1312,429,537,0
35132,5,-0.08,-0.02,-0.6,-0.45,2,0.2,0.1,0.15,20,56.84,2591,2361,116,2245,0,461,508,0,1276,0,10,220,14,2605,1276,969,2605,1066161.76,10999.71,69,161,129,1886,0,0,0,0,0,461,1784,0
35133,5,-0.08,-0.02,-0.6,-0.45,2,0.2,0.1,0.15,20,67.81,2592,2362,85,2277,1365,0,733,0,179,0,10,220,13,2605,1544,733,2605,688496.58,7049.46,668,344,211,1054,0,0,0,0,1365,0,912,0
35134,5,-0.08,-0.02,-0.6,-0.45,2,0.2,0.1,0.15,30,67.68,2592,2362,128,2234,1450,534,188,0,62,0,10,220,13,2605,1512,722,2605,528624.66,5447.82,734,488,308,211,141,352,0,0,1450,534,250,0
35135,5,-0.08,-0.02,-0.6,-0.45,2,0.2,0.1,0.15,30,55.07,2588,2358,190,2168,0,618,356,0,1194,0,10,220,17,2605,1194,974,2605,1079989.79,11142.83,69,161,129,102,86,1621,0,0,0,618,1550,0
35136,5,-0.08,-0.02,-0.6,-0.45,2,0.2,0.1,0.15,30,75.45,2592,2362,138,2224,1564,0,546,0,114,0,10,220,13,2605,1678,546,2605,916484.25,9412.34,668,344,211,142,111,748,0,0,1564,0,660,0
35137,5,-0.08,-0.02,-0.6,-0.45,2,0.2,0.1,0.15,40,68.97,2592,2362,135,2227,1501,597,72,22,18,17,10,220,13,2605,1536,691,2605,541029.9,5573.4,734,488,308,211,141,102,68,175,1501,597,90,39
35138,5,-0.08,-0.02,-0.6,-0.45,2,0.2,0.1,0.15,40,53.9,2585,2355,212,2143,0,747,188,53,390,765,10,220,20,2605,1155,988,2605,1282089.05,13273.88,69,161,129,102,86,71,106,1419,0,747,578,818
35139,5,-0.08,-0.02,-0.6,-0.45,2,0.2,0.1,0.15,40,78.52,2592,2362,146,2216,1662,0,342,134,25,53,10,220,13,2605,1740,476,2605,1024931.65,10506.38,668,344,211,142,111,88,64,588,1662,0,367,187
35140,5,-0.08,-0.02,-0.6,-0.45,2,0.2,0.1,0.15,50,68.7,2592,2362,135,2227,1501,606,0,91,0,29,10,220,13,2605,1530,697,2605,530768.62,5467.05,734,488,308,211,141,102,68,175,1501,606,0,120
35141,5,-0.08,-0.02,-0.6,-0.45,2,0.2,0.1,0.15,50,52.92,2585,2355,212,2143,0,775,0,234,0,1134,10,220,20,2605,1134,1009,2605,1230284.73,12737.75,69,161,129,102,86,71,106,1419,0,775,0,1368
35142,5,-0.08,-0.02,-0.6,-0.45,2,0.2,0.1,0.15,50,78.38,2592,2362,146,2216,1663,0,0,479,0,74,10,220,13,2605,1737,479,2605,993729.45,10179.55,668,344,211,142,111,88,64,588,1663,0,0,553
35143,5,-0.08,-0.02,-0.6,-0.45,2,0.2,0.1,0.15,60,68.7,2592,2362,135,2227,1501,606,0,91,0,29,10,220,13,2605,1530,697,2605,530768.62,5467.05,734,488,308,211,141,102,68,175,1501,606,0,120
35144,5,-0.08,-0.02,-0.6,-0.45,2,0.2,0.1,0.15,60,52.92,2585,2355,212,2143,0,775,0,234,0,1134,10,220,20,2605,1134,1009,2605,1230284.73,12737.75,69,161,129,102,86,71,106,1419,0,775,0,1368
35145,5,-0.08,-0.02,-0.6,-0.45,2,0.2,0.1,0.15,60,78.38,2592,2362,146,2216,1663,0,0,479,0,74,10,220,13,2605,1737,479,2605,993729.45,10179.55,668,344,211,142,111,88,64,588,1663,0,0,553
35146,5,-0.08,-0.02,-0.6,-0.45,2,0.2,0.2,0.15,20,57.99,2592,2362,108,2254,700,459,488,0,607,0,10,220,13,2605,1307,947,2605,871667.43,8972.32,202,371,340,1341,0,0,0,0,700,459,1095,0
35147,5,-0.08,-0.02,-0.6,-0.45,2,0.2,0.2,0.15,20,56.84,2591,2361,116,2245,0,461,508,0,1276,0,10,220,14,2605,1276,969,2605,1066161.76,10999.71,69,161,129,1886,0,0,0,0,0,461,1784,0
35148,5,-0.08,-0.02,-0.6,-0.45,2,0.2,0.2,0.15,20,61.52,2592,2362,109,2253,720,0,867,0,666,0,10,220,13,2605,1386,867,2605,1093157.31,11201.0,133,214,221,1685,0,0,0,0,720,0,1533,0
35149,5,-0.08,-0.02,-0.6,-0.45,2,0.2,0.2,0.15,30,58.16,2592,2362,168,2194,920,606,312,0,356,0,10,220,13,2605,1276,918,2605,963016.64,9907.27,202,371,340,246,207,828,0,0,920,606,668,0
35150,5,-0.08,-0.02,-0.6,-0.45,2,0.2,0.2,0.15,30,55.07,2588,2358,190,2168,0,618,356,0,1194,0,10,220,17,2605,1194,974,2605,1079989.79,11142.83,69,161,129,102,86,1621,0,0,0,618,1550,0
35151,5,-0.08,-0.02,-0.6,-0.45,2,0.2,0.2,0.15,30,66.01,2592,2362,179,2183,969,0,742,0,472,0,10,220,13,2605,1441,742,2605,1397866.58,14349.07,133,214,221,152,144,1319,0,0,969,0,1214,0
35152,5,-0.08,-0.02,-0.6,-0.45,2,0.2,0.2,0.15,40,58.22,2592,2362,184,2178,1015,717,148,45,121,132,10,220,13,2605,1268,910,2605,1009236.86,10391.31,202,371,340,246,207,160,138,514,1015,717,269,177
35153,5,-0.08,-0.02,-0.6,-0.45,2,0.2,0.2,0.15,40,53.9,2585,2355,212,2143,0,747,188,53,390,765,10,220,20,2605,1155,988,2605,1282089.05,13273.88,69,161,129,102,86,71,106,1419,0,747,578,818
35154,5,-0.08,-0.02,-0.6,-0.45,2,0.2,0.2,0.15,40,68.1,2592,2362,196,2166,1096,0,516,175,136,243,10,220,13,2605,1475,691,2605,1582235.52,16239.95,133,214,221,152,144,105,102,1095,1096,0,652,418
35155,5,-0.08,-0.02,-0.6,-0.45,2,0.2,0.2,0.15,50,57.44,2592,2362,184,2178,1019,740,0,187,0,232,10,220,13,2605,1251,927,2605,978312.35,10068.09,202,371,340,246,207,160,138,514,1019,740,0,419
35156,5,-0.08,-0.02,-0.6,-0.45,2,0.2,0.2,0.15,50,52.92,2585,2355,212,2143,0,775,0,234,0,1134,10,220,20,2605,1134,1009,2605,1230284.73,12737.75,69,161,129,102,86,71,106,1419,0,775,0,1368
35157,5,-0.08,-0.02,-0.6,-0.45,2,0.2,0.2,0.15,50,67.41,2592,2362,196,2166,1100,0,0,706,0,360,10,220,13,2605,1460,706,2605,1513788.45,15523.87,133,214,221,152,144,105,102,1095,1100,0,0,1066
35158,5,-0.08,-0.02,-0.6,-0.45,2,0.2,0.2,0.15,60,57.44,2592,2362,184,2178,1019,740,0,187,0,232,10,220,13,2605,1251,927,2605,978312.35,10068.09,202,371,340,246,207,160,138,514,1019,740,0,419
35159,5,-0.08,-0.02,-0.6,-0.45,2,0.2,0.2,0.15,60,52.92,2585,2355,212,2143,0,775,0,234,0,1134,10,220,20,2605,1134,1009,2605,1230284.73,12737.75,69,161,129,102,86,71,106,1419,0,775,0,1368
35160,5,-0.08,-0.02,-0.6,-0.45,2,0.2,0.2,0.15,60,67.41,2592,2362,196,2166,1100,0,0,706,0,360,10,220,13,2605,1460,706,2605,1513788.45,15523.87,133,214,221,152,144,105,102,1095,1100,0,0,1066
35161,5,-0.08,-0.02,-0.6,-0.4,1,0.1,0.1,0.15,20,63.98,4139,3836,135,3701,2069,659,674,0,299,0,17,286,18,4157,2368,1333,4157,786829.94,8087.78,1114,755,515,1317,0,0,0,0,2069,659,973,0
35162,5,-0.08,-0.02,-0.6,-0.4,1,0.1,0.1,0.15,20,57.3,4136,3833,177,3656,0,699,862,0,2095,0,17,286,21,4157,2095,1561,4157,1576727.82,16253.58,107,234,208,3107,0,0,0,0,0,699,2957,0
35163,5,-0.08,-0.02,-0.6,-0.4,1,0.1,0.1,0.15,20,67.33,4137,3834,136,3698,2146,0,1208,0,344,0,17,286,20,4157,2490,1208,4157,1098122.6,11242.82,1010,541,351,1796,0,0,0,0,2146,0,1552,0
35164,5,-0.08,-0.02,-0.6,-0.4,1,0.1,0.1,0.15,30,67.11,4139,3836,203,3633,2312,847,348,0,126,0,17,286,18,4157,2438,1195,4157,837329.08,8599.12,1114,755,515,344,254,651,0,0,2312,847,474,0
35165,5,-0.08,-0.02,-0.6,-0.4,1,0.1,0.1,0.15,30,54.98,4132,3829,302,3527,0,967,621,0,1939,0,17,286,25,4157,1939,1588,4157,1605301.77,16545.45,107,234,208,150,148,2680,0,0,0,967,2560,0
35166,5,-0.08,-0.02,-0.6,-0.4,1,0.1,0.1,0.15,30,74.48,4137,3834,221,3613,2485,0,922,0,206,0,17,286,20,4157,2691,922,4157,1437566.36,14748.78,1010,541,351,244,199,1268,0,0,2485,0,1128,0
35167,5,-0.08,-0.02,-0.6,-0.4,1,0.1,0.1,0.15,40,68.09,4139,3836,217,3619,2395,960,153,42,39,30,17,286,18,4157,2464,1155,4157,836757.33,8591.16,1114,755,515,344,254,177,118,342,2395,960,192,72
35168,5,-0.08,-0.02,-0.6,-0.4,1,0.1,0.1,0.15,40,53.59,4129,3826,342,3484,0,1171,354,92,624,1243,17,286,28,4157,1867,1617,4157,1854361.07,19153.5,107,234,208,150,148,120,180,2337,0,1171,978,1335
35169,5,-0.08,-0.02,-0.6,-0.4,1,0.1,0.1,0.15,40,77.36,4137,3834,238,3596,2641,0,592,222,51,90,17,286,20,4157,2782,814,4157,1583420.94,16243.14,1010,541,351,244,199,140,101,1010,2641,0,643,312
35170,5,-0.08,-0.02,-0.6,-0.4,1,0.1,0.1,0.15,50,67.81,4139,3836,217,3619,2399,977,0,188,0,55,17,286,18,4157,2454,1165,4157,817673.26,8394.47,1114,755,515,344,254,177,118,342,2399,977,0,243
35171,5,-0.08,-0.02,-0.6,-0.4,1,0.1,0.1,0.15,50,52.53,4129,3826,342,3484,0,1217,0,437,0,1830,17,286,28,4157,1830,1654,4157,1771368.43,18293.77,107,234,208,150,148,120,180,2337,0,1217,0,2267
35172,5,-0.08,-0.02,-0.6,-0.4,1,0.1,0.1,0.15,50,77.14,4137,3834,238,3596,2646,0,0,822,0,128,17,286,20,4157,2774,822,4157,1528444.19,15670.71,1010,541,351,244,199,140,101,1010,2646,0,0,950
35173,5,-0.08,-0.02,-0.6,-0.4,1,0.1,0.1,0.15,60,67.81,4139,3836,217,3619,2399,977,0,188,0,55,17,286,18,4157,2454,1165,4157,817673.26,8394.47,1114,755,515,344,254,177,118,342,2399,977,0,243
35174,5,-0.08,-0.02,-0.6,-0.4,1,0.1,0.1,0.15,60,52.53,4129,3826,342,3484,0,1217,0,437,0,1830,17,286,28,4157,1830,1654,4157,1771368.43,18293.77,107,234,208,150,148,120,180,2337,0,1217,0,2267
35175,5,-0.08,-0.02,-0.6,-0.4,1,0.1,0.1,0.15,60,77.14,4137,3834,238,3596,2646,0,0,822,0,128,17,286,20,4157,2774,822,4157,1528444.19,15670.71,1010,541,351,244,199,140,101,1010,2646,0,0,950
35176,5,-0.08,-0.02,-0.6,-0.4,1,0.1,0.2,0.15,20,58.19,4138,3835,166,3669,1033,696,838,0,1102,0,17,286,19,4157,2135,1534,4157,1340530.33,13788.67,290,556,525,2298,0,0,0,0,1033,696,1940,0
35177,5,-0.08,-0.02,-0.6,-0.4,1,0.1,0.2,0.15,20,57.3,4136,3833,177,3656,0,699,862,0,2095,0,17,286,21,4157,2095,1561,4157,1576727.82,16253.58,107,234,208,3107,0,0,0,0,0,699,2957,0
35178,5,-0.08,-0.02,-0.6,-0.4,1,0.1,0.2,0.15,20,61.51,4136,3833,167,3666,1061,0,1411,0,1194,0,17,286,21,4157,2255,1411,4157,1682861.67,17265.78,183,327,329,2827,0,0,0,0,1061,0,2605,0
35179,5,-0.08,-0.02,-0.6,-0.4,1,0.1,0.2,0.15,30,57.64,4138,3835,266,3569,1410,952,560,0,647,0,17,286,19,4157,2057,1512,4157,1461835.94,15034.97,290,556,525,358,357,1483,0,0,1410,952,1207,0
35180,5,-0.08,-0.02,-0.6,-0.4,1,0.1,0.2,0.15,30,54.98,4132,3829,302,3527,0,967,621,0,1939,0,17,286,25,4157,1939,1588,4157,1605301.77,16545.45,107,234,208,150,148,2680,0,0,0,967,2560,0
35181,5,-0.08,-0.02,-0.6,-0.4,1,0.1,0.2,0.15,30,65.08,4136,3833,285,3548,1485,0,1239,0,824,0,17,286,21,4157,2309,1239,4157,2141281.13,21996.79,183,327,329,222,241,2246,0,0,1485,0,2063,0
35182,5,-0.08,-0.02,-0.6,-0.4,1,0.1,0.2,0.15,40,57.26,4138,3835,295,3540,1572,1132,300,81,208,247,17,286,19,4157,2027,1513,4157,1525786.91,15700.76,290,556,525,358,357,276,237,941,1572,1132,508,328
35183,5,-0.08,-0.02,-0.6,-0.4,1,0.1,0.2,0.15,40,53.59,4129,3826,342,3484,0,1171,354,92,624,1243,17,286,28,4157,1867,1617,4157,1854361.07,19153.5,107,234,208,150,148,120,180,2337,0,1171,978,1335
35184,5,-0.08,-0.02,-0.6,-0.4,1,0.1,0.2,0.15,40,66.78,4136,3833,317,3516,1700,0,879,289,234,414,17,286,21,4157,2348,1168,4157,2414482.31,24817.93,183,327,329,222,241,183,173,1858,1700,0,1113,703
35185,5,-0.08,-0.02,-0.6,-0.4,1,0.1,0.2,0.15,50,56.58,4138,3835,295,3540,1577,1172,0,365,0,426,17,286,19,4157,2003,1537,4157,1477416.54,15196.91,290,556,525,358,357,276,237,941,1577,1172,0,791
35186,5,-0.08,-0.02,-0.6,-0.4,1,0.1,0.2,0.15,50,52.53,4129,3826,342,3484,0,1217,0,437,0,1830,17,286,28,4157,1830,1654,4157,1771368.43,18293.77,107,234,208,150,148,120,180,2337,0,1217,0,2267
35187,5,-0.08,-0.02,-0.6,-0.4,1,0.1,0.2,0.15,50,66.1,4136,3833,317,3516,1705,0,0,1192,0,619,17,286,21,4157,2324,1192,4157,2306164.6,23689.55,183,327,329,222,241,183,173,1858,1705,0,0,1811
35188,5,-0.08,-0.02,-0.6,-0.4,1,0.1,0.2,0.15,60,56.58,4138,3835,295,3540,1577,1172,0,365,0,426,17,286,19,4157,2003,1537,4157,1477416.54,15196.91,290,556,525,358,357,276,237,941,1577,1172,0,791
35189,5,-0.08,-0.02,-0.6,-0.4,1,0.1,0.2,0.15,60,52.53,4129,3826,342,3484,0,1217,0,437,0,1830,17,286,28,4157,1830,1654,4157,1771368.43,18293.77,107,234,208,150,148,120,180,2337,0,1217,0,2267
35190,5,-0.08,-0.02,-0.6,-0.4,1,0.1,0.2,0.15,60,66.1,4136,3833,317,3516,1705,0,0,1192,0,619,17,286,21,4157,2324,1192,4157,2306164.6,23689.55,183,327,329,222,241,183,173,1858,1705,0,0,1811
35191,5,-0.08,-0.02,-0.6,-0.4,1,0.2,0.1,0.15,20,63.98,4139,3836,135,3701,2069,659,674,0,299,0,17,286,18,4157,2368,1333,4157,786829.94,8087.78,1114,755,515,1317,0,0,0,0,2069,659,973,0
35192,5,-0.08,-0.02,-0.6,-0.4,1,0.2,0.1,0.15,20,57.3,4136,3833,177,3656,0,699,862,0,2095,0,17,286,21,4157,2095,1561,4157,1576727.82,16253.58,107,234,208,3107,0,0,0,0,0,699,2957,0
35193,5,-0.08,-0.02,-0.6,-0.4,1,0.2,0.1,0.15,20,67.33,4137,3834,136,3698,2146,0,1208,0,344,0,17,286,20,4157,2490,1208,4157,1098122.6,11242.82,1010,541,351,1796,0,0,0,0,2146,0,1552,0
35194,5,-0.08,-0.02,-0.6,-0.4,1,0.2,0.1,0.15,30,67.11,4139,3836,203,3633,2312,847,348,0,126,0,17,286,18,4157,2438,1195,4157,837329.08,8599.12,1114,755,515,344,254,651,0,0,2312,847,474,0
35195,5,-0.08,-0.02,-0.6,-0.4,1,0.2,0.1,0.15,30,54.98,4132,3829,302,3527,0,967,621,0,1939,0,17,286,25,4157,1939,1588,4157,1605301.77,16545.45,107,234,208,150,148,2680,0,0,0,967,2560,0
35196,5,-0.08,-0.02,-0.6,-0.4,1,0.2,0.1,0.15,30,74.48,4137,3834,221,3613,2485,0,922,0,206,0,17,286,20,4157,2691,922,4157,1437566.36,14748.78,1010,541,351,244,199,1268,0,0,2485,0,1128,0
35197,5,-0.08,-0.02,-0.6,-0.4,1,0.2,0.1,0.15,40,68.09,4139,3836,217,3619,2395,960,153,42,39,30,17,286,18,4157,2464,1155,4157,836757.33,8591.16,1114,755,515,344,254,177,118,342,2395,960,192,72
35198,5,-0.08,-0.02,-0.6,-0.4,1,0.2,0.1,0.15,40,53.59,4129,3826,342,3484,0,1171,354,92,624,1243,17,286,28,4157,1867,1617,4157,1854361.07,19153.5,107,234,208,150,148,120,180,2337,0,1171,978,1335
35199,5,-0.08,-0.02,-0.6,-0.4,1,0.2,0.1,0.15,40,77.36,4137,3834,238,3596,2641,0,592,222,51,90,17,286,20,4157,2782,814,4157,1583420.94,16243.14,1010,541,351,244,199,140,101,1010,2641,0,643,312
35200,5,-0.08,-0.02,-0.6,-0.4,1,0.2,0.1,0.15,50,67.81,4139,3836,217,3619,2399,977,0,188,0,55,17,286,18,4157,2454,1165,4157,817673.26,8394.47,1114,755,515,344,254,177,118,342,2399,977,0,243
35201,5,-0.08,-0.02,-0.6,-0.4,1,0.2,0.1,0.15,50,52.53,4129,3826,342,3484,0,1217,0,437,0,1830,17,286,28,4157,1830,1654,4157,1771368.43,18293.77,107,234,208,150,148,120,180,2337,0,1217,0,2267
35202,5,-0.08,-0.02,-0.6,-0.4,1,0.2,0.1,0.15,50,77.14,4137,3834,238,3596,2646,0,0,822,0,128,17,286,20,4157,2774,822,4157,1528444.19,15670.71,1010,541,351,244,199,140,101,1010,2646,0,0,950
35203,5,-0.08,-0.02,-0.6,-0.4,1,0.2,0.1,0.15,60,67.81,4139,3836,217,3619,2399,977,0,188,0,55,17,286,18,4157,2454,1165,4157,817673.26,8394.47,1114,755,515,344,254,177,118,342,2399,977,0,243
35204,5,-0.08,-0.02,-0.6,-0.4,1,0.2,0.1,0.15,60,52.53,4129,3826,342,3484,0,1217,0,437,0,1830,17,286,28,4157,1830,1654,4157,1771368.43,18293.77,107,234,208,150,148,120,180,2337,0,1217,0,2267
35205,5,-0.08,-0.02,-0.6,-0.4,1,0.2,0.1,0.15,60,77.14,4137,3834,238,3596,2646,0,0,822,0,128,17,286,20,4157,2774,822,4157,1528444.19,15670.71,1010,541,351,244,199,140,101,1010,2646,0,0,950
35206,5,-0.08,-0.02,-0.6,-0.4,1,0.2,0.2,0.15,20,58.19,4138,3835,166,3669,1033,696,838,0,1102,0,17,286,19,4157,2135,1534,4157,1340530.33,13788.67,290,556,525,2298,0,0,0,0,1033,696,1940,0
35207,5,-0.08,-0.02,-0.6,-0.4,1,0.2,0.2,0.15,20,57.3,4136,3833,177,3656,0,699,862,0,2095,0,17,286,21,4157,2095,1561,4157,1576727.82,16253.58,107,234,208,3107,0,0,0,0,0,699,2957,0
35208,5,-0.08,-0.02,-0.6,-0.4,1,0.2,0.2,0.15,20,61.51,4136,3833,167,3666,1061,0,1411,0,1194,0,17,286,21,4157,2255,1411,4157,1682861.67,17265.78,183,327,329,2827,0,0,0,0,1061,0,2605,0
35209,5,-0.08,-0.02,-0.6,-0.4,1,0.2,0.2,0.15,30,57.64,4138,3835,266,3569,1410,952,560,0,647,0,17,286,19,4157,2057,1512,4157,1461835.94,15034.97,290,556,525,358,357,1483,0,0,1410,952,1207,0
35210,5,-0.08,-0.02,-0.6,-0.4,1,0.2,0.2,0.15,30,54.98,4132,3829,302,3527,0,967,621,0,1939,0,17,286,25,4157,1939,1588,4157,1605301.77,16545.45,107,234,208,150,148,2680,0,0,0,967,2560,0
