Test,DAYSBACK,PCTMIN,PCTMAX,ATHMIN,ATHMAX,MAXBUYS,BUYDROP,TARGET,STOPLOSS,MAXDURA,WinRate,TotalTrade,Executed,Open,Closed,ProfitTGT,LossSL,LossFEMD,LossFECD,ProfitFEMD,ProfitFECD,Pending,Expired,Invalid,TotalRows,Wins,Losses,TotalStock,SumProfit,SumGainFin,Dur5,Dur10,Dur15,Dur20,Dur25,Dur30,Dur35,Dur40,ExitTGT,ExitSL,ExitFEMD,ExitFECD
180566,15,-0.07,-0.04,-0.5,-0.3,2,0.1,0.2,0.15,50,53.13,867,824,41,783,0,284,0,83,0,416,0,43,9,876,416,367,876,353573.64,4135.46,30,56,48,35,38,29,28,519,0,284,0,499
180567,15,-0.07,-0.04,-0.5,-0.3,2,0.1,0.2,0.15,50,69.99,866,823,40,783,376,0,0,235,0,172,0,43,10,876,548,235,876,704913.6,6326.74,31,67,74,44,62,38,35,432,376,0,0,407
180568,15,-0.07,-0.04,-0.5,-0.3,2,0.1,0.2,0.15,60,56.56,868,825,40,785,332,271,0,70,0,112,0,43,8,876,444,341,876,351770.23,4257.31,61,123,118,70,83,63,47,220,332,271,0,182
180569,15,-0.07,-0.04,-0.5,-0.3,2,0.1,0.2,0.15,60,53.13,867,824,41,783,0,284,0,83,0,416,0,43,9,876,416,367,876,353573.64,4135.46,30,56,48,35,38,29,28,519,0,284,0,499
180570,15,-0.07,-0.04,-0.5,-0.3,2,0.1,0.2,0.15,60,69.99,866,823,40,783,376,0,0,235,0,172,0,43,10,876,548,235,876,704913.6,6326.74,31,67,74,44,62,38,35,432,376,0,0,407
180571,15,-0.07,-0.04,-0.5,-0.3,2,0.2,0.1,0.15,20,65.76,868,825,16,809,449,145,132,0,83,0,0,43,8,876,532,277,876,181096.41,1904.37,266,172,97,274,0,0,0,0,449,145,215,0
180572,15,-0.07,-0.04,-0.5,-0.3,2,0.2,0.1,0.15,20,56.23,867,824,22,802,0,169,182,0,451,0,0,43,9,876,451,351,876,212572.43,2220.85,30,56,48,668,0,0,0,0,0,169,633,0
180573,15,-0.07,-0.04,-0.5,-0.3,2,0.2,0.1,0.15,20,68.9,866,823,16,807,468,0,251,0,88,0,0,43,10,876,556,251,876,248366.99,2589.84,236,124,67,380,0,0,0,0,468,0,339,0
180574,15,-0.07,-0.04,-0.5,-0.3,2,0.2,0.1,0.15,30,68.21,868,825,26,799,514,185,69,0,31,0,0,43,8,876,545,254,876,195258.32,2059.42,266,172,97,59,59,146,0,0,514,185,100,0
180575,15,-0.07,-0.04,-0.5,-0.3,2,0.2,0.1,0.15,30,54.01,867,824,39,785,0,236,125,0,424,0,0,43,9,876,424,361,876,189310.78,1993.19,30,56,48,35,38,578,0,0,0,236,549,0
180576,15,-0.07,-0.04,-0.5,-0.3,2,0.2,0.1,0.15,30,74.03,866,823,26,797,548,0,207,0,42,0,0,43,10,876,590,207,876,321427.98,3346.01,236,124,67,41,49,280,0,0,548,0,249,0
180577,15,-0.07,-0.04,-0.5,-0.3,2,0.2,0.1,0.15,40,68.3,868,825,27,798,531,207,28,18,8,6,0,43,8,876,545,253,876,185578.81,1963.8,266,172,97,59,59,46,20,79,531,207,36,24
180578,15,-0.07,-0.04,-0.5,-0.3,2,0.2,0.1,0.15,40,51.98,867,824,41,783,0,274,68,34,112,295,0,43,9,876,407,376,876,215666.6,2281.77,30,56,48,35,38,29,28,519,0,274,180,329
180579,15,-0.07,-0.04,-0.5,-0.3,2,0.2,0.1,0.15,40,76.26,866,823,27,796,581,0,127,62,9,17,0,43,10,876,607,189,876,343305.1,3553.72,236,124,67,41,49,31,18,230,581,0,136,79
180580,15,-0.07,-0.04,-0.5,-0.3,2,0.2,0.1,0.15,50,68.17,868,825,27,798,531,209,0,45,0,13,0,43,8,876,544,254,876,181669.7,1923.13,266,172,97,59,59,46,20,79,531,209,0,58
180581,15,-0.07,-0.04,-0.5,-0.3,2,0.2,0.1,0.15,50,50.96,867,824,41,783,0,284,0,100,0,399,0,43,9,876,399,384,876,196286.32,2075.54,30,56,48,35,38,29,28,519,0,284,0,499
180582,15,-0.07,-0.04,-0.5,-0.3,2,0.2,0.1,0.15,50,76.38,866,823,27,796,581,0,0,188,0,27,0,43,10,876,608,188,876,335839.92,3477.65,236,124,67,41,49,31,18,230,581,0,0,215
180583,15,-0.07,-0.04,-0.5,-0.3,2,0.2,0.1,0.15,60,68.17,868,825,27,798,531,209,0,45,0,13,0,43,8,876,544,254,876,181669.7,1923.13,266,172,97,59,59,46,20,79,531,209,0,58
180584,15,-0.07,-0.04,-0.5,-0.3,2,0.2,0.1,0.15,60,50.96,867,824,41,783,0,284,0,100,0,399,0,43,9,876,399,384,876,196286.32,2075.54,30,56,48,35,38,29,28,519,0,284,0,499
180585,15,-0.07,-0.04,-0.5,-0.3,2,0.2,0.1,0.15,60,76.38,866,823,27,796,581,0,0,188,0,27,0,43,10,876,608,188,876,335839.92,3477.65,236,124,67,41,49,31,18,230,581,0,0,215
180586,15,-0.07,-0.04,-0.5,-0.3,2,0.2,0.2,0.15,20,57.29,868,825,22,803,185,169,174,0,275,0,0,43,8,876,460,343,876,221843.79,2319.45,59,116,115,513,0,0,0,0,185,169,449,0
180587,15,-0.07,-0.04,-0.5,-0.3,2,0.2,0.2,0.15,20,56.23,867,824,22,802,0,169,182,0,451,0,0,43,9,876,451,351,876,212572.43,2220.85,30,56,48,668,0,0,0,0,0,169,633,0
180588,15,-0.07,-0.04,-0.5,-0.3,2,0.2,0.2,0.15,20,60.17,866,823,22,801,193,0,319,0,289,0,0,43,10,876,482,319,876,293004.81,3046.55,29,60,68,644,0,0,0,0,193,0,608,0
180589,15,-0.07,-0.04,-0.5,-0.3,2,0.2,0.2,0.15,30,56.54,868,825,38,787,263,232,110,0,182,0,0,43,8,876,445,342,876,231008.25,2420.22,59,116,115,64,79,354,0,0,263,232,292,0
180590,15,-0.07,-0.04,-0.5,-0.3,2,0.2,0.2,0.15,30,54.01,867,824,39,785,0,236,125,0,424,0,0,43,9,876,424,361,876,189310.78,1993.19,30,56,48,35,38,578,0,0,0,236,549,0
180591,15,-0.07,-0.04,-0.5,-0.3,2,0.2,0.2,0.15,30,63.44,866,823,38,785,286,0,287,0,212,0,0,43,10,876,498,287,876,381216.74,3948.24,29,60,68,36,54,538,0,0,286,0,499,0
180592,15,-0.07,-0.04,-0.5,-0.3,2,0.2,0.2,0.15,40,54.9,868,825,40,785,304,267,54,33,48,79,0,43,8,876,431,354,876,243173.43,2568.03,59,116,115,64,79,62,47,243,304,267,102,112
180593,15,-0.07,-0.04,-0.5,-0.3,2,0.2,0.2,0.15,40,51.98,867,824,41,783,0,274,68,34,112,295,0,43,9,876,407,376,876,215666.6,2281.77,30,56,48,35,38,29,28,519,0,274,180,329
180594,15,-0.07,-0.04,-0.5,-0.3,2,0.2,0.2,0.15,40,63.86,866,823,40,783,337,0,198,85,54,109,0,43,10,876,500,283,876,443794.03,4590.47,29,60,68,36,54,39,33,464,337,0,252,194
180595,15,-0.07,-0.04,-0.5,-0.3,2,0.2,0.2,0.15,50,54.27,868,825,40,785,306,273,0,86,0,120,0,43,8,876,426,359,876,233846.03,2470.34,59,116,115,64,79,62,47,243,306,273,0,206
180596,15,-0.07,-0.04,-0.5,-0.3,2,0.2,0.2,0.15,50,50.96,867,824,41,783,0,284,0,100,0,399,0,43,9,876,399,384,876,196286.32,2075.54,30,56,48,35,38,29,28,519,0,284,0,499
180597,15,-0.07,-0.04,-0.5,-0.3,2,0.2,0.2,0.15,50,63.6,866,823,40,783,339,0,0,285,0,159,0,43,10,876,498,285,876,426731.44,4414.42,29,60,68,36,54,39,33,464,339,0,0,444
180598,15,-0.07,-0.04,-0.5,-0.3,2,0.2,0.2,0.15,60,54.27,868,825,40,785,306,273,0,86,0,120,0,43,8,876,426,359,876,233846.03,2470.34,59,116,115,64,79,62,47,243,306,273,0,206
180599,15,-0.07,-0.04,-0.5,-0.3,2,0.2,0.2,0.15,60,50.96,867,824,41,783,0,284,0,100,0,399,0,43,9,876,399,384,876,196286.32,2075.54,30,56,48,35,38,29,28,519,0,284,0,499
180600,15,-0.07,-0.04,-0.5,-0.3,2,0.2,0.2,0.15,60,63.6,866,823,40,783,339,0,0,285,0,159,0,43,10,876,498,285,876,426731.44,4414.42,29,60,68,36,54,39,33,464,339,0,0,444
180601,15,-0.07,-0.04,-0.5,-0.25,1,0.1,0.1,0.15,20,63.93,1089,1041,18,1023,543,191,178,0,111,0,0,48,12,1101,654,369,1101,188051.75,1984.27,328,200,131,364,0,0,0,0,543,191,289,0
180602,15,-0.07,-0.04,-0.5,-0.25,1,0.1,0.1,0.15,20,54.04,1088,1040,24,1016,0,227,240,0,549,0,0,48,13,1101,549,467,1101,185234.42,1955.62,40,63,81,832,0,0,0,0,0,227,789,0
180603,15,-0.07,-0.04,-0.5,-0.25,1,0.1,0.1,0.15,20,66.5,1087,1039,18,1021,563,0,342,0,116,0,0,48,14,1101,679,342,1101,265744.34,2774.62,288,147,79,507,0,0,0,0,563,0,458,0
180604,15,-0.07,-0.04,-0.5,-0.25,1,0.1,0.1,0.15,30,65.91,1089,1041,32,1009,621,243,101,0,44,0,0,48,12,1101,665,344,1101,198566.06,2113.14,328,200,131,75,77,198,0,0,621,243,145,0
180605,15,-0.07,-0.04,-0.5,-0.25,1,0.1,0.1,0.15,30,51.21,1088,1040,48,992,0,312,172,0,508,0,0,48,13,1101,508,484,1101,145837.28,1576.53,40,63,81,43,54,711,0,0,0,312,680,0
180606,15,-0.07,-0.04,-0.5,-0.25,1,0.1,0.1,0.15,30,71.27,1086,1038,32,1006,660,0,289,0,57,0,0,48,15,1101,717,289,1101,346327.53,3617.83,288,147,79,49,59,384,0,0,660,0,346,0
180607,15,-0.07,-0.04,-0.5,-0.25,1,0.1,0.1,0.15,40,65.97,1089,1041,33,1008,644,271,43,29,12,9,0,48,12,1101,665,343,1101,190455.83,2021.87,328,200,131,75,77,53,27,117,644,271,55,38
180608,15,-0.07,-0.04,-0.5,-0.25,1,0.1,0.1,0.15,40,49.49,1088,1040,50,990,0,358,95,47,133,357,0,48,13,1101,490,500,1101,165937.83,1790.62,40,63,81,43,54,31,37,641,0,358,228,404
180609,15,-0.07,-0.04,-0.5,-0.25,1,0.1,0.1,0.15,40,73.43,1086,1038,33,1005,703,0,176,91,14,21,0,48,15,1101,738,267,1101,389598.27,4031.7,288,147,79,49,59,38,22,323,703,0,190,112
180610,15,-0.07,-0.04,-0.5,-0.25,1,0.1,0.1,0.15,50,66.07,1089,1041,33,1008,644,274,0,68,0,22,0,48,12,1101,666,342,1101,186827.68,1983.61,328,200,131,75,77,53,27,117,644,274,0,90
180611,15,-0.07,-0.04,-0.5,-0.25,1,0.1,0.1,0.15,50,48.89,1088,1040,50,990,0,370,0,136,0,484,0,48,13,1101,484,506,1101,143756.28,1553.56,40,63,81,43,54,31,37,641,0,370,0,620
180612,15,-0.07,-0.04,-0.5,-0.25,1,0.1,0.1,0.15,50,73.73,1086,1038,33,1005,703,0,0,264,0,38,0,48,15,1101,741,264,1101,381033.27,3943.67,288,147,79,49,59,38,22,323,703,0,0,302
180613,15,-0.07,-0.04,-0.5,-0.25,1,0.1,0.1,0.15,60,66.07,1089,1041,33,1008,644,274,0,68,0,22,0,48,12,1101,666,342,1101,186827.68,1983.61,328,200,131,75,77,53,27,117,644,274,0,90
180614,15,-0.07,-0.04,-0.5,-0.25,1,0.1,0.1,0.15,60,48.89,1088,1040,50,990,0,370,0,136,0,484,0,48,13,1101,484,506,1101,143756.28,1553.56,40,63,81,43,54,31,37,641,0,370,0,620
180615,15,-0.07,-0.04,-0.5,-0.25,1,0.1,0.1,0.15,60,73.73,1086,1038,33,1005,703,0,0,264,0,38,0,48,15,1101,741,264,1101,381033.27,3943.67,288,147,79,49,59,38,22,323,703,0,0,302
180616,15,-0.07,-0.04,-0.5,-0.25,1,0.1,0.2,0.15,20,55.16,1089,1041,24,1017,218,226,230,0,343,0,0,48,12,1101,561,456,1101,210907.94,2223.5,78,128,155,656,0,0,0,0,218,226,573,0
180617,15,-0.07,-0.04,-0.5,-0.25,1,0.1,0.2,0.15,20,54.04,1088,1040,24,1016,0,227,240,0,549,0,0,48,13,1101,549,467,1101,185234.42,1955.62,40,63,81,832,0,0,0,0,0,227,789,0
180618,15,-0.07,-0.04,-0.5,-0.25,1,0.1,0.2,0.15,20,57.54,1087,1039,24,1015,227,0,431,0,357,0,0,48,14,1101,584,431,1101,285937.16,2988.29,38,65,77,835,0,0,0,0,227,0,788,0
180619,15,-0.07,-0.04,-0.5,-0.25,1,0.1,0.2,0.15,30,53.97,1089,1041,46,995,308,305,153,0,229,0,0,48,12,1101,537,458,1101,218407.93,2318.8,78,128,155,83,100,451,0,0,308,305,382,0
180620,15,-0.07,-0.04,-0.5,-0.25,1,0.1,0.2,0.15,30,51.21,1088,1040,48,992,0,312,172,0,508,0,0,48,13,1101,508,484,1101,145837.28,1576.53,40,63,81,43,54,711,0,0,0,312,680,0
180621,15,-0.07,-0.04,-0.5,-0.25,1,0.1,0.2,0.15,30,60.38,1086,1038,46,992,332,0,393,0,267,0,0,48,15,1101,599,393,1101,385989.24,4020.34,38,65,77,47,61,704,0,0,332,0,660,0
180622,15,-0.07,-0.04,-0.5,-0.25,1,0.1,0.2,0.15,40,52.57,1089,1041,48,993,355,348,77,46,58,109,0,48,12,1101,522,471,1101,234103.95,2494.49,78,128,155,83,100,69,60,320,355,348,135,155
180623,15,-0.07,-0.04,-0.5,-0.25,1,0.1,0.2,0.15,40,49.49,1088,1040,50,990,0,358,95,47,133,357,0,48,13,1101,490,500,1101,165937.83,1790.62,40,63,81,43,54,31,37,641,0,358,228,404
180624,15,-0.07,-0.04,-0.5,-0.25,1,0.1,0.2,0.15,40,61.21,1086,1038,48,990,394,0,267,117,67,145,0,48,15,1101,606,384,1101,480964.54,4984.31,38,65,77,47,61,44,42,616,394,0,334,262
180625,15,-0.07,-0.04,-0.5,-0.25,1,0.1,0.2,0.15,50,52.17,1089,1041,48,993,357,355,0,120,0,161,0,48,12,1101,518,475,1101,222754.22,2374.07,78,128,155,83,100,69,60,320,357,355,0,281
180626,15,-0.07,-0.04,-0.5,-0.25,1,0.1,0.2,0.15,50,48.89,1088,1040,50,990,0,370,0,136,0,484,0,48,13,1101,484,506,1101,143756.28,1553.56,40,63,81,43,54,31,37,641,0,370,0,620
180627,15,-0.07,-0.04,-0.5,-0.25,1,0.1,0.2,0.15,50,61.11,1086,1038,48,990,396,0,0,385,0,209,0,48,15,1101,605,385,1101,462355.47,4790.49,38,65,77,47,61,44,42,616,396,0,0,594
180628,15,-0.07,-0.04,-0.5,-0.25,1,0.1,0.2,0.15,60,52.17,1089,1041,48,993,357,355,0,120,0,161,0,48,12,1101,518,475,1101,222754.22,2374.07,78,128,155,83,100,69,60,320,357,355,0,281
180629,15,-0.07,-0.04,-0.5,-0.25,1,0.1,0.2,0.15,60,48.89,1088,1040,50,990,0,370,0,136,0,484,0,48,13,1101,484,506,1101,143756.28,1553.56,40,63,81,43,54,31,37,641,0,370,0,620
180630,15,-0.07,-0.04,-0.5,-0.25,1,0.1,0.2,0.15,60,61.11,1086,1038,48,990,396,0,0,385,0,209,0,48,15,1101,605,385,1101,462355.47,4790.49,38,65,77,47,61,44,42,616,396,0,0,594
180631,15,-0.07,-0.04,-0.5,-0.25,1,0.2,0.1,0.15,20,63.93,1089,1041,18,1023,543,191,178,0,111,0,0,48,12,1101,654,369,1101,188051.75,1984.27,328,200,131,364,0,0,0,0,543,191,289,0
180632,15,-0.07,-0.04,-0.5,-0.25,1,0.2,0.1,0.15,20,54.04,1088,1040,24,1016,0,227,240,0,549,0,0,48,13,1101,549,467,1101,185234.42,1955.62,40,63,81,832,0,0,0,0,0,227,789,0
180633,15,-0.07,-0.04,-0.5,-0.25,1,0.2,0.1,0.15,20,66.5,1087,1039,18,1021,563,0,342,0,116,0,0,48,14,1101,679,342,1101,265744.34,2774.62,288,147,79,507,0,0,0,0,563,0,458,0
180634,15,-0.07,-0.04,-0.5,-0.25,1,0.2,0.1,0.15,30,65.91,1089,1041,32,1009,621,243,101,0,44,0,0,48,12,1101,665,344,1101,198566.06,2113.14,328,200,131,75,77,198,0,0,621,243,145,0
180635,15,-0.07,-0.04,-0.5,-0.25,1,0.2,0.1,0.15,30,51.21,1088,1040,48,992,0,312,172,0,508,0,0,48,13,1101,508,484,1101,145837.28,1576.53,40,63,81,43,54,711,0,0,0,312,680,0
180636,15,-0.07,-0.04,-0.5,-0.25,1,0.2,0.1,0.15,30,71.27,1086,1038,32,1006,660,0,289,0,57,0,0,48,15,1101,717,289,1101,346327.53,3617.83,288,147,79,49,59,384,0,0,660,0,346,0
180637,15,-0.07,-0.04,-0.5,-0.25,1,0.2,0.1,0.15,40,65.97,1089,1041,33,1008,644,271,43,29,12,9,0,48,12,1101,665,343,1101,190455.83,2021.87,328,200,131,75,77,53,27,117,644,271,55,38
180638,15,-0.07,-0.04,-0.5,-0.25,1,0.2,0.1,0.15,40,49.49,1088,1040,50,990,0,358,95,47,133,357,0,48,13,1101,490,500,1101,165937.83,1790.62,40,63,81,43,54,31,37,641,0,358,228,404
180639,15,-0.07,-0.04,-0.5,-0.25,1,0.2,0.1,0.15,40,73.43,1086,1038,33,1005,703,0,176,91,14,21,0,48,15,1101,738,267,1101,389598.27,4031.7,288,147,79,49,59,38,22,323,703,0,190,112
180640,15,-0.07,-0.04,-0.5,-0.25,1,0.2,0.1,0.15,50,66.07,1089,1041,33,1008,644,274,0,68,0,22,0,48,12,1101,666,342,1101,186827.68,1983.61,328,200,131,75,77,53,27,117,644,274,0,90
180641,15,-0.07,-0.04,-0.5,-0.25,1,0.2,0.1,0.15,50,48.89,1088,1040,50,990,0,370,0,136,0,484,0,48,13,1101,484,506,1101,143756.28,1553.56,40,63,81,43,54,31,37,641,0,370,0,620
180642,15,-0.07,-0.04,-0.5,-0.25,1,0.2,0.1,0.15,50,73.73,1086,1038,33,1005,703,0,0,264,0,38,0,48,15,1101,741,264,1101,381033.27,3943.67,288,147,79,49,59,38,22,323,703,0,0,302
180643,15,-0.07,-0.04,-0.5,-0.25,1,0.2,0.1,0.15,60,66.07,1089,1041,33,1008,644,274,0,68,0,22,0,48,12,1101,666,342,1101,186827.68,1983.61,328,200,131,75,77,53,27,117,644,274,0,90
180644,15,-0.07,-0.04,-0.5,-0.25,1,0.2,0.1,0.15,60,48.89,1088,1040,50,990,0,370,0,136,0,484,0,48,13,1101,484,506,1101,143756.28,1553.56,40,63,81,43,54,31,37,641,0,370,0,620
180645,15,-0.07,-0.04,-0.5,-0.25,1,0.2,0.1,0.15,60,73.73,1086,1038,33,1005,703,0,0,264,0,38,0,48,15,1101,741,264,1101,381033.27,3943.67,288,147,79,49,59,38,22,323,703,0,0,302
180646,15,-0.07,-0.04,-0.5,-0.25,1,0.2,0.2,0.15,20,55.16,1089,1041,24,1017,218,226,230,0,343,0,0,48,12,1101,561,456,1101,210907.94,2223.5,78,128,155,656,0,0,0,0,218,226,573,0
180647,15,-0.07,-0.04,-0.5,-0.25,1,0.2,0.2,0.15,20,54.04,1088,1040,24,1016,0,227,240,0,549,0,0,48,13,1101,549,467,1101,185234.42,1955.62,40,63,81,832,0,0,0,0,0,227,789,0
180648,15,-0.07,-0.04,-0.5,-0.25,1,0.2,0.2,0.15,20,57.54,1087,1039,24,1015,227,0,431,0,357,0,0,48,14,1101,584,431,1101,285937.16,2988.29,38,65,77,835,0,0,0,0,227,0,788,0
180649,15,-0.07,-0.04,-0.5,-0.25,1,0.2,0.2,0.15,30,53.97,1089,1041,46,995,308,305,153,0,229,0,0,48,12,1101,537,458,1101,218407.93,2318.8,78,128,155,83,100,451,0,0,308,305,382,0
180650,15,-0.07,-0.04,-0.5,-0.25,1,0.2,0.2,0.15,30,51.21,1088,1040,48,992,0,312,172,0,508,0,0,48,13,1101,508,484,1101,145837.28,1576.53,40,63,81,43,54,711,0,0,0,312,680,0
180651,15,-0.07,-0.04,-0.5,-0.25,1,0.2,0.2,0.15,30,60.38,1086,1038,46,992,332,0,393,0,267,0,0,48,15,1101,599,393,1101,385989.24,4020.34,38,65,77,47,61,704,0,0,332,0,660,0
180652,15,-0.07,-0.04,-0.5,-0.25,1,0.2,0.2,0.15,40,52.57,1089,1041,48,993,355,348,77,46,58,109,0,48,12,1101,522,471,1101,234103.95,2494.49,78,128,155,83,100,69,60,320,355,348,135,155
180653,15,-0.07,-0.04,-0.5,-0.25,1,0.2,0.2,0.15,40,49.49,1088,1040,50,990,0,358,95,47,133,357,0,48,13,1101,490,500,1101,165937.83,1790.62,40,63,81,43,54,31,37,641,0,358,228,404
180654,15,-0.07,-0.04,-0.5,-0.25,1,0.2,0.2,0.15,40,61.21,1086,1038,48,990,394,0,267,117,67,145,0,48,15,1101,606,384,1101,480964.54,4984.31,38,65,77,47,61,44,42,616,394,0,334,262
180655,15,-0.07,-0.04,-0.5,-0.25,1,0.2,0.2,0.15,50,52.17,1089,1041,48,993,357,355,0,120,0,161,0,48,12,1101,518,475,1101,222754.22,2374.07,78,128,155,83,100,69,60,320,357,355,0,281
180656,15,-0.07,-0.04,-0.5,-0.25,1,0.2,0.2,0.15,50,48.89,1088,1040,50,990,0,370,0,136,0,484,0,48,13,1101,484,506,1101,143756.28,1553.56,40,63,81,43,54,31,37,641,0,370,0,620
180657,15,-0.07,-0.04,-0.5,-0.25,1,0.2,0.2,0.15,50,61.11,1086,1038,48,990,396,0,0,385,0,209,0,48,15,1101,605,385,1101,462355.47,4790.49,38,65,77,47,61,44,42,616,396,0,0,594
180658,15,-0.07,-0.04,-0.5,-0.25,1,0.2,0.2,0.15,60,52.17,1089,1041,48,993,357,355,0,120,0,161,0,48,12,1101,518,475,1101,222754.22,2374.07,78,128,155,83,100,69,60,320,357,355,0,281
180659,15,-0.07,-0.04,-0.5,-0.25,1,0.2,0.2,0.15,60,48.89,1088,1040,50,990,0,370,0,136,0,484,0,48,13,1101,484,506,1101,143756.28,1553.56,40,63,81,43,54,31,37,641,0,370,0,620
180660,15,-0.07,-0.04,-0.5,-0.25,1,0.2,0.2,0.15,60,61.11,1086,1038,48,990,396,0,0,385,0,209,0,48,15,1101,605,385,1101,462355.47,4790.49,38,65,77,47,61,44,42,616,396,0,0,594
180661,15,-0.07,-0.04,-0.5,-0.25,2,0.1,0.1,0.15,20,68.33,1089,1041,18,1023,592,185,139,0,107,0,0,48,12,1101,699,324,1101,283775.41,3731.24,344,215,142,322,0,0,0,0,592,185,246,0
180662,15,-0.07,-0.04,-0.5,-0.25,2,0.1,0.1,0.15,20,58.66,1088,1040,24,1016,0,227,193,0,596,0,0,48,13,1101,596,420,1101,296329.34,3990.7,40,63,81,832,0,0,0,0,0,227,789,0
180663,15,-0.07,-0.04,-0.5,-0.25,2,0.1,0.1,0.15,20,73.16,1087,1039,18,1021,621,0,274,0,126,0,0,48,14,1101,747,274,1101,419830.22,4601.97,305,166,101,449,0,0,0,0,621,0,400,0
180664,15,-0.07,-0.04,-0.5,-0.25,2,0.1,0.1,0.15,30,69.93,1089,1041,30,1011,666,233,71,0,41,0,0,48,12,1101,707,304,1101,293967.56,3950.07,344,215,142,76,76,158,0,0,666,233,112,0
180665,15,-0.07,-0.04,-0.5,-0.25,2,0.1,0.1,0.15,30,54.23,1088,1040,48,992,0,312,142,0,538,0,0,48,13,1101,538,454,1101,295292.45,3972.19,40,63,81,43,54,711,0,0,0,312,680,0
180666,15,-0.07,-0.04,-0.5,-0.25,2,0.1,0.1,0.15,30,78.47,1086,1038,30,1008,729,0,217,0,62,0,0,48,15,1101,791,217,1101,559835.51,5529.07,305,166,101,49,68,319,0,0,729,0,279,0
180667,15,-0.07,-0.04,-0.5,-0.25,2,0.1,0.1,0.15,40,70.0,1089,1041,31,1010,686,254,34,15,12,9,0,48,12,1101,707,303,1101,287908.8,3961.8,344,215,142,76,76,46,23,88,686,254,46,24
180668,15,-0.07,-0.04,-0.5,-0.25,2,0.1,0.1,0.15,40,52.22,1088,1040,50,990,0,358,84,31,144,373,0,48,13,1101,517,473,1101,338016.62,4414.2,40,63,81,43,54,31,37,641,0,358,228,404
180669,15,-0.07,-0.04,-0.5,-0.25,2,0.1,0.1,0.15,40,81.33,1086,1038,31,1007,771,0,135,53,22,26,0,48,15,1101,819,188,1101,645922.58,5997.35,305,166,101,49,68,40,24,254,771,0,157,79
180670,15,-0.07,-0.04,-0.5,-0.25,2,0.1,0.1,0.15,50,69.8,1089,1041,31,1010,686,257,0,48,0,19,0,48,12,1101,705,305,1101,281156.76,3919.07,344,215,142,76,76,46,23,88,686,257,0,67
180671,15,-0.07,-0.04,-0.5,-0.25,2,0.1,0.1,0.15,50,51.41,1088,1040,50,990,0,370,0,111,0,509,0,48,13,1101,509,481,1101,307582.21,4182.94,40,63,81,43,54,31,37,641,0,370,0,620
180672,15,-0.07,-0.04,-0.5,-0.25,2,0.1,0.1,0.15,50,81.23,1086,1038,31,1007,771,0,0,189,0,47,0,48,15,1101,818,189,1101,628437.9,5898.11,305,166,101,49,68,40,24,254,771,0,0,236
180673,15,-0.07,-0.04,-0.5,-0.25,2,0.1,0.1,0.15,60,69.8,1089,1041,31,1010,686,257,0,48,0,19,0,48,12,1101,705,305,1101,281156.76,3919.07,344,215,142,76,76,46,23,88,686,257,0,67
180674,15,-0.07,-0.04,-0.5,-0.25,2,0.1,0.1,0.15,60,51.41,1088,1040,50,990,0,370,0,111,0,509,0,48,13,1101,509,481,1101,307582.21,4182.94,40,63,81,43,54,31,37,641,0,370,0,620
180675,15,-0.07,-0.04,-0.5,-0.25,2,0.1,0.1,0.15,60,81.23,1086,1038,31,1007,771,0,0,189,0,47,0,48,15,1101,818,189,1101,628437.9,5898.11,305,166,101,49,68,40,24,254,771,0,0,236
180676,15,-0.07,-0.04,-0.5,-0.25,2,0.1,0.2,0.15,20,59.69,1089,1041,24,1017,238,226,184,0,369,0,0,48,12,1101,607,410,1101,321315.36,4240.0,80,135,158,644,0,0,0,0,238,226,553,0
180677,15,-0.07,-0.04,-0.5,-0.25,2,0.1,0.2,0.15,20,58.66,1088,1040,24,1016,0,227,193,0,596,0,0,48,13,1101,596,420,1101,296329.34,3990.7,40,63,81,832,0,0,0,0,0,227,789,0
180678,15,-0.07,-0.04,-0.5,-0.25,2,0.1,0.2,0.15,20,64.53,1087,1039,24,1015,252,0,360,0,403,0,0,48,14,1101,655,360,1101,447048.76,5142.77,40,73,82,820,0,0,0,0,252,0,763,0
180679,15,-0.07,-0.04,-0.5,-0.25,2,0.1,0.2,0.15,30,56.98,1089,1041,46,995,338,304,124,0,229,0,0,48,12,1101,567,428,1101,357964.42,4629.93,80,135,158,91,107,424,0,0,338,304,353,0
180680,15,-0.07,-0.04,-0.5,-0.25,2,0.1,0.2,0.15,30,54.23,1088,1040,48,992,0,312,142,0,538,0,0,48,13,1101,538,454,1101,295292.45,3972.19,40,63,81,43,54,711,0,0,0,312,680,0
180681,15,-0.07,-0.04,-0.5,-0.25,2,0.1,0.2,0.15,30,66.43,1086,1038,46,992,371,0,333,0,288,0,0,48,15,1101,659,333,1101,653151.66,6477.83,40,73,82,57,72,668,0,0,371,0,621,0
180682,15,-0.07,-0.04,-0.5,-0.25,2,0.1,0.2,0.15,40,55.49,1089,1041,48,993,387,346,66,30,62,102,0,48,12,1101,551,442,1101,368231.33,4846.44,80,135,158,91,107,71,59,292,387,346,128,132
180683,15,-0.07,-0.04,-0.5,-0.25,2,0.1,0.2,0.15,40,52.22,1088,1040,50,990,0,358,84,31,144,373,0,48,13,1101,517,473,1101,338016.62,4414.2,40,63,81,43,54,31,37,641,0,358,228,404
180684,15,-0.07,-0.04,-0.5,-0.25,2,0.1,0.2,0.15,40,68.28,1086,1038,48,990,440,0,232,82,88,148,0,48,15,1101,676,314,1101,817032.7,7475.78,40,73,82,57,72,47,44,575,440,0,320,230
180685,15,-0.07,-0.04,-0.5,-0.25,2,0.1,0.2,0.15,50,54.88,1089,1041,48,993,389,352,0,96,0,156,0,48,12,1101,545,448,1101,353018.41,4739.2,80,135,158,91,107,71,59,292,389,352,0,252
180686,15,-0.07,-0.04,-0.5,-0.25,2,0.1,0.2,0.15,50,51.41,1088,1040,50,990,0,370,0,111,0,509,0,48,13,1101,509,481,1101,307582.21,4182.94,40,63,81,43,54,31,37,641,0,370,0,620
180687,15,-0.07,-0.04,-0.5,-0.25,2,0.1,0.2,0.15,50,68.08,1086,1038,48,990,442,0,0,316,0,232,0,48,15,1101,674,316,1101,790463.0,7311.9,40,73,82,57,72,47,44,575,442,0,0,548
180688,15,-0.07,-0.04,-0.5,-0.25,2,0.1,0.2,0.15,60,54.88,1089,1041,48,993,389,352,0,96,0,156,0,48,12,1101,545,448,1101,353018.41,4739.2,80,135,158,91,107,71,59,292,389,352,0,252
180689,15,-0.07,-0.04,-0.5,-0.25,2,0.1,0.2,0.15,60,51.41,1088,1040,50,990,0,370,0,111,0,509,0,48,13,1101,509,481,1101,307582.21,4182.94,40,63,81,43,54,31,37,641,0,370,0,620
180690,15,-0.07,-0.04,-0.5,-0.25,2,0.1,0.2,0.15,60,68.08,1086,1038,48,990,442,0,0,316,0,232,0,48,15,1101,674,316,1101,790463.0,7311.9,40,73,82,57,72,47,44,575,442,0,0,548
180691,15,-0.07,-0.04,-0.5,-0.25,2,0.2,0.1,0.15,20,63.93,1089,1041,18,1023,543,191,178,0,111,0,0,48,12,1101,654,369,1101,188051.75,1984.27,328,200,131,364,0,0,0,0,543,191,289,0
180692,15,-0.07,-0.04,-0.5,-0.25,2,0.2,0.1,0.15,20,54.04,1088,1040,24,1016,0,227,240,0,549,0,0,48,13,1101,549,467,1101,185234.42,1955.62,40,63,81,832,0,0,0,0,0,227,789,0
180693,15,-0.07,-0.04,-0.5,-0.25,2,0.2,0.1,0.15,20,66.5,1087,1039,18,1021,563,0,342,0,116,0,0,48,14,1101,679,342,1101,265744.34,2774.62,288,147,79,507,0,0,0,0,563,0,458,0
180694,15,-0.07,-0.04,-0.5,-0.25,2,0.2,0.1,0.15,30,65.91,1089,1041,32,1009,621,243,101,0,44,0,0,48,12,1101,665,344,1101,198566.06,2113.14,328,200,131,75,77,198,0,0,621,243,145,0
180695,15,-0.07,-0.04,-0.5,-0.25,2,0.2,0.1,0.15,30,51.21,1088,1040,48,992,0,312,172,0,508,0,0,48,13,1101,508,484,1101,145837.28,1576.53,40,63,81,43,54,711,0,0,0,312,680,0
180696,15,-0.07,-0.04,-0.5,-0.25,2,0.2,0.1,0.15,30,71.27,1086,1038,32,1006,660,0,289,0,57,0,0,48,15,1101,717,289,1101,346327.53,3617.83,288,147,79,49,59,384,0,0,660,0,346,0
180697,15,-0.07,-0.04,-0.5,-0.25,2,0.2,0.1,0.15,40,65.97,1089,1041,33,1008,644,271,43,29,12,9,0,48,12,1101,665,343,1101,190455.83,2021.87,328,200,131,75,77,53,27,117,644,271,55,38
180698,15,-0.07,-0.04,-0.5,-0.25,2,0.2,0.1,0.15,40,49.49,1088,1040,50,990,0,358,95,47,133,357,0,48,13,1101,490,500,1101,165937.83,1790.62,40,63,81,43,54,31,37,641,0,358,228,404
180699,15,-0.07,-0.04,-0.5,-0.25,2,0.2,0.1,0.15,40,73.43,1086,1038,33,1005,703,0,176,91,14,21,0,48,15,1101,738,267,1101,389598.27,4031.7,288,147,79,49,59,38,22,323,703,0,190,112
180700,15,-0.07,-0.04,-0.5,-0.25,2,0.2,0.1,0.15,50,66.07,1089,1041,33,1008,644,274,0,68,0,22,0,48,12,1101,666,342,1101,186827.68,1983.61,328,200,131,75,77,53,27,117,644,274,0,90
180701,15,-0.07,-0.04,-0.5,-0.25,2,0.2,0.1,0.15,50,48.89,1088,1040,50,990,0,370,0,136,0,484,0,48,13,1101,484,506,1101,143756.28,1553.56,40,63,81,43,54,31,37,641,0,370,0,620
180702,15,-0.07,-0.04,-0.5,-0.25,2,0.2,0.1,0.15,50,73.73,1086,1038,33,1005,703,0,0,264,0,38,0,48,15,1101,741,264,1101,381033.27,3943.67,288,147,79,49,59,38,22,323,703,0,0,302
180703,15,-0.07,-0.04,-0.5,-0.25,2,0.2,0.1,0.15,60,66.07,1089,1041,33,1008,644,274,0,68,0,22,0,48,12,1101,666,342,1101,186827.68,1983.61,328,200,131,75,77,53,27,117,644,274,0,90
180704,15,-0.07,-0.04,-0.5,-0.25,2,0.2,0.1,0.15,60,48.89,1088,1040,50,990,0,370,0,136,0,484,0,48,13,1101,484,506,1101,143756.28,1553.56,40,63,81,43,54,31,37,641,0,370,0,620
180705,15,-0.07,-0.04,-0.5,-0.25,2,0.2,0.1,0.15,60,73.73,1086,1038,33,1005,703,0,0,264,0,38,0,48,15,1101,741,264,1101,381033.27,3943.67,288,147,79,49,59,38,22,323,703,0,0,302
180706,15,-0.07,-0.04,-0.5,-0.25,2,0.2,0.2,0.15,20,55.16,1089,1041,24,1017,218,226,230,0,343,0,0,48,12,1101,561,456,1101,210907.94,2223.5,78,128,155,656,0,0,0,0,218,226,573,0
180707,15,-0.07,-0.04,-0.5,-0.25,2,0.2,0.2,0.15,20,54.04,1088,1040,24,1016,0,227,240,0,549,0,0,48,13,1101,549,467,1101,185234.42,1955.62,40,63,81,832,0,0,0,0,0,227,789,0
180708,15,-0.07,-0.04,-0.5,-0.25,2,0.2,0.2,0.15,20,57.54,1087,1039,24,1015,227,0,431,0,357,0,0,48,14,1101,584,431,1101,285937.16,2988.29,38,65,77,835,0,0,0,0,227,0,788,0
180709,15,-0.07,-0.04,-0.5,-0.25,2,0.2,0.2,0.15,30,53.97,1089,1041,46,995,308,305,153,0,229,0,0,48,12,1101,537,458,1101,218407.93,2318.8,78,128,155,83,100,451,0,0,308,305,382,0
180710,15,-0.07,-0.04,-0.5,-0.25,2,0.2,0.2,0.15,30,51.21,1088,1040,48,992,0,312,172,0,508,0,0,48,13,1101,508,484,1101,145837.28,1576.53,40,63,81,43,54,711,0,0,0,312,680,0
180711,15,-0.07,-0.04,-0.5,-0.25,2,0.2,0.2,0.15,30,60.38,1086,1038,46,992,332,0,393,0,267,0,0,48,15,1101,599,393,1101,385989.24,4020.34,38,65,77,47,61,704,0,0,332,0,660,0
180712,15,-0.07,-0.04,-0.5,-0.25,2,0.2,0.2,0.15,40,52.57,1089,1041,48,993,355,348,77,46,58,109,0,48,12,1101,522,471,1101,234103.95,2494.49,78,128,155,83,100,69,60,320,355,348,135,155
180713,15,-0.07,-0.04,-0.5,-0.25,2,0.2,0.2,0.15,40,49.49,1088,1040,50,990,0,358,95,47,133,357,0,48,13,1101,490,500,1101,165937.83,1790.62,40,63,81,43,54,31,37,641,0,358,228,404
180714,15,-0.07,-0.04,-0.5,-0.25,2,0.2,0.2,0.15,40,61.21,1086,1038,48,990,394,0,267,117,67,145,0,48,15,1101,606,384,1101,480964.54,4984.31,38,65,77,47,61,44,42,616,394,0,334,262
180715,15,-0.07,-0.04,-0.5,-0.25,2,0.2,0.2,0.15,50,52.17,1089,1041,48,993,357,355,0,120,0,161,0,48,12,1101,518,475,1101,222754.22,2374.07,78,128,155,83,100,69,60,320,357,355,0,281
180716,15,-0.07,-0.04,-0.5,-0.25,2,0.2,0.2,0.15,50,48.89,1088,1040,50,990,0,370,0,136,0,484,0,48,13,1101,484,506,1101,143756.28,1553.56,40,63,81,43,54,31,37,641,0,370,0,620
180717,15,-0.07,-0.04,-0.5,-0.25,2,0.2,0.2,0.15,50,61.11,1086,1038,48,990,396,0,0,385,0,209,0,48,15,1101,605,385,1101,462355.47,4790.49,38,65,77,47,61,44,42,616,396,0,0,594
180718,15,-0.07,-0.04,-0.5,-0.25,2,0.2,0.2,0.15,60,52.17,1089,1041,48,993,357,355,0,120,0,161,0,48,12,1101,518,475,1101,222754.22,2374.07,78,128,155,83,100,69,60,320,357,355,0,281
180719,15,-0.07,-0.04,-0.5,-0.25,2,0.2,0.2,0.15,60,48.89,1088,1040,50,990,0,370,0,136,0,484,0,48,13,1101,484,506,1101,143756.28,1553.56,40,63,81,43,54,31,37,641,0,370,0,620
180720,15,-0.07,-0.04,-0.5,-0.25,2,0.2,0.2,0.15,60,61.11,1086,1038,48,990,396,0,0,385,0,209,0,48,15,1101,605,385,1101,462355.47,4790.49,38,65,77,47,61,44,42,616,396,0,0,594
180721,15,-0.07,-0.04,-0.45,-0.4,1,0.1,0.1,0.15,20,69.83,194,181,2,179,109,29,25,0,16,0,0,13,1,195,125,54,195,53749.78,558.1,67,34,22,56,0,0,0,0,109,29,41,0
180722,15,-0.07,-0.04,-0.45,-0.4,1,0.1,0.1,0.15,20,61.36,194,181,5,176,0,31,37,0,108,0,0,13,1,195,108,68,195,74697.52,777.88,9,6,8,153,0,0,0,0,0,31,145,0
180723,15,-0.07,-0.04,-0.45,-0.4,1,0.1,0.1,0.15,20,73.18,194,181,2,179,115,0,48,0,16,0,0,13,1,195,131,48,195,69383.04,720.67,58,29,17,75,0,0,0,0,115,0,64,0
180724,15,-0.07,-0.04,-0.45,-0.4,1,0.1,0.1,0.15,30,73.71,194,181,6,175,125,37,9,0,4,0,0,13,1,195,129,46,195,64153.47,660.19,67,34,22,15,15,22,0,0,125,37,13,0
180725,15,-0.07,-0.04,-0.45,-0.4,1,0.1,0.1,0.15,30,61.76,194,181,11,170,0,47,18,0,105,0,0,13,1,195,105,65,195,79052.25,820.89,9,6,8,8,12,127,0,0,0,47,123,0
180726,15,-0.07,-0.04,-0.45,-0.4,1,0.1,0.1,0.15,30,78.86,194,181,6,175,134,0,37,0,4,0,0,13,1,195,138,37,195,92047.53,949.91,58,29,17,11,12,48,0,0,134,0,41,0
180727,15,-0.07,-0.04,-0.45,-0.4,1,0.1,0.1,0.15,40,74.14,194,181,7,174,127,39,4,2,1,1,0,13,1,195,129,45,195,63529.25,653.43,67,34,22,15,15,9,1,11,127,39,5,3
180728,15,-0.07,-0.04,-0.45,-0.4,1,0.1,0.1,0.15,40,57.74,194,181,13,168,0,50,15,6,24,73,0,13,1,195,97,71,195,90283.05,928.46,9,6,8,8,12,4,3,118,0,50,39,79
180729,15,-0.07,-0.04,-0.45,-0.4,1,0.1,0.1,0.15,40,81.03,194,181,7,174,139,0,21,12,1,1,0,13,1,195,141,33,195,93240.93,962.04,58,29,17,11,12,7,0,40,139,0,22,13
180730,15,-0.07,-0.04,-0.45,-0.4,1,0.1,0.1,0.15,50,74.14,194,181,7,174,127,40,0,5,0,2,0,13,1,195,129,45,195,62545.35,643.53,67,34,22,15,15,9,1,11,127,40,0,7
180731,15,-0.07,-0.04,-0.45,-0.4,1,0.1,0.1,0.15,50,55.95,194,181,13,168,0,53,0,21,0,94,0,13,1,195,94,74,195,83450.47,857.26,9,6,8,8,12,4,3,118,0,53,0,115
180732,15,-0.07,-0.04,-0.45,-0.4,1,0.1,0.1,0.15,50,81.03,194,181,7,174,139,0,0,33,0,2,0,13,1,195,141,33,195,91557.32,943.78,58,29,17,11,12,7,0,40,139,0,0,35
180733,15,-0.07,-0.04,-0.45,-0.4,1,0.1,0.1,0.15,60,74.14,194,181,7,174,127,40,0,5,0,2,0,13,1,195,129,45,195,62545.35,643.53,67,34,22,15,15,9,1,11,127,40,0,7
180734,15,-0.07,-0.04,-0.45,-0.4,1,0.1,0.1,0.15,60,55.95,194,181,13,168,0,53,0,21,0,94,0,13,1,195,94,74,195,83450.47,857.26,9,6,8,8,12,4,3,118,0,53,0,115
180735,15,-0.07,-0.04,-0.45,-0.4,1,0.1,0.1,0.15,60,81.03,194,181,7,174,139,0,0,33,0,2,0,13,1,195,141,33,195,91557.32,943.78,58,29,17,11,12,7,0,40,139,0,0,35
180736,15,-0.07,-0.04,-0.45,-0.4,1,0.1,0.2,0.15,20,61.36,194,181,5,176,43,31,37,0,65,0,0,13,1,195,108,68,195,64649.35,675.17,13,24,22,117,0,0,0,0,43,31,102,0
180737,15,-0.07,-0.04,-0.45,-0.4,1,0.1,0.2,0.15,20,61.36,194,181,5,176,0,31,37,0,108,0,0,13,1,195,108,68,195,74697.52,777.88,9,6,8,153,0,0,0,0,0,31,145,0
180738,15,-0.07,-0.04,-0.45,-0.4,1,0.1,0.2,0.15,20,64.77,194,181,5,176,46,0,62,0,68,0,0,13,1,195,114,62,195,83934.91,876.42,4,18,14,140,0,0,0,0,46,0,130,0
180739,15,-0.07,-0.04,-0.45,-0.4,1,0.1,0.2,0.15,30,62.35,194,181,11,170,64,47,17,0,42,0,0,13,1,195,106,64,195,76559.14,790.69,13,24,22,15,21,75,0,0,64,47,59,0
180740,15,-0.07,-0.04,-0.45,-0.4,1,0.1,0.2,0.15,30,61.76,194,181,11,170,0,47,18,0,105,0,0,13,1,195,105,65,195,79052.25,820.89,9,6,8,8,12,127,0,0,0,47,123,0
180741,15,-0.07,-0.04,-0.45,-0.4,1,0.1,0.2,0.15,30,69.41,194,181,11,170,71,0,52,0,47,0,0,13,1,195,118,52,195,115881.93,1198.33,4,18,14,10,12,112,0,0,71,0,99,0
180742,15,-0.07,-0.04,-0.45,-0.4,1,0.1,0.2,0.15,40,58.93,194,181,13,168,74,49,14,6,8,17,0,13,1,195,99,69,195,80752.85,834.15,13,24,22,15,21,16,9,48,74,49,22,23
180743,15,-0.07,-0.04,-0.45,-0.4,1,0.1,0.2,0.15,40,57.74,194,181,13,168,0,50,15,6,24,73,0,13,1,195,97,71,195,90283.05,928.46,9,6,8,8,12,4,3,118,0,50,39,79
180744,15,-0.07,-0.04,-0.45,-0.4,1,0.1,0.2,0.15,40,67.86,194,181,13,168,84,0,37,17,10,20,0,13,1,195,114,54,195,126319.29,1306.31,4,18,14,10,12,13,8,89,84,0,47,37
180745,15,-0.07,-0.04,-0.45,-0.4,1,0.1,0.2,0.15,50,58.33,194,181,13,168,74,52,0,18,0,24,0,13,1,195,98,70,195,76462.37,788.83,13,24,22,15,21,16,9,48,74,52,0,42
180746,15,-0.07,-0.04,-0.45,-0.4,1,0.1,0.2,0.15,50,55.95,194,181,13,168,0,53,0,21,0,94,0,13,1,195,94,74,195,83450.47,857.26,9,6,8,8,12,4,3,118,0,53,0,115
180747,15,-0.07,-0.04,-0.45,-0.4,1,0.1,0.2,0.15,50,66.67,194,181,13,168,84,0,0,56,0,28,0,13,1,195,112,56,195,120411.73,1243.51,4,18,14,10,12,13,8,89,84,0,0,84
180748,15,-0.07,-0.04,-0.45,-0.4,1,0.1,0.2,0.15,60,58.33,194,181,13,168,74,52,0,18,0,24,0,13,1,195,98,70,195,76462.37,788.83,13,24,22,15,21,16,9,48,74,52,0,42
180749,15,-0.07,-0.04,-0.45,-0.4,1,0.1,0.2,0.15,60,55.95,194,181,13,168,0,53,0,21,0,94,0,13,1,195,94,74,195,83450.47,857.26,9,6,8,8,12,4,3,118,0,53,0,115
180750,15,-0.07,-0.04,-0.45,-0.4,1,0.1,0.2,0.15,60,66.67,194,181,13,168,84,0,0,56,0,28,0,13,1,195,112,56,195,120411.73,1243.51,4,18,14,10,12,13,8,89,84,0,0,84
180751,15,-0.07,-0.04,-0.45,-0.4,1,0.2,0.1,0.15,20,69.83,194,181,2,179,109,29,25,0,16,0,0,13,1,195,125,54,195,53749.78,558.1,67,34,22,56,0,0,0,0,109,29,41,0
180752,15,-0.07,-0.04,-0.45,-0.4,1,0.2,0.1,0.15,20,61.36,194,181,5,176,0,31,37,0,108,0,0,13,1,195,108,68,195,74697.52,777.88,9,6,8,153,0,0,0,0,0,31,145,0
180753,15,-0.07,-0.04,-0.45,-0.4,1,0.2,0.1,0.15,20,73.18,194,181,2,179,115,0,48,0,16,0,0,13,1,195,131,48,195,69383.04,720.67,58,29,17,75,0,0,0,0,115,0,64,0
180754,15,-0.07,-0.04,-0.45,-0.4,1,0.2,0.1,0.15,30,73.71,194,181,6,175,125,37,9,0,4,0,0,13,1,195,129,46,195,64153.47,660.19,67,34,22,15,15,22,0,0,125,37,13,0
180755,15,-0.07,-0.04,-0.45,-0.4,1,0.2,0.1,0.15,30,61.76,194,181,11,170,0,47,18,0,105,0,0,13,1,195,105,65,195,79052.25,820.89,9,6,8,8,12,127,0,0,0,47,123,0
180756,15,-0.07,-0.04,-0.45,-0.4,1,0.2,0.1,0.15,30,78.86,194,181,6,175,134,0,37,0,4,0,0,13,1,195,138,37,195,92047.53,949.91,58,29,17,11,12,48,0,0,134,0,41,0
180757,15,-0.07,-0.04,-0.45,-0.4,1,0.2,0.1,0.15,40,74.14,194,181,7,174,127,39,4,2,1,1,0,13,1,195,129,45,195,63529.25,653.43,67,34,22,15,15,9,1,11,127,39,5,3
180758,15,-0.07,-0.04,-0.45,-0.4,1,0.2,0.1,0.15,40,57.74,194,181,13,168,0,50,15,6,24,73,0,13,1,195,97,71,195,90283.05,928.46,9,6,8,8,12,4,3,118,0,50,39,79
180759,15,-0.07,-0.04,-0.45,-0.4,1,0.2,0.1,0.15,40,81.03,194,181,7,174,139,0,21,12,1,1,0,13,1,195,141,33,195,93240.93,962.04,58,29,17,11,12,7,0,40,139,0,22,13
180760,15,-0.07,-0.04,-0.45,-0.4,1,0.2,0.1,0.15,50,74.14,194,181,7,174,127,40,0,5,0,2,0,13,1,195,129,45,195,62545.35,643.53,67,34,22,15,15,9,1,11,127,40,0,7
180761,15,-0.07,-0.04,-0.45,-0.4,1,0.2,0.1,0.15,50,55.95,194,181,13,168,0,53,0,21,0,94,0,13,1,195,94,74,195,83450.47,857.26,9,6,8,8,12,4,3,118,0,53,0,115
180762,15,-0.07,-0.04,-0.45,-0.4,1,0.2,0.1,0.15,50,81.03,194,181,7,174,139,0,0,33,0,2,0,13,1,195,141,33,195,91557.32,943.78,58,29,17,11,12,7,0,40,139,0,0,35
180763,15,-0.07,-0.04,-0.45,-0.4,1,0.2,0.1,0.15,60,74.14,194,181,7,174,127,40,0,5,0,2,0,13,1,195,129,45,195,62545.35,643.53,67,34,22,15,15,9,1,11,127,40,0,7
180764,15,-0.07,-0.04,-0.45,-0.4,1,0.2,0.1,0.15,60,55.95,194,181,13,168,0,53,0,21,0,94,0,13,1,195,94,74,195,83450.47,857.26,9,6,8,8,12,4,3,118,0,53,0,115
180765,15,-0.07,-0.04,-0.45,-0.4,1,0.2,0.1,0.15,60,81.03,194,181,7,174,139,0,0,33,0,2,0,13,1,195,141,33,195,91557.32,943.78,58,29,17,11,12,7,0,40,139,0,0,35
180766,15,-0.07,-0.04,-0.45,-0.4,1,0.2,0.2,0.15,20,61.36,194,181,5,176,43,31,37,0,65,0,0,13,1,195,108,68,195,64649.35,675.17,13,24,22,117,0,0,0,0,43,31,102,0
180767,15,-0.07,-0.04,-0.45,-0.4,1,0.2,0.2,0.15,20,61.36,194,181,5,176,0,31,37,0,108,0,0,13,1,195,108,68,195,74697.52,777.88,9,6,8,153,0,0,0,0,0,31,145,0
180768,15,-0.07,-0.04,-0.45,-0.4,1,0.2,0.2,0.15,20,64.77,194,181,5,176,46,0,62,0,68,0,0,13,1,195,114,62,195,83934.91,876.42,4,18,14,140,0,0,0,0,46,0,130,0
180769,15,-0.07,-0.04,-0.45,-0.4,1,0.2,0.2,0.15,30,62.35,194,181,11,170,64,47,17,0,42,0,0,13,1,195,106,64,195,76559.14,790.69,13,24,22,15,21,75,0,0,64,47,59,0
180770,15,-0.07,-0.04,-0.45,-0.4,1,0.2,0.2,0.15,30,61.76,194,181,11,170,0,47,18,0,105,0,0,13,1,195,105,65,195,79052.25,820.89,9,6,8,8,12,127,0,0,0,47,123,0
180771,15,-0.07,-0.04,-0.45,-0.4,1,0.2,0.2,0.15,30,69.41,194,181,11,170,71,0,52,0,47,0,0,13,1,195,118,52,195,115881.93,1198.33,4,18,14,10,12,112,0,0,71,0,99,0
180772,15,-0.07,-0.04,-0.45,-0.4,1,0.2,0.2,0.15,40,58.93,194,181,13,168,74,49,14,6,8,17,0,13,1,195,99,69,195,80752.85,834.15,13,24,22,15,21,16,9,48,74,49,22,23
180773,15,-0.07,-0.04,-0.45,-0.4,1,0.2,0.2,0.15,40,57.74,194,181,13,168,0,50,15,6,24,73,0,13,1,195,97,71,195,90283.05,928.46,9,6,8,8,12,4,3,118,0,50,39,79
180774,15,-0.07,-0.04,-0.45,-0.4,1,0.2,0.2,0.15,40,67.86,194,181,13,168,84,0,37,17,10,20,0,13,1,195,114,54,195,126319.29,1306.31,4,18,14,10,12,13,8,89,84,0,47,37
180775,15,-0.07,-0.04,-0.45,-0.4,1,0.2,0.2,0.15,50,58.33,194,181,13,168,74,52,0,18,0,24,0,13,1,195,98,70,195,76462.37,788.83,13,24,22,15,21,16,9,48,74,52,0,42
180776,15,-0.07,-0.04,-0.45,-0.4,1,0.2,0.2,0.15,50,55.95,194,181,13,168,0,53,0,21,0,94,0,13,1,195,94,74,195,83450.47,857.26,9,6,8,8,12,4,3,118,0,53,0,115
180777,15,-0.07,-0.04,-0.45,-0.4,1,0.2,0.2,0.15,50,66.67,194,181,13,168,84,0,0,56,0,28,0,13,1,195,112,56,195,120411.73,1243.51,4,18,14,10,12,13,8,89,84,0,0,84
180778,15,-0.07,-0.04,-0.45,-0.4,1,0.2,0.2,0.15,60,58.33,194,181,13,168,74,52,0,18,0,24,0,13,1,195,98,70,195,76462.37,788.83,13,24,22,15,21,16,9,48,74,52,0,42
180779,15,-0.07,-0.04,-0.45,-0.4,1,0.2,0.2,0.15,60,55.95,194,181,13,168,0,53,0,21,0,94,0,13,1,195,94,74,195,83450.47,857.26,9,6,8,8,12,4,3,118,0,53,0,115
180780,15,-0.07,-0.04,-0.45,-0.4,1,0.2,0.2,0.15,60,66.67,194,181,13,168,84,0,0,56,0,28,0,13,1,195,112,56,195,120411.73,1243.51,4,18,14,10,12,13,8,89,84,0,0,84
180781,15,-0.07,-0.04,-0.45,-0.4,2,0.1,0.1,0.15,20,74.86,194,181,2,179,118,28,17,0,16,0,0,13,1,195,134,45,195,79006.36,857.8,71,38,25,45,0,0,0,0,118,28,33,0
180782,15,-0.07,-0.04,-0.45,-0.4,2,0.1,0.1,0.15,20,65.91,194,181,5,176,0,31,29,0,116,0,0,13,1,195,116,60,195,112219.91,1137.22,9,6,8,153,0,0,0,0,0,31,145,0
180783,15,-0.07,-0.04,-0.45,-0.4,2,0.1,0.1,0.15,20,79.89,194,181,2,179,125,0,36,0,18,0,0,13,1,195,143,36,195,103287.47,1014.63,62,34,23,60,0,0,0,0,125,0,54,0
180784,15,-0.07,-0.04,-0.45,-0.4,2,0.1,0.1,0.15,30,77.84,194,181,5,176,132,34,5,0,5,0,0,13,1,195,137,39,195,89923.85,931.24,71,38,25,12,14,16,0,0,132,34,10,0
180785,15,-0.07,-0.04,-0.45,-0.4,2,0.1,0.1,0.15,30,65.29,194,181,11,170,0,47,12,0,111,0,0,13,1,195,111,59,195,132925.14,1233.62,9,6,8,8,12,127,0,0,0,47,123,0
180786,15,-0.07,-0.04,-0.45,-0.4,2,0.1,0.1,0.15,30,85.8,194,181,5,176,144,0,25,0,7,0,0,13,1,195,151,25,195,135803.3,1206.16,62,34,23,6,16,35,0,0,144,0,32,0
180787,15,-0.07,-0.04,-0.45,-0.4,2,0.1,0.1,0.15,40,77.14,194,181,6,175,134,36,4,0,0,1,0,13,1,195,135,40,195,88897.64,931.78,71,38,25,12,14,6,2,7,134,36,4,1
180788,15,-0.07,-0.04,-0.45,-0.4,2,0.1,0.1,0.15,40,59.52,194,181,13,168,0,50,14,4,25,75,0,13,1,195,100,68,195,151050.59,1364.52,9,6,8,8,12,4,3,118,0,50,39,79
180789,15,-0.07,-0.04,-0.45,-0.4,2,0.1,0.1,0.15,40,86.86,194,181,6,175,150,0,16,7,1,1,0,13,1,195,152,23,195,140837.75,1239.18,62,34,23,6,16,3,3,28,150,0,17,8
180790,15,-0.07,-0.04,-0.45,-0.4,2,0.1,0.1,0.15,50,77.14,194,181,6,175,134,37,0,3,0,1,0,13,1,195,135,40,195,86836.56,920.01,71,38,25,12,14,6,2,7,134,37,0,4
180791,15,-0.07,-0.04,-0.45,-0.4,2,0.1,0.1,0.15,50,57.74,194,181,13,168,0,53,0,18,0,97,0,13,1,195,97,71,195,141384.6,1297.01,9,6,8,8,12,4,3,118,0,53,0,115
180792,15,-0.07,-0.04,-0.45,-0.4,2,0.1,0.1,0.15,50,87.43,194,181,6,175,150,0,0,22,0,3,0,13,1,195,153,22,195,137457.71,1219.92,62,34,23,6,16,3,3,28,150,0,0,25
180793,15,-0.07,-0.04,-0.45,-0.4,2,0.1,0.1,0.15,60,77.14,194,181,6,175,134,37,0,3,0,1,0,13,1,195,135,40,195,86836.56,920.01,71,38,25,12,14,6,2,7,134,37,0,4
180794,15,-0.07,-0.04,-0.45,-0.4,2,0.1,0.1,0.15,60,57.74,194,181,13,168,0,53,0,18,0,97,0,13,1,195,97,71,195,141384.6,1297.01,9,6,8,8,12,4,3,118,0,53,0,115
180795,15,-0.07,-0.04,-0.45,-0.4,2,0.1,0.1,0.15,60,87.43,194,181,6,175,150,0,0,22,0,3,0,13,1,195,153,22,195,137457.71,1219.92,62,34,23,6,16,3,3,28,150,0,0,25
180796,15,-0.07,-0.04,-0.45,-0.4,2,0.1,0.2,0.15,20,66.48,194,181,5,176,48,31,28,0,69,0,0,13,1,195,117,59,195,100657.05,1036.77,14,24,23,115,0,0,0,0,48,31,97,0
180797,15,-0.07,-0.04,-0.45,-0.4,2,0.1,0.2,0.15,20,65.91,194,181,5,176,0,31,29,0,116,0,0,13,1,195,116,60,195,112219.91,1137.22,9,6,8,153,0,0,0,0,0,31,145,0
180798,15,-0.07,-0.04,-0.45,-0.4,2,0.1,0.2,0.15,20,71.02,194,181,5,176,52,0,51,0,73,0,0,13,1,195,125,51,195,135002.87,1260.76,5,18,15,138,0,0,0,0,52,0,124,0
180799,15,-0.07,-0.04,-0.45,-0.4,2,0.1,0.2,0.15,30,66.47,194,181,11,170,71,46,11,0,42,0,0,13,1,195,113,57,195,128142.89,1191.74,14,24,23,18,21,70,0,0,71,46,53,0
180800,15,-0.07,-0.04,-0.45,-0.4,2,0.1,0.2,0.15,30,65.29,194,181,11,170,0,47,12,0,111,0,0,13,1,195,111,59,195,132925.14,1233.62,9,6,8,8,12,127,0,0,0,47,123,0
180801,15,-0.07,-0.04,-0.45,-0.4,2,0.1,0.2,0.15,30,75.88,194,181,11,170,79,0,41,0,50,0,0,13,1,195,129,41,195,193714.84,1582.51,5,18,15,14,12,106,0,0,79,0,91,0
180802,15,-0.07,-0.04,-0.45,-0.4,2,0.1,0.2,0.15,40,61.31,194,181,13,168,79,48,13,4,8,16,0,13,1,195,103,65,195,129196.02,1206.03,14,24,23,18,21,17,7,44,79,48,21,20
180803,15,-0.07,-0.04,-0.45,-0.4,2,0.1,0.2,0.15,40,59.52,194,181,13,168,0,50,14,4,25,75,0,13,1,195,100,68,195,151050.59,1364.52,9,6,8,8,12,4,3,118,0,50,39,79
180804,15,-0.07,-0.04,-0.45,-0.4,2,0.1,0.2,0.15,40,72.02,194,181,13,168,92,0,34,13,11,18,0,13,1,195,121,47,195,204843.82,1649.52,5,18,15,14,12,15,7,82,92,0,45,31
180805,15,-0.07,-0.04,-0.45,-0.4,2,0.1,0.2,0.15,50,60.71,194,181,13,168,79,51,0,15,0,23,0,13,1,195,102,66,195,123322.78,1169.18,14,24,23,18,21,17,7,44,79,51,0,38
180806,15,-0.07,-0.04,-0.45,-0.4,2,0.1,0.2,0.15,50,57.74,194,181,13,168,0,53,0,18,0,97,0,13,1,195,97,71,195,141384.6,1297.01,9,6,8,8,12,4,3,118,0,53,0,115
180807,15,-0.07,-0.04,-0.45,-0.4,2,0.1,0.2,0.15,50,72.62,194,181,13,168,92,0,0,46,0,30,0,13,1,195,122,46,195,195854.65,1596.1,5,18,15,14,12,15,7,82,92,0,0,76
180808,15,-0.07,-0.04,-0.45,-0.4,2,0.1,0.2,0.15,60,60.71,194,181,13,168,79,51,0,15,0,23,0,13,1,195,102,66,195,123322.78,1169.18,14,24,23,18,21,17,7,44,79,51,0,38
180809,15,-0.07,-0.04,-0.45,-0.4,2,0.1,0.2,0.15,60,57.74,194,181,13,168,0,53,0,18,0,97,0,13,1,195,97,71,195,141384.6,1297.01,9,6,8,8,12,4,3,118,0,53,0,115
180810,15,-0.07,-0.04,-0.45,-0.4,2,0.1,0.2,0.15,60,72.62,194,181,13,168,92,0,0,46,0,30,0,13,1,195,122,46,195,195854.65,1596.1,5,18,15,14,12,15,7,82,92,0,0,76
180811,15,-0.07,-0.04,-0.45,-0.4,2,0.2,0.1,0.15,20,69.83,194,181,2,179,109,29,25,0,16,0,0,13,1,195,125,54,195,53749.78,558.1,67,34,22,56,0,0,0,0,109,29,41,0
180812,15,-0.07,-0.04,-0.45,-0.4,2,0.2,0.1,0.15,20,61.36,194,181,5,176,0,31,37,0,108,0,0,13,1,195,108,68,195,74697.52,777.88,9,6,8,153,0,0,0,0,0,31,145,0
180813,15,-0.07,-0.04,-0.45,-0.4,2,0.2,0.1,0.15,20,73.18,194,181,2,179,115,0,48,0,16,0,0,13,1,195,131,48,195,69383.04,720.67,58,29,17,75,0,0,0,0,115,0,64,0
180814,15,-0.07,-0.04,-0.45,-0.4,2,0.2,0.1,0.15,30,73.71,194,181,6,175,125,37,9,0,4,0,0,13,1,195,129,46,195,64153.47,660.19,67,34,22,15,15,22,0,0,125,37,13,0
180815,15,-0.07,-0.04,-0.45,-0.4,2,0.2,0.1,0.15,30,61.76,194,181,11,170,0,47,18,0,105,0,0,13,1,195,105,65,195,79052.25,820.89,9,6,8,8,12,127,0,0,0,47,123,0
180816,15,-0.07,-0.04,-0.45,-0.4,2,0.2,0.1,0.15,30,78.86,194,181,6,175,134,0,37,0,4,0,0,13,1,195,138,37,195,92047.53,949.91,58,29,17,11,12,48,0,0,134,0,41,0
180817,15,-0.07,-0.04,-0.45,-0.4,2,0.2,0.1,0.15,40,74.14,194,181,7,174,127,39,4,2,1,1,0,13,1,195,129,45,195,63529.25,653.43,67,34,22,15,15,9,1,11,127,39,5,3
180818,15,-0.07,-0.04,-0.45,-0.4,2,0.2,0.1,0.15,40,57.74,194,181,13,168,0,50,15,6,24,73,0,13,1,195,97,71,195,90283.05,928.46,9,6,8,8,12,4,3,118,0,50,39,79
180819,15,-0.07,-0.04,-0.45,-0.4,2,0.2,0.1,0.15,40,81.03,194,181,7,174,139,0,21,12,1,1,0,13,1,195,141,33,195,93240.93,962.04,58,29,17,11,12,7,0,40,139,0,22,13
180820,15,-0.07,-0.04,-0.45,-0.4,2,0.2,0.1,0.15,50,74.14,194,181,7,174,127,40,0,5,0,2,0,13,1,195,129,45,195,62545.35,643.53,67,34,22,15,15,9,1,11,127,40,0,7
180821,15,-0.07,-0.04,-0.45,-0.4,2,0.2,0.1,0.15,50,55.95,194,181,13,168,0,53,0,21,0,94,0,13,1,195,94,74,195,83450.47,857.26,9,6,8,8,12,4,3,118,0,53,0,115
180822,15,-0.07,-0.04,-0.45,-0.4,2,0.2,0.1,0.15,50,81.03,194,181,7,174,139,0,0,33,0,2,0,13,1,195,141,33,195,91557.32,943.78,58,29,17,11,12,7,0,40,139,0,0,35
180823,15,-0.07,-0.04,-0.45,-0.4,2,0.2,0.1,0.15,60,74.14,194,181,7,174,127,40,0,5,0,2,0,13,1,195,129,45,195,62545.35,643.53,67,34,22,15,15,9,1,11,127,40,0,7
180824,15,-0.07,-0.04,-0.45,-0.4,2,0.2,0.1,0.15,60,55.95,194,181,13,168,0,53,0,21,0,94,0,13,1,195,94,74,195,83450.47,857.26,9,6,8,8,12,4,3,118,0,53,0,115
180825,15,-0.07,-0.04,-0.45,-0.4,2,0.2,0.1,0.15,60,81.03,194,181,7,174,139,0,0,33,0,2,0,13,1,195,141,33,195,91557.32,943.78,58,29,17,11,12,7,0,40,139,0,0,35
180826,15,-0.07,-0.04,-0.45,-0.4,2,0.2,0.2,0.15,20,61.36,194,181,5,176,43,31,37,0,65,0,0,13,1,195,108,68,195,64649.35,675.17,13,24,22,117,0,0,0,0,43,31,102,0
180827,15,-0.07,-0.04,-0.45,-0.4,2,0.2,0.2,0.15,20,61.36,194,181,5,176,0,31,37,0,108,0,0,13,1,195,108,68,195,74697.52,777.88,9,6,8,153,0,0,0,0,0,31,145,0
180828,15,-0.07,-0.04,-0.45,-0.4,2,0.2,0.2,0.15,20,64.77,194,181,5,176,46,0,62,0,68,0,0,13,1,195,114,62,195,83934.91,876.42,4,18,14,140,0,0,0,0,46,0,130,0
180829,15,-0.07,-0.04,-0.45,-0.4,2,0.2,0.2,0.15,30,62.35,194,181,11,170,64,47,17,0,42,0,0,13,1,195,106,64,195,76559.14,790.69,13,24,22,15,21,75,0,0,64,47,59,0
180830,15,-0.07,-0.04,-0.45,-0.4,2,0.2,0.2,0.15,30,61.76,194,181,11,170,0,47,18,0,105,0,0,13,1,195,105,65,195,79052.25,820.89,9,6,8,8,12,127,0,0,0,47,123,0
180831,15,-0.07,-0.04,-0.45,-0.4,2,0.2,0.2,0.15,30,69.41,194,181,11,170,71,0,52,0,47,0,0,13,1,195,118,52,195,115881.93,1198.33,4,18,14,10,12,112,0,0,71,0,99,0
180832,15,-0.07,-0.04,-0.45,-0.4,2,0.2,0.2,0.15,40,58.93,194,181,13,168,74,49,14,6,8,17,0,13,1,195,99,69,195,80752.85,834.15,13,24,22,15,21,16,9,48,74,49,22,23
180833,15,-0.07,-0.04,-0.45,-0.4,2,0.2,0.2,0.15,40,57.74,194,181,13,168,0,50,15,6,24,73,0,13,1,195,97,71,195,90283.05,928.46,9,6,8,8,12,4,3,118,0,50,39,79
180834,15,-0.07,-0.04,-0.45,-0.4,2,0.2,0.2,0.15,40,67.86,194,181,13,168,84,0,37,17,10,20,0,13,1,195,114,54,195,126319.29,1306.31,4,18,14,10,12,13,8,89,84,0,47,37
180835,15,-0.07,-0.04,-0.45,-0.4,2,0.2,0.2,0.15,50,58.33,194,181,13,168,74,52,0,18,0,24,0,13,1,195,98,70,195,76462.37,788.83,13,24,22,15,21,16,9,48,74,52,0,42
180836,15,-0.07,-0.04,-0.45,-0.4,2,0.2,0.2,0.15,50,55.95,194,181,13,168,0,53,0,21,0,94,0,13,1,195,94,74,195,83450.47,857.26,9,6,8,8,12,4,3,118,0,53,0,115
180837,15,-0.07,-0.04,-0.45,-0.4,2,0.2,0.2,0.15,50,66.67,194,181,13,168,84,0,0,56,0,28,0,13,1,195,112,56,195,120411.73,1243.51,4,18,14,10,12,13,8,89,84,0,0,84
180838,15,-0.07,-0.04,-0.45,-0.4,2,0.2,0.2,0.15,60,58.33,194,181,13,168,74,52,0,18,0,24,0,13,1,195,98,70,195,76462.37,788.83,13,24,22,15,21,16,9,48,74,52,0,42
180839,15,-0.07,-0.04,-0.45,-0.4,2,0.2,0.2,0.15,60,55.95,194,181,13,168,0,53,0,21,0,94,0,13,1,195,94,74,195,83450.47,857.26,9,6,8,8,12,4,3,118,0,53,0,115
180840,15,-0.07,-0.04,-0.45,-0.4,2,0.2,0.2,0.15,60,66.67,194,181,13,168,84,0,0,56,0,28,0,13,1,195,112,56,195,120411.73,1243.51,4,18,14,10,12,13,8,89,84,0,0,84
180841,15,-0.07,-0.04,-0.45,-0.35,1,0.1,0.1,0.15,20,67.42,430,409,10,399,229,66,64,0,40,0,0,21,5,435,269,130,435,104647.52,1090.87,139,80,50,130,0,0,0,0,229,66,104,0
180842,15,-0.07,-0.04,-0.45,-0.35,1,0.1,0.1,0.15,20,57.97,429,408,13,395,0,74,92,0,229,0,0,21,6,435,229,166,435,123479.28,1285.5,18,18,21,338,0,0,0,0,0,74,321,0
180843,15,-0.07,-0.04,-0.45,-0.35,1,0.1,0.1,0.15,20,71.28,428,407,10,397,241,0,114,0,42,0,0,21,7,435,283,114,435,153616.69,1589.51,121,65,35,176,0,0,0,0,241,0,156,0
180844,15,-0.07,-0.04,-0.45,-0.35,1,0.1,0.1,0.15,30,70.99,430,409,16,393,268,84,30,0,11,0,0,21,5,435,279,114,435,121080.59,1260.59,139,80,50,26,31,67,0,0,268,84,41,0
180845,15,-0.07,-0.04,-0.45,-0.35,1,0.1,0.1,0.15,30,58.14,429,408,21,387,0,107,55,0,225,0,0,21,6,435,225,162,435,136826.45,1425.76,18,18,21,17,19,294,0,0,0,107,280,0
180846,15,-0.07,-0.04,-0.45,-0.35,1,0.1,0.1,0.15,30,76.98,428,407,16,391,286,0,90,0,15,0,0,21,7,435,301,90,435,194744.83,2014.48,121,65,35,20,28,122,0,0,286,0,105,0
180847,15,-0.07,-0.04,-0.45,-0.35,1,0.1,0.1,0.15,40,70.92,430,409,17,392,270,95,11,8,3,5,0,21,5,435,278,114,435,112890.71,1176.01,139,80,50,26,31,26,3,37,270,95,14,13
180848,15,-0.07,-0.04,-0.45,-0.35,1,0.1,0.1,0.15,40,55.84,429,408,23,385,0,123,31,16,58,157,0,21,6,435,215,170,435,155535.57,1618.84,18,18,21,17,19,14,9,269,0,123,89,173
180849,15,-0.07,-0.04,-0.45,-0.35,1,0.1,0.1,0.15,40,78.72,428,407,17,390,296,0,54,29,3,8,0,21,7,435,307,83,435,192812.13,1993.04,121,65,35,20,28,17,3,101,296,0,57,37
180850,15,-0.07,-0.04,-0.45,-0.35,1,0.1,0.1,0.15,50,70.66,430,409,17,392,270,96,0,19,0,7,0,21,5,435,277,115,435,111310.1,1159.19,139,80,50,26,31,26,3,37,270,96,0,26
180851,15,-0.07,-0.04,-0.45,-0.35,1,0.1,0.1,0.15,50,54.55,429,408,23,385,0,127,0,48,0,210,0,21,6,435,210,175,435,145443.83,1511.1,18,18,21,17,19,14,9,269,0,127,0,258
180852,15,-0.07,-0.04,-0.45,-0.35,1,0.1,0.1,0.15,50,78.72,428,407,17,390,296,0,0,83,0,11,0,21,7,435,307,83,435,192713.44,1991.31,121,65,35,20,28,17,3,101,296,0,0,94
180853,15,-0.07,-0.04,-0.45,-0.35,1,0.1,0.1,0.15,60,70.66,430,409,17,392,270,96,0,19,0,7,0,21,5,435,277,115,435,111310.1,1159.19,139,80,50,26,31,26,3,37,270,96,0,26
180854,15,-0.07,-0.04,-0.45,-0.35,1,0.1,0.1,0.15,60,54.55,429,408,23,385,0,127,0,48,0,210,0,21,6,435,210,175,435,145443.83,1511.1,18,18,21,17,19,14,9,269,0,127,0,258
180855,15,-0.07,-0.04,-0.45,-0.35,1,0.1,0.1,0.15,60,78.72,428,407,17,390,296,0,0,83,0,11,0,21,7,435,307,83,435,192713.44,1991.31,121,65,35,20,28,17,3,101,296,0,0,94
180856,15,-0.07,-0.04,-0.45,-0.35,1,0.1,0.2,0.15,20,58.59,430,409,13,396,86,74,90,0,146,0,0,21,5,435,232,164,435,122257.46,1274.11,31,45,51,269,0,0,0,0,86,74,236,0
180857,15,-0.07,-0.04,-0.45,-0.35,1,0.1,0.2,0.15,20,57.97,429,408,13,395,0,74,92,0,229,0,0,21,6,435,229,166,435,123479.28,1285.5,18,18,21,338,0,0,0,0,0,74,321,0
180858,15,-0.07,-0.04,-0.45,-0.35,1,0.1,0.2,0.15,20,61.93,428,407,13,394,90,0,150,0,154,0,0,21,7,435,244,150,435,174528.52,1808.07,13,27,30,324,0,0,0,0,90,0,304,0
180859,15,-0.07,-0.04,-0.45,-0.35,1,0.1,0.2,0.15,30,59.79,430,409,21,388,135,107,49,0,97,0,0,21,5,435,232,156,435,149323.76,1550.07,31,45,51,33,48,180,0,0,135,107,146,0
180860,15,-0.07,-0.04,-0.45,-0.35,1,0.1,0.2,0.15,30,58.14,429,408,21,387,0,107,55,0,225,0,0,21,6,435,225,162,435,136826.45,1425.76,18,18,21,17,19,294,0,0,0,107,280,0
180861,15,-0.07,-0.04,-0.45,-0.35,1,0.1,0.2,0.15,30,66.84,428,407,21,386,149,0,128,0,109,0,0,21,7,435,258,128,435,241458.62,2489.8,13,27,30,20,36,260,0,0,149,0,237,0
180862,15,-0.07,-0.04,-0.45,-0.35,1,0.1,0.2,0.15,40,57.77,430,409,23,386,161,121,26,16,21,41,0,21,5,435,223,163,435,157825.7,1646.18,31,45,51,33,48,34,23,121,161,121,47,57
180863,15,-0.07,-0.04,-0.45,-0.35,1,0.1,0.2,0.15,40,55.84,429,408,23,385,0,123,31,16,58,157,0,21,6,435,215,170,435,155535.57,1618.84,18,18,21,17,19,14,9,269,0,123,89,173
180864,15,-0.07,-0.04,-0.45,-0.35,1,0.1,0.2,0.15,40,66.41,428,407,23,384,179,0,89,40,24,52,0,21,7,435,255,129,435,262173.46,2710.8,13,27,30,20,36,23,20,215,179,0,113,92
180865,15,-0.07,-0.04,-0.45,-0.35,1,0.1,0.2,0.15,50,56.99,430,409,23,386,162,125,0,41,0,58,0,21,5,435,220,166,435,152332.56,1587.83,31,45,51,33,48,34,23,121,162,125,0,99
180866,15,-0.07,-0.04,-0.45,-0.35,1,0.1,0.2,0.15,50,54.55,429,408,23,385,0,127,0,48,0,210,0,21,6,435,210,175,435,145443.83,1511.1,18,18,21,17,19,14,9,269,0,127,0,258
180867,15,-0.07,-0.04,-0.45,-0.35,1,0.1,0.2,0.15,50,65.89,428,407,23,384,180,0,0,131,0,73,0,21,7,435,253,131,435,255222.81,2637.77,13,27,30,20,36,23,20,215,180,0,0,204
180868,15,-0.07,-0.04,-0.45,-0.35,1,0.1,0.2,0.15,60,56.99,430,409,23,386,162,125,0,41,0,58,0,21,5,435,220,166,435,152332.56,1587.83,31,45,51,33,48,34,23,121,162,125,0,99
180869,15,-0.07,-0.04,-0.45,-0.35,1,0.1,0.2,0.15,60,54.55,429,408,23,385,0,127,0,48,0,210,0,21,6,435,210,175,435,145443.83,1511.1,18,18,21,17,19,14,9,269,0,127,0,258
180870,15,-0.07,-0.04,-0.45,-0.35,1,0.1,0.2,0.15,60,65.89,428,407,23,384,180,0,0,131,0,73,0,21,7,435,253,131,435,255222.81,2637.77,13,27,30,20,36,23,20,215,180,0,0,204
180871,15,-0.07,-0.04,-0.45,-0.35,1,0.2,0.1,0.15,20,67.42,430,409,10,399,229,66,64,0,40,0,0,21,5,435,269,130,435,104647.52,1090.87,139,80,50,130,0,0,0,0,229,66,104,0
180872,15,-0.07,-0.04,-0.45,-0.35,1,0.2,0.1,0.15,20,57.97,429,408,13,395,0,74,92,0,229,0,0,21,6,435,229,166,435,123479.28,1285.5,18,18,21,338,0,0,0,0,0,74,321,0
180873,15,-0.07,-0.04,-0.45,-0.35,1,0.2,0.1,0.15,20,71.28,428,407,10,397,241,0,114,0,42,0,0,21,7,435,283,114,435,153616.69,1589.51,121,65,35,176,0,0,0,0,241,0,156,0
180874,15,-0.07,-0.04,-0.45,-0.35,1,0.2,0.1,0.15,30,70.99,430,409,16,393,268,84,30,0,11,0,0,21,5,435,279,114,435,121080.59,1260.59,139,80,50,26,31,67,0,0,268,84,41,0
180875,15,-0.07,-0.04,-0.45,-0.35,1,0.2,0.1,0.15,30,58.14,429,408,21,387,0,107,55,0,225,0,0,21,6,435,225,162,435,136826.45,1425.76,18,18,21,17,19,294,0,0,0,107,280,0
180876,15,-0.07,-0.04,-0.45,-0.35,1,0.2,0.1,0.15,30,76.98,428,407,16,391,286,0,90,0,15,0,0,21,7,435,301,90,435,194744.83,2014.48,121,65,35,20,28,122,0,0,286,0,105,0
180877,15,-0.07,-0.04,-0.45,-0.35,1,0.2,0.1,0.15,40,70.92,430,409,17,392,270,95,11,8,3,5,0,21,5,435,278,114,435,112890.71,1176.01,139,80,50,26,31,26,3,37,270,95,14,13
180878,15,-0.07,-0.04,-0.45,-0.35,1,0.2,0.1,0.15,40,55.84,429,408,23,385,0,123,31,16,58,157,0,21,6,435,215,170,435,155535.57,1618.84,18,18,21,17,19,14,9,269,0,123,89,173
180879,15,-0.07,-0.04,-0.45,-0.35,1,0.2,0.1,0.15,40,78.72,428,407,17,390,296,0,54,29,3,8,0,21,7,435,307,83,435,192812.13,1993.04,121,65,35,20,28,17,3,101,296,0,57,37
180880,15,-0.07,-0.04,-0.45,-0.35,1,0.2,0.1,0.15,50,70.66,430,409,17,392,270,96,0,19,0,7,0,21,5,435,277,115,435,111310.1,1159.19,139,80,50,26,31,26,3,37,270,96,0,26
180881,15,-0.07,-0.04,-0.45,-0.35,1,0.2,0.1,0.15,50,54.55,429,408,23,385,0,127,0,48,0,210,0,21,6,435,210,175,435,145443.83,1511.1,18,18,21,17,19,14,9,269,0,127,0,258
180882,15,-0.07,-0.04,-0.45,-0.35,1,0.2,0.1,0.15,50,78.72,428,407,17,390,296,0,0,83,0,11,0,21,7,435,307,83,435,192713.44,1991.31,121,65,35,20,28,17,3,101,296,0,0,94
180883,15,-0.07,-0.04,-0.45,-0.35,1,0.2,0.1,0.15,60,70.66,430,409,17,392,270,96,0,19,0,7,0,21,5,435,277,115,435,111310.1,1159.19,139,80,50,26,31,26,3,37,270,96,0,26
180884,15,-0.07,-0.04,-0.45,-0.35,1,0.2,0.1,0.15,60,54.55,429,408,23,385,0,127,0,48,0,210,0,21,6,435,210,175,435,145443.83,1511.1,18,18,21,17,19,14,9,269,0,127,0,258
180885,15,-0.07,-0.04,-0.45,-0.35,1,0.2,0.1,0.15,60,78.72,428,407,17,390,296,0,0,83,0,11,0,21,7,435,307,83,435,192713.44,1991.31,121,65,35,20,28,17,3,101,296,0,0,94
180886,15,-0.07,-0.04,-0.45,-0.35,1,0.2,0.2,0.15,20,58.59,430,409,13,396,86,74,90,0,146,0,0,21,5,435,232,164,435,122257.46,1274.11,31,45,51,269,0,0,0,0,86,74,236,0
180887,15,-0.07,-0.04,-0.45,-0.35,1,0.2,0.2,0.15,20,57.97,429,408,13,395,0,74,92,0,229,0,0,21,6,435,229,166,435,123479.28,1285.5,18,18,21,338,0,0,0,0,0,74,321,0
180888,15,-0.07,-0.04,-0.45,-0.35,1,0.2,0.2,0.15,20,61.93,428,407,13,394,90,0,150,0,154,0,0,21,7,435,244,150,435,174528.52,1808.07,13,27,30,324,0,0,0,0,90,0,304,0
180889,15,-0.07,-0.04,-0.45,-0.35,1,0.2,0.2,0.15,30,59.79,430,409,21,388,135,107,49,0,97,0,0,21,5,435,232,156,435,149323.76,1550.07,31,45,51,33,48,180,0,0,135,107,146,0
180890,15,-0.07,-0.04,-0.45,-0.35,1,0.2,0.2,0.15,30,58.14,429,408,21,387,0,107,55,0,225,0,0,21,6,435,225,162,435,136826.45,1425.76,18,18,21,17,19,294,0,0,0,107,280,0
180891,15,-0.07,-0.04,-0.45,-0.35,1,0.2,0.2,0.15,30,66.84,428,407,21,386,149,0,128,0,109,0,0,21,7,435,258,128,435,241458.62,2489.8,13,27,30,20,36,260,0,0,149,0,237,0
180892,15,-0.07,-0.04,-0.45,-0.35,1,0.2,0.2,0.15,40,57.77,430,409,23,386,161,121,26,16,21,41,0,21,5,435,223,163,435,157825.7,1646.18,31,45,51,33,48,34,23,121,161,121,47,57
180893,15,-0.07,-0.04,-0.45,-0.35,1,0.2,0.2,0.15,40,55.84,429,408,23,385,0,123,31,16,58,157,0,21,6,435,215,170,435,155535.57,1618.84,18,18,21,17,19,14,9,269,0,123,89,173
180894,15,-0.07,-0.04,-0.45,-0.35,1,0.2,0.2,0.15,40,66.41,428,407,23,384,179,0,89,40,24,52,0,21,7,435,255,129,435,262173.46,2710.8,13,27,30,20,36,23,20,215,179,0,113,92
180895,15,-0.07,-0.04,-0.45,-0.35,1,0.2,0.2,0.15,50,56.99,430,409,23,386,162,125,0,41,0,58,0,21,5,435,220,166,435,152332.56,1587.83,31,45,51,33,48,34,23,121,162,125,0,99
180896,15,-0.07,-0.04,-0.45,-0.35,1,0.2,0.2,0.15,50,54.55,429,408,23,385,0,127,0,48,0,210,0,21,6,435,210,175,435,145443.83,1511.1,18,18,21,17,19,14,9,269,0,127,0,258
180897,15,-0.07,-0.04,-0.45,-0.35,1,0.2,0.2,0.15,50,65.89,428,407,23,384,180,0,0,131,0,73,0,21,7,435,253,131,435,255222.81,2637.77,13,27,30,20,36,23,20,215,180,0,0,204
180898,15,-0.07,-0.04,-0.45,-0.35,1,0.2,0.2,0.15,60,56.99,430,409,23,386,162,125,0,41,0,58,0,21,5,435,220,166,435,152332.56,1587.83,31,45,51,33,48,34,23,121,162,125,0,99
180899,15,-0.07,-0.04,-0.45,-0.35,1,0.2,0.2,0.15,60,54.55,429,408,23,385,0,127,0,48,0,210,0,21,6,435,210,175,435,145443.83,1511.1,18,18,21,17,19,14,9,269,0,127,0,258
180900,15,-0.07,-0.04,-0.45,-0.35,1,0.2,0.2,0.15,60,65.89,428,407,23,384,180,0,0,131,0,73,0,21,7,435,253,131,435,255222.81,2637.77,13,27,30,20,36,23,20,215,180,0,0,204
180901,15,-0.07,-0.04,-0.45,-0.35,2,0.1,0.1,0.15,20,72.18,430,409,10,399,253,64,47,0,35,0,0,21,5,435,288,111,435,161579.78,1763.61,147,88,55,109,0,0,0,0,253,64,82,0
180902,15,-0.07,-0.04,-0.45,-0.35,2,0.1,0.1,0.15,20,63.29,429,408,13,395,0,74,71,0,250,0,0,21,6,435,250,145,435,191544.97,2075.93,18,18,21,338,0,0,0,0,0,74,321,0
180903,15,-0.07,-0.04,-0.45,-0.35,2,0.1,0.1,0.15,20,78.84,428,407,10,397,269,0,84,0,44,0,0,21,7,435,313,84,435,246576.79,2272.09,129,75,49,144,0,0,0,0,269,0,128,0
180904,15,-0.07,-0.04,-0.45,-0.35,2,0.1,0.1,0.15,30,74.11,430,409,15,394,283,80,22,0,9,0,0,21,5,435,292,102,435,169712.51,1879.94,147,88,55,27,28,49,0,0,283,80,31,0
180905,15,-0.07,-0.04,-0.45,-0.35,2,0.1,0.1,0.15,30,60.47,429,408,21,387,0,107,46,0,234,0,0,21,6,435,234,153,435,235984.03,2371.59,18,18,21,17,19,294,0,0,0,107,280,0
180906,15,-0.07,-0.04,-0.45,-0.35,2,0.1,0.1,0.15,30,83.93,428,407,15,392,311,0,63,0,18,0,0,21,7,435,329,63,435,302523.87,2643.48,129,75,49,16,32,91,0,0,311,0,81,0
180907,15,-0.07,-0.04,-0.45,-0.35,2,0.1,0.1,0.15,40,74.05,430,409,16,393,286,88,10,4,1,4,0,21,5,435,291,102,435,166419.17,1866.96,147,88,55,27,28,18,4,26,286,88,11,8
180908,15,-0.07,-0.04,-0.45,-0.35,2,0.1,0.1,0.15,40,57.4,429,408,23,385,0,123,30,11,59,162,0,21,6,435,221,164,435,269886.42,2647.84,18,18,21,17,19,14,9,269,0,123,89,173
180909,15,-0.07,-0.04,-0.45,-0.35,2,0.1,0.1,0.15,40,85.17,428,407,16,391,323,0,43,15,2,8,0,21,7,435,333,58,435,310872.59,2690.84,129,75,49,16,32,10,9,71,323,0,45,23
180910,15,-0.07,-0.04,-0.45,-0.35,2,0.1,0.1,0.15,50,73.79,430,409,16,393,286,89,0,14,0,4,0,21,5,435,290,103,435,162425.14,1843.03,147,88,55,27,28,18,4,26,286,89,0,18
180911,15,-0.07,-0.04,-0.45,-0.35,2,0.1,0.1,0.15,50,56.1,429,408,23,385,0,127,0,42,0,216,0,21,6,435,216,169,435,255263.19,2542.86,18,18,21,17,19,14,9,269,0,127,0,258
180912,15,-0.07,-0.04,-0.45,-0.35,2,0.1,0.1,0.15,50,85.17,428,407,16,391,323,0,0,58,0,10,0,21,7,435,333,58,435,306930.46,2666.52,129,75,49,16,32,10,9,71,323,0,0,68
180913,15,-0.07,-0.04,-0.45,-0.35,2,0.1,0.1,0.15,60,73.79,430,409,16,393,286,89,0,14,0,4,0,21,5,435,290,103,435,162425.14,1843.03,147,88,55,27,28,18,4,26,286,89,0,18
180914,15,-0.07,-0.04,-0.45,-0.35,2,0.1,0.1,0.15,60,56.1,429,408,23,385,0,127,0,42,0,216,0,21,6,435,216,169,435,255263.19,2542.86,18,18,21,17,19,14,9,269,0,127,0,258
180915,15,-0.07,-0.04,-0.45,-0.35,2,0.1,0.1,0.15,60,85.17,428,407,16,391,323,0,0,58,0,10,0,21,7,435,333,58,435,306930.46,2666.52,129,75,49,16,32,10,9,71,323,0,0,68
180916,15,-0.07,-0.04,-0.45,-0.35,2,0.1,0.2,0.15,20,63.89,430,409,13,396,95,74,69,0,158,0,0,21,5,435,253,143,435,193723.56,2079.61,33,48,53,262,0,0,0,0,95,74,227,0
180917,15,-0.07,-0.04,-0.45,-0.35,2,0.1,0.2,0.15,20,63.29,429,408,13,395,0,74,71,0,250,0,0,21,6,435,250,145,435,191544.97,2075.93,18,18,21,338,0,0,0,0,0,74,321,0
180918,15,-0.07,-0.04,-0.45,-0.35,2,0.1,0.2,0.15,20,70.3,428,407,13,394,102,0,117,0,175,0,0,21,7,435,277,117,435,289423.08,2666.52,15,30,33,316,0,0,0,0,102,0,292,0
180919,15,-0.07,-0.04,-0.45,-0.35,2,0.1,0.2,0.15,30,62.11,430,409,21,388,150,106,41,0,91,0,0,21,5,435,241,147,435,244292.79,2467.41,33,48,53,35,51,168,0,0,150,106,132,0
180920,15,-0.07,-0.04,-0.45,-0.35,2,0.1,0.2,0.15,30,60.47,429,408,21,387,0,107,46,0,234,0,0,21,6,435,234,153,435,235984.03,2371.59,18,18,21,17,19,294,0,0,0,107,280,0
180921,15,-0.07,-0.04,-0.45,-0.35,2,0.1,0.2,0.15,30,73.06,428,407,21,386,166,0,104,0,116,0,0,21,7,435,282,104,435,405840.69,3405.6,15,30,33,24,40,244,0,0,166,0,220,0
180922,15,-0.07,-0.04,-0.45,-0.35,2,0.1,0.2,0.15,40,59.84,430,409,23,386,173,120,24,11,20,38,0,21,5,435,231,155,435,242500.49,2501.03,33,48,53,35,51,36,21,109,173,120,44,49
180923,15,-0.07,-0.04,-0.45,-0.35,2,0.1,0.2,0.15,40,57.4,429,408,23,385,0,123,30,11,59,162,0,21,6,435,221,164,435,269886.42,2647.84,18,18,21,17,19,14,9,269,0,123,89,173
180924,15,-0.07,-0.04,-0.45,-0.35,2,0.1,0.2,0.15,40,71.09,428,407,23,384,197,0,82,29,25,51,0,21,7,435,273,111,435,428595.97,3566.22,15,30,33,24,40,24,20,198,197,0,107,80
180925,15,-0.07,-0.04,-0.45,-0.35,2,0.1,0.2,0.15,50,59.07,430,409,23,386,174,123,0,35,0,54,0,21,5,435,228,158,435,235972.76,2457.96,33,48,53,35,51,36,21,109,174,123,0,89
180926,15,-0.07,-0.04,-0.45,-0.35,2,0.1,0.2,0.15,50,56.1,429,408,23,385,0,127,0,42,0,216,0,21,6,435,216,169,435,255263.19,2542.86,18,18,21,17,19,14,9,269,0,127,0,258
180927,15,-0.07,-0.04,-0.45,-0.35,2,0.1,0.2,0.15,50,71.35,428,407,23,384,198,0,0,110,0,76,0,21,7,435,274,110,435,420457.05,3515.24,15,30,33,24,40,24,20,198,198,0,0,186
180928,15,-0.07,-0.04,-0.45,-0.35,2,0.1,0.2,0.15,60,59.07,430,409,23,386,174,123,0,35,0,54,0,21,5,435,228,158,435,235972.76,2457.96,33,48,53,35,51,36,21,109,174,123,0,89
180929,15,-0.07,-0.04,-0.45,-0.35,2,0.1,0.2,0.15,60,56.1,429,408,23,385,0,127,0,42,0,216,0,21,6,435,216,169,435,255263.19,2542.86,18,18,21,17,19,14,9,269,0,127,0,258
180930,15,-0.07,-0.04,-0.45,-0.35,2,0.1,0.2,0.15,60,71.35,428,407,23,384,198,0,0,110,0,76,0,21,7,435,274,110,435,420457.05,3515.24,15,30,33,24,40,24,20,198,198,0,0,186
180931,15,-0.07,-0.04,-0.45,-0.35,2,0.2,0.1,0.15,20,67.42,430,409,10,399,229,66,64,0,40,0,0,21,5,435,269,130,435,104647.52,1090.87,139,80,50,130,0,0,0,0,229,66,104,0
180932,15,-0.07,-0.04,-0.45,-0.35,2,0.2,0.1,0.15,20,57.97,429,408,13,395,0,74,92,0,229,0,0,21,6,435,229,166,435,123479.28,1285.5,18,18,21,338,0,0,0,0,0,74,321,0
180933,15,-0.07,-0.04,-0.45,-0.35,2,0.2,0.1,0.15,20,71.28,428,407,10,397,241,0,114,0,42,0,0,21,7,435,283,114,435,153616.69,1589.51,121,65,35,176,0,0,0,0,241,0,156,0
180934,15,-0.07,-0.04,-0.45,-0.35,2,0.2,0.1,0.15,30,70.99,430,409,16,393,268,84,30,0,11,0,0,21,5,435,279,114,435,121080.59,1260.59,139,80,50,26,31,67,0,0,268,84,41,0
180935,15,-0.07,-0.04,-0.45,-0.35,2,0.2,0.1,0.15,30,58.14,429,408,21,387,0,107,55,0,225,0,0,21,6,435,225,162,435,136826.45,1425.76,18,18,21,17,19,294,0,0,0,107,280,0
180936,15,-0.07,-0.04,-0.45,-0.35,2,0.2,0.1,0.15,30,76.98,428,407,16,391,286,0,90,0,15,0,0,21,7,435,301,90,435,194744.83,2014.48,121,65,35,20,28,122,0,0,286,0,105,0
180937,15,-0.07,-0.04,-0.45,-0.35,2,0.2,0.1,0.15,40,70.92,430,409,17,392,270,95,11,8,3,5,0,21,5,435,278,114,435,112890.71,1176.01,139,80,50,26,31,26,3,37,270,95,14,13
180938,15,-0.07,-0.04,-0.45,-0.35,2,0.2,0.1,0.15,40,55.84,429,408,23,385,0,123,31,16,58,157,0,21,6,435,215,170,435,155535.57,1618.84,18,18,21,17,19,14,9,269,0,123,89,173
180939,15,-0.07,-0.04,-0.45,-0.35,2,0.2,0.1,0.15,40,78.72,428,407,17,390,296,0,54,29,3,8,0,21,7,435,307,83,435,192812.13,1993.04,121,65,35,20,28,17,3,101,296,0,57,37
180940,15,-0.07,-0.04,-0.45,-0.35,2,0.2,0.1,0.15,50,70.66,430,409,17,392,270,96,0,19,0,7,0,21,5,435,277,115,435,111310.1,1159.19,139,80,50,26,31,26,3,37,270,96,0,26
180941,15,-0.07,-0.04,-0.45,-0.35,2,0.2,0.1,0.15,50,54.55,429,408,23,385,0,127,0,48,0,210,0,21,6,435,210,175,435,145443.83,1511.1,18,18,21,17,19,14,9,269,0,127,0,258
180942,15,-0.07,-0.04,-0.45,-0.35,2,0.2,0.1,0.15,50,78.72,428,407,17,390,296,0,0,83,0,11,0,21,7,435,307,83,435,192713.44,1991.31,121,65,35,20,28,17,3,101,296,0,0,94
180943,15,-0.07,-0.04,-0.45,-0.35,2,0.2,0.1,0.15,60,70.66,430,409,17,392,270,96,0,19,0,7,0,21,5,435,277,115,435,111310.1,1159.19,139,80,50,26,31,26,3,37,270,96,0,26
180944,15,-0.07,-0.04,-0.45,-0.35,2,0.2,0.1,0.15,60,54.55,429,408,23,385,0,127,0,48,0,210,0,21,6,435,210,175,435,145443.83,1511.1,18,18,21,17,19,14,9,269,0,127,0,258
180945,15,-0.07,-0.04,-0.45,-0.35,2,0.2,0.1,0.15,60,78.72,428,407,17,390,296,0,0,83,0,11,0,21,7,435,307,83,435,192713.44,1991.31,121,65,35,20,28,17,3,101,296,0,0,94
180946,15,-0.07,-0.04,-0.45,-0.35,2,0.2,0.2,0.15,20,58.59,430,409,13,396,86,74,90,0,146,0,0,21,5,435,232,164,435,122257.46,1274.11,31,45,51,269,0,0,0,0,86,74,236,0
180947,15,-0.07,-0.04,-0.45,-0.35,2,0.2,0.2,0.15,20,57.97,429,408,13,395,0,74,92,0,229,0,0,21,6,435,229,166,435,123479.28,1285.5,18,18,21,338,0,0,0,0,0,74,321,0
180948,15,-0.07,-0.04,-0.45,-0.35,2,0.2,0.2,0.15,20,61.93,428,407,13,394,90,0,150,0,154,0,0,21,7,435,244,150,435,174528.52,1808.07,13,27,30,324,0,0,0,0,90,0,304,0
180949,15,-0.07,-0.04,-0.45,-0.35,2,0.2,0.2,0.15,30,59.79,430,409,21,388,135,107,49,0,97,0,0,21,5,435,232,156,435,149323.76,1550.07,31,45,51,33,48,180,0,0,135,107,146,0
180950,15,-0.07,-0.04,-0.45,-0.35,2,0.2,0.2,0.15,30,58.14,429,408,21,387,0,107,55,0,225,0,0,21,6,435,225,162,435,136826.45,1425.76,18,18,21,17,19,294,0,0,0,107,280,0
180951,15,-0.07,-0.04,-0.45,-0.35,2,0.2,0.2,0.15,30,66.84,428,407,21,386,149,0,128,0,109,0,0,21,7,435,258,128,435,241458.62,2489.8,13,27,30,20,36,260,0,0,149,0,237,0
180952,15,-0.07,-0.04,-0.45,-0.35,2,0.2,0.2,0.15,40,57.77,430,409,23,386,161,121,26,16,21,41,0,21,5,435,223,163,435,157825.7,1646.18,31,45,51,33,48,34,23,121,161,121,47,57
180953,15,-0.07,-0.04,-0.45,-0.35,2,0.2,0.2,0.15,40,55.84,429,408,23,385,0,123,31,16,58,157,0,21,6,435,215,170,435,155535.57,1618.84,18,18,21,17,19,14,9,269,0,123,89,173
180954,15,-0.07,-0.04,-0.45,-0.35,2,0.2,0.2,0.15,40,66.41,428,407,23,384,179,0,89,40,24,52,0,21,7,435,255,129,435,262173.46,2710.8,13,27,30,20,36,23,20,215,179,0,113,92
180955,15,-0.07,-0.04,-0.45,-0.35,2,0.2,0.2,0.15,50,56.99,430,409,23,386,162,125,0,41,0,58,0,21,5,435,220,166,435,152332.56,1587.83,31,45,51,33,48,34,23,121,162,125,0,99
180956,15,-0.07,-0.04,-0.45,-0.35,2,0.2,0.2,0.15,50,54.55,429,408,23,385,0,127,0,48,0,210,0,21,6,435,210,175,435,145443.83,1511.1,18,18,21,17,19,14,9,269,0,127,0,258
180957,15,-0.07,-0.04,-0.45,-0.35,2,0.2,0.2,0.15,50,65.89,428,407,23,384,180,0,0,131,0,73,0,21,7,435,253,131,435,255222.81,2637.77,13,27,30,20,36,23,20,215,180,0,0,204
180958,15,-0.07,-0.04,-0.45,-0.35,2,0.2,0.2,0.15,60,56.99,430,409,23,386,162,125,0,41,0,58,0,21,5,435,220,166,435,152332.56,1587.83,31,45,51,33,48,34,23,121,162,125,0,99
180959,15,-0.07,-0.04,-0.45,-0.35,2,0.2,0.2,0.15,60,54.55,429,408,23,385,0,127,0,48,0,210,0,21,6,435,210,175,435,145443.83,1511.1,18,18,21,17,19,14,9,269,0,127,0,258
180960,15,-0.07,-0.04,-0.45,-0.35,2,0.2,0.2,0.15,60,65.89,428,407,23,384,180,0,0,131,0,73,0,21,7,435,253,131,435,255222.81,2637.77,13,27,30,20,36,23,20,215,180,0,0,204
180961,15,-0.07,-0.04,-0.45,-0.3,1,0.1,0.1,0.15,20,64.99,674,651,14,637,340,114,109,0,74,0,0,23,7,681,414,223,681,129926.78,1375.96,203,135,74,225,0,0,0,0,340,114,183,0
180962,15,-0.07,-0.04,-0.45,-0.3,1,0.1,0.1,0.15,20,55.61,673,650,17,633,0,132,149,0,352,0,0,23,8,681,352,281,681,133501.1,1411.88,25,46,38,524,0,0,0,0,0,132,501,0
180963,15,-0.07,-0.04,-0.45,-0.3,1,0.1,0.1,0.15,20,68.19,672,649,14,635,354,0,202,0,79,0,0,23,9,681,433,202,681,179271.77,1881.84,178,95,49,313,0,0,0,0,354,0,281,0
180964,15,-0.07,-0.04,-0.45,-0.3,1,0.1,0.1,0.15,30,66.93,674,651,22,629,396,145,63,0,25,0,0,23,7,681,421,208,681,142861.53,1513.04,203,135,74,42,52,123,0,0,396,145,88,0
180965,15,-0.07,-0.04,-0.45,-0.3,1,0.1,0.1,0.15,30,53.55,673,650,30,620,0,185,103,0,332,0,0,23,8,681,332,288,681,124653.61,1325.14,25,46,38,23,31,457,0,0,0,185,435,0
180966,15,-0.07,-0.04,-0.45,-0.3,1,0.1,0.1,0.15,30,72.57,672,649,22,627,422,0,172,0,33,0,0,23,9,681,455,172,681,240698.11,2509.99,178,95,49,32,44,229,0,0,422,0,205,0
180967,15,-0.07,-0.04,-0.45,-0.3,1,0.1,0.1,0.15,40,67.04,674,651,23,628,408,165,25,17,7,6,0,23,7,681,421,207,681,129734.38,1379.3,203,135,74,42,52,35,16,71,408,165,32,23
180968,15,-0.07,-0.04,-0.45,-0.3,1,0.1,0.1,0.15,40,51.94,673,650,32,618,0,212,54,31,95,226,0,23,8,681,321,297,681,140592.35,1499.79,25,46,38,23,31,22,18,415,0,212,149,257
180969,15,-0.07,-0.04,-0.45,-0.3,1,0.1,0.1,0.15,40,74.92,672,649,23,626,447,0,103,54,8,14,0,23,9,681,469,157,681,254614.35,2648.81,178,95,49,32,44,24,13,191,447,0,111,68
180970,15,-0.07,-0.04,-0.45,-0.3,1,0.1,0.1,0.15,50,66.88,674,651,23,628,408,166,0,42,0,12,0,23,7,681,420,208,681,126980.48,1350.39,203,135,74,42,52,35,16,71,408,166,0,54
180971,15,-0.07,-0.04,-0.45,-0.3,1,0.1,0.1,0.15,50,50.81,673,650,32,618,0,218,0,86,0,314,0,23,8,681,314,304,681,124828.24,1330.17,25,46,38,23,31,22,18,415,0,218,0,400
180972,15,-0.07,-0.04,-0.45,-0.3,1,0.1,0.1,0.15,50,74.92,672,649,23,626,447,0,0,157,0,22,0,23,9,681,469,157,681,251823.17,2618.32,178,95,49,32,44,24,13,191,447,0,0,179
180973,15,-0.07,-0.04,-0.45,-0.3,1,0.1,0.1,0.15,60,66.88,674,651,23,628,408,166,0,42,0,12,0,23,7,681,420,208,681,126980.48,1350.39,203,135,74,42,52,35,16,71,408,166,0,54
180974,15,-0.07,-0.04,-0.45,-0.3,1,0.1,0.1,0.15,60,50.81,673,650,32,618,0,218,0,86,0,314,0,23,8,681,314,304,681,124828.24,1330.17,25,46,38,23,31,22,18,415,0,218,0,400
180975,15,-0.07,-0.04,-0.45,-0.3,1,0.1,0.1,0.15,60,74.92,672,649,23,626,447,0,0,157,0,22,0,23,9,681,469,157,681,251823.17,2618.32,178,95,49,32,44,24,13,191,447,0,0,179
180976,15,-0.07,-0.04,-0.45,-0.3,1,0.1,0.2,0.15,20,56.47,674,651,17,634,131,132,144,0,227,0,0,23,7,681,358,276,681,149460.66,1575.0,46,85,84,419,0,0,0,0,131,132,371,0
180977,15,-0.07,-0.04,-0.45,-0.3,1,0.1,0.2,0.15,20,55.61,673,650,17,633,0,132,149,0,352,0,0,23,8,681,352,281,681,133501.1,1411.88,25,46,38,524,0,0,0,0,0,132,501,0
180978,15,-0.07,-0.04,-0.45,-0.3,1,0.1,0.2,0.15,20,59.18,672,649,17,632,136,0,258,0,238,0,0,23,9,681,374,258,681,196007.31,2054.63,21,39,47,525,0,0,0,0,136,0,496,0
180979,15,-0.07,-0.04,-0.45,-0.3,1,0.1,0.2,0.15,30,55.39,674,651,30,621,192,183,94,0,152,0,0,23,7,681,344,277,681,159524.41,1680.88,46,85,84,48,64,294,0,0,192,183,246,0
180980,15,-0.07,-0.04,-0.45,-0.3,1,0.1,0.2,0.15,30,53.55,673,650,30,620,0,185,103,0,332,0,0,23,8,681,332,288,681,124653.61,1325.14,25,46,38,23,31,457,0,0,0,185,435,0
180981,15,-0.07,-0.04,-0.45,-0.3,1,0.1,0.2,0.15,30,61.87,672,649,30,619,210,0,236,0,173,0,0,23,9,681,383,236,681,272657.12,2830.74,21,39,47,29,44,439,0,0,210,0,409,0
180982,15,-0.07,-0.04,-0.45,-0.3,1,0.1,0.2,0.15,40,53.96,674,651,32,619,226,208,46,31,40,68,0,23,7,681,334,285,681,167456.72,1778.03,46,85,84,48,64,48,35,209,226,208,86,99
180983,15,-0.07,-0.04,-0.45,-0.3,1,0.1,0.2,0.15,40,51.94,673,650,32,618,0,212,54,31,95,226,0,23,8,681,321,297,681,140592.35,1499.79,25,46,38,23,31,22,18,415,0,212,149,257
180984,15,-0.07,-0.04,-0.45,-0.3,1,0.1,0.2,0.15,40,62.72,672,649,32,617,250,0,157,73,45,92,0,23,9,681,387,230,681,319523.52,3320.13,21,39,47,29,44,30,25,382,250,0,202,165
180985,15,-0.07,-0.04,-0.45,-0.3,1,0.1,0.2,0.15,50,53.31,674,651,32,619,228,212,0,77,0,102,0,23,7,681,330,289,681,160964.03,1709.23,46,85,84,48,64,48,35,209,228,212,0,179
180986,15,-0.07,-0.04,-0.45,-0.3,1,0.1,0.2,0.15,50,50.81,673,650,32,618,0,218,0,86,0,314,0,23,8,681,314,304,681,124828.24,1330.17,25,46,38,23,31,22,18,415,0,218,0,400
180987,15,-0.07,-0.04,-0.45,-0.3,1,0.1,0.2,0.15,50,62.4,672,649,32,617,252,0,0,232,0,133,0,23,9,681,385,232,681,310171.62,3220.59,21,39,47,29,44,30,25,382,252,0,0,365
180988,15,-0.07,-0.04,-0.45,-0.3,1,0.1,0.2,0.15,60,53.31,674,651,32,619,228,212,0,77,0,102,0,23,7,681,330,289,681,160964.03,1709.23,46,85,84,48,64,48,35,209,228,212,0,179
180989,15,-0.07,-0.04,-0.45,-0.3,1,0.1,0.2,0.15,60,50.81,673,650,32,618,0,218,0,86,0,314,0,23,8,681,314,304,681,124828.24,1330.17,25,46,38,23,31,22,18,415,0,218,0,400
180990,15,-0.07,-0.04,-0.45,-0.3,1,0.1,0.2,0.15,60,62.4,672,649,32,617,252,0,0,232,0,133,0,23,9,681,385,232,681,310171.62,3220.59,21,39,47,29,44,30,25,382,252,0,0,365
180991,15,-0.07,-0.04,-0.45,-0.3,1,0.2,0.1,0.15,20,64.99,674,651,14,637,340,114,109,0,74,0,0,23,7,681,414,223,681,129926.78,1375.96,203,135,74,225,0,0,0,0,340,114,183,0
180992,15,-0.07,-0.04,-0.45,-0.3,1,0.2,0.1,0.15,20,55.61,673,650,17,633,0,132,149,0,352,0,0,23,8,681,352,281,681,133501.1,1411.88,25,46,38,524,0,0,0,0,0,132,501,0
180993,15,-0.07,-0.04,-0.45,-0.3,1,0.2,0.1,0.15,20,68.19,672,649,14,635,354,0,202,0,79,0,0,23,9,681,433,202,681,179271.77,1881.84,178,95,49,313,0,0,0,0,354,0,281,0
180994,15,-0.07,-0.04,-0.45,-0.3,1,0.2,0.1,0.15,30,66.93,674,651,22,629,396,145,63,0,25,0,0,23,7,681,421,208,681,142861.53,1513.04,203,135,74,42,52,123,0,0,396,145,88,0
180995,15,-0.07,-0.04,-0.45,-0.3,1,0.2,0.1,0.15,30,53.55,673,650,30,620,0,185,103,0,332,0,0,23,8,681,332,288,681,124653.61,1325.14,25,46,38,23,31,457,0,0,0,185,435,0
180996,15,-0.07,-0.04,-0.45,-0.3,1,0.2,0.1,0.15,30,72.57,672,649,22,627,422,0,172,0,33,0,0,23,9,681,455,172,681,240698.11,2509.99,178,95,49,32,44,229,0,0,422,0,205,0
180997,15,-0.07,-0.04,-0.45,-0.3,1,0.2,0.1,0.15,40,67.04,674,651,23,628,408,165,25,17,7,6,0,23,7,681,421,207,681,129734.38,1379.3,203,135,74,42,52,35,16,71,408,165,32,23
180998,15,-0.07,-0.04,-0.45,-0.3,1,0.2,0.1,0.15,40,51.94,673,650,32,618,0,212,54,31,95,226,0,23,8,681,321,297,681,140592.35,1499.79,25,46,38,23,31,22,18,415,0,212,149,257
180999,15,-0.07,-0.04,-0.45,-0.3,1,0.2,0.1,0.15,40,74.92,672,649,23,626,447,0,103,54,8,14,0,23,9,681,469,157,681,254614.35,2648.81,178,95,49,32,44,24,13,191,447,0,111,68
181000,15,-0.07,-0.04,-0.45,-0.3,1,0.2,0.1,0.15,50,66.88,674,651,23,628,408,166,0,42,0,12,0,23,7,681,420,208,681,126980.48,1350.39,203,135,74,42,52,35,16,71,408,166,0,54
181001,15,-0.07,-0.04,-0.45,-0.3,1,0.2,0.1,0.15,50,50.81,673,650,32,618,0,218,0,86,0,314,0,23,8,681,314,304,681,124828.24,1330.17,25,46,38,23,31,22,18,415,0,218,0,400
181002,15,-0.07,-0.04,-0.45,-0.3,1,0.2,0.1,0.15,50,74.92,672,649,23,626,447,0,0,157,0,22,0,23,9,681,469,157,681,251823.17,2618.32,178,95,49,32,44,24,13,191,447,0,0,179
181003,15,-0.07,-0.04,-0.45,-0.3,1,0.2,0.1,0.15,60,66.88,674,651,23,628,408,166,0,42,0,12,0,23,7,681,420,208,681,126980.48,1350.39,203,135,74,42,52,35,16,71,408,166,0,54
181004,15,-0.07,-0.04,-0.45,-0.3,1,0.2,0.1,0.15,60,50.81,673,650,32,618,0,218,0,86,0,314,0,23,8,681,314,304,681,124828.24,1330.17,25,46,38,23,31,22,18,415,0,218,0,400
181005,15,-0.07,-0.04,-0.45,-0.3,1,0.2,0.1,0.15,60,74.92,672,649,23,626,447,0,0,157,0,22,0,23,9,681,469,157,681,251823.17,2618.32,178,95,49,32,44,24,13,191,447,0,0,179
181006,15,-0.07,-0.04,-0.45,-0.3,1,0.2,0.2,0.15,20,56.47,674,651,17,634,131,132,144,0,227,0,0,23,7,681,358,276,681,149460.66,1575.0,46,85,84,419,0,0,0,0,131,132,371,0
181007,15,-0.07,-0.04,-0.45,-0.3,1,0.2,0.2,0.15,20,55.61,673,650,17,633,0,132,149,0,352,0,0,23,8,681,352,281,681,133501.1,1411.88,25,46,38,524,0,0,0,0,0,132,501,0
181008,15,-0.07,-0.04,-0.45,-0.3,1,0.2,0.2,0.15,20,59.18,672,649,17,632,136,0,258,0,238,0,0,23,9,681,374,258,681,196007.31,2054.63,21,39,47,525,0,0,0,0,136,0,496,0
181009,15,-0.07,-0.04,-0.45,-0.3,1,0.2,0.2,0.15,30,55.39,674,651,30,621,192,183,94,0,152,0,0,23,7,681,344,277,681,159524.41,1680.88,46,85,84,48,64,294,0,0,192,183,246,0
181010,15,-0.07,-0.04,-0.45,-0.3,1,0.2,0.2,0.15,30,53.55,673,650,30,620,0,185,103,0,332,0,0,23,8,681,332,288,681,124653.61,1325.14,25,46,38,23,31,457,0,0,0,185,435,0
181011,15,-0.07,-0.04,-0.45,-0.3,1,0.2,0.2,0.15,30,61.87,672,649,30,619,210,0,236,0,173,0,0,23,9,681,383,236,681,272657.12,2830.74,21,39,47,29,44,439,0,0,210,0,409,0
181012,15,-0.07,-0.04,-0.45,-0.3,1,0.2,0.2,0.15,40,53.96,674,651,32,619,226,208,46,31,40,68,0,23,7,681,334,285,681,167456.72,1778.03,46,85,84,48,64,48,35,209,226,208,86,99
181013,15,-0.07,-0.04,-0.45,-0.3,1,0.2,0.2,0.15,40,51.94,673,650,32,618,0,212,54,31,95,226,0,23,8,681,321,297,681,140592.35,1499.79,25,46,38,23,31,22,18,415,0,212,149,257
181014,15,-0.07,-0.04,-0.45,-0.3,1,0.2,0.2,0.15,40,62.72,672,649,32,617,250,0,157,73,45,92,0,23,9,681,387,230,681,319523.52,3320.13,21,39,47,29,44,30,25,382,250,0,202,165
181015,15,-0.07,-0.04,-0.45,-0.3,1,0.2,0.2,0.15,50,53.31,674,651,32,619,228,212,0,77,0,102,0,23,7,681,330,289,681,160964.03,1709.23,46,85,84,48,64,48,35,209,228,212,0,179
181016,15,-0.07,-0.04,-0.45,-0.3,1,0.2,0.2,0.15,50,50.81,673,650,32,618,0,218,0,86,0,314,0,23,8,681,314,304,681,124828.24,1330.17,25,46,38,23,31,22,18,415,0,218,0,400
181017,15,-0.07,-0.04,-0.45,-0.3,1,0.2,0.2,0.15,50,62.4,672,649,32,617,252,0,0,232,0,133,0,23,9,681,385,232,681,310171.62,3220.59,21,39,47,29,44,30,25,382,252,0,0,365
181018,15,-0.07,-0.04,-0.45,-0.3,1,0.2,0.2,0.15,60,53.31,674,651,32,619,228,212,0,77,0,102,0,23,7,681,330,289,681,160964.03,1709.23,46,85,84,48,64,48,35,209,228,212,0,179
181019,15,-0.07,-0.04,-0.45,-0.3,1,0.2,0.2,0.15,60,50.81,673,650,32,618,0,218,0,86,0,314,0,23,8,681,314,304,681,124828.24,1330.17,25,46,38,23,31,22,18,415,0,218,0,400
181020,15,-0.07,-0.04,-0.45,-0.3,1,0.2,0.2,0.15,60,62.4,672,649,32,617,252,0,0,232,0,133,0,23,9,681,385,232,681,310171.62,3220.59,21,39,47,29,44,30,25,382,252,0,0,365
181021,15,-0.07,-0.04,-0.45,-0.3,2,0.1,0.1,0.15,20,69.86,674,651,14,637,376,110,82,0,69,0,0,23,7,681,445,192,681,205850.41,2463.36,214,146,85,192,0,0,0,0,376,110,151,0
181022,15,-0.07,-0.04,-0.45,-0.3,2,0.1,0.1,0.15,20,60.51,673,650,17,633,0,132,118,0,383,0,0,23,8,681,383,250,681,216675.12,2642.16,25,46,38,524,0,0,0,0,0,132,501,0
181023,15,-0.07,-0.04,-0.45,-0.3,2,0.1,0.1,0.15,20,75.12,672,649,14,635,398,0,158,0,79,0,0,23,9,681,477,158,681,296218.48,3040.01,189,110,70,266,0,0,0,0,398,0,237,0
181024,15,-0.07,-0.04,-0.45,-0.3,2,0.1,0.1,0.15,30,70.95,674,651,21,630,425,138,45,0,22,0,0,23,7,681,447,183,681,216209.45,2624.4,214,146,85,41,48,96,0,0,425,138,67,0
181025,15,-0.07,-0.04,-0.45,-0.3,2,0.1,0.1,0.15,30,56.45,673,650,30,620,0,185,85,0,350,0,0,23,8,681,350,270,681,243304.85,2818.06,25,46,38,23,31,457,0,0,0,185,435,0
181026,15,-0.07,-0.04,-0.45,-0.3,2,0.1,0.1,0.15,30,80.25,672,649,21,628,467,0,124,0,37,0,0,23,9,681,504,124,681,398222.12,3695.95,189,110,70,29,49,181,0,0,467,0,161,0
181027,15,-0.07,-0.04,-0.45,-0.3,2,0.1,0.1,0.15,40,70.91,674,651,22,629,434,152,20,11,6,6,0,23,7,681,446,183,681,205435.76,2588.76,214,146,85,41,48,29,12,54,434,152,26,17
181028,15,-0.07,-0.04,-0.45,-0.3,2,0.1,0.1,0.15,40,54.05,673,650,32,618,0,212,51,21,98,236,0,23,8,681,334,284,681,276442.65,3138.26,25,46,38,23,31,22,18,415,0,212,149,257
181029,15,-0.07,-0.04,-0.45,-0.3,2,0.1,0.1,0.15,40,82.3,672,649,22,627,493,0,79,32,9,14,0,23,9,681,516,111,681,433963.96,3895.68,189,110,70,29,49,20,16,144,493,0,88,46
181030,15,-0.07,-0.04,-0.45,-0.3,2,0.1,0.1,0.15,50,70.59,674,651,22,629,434,153,0,32,0,10,0,23,7,681,444,185,681,200349.24,2554.56,214,146,85,41,48,29,12,54,434,153,0,42
181031,15,-0.07,-0.04,-0.45,-0.3,2,0.1,0.1,0.15,50,53.07,673,650,32,618,0,218,0,72,0,328,0,23,8,681,328,290,681,254653.38,2975.62,25,46,38,23,31,22,18,415,0,218,0,400
181032,15,-0.07,-0.04,-0.45,-0.3,2,0.1,0.1,0.15,50,82.14,672,649,22,627,493,0,0,112,0,22,0,23,9,681,515,112,681,428876.35,3860.0,189,110,70,29,49,20,16,144,493,0,0,134
181033,15,-0.07,-0.04,-0.45,-0.3,2,0.1,0.1,0.15,60,70.59,674,651,22,629,434,153,0,32,0,10,0,23,7,681,444,185,681,200349.24,2554.56,214,146,85,41,48,29,12,54,434,153,0,42
181034,15,-0.07,-0.04,-0.45,-0.3,2,0.1,0.1,0.15,60,53.07,673,650,32,618,0,218,0,72,0,328,0,23,8,681,328,290,681,254653.38,2975.62,25,46,38,23,31,22,18,415,0,218,0,400
181035,15,-0.07,-0.04,-0.45,-0.3,2,0.1,0.1,0.15,60,82.14,672,649,22,627,493,0,0,112,0,22,0,23,9,681,515,112,681,428876.35,3860.0,189,110,70,29,49,20,16,144,493,0,0,134
181036,15,-0.07,-0.04,-0.45,-0.3,2,0.1,0.2,0.15,20,61.36,674,651,17,634,143,132,113,0,246,0,0,23,7,681,389,245,681,233759.55,2811.7,48,90,85,411,0,0,0,0,143,132,359,0
181037,15,-0.07,-0.04,-0.45,-0.3,2,0.1,0.2,0.15,20,60.51,673,650,17,633,0,132,118,0,383,0,0,23,8,681,383,250,681,216675.12,2642.16,25,46,38,524,0,0,0,0,0,132,501,0
181038,15,-0.07,-0.04,-0.45,-0.3,2,0.1,0.2,0.15,20,66.3,672,649,17,632,151,0,213,0,268,0,0,23,9,681,419,213,681,311176.01,3377.55,23,44,49,516,0,0,0,0,151,0,481,0
181039,15,-0.07,-0.04,-0.45,-0.3,2,0.1,0.2,0.15,30,58.29,674,651,30,621,212,182,77,0,150,0,0,23,7,681,362,259,681,274531.02,3137.3,48,90,85,52,69,277,0,0,212,182,227,0
181040,15,-0.07,-0.04,-0.45,-0.3,2,0.1,0.2,0.15,30,56.45,673,650,30,620,0,185,85,0,350,0,0,23,8,681,350,270,681,243304.85,2818.06,25,46,38,23,31,457,0,0,0,185,435,0
181041,15,-0.07,-0.04,-0.45,-0.3,2,0.1,0.2,0.15,30,68.17,672,649,30,619,234,0,197,0,188,0,0,23,9,681,422,197,681,472787.98,4360.93,23,44,49,35,52,416,0,0,234,0,385,0
181042,15,-0.07,-0.04,-0.45,-0.3,2,0.1,0.2,0.15,40,56.38,674,651,32,619,246,207,42,21,40,63,0,23,7,681,349,270,681,270215.47,3205.91,48,90,85,52,69,50,33,192,246,207,82,84
181043,15,-0.07,-0.04,-0.45,-0.3,2,0.1,0.2,0.15,40,54.05,673,650,32,618,0,212,51,21,98,236,0,23,8,681,334,284,681,276442.65,3138.26,25,46,38,23,31,22,18,415,0,212,149,257
181044,15,-0.07,-0.04,-0.45,-0.3,2,0.1,0.2,0.15,40,68.88,672,649,32,617,279,0,140,52,54,92,0,23,9,681,425,192,681,547581.19,4829.56,23,44,49,35,52,31,26,357,279,0,194,144
181045,15,-0.07,-0.04,-0.45,-0.3,2,0.1,0.2,0.15,50,55.9,674,651,32,619,248,210,0,63,0,98,0,23,7,681,346,273,681,261677.91,3151.87,48,90,85,52,69,50,33,192,248,210,0,161
181046,15,-0.07,-0.04,-0.45,-0.3,2,0.1,0.2,0.15,50,53.07,673,650,32,618,0,218,0,72,0,328,0,23,8,681,328,290,681,254653.38,2975.62,25,46,38,23,31,22,18,415,0,218,0,400
181047,15,-0.07,-0.04,-0.45,-0.3,2,0.1,0.2,0.15,50,69.21,672,649,32,617,281,0,0,190,0,146,0,23,9,681,427,190,681,534955.19,4754.27,23,44,49,35,52,31,26,357,281,0,0,336
181048,15,-0.07,-0.04,-0.45,-0.3,2,0.1,0.2,0.15,60,55.9,674,651,32,619,248,210,0,63,0,98,0,23,7,681,346,273,681,261677.91,3151.87,48,90,85,52,69,50,33,192,248,210,0,161
181049,15,-0.07,-0.04,-0.45,-0.3,2,0.1,0.2,0.15,60,53.07,673,650,32,618,0,218,0,72,0,328,0,23,8,681,328,290,681,254653.38,2975.62,25,46,38,23,31,22,18,415,0,218,0,400
181050,15,-0.07,-0.04,-0.45,-0.3,2,0.1,0.2,0.15,60,69.21,672,649,32,617,281,0,0,190,0,146,0,23,9,681,427,190,681,534955.19,4754.27,23,44,49,35,52,31,26,357,281,0,0,336
181051,15,-0.07,-0.04,-0.45,-0.3,2,0.2,0.1,0.15,20,64.99,674,651,14,637,340,114,109,0,74,0,0,23,7,681,414,223,681,129926.78,1375.96,203,135,74,225,0,0,0,0,340,114,183,0
181052,15,-0.07,-0.04,-0.45,-0.3,2,0.2,0.1,0.15,20,55.61,673,650,17,633,0,132,149,0,352,0,0,23,8,681,352,281,681,133501.1,1411.88,25,46,38,524,0,0,0,0,0,132,501,0
181053,15,-0.07,-0.04,-0.45,-0.3,2,0.2,0.1,0.15,20,68.19,672,649,14,635,354,0,202,0,79,0,0,23,9,681,433,202,681,179271.77,1881.84,178,95,49,313,0,0,0,0,354,0,281,0
181054,15,-0.07,-0.04,-0.45,-0.3,2,0.2,0.1,0.15,30,66.93,674,651,22,629,396,145,63,0,25,0,0,23,7,681,421,208,681,142861.53,1513.04,203,135,74,42,52,123,0,0,396,145,88,0
181055,15,-0.07,-0.04,-0.45,-0.3,2,0.2,0.1,0.15,30,53.55,673,650,30,620,0,185,103,0,332,0,0,23,8,681,332,288,681,124653.61,1325.14,25,46,38,23,31,457,0,0,0,185,435,0
181056,15,-0.07,-0.04,-0.45,-0.3,2,0.2,0.1,0.15,30,72.57,672,649,22,627,422,0,172,0,33,0,0,23,9,681,455,172,681,240698.11,2509.99,178,95,49,32,44,229,0,0,422,0,205,0
181057,15,-0.07,-0.04,-0.45,-0.3,2,0.2,0.1,0.15,40,67.04,674,651,23,628,408,165,25,17,7,6,0,23,7,681,421,207,681,129734.38,1379.3,203,135,74,42,52,35,16,71,408,165,32,23
181058,15,-0.07,-0.04,-0.45,-0.3,2,0.2,0.1,0.15,40,51.94,673,650,32,618,0,212,54,31,95,226,0,23,8,681,321,297,681,140592.35,1499.79,25,46,38,23,31,22,18,415,0,212,149,257
181059,15,-0.07,-0.04,-0.45,-0.3,2,0.2,0.1,0.15,40,74.92,672,649,23,626,447,0,103,54,8,14,0,23,9,681,469,157,681,254614.35,2648.81,178,95,49,32,44,24,13,191,447,0,111,68
181060,15,-0.07,-0.04,-0.45,-0.3,2,0.2,0.1,0.15,50,66.88,674,651,23,628,408,166,0,42,0,12,0,23,7,681,420,208,681,126980.48,1350.39,203,135,74,42,52,35,16,71,408,166,0,54
181061,15,-0.07,-0.04,-0.45,-0.3,2,0.2,0.1,0.15,50,50.81,673,650,32,618,0,218,0,86,0,314,0,23,8,681,314,304,681,124828.24,1330.17,25,46,38,23,31,22,18,415,0,218,0,400
181062,15,-0.07,-0.04,-0.45,-0.3,2,0.2,0.1,0.15,50,74.92,672,649,23,626,447,0,0,157,0,22,0,23,9,681,469,157,681,251823.17,2618.32,178,95,49,32,44,24,13,191,447,0,0,179
181063,15,-0.07,-0.04,-0.45,-0.3,2,0.2,0.1,0.15,60,66.88,674,651,23,628,408,166,0,42,0,12,0,23,7,681,420,208,681,126980.48,1350.39,203,135,74,42,52,35,16,71,408,166,0,54
181064,15,-0.07,-0.04,-0.45,-0.3,2,0.2,0.1,0.15,60,50.81,673,650,32,618,0,218,0,86,0,314,0,23,8,681,314,304,681,124828.24,1330.17,25,46,38,23,31,22,18,415,0,218,0,400
181065,15,-0.07,-0.04,-0.45,-0.3,2,0.2,0.1,0.15,60,74.92,672,649,23,626,447,0,0,157,0,22,0,23,9,681,469,157,681,251823.17,2618.32,178,95,49,32,44,24,13,191,447,0,0,179
181066,15,-0.07,-0.04,-0.45,-0.3,2,0.2,0.2,0.15,20,56.47,674,651,17,634,131,132,144,0,227,0,0,23,7,681,358,276,681,149460.66,1575.0,46,85,84,419,0,0,0,0,131,132,371,0
181067,15,-0.07,-0.04,-0.45,-0.3,2,0.2,0.2,0.15,20,55.61,673,650,17,633,0,132,149,0,352,0,0,23,8,681,352,281,681,133501.1,1411.88,25,46,38,524,0,0,0,0,0,132,501,0
181068,15,-0.07,-0.04,-0.45,-0.3,2,0.2,0.2,0.15,20,59.18,672,649,17,632,136,0,258,0,238,0,0,23,9,681,374,258,681,196007.31,2054.63,21,39,47,525,0,0,0,0,136,0,496,0
181069,15,-0.07,-0.04,-0.45,-0.3,2,0.2,0.2,0.15,30,55.39,674,651,30,621,192,183,94,0,152,0,0,23,7,681,344,277,681,159524.41,1680.88,46,85,84,48,64,294,0,0,192,183,246,0
181070,15,-0.07,-0.04,-0.45,-0.3,2,0.2,0.2,0.15,30,53.55,673,650,30,620,0,185,103,0,332,0,0,23,8,681,332,288,681,124653.61,1325.14,25,46,38,23,31,457,0,0,0,185,435,0
181071,15,-0.07,-0.04,-0.45,-0.3,2,0.2,0.2,0.15,30,61.87,672,649,30,619,210,0,236,0,173,0,0,23,9,681,383,236,681,272657.12,2830.74,21,39,47,29,44,439,0,0,210,0,409,0
181072,15,-0.07,-0.04,-0.45,-0.3,2,0.2,0.2,0.15,40,53.96,674,651,32,619,226,208,46,31,40,68,0,23,7,681,334,285,681,167456.72,1778.03,46,85,84,48,64,48,35,209,226,208,86,99
181073,15,-0.07,-0.04,-0.45,-0.3,2,0.2,0.2,0.15,40,51.94,673,650,32,618,0,212,54,31,95,226,0,23,8,681,321,297,681,140592.35,1499.79,25,46,38,23,31,22,18,415,0,212,149,257
181074,15,-0.07,-0.04,-0.45,-0.3,2,0.2,0.2,0.15,40,62.72,672,649,32,617,250,0,157,73,45,92,0,23,9,681,387,230,681,319523.52,3320.13,21,39,47,29,44,30,25,382,250,0,202,165
181075,15,-0.07,-0.04,-0.45,-0.3,2,0.2,0.2,0.15,50,53.31,674,651,32,619,228,212,0,77,0,102,0,23,7,681,330,289,681,160964.03,1709.23,46,85,84,48,64,48,35,209,228,212,0,179
181076,15,-0.07,-0.04,-0.45,-0.3,2,0.2,0.2,0.15,50,50.81,673,650,32,618,0,218,0,86,0,314,0,23,8,681,314,304,681,124828.24,1330.17,25,46,38,23,31,22,18,415,0,218,0,400
181077,15,-0.07,-0.04,-0.45,-0.3,2,0.2,0.2,0.15,50,62.4,672,649,32,617,252,0,0,232,0,133,0,23,9,681,385,232,681,310171.62,3220.59,21,39,47,29,44,30,25,382,252,0,0,365
181078,15,-0.07,-0.04,-0.45,-0.3,2,0.2,0.2,0.15,60,53.31,674,651,32,619,228,212,0,77,0,102,0,23,7,681,330,289,681,160964.03,1709.23,46,85,84,48,64,48,35,209,228,212,0,179
181079,15,-0.07,-0.04,-0.45,-0.3,2,0.2,0.2,0.15,60,50.81,673,650,32,618,0,218,0,86,0,314,0,23,8,681,314,304,681,124828.24,1330.17,25,46,38,23,31,22,18,415,0,218,0,400
181080,15,-0.07,-0.04,-0.45,-0.3,2,0.2,0.2,0.15,60,62.4,672,649,32,617,252,0,0,232,0,133,0,23,9,681,385,232,681,310171.62,3220.59,21,39,47,29,44,30,25,382,252,0,0,365
181081,15,-0.07,-0.04,-0.45,-0.25,1,0.1,0.1,0.15,20,62.98,895,867,16,851,434,160,155,0,102,0,0,28,11,906,536,315,906,136882.12,1455.86,265,163,108,315,0,0,0,0,434,160,257,0
181082,15,-0.07,-0.04,-0.45,-0.25,1,0.1,0.1,0.15,20,53.13,894,866,19,847,0,190,207,0,450,0,0,28,12,906,450,397,906,106163.09,1146.65,35,53,71,688,0,0,0,0,0,190,657,0
181083,15,-0.07,-0.04,-0.45,-0.25,1,0.1,0.1,0.15,20,65.49,893,865,16,849,449,0,293,0,107,0,0,28,13,906,556,293,906,196649.12,2066.62,230,118,61,440,0,0,0,0,449,0,400,0
181084,15,-0.07,-0.04,-0.45,-0.25,1,0.1,0.1,0.15,30,64.48,895,867,28,839,503,203,95,0,38,0,0,28,11,906,541,298,906,146169.27,1566.76,265,163,108,58,70,175,0,0,503,203,133,0
181085,15,-0.07,-0.04,-0.45,-0.25,1,0.1,0.1,0.15,30,50.3,894,866,39,827,0,261,150,0,416,0,0,28,12,906,416,411,906,81180.11,908.48,35,53,71,31,47,590,0,0,0,261,566,0
181086,15,-0.07,-0.04,-0.45,-0.25,1,0.1,0.1,0.15,30,69.62,892,864,28,836,534,0,254,0,48,0,0,28,14,906,582,254,906,265597.66,2781.81,230,118,61,40,54,333,0,0,534,0,302,0
181087,15,-0.07,-0.04,-0.45,-0.25,1,0.1,0.1,0.15,40,64.56,895,867,29,838,521,229,40,28,11,9,0,28,11,906,541,297,906,134611.4,1437.37,265,163,108,58,70,42,23,109,521,229,51,37
181088,15,-0.07,-0.04,-0.45,-0.25,1,0.1,0.1,0.15,40,48.97,894,866,41,825,0,296,81,44,116,288,0,28,12,906,404,421,906,90863.58,1008.64,35,53,71,31,47,24,27,537,0,296,197,332
181089,15,-0.07,-0.04,-0.45,-0.25,1,0.1,0.1,0.15,40,71.86,892,864,29,835,569,0,152,83,13,18,0,28,14,906,600,235,906,300907.52,3126.79,230,118,61,40,54,31,17,284,569,0,165,101
181090,15,-0.07,-0.04,-0.45,-0.25,1,0.1,0.1,0.15,50,64.68,895,867,29,838,521,231,0,65,0,21,0,28,11,906,542,296,906,132138.46,1410.87,265,163,108,58,70,42,23,109,521,231,0,86
181091,15,-0.07,-0.04,-0.45,-0.25,1,0.1,0.1,0.15,50,48.36,894,866,41,825,0,304,0,122,0,399,0,28,12,906,399,426,906,72298.2,808.19,35,53,71,31,47,24,27,537,0,304,0,521
181092,15,-0.07,-0.04,-0.45,-0.25,1,0.1,0.1,0.15,50,72.1,892,864,29,835,569,0,0,233,0,33,0,28,14,906,602,233,906,297016.52,3084.34,230,118,61,40,54,31,17,284,569,0,0,266
181093,15,-0.07,-0.04,-0.45,-0.25,1,0.1,0.1,0.15,60,64.68,895,867,29,838,521,231,0,65,0,21,0,28,11,906,542,296,906,132138.46,1410.87,265,163,108,58,70,42,23,109,521,231,0,86
181094,15,-0.07,-0.04,-0.45,-0.25,1,0.1,0.1,0.15,60,48.36,894,866,41,825,0,304,0,122,0,399,0,28,12,906,399,426,906,72298.2,808.19,35,53,71,31,47,24,27,537,0,304,0,521
181095,15,-0.07,-0.04,-0.45,-0.25,1,0.1,0.1,0.15,60,72.1,892,864,29,835,569,0,0,233,0,33,0,28,14,906,602,233,906,297016.52,3084.34,230,118,61,40,54,31,17,284,569,0,0,266
181096,15,-0.07,-0.04,-0.45,-0.25,1,0.1,0.2,0.15,20,54.13,895,867,19,848,164,189,200,0,295,0,0,28,11,906,459,389,906,138524.81,1479.05,65,97,124,562,0,0,0,0,164,189,495,0
181097,15,-0.07,-0.04,-0.45,-0.25,1,0.1,0.2,0.15,20,53.13,894,866,19,847,0,190,207,0,450,0,0,28,12,906,450,397,906,106163.09,1146.65,35,53,71,688,0,0,0,0,0,190,657,0
181098,15,-0.07,-0.04,-0.45,-0.25,1,0.1,0.2,0.15,20,56.26,893,865,19,846,170,0,370,0,306,0,0,28,13,906,476,370,906,188939.66,1996.37,30,44,56,716,0,0,0,0,170,0,676,0
181099,15,-0.07,-0.04,-0.45,-0.25,1,0.1,0.2,0.15,30,52.59,895,867,38,829,237,256,137,0,199,0,0,28,11,906,436,393,906,146924.09,1579.46,65,97,124,67,85,391,0,0,237,256,336,0
181100,15,-0.07,-0.04,-0.45,-0.25,1,0.1,0.2,0.15,30,50.3,894,866,39,827,0,261,150,0,416,0,0,28,12,906,416,411,906,81180.11,908.48,35,53,71,31,47,590,0,0,0,261,566,0
181101,15,-0.07,-0.04,-0.45,-0.25,1,0.1,0.2,0.15,30,58.6,892,864,38,826,256,0,342,0,228,0,0,28,14,906,484,342,906,277429.62,2902.84,30,44,56,40,51,605,0,0,256,0,570,0
181102,15,-0.07,-0.04,-0.45,-0.25,1,0.1,0.2,0.15,40,51.39,895,867,40,827,277,289,69,44,50,98,0,28,11,906,425,402,906,158387.24,1704.49,65,97,124,67,85,55,48,286,277,289,119,142
181103,15,-0.07,-0.04,-0.45,-0.25,1,0.1,0.2,0.15,40,48.97,894,866,41,825,0,296,81,44,116,288,0,28,12,906,404,421,906,90863.58,1008.64,35,53,71,31,47,24,27,537,0,296,197,332
181104,15,-0.07,-0.04,-0.45,-0.25,1,0.1,0.2,0.15,40,59.83,892,864,40,824,307,0,226,105,58,128,0,28,14,906,493,331,906,356694.03,3713.97,30,44,56,40,51,35,34,534,307,0,284,233
181105,15,-0.07,-0.04,-0.45,-0.25,1,0.1,0.2,0.15,50,51.03,895,867,40,827,279,294,0,111,0,143,0,28,11,906,422,405,906,149872.22,1612.96,65,97,124,67,85,55,48,286,279,294,0,254
181106,15,-0.07,-0.04,-0.45,-0.25,1,0.1,0.2,0.15,50,48.36,894,866,41,825,0,304,0,122,0,399,0,28,12,906,399,426,906,72298.2,808.19,35,53,71,31,47,24,27,537,0,304,0,521
181107,15,-0.07,-0.04,-0.45,-0.25,1,0.1,0.2,0.15,50,59.71,892,864,40,824,309,0,0,332,0,183,0,28,14,906,492,332,906,345795.65,3596.66,30,44,56,40,51,35,34,534,309,0,0,515
181108,15,-0.07,-0.04,-0.45,-0.25,1,0.1,0.2,0.15,60,51.03,895,867,40,827,279,294,0,111,0,143,0,28,11,906,422,405,906,149872.22,1612.96,65,97,124,67,85,55,48,286,279,294,0,254
181109,15,-0.07,-0.04,-0.45,-0.25,1,0.1,0.2,0.15,60,48.36,894,866,41,825,0,304,0,122,0,399,0,28,12,906,399,426,906,72298.2,808.19,35,53,71,31,47,24,27,537,0,304,0,521
181110,15,-0.07,-0.04,-0.45,-0.25,1,0.1,0.2,0.15,60,59.71,892,864,40,824,309,0,0,332,0,183,0,28,14,906,492,332,906,345795.65,3596.66,30,44,56,40,51,35,34,534,309,0,0,515
181111,15,-0.07,-0.04,-0.45,-0.25,1,0.2,0.1,0.15,20,62.98,895,867,16,851,434,160,155,0,102,0,0,28,11,906,536,315,906,136882.12,1455.86,265,163,108,315,0,0,0,0,434,160,257,0
181112,15,-0.07,-0.04,-0.45,-0.25,1,0.2,0.1,0.15,20,53.13,894,866,19,847,0,190,207,0,450,0,0,28,12,906,450,397,906,106163.09,1146.65,35,53,71,688,0,0,0,0,0,190,657,0
181113,15,-0.07,-0.04,-0.45,-0.25,1,0.2,0.1,0.15,20,65.49,893,865,16,849,449,0,293,0,107,0,0,28,13,906,556,293,906,196649.12,2066.62,230,118,61,440,0,0,0,0,449,0,400,0
181114,15,-0.07,-0.04,-0.45,-0.25,1,0.2,0.1,0.15,30,64.48,895,867,28,839,503,203,95,0,38,0,0,28,11,906,541,298,906,146169.27,1566.76,265,163,108,58,70,175,0,0,503,203,133,0
181115,15,-0.07,-0.04,-0.45,-0.25,1,0.2,0.1,0.15,30,50.3,894,866,39,827,0,261,150,0,416,0,0,28,12,906,416,411,906,81180.11,908.48,35,53,71,31,47,590,0,0,0,261,566,0
181116,15,-0.07,-0.04,-0.45,-0.25,1,0.2,0.1,0.15,30,69.62,892,864,28,836,534,0,254,0,48,0,0,28,14,906,582,254,906,265597.66,2781.81,230,118,61,40,54,333,0,0,534,0,302,0
181117,15,-0.07,-0.04,-0.45,-0.25,1,0.2,0.1,0.15,40,64.56,895,867,29,838,521,229,40,28,11,9,0,28,11,906,541,297,906,134611.4,1437.37,265,163,108,58,70,42,23,109,521,229,51,37
181118,15,-0.07,-0.04,-0.45,-0.25,1,0.2,0.1,0.15,40,48.97,894,866,41,825,0,296,81,44,116,288,0,28,12,906,404,421,906,90863.58,1008.64,35,53,71,31,47,24,27,537,0,296,197,332
181119,15,-0.07,-0.04,-0.45,-0.25,1,0.2,0.1,0.15,40,71.86,892,864,29,835,569,0,152,83,13,18,0,28,14,906,600,235,906,300907.52,3126.79,230,118,61,40,54,31,17,284,569,0,165,101
181120,15,-0.07,-0.04,-0.45,-0.25,1,0.2,0.1,0.15,50,64.68,895,867,29,838,521,231,0,65,0,21,0,28,11,906,542,296,906,132138.46,1410.87,265,163,108,58,70,42,23,109,521,231,0,86
181121,15,-0.07,-0.04,-0.45,-0.25,1,0.2,0.1,0.15,50,48.36,894,866,41,825,0,304,0,122,0,399,0,28,12,906,399,426,906,72298.2,808.19,35,53,71,31,47,24,27,537,0,304,0,521
181122,15,-0.07,-0.04,-0.45,-0.25,1,0.2,0.1,0.15,50,72.1,892,864,29,835,569,0,0,233,0,33,0,28,14,906,602,233,906,297016.52,3084.34,230,118,61,40,54,31,17,284,569,0,0,266
181123,15,-0.07,-0.04,-0.45,-0.25,1,0.2,0.1,0.15,60,64.68,895,867,29,838,521,231,0,65,0,21,0,28,11,906,542,296,906,132138.46,1410.87,265,163,108,58,70,42,23,109,521,231,0,86
181124,15,-0.07,-0.04,-0.45,-0.25,1,0.2,0.1,0.15,60,48.36,894,866,41,825,0,304,0,122,0,399,0,28,12,906,399,426,906,72298.2,808.19,35,53,71,31,47,24,27,537,0,304,0,521
181125,15,-0.07,-0.04,-0.45,-0.25,1,0.2,0.1,0.15,60,72.1,892,864,29,835,569,0,0,233,0,33,0,28,14,906,602,233,906,297016.52,3084.34,230,118,61,40,54,31,17,284,569,0,0,266
181126,15,-0.07,-0.04,-0.45,-0.25,1,0.2,0.2,0.15,20,54.13,895,867,19,848,164,189,200,0,295,0,0,28,11,906,459,389,906,138524.81,1479.05,65,97,124,562,0,0,0,0,164,189,495,0
181127,15,-0.07,-0.04,-0.45,-0.25,1,0.2,0.2,0.15,20,53.13,894,866,19,847,0,190,207,0,450,0,0,28,12,906,450,397,906,106163.09,1146.65,35,53,71,688,0,0,0,0,0,190,657,0
181128,15,-0.07,-0.04,-0.45,-0.25,1,0.2,0.2,0.15,20,56.26,893,865,19,846,170,0,370,0,306,0,0,28,13,906,476,370,906,188939.66,1996.37,30,44,56,716,0,0,0,0,170,0,676,0
181129,15,-0.07,-0.04,-0.45,-0.25,1,0.2,0.2,0.15,30,52.59,895,867,38,829,237,256,137,0,199,0,0,28,11,906,436,393,906,146924.09,1579.46,65,97,124,67,85,391,0,0,237,256,336,0
181130,15,-0.07,-0.04,-0.45,-0.25,1,0.2,0.2,0.15,30,50.3,894,866,39,827,0,261,150,0,416,0,0,28,12,906,416,411,906,81180.11,908.48,35,53,71,31,47,590,0,0,0,261,566,0
181131,15,-0.07,-0.04,-0.45,-0.25,1,0.2,0.2,0.15,30,58.6,892,864,38,826,256,0,342,0,228,0,0,28,14,906,484,342,906,277429.62,2902.84,30,44,56,40,51,605,0,0,256,0,570,0
181132,15,-0.07,-0.04,-0.45,-0.25,1,0.2,0.2,0.15,40,51.39,895,867,40,827,277,289,69,44,50,98,0,28,11,906,425,402,906,158387.24,1704.49,65,97,124,67,85,55,48,286,277,289,119,142
181133,15,-0.07,-0.04,-0.45,-0.25,1,0.2,0.2,0.15,40,48.97,894,866,41,825,0,296,81,44,116,288,0,28,12,906,404,421,906,90863.58,1008.64,35,53,71,31,47,24,27,537,0,296,197,332
181134,15,-0.07,-0.04,-0.45,-0.25,1,0.2,0.2,0.15,40,59.83,892,864,40,824,307,0,226,105,58,128,0,28,14,906,493,331,906,356694.03,3713.97,30,44,56,40,51,35,34,534,307,0,284,233
181135,15,-0.07,-0.04,-0.45,-0.25,1,0.2,0.2,0.15,50,51.03,895,867,40,827,279,294,0,111,0,143,0,28,11,906,422,405,906,149872.22,1612.96,65,97,124,67,85,55,48,286,279,294,0,254
181136,15,-0.07,-0.04,-0.45,-0.25,1,0.2,0.2,0.15,50,48.36,894,866,41,825,0,304,0,122,0,399,0,28,12,906,399,426,906,72298.2,808.19,35,53,71,31,47,24,27,537,0,304,0,521
181137,15,-0.07,-0.04,-0.45,-0.25,1,0.2,0.2,0.15,50,59.71,892,864,40,824,309,0,0,332,0,183,0,28,14,906,492,332,906,345795.65,3596.66,30,44,56,40,51,35,34,534,309,0,0,515
181138,15,-0.07,-0.04,-0.45,-0.25,1,0.2,0.2,0.15,60,51.03,895,867,40,827,279,294,0,111,0,143,0,28,11,906,422,405,906,149872.22,1612.96,65,97,124,67,85,55,48,286,279,294,0,254
181139,15,-0.07,-0.04,-0.45,-0.25,1,0.2,0.2,0.15,60,48.36,894,866,41,825,0,304,0,122,0,399,0,28,12,906,399,426,906,72298.2,808.19,35,53,71,31,47,24,27,537,0,304,0,521
181140,15,-0.07,-0.04,-0.45,-0.25,1,0.2,0.2,0.15,60,59.71,892,864,40,824,309,0,0,332,0,183,0,28,14,906,492,332,906,345795.65,3596.66,30,44,56,40,51,35,34,534,309,0,0,515
181141,15,-0.07,-0.04,-0.45,-0.25,2,0.1,0.1,0.15,20,67.57,895,867,16,851,480,154,122,0,95,0,0,28,11,906,575,276,906,224762.84,2969.54,279,176,119,277,0,0,0,0,480,154,217,0
181142,15,-0.07,-0.04,-0.45,-0.25,2,0.1,0.1,0.15,20,57.97,894,866,19,847,0,190,166,0,491,0,0,28,12,906,491,356,906,195834.55,2861.42,35,53,71,688,0,0,0,0,0,190,657,0
181143,15,-0.07,-0.04,-0.45,-0.25,2,0.1,0.1,0.15,20,72.44,893,865,16,849,504,0,234,0,111,0,0,28,13,906,615,234,906,330723.75,3662.62,244,135,83,387,0,0,0,0,504,0,345,0
181144,15,-0.07,-0.04,-0.45,-0.25,2,0.1,0.1,0.15,30,68.97,895,867,26,841,544,193,68,0,36,0,0,28,11,906,580,261,906,236499.62,3172.29,279,176,119,60,66,141,0,0,544,193,104,0
181145,15,-0.07,-0.04,-0.45,-0.25,2,0.1,0.1,0.15,30,53.69,894,866,39,827,0,261,122,0,444,0,0,28,12,906,444,383,906,202995.49,2929.6,35,53,71,31,47,590,0,0,0,261,566,0
181146,15,-0.07,-0.04,-0.45,-0.25,2,0.1,0.1,0.15,30,77.21,892,864,26,838,594,0,191,0,53,0,0,28,14,906,647,191,906,450880.42,4445.57,244,135,83,42,60,274,0,0,594,0,244,0
181147,15,-0.07,-0.04,-0.45,-0.25,2,0.1,0.1,0.15,40,68.93,895,867,27,840,559,213,33,15,11,9,0,28,11,906,579,261,906,225800.08,3145.42,279,176,119,60,66,37,20,83,559,213,44,24
181148,15,-0.07,-0.04,-0.45,-0.25,2,0.1,0.1,0.15,40,51.64,894,866,41,825,0,296,74,29,123,303,0,28,12,906,426,399,906,233612.94,3216.8,35,53,71,31,47,24,27,537,0,296,197,332
181149,15,-0.07,-0.04,-0.45,-0.25,2,0.1,0.1,0.15,40,80.17,892,864,27,837,630,0,118,48,19,22,0,28,14,906,671,166,906,524886.75,4850.86,244,135,83,42,60,30,21,222,630,0,137,70
181150,15,-0.07,-0.04,-0.45,-0.25,2,0.1,0.1,0.15,50,68.81,895,867,27,840,559,215,0,47,0,19,0,28,11,906,578,262,906,221106.16,3113.03,279,176,119,60,66,37,20,83,559,215,0,66
181151,15,-0.07,-0.04,-0.45,-0.25,2,0.1,0.1,0.15,50,51.03,894,866,41,825,0,304,0,100,0,421,0,28,12,906,421,404,906,208661.95,3023.1,35,53,71,31,47,24,27,537,0,304,0,521
181152,15,-0.07,-0.04,-0.45,-0.25,2,0.1,0.1,0.15,50,80.17,892,864,27,837,630,0,0,166,0,41,0,28,14,906,671,166,906,518207.22,4806.56,244,135,83,42,60,30,21,222,630,0,0,207
181153,15,-0.07,-0.04,-0.45,-0.25,2,0.1,0.1,0.15,60,68.81,895,867,27,840,559,215,0,47,0,19,0,28,11,906,578,262,906,221106.16,3113.03,279,176,119,60,66,37,20,83,559,215,0,66
181154,15,-0.07,-0.04,-0.45,-0.25,2,0.1,0.1,0.15,60,51.03,894,866,41,825,0,304,0,100,0,421,0,28,12,906,421,404,906,208661.95,3023.1,35,53,71,31,47,24,27,537,0,304,0,521
181155,15,-0.07,-0.04,-0.45,-0.25,2,0.1,0.1,0.15,60,80.17,892,864,27,837,630,0,0,166,0,41,0,28,14,906,671,166,906,518207.22,4806.56,244,135,83,42,60,30,21,222,630,0,0,207
181156,15,-0.07,-0.04,-0.45,-0.25,2,0.1,0.2,0.15,20,58.84,895,867,19,848,178,189,160,0,321,0,0,28,11,906,499,349,906,229443.11,3179.87,67,102,125,554,0,0,0,0,178,189,481,0
181157,15,-0.07,-0.04,-0.45,-0.25,2,0.1,0.2,0.15,20,57.97,894,866,19,847,0,190,166,0,491,0,0,28,12,906,491,356,906,195834.55,2861.42,35,53,71,688,0,0,0,0,0,190,657,0
181158,15,-0.07,-0.04,-0.45,-0.25,2,0.1,0.2,0.15,20,63.59,893,865,19,846,187,0,308,0,351,0,0,28,13,906,538,308,906,309204.81,3816.7,32,50,57,707,0,0,0,0,187,0,659,0
181159,15,-0.07,-0.04,-0.45,-0.25,2,0.1,0.2,0.15,30,55.97,895,867,38,829,263,255,110,0,201,0,0,28,11,906,464,365,906,268789.89,3564.36,67,102,125,73,93,369,0,0,263,255,311,0
181160,15,-0.07,-0.04,-0.45,-0.25,2,0.1,0.2,0.15,30,53.69,894,866,39,827,0,261,122,0,444,0,0,28,12,906,444,383,906,202995.49,2929.6,35,53,71,31,47,590,0,0,0,261,566,0
181161,15,-0.07,-0.04,-0.45,-0.25,2,0.1,0.2,0.15,30,65.01,892,864,38,826,289,0,289,0,248,0,0,28,14,906,537,289,906,495210.47,5004.29,32,50,57,48,62,577,0,0,289,0,537,0
181162,15,-0.07,-0.04,-0.45,-0.25,2,0.1,0.2,0.15,40,54.41,895,867,40,827,303,287,61,29,52,95,0,28,11,906,450,377,906,273211.41,3708.69,67,102,125,73,93,58,45,264,303,287,113,124
181163,15,-0.07,-0.04,-0.45,-0.25,2,0.1,0.2,0.15,40,51.64,894,866,41,825,0,296,74,29,123,303,0,28,12,906,426,399,906,233612.94,3216.8,35,53,71,31,47,24,27,537,0,296,197,332
181164,15,-0.07,-0.04,-0.45,-0.25,2,0.1,0.2,0.15,40,66.99,892,864,40,824,345,0,198,74,74,133,0,28,14,906,552,272,906,633459.86,5828.43,32,50,57,48,62,40,35,500,345,0,272,207
181165,15,-0.07,-0.04,-0.45,-0.25,2,0.1,0.2,0.15,50,54.05,895,867,40,827,305,291,0,89,0,142,0,28,11,906,447,380,906,262926.09,3633.76,67,102,125,73,93,58,45,264,305,291,0,231
181166,15,-0.07,-0.04,-0.45,-0.25,2,0.1,0.2,0.15,50,51.03,894,866,41,825,0,304,0,100,0,421,0,28,12,906,421,404,906,208661.95,3023.1,35,53,71,31,47,24,27,537,0,304,0,521
181167,15,-0.07,-0.04,-0.45,-0.25,2,0.1,0.2,0.15,50,67.11,892,864,40,824,347,0,0,271,0,206,0,28,14,906,553,271,906,620504.59,5739.43,32,50,57,48,62,40,35,500,347,0,0,477
181168,15,-0.07,-0.04,-0.45,-0.25,2,0.1,0.2,0.15,60,54.05,895,867,40,827,305,291,0,89,0,142,0,28,11,906,447,380,906,262926.09,3633.76,67,102,125,73,93,58,45,264,305,291,0,231
181169,15,-0.07,-0.04,-0.45,-0.25,2,0.1,0.2,0.15,60,51.03,894,866,41,825,0,304,0,100,0,421,0,28,12,906,421,404,906,208661.95,3023.1,35,53,71,31,47,24,27,537,0,304,0,521
181170,15,-0.07,-0.04,-0.45,-0.25,2,0.1,0.2,0.15,60,67.11,892,864,40,824,347,0,0,271,0,206,0,28,14,906,553,271,906,620504.59,5739.43,32,50,57,48,62,40,35,500,347,0,0,477
181171,15,-0.07,-0.04,-0.45,-0.25,2,0.2,0.1,0.15,20,62.98,895,867,16,851,434,160,155,0,102,0,0,28,11,906,536,315,906,136882.12,1455.86,265,163,108,315,0,0,0,0,434,160,257,0
181172,15,-0.07,-0.04,-0.45,-0.25,2,0.2,0.1,0.15,20,53.13,894,866,19,847,0,190,207,0,450,0,0,28,12,906,450,397,906,106163.09,1146.65,35,53,71,688,0,0,0,0,0,190,657,0
181173,15,-0.07,-0.04,-0.45,-0.25,2,0.2,0.1,0.15,20,65.49,893,865,16,849,449,0,293,0,107,0,0,28,13,906,556,293,906,196649.12,2066.62,230,118,61,440,0,0,0,0,449,0,400,0
181174,15,-0.07,-0.04,-0.45,-0.25,2,0.2,0.1,0.15,30,64.48,895,867,28,839,503,203,95,0,38,0,0,28,11,906,541,298,906,146169.27,1566.76,265,163,108,58,70,175,0,0,503,203,133,0
181175,15,-0.07,-0.04,-0.45,-0.25,2,0.2,0.1,0.15,30,50.3,894,866,39,827,0,261,150,0,416,0,0,28,12,906,416,411,906,81180.11,908.48,35,53,71,31,47,590,0,0,0,261,566,0
181176,15,-0.07,-0.04,-0.45,-0.25,2,0.2,0.1,0.15,30,69.62,892,864,28,836,534,0,254,0,48,0,0,28,14,906,582,254,906,265597.66,2781.81,230,118,61,40,54,333,0,0,534,0,302,0
181177,15,-0.07,-0.04,-0.45,-0.25,2,0.2,0.1,0.15,40,64.56,895,867,29,838,521,229,40,28,11,9,0,28,11,906,541,297,906,134611.4,1437.37,265,163,108,58,70,42,23,109,521,229,51,37
181178,15,-0.07,-0.04,-0.45,-0.25,2,0.2,0.1,0.15,40,48.97,894,866,41,825,0,296,81,44,116,288,0,28,12,906,404,421,906,90863.58,1008.64,35,53,71,31,47,24,27,537,0,296,197,332
181179,15,-0.07,-0.04,-0.45,-0.25,2,0.2,0.1,0.15,40,71.86,892,864,29,835,569,0,152,83,13,18,0,28,14,906,600,235,906,300907.52,3126.79,230,118,61,40,54,31,17,284,569,0,165,101
181180,15,-0.07,-0.04,-0.45,-0.25,2,0.2,0.1,0.15,50,64.68,895,867,29,838,521,231,0,65,0,21,0,28,11,906,542,296,906,132138.46,1410.87,265,163,108,58,70,42,23,109,521,231,0,86
181181,15,-0.07,-0.04,-0.45,-0.25,2,0.2,0.1,0.15,50,48.36,894,866,41,825,0,304,0,122,0,399,0,28,12,906,399,426,906,72298.2,808.19,35,53,71,31,47,24,27,537,0,304,0,521
181182,15,-0.07,-0.04,-0.45,-0.25,2,0.2,0.1,0.15,50,72.1,892,864,29,835,569,0,0,233,0,33,0,28,14,906,602,233,906,297016.52,3084.34,230,118,61,40,54,31,17,284,569,0,0,266
181183,15,-0.07,-0.04,-0.45,-0.25,2,0.2,0.1,0.15,60,64.68,895,867,29,838,521,231,0,65,0,21,0,28,11,906,542,296,906,132138.46,1410.87,265,163,108,58,70,42,23,109,521,231,0,86
181184,15,-0.07,-0.04,-0.45,-0.25,2,0.2,0.1,0.15,60,48.36,894,866,41,825,0,304,0,122,0,399,0,28,12,906,399,426,906,72298.2,808.19,35,53,71,31,47,24,27,537,0,304,0,521
181185,15,-0.07,-0.04,-0.45,-0.25,2,0.2,0.1,0.15,60,72.1,892,864,29,835,569,0,0,233,0,33,0,28,14,906,602,233,906,297016.52,3084.34,230,118,61,40,54,31,17,284,569,0,0,266
181186,15,-0.07,-0.04,-0.45,-0.25,2,0.2,0.2,0.15,20,54.13,895,867,19,848,164,189,200,0,295,0,0,28,11,906,459,389,906,138524.81,1479.05,65,97,124,562,0,0,0,0,164,189,495,0
181187,15,-0.07,-0.04,-0.45,-0.25,2,0.2,0.2,0.15,20,53.13,894,866,19,847,0,190,207,0,450,0,0,28,12,906,450,397,906,106163.09,1146.65,35,53,71,688,0,0,0,0,0,190,657,0
181188,15,-0.07,-0.04,-0.45,-0.25,2,0.2,0.2,0.15,20,56.26,893,865,19,846,170,0,370,0,306,0,0,28,13,906,476,370,906,188939.66,1996.37,30,44,56,716,0,0,0,0,170,0,676,0
181189,15,-0.07,-0.04,-0.45,-0.25,2,0.2,0.2,0.15,30,52.59,895,867,38,829,237,256,137,0,199,0,0,28,11,906,436,393,906,146924.09,1579.46,65,97,124,67,85,391,0,0,237,256,336,0
181190,15,-0.07,-0.04,-0.45,-0.25,2,0.2,0.2,0.15,30,50.3,894,866,39,827,0,261,150,0,416,0,0,28,12,906,416,411,906,81180.11,908.48,35,53,71,31,47,590,0,0,0,261,566,0
181191,15,-0.07,-0.04,-0.45,-0.25,2,0.2,0.2,0.15,30,58.6,892,864,38,826,256,0,342,0,228,0,0,28,14,906,484,342,906,277429.62,2902.84,30,44,56,40,51,605,0,0,256,0,570,0
181192,15,-0.07,-0.04,-0.45,-0.25,2,0.2,0.2,0.15,40,51.39,895,867,40,827,277,289,69,44,50,98,0,28,11,906,425,402,906,158387.24,1704.49,65,97,124,67,85,55,48,286,277,289,119,142
181193,15,-0.07,-0.04,-0.45,-0.25,2,0.2,0.2,0.15,40,48.97,894,866,41,825,0,296,81,44,116,288,0,28,12,906,404,421,906,90863.58,1008.64,35,53,71,31,47,24,27,537,0,296,197,332
181194,15,-0.07,-0.04,-0.45,-0.25,2,0.2,0.2,0.15,40,59.83,892,864,40,824,307,0,226,105,58,128,0,28,14,906,493,331,906,356694.03,3713.97,30,44,56,40,51,35,34,534,307,0,284,233
181195,15,-0.07,-0.04,-0.45,-0.25,2,0.2,0.2,0.15,50,51.03,895,867,40,827,279,294,0,111,0,143,0,28,11,906,422,405,906,149872.22,1612.96,65,97,124,67,85,55,48,286,279,294,0,254
181196,15,-0.07,-0.04,-0.45,-0.25,2,0.2,0.2,0.15,50,48.36,894,866,41,825,0,304,0,122,0,399,0,28,12,906,399,426,906,72298.2,808.19,35,53,71,31,47,24,27,537,0,304,0,521
181197,15,-0.07,-0.04,-0.45,-0.25,2,0.2,0.2,0.15,50,59.71,892,864,40,824,309,0,0,332,0,183,0,28,14,906,492,332,906,345795.65,3596.66,30,44,56,40,51,35,34,534,309,0,0,515
181198,15,-0.07,-0.04,-0.45,-0.25,2,0.2,0.2,0.15,60,51.03,895,867,40,827,279,294,0,111,0,143,0,28,11,906,422,405,906,149872.22,1612.96,65,97,124,67,85,55,48,286,279,294,0,254
181199,15,-0.07,-0.04,-0.45,-0.25,2,0.2,0.2,0.15,60,48.36,894,866,41,825,0,304,0,122,0,399,0,28,12,906,399,426,906,72298.2,808.19,35,53,71,31,47,24,27,537,0,304,0,521
181200,15,-0.07,-0.04,-0.45,-0.25,2,0.2,0.2,0.15,60,59.71,892,864,40,824,309,0,0,332,0,183,0,28,14,906,492,332,906,345795.65,3596.66,30,44,56,40,51,35,34,534,309,0,0,515
181201,15,-0.07,-0.04,-0.4,-0.35,1,0.1,0.1,0.15,20,65.45,236,228,8,220,120,37,39,0,24,0,0,8,4,240,144,76,240,50897.74,532.77,72,46,28,74,0,0,0,0,120,37,63,0
181202,15,-0.07,-0.04,-0.4,-0.35,1,0.1,0.1,0.15,20,55.25,235,227,8,219,0,43,55,0,121,0,0,8,5,240,121,98,240,48781.76,507.62,9,12,13,185,0,0,0,0,0,43,176,0
181203,15,-0.07,-0.04,-0.4,-0.35,1,0.1,0.1,0.15,20,69.72,234,226,8,218,126,0,66,0,26,0,0,8,6,240,152,66,240,84233.65,868.84,63,36,18,101,0,0,0,0,126,0,92,0
181204,15,-0.07,-0.04,-0.4,-0.35,1,0.1,0.1,0.15,30,68.81,236,228,10,218,143,47,21,0,7,0,0,8,4,240,150,68,240,56927.12,600.4,72,46,28,11,16,45,0,0,143,47,28,0
181205,15,-0.07,-0.04,-0.4,-0.35,1,0.1,0.1,0.15,30,55.3,235,227,10,217,0,60,37,0,120,0,0,8,5,240,120,97,240,57774.2,604.87,9,12,13,9,7,167,0,0,0,60,157,0
181206,15,-0.07,-0.04,-0.4,-0.35,1,0.1,0.1,0.15,30,75.46,234,226,10,216,152,0,53,0,11,0,0,8,6,240,163,53,240,102697.3,1064.57,63,36,18,9,16,74,0,0,152,0,64,0
181207,15,-0.07,-0.04,-0.4,-0.35,1,0.1,0.1,0.15,40,68.35,236,228,10,218,143,56,7,6,2,4,0,8,4,240,149,69,240,49361.46,522.58,72,46,28,11,16,17,2,26,143,56,9,10
181208,15,-0.07,-0.04,-0.4,-0.35,1,0.1,0.1,0.15,40,54.38,235,227,10,217,0,73,16,10,34,84,0,8,5,240,118,99,240,65252.52,690.38,9,12,13,9,7,10,6,151,0,73,50,94
181209,15,-0.07,-0.04,-0.4,-0.35,1,0.1,0.1,0.15,40,76.85,234,226,10,216,157,0,33,17,2,7,0,8,6,240,166,50,240,99571.2,1031.0,63,36,18,9,16,10,3,61,157,0,35,24
181210,15,-0.07,-0.04,-0.4,-0.35,1,0.1,0.1,0.15,50,67.89,236,228,10,218,143,56,0,14,0,5,0,8,4,240,148,70,240,48764.75,515.66,72,46,28,11,16,17,2,26,143,56,0,19
181211,15,-0.07,-0.04,-0.4,-0.35,1,0.1,0.1,0.15,50,53.46,235,227,10,217,0,74,0,27,0,116,0,8,5,240,116,101,240,61993.36,653.84,9,12,13,9,7,10,6,151,0,74,0,143
181212,15,-0.07,-0.04,-0.4,-0.35,1,0.1,0.1,0.15,50,76.85,234,226,10,216,157,0,0,50,0,9,0,8,6,240,166,50,240,101156.12,1047.53,63,36,18,9,16,10,3,61,157,0,0,59
181213,15,-0.07,-0.04,-0.4,-0.35,1,0.1,0.1,0.15,60,67.89,236,228,10,218,143,56,0,14,0,5,0,8,4,240,148,70,240,48764.75,515.66,72,46,28,11,16,17,2,26,143,56,0,19
181214,15,-0.07,-0.04,-0.4,-0.35,1,0.1,0.1,0.15,60,53.46,235,227,10,217,0,74,0,27,0,116,0,8,5,240,116,101,240,61993.36,653.84,9,12,13,9,7,10,6,151,0,74,0,143
181215,15,-0.07,-0.04,-0.4,-0.35,1,0.1,0.1,0.15,60,76.85,234,226,10,216,157,0,0,50,0,9,0,8,6,240,166,50,240,101156.12,1047.53,63,36,18,9,16,10,3,61,157,0,0,59
181216,15,-0.07,-0.04,-0.4,-0.35,1,0.1,0.2,0.15,20,56.36,236,228,8,220,43,43,53,0,81,0,0,8,4,240,124,96,240,57608.11,598.94,18,21,29,152,0,0,0,0,43,43,134,0
181217,15,-0.07,-0.04,-0.4,-0.35,1,0.1,0.2,0.15,20,55.25,235,227,8,219,0,43,55,0,121,0,0,8,5,240,121,98,240,48781.76,507.62,9,12,13,185,0,0,0,0,0,43,176,0
181218,15,-0.07,-0.04,-0.4,-0.35,1,0.1,0.2,0.15,20,59.63,234,226,8,218,44,0,88,0,86,0,0,8,6,240,130,88,240,90593.61,931.65,9,9,16,184,0,0,0,0,44,0,174,0
181219,15,-0.07,-0.04,-0.4,-0.35,1,0.1,0.2,0.15,30,57.8,236,228,10,218,71,60,32,0,55,0,0,8,4,240,126,92,240,72764.62,759.38,18,21,29,18,27,105,0,0,71,60,87,0
181220,15,-0.07,-0.04,-0.4,-0.35,1,0.1,0.2,0.15,30,55.3,235,227,10,217,0,60,37,0,120,0,0,8,5,240,120,97,240,57774.2,604.87,9,12,13,9,7,167,0,0,0,60,157,0
181221,15,-0.07,-0.04,-0.4,-0.35,1,0.1,0.2,0.15,30,64.81,234,226,10,216,78,0,76,0,62,0,0,8,6,240,140,76,240,125576.69,1291.47,9,9,16,10,24,148,0,0,78,0,138,0
181222,15,-0.07,-0.04,-0.4,-0.35,1,0.1,0.2,0.15,40,56.88,236,228,10,218,87,72,12,10,13,24,0,8,4,240,124,94,240,77072.85,812.03,18,21,29,18,27,18,14,73,87,72,25,34
181223,15,-0.07,-0.04,-0.4,-0.35,1,0.1,0.2,0.15,40,54.38,235,227,10,217,0,73,16,10,34,84,0,8,5,240,118,99,240,65252.52,690.38,9,12,13,9,7,10,6,151,0,73,50,94
181224,15,-0.07,-0.04,-0.4,-0.35,1,0.1,0.2,0.15,40,65.28,234,226,10,216,95,0,52,23,14,32,0,8,6,240,141,75,240,135854.17,1404.49,9,9,16,10,24,10,12,126,95,0,66,55
181225,15,-0.07,-0.04,-0.4,-0.35,1,0.1,0.2,0.15,50,55.96,236,228,10,218,88,73,0,23,0,34,0,8,4,240,122,96,240,75870.19,799.0,18,21,29,18,27,18,14,73,88,73,0,57
181226,15,-0.07,-0.04,-0.4,-0.35,1,0.1,0.2,0.15,50,53.46,235,227,10,217,0,74,0,27,0,116,0,8,5,240,116,101,240,61993.36,653.84,9,12,13,9,7,10,6,151,0,74,0,143
181227,15,-0.07,-0.04,-0.4,-0.35,1,0.1,0.2,0.15,50,65.28,234,226,10,216,96,0,0,75,0,45,0,8,6,240,141,75,240,134811.08,1394.26,9,9,16,10,24,10,12,126,96,0,0,120
181228,15,-0.07,-0.04,-0.4,-0.35,1,0.1,0.2,0.15,60,55.96,236,228,10,218,88,73,0,23,0,34,0,8,4,240,122,96,240,75870.19,799.0,18,21,29,18,27,18,14,73,88,73,0,57
181229,15,-0.07,-0.04,-0.4,-0.35,1,0.1,0.2,0.15,60,53.46,235,227,10,217,0,74,0,27,0,116,0,8,5,240,116,101,240,61993.36,653.84,9,12,13,9,7,10,6,151,0,74,0,143
181230,15,-0.07,-0.04,-0.4,-0.35,1,0.1,0.2,0.15,60,65.28,234,226,10,216,96,0,0,75,0,45,0,8,6,240,141,75,240,134811.08,1394.26,9,9,16,10,24,10,12,126,96,0,0,120
181231,15,-0.07,-0.04,-0.4,-0.35,1,0.2,0.1,0.15,20,65.45,236,228,8,220,120,37,39,0,24,0,0,8,4,240,144,76,240,50897.74,532.77,72,46,28,74,0,0,0,0,120,37,63,0
181232,15,-0.07,-0.04,-0.4,-0.35,1,0.2,0.1,0.15,20,55.25,235,227,8,219,0,43,55,0,121,0,0,8,5,240,121,98,240,48781.76,507.62,9,12,13,185,0,0,0,0,0,43,176,0
181233,15,-0.07,-0.04,-0.4,-0.35,1,0.2,0.1,0.15,20,69.72,234,226,8,218,126,0,66,0,26,0,0,8,6,240,152,66,240,84233.65,868.84,63,36,18,101,0,0,0,0,126,0,92,0
181234,15,-0.07,-0.04,-0.4,-0.35,1,0.2,0.1,0.15,30,68.81,236,228,10,218,143,47,21,0,7,0,0,8,4,240,150,68,240,56927.12,600.4,72,46,28,11,16,45,0,0,143,47,28,0
181235,15,-0.07,-0.04,-0.4,-0.35,1,0.2,0.1,0.15,30,55.3,235,227,10,217,0,60,37,0,120,0,0,8,5,240,120,97,240,57774.2,604.87,9,12,13,9,7,167,0,0,0,60,157,0
181236,15,-0.07,-0.04,-0.4,-0.35,1,0.2,0.1,0.15,30,75.46,234,226,10,216,152,0,53,0,11,0,0,8,6,240,163,53,240,102697.3,1064.57,63,36,18,9,16,74,0,0,152,0,64,0
181237,15,-0.07,-0.04,-0.4,-0.35,1,0.2,0.1,0.15,40,68.35,236,228,10,218,143,56,7,6,2,4,0,8,4,240,149,69,240,49361.46,522.58,72,46,28,11,16,17,2,26,143,56,9,10
181238,15,-0.07,-0.04,-0.4,-0.35,1,0.2,0.1,0.15,40,54.38,235,227,10,217,0,73,16,10,34,84,0,8,5,240,118,99,240,65252.52,690.38,9,12,13,9,7,10,6,151,0,73,50,94
181239,15,-0.07,-0.04,-0.4,-0.35,1,0.2,0.1,0.15,40,76.85,234,226,10,216,157,0,33,17,2,7,0,8,6,240,166,50,240,99571.2,1031.0,63,36,18,9,16,10,3,61,157,0,35,24
181240,15,-0.07,-0.04,-0.4,-0.35,1,0.2,0.1,0.15,50,67.89,236,228,10,218,143,56,0,14,0,5,0,8,4,240,148,70,240,48764.75,515.66,72,46,28,11,16,17,2,26,143,56,0,19
181241,15,-0.07,-0.04,-0.4,-0.35,1,0.2,0.1,0.15,50,53.46,235,227,10,217,0,74,0,27,0,116,0,8,5,240,116,101,240,61993.36,653.84,9,12,13,9,7,10,6,151,0,74,0,143
181242,15,-0.07,-0.04,-0.4,-0.35,1,0.2,0.1,0.15,50,76.85,234,226,10,216,157,0,0,50,0,9,0,8,6,240,166,50,240,101156.12,1047.53,63,36,18,9,16,10,3,61,157,0,0,59
181243,15,-0.07,-0.04,-0.4,-0.35,1,0.2,0.1,0.15,60,67.89,236,228,10,218,143,56,0,14,0,5,0,8,4,240,148,70,240,48764.75,515.66,72,46,28,11,16,17,2,26,143,56,0,19
181244,15,-0.07,-0.04,-0.4,-0.35,1,0.2,0.1,0.15,60,53.46,235,227,10,217,0,74,0,27,0,116,0,8,5,240,116,101,240,61993.36,653.84,9,12,13,9,7,10,6,151,0,74,0,143
181245,15,-0.07,-0.04,-0.4,-0.35,1,0.2,0.1,0.15,60,76.85,234,226,10,216,157,0,0,50,0,9,0,8,6,240,166,50,240,101156.12,1047.53,63,36,18,9,16,10,3,61,157,0,0,59
181246,15,-0.07,-0.04,-0.4,-0.35,1,0.2,0.2,0.15,20,56.36,236,228,8,220,43,43,53,0,81,0,0,8,4,240,124,96,240,57608.11,598.94,18,21,29,152,0,0,0,0,43,43,134,0
181247,15,-0.07,-0.04,-0.4,-0.35,1,0.2,0.2,0.15,20,55.25,235,227,8,219,0,43,55,0,121,0,0,8,5,240,121,98,240,48781.76,507.62,9,12,13,185,0,0,0,0,0,43,176,0
181248,15,-0.07,-0.04,-0.4,-0.35,1,0.2,0.2,0.15,20,59.63,234,226,8,218,44,0,88,0,86,0,0,8,6,240,130,88,240,90593.61,931.65,9,9,16,184,0,0,0,0,44,0,174,0
181249,15,-0.07,-0.04,-0.4,-0.35,1,0.2,0.2,0.15,30,57.8,236,228,10,218,71,60,32,0,55,0,0,8,4,240,126,92,240,72764.62,759.38,18,21,29,18,27,105,0,0,71,60,87,0
181250,15,-0.07,-0.04,-0.4,-0.35,1,0.2,0.2,0.15,30,55.3,235,227,10,217,0,60,37,0,120,0,0,8,5,240,120,97,240,57774.2,604.87,9,12,13,9,7,167,0,0,0,60,157,0
181251,15,-0.07,-0.04,-0.4,-0.35,1,0.2,0.2,0.15,30,64.81,234,226,10,216,78,0,76,0,62,0,0,8,6,240,140,76,240,125576.69,1291.47,9,9,16,10,24,148,0,0,78,0,138,0
181252,15,-0.07,-0.04,-0.4,-0.35,1,0.2,0.2,0.15,40,56.88,236,228,10,218,87,72,12,10,13,24,0,8,4,240,124,94,240,77072.85,812.03,18,21,29,18,27,18,14,73,87,72,25,34
181253,15,-0.07,-0.04,-0.4,-0.35,1,0.2,0.2,0.15,40,54.38,235,227,10,217,0,73,16,10,34,84,0,8,5,240,118,99,240,65252.52,690.38,9,12,13,9,7,10,6,151,0,73,50,94
181254,15,-0.07,-0.04,-0.4,-0.35,1,0.2,0.2,0.15,40,65.28,234,226,10,216,95,0,52,23,14,32,0,8,6,240,141,75,240,135854.17,1404.49,9,9,16,10,24,10,12,126,95,0,66,55
181255,15,-0.07,-0.04,-0.4,-0.35,1,0.2,0.2,0.15,50,55.96,236,228,10,218,88,73,0,23,0,34,0,8,4,240,122,96,240,75870.19,799.0,18,21,29,18,27,18,14,73,88,73,0,57
181256,15,-0.07,-0.04,-0.4,-0.35,1,0.2,0.2,0.15,50,53.46,235,227,10,217,0,74,0,27,0,116,0,8,5,240,116,101,240,61993.36,653.84,9,12,13,9,7,10,6,151,0,74,0,143
181257,15,-0.07,-0.04,-0.4,-0.35,1,0.2,0.2,0.15,50,65.28,234,226,10,216,96,0,0,75,0,45,0,8,6,240,141,75,240,134811.08,1394.26,9,9,16,10,24,10,12,126,96,0,0,120
181258,15,-0.07,-0.04,-0.4,-0.35,1,0.2,0.2,0.15,60,55.96,236,228,10,218,88,73,0,23,0,34,0,8,4,240,122,96,240,75870.19,799.0,18,21,29,18,27,18,14,73,88,73,0,57
181259,15,-0.07,-0.04,-0.4,-0.35,1,0.2,0.2,0.15,60,53.46,235,227,10,217,0,74,0,27,0,116,0,8,5,240,116,101,240,61993.36,653.84,9,12,13,9,7,10,6,151,0,74,0,143
181260,15,-0.07,-0.04,-0.4,-0.35,1,0.2,0.2,0.15,60,65.28,234,226,10,216,96,0,0,75,0,45,0,8,6,240,141,75,240,134811.08,1394.26,9,9,16,10,24,10,12,126,96,0,0,120
181261,15,-0.07,-0.04,-0.4,-0.35,2,0.1,0.1,0.15,20,70.0,236,228,8,220,135,36,30,0,19,0,0,8,4,240,154,66,240,82573.42,905.81,76,50,30,64,0,0,0,0,135,36,49,0
181262,15,-0.07,-0.04,-0.4,-0.35,2,0.1,0.1,0.15,20,61.19,235,227,8,219,0,43,42,0,134,0,0,8,5,240,134,85,240,79325.06,938.71,9,12,13,185,0,0,0,0,0,43,176,0
181263,15,-0.07,-0.04,-0.4,-0.35,2,0.1,0.1,0.15,20,77.98,234,226,8,218,144,0,48,0,26,0,0,8,6,240,170,48,240,143289.32,1257.46,67,41,26,84,0,0,0,0,144,0,74,0
181264,15,-0.07,-0.04,-0.4,-0.35,2,0.1,0.1,0.15,30,71.1,236,228,10,218,151,46,17,0,4,0,0,8,4,240,155,63,240,79788.66,948.7,76,50,30,15,14,33,0,0,151,46,21,0
181265,15,-0.07,-0.04,-0.4,-0.35,2,0.1,0.1,0.15,30,56.68,235,227,10,217,0,60,34,0,123,0,0,8,5,240,123,94,240,103058.89,1137.97,9,12,13,9,7,167,0,0,0,60,157,0
181266,15,-0.07,-0.04,-0.4,-0.35,2,0.1,0.1,0.15,30,82.41,234,226,10,216,167,0,38,0,11,0,0,8,6,240,178,38,240,166720.57,1437.32,67,41,26,10,16,56,0,0,167,0,49,0
181267,15,-0.07,-0.04,-0.4,-0.35,2,0.1,0.1,0.15,40,71.56,236,228,10,218,152,52,6,4,1,3,0,8,4,240,156,62,240,77521.53,935.18,76,50,30,15,14,12,2,19,152,52,7,7
181268,15,-0.07,-0.04,-0.4,-0.35,2,0.1,0.1,0.15,40,55.76,235,227,10,217,0,73,16,7,34,87,0,8,5,240,121,96,240,118835.83,1283.32,9,12,13,9,7,10,6,151,0,73,50,94
181269,15,-0.07,-0.04,-0.4,-0.35,2,0.1,0.1,0.15,40,83.8,234,226,10,216,173,0,27,8,1,7,0,8,6,240,181,35,240,170034.84,1451.66,67,41,26,10,16,7,6,43,173,0,28,15
181270,15,-0.07,-0.04,-0.4,-0.35,2,0.1,0.1,0.15,50,71.1,236,228,10,218,152,52,0,11,0,3,0,8,4,240,155,63,240,75588.58,923.02,76,50,30,15,14,12,2,19,152,52,0,14
181271,15,-0.07,-0.04,-0.4,-0.35,2,0.1,0.1,0.15,50,54.84,235,227,10,217,0,74,0,24,0,119,0,8,5,240,119,98,240,113878.59,1245.85,9,12,13,9,7,10,6,151,0,74,0,143
181272,15,-0.07,-0.04,-0.4,-0.35,2,0.1,0.1,0.15,50,83.33,234,226,10,216,173,0,0,36,0,7,0,8,6,240,180,36,240,169472.75,1446.6,67,41,26,10,16,7,6,43,173,0,0,43
181273,15,-0.07,-0.04,-0.4,-0.35,2,0.1,0.1,0.15,60,71.1,236,228,10,218,152,52,0,11,0,3,0,8,4,240,155,63,240,75588.58,923.02,76,50,30,15,14,12,2,19,152,52,0,14
181274,15,-0.07,-0.04,-0.4,-0.35,2,0.1,0.1,0.15,60,54.84,235,227,10,217,0,74,0,24,0,119,0,8,5,240,119,98,240,113878.59,1245.85,9,12,13,9,7,10,6,151,0,74,0,143
181275,15,-0.07,-0.04,-0.4,-0.35,2,0.1,0.1,0.15,60,83.33,234,226,10,216,173,0,0,36,0,7,0,8,6,240,180,36,240,169472.75,1446.6,67,41,26,10,16,7,6,43,173,0,0,43
181276,15,-0.07,-0.04,-0.4,-0.35,2,0.1,0.2,0.15,20,61.82,236,228,8,220,47,43,41,0,89,0,0,8,4,240,136,84,240,93066.51,1042.84,19,24,30,147,0,0,0,0,47,43,130,0
181277,15,-0.07,-0.04,-0.4,-0.35,2,0.1,0.2,0.15,20,61.19,235,227,8,219,0,43,42,0,134,0,0,8,5,240,134,85,240,79325.06,938.71,9,12,13,185,0,0,0,0,0,43,176,0
181278,15,-0.07,-0.04,-0.4,-0.35,2,0.1,0.2,0.15,20,69.72,234,226,8,218,50,0,66,0,102,0,0,8,6,240,152,66,240,154420.21,1405.76,10,12,18,178,0,0,0,0,50,0,168,0
181279,15,-0.07,-0.04,-0.4,-0.35,2,0.1,0.2,0.15,30,58.72,236,228,10,218,79,60,30,0,49,0,0,8,4,240,128,90,240,116149.9,1275.67,19,24,30,17,30,98,0,0,79,60,79,0
181280,15,-0.07,-0.04,-0.4,-0.35,2,0.1,0.2,0.15,30,56.68,235,227,10,217,0,60,34,0,123,0,0,8,5,240,123,94,240,103058.89,1137.97,9,12,13,9,7,167,0,0,0,60,157,0
181281,15,-0.07,-0.04,-0.4,-0.35,2,0.1,0.2,0.15,30,70.83,234,226,10,216,87,0,63,0,66,0,0,8,6,240,153,63,240,212125.85,1823.09,10,12,18,10,28,138,0,0,87,0,129,0
181282,15,-0.07,-0.04,-0.4,-0.35,2,0.1,0.2,0.15,40,58.72,236,228,10,218,94,72,11,7,12,22,0,8,4,240,128,90,240,113304.47,1295.0,19,24,30,17,30,19,14,65,94,72,23,29
181283,15,-0.07,-0.04,-0.4,-0.35,2,0.1,0.2,0.15,40,55.76,235,227,10,217,0,73,16,7,34,87,0,8,5,240,121,96,240,118835.83,1283.32,9,12,13,9,7,10,6,151,0,73,50,94
181284,15,-0.07,-0.04,-0.4,-0.35,2,0.1,0.2,0.15,40,70.37,234,226,10,216,105,0,48,16,14,33,0,8,6,240,152,64,240,223752.15,1916.7,10,12,18,10,28,9,13,116,105,0,62,49
181285,15,-0.07,-0.04,-0.4,-0.35,2,0.1,0.2,0.15,50,57.8,236,228,10,218,95,72,0,20,0,31,0,8,4,240,126,92,240,112649.98,1288.78,19,24,30,17,30,19,14,65,95,72,0,51
181286,15,-0.07,-0.04,-0.4,-0.35,2,0.1,0.2,0.15,50,54.84,235,227,10,217,0,74,0,24,0,119,0,8,5,240,119,98,240,113878.59,1245.85,9,12,13,9,7,10,6,151,0,74,0,143
181287,15,-0.07,-0.04,-0.4,-0.35,2,0.1,0.2,0.15,50,70.37,234,226,10,216,106,0,0,64,0,46,0,8,6,240,152,64,240,224602.4,1919.14,10,12,18,10,28,9,13,116,106,0,0,110
181288,15,-0.07,-0.04,-0.4,-0.35,2,0.1,0.2,0.15,60,57.8,236,228,10,218,95,72,0,20,0,31,0,8,4,240,126,92,240,112649.98,1288.78,19,24,30,17,30,19,14,65,95,72,0,51
181289,15,-0.07,-0.04,-0.4,-0.35,2,0.1,0.2,0.15,60,54.84,235,227,10,217,0,74,0,24,0,119,0,8,5,240,119,98,240,113878.59,1245.85,9,12,13,9,7,10,6,151,0,74,0,143
181290,15,-0.07,-0.04,-0.4,-0.35,2,0.1,0.2,0.15,60,70.37,234,226,10,216,106,0,0,64,0,46,0,8,6,240,152,64,240,224602.4,1919.14,10,12,18,10,28,9,13,116,106,0,0,110
181291,15,-0.07,-0.04,-0.4,-0.35,2,0.2,0.1,0.15,20,65.45,236,228,8,220,120,37,39,0,24,0,0,8,4,240,144,76,240,50897.74,532.77,72,46,28,74,0,0,0,0,120,37,63,0
181292,15,-0.07,-0.04,-0.4,-0.35,2,0.2,0.1,0.15,20,55.25,235,227,8,219,0,43,55,0,121,0,0,8,5,240,121,98,240,48781.76,507.62,9,12,13,185,0,0,0,0,0,43,176,0
181293,15,-0.07,-0.04,-0.4,-0.35,2,0.2,0.1,0.15,20,69.72,234,226,8,218,126,0,66,0,26,0,0,8,6,240,152,66,240,84233.65,868.84,63,36,18,101,0,0,0,0,126,0,92,0
181294,15,-0.07,-0.04,-0.4,-0.35,2,0.2,0.1,0.15,30,68.81,236,228,10,218,143,47,21,0,7,0,0,8,4,240,150,68,240,56927.12,600.4,72,46,28,11,16,45,0,0,143,47,28,0
181295,15,-0.07,-0.04,-0.4,-0.35,2,0.2,0.1,0.15,30,55.3,235,227,10,217,0,60,37,0,120,0,0,8,5,240,120,97,240,57774.2,604.87,9,12,13,9,7,167,0,0,0,60,157,0
181296,15,-0.07,-0.04,-0.4,-0.35,2,0.2,0.1,0.15,30,75.46,234,226,10,216,152,0,53,0,11,0,0,8,6,240,163,53,240,102697.3,1064.57,63,36,18,9,16,74,0,0,152,0,64,0
181297,15,-0.07,-0.04,-0.4,-0.35,2,0.2,0.1,0.15,40,68.35,236,228,10,218,143,56,7,6,2,4,0,8,4,240,149,69,240,49361.46,522.58,72,46,28,11,16,17,2,26,143,56,9,10
181298,15,-0.07,-0.04,-0.4,-0.35,2,0.2,0.1,0.15,40,54.38,235,227,10,217,0,73,16,10,34,84,0,8,5,240,118,99,240,65252.52,690.38,9,12,13,9,7,10,6,151,0,73,50,94
181299,15,-0.07,-0.04,-0.4,-0.35,2,0.2,0.1,0.15,40,76.85,234,226,10,216,157,0,33,17,2,7,0,8,6,240,166,50,240,99571.2,1031.0,63,36,18,9,16,10,3,61,157,0,35,24
181300,15,-0.07,-0.04,-0.4,-0.35,2,0.2,0.1,0.15,50,67.89,236,228,10,218,143,56,0,14,0,5,0,8,4,240,148,70,240,48764.75,515.66,72,46,28,11,16,17,2,26,143,56,0,19
181301,15,-0.07,-0.04,-0.4,-0.35,2,0.2,0.1,0.15,50,53.46,235,227,10,217,0,74,0,27,0,116,0,8,5,240,116,101,240,61993.36,653.84,9,12,13,9,7,10,6,151,0,74,0,143
181302,15,-0.07,-0.04,-0.4,-0.35,2,0.2,0.1,0.15,50,76.85,234,226,10,216,157,0,0,50,0,9,0,8,6,240,166,50,240,101156.12,1047.53,63,36,18,9,16,10,3,61,157,0,0,59
181303,15,-0.07,-0.04,-0.4,-0.35,2,0.2,0.1,0.15,60,67.89,236,228,10,218,143,56,0,14,0,5,0,8,4,240,148,70,240,48764.75,515.66,72,46,28,11,16,17,2,26,143,56,0,19
181304,15,-0.07,-0.04,-0.4,-0.35,2,0.2,0.1,0.15,60,53.46,235,227,10,217,0,74,0,27,0,116,0,8,5,240,116,101,240,61993.36,653.84,9,12,13,9,7,10,6,151,0,74,0,143
181305,15,-0.07,-0.04,-0.4,-0.35,2,0.2,0.1,0.15,60,76.85,234,226,10,216,157,0,0,50,0,9,0,8,6,240,166,50,240,101156.12,1047.53,63,36,18,9,16,10,3,61,157,0,0,59
181306,15,-0.07,-0.04,-0.4,-0.35,2,0.2,0.2,0.15,20,56.36,236,228,8,220,43,43,53,0,81,0,0,8,4,240,124,96,240,57608.11,598.94,18,21,29,152,0,0,0,0,43,43,134,0
181307,15,-0.07,-0.04,-0.4,-0.35,2,0.2,0.2,0.15,20,55.25,235,227,8,219,0,43,55,0,121,0,0,8,5,240,121,98,240,48781.76,507.62,9,12,13,185,0,0,0,0,0,43,176,0
181308,15,-0.07,-0.04,-0.4,-0.35,2,0.2,0.2,0.15,20,59.63,234,226,8,218,44,0,88,0,86,0,0,8,6,240,130,88,240,90593.61,931.65,9,9,16,184,0,0,0,0,44,0,174,0
181309,15,-0.07,-0.04,-0.4,-0.35,2,0.2,0.2,0.15,30,57.8,236,228,10,218,71,60,32,0,55,0,0,8,4,240,126,92,240,72764.62,759.38,18,21,29,18,27,105,0,0,71,60,87,0
181310,15,-0.07,-0.04,-0.4,-0.35,2,0.2,0.2,0.15,30,55.3,235,227,10,217,0,60,37,0,120,0,0,8,5,240,120,97,240,57774.2,604.87,9,12,13,9,7,167,0,0,0,60,157,0
181311,15,-0.07,-0.04,-0.4,-0.35,2,0.2,0.2,0.15,30,64.81,234,226,10,216,78,0,76,0,62,0,0,8,6,240,140,76,240,125576.69,1291.47,9,9,16,10,24,148,0,0,78,0,138,0
181312,15,-0.07,-0.04,-0.4,-0.35,2,0.2,0.2,0.15,40,56.88,236,228,10,218,87,72,12,10,13,24,0,8,4,240,124,94,240,77072.85,812.03,18,21,29,18,27,18,14,73,87,72,25,34
181313,15,-0.07,-0.04,-0.4,-0.35,2,0.2,0.2,0.15,40,54.38,235,227,10,217,0,73,16,10,34,84,0,8,5,240,118,99,240,65252.52,690.38,9,12,13,9,7,10,6,151,0,73,50,94
181314,15,-0.07,-0.04,-0.4,-0.35,2,0.2,0.2,0.15,40,65.28,234,226,10,216,95,0,52,23,14,32,0,8,6,240,141,75,240,135854.17,1404.49,9,9,16,10,24,10,12,126,95,0,66,55
181315,15,-0.07,-0.04,-0.4,-0.35,2,0.2,0.2,0.15,50,55.96,236,228,10,218,88,73,0,23,0,34,0,8,4,240,122,96,240,75870.19,799.0,18,21,29,18,27,18,14,73,88,73,0,57
181316,15,-0.07,-0.04,-0.4,-0.35,2,0.2,0.2,0.15,50,53.46,235,227,10,217,0,74,0,27,0,116,0,8,5,240,116,101,240,61993.36,653.84,9,12,13,9,7,10,6,151,0,74,0,143
181317,15,-0.07,-0.04,-0.4,-0.35,2,0.2,0.2,0.15,50,65.28,234,226,10,216,96,0,0,75,0,45,0,8,6,240,141,75,240,134811.08,1394.26,9,9,16,10,24,10,12,126,96,0,0,120
181318,15,-0.07,-0.04,-0.4,-0.35,2,0.2,0.2,0.15,60,55.96,236,228,10,218,88,73,0,23,0,34,0,8,4,240,122,96,240,75870.19,799.0,18,21,29,18,27,18,14,73,88,73,0,57
181319,15,-0.07,-0.04,-0.4,-0.35,2,0.2,0.2,0.15,60,53.46,235,227,10,217,0,74,0,27,0,116,0,8,5,240,116,101,240,61993.36,653.84,9,12,13,9,7,10,6,151,0,74,0,143
181320,15,-0.07,-0.04,-0.4,-0.35,2,0.2,0.2,0.15,60,65.28,234,226,10,216,96,0,0,75,0,45,0,8,6,240,141,75,240,134811.08,1394.26,9,9,16,10,24,10,12,126,96,0,0,120
181321,15,-0.07,-0.04,-0.4,-0.3,1,0.1,0.1,0.15,20,63.1,480,470,12,458,231,85,84,0,58,0,0,10,6,486,289,169,486,76177.0,817.86,136,101,52,169,0,0,0,0,231,85,142,0
181322,15,-0.07,-0.04,-0.4,-0.3,1,0.1,0.1,0.15,20,53.39,479,469,12,457,0,101,112,0,244,0,0,10,7,486,244,213,486,58803.58,634.0,16,40,30,371,0,0,0,0,0,101,356,0
181323,15,-0.07,-0.04,-0.4,-0.3,1,0.1,0.1,0.15,20,66.23,478,468,12,456,239,0,154,0,63,0,0,10,8,486,302,154,486,109888.73,1161.17,120,66,32,238,0,0,0,0,239,0,217,0
181324,15,-0.07,-0.04,-0.4,-0.3,1,0.1,0.1,0.15,30,64.32,480,470,16,454,271,108,54,0,21,0,0,10,6,486,292,162,486,78708.06,852.85,136,101,52,27,37,101,0,0,271,108,75,0
181325,15,-0.07,-0.04,-0.4,-0.3,1,0.1,0.1,0.15,30,50.44,479,469,19,450,0,138,85,0,227,0,0,10,7,486,227,223,486,45601.36,504.25,16,40,30,15,19,330,0,0,0,138,312,0
181326,15,-0.07,-0.04,-0.4,-0.3,1,0.1,0.1,0.15,30,70.13,478,468,16,452,288,0,135,0,29,0,0,10,8,486,317,135,486,148650.58,1560.08,120,66,32,21,32,181,0,0,288,0,164,0
181327,15,-0.07,-0.04,-0.4,-0.3,1,0.1,0.1,0.15,40,64.32,480,470,16,454,281,126,21,15,6,5,0,10,6,486,292,162,486,66205.13,725.87,136,101,52,27,37,26,15,60,281,126,27,20
181328,15,-0.07,-0.04,-0.4,-0.3,1,0.1,0.1,0.15,40,49.78,479,469,19,450,0,162,39,25,71,153,0,10,7,486,224,226,486,50309.3,571.33,16,40,30,15,19,18,15,297,0,162,110,178
181329,15,-0.07,-0.04,-0.4,-0.3,1,0.1,0.1,0.15,40,72.57,478,468,16,452,308,0,82,42,7,13,0,10,8,486,328,124,486,161373.42,1686.77,120,66,32,21,32,17,13,151,308,0,89,55
181330,15,-0.07,-0.04,-0.4,-0.3,1,0.1,0.1,0.15,50,64.1,480,470,16,454,281,126,0,37,0,10,0,10,6,486,291,163,486,64435.13,706.86,136,101,52,27,37,26,15,60,281,126,0,47
181331,15,-0.07,-0.04,-0.4,-0.3,1,0.1,0.1,0.15,50,48.89,479,469,19,450,0,165,0,65,0,220,0,10,7,486,220,230,486,41377.77,472.91,16,40,30,15,19,18,15,297,0,165,0,285
181332,15,-0.07,-0.04,-0.4,-0.3,1,0.1,0.1,0.15,50,72.57,478,468,16,452,308,0,0,124,0,20,0,10,8,486,328,124,486,160265.85,1674.54,120,66,32,21,32,17,13,151,308,0,0,144
181333,15,-0.07,-0.04,-0.4,-0.3,1,0.1,0.1,0.15,60,64.1,480,470,16,454,281,126,0,37,0,10,0,10,6,486,291,163,486,64435.13,706.86,136,101,52,27,37,26,15,60,281,126,0,47
181334,15,-0.07,-0.04,-0.4,-0.3,1,0.1,0.1,0.15,60,48.89,479,469,19,450,0,165,0,65,0,220,0,10,7,486,220,230,486,41377.77,472.91,16,40,30,15,19,18,15,297,0,165,0,285
181335,15,-0.07,-0.04,-0.4,-0.3,1,0.1,0.1,0.15,60,72.57,478,468,16,452,308,0,0,124,0,20,0,10,8,486,328,124,486,160265.85,1674.54,120,66,32,21,32,17,13,151,308,0,0,144
181336,15,-0.07,-0.04,-0.4,-0.3,1,0.1,0.2,0.15,20,54.59,480,470,12,458,88,101,107,0,162,0,0,10,6,486,250,208,486,84811.31,899.83,33,61,62,302,0,0,0,0,88,101,269,0
181337,15,-0.07,-0.04,-0.4,-0.3,1,0.1,0.2,0.15,20,53.39,479,469,12,457,0,101,112,0,244,0,0,10,7,486,244,213,486,58803.58,634.0,16,40,30,371,0,0,0,0,0,101,356,0
181338,15,-0.07,-0.04,-0.4,-0.3,1,0.1,0.2,0.15,20,57.02,478,468,12,456,90,0,196,0,170,0,0,10,8,486,260,196,486,112072.4,1178.21,17,21,33,385,0,0,0,0,90,0,366,0
181339,15,-0.07,-0.04,-0.4,-0.3,1,0.1,0.2,0.15,30,52.77,480,470,19,451,128,136,77,0,110,0,0,10,6,486,238,213,486,82965.27,890.19,33,61,62,33,43,219,0,0,128,136,187,0
181340,15,-0.07,-0.04,-0.4,-0.3,1,0.1,0.2,0.15,30,50.44,479,469,19,450,0,138,85,0,227,0,0,10,7,486,227,223,486,45601.36,504.25,16,40,30,15,19,330,0,0,0,138,312,0
181341,15,-0.07,-0.04,-0.4,-0.3,1,0.1,0.2,0.15,30,59.02,478,468,19,449,139,0,184,0,126,0,0,10,8,486,265,184,486,156775.19,1632.41,17,21,33,19,32,327,0,0,139,0,310,0
181342,15,-0.07,-0.04,-0.4,-0.3,1,0.1,0.2,0.15,40,52.11,480,470,19,451,152,159,32,25,32,51,0,10,6,486,235,216,486,86703.87,943.88,33,61,62,33,43,32,26,161,152,159,64,76
181343,15,-0.07,-0.04,-0.4,-0.3,1,0.1,0.2,0.15,40,49.78,479,469,19,450,0,162,39,25,71,153,0,10,7,486,224,226,486,50309.3,571.33,16,40,30,15,19,18,15,297,0,162,110,178
181344,15,-0.07,-0.04,-0.4,-0.3,1,0.1,0.2,0.15,40,60.8,478,468,19,449,166,0,120,56,35,72,0,10,8,486,273,176,486,193204.23,2013.82,17,21,33,19,32,17,17,293,166,0,155,128
181345,15,-0.07,-0.04,-0.4,-0.3,1,0.1,0.2,0.15,50,51.44,480,470,19,451,154,160,0,59,0,78,0,10,6,486,232,219,486,84501.66,920.4,33,61,62,33,43,32,26,161,154,160,0,137
181346,15,-0.07,-0.04,-0.4,-0.3,1,0.1,0.2,0.15,50,48.89,479,469,19,450,0,165,0,65,0,220,0,10,7,486,220,230,486,41377.77,472.91,16,40,30,15,19,18,15,297,0,165,0,285
181347,15,-0.07,-0.04,-0.4,-0.3,1,0.1,0.2,0.15,50,60.8,478,468,19,449,168,0,0,176,0,105,0,10,8,486,273,176,486,189759.89,1977.08,17,21,33,19,32,17,17,293,168,0,0,281
181348,15,-0.07,-0.04,-0.4,-0.3,1,0.1,0.2,0.15,60,51.44,480,470,19,451,154,160,0,59,0,78,0,10,6,486,232,219,486,84501.66,920.4,33,61,62,33,43,32,26,161,154,160,0,137
181349,15,-0.07,-0.04,-0.4,-0.3,1,0.1,0.2,0.15,60,48.89,479,469,19,450,0,165,0,65,0,220,0,10,7,486,220,230,486,41377.77,472.91,16,40,30,15,19,18,15,297,0,165,0,285
181350,15,-0.07,-0.04,-0.4,-0.3,1,0.1,0.2,0.15,60,60.8,478,468,19,449,168,0,0,176,0,105,0,10,8,486,273,176,486,189759.89,1977.08,17,21,33,19,32,17,17,293,168,0,0,281
181351,15,-0.07,-0.04,-0.4,-0.3,1,0.2,0.1,0.15,20,63.1,480,470,12,458,231,85,84,0,58,0,0,10,6,486,289,169,486,76177.0,817.86,136,101,52,169,0,0,0,0,231,85,142,0
181352,15,-0.07,-0.04,-0.4,-0.3,1,0.2,0.1,0.15,20,53.39,479,469,12,457,0,101,112,0,244,0,0,10,7,486,244,213,486,58803.58,634.0,16,40,30,371,0,0,0,0,0,101,356,0
181353,15,-0.07,-0.04,-0.4,-0.3,1,0.2,0.1,0.15,20,66.23,478,468,12,456,239,0,154,0,63,0,0,10,8,486,302,154,486,109888.73,1161.17,120,66,32,238,0,0,0,0,239,0,217,0
181354,15,-0.07,-0.04,-0.4,-0.3,1,0.2,0.1,0.15,30,64.32,480,470,16,454,271,108,54,0,21,0,0,10,6,486,292,162,486,78708.06,852.85,136,101,52,27,37,101,0,0,271,108,75,0
181355,15,-0.07,-0.04,-0.4,-0.3,1,0.2,0.1,0.15,30,50.44,479,469,19,450,0,138,85,0,227,0,0,10,7,486,227,223,486,45601.36,504.25,16,40,30,15,19,330,0,0,0,138,312,0
181356,15,-0.07,-0.04,-0.4,-0.3,1,0.2,0.1,0.15,30,70.13,478,468,16,452,288,0,135,0,29,0,0,10,8,486,317,135,486,148650.58,1560.08,120,66,32,21,32,181,0,0,288,0,164,0
181357,15,-0.07,-0.04,-0.4,-0.3,1,0.2,0.1,0.15,40,64.32,480,470,16,454,281,126,21,15,6,5,0,10,6,486,292,162,486,66205.13,725.87,136,101,52,27,37,26,15,60,281,126,27,20
181358,15,-0.07,-0.04,-0.4,-0.3,1,0.2,0.1,0.15,40,49.78,479,469,19,450,0,162,39,25,71,153,0,10,7,486,224,226,486,50309.3,571.33,16,40,30,15,19,18,15,297,0,162,110,178
181359,15,-0.07,-0.04,-0.4,-0.3,1,0.2,0.1,0.15,40,72.57,478,468,16,452,308,0,82,42,7,13,0,10,8,486,328,124,486,161373.42,1686.77,120,66,32,21,32,17,13,151,308,0,89,55
181360,15,-0.07,-0.04,-0.4,-0.3,1,0.2,0.1,0.15,50,64.1,480,470,16,454,281,126,0,37,0,10,0,10,6,486,291,163,486,64435.13,706.86,136,101,52,27,37,26,15,60,281,126,0,47
181361,15,-0.07,-0.04,-0.4,-0.3,1,0.2,0.1,0.15,50,48.89,479,469,19,450,0,165,0,65,0,220,0,10,7,486,220,230,486,41377.77,472.91,16,40,30,15,19,18,15,297,0,165,0,285
181362,15,-0.07,-0.04,-0.4,-0.3,1,0.2,0.1,0.15,50,72.57,478,468,16,452,308,0,0,124,0,20,0,10,8,486,328,124,486,160265.85,1674.54,120,66,32,21,32,17,13,151,308,0,0,144
181363,15,-0.07,-0.04,-0.4,-0.3,1,0.2,0.1,0.15,60,64.1,480,470,16,454,281,126,0,37,0,10,0,10,6,486,291,163,486,64435.13,706.86,136,101,52,27,37,26,15,60,281,126,0,47
181364,15,-0.07,-0.04,-0.4,-0.3,1,0.2,0.1,0.15,60,48.89,479,469,19,450,0,165,0,65,0,220,0,10,7,486,220,230,486,41377.77,472.91,16,40,30,15,19,18,15,297,0,165,0,285
181365,15,-0.07,-0.04,-0.4,-0.3,1,0.2,0.1,0.15,60,72.57,478,468,16,452,308,0,0,124,0,20,0,10,8,486,328,124,486,160265.85,1674.54,120,66,32,21,32,17,13,151,308,0,0,144
181366,15,-0.07,-0.04,-0.4,-0.3,1,0.2,0.2,0.15,20,54.59,480,470,12,458,88,101,107,0,162,0,0,10,6,486,250,208,486,84811.31,899.83,33,61,62,302,0,0,0,0,88,101,269,0
181367,15,-0.07,-0.04,-0.4,-0.3,1,0.2,0.2,0.15,20,53.39,479,469,12,457,0,101,112,0,244,0,0,10,7,486,244,213,486,58803.58,634.0,16,40,30,371,0,0,0,0,0,101,356,0
181368,15,-0.07,-0.04,-0.4,-0.3,1,0.2,0.2,0.15,20,57.02,478,468,12,456,90,0,196,0,170,0,0,10,8,486,260,196,486,112072.4,1178.21,17,21,33,385,0,0,0,0,90,0,366,0
181369,15,-0.07,-0.04,-0.4,-0.3,1,0.2,0.2,0.15,30,52.77,480,470,19,451,128,136,77,0,110,0,0,10,6,486,238,213,486,82965.27,890.19,33,61,62,33,43,219,0,0,128,136,187,0
181370,15,-0.07,-0.04,-0.4,-0.3,1,0.2,0.2,0.15,30,50.44,479,469,19,450,0,138,85,0,227,0,0,10,7,486,227,223,486,45601.36,504.25,16,40,30,15,19,330,0,0,0,138,312,0
181371,15,-0.07,-0.04,-0.4,-0.3,1,0.2,0.2,0.15,30,59.02,478,468,19,449,139,0,184,0,126,0,0,10,8,486,265,184,486,156775.19,1632.41,17,21,33,19,32,327,0,0,139,0,310,0
181372,15,-0.07,-0.04,-0.4,-0.3,1,0.2,0.2,0.15,40,52.11,480,470,19,451,152,159,32,25,32,51,0,10,6,486,235,216,486,86703.87,943.88,33,61,62,33,43,32,26,161,152,159,64,76
181373,15,-0.07,-0.04,-0.4,-0.3,1,0.2,0.2,0.15,40,49.78,479,469,19,450,0,162,39,25,71,153,0,10,7,486,224,226,486,50309.3,571.33,16,40,30,15,19,18,15,297,0,162,110,178
181374,15,-0.07,-0.04,-0.4,-0.3,1,0.2,0.2,0.15,40,60.8,478,468,19,449,166,0,120,56,35,72,0,10,8,486,273,176,486,193204.23,2013.82,17,21,33,19,32,17,17,293,166,0,155,128
181375,15,-0.07,-0.04,-0.4,-0.3,1,0.2,0.2,0.15,50,51.44,480,470,19,451,154,160,0,59,0,78,0,10,6,486,232,219,486,84501.66,920.4,33,61,62,33,43,32,26,161,154,160,0,137
181376,15,-0.07,-0.04,-0.4,-0.3,1,0.2,0.2,0.15,50,48.89,479,469,19,450,0,165,0,65,0,220,0,10,7,486,220,230,486,41377.77,472.91,16,40,30,15,19,18,15,297,0,165,0,285
181377,15,-0.07,-0.04,-0.4,-0.3,1,0.2,0.2,0.15,50,60.8,478,468,19,449,168,0,0,176,0,105,0,10,8,486,273,176,486,189759.89,1977.08,17,21,33,19,32,17,17,293,168,0,0,281
181378,15,-0.07,-0.04,-0.4,-0.3,1,0.2,0.2,0.15,60,51.44,480,470,19,451,154,160,0,59,0,78,0,10,6,486,232,219,486,84501.66,920.4,33,61,62,33,43,32,26,161,154,160,0,137
181379,15,-0.07,-0.04,-0.4,-0.3,1,0.2,0.2,0.15,60,48.89,479,469,19,450,0,165,0,65,0,220,0,10,7,486,220,230,486,41377.77,472.91,16,40,30,15,19,18,15,297,0,165,0,285
181380,15,-0.07,-0.04,-0.4,-0.3,1,0.2,0.2,0.15,60,60.8,478,468,19,449,168,0,0,176,0,105,0,10,8,486,273,176,486,189759.89,1977.08,17,21,33,19,32,17,17,293,168,0,0,281
181381,15,-0.07,-0.04,-0.4,-0.3,2,0.1,0.1,0.15,20,67.9,480,470,12,458,258,82,65,0,53,0,0,10,6,486,311,147,486,126844.05,1605.56,143,108,60,147,0,0,0,0,258,82,118,0
181382,15,-0.07,-0.04,-0.4,-0.3,2,0.1,0.1,0.15,20,58.42,479,469,12,457,0,101,89,0,267,0,0,10,7,486,267,190,486,104455.21,1504.94,16,40,30,371,0,0,0,0,0,101,356,0
181383,15,-0.07,-0.04,-0.4,-0.3,2,0.1,0.1,0.15,20,73.25,478,468,12,456,273,0,122,0,61,0,0,10,8,486,334,122,486,192931.01,2025.38,127,76,47,206,0,0,0,0,273,0,183,0
181384,15,-0.07,-0.04,-0.4,-0.3,2,0.1,0.1,0.15,30,68.28,480,470,16,454,293,104,40,0,17,0,0,10,6,486,310,144,486,126285.6,1693.16,143,108,60,29,34,80,0,0,293,104,57,0
181385,15,-0.07,-0.04,-0.4,-0.3,2,0.1,0.1,0.15,30,53.11,479,469,19,450,0,138,73,0,239,0,0,10,7,486,239,211,486,110379.71,1584.44,16,40,30,15,19,330,0,0,0,138,312,0
181386,15,-0.07,-0.04,-0.4,-0.3,2,0.1,0.1,0.15,30,78.1,478,468,16,452,323,0,99,0,30,0,0,10,8,486,353,99,486,262418.82,2489.79,127,76,47,23,33,146,0,0,323,0,129,0
181387,15,-0.07,-0.04,-0.4,-0.3,2,0.1,0.1,0.15,40,68.5,480,470,16,454,300,116,16,11,6,5,0,10,6,486,311,143,486,116538.12,1656.98,143,108,60,29,34,23,10,47,300,116,22,16
181388,15,-0.07,-0.04,-0.4,-0.3,2,0.1,0.1,0.15,40,52.0,479,469,19,450,0,162,37,17,73,161,0,10,7,486,234,216,486,125392.06,1773.74,16,40,30,15,19,18,15,297,0,162,110,178
181389,15,-0.07,-0.04,-0.4,-0.3,2,0.1,0.1,0.15,40,80.53,478,468,16,452,343,0,63,25,8,13,0,10,8,486,364,88,486,293126.21,2656.5,127,76,47,23,33,17,13,116,343,0,71,38
181390,15,-0.07,-0.04,-0.4,-0.3,2,0.1,0.1,0.15,50,68.06,480,470,16,454,300,116,0,29,0,9,0,10,6,486,309,145,486,113512.68,1634.55,143,108,60,29,34,23,10,47,300,116,0,38
181391,15,-0.07,-0.04,-0.4,-0.3,2,0.1,0.1,0.15,50,51.33,479,469,19,450,0,165,0,54,0,231,0,10,7,486,231,219,486,113268.78,1678.61,16,40,30,15,19,18,15,297,0,165,0,285
181392,15,-0.07,-0.04,-0.4,-0.3,2,0.1,0.1,0.15,50,80.09,478,468,16,452,343,0,0,90,0,19,0,10,8,486,362,90,486,291418.64,2640.08,127,76,47,23,33,17,13,116,343,0,0,109
181393,15,-0.07,-0.04,-0.4,-0.3,2,0.1,0.1,0.15,60,68.06,480,470,16,454,300,116,0,29,0,9,0,10,6,486,309,145,486,113512.68,1634.55,143,108,60,29,34,23,10,47,300,116,0,38
181394,15,-0.07,-0.04,-0.4,-0.3,2,0.1,0.1,0.15,60,51.33,479,469,19,450,0,165,0,54,0,231,0,10,7,486,231,219,486,113268.78,1678.61,16,40,30,15,19,18,15,297,0,165,0,285
181395,15,-0.07,-0.04,-0.4,-0.3,2,0.1,0.1,0.15,60,80.09,478,468,16,452,343,0,0,90,0,19,0,10,8,486,362,90,486,291418.64,2640.08,127,76,47,23,33,17,13,116,343,0,0,109
181396,15,-0.07,-0.04,-0.4,-0.3,2,0.1,0.2,0.15,20,59.39,480,470,12,458,95,101,85,0,177,0,0,10,6,486,272,186,486,133102.5,1774.93,34,66,62,296,0,0,0,0,95,101,262,0
181397,15,-0.07,-0.04,-0.4,-0.3,2,0.1,0.2,0.15,20,58.42,479,469,12,457,0,101,89,0,267,0,0,10,7,486,267,190,486,104455.21,1504.94,16,40,30,371,0,0,0,0,0,101,356,0
181398,15,-0.07,-0.04,-0.4,-0.3,2,0.1,0.2,0.15,20,64.47,478,468,12,456,99,0,162,0,195,0,0,10,8,486,294,162,486,176173.14,2116.79,18,26,34,378,0,0,0,0,99,0,357,0
181399,15,-0.07,-0.04,-0.4,-0.3,2,0.1,0.2,0.15,30,55.21,480,470,19,451,141,136,66,0,108,0,0,10,6,486,249,202,486,146388.13,1945.56,34,66,62,34,48,207,0,0,141,136,174,0
181400,15,-0.07,-0.04,-0.4,-0.3,2,0.1,0.2,0.15,30,53.11,479,469,19,450,0,138,73,0,239,0,0,10,7,486,239,211,486,110379.71,1584.44,16,40,30,15,19,330,0,0,0,138,312,0
181401,15,-0.07,-0.04,-0.4,-0.3,2,0.1,0.2,0.15,30,65.26,478,468,19,449,155,0,156,0,138,0,0,10,8,486,293,156,486,279073.14,2778.42,18,26,34,21,40,310,0,0,155,0,294,0
181402,15,-0.07,-0.04,-0.4,-0.3,2,0.1,0.2,0.15,40,54.55,480,470,19,451,167,159,29,17,32,47,0,10,6,486,246,205,486,141019.45,1999.88,34,66,62,34,48,33,26,148,167,159,61,64
181403,15,-0.07,-0.04,-0.4,-0.3,2,0.1,0.2,0.15,40,52.0,479,469,19,450,0,162,37,17,73,161,0,10,7,486,234,216,486,125392.06,1773.74,16,40,30,15,19,18,15,297,0,162,110,178
181404,15,-0.07,-0.04,-0.4,-0.3,2,0.1,0.2,0.15,40,67.71,478,468,19,449,187,0,106,39,43,74,0,10,8,486,304,145,486,342737.37,3180.04,18,26,34,21,40,16,19,275,187,0,149,113
181405,15,-0.07,-0.04,-0.4,-0.3,2,0.1,0.2,0.15,50,54.1,480,470,19,451,169,159,0,48,0,75,0,10,6,486,244,207,486,138355.13,1982.69,34,66,62,34,48,33,26,148,169,159,0,123
181406,15,-0.07,-0.04,-0.4,-0.3,2,0.1,0.2,0.15,50,51.33,479,469,19,450,0,165,0,54,0,231,0,10,7,486,231,219,486,113268.78,1678.61,16,40,30,15,19,18,15,297,0,165,0,285
181407,15,-0.07,-0.04,-0.4,-0.3,2,0.1,0.2,0.15,50,67.93,478,468,19,449,189,0,0,144,0,116,0,10,8,486,305,144,486,339100.54,3158.17,18,26,34,21,40,16,19,275,189,0,0,260
181408,15,-0.07,-0.04,-0.4,-0.3,2,0.1,0.2,0.15,60,54.1,480,470,19,451,169,159,0,48,0,75,0,10,6,486,244,207,486,138355.13,1982.69,34,66,62,34,48,33,26,148,169,159,0,123
181409,15,-0.07,-0.04,-0.4,-0.3,2,0.1,0.2,0.15,60,51.33,479,469,19,450,0,165,0,54,0,231,0,10,7,486,231,219,486,113268.78,1678.61,16,40,30,15,19,18,15,297,0,165,0,285
181410,15,-0.07,-0.04,-0.4,-0.3,2,0.1,0.2,0.15,60,67.93,478,468,19,449,189,0,0,144,0,116,0,10,8,486,305,144,486,339100.54,3158.17,18,26,34,21,40,16,19,275,189,0,0,260
181411,15,-0.07,-0.04,-0.4,-0.3,2,0.2,0.1,0.15,20,63.1,480,470,12,458,231,85,84,0,58,0,0,10,6,486,289,169,486,76177.0,817.86,136,101,52,169,0,0,0,0,231,85,142,0
181412,15,-0.07,-0.04,-0.4,-0.3,2,0.2,0.1,0.15,20,53.39,479,469,12,457,0,101,112,0,244,0,0,10,7,486,244,213,486,58803.58,634.0,16,40,30,371,0,0,0,0,0,101,356,0
181413,15,-0.07,-0.04,-0.4,-0.3,2,0.2,0.1,0.15,20,66.23,478,468,12,456,239,0,154,0,63,0,0,10,8,486,302,154,486,109888.73,1161.17,120,66,32,238,0,0,0,0,239,0,217,0
181414,15,-0.07,-0.04,-0.4,-0.3,2,0.2,0.1,0.15,30,64.32,480,470,16,454,271,108,54,0,21,0,0,10,6,486,292,162,486,78708.06,852.85,136,101,52,27,37,101,0,0,271,108,75,0
181415,15,-0.07,-0.04,-0.4,-0.3,2,0.2,0.1,0.15,30,50.44,479,469,19,450,0,138,85,0,227,0,0,10,7,486,227,223,486,45601.36,504.25,16,40,30,15,19,330,0,0,0,138,312,0
181416,15,-0.07,-0.04,-0.4,-0.3,2,0.2,0.1,0.15,30,70.13,478,468,16,452,288,0,135,0,29,0,0,10,8,486,317,135,486,148650.58,1560.08,120,66,32,21,32,181,0,0,288,0,164,0
181417,15,-0.07,-0.04,-0.4,-0.3,2,0.2,0.1,0.15,40,64.32,480,470,16,454,281,126,21,15,6,5,0,10,6,486,292,162,486,66205.13,725.87,136,101,52,27,37,26,15,60,281,126,27,20
181418,15,-0.07,-0.04,-0.4,-0.3,2,0.2,0.1,0.15,40,49.78,479,469,19,450,0,162,39,25,71,153,0,10,7,486,224,226,486,50309.3,571.33,16,40,30,15,19,18,15,297,0,162,110,178
181419,15,-0.07,-0.04,-0.4,-0.3,2,0.2,0.1,0.15,40,72.57,478,468,16,452,308,0,82,42,7,13,0,10,8,486,328,124,486,161373.42,1686.77,120,66,32,21,32,17,13,151,308,0,89,55
181420,15,-0.07,-0.04,-0.4,-0.3,2,0.2,0.1,0.15,50,64.1,480,470,16,454,281,126,0,37,0,10,0,10,6,486,291,163,486,64435.13,706.86,136,101,52,27,37,26,15,60,281,126,0,47
181421,15,-0.07,-0.04,-0.4,-0.3,2,0.2,0.1,0.15,50,48.89,479,469,19,450,0,165,0,65,0,220,0,10,7,486,220,230,486,41377.77,472.91,16,40,30,15,19,18,15,297,0,165,0,285
181422,15,-0.07,-0.04,-0.4,-0.3,2,0.2,0.1,0.15,50,72.57,478,468,16,452,308,0,0,124,0,20,0,10,8,486,328,124,486,160265.85,1674.54,120,66,32,21,32,17,13,151,308,0,0,144
181423,15,-0.07,-0.04,-0.4,-0.3,2,0.2,0.1,0.15,60,64.1,480,470,16,454,281,126,0,37,0,10,0,10,6,486,291,163,486,64435.13,706.86,136,101,52,27,37,26,15,60,281,126,0,47
181424,15,-0.07,-0.04,-0.4,-0.3,2,0.2,0.1,0.15,60,48.89,479,469,19,450,0,165,0,65,0,220,0,10,7,486,220,230,486,41377.77,472.91,16,40,30,15,19,18,15,297,0,165,0,285
181425,15,-0.07,-0.04,-0.4,-0.3,2,0.2,0.1,0.15,60,72.57,478,468,16,452,308,0,0,124,0,20,0,10,8,486,328,124,486,160265.85,1674.54,120,66,32,21,32,17,13,151,308,0,0,144
181426,15,-0.07,-0.04,-0.4,-0.3,2,0.2,0.2,0.15,20,54.59,480,470,12,458,88,101,107,0,162,0,0,10,6,486,250,208,486,84811.31,899.83,33,61,62,302,0,0,0,0,88,101,269,0
181427,15,-0.07,-0.04,-0.4,-0.3,2,0.2,0.2,0.15,20,53.39,479,469,12,457,0,101,112,0,244,0,0,10,7,486,244,213,486,58803.58,634.0,16,40,30,371,0,0,0,0,0,101,356,0
181428,15,-0.07,-0.04,-0.4,-0.3,2,0.2,0.2,0.15,20,57.02,478,468,12,456,90,0,196,0,170,0,0,10,8,486,260,196,486,112072.4,1178.21,17,21,33,385,0,0,0,0,90,0,366,0
181429,15,-0.07,-0.04,-0.4,-0.3,2,0.2,0.2,0.15,30,52.77,480,470,19,451,128,136,77,0,110,0,0,10,6,486,238,213,486,82965.27,890.19,33,61,62,33,43,219,0,0,128,136,187,0
181430,15,-0.07,-0.04,-0.4,-0.3,2,0.2,0.2,0.15,30,50.44,479,469,19,450,0,138,85,0,227,0,0,10,7,486,227,223,486,45601.36,504.25,16,40,30,15,19,330,0,0,0,138,312,0
181431,15,-0.07,-0.04,-0.4,-0.3,2,0.2,0.2,0.15,30,59.02,478,468,19,449,139,0,184,0,126,0,0,10,8,486,265,184,486,156775.19,1632.41,17,21,33,19,32,327,0,0,139,0,310,0
181432,15,-0.07,-0.04,-0.4,-0.3,2,0.2,0.2,0.15,40,52.11,480,470,19,451,152,159,32,25,32,51,0,10,6,486,235,216,486,86703.87,943.88,33,61,62,33,43,32,26,161,152,159,64,76
181433,15,-0.07,-0.04,-0.4,-0.3,2,0.2,0.2,0.15,40,49.78,479,469,19,450,0,162,39,25,71,153,0,10,7,486,224,226,486,50309.3,571.33,16,40,30,15,19,18,15,297,0,162,110,178
181434,15,-0.07,-0.04,-0.4,-0.3,2,0.2,0.2,0.15,40,60.8,478,468,19,449,166,0,120,56,35,72,0,10,8,486,273,176,486,193204.23,2013.82,17,21,33,19,32,17,17,293,166,0,155,128
181435,15,-0.07,-0.04,-0.4,-0.3,2,0.2,0.2,0.15,50,51.44,480,470,19,451,154,160,0,59,0,78,0,10,6,486,232,219,486,84501.66,920.4,33,61,62,33,43,32,26,161,154,160,0,137
181436,15,-0.07,-0.04,-0.4,-0.3,2,0.2,0.2,0.15,50,48.89,479,469,19,450,0,165,0,65,0,220,0,10,7,486,220,230,486,41377.77,472.91,16,40,30,15,19,18,15,297,0,165,0,285
181437,15,-0.07,-0.04,-0.4,-0.3,2,0.2,0.2,0.15,50,60.8,478,468,19,449,168,0,0,176,0,105,0,10,8,486,273,176,486,189759.89,1977.08,17,21,33,19,32,17,17,293,168,0,0,281
181438,15,-0.07,-0.04,-0.4,-0.3,2,0.2,0.2,0.15,60,51.44,480,470,19,451,154,160,0,59,0,78,0,10,6,486,232,219,486,84501.66,920.4,33,61,62,33,43,32,26,161,154,160,0,137
181439,15,-0.07,-0.04,-0.4,-0.3,2,0.2,0.2,0.15,60,48.89,479,469,19,450,0,165,0,65,0,220,0,10,7,486,220,230,486,41377.77,472.91,16,40,30,15,19,18,15,297,0,165,0,285
181440,15,-0.07,-0.04,-0.4,-0.3,2,0.2,0.2,0.15,60,60.8,478,468,19,449,168,0,0,176,0,105,0,10,8,486,273,176,486,189759.89,1977.08,17,21,33,19,32,17,17,293,168,0,0,281
181441,15,-0.07,-0.04,-0.4,-0.25,1,0.1,0.1,0.15,20,61.16,701,686,14,672,325,131,130,0,86,0,0,15,10,711,411,261,711,83132.34,897.76,198,129,86,259,0,0,0,0,325,131,216,0
181442,15,-0.07,-0.04,-0.4,-0.25,1,0.1,0.1,0.15,20,50.97,700,685,14,671,0,159,170,0,342,0,0,15,11,711,342,329,711,31465.57,368.77,26,47,63,535,0,0,0,0,0,159,512,0
181443,15,-0.07,-0.04,-0.4,-0.25,1,0.1,0.1,0.15,20,63.43,699,684,14,670,334,0,245,0,91,0,0,15,12,711,425,245,711,127266.08,1345.95,172,89,44,365,0,0,0,0,334,0,336,0
181444,15,-0.07,-0.04,-0.4,-0.25,1,0.1,0.1,0.15,30,62.05,701,686,22,664,378,166,86,0,34,0,0,15,10,711,412,252,711,82015.8,906.57,198,129,86,43,55,153,0,0,378,166,120,0
181445,15,-0.07,-0.04,-0.4,-0.25,1,0.1,0.1,0.15,30,47.34,700,685,28,657,0,214,132,0,311,0,0,15,11,711,311,346,711,2127.86,87.59,26,47,63,23,35,463,0,0,0,214,443,0
181446,15,-0.07,-0.04,-0.4,-0.25,1,0.1,0.1,0.15,30,67.17,698,683,22,661,400,0,217,0,44,0,0,15,13,711,444,217,711,173550.13,1831.9,172,89,44,29,42,285,0,0,400,0,261,0
181447,15,-0.07,-0.04,-0.4,-0.25,1,0.1,0.1,0.15,40,62.05,701,686,22,664,394,190,36,26,10,8,0,15,10,711,412,252,711,71082.15,783.94,198,129,86,43,55,33,22,98,394,190,46,34
181448,15,-0.07,-0.04,-0.4,-0.25,1,0.1,0.1,0.15,40,46.73,700,685,28,657,0,246,66,38,92,215,0,15,11,711,307,350,711,580.53,80.18,26,47,63,23,35,20,24,419,0,246,158,253
181449,15,-0.07,-0.04,-0.4,-0.25,1,0.1,0.1,0.15,40,69.44,698,683,22,661,430,0,131,71,12,17,0,15,13,711,459,202,711,207666.59,2164.75,172,89,44,29,42,24,17,244,430,0,143,88
181450,15,-0.07,-0.04,-0.4,-0.25,1,0.1,0.1,0.15,50,62.2,701,686,22,664,394,191,0,60,0,19,0,15,10,711,413,251,711,69593.11,767.34,198,129,86,43,55,33,22,98,394,191,0,79
181451,15,-0.07,-0.04,-0.4,-0.25,1,0.1,0.1,0.15,50,46.42,700,685,28,657,0,251,0,101,0,305,0,15,11,711,305,352,711,-11152.27,-49.07,26,47,63,23,35,20,24,419,0,251,0,406
181452,15,-0.07,-0.04,-0.4,-0.25,1,0.1,0.1,0.15,50,69.74,698,683,22,661,430,0,0,200,0,31,0,15,13,711,461,200,711,205459.2,2140.56,172,89,44,29,42,24,17,244,430,0,0,231
181453,15,-0.07,-0.04,-0.4,-0.25,1,0.1,0.1,0.15,60,62.2,701,686,22,664,394,191,0,60,0,19,0,15,10,711,413,251,711,69593.11,767.34,198,129,86,43,55,33,22,98,394,191,0,79
181454,15,-0.07,-0.04,-0.4,-0.25,1,0.1,0.1,0.15,60,46.42,700,685,28,657,0,251,0,101,0,305,0,15,11,711,305,352,711,-11152.27,-49.07,26,47,63,23,35,20,24,419,0,251,0,406
181455,15,-0.07,-0.04,-0.4,-0.25,1,0.1,0.1,0.15,60,69.74,698,683,22,661,430,0,0,200,0,31,0,15,13,711,461,200,711,205459.2,2140.56,172,89,44,29,42,24,17,244,430,0,0,231
181456,15,-0.07,-0.04,-0.4,-0.25,1,0.1,0.2,0.15,20,52.23,701,686,14,672,121,158,163,0,230,0,0,15,10,711,351,321,711,73875.46,803.88,52,73,102,445,0,0,0,0,121,158,393,0
181457,15,-0.07,-0.04,-0.4,-0.25,1,0.1,0.2,0.15,20,50.97,700,685,14,671,0,159,170,0,342,0,0,15,11,711,342,329,711,31465.57,368.77,26,47,63,535,0,0,0,0,0,159,512,0
181458,15,-0.07,-0.04,-0.4,-0.25,1,0.1,0.2,0.15,20,54.03,699,684,14,670,124,0,308,0,238,0,0,15,12,711,362,308,711,105004.75,1119.95,26,26,42,576,0,0,0,0,124,0,546,0
181459,15,-0.07,-0.04,-0.4,-0.25,1,0.1,0.2,0.15,30,50.08,701,686,27,659,173,209,120,0,157,0,0,15,10,711,330,329,711,70364.95,788.77,52,73,102,52,64,316,0,0,173,209,277,0
181460,15,-0.07,-0.04,-0.4,-0.25,1,0.1,0.2,0.15,30,47.34,700,685,28,657,0,214,132,0,311,0,0,15,11,711,311,346,711,2127.86,87.59,26,47,63,23,35,463,0,0,0,214,443,0
181461,15,-0.07,-0.04,-0.4,-0.25,1,0.1,0.2,0.15,30,55.79,698,683,27,656,185,0,290,0,181,0,0,15,13,711,366,290,711,161547.69,1704.51,26,26,42,30,39,493,0,0,185,0,471,0
181462,15,-0.07,-0.04,-0.4,-0.25,1,0.1,0.2,0.15,40,49.47,701,686,27,659,203,240,55,38,42,81,0,15,10,711,326,333,711,77634.39,870.34,52,73,102,52,64,39,39,238,203,240,97,119
181463,15,-0.07,-0.04,-0.4,-0.25,1,0.1,0.2,0.15,40,46.73,700,685,28,657,0,246,66,38,92,215,0,15,11,711,307,350,711,580.53,80.18,26,47,63,23,35,20,24,419,0,246,158,253
181464,15,-0.07,-0.04,-0.4,-0.25,1,0.1,0.2,0.15,40,57.77,698,683,27,656,223,0,189,88,48,108,0,15,13,711,379,277,711,230374.74,2407.66,26,26,42,30,39,22,26,445,223,0,237,196
181465,15,-0.07,-0.04,-0.4,-0.25,1,0.1,0.2,0.15,50,49.17,701,686,27,659,205,242,0,93,0,119,0,15,10,711,324,335,711,73409.85,824.13,52,73,102,52,64,39,39,238,205,242,0,212
181466,15,-0.07,-0.04,-0.4,-0.25,1,0.1,0.2,0.15,50,46.42,700,685,28,657,0,251,0,101,0,305,0,15,11,711,305,352,711,-11152.27,-49.07,26,47,63,23,35,20,24,419,0,251,0,406
181467,15,-0.07,-0.04,-0.4,-0.25,1,0.1,0.2,0.15,50,57.93,698,683,27,656,225,0,0,276,0,155,0,15,13,711,380,276,711,225383.92,2353.15,26,26,42,30,39,22,26,445,225,0,0,431
181468,15,-0.07,-0.04,-0.4,-0.25,1,0.1,0.2,0.15,60,49.17,701,686,27,659,205,242,0,93,0,119,0,15,10,711,324,335,711,73409.85,824.13,52,73,102,52,64,39,39,238,205,242,0,212
181469,15,-0.07,-0.04,-0.4,-0.25,1,0.1,0.2,0.15,60,46.42,700,685,28,657,0,251,0,101,0,305,0,15,11,711,305,352,711,-11152.27,-49.07,26,47,63,23,35,20,24,419,0,251,0,406
181470,15,-0.07,-0.04,-0.4,-0.25,1,0.1,0.2,0.15,60,57.93,698,683,27,656,225,0,0,276,0,155,0,15,13,711,380,276,711,225383.92,2353.15,26,26,42,30,39,22,26,445,225,0,0,431
181471,15,-0.07,-0.04,-0.4,-0.25,1,0.2,0.1,0.15,20,61.16,701,686,14,672,325,131,130,0,86,0,0,15,10,711,411,261,711,83132.34,897.76,198,129,86,259,0,0,0,0,325,131,216,0
181472,15,-0.07,-0.04,-0.4,-0.25,1,0.2,0.1,0.15,20,50.97,700,685,14,671,0,159,170,0,342,0,0,15,11,711,342,329,711,31465.57,368.77,26,47,63,535,0,0,0,0,0,159,512,0
181473,15,-0.07,-0.04,-0.4,-0.25,1,0.2,0.1,0.15,20,63.43,699,684,14,670,334,0,245,0,91,0,0,15,12,711,425,245,711,127266.08,1345.95,172,89,44,365,0,0,0,0,334,0,336,0
181474,15,-0.07,-0.04,-0.4,-0.25,1,0.2,0.1,0.15,30,62.05,701,686,22,664,378,166,86,0,34,0,0,15,10,711,412,252,711,82015.8,906.57,198,129,86,43,55,153,0,0,378,166,120,0
181475,15,-0.07,-0.04,-0.4,-0.25,1,0.2,0.1,0.15,30,47.34,700,685,28,657,0,214,132,0,311,0,0,15,11,711,311,346,711,2127.86,87.59,26,47,63,23,35,463,0,0,0,214,443,0
181476,15,-0.07,-0.04,-0.4,-0.25,1,0.2,0.1,0.15,30,67.17,698,683,22,661,400,0,217,0,44,0,0,15,13,711,444,217,711,173550.13,1831.9,172,89,44,29,42,285,0,0,400,0,261,0
181477,15,-0.07,-0.04,-0.4,-0.25,1,0.2,0.1,0.15,40,62.05,701,686,22,664,394,190,36,26,10,8,0,15,10,711,412,252,711,71082.15,783.94,198,129,86,43,55,33,22,98,394,190,46,34
181478,15,-0.07,-0.04,-0.4,-0.25,1,0.2,0.1,0.15,40,46.73,700,685,28,657,0,246,66,38,92,215,0,15,11,711,307,350,711,580.53,80.18,26,47,63,23,35,20,24,419,0,246,158,253
181479,15,-0.07,-0.04,-0.4,-0.25,1,0.2,0.1,0.15,40,69.44,698,683,22,661,430,0,131,71,12,17,0,15,13,711,459,202,711,207666.59,2164.75,172,89,44,29,42,24,17,244,430,0,143,88
181480,15,-0.07,-0.04,-0.4,-0.25,1,0.2,0.1,0.15,50,62.2,701,686,22,664,394,191,0,60,0,19,0,15,10,711,413,251,711,69593.11,767.34,198,129,86,43,55,33,22,98,394,191,0,79
181481,15,-0.07,-0.04,-0.4,-0.25,1,0.2,0.1,0.15,50,46.42,700,685,28,657,0,251,0,101,0,305,0,15,11,711,305,352,711,-11152.27,-49.07,26,47,63,23,35,20,24,419,0,251,0,406
181482,15,-0.07,-0.04,-0.4,-0.25,1,0.2,0.1,0.15,50,69.74,698,683,22,661,430,0,0,200,0,31,0,15,13,711,461,200,711,205459.2,2140.56,172,89,44,29,42,24,17,244,430,0,0,231
181483,15,-0.07,-0.04,-0.4,-0.25,1,0.2,0.1,0.15,60,62.2,701,686,22,664,394,191,0,60,0,19,0,15,10,711,413,251,711,69593.11,767.34,198,129,86,43,55,33,22,98,394,191,0,79
181484,15,-0.07,-0.04,-0.4,-0.25,1,0.2,0.1,0.15,60,46.42,700,685,28,657,0,251,0,101,0,305,0,15,11,711,305,352,711,-11152.27,-49.07,26,47,63,23,35,20,24,419,0,251,0,406
181485,15,-0.07,-0.04,-0.4,-0.25,1,0.2,0.1,0.15,60,69.74,698,683,22,661,430,0,0,200,0,31,0,15,13,711,461,200,711,205459.2,2140.56,172,89,44,29,42,24,17,244,430,0,0,231
181486,15,-0.07,-0.04,-0.4,-0.25,1,0.2,0.2,0.15,20,52.23,701,686,14,672,121,158,163,0,230,0,0,15,10,711,351,321,711,73875.46,803.88,52,73,102,445,0,0,0,0,121,158,393,0
181487,15,-0.07,-0.04,-0.4,-0.25,1,0.2,0.2,0.15,20,50.97,700,685,14,671,0,159,170,0,342,0,0,15,11,711,342,329,711,31465.57,368.77,26,47,63,535,0,0,0,0,0,159,512,0
181488,15,-0.07,-0.04,-0.4,-0.25,1,0.2,0.2,0.15,20,54.03,699,684,14,670,124,0,308,0,238,0,0,15,12,711,362,308,711,105004.75,1119.95,26,26,42,576,0,0,0,0,124,0,546,0
181489,15,-0.07,-0.04,-0.4,-0.25,1,0.2,0.2,0.15,30,50.08,701,686,27,659,173,209,120,0,157,0,0,15,10,711,330,329,711,70364.95,788.77,52,73,102,52,64,316,0,0,173,209,277,0
181490,15,-0.07,-0.04,-0.4,-0.25,1,0.2,0.2,0.15,30,47.34,700,685,28,657,0,214,132,0,311,0,0,15,11,711,311,346,711,2127.86,87.59,26,47,63,23,35,463,0,0,0,214,443,0
181491,15,-0.07,-0.04,-0.4,-0.25,1,0.2,0.2,0.15,30,55.79,698,683,27,656,185,0,290,0,181,0,0,15,13,711,366,290,711,161547.69,1704.51,26,26,42,30,39,493,0,0,185,0,471,0
181492,15,-0.07,-0.04,-0.4,-0.25,1,0.2,0.2,0.15,40,49.47,701,686,27,659,203,240,55,38,42,81,0,15,10,711,326,333,711,77634.39,870.34,52,73,102,52,64,39,39,238,203,240,97,119
181493,15,-0.07,-0.04,-0.4,-0.25,1,0.2,0.2,0.15,40,46.73,700,685,28,657,0,246,66,38,92,215,0,15,11,711,307,350,711,580.53,80.18,26,47,63,23,35,20,24,419,0,246,158,253
181494,15,-0.07,-0.04,-0.4,-0.25,1,0.2,0.2,0.15,40,57.77,698,683,27,656,223,0,189,88,48,108,0,15,13,711,379,277,711,230374.74,2407.66,26,26,42,30,39,22,26,445,223,0,237,196
181495,15,-0.07,-0.04,-0.4,-0.25,1,0.2,0.2,0.15,50,49.17,701,686,27,659,205,242,0,93,0,119,0,15,10,711,324,335,711,73409.85,824.13,52,73,102,52,64,39,39,238,205,242,0,212
181496,15,-0.07,-0.04,-0.4,-0.25,1,0.2,0.2,0.15,50,46.42,700,685,28,657,0,251,0,101,0,305,0,15,11,711,305,352,711,-11152.27,-49.07,26,47,63,23,35,20,24,419,0,251,0,406
181497,15,-0.07,-0.04,-0.4,-0.25,1,0.2,0.2,0.15,50,57.93,698,683,27,656,225,0,0,276,0,155,0,15,13,711,380,276,711,225383.92,2353.15,26,26,42,30,39,22,26,445,225,0,0,431
181498,15,-0.07,-0.04,-0.4,-0.25,1,0.2,0.2,0.15,60,49.17,701,686,27,659,205,242,0,93,0,119,0,15,10,711,324,335,711,73409.85,824.13,52,73,102,52,64,39,39,238,205,242,0,212
181499,15,-0.07,-0.04,-0.4,-0.25,1,0.2,0.2,0.15,60,46.42,700,685,28,657,0,251,0,101,0,305,0,15,11,711,305,352,711,-11152.27,-49.07,26,47,63,23,35,20,24,419,0,251,0,406
181500,15,-0.07,-0.04,-0.4,-0.25,1,0.2,0.2,0.15,60,57.93,698,683,27,656,225,0,0,276,0,155,0,15,13,711,380,276,711,225383.92,2353.15,26,26,42,30,39,22,26,445,225,0,0,431
181501,15,-0.07,-0.04,-0.4,-0.25,2,0.1,0.1,0.15,20,65.62,701,686,14,672,362,126,105,0,79,0,0,15,10,711,441,231,711,145756.48,2111.74,208,138,94,232,0,0,0,0,362,126,184,0
181502,15,-0.07,-0.04,-0.4,-0.25,2,0.1,0.1,0.15,20,55.89,700,685,14,671,0,159,137,0,375,0,0,15,11,711,375,296,711,83614.64,1724.2,26,47,63,535,0,0,0,0,0,159,512,0
181503,15,-0.07,-0.04,-0.4,-0.25,2,0.1,0.1,0.15,20,70.45,699,684,14,670,379,0,198,0,93,0,0,15,12,711,472,198,711,227436.28,2647.99,182,101,60,327,0,0,0,0,379,0,291,0
181504,15,-0.07,-0.04,-0.4,-0.25,2,0.1,0.1,0.15,30,66.62,701,686,21,665,412,159,63,0,31,0,0,15,10,711,443,222,711,146575.77,2241.05,208,138,94,48,52,125,0,0,412,159,94,0
181505,15,-0.07,-0.04,-0.4,-0.25,2,0.1,0.1,0.15,30,50.68,700,685,28,657,0,214,110,0,333,0,0,15,11,711,333,324,711,70070.35,1695.98,26,47,63,23,35,463,0,0,0,214,443,0
181506,15,-0.07,-0.04,-0.4,-0.25,2,0.1,0.1,0.15,30,74.92,698,683,21,662,450,0,166,0,46,0,0,15,13,711,496,166,711,315077.12,3239.41,182,101,60,36,44,239,0,0,450,0,212,0
181507,15,-0.07,-0.04,-0.4,-0.25,2,0.1,0.1,0.15,40,66.77,701,686,21,665,425,177,29,15,11,8,0,15,10,711,444,221,711,136902.44,2213.64,208,138,94,48,52,31,18,76,425,177,40,23
181508,15,-0.07,-0.04,-0.4,-0.25,2,0.1,0.1,0.15,40,49.62,700,685,28,657,0,246,60,25,98,228,0,15,11,711,326,331,711,82562.35,1852.28,26,47,63,23,35,20,24,419,0,246,158,253
181509,15,-0.07,-0.04,-0.4,-0.25,2,0.1,0.1,0.15,40,78.4,698,683,21,662,480,0,102,41,18,21,0,15,13,711,519,143,711,384049.0,3611.68,182,101,60,36,44,27,18,194,480,0,120,62
181510,15,-0.07,-0.04,-0.4,-0.25,2,0.1,0.1,0.15,50,66.62,701,686,21,665,425,178,0,44,0,18,0,15,10,711,443,222,711,134269.6,2193.02,208,138,94,48,52,31,18,76,425,178,0,62
181511,15,-0.07,-0.04,-0.4,-0.25,2,0.1,0.1,0.15,50,49.32,700,685,28,657,0,251,0,82,0,324,0,15,11,711,324,333,711,67277.35,1726.09,26,47,63,23,35,20,24,419,0,251,0,406
181512,15,-0.07,-0.04,-0.4,-0.25,2,0.1,0.1,0.15,50,78.25,698,683,21,662,480,0,0,144,0,38,0,15,13,711,518,144,711,380749.51,3586.64,182,101,60,36,44,27,18,194,480,0,0,182
181513,15,-0.07,-0.04,-0.4,-0.25,2,0.1,0.1,0.15,60,66.62,701,686,21,665,425,178,0,44,0,18,0,15,10,711,443,222,711,134269.6,2193.02,208,138,94,48,52,31,18,76,425,178,0,62
181514,15,-0.07,-0.04,-0.4,-0.25,2,0.1,0.1,0.15,60,49.32,700,685,28,657,0,251,0,82,0,324,0,15,11,711,324,333,711,67277.35,1726.09,26,47,63,23,35,20,24,419,0,251,0,406
181515,15,-0.07,-0.04,-0.4,-0.25,2,0.1,0.1,0.15,60,78.25,698,683,21,662,480,0,0,144,0,38,0,15,13,711,518,144,711,380749.51,3586.64,182,101,60,36,44,27,18,194,480,0,0,182
181516,15,-0.07,-0.04,-0.4,-0.25,2,0.1,0.2,0.15,20,56.85,701,686,14,672,130,158,132,0,252,0,0,15,10,711,382,290,711,128786.06,2143.1,53,78,102,439,0,0,0,0,130,158,384,0
181517,15,-0.07,-0.04,-0.4,-0.25,2,0.1,0.2,0.15,20,55.89,700,685,14,671,0,159,137,0,375,0,0,15,11,711,375,296,711,83614.64,1724.2,26,47,63,535,0,0,0,0,0,159,512,0
181518,15,-0.07,-0.04,-0.4,-0.25,2,0.1,0.2,0.15,20,61.64,699,684,14,670,135,0,257,0,278,0,0,15,12,711,413,257,711,174201.94,2555.94,27,32,42,569,0,0,0,0,135,0,535,0
181519,15,-0.07,-0.04,-0.4,-0.25,2,0.1,0.2,0.15,30,53.26,701,686,27,659,192,209,99,0,159,0,0,15,10,711,351,308,711,140647.0,2372.62,53,78,102,55,72,299,0,0,192,209,258,0
181520,15,-0.07,-0.04,-0.4,-0.25,2,0.1,0.2,0.15,30,50.68,700,685,28,657,0,214,110,0,333,0,0,15,11,711,333,324,711,70070.35,1695.98,26,47,63,23,35,463,0,0,0,214,443,0
181521,15,-0.07,-0.04,-0.4,-0.25,2,0.1,0.2,0.15,30,62.2,698,683,27,656,210,0,248,0,198,0,0,15,13,711,408,248,711,301495.63,3421.78,27,32,42,34,50,471,0,0,210,0,446,0
181522,15,-0.07,-0.04,-0.4,-0.25,2,0.1,0.2,0.15,40,52.66,701,686,27,659,224,239,48,25,44,79,0,15,10,711,347,312,711,144015.39,2502.66,53,78,102,55,72,41,38,220,224,239,92,104
181523,15,-0.07,-0.04,-0.4,-0.25,2,0.1,0.2,0.15,40,49.62,700,685,28,657,0,246,60,25,98,228,0,15,11,711,326,331,711,82562.35,1852.28,26,47,63,23,35,20,24,419,0,246,158,253
181524,15,-0.07,-0.04,-0.4,-0.25,2,0.1,0.2,0.15,40,65.7,698,683,27,656,253,0,164,61,63,115,0,15,13,711,431,225,711,428616.04,4178.91,27,32,42,34,50,25,28,418,253,0,227,176
181525,15,-0.07,-0.04,-0.4,-0.25,2,0.1,0.2,0.15,50,52.35,701,686,27,659,226,240,0,74,0,119,0,15,10,711,345,314,711,139603.31,2464.58,53,78,102,55,72,41,38,220,226,240,0,193
181526,15,-0.07,-0.04,-0.4,-0.25,2,0.1,0.2,0.15,50,49.32,700,685,28,657,0,251,0,82,0,324,0,15,11,711,324,333,711,67277.35,1726.09,26,47,63,23,35,20,24,419,0,251,0,406
181527,15,-0.07,-0.04,-0.4,-0.25,2,0.1,0.2,0.15,50,65.7,698,683,27,656,255,0,0,225,0,176,0,15,13,711,431,225,711,424649.94,4143.33,27,32,42,34,50,25,28,418,255,0,0,401
181528,15,-0.07,-0.04,-0.4,-0.25,2,0.1,0.2,0.15,60,52.35,701,686,27,659,226,240,0,74,0,119,0,15,10,711,345,314,711,139603.31,2464.58,53,78,102,55,72,41,38,220,226,240,0,193
181529,15,-0.07,-0.04,-0.4,-0.25,2,0.1,0.2,0.15,60,49.32,700,685,28,657,0,251,0,82,0,324,0,15,11,711,324,333,711,67277.35,1726.09,26,47,63,23,35,20,24,419,0,251,0,406
181530,15,-0.07,-0.04,-0.4,-0.25,2,0.1,0.2,0.15,60,65.7,698,683,27,656,255,0,0,225,0,176,0,15,13,711,431,225,711,424649.94,4143.33,27,32,42,34,50,25,28,418,255,0,0,401
181531,15,-0.07,-0.04,-0.4,-0.25,2,0.2,0.1,0.15,20,61.16,701,686,14,672,325,131,130,0,86,0,0,15,10,711,411,261,711,83132.34,897.76,198,129,86,259,0,0,0,0,325,131,216,0
181532,15,-0.07,-0.04,-0.4,-0.25,2,0.2,0.1,0.15,20,50.97,700,685,14,671,0,159,170,0,342,0,0,15,11,711,342,329,711,31465.57,368.77,26,47,63,535,0,0,0,0,0,159,512,0
181533,15,-0.07,-0.04,-0.4,-0.25,2,0.2,0.1,0.15,20,63.43,699,684,14,670,334,0,245,0,91,0,0,15,12,711,425,245,711,127266.08,1345.95,172,89,44,365,0,0,0,0,334,0,336,0
181534,15,-0.07,-0.04,-0.4,-0.25,2,0.2,0.1,0.15,30,62.05,701,686,22,664,378,166,86,0,34,0,0,15,10,711,412,252,711,82015.8,906.57,198,129,86,43,55,153,0,0,378,166,120,0
181535,15,-0.07,-0.04,-0.4,-0.25,2,0.2,0.1,0.15,30,47.34,700,685,28,657,0,214,132,0,311,0,0,15,11,711,311,346,711,2127.86,87.59,26,47,63,23,35,463,0,0,0,214,443,0
181536,15,-0.07,-0.04,-0.4,-0.25,2,0.2,0.1,0.15,30,67.17,698,683,22,661,400,0,217,0,44,0,0,15,13,711,444,217,711,173550.13,1831.9,172,89,44,29,42,285,0,0,400,0,261,0
181537,15,-0.07,-0.04,-0.4,-0.25,2,0.2,0.1,0.15,40,62.05,701,686,22,664,394,190,36,26,10,8,0,15,10,711,412,252,711,71082.15,783.94,198,129,86,43,55,33,22,98,394,190,46,34
181538,15,-0.07,-0.04,-0.4,-0.25,2,0.2,0.1,0.15,40,46.73,700,685,28,657,0,246,66,38,92,215,0,15,11,711,307,350,711,580.53,80.18,26,47,63,23,35,20,24,419,0,246,158,253
181539,15,-0.07,-0.04,-0.4,-0.25,2,0.2,0.1,0.15,40,69.44,698,683,22,661,430,0,131,71,12,17,0,15,13,711,459,202,711,207666.59,2164.75,172,89,44,29,42,24,17,244,430,0,143,88
181540,15,-0.07,-0.04,-0.4,-0.25,2,0.2,0.1,0.15,50,62.2,701,686,22,664,394,191,0,60,0,19,0,15,10,711,413,251,711,69593.11,767.34,198,129,86,43,55,33,22,98,394,191,0,79
181541,15,-0.07,-0.04,-0.4,-0.25,2,0.2,0.1,0.15,50,46.42,700,685,28,657,0,251,0,101,0,305,0,15,11,711,305,352,711,-11152.27,-49.07,26,47,63,23,35,20,24,419,0,251,0,406
181542,15,-0.07,-0.04,-0.4,-0.25,2,0.2,0.1,0.15,50,69.74,698,683,22,661,430,0,0,200,0,31,0,15,13,711,461,200,711,205459.2,2140.56,172,89,44,29,42,24,17,244,430,0,0,231
181543,15,-0.07,-0.04,-0.4,-0.25,2,0.2,0.1,0.15,60,62.2,701,686,22,664,394,191,0,60,0,19,0,15,10,711,413,251,711,69593.11,767.34,198,129,86,43,55,33,22,98,394,191,0,79
181544,15,-0.07,-0.04,-0.4,-0.25,2,0.2,0.1,0.15,60,46.42,700,685,28,657,0,251,0,101,0,305,0,15,11,711,305,352,711,-11152.27,-49.07,26,47,63,23,35,20,24,419,0,251,0,406
181545,15,-0.07,-0.04,-0.4,-0.25,2,0.2,0.1,0.15,60,69.74,698,683,22,661,430,0,0,200,0,31,0,15,13,711,461,200,711,205459.2,2140.56,172,89,44,29,42,24,17,244,430,0,0,231
181546,15,-0.07,-0.04,-0.4,-0.25,2,0.2,0.2,0.15,20,52.23,701,686,14,672,121,158,163,0,230,0,0,15,10,711,351,321,711,73875.46,803.88,52,73,102,445,0,0,0,0,121,158,393,0
181547,15,-0.07,-0.04,-0.4,-0.25,2,0.2,0.2,0.15,20,50.97,700,685,14,671,0,159,170,0,342,0,0,15,11,711,342,329,711,31465.57,368.77,26,47,63,535,0,0,0,0,0,159,512,0
181548,15,-0.07,-0.04,-0.4,-0.25,2,0.2,0.2,0.15,20,54.03,699,684,14,670,124,0,308,0,238,0,0,15,12,711,362,308,711,105004.75,1119.95,26,26,42,576,0,0,0,0,124,0,546,0
181549,15,-0.07,-0.04,-0.4,-0.25,2,0.2,0.2,0.15,30,50.08,701,686,27,659,173,209,120,0,157,0,0,15,10,711,330,329,711,70364.95,788.77,52,73,102,52,64,316,0,0,173,209,277,0
181550,15,-0.07,-0.04,-0.4,-0.25,2,0.2,0.2,0.15,30,47.34,700,685,28,657,0,214,132,0,311,0,0,15,11,711,311,346,711,2127.86,87.59,26,47,63,23,35,463,0,0,0,214,443,0
181551,15,-0.07,-0.04,-0.4,-0.25,2,0.2,0.2,0.15,30,55.79,698,683,27,656,185,0,290,0,181,0,0,15,13,711,366,290,711,161547.69,1704.51,26,26,42,30,39,493,0,0,185,0,471,0
181552,15,-0.07,-0.04,-0.4,-0.25,2,0.2,0.2,0.15,40,49.47,701,686,27,659,203,240,55,38,42,81,0,15,10,711,326,333,711,77634.39,870.34,52,73,102,52,64,39,39,238,203,240,97,119
181553,15,-0.07,-0.04,-0.4,-0.25,2,0.2,0.2,0.15,40,46.73,700,685,28,657,0,246,66,38,92,215,0,15,11,711,307,350,711,580.53,80.18,26,47,63,23,35,20,24,419,0,246,158,253
181554,15,-0.07,-0.04,-0.4,-0.25,2,0.2,0.2,0.15,40,57.77,698,683,27,656,223,0,189,88,48,108,0,15,13,711,379,277,711,230374.74,2407.66,26,26,42,30,39,22,26,445,223,0,237,196
181555,15,-0.07,-0.04,-0.4,-0.25,2,0.2,0.2,0.15,50,49.17,701,686,27,659,205,242,0,93,0,119,0,15,10,711,324,335,711,73409.85,824.13,52,73,102,52,64,39,39,238,205,242,0,212
181556,15,-0.07,-0.04,-0.4,-0.25,2,0.2,0.2,0.15,50,46.42,700,685,28,657,0,251,0,101,0,305,0,15,11,711,305,352,711,-11152.27,-49.07,26,47,63,23,35,20,24,419,0,251,0,406
181557,15,-0.07,-0.04,-0.4,-0.25,2,0.2,0.2,0.15,50,57.93,698,683,27,656,225,0,0,276,0,155,0,15,13,711,380,276,711,225383.92,2353.15,26,26,42,30,39,22,26,445,225,0,0,431
181558,15,-0.07,-0.04,-0.4,-0.25,2,0.2,0.2,0.15,60,49.17,701,686,27,659,205,242,0,93,0,119,0,15,10,711,324,335,711,73409.85,824.13,52,73,102,52,64,39,39,238,205,242,0,212
181559,15,-0.07,-0.04,-0.4,-0.25,2,0.2,0.2,0.15,60,46.42,700,685,28,657,0,251,0,101,0,305,0,15,11,711,305,352,711,-11152.27,-49.07,26,47,63,23,35,20,24,419,0,251,0,406
181560,15,-0.07,-0.04,-0.4,-0.25,2,0.2,0.2,0.15,60,57.93,698,683,27,656,225,0,0,276,0,155,0,15,13,711,380,276,711,225383.92,2353.15,26,26,42,30,39,22,26,445,225,0,0,431
181561,15,-0.07,-0.03,-0.6,-0.45,1,0.1,0.1,0.15,20,69.06,916,787,8,779,493,128,113,0,45,0,0,129,4,920,538,241,920,248636.68,2558.24,296,160,104,219,0,0,0,0,493,128,158,0
181562,15,-0.07,-0.03,-0.6,-0.45,1,0.1,0.1,0.15,20,61.59,916,787,19,768,0,140,155,0,473,0,0,129,4,920,473,295,920,504940.33,5177.82,28,41,39,660,0,0,0,0,0,140,628,0
181563,15,-0.07,-0.03,-0.6,-0.45,1,0.1,0.1,0.15,20,72.66,916,787,8,779,516,0,213,0,50,0,0,129,4,920,566,213,920,317520.6,3261.84,271,130,78,300,0,0,0,0,516,0,263,0
181564,15,-0.07,-0.03,-0.6,-0.45,1,0.1,0.1,0.15,30,72.04,916,787,18,769,534,169,46,0,20,0,0,129,4,920,554,215,920,247322.82,2552.46,296,160,104,61,46,102,0,0,534,169,66,0
181565,15,-0.07,-0.03,-0.6,-0.45,1,0.1,0.1,0.15,30,57.97,915,786,39,747,0,201,113,0,433,0,0,129,5,920,433,314,920,458864.54,4707.21,28,41,39,32,32,575,0,0,0,201,546,0
181566,15,-0.07,-0.03,-0.6,-0.45,1,0.1,0.1,0.15,30,79.11,916,787,21,766,576,0,160,0,30,0,0,129,4,920,606,160,920,375543.5,3867.07,271,130,78,37,37,213,0,0,576,0,190,0
181567,15,-0.07,-0.03,-0.6,-0.45,1,0.1,0.1,0.15,40,72.3,916,787,18,769,547,182,25,6,6,3,0,129,4,920,556,213,920,250962.9,2596.47,296,160,104,61,46,36,18,48,547,182,31,9
181568,15,-0.07,-0.03,-0.6,-0.45,1,0.1,0.1,0.15,40,55.7,913,784,39,745,0,247,67,16,109,306,0,129,7,920,415,330,920,497075.97,5124.49,28,41,39,32,32,29,37,507,0,247,176,322
181569,15,-0.07,-0.03,-0.6,-0.45,1,0.1,0.1,0.15,40,81.2,916,787,21,766,602,0,101,43,9,11,0,129,4,920,622,144,920,401694.04,4116.32,271,130,78,37,37,23,18,172,602,0,110,54
181570,15,-0.07,-0.03,-0.6,-0.45,1,0.1,0.1,0.15,50,72.04,916,787,18,769,547,186,0,29,0,7,0,129,4,920,554,215,920,246529.17,2550.1,296,160,104,61,46,36,18,48,547,186,0,36
181571,15,-0.07,-0.03,-0.6,-0.45,1,0.1,0.1,0.15,50,54.77,913,784,39,745,0,256,0,81,0,408,0,129,7,920,408,337,920,475810.25,4900.37,28,41,39,32,32,29,37,507,0,256,0,489
181572,15,-0.07,-0.03,-0.6,-0.45,1,0.1,0.1,0.15,50,81.2,916,787,21,766,603,0,0,144,0,19,0,129,4,920,622,144,920,390855.25,3997.27,271,130,78,37,37,23,18,172,603,0,0,163
181573,15,-0.07,-0.03,-0.6,-0.45,1,0.1,0.1,0.15,60,72.04,916,787,18,769,547,186,0,29,0,7,0,129,4,920,554,215,920,246529.17,2550.1,296,160,104,61,46,36,18,48,547,186,0,36
181574,15,-0.07,-0.03,-0.6,-0.45,1,0.1,0.1,0.15,60,54.77,913,784,39,745,0,256,0,81,0,408,0,129,7,920,408,337,920,475810.25,4900.37,28,41,39,32,32,29,37,507,0,256,0,489
181575,15,-0.07,-0.03,-0.6,-0.45,1,0.1,0.1,0.15,60,81.2,916,787,21,766,603,0,0,144,0,19,0,129,4,920,622,144,920,390855.25,3997.27,271,130,78,37,37,23,18,172,603,0,0,163
181576,15,-0.07,-0.03,-0.6,-0.45,1,0.1,0.2,0.15,20,63.2,916,787,18,769,289,140,143,0,197,0,0,129,4,920,486,283,920,429388.08,4417.39,87,125,138,419,0,0,0,0,289,140,340,0
181577,15,-0.07,-0.03,-0.6,-0.45,1,0.1,0.2,0.15,20,61.59,916,787,19,768,0,140,155,0,473,0,0,129,4,920,473,295,920,504940.33,5177.82,28,41,39,660,0,0,0,0,0,140,628,0
181578,15,-0.07,-0.03,-0.6,-0.45,1,0.1,0.2,0.15,20,67.1,916,787,18,769,304,0,253,0,212,0,0,129,4,920,516,253,920,521790.48,5357.87,59,88,104,518,0,0,0,0,304,0,465,0
181579,15,-0.07,-0.03,-0.6,-0.45,1,0.1,0.2,0.15,30,62.52,916,787,32,755,360,193,90,0,112,0,0,129,4,920,472,283,920,439480.36,4518.55,87,125,138,79,70,256,0,0,360,193,202,0
181580,15,-0.07,-0.03,-0.6,-0.45,1,0.1,0.2,0.15,30,57.97,915,786,39,747,0,201,113,0,433,0,0,129,5,920,433,314,920,458864.54,4707.21,28,41,39,32,32,575,0,0,0,201,546,0
181581,15,-0.07,-0.03,-0.6,-0.45,1,0.1,0.2,0.15,30,70.88,916,787,35,752,387,0,219,0,146,0,0,129,4,920,533,219,920,612009.96,6282.76,59,88,104,53,49,399,0,0,387,0,365,0
181582,15,-0.07,-0.03,-0.6,-0.45,1,0.1,0.2,0.15,40,61.32,916,787,32,755,390,228,51,13,35,38,0,129,4,920,463,292,920,441019.75,4548.95,87,125,138,79,70,54,45,157,390,228,86,51
181583,15,-0.07,-0.03,-0.6,-0.45,1,0.1,0.2,0.15,40,55.7,913,784,39,745,0,247,67,16,109,306,0,129,7,920,415,330,920,497075.97,5124.49,28,41,39,32,32,29,37,507,0,247,176,322
181584,15,-0.07,-0.03,-0.6,-0.45,1,0.1,0.2,0.15,40,71.01,916,787,35,752,428,0,158,60,40,66,0,129,4,920,534,218,920,651697.15,6680.02,59,88,104,53,49,34,29,336,428,0,198,126
181585,15,-0.07,-0.03,-0.6,-0.45,1,0.1,0.2,0.15,50,60.53,916,787,32,755,391,235,0,63,0,66,0,129,4,920,457,298,920,428445.97,4418.24,87,125,138,79,70,54,45,157,391,235,0,129
181586,15,-0.07,-0.03,-0.6,-0.45,1,0.1,0.2,0.15,50,54.77,913,784,39,745,0,256,0,81,0,408,0,129,7,920,408,337,920,475810.25,4900.37,28,41,39,32,32,29,37,507,0,256,0,489
181587,15,-0.07,-0.03,-0.6,-0.45,1,0.1,0.2,0.15,50,70.48,916,787,35,752,429,0,0,222,0,101,0,129,4,920,530,222,920,628707.27,6433.13,59,88,104,53,49,34,29,336,429,0,0,323
181588,15,-0.07,-0.03,-0.6,-0.45,1,0.1,0.2,0.15,60,60.53,916,787,32,755,391,235,0,63,0,66,0,129,4,920,457,298,920,428445.97,4418.24,87,125,138,79,70,54,45,157,391,235,0,129
181589,15,-0.07,-0.03,-0.6,-0.45,1,0.1,0.2,0.15,60,54.77,913,784,39,745,0,256,0,81,0,408,0,129,7,920,408,337,920,475810.25,4900.37,28,41,39,32,32,29,37,507,0,256,0,489
181590,15,-0.07,-0.03,-0.6,-0.45,1,0.1,0.2,0.15,60,70.48,916,787,35,752,429,0,0,222,0,101,0,129,4,920,530,222,920,628707.27,6433.13,59,88,104,53,49,34,29,336,429,0,0,323
181591,15,-0.07,-0.03,-0.6,-0.45,1,0.2,0.1,0.15,20,69.06,916,787,8,779,493,128,113,0,45,0,0,129,4,920,538,241,920,248636.68,2558.24,296,160,104,219,0,0,0,0,493,128,158,0
181592,15,-0.07,-0.03,-0.6,-0.45,1,0.2,0.1,0.15,20,61.59,916,787,19,768,0,140,155,0,473,0,0,129,4,920,473,295,920,504940.33,5177.82,28,41,39,660,0,0,0,0,0,140,628,0
181593,15,-0.07,-0.03,-0.6,-0.45,1,0.2,0.1,0.15,20,72.66,916,787,8,779,516,0,213,0,50,0,0,129,4,920,566,213,920,317520.6,3261.84,271,130,78,300,0,0,0,0,516,0,263,0
181594,15,-0.07,-0.03,-0.6,-0.45,1,0.2,0.1,0.15,30,72.04,916,787,18,769,534,169,46,0,20,0,0,129,4,920,554,215,920,247322.82,2552.46,296,160,104,61,46,102,0,0,534,169,66,0
181595,15,-0.07,-0.03,-0.6,-0.45,1,0.2,0.1,0.15,30,57.97,915,786,39,747,0,201,113,0,433,0,0,129,5,920,433,314,920,458864.54,4707.21,28,41,39,32,32,575,0,0,0,201,546,0
181596,15,-0.07,-0.03,-0.6,-0.45,1,0.2,0.1,0.15,30,79.11,916,787,21,766,576,0,160,0,30,0,0,129,4,920,606,160,920,375543.5,3867.07,271,130,78,37,37,213,0,0,576,0,190,0
181597,15,-0.07,-0.03,-0.6,-0.45,1,0.2,0.1,0.15,40,72.3,916,787,18,769,547,182,25,6,6,3,0,129,4,920,556,213,920,250962.9,2596.47,296,160,104,61,46,36,18,48,547,182,31,9
181598,15,-0.07,-0.03,-0.6,-0.45,1,0.2,0.1,0.15,40,55.7,913,784,39,745,0,247,67,16,109,306,0,129,7,920,415,330,920,497075.97,5124.49,28,41,39,32,32,29,37,507,0,247,176,322
181599,15,-0.07,-0.03,-0.6,-0.45,1,0.2,0.1,0.15,40,81.2,916,787,21,766,602,0,101,43,9,11,0,129,4,920,622,144,920,401694.04,4116.32,271,130,78,37,37,23,18,172,602,0,110,54
181600,15,-0.07,-0.03,-0.6,-0.45,1,0.2,0.1,0.15,50,72.04,916,787,18,769,547,186,0,29,0,7,0,129,4,920,554,215,920,246529.17,2550.1,296,160,104,61,46,36,18,48,547,186,0,36
181601,15,-0.07,-0.03,-0.6,-0.45,1,0.2,0.1,0.15,50,54.77,913,784,39,745,0,256,0,81,0,408,0,129,7,920,408,337,920,475810.25,4900.37,28,41,39,32,32,29,37,507,0,256,0,489
181602,15,-0.07,-0.03,-0.6,-0.45,1,0.2,0.1,0.15,50,81.2,916,787,21,766,603,0,0,144,0,19,0,129,4,920,622,144,920,390855.25,3997.27,271,130,78,37,37,23,18,172,603,0,0,163
181603,15,-0.07,-0.03,-0.6,-0.45,1,0.2,0.1,0.15,60,72.04,916,787,18,769,547,186,0,29,0,7,0,129,4,920,554,215,920,246529.17,2550.1,296,160,104,61,46,36,18,48,547,186,0,36
181604,15,-0.07,-0.03,-0.6,-0.45,1,0.2,0.1,0.15,60,54.77,913,784,39,745,0,256,0,81,0,408,0,129,7,920,408,337,920,475810.25,4900.37,28,41,39,32,32,29,37,507,0,256,0,489
181605,15,-0.07,-0.03,-0.6,-0.45,1,0.2,0.1,0.15,60,81.2,916,787,21,766,603,0,0,144,0,19,0,129,4,920,622,144,920,390855.25,3997.27,271,130,78,37,37,23,18,172,603,0,0,163
181606,15,-0.07,-0.03,-0.6,-0.45,1,0.2,0.2,0.15,20,63.2,916,787,18,769,289,140,143,0,197,0,0,129,4,920,486,283,920,429388.08,4417.39,87,125,138,419,0,0,0,0,289,140,340,0
181607,15,-0.07,-0.03,-0.6,-0.45,1,0.2,0.2,0.15,20,61.59,916,787,19,768,0,140,155,0,473,0,0,129,4,920,473,295,920,504940.33,5177.82,28,41,39,660,0,0,0,0,0,140,628,0
181608,15,-0.07,-0.03,-0.6,-0.45,1,0.2,0.2,0.15,20,67.1,916,787,18,769,304,0,253,0,212,0,0,129,4,920,516,253,920,521790.48,5357.87,59,88,104,518,0,0,0,0,304,0,465,0
181609,15,-0.07,-0.03,-0.6,-0.45,1,0.2,0.2,0.15,30,62.52,916,787,32,755,360,193,90,0,112,0,0,129,4,920,472,283,920,439480.36,4518.55,87,125,138,79,70,256,0,0,360,193,202,0
181610,15,-0.07,-0.03,-0.6,-0.45,1,0.2,0.2,0.15,30,57.97,915,786,39,747,0,201,113,0,433,0,0,129,5,920,433,314,920,458864.54,4707.21,28,41,39,32,32,575,0,0,0,201,546,0
181611,15,-0.07,-0.03,-0.6,-0.45,1,0.2,0.2,0.15,30,70.88,916,787,35,752,387,0,219,0,146,0,0,129,4,920,533,219,920,612009.96,6282.76,59,88,104,53,49,399,0,0,387,0,365,0
181612,15,-0.07,-0.03,-0.6,-0.45,1,0.2,0.2,0.15,40,61.32,916,787,32,755,390,228,51,13,35,38,0,129,4,920,463,292,920,441019.75,4548.95,87,125,138,79,70,54,45,157,390,228,86,51
181613,15,-0.07,-0.03,-0.6,-0.45,1,0.2,0.2,0.15,40,55.7,913,784,39,745,0,247,67,16,109,306,0,129,7,920,415,330,920,497075.97,5124.49,28,41,39,32,32,29,37,507,0,247,176,322
181614,15,-0.07,-0.03,-0.6,-0.45,1,0.2,0.2,0.15,40,71.01,916,787,35,752,428,0,158,60,40,66,0,129,4,920,534,218,920,651697.15,6680.02,59,88,104,53,49,34,29,336,428,0,198,126
181615,15,-0.07,-0.03,-0.6,-0.45,1,0.2,0.2,0.15,50,60.53,916,787,32,755,391,235,0,63,0,66,0,129,4,920,457,298,920,428445.97,4418.24,87,125,138,79,70,54,45,157,391,235,0,129
181616,15,-0.07,-0.03,-0.6,-0.45,1,0.2,0.2,0.15,50,54.77,913,784,39,745,0,256,0,81,0,408,0,129,7,920,408,337,920,475810.25,4900.37,28,41,39,32,32,29,37,507,0,256,0,489
181617,15,-0.07,-0.03,-0.6,-0.45,1,0.2,0.2,0.15,50,70.48,916,787,35,752,429,0,0,222,0,101,0,129,4,920,530,222,920,628707.27,6433.13,59,88,104,53,49,34,29,336,429,0,0,323
181618,15,-0.07,-0.03,-0.6,-0.45,1,0.2,0.2,0.15,60,60.53,916,787,32,755,391,235,0,63,0,66,0,129,4,920,457,298,920,428445.97,4418.24,87,125,138,79,70,54,45,157,391,235,0,129
181619,15,-0.07,-0.03,-0.6,-0.45,1,0.2,0.2,0.15,60,54.77,913,784,39,745,0,256,0,81,0,408,0,129,7,920,408,337,920,475810.25,4900.37,28,41,39,32,32,29,37,507,0,256,0,489
181620,15,-0.07,-0.03,-0.6,-0.45,1,0.2,0.2,0.15,60,70.48,916,787,35,752,429,0,0,222,0,101,0,129,4,920,530,222,920,628707.27,6433.13,59,88,104,53,49,34,29,336,429,0,0,323
181621,15,-0.07,-0.03,-0.6,-0.45,2,0.1,0.1,0.15,20,71.63,916,787,8,779,514,127,94,0,44,0,0,129,4,920,558,221,920,298001.55,3458.96,303,165,110,201,0,0,0,0,514,127,138,0
181622,15,-0.07,-0.03,-0.6,-0.45,2,0.1,0.1,0.15,20,64.58,916,787,19,768,0,140,132,0,496,0,0,129,4,920,496,272,920,637555.0,6455.42,28,41,39,660,0,0,0,0,0,140,628,0
181623,15,-0.07,-0.03,-0.6,-0.45,2,0.1,0.1,0.15,20,77.15,916,787,8,779,544,0,178,0,57,0,0,129,4,920,601,178,920,407659.92,4214.73,281,136,85,277,0,0,0,0,544,0,235,0
181624,15,-0.07,-0.03,-0.6,-0.45,2,0.1,0.1,0.15,30,73.8,916,787,16,771,550,165,37,0,19,0,0,129,4,920,569,202,920,288750.01,3565.1,303,165,110,63,41,89,0,0,550,165,56,0
181625,15,-0.07,-0.03,-0.6,-0.45,2,0.1,0.1,0.15,30,59.57,915,786,39,747,0,201,101,0,445,0,0,129,5,920,445,302,920,615341.21,6277.72,28,41,39,32,32,575,0,0,0,201,546,0
181626,15,-0.07,-0.03,-0.6,-0.45,2,0.1,0.1,0.15,30,84.24,916,787,19,768,613,0,121,0,34,0,0,129,4,920,647,121,920,510050.97,4914.89,281,136,85,42,41,183,0,0,613,0,155,0
181627,15,-0.07,-0.03,-0.6,-0.45,2,0.1,0.1,0.15,40,74.32,916,787,16,771,562,177,19,2,7,4,0,129,4,920,573,198,920,288515.23,3606.24,303,165,110,63,41,33,15,41,562,177,26,6
181628,15,-0.07,-0.03,-0.6,-0.45,2,0.1,0.1,0.15,40,57.85,913,784,39,745,0,247,56,11,120,311,0,129,7,920,431,314,920,658369.94,6862.61,28,41,39,32,32,29,37,507,0,247,176,322
181629,15,-0.07,-0.03,-0.6,-0.45,2,0.1,0.1,0.15,40,86.07,916,787,19,768,637,0,83,24,9,15,0,129,4,920,661,107,920,554289.02,5163.96,281,136,85,42,41,28,15,140,637,0,92,39
181630,15,-0.07,-0.03,-0.6,-0.45,2,0.1,0.1,0.15,50,74.06,916,787,16,771,562,181,0,19,0,9,0,129,4,920,571,200,920,281993.44,3564.94,303,165,110,63,41,33,15,41,562,181,0,28
181631,15,-0.07,-0.03,-0.6,-0.45,2,0.1,0.1,0.15,50,56.78,913,784,39,745,0,256,0,66,0,423,0,129,7,920,423,322,920,631197.43,6640.52,28,41,39,32,32,29,37,507,0,256,0,489
181632,15,-0.07,-0.03,-0.6,-0.45,2,0.1,0.1,0.15,50,85.94,916,787,19,768,637,0,0,108,0,23,0,129,4,920,660,108,920,532990.43,5048.56,281,136,85,42,41,28,15,140,637,0,0,131
181633,15,-0.07,-0.03,-0.6,-0.45,2,0.1,0.1,0.15,60,74.06,916,787,16,771,562,181,0,19,0,9,0,129,4,920,571,200,920,281993.44,3564.94,303,165,110,63,41,33,15,41,562,181,0,28
181634,15,-0.07,-0.03,-0.6,-0.45,2,0.1,0.1,0.15,60,56.78,913,784,39,745,0,256,0,66,0,423,0,129,7,920,423,322,920,631197.43,6640.52,28,41,39,32,32,29,37,507,0,256,0,489
181635,15,-0.07,-0.03,-0.6,-0.45,2,0.1,0.1,0.15,60,85.94,916,787,19,768,637,0,0,108,0,23,0,129,4,920,660,108,920,532990.43,5048.56,281,136,85,42,41,28,15,140,637,0,0,131
181636,15,-0.07,-0.03,-0.6,-0.45,2,0.1,0.2,0.15,20,66.19,916,787,18,769,305,140,120,0,204,0,0,129,4,920,509,260,920,536725.02,5592.86,89,131,149,400,0,0,0,0,305,140,324,0
181637,15,-0.07,-0.03,-0.6,-0.45,2,0.1,0.2,0.15,20,64.58,916,787,19,768,0,140,132,0,496,0,0,129,4,920,496,272,920,637555.0,6455.42,28,41,39,660,0,0,0,0,0,140,628,0
181638,15,-0.07,-0.03,-0.6,-0.45,2,0.1,0.2,0.15,20,72.04,916,787,18,769,328,0,215,0,226,0,0,129,4,920,554,215,920,699017.07,6637.32,62,96,119,492,0,0,0,0,328,0,441,0
181639,15,-0.07,-0.03,-0.6,-0.45,2,0.1,0.2,0.15,30,64.11,916,787,32,755,378,193,78,0,106,0,0,129,4,920,484,271,920,547707.65,5833.66,89,131,149,76,71,239,0,0,378,193,184,0
181640,15,-0.07,-0.03,-0.6,-0.45,2,0.1,0.2,0.15,30,59.57,915,786,39,747,0,201,101,0,445,0,0,129,5,920,445,302,920,615341.21,6277.72,28,41,39,32,32,575,0,0,0,201,546,0
181641,15,-0.07,-0.03,-0.6,-0.45,2,0.1,0.2,0.15,30,76.06,916,787,35,752,419,0,180,0,153,0,0,129,4,920,572,180,920,867126.13,7741.57,62,96,119,51,51,373,0,0,419,0,333,0
181642,15,-0.07,-0.03,-0.6,-0.45,2,0.1,0.2,0.15,40,63.44,916,787,32,755,411,227,40,9,40,28,0,129,4,920,479,276,920,554932.35,5998.46,89,131,149,76,71,55,49,135,411,227,80,37
181643,15,-0.07,-0.03,-0.6,-0.45,2,0.1,0.2,0.15,40,57.85,913,784,39,745,0,247,56,11,120,311,0,129,7,920,431,314,920,658369.94,6862.61,28,41,39,32,32,29,37,507,0,247,176,322
181644,15,-0.07,-0.03,-0.6,-0.45,2,0.1,0.2,0.15,40,76.46,916,787,35,752,466,0,138,39,50,59,0,129,4,920,575,177,920,947528.32,8289.02,62,96,119,51,51,40,33,300,466,0,188,98
181645,15,-0.07,-0.03,-0.6,-0.45,2,0.1,0.2,0.15,50,62.65,916,787,32,755,412,234,0,48,0,61,0,129,4,920,473,282,920,536885.52,5874.76,89,131,149,76,71,55,49,135,412,234,0,109
181646,15,-0.07,-0.03,-0.6,-0.45,2,0.1,0.2,0.15,50,56.78,913,784,39,745,0,256,0,66,0,423,0,129,7,920,423,322,920,631197.43,6640.52,28,41,39,32,32,29,37,507,0,256,0,489
181647,15,-0.07,-0.03,-0.6,-0.45,2,0.1,0.2,0.15,50,76.06,916,787,35,752,468,0,0,180,0,104,0,129,4,920,572,180,920,912683.65,8069.11,62,96,119,51,51,40,33,300,468,0,0,284
181648,15,-0.07,-0.03,-0.6,-0.45,2,0.1,0.2,0.15,60,62.65,916,787,32,755,412,234,0,48,0,61,0,129,4,920,473,282,920,536885.52,5874.76,89,131,149,76,71,55,49,135,412,234,0,109
181649,15,-0.07,-0.03,-0.6,-0.45,2,0.1,0.2,0.15,60,56.78,913,784,39,745,0,256,0,66,0,423,0,129,7,920,423,322,920,631197.43,6640.52,28,41,39,32,32,29,37,507,0,256,0,489
181650,15,-0.07,-0.03,-0.6,-0.45,2,0.1,0.2,0.15,60,76.06,916,787,35,752,468,0,0,180,0,104,0,129,4,920,572,180,920,912683.65,8069.11,62,96,119,51,51,40,33,300,468,0,0,284
181651,15,-0.07,-0.03,-0.6,-0.45,2,0.2,0.1,0.15,20,69.06,916,787,8,779,493,128,113,0,45,0,0,129,4,920,538,241,920,248636.68,2558.24,296,160,104,219,0,0,0,0,493,128,158,0
181652,15,-0.07,-0.03,-0.6,-0.45,2,0.2,0.1,0.15,20,61.59,916,787,19,768,0,140,155,0,473,0,0,129,4,920,473,295,920,504940.33,5177.82,28,41,39,660,0,0,0,0,0,140,628,0
181653,15,-0.07,-0.03,-0.6,-0.45,2,0.2,0.1,0.15,20,72.66,916,787,8,779,516,0,213,0,50,0,0,129,4,920,566,213,920,317520.6,3261.84,271,130,78,300,0,0,0,0,516,0,263,0
181654,15,-0.07,-0.03,-0.6,-0.45,2,0.2,0.1,0.15,30,72.04,916,787,18,769,534,169,46,0,20,0,0,129,4,920,554,215,920,247322.82,2552.46,296,160,104,61,46,102,0,0,534,169,66,0
181655,15,-0.07,-0.03,-0.6,-0.45,2,0.2,0.1,0.15,30,57.97,915,786,39,747,0,201,113,0,433,0,0,129,5,920,433,314,920,458864.54,4707.21,28,41,39,32,32,575,0,0,0,201,546,0
181656,15,-0.07,-0.03,-0.6,-0.45,2,0.2,0.1,0.15,30,79.11,916,787,21,766,576,0,160,0,30,0,0,129,4,920,606,160,920,375543.5,3867.07,271,130,78,37,37,213,0,0,576,0,190,0
181657,15,-0.07,-0.03,-0.6,-0.45,2,0.2,0.1,0.15,40,72.3,916,787,18,769,547,182,25,6,6,3,0,129,4,920,556,213,920,250962.9,2596.47,296,160,104,61,46,36,18,48,547,182,31,9
181658,15,-0.07,-0.03,-0.6,-0.45,2,0.2,0.1,0.15,40,55.7,913,784,39,745,0,247,67,16,109,306,0,129,7,920,415,330,920,497075.97,5124.49,28,41,39,32,32,29,37,507,0,247,176,322
181659,15,-0.07,-0.03,-0.6,-0.45,2,0.2,0.1,0.15,40,81.2,916,787,21,766,602,0,101,43,9,11,0,129,4,920,622,144,920,401694.04,4116.32,271,130,78,37,37,23,18,172,602,0,110,54
181660,15,-0.07,-0.03,-0.6,-0.45,2,0.2,0.1,0.15,50,72.04,916,787,18,769,547,186,0,29,0,7,0,129,4,920,554,215,920,246529.17,2550.1,296,160,104,61,46,36,18,48,547,186,0,36
181661,15,-0.07,-0.03,-0.6,-0.45,2,0.2,0.1,0.15,50,54.77,913,784,39,745,0,256,0,81,0,408,0,129,7,920,408,337,920,475810.25,4900.37,28,41,39,32,32,29,37,507,0,256,0,489
181662,15,-0.07,-0.03,-0.6,-0.45,2,0.2,0.1,0.15,50,81.2,916,787,21,766,603,0,0,144,0,19,0,129,4,920,622,144,920,390855.25,3997.27,271,130,78,37,37,23,18,172,603,0,0,163
181663,15,-0.07,-0.03,-0.6,-0.45,2,0.2,0.1,0.15,60,72.04,916,787,18,769,547,186,0,29,0,7,0,129,4,920,554,215,920,246529.17,2550.1,296,160,104,61,46,36,18,48,547,186,0,36
181664,15,-0.07,-0.03,-0.6,-0.45,2,0.2,0.1,0.15,60,54.77,913,784,39,745,0,256,0,81,0,408,0,129,7,920,408,337,920,475810.25,4900.37,28,41,39,32,32,29,37,507,0,256,0,489
181665,15,-0.07,-0.03,-0.6,-0.45,2,0.2,0.1,0.15,60,81.2,916,787,21,766,603,0,0,144,0,19,0,129,4,920,622,144,920,390855.25,3997.27,271,130,78,37,37,23,18,172,603,0,0,163
181666,15,-0.07,-0.03,-0.6,-0.45,2,0.2,0.2,0.15,20,63.2,916,787,18,769,289,140,143,0,197,0,0,129,4,920,486,283,920,429388.08,4417.39,87,125,138,419,0,0,0,0,289,140,340,0
181667,15,-0.07,-0.03,-0.6,-0.45,2,0.2,0.2,0.15,20,61.59,916,787,19,768,0,140,155,0,473,0,0,129,4,920,473,295,920,504940.33,5177.82,28,41,39,660,0,0,0,0,0,140,628,0
181668,15,-0.07,-0.03,-0.6,-0.45,2,0.2,0.2,0.15,20,67.1,916,787,18,769,304,0,253,0,212,0,0,129,4,920,516,253,920,521790.48,5357.87,59,88,104,518,0,0,0,0,304,0,465,0
181669,15,-0.07,-0.03,-0.6,-0.45,2,0.2,0.2,0.15,30,62.52,916,787,32,755,360,193,90,0,112,0,0,129,4,920,472,283,920,439480.36,4518.55,87,125,138,79,70,256,0,0,360,193,202,0
181670,15,-0.07,-0.03,-0.6,-0.45,2,0.2,0.2,0.15,30,57.97,915,786,39,747,0,201,113,0,433,0,0,129,5,920,433,314,920,458864.54,4707.21,28,41,39,32,32,575,0,0,0,201,546,0
181671,15,-0.07,-0.03,-0.6,-0.45,2,0.2,0.2,0.15,30,70.88,916,787,35,752,387,0,219,0,146,0,0,129,4,920,533,219,920,612009.96,6282.76,59,88,104,53,49,399,0,0,387,0,365,0
181672,15,-0.07,-0.03,-0.6,-0.45,2,0.2,0.2,0.15,40,61.32,916,787,32,755,390,228,51,13,35,38,0,129,4,920,463,292,920,441019.75,4548.95,87,125,138,79,70,54,45,157,390,228,86,51
181673,15,-0.07,-0.03,-0.6,-0.45,2,0.2,0.2,0.15,40,55.7,913,784,39,745,0,247,67,16,109,306,0,129,7,920,415,330,920,497075.97,5124.49,28,41,39,32,32,29,37,507,0,247,176,322
181674,15,-0.07,-0.03,-0.6,-0.45,2,0.2,0.2,0.15,40,71.01,916,787,35,752,428,0,158,60,40,66,0,129,4,920,534,218,920,651697.15,6680.02,59,88,104,53,49,34,29,336,428,0,198,126
181675,15,-0.07,-0.03,-0.6,-0.45,2,0.2,0.2,0.15,50,60.53,916,787,32,755,391,235,0,63,0,66,0,129,4,920,457,298,920,428445.97,4418.24,87,125,138,79,70,54,45,157,391,235,0,129
181676,15,-0.07,-0.03,-0.6,-0.45,2,0.2,0.2,0.15,50,54.77,913,784,39,745,0,256,0,81,0,408,0,129,7,920,408,337,920,475810.25,4900.37,28,41,39,32,32,29,37,507,0,256,0,489
181677,15,-0.07,-0.03,-0.6,-0.45,2,0.2,0.2,0.15,50,70.48,916,787,35,752,429,0,0,222,0,101,0,129,4,920,530,222,920,628707.27,6433.13,59,88,104,53,49,34,29,336,429,0,0,323
181678,15,-0.07,-0.03,-0.6,-0.45,2,0.2,0.2,0.15,60,60.53,916,787,32,755,391,235,0,63,0,66,0,129,4,920,457,298,920,428445.97,4418.24,87,125,138,79,70,54,45,157,391,235,0,129
181679,15,-0.07,-0.03,-0.6,-0.45,2,0.2,0.2,0.15,60,54.77,913,784,39,745,0,256,0,81,0,408,0,129,7,920,408,337,920,475810.25,4900.37,28,41,39,32,32,29,37,507,0,256,0,489
181680,15,-0.07,-0.03,-0.6,-0.45,2,0.2,0.2,0.15,60,70.48,916,787,35,752,429,0,0,222,0,101,0,129,4,920,530,222,920,628707.27,6433.13,59,88,104,53,49,34,29,336,429,0,0,323
181681,15,-0.07,-0.03,-0.6,-0.4,1,0.1,0.1,0.15,20,68.45,1372,1212,14,1198,730,192,186,0,90,0,0,160,6,1378,820,378,1378,360427.44,3705.13,428,240,151,379,0,0,0,0,730,192,276,0
181682,15,-0.07,-0.03,-0.6,-0.4,1,0.1,0.1,0.15,20,61.12,1372,1212,29,1183,0,209,251,0,723,0,0,160,6,1378,723,460,1378,672083.82,6904.29,42,62,56,1023,0,0,0,0,0,209,974,0
181683,15,-0.07,-0.03,-0.6,-0.4,1,0.1,0.1,0.15,20,72.01,1371,1211,14,1197,764,0,335,0,98,0,0,160,7,1378,862,335,1378,468752.52,4815.65,389,190,115,503,0,0,0,0,764,0,433,0
181684,15,-0.07,-0.03,-0.6,-0.4,1,0.1,0.1,0.15,30,71.21,1372,1212,31,1181,806,257,83,0,35,0,0,160,6,1378,841,340,1378,364734.08,3753.86,428,240,151,103,83,176,0,0,806,257,118,0
181685,15,-0.07,-0.03,-0.6,-0.4,1,0.1,0.1,0.15,30,57.08,1371,1211,67,1144,0,308,183,0,653,0,0,160,7,1378,653,491,1378,613875.24,6310.93,42,62,56,49,58,877,0,0,0,308,836,0
181686,15,-0.07,-0.03,-0.6,-0.4,1,0.1,0.1,0.15,30,78.32,1371,1211,35,1176,870,0,255,0,51,0,0,160,7,1378,921,255,1378,566636.77,5830.33,389,190,115,70,67,345,0,0,870,0,306,0
181687,15,-0.07,-0.03,-0.6,-0.4,1,0.1,0.1,0.15,40,71.36,1372,1212,32,1180,826,284,41,13,12,4,0,160,6,1378,842,338,1378,362093.64,3737.04,428,240,151,103,83,58,28,89,826,284,53,17
181688,15,-0.07,-0.03,-0.6,-0.4,1,0.1,0.1,0.15,40,54.39,1369,1209,69,1140,0,378,111,31,156,464,0,160,9,1378,620,520,1378,658479.54,6798.41,42,62,56,49,58,41,53,779,0,378,267,495
181689,15,-0.07,-0.03,-0.6,-0.4,1,0.1,0.1,0.15,40,80.09,1371,1211,36,1175,910,0,160,74,15,16,0,160,7,1378,941,234,1378,599291.35,6151.87,389,190,115,70,67,39,22,283,910,0,175,90
181690,15,-0.07,-0.03,-0.6,-0.4,1,0.1,0.1,0.15,50,71.1,1372,1212,32,1180,826,291,0,50,0,13,0,160,6,1378,839,341,1378,353978.45,3653.31,428,240,151,103,83,58,28,89,826,291,0,63
181691,15,-0.07,-0.03,-0.6,-0.4,1,0.1,0.1,0.15,50,52.98,1369,1209,69,1140,0,393,0,143,0,604,0,160,9,1378,604,536,1378,620796.96,6405.85,42,62,56,49,58,41,53,779,0,393,0,747
181692,15,-0.07,-0.03,-0.6,-0.4,1,0.1,0.1,0.15,50,80.0,1371,1211,36,1175,911,0,0,235,0,29,0,160,7,1378,940,235,1378,580101.06,5947.57,389,190,115,70,67,39,22,283,911,0,0,264
181693,15,-0.07,-0.03,-0.6,-0.4,1,0.1,0.1,0.15,60,71.1,1372,1212,32,1180,826,291,0,50,0,13,0,160,6,1378,839,341,1378,353978.45,3653.31,428,240,151,103,83,58,28,89,826,291,0,63
181694,15,-0.07,-0.03,-0.6,-0.4,1,0.1,0.1,0.15,60,52.98,1369,1209,69,1140,0,393,0,143,0,604,0,160,9,1378,604,536,1378,620796.96,6405.85,42,62,56,49,58,41,53,779,0,393,0,747
181695,15,-0.07,-0.03,-0.6,-0.4,1,0.1,0.1,0.15,60,80.0,1371,1211,36,1175,911,0,0,235,0,29,0,160,7,1378,940,235,1378,580101.06,5947.57,389,190,115,70,67,39,22,283,911,0,0,264
181696,15,-0.07,-0.03,-0.6,-0.4,1,0.1,0.2,0.15,20,62.25,1372,1212,28,1184,388,208,239,0,349,0,0,160,6,1378,737,447,1378,580653.09,5972.67,119,184,180,701,0,0,0,0,388,208,588,0
181697,15,-0.07,-0.03,-0.6,-0.4,1,0.1,0.2,0.15,20,61.12,1372,1212,29,1183,0,209,251,0,723,0,0,160,6,1378,723,460,1378,672083.82,6904.29,42,62,56,1023,0,0,0,0,0,209,974,0
181698,15,-0.07,-0.03,-0.6,-0.4,1,0.1,0.2,0.15,20,66.02,1371,1211,28,1183,406,0,402,0,375,0,0,160,7,1378,781,402,1378,715981.45,7360.31,77,126,129,851,0,0,0,0,406,0,777,0
181699,15,-0.07,-0.03,-0.6,-0.4,1,0.1,0.2,0.15,30,60.69,1372,1212,57,1155,506,299,155,0,195,0,0,160,6,1378,701,454,1378,583251.36,5996.21,119,184,180,113,121,438,0,0,506,299,350,0
181700,15,-0.07,-0.03,-0.6,-0.4,1,0.1,0.2,0.15,30,57.08,1371,1211,67,1144,0,308,183,0,653,0,0,160,7,1378,653,491,1378,613875.24,6310.93,42,62,56,49,58,877,0,0,0,308,836,0
181701,15,-0.07,-0.03,-0.6,-0.4,1,0.1,0.2,0.15,30,68.78,1371,1211,61,1150,543,0,359,0,248,0,0,160,7,1378,791,359,1378,844481.4,8679.03,77,126,129,74,79,665,0,0,543,0,607,0
181702,15,-0.07,-0.03,-0.6,-0.4,1,0.1,0.2,0.15,40,59.06,1372,1212,59,1153,556,355,89,28,55,70,0,160,6,1378,681,472,1378,585120.23,6036.14,119,184,180,113,121,88,73,275,556,355,144,98
181703,15,-0.07,-0.03,-0.6,-0.4,1,0.1,0.2,0.15,40,54.39,1369,1209,69,1140,0,378,111,31,156,464,0,160,9,1378,620,520,1378,658479.54,6798.41,42,62,56,49,58,41,53,779,0,378,267,495
181704,15,-0.07,-0.03,-0.6,-0.4,1,0.1,0.2,0.15,40,68.55,1371,1211,63,1148,610,0,259,102,62,115,0,160,7,1378,787,361,1378,909498.22,9345.33,77,126,129,74,79,58,47,558,610,0,321,217
181705,15,-0.07,-0.03,-0.6,-0.4,1,0.1,0.2,0.15,50,58.11,1372,1212,59,1153,557,368,0,115,0,113,0,160,6,1378,670,483,1378,561812.16,5794.84,119,184,180,113,121,88,73,275,557,368,0,228
181706,15,-0.07,-0.03,-0.6,-0.4,1,0.1,0.2,0.15,50,52.98,1369,1209,69,1140,0,393,0,143,0,604,0,160,9,1378,604,536,1378,620796.96,6405.85,42,62,56,49,58,41,53,779,0,393,0,747
181707,15,-0.07,-0.03,-0.6,-0.4,1,0.1,0.2,0.15,50,67.68,1371,1211,63,1148,611,0,0,371,0,166,0,160,7,1378,777,371,1378,867231.51,8900.46,77,126,129,74,79,58,47,558,611,0,0,537
181708,15,-0.07,-0.03,-0.6,-0.4,1,0.1,0.2,0.15,60,58.11,1372,1212,59,1153,557,368,0,115,0,113,0,160,6,1378,670,483,1378,561812.16,5794.84,119,184,180,113,121,88,73,275,557,368,0,228
181709,15,-0.07,-0.03,-0.6,-0.4,1,0.1,0.2,0.15,60,52.98,1369,1209,69,1140,0,393,0,143,0,604,0,160,9,1378,604,536,1378,620796.96,6405.85,42,62,56,49,58,41,53,779,0,393,0,747
181710,15,-0.07,-0.03,-0.6,-0.4,1,0.1,0.2,0.15,60,67.68,1371,1211,63,1148,611,0,0,371,0,166,0,160,7,1378,777,371,1378,867231.51,8900.46,77,126,129,74,79,58,47,558,611,0,0,537
181711,15,-0.07,-0.03,-0.6,-0.4,1,0.2,0.1,0.15,20,68.45,1372,1212,14,1198,730,192,186,0,90,0,0,160,6,1378,820,378,1378,360427.44,3705.13,428,240,151,379,0,0,0,0,730,192,276,0
181712,15,-0.07,-0.03,-0.6,-0.4,1,0.2,0.1,0.15,20,61.12,1372,1212,29,1183,0,209,251,0,723,0,0,160,6,1378,723,460,1378,672083.82,6904.29,42,62,56,1023,0,0,0,0,0,209,974,0
181713,15,-0.07,-0.03,-0.6,-0.4,1,0.2,0.1,0.15,20,72.01,1371,1211,14,1197,764,0,335,0,98,0,0,160,7,1378,862,335,1378,468752.52,4815.65,389,190,115,503,0,0,0,0,764,0,433,0
181714,15,-0.07,-0.03,-0.6,-0.4,1,0.2,0.1,0.15,30,71.21,1372,1212,31,1181,806,257,83,0,35,0,0,160,6,1378,841,340,1378,364734.08,3753.86,428,240,151,103,83,176,0,0,806,257,118,0
181715,15,-0.07,-0.03,-0.6,-0.4,1,0.2,0.1,0.15,30,57.08,1371,1211,67,1144,0,308,183,0,653,0,0,160,7,1378,653,491,1378,613875.24,6310.93,42,62,56,49,58,877,0,0,0,308,836,0
181716,15,-0.07,-0.03,-0.6,-0.4,1,0.2,0.1,0.15,30,78.32,1371,1211,35,1176,870,0,255,0,51,0,0,160,7,1378,921,255,1378,566636.77,5830.33,389,190,115,70,67,345,0,0,870,0,306,0
181717,15,-0.07,-0.03,-0.6,-0.4,1,0.2,0.1,0.15,40,71.36,1372,1212,32,1180,826,284,41,13,12,4,0,160,6,1378,842,338,1378,362093.64,3737.04,428,240,151,103,83,58,28,89,826,284,53,17
181718,15,-0.07,-0.03,-0.6,-0.4,1,0.2,0.1,0.15,40,54.39,1369,1209,69,1140,0,378,111,31,156,464,0,160,9,1378,620,520,1378,658479.54,6798.41,42,62,56,49,58,41,53,779,0,378,267,495
181719,15,-0.07,-0.03,-0.6,-0.4,1,0.2,0.1,0.15,40,80.09,1371,1211,36,1175,910,0,160,74,15,16,0,160,7,1378,941,234,1378,599291.35,6151.87,389,190,115,70,67,39,22,283,910,0,175,90
181720,15,-0.07,-0.03,-0.6,-0.4,1,0.2,0.1,0.15,50,71.1,1372,1212,32,1180,826,291,0,50,0,13,0,160,6,1378,839,341,1378,353978.45,3653.31,428,240,151,103,83,58,28,89,826,291,0,63
181721,15,-0.07,-0.03,-0.6,-0.4,1,0.2,0.1,0.15,50,52.98,1369,1209,69,1140,0,393,0,143,0,604,0,160,9,1378,604,536,1378,620796.96,6405.85,42,62,56,49,58,41,53,779,0,393,0,747
181722,15,-0.07,-0.03,-0.6,-0.4,1,0.2,0.1,0.15,50,80.0,1371,1211,36,1175,911,0,0,235,0,29,0,160,7,1378,940,235,1378,580101.06,5947.57,389,190,115,70,67,39,22,283,911,0,0,264
181723,15,-0.07,-0.03,-0.6,-0.4,1,0.2,0.1,0.15,60,71.1,1372,1212,32,1180,826,291,0,50,0,13,0,160,6,1378,839,341,1378,353978.45,3653.31,428,240,151,103,83,58,28,89,826,291,0,63
181724,15,-0.07,-0.03,-0.6,-0.4,1,0.2,0.1,0.15,60,52.98,1369,1209,69,1140,0,393,0,143,0,604,0,160,9,1378,604,536,1378,620796.96,6405.85,42,62,56,49,58,41,53,779,0,393,0,747
181725,15,-0.07,-0.03,-0.6,-0.4,1,0.2,0.1,0.15,60,80.0,1371,1211,36,1175,911,0,0,235,0,29,0,160,7,1378,940,235,1378,580101.06,5947.57,389,190,115,70,67,39,22,283,911,0,0,264
181726,15,-0.07,-0.03,-0.6,-0.4,1,0.2,0.2,0.15,20,62.25,1372,1212,28,1184,388,208,239,0,349,0,0,160,6,1378,737,447,1378,580653.09,5972.67,119,184,180,701,0,0,0,0,388,208,588,0
181727,15,-0.07,-0.03,-0.6,-0.4,1,0.2,0.2,0.15,20,61.12,1372,1212,29,1183,0,209,251,0,723,0,0,160,6,1378,723,460,1378,672083.82,6904.29,42,62,56,1023,0,0,0,0,0,209,974,0
181728,15,-0.07,-0.03,-0.6,-0.4,1,0.2,0.2,0.15,20,66.02,1371,1211,28,1183,406,0,402,0,375,0,0,160,7,1378,781,402,1378,715981.45,7360.31,77,126,129,851,0,0,0,0,406,0,777,0
181729,15,-0.07,-0.03,-0.6,-0.4,1,0.2,0.2,0.15,30,60.69,1372,1212,57,1155,506,299,155,0,195,0,0,160,6,1378,701,454,1378,583251.36,5996.21,119,184,180,113,121,438,0,0,506,299,350,0
181730,15,-0.07,-0.03,-0.6,-0.4,1,0.2,0.2,0.15,30,57.08,1371,1211,67,1144,0,308,183,0,653,0,0,160,7,1378,653,491,1378,613875.24,6310.93,42,62,56,49,58,877,0,0,0,308,836,0
181731,15,-0.07,-0.03,-0.6,-0.4,1,0.2,0.2,0.15,30,68.78,1371,1211,61,1150,543,0,359,0,248,0,0,160,7,1378,791,359,1378,844481.4,8679.03,77,126,129,74,79,665,0,0,543,0,607,0
181732,15,-0.07,-0.03,-0.6,-0.4,1,0.2,0.2,0.15,40,59.06,1372,1212,59,1153,556,355,89,28,55,70,0,160,6,1378,681,472,1378,585120.23,6036.14,119,184,180,113,121,88,73,275,556,355,144,98
181733,15,-0.07,-0.03,-0.6,-0.4,1,0.2,0.2,0.15,40,54.39,1369,1209,69,1140,0,378,111,31,156,464,0,160,9,1378,620,520,1378,658479.54,6798.41,42,62,56,49,58,41,53,779,0,378,267,495
181734,15,-0.07,-0.03,-0.6,-0.4,1,0.2,0.2,0.15,40,68.55,1371,1211,63,1148,610,0,259,102,62,115,0,160,7,1378,787,361,1378,909498.22,9345.33,77,126,129,74,79,58,47,558,610,0,321,217
181735,15,-0.07,-0.03,-0.6,-0.4,1,0.2,0.2,0.15,50,58.11,1372,1212,59,1153,557,368,0,115,0,113,0,160,6,1378,670,483,1378,561812.16,5794.84,119,184,180,113,121,88,73,275,557,368,0,228
181736,15,-0.07,-0.03,-0.6,-0.4,1,0.2,0.2,0.15,50,52.98,1369,1209,69,1140,0,393,0,143,0,604,0,160,9,1378,604,536,1378,620796.96,6405.85,42,62,56,49,58,41,53,779,0,393,0,747
181737,15,-0.07,-0.03,-0.6,-0.4,1,0.2,0.2,0.15,50,67.68,1371,1211,63,1148,611,0,0,371,0,166,0,160,7,1378,777,371,1378,867231.51,8900.46,77,126,129,74,79,58,47,558,611,0,0,537
181738,15,-0.07,-0.03,-0.6,-0.4,1,0.2,0.2,0.15,60,58.11,1372,1212,59,1153,557,368,0,115,0,113,0,160,6,1378,670,483,1378,561812.16,5794.84,119,184,180,113,121,88,73,275,557,368,0,228
181739,15,-0.07,-0.03,-0.6,-0.4,1,0.2,0.2,0.15,60,52.98,1369,1209,69,1140,0,393,0,143,0,604,0,160,9,1378,604,536,1378,620796.96,6405.85,42,62,56,49,58,41,53,779,0,393,0,747
181740,15,-0.07,-0.03,-0.6,-0.4,1,0.2,0.2,0.15,60,67.68,1371,1211,63,1148,611,0,0,371,0,166,0,160,7,1378,777,371,1378,867231.51,8900.46,77,126,129,74,79,58,47,558,611,0,0,537
181741,15,-0.07,-0.03,-0.6,-0.4,2,0.1,0.1,0.15,20,71.62,1372,1212,14,1198,767,189,151,0,91,0,0,160,6,1378,858,340,1378,459632.9,5214.35,443,249,166,340,0,0,0,0,767,189,242,0
181742,15,-0.07,-0.03,-0.6,-0.4,2,0.1,0.1,0.15,20,64.67,1372,1212,29,1183,0,209,209,0,765,0,0,160,6,1378,765,418,1378,888935.11,8976.35,42,62,56,1023,0,0,0,0,0,209,974,0
181743,15,-0.07,-0.03,-0.6,-0.4,2,0.1,0.1,0.15,20,77.19,1371,1211,14,1197,812,0,273,0,112,0,0,160,7,1378,924,273,1378,633989.94,6383.77,407,203,134,453,0,0,0,0,812,0,385,0
181744,15,-0.07,-0.03,-0.6,-0.4,2,0.1,0.1,0.15,30,73.31,1372,1212,28,1184,834,249,67,0,34,0,0,160,6,1378,868,316,1378,449456.72,5376.65,443,249,166,98,78,150,0,0,834,249,101,0
181745,15,-0.07,-0.03,-0.6,-0.4,2,0.1,0.1,0.15,30,58.92,1371,1211,67,1144,0,308,162,0,674,0,0,160,7,1378,674,470,1378,873859.19,8830.93,42,62,56,49,58,877,0,0,0,308,836,0
181746,15,-0.07,-0.03,-0.6,-0.4,2,0.1,0.1,0.15,30,83.29,1371,1211,32,1179,926,0,197,0,56,0,0,160,7,1378,982,197,1378,794148.35,7455.22,407,203,134,68,77,290,0,0,926,0,253,0
181747,15,-0.07,-0.03,-0.6,-0.4,2,0.1,0.1,0.15,40,73.71,1372,1212,29,1183,852,274,32,5,14,6,0,160,6,1378,872,311,1378,439735.52,5397.14,443,249,166,98,78,49,25,75,852,274,46,11
181748,15,-0.07,-0.03,-0.6,-0.4,2,0.1,0.1,0.15,40,56.67,1369,1209,69,1140,0,378,94,22,173,473,0,160,9,1378,646,494,1378,928409.17,9593.6,42,62,56,49,58,41,53,779,0,378,267,495
181749,15,-0.07,-0.03,-0.6,-0.4,2,0.1,0.1,0.15,40,85.31,1371,1211,33,1178,964,0,131,42,19,22,0,160,7,1378,1005,173,1378,853410.98,7810.57,407,203,134,68,77,37,22,230,964,0,150,64
181750,15,-0.07,-0.03,-0.6,-0.4,2,0.1,0.1,0.15,50,73.29,1372,1212,29,1183,852,281,0,35,0,15,0,160,6,1378,867,316,1378,427529.21,5321.05,443,249,166,98,78,49,25,75,852,281,0,50
181751,15,-0.07,-0.03,-0.6,-0.4,2,0.1,0.1,0.15,50,55.0,1369,1209,69,1140,0,393,0,120,0,627,0,160,9,1378,627,513,1378,877966.81,9204.75,42,62,56,49,58,41,53,779,0,393,0,747
181752,15,-0.07,-0.03,-0.6,-0.4,2,0.1,0.1,0.15,50,85.23,1371,1211,33,1178,964,0,0,174,0,40,0,160,7,1378,1004,174,1378,817791.42,7616.39,407,203,134,68,77,37,22,230,964,0,0,214
181753,15,-0.07,-0.03,-0.6,-0.4,2,0.1,0.1,0.15,60,73.29,1372,1212,29,1183,852,281,0,35,0,15,0,160,6,1378,867,316,1378,427529.21,5321.05,443,249,166,98,78,49,25,75,852,281,0,50
181754,15,-0.07,-0.03,-0.6,-0.4,2,0.1,0.1,0.15,60,55.0,1369,1209,69,1140,0,393,0,120,0,627,0,160,9,1378,627,513,1378,877966.81,9204.75,42,62,56,49,58,41,53,779,0,393,0,747
181755,15,-0.07,-0.03,-0.6,-0.4,2,0.1,0.1,0.15,60,85.23,1371,1211,33,1178,964,0,0,174,0,40,0,160,7,1378,1004,174,1378,817791.42,7616.39,407,203,134,68,77,37,22,230,964,0,0,214
181756,15,-0.07,-0.03,-0.6,-0.4,2,0.1,0.2,0.15,20,65.88,1372,1212,28,1184,416,208,196,0,364,0,0,160,6,1378,780,404,1378,768460.54,7927.12,122,190,194,678,0,0,0,0,416,208,560,0
181757,15,-0.07,-0.03,-0.6,-0.4,2,0.1,0.2,0.15,20,64.67,1372,1212,29,1183,0,209,209,0,765,0,0,160,6,1378,765,418,1378,888935.11,8976.35,42,62,56,1023,0,0,0,0,0,209,974,0
181758,15,-0.07,-0.03,-0.6,-0.4,2,0.1,0.2,0.15,20,71.68,1371,1211,28,1183,446,0,335,0,402,0,0,160,7,1378,848,335,1378,1014473.4,9501.07,81,134,148,820,0,0,0,0,446,0,737,0
181759,15,-0.07,-0.03,-0.6,-0.4,2,0.1,0.2,0.15,30,62.68,1372,1212,57,1155,537,298,133,0,187,0,0,160,6,1378,724,431,1378,783726.04,8219.0,122,190,194,118,124,407,0,0,537,298,320,0
181760,15,-0.07,-0.03,-0.6,-0.4,2,0.1,0.2,0.15,30,58.92,1371,1211,67,1144,0,308,162,0,674,0,0,160,7,1378,674,470,1378,873859.19,8830.93,42,62,56,49,58,877,0,0,0,308,836,0
181761,15,-0.07,-0.03,-0.6,-0.4,2,0.1,0.2,0.15,30,73.91,1371,1211,61,1150,595,0,300,0,255,0,0,160,7,1378,850,300,1378,1276459.42,11127.82,81,134,148,83,84,620,0,0,595,0,555,0
181762,15,-0.07,-0.03,-0.6,-0.4,2,0.1,0.2,0.15,40,61.41,1372,1212,59,1153,590,352,73,20,62,56,0,160,6,1378,708,445,1378,784229.64,8417.67,122,190,194,118,124,87,75,243,590,352,135,76
181763,15,-0.07,-0.03,-0.6,-0.4,2,0.1,0.2,0.15,40,56.67,1369,1209,69,1140,0,378,94,22,173,473,0,160,9,1378,646,494,1378,928409.17,9593.6,42,62,56,49,58,41,53,779,0,378,267,495
181764,15,-0.07,-0.03,-0.6,-0.4,2,0.1,0.2,0.15,40,74.39,1371,1211,63,1148,673,0,226,68,79,102,0,160,7,1378,854,294,1378,1396008.85,11946.71,81,134,148,83,84,65,53,500,673,0,305,170
181765,15,-0.07,-0.03,-0.6,-0.4,2,0.1,0.2,0.15,50,60.36,1372,1212,59,1153,591,365,0,92,0,105,0,160,6,1378,696,457,1378,753166.13,8200.55,122,190,194,118,124,87,75,243,591,365,0,197
181766,15,-0.07,-0.03,-0.6,-0.4,2,0.1,0.2,0.15,50,55.0,1369,1209,69,1140,0,393,0,120,0,627,0,160,9,1378,627,513,1378,877966.81,9204.75,42,62,56,49,58,41,53,779,0,393,0,747
181767,15,-0.07,-0.03,-0.6,-0.4,2,0.1,0.2,0.15,50,73.95,1371,1211,63,1148,675,0,0,299,0,174,0,160,7,1378,849,299,1378,1331339.12,11547.23,81,134,148,83,84,65,53,500,675,0,0,473
181768,15,-0.07,-0.03,-0.6,-0.4,2,0.1,0.2,0.15,60,60.36,1372,1212,59,1153,591,365,0,92,0,105,0,160,6,1378,696,457,1378,753166.13,8200.55,122,190,194,118,124,87,75,243,591,365,0,197
181769,15,-0.07,-0.03,-0.6,-0.4,2,0.1,0.2,0.15,60,55.0,1369,1209,69,1140,0,393,0,120,0,627,0,160,9,1378,627,513,1378,877966.81,9204.75,42,62,56,49,58,41,53,779,0,393,0,747
181770,15,-0.07,-0.03,-0.6,-0.4,2,0.1,0.2,0.15,60,73.95,1371,1211,63,1148,675,0,0,299,0,174,0,160,7,1378,849,299,1378,1331339.12,11547.23,81,134,148,83,84,65,53,500,675,0,0,473
181771,15,-0.07,-0.03,-0.6,-0.4,2,0.2,0.1,0.15,20,68.45,1372,1212,14,1198,730,192,186,0,90,0,0,160,6,1378,820,378,1378,360427.44,3705.13,428,240,151,379,0,0,0,0,730,192,276,0
181772,15,-0.07,-0.03,-0.6,-0.4,2,0.2,0.1,0.15,20,61.12,1372,1212,29,1183,0,209,251,0,723,0,0,160,6,1378,723,460,1378,672083.82,6904.29,42,62,56,1023,0,0,0,0,0,209,974,0
181773,15,-0.07,-0.03,-0.6,-0.4,2,0.2,0.1,0.15,20,72.01,1371,1211,14,1197,764,0,335,0,98,0,0,160,7,1378,862,335,1378,468752.52,4815.65,389,190,115,503,0,0,0,0,764,0,433,0
181774,15,-0.07,-0.03,-0.6,-0.4,2,0.2,0.1,0.15,30,71.21,1372,1212,31,1181,806,257,83,0,35,0,0,160,6,1378,841,340,1378,364734.08,3753.86,428,240,151,103,83,176,0,0,806,257,118,0
181775,15,-0.07,-0.03,-0.6,-0.4,2,0.2,0.1,0.15,30,57.08,1371,1211,67,1144,0,308,183,0,653,0,0,160,7,1378,653,491,1378,613875.24,6310.93,42,62,56,49,58,877,0,0,0,308,836,0
181776,15,-0.07,-0.03,-0.6,-0.4,2,0.2,0.1,0.15,30,78.32,1371,1211,35,1176,870,0,255,0,51,0,0,160,7,1378,921,255,1378,566636.77,5830.33,389,190,115,70,67,345,0,0,870,0,306,0
181777,15,-0.07,-0.03,-0.6,-0.4,2,0.2,0.1,0.15,40,71.36,1372,1212,32,1180,826,284,41,13,12,4,0,160,6,1378,842,338,1378,362093.64,3737.04,428,240,151,103,83,58,28,89,826,284,53,17
181778,15,-0.07,-0.03,-0.6,-0.4,2,0.2,0.1,0.15,40,54.39,1369,1209,69,1140,0,378,111,31,156,464,0,160,9,1378,620,520,1378,658479.54,6798.41,42,62,56,49,58,41,53,779,0,378,267,495
181779,15,-0.07,-0.03,-0.6,-0.4,2,0.2,0.1,0.15,40,80.09,1371,1211,36,1175,910,0,160,74,15,16,0,160,7,1378,941,234,1378,599291.35,6151.87,389,190,115,70,67,39,22,283,910,0,175,90
181780,15,-0.07,-0.03,-0.6,-0.4,2,0.2,0.1,0.15,50,71.1,1372,1212,32,1180,826,291,0,50,0,13,0,160,6,1378,839,341,1378,353978.45,3653.31,428,240,151,103,83,58,28,89,826,291,0,63
181781,15,-0.07,-0.03,-0.6,-0.4,2,0.2,0.1,0.15,50,52.98,1369,1209,69,1140,0,393,0,143,0,604,0,160,9,1378,604,536,1378,620796.96,6405.85,42,62,56,49,58,41,53,779,0,393,0,747
181782,15,-0.07,-0.03,-0.6,-0.4,2,0.2,0.1,0.15,50,80.0,1371,1211,36,1175,911,0,0,235,0,29,0,160,7,1378,940,235,1378,580101.06,5947.57,389,190,115,70,67,39,22,283,911,0,0,264
181783,15,-0.07,-0.03,-0.6,-0.4,2,0.2,0.1,0.15,60,71.1,1372,1212,32,1180,826,291,0,50,0,13,0,160,6,1378,839,341,1378,353978.45,3653.31,428,240,151,103,83,58,28,89,826,291,0,63
181784,15,-0.07,-0.03,-0.6,-0.4,2,0.2,0.1,0.15,60,52.98,1369,1209,69,1140,0,393,0,143,0,604,0,160,9,1378,604,536,1378,620796.96,6405.85,42,62,56,49,58,41,53,779,0,393,0,747
181785,15,-0.07,-0.03,-0.6,-0.4,2,0.2,0.1,0.15,60,80.0,1371,1211,36,1175,911,0,0,235,0,29,0,160,7,1378,940,235,1378,580101.06,5947.57,389,190,115,70,67,39,22,283,911,0,0,264
181786,15,-0.07,-0.03,-0.6,-0.4,2,0.2,0.2,0.15,20,62.25,1372,1212,28,1184,388,208,239,0,349,0,0,160,6,1378,737,447,1378,580653.09,5972.67,119,184,180,701,0,0,0,0,388,208,588,0
181787,15,-0.07,-0.03,-0.6,-0.4,2,0.2,0.2,0.15,20,61.12,1372,1212,29,1183,0,209,251,0,723,0,0,160,6,1378,723,460,1378,672083.82,6904.29,42,62,56,1023,0,0,0,0,0,209,974,0
181788,15,-0.07,-0.03,-0.6,-0.4,2,0.2,0.2,0.15,20,66.02,1371,1211,28,1183,406,0,402,0,375,0,0,160,7,1378,781,402,1378,715981.45,7360.31,77,126,129,851,0,0,0,0,406,0,777,0
181789,15,-0.07,-0.03,-0.6,-0.4,2,0.2,0.2,0.15,30,60.69,1372,1212,57,1155,506,299,155,0,195,0,0,160,6,1378,701,454,1378,583251.36,5996.21,119,184,180,113,121,438,0,0,506,299,350,0
181790,15,-0.07,-0.03,-0.6,-0.4,2,0.2,0.2,0.15,30,57.08,1371,1211,67,1144,0,308,183,0,653,0,0,160,7,1378,653,491,1378,613875.24,6310.93,42,62,56,49,58,877,0,0,0,308,836,0
181791,15,-0.07,-0.03,-0.6,-0.4,2,0.2,0.2,0.15,30,68.78,1371,1211,61,1150,543,0,359,0,248,0,0,160,7,1378,791,359,1378,844481.4,8679.03,77,126,129,74,79,665,0,0,543,0,607,0
181792,15,-0.07,-0.03,-0.6,-0.4,2,0.2,0.2,0.15,40,59.06,1372,1212,59,1153,556,355,89,28,55,70,0,160,6,1378,681,472,1378,585120.23,6036.14,119,184,180,113,121,88,73,275,556,355,144,98
181793,15,-0.07,-0.03,-0.6,-0.4,2,0.2,0.2,0.15,40,54.39,1369,1209,69,1140,0,378,111,31,156,464,0,160,9,1378,620,520,1378,658479.54,6798.41,42,62,56,49,58,41,53,779,0,378,267,495
181794,15,-0.07,-0.03,-0.6,-0.4,2,0.2,0.2,0.15,40,68.55,1371,1211,63,1148,610,0,259,102,62,115,0,160,7,1378,787,361,1378,909498.22,9345.33,77,126,129,74,79,58,47,558,610,0,321,217
181795,15,-0.07,-0.03,-0.6,-0.4,2,0.2,0.2,0.15,50,58.11,1372,1212,59,1153,557,368,0,115,0,113,0,160,6,1378,670,483,1378,561812.16,5794.84,119,184,180,113,121,88,73,275,557,368,0,228
181796,15,-0.07,-0.03,-0.6,-0.4,2,0.2,0.2,0.15,50,52.98,1369,1209,69,1140,0,393,0,143,0,604,0,160,9,1378,604,536,1378,620796.96,6405.85,42,62,56,49,58,41,53,779,0,393,0,747
181797,15,-0.07,-0.03,-0.6,-0.4,2,0.2,0.2,0.15,50,67.68,1371,1211,63,1148,611,0,0,371,0,166,0,160,7,1378,777,371,1378,867231.51,8900.46,77,126,129,74,79,58,47,558,611,0,0,537
181798,15,-0.07,-0.03,-0.6,-0.4,2,0.2,0.2,0.15,60,58.11,1372,1212,59,1153,557,368,0,115,0,113,0,160,6,1378,670,483,1378,561812.16,5794.84,119,184,180,113,121,88,73,275,557,368,0,228
181799,15,-0.07,-0.03,-0.6,-0.4,2,0.2,0.2,0.15,60,52.98,1369,1209,69,1140,0,393,0,143,0,604,0,160,9,1378,604,536,1378,620796.96,6405.85,42,62,56,49,58,41,53,779,0,393,0,747
181800,15,-0.07,-0.03,-0.6,-0.4,2,0.2,0.2,0.15,60,67.68,1371,1211,63,1148,611,0,0,371,0,166,0,160,7,1378,777,371,1378,867231.51,8900.46,77,126,129,74,79,58,47,558,611,0,0,537
181801,15,-0.07,-0.03,-0.6,-0.35,1,0.1,0.1,0.15,20,67.18,1890,1710,25,1685,996,273,280,0,136,0,0,180,11,1901,1132,553,1901,468646.65,4818.63,569,336,231,549,0,0,0,0,996,273,416,0
181802,15,-0.07,-0.03,-0.6,-0.35,1,0.1,0.1,0.15,20,59.39,1889,1709,42,1667,0,300,377,0,990,0,0,180,12,1901,990,677,1901,788160.93,8106.49,59,93,79,1436,0,0,0,0,0,300,1367,0
181803,15,-0.07,-0.03,-0.6,-0.35,1,0.1,0.1,0.15,20,70.75,1887,1707,25,1682,1037,0,492,0,153,0,0,180,14,1901,1190,492,1901,623069.68,6395.87,513,258,176,735,0,0,0,0,1037,0,645,0
181804,15,-0.07,-0.03,-0.6,-0.35,1,0.1,0.1,0.15,30,70.22,1890,1710,48,1662,1117,361,134,0,50,0,0,180,11,1901,1167,495,1901,489536.55,5047.01,569,336,231,133,117,276,0,0,1117,361,184,0
181805,15,-0.07,-0.03,-0.6,-0.35,1,0.1,0.1,0.15,30,56.2,1888,1708,87,1621,0,430,280,0,911,0,0,180,13,1901,911,710,1901,731872.15,7566.7,59,93,79,69,73,1248,0,0,0,430,1191,0
181806,15,-0.07,-0.03,-0.6,-0.35,1,0.1,0.1,0.15,30,76.96,1887,1707,53,1654,1197,0,381,0,76,0,0,180,14,1901,1273,381,1901,776110.32,7987.58,513,258,176,90,96,521,0,0,1197,0,457,0
181807,15,-0.07,-0.03,-0.6,-0.35,1,0.1,0.1,0.15,40,70.38,1890,1710,49,1661,1144,410,59,23,15,10,0,180,11,1901,1169,492,1901,472391.43,4881.65,569,336,231,133,117,92,40,143,1144,410,74,33
181808,15,-0.07,-0.03,-0.6,-0.35,1,0.1,0.1,0.15,40,53.8,1886,1706,89,1617,0,536,163,48,235,635,0,180,15,1901,870,747,1901,753063.36,7753.23,59,93,79,69,73,57,73,1114,0,536,398,683
181809,15,-0.07,-0.03,-0.6,-0.35,1,0.1,0.1,0.15,40,79.18,1887,1707,55,1652,1254,0,229,115,21,33,0,180,14,1901,1308,344,1901,820770.63,8432.45,513,258,176,90,96,64,30,425,1254,0,250,148
181810,15,-0.07,-0.03,-0.6,-0.35,1,0.1,0.1,0.15,50,70.08,1890,1710,49,1661,1144,417,0,80,0,20,0,180,11,1901,1164,497,1901,462747.2,4781.17,569,336,231,133,117,92,40,143,1144,417,0,100
181811,15,-0.07,-0.03,-0.6,-0.35,1,0.1,0.1,0.15,50,52.32,1886,1706,89,1617,0,555,0,216,0,846,0,180,15,1901,846,771,1901,699377.52,7188.49,59,93,79,69,73,57,73,1114,0,555,0,1062
181812,15,-0.07,-0.03,-0.6,-0.35,1,0.1,0.1,0.15,50,79.06,1887,1707,55,1652,1255,0,0,346,0,51,0,180,14,1901,1306,346,1901,802449.7,8236.6,513,258,176,90,96,64,30,425,1255,0,0,397
181813,15,-0.07,-0.03,-0.6,-0.35,1,0.1,0.1,0.15,60,70.08,1890,1710,49,1661,1144,417,0,80,0,20,0,180,11,1901,1164,497,1901,462747.2,4781.17,569,336,231,133,117,92,40,143,1144,417,0,100
181814,15,-0.07,-0.03,-0.6,-0.35,1,0.1,0.1,0.15,60,52.32,1886,1706,89,1617,0,555,0,216,0,846,0,180,15,1901,846,771,1901,699377.52,7188.49,59,93,79,69,73,57,73,1114,0,555,0,1062
181815,15,-0.07,-0.03,-0.6,-0.35,1,0.1,0.1,0.15,60,79.06,1887,1707,55,1652,1255,0,0,346,0,51,0,180,14,1901,1306,346,1901,802449.7,8236.6,513,258,176,90,96,64,30,425,1255,0,0,397
181816,15,-0.07,-0.03,-0.6,-0.35,1,0.1,0.2,0.15,20,60.48,1890,1710,40,1670,489,298,362,0,521,0,0,180,11,1901,1010,660,1901,709493.33,7290.2,154,239,242,1035,0,0,0,0,489,298,883,0
181817,15,-0.07,-0.03,-0.6,-0.35,1,0.1,0.2,0.15,20,59.39,1889,1709,42,1667,0,300,377,0,990,0,0,180,12,1901,990,677,1901,788160.93,8106.49,59,93,79,1436,0,0,0,0,0,300,1367,0
181818,15,-0.07,-0.03,-0.6,-0.35,1,0.1,0.2,0.15,20,64.07,1887,1707,40,1667,508,0,599,0,560,0,0,180,14,1901,1068,599,1901,890639.99,9141.75,95,150,168,1254,0,0,0,0,508,0,1159,0
181819,15,-0.07,-0.03,-0.6,-0.35,1,0.1,0.2,0.15,30,59.3,1890,1710,76,1634,650,420,245,0,319,0,0,180,11,1901,969,665,1901,730495.16,7510.67,154,239,242,152,166,681,0,0,650,420,564,0
181820,15,-0.07,-0.03,-0.6,-0.35,1,0.1,0.2,0.15,30,56.2,1888,1708,87,1621,0,430,280,0,911,0,0,180,13,1901,911,710,1901,731872.15,7566.7,59,93,79,69,73,1248,0,0,0,430,1191,0
181821,15,-0.07,-0.03,-0.6,-0.35,1,0.1,0.2,0.15,30,66.85,1887,1707,81,1626,696,0,539,0,391,0,0,180,14,1901,1087,539,1901,1087120.67,11162.78,95,150,168,95,113,1005,0,0,696,0,930,0
181822,15,-0.07,-0.03,-0.6,-0.35,1,0.1,0.2,0.15,40,58.03,1890,1710,78,1632,729,508,132,45,86,132,0,180,11,1901,947,685,1901,728041.72,7518.36,154,239,242,152,166,117,108,454,729,508,218,177
181823,15,-0.07,-0.03,-0.6,-0.35,1,0.1,0.2,0.15,40,53.8,1886,1706,89,1617,0,536,163,48,235,635,0,180,15,1901,870,747,1901,753063.36,7753.23,59,93,79,69,73,57,73,1114,0,536,398,683
181824,15,-0.07,-0.03,-0.6,-0.35,1,0.1,0.2,0.15,40,67.34,1887,1707,84,1623,796,0,376,154,99,198,0,180,14,1901,1093,530,1901,1180515.98,12133.79,95,150,168,95,113,75,73,854,796,0,475,352
181825,15,-0.07,-0.03,-0.6,-0.35,1,0.1,0.2,0.15,50,57.05,1890,1710,78,1632,732,525,0,176,0,199,0,180,11,1901,931,701,1901,697514.46,7203.01,154,239,242,152,166,117,108,454,732,525,0,375
181826,15,-0.07,-0.03,-0.6,-0.35,1,0.1,0.2,0.15,50,52.32,1886,1706,89,1617,0,555,0,216,0,846,0,180,15,1901,846,771,1901,699377.52,7188.49,59,93,79,69,73,57,73,1114,0,555,0,1062
181827,15,-0.07,-0.03,-0.6,-0.35,1,0.1,0.2,0.15,50,66.54,1887,1707,84,1623,799,0,0,543,0,281,0,180,14,1901,1080,543,1901,1131281.07,11618.54,95,150,168,95,113,75,73,854,799,0,0,824
181828,15,-0.07,-0.03,-0.6,-0.35,1,0.1,0.2,0.15,60,57.05,1890,1710,78,1632,732,525,0,176,0,199,0,180,11,1901,931,701,1901,697514.46,7203.01,154,239,242,152,166,117,108,454,732,525,0,375
181829,15,-0.07,-0.03,-0.6,-0.35,1,0.1,0.2,0.15,60,52.32,1886,1706,89,1617,0,555,0,216,0,846,0,180,15,1901,846,771,1901,699377.52,7188.49,59,93,79,69,73,57,73,1114,0,555,0,1062
181830,15,-0.07,-0.03,-0.6,-0.35,1,0.1,0.2,0.15,60,66.54,1887,1707,84,1623,799,0,0,543,0,281,0,180,14,1901,1080,543,1901,1131281.07,11618.54,95,150,168,95,113,75,73,854,799,0,0,824
181831,15,-0.07,-0.03,-0.6,-0.35,1,0.2,0.1,0.15,20,67.18,1890,1710,25,1685,996,273,280,0,136,0,0,180,11,1901,1132,553,1901,468646.65,4818.63,569,336,231,549,0,0,0,0,996,273,416,0
181832,15,-0.07,-0.03,-0.6,-0.35,1,0.2,0.1,0.15,20,59.39,1889,1709,42,1667,0,300,377,0,990,0,0,180,12,1901,990,677,1901,788160.93,8106.49,59,93,79,1436,0,0,0,0,0,300,1367,0
181833,15,-0.07,-0.03,-0.6,-0.35,1,0.2,0.1,0.15,20,70.75,1887,1707,25,1682,1037,0,492,0,153,0,0,180,14,1901,1190,492,1901,623069.68,6395.87,513,258,176,735,0,0,0,0,1037,0,645,0
181834,15,-0.07,-0.03,-0.6,-0.35,1,0.2,0.1,0.15,30,70.22,1890,1710,48,1662,1117,361,134,0,50,0,0,180,11,1901,1167,495,1901,489536.55,5047.01,569,336,231,133,117,276,0,0,1117,361,184,0
181835,15,-0.07,-0.03,-0.6,-0.35,1,0.2,0.1,0.15,30,56.2,1888,1708,87,1621,0,430,280,0,911,0,0,180,13,1901,911,710,1901,731872.15,7566.7,59,93,79,69,73,1248,0,0,0,430,1191,0
181836,15,-0.07,-0.03,-0.6,-0.35,1,0.2,0.1,0.15,30,76.96,1887,1707,53,1654,1197,0,381,0,76,0,0,180,14,1901,1273,381,1901,776110.32,7987.58,513,258,176,90,96,521,0,0,1197,0,457,0
181837,15,-0.07,-0.03,-0.6,-0.35,1,0.2,0.1,0.15,40,70.38,1890,1710,49,1661,1144,410,59,23,15,10,0,180,11,1901,1169,492,1901,472391.43,4881.65,569,336,231,133,117,92,40,143,1144,410,74,33
181838,15,-0.07,-0.03,-0.6,-0.35,1,0.2,0.1,0.15,40,53.8,1886,1706,89,1617,0,536,163,48,235,635,0,180,15,1901,870,747,1901,753063.36,7753.23,59,93,79,69,73,57,73,1114,0,536,398,683
181839,15,-0.07,-0.03,-0.6,-0.35,1,0.2,0.1,0.15,40,79.18,1887,1707,55,1652,1254,0,229,115,21,33,0,180,14,1901,1308,344,1901,820770.63,8432.45,513,258,176,90,96,64,30,425,1254,0,250,148
181840,15,-0.07,-0.03,-0.6,-0.35,1,0.2,0.1,0.15,50,70.08,1890,1710,49,1661,1144,417,0,80,0,20,0,180,11,1901,1164,497,1901,462747.2,4781.17,569,336,231,133,117,92,40,143,1144,417,0,100
181841,15,-0.07,-0.03,-0.6,-0.35,1,0.2,0.1,0.15,50,52.32,1886,1706,89,1617,0,555,0,216,0,846,0,180,15,1901,846,771,1901,699377.52,7188.49,59,93,79,69,73,57,73,1114,0,555,0,1062
181842,15,-0.07,-0.03,-0.6,-0.35,1,0.2,0.1,0.15,50,79.06,1887,1707,55,1652,1255,0,0,346,0,51,0,180,14,1901,1306,346,1901,802449.7,8236.6,513,258,176,90,96,64,30,425,1255,0,0,397
181843,15,-0.07,-0.03,-0.6,-0.35,1,0.2,0.1,0.15,60,70.08,1890,1710,49,1661,1144,417,0,80,0,20,0,180,11,1901,1164,497,1901,462747.2,4781.17,569,336,231,133,117,92,40,143,1144,417,0,100
181844,15,-0.07,-0.03,-0.6,-0.35,1,0.2,0.1,0.15,60,52.32,1886,1706,89,1617,0,555,0,216,0,846,0,180,15,1901,846,771,1901,699377.52,7188.49,59,93,79,69,73,57,73,1114,0,555,0,1062
181845,15,-0.07,-0.03,-0.6,-0.35,1,0.2,0.1,0.15,60,79.06,1887,1707,55,1652,1255,0,0,346,0,51,0,180,14,1901,1306,346,1901,802449.7,8236.6,513,258,176,90,96,64,30,425,1255,0,0,397
181846,15,-0.07,-0.03,-0.6,-0.35,1,0.2,0.2,0.15,20,60.48,1890,1710,40,1670,489,298,362,0,521,0,0,180,11,1901,1010,660,1901,709493.33,7290.2,154,239,242,1035,0,0,0,0,489,298,883,0
181847,15,-0.07,-0.03,-0.6,-0.35,1,0.2,0.2,0.15,20,59.39,1889,1709,42,1667,0,300,377,0,990,0,0,180,12,1901,990,677,1901,788160.93,8106.49,59,93,79,1436,0,0,0,0,0,300,1367,0
181848,15,-0.07,-0.03,-0.6,-0.35,1,0.2,0.2,0.15,20,64.07,1887,1707,40,1667,508,0,599,0,560,0,0,180,14,1901,1068,599,1901,890639.99,9141.75,95,150,168,1254,0,0,0,0,508,0,1159,0
181849,15,-0.07,-0.03,-0.6,-0.35,1,0.2,0.2,0.15,30,59.3,1890,1710,76,1634,650,420,245,0,319,0,0,180,11,1901,969,665,1901,730495.16,7510.67,154,239,242,152,166,681,0,0,650,420,564,0
181850,15,-0.07,-0.03,-0.6,-0.35,1,0.2,0.2,0.15,30,56.2,1888,1708,87,1621,0,430,280,0,911,0,0,180,13,1901,911,710,1901,731872.15,7566.7,59,93,79,69,73,1248,0,0,0,430,1191,0
181851,15,-0.07,-0.03,-0.6,-0.35,1,0.2,0.2,0.15,30,66.85,1887,1707,81,1626,696,0,539,0,391,0,0,180,14,1901,1087,539,1901,1087120.67,11162.78,95,150,168,95,113,1005,0,0,696,0,930,0
181852,15,-0.07,-0.03,-0.6,-0.35,1,0.2,0.2,0.15,40,58.03,1890,1710,78,1632,729,508,132,45,86,132,0,180,11,1901,947,685,1901,728041.72,7518.36,154,239,242,152,166,117,108,454,729,508,218,177
181853,15,-0.07,-0.03,-0.6,-0.35,1,0.2,0.2,0.15,40,53.8,1886,1706,89,1617,0,536,163,48,235,635,0,180,15,1901,870,747,1901,753063.36,7753.23,59,93,79,69,73,57,73,1114,0,536,398,683
181854,15,-0.07,-0.03,-0.6,-0.35,1,0.2,0.2,0.15,40,67.34,1887,1707,84,1623,796,0,376,154,99,198,0,180,14,1901,1093,530,1901,1180515.98,12133.79,95,150,168,95,113,75,73,854,796,0,475,352
181855,15,-0.07,-0.03,-0.6,-0.35,1,0.2,0.2,0.15,50,57.05,1890,1710,78,1632,732,525,0,176,0,199,0,180,11,1901,931,701,1901,697514.46,7203.01,154,239,242,152,166,117,108,454,732,525,0,375
181856,15,-0.07,-0.03,-0.6,-0.35,1,0.2,0.2,0.15,50,52.32,1886,1706,89,1617,0,555,0,216,0,846,0,180,15,1901,846,771,1901,699377.52,7188.49,59,93,79,69,73,57,73,1114,0,555,0,1062
181857,15,-0.07,-0.03,-0.6,-0.35,1,0.2,0.2,0.15,50,66.54,1887,1707,84,1623,799,0,0,543,0,281,0,180,14,1901,1080,543,1901,1131281.07,11618.54,95,150,168,95,113,75,73,854,799,0,0,824
181858,15,-0.07,-0.03,-0.6,-0.35,1,0.2,0.2,0.15,60,57.05,1890,1710,78,1632,732,525,0,176,0,199,0,180,11,1901,931,701,1901,697514.46,7203.01,154,239,242,152,166,117,108,454,732,525,0,375
181859,15,-0.07,-0.03,-0.6,-0.35,1,0.2,0.2,0.15,60,52.32,1886,1706,89,1617,0,555,0,216,0,846,0,180,15,1901,846,771,1901,699377.52,7188.49,59,93,79,69,73,57,73,1114,0,555,0,1062
181860,15,-0.07,-0.03,-0.6,-0.35,1,0.2,0.2,0.15,60,66.54,1887,1707,84,1623,799,0,0,543,0,281,0,180,14,1901,1080,543,1901,1131281.07,11618.54,95,150,168,95,113,75,73,854,799,0,0,824
181861,15,-0.07,-0.03,-0.6,-0.35,2,0.1,0.1,0.15,20,71.1,1890,1710,25,1685,1058,268,219,0,140,0,0,180,11,1901,1198,487,1901,622074.49,7139.7,590,355,247,493,0,0,0,0,1058,268,359,0
181862,15,-0.07,-0.03,-0.6,-0.35,2,0.1,0.1,0.15,20,63.71,1889,1709,42,1667,0,300,305,0,1062,0,0,180,12,1901,1062,605,1901,1055073.78,11065.43,59,93,79,1436,0,0,0,0,0,300,1367,0
181863,15,-0.07,-0.03,-0.6,-0.35,2,0.1,0.1,0.15,20,76.63,1887,1707,25,1682,1120,0,393,0,169,0,0,180,14,1901,1289,393,1901,882743.05,8831.5,537,283,202,660,0,0,0,0,1120,0,562,0
181864,15,-0.07,-0.03,-0.6,-0.35,2,0.1,0.1,0.15,30,72.85,1890,1710,45,1665,1163,350,102,0,50,0,0,180,11,1901,1213,452,1901,621905.98,7468.08,590,355,247,134,113,226,0,0,1163,350,152,0
181865,15,-0.07,-0.03,-0.6,-0.35,2,0.1,0.1,0.15,30,58.42,1888,1708,87,1621,0,430,244,0,947,0,0,180,13,1901,947,674,1901,1064103.89,11159.75,59,93,79,69,73,1248,0,0,0,430,1191,0
181866,15,-0.07,-0.03,-0.6,-0.35,2,0.1,0.1,0.15,30,82.93,1887,1707,49,1658,1286,0,283,0,89,0,0,180,14,1901,1375,283,1901,1128410.48,10478.2,537,283,202,98,110,428,0,0,1286,0,372,0
181867,15,-0.07,-0.03,-0.6,-0.35,2,0.1,0.1,0.15,40,73.14,1890,1710,46,1664,1188,393,43,11,18,11,0,180,11,1901,1217,447,1901,595088.63,7424.21,590,355,247,134,113,74,38,113,1188,393,61,22
181868,15,-0.07,-0.03,-0.6,-0.35,2,0.1,0.1,0.15,40,56.28,1886,1706,89,1617,0,536,139,32,259,651,0,180,15,1901,910,707,1901,1098401.44,11774.2,59,93,79,69,73,57,73,1114,0,536,398,683
181869,15,-0.07,-0.03,-0.6,-0.35,2,0.1,0.1,0.15,40,85.14,1887,1707,51,1656,1350,0,179,67,26,34,0,180,14,1901,1410,246,1901,1222908.13,11038.37,537,283,202,98,110,56,42,328,1350,0,205,101
181870,15,-0.07,-0.03,-0.6,-0.35,2,0.1,0.1,0.15,50,72.66,1890,1710,46,1664,1188,400,0,55,0,21,0,180,11,1901,1209,455,1901,579322.72,7327.9,590,355,247,134,113,74,38,113,1188,400,0,76
181871,15,-0.07,-0.03,-0.6,-0.35,2,0.1,0.1,0.15,50,54.55,1886,1706,89,1617,0,555,0,180,0,882,0,180,15,1901,882,735,1901,1025736.24,11214.89,59,93,79,69,73,57,73,1114,0,555,0,1062
181872,15,-0.07,-0.03,-0.6,-0.35,2,0.1,0.1,0.15,50,85.08,1887,1707,51,1656,1351,0,0,247,0,58,0,180,14,1901,1409,247,1901,1186119.21,10835.92,537,283,202,98,110,56,42,328,1351,0,0,305
181873,15,-0.07,-0.03,-0.6,-0.35,2,0.1,0.1,0.15,60,72.66,1890,1710,46,1664,1188,400,0,55,0,21,0,180,11,1901,1209,455,1901,579322.72,7327.9,590,355,247,134,113,74,38,113,1188,400,0,76
181874,15,-0.07,-0.03,-0.6,-0.35,2,0.1,0.1,0.15,60,54.55,1886,1706,89,1617,0,555,0,180,0,882,0,180,15,1901,882,735,1901,1025736.24,11214.89,59,93,79,69,73,57,73,1114,0,555,0,1062
181875,15,-0.07,-0.03,-0.6,-0.35,2,0.1,0.1,0.15,60,85.08,1887,1707,51,1656,1351,0,0,247,0,58,0,180,14,1901,1409,247,1901,1186119.21,10835.92,537,283,202,98,110,56,42,328,1351,0,0,305
181876,15,-0.07,-0.03,-0.6,-0.35,2,0.1,0.2,0.15,20,64.73,1890,1710,40,1670,524,298,291,0,557,0,0,180,11,1901,1081,589,1901,955326.77,10139.38,158,248,260,1004,0,0,0,0,524,298,848,0
181877,15,-0.07,-0.03,-0.6,-0.35,2,0.1,0.2,0.15,20,63.71,1889,1709,42,1667,0,300,305,0,1062,0,0,180,12,1901,1062,605,1901,1055073.78,11065.43,59,93,79,1436,0,0,0,0,0,300,1367,0
181878,15,-0.07,-0.03,-0.6,-0.35,2,0.1,0.2,0.15,20,70.43,1887,1707,40,1667,557,0,493,0,617,0,0,180,14,1901,1174,493,1901,1286472.2,12252.62,100,161,192,1214,0,0,0,0,557,0,1110,0
181879,15,-0.07,-0.03,-0.6,-0.35,2,0.1,0.2,0.15,30,61.51,1890,1710,76,1634,695,419,210,0,310,0,0,180,11,1901,1005,629,1901,1005183.6,10776.68,158,248,260,156,172,640,0,0,695,419,520,0
181880,15,-0.07,-0.03,-0.6,-0.35,2,0.1,0.2,0.15,30,58.42,1888,1708,87,1621,0,430,244,0,947,0,0,180,13,1901,947,674,1901,1064103.89,11159.75,59,93,79,69,73,1248,0,0,0,430,1191,0
181881,15,-0.07,-0.03,-0.6,-0.35,2,0.1,0.2,0.15,30,72.57,1887,1707,81,1626,767,0,446,0,413,0,0,180,14,1901,1180,446,1901,1677531.32,14735.39,100,161,192,104,124,945,0,0,767,0,859,0
181882,15,-0.07,-0.03,-0.6,-0.35,2,0.1,0.2,0.15,40,60.6,1890,1710,78,1632,779,505,108,30,95,115,0,180,11,1901,989,643,1901,991369.27,11006.09,158,248,260,156,172,120,109,409,779,505,203,145
181883,15,-0.07,-0.03,-0.6,-0.35,2,0.1,0.2,0.15,40,56.28,1886,1706,89,1617,0,536,139,32,259,651,0,180,15,1901,910,707,1901,1098401.44,11774.2,59,93,79,69,73,57,73,1114,0,536,398,683
181884,15,-0.07,-0.03,-0.6,-0.35,2,0.1,0.2,0.15,40,73.57,1887,1707,84,1623,883,0,326,103,125,186,0,180,14,1901,1194,429,1901,1852204.94,15942.21,100,161,192,104,124,86,79,777,883,0,451,289
181885,15,-0.07,-0.03,-0.6,-0.35,2,0.1,0.2,0.15,50,59.62,1890,1710,78,1632,781,521,0,138,0,192,0,180,11,1901,973,659,1901,950540.75,10722.79,158,248,260,156,172,120,109,409,781,521,0,330
181886,15,-0.07,-0.03,-0.6,-0.35,2,0.1,0.2,0.15,50,54.55,1886,1706,89,1617,0,555,0,180,0,882,0,180,15,1901,882,735,1901,1025736.24,11214.89,59,93,79,69,73,57,73,1114,0,555,0,1062
181887,15,-0.07,-0.03,-0.6,-0.35,2,0.1,0.2,0.15,50,73.38,1887,1707,84,1623,886,0,0,432,0,305,0,180,14,1901,1191,432,1901,1779502.7,15486.13,100,161,192,104,124,86,79,777,886,0,0,737
181888,15,-0.07,-0.03,-0.6,-0.35,2,0.1,0.2,0.15,60,59.62,1890,1710,78,1632,781,521,0,138,0,192,0,180,11,1901,973,659,1901,950540.75,10722.79,158,248,260,156,172,120,109,409,781,521,0,330
181889,15,-0.07,-0.03,-0.6,-0.35,2,0.1,0.2,0.15,60,54.55,1886,1706,89,1617,0,555,0,180,0,882,0,180,15,1901,882,735,1901,1025736.24,11214.89,59,93,79,69,73,57,73,1114,0,555,0,1062
181890,15,-0.07,-0.03,-0.6,-0.35,2,0.1,0.2,0.15,60,73.38,1887,1707,84,1623,886,0,0,432,0,305,0,180,14,1901,1191,432,1901,1779502.7,15486.13,100,161,192,104,124,86,79,777,886,0,0,737
181891,15,-0.07,-0.03,-0.6,-0.35,2,0.2,0.1,0.15,20,67.18,1890,1710,25,1685,996,273,280,0,136,0,0,180,11,1901,1132,553,1901,468646.65,4818.63,569,336,231,549,0,0,0,0,996,273,416,0
181892,15,-0.07,-0.03,-0.6,-0.35,2,0.2,0.1,0.15,20,59.39,1889,1709,42,1667,0,300,377,0,990,0,0,180,12,1901,990,677,1901,788160.93,8106.49,59,93,79,1436,0,0,0,0,0,300,1367,0
181893,15,-0.07,-0.03,-0.6,-0.35,2,0.2,0.1,0.15,20,70.75,1887,1707,25,1682,1037,0,492,0,153,0,0,180,14,1901,1190,492,1901,623069.68,6395.87,513,258,176,735,0,0,0,0,1037,0,645,0
181894,15,-0.07,-0.03,-0.6,-0.35,2,0.2,0.1,0.15,30,70.22,1890,1710,48,1662,1117,361,134,0,50,0,0,180,11,1901,1167,495,1901,489536.55,5047.01,569,336,231,133,117,276,0,0,1117,361,184,0
181895,15,-0.07,-0.03,-0.6,-0.35,2,0.2,0.1,0.15,30,56.2,1888,1708,87,1621,0,430,280,0,911,0,0,180,13,1901,911,710,1901,731872.15,7566.7,59,93,79,69,73,1248,0,0,0,430,1191,0
181896,15,-0.07,-0.03,-0.6,-0.35,2,0.2,0.1,0.15,30,76.96,1887,1707,53,1654,1197,0,381,0,76,0,0,180,14,1901,1273,381,1901,776110.32,7987.58,513,258,176,90,96,521,0,0,1197,0,457,0
181897,15,-0.07,-0.03,-0.6,-0.35,2,0.2,0.1,0.15,40,70.38,1890,1710,49,1661,1144,410,59,23,15,10,0,180,11,1901,1169,492,1901,472391.43,4881.65,569,336,231,133,117,92,40,143,1144,410,74,33
181898,15,-0.07,-0.03,-0.6,-0.35,2,0.2,0.1,0.15,40,53.8,1886,1706,89,1617,0,536,163,48,235,635,0,180,15,1901,870,747,1901,753063.36,7753.23,59,93,79,69,73,57,73,1114,0,536,398,683
181899,15,-0.07,-0.03,-0.6,-0.35,2,0.2,0.1,0.15,40,79.18,1887,1707,55,1652,1254,0,229,115,21,33,0,180,14,1901,1308,344,1901,820770.63,8432.45,513,258,176,90,96,64,30,425,1254,0,250,148
181900,15,-0.07,-0.03,-0.6,-0.35,2,0.2,0.1,0.15,50,70.08,1890,1710,49,1661,1144,417,0,80,0,20,0,180,11,1901,1164,497,1901,462747.2,4781.17,569,336,231,133,117,92,40,143,1144,417,0,100
181901,15,-0.07,-0.03,-0.6,-0.35,2,0.2,0.1,0.15,50,52.32,1886,1706,89,1617,0,555,0,216,0,846,0,180,15,1901,846,771,1901,699377.52,7188.49,59,93,79,69,73,57,73,1114,0,555,0,1062
181902,15,-0.07,-0.03,-0.6,-0.35,2,0.2,0.1,0.15,50,79.06,1887,1707,55,1652,1255,0,0,346,0,51,0,180,14,1901,1306,346,1901,802449.7,8236.6,513,258,176,90,96,64,30,425,1255,0,0,397
181903,15,-0.07,-0.03,-0.6,-0.35,2,0.2,0.1,0.15,60,70.08,1890,1710,49,1661,1144,417,0,80,0,20,0,180,11,1901,1164,497,1901,462747.2,4781.17,569,336,231,133,117,92,40,143,1144,417,0,100
181904,15,-0.07,-0.03,-0.6,-0.35,2,0.2,0.1,0.15,60,52.32,1886,1706,89,1617,0,555,0,216,0,846,0,180,15,1901,846,771,1901,699377.52,7188.49,59,93,79,69,73,57,73,1114,0,555,0,1062
181905,15,-0.07,-0.03,-0.6,-0.35,2,0.2,0.1,0.15,60,79.06,1887,1707,55,1652,1255,0,0,346,0,51,0,180,14,1901,1306,346,1901,802449.7,8236.6,513,258,176,90,96,64,30,425,1255,0,0,397
181906,15,-0.07,-0.03,-0.6,-0.35,2,0.2,0.2,0.15,20,60.48,1890,1710,40,1670,489,298,362,0,521,0,0,180,11,1901,1010,660,1901,709493.33,7290.2,154,239,242,1035,0,0,0,0,489,298,883,0
181907,15,-0.07,-0.03,-0.6,-0.35,2,0.2,0.2,0.15,20,59.39,1889,1709,42,1667,0,300,377,0,990,0,0,180,12,1901,990,677,1901,788160.93,8106.49,59,93,79,1436,0,0,0,0,0,300,1367,0
181908,15,-0.07,-0.03,-0.6,-0.35,2,0.2,0.2,0.15,20,64.07,1887,1707,40,1667,508,0,599,0,560,0,0,180,14,1901,1068,599,1901,890639.99,9141.75,95,150,168,1254,0,0,0,0,508,0,1159,0
181909,15,-0.07,-0.03,-0.6,-0.35,2,0.2,0.2,0.15,30,59.3,1890,1710,76,1634,650,420,245,0,319,0,0,180,11,1901,969,665,1901,730495.16,7510.67,154,239,242,152,166,681,0,0,650,420,564,0
181910,15,-0.07,-0.03,-0.6,-0.35,2,0.2,0.2,0.15,30,56.2,1888,1708,87,1621,0,430,280,0,911,0,0,180,13,1901,911,710,1901,731872.15,7566.7,59,93,79,69,73,1248,0,0,0,430,1191,0
181911,15,-0.07,-0.03,-0.6,-0.35,2,0.2,0.2,0.15,30,66.85,1887,1707,81,1626,696,0,539,0,391,0,0,180,14,1901,1087,539,1901,1087120.67,11162.78,95,150,168,95,113,1005,0,0,696,0,930,0
181912,15,-0.07,-0.03,-0.6,-0.35,2,0.2,0.2,0.15,40,58.03,1890,1710,78,1632,729,508,132,45,86,132,0,180,11,1901,947,685,1901,728041.72,7518.36,154,239,242,152,166,117,108,454,729,508,218,177
181913,15,-0.07,-0.03,-0.6,-0.35,2,0.2,0.2,0.15,40,53.8,1886,1706,89,1617,0,536,163,48,235,635,0,180,15,1901,870,747,1901,753063.36,7753.23,59,93,79,69,73,57,73,1114,0,536,398,683
181914,15,-0.07,-0.03,-0.6,-0.35,2,0.2,0.2,0.15,40,67.34,1887,1707,84,1623,796,0,376,154,99,198,0,180,14,1901,1093,530,1901,1180515.98,12133.79,95,150,168,95,113,75,73,854,796,0,475,352
181915,15,-0.07,-0.03,-0.6,-0.35,2,0.2,0.2,0.15,50,57.05,1890,1710,78,1632,732,525,0,176,0,199,0,180,11,1901,931,701,1901,697514.46,7203.01,154,239,242,152,166,117,108,454,732,525,0,375
181916,15,-0.07,-0.03,-0.6,-0.35,2,0.2,0.2,0.15,50,52.32,1886,1706,89,1617,0,555,0,216,0,846,0,180,15,1901,846,771,1901,699377.52,7188.49,59,93,79,69,73,57,73,1114,0,555,0,1062
181917,15,-0.07,-0.03,-0.6,-0.35,2,0.2,0.2,0.15,50,66.54,1887,1707,84,1623,799,0,0,543,0,281,0,180,14,1901,1080,543,1901,1131281.07,11618.54,95,150,168,95,113,75,73,854,799,0,0,824
181918,15,-0.07,-0.03,-0.6,-0.35,2,0.2,0.2,0.15,60,57.05,1890,1710,78,1632,732,525,0,176,0,199,0,180,11,1901,931,701,1901,697514.46,7203.01,154,239,242,152,166,117,108,454,732,525,0,375
181919,15,-0.07,-0.03,-0.6,-0.35,2,0.2,0.2,0.15,60,52.32,1886,1706,89,1617,0,555,0,216,0,846,0,180,15,1901,846,771,1901,699377.52,7188.49,59,93,79,69,73,57,73,1114,0,555,0,1062
181920,15,-0.07,-0.03,-0.6,-0.35,2,0.2,0.2,0.15,60,66.54,1887,1707,84,1623,799,0,0,543,0,281,0,180,14,1901,1080,543,1901,1131281.07,11618.54,95,150,168,95,113,75,73,854,799,0,0,824
181921,15,-0.07,-0.03,-0.6,-0.3,1,0.1,0.1,0.15,20,65.48,2411,2225,32,2193,1218,357,400,0,218,0,0,186,14,2425,1436,757,2425,529632.58,5469.82,692,429,293,779,0,0,0,0,1218,357,618,0
181922,15,-0.07,-0.03,-0.6,-0.3,1,0.1,0.1,0.15,20,57.68,2410,2224,50,2174,0,401,519,0,1254,0,0,186,15,2425,1254,920,2425,840343.62,8697.39,71,131,118,1854,0,0,0,0,0,401,1773,0
181923,15,-0.07,-0.03,-0.6,-0.3,1,0.1,0.1,0.15,20,68.72,2408,2222,32,2190,1264,0,685,0,241,0,0,186,17,2425,1505,685,2425,698942.28,7189.23,624,319,210,1037,0,0,0,0,1264,0,926,0
181924,15,-0.07,-0.03,-0.6,-0.3,1,0.1,0.1,0.15,30,68.42,2411,2225,59,2166,1388,466,218,0,94,0,0,186,14,2425,1482,684,2425,571345.02,5918.39,692,429,293,161,160,431,0,0,1388,466,312,0
181925,15,-0.07,-0.03,-0.6,-0.3,1,0.1,0.1,0.15,30,54.67,2409,2223,105,2118,0,564,396,0,1158,0,0,186,16,2425,1158,960,2425,774384.69,8077.09,71,131,118,81,94,1623,0,0,0,564,1554,0
181926,15,-0.07,-0.03,-0.6,-0.3,1,0.1,0.1,0.15,30,74.69,2407,2221,64,2157,1481,0,546,0,130,0,0,186,18,2425,1611,546,2425,910289.38,9376.74,624,319,210,111,128,765,0,0,1481,0,676,0
181927,15,-0.07,-0.03,-0.6,-0.3,1,0.1,0.1,0.15,40,68.41,2411,2225,60,2165,1436,538,103,43,27,18,0,186,14,2425,1481,684,2425,534640.43,5546.62,692,429,293,161,160,119,71,240,1436,538,130,61
181928,15,-0.07,-0.03,-0.6,-0.3,1,0.1,0.1,0.15,40,52.13,2407,2221,107,2114,0,701,232,79,315,787,0,186,18,2425,1102,1012,2425,767703.87,7980.2,71,131,118,81,94,69,98,1452,0,701,547,866
181929,15,-0.07,-0.03,-0.6,-0.3,1,0.1,0.1,0.15,40,76.75,2407,2221,66,2155,1569,0,335,166,36,49,0,186,18,2425,1654,501,2425,968894.27,9953.54,624,319,210,111,128,89,52,622,1569,0,371,215
181930,15,-0.07,-0.03,-0.6,-0.3,1,0.1,0.1,0.15,50,68.08,2411,2225,60,2165,1436,548,0,143,0,38,0,186,14,2425,1474,691,2425,519704.69,5391.75,692,429,293,161,160,119,71,240,1436,548,0,181
181931,15,-0.07,-0.03,-0.6,-0.3,1,0.1,0.1,0.15,50,50.71,2407,2221,107,2114,0,728,0,314,0,1072,0,186,18,2425,1072,1042,2425,699348.84,7258.44,71,131,118,81,94,69,98,1452,0,728,0,1386
181932,15,-0.07,-0.03,-0.6,-0.3,1,0.1,0.1,0.15,50,76.57,2407,2221,66,2155,1570,0,0,505,0,80,0,186,18,2425,1650,505,2425,944090.25,9689.82,624,319,210,111,128,89,52,622,1570,0,0,585
181933,15,-0.07,-0.03,-0.6,-0.3,1,0.1,0.1,0.15,60,68.08,2411,2225,60,2165,1436,548,0,143,0,38,0,186,14,2425,1474,691,2425,519704.69,5391.75,692,429,293,161,160,119,71,240,1436,548,0,181
181934,15,-0.07,-0.03,-0.6,-0.3,1,0.1,0.1,0.15,60,50.71,2407,2221,107,2114,0,728,0,314,0,1072,0,186,18,2425,1072,1042,2425,699348.84,7258.44,71,131,118,81,94,69,98,1452,0,728,0,1386
181935,15,-0.07,-0.03,-0.6,-0.3,1,0.1,0.1,0.15,60,76.57,2407,2221,66,2155,1570,0,0,505,0,80,0,186,18,2425,1650,505,2425,944090.25,9689.82,624,319,210,111,128,89,52,622,1570,0,0,585
181936,15,-0.07,-0.03,-0.6,-0.3,1,0.1,0.2,0.15,20,58.77,2411,2225,47,2178,587,397,501,0,693,0,0,186,14,2425,1280,898,2425,783084.13,8093.27,182,301,314,1381,0,0,0,0,587,397,1194,0
181937,15,-0.07,-0.03,-0.6,-0.3,1,0.1,0.2,0.15,20,57.68,2410,2224,50,2174,0,401,519,0,1254,0,0,186,15,2425,1254,920,2425,840343.62,8697.39,71,131,118,1854,0,0,0,0,0,401,1773,0
181938,15,-0.07,-0.03,-0.6,-0.3,1,0.1,0.2,0.15,20,61.98,2408,2222,47,2175,607,0,827,0,741,0,0,186,17,2425,1348,827,2425,971806.24,10013.28,111,174,204,1686,0,0,0,0,607,0,1568,0
181939,15,-0.07,-0.03,-0.6,-0.3,1,0.1,0.2,0.15,30,57.57,2411,2225,92,2133,776,549,356,0,452,0,0,186,14,2425,1228,905,2425,809616.11,8390.5,182,301,314,187,195,954,0,0,776,549,808,0
181940,15,-0.07,-0.03,-0.6,-0.3,1,0.1,0.2,0.15,30,54.67,2409,2223,105,2118,0,564,396,0,1158,0,0,186,16,2425,1158,960,2425,774384.69,8077.09,71,131,118,81,94,1623,0,0,0,564,1554,0
181941,15,-0.07,-0.03,-0.6,-0.3,1,0.1,0.2,0.15,30,64.48,2406,2220,97,2123,826,0,754,0,543,0,0,186,19,2425,1369,754,2425,1214558.01,12518.91,111,174,204,118,126,1390,0,0,826,0,1297,0
181942,15,-0.07,-0.03,-0.6,-0.3,1,0.1,0.2,0.15,40,56.03,2411,2225,94,2131,877,667,196,74,120,197,0,186,14,2425,1194,937,2425,787681.93,8196.86,182,301,314,187,195,146,143,663,877,667,316,271
181943,15,-0.07,-0.03,-0.6,-0.3,1,0.1,0.2,0.15,40,52.13,2407,2221,107,2114,0,701,232,79,315,787,0,186,18,2425,1102,1012,2425,767703.87,7980.2,71,131,118,81,94,69,98,1452,0,701,547,866
181944,15,-0.07,-0.03,-0.6,-0.3,1,0.1,0.2,0.15,40,64.91,2406,2220,100,2120,951,0,526,218,139,286,0,186,19,2425,1376,744,2425,1333851.17,13746.71,111,174,204,118,126,93,89,1205,951,0,665,504
181945,15,-0.07,-0.03,-0.6,-0.3,1,0.1,0.2,0.15,50,55.19,2411,2225,94,2131,881,690,0,265,0,295,0,186,14,2425,1176,955,2425,749572.24,7802.12,182,301,314,187,195,146,143,663,881,690,0,560
181946,15,-0.07,-0.03,-0.6,-0.3,1,0.1,0.2,0.15,50,50.71,2407,2221,107,2114,0,728,0,314,0,1072,0,186,18,2425,1072,1042,2425,699348.84,7258.44,71,131,118,81,94,69,98,1452,0,728,0,1386
181947,15,-0.07,-0.03,-0.6,-0.3,1,0.1,0.2,0.15,50,64.29,2406,2220,100,2120,955,0,0,757,0,408,0,186,19,2425,1363,757,2425,1276426.49,13144.17,111,174,204,118,126,93,89,1205,955,0,0,1165
181948,15,-0.07,-0.03,-0.6,-0.3,1,0.1,0.2,0.15,60,55.19,2411,2225,94,2131,881,690,0,265,0,295,0,186,14,2425,1176,955,2425,749572.24,7802.12,182,301,314,187,195,146,143,663,881,690,0,560
181949,15,-0.07,-0.03,-0.6,-0.3,1,0.1,0.2,0.15,60,50.71,2407,2221,107,2114,0,728,0,314,0,1072,0,186,18,2425,1072,1042,2425,699348.84,7258.44,71,131,118,81,94,69,98,1452,0,728,0,1386
181950,15,-0.07,-0.03,-0.6,-0.3,1,0.1,0.2,0.15,60,64.29,2406,2220,100,2120,955,0,0,757,0,408,0,186,19,2425,1363,757,2425,1276426.49,13144.17,111,174,204,118,126,93,89,1205,955,0,0,1165
181951,15,-0.07,-0.03,-0.6,-0.3,1,0.2,0.1,0.15,20,65.48,2411,2225,32,2193,1218,357,400,0,218,0,0,186,14,2425,1436,757,2425,529632.58,5469.82,692,429,293,779,0,0,0,0,1218,357,618,0
181952,15,-0.07,-0.03,-0.6,-0.3,1,0.2,0.1,0.15,20,57.68,2410,2224,50,2174,0,401,519,0,1254,0,0,186,15,2425,1254,920,2425,840343.62,8697.39,71,131,118,1854,0,0,0,0,0,401,1773,0
181953,15,-0.07,-0.03,-0.6,-0.3,1,0.2,0.1,0.15,20,68.72,2408,2222,32,2190,1264,0,685,0,241,0,0,186,17,2425,1505,685,2425,698942.28,7189.23,624,319,210,1037,0,0,0,0,1264,0,926,0
181954,15,-0.07,-0.03,-0.6,-0.3,1,0.2,0.1,0.15,30,68.42,2411,2225,59,2166,1388,466,218,0,94,0,0,186,14,2425,1482,684,2425,571345.02,5918.39,692,429,293,161,160,431,0,0,1388,466,312,0
181955,15,-0.07,-0.03,-0.6,-0.3,1,0.2,0.1,0.15,30,54.67,2409,2223,105,2118,0,564,396,0,1158,0,0,186,16,2425,1158,960,2425,774384.69,8077.09,71,131,118,81,94,1623,0,0,0,564,1554,0
181956,15,-0.07,-0.03,-0.6,-0.3,1,0.2,0.1,0.15,30,74.69,2407,2221,64,2157,1481,0,546,0,130,0,0,186,18,2425,1611,546,2425,910289.38,9376.74,624,319,210,111,128,765,0,0,1481,0,676,0
181957,15,-0.07,-0.03,-0.6,-0.3,1,0.2,0.1,0.15,40,68.41,2411,2225,60,2165,1436,538,103,43,27,18,0,186,14,2425,1481,684,2425,534640.43,5546.62,692,429,293,161,160,119,71,240,1436,538,130,61
181958,15,-0.07,-0.03,-0.6,-0.3,1,0.2,0.1,0.15,40,52.13,2407,2221,107,2114,0,701,232,79,315,787,0,186,18,2425,1102,1012,2425,767703.87,7980.2,71,131,118,81,94,69,98,1452,0,701,547,866
181959,15,-0.07,-0.03,-0.6,-0.3,1,0.2,0.1,0.15,40,76.75,2407,2221,66,2155,1569,0,335,166,36,49,0,186,18,2425,1654,501,2425,968894.27,9953.54,624,319,210,111,128,89,52,622,1569,0,371,215
181960,15,-0.07,-0.03,-0.6,-0.3,1,0.2,0.1,0.15,50,68.08,2411,2225,60,2165,1436,548,0,143,0,38,0,186,14,2425,1474,691,2425,519704.69,5391.75,692,429,293,161,160,119,71,240,1436,548,0,181
181961,15,-0.07,-0.03,-0.6,-0.3,1,0.2,0.1,0.15,50,50.71,2407,2221,107,2114,0,728,0,314,0,1072,0,186,18,2425,1072,1042,2425,699348.84,7258.44,71,131,118,81,94,69,98,1452,0,728,0,1386
181962,15,-0.07,-0.03,-0.6,-0.3,1,0.2,0.1,0.15,50,76.57,2407,2221,66,2155,1570,0,0,505,0,80,0,186,18,2425,1650,505,2425,944090.25,9689.82,624,319,210,111,128,89,52,622,1570,0,0,585
181963,15,-0.07,-0.03,-0.6,-0.3,1,0.2,0.1,0.15,60,68.08,2411,2225,60,2165,1436,548,0,143,0,38,0,186,14,2425,1474,691,2425,519704.69,5391.75,692,429,293,161,160,119,71,240,1436,548,0,181
181964,15,-0.07,-0.03,-0.6,-0.3,1,0.2,0.1,0.15,60,50.71,2407,2221,107,2114,0,728,0,314,0,1072,0,186,18,2425,1072,1042,2425,699348.84,7258.44,71,131,118,81,94,69,98,1452,0,728,0,1386
181965,15,-0.07,-0.03,-0.6,-0.3,1,0.2,0.1,0.15,60,76.57,2407,2221,66,2155,1570,0,0,505,0,80,0,186,18,2425,1650,505,2425,944090.25,9689.82,624,319,210,111,128,89,52,622,1570,0,0,585
181966,15,-0.07,-0.03,-0.6,-0.3,1,0.2,0.2,0.15,20,58.77,2411,2225,47,2178,587,397,501,0,693,0,0,186,14,2425,1280,898,2425,783084.13,8093.27,182,301,314,1381,0,0,0,0,587,397,1194,0
181967,15,-0.07,-0.03,-0.6,-0.3,1,0.2,0.2,0.15,20,57.68,2410,2224,50,2174,0,401,519,0,1254,0,0,186,15,2425,1254,920,2425,840343.62,8697.39,71,131,118,1854,0,0,0,0,0,401,1773,0
181968,15,-0.07,-0.03,-0.6,-0.3,1,0.2,0.2,0.15,20,61.98,2408,2222,47,2175,607,0,827,0,741,0,0,186,17,2425,1348,827,2425,971806.24,10013.28,111,174,204,1686,0,0,0,0,607,0,1568,0
181969,15,-0.07,-0.03,-0.6,-0.3,1,0.2,0.2,0.15,30,57.57,2411,2225,92,2133,776,549,356,0,452,0,0,186,14,2425,1228,905,2425,809616.11,8390.5,182,301,314,187,195,954,0,0,776,549,808,0
181970,15,-0.07,-0.03,-0.6,-0.3,1,0.2,0.2,0.15,30,54.67,2409,2223,105,2118,0,564,396,0,1158,0,0,186,16,2425,1158,960,2425,774384.69,8077.09,71,131,118,81,94,1623,0,0,0,564,1554,0
181971,15,-0.07,-0.03,-0.6,-0.3,1,0.2,0.2,0.15,30,64.48,2406,2220,97,2123,826,0,754,0,543,0,0,186,19,2425,1369,754,2425,1214558.01,12518.91,111,174,204,118,126,1390,0,0,826,0,1297,0
181972,15,-0.07,-0.03,-0.6,-0.3,1,0.2,0.2,0.15,40,56.03,2411,2225,94,2131,877,667,196,74,120,197,0,186,14,2425,1194,937,2425,787681.93,8196.86,182,301,314,187,195,146,143,663,877,667,316,271
181973,15,-0.07,-0.03,-0.6,-0.3,1,0.2,0.2,0.15,40,52.13,2407,2221,107,2114,0,701,232,79,315,787,0,186,18,2425,1102,1012,2425,767703.87,7980.2,71,131,118,81,94,69,98,1452,0,701,547,866
181974,15,-0.07,-0.03,-0.6,-0.3,1,0.2,0.2,0.15,40,64.91,2406,2220,100,2120,951,0,526,218,139,286,0,186,19,2425,1376,744,2425,1333851.17,13746.71,111,174,204,118,126,93,89,1205,951,0,665,504
181975,15,-0.07,-0.03,-0.6,-0.3,1,0.2,0.2,0.15,50,55.19,2411,2225,94,2131,881,690,0,265,0,295,0,186,14,2425,1176,955,2425,749572.24,7802.12,182,301,314,187,195,146,143,663,881,690,0,560
181976,15,-0.07,-0.03,-0.6,-0.3,1,0.2,0.2,0.15,50,50.71,2407,2221,107,2114,0,728,0,314,0,1072,0,186,18,2425,1072,1042,2425,699348.84,7258.44,71,131,118,81,94,69,98,1452,0,728,0,1386
181977,15,-0.07,-0.03,-0.6,-0.3,1,0.2,0.2,0.15,50,64.29,2406,2220,100,2120,955,0,0,757,0,408,0,186,19,2425,1363,757,2425,1276426.49,13144.17,111,174,204,118,126,93,89,1205,955,0,0,1165
181978,15,-0.07,-0.03,-0.6,-0.3,1,0.2,0.2,0.15,60,55.19,2411,2225,94,2131,881,690,0,265,0,295,0,186,14,2425,1176,955,2425,749572.24,7802.12,182,301,314,187,195,146,143,663,881,690,0,560
181979,15,-0.07,-0.03,-0.6,-0.3,1,0.2,0.2,0.15,60,50.71,2407,2221,107,2114,0,728,0,314,0,1072,0,186,18,2425,1072,1042,2425,699348.84,7258.44,71,131,118,81,94,69,98,1452,0,728,0,1386
181980,15,-0.07,-0.03,-0.6,-0.3,1,0.2,0.2,0.15,60,64.29,2406,2220,100,2120,955,0,0,757,0,408,0,186,19,2425,1363,757,2425,1276426.49,13144.17,111,174,204,118,126,93,89,1205,955,0,0,1165
181981,15,-0.07,-0.03,-0.6,-0.3,2,0.1,0.1,0.15,20,69.68,2411,2225,32,2193,1305,350,315,0,223,0,0,186,14,2425,1528,665,2425,728911.97,8652.84,720,453,318,702,0,0,0,0,1305,350,538,0
181982,15,-0.07,-0.03,-0.6,-0.3,2,0.1,0.1,0.15,20,62.14,2410,2224,50,2174,0,401,422,0,1351,0,0,186,15,2425,1351,823,2425,1151534.76,12612.99,71,131,118,1854,0,0,0,0,0,401,1773,0
181983,15,-0.07,-0.03,-0.6,-0.3,2,0.1,0.1,0.15,20,74.79,2408,2222,32,2190,1379,0,552,0,259,0,0,186,17,2425,1638,552,2425,1025098.48,10580.09,656,352,247,935,0,0,0,0,1379,0,811,0
181984,15,-0.07,-0.03,-0.6,-0.3,2,0.1,0.1,0.15,30,71.83,2411,2225,56,2169,1469,452,159,0,89,0,0,186,14,2425,1558,611,2425,772885.29,9327.21,720,453,318,164,166,348,0,0,1469,452,248,0
181985,15,-0.07,-0.03,-0.6,-0.3,2,0.1,0.1,0.15,30,57.7,2409,2223,105,2118,0,564,332,0,1222,0,0,186,16,2425,1222,896,2425,1182031.67,12843.26,71,131,118,81,94,1623,0,0,0,564,1554,0
181986,15,-0.07,-0.03,-0.6,-0.3,2,0.1,0.1,0.15,30,81.35,2407,2221,60,2161,1618,0,403,0,140,0,0,186,18,2425,1758,403,2425,1388653.73,12964.35,656,352,247,124,159,623,0,0,1618,0,543,0
181987,15,-0.07,-0.03,-0.6,-0.3,2,0.1,0.1,0.15,40,71.63,2411,2225,57,2168,1503,514,76,25,32,18,0,186,14,2425,1553,615,2425,709046.31,9109.21,720,453,318,164,166,100,56,191,1503,514,108,43
181988,15,-0.07,-0.03,-0.6,-0.3,2,0.1,0.1,0.15,40,54.92,2407,2221,107,2114,0,701,199,53,348,813,0,186,18,2425,1161,953,2425,1183164.47,13313.24,71,131,118,81,94,69,98,1452,0,701,547,866
181989,15,-0.07,-0.03,-0.6,-0.3,2,0.1,0.1,0.15,40,83.37,2407,2221,62,2159,1708,0,262,97,43,49,0,186,18,2425,1800,359,2425,1501627.66,13636.82,656,352,247,124,159,80,56,485,1708,0,305,146
181990,15,-0.07,-0.03,-0.6,-0.3,2,0.1,0.1,0.15,50,71.08,2411,2225,57,2168,1503,524,0,103,0,38,0,186,14,2425,1541,627,2425,685647.57,8977.59,720,453,318,164,166,100,56,191,1503,524,0,141
181991,15,-0.07,-0.03,-0.6,-0.3,2,0.1,0.1,0.15,50,53.31,2407,2221,107,2114,0,728,0,259,0,1127,0,186,18,2425,1127,987,2425,1088393.26,12617.63,71,131,118,81,94,69,98,1452,0,728,0,1386
181992,15,-0.07,-0.03,-0.6,-0.3,2,0.1,0.1,0.15,50,83.19,2407,2221,62,2159,1709,0,0,363,0,87,0,186,18,2425,1796,363,2425,1458144.33,13403.02,656,352,247,124,159,80,56,485,1709,0,0,450
181993,15,-0.07,-0.03,-0.6,-0.3,2,0.1,0.1,0.15,60,71.08,2411,2225,57,2168,1503,524,0,103,0,38,0,186,14,2425,1541,627,2425,685647.57,8977.59,720,453,318,164,166,100,56,191,1503,524,0,141
181994,15,-0.07,-0.03,-0.6,-0.3,2,0.1,0.1,0.15,60,53.31,2407,2221,107,2114,0,728,0,259,0,1127,0,186,18,2425,1127,987,2425,1088393.26,12617.63,71,131,118,81,94,69,98,1452,0,728,0,1386
181995,15,-0.07,-0.03,-0.6,-0.3,2,0.1,0.1,0.15,60,83.19,2407,2221,62,2159,1709,0,0,363,0,87,0,186,18,2425,1796,363,2425,1458144.33,13403.02,656,352,247,124,159,80,56,485,1709,0,0,450
181996,15,-0.07,-0.03,-0.6,-0.3,2,0.1,0.2,0.15,20,63.18,2411,2225,47,2178,626,397,405,0,750,0,0,186,14,2425,1376,802,2425,1070208.83,11877.74,186,313,331,1348,0,0,0,0,626,397,1155,0
181997,15,-0.07,-0.03,-0.6,-0.3,2,0.1,0.2,0.15,20,62.14,2410,2224,50,2174,0,401,422,0,1351,0,0,186,15,2425,1351,823,2425,1151534.76,12612.99,71,131,118,1854,0,0,0,0,0,401,1773,0
181998,15,-0.07,-0.03,-0.6,-0.3,2,0.1,0.2,0.15,20,68.32,2408,2222,47,2175,662,0,689,0,824,0,0,186,17,2425,1486,689,2425,1409328.22,14117.35,116,188,228,1643,0,0,0,0,662,0,1513,0
181999,15,-0.07,-0.03,-0.6,-0.3,2,0.1,0.2,0.15,30,60.53,2411,2225,92,2133,832,548,294,0,459,0,0,186,14,2425,1291,842,2425,1160910.15,12816.21,186,313,331,193,206,904,0,0,832,548,753,0
182000,15,-0.07,-0.03,-0.6,-0.3,2,0.1,0.2,0.15,30,57.7,2409,2223,105,2118,0,564,332,0,1222,0,0,186,16,2425,1222,896,2425,1182031.67,12843.26,71,131,118,81,94,1623,0,0,0,564,1554,0
182001,15,-0.07,-0.03,-0.6,-0.3,2,0.1,0.2,0.15,30,70.65,2406,2220,97,2123,913,0,623,0,587,0,0,186,19,2425,1500,623,2425,1927076.96,17371.92,116,188,228,130,144,1317,0,0,913,0,1210,0
182002,15,-0.07,-0.03,-0.6,-0.3,2,0.1,0.2,0.15,40,58.89,2411,2225,94,2131,944,664,162,50,137,174,0,186,14,2425,1255,876,2425,1118083.58,12966.73,186,313,331,193,206,151,147,604,944,664,299,224
182003,15,-0.07,-0.03,-0.6,-0.3,2,0.1,0.2,0.15,40,54.92,2407,2221,107,2114,0,701,199,53,348,813,0,186,18,2425,1161,953,2425,1183164.47,13313.24,71,131,118,81,94,69,98,1452,0,701,547,866
182004,15,-0.07,-0.03,-0.6,-0.3,2,0.1,0.2,0.15,40,71.89,2406,2220,100,2120,1063,0,451,145,185,276,0,186,19,2425,1524,596,2425,2172149.18,19016.82,116,188,228,130,144,107,101,1106,1063,0,636,421
182005,15,-0.07,-0.03,-0.6,-0.3,2,0.1,0.2,0.15,50,57.95,2411,2225,94,2131,947,686,0,210,0,288,0,186,14,2425,1235,896,2425,1061969.65,12618.9,186,313,331,193,206,151,147,604,947,686,0,498
182006,15,-0.07,-0.03,-0.6,-0.3,2,0.1,0.2,0.15,50,53.31,2407,2221,107,2114,0,728,0,259,0,1127,0,186,18,2425,1127,987,2425,1088393.26,12617.63,71,131,118,81,94,69,98,1452,0,728,0,1386
182007,15,-0.07,-0.03,-0.6,-0.3,2,0.1,0.2,0.15,50,71.65,2406,2220,100,2120,1067,0,0,601,0,452,0,186,19,2425,1519,601,2425,2083980.43,18494.69,116,188,228,130,144,107,101,1106,1067,0,0,1053
182008,15,-0.07,-0.03,-0.6,-0.3,2,0.1,0.2,0.15,60,57.95,2411,2225,94,2131,947,686,0,210,0,288,0,186,14,2425,1235,896,2425,1061969.65,12618.9,186,313,331,193,206,151,147,604,947,686,0,498
182009,15,-0.07,-0.03,-0.6,-0.3,2,0.1,0.2,0.15,60,53.31,2407,2221,107,2114,0,728,0,259,0,1127,0,186,18,2425,1127,987,2425,1088393.26,12617.63,71,131,118,81,94,69,98,1452,0,728,0,1386
182010,15,-0.07,-0.03,-0.6,-0.3,2,0.1,0.2,0.15,60,71.65,2406,2220,100,2120,1067,0,0,601,0,452,0,186,19,2425,1519,601,2425,2083980.43,18494.69,116,188,228,130,144,107,101,1106,1067,0,0,1053
182011,15,-0.07,-0.03,-0.6,-0.3,2,0.2,0.1,0.15,20,65.48,2411,2225,32,2193,1218,357,400,0,218,0,0,186,14,2425,1436,757,2425,529632.58,5469.82,692,429,293,779,0,0,0,0,1218,357,618,0
182012,15,-0.07,-0.03,-0.6,-0.3,2,0.2,0.1,0.15,20,57.68,2410,2224,50,2174,0,401,519,0,1254,0,0,186,15,2425,1254,920,2425,840343.62,8697.39,71,131,118,1854,0,0,0,0,0,401,1773,0
182013,15,-0.07,-0.03,-0.6,-0.3,2,0.2,0.1,0.15,20,68.72,2408,2222,32,2190,1264,0,685,0,241,0,0,186,17,2425,1505,685,2425,698942.28,7189.23,624,319,210,1037,0,0,0,0,1264,0,926,0
182014,15,-0.07,-0.03,-0.6,-0.3,2,0.2,0.1,0.15,30,68.42,2411,2225,59,2166,1388,466,218,0,94,0,0,186,14,2425,1482,684,2425,571345.02,5918.39,692,429,293,161,160,431,0,0,1388,466,312,0
182015,15,-0.07,-0.03,-0.6,-0.3,2,0.2,0.1,0.15,30,54.67,2409,2223,105,2118,0,564,396,0,1158,0,0,186,16,2425,1158,960,2425,774384.69,8077.09,71,131,118,81,94,1623,0,0,0,564,1554,0
182016,15,-0.07,-0.03,-0.6,-0.3,2,0.2,0.1,0.15,30,74.69,2407,2221,64,2157,1481,0,546,0,130,0,0,186,18,2425,1611,546,2425,910289.38,9376.74,624,319,210,111,128,765,0,0,1481,0,676,0
182017,15,-0.07,-0.03,-0.6,-0.3,2,0.2,0.1,0.15,40,68.41,2411,2225,60,2165,1436,538,103,43,27,18,0,186,14,2425,1481,684,2425,534640.43,5546.62,692,429,293,161,160,119,71,240,1436,538,130,61
182018,15,-0.07,-0.03,-0.6,-0.3,2,0.2,0.1,0.15,40,52.13,2407,2221,107,2114,0,701,232,79,315,787,0,186,18,2425,1102,1012,2425,767703.87,7980.2,71,131,118,81,94,69,98,1452,0,701,547,866
182019,15,-0.07,-0.03,-0.6,-0.3,2,0.2,0.1,0.15,40,76.75,2407,2221,66,2155,1569,0,335,166,36,49,0,186,18,2425,1654,501,2425,968894.27,9953.54,624,319,210,111,128,89,52,622,1569,0,371,215
182020,15,-0.07,-0.03,-0.6,-0.3,2,0.2,0.1,0.15,50,68.08,2411,2225,60,2165,1436,548,0,143,0,38,0,186,14,2425,1474,691,2425,519704.69,5391.75,692,429,293,161,160,119,71,240,1436,548,0,181
182021,15,-0.07,-0.03,-0.6,-0.3,2,0.2,0.1,0.15,50,50.71,2407,2221,107,2114,0,728,0,314,0,1072,0,186,18,2425,1072,1042,2425,699348.84,7258.44,71,131,118,81,94,69,98,1452,0,728,0,1386
182022,15,-0.07,-0.03,-0.6,-0.3,2,0.2,0.1,0.15,50,76.57,2407,2221,66,2155,1570,0,0,505,0,80,0,186,18,2425,1650,505,2425,944090.25,9689.82,624,319,210,111,128,89,52,622,1570,0,0,585
182023,15,-0.07,-0.03,-0.6,-0.3,2,0.2,0.1,0.15,60,68.08,2411,2225,60,2165,1436,548,0,143,0,38,0,186,14,2425,1474,691,2425,519704.69,5391.75,692,429,293,161,160,119,71,240,1436,548,0,181
182024,15,-0.07,-0.03,-0.6,-0.3,2,0.2,0.1,0.15,60,50.71,2407,2221,107,2114,0,728,0,314,0,1072,0,186,18,2425,1072,1042,2425,699348.84,7258.44,71,131,118,81,94,69,98,1452,0,728,0,1386
182025,15,-0.07,-0.03,-0.6,-0.3,2,0.2,0.1,0.15,60,76.57,2407,2221,66,2155,1570,0,0,505,0,80,0,186,18,2425,1650,505,2425,944090.25,9689.82,624,319,210,111,128,89,52,622,1570,0,0,585
182026,15,-0.07,-0.03,-0.6,-0.3,2,0.2,0.2,0.15,20,58.77,2411,2225,47,2178,587,397,501,0,693,0,0,186,14,2425,1280,898,2425,783084.13,8093.27,182,301,314,1381,0,0,0,0,587,397,1194,0
182027,15,-0.07,-0.03,-0.6,-0.3,2,0.2,0.2,0.15,20,57.68,2410,2224,50,2174,0,401,519,0,1254,0,0,186,15,2425,1254,920,2425,840343.62,8697.39,71,131,118,1854,0,0,0,0,0,401,1773,0
182028,15,-0.07,-0.03,-0.6,-0.3,2,0.2,0.2,0.15,20,61.98,2408,2222,47,2175,607,0,827,0,741,0,0,186,17,2425,1348,827,2425,971806.24,10013.28,111,174,204,1686,0,0,0,0,607,0,1568,0
182029,15,-0.07,-0.03,-0.6,-0.3,2,0.2,0.2,0.15,30,57.57,2411,2225,92,2133,776,549,356,0,452,0,0,186,14,2425,1228,905,2425,809616.11,8390.5,182,301,314,187,195,954,0,0,776,549,808,0
182030,15,-0.07,-0.03,-0.6,-0.3,2,0.2,0.2,0.15,30,54.67,2409,2223,105,2118,0,564,396,0,1158,0,0,186,16,2425,1158,960,2425,774384.69,8077.09,71,131,118,81,94,1623,0,0,0,564,1554,0
182031,15,-0.07,-0.03,-0.6,-0.3,2,0.2,0.2,0.15,30,64.48,2406,2220,97,2123,826,0,754,0,543,0,0,186,19,2425,1369,754,2425,1214558.01,12518.91,111,174,204,118,126,1390,0,0,826,0,1297,0
182032,15,-0.07,-0.03,-0.6,-0.3,2,0.2,0.2,0.15,40,56.03,2411,2225,94,2131,877,667,196,74,120,197,0,186,14,2425,1194,937,2425,787681.93,8196.86,182,301,314,187,195,146,143,663,877,667,316,271
182033,15,-0.07,-0.03,-0.6,-0.3,2,0.2,0.2,0.15,40,52.13,2407,2221,107,2114,0,701,232,79,315,787,0,186,18,2425,1102,1012,2425,767703.87,7980.2,71,131,118,81,94,69,98,1452,0,701,547,866
182034,15,-0.07,-0.03,-0.6,-0.3,2,0.2,0.2,0.15,40,64.91,2406,2220,100,2120,951,0,526,218,139,286,0,186,19,2425,1376,744,2425,1333851.17,13746.71,111,174,204,118,126,93,89,1205,951,0,665,504
182035,15,-0.07,-0.03,-0.6,-0.3,2,0.2,0.2,0.15,50,55.19,2411,2225,94,2131,881,690,0,265,0,295,0,186,14,2425,1176,955,2425,749572.24,7802.12,182,301,314,187,195,146,143,663,881,690,0,560
182036,15,-0.07,-0.03,-0.6,-0.3,2,0.2,0.2,0.15,50,50.71,2407,2221,107,2114,0,728,0,314,0,1072,0,186,18,2425,1072,1042,2425,699348.84,7258.44,71,131,118,81,94,69,98,1452,0,728,0,1386
182037,15,-0.07,-0.03,-0.6,-0.3,2,0.2,0.2,0.15,50,64.29,2406,2220,100,2120,955,0,0,757,0,408,0,186,19,2425,1363,757,2425,1276426.49,13144.17,111,174,204,118,126,93,89,1205,955,0,0,1165
182038,15,-0.07,-0.03,-0.6,-0.3,2,0.2,0.2,0.15,60,55.19,2411,2225,94,2131,881,690,0,265,0,295,0,186,14,2425,1176,955,2425,749572.24,7802.12,182,301,314,187,195,146,143,663,881,690,0,560
182039,15,-0.07,-0.03,-0.6,-0.3,2,0.2,0.2,0.15,60,50.71,2407,2221,107,2114,0,728,0,314,0,1072,0,186,18,2425,1072,1042,2425,699348.84,7258.44,71,131,118,81,94,69,98,1452,0,728,0,1386
182040,15,-0.07,-0.03,-0.6,-0.3,2,0.2,0.2,0.15,60,64.29,2406,2220,100,2120,955,0,0,757,0,408,0,186,19,2425,1363,757,2425,1276426.49,13144.17,111,174,204,118,126,93,89,1205,955,0,0,1165
182041,15,-0.07,-0.03,-0.6,-0.25,1,0.1,0.1,0.15,20,63.99,2872,2678,37,2641,1401,441,510,0,289,0,0,194,22,2894,1690,951,2894,548956.52,5669.94,793,491,356,1001,0,0,0,0,1401,441,799,0
182042,15,-0.07,-0.03,-0.6,-0.25,1,0.1,0.1,0.15,20,55.93,2871,2677,56,2621,0,503,652,0,1466,0,0,194,23,2894,1466,1155,2894,789933.49,8199.72,91,146,171,2213,0,0,0,0,0,503,2118,0
182043,15,-0.07,-0.03,-0.6,-0.25,1,0.1,0.1,0.15,20,66.82,2868,2674,37,2637,1449,0,875,0,313,0,0,194,26,2894,1762,875,2894,731237.53,7502.2,705,369,235,1328,0,0,0,0,1449,0,1188,0
182044,15,-0.07,-0.03,-0.6,-0.25,1,0.1,0.1,0.15,30,66.3,2872,2678,73,2605,1601,572,306,0,126,0,0,194,22,2894,1727,878,2894,588701.21,6118.51,793,491,356,202,193,570,0,0,1601,572,432,0
182045,15,-0.07,-0.03,-0.6,-0.25,1,0.1,0.1,0.15,30,52.35,2870,2676,124,2552,0,700,516,0,1336,0,0,194,24,2894,1336,1216,2894,691821.5,7268.02,91,146,171,95,121,1928,0,0,0,700,1852,0
182046,15,-0.07,-0.03,-0.6,-0.25,1,0.1,0.1,0.15,30,72.01,2866,2672,78,2594,1703,0,726,0,165,0,0,194,28,2894,1868,726,2894,957645.44,9859.24,705,369,235,140,149,996,0,0,1703,0,891,0
182047,15,-0.07,-0.03,-0.6,-0.25,1,0.1,0.1,0.15,40,66.46,2872,2678,75,2603,1660,660,152,61,41,29,0,194,22,2894,1730,873,2894,546087.28,5673.26,793,491,356,202,193,138,81,349,1660,660,193,90
182048,15,-0.07,-0.03,-0.6,-0.25,1,0.1,0.1,0.15,40,49.94,2868,2674,127,2547,0,856,314,105,374,898,0,194,26,2894,1272,1275,2894,660205.63,6894.82,91,146,171,95,121,76,112,1735,0,856,688,1003
182049,15,-0.07,-0.03,-0.6,-0.25,1,0.1,0.1,0.15,40,74.26,2866,2672,81,2591,1809,0,447,220,51,64,0,194,28,2894,1924,667,2894,1041768.77,10684.36,705,369,235,140,149,105,59,829,1809,0,498,284
182050,15,-0.07,-0.03,-0.6,-0.25,1,0.1,0.1,0.15,50,66.19,2872,2678,75,2603,1661,673,0,207,0,62,0,194,22,2894,1723,880,2894,530424.97,5510.63,793,491,356,202,193,138,81,349,1661,673,0,269
182051,15,-0.07,-0.03,-0.6,-0.25,1,0.1,0.1,0.15,50,48.8,2868,2674,127,2547,0,890,0,414,0,1243,0,194,26,2894,1243,1304,2894,584152.63,6090.69,91,146,171,95,121,76,112,1735,0,890,0,1657
182052,15,-0.07,-0.03,-0.6,-0.25,1,0.1,0.1,0.15,50,74.1,2866,2672,81,2591,1811,0,0,671,0,109,0,194,28,2894,1920,671,2894,1013480.82,10384.43,705,369,235,140,149,105,59,829,1811,0,0,780
182053,15,-0.07,-0.03,-0.6,-0.25,1,0.1,0.1,0.15,60,66.19,2872,2678,75,2603,1661,673,0,207,0,62,0,194,22,2894,1723,880,2894,530424.97,5510.63,793,491,356,202,193,138,81,349,1661,673,0,269
182054,15,-0.07,-0.03,-0.6,-0.25,1,0.1,0.1,0.15,60,48.8,2868,2674,127,2547,0,890,0,414,0,1243,0,194,26,2894,1243,1304,2894,584152.63,6090.69,91,146,171,95,121,76,112,1735,0,890,0,1657
182055,15,-0.07,-0.03,-0.6,-0.25,1,0.1,0.1,0.15,60,74.1,2866,2672,81,2591,1811,0,0,671,0,109,0,194,28,2894,1920,671,2894,1013480.82,10384.43,705,369,235,140,149,105,59,829,1811,0,0,780
182056,15,-0.07,-0.03,-0.6,-0.25,1,0.1,0.2,0.15,20,57.1,2872,2678,53,2625,635,498,628,0,864,0,0,194,22,2894,1499,1126,2894,763570.78,7913.42,212,330,377,1706,0,0,0,0,635,498,1492,0
182057,15,-0.07,-0.03,-0.6,-0.25,1,0.1,0.2,0.15,20,55.93,2871,2677,56,2621,0,503,652,0,1466,0,0,194,23,2894,1466,1155,2894,789933.49,8199.72,91,146,171,2213,0,0,0,0,0,503,2118,0
182058,15,-0.07,-0.03,-0.6,-0.25,1,0.1,0.2,0.15,20,59.86,2868,2674,53,2621,656,0,1052,0,913,0,0,194,26,2894,1569,1052,2894,950089.58,9791.56,121,188,216,2096,0,0,0,0,656,0,1965,0
182059,15,-0.07,-0.03,-0.6,-0.25,1,0.1,0.2,0.15,30,55.26,2872,2678,110,2568,852,679,470,0,567,0,0,194,22,2894,1419,1149,2894,780074.63,8124.8,212,330,377,214,233,1202,0,0,852,679,1037,0
182060,15,-0.07,-0.03,-0.6,-0.25,1,0.1,0.2,0.15,30,52.35,2870,2676,124,2552,0,700,516,0,1336,0,0,194,24,2894,1336,1216,2894,691821.5,7268.02,91,146,171,95,121,1928,0,0,0,700,1852,0
182061,15,-0.07,-0.03,-0.6,-0.25,1,0.1,0.2,0.15,30,61.54,2865,2671,115,2556,903,0,983,0,670,0,0,194,29,2894,1573,983,2894,1202404.71,12405.7,121,188,216,131,142,1758,0,0,903,0,1653,0
182062,15,-0.07,-0.03,-0.6,-0.25,1,0.1,0.2,0.15,40,53.8,2872,2678,113,2565,965,815,270,100,161,254,0,194,22,2894,1380,1185,2894,749994.28,7834.57,212,330,377,214,233,165,162,872,965,815,431,354
182063,15,-0.07,-0.03,-0.6,-0.25,1,0.1,0.2,0.15,40,49.94,2868,2674,127,2547,0,856,314,105,374,898,0,194,26,2894,1272,1275,2894,660205.63,6894.82,91,146,171,95,121,76,112,1735,0,856,688,1003
182064,15,-0.07,-0.03,-0.6,-0.25,1,0.1,0.2,0.15,40,62.15,2865,2671,119,2552,1045,0,684,282,186,355,0,194,29,2894,1586,966,2894,1357125.46,13981.39,121,188,216,131,142,105,102,1547,1045,0,870,637
182065,15,-0.07,-0.03,-0.6,-0.25,1,0.1,0.2,0.15,50,53.14,2872,2678,113,2565,969,843,0,359,0,394,0,194,22,2894,1363,1202,2894,707899.84,7397.05,212,330,377,214,233,165,162,872,969,843,0,753
182066,15,-0.07,-0.03,-0.6,-0.25,1,0.1,0.2,0.15,50,48.8,2868,2674,127,2547,0,890,0,414,0,1243,0,194,26,2894,1243,1304,2894,584152.63,6090.69,91,146,171,95,121,76,112,1735,0,890,0,1657
182067,15,-0.07,-0.03,-0.6,-0.25,1,0.1,0.2,0.15,50,61.68,2865,2671,119,2552,1049,0,0,978,0,525,0,194,29,2894,1574,978,2894,1294691.25,13325.16,121,188,216,131,142,105,102,1547,1049,0,0,1503
182068,15,-0.07,-0.03,-0.6,-0.25,1,0.1,0.2,0.15,60,53.14,2872,2678,113,2565,969,843,0,359,0,394,0,194,22,2894,1363,1202,2894,707899.84,7397.05,212,330,377,214,233,165,162,872,969,843,0,753
182069,15,-0.07,-0.03,-0.6,-0.25,1,0.1,0.2,0.15,60,48.8,2868,2674,127,2547,0,890,0,414,0,1243,0,194,26,2894,1243,1304,2894,584152.63,6090.69,91,146,171,95,121,76,112,1735,0,890,0,1657
182070,15,-0.07,-0.03,-0.6,-0.25,1,0.1,0.2,0.15,60,61.68,2865,2671,119,2552,1049,0,0,978,0,525,0,194,29,2894,1574,978,2894,1294691.25,13325.16,121,188,216,131,142,105,102,1547,1049,0,0,1503
182071,15,-0.07,-0.03,-0.6,-0.25,1,0.2,0.1,0.15,20,63.99,2872,2678,37,2641,1401,441,510,0,289,0,0,194,22,2894,1690,951,2894,548956.52,5669.94,793,491,356,1001,0,0,0,0,1401,441,799,0
182072,15,-0.07,-0.03,-0.6,-0.25,1,0.2,0.1,0.15,20,55.93,2871,2677,56,2621,0,503,652,0,1466,0,0,194,23,2894,1466,1155,2894,789933.49,8199.72,91,146,171,2213,0,0,0,0,0,503,2118,0
182073,15,-0.07,-0.03,-0.6,-0.25,1,0.2,0.1,0.15,20,66.82,2868,2674,37,2637,1449,0,875,0,313,0,0,194,26,2894,1762,875,2894,731237.53,7502.2,705,369,235,1328,0,0,0,0,1449,0,1188,0
182074,15,-0.07,-0.03,-0.6,-0.25,1,0.2,0.1,0.15,30,66.3,2872,2678,73,2605,1601,572,306,0,126,0,0,194,22,2894,1727,878,2894,588701.21,6118.51,793,491,356,202,193,570,0,0,1601,572,432,0
182075,15,-0.07,-0.03,-0.6,-0.25,1,0.2,0.1,0.15,30,52.35,2870,2676,124,2552,0,700,516,0,1336,0,0,194,24,2894,1336,1216,2894,691821.5,7268.02,91,146,171,95,121,1928,0,0,0,700,1852,0
182076,15,-0.07,-0.03,-0.6,-0.25,1,0.2,0.1,0.15,30,72.01,2866,2672,78,2594,1703,0,726,0,165,0,0,194,28,2894,1868,726,2894,957645.44,9859.24,705,369,235,140,149,996,0,0,1703,0,891,0
182077,15,-0.07,-0.03,-0.6,-0.25,1,0.2,0.1,0.15,40,66.46,2872,2678,75,2603,1660,660,152,61,41,29,0,194,22,2894,1730,873,2894,546087.28,5673.26,793,491,356,202,193,138,81,349,1660,660,193,90
182078,15,-0.07,-0.03,-0.6,-0.25,1,0.2,0.1,0.15,40,49.94,2868,2674,127,2547,0,856,314,105,374,898,0,194,26,2894,1272,1275,2894,660205.63,6894.82,91,146,171,95,121,76,112,1735,0,856,688,1003
182079,15,-0.07,-0.03,-0.6,-0.25,1,0.2,0.1,0.15,40,74.26,2866,2672,81,2591,1809,0,447,220,51,64,0,194,28,2894,1924,667,2894,1041768.77,10684.36,705,369,235,140,149,105,59,829,1809,0,498,284
182080,15,-0.07,-0.03,-0.6,-0.25,1,0.2,0.1,0.15,50,66.19,2872,2678,75,2603,1661,673,0,207,0,62,0,194,22,2894,1723,880,2894,530424.97,5510.63,793,491,356,202,193,138,81,349,1661,673,0,269
182081,15,-0.07,-0.03,-0.6,-0.25,1,0.2,0.1,0.15,50,48.8,2868,2674,127,2547,0,890,0,414,0,1243,0,194,26,2894,1243,1304,2894,584152.63,6090.69,91,146,171,95,121,76,112,1735,0,890,0,1657
182082,15,-0.07,-0.03,-0.6,-0.25,1,0.2,0.1,0.15,50,74.1,2866,2672,81,2591,1811,0,0,671,0,109,0,194,28,2894,1920,671,2894,1013480.82,10384.43,705,369,235,140,149,105,59,829,1811,0,0,780
182083,15,-0.07,-0.03,-0.6,-0.25,1,0.2,0.1,0.15,60,66.19,2872,2678,75,2603,1661,673,0,207,0,62,0,194,22,2894,1723,880,2894,530424.97,5510.63,793,491,356,202,193,138,81,349,1661,673,0,269
182084,15,-0.07,-0.03,-0.6,-0.25,1,0.2,0.1,0.15,60,48.8,2868,2674,127,2547,0,890,0,414,0,1243,0,194,26,2894,1243,1304,2894,584152.63,6090.69,91,146,171,95,121,76,112,1735,0,890,0,1657
182085,15,-0.07,-0.03,-0.6,-0.25,1,0.2,0.1,0.15,60,74.1,2866,2672,81,2591,1811,0,0,671,0,109,0,194,28,2894,1920,671,2894,1013480.82,10384.43,705,369,235,140,149,105,59,829,1811,0,0,780
182086,15,-0.07,-0.03,-0.6,-0.25,1,0.2,0.2,0.15,20,57.1,2872,2678,53,2625,635,498,628,0,864,0,0,194,22,2894,1499,1126,2894,763570.78,7913.42,212,330,377,1706,0,0,0,0,635,498,1492,0
182087,15,-0.07,-0.03,-0.6,-0.25,1,0.2,0.2,0.15,20,55.93,2871,2677,56,2621,0,503,652,0,1466,0,0,194,23,2894,1466,1155,2894,789933.49,8199.72,91,146,171,2213,0,0,0,0,0,503,2118,0
182088,15,-0.07,-0.03,-0.6,-0.25,1,0.2,0.2,0.15,20,59.86,2868,2674,53,2621,656,0,1052,0,913,0,0,194,26,2894,1569,1052,2894,950089.58,9791.56,121,188,216,2096,0,0,0,0,656,0,1965,0
182089,15,-0.07,-0.03,-0.6,-0.25,1,0.2,0.2,0.15,30,55.26,2872,2678,110,2568,852,679,470,0,567,0,0,194,22,2894,1419,1149,2894,780074.63,8124.8,212,330,377,214,233,1202,0,0,852,679,1037,0
182090,15,-0.07,-0.03,-0.6,-0.25,1,0.2,0.2,0.15,30,52.35,2870,2676,124,2552,0,700,516,0,1336,0,0,194,24,2894,1336,1216,2894,691821.5,7268.02,91,146,171,95,121,1928,0,0,0,700,1852,0
182091,15,-0.07,-0.03,-0.6,-0.25,1,0.2,0.2,0.15,30,61.54,2865,2671,115,2556,903,0,983,0,670,0,0,194,29,2894,1573,983,2894,1202404.71,12405.7,121,188,216,131,142,1758,0,0,903,0,1653,0
182092,15,-0.07,-0.03,-0.6,-0.25,1,0.2,0.2,0.15,40,53.8,2872,2678,113,2565,965,815,270,100,161,254,0,194,22,2894,1380,1185,2894,749994.28,7834.57,212,330,377,214,233,165,162,872,965,815,431,354
182093,15,-0.07,-0.03,-0.6,-0.25,1,0.2,0.2,0.15,40,49.94,2868,2674,127,2547,0,856,314,105,374,898,0,194,26,2894,1272,1275,2894,660205.63,6894.82,91,146,171,95,121,76,112,1735,0,856,688,1003
182094,15,-0.07,-0.03,-0.6,-0.25,1,0.2,0.2,0.15,40,62.15,2865,2671,119,2552,1045,0,684,282,186,355,0,194,29,2894,1586,966,2894,1357125.46,13981.39,121,188,216,131,142,105,102,1547,1045,0,870,637
182095,15,-0.07,-0.03,-0.6,-0.25,1,0.2,0.2,0.15,50,53.14,2872,2678,113,2565,969,843,0,359,0,394,0,194,22,2894,1363,1202,2894,707899.84,7397.05,212,330,377,214,233,165,162,872,969,843,0,753
182096,15,-0.07,-0.03,-0.6,-0.25,1,0.2,0.2,0.15,50,48.8,2868,2674,127,2547,0,890,0,414,0,1243,0,194,26,2894,1243,1304,2894,584152.63,6090.69,91,146,171,95,121,76,112,1735,0,890,0,1657
182097,15,-0.07,-0.03,-0.6,-0.25,1,0.2,0.2,0.15,50,61.68,2865,2671,119,2552,1049,0,0,978,0,525,0,194,29,2894,1574,978,2894,1294691.25,13325.16,121,188,216,131,142,105,102,1547,1049,0,0,1503
182098,15,-0.07,-0.03,-0.6,-0.25,1,0.2,0.2,0.15,60,53.14,2872,2678,113,2565,969,843,0,359,0,394,0,194,22,2894,1363,1202,2894,707899.84,7397.05,212,330,377,214,233,165,162,872,969,843,0,753
182099,15,-0.07,-0.03,-0.6,-0.25,1,0.2,0.2,0.15,60,48.8,2868,2674,127,2547,0,890,0,414,0,1243,0,194,26,2894,1243,1304,2894,584152.63,6090.69,91,146,171,95,121,76,112,1735,0,890,0,1657
182100,15,-0.07,-0.03,-0.6,-0.25,1,0.2,0.2,0.15,60,61.68,2865,2671,119,2552,1049,0,0,978,0,525,0,194,29,2894,1574,978,2894,1294691.25,13325.16,121,188,216,131,142,105,102,1547,1049,0,0,1503
182101,15,-0.07,-0.03,-0.6,-0.25,2,0.1,0.1,0.15,20,68.04,2872,2678,37,2641,1508,431,413,0,289,0,0,194,22,2894,1797,844,2894,771224.88,9655.22,825,520,384,912,0,0,0,0,1508,431,702,0
182102,15,-0.07,-0.03,-0.6,-0.25,2,0.1,0.1,0.15,20,60.32,2871,2677,56,2621,0,503,537,0,1581,0,0,194,23,2894,1581,1040,2894,1118912.5,13004.58,91,146,171,2213,0,0,0,0,0,503,2118,0
182103,15,-0.07,-0.03,-0.6,-0.25,2,0.1,0.1,0.15,20,72.73,2868,2674,37,2637,1587,0,719,0,331,0,0,194,26,2894,1918,719,2894,1086411.14,11702.88,741,407,277,1212,0,0,0,0,1587,0,1050,0
182104,15,-0.07,-0.03,-0.6,-0.25,2,0.1,0.1,0.15,30,70.18,2872,2678,69,2609,1701,552,226,0,130,0,0,194,22,2894,1831,778,2894,822240.11,10465.77,825,520,384,210,196,474,0,0,1701,552,356,0
182105,15,-0.07,-0.03,-0.6,-0.25,2,0.1,0.1,0.15,30,55.68,2870,2676,124,2552,0,700,431,0,1421,0,0,194,24,2894,1421,1131,2894,1122267.25,13090.88,91,146,171,95,121,1928,0,0,0,700,1852,0
182106,15,-0.07,-0.03,-0.6,-0.25,2,0.1,0.1,0.15,30,78.91,2866,2672,73,2599,1865,0,548,0,186,0,0,194,28,2894,2051,548,2894,1482609.03,14350.74,741,407,277,162,179,833,0,0,1865,0,734,0
182107,15,-0.07,-0.03,-0.6,-0.25,2,0.1,0.1,0.15,40,70.0,2872,2678,71,2607,1747,630,119,33,50,28,0,194,22,2894,1825,782,2894,747069.38,10229.05,825,520,384,210,196,118,69,285,1747,630,169,61
182108,15,-0.07,-0.03,-0.6,-0.25,2,0.1,0.1,0.15,40,52.96,2868,2674,127,2547,0,856,272,70,416,933,0,194,26,2894,1349,1198,2894,1102361.74,13401.13,91,146,171,95,121,76,112,1735,0,856,688,1003
182109,15,-0.07,-0.03,-0.6,-0.25,2,0.1,0.1,0.15,40,81.2,2866,2672,76,2596,1974,0,355,133,68,66,0,194,28,2894,2108,488,2894,1644260.15,15314.6,741,407,277,162,179,99,65,666,1974,0,423,199
182110,15,-0.07,-0.03,-0.6,-0.25,2,0.1,0.1,0.15,50,69.66,2872,2678,71,2607,1748,642,0,149,0,68,0,194,22,2894,1816,791,2894,722310.73,10092.55,825,520,384,210,196,118,69,285,1748,642,0,217
182111,15,-0.07,-0.03,-0.6,-0.25,2,0.1,0.1,0.15,50,51.75,2868,2674,127,2547,0,890,0,339,0,1318,0,194,26,2894,1318,1229,2894,996907.45,12621.57,91,146,171,95,121,76,112,1735,0,890,0,1657
182112,15,-0.07,-0.03,-0.6,-0.25,2,0.1,0.1,0.15,50,81.12,2866,2672,76,2596,1976,0,0,490,0,130,0,194,28,2894,2106,490,2894,1594467.99,15050.31,741,407,277,162,179,99,65,666,1976,0,0,620
182113,15,-0.07,-0.03,-0.6,-0.25,2,0.1,0.1,0.15,60,69.66,2872,2678,71,2607,1748,642,0,149,0,68,0,194,22,2894,1816,791,2894,722310.73,10092.55,825,520,384,210,196,118,69,285,1748,642,0,217
182114,15,-0.07,-0.03,-0.6,-0.25,2,0.1,0.1,0.15,60,51.75,2868,2674,127,2547,0,890,0,339,0,1318,0,194,26,2894,1318,1229,2894,996907.45,12621.57,91,146,171,95,121,76,112,1735,0,890,0,1657
182115,15,-0.07,-0.03,-0.6,-0.25,2,0.1,0.1,0.15,60,81.12,2866,2672,76,2596,1976,0,0,490,0,130,0,194,28,2894,2106,490,2894,1594467.99,15050.31,741,407,277,162,179,99,65,666,1976,0,0,620
182116,15,-0.07,-0.03,-0.6,-0.25,2,0.1,0.2,0.15,20,61.41,2872,2678,53,2625,677,498,515,0,935,0,0,194,22,2894,1612,1013,2894,1066373.17,12556.09,216,342,395,1672,0,0,0,0,677,498,1450,0
182117,15,-0.07,-0.03,-0.6,-0.25,2,0.1,0.2,0.15,20,60.32,2871,2677,56,2621,0,503,537,0,1581,0,0,194,23,2894,1581,1040,2894,1118912.5,13004.58,91,146,171,2213,0,0,0,0,0,503,2118,0
182118,15,-0.07,-0.03,-0.6,-0.25,2,0.1,0.2,0.15,20,66.16,2868,2674,53,2621,714,0,887,0,1020,0,0,194,26,2894,1734,887,2894,1399763.8,14794.74,126,203,240,2052,0,0,0,0,714,0,1907,0
182119,15,-0.07,-0.03,-0.6,-0.25,2,0.1,0.2,0.15,30,58.53,2872,2678,110,2568,919,678,387,0,584,0,0,194,22,2894,1503,1065,2894,1157980.97,13572.94,216,342,395,222,249,1144,0,0,919,678,971,0
182120,15,-0.07,-0.03,-0.6,-0.25,2,0.1,0.2,0.15,30,55.68,2870,2676,124,2552,0,700,431,0,1421,0,0,194,24,2894,1421,1131,2894,1122267.25,13090.88,91,146,171,95,121,1928,0,0,0,700,1852,0
182121,15,-0.07,-0.03,-0.6,-0.25,2,0.1,0.2,0.15,30,67.96,2865,2671,115,2556,1007,0,819,0,730,0,0,194,29,2894,1737,819,2894,1952926.52,18354.11,126,203,240,145,166,1676,0,0,1007,0,1549,0
182122,15,-0.07,-0.03,-0.6,-0.25,2,0.1,0.2,0.15,40,56.88,2872,2678,113,2565,1043,811,228,67,183,233,0,194,22,2894,1459,1106,2894,1108919.22,13721.98,216,342,395,222,249,173,164,804,1043,811,411,300
182123,15,-0.07,-0.03,-0.6,-0.25,2,0.1,0.2,0.15,40,52.96,2868,2674,127,2547,0,856,272,70,416,933,0,194,26,2894,1349,1198,2894,1102361.74,13401.13,91,146,171,95,121,76,112,1735,0,856,688,1003
182124,15,-0.07,-0.03,-0.6,-0.25,2,0.1,0.2,0.15,40,69.32,2865,2671,119,2552,1176,0,591,192,243,350,0,194,29,2894,1769,783,2894,2280926.86,20454.83,126,203,240,145,166,127,115,1430,1176,0,834,542
182125,15,-0.07,-0.03,-0.6,-0.25,2,0.1,0.2,0.15,50,56.26,2872,2678,113,2565,1047,838,0,284,0,396,0,194,22,2894,1443,1122,2894,1047304.32,13330.82,216,342,395,222,249,173,164,804,1047,838,0,680
182126,15,-0.07,-0.03,-0.6,-0.25,2,0.1,0.2,0.15,50,51.75,2868,2674,127,2547,0,890,0,339,0,1318,0,194,26,2894,1318,1229,2894,996907.45,12621.57,91,146,171,95,121,76,112,1735,0,890,0,1657
182127,15,-0.07,-0.03,-0.6,-0.25,2,0.1,0.2,0.15,50,69.24,2865,2671,119,2552,1181,0,0,785,0,586,0,194,29,2894,1767,785,2894,2185095.94,19877.73,126,203,240,145,166,127,115,1430,1181,0,0,1371
182128,15,-0.07,-0.03,-0.6,-0.25,2,0.1,0.2,0.15,60,56.26,2872,2678,113,2565,1047,838,0,284,0,396,0,194,22,2894,1443,1122,2894,1047304.32,13330.82,216,342,395,222,249,173,164,804,1047,838,0,680
182129,15,-0.07,-0.03,-0.6,-0.25,2,0.1,0.2,0.15,60,51.75,2868,2674,127,2547,0,890,0,339,0,1318,0,194,26,2894,1318,1229,2894,996907.45,12621.57,91,146,171,95,121,76,112,1735,0,890,0,1657
182130,15,-0.07,-0.03,-0.6,-0.25,2,0.1,0.2,0.15,60,69.24,2865,2671,119,2552,1181,0,0,785,0,586,0,194,29,2894,1767,785,2894,2185095.94,19877.73,126,203,240,145,166,127,115,1430,1181,0,0,1371
182131,15,-0.07,-0.03,-0.6,-0.25,2,0.2,0.1,0.15,20,63.99,2872,2678,37,2641,1401,441,510,0,289,0,0,194,22,2894,1690,951,2894,548956.52,5669.94,793,491,356,1001,0,0,0,0,1401,441,799,0
182132,15,-0.07,-0.03,-0.6,-0.25,2,0.2,0.1,0.15,20,55.93,2871,2677,56,2621,0,503,652,0,1466,0,0,194,23,2894,1466,1155,2894,789933.49,8199.72,91,146,171,2213,0,0,0,0,0,503,2118,0
182133,15,-0.07,-0.03,-0.6,-0.25,2,0.2,0.1,0.15,20,66.82,2868,2674,37,2637,1449,0,875,0,313,0,0,194,26,2894,1762,875,2894,731237.53,7502.2,705,369,235,1328,0,0,0,0,1449,0,1188,0
182134,15,-0.07,-0.03,-0.6,-0.25,2,0.2,0.1,0.15,30,66.3,2872,2678,73,2605,1601,572,306,0,126,0,0,194,22,2894,1727,878,2894,588701.21,6118.51,793,491,356,202,193,570,0,0,1601,572,432,0
182135,15,-0.07,-0.03,-0.6,-0.25,2,0.2,0.1,0.15,30,52.35,2870,2676,124,2552,0,700,516,0,1336,0,0,194,24,2894,1336,1216,2894,691821.5,7268.02,91,146,171,95,121,1928,0,0,0,700,1852,0
182136,15,-0.07,-0.03,-0.6,-0.25,2,0.2,0.1,0.15,30,72.01,2866,2672,78,2594,1703,0,726,0,165,0,0,194,28,2894,1868,726,2894,957645.44,9859.24,705,369,235,140,149,996,0,0,1703,0,891,0
182137,15,-0.07,-0.03,-0.6,-0.25,2,0.2,0.1,0.15,40,66.46,2872,2678,75,2603,1660,660,152,61,41,29,0,194,22,2894,1730,873,2894,546087.28,5673.26,793,491,356,202,193,138,81,349,1660,660,193,90
182138,15,-0.07,-0.03,-0.6,-0.25,2,0.2,0.1,0.15,40,49.94,2868,2674,127,2547,0,856,314,105,374,898,0,194,26,2894,1272,1275,2894,660205.63,6894.82,91,146,171,95,121,76,112,1735,0,856,688,1003
182139,15,-0.07,-0.03,-0.6,-0.25,2,0.2,0.1,0.15,40,74.26,2866,2672,81,2591,1809,0,447,220,51,64,0,194,28,2894,1924,667,2894,1041768.77,10684.36,705,369,235,140,149,105,59,829,1809,0,498,284
182140,15,-0.07,-0.03,-0.6,-0.25,2,0.2,0.1,0.15,50,66.19,2872,2678,75,2603,1661,673,0,207,0,62,0,194,22,2894,1723,880,2894,530424.97,5510.63,793,491,356,202,193,138,81,349,1661,673,0,269
182141,15,-0.07,-0.03,-0.6,-0.25,2,0.2,0.1,0.15,50,48.8,2868,2674,127,2547,0,890,0,414,0,1243,0,194,26,2894,1243,1304,2894,584152.63,6090.69,91,146,171,95,121,76,112,1735,0,890,0,1657
182142,15,-0.07,-0.03,-0.6,-0.25,2,0.2,0.1,0.15,50,74.1,2866,2672,81,2591,1811,0,0,671,0,109,0,194,28,2894,1920,671,2894,1013480.82,10384.43,705,369,235,140,149,105,59,829,1811,0,0,780
182143,15,-0.07,-0.03,-0.6,-0.25,2,0.2,0.1,0.15,60,66.19,2872,2678,75,2603,1661,673,0,207,0,62,0,194,22,2894,1723,880,2894,530424.97,5510.63,793,491,356,202,193,138,81,349,1661,673,0,269
182144,15,-0.07,-0.03,-0.6,-0.25,2,0.2,0.1,0.15,60,48.8,2868,2674,127,2547,0,890,0,414,0,1243,0,194,26,2894,1243,1304,2894,584152.63,6090.69,91,146,171,95,121,76,112,1735,0,890,0,1657
182145,15,-0.07,-0.03,-0.6,-0.25,2,0.2,0.1,0.15,60,74.1,2866,2672,81,2591,1811,0,0,671,0,109,0,194,28,2894,1920,671,2894,1013480.82,10384.43,705,369,235,140,149,105,59,829,1811,0,0,780
182146,15,-0.07,-0.03,-0.6,-0.25,2,0.2,0.2,0.15,20,57.1,2872,2678,53,2625,635,498,628,0,864,0,0,194,22,2894,1499,1126,2894,763570.78,7913.42,212,330,377,1706,0,0,0,0,635,498,1492,0
182147,15,-0.07,-0.03,-0.6,-0.25,2,0.2,0.2,0.15,20,55.93,2871,2677,56,2621,0,503,652,0,1466,0,0,194,23,2894,1466,1155,2894,789933.49,8199.72,91,146,171,2213,0,0,0,0,0,503,2118,0
182148,15,-0.07,-0.03,-0.6,-0.25,2,0.2,0.2,0.15,20,59.86,2868,2674,53,2621,656,0,1052,0,913,0,0,194,26,2894,1569,1052,2894,950089.58,9791.56,121,188,216,2096,0,0,0,0,656,0,1965,0
182149,15,-0.07,-0.03,-0.6,-0.25,2,0.2,0.2,0.15,30,55.26,2872,2678,110,2568,852,679,470,0,567,0,0,194,22,2894,1419,1149,2894,780074.63,8124.8,212,330,377,214,233,1202,0,0,852,679,1037,0
182150,15,-0.07,-0.03,-0.6,-0.25,2,0.2,0.2,0.15,30,52.35,2870,2676,124,2552,0,700,516,0,1336,0,0,194,24,2894,1336,1216,2894,691821.5,7268.02,91,146,171,95,121,1928,0,0,0,700,1852,0
182151,15,-0.07,-0.03,-0.6,-0.25,2,0.2,0.2,0.15,30,61.54,2865,2671,115,2556,903,0,983,0,670,0,0,194,29,2894,1573,983,2894,1202404.71,12405.7,121,188,216,131,142,1758,0,0,903,0,1653,0
182152,15,-0.07,-0.03,-0.6,-0.25,2,0.2,0.2,0.15,40,53.8,2872,2678,113,2565,965,815,270,100,161,254,0,194,22,2894,1380,1185,2894,749994.28,7834.57,212,330,377,214,233,165,162,872,965,815,431,354
182153,15,-0.07,-0.03,-0.6,-0.25,2,0.2,0.2,0.15,40,49.94,2868,2674,127,2547,0,856,314,105,374,898,0,194,26,2894,1272,1275,2894,660205.63,6894.82,91,146,171,95,121,76,112,1735,0,856,688,1003
182154,15,-0.07,-0.03,-0.6,-0.25,2,0.2,0.2,0.15,40,62.15,2865,2671,119,2552,1045,0,684,282,186,355,0,194,29,2894,1586,966,2894,1357125.46,13981.39,121,188,216,131,142,105,102,1547,1045,0,870,637
182155,15,-0.07,-0.03,-0.6,-0.25,2,0.2,0.2,0.15,50,53.14,2872,2678,113,2565,969,843,0,359,0,394,0,194,22,2894,1363,1202,2894,707899.84,7397.05,212,330,377,214,233,165,162,872,969,843,0,753
182156,15,-0.07,-0.03,-0.6,-0.25,2,0.2,0.2,0.15,50,48.8,2868,2674,127,2547,0,890,0,414,0,1243,0,194,26,2894,1243,1304,2894,584152.63,6090.69,91,146,171,95,121,76,112,1735,0,890,0,1657
182157,15,-0.07,-0.03,-0.6,-0.25,2,0.2,0.2,0.15,50,61.68,2865,2671,119,2552,1049,0,0,978,0,525,0,194,29,2894,1574,978,2894,1294691.25,13325.16,121,188,216,131,142,105,102,1547,1049,0,0,1503
182158,15,-0.07,-0.03,-0.6,-0.25,2,0.2,0.2,0.15,60,53.14,2872,2678,113,2565,969,843,0,359,0,394,0,194,22,2894,1363,1202,2894,707899.84,7397.05,212,330,377,214,233,165,162,872,969,843,0,753
182159,15,-0.07,-0.03,-0.6,-0.25,2,0.2,0.2,0.15,60,48.8,2868,2674,127,2547,0,890,0,414,0,1243,0,194,26,2894,1243,1304,2894,584152.63,6090.69,91,146,171,95,121,76,112,1735,0,890,0,1657
182160,15,-0.07,-0.03,-0.6,-0.25,2,0.2,0.2,0.15,60,61.68,2865,2671,119,2552,1049,0,0,978,0,525,0,194,29,2894,1574,978,2894,1294691.25,13325.16,121,188,216,131,142,105,102,1547,1049,0,0,1503
182161,15,-0.07,-0.03,-0.55,-0.45,1,0.1,0.1,0.15,20,69.22,691,592,4,588,375,87,94,0,32,0,0,99,3,694,407,181,694,199517.19,2048.29,212,119,81,176,0,0,0,0,375,87,126,0
182162,15,-0.07,-0.03,-0.55,-0.45,1,0.1,0.1,0.15,20,61.62,691,592,11,581,0,98,125,0,358,0,0,99,3,694,358,223,694,375468.44,3847.43,13,28,32,508,0,0,0,0,0,98,483,0
182163,15,-0.07,-0.03,-0.55,-0.45,1,0.1,0.1,0.15,20,71.77,691,592,4,588,387,0,166,0,35,0,0,99,3,694,422,166,694,240266.43,2467.89,201,98,58,231,0,0,0,0,387,0,201,0
182164,15,-0.07,-0.03,-0.55,-0.45,1,0.1,0.1,0.15,30,72.76,691,592,12,580,404,120,38,0,18,0,0,99,3,694,422,158,694,195801.97,2017.03,212,119,81,50,29,89,0,0,404,120,56,0
182165,15,-0.07,-0.03,-0.55,-0.45,1,0.1,0.1,0.15,30,59.54,690,591,25,566,0,146,83,0,337,0,0,99,4,694,337,229,694,335844.77,3453.02,13,28,32,25,22,446,0,0,0,146,420,0
182166,15,-0.07,-0.03,-0.55,-0.45,1,0.1,0.1,0.15,30,78.03,691,592,14,578,427,0,127,0,24,0,0,99,3,694,451,127,694,267362.29,2754.88,201,98,58,30,21,170,0,0,427,0,151,0
182167,15,-0.07,-0.03,-0.55,-0.45,1,0.1,0.1,0.15,40,73.1,691,592,12,580,415,130,21,5,6,3,0,99,3,694,424,156,694,201061.59,2075.79,212,119,81,50,29,33,15,41,415,130,27,8
182168,15,-0.07,-0.03,-0.55,-0.45,1,0.1,0.1,0.15,40,56.38,688,589,25,564,0,178,55,13,88,230,0,99,6,694,318,246,694,364397.45,3765.25,13,28,32,25,22,26,28,390,0,178,143,243
182169,15,-0.07,-0.03,-0.55,-0.45,1,0.1,0.1,0.15,40,79.93,691,592,14,578,446,0,81,35,7,9,0,99,3,694,462,116,694,289216.38,2958.6,201,98,58,30,21,19,12,139,446,0,88,44
182170,15,-0.07,-0.03,-0.55,-0.45,1,0.1,0.1,0.15,50,72.76,691,592,12,580,415,133,0,25,0,7,0,99,3,694,422,158,694,197245.62,2036.78,212,119,81,50,29,33,15,41,415,133,0,32
182171,15,-0.07,-0.03,-0.55,-0.45,1,0.1,0.1,0.15,50,55.32,688,589,25,564,0,186,0,66,0,312,0,99,6,694,312,252,694,345264.58,3567.76,13,28,32,25,22,26,28,390,0,186,0,378
182172,15,-0.07,-0.03,-0.55,-0.45,1,0.1,0.1,0.15,50,79.93,691,592,14,578,447,0,0,116,0,15,0,99,3,694,462,116,694,282512.56,2882.59,201,98,58,30,21,19,12,139,447,0,0,131
182173,15,-0.07,-0.03,-0.55,-0.45,1,0.1,0.1,0.15,60,72.76,691,592,12,580,415,133,0,25,0,7,0,99,3,694,422,158,694,197245.62,2036.78,212,119,81,50,29,33,15,41,415,133,0,32
182174,15,-0.07,-0.03,-0.55,-0.45,1,0.1,0.1,0.15,60,55.32,688,589,25,564,0,186,0,66,0,312,0,99,6,694,312,252,694,345264.58,3567.76,13,28,32,25,22,26,28,390,0,186,0,378
182175,15,-0.07,-0.03,-0.55,-0.45,1,0.1,0.1,0.15,60,79.93,691,592,14,578,447,0,0,116,0,15,0,99,3,694,462,116,694,282512.56,2882.59,201,98,58,30,21,19,12,139,447,0,0,131
182176,15,-0.07,-0.03,-0.55,-0.45,1,0.1,0.2,0.15,20,62.99,691,592,11,581,210,98,117,0,156,0,0,99,3,694,366,215,694,325646.31,3344.82,47,92,111,331,0,0,0,0,210,98,273,0
182177,15,-0.07,-0.03,-0.55,-0.45,1,0.1,0.2,0.15,20,61.62,691,592,11,581,0,98,125,0,358,0,0,99,3,694,358,223,694,375468.44,3847.43,13,28,32,508,0,0,0,0,0,98,483,0
182178,15,-0.07,-0.03,-0.55,-0.45,1,0.1,0.2,0.15,20,65.92,691,592,11,581,218,0,198,0,165,0,0,99,3,694,383,198,694,381694.45,3918.95,34,65,81,401,0,0,0,0,218,0,363,0
182179,15,-0.07,-0.03,-0.55,-0.45,1,0.1,0.2,0.15,30,63.51,691,592,22,570,268,140,68,0,94,0,0,99,3,694,362,208,694,334906.85,3435.99,47,92,111,58,54,208,0,0,268,140,162,0
182180,15,-0.07,-0.03,-0.55,-0.45,1,0.1,0.2,0.15,30,59.54,690,591,25,566,0,146,83,0,337,0,0,99,4,694,337,229,694,335844.77,3453.02,13,28,32,25,22,446,0,0,0,146,420,0
182181,15,-0.07,-0.03,-0.55,-0.45,1,0.1,0.2,0.15,30,70.07,691,592,24,568,284,0,170,0,114,0,0,99,3,694,398,170,694,434621.47,4459.88,34,65,81,38,39,311,0,0,284,0,284,0
182182,15,-0.07,-0.03,-0.55,-0.45,1,0.1,0.2,0.15,40,62.11,691,592,22,570,289,165,40,11,32,33,0,99,3,694,354,216,694,338519.55,3480.09,47,92,111,58,54,46,30,132,289,165,72,44
182183,15,-0.07,-0.03,-0.55,-0.45,1,0.1,0.2,0.15,40,56.38,688,589,25,564,0,178,55,13,88,230,0,99,6,694,318,246,694,364397.45,3765.25,13,28,32,25,22,26,28,390,0,178,143,243
182184,15,-0.07,-0.03,-0.55,-0.45,1,0.1,0.2,0.15,40,69.72,691,592,24,568,310,0,123,49,35,51,0,99,3,694,396,172,694,462400.19,4728.55,34,65,81,38,39,27,16,268,310,0,158,100
182185,15,-0.07,-0.03,-0.55,-0.45,1,0.1,0.2,0.15,50,61.05,691,592,22,570,290,171,0,51,0,58,0,99,3,694,348,222,694,329732.39,3389.55,47,92,111,58,54,46,30,132,290,171,0,109
182186,15,-0.07,-0.03,-0.55,-0.45,1,0.1,0.2,0.15,50,55.32,688,589,25,564,0,186,0,66,0,312,0,99,6,694,312,252,694,345264.58,3567.76,13,28,32,25,22,26,28,390,0,186,0,378
182187,15,-0.07,-0.03,-0.55,-0.45,1,0.1,0.2,0.15,50,68.84,691,592,24,568,311,0,0,177,0,80,0,99,3,694,391,177,694,448432.95,4574.86,34,65,81,38,39,27,16,268,311,0,0,257
182188,15,-0.07,-0.03,-0.55,-0.45,1,0.1,0.2,0.15,60,61.05,691,592,22,570,290,171,0,51,0,58,0,99,3,694,348,222,694,329732.39,3389.55,47,92,111,58,54,46,30,132,290,171,0,109
182189,15,-0.07,-0.03,-0.55,-0.45,1,0.1,0.2,0.15,60,55.32,688,589,25,564,0,186,0,66,0,312,0,99,6,694,312,252,694,345264.58,3567.76,13,28,32,25,22,26,28,390,0,186,0,378
182190,15,-0.07,-0.03,-0.55,-0.45,1,0.1,0.2,0.15,60,68.84,691,592,24,568,311,0,0,177,0,80,0,99,3,694,391,177,694,448432.95,4574.86,34,65,81,38,39,27,16,268,311,0,0,257
182191,15,-0.07,-0.03,-0.55,-0.45,1,0.2,0.1,0.15,20,69.22,691,592,4,588,375,87,94,0,32,0,0,99,3,694,407,181,694,199517.19,2048.29,212,119,81,176,0,0,0,0,375,87,126,0
182192,15,-0.07,-0.03,-0.55,-0.45,1,0.2,0.1,0.15,20,61.62,691,592,11,581,0,98,125,0,358,0,0,99,3,694,358,223,694,375468.44,3847.43,13,28,32,508,0,0,0,0,0,98,483,0
182193,15,-0.07,-0.03,-0.55,-0.45,1,0.2,0.1,0.15,20,71.77,691,592,4,588,387,0,166,0,35,0,0,99,3,694,422,166,694,240266.43,2467.89,201,98,58,231,0,0,0,0,387,0,201,0
182194,15,-0.07,-0.03,-0.55,-0.45,1,0.2,0.1,0.15,30,72.76,691,592,12,580,404,120,38,0,18,0,0,99,3,694,422,158,694,195801.97,2017.03,212,119,81,50,29,89,0,0,404,120,56,0
182195,15,-0.07,-0.03,-0.55,-0.45,1,0.2,0.1,0.15,30,59.54,690,591,25,566,0,146,83,0,337,0,0,99,4,694,337,229,694,335844.77,3453.02,13,28,32,25,22,446,0,0,0,146,420,0
182196,15,-0.07,-0.03,-0.55,-0.45,1,0.2,0.1,0.15,30,78.03,691,592,14,578,427,0,127,0,24,0,0,99,3,694,451,127,694,267362.29,2754.88,201,98,58,30,21,170,0,0,427,0,151,0
182197,15,-0.07,-0.03,-0.55,-0.45,1,0.2,0.1,0.15,40,73.1,691,592,12,580,415,130,21,5,6,3,0,99,3,694,424,156,694,201061.59,2075.79,212,119,81,50,29,33,15,41,415,130,27,8
182198,15,-0.07,-0.03,-0.55,-0.45,1,0.2,0.1,0.15,40,56.38,688,589,25,564,0,178,55,13,88,230,0,99,6,694,318,246,694,364397.45,3765.25,13,28,32,25,22,26,28,390,0,178,143,243
182199,15,-0.07,-0.03,-0.55,-0.45,1,0.2,0.1,0.15,40,79.93,691,592,14,578,446,0,81,35,7,9,0,99,3,694,462,116,694,289216.38,2958.6,201,98,58,30,21,19,12,139,446,0,88,44
182200,15,-0.07,-0.03,-0.55,-0.45,1,0.2,0.1,0.15,50,72.76,691,592,12,580,415,133,0,25,0,7,0,99,3,694,422,158,694,197245.62,2036.78,212,119,81,50,29,33,15,41,415,133,0,32
182201,15,-0.07,-0.03,-0.55,-0.45,1,0.2,0.1,0.15,50,55.32,688,589,25,564,0,186,0,66,0,312,0,99,6,694,312,252,694,345264.58,3567.76,13,28,32,25,22,26,28,390,0,186,0,378
182202,15,-0.07,-0.03,-0.55,-0.45,1,0.2,0.1,0.15,50,79.93,691,592,14,578,447,0,0,116,0,15,0,99,3,694,462,116,694,282512.56,2882.59,201,98,58,30,21,19,12,139,447,0,0,131
182203,15,-0.07,-0.03,-0.55,-0.45,1,0.2,0.1,0.15,60,72.76,691,592,12,580,415,133,0,25,0,7,0,99,3,694,422,158,694,197245.62,2036.78,212,119,81,50,29,33,15,41,415,133,0,32
182204,15,-0.07,-0.03,-0.55,-0.45,1,0.2,0.1,0.15,60,55.32,688,589,25,564,0,186,0,66,0,312,0,99,6,694,312,252,694,345264.58,3567.76,13,28,32,25,22,26,28,390,0,186,0,378
182205,15,-0.07,-0.03,-0.55,-0.45,1,0.2,0.1,0.15,60,79.93,691,592,14,578,447,0,0,116,0,15,0,99,3,694,462,116,694,282512.56,2882.59,201,98,58,30,21,19,12,139,447,0,0,131
182206,15,-0.07,-0.03,-0.55,-0.45,1,0.2,0.2,0.15,20,62.99,691,592,11,581,210,98,117,0,156,0,0,99,3,694,366,215,694,325646.31,3344.82,47,92,111,331,0,0,0,0,210,98,273,0
182207,15,-0.07,-0.03,-0.55,-0.45,1,0.2,0.2,0.15,20,61.62,691,592,11,581,0,98,125,0,358,0,0,99,3,694,358,223,694,375468.44,3847.43,13,28,32,508,0,0,0,0,0,98,483,0
182208,15,-0.07,-0.03,-0.55,-0.45,1,0.2,0.2,0.15,20,65.92,691,592,11,581,218,0,198,0,165,0,0,99,3,694,383,198,694,381694.45,3918.95,34,65,81,401,0,0,0,0,218,0,363,0
182209,15,-0.07,-0.03,-0.55,-0.45,1,0.2,0.2,0.15,30,63.51,691,592,22,570,268,140,68,0,94,0,0,99,3,694,362,208,694,334906.85,3435.99,47,92,111,58,54,208,0,0,268,140,162,0
182210,15,-0.07,-0.03,-0.55,-0.45,1,0.2,0.2,0.15,30,59.54,690,591,25,566,0,146,83,0,337,0,0,99,4,694,337,229,694,335844.77,3453.02,13,28,32,25,22,446,0,0,0,146,420,0
182211,15,-0.07,-0.03,-0.55,-0.45,1,0.2,0.2,0.15,30,70.07,691,592,24,568,284,0,170,0,114,0,0,99,3,694,398,170,694,434621.47,4459.88,34,65,81,38,39,311,0,0,284,0,284,0
182212,15,-0.07,-0.03,-0.55,-0.45,1,0.2,0.2,0.15,40,62.11,691,592,22,570,289,165,40,11,32,33,0,99,3,694,354,216,694,338519.55,3480.09,47,92,111,58,54,46,30,132,289,165,72,44
182213,15,-0.07,-0.03,-0.55,-0.45,1,0.2,0.2,0.15,40,56.38,688,589,25,564,0,178,55,13,88,230,0,99,6,694,318,246,694,364397.45,3765.25,13,28,32,25,22,26,28,390,0,178,143,243
182214,15,-0.07,-0.03,-0.55,-0.45,1,0.2,0.2,0.15,40,69.72,691,592,24,568,310,0,123,49,35,51,0,99,3,694,396,172,694,462400.19,4728.55,34,65,81,38,39,27,16,268,310,0,158,100
182215,15,-0.07,-0.03,-0.55,-0.45,1,0.2,0.2,0.15,50,61.05,691,592,22,570,290,171,0,51,0,58,0,99,3,694,348,222,694,329732.39,3389.55,47,92,111,58,54,46,30,132,290,171,0,109
182216,15,-0.07,-0.03,-0.55,-0.45,1,0.2,0.2,0.15,50,55.32,688,589,25,564,0,186,0,66,0,312,0,99,6,694,312,252,694,345264.58,3567.76,13,28,32,25,22,26,28,390,0,186,0,378
182217,15,-0.07,-0.03,-0.55,-0.45,1,0.2,0.2,0.15,50,68.84,691,592,24,568,311,0,0,177,0,80,0,99,3,694,391,177,694,448432.95,4574.86,34,65,81,38,39,27,16,268,311,0,0,257
182218,15,-0.07,-0.03,-0.55,-0.45,1,0.2,0.2,0.15,60,61.05,691,592,22,570,290,171,0,51,0,58,0,99,3,694,348,222,694,329732.39,3389.55,47,92,111,58,54,46,30,132,290,171,0,109
182219,15,-0.07,-0.03,-0.55,-0.45,1,0.2,0.2,0.15,60,55.32,688,589,25,564,0,186,0,66,0,312,0,99,6,694,312,252,694,345264.58,3567.76,13,28,32,25,22,26,28,390,0,186,0,378
182220,15,-0.07,-0.03,-0.55,-0.45,1,0.2,0.2,0.15,60,68.84,691,592,24,568,311,0,0,177,0,80,0,99,3,694,391,177,694,448432.95,4574.86,34,65,81,38,39,27,16,268,311,0,0,257
182221,15,-0.07,-0.03,-0.55,-0.45,2,0.1,0.1,0.15,20,71.6,691,592,4,588,387,87,80,0,34,0,0,99,3,694,421,167,694,232649.69,2670.83,218,124,81,165,0,0,0,0,387,87,114,0
182222,15,-0.07,-0.03,-0.55,-0.45,2,0.1,0.1,0.15,20,64.37,691,592,11,581,0,98,109,0,374,0,0,99,3,694,374,207,694,476376.93,4788.58,13,28,32,508,0,0,0,0,0,98,483,0
182223,15,-0.07,-0.03,-0.55,-0.45,2,0.1,0.1,0.15,20,75.85,691,592,4,588,403,0,142,0,43,0,0,99,3,694,446,142,694,298864.39,3127.07,208,103,59,218,0,0,0,0,403,0,185,0
182224,15,-0.07,-0.03,-0.55,-0.45,2,0.1,0.1,0.15,30,74.35,691,592,11,581,415,118,31,0,17,0,0,99,3,694,432,149,694,221045.81,2762.26,218,124,81,51,30,77,0,0,415,118,48,0
182225,15,-0.07,-0.03,-0.55,-0.45,2,0.1,0.1,0.15,30,60.95,690,591,25,566,0,146,75,0,345,0,0,99,4,694,345,221,694,446012.39,4629.71,13,28,32,25,22,446,0,0,0,146,420,0
182226,15,-0.07,-0.03,-0.55,-0.45,2,0.1,0.1,0.15,30,82.56,691,592,13,579,451,0,101,0,27,0,0,99,3,694,478,101,694,342755.2,3525.09,208,103,59,33,29,147,0,0,451,0,128,0
182227,15,-0.07,-0.03,-0.55,-0.45,2,0.1,0.1,0.15,40,75.04,691,592,11,581,426,127,16,2,6,4,0,99,3,694,436,145,694,225485.89,2820.45,218,124,81,51,30,29,13,35,426,127,22,6
182228,15,-0.07,-0.03,-0.55,-0.45,2,0.1,0.1,0.15,40,58.87,688,589,25,564,0,178,45,9,98,234,0,99,6,694,332,232,694,476535.65,5058.26,13,28,32,25,22,26,28,390,0,178,143,243
182229,15,-0.07,-0.03,-0.55,-0.45,2,0.1,0.1,0.15,40,84.8,691,592,13,579,471,0,67,21,8,12,0,99,3,694,491,88,694,388759.43,3776.27,208,103,59,33,29,19,11,117,471,0,75,33
182230,15,-0.07,-0.03,-0.55,-0.45,2,0.1,0.1,0.15,50,74.7,691,592,11,581,426,130,0,17,0,8,0,99,3,694,434,147,694,220241.27,2786.83,218,124,81,51,30,29,13,35,426,130,0,25
182231,15,-0.07,-0.03,-0.55,-0.45,2,0.1,0.1,0.15,50,57.62,688,589,25,564,0,186,0,53,0,325,0,99,6,694,325,239,694,452366.75,4863.22,13,28,32,25,22,26,28,390,0,186,0,378
182232,15,-0.07,-0.03,-0.55,-0.45,2,0.1,0.1,0.15,50,84.63,691,592,13,579,471,0,0,89,0,19,0,99,3,694,490,89,694,373535.2,3692.88,208,103,59,33,29,19,11,117,471,0,0,108
182233,15,-0.07,-0.03,-0.55,-0.45,2,0.1,0.1,0.15,60,74.7,691,592,11,581,426,130,0,17,0,8,0,99,3,694,434,147,694,220241.27,2786.83,218,124,81,51,30,29,13,35,426,130,0,25
182234,15,-0.07,-0.03,-0.55,-0.45,2,0.1,0.1,0.15,60,57.62,688,589,25,564,0,186,0,53,0,325,0,99,6,694,325,239,694,452366.75,4863.22,13,28,32,25,22,26,28,390,0,186,0,378
182235,15,-0.07,-0.03,-0.55,-0.45,2,0.1,0.1,0.15,60,84.63,691,592,13,579,471,0,0,89,0,19,0,99,3,694,490,89,694,373535.2,3692.88,208,103,59,33,29,19,11,117,471,0,0,108
182236,15,-0.07,-0.03,-0.55,-0.45,2,0.1,0.2,0.15,20,65.75,691,592,11,581,223,98,101,0,159,0,0,99,3,694,382,199,694,403811.65,4191.42,47,97,121,316,0,0,0,0,223,98,260,0
182237,15,-0.07,-0.03,-0.55,-0.45,2,0.1,0.2,0.15,20,64.37,691,592,11,581,0,98,109,0,374,0,0,99,3,694,374,207,694,476376.93,4788.58,13,28,32,508,0,0,0,0,0,98,483,0
182238,15,-0.07,-0.03,-0.55,-0.45,2,0.1,0.2,0.15,20,70.4,691,592,11,581,236,0,172,0,173,0,0,99,3,694,409,172,694,503725.96,4833.83,35,71,94,381,0,0,0,0,236,0,345,0
182239,15,-0.07,-0.03,-0.55,-0.45,2,0.1,0.2,0.15,30,64.91,691,592,22,570,279,140,60,0,91,0,0,99,3,694,370,200,694,404909.33,4404.33,47,97,121,56,53,196,0,0,279,140,151,0
182240,15,-0.07,-0.03,-0.55,-0.45,2,0.1,0.2,0.15,30,60.95,690,591,25,566,0,146,75,0,345,0,0,99,4,694,345,221,694,446012.39,4629.71,13,28,32,25,22,446,0,0,0,146,420,0
182241,15,-0.07,-0.03,-0.55,-0.45,2,0.1,0.2,0.15,30,74.65,691,592,24,568,302,0,144,0,122,0,0,99,3,694,424,144,694,589442.43,5523.91,35,71,94,36,38,294,0,0,302,0,266,0
182242,15,-0.07,-0.03,-0.55,-0.45,2,0.1,0.2,0.15,40,64.21,691,592,22,570,303,165,31,8,38,25,0,99,3,694,366,204,694,412271.34,4536.28,47,97,121,56,53,45,35,116,303,165,69,33
182243,15,-0.07,-0.03,-0.55,-0.45,2,0.1,0.2,0.15,40,58.87,688,589,25,564,0,178,45,9,98,234,0,99,6,694,332,232,694,476535.65,5058.26,13,28,32,25,22,26,28,390,0,178,143,243
182244,15,-0.07,-0.03,-0.55,-0.45,2,0.1,0.2,0.15,40,75.0,691,592,24,568,334,0,108,34,44,48,0,99,3,694,426,142,694,647653.45,5917.92,35,71,94,36,38,28,21,245,334,0,152,82
182245,15,-0.07,-0.03,-0.55,-0.45,2,0.1,0.2,0.15,50,63.16,691,592,22,570,304,171,0,39,0,56,0,99,3,694,360,210,694,399055.51,4449.61,47,97,121,56,53,45,35,116,304,171,0,95
182246,15,-0.07,-0.03,-0.55,-0.45,2,0.1,0.2,0.15,50,57.62,688,589,25,564,0,186,0,53,0,325,0,99,6,694,325,239,694,452366.75,4863.22,13,28,32,25,22,26,28,390,0,186,0,378
182247,15,-0.07,-0.03,-0.55,-0.45,2,0.1,0.2,0.15,50,74.47,691,592,24,568,336,0,0,145,0,87,0,99,3,694,423,145,694,627557.48,5785.4,35,71,94,36,38,28,21,245,336,0,0,232
182248,15,-0.07,-0.03,-0.55,-0.45,2,0.1,0.2,0.15,60,63.16,691,592,22,570,304,171,0,39,0,56,0,99,3,694,360,210,694,399055.51,4449.61,47,97,121,56,53,45,35,116,304,171,0,95
182249,15,-0.07,-0.03,-0.55,-0.45,2,0.1,0.2,0.15,60,57.62,688,589,25,564,0,186,0,53,0,325,0,99,6,694,325,239,694,452366.75,4863.22,13,28,32,25,22,26,28,390,0,186,0,378
182250,15,-0.07,-0.03,-0.55,-0.45,2,0.1,0.2,0.15,60,74.47,691,592,24,568,336,0,0,145,0,87,0,99,3,694,423,145,694,627557.48,5785.4,35,71,94,36,38,28,21,245,336,0,0,232
182251,15,-0.07,-0.03,-0.55,-0.45,2,0.2,0.1,0.15,20,69.22,691,592,4,588,375,87,94,0,32,0,0,99,3,694,407,181,694,199517.19,2048.29,212,119,81,176,0,0,0,0,375,87,126,0
182252,15,-0.07,-0.03,-0.55,-0.45,2,0.2,0.1,0.15,20,61.62,691,592,11,581,0,98,125,0,358,0,0,99,3,694,358,223,694,375468.44,3847.43,13,28,32,508,0,0,0,0,0,98,483,0
182253,15,-0.07,-0.03,-0.55,-0.45,2,0.2,0.1,0.15,20,71.77,691,592,4,588,387,0,166,0,35,0,0,99,3,694,422,166,694,240266.43,2467.89,201,98,58,231,0,0,0,0,387,0,201,0
182254,15,-0.07,-0.03,-0.55,-0.45,2,0.2,0.1,0.15,30,72.76,691,592,12,580,404,120,38,0,18,0,0,99,3,694,422,158,694,195801.97,2017.03,212,119,81,50,29,89,0,0,404,120,56,0
182255,15,-0.07,-0.03,-0.55,-0.45,2,0.2,0.1,0.15,30,59.54,690,591,25,566,0,146,83,0,337,0,0,99,4,694,337,229,694,335844.77,3453.02,13,28,32,25,22,446,0,0,0,146,420,0
182256,15,-0.07,-0.03,-0.55,-0.45,2,0.2,0.1,0.15,30,78.03,691,592,14,578,427,0,127,0,24,0,0,99,3,694,451,127,694,267362.29,2754.88,201,98,58,30,21,170,0,0,427,0,151,0
182257,15,-0.07,-0.03,-0.55,-0.45,2,0.2,0.1,0.15,40,73.1,691,592,12,580,415,130,21,5,6,3,0,99,3,694,424,156,694,201061.59,2075.79,212,119,81,50,29,33,15,41,415,130,27,8
182258,15,-0.07,-0.03,-0.55,-0.45,2,0.2,0.1,0.15,40,56.38,688,589,25,564,0,178,55,13,88,230,0,99,6,694,318,246,694,364397.45,3765.25,13,28,32,25,22,26,28,390,0,178,143,243
182259,15,-0.07,-0.03,-0.55,-0.45,2,0.2,0.1,0.15,40,79.93,691,592,14,578,446,0,81,35,7,9,0,99,3,694,462,116,694,289216.38,2958.6,201,98,58,30,21,19,12,139,446,0,88,44
182260,15,-0.07,-0.03,-0.55,-0.45,2,0.2,0.1,0.15,50,72.76,691,592,12,580,415,133,0,25,0,7,0,99,3,694,422,158,694,197245.62,2036.78,212,119,81,50,29,33,15,41,415,133,0,32
182261,15,-0.07,-0.03,-0.55,-0.45,2,0.2,0.1,0.15,50,55.32,688,589,25,564,0,186,0,66,0,312,0,99,6,694,312,252,694,345264.58,3567.76,13,28,32,25,22,26,28,390,0,186,0,378
182262,15,-0.07,-0.03,-0.55,-0.45,2,0.2,0.1,0.15,50,79.93,691,592,14,578,447,0,0,116,0,15,0,99,3,694,462,116,694,282512.56,2882.59,201,98,58,30,21,19,12,139,447,0,0,131
182263,15,-0.07,-0.03,-0.55,-0.45,2,0.2,0.1,0.15,60,72.76,691,592,12,580,415,133,0,25,0,7,0,99,3,694,422,158,694,197245.62,2036.78,212,119,81,50,29,33,15,41,415,133,0,32
182264,15,-0.07,-0.03,-0.55,-0.45,2,0.2,0.1,0.15,60,55.32,688,589,25,564,0,186,0,66,0,312,0,99,6,694,312,252,694,345264.58,3567.76,13,28,32,25,22,26,28,390,0,186,0,378
182265,15,-0.07,-0.03,-0.55,-0.45,2,0.2,0.1,0.15,60,79.93,691,592,14,578,447,0,0,116,0,15,0,99,3,694,462,116,694,282512.56,2882.59,201,98,58,30,21,19,12,139,447,0,0,131
182266,15,-0.07,-0.03,-0.55,-0.45,2,0.2,0.2,0.15,20,62.99,691,592,11,581,210,98,117,0,156,0,0,99,3,694,366,215,694,325646.31,3344.82,47,92,111,331,0,0,0,0,210,98,273,0
182267,15,-0.07,-0.03,-0.55,-0.45,2,0.2,0.2,0.15,20,61.62,691,592,11,581,0,98,125,0,358,0,0,99,3,694,358,223,694,375468.44,3847.43,13,28,32,508,0,0,0,0,0,98,483,0
182268,15,-0.07,-0.03,-0.55,-0.45,2,0.2,0.2,0.15,20,65.92,691,592,11,581,218,0,198,0,165,0,0,99,3,694,383,198,694,381694.45,3918.95,34,65,81,401,0,0,0,0,218,0,363,0
182269,15,-0.07,-0.03,-0.55,-0.45,2,0.2,0.2,0.15,30,63.51,691,592,22,570,268,140,68,0,94,0,0,99,3,694,362,208,694,334906.85,3435.99,47,92,111,58,54,208,0,0,268,140,162,0
182270,15,-0.07,-0.03,-0.55,-0.45,2,0.2,0.2,0.15,30,59.54,690,591,25,566,0,146,83,0,337,0,0,99,4,694,337,229,694,335844.77,3453.02,13,28,32,25,22,446,0,0,0,146,420,0
182271,15,-0.07,-0.03,-0.55,-0.45,2,0.2,0.2,0.15,30,70.07,691,592,24,568,284,0,170,0,114,0,0,99,3,694,398,170,694,434621.47,4459.88,34,65,81,38,39,311,0,0,284,0,284,0
182272,15,-0.07,-0.03,-0.55,-0.45,2,0.2,0.2,0.15,40,62.11,691,592,22,570,289,165,40,11,32,33,0,99,3,694,354,216,694,338519.55,3480.09,47,92,111,58,54,46,30,132,289,165,72,44
182273,15,-0.07,-0.03,-0.55,-0.45,2,0.2,0.2,0.15,40,56.38,688,589,25,564,0,178,55,13,88,230,0,99,6,694,318,246,694,364397.45,3765.25,13,28,32,25,22,26,28,390,0,178,143,243
182274,15,-0.07,-0.03,-0.55,-0.45,2,0.2,0.2,0.15,40,69.72,691,592,24,568,310,0,123,49,35,51,0,99,3,694,396,172,694,462400.19,4728.55,34,65,81,38,39,27,16,268,310,0,158,100
182275,15,-0.07,-0.03,-0.55,-0.45,2,0.2,0.2,0.15,50,61.05,691,592,22,570,290,171,0,51,0,58,0,99,3,694,348,222,694,329732.39,3389.55,47,92,111,58,54,46,30,132,290,171,0,109
182276,15,-0.07,-0.03,-0.55,-0.45,2,0.2,0.2,0.15,50,55.32,688,589,25,564,0,186,0,66,0,312,0,99,6,694,312,252,694,345264.58,3567.76,13,28,32,25,22,26,28,390,0,186,0,378
182277,15,-0.07,-0.03,-0.55,-0.45,2,0.2,0.2,0.15,50,68.84,691,592,24,568,311,0,0,177,0,80,0,99,3,694,391,177,694,448432.95,4574.86,34,65,81,38,39,27,16,268,311,0,0,257
182278,15,-0.07,-0.03,-0.55,-0.45,2,0.2,0.2,0.15,60,61.05,691,592,22,570,290,171,0,51,0,58,0,99,3,694,348,222,694,329732.39,3389.55,47,92,111,58,54,46,30,132,290,171,0,109
182279,15,-0.07,-0.03,-0.55,-0.45,2,0.2,0.2,0.15,60,55.32,688,589,25,564,0,186,0,66,0,312,0,99,6,694,312,252,694,345264.58,3567.76,13,28,32,25,22,26,28,390,0,186,0,378
182280,15,-0.07,-0.03,-0.55,-0.45,2,0.2,0.2,0.15,60,68.84,691,592,24,568,311,0,0,177,0,80,0,99,3,694,391,177,694,448432.95,4574.86,34,65,81,38,39,27,16,268,311,0,0,257
182281,15,-0.07,-0.03,-0.55,-0.4,1,0.1,0.1,0.15,20,68.42,1147,1017,10,1007,612,151,167,0,77,0,0,130,5,1152,689,318,1152,311307.95,3195.18,344,199,128,336,0,0,0,0,612,151,244,0
182282,15,-0.07,-0.03,-0.55,-0.4,1,0.1,0.1,0.15,20,61.04,1147,1017,21,996,0,167,221,0,608,0,0,130,5,1152,608,388,1152,542611.93,5573.9,27,49,49,871,0,0,0,0,0,167,829,0
182283,15,-0.07,-0.03,-0.55,-0.4,1,0.1,0.1,0.15,20,71.37,1146,1016,10,1006,635,0,288,0,83,0,0,130,6,1152,718,288,1152,391498.35,4021.7,319,158,95,434,0,0,0,0,635,0,371,0
182284,15,-0.07,-0.03,-0.55,-0.4,1,0.1,0.1,0.15,30,71.47,1147,1017,25,992,676,208,75,0,33,0,0,130,5,1152,709,283,1152,313213.23,3218.43,344,199,128,92,66,163,0,0,676,208,108,0
182285,15,-0.07,-0.03,-0.55,-0.4,1,0.1,0.1,0.15,30,57.84,1146,1016,53,963,0,253,153,0,557,0,0,130,6,1152,557,406,1152,490855.47,5056.74,27,49,49,42,48,748,0,0,0,253,710,0
182286,15,-0.07,-0.03,-0.55,-0.4,1,0.1,0.1,0.15,30,77.53,1146,1016,28,988,721,0,222,0,45,0,0,130,6,1152,766,222,1152,458455.56,4718.14,319,158,95,63,51,302,0,0,721,0,267,0
182287,15,-0.07,-0.03,-0.55,-0.4,1,0.1,0.1,0.15,40,71.64,1147,1017,26,991,694,232,37,12,12,4,0,130,5,1152,710,281,1152,312192.33,3216.36,344,199,128,92,66,55,25,82,694,232,49,16
182288,15,-0.07,-0.03,-0.55,-0.4,1,0.1,0.1,0.15,40,54.54,1144,1014,55,959,0,309,99,28,135,388,0,130,8,1152,523,436,1152,525801.02,5439.17,27,49,49,42,48,38,44,662,0,309,234,416
182289,15,-0.07,-0.03,-0.55,-0.4,1,0.1,0.1,0.15,40,79.13,1146,1016,29,987,754,0,140,66,13,14,0,130,6,1152,781,206,1152,486813.69,4994.15,319,158,95,63,51,35,16,250,754,0,153,80
182290,15,-0.07,-0.03,-0.55,-0.4,1,0.1,0.1,0.15,50,71.34,1147,1017,26,991,694,238,0,46,0,13,0,130,5,1152,707,284,1152,304694.9,3139.99,344,199,128,92,66,55,25,82,694,238,0,59
182291,15,-0.07,-0.03,-0.55,-0.4,1,0.1,0.1,0.15,50,52.97,1144,1014,55,959,0,323,0,128,0,508,0,130,8,1152,508,451,1152,490251.29,5073.24,27,49,49,42,48,38,44,662,0,323,0,636
182292,15,-0.07,-0.03,-0.55,-0.4,1,0.1,0.1,0.15,50,79.03,1146,1016,29,987,755,0,0,207,0,25,0,130,6,1152,780,207,1152,471758.37,4832.89,319,158,95,63,51,35,16,250,755,0,0,232
182293,15,-0.07,-0.03,-0.55,-0.4,1,0.1,0.1,0.15,60,71.34,1147,1017,26,991,694,238,0,46,0,13,0,130,5,1152,707,284,1152,304694.9,3139.99,344,199,128,92,66,55,25,82,694,238,0,59
182294,15,-0.07,-0.03,-0.55,-0.4,1,0.1,0.1,0.15,60,52.97,1144,1014,55,959,0,323,0,128,0,508,0,130,8,1152,508,451,1152,490251.29,5073.24,27,49,49,42,48,38,44,662,0,323,0,636
182295,15,-0.07,-0.03,-0.55,-0.4,1,0.1,0.1,0.15,60,79.03,1146,1016,29,987,755,0,0,207,0,25,0,130,6,1152,780,207,1152,471758.37,4832.89,319,158,95,63,51,35,16,250,755,0,0,232
182296,15,-0.07,-0.03,-0.55,-0.4,1,0.1,0.2,0.15,20,61.95,1147,1017,21,996,309,166,213,0,308,0,0,130,5,1152,617,379,1152,476911.32,4900.1,79,151,153,613,0,0,0,0,309,166,521,0
182297,15,-0.07,-0.03,-0.55,-0.4,1,0.1,0.2,0.15,20,61.04,1147,1017,21,996,0,167,221,0,608,0,0,130,5,1152,608,388,1152,542611.93,5573.9,27,49,49,871,0,0,0,0,0,167,829,0
182298,15,-0.07,-0.03,-0.55,-0.4,1,0.1,0.2,0.15,20,65.13,1146,1016,21,995,320,0,347,0,328,0,0,130,6,1152,648,347,1152,575885.42,5921.39,52,103,106,734,0,0,0,0,320,0,675,0
182299,15,-0.07,-0.03,-0.55,-0.4,1,0.1,0.2,0.15,30,60.93,1147,1017,47,970,414,246,133,0,177,0,0,130,5,1152,591,379,1152,478677.85,4913.65,79,151,153,92,105,390,0,0,414,246,310,0
182300,15,-0.07,-0.03,-0.55,-0.4,1,0.1,0.2,0.15,30,57.84,1146,1016,53,963,0,253,153,0,557,0,0,130,6,1152,557,406,1152,490855.47,5056.74,27,49,49,42,48,748,0,0,0,253,710,0
182301,15,-0.07,-0.03,-0.55,-0.4,1,0.1,0.2,0.15,30,67.91,1146,1016,50,966,440,0,310,0,216,0,0,130,6,1152,656,310,1152,667092.91,6856.15,52,103,106,59,69,577,0,0,440,0,526,0
182302,15,-0.07,-0.03,-0.55,-0.4,1,0.1,0.2,0.15,40,59.09,1147,1017,49,968,455,292,78,26,52,65,0,130,5,1152,572,396,1152,482620.03,4967.28,79,151,153,92,105,80,58,250,455,292,130,91
182303,15,-0.07,-0.03,-0.55,-0.4,1,0.1,0.2,0.15,40,54.54,1144,1014,55,959,0,309,99,28,135,388,0,130,8,1152,523,436,1152,525801.02,5439.17,27,49,49,42,48,38,44,662,0,309,234,416
182304,15,-0.07,-0.03,-0.55,-0.4,1,0.1,0.2,0.15,40,67.32,1146,1016,52,964,492,0,224,91,57,100,0,130,6,1152,649,315,1152,720201.26,7393.86,52,103,106,59,69,51,34,490,492,0,281,191
182305,15,-0.07,-0.03,-0.55,-0.4,1,0.1,0.2,0.15,50,57.95,1147,1017,49,968,456,304,0,103,0,105,0,130,5,1152,561,407,1152,463098.58,4766.15,79,151,153,92,105,80,58,250,456,304,0,208
182306,15,-0.07,-0.03,-0.55,-0.4,1,0.1,0.2,0.15,50,52.97,1144,1014,55,959,0,323,0,128,0,508,0,130,8,1152,508,451,1152,490251.29,5073.24,27,49,49,42,48,38,44,662,0,323,0,636
182307,15,-0.07,-0.03,-0.55,-0.4,1,0.1,0.2,0.15,50,66.18,1146,1016,52,964,493,0,0,326,0,145,0,130,6,1152,638,326,1152,686957.19,7042.19,52,103,106,59,69,51,34,490,493,0,0,471
182308,15,-0.07,-0.03,-0.55,-0.4,1,0.1,0.2,0.15,60,57.95,1147,1017,49,968,456,304,0,103,0,105,0,130,5,1152,561,407,1152,463098.58,4766.15,79,151,153,92,105,80,58,250,456,304,0,208
182309,15,-0.07,-0.03,-0.55,-0.4,1,0.1,0.2,0.15,60,52.97,1144,1014,55,959,0,323,0,128,0,508,0,130,8,1152,508,451,1152,490251.29,5073.24,27,49,49,42,48,38,44,662,0,323,0,636
182310,15,-0.07,-0.03,-0.55,-0.4,1,0.1,0.2,0.15,60,66.18,1146,1016,52,964,493,0,0,326,0,145,0,130,6,1152,638,326,1152,686957.19,7042.19,52,103,106,59,69,51,34,490,493,0,0,471
182311,15,-0.07,-0.03,-0.55,-0.4,1,0.2,0.1,0.15,20,68.42,1147,1017,10,1007,612,151,167,0,77,0,0,130,5,1152,689,318,1152,311307.95,3195.18,344,199,128,336,0,0,0,0,612,151,244,0
182312,15,-0.07,-0.03,-0.55,-0.4,1,0.2,0.1,0.15,20,61.04,1147,1017,21,996,0,167,221,0,608,0,0,130,5,1152,608,388,1152,542611.93,5573.9,27,49,49,871,0,0,0,0,0,167,829,0
182313,15,-0.07,-0.03,-0.55,-0.4,1,0.2,0.1,0.15,20,71.37,1146,1016,10,1006,635,0,288,0,83,0,0,130,6,1152,718,288,1152,391498.35,4021.7,319,158,95,434,0,0,0,0,635,0,371,0
182314,15,-0.07,-0.03,-0.55,-0.4,1,0.2,0.1,0.15,30,71.47,1147,1017,25,992,676,208,75,0,33,0,0,130,5,1152,709,283,1152,313213.23,3218.43,344,199,128,92,66,163,0,0,676,208,108,0
182315,15,-0.07,-0.03,-0.55,-0.4,1,0.2,0.1,0.15,30,57.84,1146,1016,53,963,0,253,153,0,557,0,0,130,6,1152,557,406,1152,490855.47,5056.74,27,49,49,42,48,748,0,0,0,253,710,0
182316,15,-0.07,-0.03,-0.55,-0.4,1,0.2,0.1,0.15,30,77.53,1146,1016,28,988,721,0,222,0,45,0,0,130,6,1152,766,222,1152,458455.56,4718.14,319,158,95,63,51,302,0,0,721,0,267,0
182317,15,-0.07,-0.03,-0.55,-0.4,1,0.2,0.1,0.15,40,71.64,1147,1017,26,991,694,232,37,12,12,4,0,130,5,1152,710,281,1152,312192.33,3216.36,344,199,128,92,66,55,25,82,694,232,49,16
182318,15,-0.07,-0.03,-0.55,-0.4,1,0.2,0.1,0.15,40,54.54,1144,1014,55,959,0,309,99,28,135,388,0,130,8,1152,523,436,1152,525801.02,5439.17,27,49,49,42,48,38,44,662,0,309,234,416
182319,15,-0.07,-0.03,-0.55,-0.4,1,0.2,0.1,0.15,40,79.13,1146,1016,29,987,754,0,140,66,13,14,0,130,6,1152,781,206,1152,486813.69,4994.15,319,158,95,63,51,35,16,250,754,0,153,80
182320,15,-0.07,-0.03,-0.55,-0.4,1,0.2,0.1,0.15,50,71.34,1147,1017,26,991,694,238,0,46,0,13,0,130,5,1152,707,284,1152,304694.9,3139.99,344,199,128,92,66,55,25,82,694,238,0,59
182321,15,-0.07,-0.03,-0.55,-0.4,1,0.2,0.1,0.15,50,52.97,1144,1014,55,959,0,323,0,128,0,508,0,130,8,1152,508,451,1152,490251.29,5073.24,27,49,49,42,48,38,44,662,0,323,0,636
182322,15,-0.07,-0.03,-0.55,-0.4,1,0.2,0.1,0.15,50,79.03,1146,1016,29,987,755,0,0,207,0,25,0,130,6,1152,780,207,1152,471758.37,4832.89,319,158,95,63,51,35,16,250,755,0,0,232
182323,15,-0.07,-0.03,-0.55,-0.4,1,0.2,0.1,0.15,60,71.34,1147,1017,26,991,694,238,0,46,0,13,0,130,5,1152,707,284,1152,304694.9,3139.99,344,199,128,92,66,55,25,82,694,238,0,59
182324,15,-0.07,-0.03,-0.55,-0.4,1,0.2,0.1,0.15,60,52.97,1144,1014,55,959,0,323,0,128,0,508,0,130,8,1152,508,451,1152,490251.29,5073.24,27,49,49,42,48,38,44,662,0,323,0,636
182325,15,-0.07,-0.03,-0.55,-0.4,1,0.2,0.1,0.15,60,79.03,1146,1016,29,987,755,0,0,207,0,25,0,130,6,1152,780,207,1152,471758.37,4832.89,319,158,95,63,51,35,16,250,755,0,0,232
182326,15,-0.07,-0.03,-0.55,-0.4,1,0.2,0.2,0.15,20,61.95,1147,1017,21,996,309,166,213,0,308,0,0,130,5,1152,617,379,1152,476911.32,4900.1,79,151,153,613,0,0,0,0,309,166,521,0
182327,15,-0.07,-0.03,-0.55,-0.4,1,0.2,0.2,0.15,20,61.04,1147,1017,21,996,0,167,221,0,608,0,0,130,5,1152,608,388,1152,542611.93,5573.9,27,49,49,871,0,0,0,0,0,167,829,0
182328,15,-0.07,-0.03,-0.55,-0.4,1,0.2,0.2,0.15,20,65.13,1146,1016,21,995,320,0,347,0,328,0,0,130,6,1152,648,347,1152,575885.42,5921.39,52,103,106,734,0,0,0,0,320,0,675,0
182329,15,-0.07,-0.03,-0.55,-0.4,1,0.2,0.2,0.15,30,60.93,1147,1017,47,970,414,246,133,0,177,0,0,130,5,1152,591,379,1152,478677.85,4913.65,79,151,153,92,105,390,0,0,414,246,310,0
182330,15,-0.07,-0.03,-0.55,-0.4,1,0.2,0.2,0.15,30,57.84,1146,1016,53,963,0,253,153,0,557,0,0,130,6,1152,557,406,1152,490855.47,5056.74,27,49,49,42,48,748,0,0,0,253,710,0
182331,15,-0.07,-0.03,-0.55,-0.4,1,0.2,0.2,0.15,30,67.91,1146,1016,50,966,440,0,310,0,216,0,0,130,6,1152,656,310,1152,667092.91,6856.15,52,103,106,59,69,577,0,0,440,0,526,0
182332,15,-0.07,-0.03,-0.55,-0.4,1,0.2,0.2,0.15,40,59.09,1147,1017,49,968,455,292,78,26,52,65,0,130,5,1152,572,396,1152,482620.03,4967.28,79,151,153,92,105,80,58,250,455,292,130,91
182333,15,-0.07,-0.03,-0.55,-0.4,1,0.2,0.2,0.15,40,54.54,1144,1014,55,959,0,309,99,28,135,388,0,130,8,1152,523,436,1152,525801.02,5439.17,27,49,49,42,48,38,44,662,0,309,234,416
182334,15,-0.07,-0.03,-0.55,-0.4,1,0.2,0.2,0.15,40,67.32,1146,1016,52,964,492,0,224,91,57,100,0,130,6,1152,649,315,1152,720201.26,7393.86,52,103,106,59,69,51,34,490,492,0,281,191
182335,15,-0.07,-0.03,-0.55,-0.4,1,0.2,0.2,0.15,50,57.95,1147,1017,49,968,456,304,0,103,0,105,0,130,5,1152,561,407,1152,463098.58,4766.15,79,151,153,92,105,80,58,250,456,304,0,208
182336,15,-0.07,-0.03,-0.55,-0.4,1,0.2,0.2,0.15,50,52.97,1144,1014,55,959,0,323,0,128,0,508,0,130,8,1152,508,451,1152,490251.29,5073.24,27,49,49,42,48,38,44,662,0,323,0,636
182337,15,-0.07,-0.03,-0.55,-0.4,1,0.2,0.2,0.15,50,66.18,1146,1016,52,964,493,0,0,326,0,145,0,130,6,1152,638,326,1152,686957.19,7042.19,52,103,106,59,69,51,34,490,493,0,0,471
182338,15,-0.07,-0.03,-0.55,-0.4,1,0.2,0.2,0.15,60,57.95,1147,1017,49,968,456,304,0,103,0,105,0,130,5,1152,561,407,1152,463098.58,4766.15,79,151,153,92,105,80,58,250,456,304,0,208
182339,15,-0.07,-0.03,-0.55,-0.4,1,0.2,0.2,0.15,60,52.97,1144,1014,55,959,0,323,0,128,0,508,0,130,8,1152,508,451,1152,490251.29,5073.24,27,49,49,42,48,38,44,662,0,323,0,636
182340,15,-0.07,-0.03,-0.55,-0.4,1,0.2,0.2,0.15,60,66.18,1146,1016,52,964,493,0,0,326,0,145,0,130,6,1152,638,326,1152,686957.19,7042.19,52,103,106,59,69,51,34,490,493,0,0,471
182341,15,-0.07,-0.03,-0.55,-0.4,2,0.1,0.1,0.15,20,71.6,1147,1017,10,1007,640,149,137,0,81,0,0,130,5,1152,721,286,1152,394281.04,4426.22,358,208,137,304,0,0,0,0,640,149,218,0
182342,15,-0.07,-0.03,-0.55,-0.4,2,0.1,0.1,0.15,20,64.56,1147,1017,21,996,0,167,186,0,643,0,0,130,5,1152,643,353,1152,727757.04,7309.51,27,49,49,871,0,0,0,0,0,167,829,0
182343,15,-0.07,-0.03,-0.55,-0.4,2,0.1,0.1,0.15,20,76.44,1146,1016,10,1006,671,0,237,0,98,0,0,130,6,1152,769,237,1152,525194.41,5296.11,334,170,108,394,0,0,0,0,671,0,335,0
182344,15,-0.07,-0.03,-0.55,-0.4,2,0.1,0.1,0.15,30,73.54,1147,1017,23,994,699,202,61,0,32,0,0,130,5,1152,731,263,1152,381752.52,4573.81,358,208,137,86,67,138,0,0,699,202,93,0
182345,15,-0.07,-0.03,-0.55,-0.4,2,0.1,0.1,0.15,30,59.61,1146,1016,53,963,0,253,136,0,574,0,0,130,6,1152,574,389,1152,704530.37,7182.92,27,49,49,42,48,748,0,0,0,253,710,0
182346,15,-0.07,-0.03,-0.55,-0.4,2,0.1,0.1,0.15,30,82.12,1146,1016,26,990,764,0,177,0,49,0,0,130,6,1152,813,177,1152,626852.58,6065.42,334,170,108,59,65,254,0,0,764,0,226,0
182347,15,-0.07,-0.03,-0.55,-0.4,2,0.1,0.1,0.15,40,74.02,1147,1017,24,993,716,224,29,5,13,6,0,130,5,1152,735,258,1152,376706.18,4611.35,358,208,137,86,67,45,23,69,716,224,42,11
182348,15,-0.07,-0.03,-0.55,-0.4,2,0.1,0.1,0.15,40,57.04,1144,1014,55,959,0,309,83,20,151,396,0,130,8,1152,547,412,1152,746574.88,7789.25,27,49,49,42,48,38,44,662,0,309,234,416
182349,15,-0.07,-0.03,-0.55,-0.4,2,0.1,0.1,0.15,40,84.43,1146,1016,27,989,798,0,115,39,18,19,0,130,6,1152,835,154,1152,687881.39,6422.88,334,170,108,59,65,28,18,207,798,0,133,58
182350,15,-0.07,-0.03,-0.55,-0.4,2,0.1,0.1,0.15,50,73.51,1147,1017,24,993,716,230,0,33,0,14,0,130,5,1152,730,263,1152,365777.04,4542.94,358,208,137,86,67,45,23,69,716,230,0,47
182351,15,-0.07,-0.03,-0.55,-0.4,2,0.1,0.1,0.15,50,55.16,1144,1014,55,959,0,323,0,107,0,529,0,130,8,1152,529,430,1152,699136.13,7427.45,27,49,49,42,48,38,44,662,0,323,0,636
182352,15,-0.07,-0.03,-0.55,-0.4,2,0.1,0.1,0.15,50,84.33,1146,1016,27,989,798,0,0,155,0,36,0,130,6,1152,834,155,1152,658336.19,6260.71,334,170,108,59,65,28,18,207,798,0,0,191
182353,15,-0.07,-0.03,-0.55,-0.4,2,0.1,0.1,0.15,60,73.51,1147,1017,24,993,716,230,0,33,0,14,0,130,5,1152,730,263,1152,365777.04,4542.94,358,208,137,86,67,45,23,69,716,230,0,47
182354,15,-0.07,-0.03,-0.55,-0.4,2,0.1,0.1,0.15,60,55.16,1144,1014,55,959,0,323,0,107,0,529,0,130,8,1152,529,430,1152,699136.13,7427.45,27,49,49,42,48,38,44,662,0,323,0,636
182355,15,-0.07,-0.03,-0.55,-0.4,2,0.1,0.1,0.15,60,84.33,1146,1016,27,989,798,0,0,155,0,36,0,130,6,1152,834,155,1152,658336.19,6260.71,334,170,108,59,65,28,18,207,798,0,0,191
182356,15,-0.07,-0.03,-0.55,-0.4,2,0.1,0.2,0.15,20,65.56,1147,1017,21,996,334,166,177,0,319,0,0,130,5,1152,653,343,1152,635547.17,6525.68,80,156,166,594,0,0,0,0,334,166,496,0
182357,15,-0.07,-0.03,-0.55,-0.4,2,0.1,0.2,0.15,20,64.56,1147,1017,21,996,0,167,186,0,643,0,0,130,5,1152,643,353,1152,727757.04,7309.51,27,49,49,871,0,0,0,0,0,167,829,0
182358,15,-0.07,-0.03,-0.55,-0.4,2,0.1,0.2,0.15,20,70.65,1146,1016,21,995,354,0,292,0,349,0,0,130,6,1152,703,292,1152,819182.29,7697.58,54,109,123,709,0,0,0,0,354,0,641,0
182359,15,-0.07,-0.03,-0.55,-0.4,2,0.1,0.2,0.15,30,62.89,1147,1017,47,970,438,245,115,0,172,0,0,130,5,1152,610,360,1152,640927.72,6789.67,80,156,166,98,106,364,0,0,438,245,287,0
182360,15,-0.07,-0.03,-0.55,-0.4,2,0.1,0.2,0.15,30,59.61,1146,1016,53,963,0,253,136,0,574,0,0,130,6,1152,574,389,1152,704530.37,7182.92,27,49,49,42,48,748,0,0,0,253,710,0
182361,15,-0.07,-0.03,-0.55,-0.4,2,0.1,0.2,0.15,30,72.67,1146,1016,50,966,478,0,264,0,224,0,0,130,6,1152,702,264,1152,998775.72,8910.16,54,109,123,68,71,541,0,0,478,0,488,0
182362,15,-0.07,-0.03,-0.55,-0.4,2,0.1,0.2,0.15,40,61.47,1147,1017,49,968,482,290,64,19,60,53,0,130,5,1152,595,373,1152,641568.63,6955.49,80,156,166,98,106,77,61,224,482,290,124,72
182363,15,-0.07,-0.03,-0.55,-0.4,2,0.1,0.2,0.15,40,57.04,1144,1014,55,959,0,309,83,20,151,396,0,130,8,1152,547,412,1152,746574.88,7789.25,27,49,49,42,48,38,44,662,0,309,234,416
182364,15,-0.07,-0.03,-0.55,-0.4,2,0.1,0.2,0.15,40,73.13,1146,1016,52,964,541,0,196,63,73,91,0,130,6,1152,705,259,1152,1096133.98,9575.61,54,109,123,68,71,53,41,445,541,0,269,154
182365,15,-0.07,-0.03,-0.55,-0.4,2,0.1,0.2,0.15,50,60.23,1147,1017,49,968,483,302,0,83,0,100,0,130,5,1152,583,385,1152,615336.12,6775.4,80,156,166,98,106,77,61,224,483,302,0,183
182366,15,-0.07,-0.03,-0.55,-0.4,2,0.1,0.2,0.15,50,55.16,1144,1014,55,959,0,323,0,107,0,529,0,130,8,1152,529,430,1152,699136.13,7427.45,27,49,49,42,48,38,44,662,0,323,0,636
182367,15,-0.07,-0.03,-0.55,-0.4,2,0.1,0.2,0.15,50,72.61,1146,1016,52,964,543,0,0,264,0,157,0,130,6,1152,700,264,1152,1046212.95,9263.52,54,109,123,68,71,53,41,445,543,0,0,421
182368,15,-0.07,-0.03,-0.55,-0.4,2,0.1,0.2,0.15,60,60.23,1147,1017,49,968,483,302,0,83,0,100,0,130,5,1152,583,385,1152,615336.12,6775.4,80,156,166,98,106,77,61,224,483,302,0,183
182369,15,-0.07,-0.03,-0.55,-0.4,2,0.1,0.2,0.15,60,55.16,1144,1014,55,959,0,323,0,107,0,529,0,130,8,1152,529,430,1152,699136.13,7427.45,27,49,49,42,48,38,44,662,0,323,0,636
182370,15,-0.07,-0.03,-0.55,-0.4,2,0.1,0.2,0.15,60,72.61,1146,1016,52,964,543,0,0,264,0,157,0,130,6,1152,700,264,1152,1046212.95,9263.52,54,109,123,68,71,53,41,445,543,0,0,421
182371,15,-0.07,-0.03,-0.55,-0.4,2,0.2,0.1,0.15,20,68.42,1147,1017,10,1007,612,151,167,0,77,0,0,130,5,1152,689,318,1152,311307.95,3195.18,344,199,128,336,0,0,0,0,612,151,244,0
182372,15,-0.07,-0.03,-0.55,-0.4,2,0.2,0.1,0.15,20,61.04,1147,1017,21,996,0,167,221,0,608,0,0,130,5,1152,608,388,1152,542611.93,5573.9,27,49,49,871,0,0,0,0,0,167,829,0
182373,15,-0.07,-0.03,-0.55,-0.4,2,0.2,0.1,0.15,20,71.37,1146,1016,10,1006,635,0,288,0,83,0,0,130,6,1152,718,288,1152,391498.35,4021.7,319,158,95,434,0,0,0,0,635,0,371,0
182374,15,-0.07,-0.03,-0.55,-0.4,2,0.2,0.1,0.15,30,71.47,1147,1017,25,992,676,208,75,0,33,0,0,130,5,1152,709,283,1152,313213.23,3218.43,344,199,128,92,66,163,0,0,676,208,108,0
182375,15,-0.07,-0.03,-0.55,-0.4,2,0.2,0.1,0.15,30,57.84,1146,1016,53,963,0,253,153,0,557,0,0,130,6,1152,557,406,1152,490855.47,5056.74,27,49,49,42,48,748,0,0,0,253,710,0
182376,15,-0.07,-0.03,-0.55,-0.4,2,0.2,0.1,0.15,30,77.53,1146,1016,28,988,721,0,222,0,45,0,0,130,6,1152,766,222,1152,458455.56,4718.14,319,158,95,63,51,302,0,0,721,0,267,0
182377,15,-0.07,-0.03,-0.55,-0.4,2,0.2,0.1,0.15,40,71.64,1147,1017,26,991,694,232,37,12,12,4,0,130,5,1152,710,281,1152,312192.33,3216.36,344,199,128,92,66,55,25,82,694,232,49,16
182378,15,-0.07,-0.03,-0.55,-0.4,2,0.2,0.1,0.15,40,54.54,1144,1014,55,959,0,309,99,28,135,388,0,130,8,1152,523,436,1152,525801.02,5439.17,27,49,49,42,48,38,44,662,0,309,234,416
182379,15,-0.07,-0.03,-0.55,-0.4,2,0.2,0.1,0.15,40,79.13,1146,1016,29,987,754,0,140,66,13,14,0,130,6,1152,781,206,1152,486813.69,4994.15,319,158,95,63,51,35,16,250,754,0,153,80
182380,15,-0.07,-0.03,-0.55,-0.4,2,0.2,0.1,0.15,50,71.34,1147,1017,26,991,694,238,0,46,0,13,0,130,5,1152,707,284,1152,304694.9,3139.99,344,199,128,92,66,55,25,82,694,238,0,59
182381,15,-0.07,-0.03,-0.55,-0.4,2,0.2,0.1,0.15,50,52.97,1144,1014,55,959,0,323,0,128,0,508,0,130,8,1152,508,451,1152,490251.29,5073.24,27,49,49,42,48,38,44,662,0,323,0,636
182382,15,-0.07,-0.03,-0.55,-0.4,2,0.2,0.1,0.15,50,79.03,1146,1016,29,987,755,0,0,207,0,25,0,130,6,1152,780,207,1152,471758.37,4832.89,319,158,95,63,51,35,16,250,755,0,0,232
182383,15,-0.07,-0.03,-0.55,-0.4,2,0.2,0.1,0.15,60,71.34,1147,1017,26,991,694,238,0,46,0,13,0,130,5,1152,707,284,1152,304694.9,3139.99,344,199,128,92,66,55,25,82,694,238,0,59
182384,15,-0.07,-0.03,-0.55,-0.4,2,0.2,0.1,0.15,60,52.97,1144,1014,55,959,0,323,0,128,0,508,0,130,8,1152,508,451,1152,490251.29,5073.24,27,49,49,42,48,38,44,662,0,323,0,636
182385,15,-0.07,-0.03,-0.55,-0.4,2,0.2,0.1,0.15,60,79.03,1146,1016,29,987,755,0,0,207,0,25,0,130,6,1152,780,207,1152,471758.37,4832.89,319,158,95,63,51,35,16,250,755,0,0,232
182386,15,-0.07,-0.03,-0.55,-0.4,2,0.2,0.2,0.15,20,61.95,1147,1017,21,996,309,166,213,0,308,0,0,130,5,1152,617,379,1152,476911.32,4900.1,79,151,153,613,0,0,0,0,309,166,521,0
182387,15,-0.07,-0.03,-0.55,-0.4,2,0.2,0.2,0.15,20,61.04,1147,1017,21,996,0,167,221,0,608,0,0,130,5,1152,608,388,1152,542611.93,5573.9,27,49,49,871,0,0,0,0,0,167,829,0
182388,15,-0.07,-0.03,-0.55,-0.4,2,0.2,0.2,0.15,20,65.13,1146,1016,21,995,320,0,347,0,328,0,0,130,6,1152,648,347,1152,575885.42,5921.39,52,103,106,734,0,0,0,0,320,0,675,0
182389,15,-0.07,-0.03,-0.55,-0.4,2,0.2,0.2,0.15,30,60.93,1147,1017,47,970,414,246,133,0,177,0,0,130,5,1152,591,379,1152,478677.85,4913.65,79,151,153,92,105,390,0,0,414,246,310,0
182390,15,-0.07,-0.03,-0.55,-0.4,2,0.2,0.2,0.15,30,57.84,1146,1016,53,963,0,253,153,0,557,0,0,130,6,1152,557,406,1152,490855.47,5056.74,27,49,49,42,48,748,0,0,0,253,710,0
182391,15,-0.07,-0.03,-0.55,-0.4,2,0.2,0.2,0.15,30,67.91,1146,1016,50,966,440,0,310,0,216,0,0,130,6,1152,656,310,1152,667092.91,6856.15,52,103,106,59,69,577,0,0,440,0,526,0
182392,15,-0.07,-0.03,-0.55,-0.4,2,0.2,0.2,0.15,40,59.09,1147,1017,49,968,455,292,78,26,52,65,0,130,5,1152,572,396,1152,482620.03,4967.28,79,151,153,92,105,80,58,250,455,292,130,91
182393,15,-0.07,-0.03,-0.55,-0.4,2,0.2,0.2,0.15,40,54.54,1144,1014,55,959,0,309,99,28,135,388,0,130,8,1152,523,436,1152,525801.02,5439.17,27,49,49,42,48,38,44,662,0,309,234,416
182394,15,-0.07,-0.03,-0.55,-0.4,2,0.2,0.2,0.15,40,67.32,1146,1016,52,964,492,0,224,91,57,100,0,130,6,1152,649,315,1152,720201.26,7393.86,52,103,106,59,69,51,34,490,492,0,281,191
182395,15,-0.07,-0.03,-0.55,-0.4,2,0.2,0.2,0.15,50,57.95,1147,1017,49,968,456,304,0,103,0,105,0,130,5,1152,561,407,1152,463098.58,4766.15,79,151,153,92,105,80,58,250,456,304,0,208
182396,15,-0.07,-0.03,-0.55,-0.4,2,0.2,0.2,0.15,50,52.97,1144,1014,55,959,0,323,0,128,0,508,0,130,8,1152,508,451,1152,490251.29,5073.24,27,49,49,42,48,38,44,662,0,323,0,636
182397,15,-0.07,-0.03,-0.55,-0.4,2,0.2,0.2,0.15,50,66.18,1146,1016,52,964,493,0,0,326,0,145,0,130,6,1152,638,326,1152,686957.19,7042.19,52,103,106,59,69,51,34,490,493,0,0,471
182398,15,-0.07,-0.03,-0.55,-0.4,2,0.2,0.2,0.15,60,57.95,1147,1017,49,968,456,304,0,103,0,105,0,130,5,1152,561,407,1152,463098.58,4766.15,79,151,153,92,105,80,58,250,456,304,0,208
182399,15,-0.07,-0.03,-0.55,-0.4,2,0.2,0.2,0.15,60,52.97,1144,1014,55,959,0,323,0,128,0,508,0,130,8,1152,508,451,1152,490251.29,5073.24,27,49,49,42,48,38,44,662,0,323,0,636
182400,15,-0.07,-0.03,-0.55,-0.4,2,0.2,0.2,0.15,60,66.18,1146,1016,52,964,493,0,0,326,0,145,0,130,6,1152,638,326,1152,686957.19,7042.19,52,103,106,59,69,51,34,490,493,0,0,471
182401,15,-0.07,-0.03,-0.55,-0.35,1,0.1,0.1,0.15,20,67.0,1665,1515,21,1494,878,232,261,0,123,0,0,150,10,1675,1001,493,1675,419527.16,4308.68,485,295,208,506,0,0,0,0,878,232,384,0
182402,15,-0.07,-0.03,-0.55,-0.35,1,0.1,0.1,0.15,20,59.12,1664,1514,34,1480,0,258,347,0,875,0,0,150,11,1675,875,605,1675,658689.04,6776.1,44,80,72,1284,0,0,0,0,0,258,1222,0
182403,15,-0.07,-0.03,-0.55,-0.35,1,0.1,0.1,0.15,20,70.15,1662,1512,21,1491,908,0,445,0,138,0,0,150,13,1675,1046,445,1675,545815.51,5601.92,443,226,156,666,0,0,0,0,908,0,583,0
182404,15,-0.07,-0.03,-0.55,-0.35,1,0.1,0.1,0.15,30,70.26,1665,1515,42,1473,987,312,126,0,48,0,0,150,10,1675,1035,438,1675,438015.7,4511.58,485,295,208,122,100,263,0,0,987,312,174,0
182405,15,-0.07,-0.03,-0.55,-0.35,1,0.1,0.1,0.15,30,56.6,1663,1513,73,1440,0,375,250,0,815,0,0,150,12,1675,815,625,1675,608852.38,6312.51,44,80,72,62,63,1119,0,0,0,375,1065,0
182406,15,-0.07,-0.03,-0.55,-0.35,1,0.1,0.1,0.15,30,76.26,1662,1512,46,1466,1048,0,348,0,70,0,0,150,13,1675,1118,348,1675,667929.11,6875.39,443,226,156,83,80,478,0,0,1048,0,418,0
182407,15,-0.07,-0.03,-0.55,-0.35,1,0.1,0.1,0.15,40,70.45,1665,1515,43,1472,1012,358,55,22,15,10,0,150,10,1675,1037,435,1675,422490.12,4360.97,485,295,208,122,100,89,37,136,1012,358,70,32
182408,15,-0.07,-0.03,-0.55,-0.35,1,0.1,0.1,0.15,40,53.83,1661,1511,75,1436,0,467,151,45,214,559,0,150,14,1675,773,663,1675,620384.84,6393.99,44,80,72,62,63,54,64,997,0,467,365,604
182409,15,-0.07,-0.03,-0.55,-0.35,1,0.1,0.1,0.15,40,78.42,1662,1512,48,1464,1098,0,209,107,19,31,0,150,13,1675,1148,316,1675,708292.97,7274.73,443,226,156,83,80,60,24,392,1098,0,228,138
182410,15,-0.07,-0.03,-0.55,-0.35,1,0.1,0.1,0.15,50,70.11,1665,1515,43,1472,1012,364,0,76,0,20,0,150,10,1675,1032,440,1675,413463.65,4267.85,485,295,208,122,100,89,37,136,1012,364,0,96
182411,15,-0.07,-0.03,-0.55,-0.35,1,0.1,0.1,0.15,50,52.23,1661,1511,75,1436,0,485,0,201,0,750,0,150,14,1675,750,686,1675,568831.85,5855.88,44,80,72,62,63,54,64,997,0,485,0,951
182412,15,-0.07,-0.03,-0.55,-0.35,1,0.1,0.1,0.15,50,78.28,1662,1512,48,1464,1099,0,0,318,0,47,0,150,13,1675,1146,318,1675,694107.01,7121.92,443,226,156,83,80,60,24,392,1099,0,0,365
182413,15,-0.07,-0.03,-0.55,-0.35,1,0.1,0.1,0.15,60,70.11,1665,1515,43,1472,1012,364,0,76,0,20,0,150,10,1675,1032,440,1675,413463.65,4267.85,485,295,208,122,100,89,37,136,1012,364,0,96
182414,15,-0.07,-0.03,-0.55,-0.35,1,0.1,0.1,0.15,60,52.23,1661,1511,75,1436,0,485,0,201,0,750,0,150,14,1675,750,686,1675,568831.85,5855.88,44,80,72,62,63,54,64,997,0,485,0,951
182415,15,-0.07,-0.03,-0.55,-0.35,1,0.1,0.1,0.15,60,78.28,1662,1512,48,1464,1099,0,0,318,0,47,0,150,13,1675,1146,318,1675,694107.01,7121.92,443,226,156,83,80,60,24,392,1099,0,0,365
182416,15,-0.07,-0.03,-0.55,-0.35,1,0.1,0.2,0.15,20,60.05,1665,1515,33,1482,410,256,336,0,480,0,0,150,10,1675,890,592,1675,605751.56,6217.63,114,206,215,947,0,0,0,0,410,256,816,0
182417,15,-0.07,-0.03,-0.55,-0.35,1,0.1,0.2,0.15,20,59.12,1664,1514,34,1480,0,258,347,0,875,0,0,150,11,1675,875,605,1675,658689.04,6776.1,44,80,72,1284,0,0,0,0,0,258,1222,0
182418,15,-0.07,-0.03,-0.55,-0.35,1,0.1,0.2,0.15,20,63.22,1662,1512,33,1479,422,0,544,0,513,0,0,150,13,1675,935,544,1675,750543.96,7702.83,70,127,145,1137,0,0,0,0,422,0,1057,0
182419,15,-0.07,-0.03,-0.55,-0.35,1,0.1,0.2,0.15,30,59.28,1665,1515,66,1449,558,367,223,0,301,0,0,150,10,1675,859,590,1675,625921.65,6428.11,114,206,215,131,150,633,0,0,558,367,524,0
182420,15,-0.07,-0.03,-0.55,-0.35,1,0.1,0.2,0.15,30,56.6,1663,1513,73,1440,0,375,250,0,815,0,0,150,12,1675,815,625,1675,608852.38,6312.51,44,80,72,62,63,1119,0,0,0,375,1065,0
182421,15,-0.07,-0.03,-0.55,-0.35,1,0.1,0.2,0.15,30,66.02,1662,1512,70,1442,593,0,490,0,359,0,0,150,13,1675,952,490,1675,909732.18,9339.9,70,127,145,80,103,917,0,0,593,0,849,0
182422,15,-0.07,-0.03,-0.55,-0.35,1,0.1,0.2,0.15,40,57.91,1665,1515,68,1447,628,445,121,43,83,127,0,150,10,1675,838,609,1675,625541.52,6449.5,114,206,215,131,150,109,93,429,628,445,204,170
182423,15,-0.07,-0.03,-0.55,-0.35,1,0.1,0.2,0.15,40,53.83,1661,1511,75,1436,0,467,151,45,214,559,0,150,14,1675,773,663,1675,620384.84,6393.99,44,80,72,62,63,54,64,997,0,467,365,604
182424,15,-0.07,-0.03,-0.55,-0.35,1,0.1,0.2,0.15,40,66.37,1662,1512,73,1439,678,0,341,143,94,183,0,150,13,1675,955,484,1675,991219.02,10182.32,70,127,145,80,103,68,60,786,678,0,435,326
182425,15,-0.07,-0.03,-0.55,-0.35,1,0.1,0.2,0.15,50,56.81,1665,1515,68,1447,631,461,0,164,0,191,0,150,10,1675,822,625,1675,598800.88,6174.32,114,206,215,131,150,109,93,429,631,461,0,355
182426,15,-0.07,-0.03,-0.55,-0.35,1,0.1,0.2,0.15,50,52.23,1661,1511,75,1436,0,485,0,201,0,750,0,150,14,1675,750,686,1675,568831.85,5855.88,44,80,72,62,63,54,64,997,0,485,0,951
182427,15,-0.07,-0.03,-0.55,-0.35,1,0.1,0.2,0.15,50,65.39,1662,1512,73,1439,681,0,0,498,0,260,0,150,13,1675,941,498,1675,951006.75,9760.27,70,127,145,80,103,68,60,786,681,0,0,758
182428,15,-0.07,-0.03,-0.55,-0.35,1,0.1,0.2,0.15,60,56.81,1665,1515,68,1447,631,461,0,164,0,191,0,150,10,1675,822,625,1675,598800.88,6174.32,114,206,215,131,150,109,93,429,631,461,0,355
182429,15,-0.07,-0.03,-0.55,-0.35,1,0.1,0.2,0.15,60,52.23,1661,1511,75,1436,0,485,0,201,0,750,0,150,14,1675,750,686,1675,568831.85,5855.88,44,80,72,62,63,54,64,997,0,485,0,951
182430,15,-0.07,-0.03,-0.55,-0.35,1,0.1,0.2,0.15,60,65.39,1662,1512,73,1439,681,0,0,498,0,260,0,150,13,1675,941,498,1675,951006.75,9760.27,70,127,145,80,103,68,60,786,681,0,0,758
182431,15,-0.07,-0.03,-0.55,-0.35,1,0.2,0.1,0.15,20,67.0,1665,1515,21,1494,878,232,261,0,123,0,0,150,10,1675,1001,493,1675,419527.16,4308.68,485,295,208,506,0,0,0,0,878,232,384,0
182432,15,-0.07,-0.03,-0.55,-0.35,1,0.2,0.1,0.15,20,59.12,1664,1514,34,1480,0,258,347,0,875,0,0,150,11,1675,875,605,1675,658689.04,6776.1,44,80,72,1284,0,0,0,0,0,258,1222,0
182433,15,-0.07,-0.03,-0.55,-0.35,1,0.2,0.1,0.15,20,70.15,1662,1512,21,1491,908,0,445,0,138,0,0,150,13,1675,1046,445,1675,545815.51,5601.92,443,226,156,666,0,0,0,0,908,0,583,0
182434,15,-0.07,-0.03,-0.55,-0.35,1,0.2,0.1,0.15,30,70.26,1665,1515,42,1473,987,312,126,0,48,0,0,150,10,1675,1035,438,1675,438015.7,4511.58,485,295,208,122,100,263,0,0,987,312,174,0
182435,15,-0.07,-0.03,-0.55,-0.35,1,0.2,0.1,0.15,30,56.6,1663,1513,73,1440,0,375,250,0,815,0,0,150,12,1675,815,625,1675,608852.38,6312.51,44,80,72,62,63,1119,0,0,0,375,1065,0
182436,15,-0.07,-0.03,-0.55,-0.35,1,0.2,0.1,0.15,30,76.26,1662,1512,46,1466,1048,0,348,0,70,0,0,150,13,1675,1118,348,1675,667929.11,6875.39,443,226,156,83,80,478,0,0,1048,0,418,0
182437,15,-0.07,-0.03,-0.55,-0.35,1,0.2,0.1,0.15,40,70.45,1665,1515,43,1472,1012,358,55,22,15,10,0,150,10,1675,1037,435,1675,422490.12,4360.97,485,295,208,122,100,89,37,136,1012,358,70,32
182438,15,-0.07,-0.03,-0.55,-0.35,1,0.2,0.1,0.15,40,53.83,1661,1511,75,1436,0,467,151,45,214,559,0,150,14,1675,773,663,1675,620384.84,6393.99,44,80,72,62,63,54,64,997,0,467,365,604
182439,15,-0.07,-0.03,-0.55,-0.35,1,0.2,0.1,0.15,40,78.42,1662,1512,48,1464,1098,0,209,107,19,31,0,150,13,1675,1148,316,1675,708292.97,7274.73,443,226,156,83,80,60,24,392,1098,0,228,138
182440,15,-0.07,-0.03,-0.55,-0.35,1,0.2,0.1,0.15,50,70.11,1665,1515,43,1472,1012,364,0,76,0,20,0,150,10,1675,1032,440,1675,413463.65,4267.85,485,295,208,122,100,89,37,136,1012,364,0,96
182441,15,-0.07,-0.03,-0.55,-0.35,1,0.2,0.1,0.15,50,52.23,1661,1511,75,1436,0,485,0,201,0,750,0,150,14,1675,750,686,1675,568831.85,5855.88,44,80,72,62,63,54,64,997,0,485,0,951
182442,15,-0.07,-0.03,-0.55,-0.35,1,0.2,0.1,0.15,50,78.28,1662,1512,48,1464,1099,0,0,318,0,47,0,150,13,1675,1146,318,1675,694107.01,7121.92,443,226,156,83,80,60,24,392,1099,0,0,365
182443,15,-0.07,-0.03,-0.55,-0.35,1,0.2,0.1,0.15,60,70.11,1665,1515,43,1472,1012,364,0,76,0,20,0,150,10,1675,1032,440,1675,413463.65,4267.85,485,295,208,122,100,89,37,136,1012,364,0,96
182444,15,-0.07,-0.03,-0.55,-0.35,1,0.2,0.1,0.15,60,52.23,1661,1511,75,1436,0,485,0,201,0,750,0,150,14,1675,750,686,1675,568831.85,5855.88,44,80,72,62,63,54,64,997,0,485,0,951
182445,15,-0.07,-0.03,-0.55,-0.35,1,0.2,0.1,0.15,60,78.28,1662,1512,48,1464,1099,0,0,318,0,47,0,150,13,1675,1146,318,1675,694107.01,7121.92,443,226,156,83,80,60,24,392,1099,0,0,365
182446,15,-0.07,-0.03,-0.55,-0.35,1,0.2,0.2,0.15,20,60.05,1665,1515,33,1482,410,256,336,0,480,0,0,150,10,1675,890,592,1675,605751.56,6217.63,114,206,215,947,0,0,0,0,410,256,816,0
182447,15,-0.07,-0.03,-0.55,-0.35,1,0.2,0.2,0.15,20,59.12,1664,1514,34,1480,0,258,347,0,875,0,0,150,11,1675,875,605,1675,658689.04,6776.1,44,80,72,1284,0,0,0,0,0,258,1222,0
182448,15,-0.07,-0.03,-0.55,-0.35,1,0.2,0.2,0.15,20,63.22,1662,1512,33,1479,422,0,544,0,513,0,0,150,13,1675,935,544,1675,750543.96,7702.83,70,127,145,1137,0,0,0,0,422,0,1057,0
182449,15,-0.07,-0.03,-0.55,-0.35,1,0.2,0.2,0.15,30,59.28,1665,1515,66,1449,558,367,223,0,301,0,0,150,10,1675,859,590,1675,625921.65,6428.11,114,206,215,131,150,633,0,0,558,367,524,0
182450,15,-0.07,-0.03,-0.55,-0.35,1,0.2,0.2,0.15,30,56.6,1663,1513,73,1440,0,375,250,0,815,0,0,150,12,1675,815,625,1675,608852.38,6312.51,44,80,72,62,63,1119,0,0,0,375,1065,0
182451,15,-0.07,-0.03,-0.55,-0.35,1,0.2,0.2,0.15,30,66.02,1662,1512,70,1442,593,0,490,0,359,0,0,150,13,1675,952,490,1675,909732.18,9339.9,70,127,145,80,103,917,0,0,593,0,849,0
182452,15,-0.07,-0.03,-0.55,-0.35,1,0.2,0.2,0.15,40,57.91,1665,1515,68,1447,628,445,121,43,83,127,0,150,10,1675,838,609,1675,625541.52,6449.5,114,206,215,131,150,109,93,429,628,445,204,170
182453,15,-0.07,-0.03,-0.55,-0.35,1,0.2,0.2,0.15,40,53.83,1661,1511,75,1436,0,467,151,45,214,559,0,150,14,1675,773,663,1675,620384.84,6393.99,44,80,72,62,63,54,64,997,0,467,365,604
182454,15,-0.07,-0.03,-0.55,-0.35,1,0.2,0.2,0.15,40,66.37,1662,1512,73,1439,678,0,341,143,94,183,0,150,13,1675,955,484,1675,991219.02,10182.32,70,127,145,80,103,68,60,786,678,0,435,326
182455,15,-0.07,-0.03,-0.55,-0.35,1,0.2,0.2,0.15,50,56.81,1665,1515,68,1447,631,461,0,164,0,191,0,150,10,1675,822,625,1675,598800.88,6174.32,114,206,215,131,150,109,93,429,631,461,0,355
182456,15,-0.07,-0.03,-0.55,-0.35,1,0.2,0.2,0.15,50,52.23,1661,1511,75,1436,0,485,0,201,0,750,0,150,14,1675,750,686,1675,568831.85,5855.88,44,80,72,62,63,54,64,997,0,485,0,951
182457,15,-0.07,-0.03,-0.55,-0.35,1,0.2,0.2,0.15,50,65.39,1662,1512,73,1439,681,0,0,498,0,260,0,150,13,1675,941,498,1675,951006.75,9760.27,70,127,145,80,103,68,60,786,681,0,0,758
182458,15,-0.07,-0.03,-0.55,-0.35,1,0.2,0.2,0.15,60,56.81,1665,1515,68,1447,631,461,0,164,0,191,0,150,10,1675,822,625,1675,598800.88,6174.32,114,206,215,131,150,109,93,429,631,461,0,355
182459,15,-0.07,-0.03,-0.55,-0.35,1,0.2,0.2,0.15,60,52.23,1661,1511,75,1436,0,485,0,201,0,750,0,150,14,1675,750,686,1675,568831.85,5855.88,44,80,72,62,63,54,64,997,0,485,0,951
182460,15,-0.07,-0.03,-0.55,-0.35,1,0.2,0.2,0.15,60,65.39,1662,1512,73,1439,681,0,0,498,0,260,0,150,13,1675,941,498,1675,951006.75,9760.27,70,127,145,80,103,68,60,786,681,0,0,758
182461,15,-0.07,-0.03,-0.55,-0.35,2,0.1,0.1,0.15,20,71.02,1665,1515,21,1494,931,228,205,0,130,0,0,150,10,1675,1061,433,1675,556722.63,6351.57,505,314,218,457,0,0,0,0,931,228,335,0
182462,15,-0.07,-0.03,-0.55,-0.35,2,0.1,0.1,0.15,20,63.51,1664,1514,34,1480,0,258,282,0,940,0,0,150,11,1675,940,540,1675,893895.71,9398.59,44,80,72,1284,0,0,0,0,0,258,1222,0
182463,15,-0.07,-0.03,-0.55,-0.35,2,0.1,0.1,0.15,20,76.06,1662,1512,21,1491,979,0,357,0,155,0,0,150,13,1675,1134,357,1675,773947.52,7743.84,464,250,176,601,0,0,0,0,979,0,512,0
182464,15,-0.07,-0.03,-0.55,-0.35,2,0.1,0.1,0.15,30,72.95,1665,1515,40,1475,1028,303,96,0,48,0,0,150,10,1675,1076,399,1675,554201.78,6665.24,505,314,218,122,102,214,0,0,1028,303,144,0
182465,15,-0.07,-0.03,-0.55,-0.35,2,0.1,0.1,0.15,30,58.82,1663,1513,73,1440,0,375,218,0,847,0,0,150,12,1675,847,593,1675,894775.07,9511.74,44,80,72,62,63,1119,0,0,0,375,1065,0
182466,15,-0.07,-0.03,-0.55,-0.35,2,0.1,0.1,0.15,30,82.1,1662,1512,43,1469,1124,0,263,0,82,0,0,150,13,1675,1206,263,1675,961114.71,9088.4,464,250,176,89,98,392,0,0,1124,0,345,0
182467,15,-0.07,-0.03,-0.55,-0.35,2,0.1,0.1,0.15,40,73.27,1665,1515,41,1474,1052,343,40,11,17,11,0,150,10,1675,1080,394,1675,532059.29,6638.42,505,314,218,122,102,70,36,107,1052,343,57,22
182468,15,-0.07,-0.03,-0.55,-0.35,2,0.1,0.1,0.15,40,56.48,1661,1511,75,1436,0,467,128,30,237,574,0,150,14,1675,811,625,1675,916567.15,9969.85,44,80,72,62,63,54,64,997,0,467,365,604
182469,15,-0.07,-0.03,-0.55,-0.35,2,0.1,0.1,0.15,40,84.53,1662,1512,45,1467,1184,0,163,64,25,31,0,150,13,1675,1240,227,1675,1057378.54,9650.68,464,250,176,89,98,47,38,305,1184,0,188,95
182470,15,-0.07,-0.03,-0.55,-0.35,2,0.1,0.1,0.15,50,72.73,1665,1515,41,1474,1052,349,0,53,0,20,0,150,10,1675,1072,402,1675,517570.55,6549.79,505,314,218,122,102,70,36,107,1052,349,0,73
182471,15,-0.07,-0.03,-0.55,-0.35,2,0.1,0.1,0.15,50,54.6,1661,1511,75,1436,0,485,0,167,0,784,0,150,14,1675,784,652,1675,846905.56,9437.59,44,80,72,62,63,54,64,997,0,485,0,951
182472,15,-0.07,-0.03,-0.55,-0.35,2,0.1,0.1,0.15,50,84.46,1662,1512,45,1467,1185,0,0,228,0,54,0,150,13,1675,1239,228,1675,1026663.98,9480.24,464,250,176,89,98,47,38,305,1185,0,0,282
182473,15,-0.07,-0.03,-0.55,-0.35,2,0.1,0.1,0.15,60,72.73,1665,1515,41,1474,1052,349,0,53,0,20,0,150,10,1675,1072,402,1675,517570.55,6549.79,505,314,218,122,102,70,36,107,1052,349,0,73
182474,15,-0.07,-0.03,-0.55,-0.35,2,0.1,0.1,0.15,60,54.6,1661,1511,75,1436,0,485,0,167,0,784,0,150,14,1675,784,652,1675,846905.56,9437.59,44,80,72,62,63,54,64,997,0,485,0,951
182475,15,-0.07,-0.03,-0.55,-0.35,2,0.1,0.1,0.15,60,84.46,1662,1512,45,1467,1185,0,0,228,0,54,0,150,13,1675,1239,228,1675,1026663.98,9480.24,464,250,176,89,98,47,38,305,1185,0,0,282
182476,15,-0.07,-0.03,-0.55,-0.35,2,0.1,0.2,0.15,20,64.37,1665,1515,33,1482,442,256,272,0,512,0,0,150,10,1675,954,528,1675,822413.4,8737.94,116,214,232,920,0,0,0,0,442,256,784,0
182477,15,-0.07,-0.03,-0.55,-0.35,2,0.1,0.2,0.15,20,63.51,1664,1514,34,1480,0,258,282,0,940,0,0,150,11,1675,940,540,1675,893895.71,9398.59,44,80,72,1284,0,0,0,0,0,258,1222,0
182478,15,-0.07,-0.03,-0.55,-0.35,2,0.1,0.2,0.15,20,69.57,1662,1512,33,1479,465,0,450,0,564,0,0,150,13,1675,1029,450,1675,1091181.09,10449.13,73,136,167,1103,0,0,0,0,465,0,1014,0
182479,15,-0.07,-0.03,-0.55,-0.35,2,0.1,0.2,0.15,30,61.49,1665,1515,66,1449,596,366,192,0,295,0,0,150,10,1675,891,558,1675,862385.28,9347.35,116,214,232,136,154,597,0,0,596,366,487,0
182480,15,-0.07,-0.03,-0.55,-0.35,2,0.1,0.2,0.15,30,58.82,1663,1513,73,1440,0,375,218,0,847,0,0,150,12,1675,847,593,1675,894775.07,9511.74,44,80,72,62,63,1119,0,0,0,375,1065,0
182481,15,-0.07,-0.03,-0.55,-0.35,2,0.1,0.2,0.15,30,71.57,1662,1512,70,1442,650,0,410,0,382,0,0,150,13,1675,1032,410,1675,1399847.62,12517.73,73,136,167,89,111,866,0,0,650,0,792,0
182482,15,-0.07,-0.03,-0.55,-0.35,2,0.1,0.2,0.15,40,60.54,1665,1515,68,1447,671,443,99,29,93,112,0,150,10,1675,876,571,1675,848708.26,9543.91,116,214,232,136,154,110,95,390,671,443,192,141
182483,15,-0.07,-0.03,-0.55,-0.35,2,0.1,0.2,0.15,40,56.48,1661,1511,75,1436,0,467,128,30,237,574,0,150,14,1675,811,625,1675,916567.15,9969.85,44,80,72,62,63,54,64,997,0,467,365,604
182484,15,-0.07,-0.03,-0.55,-0.35,2,0.1,0.2,0.15,40,72.62,1662,1512,73,1439,751,0,296,98,119,175,0,150,13,1675,1045,394,1675,1552330.07,13571.11,73,136,167,89,111,74,67,722,751,0,415,273
182485,15,-0.07,-0.03,-0.55,-0.35,2,0.1,0.2,0.15,50,59.43,1665,1515,68,1447,673,458,0,129,0,187,0,150,10,1675,860,587,1675,812710.74,9297.64,116,214,232,136,154,110,95,390,673,458,0,316
182486,15,-0.07,-0.03,-0.55,-0.35,2,0.1,0.2,0.15,50,54.6,1661,1511,75,1436,0,485,0,167,0,784,0,150,14,1675,784,652,1675,846905.56,9437.59,44,80,72,62,63,54,64,997,0,485,0,951
182487,15,-0.07,-0.03,-0.55,-0.35,2,0.1,0.2,0.15,50,72.41,1662,1512,73,1439,754,0,0,397,0,288,0,150,13,1675,1042,397,1675,1494376.53,13202.42,73,136,167,89,111,74,67,722,754,0,0,685
182488,15,-0.07,-0.03,-0.55,-0.35,2,0.1,0.2,0.15,60,59.43,1665,1515,68,1447,673,458,0,129,0,187,0,150,10,1675,860,587,1675,812710.74,9297.64,116,214,232,136,154,110,95,390,673,458,0,316
182489,15,-0.07,-0.03,-0.55,-0.35,2,0.1,0.2,0.15,60,54.6,1661,1511,75,1436,0,485,0,167,0,784,0,150,14,1675,784,652,1675,846905.56,9437.59,44,80,72,62,63,54,64,997,0,485,0,951
182490,15,-0.07,-0.03,-0.55,-0.35,2,0.1,0.2,0.15,60,72.41,1662,1512,73,1439,754,0,0,397,0,288,0,150,13,1675,1042,397,1675,1494376.53,13202.42,73,136,167,89,111,74,67,722,754,0,0,685
182491,15,-0.07,-0.03,-0.55,-0.35,2,0.2,0.1,0.15,20,67.0,1665,1515,21,1494,878,232,261,0,123,0,0,150,10,1675,1001,493,1675,419527.16,4308.68,485,295,208,506,0,0,0,0,878,232,384,0
182492,15,-0.07,-0.03,-0.55,-0.35,2,0.2,0.1,0.15,20,59.12,1664,1514,34,1480,0,258,347,0,875,0,0,150,11,1675,875,605,1675,658689.04,6776.1,44,80,72,1284,0,0,0,0,0,258,1222,0
182493,15,-0.07,-0.03,-0.55,-0.35,2,0.2,0.1,0.15,20,70.15,1662,1512,21,1491,908,0,445,0,138,0,0,150,13,1675,1046,445,1675,545815.51,5601.92,443,226,156,666,0,0,0,0,908,0,583,0
182494,15,-0.07,-0.03,-0.55,-0.35,2,0.2,0.1,0.15,30,70.26,1665,1515,42,1473,987,312,126,0,48,0,0,150,10,1675,1035,438,1675,438015.7,4511.58,485,295,208,122,100,263,0,0,987,312,174,0
182495,15,-0.07,-0.03,-0.55,-0.35,2,0.2,0.1,0.15,30,56.6,1663,1513,73,1440,0,375,250,0,815,0,0,150,12,1675,815,625,1675,608852.38,6312.51,44,80,72,62,63,1119,0,0,0,375,1065,0
182496,15,-0.07,-0.03,-0.55,-0.35,2,0.2,0.1,0.15,30,76.26,1662,1512,46,1466,1048,0,348,0,70,0,0,150,13,1675,1118,348,1675,667929.11,6875.39,443,226,156,83,80,478,0,0,1048,0,418,0
182497,15,-0.07,-0.03,-0.55,-0.35,2,0.2,0.1,0.15,40,70.45,1665,1515,43,1472,1012,358,55,22,15,10,0,150,10,1675,1037,435,1675,422490.12,4360.97,485,295,208,122,100,89,37,136,1012,358,70,32
182498,15,-0.07,-0.03,-0.55,-0.35,2,0.2,0.1,0.15,40,53.83,1661,1511,75,1436,0,467,151,45,214,559,0,150,14,1675,773,663,1675,620384.84,6393.99,44,80,72,62,63,54,64,997,0,467,365,604
182499,15,-0.07,-0.03,-0.55,-0.35,2,0.2,0.1,0.15,40,78.42,1662,1512,48,1464,1098,0,209,107,19,31,0,150,13,1675,1148,316,1675,708292.97,7274.73,443,226,156,83,80,60,24,392,1098,0,228,138
182500,15,-0.07,-0.03,-0.55,-0.35,2,0.2,0.1,0.15,50,70.11,1665,1515,43,1472,1012,364,0,76,0,20,0,150,10,1675,1032,440,1675,413463.65,4267.85,485,295,208,122,100,89,37,136,1012,364,0,96
182501,15,-0.07,-0.03,-0.55,-0.35,2,0.2,0.1,0.15,50,52.23,1661,1511,75,1436,0,485,0,201,0,750,0,150,14,1675,750,686,1675,568831.85,5855.88,44,80,72,62,63,54,64,997,0,485,0,951
182502,15,-0.07,-0.03,-0.55,-0.35,2,0.2,0.1,0.15,50,78.28,1662,1512,48,1464,1099,0,0,318,0,47,0,150,13,1675,1146,318,1675,694107.01,7121.92,443,226,156,83,80,60,24,392,1099,0,0,365
182503,15,-0.07,-0.03,-0.55,-0.35,2,0.2,0.1,0.15,60,70.11,1665,1515,43,1472,1012,364,0,76,0,20,0,150,10,1675,1032,440,1675,413463.65,4267.85,485,295,208,122,100,89,37,136,1012,364,0,96
182504,15,-0.07,-0.03,-0.55,-0.35,2,0.2,0.1,0.15,60,52.23,1661,1511,75,1436,0,485,0,201,0,750,0,150,14,1675,750,686,1675,568831.85,5855.88,44,80,72,62,63,54,64,997,0,485,0,951
182505,15,-0.07,-0.03,-0.55,-0.35,2,0.2,0.1,0.15,60,78.28,1662,1512,48,1464,1099,0,0,318,0,47,0,150,13,1675,1146,318,1675,694107.01,7121.92,443,226,156,83,80,60,24,392,1099,0,0,365
182506,15,-0.07,-0.03,-0.55,-0.35,2,0.2,0.2,0.15,20,60.05,1665,1515,33,1482,410,256,336,0,480,0,0,150,10,1675,890,592,1675,605751.56,6217.63,114,206,215,947,0,0,0,0,410,256,816,0
182507,15,-0.07,-0.03,-0.55,-0.35,2,0.2,0.2,0.15,20,59.12,1664,1514,34,1480,0,258,347,0,875,0,0,150,11,1675,875,605,1675,658689.04,6776.1,44,80,72,1284,0,0,0,0,0,258,1222,0
182508,15,-0.07,-0.03,-0.55,-0.35,2,0.2,0.2,0.15,20,63.22,1662,1512,33,1479,422,0,544,0,513,0,0,150,13,1675,935,544,1675,750543.96,7702.83,70,127,145,1137,0,0,0,0,422,0,1057,0
182509,15,-0.07,-0.03,-0.55,-0.35,2,0.2,0.2,0.15,30,59.28,1665,1515,66,1449,558,367,223,0,301,0,0,150,10,1675,859,590,1675,625921.65,6428.11,114,206,215,131,150,633,0,0,558,367,524,0
182510,15,-0.07,-0.03,-0.55,-0.35,2,0.2,0.2,0.15,30,56.6,1663,1513,73,1440,0,375,250,0,815,0,0,150,12,1675,815,625,1675,608852.38,6312.51,44,80,72,62,63,1119,0,0,0,375,1065,0
182511,15,-0.07,-0.03,-0.55,-0.35,2,0.2,0.2,0.15,30,66.02,1662,1512,70,1442,593,0,490,0,359,0,0,150,13,1675,952,490,1675,909732.18,9339.9,70,127,145,80,103,917,0,0,593,0,849,0
182512,15,-0.07,-0.03,-0.55,-0.35,2,0.2,0.2,0.15,40,57.91,1665,1515,68,1447,628,445,121,43,83,127,0,150,10,1675,838,609,1675,625541.52,6449.5,114,206,215,131,150,109,93,429,628,445,204,170
182513,15,-0.07,-0.03,-0.55,-0.35,2,0.2,0.2,0.15,40,53.83,1661,1511,75,1436,0,467,151,45,214,559,0,150,14,1675,773,663,1675,620384.84,6393.99,44,80,72,62,63,54,64,997,0,467,365,604
182514,15,-0.07,-0.03,-0.55,-0.35,2,0.2,0.2,0.15,40,66.37,1662,1512,73,1439,678,0,341,143,94,183,0,150,13,1675,955,484,1675,991219.02,10182.32,70,127,145,80,103,68,60,786,678,0,435,326
182515,15,-0.07,-0.03,-0.55,-0.35,2,0.2,0.2,0.15,50,56.81,1665,1515,68,1447,631,461,0,164,0,191,0,150,10,1675,822,625,1675,598800.88,6174.32,114,206,215,131,150,109,93,429,631,461,0,355
182516,15,-0.07,-0.03,-0.55,-0.35,2,0.2,0.2,0.15,50,52.23,1661,1511,75,1436,0,485,0,201,0,750,0,150,14,1675,750,686,1675,568831.85,5855.88,44,80,72,62,63,54,64,997,0,485,0,951
182517,15,-0.07,-0.03,-0.55,-0.35,2,0.2,0.2,0.15,50,65.39,1662,1512,73,1439,681,0,0,498,0,260,0,150,13,1675,941,498,1675,951006.75,9760.27,70,127,145,80,103,68,60,786,681,0,0,758
182518,15,-0.07,-0.03,-0.55,-0.35,2,0.2,0.2,0.15,60,56.81,1665,1515,68,1447,631,461,0,164,0,191,0,150,10,1675,822,625,1675,598800.88,6174.32,114,206,215,131,150,109,93,429,631,461,0,355
182519,15,-0.07,-0.03,-0.55,-0.35,2,0.2,0.2,0.15,60,52.23,1661,1511,75,1436,0,485,0,201,0,750,0,150,14,1675,750,686,1675,568831.85,5855.88,44,80,72,62,63,54,64,997,0,485,0,951
182520,15,-0.07,-0.03,-0.55,-0.35,2,0.2,0.2,0.15,60,65.39,1662,1512,73,1439,681,0,0,498,0,260,0,150,13,1675,941,498,1675,951006.75,9760.27,70,127,145,80,103,68,60,786,681,0,0,758
182521,15,-0.07,-0.03,-0.55,-0.3,1,0.1,0.1,0.15,20,65.18,2186,2030,28,2002,1100,316,381,0,205,0,0,156,13,2199,1305,697,2199,480513.09,4959.87,608,388,270,736,0,0,0,0,1100,316,586,0
182522,15,-0.07,-0.03,-0.55,-0.3,1,0.1,0.1,0.15,20,57.32,2185,2029,42,1987,0,359,489,0,1139,0,0,156,14,2199,1139,848,2199,710871.73,7367.0,56,118,111,1702,0,0,0,0,0,359,1628,0
182523,15,-0.07,-0.03,-0.55,-0.3,1,0.1,0.1,0.15,20,68.08,2183,2027,28,1999,1135,0,638,0,226,0,0,156,16,2199,1361,638,2199,621688.11,6395.28,554,287,190,968,0,0,0,0,1135,0,864,0
182524,15,-0.07,-0.03,-0.55,-0.3,1,0.1,0.1,0.15,30,68.29,2186,2030,53,1977,1258,417,210,0,92,0,0,156,13,2199,1350,627,2199,519824.17,5382.96,608,388,270,150,143,418,0,0,1258,417,302,0
182525,15,-0.07,-0.03,-0.55,-0.3,1,0.1,0.1,0.15,30,54.83,2184,2028,91,1937,0,509,366,0,1062,0,0,156,15,2199,1062,875,2199,651364.92,6822.9,56,118,111,74,84,1494,0,0,0,509,1428,0
182526,15,-0.07,-0.03,-0.55,-0.3,1,0.1,0.1,0.15,30,73.95,2182,2026,57,1969,1332,0,513,0,124,0,0,156,17,2199,1456,513,2199,802108.17,8264.55,554,287,190,104,112,722,0,0,1332,0,637,0
182527,15,-0.07,-0.03,-0.55,-0.3,1,0.1,0.1,0.15,40,68.27,2186,2030,54,1976,1304,486,99,42,27,18,0,156,13,2199,1349,627,2199,484739.12,5025.94,608,388,270,150,143,116,68,233,1304,486,126,60
182528,15,-0.07,-0.03,-0.55,-0.3,1,0.1,0.1,0.15,40,51.99,2182,2026,93,1933,0,632,220,76,294,711,0,156,17,2199,1005,928,2199,635025.35,6620.96,56,118,111,74,84,66,89,1335,0,632,514,787
182529,15,-0.07,-0.03,-0.55,-0.3,1,0.1,0.1,0.15,40,75.95,2182,2026,59,1967,1413,0,315,158,34,47,0,156,17,2199,1494,473,2199,856416.61,8795.82,554,287,190,104,112,85,46,589,1413,0,349,205
182530,15,-0.07,-0.03,-0.55,-0.3,1,0.1,0.1,0.15,50,67.91,2186,2030,54,1976,1304,495,0,139,0,38,0,156,13,2199,1342,634,2199,470421.14,4878.43,608,388,270,150,143,116,68,233,1304,495,0,177
182531,15,-0.07,-0.03,-0.55,-0.3,1,0.1,0.1,0.15,50,50.49,2182,2026,93,1933,0,658,0,299,0,976,0,156,17,2199,976,957,2199,568803.17,5925.83,56,118,111,74,84,66,89,1335,0,658,0,1275
182532,15,-0.07,-0.03,-0.55,-0.3,1,0.1,0.1,0.15,50,75.75,2182,2026,59,1967,1414,0,0,477,0,76,0,156,17,2199,1490,477,2199,835747.56,8575.14,554,287,190,104,112,85,46,589,1414,0,0,553
182533,15,-0.07,-0.03,-0.55,-0.3,1,0.1,0.1,0.15,60,67.91,2186,2030,54,1976,1304,495,0,139,0,38,0,156,13,2199,1342,634,2199,470421.14,4878.43,608,388,270,150,143,116,68,233,1304,495,0,177
182534,15,-0.07,-0.03,-0.55,-0.3,1,0.1,0.1,0.15,60,50.49,2182,2026,93,1933,0,658,0,299,0,976,0,156,17,2199,976,957,2199,568803.17,5925.83,56,118,111,74,84,66,89,1335,0,658,0,1275
182535,15,-0.07,-0.03,-0.55,-0.3,1,0.1,0.1,0.15,60,75.75,2182,2026,59,1967,1414,0,0,477,0,76,0,156,17,2199,1490,477,2199,835747.56,8575.14,554,287,190,104,112,85,46,589,1414,0,0,553
182536,15,-0.07,-0.03,-0.55,-0.3,1,0.1,0.2,0.15,20,58.29,2186,2030,40,1990,508,355,475,0,652,0,0,156,13,2199,1160,830,2199,679342.36,7020.7,142,268,287,1293,0,0,0,0,508,355,1127,0
182537,15,-0.07,-0.03,-0.55,-0.3,1,0.1,0.2,0.15,20,57.32,2185,2029,42,1987,0,359,489,0,1139,0,0,156,14,2199,1139,848,2199,710871.73,7367.0,56,118,111,1702,0,0,0,0,0,359,1628,0
182538,15,-0.07,-0.03,-0.55,-0.3,1,0.1,0.2,0.15,20,61.15,2183,2027,40,1987,521,0,772,0,694,0,0,156,16,2199,1215,772,2199,831710.21,8574.36,86,151,181,1569,0,0,0,0,521,0,1466,0
182539,15,-0.07,-0.03,-0.55,-0.3,1,0.1,0.2,0.15,30,57.39,2186,2030,82,1948,684,496,334,0,434,0,0,156,13,2199,1118,830,2199,705042.6,7307.94,142,268,287,166,179,906,0,0,684,496,768,0
182540,15,-0.07,-0.03,-0.55,-0.3,1,0.1,0.2,0.15,30,54.83,2184,2028,91,1937,0,509,366,0,1062,0,0,156,15,2199,1062,875,2199,651364.92,6822.9,56,118,111,74,84,1494,0,0,0,509,1428,0
182541,15,-0.07,-0.03,-0.55,-0.3,1,0.1,0.2,0.15,30,63.64,2181,2025,86,1939,723,0,705,0,511,0,0,156,18,2199,1234,705,2199,1037169.52,10696.03,86,151,181,103,116,1302,0,0,723,0,1216,0
182542,15,-0.07,-0.03,-0.55,-0.3,1,0.1,0.2,0.15,40,55.76,2186,2030,84,1946,776,604,185,72,117,192,0,156,13,2199,1085,861,2199,685181.73,7128.0,142,268,287,166,179,138,128,638,776,604,302,264
182543,15,-0.07,-0.03,-0.55,-0.3,1,0.1,0.2,0.15,40,51.99,2182,2026,93,1933,0,632,220,76,294,711,0,156,17,2199,1005,928,2199,635025.35,6620.96,56,118,111,74,84,66,89,1335,0,632,514,787
182544,15,-0.07,-0.03,-0.55,-0.3,1,0.1,0.2,0.15,40,63.95,2181,2025,89,1936,833,0,491,207,134,271,0,156,18,2199,1238,698,2199,1144554.21,11795.24,86,151,181,103,116,86,76,1137,833,0,625,478
182545,15,-0.07,-0.03,-0.55,-0.3,1,0.1,0.2,0.15,50,54.83,2186,2030,84,1946,780,626,0,253,0,287,0,156,13,2199,1067,879,2199,650858.66,6773.43,142,268,287,166,179,138,128,638,780,626,0,540
182546,15,-0.07,-0.03,-0.55,-0.3,1,0.1,0.2,0.15,50,50.49,2182,2026,93,1933,0,658,0,299,0,976,0,156,17,2199,976,957,2199,568803.17,5925.83,56,118,111,74,84,66,89,1335,0,658,0,1275
182547,15,-0.07,-0.03,-0.55,-0.3,1,0.1,0.2,0.15,50,63.22,2181,2025,89,1936,837,0,0,712,0,387,0,156,18,2199,1224,712,2199,1096152.17,11285.9,86,151,181,103,116,86,76,1137,837,0,0,1099
182548,15,-0.07,-0.03,-0.55,-0.3,1,0.1,0.2,0.15,60,54.83,2186,2030,84,1946,780,626,0,253,0,287,0,156,13,2199,1067,879,2199,650858.66,6773.43,142,268,287,166,179,138,128,638,780,626,0,540
182549,15,-0.07,-0.03,-0.55,-0.3,1,0.1,0.2,0.15,60,50.49,2182,2026,93,1933,0,658,0,299,0,976,0,156,17,2199,976,957,2199,568803.17,5925.83,56,118,111,74,84,66,89,1335,0,658,0,1275
182550,15,-0.07,-0.03,-0.55,-0.3,1,0.1,0.2,0.15,60,63.22,2181,2025,89,1936,837,0,0,712,0,387,0,156,18,2199,1224,712,2199,1096152.17,11285.9,86,151,181,103,116,86,76,1137,837,0,0,1099
182551,15,-0.07,-0.03,-0.55,-0.3,1,0.2,0.1,0.15,20,65.18,2186,2030,28,2002,1100,316,381,0,205,0,0,156,13,2199,1305,697,2199,480513.09,4959.87,608,388,270,736,0,0,0,0,1100,316,586,0
182552,15,-0.07,-0.03,-0.55,-0.3,1,0.2,0.1,0.15,20,57.32,2185,2029,42,1987,0,359,489,0,1139,0,0,156,14,2199,1139,848,2199,710871.73,7367.0,56,118,111,1702,0,0,0,0,0,359,1628,0
182553,15,-0.07,-0.03,-0.55,-0.3,1,0.2,0.1,0.15,20,68.08,2183,2027,28,1999,1135,0,638,0,226,0,0,156,16,2199,1361,638,2199,621688.11,6395.28,554,287,190,968,0,0,0,0,1135,0,864,0
182554,15,-0.07,-0.03,-0.55,-0.3,1,0.2,0.1,0.15,30,68.29,2186,2030,53,1977,1258,417,210,0,92,0,0,156,13,2199,1350,627,2199,519824.17,5382.96,608,388,270,150,143,418,0,0,1258,417,302,0
182555,15,-0.07,-0.03,-0.55,-0.3,1,0.2,0.1,0.15,30,54.83,2184,2028,91,1937,0,509,366,0,1062,0,0,156,15,2199,1062,875,2199,651364.92,6822.9,56,118,111,74,84,1494,0,0,0,509,1428,0
182556,15,-0.07,-0.03,-0.55,-0.3,1,0.2,0.1,0.15,30,73.95,2182,2026,57,1969,1332,0,513,0,124,0,0,156,17,2199,1456,513,2199,802108.17,8264.55,554,287,190,104,112,722,0,0,1332,0,637,0
182557,15,-0.07,-0.03,-0.55,-0.3,1,0.2,0.1,0.15,40,68.27,2186,2030,54,1976,1304,486,99,42,27,18,0,156,13,2199,1349,627,2199,484739.12,5025.94,608,388,270,150,143,116,68,233,1304,486,126,60
182558,15,-0.07,-0.03,-0.55,-0.3,1,0.2,0.1,0.15,40,51.99,2182,2026,93,1933,0,632,220,76,294,711,0,156,17,2199,1005,928,2199,635025.35,6620.96,56,118,111,74,84,66,89,1335,0,632,514,787
182559,15,-0.07,-0.03,-0.55,-0.3,1,0.2,0.1,0.15,40,75.95,2182,2026,59,1967,1413,0,315,158,34,47,0,156,17,2199,1494,473,2199,856416.61,8795.82,554,287,190,104,112,85,46,589,1413,0,349,205
182560,15,-0.07,-0.03,-0.55,-0.3,1,0.2,0.1,0.15,50,67.91,2186,2030,54,1976,1304,495,0,139,0,38,0,156,13,2199,1342,634,2199,470421.14,4878.43,608,388,270,150,143,116,68,233,1304,495,0,177
182561,15,-0.07,-0.03,-0.55,-0.3,1,0.2,0.1,0.15,50,50.49,2182,2026,93,1933,0,658,0,299,0,976,0,156,17,2199,976,957,2199,568803.17,5925.83,56,118,111,74,84,66,89,1335,0,658,0,1275
182562,15,-0.07,-0.03,-0.55,-0.3,1,0.2,0.1,0.15,50,75.75,2182,2026,59,1967,1414,0,0,477,0,76,0,156,17,2199,1490,477,2199,835747.56,8575.14,554,287,190,104,112,85,46,589,1414,0,0,553
182563,15,-0.07,-0.03,-0.55,-0.3,1,0.2,0.1,0.15,60,67.91,2186,2030,54,1976,1304,495,0,139,0,38,0,156,13,2199,1342,634,2199,470421.14,4878.43,608,388,270,150,143,116,68,233,1304,495,0,177
182564,15,-0.07,-0.03,-0.55,-0.3,1,0.2,0.1,0.15,60,50.49,2182,2026,93,1933,0,658,0,299,0,976,0,156,17,2199,976,957,2199,568803.17,5925.83,56,118,111,74,84,66,89,1335,0,658,0,1275
182565,15,-0.07,-0.03,-0.55,-0.3,1,0.2,0.1,0.15,60,75.75,2182,2026,59,1967,1414,0,0,477,0,76,0,156,17,2199,1490,477,2199,835747.56,8575.14,554,287,190,104,112,85,46,589,1414,0,0,553
182566,15,-0.07,-0.03,-0.55,-0.3,1,0.2,0.2,0.15,20,58.29,2186,2030,40,1990,508,355,475,0,652,0,0,156,13,2199,1160,830,2199,679342.36,7020.7,142,268,287,1293,0,0,0,0,508,355,1127,0
182567,15,-0.07,-0.03,-0.55,-0.3,1,0.2,0.2,0.15,20,57.32,2185,2029,42,1987,0,359,489,0,1139,0,0,156,14,2199,1139,848,2199,710871.73,7367.0,56,118,111,1702,0,0,0,0,0,359,1628,0
182568,15,-0.07,-0.03,-0.55,-0.3,1,0.2,0.2,0.15,20,61.15,2183,2027,40,1987,521,0,772,0,694,0,0,156,16,2199,1215,772,2199,831710.21,8574.36,86,151,181,1569,0,0,0,0,521,0,1466,0
182569,15,-0.07,-0.03,-0.55,-0.3,1,0.2,0.2,0.15,30,57.39,2186,2030,82,1948,684,496,334,0,434,0,0,156,13,2199,1118,830,2199,705042.6,7307.94,142,268,287,166,179,906,0,0,684,496,768,0
182570,15,-0.07,-0.03,-0.55,-0.3,1,0.2,0.2,0.15,30,54.83,2184,2028,91,1937,0,509,366,0,1062,0,0,156,15,2199,1062,875,2199,651364.92,6822.9,56,118,111,74,84,1494,0,0,0,509,1428,0
182571,15,-0.07,-0.03,-0.55,-0.3,1,0.2,0.2,0.15,30,63.64,2181,2025,86,1939,723,0,705,0,511,0,0,156,18,2199,1234,705,2199,1037169.52,10696.03,86,151,181,103,116,1302,0,0,723,0,1216,0
182572,15,-0.07,-0.03,-0.55,-0.3,1,0.2,0.2,0.15,40,55.76,2186,2030,84,1946,776,604,185,72,117,192,0,156,13,2199,1085,861,2199,685181.73,7128.0,142,268,287,166,179,138,128,638,776,604,302,264
182573,15,-0.07,-0.03,-0.55,-0.3,1,0.2,0.2,0.15,40,51.99,2182,2026,93,1933,0,632,220,76,294,711,0,156,17,2199,1005,928,2199,635025.35,6620.96,56,118,111,74,84,66,89,1335,0,632,514,787
182574,15,-0.07,-0.03,-0.55,-0.3,1,0.2,0.2,0.15,40,63.95,2181,2025,89,1936,833,0,491,207,134,271,0,156,18,2199,1238,698,2199,1144554.21,11795.24,86,151,181,103,116,86,76,1137,833,0,625,478
182575,15,-0.07,-0.03,-0.55,-0.3,1,0.2,0.2,0.15,50,54.83,2186,2030,84,1946,780,626,0,253,0,287,0,156,13,2199,1067,879,2199,650858.66,6773.43,142,268,287,166,179,138,128,638,780,626,0,540
182576,15,-0.07,-0.03,-0.55,-0.3,1,0.2,0.2,0.15,50,50.49,2182,2026,93,1933,0,658,0,299,0,976,0,156,17,2199,976,957,2199,568803.17,5925.83,56,118,111,74,84,66,89,1335,0,658,0,1275
182577,15,-0.07,-0.03,-0.55,-0.3,1,0.2,0.2,0.15,50,63.22,2181,2025,89,1936,837,0,0,712,0,387,0,156,18,2199,1224,712,2199,1096152.17,11285.9,86,151,181,103,116,86,76,1137,837,0,0,1099
182578,15,-0.07,-0.03,-0.55,-0.3,1,0.2,0.2,0.15,60,54.83,2186,2030,84,1946,780,626,0,253,0,287,0,156,13,2199,1067,879,2199,650858.66,6773.43,142,268,287,166,179,138,128,638,780,626,0,540
182579,15,-0.07,-0.03,-0.55,-0.3,1,0.2,0.2,0.15,60,50.49,2182,2026,93,1933,0,658,0,299,0,976,0,156,17,2199,976,957,2199,568803.17,5925.83,56,118,111,74,84,66,89,1335,0,658,0,1275
182580,15,-0.07,-0.03,-0.55,-0.3,1,0.2,0.2,0.15,60,63.22,2181,2025,89,1936,837,0,0,712,0,387,0,156,18,2199,1224,712,2199,1096152.17,11285.9,86,151,181,103,116,86,76,1137,837,0,0,1099
182581,15,-0.07,-0.03,-0.55,-0.3,2,0.1,0.1,0.15,20,69.48,2186,2030,28,2002,1178,310,301,0,213,0,0,156,13,2199,1391,611,2199,663560.11,7864.71,635,412,289,666,0,0,0,0,1178,310,514,0
182582,15,-0.07,-0.03,-0.55,-0.3,2,0.1,0.1,0.15,20,61.85,2185,2029,42,1987,0,359,399,0,1229,0,0,156,14,2199,1229,758,2199,990356.69,10946.15,56,118,111,1702,0,0,0,0,0,359,1628,0
182583,15,-0.07,-0.03,-0.55,-0.3,2,0.1,0.1,0.15,20,74.19,2183,2027,28,1999,1238,0,516,0,245,0,0,156,16,2199,1483,516,2199,916302.95,9492.43,583,319,221,876,0,0,0,0,1238,0,761,0
182584,15,-0.07,-0.03,-0.55,-0.3,2,0.1,0.1,0.15,30,71.8,2186,2030,51,1979,1334,405,153,0,87,0,0,156,13,2199,1421,558,2199,705181.09,8524.37,635,412,289,152,155,336,0,0,1334,405,240,0
182585,15,-0.07,-0.03,-0.55,-0.3,2,0.1,0.1,0.15,30,57.92,2184,2028,91,1937,0,509,306,0,1122,0,0,156,15,2199,1122,815,2199,1012702.85,11195.25,56,118,111,74,84,1494,0,0,0,509,1428,0
182586,15,-0.07,-0.03,-0.55,-0.3,2,0.1,0.1,0.15,30,80.58,2182,2026,54,1972,1456,0,383,0,133,0,0,156,17,2199,1589,383,2199,1221357.96,11574.55,583,319,221,115,147,587,0,0,1456,0,516,0
182587,15,-0.07,-0.03,-0.55,-0.3,2,0.1,0.1,0.15,40,71.59,2186,2030,52,1978,1367,464,73,25,31,18,0,156,13,2199,1416,562,2199,646016.97,8323.42,635,412,289,152,155,96,54,185,1367,464,104,43
182588,15,-0.07,-0.03,-0.55,-0.3,2,0.1,0.1,0.15,40,54.94,2182,2026,93,1933,0,632,188,51,326,736,0,156,17,2199,1062,871,2199,1001330.18,11508.89,56,118,111,74,84,66,89,1335,0,632,514,787
182589,15,-0.07,-0.03,-0.55,-0.3,2,0.1,0.1,0.15,40,82.74,2182,2026,56,1970,1542,0,246,94,42,46,0,156,17,2199,1630,340,2199,1336098.07,12249.13,583,319,221,115,147,71,52,462,1542,0,288,140
182590,15,-0.07,-0.03,-0.55,-0.3,2,0.1,0.1,0.15,50,70.98,2186,2030,52,1978,1367,473,0,101,0,37,0,156,13,2199,1404,574,2199,623895.4,8199.48,635,412,289,152,155,96,54,185,1367,473,0,138
182591,15,-0.07,-0.03,-0.55,-0.3,2,0.1,0.1,0.15,50,53.23,2182,2026,93,1933,0,658,0,246,0,1029,0,156,17,2199,1029,904,2199,909562.58,10840.33,56,118,111,74,84,66,89,1335,0,658,0,1275
182592,15,-0.07,-0.03,-0.55,-0.3,2,0.1,0.1,0.15,50,82.54,2182,2026,56,1970,1543,0,0,344,0,83,0,156,17,2199,1626,344,2199,1298689.1,12047.34,583,319,221,115,147,71,52,462,1543,0,0,427
182593,15,-0.07,-0.03,-0.55,-0.3,2,0.1,0.1,0.15,60,70.98,2186,2030,52,1978,1367,473,0,101,0,37,0,156,13,2199,1404,574,2199,623895.4,8199.48,635,412,289,152,155,96,54,185,1367,473,0,138
182594,15,-0.07,-0.03,-0.55,-0.3,2,0.1,0.1,0.15,60,53.23,2182,2026,93,1933,0,658,0,246,0,1029,0,156,17,2199,1029,904,2199,909562.58,10840.33,56,118,111,74,84,66,89,1335,0,658,0,1275
182595,15,-0.07,-0.03,-0.55,-0.3,2,0.1,0.1,0.15,60,82.54,2182,2026,56,1970,1543,0,0,344,0,83,0,156,17,2199,1626,344,2199,1298689.1,12047.34,583,319,221,115,147,71,52,462,1543,0,0,427
182596,15,-0.07,-0.03,-0.55,-0.3,2,0.1,0.2,0.15,20,62.76,2186,2030,40,1990,544,355,386,0,705,0,0,156,13,2199,1249,741,2199,937295.46,10476.3,144,279,303,1264,0,0,0,0,544,355,1091,0
182597,15,-0.07,-0.03,-0.55,-0.3,2,0.1,0.2,0.15,20,61.85,2185,2029,42,1987,0,359,399,0,1229,0,0,156,14,2199,1229,758,2199,990356.69,10946.15,56,118,111,1702,0,0,0,0,0,359,1628,0
182598,15,-0.07,-0.03,-0.55,-0.3,2,0.1,0.2,0.15,20,67.49,2183,2027,40,1987,570,0,646,0,771,0,0,156,16,2199,1341,646,2199,1214037.11,12313.86,89,163,203,1532,0,0,0,0,570,0,1417,0
182599,15,-0.07,-0.03,-0.55,-0.3,2,0.1,0.2,0.15,30,60.42,2186,2030,82,1948,733,495,276,0,444,0,0,156,13,2199,1177,771,2199,1018111.83,11386.88,144,279,303,173,188,861,0,0,733,495,720,0
182600,15,-0.07,-0.03,-0.55,-0.3,2,0.1,0.2,0.15,30,57.92,2184,2028,91,1937,0,509,306,0,1122,0,0,156,15,2199,1122,815,2199,1012702.85,11195.25,56,118,111,74,84,1494,0,0,0,509,1428,0
182601,15,-0.07,-0.03,-0.55,-0.3,2,0.1,0.2,0.15,30,69.73,2181,2025,86,1939,796,0,587,0,556,0,0,156,18,2199,1352,587,2199,1649393.26,15154.26,89,163,203,115,131,1238,0,0,796,0,1143,0
182602,15,-0.07,-0.03,-0.55,-0.3,2,0.1,0.2,0.15,40,58.68,2186,2030,84,1946,836,602,153,49,135,171,0,156,13,2199,1142,804,2199,975422.57,11504.55,144,279,303,173,188,141,133,585,836,602,288,220
182603,15,-0.07,-0.03,-0.55,-0.3,2,0.1,0.2,0.15,40,54.94,2182,2026,93,1933,0,632,188,51,326,736,0,156,17,2199,1062,871,2199,1001330.18,11508.89,56,118,111,74,84,66,89,1335,0,632,514,787
182604,15,-0.07,-0.03,-0.55,-0.3,2,0.1,0.2,0.15,40,71.02,2181,2025,89,1936,931,0,421,140,179,265,0,156,18,2199,1375,561,2199,1872274.31,16645.72,89,163,203,115,131,95,89,1051,931,0,600,405
182605,15,-0.07,-0.03,-0.55,-0.3,2,0.1,0.2,0.15,50,57.66,2186,2030,84,1946,839,623,0,201,0,283,0,156,13,2199,1122,824,2199,924139.64,11193.75,144,279,303,173,188,141,133,585,839,623,0,484
182606,15,-0.07,-0.03,-0.55,-0.3,2,0.1,0.2,0.15,50,53.23,2182,2026,93,1933,0,658,0,246,0,1029,0,156,17,2199,1029,904,2199,909562.58,10840.33,56,118,111,74,84,66,89,1335,0,658,0,1275
182607,15,-0.07,-0.03,-0.55,-0.3,2,0.1,0.2,0.15,50,70.76,2181,2025,89,1936,935,0,0,566,0,435,0,156,18,2199,1370,566,2199,1798854.26,16210.98,89,163,203,115,131,95,89,1051,935,0,0,1001
182608,15,-0.07,-0.03,-0.55,-0.3,2,0.1,0.2,0.15,60,57.66,2186,2030,84,1946,839,623,0,201,0,283,0,156,13,2199,1122,824,2199,924139.64,11193.75,144,279,303,173,188,141,133,585,839,623,0,484
182609,15,-0.07,-0.03,-0.55,-0.3,2,0.1,0.2,0.15,60,53.23,2182,2026,93,1933,0,658,0,246,0,1029,0,156,17,2199,1029,904,2199,909562.58,10840.33,56,118,111,74,84,66,89,1335,0,658,0,1275
182610,15,-0.07,-0.03,-0.55,-0.3,2,0.1,0.2,0.15,60,70.76,2181,2025,89,1936,935,0,0,566,0,435,0,156,18,2199,1370,566,2199,1798854.26,16210.98,89,163,203,115,131,95,89,1051,935,0,0,1001
182611,15,-0.07,-0.03,-0.55,-0.3,2,0.2,0.1,0.15,20,65.18,2186,2030,28,2002,1100,316,381,0,205,0,0,156,13,2199,1305,697,2199,480513.09,4959.87,608,388,270,736,0,0,0,0,1100,316,586,0
182612,15,-0.07,-0.03,-0.55,-0.3,2,0.2,0.1,0.15,20,57.32,2185,2029,42,1987,0,359,489,0,1139,0,0,156,14,2199,1139,848,2199,710871.73,7367.0,56,118,111,1702,0,0,0,0,0,359,1628,0
182613,15,-0.07,-0.03,-0.55,-0.3,2,0.2,0.1,0.15,20,68.08,2183,2027,28,1999,1135,0,638,0,226,0,0,156,16,2199,1361,638,2199,621688.11,6395.28,554,287,190,968,0,0,0,0,1135,0,864,0
182614,15,-0.07,-0.03,-0.55,-0.3,2,0.2,0.1,0.15,30,68.29,2186,2030,53,1977,1258,417,210,0,92,0,0,156,13,2199,1350,627,2199,519824.17,5382.96,608,388,270,150,143,418,0,0,1258,417,302,0
182615,15,-0.07,-0.03,-0.55,-0.3,2,0.2,0.1,0.15,30,54.83,2184,2028,91,1937,0,509,366,0,1062,0,0,156,15,2199,1062,875,2199,651364.92,6822.9,56,118,111,74,84,1494,0,0,0,509,1428,0
182616,15,-0.07,-0.03,-0.55,-0.3,2,0.2,0.1,0.15,30,73.95,2182,2026,57,1969,1332,0,513,0,124,0,0,156,17,2199,1456,513,2199,802108.17,8264.55,554,287,190,104,112,722,0,0,1332,0,637,0
182617,15,-0.07,-0.03,-0.55,-0.3,2,0.2,0.1,0.15,40,68.27,2186,2030,54,1976,1304,486,99,42,27,18,0,156,13,2199,1349,627,2199,484739.12,5025.94,608,388,270,150,143,116,68,233,1304,486,126,60
182618,15,-0.07,-0.03,-0.55,-0.3,2,0.2,0.1,0.15,40,51.99,2182,2026,93,1933,0,632,220,76,294,711,0,156,17,2199,1005,928,2199,635025.35,6620.96,56,118,111,74,84,66,89,1335,0,632,514,787
182619,15,-0.07,-0.03,-0.55,-0.3,2,0.2,0.1,0.15,40,75.95,2182,2026,59,1967,1413,0,315,158,34,47,0,156,17,2199,1494,473,2199,856416.61,8795.82,554,287,190,104,112,85,46,589,1413,0,349,205
182620,15,-0.07,-0.03,-0.55,-0.3,2,0.2,0.1,0.15,50,67.91,2186,2030,54,1976,1304,495,0,139,0,38,0,156,13,2199,1342,634,2199,470421.14,4878.43,608,388,270,150,143,116,68,233,1304,495,0,177
182621,15,-0.07,-0.03,-0.55,-0.3,2,0.2,0.1,0.15,50,50.49,2182,2026,93,1933,0,658,0,299,0,976,0,156,17,2199,976,957,2199,568803.17,5925.83,56,118,111,74,84,66,89,1335,0,658,0,1275
182622,15,-0.07,-0.03,-0.55,-0.3,2,0.2,0.1,0.15,50,75.75,2182,2026,59,1967,1414,0,0,477,0,76,0,156,17,2199,1490,477,2199,835747.56,8575.14,554,287,190,104,112,85,46,589,1414,0,0,553
182623,15,-0.07,-0.03,-0.55,-0.3,2,0.2,0.1,0.15,60,67.91,2186,2030,54,1976,1304,495,0,139,0,38,0,156,13,2199,1342,634,2199,470421.14,4878.43,608,388,270,150,143,116,68,233,1304,495,0,177
182624,15,-0.07,-0.03,-0.55,-0.3,2,0.2,0.1,0.15,60,50.49,2182,2026,93,1933,0,658,0,299,0,976,0,156,17,2199,976,957,2199,568803.17,5925.83,56,118,111,74,84,66,89,1335,0,658,0,1275
182625,15,-0.07,-0.03,-0.55,-0.3,2,0.2,0.1,0.15,60,75.75,2182,2026,59,1967,1414,0,0,477,0,76,0,156,17,2199,1490,477,2199,835747.56,8575.14,554,287,190,104,112,85,46,589,1414,0,0,553
182626,15,-0.07,-0.03,-0.55,-0.3,2,0.2,0.2,0.15,20,58.29,2186,2030,40,1990,508,355,475,0,652,0,0,156,13,2199,1160,830,2199,679342.36,7020.7,142,268,287,1293,0,0,0,0,508,355,1127,0
182627,15,-0.07,-0.03,-0.55,-0.3,2,0.2,0.2,0.15,20,57.32,2185,2029,42,1987,0,359,489,0,1139,0,0,156,14,2199,1139,848,2199,710871.73,7367.0,56,118,111,1702,0,0,0,0,0,359,1628,0
182628,15,-0.07,-0.03,-0.55,-0.3,2,0.2,0.2,0.15,20,61.15,2183,2027,40,1987,521,0,772,0,694,0,0,156,16,2199,1215,772,2199,831710.21,8574.36,86,151,181,1569,0,0,0,0,521,0,1466,0
182629,15,-0.07,-0.03,-0.55,-0.3,2,0.2,0.2,0.15,30,57.39,2186,2030,82,1948,684,496,334,0,434,0,0,156,13,2199,1118,830,2199,705042.6,7307.94,142,268,287,166,179,906,0,0,684,496,768,0
182630,15,-0.07,-0.03,-0.55,-0.3,2,0.2,0.2,0.15,30,54.83,2184,2028,91,1937,0,509,366,0,1062,0,0,156,15,2199,1062,875,2199,651364.92,6822.9,56,118,111,74,84,1494,0,0,0,509,1428,0
182631,15,-0.07,-0.03,-0.55,-0.3,2,0.2,0.2,0.15,30,63.64,2181,2025,86,1939,723,0,705,0,511,0,0,156,18,2199,1234,705,2199,1037169.52,10696.03,86,151,181,103,116,1302,0,0,723,0,1216,0
182632,15,-0.07,-0.03,-0.55,-0.3,2,0.2,0.2,0.15,40,55.76,2186,2030,84,1946,776,604,185,72,117,192,0,156,13,2199,1085,861,2199,685181.73,7128.0,142,268,287,166,179,138,128,638,776,604,302,264
182633,15,-0.07,-0.03,-0.55,-0.3,2,0.2,0.2,0.15,40,51.99,2182,2026,93,1933,0,632,220,76,294,711,0,156,17,2199,1005,928,2199,635025.35,6620.96,56,118,111,74,84,66,89,1335,0,632,514,787
182634,15,-0.07,-0.03,-0.55,-0.3,2,0.2,0.2,0.15,40,63.95,2181,2025,89,1936,833,0,491,207,134,271,0,156,18,2199,1238,698,2199,1144554.21,11795.24,86,151,181,103,116,86,76,1137,833,0,625,478
182635,15,-0.07,-0.03,-0.55,-0.3,2,0.2,0.2,0.15,50,54.83,2186,2030,84,1946,780,626,0,253,0,287,0,156,13,2199,1067,879,2199,650858.66,6773.43,142,268,287,166,179,138,128,638,780,626,0,540
182636,15,-0.07,-0.03,-0.55,-0.3,2,0.2,0.2,0.15,50,50.49,2182,2026,93,1933,0,658,0,299,0,976,0,156,17,2199,976,957,2199,568803.17,5925.83,56,118,111,74,84,66,89,1335,0,658,0,1275
182637,15,-0.07,-0.03,-0.55,-0.3,2,0.2,0.2,0.15,50,63.22,2181,2025,89,1936,837,0,0,712,0,387,0,156,18,2199,1224,712,2199,1096152.17,11285.9,86,151,181,103,116,86,76,1137,837,0,0,1099
182638,15,-0.07,-0.03,-0.55,-0.3,2,0.2,0.2,0.15,60,54.83,2186,2030,84,1946,780,626,0,253,0,287,0,156,13,2199,1067,879,2199,650858.66,6773.43,142,268,287,166,179,138,128,638,780,626,0,540
182639,15,-0.07,-0.03,-0.55,-0.3,2,0.2,0.2,0.15,60,50.49,2182,2026,93,1933,0,658,0,299,0,976,0,156,17,2199,976,957,2199,568803.17,5925.83,56,118,111,74,84,66,89,1335,0,658,0,1275
182640,15,-0.07,-0.03,-0.55,-0.3,2,0.2,0.2,0.15,60,63.22,2181,2025,89,1936,837,0,0,712,0,387,0,156,18,2199,1224,712,2199,1096152.17,11285.9,86,151,181,103,116,86,76,1137,837,0,0,1099
182641,15,-0.07,-0.03,-0.55,-0.25,1,0.1,0.1,0.15,20,63.63,2647,2483,33,2450,1283,400,491,0,276,0,0,164,21,2668,1559,891,2668,499837.03,5159.99,709,450,333,958,0,0,0,0,1283,400,767,0
182642,15,-0.07,-0.03,-0.55,-0.25,1,0.1,0.1,0.15,20,55.51,2646,2482,48,2434,0,461,622,0,1351,0,0,164,22,2668,1351,1083,2668,660461.6,6869.33,76,133,164,2061,0,0,0,0,0,461,1973,0
182643,15,-0.07,-0.03,-0.55,-0.25,1,0.1,0.1,0.15,20,66.15,2643,2479,33,2446,1320,0,828,0,298,0,0,164,25,2668,1618,828,2668,653983.36,6708.25,635,337,215,1259,0,0,0,0,1320,0,1126,0
182644,15,-0.07,-0.03,-0.55,-0.25,1,0.1,0.1,0.15,30,66.02,2647,2483,67,2416,1471,523,298,0,124,0,0,164,21,2668,1595,821,2668,537180.36,5583.08,709,450,333,191,176,557,0,0,1471,523,422,0
182645,15,-0.07,-0.03,-0.55,-0.25,1,0.1,0.1,0.15,30,52.3,2645,2481,110,2371,0,645,486,0,1240,0,0,164,23,2668,1240,1131,2668,568801.73,6013.83,76,133,164,88,111,1799,0,0,0,645,1726,0
182646,15,-0.07,-0.03,-0.55,-0.25,1,0.1,0.1,0.15,30,71.2,2641,2477,71,2406,1554,0,693,0,159,0,0,164,27,2668,1713,693,2668,849464.23,8747.05,635,337,215,133,133,953,0,0,1554,0,852,0
182647,15,-0.07,-0.03,-0.55,-0.25,1,0.1,0.1,0.15,40,66.2,2647,2483,69,2414,1528,608,148,60,41,29,0,164,21,2668,1598,816,2668,496185.97,5152.58,709,450,333,191,176,135,78,342,1528,608,189,89
182648,15,-0.07,-0.03,-0.55,-0.25,1,0.1,0.1,0.15,40,49.66,2643,2479,113,2366,0,787,302,102,353,822,0,164,25,2668,1175,1191,2668,527527.11,5535.58,76,133,164,88,111,73,103,1618,0,787,655,924
182649,15,-0.07,-0.03,-0.55,-0.25,1,0.1,0.1,0.15,40,73.41,2641,2477,74,2403,1653,0,427,212,49,62,0,164,27,2668,1764,639,2668,929291.11,9526.64,635,337,215,133,133,101,53,796,1653,0,476,274
182650,15,-0.07,-0.03,-0.55,-0.25,1,0.1,0.1,0.15,50,65.91,2647,2483,69,2414,1529,620,0,203,0,62,0,164,21,2668,1591,823,2668,481141.42,4997.31,709,450,333,191,176,135,78,342,1529,620,0,265
182651,15,-0.07,-0.03,-0.55,-0.25,1,0.1,0.1,0.15,50,48.48,2643,2479,113,2366,0,820,0,399,0,1147,0,164,25,2668,1147,1219,2668,453606.96,4758.08,76,133,164,88,111,73,103,1618,0,820,0,1546
182652,15,-0.07,-0.03,-0.55,-0.25,1,0.1,0.1,0.15,50,73.24,2641,2477,74,2403,1655,0,0,643,0,105,0,164,27,2668,1760,643,2668,905138.13,9269.75,635,337,215,133,133,101,53,796,1655,0,0,748
182653,15,-0.07,-0.03,-0.55,-0.25,1,0.1,0.1,0.15,60,65.91,2647,2483,69,2414,1529,620,0,203,0,62,0,164,21,2668,1591,823,2668,481141.42,4997.31,709,450,333,191,176,135,78,342,1529,620,0,265
182654,15,-0.07,-0.03,-0.55,-0.25,1,0.1,0.1,0.15,60,48.48,2643,2479,113,2366,0,820,0,399,0,1147,0,164,25,2668,1147,1219,2668,453606.96,4758.08,76,133,164,88,111,73,103,1618,0,820,0,1546
182655,15,-0.07,-0.03,-0.55,-0.25,1,0.1,0.1,0.15,60,73.24,2641,2477,74,2403,1655,0,0,643,0,105,0,164,27,2668,1760,643,2668,905138.13,9269.75,635,337,215,133,133,101,53,796,1655,0,0,748
182656,15,-0.07,-0.03,-0.55,-0.25,1,0.1,0.2,0.15,20,56.59,2647,2483,46,2437,556,456,602,0,823,0,0,164,21,2668,1379,1058,2668,659829.01,6840.85,172,297,350,1618,0,0,0,0,556,456,1425,0
182657,15,-0.07,-0.03,-0.55,-0.25,1,0.1,0.2,0.15,20,55.51,2646,2482,48,2434,0,461,622,0,1351,0,0,164,22,2668,1351,1083,2668,660461.6,6869.33,76,133,164,2061,0,0,0,0,0,461,1973,0
182658,15,-0.07,-0.03,-0.55,-0.25,1,0.1,0.2,0.15,20,59.02,2643,2479,46,2433,570,0,997,0,866,0,0,164,25,2668,1436,997,2668,809993.55,8352.64,96,165,193,1979,0,0,0,0,570,0,1863,0
182659,15,-0.07,-0.03,-0.55,-0.25,1,0.1,0.2,0.15,30,54.93,2647,2483,100,2383,760,626,448,0,549,0,0,164,21,2668,1309,1074,2668,675501.12,7042.24,172,297,350,193,217,1154,0,0,760,626,997,0
182660,15,-0.07,-0.03,-0.55,-0.25,1,0.1,0.2,0.15,30,52.3,2645,2481,110,2371,0,645,486,0,1240,0,0,164,23,2668,1240,1131,2668,568801.73,6013.83,76,133,164,88,111,1799,0,0,0,645,1726,0
182661,15,-0.07,-0.03,-0.55,-0.25,1,0.1,0.2,0.15,30,60.62,2640,2476,104,2372,800,0,934,0,638,0,0,164,28,2668,1438,934,2668,1025016.22,10582.82,96,165,193,116,132,1670,0,0,800,0,1572,0
182662,15,-0.07,-0.03,-0.55,-0.25,1,0.1,0.2,0.15,40,53.4,2647,2483,103,2380,864,752,259,98,158,249,0,164,21,2668,1271,1109,2668,647494.08,6765.71,172,297,350,193,217,157,147,847,864,752,417,347
182663,15,-0.07,-0.03,-0.55,-0.25,1,0.1,0.2,0.15,40,49.66,2643,2479,113,2366,0,787,302,102,353,822,0,164,25,2668,1175,1191,2668,527527.11,5535.58,76,133,164,88,111,73,103,1618,0,787,655,924
182664,15,-0.07,-0.03,-0.55,-0.25,1,0.1,0.2,0.15,40,61.15,2640,2476,108,2368,927,0,649,271,181,340,0,164,28,2668,1448,920,2668,1167828.5,12029.92,96,165,193,116,132,98,89,1479,927,0,830,611
182665,15,-0.07,-0.03,-0.55,-0.25,1,0.1,0.2,0.15,50,52.69,2647,2483,103,2380,868,779,0,347,0,386,0,164,21,2668,1254,1126,2668,609186.26,6368.36,172,297,350,193,217,157,147,847,868,779,0,733
182666,15,-0.07,-0.03,-0.55,-0.25,1,0.1,0.2,0.15,50,48.48,2643,2479,113,2366,0,820,0,399,0,1147,0,164,25,2668,1147,1219,2668,453606.96,4758.08,76,133,164,88,111,73,103,1618,0,820,0,1546
182667,15,-0.07,-0.03,-0.55,-0.25,1,0.1,0.2,0.15,50,60.6,2640,2476,108,2368,931,0,0,933,0,504,0,164,28,2668,1435,933,2668,1114416.93,11466.89,96,165,193,116,132,98,89,1479,931,0,0,1437
182668,15,-0.07,-0.03,-0.55,-0.25,1,0.1,0.2,0.15,60,52.69,2647,2483,103,2380,868,779,0,347,0,386,0,164,21,2668,1254,1126,2668,609186.26,6368.36,172,297,350,193,217,157,147,847,868,779,0,733
182669,15,-0.07,-0.03,-0.55,-0.25,1,0.1,0.2,0.15,60,48.48,2643,2479,113,2366,0,820,0,399,0,1147,0,164,25,2668,1147,1219,2668,453606.96,4758.08,76,133,164,88,111,73,103,1618,0,820,0,1546
182670,15,-0.07,-0.03,-0.55,-0.25,1,0.1,0.2,0.15,60,60.6,2640,2476,108,2368,931,0,0,933,0,504,0,164,28,2668,1435,933,2668,1114416.93,11466.89,96,165,193,116,132,98,89,1479,931,0,0,1437
182671,15,-0.07,-0.03,-0.55,-0.25,1,0.2,0.1,0.15,20,63.63,2647,2483,33,2450,1283,400,491,0,276,0,0,164,21,2668,1559,891,2668,499837.03,5159.99,709,450,333,958,0,0,0,0,1283,400,767,0
182672,15,-0.07,-0.03,-0.55,-0.25,1,0.2,0.1,0.15,20,55.51,2646,2482,48,2434,0,461,622,0,1351,0,0,164,22,2668,1351,1083,2668,660461.6,6869.33,76,133,164,2061,0,0,0,0,0,461,1973,0
182673,15,-0.07,-0.03,-0.55,-0.25,1,0.2,0.1,0.15,20,66.15,2643,2479,33,2446,1320,0,828,0,298,0,0,164,25,2668,1618,828,2668,653983.36,6708.25,635,337,215,1259,0,0,0,0,1320,0,1126,0
182674,15,-0.07,-0.03,-0.55,-0.25,1,0.2,0.1,0.15,30,66.02,2647,2483,67,2416,1471,523,298,0,124,0,0,164,21,2668,1595,821,2668,537180.36,5583.08,709,450,333,191,176,557,0,0,1471,523,422,0
182675,15,-0.07,-0.03,-0.55,-0.25,1,0.2,0.1,0.15,30,52.3,2645,2481,110,2371,0,645,486,0,1240,0,0,164,23,2668,1240,1131,2668,568801.73,6013.83,76,133,164,88,111,1799,0,0,0,645,1726,0
182676,15,-0.07,-0.03,-0.55,-0.25,1,0.2,0.1,0.15,30,71.2,2641,2477,71,2406,1554,0,693,0,159,0,0,164,27,2668,1713,693,2668,849464.23,8747.05,635,337,215,133,133,953,0,0,1554,0,852,0
182677,15,-0.07,-0.03,-0.55,-0.25,1,0.2,0.1,0.15,40,66.2,2647,2483,69,2414,1528,608,148,60,41,29,0,164,21,2668,1598,816,2668,496185.97,5152.58,709,450,333,191,176,135,78,342,1528,608,189,89
182678,15,-0.07,-0.03,-0.55,-0.25,1,0.2,0.1,0.15,40,49.66,2643,2479,113,2366,0,787,302,102,353,822,0,164,25,2668,1175,1191,2668,527527.11,5535.58,76,133,164,88,111,73,103,1618,0,787,655,924
182679,15,-0.07,-0.03,-0.55,-0.25,1,0.2,0.1,0.15,40,73.41,2641,2477,74,2403,1653,0,427,212,49,62,0,164,27,2668,1764,639,2668,929291.11,9526.64,635,337,215,133,133,101,53,796,1653,0,476,274
182680,15,-0.07,-0.03,-0.55,-0.25,1,0.2,0.1,0.15,50,65.91,2647,2483,69,2414,1529,620,0,203,0,62,0,164,21,2668,1591,823,2668,481141.42,4997.31,709,450,333,191,176,135,78,342,1529,620,0,265
182681,15,-0.07,-0.03,-0.55,-0.25,1,0.2,0.1,0.15,50,48.48,2643,2479,113,2366,0,820,0,399,0,1147,0,164,25,2668,1147,1219,2668,453606.96,4758.08,76,133,164,88,111,73,103,1618,0,820,0,1546
182682,15,-0.07,-0.03,-0.55,-0.25,1,0.2,0.1,0.15,50,73.24,2641,2477,74,2403,1655,0,0,643,0,105,0,164,27,2668,1760,643,2668,905138.13,9269.75,635,337,215,133,133,101,53,796,1655,0,0,748
182683,15,-0.07,-0.03,-0.55,-0.25,1,0.2,0.1,0.15,60,65.91,2647,2483,69,2414,1529,620,0,203,0,62,0,164,21,2668,1591,823,2668,481141.42,4997.31,709,450,333,191,176,135,78,342,1529,620,0,265
182684,15,-0.07,-0.03,-0.55,-0.25,1,0.2,0.1,0.15,60,48.48,2643,2479,113,2366,0,820,0,399,0,1147,0,164,25,2668,1147,1219,2668,453606.96,4758.08,76,133,164,88,111,73,103,1618,0,820,0,1546
182685,15,-0.07,-0.03,-0.55,-0.25,1,0.2,0.1,0.15,60,73.24,2641,2477,74,2403,1655,0,0,643,0,105,0,164,27,2668,1760,643,2668,905138.13,9269.75,635,337,215,133,133,101,53,796,1655,0,0,748
182686,15,-0.07,-0.03,-0.55,-0.25,1,0.2,0.2,0.15,20,56.59,2647,2483,46,2437,556,456,602,0,823,0,0,164,21,2668,1379,1058,2668,659829.01,6840.85,172,297,350,1618,0,0,0,0,556,456,1425,0
182687,15,-0.07,-0.03,-0.55,-0.25,1,0.2,0.2,0.15,20,55.51,2646,2482,48,2434,0,461,622,0,1351,0,0,164,22,2668,1351,1083,2668,660461.6,6869.33,76,133,164,2061,0,0,0,0,0,461,1973,0
182688,15,-0.07,-0.03,-0.55,-0.25,1,0.2,0.2,0.15,20,59.02,2643,2479,46,2433,570,0,997,0,866,0,0,164,25,2668,1436,997,2668,809993.55,8352.64,96,165,193,1979,0,0,0,0,570,0,1863,0
182689,15,-0.07,-0.03,-0.55,-0.25,1,0.2,0.2,0.15,30,54.93,2647,2483,100,2383,760,626,448,0,549,0,0,164,21,2668,1309,1074,2668,675501.12,7042.24,172,297,350,193,217,1154,0,0,760,626,997,0
182690,15,-0.07,-0.03,-0.55,-0.25,1,0.2,0.2,0.15,30,52.3,2645,2481,110,2371,0,645,486,0,1240,0,0,164,23,2668,1240,1131,2668,568801.73,6013.83,76,133,164,88,111,1799,0,0,0,645,1726,0
182691,15,-0.07,-0.03,-0.55,-0.25,1,0.2,0.2,0.15,30,60.62,2640,2476,104,2372,800,0,934,0,638,0,0,164,28,2668,1438,934,2668,1025016.22,10582.82,96,165,193,116,132,1670,0,0,800,0,1572,0
182692,15,-0.07,-0.03,-0.55,-0.25,1,0.2,0.2,0.15,40,53.4,2647,2483,103,2380,864,752,259,98,158,249,0,164,21,2668,1271,1109,2668,647494.08,6765.71,172,297,350,193,217,157,147,847,864,752,417,347
182693,15,-0.07,-0.03,-0.55,-0.25,1,0.2,0.2,0.15,40,49.66,2643,2479,113,2366,0,787,302,102,353,822,0,164,25,2668,1175,1191,2668,527527.11,5535.58,76,133,164,88,111,73,103,1618,0,787,655,924
182694,15,-0.07,-0.03,-0.55,-0.25,1,0.2,0.2,0.15,40,61.15,2640,2476,108,2368,927,0,649,271,181,340,0,164,28,2668,1448,920,2668,1167828.5,12029.92,96,165,193,116,132,98,89,1479,927,0,830,611
182695,15,-0.07,-0.03,-0.55,-0.25,1,0.2,0.2,0.15,50,52.69,2647,2483,103,2380,868,779,0,347,0,386,0,164,21,2668,1254,1126,2668,609186.26,6368.36,172,297,350,193,217,157,147,847,868,779,0,733
182696,15,-0.07,-0.03,-0.55,-0.25,1,0.2,0.2,0.15,50,48.48,2643,2479,113,2366,0,820,0,399,0,1147,0,164,25,2668,1147,1219,2668,453606.96,4758.08,76,133,164,88,111,73,103,1618,0,820,0,1546
182697,15,-0.07,-0.03,-0.55,-0.25,1,0.2,0.2,0.15,50,60.6,2640,2476,108,2368,931,0,0,933,0,504,0,164,28,2668,1435,933,2668,1114416.93,11466.89,96,165,193,116,132,98,89,1479,931,0,0,1437
182698,15,-0.07,-0.03,-0.55,-0.25,1,0.2,0.2,0.15,60,52.69,2647,2483,103,2380,868,779,0,347,0,386,0,164,21,2668,1254,1126,2668,609186.26,6368.36,172,297,350,193,217,157,147,847,868,779,0,733
182699,15,-0.07,-0.03,-0.55,-0.25,1,0.2,0.2,0.15,60,48.48,2643,2479,113,2366,0,820,0,399,0,1147,0,164,25,2668,1147,1219,2668,453606.96,4758.08,76,133,164,88,111,73,103,1618,0,820,0,1546
182700,15,-0.07,-0.03,-0.55,-0.25,1,0.2,0.2,0.15,60,60.6,2640,2476,108,2368,931,0,0,933,0,504,0,164,28,2668,1435,933,2668,1114416.93,11466.89,96,165,193,116,132,98,89,1479,931,0,0,1437
182701,15,-0.07,-0.03,-0.55,-0.25,2,0.1,0.1,0.15,20,67.76,2647,2483,33,2450,1381,391,399,0,279,0,0,164,21,2668,1660,790,2668,705873.02,8867.09,740,479,355,876,0,0,0,0,1381,391,678,0
182702,15,-0.07,-0.03,-0.55,-0.25,2,0.1,0.1,0.15,20,59.94,2646,2482,48,2434,0,461,514,0,1459,0,0,164,22,2668,1459,975,2668,957734.43,11337.74,76,133,164,2061,0,0,0,0,0,461,1973,0
182703,15,-0.07,-0.03,-0.55,-0.25,2,0.1,0.1,0.15,20,72.08,2643,2479,33,2446,1446,0,683,0,317,0,0,164,25,2668,1763,683,2668,977615.61,10615.22,668,374,251,1153,0,0,0,0,1446,0,1000,0
182704,15,-0.07,-0.03,-0.55,-0.25,2,0.1,0.1,0.15,30,70.03,2647,2483,64,2419,1566,505,220,0,128,0,0,164,21,2668,1694,725,2668,754535.91,9662.93,740,479,355,198,185,462,0,0,1566,505,348,0
182705,15,-0.07,-0.03,-0.55,-0.25,2,0.1,0.1,0.15,30,55.71,2645,2481,110,2371,0,645,405,0,1321,0,0,164,23,2668,1321,1050,2668,952938.43,11442.87,76,133,164,88,111,1799,0,0,0,645,1726,0
182706,15,-0.07,-0.03,-0.55,-0.25,2,0.1,0.1,0.15,30,78.09,2641,2477,67,2410,1703,0,528,0,179,0,0,164,27,2668,1882,528,2668,1315313.26,12960.94,668,374,251,153,167,797,0,0,1703,0,707,0
182707,15,-0.07,-0.03,-0.55,-0.25,2,0.1,0.1,0.15,40,69.84,2647,2483,66,2417,1611,580,116,33,49,28,0,164,21,2668,1688,729,2668,684040.04,9443.26,740,479,355,198,185,114,67,279,1611,580,165,61
182708,15,-0.07,-0.03,-0.55,-0.25,2,0.1,0.1,0.15,40,52.83,2643,2479,113,2366,0,787,261,68,394,856,0,164,25,2668,1250,1116,2668,920527.45,11596.78,76,133,164,88,111,73,103,1618,0,787,655,924
182709,15,-0.07,-0.03,-0.55,-0.25,2,0.1,0.1,0.15,40,80.52,2641,2477,70,2407,1808,0,339,130,67,63,0,164,27,2668,1938,469,2668,1478730.56,13926.91,668,374,251,153,167,90,61,643,1808,0,406,193
182710,15,-0.07,-0.03,-0.55,-0.25,2,0.1,0.1,0.15,50,69.47,2647,2483,66,2417,1612,591,0,147,0,67,0,164,21,2668,1679,738,2668,660558.56,9314.44,740,479,355,198,185,114,67,279,1612,591,0,214
182711,15,-0.07,-0.03,-0.55,-0.25,2,0.1,0.1,0.15,50,51.56,2643,2479,113,2366,0,820,0,326,0,1220,0,164,25,2668,1220,1146,2668,818076.77,10844.27,76,133,164,88,111,73,103,1618,0,820,0,1546
182712,15,-0.07,-0.03,-0.55,-0.25,2,0.1,0.1,0.15,50,80.43,2641,2477,70,2407,1810,0,0,471,0,126,0,164,27,2668,1936,471,2668,1435012.76,13694.63,668,374,251,153,167,90,61,643,1810,0,0,597
182713,15,-0.07,-0.03,-0.55,-0.25,2,0.1,0.1,0.15,60,69.47,2647,2483,66,2417,1612,591,0,147,0,67,0,164,21,2668,1679,738,2668,660558.56,9314.44,740,479,355,198,185,114,67,279,1612,591,0,214
182714,15,-0.07,-0.03,-0.55,-0.25,2,0.1,0.1,0.15,60,51.56,2643,2479,113,2366,0,820,0,326,0,1220,0,164,25,2668,1220,1146,2668,818076.77,10844.27,76,133,164,88,111,73,103,1618,0,820,0,1546
182715,15,-0.07,-0.03,-0.55,-0.25,2,0.1,0.1,0.15,60,80.43,2641,2477,70,2407,1810,0,0,471,0,126,0,164,27,2668,1936,471,2668,1435012.76,13694.63,668,374,251,153,167,90,61,643,1810,0,0,597
182716,15,-0.07,-0.03,-0.55,-0.25,2,0.1,0.2,0.15,20,60.94,2647,2483,46,2437,595,456,496,0,890,0,0,164,21,2668,1485,952,2668,933459.8,11154.65,174,308,367,1588,0,0,0,0,595,456,1386,0
182717,15,-0.07,-0.03,-0.55,-0.25,2,0.1,0.2,0.15,20,59.94,2646,2482,48,2434,0,461,514,0,1459,0,0,164,22,2668,1459,975,2668,957734.43,11337.74,76,133,164,2061,0,0,0,0,0,461,1973,0
182718,15,-0.07,-0.03,-0.55,-0.25,2,0.1,0.2,0.15,20,65.31,2643,2479,46,2433,622,0,844,0,967,0,0,164,25,2668,1589,844,2668,1204472.69,12991.25,99,178,215,1941,0,0,0,0,622,0,1811,0
182719,15,-0.07,-0.03,-0.55,-0.25,2,0.1,0.2,0.15,30,58.29,2647,2483,100,2383,820,625,369,0,569,0,0,164,21,2668,1389,994,2668,1015182.65,12143.61,174,308,367,202,231,1101,0,0,820,625,938,0
182720,15,-0.07,-0.03,-0.55,-0.25,2,0.1,0.2,0.15,30,55.71,2645,2481,110,2371,0,645,405,0,1321,0,0,164,23,2668,1321,1050,2668,952938.43,11442.87,76,133,164,88,111,1799,0,0,0,645,1726,0
182721,15,-0.07,-0.03,-0.55,-0.25,2,0.1,0.2,0.15,30,66.99,2640,2476,104,2372,890,0,783,0,699,0,0,164,28,2668,1589,783,2668,1675242.82,16136.45,99,178,215,130,153,1597,0,0,890,0,1482,0
182722,15,-0.07,-0.03,-0.55,-0.25,2,0.1,0.2,0.15,40,56.55,2647,2483,103,2380,935,749,219,66,181,230,0,164,21,2668,1346,1034,2668,966258.21,12259.8,174,308,367,202,231,163,150,785,935,749,400,296
182723,15,-0.07,-0.03,-0.55,-0.25,2,0.1,0.2,0.15,40,52.83,2643,2479,113,2366,0,787,261,68,394,856,0,164,25,2668,1250,1116,2668,920527.45,11596.78,76,133,164,88,111,73,103,1618,0,787,655,924
182724,15,-0.07,-0.03,-0.55,-0.25,2,0.1,0.2,0.15,40,68.41,2640,2476,108,2368,1044,0,561,187,237,339,0,164,28,2668,1620,748,2668,1981051.99,18083.73,99,178,215,130,153,115,103,1375,1044,0,798,526
182725,15,-0.07,-0.03,-0.55,-0.25,2,0.1,0.2,0.15,50,55.88,2647,2483,103,2380,939,775,0,275,0,391,0,164,21,2668,1330,1050,2668,909474.31,11905.67,174,308,367,202,231,163,150,785,939,775,0,666
182726,15,-0.07,-0.03,-0.55,-0.25,2,0.1,0.2,0.15,50,51.56,2643,2479,113,2366,0,820,0,326,0,1220,0,164,25,2668,1220,1146,2668,818076.77,10844.27,76,133,164,88,111,73,103,1618,0,820,0,1546
182727,15,-0.07,-0.03,-0.55,-0.25,2,0.1,0.2,0.15,50,68.33,2640,2476,108,2368,1049,0,0,750,0,569,0,164,28,2668,1618,750,2668,1899969.77,17594.02,99,178,215,130,153,115,103,1375,1049,0,0,1319
182728,15,-0.07,-0.03,-0.55,-0.25,2,0.1,0.2,0.15,60,55.88,2647,2483,103,2380,939,775,0,275,0,391,0,164,21,2668,1330,1050,2668,909474.31,11905.67,174,308,367,202,231,163,150,785,939,775,0,666
182729,15,-0.07,-0.03,-0.55,-0.25,2,0.1,0.2,0.15,60,51.56,2643,2479,113,2366,0,820,0,326,0,1220,0,164,25,2668,1220,1146,2668,818076.77,10844.27,76,133,164,88,111,73,103,1618,0,820,0,1546
182730,15,-0.07,-0.03,-0.55,-0.25,2,0.1,0.2,0.15,60,68.33,2640,2476,108,2368,1049,0,0,750,0,569,0,164,28,2668,1618,750,2668,1899969.77,17594.02,99,178,215,130,153,115,103,1375,1049,0,0,1319
182731,15,-0.07,-0.03,-0.55,-0.25,2,0.2,0.1,0.15,20,63.63,2647,2483,33,2450,1283,400,491,0,276,0,0,164,21,2668,1559,891,2668,499837.03,5159.99,709,450,333,958,0,0,0,0,1283,400,767,0
182732,15,-0.07,-0.03,-0.55,-0.25,2,0.2,0.1,0.15,20,55.51,2646,2482,48,2434,0,461,622,0,1351,0,0,164,22,2668,1351,1083,2668,660461.6,6869.33,76,133,164,2061,0,0,0,0,0,461,1973,0
182733,15,-0.07,-0.03,-0.55,-0.25,2,0.2,0.1,0.15,20,66.15,2643,2479,33,2446,1320,0,828,0,298,0,0,164,25,2668,1618,828,2668,653983.36,6708.25,635,337,215,1259,0,0,0,0,1320,0,1126,0
182734,15,-0.07,-0.03,-0.55,-0.25,2,0.2,0.1,0.15,30,66.02,2647,2483,67,2416,1471,523,298,0,124,0,0,164,21,2668,1595,821,2668,537180.36,5583.08,709,450,333,191,176,557,0,0,1471,523,422,0
182735,15,-0.07,-0.03,-0.55,-0.25,2,0.2,0.1,0.15,30,52.3,2645,2481,110,2371,0,645,486,0,1240,0,0,164,23,2668,1240,1131,2668,568801.73,6013.83,76,133,164,88,111,1799,0,0,0,645,1726,0
182736,15,-0.07,-0.03,-0.55,-0.25,2,0.2,0.1,0.15,30,71.2,2641,2477,71,2406,1554,0,693,0,159,0,0,164,27,2668,1713,693,2668,849464.23,8747.05,635,337,215,133,133,953,0,0,1554,0,852,0
182737,15,-0.07,-0.03,-0.55,-0.25,2,0.2,0.1,0.15,40,66.2,2647,2483,69,2414,1528,608,148,60,41,29,0,164,21,2668,1598,816,2668,496185.97,5152.58,709,450,333,191,176,135,78,342,1528,608,189,89
182738,15,-0.07,-0.03,-0.55,-0.25,2,0.2,0.1,0.15,40,49.66,2643,2479,113,2366,0,787,302,102,353,822,0,164,25,2668,1175,1191,2668,527527.11,5535.58,76,133,164,88,111,73,103,1618,0,787,655,924
182739,15,-0.07,-0.03,-0.55,-0.25,2,0.2,0.1,0.15,40,73.41,2641,2477,74,2403,1653,0,427,212,49,62,0,164,27,2668,1764,639,2668,929291.11,9526.64,635,337,215,133,133,101,53,796,1653,0,476,274
182740,15,-0.07,-0.03,-0.55,-0.25,2,0.2,0.1,0.15,50,65.91,2647,2483,69,2414,1529,620,0,203,0,62,0,164,21,2668,1591,823,2668,481141.42,4997.31,709,450,333,191,176,135,78,342,1529,620,0,265
182741,15,-0.07,-0.03,-0.55,-0.25,2,0.2,0.1,0.15,50,48.48,2643,2479,113,2366,0,820,0,399,0,1147,0,164,25,2668,1147,1219,2668,453606.96,4758.08,76,133,164,88,111,73,103,1618,0,820,0,1546
182742,15,-0.07,-0.03,-0.55,-0.25,2,0.2,0.1,0.15,50,73.24,2641,2477,74,2403,1655,0,0,643,0,105,0,164,27,2668,1760,643,2668,905138.13,9269.75,635,337,215,133,133,101,53,796,1655,0,0,748
182743,15,-0.07,-0.03,-0.55,-0.25,2,0.2,0.1,0.15,60,65.91,2647,2483,69,2414,1529,620,0,203,0,62,0,164,21,2668,1591,823,2668,481141.42,4997.31,709,450,333,191,176,135,78,342,1529,620,0,265
182744,15,-0.07,-0.03,-0.55,-0.25,2,0.2,0.1,0.15,60,48.48,2643,2479,113,2366,0,820,0,399,0,1147,0,164,25,2668,1147,1219,2668,453606.96,4758.08,76,133,164,88,111,73,103,1618,0,820,0,1546
182745,15,-0.07,-0.03,-0.55,-0.25,2,0.2,0.1,0.15,60,73.24,2641,2477,74,2403,1655,0,0,643,0,105,0,164,27,2668,1760,643,2668,905138.13,9269.75,635,337,215,133,133,101,53,796,1655,0,0,748
182746,15,-0.07,-0.03,-0.55,-0.25,2,0.2,0.2,0.15,20,56.59,2647,2483,46,2437,556,456,602,0,823,0,0,164,21,2668,1379,1058,2668,659829.01,6840.85,172,297,350,1618,0,0,0,0,556,456,1425,0
182747,15,-0.07,-0.03,-0.55,-0.25,2,0.2,0.2,0.15,20,55.51,2646,2482,48,2434,0,461,622,0,1351,0,0,164,22,2668,1351,1083,2668,660461.6,6869.33,76,133,164,2061,0,0,0,0,0,461,1973,0
182748,15,-0.07,-0.03,-0.55,-0.25,2,0.2,0.2,0.15,20,59.02,2643,2479,46,2433,570,0,997,0,866,0,0,164,25,2668,1436,997,2668,809993.55,8352.64,96,165,193,1979,0,0,0,0,570,0,1863,0
182749,15,-0.07,-0.03,-0.55,-0.25,2,0.2,0.2,0.15,30,54.93,2647,2483,100,2383,760,626,448,0,549,0,0,164,21,2668,1309,1074,2668,675501.12,7042.24,172,297,350,193,217,1154,0,0,760,626,997,0
182750,15,-0.07,-0.03,-0.55,-0.25,2,0.2,0.2,0.15,30,52.3,2645,2481,110,2371,0,645,486,0,1240,0,0,164,23,2668,1240,1131,2668,568801.73,6013.83,76,133,164,88,111,1799,0,0,0,645,1726,0
182751,15,-0.07,-0.03,-0.55,-0.25,2,0.2,0.2,0.15,30,60.62,2640,2476,104,2372,800,0,934,0,638,0,0,164,28,2668,1438,934,2668,1025016.22,10582.82,96,165,193,116,132,1670,0,0,800,0,1572,0
182752,15,-0.07,-0.03,-0.55,-0.25,2,0.2,0.2,0.15,40,53.4,2647,2483,103,2380,864,752,259,98,158,249,0,164,21,2668,1271,1109,2668,647494.08,6765.71,172,297,350,193,217,157,147,847,864,752,417,347
182753,15,-0.07,-0.03,-0.55,-0.25,2,0.2,0.2,0.15,40,49.66,2643,2479,113,2366,0,787,302,102,353,822,0,164,25,2668,1175,1191,2668,527527.11,5535.58,76,133,164,88,111,73,103,1618,0,787,655,924
182754,15,-0.07,-0.03,-0.55,-0.25,2,0.2,0.2,0.15,40,61.15,2640,2476,108,2368,927,0,649,271,181,340,0,164,28,2668,1448,920,2668,1167828.5,12029.92,96,165,193,116,132,98,89,1479,927,0,830,611
182755,15,-0.07,-0.03,-0.55,-0.25,2,0.2,0.2,0.15,50,52.69,2647,2483,103,2380,868,779,0,347,0,386,0,164,21,2668,1254,1126,2668,609186.26,6368.36,172,297,350,193,217,157,147,847,868,779,0,733
182756,15,-0.07,-0.03,-0.55,-0.25,2,0.2,0.2,0.15,50,48.48,2643,2479,113,2366,0,820,0,399,0,1147,0,164,25,2668,1147,1219,2668,453606.96,4758.08,76,133,164,88,111,73,103,1618,0,820,0,1546
182757,15,-0.07,-0.03,-0.55,-0.25,2,0.2,0.2,0.15,50,60.6,2640,2476,108,2368,931,0,0,933,0,504,0,164,28,2668,1435,933,2668,1114416.93,11466.89,96,165,193,116,132,98,89,1479,931,0,0,1437
182758,15,-0.07,-0.03,-0.55,-0.25,2,0.2,0.2,0.15,60,52.69,2647,2483,103,2380,868,779,0,347,0,386,0,164,21,2668,1254,1126,2668,609186.26,6368.36,172,297,350,193,217,157,147,847,868,779,0,733
182759,15,-0.07,-0.03,-0.55,-0.25,2,0.2,0.2,0.15,60,48.48,2643,2479,113,2366,0,820,0,399,0,1147,0,164,25,2668,1147,1219,2668,453606.96,4758.08,76,133,164,88,111,73,103,1618,0,820,0,1546
182760,15,-0.07,-0.03,-0.55,-0.25,2,0.2,0.2,0.15,60,60.6,2640,2476,108,2368,931,0,0,933,0,504,0,164,28,2668,1435,933,2668,1114416.93,11466.89,96,165,193,116,132,98,89,1479,931,0,0,1437
182761,15,-0.07,-0.03,-0.5,-0.45,1,0.1,0.1,0.15,20,68.06,379,338,3,335,208,50,57,0,20,0,0,41,2,381,228,107,381,105797.8,1079.71,114,64,44,113,0,0,0,0,208,50,77,0
182762,15,-0.07,-0.03,-0.5,-0.45,1,0.1,0.1,0.15,20,60.42,379,338,7,331,0,58,73,0,200,0,0,41,2,381,200,131,381,174996.5,1780.66,8,14,17,292,0,0,0,0,0,58,273,0
182763,15,-0.07,-0.03,-0.5,-0.45,1,0.1,0.1,0.15,20,70.15,379,338,3,335,215,0,100,0,20,0,0,41,2,381,235,100,381,131103.3,1335.2,107,53,33,142,0,0,0,0,215,0,120,0
182764,15,-0.07,-0.03,-0.5,-0.45,1,0.1,0.1,0.15,30,71.9,379,338,7,331,227,70,23,0,11,0,0,41,2,381,238,93,381,108480.65,1110.66,114,64,44,36,18,55,0,0,227,70,34,0
182765,15,-0.07,-0.03,-0.5,-0.45,1,0.1,0.1,0.15,30,57.14,379,338,16,322,0,87,51,0,184,0,0,41,2,381,184,138,381,155896.48,1587.51,8,14,17,19,15,249,0,0,0,87,235,0
182766,15,-0.07,-0.03,-0.5,-0.45,1,0.1,0.1,0.15,30,77.27,379,338,8,330,239,0,75,0,16,0,0,41,2,381,255,75,381,150479.63,1541.59,107,53,33,22,12,103,0,0,239,0,91,0
182767,15,-0.07,-0.03,-0.5,-0.45,1,0.1,0.1,0.15,40,73.11,379,338,7,331,236,76,10,3,4,2,0,41,2,381,242,89,381,113994.62,1171.29,114,64,44,36,18,21,10,24,236,76,14,5
182768,15,-0.07,-0.03,-0.5,-0.45,1,0.1,0.1,0.15,40,55.28,379,338,16,322,0,104,32,8,49,129,0,41,2,381,178,144,381,170714.99,1745.69,8,14,17,19,15,14,16,219,0,104,81,137
182769,15,-0.07,-0.03,-0.5,-0.45,1,0.1,0.1,0.15,40,79.39,379,338,8,330,252,0,50,18,4,6,0,41,2,381,262,68,381,157122.36,1601.66,107,53,33,22,12,12,8,83,252,0,54,24
182770,15,-0.07,-0.03,-0.5,-0.45,1,0.1,0.1,0.15,50,72.81,379,338,7,331,236,78,0,12,0,5,0,41,2,381,241,90,381,111608.19,1147.17,114,64,44,36,18,21,10,24,236,78,0,17
182771,15,-0.07,-0.03,-0.5,-0.45,1,0.1,0.1,0.15,50,53.73,379,338,16,322,0,111,0,38,0,173,0,41,2,381,173,149,381,157376.38,1608.72,8,14,17,19,15,14,16,219,0,111,0,211
182772,15,-0.07,-0.03,-0.5,-0.45,1,0.1,0.1,0.15,50,79.39,379,338,8,330,252,0,0,68,0,10,0,41,2,381,262,68,381,149080.92,1523.08,107,53,33,22,12,12,8,83,252,0,0,78
182773,15,-0.07,-0.03,-0.5,-0.45,1,0.1,0.1,0.15,60,72.81,379,338,7,331,236,78,0,12,0,5,0,41,2,381,241,90,381,111608.19,1147.17,114,64,44,36,18,21,10,24,236,78,0,17
182774,15,-0.07,-0.03,-0.5,-0.45,1,0.1,0.1,0.15,60,53.73,379,338,16,322,0,111,0,38,0,173,0,41,2,381,173,149,381,157376.38,1608.72,8,14,17,19,15,14,16,219,0,111,0,211
182775,15,-0.07,-0.03,-0.5,-0.45,1,0.1,0.1,0.15,60,79.39,379,338,8,330,252,0,0,68,0,10,0,41,2,381,262,68,381,149080.92,1523.08,107,53,33,22,12,12,8,83,252,0,0,78
182776,15,-0.07,-0.03,-0.5,-0.45,1,0.1,0.2,0.15,20,61.63,379,338,7,331,101,58,69,0,103,0,0,41,2,381,204,127,381,156616.08,1597.28,20,48,54,209,0,0,0,0,101,58,172,0
182777,15,-0.07,-0.03,-0.5,-0.45,1,0.1,0.2,0.15,20,60.42,379,338,7,331,0,58,73,0,200,0,0,41,2,381,200,131,381,174996.5,1780.66,8,14,17,292,0,0,0,0,0,58,273,0
182778,15,-0.07,-0.03,-0.5,-0.45,1,0.1,0.2,0.15,20,64.35,379,338,7,331,105,0,118,0,108,0,0,41,2,381,213,118,381,192781.64,1962.62,12,35,37,247,0,0,0,0,105,0,226,0
182779,15,-0.07,-0.03,-0.5,-0.45,1,0.1,0.2,0.15,30,60.8,379,338,14,324,139,83,44,0,58,0,0,41,2,381,197,127,381,164569.99,1679.2,20,48,54,37,34,131,0,0,139,83,102,0
182780,15,-0.07,-0.03,-0.5,-0.45,1,0.1,0.2,0.15,30,57.14,379,338,16,322,0,87,51,0,184,0,0,41,2,381,184,138,381,155896.48,1587.51,8,14,17,19,15,249,0,0,0,87,235,0
182781,15,-0.07,-0.03,-0.5,-0.45,1,0.1,0.2,0.15,30,68.11,379,338,15,323,147,0,103,0,73,0,0,41,2,381,220,103,381,224170.98,2286.92,12,35,37,21,24,194,0,0,147,0,176,0
182782,15,-0.07,-0.03,-0.5,-0.45,1,0.1,0.2,0.15,40,61.11,379,338,14,324,153,99,21,6,22,23,0,41,2,381,198,126,381,170473.22,1746.03,20,48,54,37,34,29,20,82,153,99,43,29
182783,15,-0.07,-0.03,-0.5,-0.45,1,0.1,0.2,0.15,40,55.28,379,338,16,322,0,104,32,8,49,129,0,41,2,381,178,144,381,170714.99,1745.69,8,14,17,19,15,14,16,219,0,104,81,137
182784,15,-0.07,-0.03,-0.5,-0.45,1,0.1,0.2,0.15,40,68.11,379,338,15,323,165,0,75,28,24,31,0,41,2,381,220,103,381,237097.81,2415.32,12,35,37,21,24,18,11,165,165,0,99,59
182785,15,-0.07,-0.03,-0.5,-0.45,1,0.1,0.2,0.15,50,60.19,379,338,14,324,154,104,0,25,0,41,0,41,2,381,195,129,381,166134.02,1701.17,20,48,54,37,34,29,20,82,154,104,0,66
182786,15,-0.07,-0.03,-0.5,-0.45,1,0.1,0.2,0.15,50,53.73,379,338,16,322,0,111,0,38,0,173,0,41,2,381,173,149,381,157376.38,1608.72,8,14,17,19,15,14,16,219,0,111,0,211
182787,15,-0.07,-0.03,-0.5,-0.45,1,0.1,0.2,0.15,50,67.18,379,338,15,323,166,0,0,106,0,51,0,41,2,381,217,106,381,225405.36,2298.67,12,35,37,21,24,18,11,165,166,0,0,157
182788,15,-0.07,-0.03,-0.5,-0.45,1,0.1,0.2,0.15,60,60.19,379,338,14,324,154,104,0,25,0,41,0,41,2,381,195,129,381,166134.02,1701.17,20,48,54,37,34,29,20,82,154,104,0,66
182789,15,-0.07,-0.03,-0.5,-0.45,1,0.1,0.2,0.15,60,53.73,379,338,16,322,0,111,0,38,0,173,0,41,2,381,173,149,381,157376.38,1608.72,8,14,17,19,15,14,16,219,0,111,0,211
182790,15,-0.07,-0.03,-0.5,-0.45,1,0.1,0.2,0.15,60,67.18,379,338,15,323,166,0,0,106,0,51,0,41,2,381,217,106,381,225405.36,2298.67,12,35,37,21,24,18,11,165,166,0,0,157
182791,15,-0.07,-0.03,-0.5,-0.45,1,0.2,0.1,0.15,20,68.06,379,338,3,335,208,50,57,0,20,0,0,41,2,381,228,107,381,105797.8,1079.71,114,64,44,113,0,0,0,0,208,50,77,0
182792,15,-0.07,-0.03,-0.5,-0.45,1,0.2,0.1,0.15,20,60.42,379,338,7,331,0,58,73,0,200,0,0,41,2,381,200,131,381,174996.5,1780.66,8,14,17,292,0,0,0,0,0,58,273,0
182793,15,-0.07,-0.03,-0.5,-0.45,1,0.2,0.1,0.15,20,70.15,379,338,3,335,215,0,100,0,20,0,0,41,2,381,235,100,381,131103.3,1335.2,107,53,33,142,0,0,0,0,215,0,120,0
182794,15,-0.07,-0.03,-0.5,-0.45,1,0.2,0.1,0.15,30,71.9,379,338,7,331,227,70,23,0,11,0,0,41,2,381,238,93,381,108480.65,1110.66,114,64,44,36,18,55,0,0,227,70,34,0
182795,15,-0.07,-0.03,-0.5,-0.45,1,0.2,0.1,0.15,30,57.14,379,338,16,322,0,87,51,0,184,0,0,41,2,381,184,138,381,155896.48,1587.51,8,14,17,19,15,249,0,0,0,87,235,0
182796,15,-0.07,-0.03,-0.5,-0.45,1,0.2,0.1,0.15,30,77.27,379,338,8,330,239,0,75,0,16,0,0,41,2,381,255,75,381,150479.63,1541.59,107,53,33,22,12,103,0,0,239,0,91,0
182797,15,-0.07,-0.03,-0.5,-0.45,1,0.2,0.1,0.15,40,73.11,379,338,7,331,236,76,10,3,4,2,0,41,2,381,242,89,381,113994.62,1171.29,114,64,44,36,18,21,10,24,236,76,14,5
182798,15,-0.07,-0.03,-0.5,-0.45,1,0.2,0.1,0.15,40,55.28,379,338,16,322,0,104,32,8,49,129,0,41,2,381,178,144,381,170714.99,1745.69,8,14,17,19,15,14,16,219,0,104,81,137
182799,15,-0.07,-0.03,-0.5,-0.45,1,0.2,0.1,0.15,40,79.39,379,338,8,330,252,0,50,18,4,6,0,41,2,381,262,68,381,157122.36,1601.66,107,53,33,22,12,12,8,83,252,0,54,24
182800,15,-0.07,-0.03,-0.5,-0.45,1,0.2,0.1,0.15,50,72.81,379,338,7,331,236,78,0,12,0,5,0,41,2,381,241,90,381,111608.19,1147.17,114,64,44,36,18,21,10,24,236,78,0,17
182801,15,-0.07,-0.03,-0.5,-0.45,1,0.2,0.1,0.15,50,53.73,379,338,16,322,0,111,0,38,0,173,0,41,2,381,173,149,381,157376.38,1608.72,8,14,17,19,15,14,16,219,0,111,0,211
182802,15,-0.07,-0.03,-0.5,-0.45,1,0.2,0.1,0.15,50,79.39,379,338,8,330,252,0,0,68,0,10,0,41,2,381,262,68,381,149080.92,1523.08,107,53,33,22,12,12,8,83,252,0,0,78
182803,15,-0.07,-0.03,-0.5,-0.45,1,0.2,0.1,0.15,60,72.81,379,338,7,331,236,78,0,12,0,5,0,41,2,381,241,90,381,111608.19,1147.17,114,64,44,36,18,21,10,24,236,78,0,17
182804,15,-0.07,-0.03,-0.5,-0.45,1,0.2,0.1,0.15,60,53.73,379,338,16,322,0,111,0,38,0,173,0,41,2,381,173,149,381,157376.38,1608.72,8,14,17,19,15,14,16,219,0,111,0,211
182805,15,-0.07,-0.03,-0.5,-0.45,1,0.2,0.1,0.15,60,79.39,379,338,8,330,252,0,0,68,0,10,0,41,2,381,262,68,381,149080.92,1523.08,107,53,33,22,12,12,8,83,252,0,0,78
182806,15,-0.07,-0.03,-0.5,-0.45,1,0.2,0.2,0.15,20,61.63,379,338,7,331,101,58,69,0,103,0,0,41,2,381,204,127,381,156616.08,1597.28,20,48,54,209,0,0,0,0,101,58,172,0
182807,15,-0.07,-0.03,-0.5,-0.45,1,0.2,0.2,0.15,20,60.42,379,338,7,331,0,58,73,0,200,0,0,41,2,381,200,131,381,174996.5,1780.66,8,14,17,292,0,0,0,0,0,58,273,0
182808,15,-0.07,-0.03,-0.5,-0.45,1,0.2,0.2,0.15,20,64.35,379,338,7,331,105,0,118,0,108,0,0,41,2,381,213,118,381,192781.64,1962.62,12,35,37,247,0,0,0,0,105,0,226,0
182809,15,-0.07,-0.03,-0.5,-0.45,1,0.2,0.2,0.15,30,60.8,379,338,14,324,139,83,44,0,58,0,0,41,2,381,197,127,381,164569.99,1679.2,20,48,54,37,34,131,0,0,139,83,102,0
182810,15,-0.07,-0.03,-0.5,-0.45,1,0.2,0.2,0.15,30,57.14,379,338,16,322,0,87,51,0,184,0,0,41,2,381,184,138,381,155896.48,1587.51,8,14,17,19,15,249,0,0,0,87,235,0
182811,15,-0.07,-0.03,-0.5,-0.45,1,0.2,0.2,0.15,30,68.11,379,338,15,323,147,0,103,0,73,0,0,41,2,381,220,103,381,224170.98,2286.92,12,35,37,21,24,194,0,0,147,0,176,0
182812,15,-0.07,-0.03,-0.5,-0.45,1,0.2,0.2,0.15,40,61.11,379,338,14,324,153,99,21,6,22,23,0,41,2,381,198,126,381,170473.22,1746.03,20,48,54,37,34,29,20,82,153,99,43,29
182813,15,-0.07,-0.03,-0.5,-0.45,1,0.2,0.2,0.15,40,55.28,379,338,16,322,0,104,32,8,49,129,0,41,2,381,178,144,381,170714.99,1745.69,8,14,17,19,15,14,16,219,0,104,81,137
182814,15,-0.07,-0.03,-0.5,-0.45,1,0.2,0.2,0.15,40,68.11,379,338,15,323,165,0,75,28,24,31,0,41,2,381,220,103,381,237097.81,2415.32,12,35,37,21,24,18,11,165,165,0,99,59
182815,15,-0.07,-0.03,-0.5,-0.45,1,0.2,0.2,0.15,50,60.19,379,338,14,324,154,104,0,25,0,41,0,41,2,381,195,129,381,166134.02,1701.17,20,48,54,37,34,29,20,82,154,104,0,66
182816,15,-0.07,-0.03,-0.5,-0.45,1,0.2,0.2,0.15,50,53.73,379,338,16,322,0,111,0,38,0,173,0,41,2,381,173,149,381,157376.38,1608.72,8,14,17,19,15,14,16,219,0,111,0,211
182817,15,-0.07,-0.03,-0.5,-0.45,1,0.2,0.2,0.15,50,67.18,379,338,15,323,166,0,0,106,0,51,0,41,2,381,217,106,381,225405.36,2298.67,12,35,37,21,24,18,11,165,166,0,0,157
182818,15,-0.07,-0.03,-0.5,-0.45,1,0.2,0.2,0.15,60,60.19,379,338,14,324,154,104,0,25,0,41,0,41,2,381,195,129,381,166134.02,1701.17,20,48,54,37,34,29,20,82,154,104,0,66
182819,15,-0.07,-0.03,-0.5,-0.45,1,0.2,0.2,0.15,60,53.73,379,338,16,322,0,111,0,38,0,173,0,41,2,381,173,149,381,157376.38,1608.72,8,14,17,19,15,14,16,219,0,111,0,211
182820,15,-0.07,-0.03,-0.5,-0.45,1,0.2,0.2,0.15,60,67.18,379,338,15,323,166,0,0,106,0,51,0,41,2,381,217,106,381,225405.36,2298.67,12,35,37,21,24,18,11,165,166,0,0,157
182821,15,-0.07,-0.03,-0.5,-0.45,2,0.1,0.1,0.15,20,71.34,379,338,3,335,217,50,46,0,22,0,0,41,2,381,239,96,381,129268.28,1481.43,116,69,44,106,0,0,0,0,217,50,68,0
182822,15,-0.07,-0.03,-0.5,-0.45,2,0.1,0.1,0.15,20,64.05,379,338,7,331,0,58,61,0,212,0,0,41,2,381,212,119,381,224472.81,2339.38,8,14,17,292,0,0,0,0,0,58,273,0
182823,15,-0.07,-0.03,-0.5,-0.45,2,0.1,0.1,0.15,20,74.93,379,338,3,335,224,0,84,0,27,0,0,41,2,381,251,84,381,169802.62,1750.42,110,58,33,134,0,0,0,0,224,0,111,0
182824,15,-0.07,-0.03,-0.5,-0.45,2,0.1,0.1,0.15,30,74.32,379,338,7,331,236,69,16,0,10,0,0,41,2,381,246,85,381,131344.64,1566.92,116,69,44,38,19,45,0,0,236,69,26,0
182825,15,-0.07,-0.03,-0.5,-0.45,2,0.1,0.1,0.15,30,59.32,379,338,16,322,0,87,44,0,191,0,0,41,2,381,191,131,381,221705.28,2280.25,8,14,17,19,15,249,0,0,0,87,235,0
182826,15,-0.07,-0.03,-0.5,-0.45,2,0.1,0.1,0.15,30,82.42,379,338,8,330,255,0,58,0,17,0,0,41,2,381,272,58,381,202517.38,2018.85,110,58,33,23,16,90,0,0,255,0,75,0
182827,15,-0.07,-0.03,-0.5,-0.45,2,0.1,0.1,0.15,40,75.23,379,338,7,331,245,74,7,1,2,2,0,41,2,381,249,82,381,135119.48,1611.3,116,69,44,38,19,19,8,18,245,74,9,3
182828,15,-0.07,-0.03,-0.5,-0.45,2,0.1,0.1,0.15,40,58.07,379,338,16,322,0,104,26,5,55,132,0,41,2,381,187,135,381,238439.79,2504.26,8,14,17,19,15,14,16,219,0,104,81,137
182829,15,-0.07,-0.03,-0.5,-0.45,2,0.1,0.1,0.15,40,84.24,379,338,8,330,267,0,41,11,4,7,0,41,2,381,278,52,381,213378.56,2096.92,110,58,33,23,16,15,6,69,267,0,45,18
182830,15,-0.07,-0.03,-0.5,-0.45,2,0.1,0.1,0.15,50,74.92,379,338,7,331,245,76,0,7,0,3,0,41,2,381,248,83,381,131554.47,1592.71,116,69,44,38,19,19,8,18,245,76,0,10
182831,15,-0.07,-0.03,-0.5,-0.45,2,0.1,0.1,0.15,50,56.21,379,338,16,322,0,111,0,30,0,181,0,41,2,381,181,141,381,221412.47,2370.42,8,14,17,19,15,14,16,219,0,111,0,211
182832,15,-0.07,-0.03,-0.5,-0.45,2,0.1,0.1,0.15,50,83.94,379,338,8,330,267,0,0,53,0,10,0,41,2,381,277,53,381,197178.38,2014.97,110,58,33,23,16,15,6,69,267,0,0,63
182833,15,-0.07,-0.03,-0.5,-0.45,2,0.1,0.1,0.15,60,74.92,379,338,7,331,245,76,0,7,0,3,0,41,2,381,248,83,381,131554.47,1592.71,116,69,44,38,19,19,8,18,245,76,0,10
182834,15,-0.07,-0.03,-0.5,-0.45,2,0.1,0.1,0.15,60,56.21,379,338,16,322,0,111,0,30,0,181,0,41,2,381,181,141,381,221412.47,2370.42,8,14,17,19,15,14,16,219,0,111,0,211
182835,15,-0.07,-0.03,-0.5,-0.45,2,0.1,0.1,0.15,60,83.94,379,338,8,330,267,0,0,53,0,10,0,41,2,381,277,53,381,197178.38,2014.97,110,58,33,23,16,15,6,69,267,0,0,63
182836,15,-0.07,-0.03,-0.5,-0.45,2,0.1,0.2,0.15,20,65.26,379,338,7,331,109,58,57,0,107,0,0,41,2,381,216,115,381,200777.68,2134.99,20,50,59,202,0,0,0,0,109,58,164,0
182837,15,-0.07,-0.03,-0.5,-0.45,2,0.1,0.2,0.15,20,64.05,379,338,7,331,0,58,61,0,212,0,0,41,2,381,212,119,381,224472.81,2339.38,8,14,17,292,0,0,0,0,0,58,273,0
182838,15,-0.07,-0.03,-0.5,-0.45,2,0.1,0.2,0.15,20,69.49,379,338,7,331,117,0,101,0,113,0,0,41,2,381,230,101,381,267704.26,2545.3,12,37,46,236,0,0,0,0,117,0,214,0
182839,15,-0.07,-0.03,-0.5,-0.45,2,0.1,0.2,0.15,30,62.96,379,338,14,324,146,83,37,0,58,0,0,41,2,381,204,120,381,208953.96,2259.47,20,50,59,38,34,123,0,0,146,83,95,0
182840,15,-0.07,-0.03,-0.5,-0.45,2,0.1,0.2,0.15,30,59.32,379,338,16,322,0,87,44,0,191,0,0,41,2,381,191,131,381,221705.28,2280.25,8,14,17,19,15,249,0,0,0,87,235,0
182841,15,-0.07,-0.03,-0.5,-0.45,2,0.1,0.2,0.15,30,72.76,379,338,15,323,157,0,88,0,78,0,0,41,2,381,235,88,381,316685.6,2918.52,12,37,46,22,24,182,0,0,157,0,166,0
182842,15,-0.07,-0.03,-0.5,-0.45,2,0.1,0.2,0.15,40,63.27,379,338,14,324,163,99,16,4,26,16,0,41,2,381,205,119,381,218094.54,2380.61,20,50,59,38,34,28,23,72,163,99,42,20
182843,15,-0.07,-0.03,-0.5,-0.45,2,0.1,0.2,0.15,40,58.07,379,338,16,322,0,104,26,5,55,132,0,41,2,381,187,135,381,238439.79,2504.26,8,14,17,19,15,14,16,219,0,104,81,137
182844,15,-0.07,-0.03,-0.5,-0.45,2,0.1,0.2,0.15,40,73.37,379,338,15,323,179,0,66,20,30,28,0,41,2,381,237,86,381,340408.79,3127.44,12,37,46,22,24,16,14,152,179,0,96,48
182845,15,-0.07,-0.03,-0.5,-0.45,2,0.1,0.2,0.15,50,62.04,379,338,14,324,164,104,0,19,0,37,0,41,2,381,201,123,381,210099.39,2336.55,20,50,59,38,34,28,23,72,164,104,0,56
182846,15,-0.07,-0.03,-0.5,-0.45,2,0.1,0.2,0.15,50,56.21,379,338,16,322,0,111,0,30,0,181,0,41,2,381,181,141,381,221412.47,2370.42,8,14,17,19,15,14,16,219,0,111,0,211
182847,15,-0.07,-0.03,-0.5,-0.45,2,0.1,0.2,0.15,50,72.45,379,338,15,323,180,0,0,89,0,54,0,41,2,381,234,89,381,320032.43,3023.26,12,37,46,22,24,16,14,152,180,0,0,143
182848,15,-0.07,-0.03,-0.5,-0.45,2,0.1,0.2,0.15,60,62.04,379,338,14,324,164,104,0,19,0,37,0,41,2,381,201,123,381,210099.39,2336.55,20,50,59,38,34,28,23,72,164,104,0,56
182849,15,-0.07,-0.03,-0.5,-0.45,2,0.1,0.2,0.15,60,56.21,379,338,16,322,0,111,0,30,0,181,0,41,2,381,181,141,381,221412.47,2370.42,8,14,17,19,15,14,16,219,0,111,0,211
182850,15,-0.07,-0.03,-0.5,-0.45,2,0.1,0.2,0.15,60,72.45,379,338,15,323,180,0,0,89,0,54,0,41,2,381,234,89,381,320032.43,3023.26,12,37,46,22,24,16,14,152,180,0,0,143
182851,15,-0.07,-0.03,-0.5,-0.45,2,0.2,0.1,0.15,20,68.06,379,338,3,335,208,50,57,0,20,0,0,41,2,381,228,107,381,105797.8,1079.71,114,64,44,113,0,0,0,0,208,50,77,0
182852,15,-0.07,-0.03,-0.5,-0.45,2,0.2,0.1,0.15,20,60.42,379,338,7,331,0,58,73,0,200,0,0,41,2,381,200,131,381,174996.5,1780.66,8,14,17,292,0,0,0,0,0,58,273,0
182853,15,-0.07,-0.03,-0.5,-0.45,2,0.2,0.1,0.15,20,70.15,379,338,3,335,215,0,100,0,20,0,0,41,2,381,235,100,381,131103.3,1335.2,107,53,33,142,0,0,0,0,215,0,120,0
182854,15,-0.07,-0.03,-0.5,-0.45,2,0.2,0.1,0.15,30,71.9,379,338,7,331,227,70,23,0,11,0,0,41,2,381,238,93,381,108480.65,1110.66,114,64,44,36,18,55,0,0,227,70,34,0
182855,15,-0.07,-0.03,-0.5,-0.45,2,0.2,0.1,0.15,30,57.14,379,338,16,322,0,87,51,0,184,0,0,41,2,381,184,138,381,155896.48,1587.51,8,14,17,19,15,249,0,0,0,87,235,0
182856,15,-0.07,-0.03,-0.5,-0.45,2,0.2,0.1,0.15,30,77.27,379,338,8,330,239,0,75,0,16,0,0,41,2,381,255,75,381,150479.63,1541.59,107,53,33,22,12,103,0,0,239,0,91,0
182857,15,-0.07,-0.03,-0.5,-0.45,2,0.2,0.1,0.15,40,73.11,379,338,7,331,236,76,10,3,4,2,0,41,2,381,242,89,381,113994.62,1171.29,114,64,44,36,18,21,10,24,236,76,14,5
182858,15,-0.07,-0.03,-0.5,-0.45,2,0.2,0.1,0.15,40,55.28,379,338,16,322,0,104,32,8,49,129,0,41,2,381,178,144,381,170714.99,1745.69,8,14,17,19,15,14,16,219,0,104,81,137
182859,15,-0.07,-0.03,-0.5,-0.45,2,0.2,0.1,0.15,40,79.39,379,338,8,330,252,0,50,18,4,6,0,41,2,381,262,68,381,157122.36,1601.66,107,53,33,22,12,12,8,83,252,0,54,24
182860,15,-0.07,-0.03,-0.5,-0.45,2,0.2,0.1,0.15,50,72.81,379,338,7,331,236,78,0,12,0,5,0,41,2,381,241,90,381,111608.19,1147.17,114,64,44,36,18,21,10,24,236,78,0,17
182861,15,-0.07,-0.03,-0.5,-0.45,2,0.2,0.1,0.15,50,53.73,379,338,16,322,0,111,0,38,0,173,0,41,2,381,173,149,381,157376.38,1608.72,8,14,17,19,15,14,16,219,0,111,0,211
182862,15,-0.07,-0.03,-0.5,-0.45,2,0.2,0.1,0.15,50,79.39,379,338,8,330,252,0,0,68,0,10,0,41,2,381,262,68,381,149080.92,1523.08,107,53,33,22,12,12,8,83,252,0,0,78
182863,15,-0.07,-0.03,-0.5,-0.45,2,0.2,0.1,0.15,60,72.81,379,338,7,331,236,78,0,12,0,5,0,41,2,381,241,90,381,111608.19,1147.17,114,64,44,36,18,21,10,24,236,78,0,17
182864,15,-0.07,-0.03,-0.5,-0.45,2,0.2,0.1,0.15,60,53.73,379,338,16,322,0,111,0,38,0,173,0,41,2,381,173,149,381,157376.38,1608.72,8,14,17,19,15,14,16,219,0,111,0,211
182865,15,-0.07,-0.03,-0.5,-0.45,2,0.2,0.1,0.15,60,79.39,379,338,8,330,252,0,0,68,0,10,0,41,2,381,262,68,381,149080.92,1523.08,107,53,33,22,12,12,8,83,252,0,0,78
182866,15,-0.07,-0.03,-0.5,-0.45,2,0.2,0.2,0.15,20,61.63,379,338,7,331,101,58,69,0,103,0,0,41,2,381,204,127,381,156616.08,1597.28,20,48,54,209,0,0,0,0,101,58,172,0
182867,15,-0.07,-0.03,-0.5,-0.45,2,0.2,0.2,0.15,20,60.42,379,338,7,331,0,58,73,0,200,0,0,41,2,381,200,131,381,174996.5,1780.66,8,14,17,292,0,0,0,0,0,58,273,0
182868,15,-0.07,-0.03,-0.5,-0.45,2,0.2,0.2,0.15,20,64.35,379,338,7,331,105,0,118,0,108,0,0,41,2,381,213,118,381,192781.64,1962.62,12,35,37,247,0,0,0,0,105,0,226,0
182869,15,-0.07,-0.03,-0.5,-0.45,2,0.2,0.2,0.15,30,60.8,379,338,14,324,139,83,44,0,58,0,0,41,2,381,197,127,381,164569.99,1679.2,20,48,54,37,34,131,0,0,139,83,102,0
182870,15,-0.07,-0.03,-0.5,-0.45,2,0.2,0.2,0.15,30,57.14,379,338,16,322,0,87,51,0,184,0,0,41,2,381,184,138,381,155896.48,1587.51,8,14,17,19,15,249,0,0,0,87,235,0
182871,15,-0.07,-0.03,-0.5,-0.45,2,0.2,0.2,0.15,30,68.11,379,338,15,323,147,0,103,0,73,0,0,41,2,381,220,103,381,224170.98,2286.92,12,35,37,21,24,194,0,0,147,0,176,0
182872,15,-0.07,-0.03,-0.5,-0.45,2,0.2,0.2,0.15,40,61.11,379,338,14,324,153,99,21,6,22,23,0,41,2,381,198,126,381,170473.22,1746.03,20,48,54,37,34,29,20,82,153,99,43,29
182873,15,-0.07,-0.03,-0.5,-0.45,2,0.2,0.2,0.15,40,55.28,379,338,16,322,0,104,32,8,49,129,0,41,2,381,178,144,381,170714.99,1745.69,8,14,17,19,15,14,16,219,0,104,81,137
182874,15,-0.07,-0.03,-0.5,-0.45,2,0.2,0.2,0.15,40,68.11,379,338,15,323,165,0,75,28,24,31,0,41,2,381,220,103,381,237097.81,2415.32,12,35,37,21,24,18,11,165,165,0,99,59
182875,15,-0.07,-0.03,-0.5,-0.45,2,0.2,0.2,0.15,50,60.19,379,338,14,324,154,104,0,25,0,41,0,41,2,381,195,129,381,166134.02,1701.17,20,48,54,37,34,29,20,82,154,104,0,66
182876,15,-0.07,-0.03,-0.5,-0.45,2,0.2,0.2,0.15,50,53.73,379,338,16,322,0,111,0,38,0,173,0,41,2,381,173,149,381,157376.38,1608.72,8,14,17,19,15,14,16,219,0,111,0,211
182877,15,-0.07,-0.03,-0.5,-0.45,2,0.2,0.2,0.15,50,67.18,379,338,15,323,166,0,0,106,0,51,0,41,2,381,217,106,381,225405.36,2298.67,12,35,37,21,24,18,11,165,166,0,0,157
182878,15,-0.07,-0.03,-0.5,-0.45,2,0.2,0.2,0.15,60,60.19,379,338,14,324,154,104,0,25,0,41,0,41,2,381,195,129,381,166134.02,1701.17,20,48,54,37,34,29,20,82,154,104,0,66
182879,15,-0.07,-0.03,-0.5,-0.45,2,0.2,0.2,0.15,60,53.73,379,338,16,322,0,111,0,38,0,173,0,41,2,381,173,149,381,157376.38,1608.72,8,14,17,19,15,14,16,219,0,111,0,211
182880,15,-0.07,-0.03,-0.5,-0.45,2,0.2,0.2,0.15,60,67.18,379,338,15,323,166,0,0,106,0,51,0,41,2,381,217,106,381,225405.36,2298.67,12,35,37,21,24,18,11,165,166,0,0,157
182881,15,-0.07,-0.03,-0.5,-0.4,1,0.1,0.1,0.15,20,67.64,835,763,9,754,445,114,130,0,65,0,0,72,4,839,510,244,839,217588.56,2226.6,246,144,91,273,0,0,0,0,445,114,195,0
182882,15,-0.07,-0.03,-0.5,-0.4,1,0.1,0.1,0.15,20,60.32,835,763,17,746,0,127,169,0,450,0,0,72,4,839,450,296,839,342139.99,3507.13,22,35,34,655,0,0,0,0,0,127,619,0
182883,15,-0.07,-0.03,-0.5,-0.4,1,0.1,0.1,0.15,20,70.52,834,762,9,753,463,0,222,0,68,0,0,72,5,839,531,222,839,282335.22,2889.01,225,113,70,345,0,0,0,0,463,0,290,0
182884,15,-0.07,-0.03,-0.5,-0.4,1,0.1,0.1,0.15,30,70.66,835,763,20,743,499,158,60,0,26,0,0,72,4,839,525,218,839,225891.91,2312.06,246,144,91,78,55,129,0,0,499,158,86,0
182885,15,-0.07,-0.03,-0.5,-0.4,1,0.1,0.1,0.15,30,56.19,835,763,44,719,0,194,121,0,404,0,0,72,4,839,404,315,839,310907.18,3191.23,22,35,34,36,41,551,0,0,0,194,525,0
182886,15,-0.07,-0.03,-0.5,-0.4,1,0.1,0.1,0.15,30,77.03,834,762,22,740,533,0,170,0,37,0,0,72,5,839,570,170,839,341572.9,3504.85,225,113,70,55,42,235,0,0,533,0,207,0
182887,15,-0.07,-0.03,-0.5,-0.4,1,0.1,0.1,0.15,40,71.16,835,763,21,742,515,178,26,10,10,3,0,72,4,839,528,214,839,225125.36,2311.86,246,144,91,78,55,43,20,65,515,178,36,13
182888,15,-0.07,-0.03,-0.5,-0.4,1,0.1,0.1,0.15,40,53.42,835,763,46,717,0,235,76,23,96,287,0,72,4,839,383,334,839,332118.56,3419.61,22,35,34,36,41,26,32,491,0,235,172,310
182889,15,-0.07,-0.03,-0.5,-0.4,1,0.1,0.1,0.15,40,78.62,834,762,23,739,560,0,109,49,10,11,0,72,5,839,581,158,839,354719.67,3637.21,225,113,70,55,42,28,12,194,560,0,119,60
182890,15,-0.07,-0.03,-0.5,-0.4,1,0.1,0.1,0.15,50,70.89,835,763,21,742,515,183,0,33,0,11,0,72,4,839,526,216,839,219057.47,2250.38,246,144,91,78,55,43,20,65,515,183,0,44
182891,15,-0.07,-0.03,-0.5,-0.4,1,0.1,0.1,0.15,50,51.46,835,763,46,717,0,248,0,100,0,369,0,72,4,839,369,348,839,302363.09,3114.2,22,35,34,36,41,26,32,491,0,248,0,469
182892,15,-0.07,-0.03,-0.5,-0.4,1,0.1,0.1,0.15,50,78.48,834,762,23,739,560,0,0,159,0,20,0,72,5,839,580,159,839,338326.73,3473.38,225,113,70,55,42,28,12,194,560,0,0,179
182893,15,-0.07,-0.03,-0.5,-0.4,1,0.1,0.1,0.15,60,70.89,835,763,21,742,515,183,0,33,0,11,0,72,4,839,526,216,839,219057.47,2250.38,246,144,91,78,55,43,20,65,515,183,0,44
182894,15,-0.07,-0.03,-0.5,-0.4,1,0.1,0.1,0.15,60,51.46,835,763,46,717,0,248,0,100,0,369,0,72,4,839,369,348,839,302363.09,3114.2,22,35,34,36,41,26,32,491,0,248,0,469
182895,15,-0.07,-0.03,-0.5,-0.4,1,0.1,0.1,0.15,60,78.48,834,762,23,739,560,0,0,159,0,20,0,72,5,839,580,159,839,338326.73,3473.38,225,113,70,55,42,28,12,194,560,0,0,179
182896,15,-0.07,-0.03,-0.5,-0.4,1,0.1,0.2,0.15,20,60.99,835,763,17,746,200,126,165,0,255,0,0,72,4,839,455,291,839,307881.09,3152.56,52,107,96,491,0,0,0,0,200,126,420,0
182897,15,-0.07,-0.03,-0.5,-0.4,1,0.1,0.2,0.15,20,60.32,835,763,17,746,0,127,169,0,450,0,0,72,4,839,450,296,839,342139.99,3507.13,22,35,34,655,0,0,0,0,0,127,619,0
182898,15,-0.07,-0.03,-0.5,-0.4,1,0.1,0.2,0.15,20,64.16,834,762,17,745,207,0,267,0,271,0,0,72,5,839,478,267,839,386972.61,3965.06,30,73,62,580,0,0,0,0,207,0,538,0
182899,15,-0.07,-0.03,-0.5,-0.4,1,0.1,0.2,0.15,30,58.84,835,763,39,724,285,189,109,0,141,0,0,72,4,839,426,298,839,308340.99,3156.86,52,107,96,71,85,313,0,0,285,189,250,0
182900,15,-0.07,-0.03,-0.5,-0.4,1,0.1,0.2,0.15,30,56.19,835,763,44,719,0,194,121,0,404,0,0,72,4,839,404,315,839,310907.18,3191.23,22,35,34,36,41,551,0,0,0,194,525,0
182901,15,-0.07,-0.03,-0.5,-0.4,1,0.1,0.2,0.15,30,66.3,834,762,41,721,303,0,243,0,175,0,0,72,5,839,478,243,839,456642.42,4683.19,30,73,62,42,54,460,0,0,303,0,418,0
182902,15,-0.07,-0.03,-0.5,-0.4,1,0.1,0.2,0.15,40,57.62,835,763,41,722,319,226,59,21,42,55,0,72,4,839,416,306,839,314573.7,3233.22,52,107,96,71,85,63,48,200,319,226,101,76
182903,15,-0.07,-0.03,-0.5,-0.4,1,0.1,0.2,0.15,40,53.42,835,763,46,717,0,235,76,23,96,287,0,72,4,839,383,334,839,332118.56,3419.61,22,35,34,36,41,26,32,491,0,235,172,310
182904,15,-0.07,-0.03,-0.5,-0.4,1,0.1,0.2,0.15,40,65.79,834,762,43,719,347,0,176,70,46,80,0,72,5,839,473,246,839,494898.88,5080.63,30,73,62,42,54,42,29,387,347,0,222,150
182905,15,-0.07,-0.03,-0.5,-0.4,1,0.1,0.2,0.15,50,56.51,835,763,41,722,320,237,0,77,0,88,0,72,4,839,408,314,839,299500.21,3077.77,52,107,96,71,85,63,48,200,320,237,0,165
182906,15,-0.07,-0.03,-0.5,-0.4,1,0.1,0.2,0.15,50,51.46,835,763,46,717,0,248,0,100,0,369,0,72,4,839,369,348,839,302363.09,3114.2,22,35,34,36,41,26,32,491,0,248,0,469
182907,15,-0.07,-0.03,-0.5,-0.4,1,0.1,0.2,0.15,50,64.53,834,762,43,719,348,0,0,255,0,116,0,72,5,839,464,255,839,463929.6,4766.0,30,73,62,42,54,42,29,387,348,0,0,371
182908,15,-0.07,-0.03,-0.5,-0.4,1,0.1,0.2,0.15,60,56.51,835,763,41,722,320,237,0,77,0,88,0,72,4,839,408,314,839,299500.21,3077.77,52,107,96,71,85,63,48,200,320,237,0,165
182909,15,-0.07,-0.03,-0.5,-0.4,1,0.1,0.2,0.15,60,51.46,835,763,46,717,0,248,0,100,0,369,0,72,4,839,369,348,839,302363.09,3114.2,22,35,34,36,41,26,32,491,0,248,0,469
182910,15,-0.07,-0.03,-0.5,-0.4,1,0.1,0.2,0.15,60,64.53,834,762,43,719,348,0,0,255,0,116,0,72,5,839,464,255,839,463929.6,4766.0,30,73,62,42,54,42,29,387,348,0,0,371
182911,15,-0.07,-0.03,-0.5,-0.4,1,0.2,0.1,0.15,20,67.64,835,763,9,754,445,114,130,0,65,0,0,72,4,839,510,244,839,217588.56,2226.6,246,144,91,273,0,0,0,0,445,114,195,0
182912,15,-0.07,-0.03,-0.5,-0.4,1,0.2,0.1,0.15,20,60.32,835,763,17,746,0,127,169,0,450,0,0,72,4,839,450,296,839,342139.99,3507.13,22,35,34,655,0,0,0,0,0,127,619,0
182913,15,-0.07,-0.03,-0.5,-0.4,1,0.2,0.1,0.15,20,70.52,834,762,9,753,463,0,222,0,68,0,0,72,5,839,531,222,839,282335.22,2889.01,225,113,70,345,0,0,0,0,463,0,290,0
182914,15,-0.07,-0.03,-0.5,-0.4,1,0.2,0.1,0.15,30,70.66,835,763,20,743,499,158,60,0,26,0,0,72,4,839,525,218,839,225891.91,2312.06,246,144,91,78,55,129,0,0,499,158,86,0
182915,15,-0.07,-0.03,-0.5,-0.4,1,0.2,0.1,0.15,30,56.19,835,763,44,719,0,194,121,0,404,0,0,72,4,839,404,315,839,310907.18,3191.23,22,35,34,36,41,551,0,0,0,194,525,0
182916,15,-0.07,-0.03,-0.5,-0.4,1,0.2,0.1,0.15,30,77.03,834,762,22,740,533,0,170,0,37,0,0,72,5,839,570,170,839,341572.9,3504.85,225,113,70,55,42,235,0,0,533,0,207,0
182917,15,-0.07,-0.03,-0.5,-0.4,1,0.2,0.1,0.15,40,71.16,835,763,21,742,515,178,26,10,10,3,0,72,4,839,528,214,839,225125.36,2311.86,246,144,91,78,55,43,20,65,515,178,36,13
182918,15,-0.07,-0.03,-0.5,-0.4,1,0.2,0.1,0.15,40,53.42,835,763,46,717,0,235,76,23,96,287,0,72,4,839,383,334,839,332118.56,3419.61,22,35,34,36,41,26,32,491,0,235,172,310
182919,15,-0.07,-0.03,-0.5,-0.4,1,0.2,0.1,0.15,40,78.62,834,762,23,739,560,0,109,49,10,11,0,72,5,839,581,158,839,354719.67,3637.21,225,113,70,55,42,28,12,194,560,0,119,60
182920,15,-0.07,-0.03,-0.5,-0.4,1,0.2,0.1,0.15,50,70.89,835,763,21,742,515,183,0,33,0,11,0,72,4,839,526,216,839,219057.47,2250.38,246,144,91,78,55,43,20,65,515,183,0,44
182921,15,-0.07,-0.03,-0.5,-0.4,1,0.2,0.1,0.15,50,51.46,835,763,46,717,0,248,0,100,0,369,0,72,4,839,369,348,839,302363.09,3114.2,22,35,34,36,41,26,32,491,0,248,0,469
182922,15,-0.07,-0.03,-0.5,-0.4,1,0.2,0.1,0.15,50,78.48,834,762,23,739,560,0,0,159,0,20,0,72,5,839,580,159,839,338326.73,3473.38,225,113,70,55,42,28,12,194,560,0,0,179
182923,15,-0.07,-0.03,-0.5,-0.4,1,0.2,0.1,0.15,60,70.89,835,763,21,742,515,183,0,33,0,11,0,72,4,839,526,216,839,219057.47,2250.38,246,144,91,78,55,43,20,65,515,183,0,44
182924,15,-0.07,-0.03,-0.5,-0.4,1,0.2,0.1,0.15,60,51.46,835,763,46,717,0,248,0,100,0,369,0,72,4,839,369,348,839,302363.09,3114.2,22,35,34,36,41,26,32,491,0,248,0,469
182925,15,-0.07,-0.03,-0.5,-0.4,1,0.2,0.1,0.15,60,78.48,834,762,23,739,560,0,0,159,0,20,0,72,5,839,580,159,839,338326.73,3473.38,225,113,70,55,42,28,12,194,560,0,0,179
182926,15,-0.07,-0.03,-0.5,-0.4,1,0.2,0.2,0.15,20,60.99,835,763,17,746,200,126,165,0,255,0,0,72,4,839,455,291,839,307881.09,3152.56,52,107,96,491,0,0,0,0,200,126,420,0
182927,15,-0.07,-0.03,-0.5,-0.4,1,0.2,0.2,0.15,20,60.32,835,763,17,746,0,127,169,0,450,0,0,72,4,839,450,296,839,342139.99,3507.13,22,35,34,655,0,0,0,0,0,127,619,0
182928,15,-0.07,-0.03,-0.5,-0.4,1,0.2,0.2,0.15,20,64.16,834,762,17,745,207,0,267,0,271,0,0,72,5,839,478,267,839,386972.61,3965.06,30,73,62,580,0,0,0,0,207,0,538,0
182929,15,-0.07,-0.03,-0.5,-0.4,1,0.2,0.2,0.15,30,58.84,835,763,39,724,285,189,109,0,141,0,0,72,4,839,426,298,839,308340.99,3156.86,52,107,96,71,85,313,0,0,285,189,250,0
182930,15,-0.07,-0.03,-0.5,-0.4,1,0.2,0.2,0.15,30,56.19,835,763,44,719,0,194,121,0,404,0,0,72,4,839,404,315,839,310907.18,3191.23,22,35,34,36,41,551,0,0,0,194,525,0
182931,15,-0.07,-0.03,-0.5,-0.4,1,0.2,0.2,0.15,30,66.3,834,762,41,721,303,0,243,0,175,0,0,72,5,839,478,243,839,456642.42,4683.19,30,73,62,42,54,460,0,0,303,0,418,0
182932,15,-0.07,-0.03,-0.5,-0.4,1,0.2,0.2,0.15,40,57.62,835,763,41,722,319,226,59,21,42,55,0,72,4,839,416,306,839,314573.7,3233.22,52,107,96,71,85,63,48,200,319,226,101,76
182933,15,-0.07,-0.03,-0.5,-0.4,1,0.2,0.2,0.15,40,53.42,835,763,46,717,0,235,76,23,96,287,0,72,4,839,383,334,839,332118.56,3419.61,22,35,34,36,41,26,32,491,0,235,172,310
182934,15,-0.07,-0.03,-0.5,-0.4,1,0.2,0.2,0.15,40,65.79,834,762,43,719,347,0,176,70,46,80,0,72,5,839,473,246,839,494898.88,5080.63,30,73,62,42,54,42,29,387,347,0,222,150
182935,15,-0.07,-0.03,-0.5,-0.4,1,0.2,0.2,0.15,50,56.51,835,763,41,722,320,237,0,77,0,88,0,72,4,839,408,314,839,299500.21,3077.77,52,107,96,71,85,63,48,200,320,237,0,165
182936,15,-0.07,-0.03,-0.5,-0.4,1,0.2,0.2,0.15,50,51.46,835,763,46,717,0,248,0,100,0,369,0,72,4,839,369,348,839,302363.09,3114.2,22,35,34,36,41,26,32,491,0,248,0,469
182937,15,-0.07,-0.03,-0.5,-0.4,1,0.2,0.2,0.15,50,64.53,834,762,43,719,348,0,0,255,0,116,0,72,5,839,464,255,839,463929.6,4766.0,30,73,62,42,54,42,29,387,348,0,0,371
182938,15,-0.07,-0.03,-0.5,-0.4,1,0.2,0.2,0.15,60,56.51,835,763,41,722,320,237,0,77,0,88,0,72,4,839,408,314,839,299500.21,3077.77,52,107,96,71,85,63,48,200,320,237,0,165
182939,15,-0.07,-0.03,-0.5,-0.4,1,0.2,0.2,0.15,60,51.46,835,763,46,717,0,248,0,100,0,369,0,72,4,839,369,348,839,302363.09,3114.2,22,35,34,36,41,26,32,491,0,248,0,469
182940,15,-0.07,-0.03,-0.5,-0.4,1,0.2,0.2,0.15,60,64.53,834,762,43,719,348,0,0,255,0,116,0,72,5,839,464,255,839,463929.6,4766.0,30,73,62,42,54,42,29,387,348,0,0,371
182941,15,-0.07,-0.03,-0.5,-0.4,2,0.1,0.1,0.15,20,71.49,835,763,9,754,470,112,103,0,69,0,0,72,4,839,539,215,839,290899.63,3236.82,256,153,100,245,0,0,0,0,470,112,172,0
182942,15,-0.07,-0.03,-0.5,-0.4,2,0.1,0.1,0.15,20,64.48,835,763,17,746,0,127,138,0,481,0,0,72,4,839,481,265,839,475852.92,4860.31,22,35,34,655,0,0,0,0,0,127,619,0
182943,15,-0.07,-0.03,-0.5,-0.4,2,0.1,0.1,0.15,20,76.23,834,762,9,753,492,0,179,0,82,0,0,72,5,839,574,179,839,396132.64,3919.46,236,125,82,310,0,0,0,0,492,0,261,0
182944,15,-0.07,-0.03,-0.5,-0.4,2,0.1,0.1,0.15,30,73.25,835,763,19,744,520,153,46,0,25,0,0,72,4,839,545,199,839,292051.35,3378.47,256,153,100,73,56,106,0,0,520,153,71,0
182945,15,-0.07,-0.03,-0.5,-0.4,2,0.1,0.1,0.15,30,58.41,835,763,44,719,0,194,105,0,420,0,0,72,4,839,420,299,839,480223.26,4833.46,22,35,34,36,41,551,0,0,0,194,525,0
182946,15,-0.07,-0.03,-0.5,-0.4,2,0.1,0.1,0.15,30,81.92,834,762,21,741,568,0,134,0,39,0,0,72,5,839,607,134,839,486614.76,4559.18,236,125,82,49,52,197,0,0,568,0,173,0
182947,15,-0.07,-0.03,-0.5,-0.4,2,0.1,0.1,0.15,40,73.76,835,763,20,743,535,171,20,4,9,4,0,72,4,839,548,195,839,286339.77,3402.2,256,153,100,73,56,35,18,52,535,171,29,8
182948,15,-0.07,-0.03,-0.5,-0.4,2,0.1,0.1,0.15,40,56.07,835,763,46,717,0,235,64,16,108,294,0,72,4,839,402,315,839,508479.02,5235.25,22,35,34,36,41,26,32,491,0,235,172,310
182949,15,-0.07,-0.03,-0.5,-0.4,2,0.1,0.1,0.15,40,84.05,834,762,22,740,594,0,89,29,14,14,0,72,5,839,622,118,839,512500.52,4743.53,236,125,82,49,52,24,13,159,594,0,103,43
182950,15,-0.07,-0.03,-0.5,-0.4,2,0.1,0.1,0.15,50,73.22,835,763,20,743,535,176,0,23,0,9,0,72,4,839,544,199,839,277090.24,3348.82,256,153,100,73,56,35,18,52,535,176,0,32
182951,15,-0.07,-0.03,-0.5,-0.4,2,0.1,0.1,0.15,50,53.7,835,763,46,717,0,248,0,84,0,385,0,72,4,839,385,332,839,468181.85,4934.65,22,35,34,36,41,26,32,491,0,248,0,469
182952,15,-0.07,-0.03,-0.5,-0.4,2,0.1,0.1,0.15,50,83.92,834,762,22,740,594,0,0,119,0,27,0,72,5,839,621,119,839,481979.37,4582.8,236,125,82,49,52,24,13,159,594,0,0,146
182953,15,-0.07,-0.03,-0.5,-0.4,2,0.1,0.1,0.15,60,73.22,835,763,20,743,535,176,0,23,0,9,0,72,4,839,544,199,839,277090.24,3348.82,256,153,100,73,56,35,18,52,535,176,0,32
182954,15,-0.07,-0.03,-0.5,-0.4,2,0.1,0.1,0.15,60,53.7,835,763,46,717,0,248,0,84,0,385,0,72,4,839,385,332,839,468181.85,4934.65,22,35,34,36,41,26,32,491,0,248,0,469
182955,15,-0.07,-0.03,-0.5,-0.4,2,0.1,0.1,0.15,60,83.92,834,762,22,740,594,0,0,119,0,27,0,72,5,839,621,119,839,481979.37,4582.8,236,125,82,49,52,24,13,159,594,0,0,146
182956,15,-0.07,-0.03,-0.5,-0.4,2,0.1,0.2,0.15,20,65.28,835,763,17,746,220,126,133,0,267,0,0,72,4,839,487,259,839,432513.2,4469.25,53,109,104,480,0,0,0,0,220,126,400,0
182957,15,-0.07,-0.03,-0.5,-0.4,2,0.1,0.2,0.15,20,64.48,835,763,17,746,0,127,138,0,481,0,0,72,4,839,481,265,839,475852.92,4860.31,22,35,34,655,0,0,0,0,0,127,619,0
182958,15,-0.07,-0.03,-0.5,-0.4,2,0.1,0.2,0.15,20,70.34,834,762,17,745,235,0,221,0,289,0,0,72,5,839,524,221,839,583160.59,5409.05,31,75,75,564,0,0,0,0,235,0,510,0
182959,15,-0.07,-0.03,-0.5,-0.4,2,0.1,0.2,0.15,30,61.33,835,763,39,724,305,188,92,0,139,0,0,72,4,839,444,280,839,444972.35,4644.81,53,109,104,80,87,291,0,0,305,188,231,0
182960,15,-0.07,-0.03,-0.5,-0.4,2,0.1,0.2,0.15,30,58.41,835,763,44,719,0,194,105,0,420,0,0,72,4,839,420,299,839,480223.26,4833.46,22,35,34,36,41,551,0,0,0,194,525,0
182961,15,-0.07,-0.03,-0.5,-0.4,2,0.1,0.2,0.15,30,71.15,834,762,41,721,333,0,208,0,180,0,0,72,5,839,513,208,839,726018.89,6304.77,31,75,75,54,57,429,0,0,333,0,388,0
182962,15,-0.07,-0.03,-0.5,-0.4,2,0.1,0.2,0.15,40,60.11,835,763,41,722,342,224,49,15,48,44,0,72,4,839,434,288,839,447391.83,4799.82,53,109,104,80,87,60,49,180,342,224,97,59
182963,15,-0.07,-0.03,-0.5,-0.4,2,0.1,0.2,0.15,40,56.07,835,763,46,717,0,235,64,16,108,294,0,72,4,839,402,315,839,508479.02,5235.25,22,35,34,36,41,26,32,491,0,235,172,310
182964,15,-0.07,-0.03,-0.5,-0.4,2,0.1,0.2,0.15,40,71.77,834,762,43,719,386,0,154,49,59,71,0,72,5,839,516,203,839,788889.32,6785.13,31,75,75,54,57,41,34,352,386,0,213,120
182965,15,-0.07,-0.03,-0.5,-0.4,2,0.1,0.2,0.15,50,58.73,835,763,41,722,343,235,0,63,0,81,0,72,4,839,424,298,839,426380.0,4662.34,53,109,104,80,87,60,49,180,343,235,0,144
182966,15,-0.07,-0.03,-0.5,-0.4,2,0.1,0.2,0.15,50,53.7,835,763,46,717,0,248,0,84,0,385,0,72,4,839,385,332,839,468181.85,4934.65,22,35,34,36,41,26,32,491,0,248,0,469
182967,15,-0.07,-0.03,-0.5,-0.4,2,0.1,0.2,0.15,50,71.07,834,762,43,719,387,0,0,208,0,124,0,72,5,839,511,208,839,738687.9,6501.38,31,75,75,54,57,41,34,352,387,0,0,332
182968,15,-0.07,-0.03,-0.5,-0.4,2,0.1,0.2,0.15,60,58.73,835,763,41,722,343,235,0,63,0,81,0,72,4,839,424,298,839,426380.0,4662.34,53,109,104,80,87,60,49,180,343,235,0,144
182969,15,-0.07,-0.03,-0.5,-0.4,2,0.1,0.2,0.15,60,53.7,835,763,46,717,0,248,0,84,0,385,0,72,4,839,385,332,839,468181.85,4934.65,22,35,34,36,41,26,32,491,0,248,0,469
182970,15,-0.07,-0.03,-0.5,-0.4,2,0.1,0.2,0.15,60,71.07,834,762,43,719,387,0,0,208,0,124,0,72,5,839,511,208,839,738687.9,6501.38,31,75,75,54,57,41,34,352,387,0,0,332
182971,15,-0.07,-0.03,-0.5,-0.4,2,0.2,0.1,0.15,20,67.64,835,763,9,754,445,114,130,0,65,0,0,72,4,839,510,244,839,217588.56,2226.6,246,144,91,273,0,0,0,0,445,114,195,0
182972,15,-0.07,-0.03,-0.5,-0.4,2,0.2,0.1,0.15,20,60.32,835,763,17,746,0,127,169,0,450,0,0,72,4,839,450,296,839,342139.99,3507.13,22,35,34,655,0,0,0,0,0,127,619,0
182973,15,-0.07,-0.03,-0.5,-0.4,2,0.2,0.1,0.15,20,70.52,834,762,9,753,463,0,222,0,68,0,0,72,5,839,531,222,839,282335.22,2889.01,225,113,70,345,0,0,0,0,463,0,290,0
182974,15,-0.07,-0.03,-0.5,-0.4,2,0.2,0.1,0.15,30,70.66,835,763,20,743,499,158,60,0,26,0,0,72,4,839,525,218,839,225891.91,2312.06,246,144,91,78,55,129,0,0,499,158,86,0
182975,15,-0.07,-0.03,-0.5,-0.4,2,0.2,0.1,0.15,30,56.19,835,763,44,719,0,194,121,0,404,0,0,72,4,839,404,315,839,310907.18,3191.23,22,35,34,36,41,551,0,0,0,194,525,0
182976,15,-0.07,-0.03,-0.5,-0.4,2,0.2,0.1,0.15,30,77.03,834,762,22,740,533,0,170,0,37,0,0,72,5,839,570,170,839,341572.9,3504.85,225,113,70,55,42,235,0,0,533,0,207,0
182977,15,-0.07,-0.03,-0.5,-0.4,2,0.2,0.1,0.15,40,71.16,835,763,21,742,515,178,26,10,10,3,0,72,4,839,528,214,839,225125.36,2311.86,246,144,91,78,55,43,20,65,515,178,36,13
182978,15,-0.07,-0.03,-0.5,-0.4,2,0.2,0.1,0.15,40,53.42,835,763,46,717,0,235,76,23,96,287,0,72,4,839,383,334,839,332118.56,3419.61,22,35,34,36,41,26,32,491,0,235,172,310
182979,15,-0.07,-0.03,-0.5,-0.4,2,0.2,0.1,0.15,40,78.62,834,762,23,739,560,0,109,49,10,11,0,72,5,839,581,158,839,354719.67,3637.21,225,113,70,55,42,28,12,194,560,0,119,60
182980,15,-0.07,-0.03,-0.5,-0.4,2,0.2,0.1,0.15,50,70.89,835,763,21,742,515,183,0,33,0,11,0,72,4,839,526,216,839,219057.47,2250.38,246,144,91,78,55,43,20,65,515,183,0,44
182981,15,-0.07,-0.03,-0.5,-0.4,2,0.2,0.1,0.15,50,51.46,835,763,46,717,0,248,0,100,0,369,0,72,4,839,369,348,839,302363.09,3114.2,22,35,34,36,41,26,32,491,0,248,0,469
182982,15,-0.07,-0.03,-0.5,-0.4,2,0.2,0.1,0.15,50,78.48,834,762,23,739,560,0,0,159,0,20,0,72,5,839,580,159,839,338326.73,3473.38,225,113,70,55,42,28,12,194,560,0,0,179
182983,15,-0.07,-0.03,-0.5,-0.4,2,0.2,0.1,0.15,60,70.89,835,763,21,742,515,183,0,33,0,11,0,72,4,839,526,216,839,219057.47,2250.38,246,144,91,78,55,43,20,65,515,183,0,44
182984,15,-0.07,-0.03,-0.5,-0.4,2,0.2,0.1,0.15,60,51.46,835,763,46,717,0,248,0,100,0,369,0,72,4,839,369,348,839,302363.09,3114.2,22,35,34,36,41,26,32,491,0,248,0,469
182985,15,-0.07,-0.03,-0.5,-0.4,2,0.2,0.1,0.15,60,78.48,834,762,23,739,560,0,0,159,0,20,0,72,5,839,580,159,839,338326.73,3473.38,225,113,70,55,42,28,12,194,560,0,0,179
182986,15,-0.07,-0.03,-0.5,-0.4,2,0.2,0.2,0.15,20,60.99,835,763,17,746,200,126,165,0,255,0,0,72,4,839,455,291,839,307881.09,3152.56,52,107,96,491,0,0,0,0,200,126,420,0
182987,15,-0.07,-0.03,-0.5,-0.4,2,0.2,0.2,0.15,20,60.32,835,763,17,746,0,127,169,0,450,0,0,72,4,839,450,296,839,342139.99,3507.13,22,35,34,655,0,0,0,0,0,127,619,0
182988,15,-0.07,-0.03,-0.5,-0.4,2,0.2,0.2,0.15,20,64.16,834,762,17,745,207,0,267,0,271,0,0,72,5,839,478,267,839,386972.61,3965.06,30,73,62,580,0,0,0,0,207,0,538,0
182989,15,-0.07,-0.03,-0.5,-0.4,2,0.2,0.2,0.15,30,58.84,835,763,39,724,285,189,109,0,141,0,0,72,4,839,426,298,839,308340.99,3156.86,52,107,96,71,85,313,0,0,285,189,250,0
182990,15,-0.07,-0.03,-0.5,-0.4,2,0.2,0.2,0.15,30,56.19,835,763,44,719,0,194,121,0,404,0,0,72,4,839,404,315,839,310907.18,3191.23,22,35,34,36,41,551,0,0,0,194,525,0
182991,15,-0.07,-0.03,-0.5,-0.4,2,0.2,0.2,0.15,30,66.3,834,762,41,721,303,0,243,0,175,0,0,72,5,839,478,243,839,456642.42,4683.19,30,73,62,42,54,460,0,0,303,0,418,0
182992,15,-0.07,-0.03,-0.5,-0.4,2,0.2,0.2,0.15,40,57.62,835,763,41,722,319,226,59,21,42,55,0,72,4,839,416,306,839,314573.7,3233.22,52,107,96,71,85,63,48,200,319,226,101,76
182993,15,-0.07,-0.03,-0.5,-0.4,2,0.2,0.2,0.15,40,53.42,835,763,46,717,0,235,76,23,96,287,0,72,4,839,383,334,839,332118.56,3419.61,22,35,34,36,41,26,32,491,0,235,172,310
182994,15,-0.07,-0.03,-0.5,-0.4,2,0.2,0.2,0.15,40,65.79,834,762,43,719,347,0,176,70,46,80,0,72,5,839,473,246,839,494898.88,5080.63,30,73,62,42,54,42,29,387,347,0,222,150
182995,15,-0.07,-0.03,-0.5,-0.4,2,0.2,0.2,0.15,50,56.51,835,763,41,722,320,237,0,77,0,88,0,72,4,839,408,314,839,299500.21,3077.77,52,107,96,71,85,63,48,200,320,237,0,165
182996,15,-0.07,-0.03,-0.5,-0.4,2,0.2,0.2,0.15,50,51.46,835,763,46,717,0,248,0,100,0,369,0,72,4,839,369,348,839,302363.09,3114.2,22,35,34,36,41,26,32,491,0,248,0,469
182997,15,-0.07,-0.03,-0.5,-0.4,2,0.2,0.2,0.15,50,64.53,834,762,43,719,348,0,0,255,0,116,0,72,5,839,464,255,839,463929.6,4766.0,30,73,62,42,54,42,29,387,348,0,0,371
182998,15,-0.07,-0.03,-0.5,-0.4,2,0.2,0.2,0.15,60,56.51,835,763,41,722,320,237,0,77,0,88,0,72,4,839,408,314,839,299500.21,3077.77,52,107,96,71,85,63,48,200,320,237,0,165
182999,15,-0.07,-0.03,-0.5,-0.4,2,0.2,0.2,0.15,60,51.46,835,763,46,717,0,248,0,100,0,369,0,72,4,839,369,348,839,302363.09,3114.2,22,35,34,36,41,26,32,491,0,248,0,469
183000,15,-0.07,-0.03,-0.5,-0.4,2,0.2,0.2,0.15,60,64.53,834,762,43,719,348,0,0,255,0,116,0,72,5,839,464,255,839,463929.6,4766.0,30,73,62,42,54,42,29,387,348,0,0,371
183001,15,-0.07,-0.03,-0.5,-0.35,1,0.1,0.1,0.15,20,66.24,1353,1261,20,1241,711,195,224,0,111,0,0,92,9,1362,822,419,1362,325807.77,3340.1,387,240,171,443,0,0,0,0,711,195,335,0
183002,15,-0.07,-0.03,-0.5,-0.35,1,0.1,0.1,0.15,20,58.29,1352,1260,30,1230,0,218,295,0,717,0,0,92,10,1362,717,513,1362,458217.1,4709.33,39,66,57,1068,0,0,0,0,0,218,1012,0
183003,15,-0.07,-0.03,-0.5,-0.35,1,0.1,0.1,0.15,20,69.39,1350,1258,20,1238,736,0,379,0,123,0,0,92,12,1362,859,379,1362,436652.38,4469.23,349,181,131,577,0,0,0,0,736,0,502,0
183004,15,-0.07,-0.03,-0.5,-0.35,1,0.1,0.1,0.15,30,69.53,1353,1261,37,1224,810,262,111,0,41,0,0,92,9,1362,851,373,1362,350694.38,3605.21,387,240,171,108,89,229,0,0,810,262,152,0
183005,15,-0.07,-0.03,-0.5,-0.35,1,0.1,0.1,0.15,30,55.35,1352,1260,64,1196,0,316,218,0,662,0,0,92,10,1362,662,534,1362,428904.09,4447.0,39,66,57,56,56,922,0,0,0,316,880,0
183006,15,-0.07,-0.03,-0.5,-0.35,1,0.1,0.1,0.15,30,75.7,1350,1258,40,1218,860,0,296,0,62,0,0,92,12,1362,922,296,1362,551046.45,5662.1,349,181,131,75,71,411,0,0,860,0,358,0
183007,15,-0.07,-0.03,-0.5,-0.35,1,0.1,0.1,0.15,40,69.91,1353,1261,38,1223,833,304,44,20,13,9,0,92,9,1362,855,368,1362,335423.15,3456.47,387,240,171,108,89,77,32,119,833,304,57,29
183008,15,-0.07,-0.03,-0.5,-0.35,1,0.1,0.1,0.15,40,53.02,1352,1260,66,1194,0,393,128,40,175,458,0,92,10,1362,633,561,1362,426702.38,4374.43,39,66,57,56,56,42,52,826,0,393,303,498
183009,15,-0.07,-0.03,-0.5,-0.35,1,0.1,0.1,0.15,40,77.96,1350,1258,42,1216,904,0,178,90,16,28,0,92,12,1362,948,268,1362,576198.95,5917.79,349,181,131,75,71,53,20,336,904,0,194,118
183010,15,-0.07,-0.03,-0.5,-0.35,1,0.1,0.1,0.15,50,69.58,1353,1261,38,1223,833,309,0,63,0,18,0,92,9,1362,851,372,1362,327826.22,3378.24,387,240,171,108,89,77,32,119,833,309,0,81
183011,15,-0.07,-0.03,-0.5,-0.35,1,0.1,0.1,0.15,50,51.17,1352,1260,66,1194,0,410,0,173,0,611,0,92,10,1362,611,583,1362,380943.65,3896.84,39,66,57,56,56,42,52,826,0,410,0,784
183012,15,-0.07,-0.03,-0.5,-0.35,1,0.1,0.1,0.15,50,77.8,1350,1258,42,1216,904,0,0,270,0,42,0,92,12,1362,946,270,1362,560675.37,5762.41,349,181,131,75,71,53,20,336,904,0,0,312
183013,15,-0.07,-0.03,-0.5,-0.35,1,0.1,0.1,0.15,60,69.58,1353,1261,38,1223,833,309,0,63,0,18,0,92,9,1362,851,372,1362,327826.22,3378.24,387,240,171,108,89,77,32,119,833,309,0,81
183014,15,-0.07,-0.03,-0.5,-0.35,1,0.1,0.1,0.15,60,51.17,1352,1260,66,1194,0,410,0,173,0,611,0,92,10,1362,611,583,1362,380943.65,3896.84,39,66,57,56,56,42,52,826,0,410,0,784
183015,15,-0.07,-0.03,-0.5,-0.35,1,0.1,0.1,0.15,60,77.8,1350,1258,42,1216,904,0,0,270,0,42,0,92,12,1362,946,270,1362,560675.37,5762.41,349,181,131,75,71,53,20,336,904,0,0,312
183016,15,-0.07,-0.03,-0.5,-0.35,1,0.1,0.2,0.15,20,59.09,1353,1261,29,1232,301,216,288,0,427,0,0,92,9,1362,728,504,1362,436721.33,4470.09,87,162,158,825,0,0,0,0,301,216,715,0
183017,15,-0.07,-0.03,-0.5,-0.35,1,0.1,0.2,0.15,20,58.29,1352,1260,30,1230,0,218,295,0,717,0,0,92,10,1362,717,513,1362,458217.1,4709.33,39,66,57,1068,0,0,0,0,0,218,1012,0
183018,15,-0.07,-0.03,-0.5,-0.35,1,0.1,0.2,0.15,20,62.25,1350,1258,29,1229,309,0,464,0,456,0,0,92,12,1362,765,464,1362,561631.15,5746.5,48,97,101,983,0,0,0,0,309,0,920,0
183019,15,-0.07,-0.03,-0.5,-0.35,1,0.1,0.2,0.15,30,57.69,1353,1261,58,1203,429,310,199,0,265,0,0,92,9,1362,694,509,1362,455584.79,4671.32,87,162,158,110,130,556,0,0,429,310,464,0
183020,15,-0.07,-0.03,-0.5,-0.35,1,0.1,0.2,0.15,30,55.35,1352,1260,64,1196,0,316,218,0,662,0,0,92,10,1362,662,534,1362,428904.09,4447.0,39,66,57,56,56,922,0,0,0,316,880,0
183021,15,-0.07,-0.03,-0.5,-0.35,1,0.1,0.2,0.15,30,64.66,1350,1258,61,1197,456,0,423,0,318,0,0,92,12,1362,774,423,1362,699281.69,7166.94,48,97,101,63,88,800,0,0,456,0,741,0
183022,15,-0.07,-0.03,-0.5,-0.35,1,0.1,0.2,0.15,40,56.79,1353,1261,60,1201,492,379,102,38,73,117,0,92,9,1362,682,519,1362,457495.19,4715.44,87,162,158,110,130,92,83,379,492,379,175,155
183023,15,-0.07,-0.03,-0.5,-0.35,1,0.1,0.2,0.15,40,53.02,1352,1260,66,1194,0,393,128,40,175,458,0,92,10,1362,633,561,1362,426702.38,4374.43,39,66,57,56,56,42,52,826,0,393,303,498
183024,15,-0.07,-0.03,-0.5,-0.35,1,0.1,0.2,0.15,40,65.24,1350,1258,64,1194,533,0,293,122,83,163,0,92,12,1362,779,415,1362,765916.64,7869.09,48,97,101,63,88,59,55,683,533,0,376,285
183025,15,-0.07,-0.03,-0.5,-0.35,1,0.1,0.2,0.15,50,55.7,1353,1261,60,1201,495,394,0,138,0,174,0,92,9,1362,669,532,1362,435202.51,4485.94,87,162,158,110,130,92,83,379,495,394,0,312
183026,15,-0.07,-0.03,-0.5,-0.35,1,0.1,0.2,0.15,50,51.17,1352,1260,66,1194,0,410,0,173,0,611,0,92,10,1362,611,583,1362,380943.65,3896.84,39,66,57,56,56,42,52,826,0,410,0,784
183027,15,-0.07,-0.03,-0.5,-0.35,1,0.1,0.2,0.15,50,64.24,1350,1258,64,1194,536,0,0,427,0,231,0,92,12,1362,767,427,1362,727979.16,7484.08,48,97,101,63,88,59,55,683,536,0,0,658
183028,15,-0.07,-0.03,-0.5,-0.35,1,0.1,0.2,0.15,60,55.7,1353,1261,60,1201,495,394,0,138,0,174,0,92,9,1362,669,532,1362,435202.51,4485.94,87,162,158,110,130,92,83,379,495,394,0,312
183029,15,-0.07,-0.03,-0.5,-0.35,1,0.1,0.2,0.15,60,51.17,1352,1260,66,1194,0,410,0,173,0,611,0,92,10,1362,611,583,1362,380943.65,3896.84,39,66,57,56,56,42,52,826,0,410,0,784
183030,15,-0.07,-0.03,-0.5,-0.35,1,0.1,0.2,0.15,60,64.24,1350,1258,64,1194,536,0,0,427,0,231,0,92,12,1362,767,427,1362,727979.16,7484.08,48,97,101,63,88,59,55,683,536,0,0,658
183031,15,-0.07,-0.03,-0.5,-0.35,1,0.2,0.1,0.15,20,66.24,1353,1261,20,1241,711,195,224,0,111,0,0,92,9,1362,822,419,1362,325807.77,3340.1,387,240,171,443,0,0,0,0,711,195,335,0
183032,15,-0.07,-0.03,-0.5,-0.35,1,0.2,0.1,0.15,20,58.29,1352,1260,30,1230,0,218,295,0,717,0,0,92,10,1362,717,513,1362,458217.1,4709.33,39,66,57,1068,0,0,0,0,0,218,1012,0
183033,15,-0.07,-0.03,-0.5,-0.35,1,0.2,0.1,0.15,20,69.39,1350,1258,20,1238,736,0,379,0,123,0,0,92,12,1362,859,379,1362,436652.38,4469.23,349,181,131,577,0,0,0,0,736,0,502,0
183034,15,-0.07,-0.03,-0.5,-0.35,1,0.2,0.1,0.15,30,69.53,1353,1261,37,1224,810,262,111,0,41,0,0,92,9,1362,851,373,1362,350694.38,3605.21,387,240,171,108,89,229,0,0,810,262,152,0
183035,15,-0.07,-0.03,-0.5,-0.35,1,0.2,0.1,0.15,30,55.35,1352,1260,64,1196,0,316,218,0,662,0,0,92,10,1362,662,534,1362,428904.09,4447.0,39,66,57,56,56,922,0,0,0,316,880,0
183036,15,-0.07,-0.03,-0.5,-0.35,1,0.2,0.1,0.15,30,75.7,1350,1258,40,1218,860,0,296,0,62,0,0,92,12,1362,922,296,1362,551046.45,5662.1,349,181,131,75,71,411,0,0,860,0,358,0
183037,15,-0.07,-0.03,-0.5,-0.35,1,0.2,0.1,0.15,40,69.91,1353,1261,38,1223,833,304,44,20,13,9,0,92,9,1362,855,368,1362,335423.15,3456.47,387,240,171,108,89,77,32,119,833,304,57,29
183038,15,-0.07,-0.03,-0.5,-0.35,1,0.2,0.1,0.15,40,53.02,1352,1260,66,1194,0,393,128,40,175,458,0,92,10,1362,633,561,1362,426702.38,4374.43,39,66,57,56,56,42,52,826,0,393,303,498
183039,15,-0.07,-0.03,-0.5,-0.35,1,0.2,0.1,0.15,40,77.96,1350,1258,42,1216,904,0,178,90,16,28,0,92,12,1362,948,268,1362,576198.95,5917.79,349,181,131,75,71,53,20,336,904,0,194,118
183040,15,-0.07,-0.03,-0.5,-0.35,1,0.2,0.1,0.15,50,69.58,1353,1261,38,1223,833,309,0,63,0,18,0,92,9,1362,851,372,1362,327826.22,3378.24,387,240,171,108,89,77,32,119,833,309,0,81
183041,15,-0.07,-0.03,-0.5,-0.35,1,0.2,0.1,0.15,50,51.17,1352,1260,66,1194,0,410,0,173,0,611,0,92,10,1362,611,583,1362,380943.65,3896.84,39,66,57,56,56,42,52,826,0,410,0,784
183042,15,-0.07,-0.03,-0.5,-0.35,1,0.2,0.1,0.15,50,77.8,1350,1258,42,1216,904,0,0,270,0,42,0,92,12,1362,946,270,1362,560675.37,5762.41,349,181,131,75,71,53,20,336,904,0,0,312
183043,15,-0.07,-0.03,-0.5,-0.35,1,0.2,0.1,0.15,60,69.58,1353,1261,38,1223,833,309,0,63,0,18,0,92,9,1362,851,372,1362,327826.22,3378.24,387,240,171,108,89,77,32,119,833,309,0,81
183044,15,-0.07,-0.03,-0.5,-0.35,1,0.2,0.1,0.15,60,51.17,1352,1260,66,1194,0,410,0,173,0,611,0,92,10,1362,611,583,1362,380943.65,3896.84,39,66,57,56,56,42,52,826,0,410,0,784
183045,15,-0.07,-0.03,-0.5,-0.35,1,0.2,0.1,0.15,60,77.8,1350,1258,42,1216,904,0,0,270,0,42,0,92,12,1362,946,270,1362,560675.37,5762.41,349,181,131,75,71,53,20,336,904,0,0,312
183046,15,-0.07,-0.03,-0.5,-0.35,1,0.2,0.2,0.15,20,59.09,1353,1261,29,1232,301,216,288,0,427,0,0,92,9,1362,728,504,1362,436721.33,4470.09,87,162,158,825,0,0,0,0,301,216,715,0
183047,15,-0.07,-0.03,-0.5,-0.35,1,0.2,0.2,0.15,20,58.29,1352,1260,30,1230,0,218,295,0,717,0,0,92,10,1362,717,513,1362,458217.1,4709.33,39,66,57,1068,0,0,0,0,0,218,1012,0
183048,15,-0.07,-0.03,-0.5,-0.35,1,0.2,0.2,0.15,20,62.25,1350,1258,29,1229,309,0,464,0,456,0,0,92,12,1362,765,464,1362,561631.15,5746.5,48,97,101,983,0,0,0,0,309,0,920,0
183049,15,-0.07,-0.03,-0.5,-0.35,1,0.2,0.2,0.15,30,57.69,1353,1261,58,1203,429,310,199,0,265,0,0,92,9,1362,694,509,1362,455584.79,4671.32,87,162,158,110,130,556,0,0,429,310,464,0
183050,15,-0.07,-0.03,-0.5,-0.35,1,0.2,0.2,0.15,30,55.35,1352,1260,64,1196,0,316,218,0,662,0,0,92,10,1362,662,534,1362,428904.09,4447.0,39,66,57,56,56,922,0,0,0,316,880,0
183051,15,-0.07,-0.03,-0.5,-0.35,1,0.2,0.2,0.15,30,64.66,1350,1258,61,1197,456,0,423,0,318,0,0,92,12,1362,774,423,1362,699281.69,7166.94,48,97,101,63,88,800,0,0,456,0,741,0
183052,15,-0.07,-0.03,-0.5,-0.35,1,0.2,0.2,0.15,40,56.79,1353,1261,60,1201,492,379,102,38,73,117,0,92,9,1362,682,519,1362,457495.19,4715.44,87,162,158,110,130,92,83,379,492,379,175,155
183053,15,-0.07,-0.03,-0.5,-0.35,1,0.2,0.2,0.15,40,53.02,1352,1260,66,1194,0,393,128,40,175,458,0,92,10,1362,633,561,1362,426702.38,4374.43,39,66,57,56,56,42,52,826,0,393,303,498
183054,15,-0.07,-0.03,-0.5,-0.35,1,0.2,0.2,0.15,40,65.24,1350,1258,64,1194,533,0,293,122,83,163,0,92,12,1362,779,415,1362,765916.64,7869.09,48,97,101,63,88,59,55,683,533,0,376,285
183055,15,-0.07,-0.03,-0.5,-0.35,1,0.2,0.2,0.15,50,55.7,1353,1261,60,1201,495,394,0,138,0,174,0,92,9,1362,669,532,1362,435202.51,4485.94,87,162,158,110,130,92,83,379,495,394,0,312
183056,15,-0.07,-0.03,-0.5,-0.35,1,0.2,0.2,0.15,50,51.17,1352,1260,66,1194,0,410,0,173,0,611,0,92,10,1362,611,583,1362,380943.65,3896.84,39,66,57,56,56,42,52,826,0,410,0,784
183057,15,-0.07,-0.03,-0.5,-0.35,1,0.2,0.2,0.15,50,64.24,1350,1258,64,1194,536,0,0,427,0,231,0,92,12,1362,767,427,1362,727979.16,7484.08,48,97,101,63,88,59,55,683,536,0,0,658
183058,15,-0.07,-0.03,-0.5,-0.35,1,0.2,0.2,0.15,60,55.7,1353,1261,60,1201,495,394,0,138,0,174,0,92,9,1362,669,532,1362,435202.51,4485.94,87,162,158,110,130,92,83,379,495,394,0,312
183059,15,-0.07,-0.03,-0.5,-0.35,1,0.2,0.2,0.15,60,51.17,1352,1260,66,1194,0,410,0,173,0,611,0,92,10,1362,611,583,1362,380943.65,3896.84,39,66,57,56,56,42,52,826,0,410,0,784
183060,15,-0.07,-0.03,-0.5,-0.35,1,0.2,0.2,0.15,60,64.24,1350,1258,64,1194,536,0,0,427,0,231,0,92,12,1362,767,427,1362,727979.16,7484.08,48,97,101,63,88,59,55,683,536,0,0,658
183061,15,-0.07,-0.03,-0.5,-0.35,2,0.1,0.1,0.15,20,70.83,1353,1261,20,1241,761,191,171,0,118,0,0,92,9,1362,879,362,1362,453341.22,5162.17,403,259,181,398,0,0,0,0,761,191,289,0
183062,15,-0.07,-0.03,-0.5,-0.35,2,0.1,0.1,0.15,20,63.25,1352,1260,30,1230,0,218,234,0,778,0,0,92,10,1362,778,452,1362,641991.59,6949.39,39,66,57,1068,0,0,0,0,0,218,1012,0
183063,15,-0.07,-0.03,-0.5,-0.35,2,0.1,0.1,0.15,20,75.85,1350,1258,20,1238,800,0,299,0,139,0,0,92,12,1362,939,299,1362,644885.75,6367.19,366,205,150,517,0,0,0,0,800,0,438,0
183064,15,-0.07,-0.03,-0.5,-0.35,2,0.1,0.1,0.15,30,72.65,1353,1261,36,1225,849,254,81,0,41,0,0,92,9,1362,890,335,1362,464500.61,5469.9,403,259,181,109,91,182,0,0,849,254,122,0
183065,15,-0.07,-0.03,-0.5,-0.35,2,0.1,0.1,0.15,30,57.94,1352,1260,64,1196,0,316,187,0,693,0,0,92,10,1362,693,503,1362,670467.96,7162.28,39,66,57,56,56,922,0,0,0,316,880,0
183066,15,-0.07,-0.03,-0.5,-0.35,2,0.1,0.1,0.15,30,81.97,1350,1258,38,1220,928,0,220,0,72,0,0,92,12,1362,1000,220,1362,820876.89,7582.16,366,205,150,79,85,335,0,0,928,0,292,0
183067,15,-0.07,-0.03,-0.5,-0.35,2,0.1,0.1,0.15,40,72.96,1353,1261,37,1224,871,290,31,10,13,9,0,92,9,1362,893,331,1362,441692.88,5429.27,403,259,181,109,91,60,31,90,871,290,44,19
183068,15,-0.07,-0.03,-0.5,-0.35,2,0.1,0.1,0.15,40,55.78,1352,1260,66,1194,0,393,109,26,194,472,0,92,10,1362,666,528,1362,678471.29,7415.85,39,66,57,56,56,42,52,826,0,393,303,498
183069,15,-0.07,-0.03,-0.5,-0.35,2,0.1,0.1,0.15,40,84.32,1350,1258,40,1218,980,0,137,54,21,26,0,92,12,1362,1027,191,1362,881997.67,7971.33,366,205,150,79,85,43,33,257,980,0,158,80
183070,15,-0.07,-0.03,-0.5,-0.35,2,0.1,0.1,0.15,50,72.39,1353,1261,37,1224,871,295,0,43,0,15,0,92,9,1362,886,338,1362,428883.75,5355.67,403,259,181,109,91,60,31,90,871,295,0,58
183071,15,-0.07,-0.03,-0.5,-0.35,2,0.1,0.1,0.15,50,53.6,1352,1260,66,1194,0,410,0,144,0,640,0,92,10,1362,640,554,1362,615951.28,6944.79,39,66,57,56,56,42,52,826,0,410,0,784
183072,15,-0.07,-0.03,-0.5,-0.35,2,0.1,0.1,0.15,50,84.24,1350,1258,40,1218,981,0,0,192,0,45,0,92,12,1362,1026,192,1362,850307.16,7802.33,366,205,150,79,85,43,33,257,981,0,0,237
183073,15,-0.07,-0.03,-0.5,-0.35,2,0.1,0.1,0.15,60,72.39,1353,1261,37,1224,871,295,0,43,0,15,0,92,9,1362,886,338,1362,428883.75,5355.67,403,259,181,109,91,60,31,90,871,295,0,58
183074,15,-0.07,-0.03,-0.5,-0.35,2,0.1,0.1,0.15,60,53.6,1352,1260,66,1194,0,410,0,144,0,640,0,92,10,1362,640,554,1362,615951.28,6944.79,39,66,57,56,56,42,52,826,0,410,0,784
183075,15,-0.07,-0.03,-0.5,-0.35,2,0.1,0.1,0.15,60,84.24,1350,1258,40,1218,981,0,0,192,0,45,0,92,12,1362,1026,192,1362,850307.16,7802.33,366,205,150,79,85,43,33,257,981,0,0,237
183076,15,-0.07,-0.03,-0.5,-0.35,2,0.1,0.2,0.15,20,63.96,1353,1261,29,1232,328,216,228,0,460,0,0,92,9,1362,788,444,1362,619379.43,6681.51,89,167,170,806,0,0,0,0,328,216,688,0
183077,15,-0.07,-0.03,-0.5,-0.35,2,0.1,0.2,0.15,20,63.25,1352,1260,30,1230,0,218,234,0,778,0,0,92,10,1362,778,452,1362,641991.59,6949.39,39,66,57,1068,0,0,0,0,0,218,1012,0
183078,15,-0.07,-0.03,-0.5,-0.35,2,0.1,0.2,0.15,20,69.16,1350,1258,29,1229,346,0,379,0,504,0,0,92,12,1362,850,379,1362,855159.39,8160.6,50,102,119,958,0,0,0,0,346,0,883,0
183079,15,-0.07,-0.03,-0.5,-0.35,2,0.1,0.2,0.15,30,60.27,1353,1261,58,1203,463,309,169,0,262,0,0,92,9,1362,725,478,1362,666429.91,7202.49,89,167,170,118,135,524,0,0,463,309,431,0
183080,15,-0.07,-0.03,-0.5,-0.35,2,0.1,0.2,0.15,30,57.94,1352,1260,64,1196,0,316,187,0,693,0,0,92,10,1362,693,503,1362,670467.96,7162.28,39,66,57,56,56,922,0,0,0,316,880,0
183081,15,-0.07,-0.03,-0.5,-0.35,2,0.1,0.2,0.15,30,70.43,1350,1258,61,1197,505,0,354,0,338,0,0,92,12,1362,843,354,1362,1127090.79,9912.34,50,102,119,75,97,754,0,0,505,0,692,0
183082,15,-0.07,-0.03,-0.5,-0.35,2,0.1,0.2,0.15,40,59.53,1353,1261,60,1201,531,377,84,25,81,103,0,92,9,1362,715,486,1362,654531.46,7388.24,89,167,170,118,135,93,83,346,531,377,165,128
183083,15,-0.07,-0.03,-0.5,-0.35,2,0.1,0.2,0.15,40,55.78,1352,1260,66,1194,0,393,109,26,194,472,0,92,10,1362,666,528,1362,678471.29,7415.85,39,66,57,56,56,42,52,826,0,393,303,498
183084,15,-0.07,-0.03,-0.5,-0.35,2,0.1,0.2,0.15,40,71.69,1350,1258,64,1194,596,0,254,84,105,155,0,92,12,1362,856,338,1362,1245085.41,10780.63,50,102,119,75,97,62,60,629,596,0,359,239
183085,15,-0.07,-0.03,-0.5,-0.35,2,0.1,0.2,0.15,50,58.37,1353,1261,60,1201,533,391,0,109,0,168,0,92,9,1362,701,500,1362,623754.62,7184.58,89,167,170,118,135,93,83,346,533,391,0,277
183086,15,-0.07,-0.03,-0.5,-0.35,2,0.1,0.2,0.15,50,53.6,1352,1260,66,1194,0,410,0,144,0,640,0,92,10,1362,640,554,1362,615951.28,6944.79,39,66,57,56,56,42,52,826,0,410,0,784
183087,15,-0.07,-0.03,-0.5,-0.35,2,0.1,0.2,0.15,50,71.44,1350,1258,64,1194,598,0,0,341,0,255,0,92,12,1362,853,341,1362,1186851.48,10440.28,50,102,119,75,97,62,60,629,598,0,0,596
183088,15,-0.07,-0.03,-0.5,-0.35,2,0.1,0.2,0.15,60,58.37,1353,1261,60,1201,533,391,0,109,0,168,0,92,9,1362,701,500,1362,623754.62,7184.58,89,167,170,118,135,93,83,346,533,391,0,277
183089,15,-0.07,-0.03,-0.5,-0.35,2,0.1,0.2,0.15,60,53.6,1352,1260,66,1194,0,410,0,144,0,640,0,92,10,1362,640,554,1362,615951.28,6944.79,39,66,57,56,56,42,52,826,0,410,0,784
183090,15,-0.07,-0.03,-0.5,-0.35,2,0.1,0.2,0.15,60,71.44,1350,1258,64,1194,598,0,0,341,0,255,0,92,12,1362,853,341,1362,1186851.48,10440.28,50,102,119,75,97,62,60,629,598,0,0,596
183091,15,-0.07,-0.03,-0.5,-0.35,2,0.2,0.1,0.15,20,66.24,1353,1261,20,1241,711,195,224,0,111,0,0,92,9,1362,822,419,1362,325807.77,3340.1,387,240,171,443,0,0,0,0,711,195,335,0
183092,15,-0.07,-0.03,-0.5,-0.35,2,0.2,0.1,0.15,20,58.29,1352,1260,30,1230,0,218,295,0,717,0,0,92,10,1362,717,513,1362,458217.1,4709.33,39,66,57,1068,0,0,0,0,0,218,1012,0
183093,15,-0.07,-0.03,-0.5,-0.35,2,0.2,0.1,0.15,20,69.39,1350,1258,20,1238,736,0,379,0,123,0,0,92,12,1362,859,379,1362,436652.38,4469.23,349,181,131,577,0,0,0,0,736,0,502,0
183094,15,-0.07,-0.03,-0.5,-0.35,2,0.2,0.1,0.15,30,69.53,1353,1261,37,1224,810,262,111,0,41,0,0,92,9,1362,851,373,1362,350694.38,3605.21,387,240,171,108,89,229,0,0,810,262,152,0
183095,15,-0.07,-0.03,-0.5,-0.35,2,0.2,0.1,0.15,30,55.35,1352,1260,64,1196,0,316,218,0,662,0,0,92,10,1362,662,534,1362,428904.09,4447.0,39,66,57,56,56,922,0,0,0,316,880,0
183096,15,-0.07,-0.03,-0.5,-0.35,2,0.2,0.1,0.15,30,75.7,1350,1258,40,1218,860,0,296,0,62,0,0,92,12,1362,922,296,1362,551046.45,5662.1,349,181,131,75,71,411,0,0,860,0,358,0
183097,15,-0.07,-0.03,-0.5,-0.35,2,0.2,0.1,0.15,40,69.91,1353,1261,38,1223,833,304,44,20,13,9,0,92,9,1362,855,368,1362,335423.15,3456.47,387,240,171,108,89,77,32,119,833,304,57,29
183098,15,-0.07,-0.03,-0.5,-0.35,2,0.2,0.1,0.15,40,53.02,1352,1260,66,1194,0,393,128,40,175,458,0,92,10,1362,633,561,1362,426702.38,4374.43,39,66,57,56,56,42,52,826,0,393,303,498
183099,15,-0.07,-0.03,-0.5,-0.35,2,0.2,0.1,0.15,40,77.96,1350,1258,42,1216,904,0,178,90,16,28,0,92,12,1362,948,268,1362,576198.95,5917.79,349,181,131,75,71,53,20,336,904,0,194,118
183100,15,-0.07,-0.03,-0.5,-0.35,2,0.2,0.1,0.15,50,69.58,1353,1261,38,1223,833,309,0,63,0,18,0,92,9,1362,851,372,1362,327826.22,3378.24,387,240,171,108,89,77,32,119,833,309,0,81
183101,15,-0.07,-0.03,-0.5,-0.35,2,0.2,0.1,0.15,50,51.17,1352,1260,66,1194,0,410,0,173,0,611,0,92,10,1362,611,583,1362,380943.65,3896.84,39,66,57,56,56,42,52,826,0,410,0,784
183102,15,-0.07,-0.03,-0.5,-0.35,2,0.2,0.1,0.15,50,77.8,1350,1258,42,1216,904,0,0,270,0,42,0,92,12,1362,946,270,1362,560675.37,5762.41,349,181,131,75,71,53,20,336,904,0,0,312
183103,15,-0.07,-0.03,-0.5,-0.35,2,0.2,0.1,0.15,60,69.58,1353,1261,38,1223,833,309,0,63,0,18,0,92,9,1362,851,372,1362,327826.22,3378.24,387,240,171,108,89,77,32,119,833,309,0,81
183104,15,-0.07,-0.03,-0.5,-0.35,2,0.2,0.1,0.15,60,51.17,1352,1260,66,1194,0,410,0,173,0,611,0,92,10,1362,611,583,1362,380943.65,3896.84,39,66,57,56,56,42,52,826,0,410,0,784
183105,15,-0.07,-0.03,-0.5,-0.35,2,0.2,0.1,0.15,60,77.8,1350,1258,42,1216,904,0,0,270,0,42,0,92,12,1362,946,270,1362,560675.37,5762.41,349,181,131,75,71,53,20,336,904,0,0,312
183106,15,-0.07,-0.03,-0.5,-0.35,2,0.2,0.2,0.15,20,59.09,1353,1261,29,1232,301,216,288,0,427,0,0,92,9,1362,728,504,1362,436721.33,4470.09,87,162,158,825,0,0,0,0,301,216,715,0
183107,15,-0.07,-0.03,-0.5,-0.35,2,0.2,0.2,0.15,20,58.29,1352,1260,30,1230,0,218,295,0,717,0,0,92,10,1362,717,513,1362,458217.1,4709.33,39,66,57,1068,0,0,0,0,0,218,1012,0
183108,15,-0.07,-0.03,-0.5,-0.35,2,0.2,0.2,0.15,20,62.25,1350,1258,29,1229,309,0,464,0,456,0,0,92,12,1362,765,464,1362,561631.15,5746.5,48,97,101,983,0,0,0,0,309,0,920,0
183109,15,-0.07,-0.03,-0.5,-0.35,2,0.2,0.2,0.15,30,57.69,1353,1261,58,1203,429,310,199,0,265,0,0,92,9,1362,694,509,1362,455584.79,4671.32,87,162,158,110,130,556,0,0,429,310,464,0
183110,15,-0.07,-0.03,-0.5,-0.35,2,0.2,0.2,0.15,30,55.35,1352,1260,64,1196,0,316,218,0,662,0,0,92,10,1362,662,534,1362,428904.09,4447.0,39,66,57,56,56,922,0,0,0,316,880,0
183111,15,-0.07,-0.03,-0.5,-0.35,2,0.2,0.2,0.15,30,64.66,1350,1258,61,1197,456,0,423,0,318,0,0,92,12,1362,774,423,1362,699281.69,7166.94,48,97,101,63,88,800,0,0,456,0,741,0
183112,15,-0.07,-0.03,-0.5,-0.35,2,0.2,0.2,0.15,40,56.79,1353,1261,60,1201,492,379,102,38,73,117,0,92,9,1362,682,519,1362,457495.19,4715.44,87,162,158,110,130,92,83,379,492,379,175,155
183113,15,-0.07,-0.03,-0.5,-0.35,2,0.2,0.2,0.15,40,53.02,1352,1260,66,1194,0,393,128,40,175,458,0,92,10,1362,633,561,1362,426702.38,4374.43,39,66,57,56,56,42,52,826,0,393,303,498
183114,15,-0.07,-0.03,-0.5,-0.35,2,0.2,0.2,0.15,40,65.24,1350,1258,64,1194,533,0,293,122,83,163,0,92,12,1362,779,415,1362,765916.64,7869.09,48,97,101,63,88,59,55,683,533,0,376,285
183115,15,-0.07,-0.03,-0.5,-0.35,2,0.2,0.2,0.15,50,55.7,1353,1261,60,1201,495,394,0,138,0,174,0,92,9,1362,669,532,1362,435202.51,4485.94,87,162,158,110,130,92,83,379,495,394,0,312
183116,15,-0.07,-0.03,-0.5,-0.35,2,0.2,0.2,0.15,50,51.17,1352,1260,66,1194,0,410,0,173,0,611,0,92,10,1362,611,583,1362,380943.65,3896.84,39,66,57,56,56,42,52,826,0,410,0,784
183117,15,-0.07,-0.03,-0.5,-0.35,2,0.2,0.2,0.15,50,64.24,1350,1258,64,1194,536,0,0,427,0,231,0,92,12,1362,767,427,1362,727979.16,7484.08,48,97,101,63,88,59,55,683,536,0,0,658
183118,15,-0.07,-0.03,-0.5,-0.35,2,0.2,0.2,0.15,60,55.7,1353,1261,60,1201,495,394,0,138,0,174,0,92,9,1362,669,532,1362,435202.51,4485.94,87,162,158,110,130,92,83,379,495,394,0,312
183119,15,-0.07,-0.03,-0.5,-0.35,2,0.2,0.2,0.15,60,51.17,1352,1260,66,1194,0,410,0,173,0,611,0,92,10,1362,611,583,1362,380943.65,3896.84,39,66,57,56,56,42,52,826,0,410,0,784
183120,15,-0.07,-0.03,-0.5,-0.35,2,0.2,0.2,0.15,60,64.24,1350,1258,64,1194,536,0,0,427,0,231,0,92,12,1362,767,427,1362,727979.16,7484.08,48,97,101,63,88,59,55,683,536,0,0,658
183121,15,-0.07,-0.03,-0.5,-0.3,1,0.1,0.1,0.15,20,64.38,1874,1776,27,1749,933,279,344,0,193,0,0,98,12,1886,1126,623,1886,386793.7,3991.29,510,333,233,673,0,0,0,0,933,279,537,0
183122,15,-0.07,-0.03,-0.5,-0.3,1,0.1,0.1,0.15,20,56.48,1873,1775,38,1737,0,319,437,0,981,0,0,98,13,1886,981,756,1886,510399.79,5300.23,51,104,96,1486,0,0,0,0,0,319,1418,0
183123,15,-0.07,-0.03,-0.5,-0.3,1,0.1,0.1,0.15,20,67.24,1871,1773,27,1746,963,0,572,0,211,0,0,98,15,1886,1174,572,1886,512524.98,5262.59,460,242,165,879,0,0,0,0,963,0,783,0
183124,15,-0.07,-0.03,-0.5,-0.3,1,0.1,0.1,0.15,30,67.48,1874,1776,48,1728,1081,367,195,0,85,0,0,98,12,1886,1166,562,1886,432502.85,4476.59,510,333,233,136,132,384,0,0,1081,367,280,0
183125,15,-0.07,-0.03,-0.5,-0.3,1,0.1,0.1,0.15,30,53.69,1873,1775,82,1693,0,450,334,0,909,0,0,98,13,1886,909,784,1886,471416.63,4957.39,51,104,96,68,77,1297,0,0,0,450,1243,0
183126,15,-0.07,-0.03,-0.5,-0.3,1,0.1,0.1,0.15,30,73.21,1870,1772,51,1721,1144,0,461,0,116,0,0,98,16,1886,1260,461,1886,685225.51,7051.26,460,242,165,96,103,655,0,0,1144,0,577,0
183127,15,-0.07,-0.03,-0.5,-0.3,1,0.1,0.1,0.15,40,67.57,1874,1776,49,1727,1125,432,88,40,25,17,0,98,12,1886,1167,560,1886,397672.15,4121.44,510,333,233,136,132,104,63,216,1125,432,113,57
183128,15,-0.07,-0.03,-0.5,-0.3,1,0.1,0.1,0.15,40,51.15,1873,1775,84,1691,0,558,197,71,255,610,0,98,13,1886,865,826,1886,441342.89,4601.4,51,104,96,68,77,54,77,1164,0,558,452,681
183129,15,-0.07,-0.03,-0.5,-0.3,1,0.1,0.1,0.15,40,75.28,1870,1772,53,1719,1219,0,284,141,31,44,0,98,16,1886,1294,425,1886,724322.59,7438.88,460,242,165,96,103,78,42,533,1219,0,315,185
183130,15,-0.07,-0.03,-0.5,-0.3,1,0.1,0.1,0.15,50,67.23,1874,1776,49,1727,1125,440,0,126,0,36,0,98,12,1886,1161,566,1886,384783.71,3988.82,510,333,233,136,132,104,63,216,1125,440,0,162
183131,15,-0.07,-0.03,-0.5,-0.3,1,0.1,0.1,0.15,50,49.5,1873,1775,84,1691,0,583,0,271,0,837,0,98,13,1886,837,854,1886,380914.97,3966.79,51,104,96,68,77,54,77,1164,0,583,0,1108
183132,15,-0.07,-0.03,-0.5,-0.3,1,0.1,0.1,0.15,50,75.04,1870,1772,53,1719,1219,0,0,429,0,71,0,98,16,1886,1290,429,1886,702315.92,7215.63,460,242,165,96,103,78,42,533,1219,0,0,500
183133,15,-0.07,-0.03,-0.5,-0.3,1,0.1,0.1,0.15,60,67.23,1874,1776,49,1727,1125,440,0,126,0,36,0,98,12,1886,1161,566,1886,384783.71,3988.82,510,333,233,136,132,104,63,216,1125,440,0,162
183134,15,-0.07,-0.03,-0.5,-0.3,1,0.1,0.1,0.15,60,49.5,1873,1775,84,1691,0,583,0,271,0,837,0,98,13,1886,837,854,1886,380914.97,3966.79,51,104,96,68,77,54,77,1164,0,583,0,1108
183135,15,-0.07,-0.03,-0.5,-0.3,1,0.1,0.1,0.15,60,75.04,1870,1772,53,1719,1219,0,0,429,0,71,0,98,16,1886,1290,429,1886,702315.92,7215.63,460,242,165,96,103,78,42,533,1219,0,0,500
183136,15,-0.07,-0.03,-0.5,-0.3,1,0.1,0.2,0.15,20,57.36,1874,1776,36,1740,399,315,427,0,599,0,0,98,12,1886,998,742,1886,510312.13,5273.16,115,224,230,1171,0,0,0,0,399,315,1026,0
183137,15,-0.07,-0.03,-0.5,-0.3,1,0.1,0.2,0.15,20,56.48,1873,1775,38,1737,0,319,437,0,981,0,0,98,13,1886,981,756,1886,510399.79,5300.23,51,104,96,1486,0,0,0,0,0,319,1418,0
183138,15,-0.07,-0.03,-0.5,-0.3,1,0.1,0.2,0.15,20,60.16,1871,1773,36,1737,408,0,692,0,637,0,0,98,15,1886,1045,692,1886,642797.4,6618.03,64,121,137,1415,0,0,0,0,408,0,1329,0
183139,15,-0.07,-0.03,-0.5,-0.3,1,0.1,0.2,0.15,30,55.99,1874,1776,74,1702,555,439,310,0,398,0,0,98,12,1886,953,749,1886,534705.74,5551.15,115,224,230,145,159,829,0,0,555,439,708,0
183140,15,-0.07,-0.03,-0.5,-0.3,1,0.1,0.2,0.15,30,53.69,1873,1775,82,1693,0,450,334,0,909,0,0,98,13,1886,909,784,1886,471416.63,4957.39,51,104,96,68,77,1297,0,0,0,450,1243,0
183141,15,-0.07,-0.03,-0.5,-0.3,1,0.1,0.2,0.15,30,62.34,1869,1771,77,1694,586,0,638,0,470,0,0,98,17,1886,1056,638,1886,826719.03,8523.07,64,121,137,86,101,1185,0,0,586,0,1108,0
183142,15,-0.07,-0.03,-0.5,-0.3,1,0.1,0.2,0.15,40,54.65,1874,1776,76,1700,640,538,166,67,107,182,0,98,12,1886,929,771,1886,517135.4,5393.94,115,224,230,145,159,121,118,588,640,538,273,249
183143,15,-0.07,-0.03,-0.5,-0.3,1,0.1,0.2,0.15,40,51.15,1873,1775,84,1691,0,558,197,71,255,610,0,98,13,1886,865,826,1886,441342.89,4601.4,51,104,96,68,77,54,77,1164,0,558,452,681
183144,15,-0.07,-0.03,-0.5,-0.3,1,0.1,0.2,0.15,40,62.8,1869,1771,80,1691,688,0,443,186,123,251,0,98,17,1886,1062,629,1886,919251.83,9482.01,64,121,137,86,101,77,71,1034,688,0,566,437
183145,15,-0.07,-0.03,-0.5,-0.3,1,0.1,0.2,0.15,50,53.76,1874,1776,76,1700,644,559,0,227,0,270,0,98,12,1886,914,786,1886,487260.29,5085.05,115,224,230,145,159,121,118,588,644,559,0,497
183146,15,-0.07,-0.03,-0.5,-0.3,1,0.1,0.2,0.15,50,49.5,1873,1775,84,1691,0,583,0,271,0,837,0,98,13,1886,837,854,1886,380914.97,3966.79,51,104,96,68,77,54,77,1164,0,583,0,1108
183147,15,-0.07,-0.03,-0.5,-0.3,1,0.1,0.2,0.15,50,62.09,1869,1771,80,1691,692,0,0,641,0,358,0,98,17,1886,1050,641,1886,873124.58,9009.71,64,121,137,86,101,77,71,1034,692,0,0,999
183148,15,-0.07,-0.03,-0.5,-0.3,1,0.1,0.2,0.15,60,53.76,1874,1776,76,1700,644,559,0,227,0,270,0,98,12,1886,914,786,1886,487260.29,5085.05,115,224,230,145,159,121,118,588,644,559,0,497
183149,15,-0.07,-0.03,-0.5,-0.3,1,0.1,0.2,0.15,60,49.5,1873,1775,84,1691,0,583,0,271,0,837,0,98,13,1886,837,854,1886,380914.97,3966.79,51,104,96,68,77,54,77,1164,0,583,0,1108
183150,15,-0.07,-0.03,-0.5,-0.3,1,0.1,0.2,0.15,60,62.09,1869,1771,80,1691,692,0,0,641,0,358,0,98,17,1886,1050,641,1886,873124.58,9009.71,64,121,137,86,101,77,71,1034,692,0,0,999
183151,15,-0.07,-0.03,-0.5,-0.3,1,0.2,0.1,0.15,20,64.38,1874,1776,27,1749,933,279,344,0,193,0,0,98,12,1886,1126,623,1886,386793.7,3991.29,510,333,233,673,0,0,0,0,933,279,537,0
183152,15,-0.07,-0.03,-0.5,-0.3,1,0.2,0.1,0.15,20,56.48,1873,1775,38,1737,0,319,437,0,981,0,0,98,13,1886,981,756,1886,510399.79,5300.23,51,104,96,1486,0,0,0,0,0,319,1418,0
183153,15,-0.07,-0.03,-0.5,-0.3,1,0.2,0.1,0.15,20,67.24,1871,1773,27,1746,963,0,572,0,211,0,0,98,15,1886,1174,572,1886,512524.98,5262.59,460,242,165,879,0,0,0,0,963,0,783,0
183154,15,-0.07,-0.03,-0.5,-0.3,1,0.2,0.1,0.15,30,67.48,1874,1776,48,1728,1081,367,195,0,85,0,0,98,12,1886,1166,562,1886,432502.85,4476.59,510,333,233,136,132,384,0,0,1081,367,280,0
183155,15,-0.07,-0.03,-0.5,-0.3,1,0.2,0.1,0.15,30,53.69,1873,1775,82,1693,0,450,334,0,909,0,0,98,13,1886,909,784,1886,471416.63,4957.39,51,104,96,68,77,1297,0,0,0,450,1243,0
183156,15,-0.07,-0.03,-0.5,-0.3,1,0.2,0.1,0.15,30,73.21,1870,1772,51,1721,1144,0,461,0,116,0,0,98,16,1886,1260,461,1886,685225.51,7051.26,460,242,165,96,103,655,0,0,1144,0,577,0
183157,15,-0.07,-0.03,-0.5,-0.3,1,0.2,0.1,0.15,40,67.57,1874,1776,49,1727,1125,432,88,40,25,17,0,98,12,1886,1167,560,1886,397672.15,4121.44,510,333,233,136,132,104,63,216,1125,432,113,57
183158,15,-0.07,-0.03,-0.5,-0.3,1,0.2,0.1,0.15,40,51.15,1873,1775,84,1691,0,558,197,71,255,610,0,98,13,1886,865,826,1886,441342.89,4601.4,51,104,96,68,77,54,77,1164,0,558,452,681
183159,15,-0.07,-0.03,-0.5,-0.3,1,0.2,0.1,0.15,40,75.28,1870,1772,53,1719,1219,0,284,141,31,44,0,98,16,1886,1294,425,1886,724322.59,7438.88,460,242,165,96,103,78,42,533,1219,0,315,185
183160,15,-0.07,-0.03,-0.5,-0.3,1,0.2,0.1,0.15,50,67.23,1874,1776,49,1727,1125,440,0,126,0,36,0,98,12,1886,1161,566,1886,384783.71,3988.82,510,333,233,136,132,104,63,216,1125,440,0,162
183161,15,-0.07,-0.03,-0.5,-0.3,1,0.2,0.1,0.15,50,49.5,1873,1775,84,1691,0,583,0,271,0,837,0,98,13,1886,837,854,1886,380914.97,3966.79,51,104,96,68,77,54,77,1164,0,583,0,1108
183162,15,-0.07,-0.03,-0.5,-0.3,1,0.2,0.1,0.15,50,75.04,1870,1772,53,1719,1219,0,0,429,0,71,0,98,16,1886,1290,429,1886,702315.92,7215.63,460,242,165,96,103,78,42,533,1219,0,0,500
183163,15,-0.07,-0.03,-0.5,-0.3,1,0.2,0.1,0.15,60,67.23,1874,1776,49,1727,1125,440,0,126,0,36,0,98,12,1886,1161,566,1886,384783.71,3988.82,510,333,233,136,132,104,63,216,1125,440,0,162
183164,15,-0.07,-0.03,-0.5,-0.3,1,0.2,0.1,0.15,60,49.5,1873,1775,84,1691,0,583,0,271,0,837,0,98,13,1886,837,854,1886,380914.97,3966.79,51,104,96,68,77,54,77,1164,0,583,0,1108
183165,15,-0.07,-0.03,-0.5,-0.3,1,0.2,0.1,0.15,60,75.04,1870,1772,53,1719,1219,0,0,429,0,71,0,98,16,1886,1290,429,1886,702315.92,7215.63,460,242,165,96,103,78,42,533,1219,0,0,500
183166,15,-0.07,-0.03,-0.5,-0.3,1,0.2,0.2,0.15,20,57.36,1874,1776,36,1740,399,315,427,0,599,0,0,98,12,1886,998,742,1886,510312.13,5273.16,115,224,230,1171,0,0,0,0,399,315,1026,0
183167,15,-0.07,-0.03,-0.5,-0.3,1,0.2,0.2,0.15,20,56.48,1873,1775,38,1737,0,319,437,0,981,0,0,98,13,1886,981,756,1886,510399.79,5300.23,51,104,96,1486,0,0,0,0,0,319,1418,0
183168,15,-0.07,-0.03,-0.5,-0.3,1,0.2,0.2,0.15,20,60.16,1871,1773,36,1737,408,0,692,0,637,0,0,98,15,1886,1045,692,1886,642797.4,6618.03,64,121,137,1415,0,0,0,0,408,0,1329,0
183169,15,-0.07,-0.03,-0.5,-0.3,1,0.2,0.2,0.15,30,55.99,1874,1776,74,1702,555,439,310,0,398,0,0,98,12,1886,953,749,1886,534705.74,5551.15,115,224,230,145,159,829,0,0,555,439,708,0
183170,15,-0.07,-0.03,-0.5,-0.3,1,0.2,0.2,0.15,30,53.69,1873,1775,82,1693,0,450,334,0,909,0,0,98,13,1886,909,784,1886,471416.63,4957.39,51,104,96,68,77,1297,0,0,0,450,1243,0
183171,15,-0.07,-0.03,-0.5,-0.3,1,0.2,0.2,0.15,30,62.34,1869,1771,77,1694,586,0,638,0,470,0,0,98,17,1886,1056,638,1886,826719.03,8523.07,64,121,137,86,101,1185,0,0,586,0,1108,0
183172,15,-0.07,-0.03,-0.5,-0.3,1,0.2,0.2,0.15,40,54.65,1874,1776,76,1700,640,538,166,67,107,182,0,98,12,1886,929,771,1886,517135.4,5393.94,115,224,230,145,159,121,118,588,640,538,273,249
183173,15,-0.07,-0.03,-0.5,-0.3,1,0.2,0.2,0.15,40,51.15,1873,1775,84,1691,0,558,197,71,255,610,0,98,13,1886,865,826,1886,441342.89,4601.4,51,104,96,68,77,54,77,1164,0,558,452,681
183174,15,-0.07,-0.03,-0.5,-0.3,1,0.2,0.2,0.15,40,62.8,1869,1771,80,1691,688,0,443,186,123,251,0,98,17,1886,1062,629,1886,919251.83,9482.01,64,121,137,86,101,77,71,1034,688,0,566,437
183175,15,-0.07,-0.03,-0.5,-0.3,1,0.2,0.2,0.15,50,53.76,1874,1776,76,1700,644,559,0,227,0,270,0,98,12,1886,914,786,1886,487260.29,5085.05,115,224,230,145,159,121,118,588,644,559,0,497
183176,15,-0.07,-0.03,-0.5,-0.3,1,0.2,0.2,0.15,50,49.5,1873,1775,84,1691,0,583,0,271,0,837,0,98,13,1886,837,854,1886,380914.97,3966.79,51,104,96,68,77,54,77,1164,0,583,0,1108
183177,15,-0.07,-0.03,-0.5,-0.3,1,0.2,0.2,0.15,50,62.09,1869,1771,80,1691,692,0,0,641,0,358,0,98,17,1886,1050,641,1886,873124.58,9009.71,64,121,137,86,101,77,71,1034,692,0,0,999
183178,15,-0.07,-0.03,-0.5,-0.3,1,0.2,0.2,0.15,60,53.76,1874,1776,76,1700,644,559,0,227,0,270,0,98,12,1886,914,786,1886,487260.29,5085.05,115,224,230,145,159,121,118,588,644,559,0,497
183179,15,-0.07,-0.03,-0.5,-0.3,1,0.2,0.2,0.15,60,49.5,1873,1775,84,1691,0,583,0,271,0,837,0,98,13,1886,837,854,1886,380914.97,3966.79,51,104,96,68,77,54,77,1164,0,583,0,1108
183180,15,-0.07,-0.03,-0.5,-0.3,1,0.2,0.2,0.15,60,62.09,1869,1771,80,1691,692,0,0,641,0,358,0,98,17,1886,1050,641,1886,873124.58,9009.71,64,121,137,86,101,77,71,1034,692,0,0,999
183181,15,-0.07,-0.03,-0.5,-0.3,2,0.1,0.1,0.15,20,69.13,1874,1776,27,1749,1008,273,267,0,201,0,0,98,12,1886,1209,540,1886,560178.7,6675.31,533,357,252,607,0,0,0,0,1008,273,468,0
183182,15,-0.07,-0.03,-0.5,-0.3,2,0.1,0.1,0.15,20,61.43,1873,1775,38,1737,0,319,351,0,1067,0,0,98,13,1886,1067,670,1886,738452.57,8496.95,51,104,96,1486,0,0,0,0,0,319,1418,0
183183,15,-0.07,-0.03,-0.5,-0.3,2,0.1,0.1,0.15,20,73.77,1871,1773,27,1746,1059,0,458,0,229,0,0,98,15,1886,1288,458,1886,787241.18,8115.78,485,274,195,792,0,0,0,0,1059,0,687,0
183184,15,-0.07,-0.03,-0.5,-0.3,2,0.1,0.1,0.15,30,71.43,1874,1776,47,1729,1155,356,138,0,80,0,0,98,12,1886,1235,494,1886,615479.92,7329.03,533,357,252,139,144,304,0,0,1155,356,218,0
183185,15,-0.07,-0.03,-0.5,-0.3,2,0.1,0.1,0.15,30,57.18,1873,1775,82,1693,0,450,275,0,968,0,0,98,13,1886,968,725,1886,788395.74,8845.79,51,104,96,68,77,1297,0,0,0,450,1243,0
183186,15,-0.07,-0.03,-0.5,-0.3,2,0.1,0.1,0.15,30,80.27,1870,1772,49,1723,1260,0,340,0,123,0,0,98,16,1886,1383,340,1886,1081120.14,10068.31,485,274,195,105,134,530,0,0,1260,0,463,0
183187,15,-0.07,-0.03,-0.5,-0.3,2,0.1,0.1,0.15,40,71.12,1874,1776,48,1728,1186,411,64,24,27,16,0,98,12,1886,1229,499,1886,555650.56,7114.27,533,357,252,139,144,86,49,168,1186,411,91,40
183188,15,-0.07,-0.03,-0.5,-0.3,2,0.1,0.1,0.15,40,54.23,1873,1775,84,1691,0,558,169,47,283,634,0,98,13,1886,917,774,1886,763234.32,8954.89,51,104,96,68,77,54,77,1164,0,558,452,681
183189,15,-0.07,-0.03,-0.5,-0.3,2,0.1,0.1,0.15,40,82.34,1870,1772,51,1721,1338,0,220,84,38,41,0,98,16,1886,1417,304,1886,1160717.2,10569.78,485,274,195,105,134,67,47,414,1338,0,258,125
183190,15,-0.07,-0.03,-0.5,-0.3,2,0.1,0.1,0.15,50,70.49,1874,1776,48,1728,1186,419,0,91,0,32,0,98,12,1886,1218,510,1886,535208.6,7005.36,533,357,252,139,144,86,49,168,1186,419,0,123
183191,15,-0.07,-0.03,-0.5,-0.3,2,0.1,0.1,0.15,50,52.34,1873,1775,84,1691,0,583,0,223,0,885,0,98,13,1886,885,806,1886,678608.3,8347.53,51,104,96,68,77,54,77,1164,0,583,0,1108
183192,15,-0.07,-0.03,-0.5,-0.3,2,0.1,0.1,0.15,50,82.1,1870,1772,51,1721,1339,0,0,308,0,74,0,98,16,1886,1413,308,1886,1122332.28,10369.43,485,274,195,105,134,67,47,414,1339,0,0,382
183193,15,-0.07,-0.03,-0.5,-0.3,2,0.1,0.1,0.15,60,70.49,1874,1776,48,1728,1186,419,0,91,0,32,0,98,12,1886,1218,510,1886,535208.6,7005.36,533,357,252,139,144,86,49,168,1186,419,0,123
183194,15,-0.07,-0.03,-0.5,-0.3,2,0.1,0.1,0.15,60,52.34,1873,1775,84,1691,0,583,0,223,0,885,0,98,13,1886,885,806,1886,678608.3,8347.53,51,104,96,68,77,54,77,1164,0,583,0,1108
183195,15,-0.07,-0.03,-0.5,-0.3,2,0.1,0.1,0.15,60,82.1,1870,1772,51,1721,1339,0,0,308,0,74,0,98,16,1886,1413,308,1886,1122332.28,10369.43,485,274,195,105,134,67,47,414,1339,0,0,382
183196,15,-0.07,-0.03,-0.5,-0.3,2,0.1,0.2,0.15,20,62.24,1874,1776,36,1740,430,315,342,0,653,0,0,98,12,1886,1083,657,1886,734261.49,8419.87,117,232,241,1150,0,0,0,0,430,315,995,0
183197,15,-0.07,-0.03,-0.5,-0.3,2,0.1,0.2,0.15,20,61.43,1873,1775,38,1737,0,319,351,0,1067,0,0,98,13,1886,1067,670,1886,738452.57,8496.95,51,104,96,1486,0,0,0,0,0,319,1418,0
183198,15,-0.07,-0.03,-0.5,-0.3,2,0.1,0.2,0.15,20,66.9,1871,1773,36,1737,451,0,575,0,711,0,0,98,15,1886,1162,575,1886,978015.41,10025.33,66,129,155,1387,0,0,0,0,451,0,1286,0
183199,15,-0.07,-0.03,-0.5,-0.3,2,0.1,0.2,0.15,30,59.4,1874,1776,74,1702,600,438,253,0,411,0,0,98,12,1886,1011,691,1886,822156.46,9242.02,117,232,241,155,169,788,0,0,600,438,664,0
183200,15,-0.07,-0.03,-0.5,-0.3,2,0.1,0.2,0.15,30,57.18,1873,1775,82,1693,0,450,275,0,968,0,0,98,13,1886,968,725,1886,788395.74,8845.79,51,104,96,68,77,1297,0,0,0,450,1243,0
183201,15,-0.07,-0.03,-0.5,-0.3,2,0.1,0.2,0.15,30,68.65,1869,1771,77,1694,651,0,531,0,512,0,0,98,17,1886,1163,531,1886,1376636.43,12548.87,66,129,155,101,117,1126,0,0,651,0,1043,0
183202,15,-0.07,-0.03,-0.5,-0.3,2,0.1,0.2,0.15,40,57.71,1874,1776,76,1700,696,536,138,45,123,162,0,98,12,1886,981,719,1886,781245.77,9348.88,117,232,241,155,169,124,121,541,696,536,261,207
183203,15,-0.07,-0.03,-0.5,-0.3,2,0.1,0.2,0.15,40,54.23,1873,1775,84,1691,0,558,169,47,283,634,0,98,13,1886,917,774,1886,763234.32,8954.89,51,104,96,68,77,54,77,1164,0,558,452,681
183204,15,-0.07,-0.03,-0.5,-0.3,2,0.1,0.2,0.15,40,70.14,1869,1771,80,1691,776,0,379,126,165,245,0,98,17,1886,1186,505,1886,1565029.65,13855.24,66,129,155,101,117,83,82,958,776,0,544,371
183205,15,-0.07,-0.03,-0.5,-0.3,2,0.1,0.2,0.15,50,56.65,1874,1776,76,1700,699,556,0,181,0,264,0,98,12,1886,963,737,1886,735183.52,9080.69,117,232,241,155,169,124,121,541,699,556,0,445
183206,15,-0.07,-0.03,-0.5,-0.3,2,0.1,0.2,0.15,50,52.34,1873,1775,84,1691,0,583,0,223,0,885,0,98,13,1886,885,806,1886,678608.3,8347.53,51,104,96,68,77,54,77,1164,0,583,0,1108
183207,15,-0.07,-0.03,-0.5,-0.3,2,0.1,0.2,0.15,50,69.84,1869,1771,80,1691,779,0,0,510,0,402,0,98,17,1886,1181,510,1886,1491329.21,13448.84,66,129,155,101,117,83,82,958,779,0,0,912
183208,15,-0.07,-0.03,-0.5,-0.3,2,0.1,0.2,0.15,60,56.65,1874,1776,76,1700,699,556,0,181,0,264,0,98,12,1886,963,737,1886,735183.52,9080.69,117,232,241,155,169,124,121,541,699,556,0,445
183209,15,-0.07,-0.03,-0.5,-0.3,2,0.1,0.2,0.15,60,52.34,1873,1775,84,1691,0,583,0,223,0,885,0,98,13,1886,885,806,1886,678608.3,8347.53,51,104,96,68,77,54,77,1164,0,583,0,1108
183210,15,-0.07,-0.03,-0.5,-0.3,2,0.1,0.2,0.15,60,69.84,1869,1771,80,1691,779,0,0,510,0,402,0,98,17,1886,1181,510,1886,1491329.21,13448.84,66,129,155,101,117,83,82,958,779,0,0,912
183211,15,-0.07,-0.03,-0.5,-0.3,2,0.2,0.1,0.15,20,64.38,1874,1776,27,1749,933,279,344,0,193,0,0,98,12,1886,1126,623,1886,386793.7,3991.29,510,333,233,673,0,0,0,0,933,279,537,0
183212,15,-0.07,-0.03,-0.5,-0.3,2,0.2,0.1,0.15,20,56.48,1873,1775,38,1737,0,319,437,0,981,0,0,98,13,1886,981,756,1886,510399.79,5300.23,51,104,96,1486,0,0,0,0,0,319,1418,0
183213,15,-0.07,-0.03,-0.5,-0.3,2,0.2,0.1,0.15,20,67.24,1871,1773,27,1746,963,0,572,0,211,0,0,98,15,1886,1174,572,1886,512524.98,5262.59,460,242,165,879,0,0,0,0,963,0,783,0
183214,15,-0.07,-0.03,-0.5,-0.3,2,0.2,0.1,0.15,30,67.48,1874,1776,48,1728,1081,367,195,0,85,0,0,98,12,1886,1166,562,1886,432502.85,4476.59,510,333,233,136,132,384,0,0,1081,367,280,0
183215,15,-0.07,-0.03,-0.5,-0.3,2,0.2,0.1,0.15,30,53.69,1873,1775,82,1693,0,450,334,0,909,0,0,98,13,1886,909,784,1886,471416.63,4957.39,51,104,96,68,77,1297,0,0,0,450,1243,0
183216,15,-0.07,-0.03,-0.5,-0.3,2,0.2,0.1,0.15,30,73.21,1870,1772,51,1721,1144,0,461,0,116,0,0,98,16,1886,1260,461,1886,685225.51,7051.26,460,242,165,96,103,655,0,0,1144,0,577,0
183217,15,-0.07,-0.03,-0.5,-0.3,2,0.2,0.1,0.15,40,67.57,1874,1776,49,1727,1125,432,88,40,25,17,0,98,12,1886,1167,560,1886,397672.15,4121.44,510,333,233,136,132,104,63,216,1125,432,113,57
183218,15,-0.07,-0.03,-0.5,-0.3,2,0.2,0.1,0.15,40,51.15,1873,1775,84,1691,0,558,197,71,255,610,0,98,13,1886,865,826,1886,441342.89,4601.4,51,104,96,68,77,54,77,1164,0,558,452,681
183219,15,-0.07,-0.03,-0.5,-0.3,2,0.2,0.1,0.15,40,75.28,1870,1772,53,1719,1219,0,284,141,31,44,0,98,16,1886,1294,425,1886,724322.59,7438.88,460,242,165,96,103,78,42,533,1219,0,315,185
183220,15,-0.07,-0.03,-0.5,-0.3,2,0.2,0.1,0.15,50,67.23,1874,1776,49,1727,1125,440,0,126,0,36,0,98,12,1886,1161,566,1886,384783.71,3988.82,510,333,233,136,132,104,63,216,1125,440,0,162
183221,15,-0.07,-0.03,-0.5,-0.3,2,0.2,0.1,0.15,50,49.5,1873,1775,84,1691,0,583,0,271,0,837,0,98,13,1886,837,854,1886,380914.97,3966.79,51,104,96,68,77,54,77,1164,0,583,0,1108
183222,15,-0.07,-0.03,-0.5,-0.3,2,0.2,0.1,0.15,50,75.04,1870,1772,53,1719,1219,0,0,429,0,71,0,98,16,1886,1290,429,1886,702315.92,7215.63,460,242,165,96,103,78,42,533,1219,0,0,500
183223,15,-0.07,-0.03,-0.5,-0.3,2,0.2,0.1,0.15,60,67.23,1874,1776,49,1727,1125,440,0,126,0,36,0,98,12,1886,1161,566,1886,384783.71,3988.82,510,333,233,136,132,104,63,216,1125,440,0,162
183224,15,-0.07,-0.03,-0.5,-0.3,2,0.2,0.1,0.15,60,49.5,1873,1775,84,1691,0,583,0,271,0,837,0,98,13,1886,837,854,1886,380914.97,3966.79,51,104,96,68,77,54,77,1164,0,583,0,1108
183225,15,-0.07,-0.03,-0.5,-0.3,2,0.2,0.1,0.15,60,75.04,1870,1772,53,1719,1219,0,0,429,0,71,0,98,16,1886,1290,429,1886,702315.92,7215.63,460,242,165,96,103,78,42,533,1219,0,0,500
183226,15,-0.07,-0.03,-0.5,-0.3,2,0.2,0.2,0.15,20,57.36,1874,1776,36,1740,399,315,427,0,599,0,0,98,12,1886,998,742,1886,510312.13,5273.16,115,224,230,1171,0,0,0,0,399,315,1026,0
183227,15,-0.07,-0.03,-0.5,-0.3,2,0.2,0.2,0.15,20,56.48,1873,1775,38,1737,0,319,437,0,981,0,0,98,13,1886,981,756,1886,510399.79,5300.23,51,104,96,1486,0,0,0,0,0,319,1418,0
183228,15,-0.07,-0.03,-0.5,-0.3,2,0.2,0.2,0.15,20,60.16,1871,1773,36,1737,408,0,692,0,637,0,0,98,15,1886,1045,692,1886,642797.4,6618.03,64,121,137,1415,0,0,0,0,408,0,1329,0
183229,15,-0.07,-0.03,-0.5,-0.3,2,0.2,0.2,0.15,30,55.99,1874,1776,74,1702,555,439,310,0,398,0,0,98,12,1886,953,749,1886,534705.74,5551.15,115,224,230,145,159,829,0,0,555,439,708,0
183230,15,-0.07,-0.03,-0.5,-0.3,2,0.2,0.2,0.15,30,53.69,1873,1775,82,1693,0,450,334,0,909,0,0,98,13,1886,909,784,1886,471416.63,4957.39,51,104,96,68,77,1297,0,0,0,450,1243,0
183231,15,-0.07,-0.03,-0.5,-0.3,2,0.2,0.2,0.15,30,62.34,1869,1771,77,1694,586,0,638,0,470,0,0,98,17,1886,1056,638,1886,826719.03,8523.07,64,121,137,86,101,1185,0,0,586,0,1108,0
183232,15,-0.07,-0.03,-0.5,-0.3,2,0.2,0.2,0.15,40,54.65,1874,1776,76,1700,640,538,166,67,107,182,0,98,12,1886,929,771,1886,517135.4,5393.94,115,224,230,145,159,121,118,588,640,538,273,249
183233,15,-0.07,-0.03,-0.5,-0.3,2,0.2,0.2,0.15,40,51.15,1873,1775,84,1691,0,558,197,71,255,610,0,98,13,1886,865,826,1886,441342.89,4601.4,51,104,96,68,77,54,77,1164,0,558,452,681
183234,15,-0.07,-0.03,-0.5,-0.3,2,0.2,0.2,0.15,40,62.8,1869,1771,80,1691,688,0,443,186,123,251,0,98,17,1886,1062,629,1886,919251.83,9482.01,64,121,137,86,101,77,71,1034,688,0,566,437
183235,15,-0.07,-0.03,-0.5,-0.3,2,0.2,0.2,0.15,50,53.76,1874,1776,76,1700,644,559,0,227,0,270,0,98,12,1886,914,786,1886,487260.29,5085.05,115,224,230,145,159,121,118,588,644,559,0,497
183236,15,-0.07,-0.03,-0.5,-0.3,2,0.2,0.2,0.15,50,49.5,1873,1775,84,1691,0,583,0,271,0,837,0,98,13,1886,837,854,1886,380914.97,3966.79,51,104,96,68,77,54,77,1164,0,583,0,1108
183237,15,-0.07,-0.03,-0.5,-0.3,2,0.2,0.2,0.15,50,62.09,1869,1771,80,1691,692,0,0,641,0,358,0,98,17,1886,1050,641,1886,873124.58,9009.71,64,121,137,86,101,77,71,1034,692,0,0,999
183238,15,-0.07,-0.03,-0.5,-0.3,2,0.2,0.2,0.15,60,53.76,1874,1776,76,1700,644,559,0,227,0,270,0,98,12,1886,914,786,1886,487260.29,5085.05,115,224,230,145,159,121,118,588,644,559,0,497
183239,15,-0.07,-0.03,-0.5,-0.3,2,0.2,0.2,0.15,60,49.5,1873,1775,84,1691,0,583,0,271,0,837,0,98,13,1886,837,854,1886,380914.97,3966.79,51,104,96,68,77,54,77,1164,0,583,0,1108
183240,15,-0.07,-0.03,-0.5,-0.3,2,0.2,0.2,0.15,60,62.09,1869,1771,80,1691,692,0,0,641,0,358,0,98,17,1886,1050,641,1886,873124.58,9009.71,64,121,137,86,101,77,71,1034,692,0,0,999
183241,15,-0.07,-0.03,-0.5,-0.25,1,0.1,0.1,0.15,20,62.81,2335,2229,32,2197,1116,363,454,0,264,0,0,106,20,2355,1380,817,2355,406117.64,4191.41,611,395,296,895,0,0,0,0,1116,363,718,0
183242,15,-0.07,-0.03,-0.5,-0.25,1,0.1,0.1,0.15,20,54.62,2334,2228,44,2184,0,421,570,0,1193,0,0,106,21,2355,1193,991,2355,459989.66,4802.56,71,119,149,1845,0,0,0,0,0,421,1763,0
183243,15,-0.07,-0.03,-0.5,-0.25,1,0.1,0.1,0.15,20,65.25,2331,2225,32,2193,1148,0,762,0,283,0,0,106,24,2355,1431,762,2355,544820.23,5575.56,541,292,190,1170,0,0,0,0,1148,0,1045,0
183244,15,-0.07,-0.03,-0.5,-0.25,1,0.1,0.1,0.15,30,65.11,2335,2229,62,2167,1294,473,283,0,117,0,0,106,20,2355,1411,756,2355,449859.04,4676.71,611,395,296,177,165,523,0,0,1294,473,400,0
183245,15,-0.07,-0.03,-0.5,-0.25,1,0.1,0.1,0.15,30,51.1,2334,2228,101,2127,0,586,454,0,1087,0,0,106,21,2355,1087,1040,2355,388853.44,4148.32,71,119,149,82,104,1602,0,0,0,586,1541,0
183246,15,-0.07,-0.03,-0.5,-0.25,1,0.1,0.1,0.15,30,70.3,2329,2223,65,2158,1366,0,641,0,151,0,0,106,26,2355,1517,641,2355,732581.57,7533.76,541,292,190,125,124,886,0,0,1366,0,792,0
183247,15,-0.07,-0.03,-0.5,-0.25,1,0.1,0.1,0.15,40,65.4,2335,2229,64,2165,1349,554,137,58,39,28,0,106,20,2355,1416,749,2355,409119.0,4248.08,611,395,296,177,165,123,73,325,1349,554,176,86
183248,15,-0.07,-0.03,-0.5,-0.25,1,0.1,0.1,0.15,40,48.73,2334,2228,104,2124,0,713,279,97,314,721,0,106,21,2355,1035,1089,2355,333844.65,3516.02,71,119,149,82,104,61,91,1447,0,713,593,818
183249,15,-0.07,-0.03,-0.5,-0.25,1,0.1,0.1,0.15,40,72.58,2329,2223,68,2155,1459,0,396,195,46,59,0,106,26,2355,1564,591,2355,797197.09,8169.7,541,292,190,125,124,94,49,740,1459,0,442,254
183250,15,-0.07,-0.03,-0.5,-0.25,1,0.1,0.1,0.15,50,65.13,2335,2229,64,2165,1350,565,0,190,0,60,0,106,20,2355,1410,755,2355,395503.99,4107.7,611,395,296,177,165,123,73,325,1350,565,0,250
183251,15,-0.07,-0.03,-0.5,-0.25,1,0.1,0.1,0.15,50,47.46,2334,2228,104,2124,0,745,0,371,0,1008,0,106,21,2355,1008,1116,2355,265718.76,2799.04,71,119,149,82,104,61,91,1447,0,745,0,1379
183252,15,-0.07,-0.03,-0.5,-0.25,1,0.1,0.1,0.15,50,72.39,2329,2223,68,2155,1460,0,0,595,0,100,0,106,26,2355,1560,595,2355,771706.49,7910.24,541,292,190,125,124,94,49,740,1460,0,0,695
183253,15,-0.07,-0.03,-0.5,-0.25,1,0.1,0.1,0.15,60,65.13,2335,2229,64,2165,1350,565,0,190,0,60,0,106,20,2355,1410,755,2355,395503.99,4107.7,611,395,296,177,165,123,73,325,1350,565,0,250
183254,15,-0.07,-0.03,-0.5,-0.25,1,0.1,0.1,0.15,60,47.46,2334,2228,104,2124,0,745,0,371,0,1008,0,106,21,2355,1008,1116,2355,265718.76,2799.04,71,119,149,82,104,61,91,1447,0,745,0,1379
183255,15,-0.07,-0.03,-0.5,-0.25,1,0.1,0.1,0.15,60,72.39,2329,2223,68,2155,1460,0,0,595,0,100,0,106,26,2355,1560,595,2355,771706.49,7910.24,541,292,190,125,124,94,49,740,1460,0,0,695
183256,15,-0.07,-0.03,-0.5,-0.25,1,0.1,0.2,0.15,20,55.65,2335,2229,42,2187,447,416,554,0,770,0,0,106,20,2355,1217,970,2355,490798.78,5093.31,145,253,293,1496,0,0,0,0,447,416,1324,0
183257,15,-0.07,-0.03,-0.5,-0.25,1,0.1,0.2,0.15,20,54.62,2334,2228,44,2184,0,421,570,0,1193,0,0,106,21,2355,1193,991,2355,459989.66,4802.56,71,119,149,1845,0,0,0,0,0,421,1763,0
183258,15,-0.07,-0.03,-0.5,-0.25,1,0.1,0.2,0.15,20,57.99,2331,2225,42,2183,457,0,917,0,809,0,0,106,24,2355,1266,917,2355,621080.74,6396.31,74,135,149,1825,0,0,0,0,457,0,1726,0
183259,15,-0.07,-0.03,-0.5,-0.25,1,0.1,0.2,0.15,30,53.53,2335,2229,92,2137,631,569,424,0,513,0,0,106,20,2355,1144,993,2355,505164.26,5285.45,145,253,293,172,197,1077,0,0,631,569,937,0
183260,15,-0.07,-0.03,-0.5,-0.25,1,0.1,0.2,0.15,30,51.1,2334,2228,101,2127,0,586,454,0,1087,0,0,106,21,2355,1087,1040,2355,388853.44,4148.32,71,119,149,82,104,1602,0,0,0,586,1541,0
183261,15,-0.07,-0.03,-0.5,-0.25,1,0.1,0.2,0.15,30,59.24,2328,2222,95,2127,663,0,867,0,597,0,0,106,27,2355,1260,867,2355,814565.73,8409.86,74,135,149,99,117,1553,0,0,663,0,1464,0
183262,15,-0.07,-0.03,-0.5,-0.25,1,0.1,0.2,0.15,40,52.25,2335,2229,95,2134,728,686,240,93,148,239,0,106,20,2355,1115,1019,2355,479447.75,5031.65,145,253,293,172,197,140,137,797,728,686,388,332
183263,15,-0.07,-0.03,-0.5,-0.25,1,0.1,0.2,0.15,40,48.73,2334,2228,104,2124,0,713,279,97,314,721,0,106,21,2355,1035,1089,2355,333844.65,3516.02,71,119,149,82,104,61,91,1447,0,713,593,818
183264,15,-0.07,-0.03,-0.5,-0.25,1,0.1,0.2,0.15,40,59.92,2328,2222,99,2123,782,0,601,250,170,320,0,106,27,2355,1272,851,2355,942526.12,9716.69,74,135,149,99,117,89,84,1376,782,0,771,570
183265,15,-0.07,-0.03,-0.5,-0.25,1,0.1,0.2,0.15,50,51.59,2335,2229,95,2134,732,712,0,321,0,369,0,106,20,2355,1101,1033,2355,445587.89,4679.98,145,253,293,172,197,140,137,797,732,712,0,690
183266,15,-0.07,-0.03,-0.5,-0.25,1,0.1,0.2,0.15,50,47.46,2334,2228,104,2124,0,745,0,371,0,1008,0,106,21,2355,1008,1116,2355,265718.76,2799.04,71,119,149,82,104,61,91,1447,0,745,0,1379
183267,15,-0.07,-0.03,-0.5,-0.25,1,0.1,0.2,0.15,50,59.4,2328,2222,99,2123,786,0,0,862,0,475,0,106,27,2355,1261,862,2355,891389.34,9190.7,74,135,149,99,117,89,84,1376,786,0,0,1337
183268,15,-0.07,-0.03,-0.5,-0.25,1,0.1,0.2,0.15,60,51.59,2335,2229,95,2134,732,712,0,321,0,369,0,106,20,2355,1101,1033,2355,445587.89,4679.98,145,253,293,172,197,140,137,797,732,712,0,690
183269,15,-0.07,-0.03,-0.5,-0.25,1,0.1,0.2,0.15,60,47.46,2334,2228,104,2124,0,745,0,371,0,1008,0,106,21,2355,1008,1116,2355,265718.76,2799.04,71,119,149,82,104,61,91,1447,0,745,0,1379
183270,15,-0.07,-0.03,-0.5,-0.25,1,0.1,0.2,0.15,60,59.4,2328,2222,99,2123,786,0,0,862,0,475,0,106,27,2355,1261,862,2355,891389.34,9190.7,74,135,149,99,117,89,84,1376,786,0,0,1337
183271,15,-0.07,-0.03,-0.5,-0.25,1,0.2,0.1,0.15,20,62.81,2335,2229,32,2197,1116,363,454,0,264,0,0,106,20,2355,1380,817,2355,406117.64,4191.41,611,395,296,895,0,0,0,0,1116,363,718,0
183272,15,-0.07,-0.03,-0.5,-0.25,1,0.2,0.1,0.15,20,54.62,2334,2228,44,2184,0,421,570,0,1193,0,0,106,21,2355,1193,991,2355,459989.66,4802.56,71,119,149,1845,0,0,0,0,0,421,1763,0
183273,15,-0.07,-0.03,-0.5,-0.25,1,0.2,0.1,0.15,20,65.25,2331,2225,32,2193,1148,0,762,0,283,0,0,106,24,2355,1431,762,2355,544820.23,5575.56,541,292,190,1170,0,0,0,0,1148,0,1045,0
183274,15,-0.07,-0.03,-0.5,-0.25,1,0.2,0.1,0.15,30,65.11,2335,2229,62,2167,1294,473,283,0,117,0,0,106,20,2355,1411,756,2355,449859.04,4676.71,611,395,296,177,165,523,0,0,1294,473,400,0
183275,15,-0.07,-0.03,-0.5,-0.25,1,0.2,0.1,0.15,30,51.1,2334,2228,101,2127,0,586,454,0,1087,0,0,106,21,2355,1087,1040,2355,388853.44,4148.32,71,119,149,82,104,1602,0,0,0,586,1541,0
183276,15,-0.07,-0.03,-0.5,-0.25,1,0.2,0.1,0.15,30,70.3,2329,2223,65,2158,1366,0,641,0,151,0,0,106,26,2355,1517,641,2355,732581.57,7533.76,541,292,190,125,124,886,0,0,1366,0,792,0
183277,15,-0.07,-0.03,-0.5,-0.25,1,0.2,0.1,0.15,40,65.4,2335,2229,64,2165,1349,554,137,58,39,28,0,106,20,2355,1416,749,2355,409119.0,4248.08,611,395,296,177,165,123,73,325,1349,554,176,86
183278,15,-0.07,-0.03,-0.5,-0.25,1,0.2,0.1,0.15,40,48.73,2334,2228,104,2124,0,713,279,97,314,721,0,106,21,2355,1035,1089,2355,333844.65,3516.02,71,119,149,82,104,61,91,1447,0,713,593,818
183279,15,-0.07,-0.03,-0.5,-0.25,1,0.2,0.1,0.15,40,72.58,2329,2223,68,2155,1459,0,396,195,46,59,0,106,26,2355,1564,591,2355,797197.09,8169.7,541,292,190,125,124,94,49,740,1459,0,442,254
183280,15,-0.07,-0.03,-0.5,-0.25,1,0.2,0.1,0.15,50,65.13,2335,2229,64,2165,1350,565,0,190,0,60,0,106,20,2355,1410,755,2355,395503.99,4107.7,611,395,296,177,165,123,73,325,1350,565,0,250
183281,15,-0.07,-0.03,-0.5,-0.25,1,0.2,0.1,0.15,50,47.46,2334,2228,104,2124,0,745,0,371,0,1008,0,106,21,2355,1008,1116,2355,265718.76,2799.04,71,119,149,82,104,61,91,1447,0,745,0,1379
183282,15,-0.07,-0.03,-0.5,-0.25,1,0.2,0.1,0.15,50,72.39,2329,2223,68,2155,1460,0,0,595,0,100,0,106,26,2355,1560,595,2355,771706.49,7910.24,541,292,190,125,124,94,49,740,1460,0,0,695
183283,15,-0.07,-0.03,-0.5,-0.25,1,0.2,0.1,0.15,60,65.13,2335,2229,64,2165,1350,565,0,190,0,60,0,106,20,2355,1410,755,2355,395503.99,4107.7,611,395,296,177,165,123,73,325,1350,565,0,250
183284,15,-0.07,-0.03,-0.5,-0.25,1,0.2,0.1,0.15,60,47.46,2334,2228,104,2124,0,745,0,371,0,1008,0,106,21,2355,1008,1116,2355,265718.76,2799.04,71,119,149,82,104,61,91,1447,0,745,0,1379
183285,15,-0.07,-0.03,-0.5,-0.25,1,0.2,0.1,0.15,60,72.39,2329,2223,68,2155,1460,0,0,595,0,100,0,106,26,2355,1560,595,2355,771706.49,7910.24,541,292,190,125,124,94,49,740,1460,0,0,695
183286,15,-0.07,-0.03,-0.5,-0.25,1,0.2,0.2,0.15,20,55.65,2335,2229,42,2187,447,416,554,0,770,0,0,106,20,2355,1217,970,2355,490798.78,5093.31,145,253,293,1496,0,0,0,0,447,416,1324,0
183287,15,-0.07,-0.03,-0.5,-0.25,1,0.2,0.2,0.15,20,54.62,2334,2228,44,2184,0,421,570,0,1193,0,0,106,21,2355,1193,991,2355,459989.66,4802.56,71,119,149,1845,0,0,0,0,0,421,1763,0
183288,15,-0.07,-0.03,-0.5,-0.25,1,0.2,0.2,0.15,20,57.99,2331,2225,42,2183,457,0,917,0,809,0,0,106,24,2355,1266,917,2355,621080.74,6396.31,74,135,149,1825,0,0,0,0,457,0,1726,0
183289,15,-0.07,-0.03,-0.5,-0.25,1,0.2,0.2,0.15,30,53.53,2335,2229,92,2137,631,569,424,0,513,0,0,106,20,2355,1144,993,2355,505164.26,5285.45,145,253,293,172,197,1077,0,0,631,569,937,0
183290,15,-0.07,-0.03,-0.5,-0.25,1,0.2,0.2,0.15,30,51.1,2334,2228,101,2127,0,586,454,0,1087,0,0,106,21,2355,1087,1040,2355,388853.44,4148.32,71,119,149,82,104,1602,0,0,0,586,1541,0
183291,15,-0.07,-0.03,-0.5,-0.25,1,0.2,0.2,0.15,30,59.24,2328,2222,95,2127,663,0,867,0,597,0,0,106,27,2355,1260,867,2355,814565.73,8409.86,74,135,149,99,117,1553,0,0,663,0,1464,0
183292,15,-0.07,-0.03,-0.5,-0.25,1,0.2,0.2,0.15,40,52.25,2335,2229,95,2134,728,686,240,93,148,239,0,106,20,2355,1115,1019,2355,479447.75,5031.65,145,253,293,172,197,140,137,797,728,686,388,332
183293,15,-0.07,-0.03,-0.5,-0.25,1,0.2,0.2,0.15,40,48.73,2334,2228,104,2124,0,713,279,97,314,721,0,106,21,2355,1035,1089,2355,333844.65,3516.02,71,119,149,82,104,61,91,1447,0,713,593,818
183294,15,-0.07,-0.03,-0.5,-0.25,1,0.2,0.2,0.15,40,59.92,2328,2222,99,2123,782,0,601,250,170,320,0,106,27,2355,1272,851,2355,942526.12,9716.69,74,135,149,99,117,89,84,1376,782,0,771,570
183295,15,-0.07,-0.03,-0.5,-0.25,1,0.2,0.2,0.15,50,51.59,2335,2229,95,2134,732,712,0,321,0,369,0,106,20,2355,1101,1033,2355,445587.89,4679.98,145,253,293,172,197,140,137,797,732,712,0,690
183296,15,-0.07,-0.03,-0.5,-0.25,1,0.2,0.2,0.15,50,47.46,2334,2228,104,2124,0,745,0,371,0,1008,0,106,21,2355,1008,1116,2355,265718.76,2799.04,71,119,149,82,104,61,91,1447,0,745,0,1379
183297,15,-0.07,-0.03,-0.5,-0.25,1,0.2,0.2,0.15,50,59.4,2328,2222,99,2123,786,0,0,862,0,475,0,106,27,2355,1261,862,2355,891389.34,9190.7,74,135,149,99,117,89,84,1376,786,0,0,1337
183298,15,-0.07,-0.03,-0.5,-0.25,1,0.2,0.2,0.15,60,51.59,2335,2229,95,2134,732,712,0,321,0,369,0,106,20,2355,1101,1033,2355,445587.89,4679.98,145,253,293,172,197,140,137,797,732,712,0,690
183299,15,-0.07,-0.03,-0.5,-0.25,1,0.2,0.2,0.15,60,47.46,2334,2228,104,2124,0,745,0,371,0,1008,0,106,21,2355,1008,1116,2355,265718.76,2799.04,71,119,149,82,104,61,91,1447,0,745,0,1379
183300,15,-0.07,-0.03,-0.5,-0.25,1,0.2,0.2,0.15,60,59.4,2328,2222,99,2123,786,0,0,862,0,475,0,106,27,2355,1261,862,2355,891389.34,9190.7,74,135,149,99,117,89,84,1376,786,0,0,1337
183301,15,-0.07,-0.03,-0.5,-0.25,2,0.1,0.1,0.15,20,67.27,2335,2229,32,2197,1211,354,365,0,267,0,0,106,20,2355,1478,719,2355,602491.61,7677.69,638,424,318,817,0,0,0,0,1211,354,632,0
183302,15,-0.07,-0.03,-0.5,-0.25,2,0.1,0.1,0.15,20,59.39,2334,2228,44,2184,0,421,466,0,1297,0,0,106,21,2355,1297,887,2355,705830.31,8888.54,71,119,149,1845,0,0,0,0,0,421,1763,0
183303,15,-0.07,-0.03,-0.5,-0.25,2,0.1,0.1,0.15,20,71.5,2331,2225,32,2193,1267,0,625,0,301,0,0,106,24,2355,1568,625,2355,848553.84,9238.57,570,329,225,1069,0,0,0,0,1267,0,926,0
183304,15,-0.07,-0.03,-0.5,-0.25,2,0.1,0.1,0.15,30,69.53,2335,2229,60,2169,1387,456,205,0,121,0,0,106,20,2355,1508,661,2355,664834.74,8467.59,638,424,318,185,174,430,0,0,1387,456,326,0
183305,15,-0.07,-0.03,-0.5,-0.25,2,0.1,0.1,0.15,30,54.87,2334,2228,101,2127,0,586,374,0,1167,0,0,106,21,2355,1167,960,2355,728631.32,9093.41,71,119,149,82,104,1602,0,0,0,586,1541,0
183306,15,-0.07,-0.03,-0.5,-0.25,2,0.1,0.1,0.15,30,77.56,2329,2223,62,2161,1507,0,485,0,169,0,0,106,26,2355,1676,485,2355,1175075.44,11454.7,570,329,225,143,154,740,0,0,1507,0,654,0
183307,15,-0.07,-0.03,-0.5,-0.25,2,0.1,0.1,0.15,40,69.27,2335,2229,62,2167,1430,527,107,32,45,26,0,106,20,2355,1501,666,2355,593673.63,8234.11,638,424,318,185,174,104,62,262,1430,527,152,58
183308,15,-0.07,-0.03,-0.5,-0.25,2,0.1,0.1,0.15,40,52.02,2334,2228,104,2124,0,713,242,64,351,754,0,106,21,2355,1105,1019,2355,682431.59,9042.78,71,119,149,82,104,61,91,1447,0,713,593,818
183309,15,-0.07,-0.03,-0.5,-0.25,2,0.1,0.1,0.15,40,79.94,2329,2223,65,2158,1604,0,313,120,63,58,0,106,26,2355,1725,433,2355,1303349.69,12247.56,570,329,225,143,154,86,56,595,1604,0,376,178
183310,15,-0.07,-0.03,-0.5,-0.25,2,0.1,0.1,0.15,50,68.9,2335,2229,62,2167,1431,537,0,137,0,62,0,106,20,2355,1493,674,2355,571871.76,8120.32,638,424,318,185,174,104,62,262,1431,537,0,199
183311,15,-0.07,-0.03,-0.5,-0.25,2,0.1,0.1,0.15,50,50.66,2334,2228,104,2124,0,745,0,303,0,1076,0,106,21,2355,1076,1048,2355,587122.49,8351.47,71,119,149,82,104,61,91,1447,0,745,0,1379
183312,15,-0.07,-0.03,-0.5,-0.25,2,0.1,0.1,0.15,50,79.84,2329,2223,65,2158,1606,0,0,435,0,117,0,106,26,2355,1723,435,2355,1258655.94,12016.72,570,329,225,143,154,86,56,595,1606,0,0,552
183313,15,-0.07,-0.03,-0.5,-0.25,2,0.1,0.1,0.15,60,68.9,2335,2229,62,2167,1431,537,0,137,0,62,0,106,20,2355,1493,674,2355,571871.76,8120.32,638,424,318,185,174,104,62,262,1431,537,0,199
183314,15,-0.07,-0.03,-0.5,-0.25,2,0.1,0.1,0.15,60,50.66,2334,2228,104,2124,0,745,0,303,0,1076,0,106,21,2355,1076,1048,2355,587122.49,8351.47,71,119,149,82,104,61,91,1447,0,745,0,1379
183315,15,-0.07,-0.03,-0.5,-0.25,2,0.1,0.1,0.15,60,79.84,2329,2223,65,2158,1606,0,0,435,0,117,0,106,26,2355,1723,435,2355,1258655.94,12016.72,570,329,225,143,154,86,56,595,1606,0,0,552
183316,15,-0.07,-0.03,-0.5,-0.25,2,0.1,0.2,0.15,20,60.31,2335,2229,42,2187,481,416,452,0,838,0,0,106,20,2355,1319,868,2355,730425.83,9098.22,147,261,305,1474,0,0,0,0,481,416,1290,0
183317,15,-0.07,-0.03,-0.5,-0.25,2,0.1,0.2,0.15,20,59.39,2334,2228,44,2184,0,421,466,0,1297,0,0,106,21,2355,1297,887,2355,705830.31,8888.54,71,119,149,1845,0,0,0,0,0,421,1763,0
183318,15,-0.07,-0.03,-0.5,-0.25,2,0.1,0.2,0.15,20,64.59,2331,2225,42,2183,503,0,773,0,907,0,0,106,24,2355,1410,773,2355,968450.99,10702.72,76,144,167,1796,0,0,0,0,503,0,1680,0
183319,15,-0.07,-0.03,-0.5,-0.25,2,0.1,0.2,0.15,30,57.23,2335,2229,92,2137,687,568,346,0,536,0,0,106,20,2355,1223,914,2355,819227.28,9998.75,147,261,305,184,212,1028,0,0,687,568,882,0
183320,15,-0.07,-0.03,-0.5,-0.25,2,0.1,0.2,0.15,30,54.87,2334,2228,101,2127,0,586,374,0,1167,0,0,106,21,2355,1167,960,2355,728631.32,9093.41,71,119,149,82,104,1602,0,0,0,586,1541,0
183321,15,-0.07,-0.03,-0.5,-0.25,2,0.1,0.2,0.15,30,65.82,2328,2222,95,2127,745,0,727,0,655,0,0,106,27,2355,1400,727,2355,1402485.99,13531.06,76,144,167,116,139,1485,0,0,745,0,1382,0
183322,15,-0.07,-0.03,-0.5,-0.25,2,0.1,0.2,0.15,40,55.53,2335,2229,95,2134,795,683,204,62,169,221,0,106,20,2355,1185,949,2355,772081.41,10104.13,147,261,305,184,212,146,138,741,795,683,373,283
183323,15,-0.07,-0.03,-0.5,-0.25,2,0.1,0.2,0.15,40,52.02,2334,2228,104,2124,0,713,242,64,351,754,0,106,21,2355,1105,1019,2355,682431.59,9042.78,71,119,149,82,104,61,91,1447,0,713,593,818
183324,15,-0.07,-0.03,-0.5,-0.25,2,0.1,0.2,0.15,40,67.4,2328,2222,99,2123,889,0,519,173,223,319,0,106,27,2355,1431,692,2355,1673807.33,15293.25,76,144,167,116,139,103,96,1282,889,0,742,492
183325,15,-0.07,-0.03,-0.5,-0.25,2,0.1,0.2,0.15,50,54.87,2335,2229,95,2134,799,708,0,255,0,372,0,106,20,2355,1171,963,2355,720518.19,9792.61,147,261,305,184,212,146,138,741,799,708,0,627
183326,15,-0.07,-0.03,-0.5,-0.25,2,0.1,0.2,0.15,50,50.66,2334,2228,104,2124,0,745,0,303,0,1076,0,106,21,2355,1076,1048,2355,587122.49,8351.47,71,119,149,82,104,61,91,1447,0,745,0,1379
183327,15,-0.07,-0.03,-0.5,-0.25,2,0.1,0.2,0.15,50,67.31,2328,2222,99,2123,893,0,0,694,0,536,0,106,27,2355,1429,694,2355,1592444.72,14831.88,76,144,167,116,139,103,96,1282,893,0,0,1230
183328,15,-0.07,-0.03,-0.5,-0.25,2,0.1,0.2,0.15,60,54.87,2335,2229,95,2134,799,708,0,255,0,372,0,106,20,2355,1171,963,2355,720518.19,9792.61,147,261,305,184,212,146,138,741,799,708,0,627
183329,15,-0.07,-0.03,-0.5,-0.25,2,0.1,0.2,0.15,60,50.66,2334,2228,104,2124,0,745,0,303,0,1076,0,106,21,2355,1076,1048,2355,587122.49,8351.47,71,119,149,82,104,61,91,1447,0,745,0,1379
183330,15,-0.07,-0.03,-0.5,-0.25,2,0.1,0.2,0.15,60,67.31,2328,2222,99,2123,893,0,0,694,0,536,0,106,27,2355,1429,694,2355,1592444.72,14831.88,76,144,167,116,139,103,96,1282,893,0,0,1230
183331,15,-0.07,-0.03,-0.5,-0.25,2,0.2,0.1,0.15,20,62.81,2335,2229,32,2197,1116,363,454,0,264,0,0,106,20,2355,1380,817,2355,406117.64,4191.41,611,395,296,895,0,0,0,0,1116,363,718,0
183332,15,-0.07,-0.03,-0.5,-0.25,2,0.2,0.1,0.15,20,54.62,2334,2228,44,2184,0,421,570,0,1193,0,0,106,21,2355,1193,991,2355,459989.66,4802.56,71,119,149,1845,0,0,0,0,0,421,1763,0
183333,15,-0.07,-0.03,-0.5,-0.25,2,0.2,0.1,0.15,20,65.25,2331,2225,32,2193,1148,0,762,0,283,0,0,106,24,2355,1431,762,2355,544820.23,5575.56,541,292,190,1170,0,0,0,0,1148,0,1045,0
183334,15,-0.07,-0.03,-0.5,-0.25,2,0.2,0.1,0.15,30,65.11,2335,2229,62,2167,1294,473,283,0,117,0,0,106,20,2355,1411,756,2355,449859.04,4676.71,611,395,296,177,165,523,0,0,1294,473,400,0
183335,15,-0.07,-0.03,-0.5,-0.25,2,0.2,0.1,0.15,30,51.1,2334,2228,101,2127,0,586,454,0,1087,0,0,106,21,2355,1087,1040,2355,388853.44,4148.32,71,119,149,82,104,1602,0,0,0,586,1541,0
183336,15,-0.07,-0.03,-0.5,-0.25,2,0.2,0.1,0.15,30,70.3,2329,2223,65,2158,1366,0,641,0,151,0,0,106,26,2355,1517,641,2355,732581.57,7533.76,541,292,190,125,124,886,0,0,1366,0,792,0
183337,15,-0.07,-0.03,-0.5,-0.25,2,0.2,0.1,0.15,40,65.4,2335,2229,64,2165,1349,554,137,58,39,28,0,106,20,2355,1416,749,2355,409119.0,4248.08,611,395,296,177,165,123,73,325,1349,554,176,86
183338,15,-0.07,-0.03,-0.5,-0.25,2,0.2,0.1,0.15,40,48.73,2334,2228,104,2124,0,713,279,97,314,721,0,106,21,2355,1035,1089,2355,333844.65,3516.02,71,119,149,82,104,61,91,1447,0,713,593,818
183339,15,-0.07,-0.03,-0.5,-0.25,2,0.2,0.1,0.15,40,72.58,2329,2223,68,2155,1459,0,396,195,46,59,0,106,26,2355,1564,591,2355,797197.09,8169.7,541,292,190,125,124,94,49,740,1459,0,442,254
183340,15,-0.07,-0.03,-0.5,-0.25,2,0.2,0.1,0.15,50,65.13,2335,2229,64,2165,1350,565,0,190,0,60,0,106,20,2355,1410,755,2355,395503.99,4107.7,611,395,296,177,165,123,73,325,1350,565,0,250
183341,15,-0.07,-0.03,-0.5,-0.25,2,0.2,0.1,0.15,50,47.46,2334,2228,104,2124,0,745,0,371,0,1008,0,106,21,2355,1008,1116,2355,265718.76,2799.04,71,119,149,82,104,61,91,1447,0,745,0,1379
183342,15,-0.07,-0.03,-0.5,-0.25,2,0.2,0.1,0.15,50,72.39,2329,2223,68,2155,1460,0,0,595,0,100,0,106,26,2355,1560,595,2355,771706.49,7910.24,541,292,190,125,124,94,49,740,1460,0,0,695
183343,15,-0.07,-0.03,-0.5,-0.25,2,0.2,0.1,0.15,60,65.13,2335,2229,64,2165,1350,565,0,190,0,60,0,106,20,2355,1410,755,2355,395503.99,4107.7,611,395,296,177,165,123,73,325,1350,565,0,250
183344,15,-0.07,-0.03,-0.5,-0.25,2,0.2,0.1,0.15,60,47.46,2334,2228,104,2124,0,745,0,371,0,1008,0,106,21,2355,1008,1116,2355,265718.76,2799.04,71,119,149,82,104,61,91,1447,0,745,0,1379
183345,15,-0.07,-0.03,-0.5,-0.25,2,0.2,0.1,0.15,60,72.39,2329,2223,68,2155,1460,0,0,595,0,100,0,106,26,2355,1560,595,2355,771706.49,7910.24,541,292,190,125,124,94,49,740,1460,0,0,695
183346,15,-0.07,-0.03,-0.5,-0.25,2,0.2,0.2,0.15,20,55.65,2335,2229,42,2187,447,416,554,0,770,0,0,106,20,2355,1217,970,2355,490798.78,5093.31,145,253,293,1496,0,0,0,0,447,416,1324,0
183347,15,-0.07,-0.03,-0.5,-0.25,2,0.2,0.2,0.15,20,54.62,2334,2228,44,2184,0,421,570,0,1193,0,0,106,21,2355,1193,991,2355,459989.66,4802.56,71,119,149,1845,0,0,0,0,0,421,1763,0
183348,15,-0.07,-0.03,-0.5,-0.25,2,0.2,0.2,0.15,20,57.99,2331,2225,42,2183,457,0,917,0,809,0,0,106,24,2355,1266,917,2355,621080.74,6396.31,74,135,149,1825,0,0,0,0,457,0,1726,0
183349,15,-0.07,-0.03,-0.5,-0.25,2,0.2,0.2,0.15,30,53.53,2335,2229,92,2137,631,569,424,0,513,0,0,106,20,2355,1144,993,2355,505164.26,5285.45,145,253,293,172,197,1077,0,0,631,569,937,0
183350,15,-0.07,-0.03,-0.5,-0.25,2,0.2,0.2,0.15,30,51.1,2334,2228,101,2127,0,586,454,0,1087,0,0,106,21,2355,1087,1040,2355,388853.44,4148.32,71,119,149,82,104,1602,0,0,0,586,1541,0
183351,15,-0.07,-0.03,-0.5,-0.25,2,0.2,0.2,0.15,30,59.24,2328,2222,95,2127,663,0,867,0,597,0,0,106,27,2355,1260,867,2355,814565.73,8409.86,74,135,149,99,117,1553,0,0,663,0,1464,0
183352,15,-0.07,-0.03,-0.5,-0.25,2,0.2,0.2,0.15,40,52.25,2335,2229,95,2134,728,686,240,93,148,239,0,106,20,2355,1115,1019,2355,479447.75,5031.65,145,253,293,172,197,140,137,797,728,686,388,332
183353,15,-0.07,-0.03,-0.5,-0.25,2,0.2,0.2,0.15,40,48.73,2334,2228,104,2124,0,713,279,97,314,721,0,106,21,2355,1035,1089,2355,333844.65,3516.02,71,119,149,82,104,61,91,1447,0,713,593,818
183354,15,-0.07,-0.03,-0.5,-0.25,2,0.2,0.2,0.15,40,59.92,2328,2222,99,2123,782,0,601,250,170,320,0,106,27,2355,1272,851,2355,942526.12,9716.69,74,135,149,99,117,89,84,1376,782,0,771,570
183355,15,-0.07,-0.03,-0.5,-0.25,2,0.2,0.2,0.15,50,51.59,2335,2229,95,2134,732,712,0,321,0,369,0,106,20,2355,1101,1033,2355,445587.89,4679.98,145,253,293,172,197,140,137,797,732,712,0,690
183356,15,-0.07,-0.03,-0.5,-0.25,2,0.2,0.2,0.15,50,47.46,2334,2228,104,2124,0,745,0,371,0,1008,0,106,21,2355,1008,1116,2355,265718.76,2799.04,71,119,149,82,104,61,91,1447,0,745,0,1379
183357,15,-0.07,-0.03,-0.5,-0.25,2,0.2,0.2,0.15,50,59.4,2328,2222,99,2123,786,0,0,862,0,475,0,106,27,2355,1261,862,2355,891389.34,9190.7,74,135,149,99,117,89,84,1376,786,0,0,1337
183358,15,-0.07,-0.03,-0.5,-0.25,2,0.2,0.2,0.15,60,51.59,2335,2229,95,2134,732,712,0,321,0,369,0,106,20,2355,1101,1033,2355,445587.89,4679.98,145,253,293,172,197,140,137,797,732,712,0,690
183359,15,-0.07,-0.03,-0.5,-0.25,2,0.2,0.2,0.15,60,47.46,2334,2228,104,2124,0,745,0,371,0,1008,0,106,21,2355,1008,1116,2355,265718.76,2799.04,71,119,149,82,104,61,91,1447,0,745,0,1379
183360,15,-0.07,-0.03,-0.5,-0.25,2,0.2,0.2,0.15,60,59.4,2328,2222,99,2123,786,0,0,862,0,475,0,106,27,2355,1261,862,2355,891389.34,9190.7,74,135,149,99,117,89,84,1376,786,0,0,1337
183361,15,-0.07,-0.03,-0.45,-0.4,1,0.1,0.1,0.15,20,67.3,456,425,6,419,237,64,73,0,45,0,0,31,2,458,282,137,458,111790.76,1146.89,132,80,47,160,0,0,0,0,237,64,118,0
183362,15,-0.07,-0.03,-0.45,-0.4,1,0.1,0.1,0.15,20,60.24,456,425,10,415,0,69,96,0,250,0,0,31,2,458,250,165,458,167143.49,1726.47,14,21,17,363,0,0,0,0,0,69,346,0
183363,15,-0.07,-0.03,-0.45,-0.4,1,0.1,0.1,0.15,20,70.81,455,424,6,418,248,0,122,0,48,0,0,31,3,458,296,122,458,151231.92,1553.81,118,60,37,203,0,0,0,0,248,0,170,0
183364,15,-0.07,-0.03,-0.45,-0.4,1,0.1,0.1,0.15,30,69.66,456,425,13,412,272,88,37,0,15,0,0,31,2,458,287,125,458,117411.26,1201.4,132,80,47,42,37,74,0,0,272,88,52,0
183365,15,-0.07,-0.03,-0.45,-0.4,1,0.1,0.1,0.15,30,55.42,456,425,28,397,0,107,70,0,220,0,0,31,2,458,220,177,458,155010.7,1603.72,14,21,17,17,26,302,0,0,0,107,290,0
183366,15,-0.07,-0.03,-0.45,-0.4,1,0.1,0.1,0.15,30,76.83,455,424,14,410,294,0,95,0,21,0,0,31,3,458,315,95,458,191093.27,1963.26,118,60,37,33,30,132,0,0,294,0,116,0
183367,15,-0.07,-0.03,-0.45,-0.4,1,0.1,0.1,0.15,40,69.59,456,425,14,411,279,102,16,7,6,1,0,31,2,458,286,125,458,111130.74,1140.57,132,80,47,42,37,22,10,41,279,102,22,8
183368,15,-0.07,-0.03,-0.45,-0.4,1,0.1,0.1,0.15,40,51.9,456,425,30,395,0,131,44,15,47,158,0,31,2,458,205,190,458,161403.57,1673.92,14,21,17,17,26,12,16,272,0,131,91,173
183369,15,-0.07,-0.03,-0.45,-0.4,1,0.1,0.1,0.15,40,78.0,455,424,15,409,308,0,59,31,6,5,0,31,3,458,319,90,458,197597.31,2035.55,118,60,37,33,30,16,4,111,308,0,65,36
183370,15,-0.07,-0.03,-0.45,-0.4,1,0.1,0.1,0.15,50,69.34,456,425,14,411,279,105,0,21,0,6,0,31,2,458,285,126,458,107449.28,1103.21,132,80,47,42,37,22,10,41,279,105,0,27
183371,15,-0.07,-0.03,-0.45,-0.4,1,0.1,0.1,0.15,50,49.62,456,425,30,395,0,137,0,62,0,196,0,31,2,458,196,199,458,144986.71,1505.48,14,21,17,17,26,12,16,272,0,137,0,258
183372,15,-0.07,-0.03,-0.45,-0.4,1,0.1,0.1,0.15,50,77.75,455,424,15,409,308,0,0,91,0,10,0,31,3,458,318,91,458,189245.81,1950.3,118,60,37,33,30,16,4,111,308,0,0,101
183373,15,-0.07,-0.03,-0.45,-0.4,1,0.1,0.1,0.15,60,69.34,456,425,14,411,279,105,0,21,0,6,0,31,2,458,285,126,458,107449.28,1103.21,132,80,47,42,37,22,10,41,279,105,0,27
183374,15,-0.07,-0.03,-0.45,-0.4,1,0.1,0.1,0.15,60,49.62,456,425,30,395,0,137,0,62,0,196,0,31,2,458,196,199,458,144986.71,1505.48,14,21,17,17,26,12,16,272,0,137,0,258
183375,15,-0.07,-0.03,-0.45,-0.4,1,0.1,0.1,0.15,60,77.75,455,424,15,409,308,0,0,91,0,10,0,31,3,458,318,91,458,189245.81,1950.3,118,60,37,33,30,16,4,111,308,0,0,101
183376,15,-0.07,-0.03,-0.45,-0.4,1,0.1,0.2,0.15,20,60.48,456,425,10,415,99,68,96,0,152,0,0,31,2,458,251,164,458,151265.01,1555.28,32,59,42,282,0,0,0,0,99,68,248,0
183377,15,-0.07,-0.03,-0.45,-0.4,1,0.1,0.2,0.15,20,60.24,456,425,10,415,0,69,96,0,250,0,0,31,2,458,250,165,458,167143.49,1726.47,14,21,17,363,0,0,0,0,0,69,346,0
183378,15,-0.07,-0.03,-0.45,-0.4,1,0.1,0.2,0.15,20,64.01,455,424,10,414,102,0,149,0,163,0,0,31,3,458,265,149,458,194190.97,2002.44,18,38,25,333,0,0,0,0,102,0,312,0
183379,15,-0.07,-0.03,-0.45,-0.4,1,0.1,0.2,0.15,30,57.25,456,425,25,400,146,106,65,0,83,0,0,31,2,458,229,171,458,143771.0,1477.66,32,59,42,34,51,182,0,0,146,106,148,0
183380,15,-0.07,-0.03,-0.45,-0.4,1,0.1,0.2,0.15,30,55.42,456,425,28,397,0,107,70,0,220,0,0,31,2,458,220,177,458,155010.7,1603.72,14,21,17,17,26,302,0,0,0,107,290,0
183381,15,-0.07,-0.03,-0.45,-0.4,1,0.1,0.2,0.15,30,64.82,455,424,26,398,156,0,140,0,102,0,0,31,3,458,258,140,458,232471.44,2396.27,18,38,25,21,30,266,0,0,156,0,242,0
183382,15,-0.07,-0.03,-0.45,-0.4,1,0.1,0.2,0.15,40,54.77,456,425,27,398,166,127,38,15,20,32,0,31,2,458,218,180,458,144100.48,1487.19,32,59,42,34,51,34,28,118,166,127,58,47
183383,15,-0.07,-0.03,-0.45,-0.4,1,0.1,0.2,0.15,40,51.9,456,425,30,395,0,131,44,15,47,158,0,31,2,458,205,190,458,161403.57,1673.92,14,21,17,17,26,12,16,272,0,131,91,173
183384,15,-0.07,-0.03,-0.45,-0.4,1,0.1,0.2,0.15,40,63.89,455,424,28,396,182,0,101,42,22,49,0,31,3,458,253,143,458,257801.07,2665.31,18,38,25,21,30,24,18,222,182,0,123,91
183385,15,-0.07,-0.03,-0.45,-0.4,1,0.1,0.2,0.15,50,53.52,456,425,27,398,166,133,0,52,0,47,0,31,2,458,213,185,458,133366.19,1376.6,32,59,42,34,51,34,28,118,166,133,0,99
183386,15,-0.07,-0.03,-0.45,-0.4,1,0.1,0.2,0.15,50,49.62,456,425,30,395,0,137,0,62,0,196,0,31,2,458,196,199,458,144986.71,1505.48,14,21,17,17,26,12,16,272,0,137,0,258
183387,15,-0.07,-0.03,-0.45,-0.4,1,0.1,0.2,0.15,50,62.37,455,424,28,396,182,0,0,149,0,65,0,31,3,458,247,149,458,238524.24,2467.33,18,38,25,21,30,24,18,222,182,0,0,214
183388,15,-0.07,-0.03,-0.45,-0.4,1,0.1,0.2,0.15,60,53.52,456,425,27,398,166,133,0,52,0,47,0,31,2,458,213,185,458,133366.19,1376.6,32,59,42,34,51,34,28,118,166,133,0,99
183389,15,-0.07,-0.03,-0.45,-0.4,1,0.1,0.2,0.15,60,49.62,456,425,30,395,0,137,0,62,0,196,0,31,2,458,196,199,458,144986.71,1505.48,14,21,17,17,26,12,16,272,0,137,0,258
183390,15,-0.07,-0.03,-0.45,-0.4,1,0.1,0.2,0.15,60,62.37,455,424,28,396,182,0,0,149,0,65,0,31,3,458,247,149,458,238524.24,2467.33,18,38,25,21,30,24,18,222,182,0,0,214
183391,15,-0.07,-0.03,-0.45,-0.4,1,0.2,0.1,0.15,20,67.3,456,425,6,419,237,64,73,0,45,0,0,31,2,458,282,137,458,111790.76,1146.89,132,80,47,160,0,0,0,0,237,64,118,0
183392,15,-0.07,-0.03,-0.45,-0.4,1,0.2,0.1,0.15,20,60.24,456,425,10,415,0,69,96,0,250,0,0,31,2,458,250,165,458,167143.49,1726.47,14,21,17,363,0,0,0,0,0,69,346,0
183393,15,-0.07,-0.03,-0.45,-0.4,1,0.2,0.1,0.15,20,70.81,455,424,6,418,248,0,122,0,48,0,0,31,3,458,296,122,458,151231.92,1553.81,118,60,37,203,0,0,0,0,248,0,170,0
183394,15,-0.07,-0.03,-0.45,-0.4,1,0.2,0.1,0.15,30,69.66,456,425,13,412,272,88,37,0,15,0,0,31,2,458,287,125,458,117411.26,1201.4,132,80,47,42,37,74,0,0,272,88,52,0
183395,15,-0.07,-0.03,-0.45,-0.4,1,0.2,0.1,0.15,30,55.42,456,425,28,397,0,107,70,0,220,0,0,31,2,458,220,177,458,155010.7,1603.72,14,21,17,17,26,302,0,0,0,107,290,0
183396,15,-0.07,-0.03,-0.45,-0.4,1,0.2,0.1,0.15,30,76.83,455,424,14,410,294,0,95,0,21,0,0,31,3,458,315,95,458,191093.27,1963.26,118,60,37,33,30,132,0,0,294,0,116,0
183397,15,-0.07,-0.03,-0.45,-0.4,1,0.2,0.1,0.15,40,69.59,456,425,14,411,279,102,16,7,6,1,0,31,2,458,286,125,458,111130.74,1140.57,132,80,47,42,37,22,10,41,279,102,22,8
183398,15,-0.07,-0.03,-0.45,-0.4,1,0.2,0.1,0.15,40,51.9,456,425,30,395,0,131,44,15,47,158,0,31,2,458,205,190,458,161403.57,1673.92,14,21,17,17,26,12,16,272,0,131,91,173
183399,15,-0.07,-0.03,-0.45,-0.4,1,0.2,0.1,0.15,40,78.0,455,424,15,409,308,0,59,31,6,5,0,31,3,458,319,90,458,197597.31,2035.55,118,60,37,33,30,16,4,111,308,0,65,36
183400,15,-0.07,-0.03,-0.45,-0.4,1,0.2,0.1,0.15,50,69.34,456,425,14,411,279,105,0,21,0,6,0,31,2,458,285,126,458,107449.28,1103.21,132,80,47,42,37,22,10,41,279,105,0,27
183401,15,-0.07,-0.03,-0.45,-0.4,1,0.2,0.1,0.15,50,49.62,456,425,30,395,0,137,0,62,0,196,0,31,2,458,196,199,458,144986.71,1505.48,14,21,17,17,26,12,16,272,0,137,0,258
183402,15,-0.07,-0.03,-0.45,-0.4,1,0.2,0.1,0.15,50,77.75,455,424,15,409,308,0,0,91,0,10,0,31,3,458,318,91,458,189245.81,1950.3,118,60,37,33,30,16,4,111,308,0,0,101
183403,15,-0.07,-0.03,-0.45,-0.4,1,0.2,0.1,0.15,60,69.34,456,425,14,411,279,105,0,21,0,6,0,31,2,458,285,126,458,107449.28,1103.21,132,80,47,42,37,22,10,41,279,105,0,27
183404,15,-0.07,-0.03,-0.45,-0.4,1,0.2,0.1,0.15,60,49.62,456,425,30,395,0,137,0,62,0,196,0,31,2,458,196,199,458,144986.71,1505.48,14,21,17,17,26,12,16,272,0,137,0,258
183405,15,-0.07,-0.03,-0.45,-0.4,1,0.2,0.1,0.15,60,77.75,455,424,15,409,308,0,0,91,0,10,0,31,3,458,318,91,458,189245.81,1950.3,118,60,37,33,30,16,4,111,308,0,0,101
183406,15,-0.07,-0.03,-0.45,-0.4,1,0.2,0.2,0.15,20,60.48,456,425,10,415,99,68,96,0,152,0,0,31,2,458,251,164,458,151265.01,1555.28,32,59,42,282,0,0,0,0,99,68,248,0
183407,15,-0.07,-0.03,-0.45,-0.4,1,0.2,0.2,0.15,20,60.24,456,425,10,415,0,69,96,0,250,0,0,31,2,458,250,165,458,167143.49,1726.47,14,21,17,363,0,0,0,0,0,69,346,0
183408,15,-0.07,-0.03,-0.45,-0.4,1,0.2,0.2,0.15,20,64.01,455,424,10,414,102,0,149,0,163,0,0,31,3,458,265,149,458,194190.97,2002.44,18,38,25,333,0,0,0,0,102,0,312,0
183409,15,-0.07,-0.03,-0.45,-0.4,1,0.2,0.2,0.15,30,57.25,456,425,25,400,146,106,65,0,83,0,0,31,2,458,229,171,458,143771.0,1477.66,32,59,42,34,51,182,0,0,146,106,148,0
183410,15,-0.07,-0.03,-0.45,-0.4,1,0.2,0.2,0.15,30,55.42,456,425,28,397,0,107,70,0,220,0,0,31,2,458,220,177,458,155010.7,1603.72,14,21,17,17,26,302,0,0,0,107,290,0
183411,15,-0.07,-0.03,-0.45,-0.4,1,0.2,0.2,0.15,30,64.82,455,424,26,398,156,0,140,0,102,0,0,31,3,458,258,140,458,232471.44,2396.27,18,38,25,21,30,266,0,0,156,0,242,0
183412,15,-0.07,-0.03,-0.45,-0.4,1,0.2,0.2,0.15,40,54.77,456,425,27,398,166,127,38,15,20,32,0,31,2,458,218,180,458,144100.48,1487.19,32,59,42,34,51,34,28,118,166,127,58,47
183413,15,-0.07,-0.03,-0.45,-0.4,1,0.2,0.2,0.15,40,51.9,456,425,30,395,0,131,44,15,47,158,0,31,2,458,205,190,458,161403.57,1673.92,14,21,17,17,26,12,16,272,0,131,91,173
183414,15,-0.07,-0.03,-0.45,-0.4,1,0.2,0.2,0.15,40,63.89,455,424,28,396,182,0,101,42,22,49,0,31,3,458,253,143,458,257801.07,2665.31,18,38,25,21,30,24,18,222,182,0,123,91
183415,15,-0.07,-0.03,-0.45,-0.4,1,0.2,0.2,0.15,50,53.52,456,425,27,398,166,133,0,52,0,47,0,31,2,458,213,185,458,133366.19,1376.6,32,59,42,34,51,34,28,118,166,133,0,99
183416,15,-0.07,-0.03,-0.45,-0.4,1,0.2,0.2,0.15,50,49.62,456,425,30,395,0,137,0,62,0,196,0,31,2,458,196,199,458,144986.71,1505.48,14,21,17,17,26,12,16,272,0,137,0,258
183417,15,-0.07,-0.03,-0.45,-0.4,1,0.2,0.2,0.15,50,62.37,455,424,28,396,182,0,0,149,0,65,0,31,3,458,247,149,458,238524.24,2467.33,18,38,25,21,30,24,18,222,182,0,0,214
183418,15,-0.07,-0.03,-0.45,-0.4,1,0.2,0.2,0.15,60,53.52,456,425,27,398,166,133,0,52,0,47,0,31,2,458,213,185,458,133366.19,1376.6,32,59,42,34,51,34,28,118,166,133,0,99
183419,15,-0.07,-0.03,-0.45,-0.4,1,0.2,0.2,0.15,60,49.62,456,425,30,395,0,137,0,62,0,196,0,31,2,458,196,199,458,144986.71,1505.48,14,21,17,17,26,12,16,272,0,137,0,258
183420,15,-0.07,-0.03,-0.45,-0.4,1,0.2,0.2,0.15,60,62.37,455,424,28,396,182,0,0,149,0,65,0,31,3,458,247,149,458,238524.24,2467.33,18,38,25,21,30,24,18,222,182,0,0,214
183421,15,-0.07,-0.03,-0.45,-0.4,2,0.1,0.1,0.15,20,71.6,456,425,6,419,253,62,57,0,47,0,0,31,2,458,300,119,458,161631.35,1755.39,140,84,56,139,0,0,0,0,253,62,104,0
183422,15,-0.07,-0.03,-0.45,-0.4,2,0.1,0.1,0.15,20,64.82,456,425,10,415,0,69,77,0,269,0,0,31,2,458,269,146,458,251380.11,2520.93,14,21,17,363,0,0,0,0,0,69,346,0
183423,15,-0.07,-0.03,-0.45,-0.4,2,0.1,0.1,0.15,20,77.27,455,424,6,418,268,0,95,0,55,0,0,31,3,458,323,95,458,226330.02,2169.04,126,67,49,176,0,0,0,0,268,0,150,0
183424,15,-0.07,-0.03,-0.45,-0.4,2,0.1,0.1,0.15,30,72.4,456,425,12,413,284,84,30,0,15,0,0,31,2,458,299,114,458,160706.71,1811.55,140,84,56,35,37,61,0,0,284,84,45,0
183425,15,-0.07,-0.03,-0.45,-0.4,2,0.1,0.1,0.15,30,57.68,456,425,28,397,0,107,61,0,229,0,0,31,2,458,229,168,458,258517.98,2553.21,14,21,17,17,26,302,0,0,0,107,290,0
183426,15,-0.07,-0.03,-0.45,-0.4,2,0.1,0.1,0.15,30,81.51,455,424,13,411,313,0,76,0,22,0,0,31,3,458,335,76,458,284097.38,2540.33,126,67,49,26,36,107,0,0,313,0,98,0
183427,15,-0.07,-0.03,-0.45,-0.4,2,0.1,0.1,0.15,40,72.57,456,425,13,412,290,97,13,3,7,2,0,31,2,458,299,113,458,151220.29,1790.9,140,84,56,35,37,16,10,34,290,97,20,5
183428,15,-0.07,-0.03,-0.45,-0.4,2,0.1,0.1,0.15,40,54.43,456,425,30,395,0,131,38,11,53,162,0,31,2,458,215,180,458,270039.23,2730.99,14,21,17,17,26,12,16,272,0,131,91,173
183429,15,-0.07,-0.03,-0.45,-0.4,2,0.1,0.1,0.15,40,83.9,455,424,14,410,327,0,48,18,10,7,0,31,3,458,344,66,458,299121.96,2646.61,126,67,49,26,36,9,7,90,327,0,58,25
183430,15,-0.07,-0.03,-0.45,-0.4,2,0.1,0.1,0.15,50,71.84,456,425,13,412,290,100,0,16,0,6,0,31,2,458,296,116,458,145535.77,1756.11,140,84,56,35,37,16,10,34,290,100,0,22
183431,15,-0.07,-0.03,-0.45,-0.4,2,0.1,0.1,0.15,50,51.65,456,425,30,395,0,137,0,54,0,204,0,31,2,458,204,191,458,246769.38,2564.23,14,21,17,17,26,12,16,272,0,137,0,258
183432,15,-0.07,-0.03,-0.45,-0.4,2,0.1,0.1,0.15,50,83.9,455,424,14,410,327,0,0,66,0,17,0,31,3,458,344,66,458,284800.99,2567.83,126,67,49,26,36,9,7,90,327,0,0,83
183433,15,-0.07,-0.03,-0.45,-0.4,2,0.1,0.1,0.15,60,71.84,456,425,13,412,290,100,0,16,0,6,0,31,2,458,296,116,458,145535.77,1756.11,140,84,56,35,37,16,10,34,290,100,0,22
183434,15,-0.07,-0.03,-0.45,-0.4,2,0.1,0.1,0.15,60,51.65,456,425,30,395,0,137,0,54,0,204,0,31,2,458,204,191,458,246769.38,2564.23,14,21,17,17,26,12,16,272,0,137,0,258
183435,15,-0.07,-0.03,-0.45,-0.4,2,0.1,0.1,0.15,60,83.9,455,424,14,410,327,0,0,66,0,17,0,31,3,458,344,66,458,284800.99,2567.83,126,67,49,26,36,9,7,90,327,0,0,83
183436,15,-0.07,-0.03,-0.45,-0.4,2,0.1,0.2,0.15,20,65.3,456,425,10,415,111,68,76,0,160,0,0,31,2,458,271,144,458,231735.52,2334.26,33,59,45,278,0,0,0,0,111,68,236,0
183437,15,-0.07,-0.03,-0.45,-0.4,2,0.1,0.2,0.15,20,64.82,456,425,10,415,0,69,77,0,269,0,0,31,2,458,269,146,458,251380.11,2520.93,14,21,17,363,0,0,0,0,0,69,346,0
183438,15,-0.07,-0.03,-0.45,-0.4,2,0.1,0.2,0.15,20,71.01,455,424,10,414,118,0,120,0,176,0,0,31,3,458,294,120,458,315456.33,2863.75,19,38,29,328,0,0,0,0,118,0,296,0
183439,15,-0.07,-0.03,-0.45,-0.4,2,0.1,0.2,0.15,30,60.0,456,425,25,400,159,105,55,0,81,0,0,31,2,458,240,160,458,236018.39,2385.34,33,59,45,42,53,168,0,0,159,105,136,0
183440,15,-0.07,-0.03,-0.45,-0.4,2,0.1,0.2,0.15,30,57.68,456,425,28,397,0,107,61,0,229,0,0,31,2,458,229,168,458,258517.98,2553.21,14,21,17,17,26,302,0,0,0,107,290,0
183441,15,-0.07,-0.03,-0.45,-0.4,2,0.1,0.2,0.15,30,69.85,455,424,26,398,176,0,120,0,102,0,0,31,3,458,278,120,458,409333.29,3386.25,19,38,29,32,33,247,0,0,176,0,222,0
183442,15,-0.07,-0.03,-0.45,-0.4,2,0.1,0.2,0.15,40,57.54,456,425,27,398,179,125,33,11,22,28,0,31,2,458,229,169,458,229297.29,2419.21,33,59,45,42,53,32,26,108,179,125,55,39
183443,15,-0.07,-0.03,-0.45,-0.4,2,0.1,0.2,0.15,40,54.43,456,425,30,395,0,131,38,11,53,162,0,31,2,458,215,180,458,270039.23,2730.99,14,21,17,17,26,12,16,272,0,131,91,173
183444,15,-0.07,-0.03,-0.45,-0.4,2,0.1,0.2,0.15,40,70.45,455,424,28,396,207,0,88,29,29,43,0,31,3,458,279,117,458,448480.53,3657.69,19,38,29,32,33,25,20,200,207,0,117,72
183445,15,-0.07,-0.03,-0.45,-0.4,2,0.1,0.2,0.15,50,56.03,456,425,27,398,179,131,0,44,0,44,0,31,2,458,223,175,458,216280.61,2325.79,33,59,45,42,53,32,26,108,179,131,0,88
183446,15,-0.07,-0.03,-0.45,-0.4,2,0.1,0.2,0.15,50,51.65,456,425,30,395,0,137,0,54,0,204,0,31,2,458,204,191,458,246769.38,2564.23,14,21,17,17,26,12,16,272,0,137,0,258
183447,15,-0.07,-0.03,-0.45,-0.4,2,0.1,0.2,0.15,50,69.95,455,424,28,396,207,0,0,119,0,70,0,31,3,458,277,119,458,418655.47,3478.12,19,38,29,32,33,25,20,200,207,0,0,189
183448,15,-0.07,-0.03,-0.45,-0.4,2,0.1,0.2,0.15,60,56.03,456,425,27,398,179,131,0,44,0,44,0,31,2,458,223,175,458,216280.61,2325.79,33,59,45,42,53,32,26,108,179,131,0,88
183449,15,-0.07,-0.03,-0.45,-0.4,2,0.1,0.2,0.15,60,51.65,456,425,30,395,0,137,0,54,0,204,0,31,2,458,204,191,458,246769.38,2564.23,14,21,17,17,26,12,16,272,0,137,0,258
183450,15,-0.07,-0.03,-0.45,-0.4,2,0.1,0.2,0.15,60,69.95,455,424,28,396,207,0,0,119,0,70,0,31,3,458,277,119,458,418655.47,3478.12,19,38,29,32,33,25,20,200,207,0,0,189
183451,15,-0.07,-0.03,-0.45,-0.4,2,0.2,0.1,0.15,20,67.3,456,425,6,419,237,64,73,0,45,0,0,31,2,458,282,137,458,111790.76,1146.89,132,80,47,160,0,0,0,0,237,64,118,0
183452,15,-0.07,-0.03,-0.45,-0.4,2,0.2,0.1,0.15,20,60.24,456,425,10,415,0,69,96,0,250,0,0,31,2,458,250,165,458,167143.49,1726.47,14,21,17,363,0,0,0,0,0,69,346,0
183453,15,-0.07,-0.03,-0.45,-0.4,2,0.2,0.1,0.15,20,70.81,455,424,6,418,248,0,122,0,48,0,0,31,3,458,296,122,458,151231.92,1553.81,118,60,37,203,0,0,0,0,248,0,170,0
183454,15,-0.07,-0.03,-0.45,-0.4,2,0.2,0.1,0.15,30,69.66,456,425,13,412,272,88,37,0,15,0,0,31,2,458,287,125,458,117411.26,1201.4,132,80,47,42,37,74,0,0,272,88,52,0
183455,15,-0.07,-0.03,-0.45,-0.4,2,0.2,0.1,0.15,30,55.42,456,425,28,397,0,107,70,0,220,0,0,31,2,458,220,177,458,155010.7,1603.72,14,21,17,17,26,302,0,0,0,107,290,0
183456,15,-0.07,-0.03,-0.45,-0.4,2,0.2,0.1,0.15,30,76.83,455,424,14,410,294,0,95,0,21,0,0,31,3,458,315,95,458,191093.27,1963.26,118,60,37,33,30,132,0,0,294,0,116,0
183457,15,-0.07,-0.03,-0.45,-0.4,2,0.2,0.1,0.15,40,69.59,456,425,14,411,279,102,16,7,6,1,0,31,2,458,286,125,458,111130.74,1140.57,132,80,47,42,37,22,10,41,279,102,22,8
183458,15,-0.07,-0.03,-0.45,-0.4,2,0.2,0.1,0.15,40,51.9,456,425,30,395,0,131,44,15,47,158,0,31,2,458,205,190,458,161403.57,1673.92,14,21,17,17,26,12,16,272,0,131,91,173
183459,15,-0.07,-0.03,-0.45,-0.4,2,0.2,0.1,0.15,40,78.0,455,424,15,409,308,0,59,31,6,5,0,31,3,458,319,90,458,197597.31,2035.55,118,60,37,33,30,16,4,111,308,0,65,36
183460,15,-0.07,-0.03,-0.45,-0.4,2,0.2,0.1,0.15,50,69.34,456,425,14,411,279,105,0,21,0,6,0,31,2,458,285,126,458,107449.28,1103.21,132,80,47,42,37,22,10,41,279,105,0,27
183461,15,-0.07,-0.03,-0.45,-0.4,2,0.2,0.1,0.15,50,49.62,456,425,30,395,0,137,0,62,0,196,0,31,2,458,196,199,458,144986.71,1505.48,14,21,17,17,26,12,16,272,0,137,0,258
183462,15,-0.07,-0.03,-0.45,-0.4,2,0.2,0.1,0.15,50,77.75,455,424,15,409,308,0,0,91,0,10,0,31,3,458,318,91,458,189245.81,1950.3,118,60,37,33,30,16,4,111,308,0,0,101
183463,15,-0.07,-0.03,-0.45,-0.4,2,0.2,0.1,0.15,60,69.34,456,425,14,411,279,105,0,21,0,6,0,31,2,458,285,126,458,107449.28,1103.21,132,80,47,42,37,22,10,41,279,105,0,27
183464,15,-0.07,-0.03,-0.45,-0.4,2,0.2,0.1,0.15,60,49.62,456,425,30,395,0,137,0,62,0,196,0,31,2,458,196,199,458,144986.71,1505.48,14,21,17,17,26,12,16,272,0,137,0,258
183465,15,-0.07,-0.03,-0.45,-0.4,2,0.2,0.1,0.15,60,77.75,455,424,15,409,308,0,0,91,0,10,0,31,3,458,318,91,458,189245.81,1950.3,118,60,37,33,30,16,4,111,308,0,0,101
183466,15,-0.07,-0.03,-0.45,-0.4,2,0.2,0.2,0.15,20,60.48,456,425,10,415,99,68,96,0,152,0,0,31,2,458,251,164,458,151265.01,1555.28,32,59,42,282,0,0,0,0,99,68,248,0
183467,15,-0.07,-0.03,-0.45,-0.4,2,0.2,0.2,0.15,20,60.24,456,425,10,415,0,69,96,0,250,0,0,31,2,458,250,165,458,167143.49,1726.47,14,21,17,363,0,0,0,0,0,69,346,0
183468,15,-0.07,-0.03,-0.45,-0.4,2,0.2,0.2,0.15,20,64.01,455,424,10,414,102,0,149,0,163,0,0,31,3,458,265,149,458,194190.97,2002.44,18,38,25,333,0,0,0,0,102,0,312,0
183469,15,-0.07,-0.03,-0.45,-0.4,2,0.2,0.2,0.15,30,57.25,456,425,25,400,146,106,65,0,83,0,0,31,2,458,229,171,458,143771.0,1477.66,32,59,42,34,51,182,0,0,146,106,148,0
183470,15,-0.07,-0.03,-0.45,-0.4,2,0.2,0.2,0.15,30,55.42,456,425,28,397,0,107,70,0,220,0,0,31,2,458,220,177,458,155010.7,1603.72,14,21,17,17,26,302,0,0,0,107,290,0
183471,15,-0.07,-0.03,-0.45,-0.4,2,0.2,0.2,0.15,30,64.82,455,424,26,398,156,0,140,0,102,0,0,31,3,458,258,140,458,232471.44,2396.27,18,38,25,21,30,266,0,0,156,0,242,0
183472,15,-0.07,-0.03,-0.45,-0.4,2,0.2,0.2,0.15,40,54.77,456,425,27,398,166,127,38,15,20,32,0,31,2,458,218,180,458,144100.48,1487.19,32,59,42,34,51,34,28,118,166,127,58,47
183473,15,-0.07,-0.03,-0.45,-0.4,2,0.2,0.2,0.15,40,51.9,456,425,30,395,0,131,44,15,47,158,0,31,2,458,205,190,458,161403.57,1673.92,14,21,17,17,26,12,16,272,0,131,91,173
183474,15,-0.07,-0.03,-0.45,-0.4,2,0.2,0.2,0.15,40,63.89,455,424,28,396,182,0,101,42,22,49,0,31,3,458,253,143,458,257801.07,2665.31,18,38,25,21,30,24,18,222,182,0,123,91
183475,15,-0.07,-0.03,-0.45,-0.4,2,0.2,0.2,0.15,50,53.52,456,425,27,398,166,133,0,52,0,47,0,31,2,458,213,185,458,133366.19,1376.6,32,59,42,34,51,34,28,118,166,133,0,99
183476,15,-0.07,-0.03,-0.45,-0.4,2,0.2,0.2,0.15,50,49.62,456,425,30,395,0,137,0,62,0,196,0,31,2,458,196,199,458,144986.71,1505.48,14,21,17,17,26,12,16,272,0,137,0,258
183477,15,-0.07,-0.03,-0.45,-0.4,2,0.2,0.2,0.15,50,62.37,455,424,28,396,182,0,0,149,0,65,0,31,3,458,247,149,458,238524.24,2467.33,18,38,25,21,30,24,18,222,182,0,0,214
183478,15,-0.07,-0.03,-0.45,-0.4,2,0.2,0.2,0.15,60,53.52,456,425,27,398,166,133,0,52,0,47,0,31,2,458,213,185,458,133366.19,1376.6,32,59,42,34,51,34,28,118,166,133,0,99
183479,15,-0.07,-0.03,-0.45,-0.4,2,0.2,0.2,0.15,60,49.62,456,425,30,395,0,137,0,62,0,196,0,31,2,458,196,199,458,144986.71,1505.48,14,21,17,17,26,12,16,272,0,137,0,258
183480,15,-0.07,-0.03,-0.45,-0.4,2,0.2,0.2,0.15,60,62.37,455,424,28,396,182,0,0,149,0,65,0,31,3,458,247,149,458,238524.24,2467.33,18,38,25,21,30,24,18,222,182,0,0,214
183481,15,-0.07,-0.03,-0.45,-0.35,1,0.1,0.1,0.15,20,65.56,974,923,17,906,503,145,167,0,91,0,0,51,7,981,594,312,981,220009.97,2260.39,273,176,127,330,0,0,0,0,503,145,258,0
183482,15,-0.07,-0.03,-0.45,-0.35,1,0.1,0.1,0.15,20,57.51,973,922,23,899,0,160,222,0,517,0,0,51,8,981,517,382,981,283220.6,2928.67,31,52,40,776,0,0,0,0,0,160,739,0
183483,15,-0.07,-0.03,-0.45,-0.35,1,0.1,0.1,0.15,20,69.1,971,920,17,903,521,0,279,0,103,0,0,51,10,981,624,279,981,305549.08,3134.03,242,128,98,435,0,0,0,0,521,0,382,0
183484,15,-0.07,-0.03,-0.45,-0.35,1,0.1,0.1,0.15,30,68.65,974,923,30,893,583,192,88,0,30,0,0,51,7,981,613,280,981,242213.73,2494.55,273,176,127,72,71,174,0,0,583,192,118,0
183485,15,-0.07,-0.03,-0.45,-0.35,1,0.1,0.1,0.15,30,54.69,973,922,48,874,0,229,167,0,478,0,0,51,8,981,478,396,981,273007.61,2859.49,31,52,40,37,41,673,0,0,0,229,645,0
183486,15,-0.07,-0.03,-0.45,-0.35,1,0.1,0.1,0.15,30,75.11,971,920,32,888,621,0,221,0,46,0,0,51,10,981,667,221,981,400566.82,4120.51,242,128,98,53,59,308,0,0,621,0,267,0
183487,15,-0.07,-0.03,-0.45,-0.35,1,0.1,0.1,0.15,40,68.72,974,923,31,892,597,228,34,17,9,7,0,51,7,981,613,279,981,221428.53,2285.18,273,176,127,72,71,56,22,95,597,228,43,24
183488,15,-0.07,-0.03,-0.45,-0.35,1,0.1,0.1,0.15,40,52.18,973,922,50,872,0,289,96,32,126,329,0,51,8,981,455,417,981,255987.39,2628.74,31,52,40,37,41,28,36,607,0,289,222,361
183489,15,-0.07,-0.03,-0.45,-0.35,1,0.1,0.1,0.15,40,77.43,971,920,34,886,652,0,128,72,12,22,0,51,10,981,686,200,981,419076.59,4316.13,242,128,98,53,59,41,12,253,652,0,140,94
183490,15,-0.07,-0.03,-0.45,-0.35,1,0.1,0.1,0.15,50,68.39,974,923,31,892,597,231,0,51,0,13,0,51,7,981,610,282,981,216218.03,2231.07,273,176,127,72,71,56,22,95,597,231,0,64
183491,15,-0.07,-0.03,-0.45,-0.35,1,0.1,0.1,0.15,50,50.23,973,922,50,872,0,299,0,135,0,438,0,51,8,981,438,434,981,223567.27,2288.12,31,52,40,37,41,28,36,607,0,299,0,573
183492,15,-0.07,-0.03,-0.45,-0.35,1,0.1,0.1,0.15,50,77.2,971,920,34,886,652,0,0,202,0,32,0,51,10,981,684,202,981,411594.45,4239.33,242,128,98,53,59,41,12,253,652,0,0,234
183493,15,-0.07,-0.03,-0.45,-0.35,1,0.1,0.1,0.15,60,68.39,974,923,31,892,597,231,0,51,0,13,0,51,7,981,610,282,981,216218.03,2231.07,273,176,127,72,71,56,22,95,597,231,0,64
183494,15,-0.07,-0.03,-0.45,-0.35,1,0.1,0.1,0.15,60,50.23,973,922,50,872,0,299,0,135,0,438,0,51,8,981,438,434,981,223567.27,2288.12,31,52,40,37,41,28,36,607,0,299,0,573
183495,15,-0.07,-0.03,-0.45,-0.35,1,0.1,0.1,0.15,60,77.2,971,920,34,886,652,0,0,202,0,32,0,51,10,981,684,202,981,411594.45,4239.33,242,128,98,53,59,41,12,253,652,0,0,234
183496,15,-0.07,-0.03,-0.45,-0.35,1,0.1,0.2,0.15,20,58.16,974,923,22,901,200,158,219,0,324,0,0,51,7,981,524,377,981,280105.25,2872.81,67,114,104,616,0,0,0,0,200,158,543,0
183497,15,-0.07,-0.03,-0.45,-0.35,1,0.1,0.2,0.15,20,57.51,973,922,23,899,0,160,222,0,517,0,0,51,8,981,517,382,981,283220.6,2928.67,31,52,40,776,0,0,0,0,0,160,739,0
183498,15,-0.07,-0.03,-0.45,-0.35,1,0.1,0.2,0.15,20,61.47,971,920,22,898,204,0,346,0,348,0,0,51,10,981,552,346,981,368849.51,3783.88,36,62,64,736,0,0,0,0,204,0,694,0
183499,15,-0.07,-0.03,-0.45,-0.35,1,0.1,0.2,0.15,30,56.54,974,923,44,879,290,227,155,0,207,0,0,51,7,981,497,382,981,291014.8,2992.12,67,114,104,73,96,425,0,0,290,227,362,0
183500,15,-0.07,-0.03,-0.45,-0.35,1,0.1,0.2,0.15,30,54.69,973,922,48,874,0,229,167,0,478,0,0,51,8,981,478,396,981,273007.61,2859.49,31,52,40,37,41,673,0,0,0,229,645,0
183501,15,-0.07,-0.03,-0.45,-0.35,1,0.1,0.2,0.15,30,63.39,971,920,46,874,309,0,320,0,245,0,0,51,10,981,554,320,981,475110.71,4880.02,36,62,64,42,64,606,0,0,309,0,565,0
183502,15,-0.07,-0.03,-0.45,-0.35,1,0.1,0.2,0.15,40,55.19,974,923,46,877,339,280,81,32,51,94,0,51,7,981,484,393,981,287021.97,2969.41,67,114,104,73,96,63,63,297,339,280,132,126
183503,15,-0.07,-0.03,-0.45,-0.35,1,0.1,0.2,0.15,40,52.18,973,922,50,872,0,289,96,32,126,329,0,51,8,981,455,417,981,255987.39,2628.74,31,52,40,37,41,28,36,607,0,289,222,361
183504,15,-0.07,-0.03,-0.45,-0.35,1,0.1,0.2,0.15,40,64.18,971,920,49,871,368,0,218,94,59,132,0,51,10,981,559,312,981,528818.83,5453.77,36,62,64,42,64,41,44,518,368,0,277,226
183505,15,-0.07,-0.03,-0.45,-0.35,1,0.1,0.2,0.15,50,54.05,974,923,46,877,341,290,0,113,0,133,0,51,7,981,474,403,981,269068.49,2784.77,67,114,104,73,96,63,63,297,341,290,0,246
183506,15,-0.07,-0.03,-0.45,-0.35,1,0.1,0.2,0.15,50,50.23,973,922,50,872,0,299,0,135,0,438,0,51,8,981,438,434,981,223567.27,2288.12,31,52,40,37,41,28,36,607,0,299,0,573
183507,15,-0.07,-0.03,-0.45,-0.35,1,0.1,0.2,0.15,50,63.15,971,920,49,871,370,0,0,321,0,180,0,51,10,981,550,321,981,502573.8,5185.41,36,62,64,42,64,41,44,518,370,0,0,501
183508,15,-0.07,-0.03,-0.45,-0.35,1,0.1,0.2,0.15,60,54.05,974,923,46,877,341,290,0,113,0,133,0,51,7,981,474,403,981,269068.49,2784.77,67,114,104,73,96,63,63,297,341,290,0,246
183509,15,-0.07,-0.03,-0.45,-0.35,1,0.1,0.2,0.15,60,50.23,973,922,50,872,0,299,0,135,0,438,0,51,8,981,438,434,981,223567.27,2288.12,31,52,40,37,41,28,36,607,0,299,0,573
183510,15,-0.07,-0.03,-0.45,-0.35,1,0.1,0.2,0.15,60,63.15,971,920,49,871,370,0,0,321,0,180,0,51,10,981,550,321,981,502573.8,5185.41,36,62,64,42,64,41,44,518,370,0,0,501
183511,15,-0.07,-0.03,-0.45,-0.35,1,0.2,0.1,0.15,20,65.56,974,923,17,906,503,145,167,0,91,0,0,51,7,981,594,312,981,220009.97,2260.39,273,176,127,330,0,0,0,0,503,145,258,0
183512,15,-0.07,-0.03,-0.45,-0.35,1,0.2,0.1,0.15,20,57.51,973,922,23,899,0,160,222,0,517,0,0,51,8,981,517,382,981,283220.6,2928.67,31,52,40,776,0,0,0,0,0,160,739,0
183513,15,-0.07,-0.03,-0.45,-0.35,1,0.2,0.1,0.15,20,69.1,971,920,17,903,521,0,279,0,103,0,0,51,10,981,624,279,981,305549.08,3134.03,242,128,98,435,0,0,0,0,521,0,382,0
183514,15,-0.07,-0.03,-0.45,-0.35,1,0.2,0.1,0.15,30,68.65,974,923,30,893,583,192,88,0,30,0,0,51,7,981,613,280,981,242213.73,2494.55,273,176,127,72,71,174,0,0,583,192,118,0
183515,15,-0.07,-0.03,-0.45,-0.35,1,0.2,0.1,0.15,30,54.69,973,922,48,874,0,229,167,0,478,0,0,51,8,981,478,396,981,273007.61,2859.49,31,52,40,37,41,673,0,0,0,229,645,0
183516,15,-0.07,-0.03,-0.45,-0.35,1,0.2,0.1,0.15,30,75.11,971,920,32,888,621,0,221,0,46,0,0,51,10,981,667,221,981,400566.82,4120.51,242,128,98,53,59,308,0,0,621,0,267,0
183517,15,-0.07,-0.03,-0.45,-0.35,1,0.2,0.1,0.15,40,68.72,974,923,31,892,597,228,34,17,9,7,0,51,7,981,613,279,981,221428.53,2285.18,273,176,127,72,71,56,22,95,597,228,43,24
183518,15,-0.07,-0.03,-0.45,-0.35,1,0.2,0.1,0.15,40,52.18,973,922,50,872,0,289,96,32,126,329,0,51,8,981,455,417,981,255987.39,2628.74,31,52,40,37,41,28,36,607,0,289,222,361
183519,15,-0.07,-0.03,-0.45,-0.35,1,0.2,0.1,0.15,40,77.43,971,920,34,886,652,0,128,72,12,22,0,51,10,981,686,200,981,419076.59,4316.13,242,128,98,53,59,41,12,253,652,0,140,94
183520,15,-0.07,-0.03,-0.45,-0.35,1,0.2,0.1,0.15,50,68.39,974,923,31,892,597,231,0,51,0,13,0,51,7,981,610,282,981,216218.03,2231.07,273,176,127,72,71,56,22,95,597,231,0,64
183521,15,-0.07,-0.03,-0.45,-0.35,1,0.2,0.1,0.15,50,50.23,973,922,50,872,0,299,0,135,0,438,0,51,8,981,438,434,981,223567.27,2288.12,31,52,40,37,41,28,36,607,0,299,0,573
183522,15,-0.07,-0.03,-0.45,-0.35,1,0.2,0.1,0.15,50,77.2,971,920,34,886,652,0,0,202,0,32,0,51,10,981,684,202,981,411594.45,4239.33,242,128,98,53,59,41,12,253,652,0,0,234
183523,15,-0.07,-0.03,-0.45,-0.35,1,0.2,0.1,0.15,60,68.39,974,923,31,892,597,231,0,51,0,13,0,51,7,981,610,282,981,216218.03,2231.07,273,176,127,72,71,56,22,95,597,231,0,64
183524,15,-0.07,-0.03,-0.45,-0.35,1,0.2,0.1,0.15,60,50.23,973,922,50,872,0,299,0,135,0,438,0,51,8,981,438,434,981,223567.27,2288.12,31,52,40,37,41,28,36,607,0,299,0,573
183525,15,-0.07,-0.03,-0.45,-0.35,1,0.2,0.1,0.15,60,77.2,971,920,34,886,652,0,0,202,0,32,0,51,10,981,684,202,981,411594.45,4239.33,242,128,98,53,59,41,12,253,652,0,0,234
183526,15,-0.07,-0.03,-0.45,-0.35,1,0.2,0.2,0.15,20,58.16,974,923,22,901,200,158,219,0,324,0,0,51,7,981,524,377,981,280105.25,2872.81,67,114,104,616,0,0,0,0,200,158,543,0
183527,15,-0.07,-0.03,-0.45,-0.35,1,0.2,0.2,0.15,20,57.51,973,922,23,899,0,160,222,0,517,0,0,51,8,981,517,382,981,283220.6,2928.67,31,52,40,776,0,0,0,0,0,160,739,0
183528,15,-0.07,-0.03,-0.45,-0.35,1,0.2,0.2,0.15,20,61.47,971,920,22,898,204,0,346,0,348,0,0,51,10,981,552,346,981,368849.51,3783.88,36,62,64,736,0,0,0,0,204,0,694,0
183529,15,-0.07,-0.03,-0.45,-0.35,1,0.2,0.2,0.15,30,56.54,974,923,44,879,290,227,155,0,207,0,0,51,7,981,497,382,981,291014.8,2992.12,67,114,104,73,96,425,0,0,290,227,362,0
183530,15,-0.07,-0.03,-0.45,-0.35,1,0.2,0.2,0.15,30,54.69,973,922,48,874,0,229,167,0,478,0,0,51,8,981,478,396,981,273007.61,2859.49,31,52,40,37,41,673,0,0,0,229,645,0
183531,15,-0.07,-0.03,-0.45,-0.35,1,0.2,0.2,0.15,30,63.39,971,920,46,874,309,0,320,0,245,0,0,51,10,981,554,320,981,475110.71,4880.02,36,62,64,42,64,606,0,0,309,0,565,0
183532,15,-0.07,-0.03,-0.45,-0.35,1,0.2,0.2,0.15,40,55.19,974,923,46,877,339,280,81,32,51,94,0,51,7,981,484,393,981,287021.97,2969.41,67,114,104,73,96,63,63,297,339,280,132,126
183533,15,-0.07,-0.03,-0.45,-0.35,1,0.2,0.2,0.15,40,52.18,973,922,50,872,0,289,96,32,126,329,0,51,8,981,455,417,981,255987.39,2628.74,31,52,40,37,41,28,36,607,0,289,222,361
183534,15,-0.07,-0.03,-0.45,-0.35,1,0.2,0.2,0.15,40,64.18,971,920,49,871,368,0,218,94,59,132,0,51,10,981,559,312,981,528818.83,5453.77,36,62,64,42,64,41,44,518,368,0,277,226
183535,15,-0.07,-0.03,-0.45,-0.35,1,0.2,0.2,0.15,50,54.05,974,923,46,877,341,290,0,113,0,133,0,51,7,981,474,403,981,269068.49,2784.77,67,114,104,73,96,63,63,297,341,290,0,246
183536,15,-0.07,-0.03,-0.45,-0.35,1,0.2,0.2,0.15,50,50.23,973,922,50,872,0,299,0,135,0,438,0,51,8,981,438,434,981,223567.27,2288.12,31,52,40,37,41,28,36,607,0,299,0,573
183537,15,-0.07,-0.03,-0.45,-0.35,1,0.2,0.2,0.15,50,63.15,971,920,49,871,370,0,0,321,0,180,0,51,10,981,550,321,981,502573.8,5185.41,36,62,64,42,64,41,44,518,370,0,0,501
183538,15,-0.07,-0.03,-0.45,-0.35,1,0.2,0.2,0.15,60,54.05,974,923,46,877,341,290,0,113,0,133,0,51,7,981,474,403,981,269068.49,2784.77,67,114,104,73,96,63,63,297,341,290,0,246
183539,15,-0.07,-0.03,-0.45,-0.35,1,0.2,0.2,0.15,60,50.23,973,922,50,872,0,299,0,135,0,438,0,51,8,981,438,434,981,223567.27,2288.12,31,52,40,37,41,28,36,607,0,299,0,573
183540,15,-0.07,-0.03,-0.45,-0.35,1,0.2,0.2,0.15,60,63.15,971,920,49,871,370,0,0,321,0,180,0,51,10,981,550,321,981,502573.8,5185.41,36,62,64,42,64,41,44,518,370,0,0,501
183541,15,-0.07,-0.03,-0.45,-0.35,2,0.1,0.1,0.15,20,70.64,974,923,17,906,544,141,125,0,96,0,0,51,7,981,640,266,981,324072.94,3680.74,287,190,137,292,0,0,0,0,544,141,221,0
183542,15,-0.07,-0.03,-0.45,-0.35,2,0.1,0.1,0.15,20,62.96,973,922,23,899,0,160,173,0,566,0,0,51,8,981,566,333,981,417518.78,4610.01,31,52,40,776,0,0,0,0,0,160,739,0
183543,15,-0.07,-0.03,-0.45,-0.35,2,0.1,0.1,0.15,20,76.19,971,920,17,903,576,0,215,0,112,0,0,51,10,981,688,215,981,475083.13,4616.77,256,147,117,383,0,0,0,0,576,0,327,0
183544,15,-0.07,-0.03,-0.45,-0.35,2,0.1,0.1,0.15,30,72.04,974,923,29,894,613,185,65,0,31,0,0,51,7,981,644,250,981,333155.97,3902.98,287,190,137,71,72,137,0,0,613,185,96,0
183545,15,-0.07,-0.03,-0.45,-0.35,2,0.1,0.1,0.15,30,57.44,973,922,48,874,0,229,143,0,502,0,0,51,8,981,502,372,981,448762.68,4882.03,31,52,40,37,41,673,0,0,0,229,645,0
183546,15,-0.07,-0.03,-0.45,-0.35,2,0.1,0.1,0.15,30,81.8,971,920,30,890,673,0,162,0,55,0,0,51,10,981,728,162,981,618359.51,5563.31,256,147,117,56,69,245,0,0,673,0,217,0
183547,15,-0.07,-0.03,-0.45,-0.35,2,0.1,0.1,0.15,40,72.12,974,923,30,893,626,216,24,9,11,7,0,51,7,981,644,249,981,306573.4,3817.97,287,190,137,71,72,41,23,72,626,216,35,16
183548,15,-0.07,-0.03,-0.45,-0.35,2,0.1,0.1,0.15,40,54.93,973,922,50,872,0,289,83,21,139,340,0,51,8,981,479,393,981,440031.5,4911.59,31,52,40,37,41,28,36,607,0,289,222,361
183549,15,-0.07,-0.03,-0.45,-0.35,2,0.1,0.1,0.15,40,84.35,971,920,32,888,713,0,96,43,17,19,0,51,10,981,749,139,981,668619.11,5874.41,256,147,117,56,69,28,27,188,713,0,113,62
183550,15,-0.07,-0.03,-0.45,-0.35,2,0.1,0.1,0.15,50,71.44,974,923,30,893,626,219,0,36,0,12,0,51,7,981,638,255,981,297329.28,3762.96,287,190,137,71,72,41,23,72,626,219,0,48
183551,15,-0.07,-0.03,-0.45,-0.35,2,0.1,0.1,0.15,50,52.64,973,922,50,872,0,299,0,114,0,459,0,51,8,981,459,413,981,394538.81,4574.37,31,52,40,37,41,28,36,607,0,299,0,573
183552,15,-0.07,-0.03,-0.45,-0.35,2,0.1,0.1,0.15,50,84.35,971,920,32,888,714,0,0,139,0,35,0,51,10,981,749,139,981,653128.78,5787.36,256,147,117,56,69,28,27,188,714,0,0,174
183553,15,-0.07,-0.03,-0.45,-0.35,2,0.1,0.1,0.15,60,71.44,974,923,30,893,626,219,0,36,0,12,0,51,7,981,638,255,981,297329.28,3762.96,287,190,137,71,72,41,23,72,626,219,0,48
183554,15,-0.07,-0.03,-0.45,-0.35,2,0.1,0.1,0.15,60,52.64,973,922,50,872,0,299,0,114,0,459,0,51,8,981,459,413,981,394538.81,4574.37,31,52,40,37,41,28,36,607,0,299,0,573
183555,15,-0.07,-0.03,-0.45,-0.35,2,0.1,0.1,0.15,60,84.35,971,920,32,888,714,0,0,139,0,35,0,51,10,981,749,139,981,653128.78,5787.36,256,147,117,56,69,28,27,188,714,0,0,174
183556,15,-0.07,-0.03,-0.45,-0.35,2,0.1,0.2,0.15,20,63.49,974,923,22,901,219,158,171,0,353,0,0,51,7,981,572,329,981,418601.75,4546.52,69,117,111,604,0,0,0,0,219,158,524,0
183557,15,-0.07,-0.03,-0.45,-0.35,2,0.1,0.2,0.15,20,62.96,973,922,23,899,0,160,173,0,566,0,0,51,8,981,566,333,981,417518.78,4610.01,31,52,40,776,0,0,0,0,0,160,739,0
183558,15,-0.07,-0.03,-0.45,-0.35,2,0.1,0.2,0.15,20,69.04,971,920,22,898,229,0,278,0,391,0,0,51,10,981,620,278,981,587455.13,5615.3,38,65,73,722,0,0,0,0,229,0,669,0
183559,15,-0.07,-0.03,-0.45,-0.35,2,0.1,0.2,0.15,30,59.27,974,923,44,879,317,226,132,0,204,0,0,51,7,981,521,358,981,457475.95,4943.02,69,117,111,80,101,401,0,0,317,226,336,0
183560,15,-0.07,-0.03,-0.45,-0.35,2,0.1,0.2,0.15,30,57.44,973,922,48,874,0,229,143,0,502,0,0,51,8,981,502,372,981,448762.68,4882.03,31,52,40,37,41,673,0,0,0,229,645,0
183561,15,-0.07,-0.03,-0.45,-0.35,2,0.1,0.2,0.15,30,69.57,971,920,46,874,348,0,266,0,260,0,0,51,10,981,608,266,981,810405.19,6993.82,38,65,73,53,73,572,0,0,348,0,526,0
183562,15,-0.07,-0.03,-0.45,-0.35,2,0.1,0.2,0.15,40,58.15,974,923,46,877,368,278,68,21,55,87,0,51,7,981,510,367,981,436436.92,5007.63,69,117,111,80,101,65,60,274,368,278,123,108
183563,15,-0.07,-0.03,-0.45,-0.35,2,0.1,0.2,0.15,40,54.93,973,922,50,872,0,289,83,21,139,340,0,51,8,981,479,393,981,440031.5,4911.59,31,52,40,37,41,28,36,607,0,289,222,361
183564,15,-0.07,-0.03,-0.45,-0.35,2,0.1,0.2,0.15,40,71.07,971,920,49,871,417,0,188,64,75,127,0,51,10,981,619,252,981,904676.62,7653.19,38,65,73,53,73,46,46,477,417,0,263,191
183565,15,-0.07,-0.03,-0.45,-0.35,2,0.1,0.2,0.15,50,57.01,974,923,46,877,369,287,0,90,0,131,0,51,7,981,500,377,981,413655.23,4848.03,69,117,111,80,101,65,60,274,369,287,0,221
183566,15,-0.07,-0.03,-0.45,-0.35,2,0.1,0.2,0.15,50,52.64,973,922,50,872,0,299,0,114,0,459,0,51,8,981,459,413,981,394538.81,4574.37,31,52,40,37,41,28,36,607,0,299,0,573
183567,15,-0.07,-0.03,-0.45,-0.35,2,0.1,0.2,0.15,50,71.07,971,920,49,871,418,0,0,252,0,201,0,51,10,981,619,252,981,866819.05,7417.02,38,65,73,53,73,46,46,477,418,0,0,453
183568,15,-0.07,-0.03,-0.45,-0.35,2,0.1,0.2,0.15,60,57.01,974,923,46,877,369,287,0,90,0,131,0,51,7,981,500,377,981,413655.23,4848.03,69,117,111,80,101,65,60,274,369,287,0,221
183569,15,-0.07,-0.03,-0.45,-0.35,2,0.1,0.2,0.15,60,52.64,973,922,50,872,0,299,0,114,0,459,0,51,8,981,459,413,981,394538.81,4574.37,31,52,40,37,41,28,36,607,0,299,0,573
183570,15,-0.07,-0.03,-0.45,-0.35,2,0.1,0.2,0.15,60,71.07,971,920,49,871,418,0,0,252,0,201,0,51,10,981,619,252,981,866819.05,7417.02,38,65,73,53,73,46,46,477,418,0,0,453
183571,15,-0.07,-0.03,-0.45,-0.35,2,0.2,0.1,0.15,20,65.56,974,923,17,906,503,145,167,0,91,0,0,51,7,981,594,312,981,220009.97,2260.39,273,176,127,330,0,0,0,0,503,145,258,0
183572,15,-0.07,-0.03,-0.45,-0.35,2,0.2,0.1,0.15,20,57.51,973,922,23,899,0,160,222,0,517,0,0,51,8,981,517,382,981,283220.6,2928.67,31,52,40,776,0,0,0,0,0,160,739,0
183573,15,-0.07,-0.03,-0.45,-0.35,2,0.2,0.1,0.15,20,69.1,971,920,17,903,521,0,279,0,103,0,0,51,10,981,624,279,981,305549.08,3134.03,242,128,98,435,0,0,0,0,521,0,382,0
183574,15,-0.07,-0.03,-0.45,-0.35,2,0.2,0.1,0.15,30,68.65,974,923,30,893,583,192,88,0,30,0,0,51,7,981,613,280,981,242213.73,2494.55,273,176,127,72,71,174,0,0,583,192,118,0
183575,15,-0.07,-0.03,-0.45,-0.35,2,0.2,0.1,0.15,30,54.69,973,922,48,874,0,229,167,0,478,0,0,51,8,981,478,396,981,273007.61,2859.49,31,52,40,37,41,673,0,0,0,229,645,0
183576,15,-0.07,-0.03,-0.45,-0.35,2,0.2,0.1,0.15,30,75.11,971,920,32,888,621,0,221,0,46,0,0,51,10,981,667,221,981,400566.82,4120.51,242,128,98,53,59,308,0,0,621,0,267,0
183577,15,-0.07,-0.03,-0.45,-0.35,2,0.2,0.1,0.15,40,68.72,974,923,31,892,597,228,34,17,9,7,0,51,7,981,613,279,981,221428.53,2285.18,273,176,127,72,71,56,22,95,597,228,43,24
183578,15,-0.07,-0.03,-0.45,-0.35,2,0.2,0.1,0.15,40,52.18,973,922,50,872,0,289,96,32,126,329,0,51,8,981,455,417,981,255987.39,2628.74,31,52,40,37,41,28,36,607,0,289,222,361
183579,15,-0.07,-0.03,-0.45,-0.35,2,0.2,0.1,0.15,40,77.43,971,920,34,886,652,0,128,72,12,22,0,51,10,981,686,200,981,419076.59,4316.13,242,128,98,53,59,41,12,253,652,0,140,94
183580,15,-0.07,-0.03,-0.45,-0.35,2,0.2,0.1,0.15,50,68.39,974,923,31,892,597,231,0,51,0,13,0,51,7,981,610,282,981,216218.03,2231.07,273,176,127,72,71,56,22,95,597,231,0,64
183581,15,-0.07,-0.03,-0.45,-0.35,2,0.2,0.1,0.15,50,50.23,973,922,50,872,0,299,0,135,0,438,0,51,8,981,438,434,981,223567.27,2288.12,31,52,40,37,41,28,36,607,0,299,0,573
183582,15,-0.07,-0.03,-0.45,-0.35,2,0.2,0.1,0.15,50,77.2,971,920,34,886,652,0,0,202,0,32,0,51,10,981,684,202,981,411594.45,4239.33,242,128,98,53,59,41,12,253,652,0,0,234
183583,15,-0.07,-0.03,-0.45,-0.35,2,0.2,0.1,0.15,60,68.39,974,923,31,892,597,231,0,51,0,13,0,51,7,981,610,282,981,216218.03,2231.07,273,176,127,72,71,56,22,95,597,231,0,64
183584,15,-0.07,-0.03,-0.45,-0.35,2,0.2,0.1,0.15,60,50.23,973,922,50,872,0,299,0,135,0,438,0,51,8,981,438,434,981,223567.27,2288.12,31,52,40,37,41,28,36,607,0,299,0,573
183585,15,-0.07,-0.03,-0.45,-0.35,2,0.2,0.1,0.15,60,77.2,971,920,34,886,652,0,0,202,0,32,0,51,10,981,684,202,981,411594.45,4239.33,242,128,98,53,59,41,12,253,652,0,0,234
183586,15,-0.07,-0.03,-0.45,-0.35,2,0.2,0.2,0.15,20,58.16,974,923,22,901,200,158,219,0,324,0,0,51,7,981,524,377,981,280105.25,2872.81,67,114,104,616,0,0,0,0,200,158,543,0
183587,15,-0.07,-0.03,-0.45,-0.35,2,0.2,0.2,0.15,20,57.51,973,922,23,899,0,160,222,0,517,0,0,51,8,981,517,382,981,283220.6,2928.67,31,52,40,776,0,0,0,0,0,160,739,0
183588,15,-0.07,-0.03,-0.45,-0.35,2,0.2,0.2,0.15,20,61.47,971,920,22,898,204,0,346,0,348,0,0,51,10,981,552,346,981,368849.51,3783.88,36,62,64,736,0,0,0,0,204,0,694,0
183589,15,-0.07,-0.03,-0.45,-0.35,2,0.2,0.2,0.15,30,56.54,974,923,44,879,290,227,155,0,207,0,0,51,7,981,497,382,981,291014.8,2992.12,67,114,104,73,96,425,0,0,290,227,362,0
183590,15,-0.07,-0.03,-0.45,-0.35,2,0.2,0.2,0.15,30,54.69,973,922,48,874,0,229,167,0,478,0,0,51,8,981,478,396,981,273007.61,2859.49,31,52,40,37,41,673,0,0,0,229,645,0
183591,15,-0.07,-0.03,-0.45,-0.35,2,0.2,0.2,0.15,30,63.39,971,920,46,874,309,0,320,0,245,0,0,51,10,981,554,320,981,475110.71,4880.02,36,62,64,42,64,606,0,0,309,0,565,0
183592,15,-0.07,-0.03,-0.45,-0.35,2,0.2,0.2,0.15,40,55.19,974,923,46,877,339,280,81,32,51,94,0,51,7,981,484,393,981,287021.97,2969.41,67,114,104,73,96,63,63,297,339,280,132,126
183593,15,-0.07,-0.03,-0.45,-0.35,2,0.2,0.2,0.15,40,52.18,973,922,50,872,0,289,96,32,126,329,0,51,8,981,455,417,981,255987.39,2628.74,31,52,40,37,41,28,36,607,0,289,222,361
183594,15,-0.07,-0.03,-0.45,-0.35,2,0.2,0.2,0.15,40,64.18,971,920,49,871,368,0,218,94,59,132,0,51,10,981,559,312,981,528818.83,5453.77,36,62,64,42,64,41,44,518,368,0,277,226
183595,15,-0.07,-0.03,-0.45,-0.35,2,0.2,0.2,0.15,50,54.05,974,923,46,877,341,290,0,113,0,133,0,51,7,981,474,403,981,269068.49,2784.77,67,114,104,73,96,63,63,297,341,290,0,246
183596,15,-0.07,-0.03,-0.45,-0.35,2,0.2,0.2,0.15,50,50.23,973,922,50,872,0,299,0,135,0,438,0,51,8,981,438,434,981,223567.27,2288.12,31,52,40,37,41,28,36,607,0,299,0,573
183597,15,-0.07,-0.03,-0.45,-0.35,2,0.2,0.2,0.15,50,63.15,971,920,49,871,370,0,0,321,0,180,0,51,10,981,550,321,981,502573.8,5185.41,36,62,64,42,64,41,44,518,370,0,0,501
183598,15,-0.07,-0.03,-0.45,-0.35,2,0.2,0.2,0.15,60,54.05,974,923,46,877,341,290,0,113,0,133,0,51,7,981,474,403,981,269068.49,2784.77,67,114,104,73,96,63,63,297,341,290,0,246
183599,15,-0.07,-0.03,-0.45,-0.35,2,0.2,0.2,0.15,60,50.23,973,922,50,872,0,299,0,135,0,438,0,51,8,981,438,434,981,223567.27,2288.12,31,52,40,37,41,28,36,607,0,299,0,573
183600,15,-0.07,-0.03,-0.45,-0.35,2,0.2,0.2,0.15,60,63.15,971,920,49,871,370,0,0,321,0,180,0,51,10,981,550,321,981,502573.8,5185.41,36,62,64,42,64,41,44,518,370,0,0,501
183601,15,-0.07,-0.03,-0.45,-0.3,1,0.1,0.1,0.15,20,63.51,1495,1438,24,1414,725,229,287,0,173,0,0,57,10,1505,898,516,1505,280995.9,2911.58,396,269,189,560,0,0,0,0,725,229,460,0
183602,15,-0.07,-0.03,-0.45,-0.3,1,0.1,0.1,0.15,20,55.55,1494,1437,31,1406,0,261,364,0,781,0,0,57,11,1505,781,625,1505,335403.29,3519.57,43,90,79,1194,0,0,0,0,0,261,1145,0
183603,15,-0.07,-0.03,-0.45,-0.3,1,0.1,0.1,0.15,20,66.55,1492,1435,24,1411,748,0,472,0,191,0,0,57,13,1505,939,472,1505,381421.68,3927.39,353,189,132,737,0,0,0,0,748,0,663,0
183604,15,-0.07,-0.03,-0.45,-0.3,1,0.1,0.1,0.15,30,66.43,1495,1438,41,1397,854,297,172,0,74,0,0,57,10,1505,928,469,1505,324022.2,3365.93,396,269,189,100,114,329,0,0,854,297,246,0
183605,15,-0.07,-0.03,-0.45,-0.3,1,0.1,0.1,0.15,30,52.88,1494,1437,66,1371,0,363,283,0,725,0,0,57,11,1505,725,646,1505,315520.15,3369.88,43,90,79,49,62,1048,0,0,0,363,1008,0
183606,15,-0.07,-0.03,-0.45,-0.3,1,0.1,0.1,0.15,30,72.25,1491,1434,43,1391,905,0,386,0,100,0,0,57,14,1505,1005,386,1505,534745.88,5509.67,353,189,132,74,91,552,0,0,905,0,486,0
183607,15,-0.07,-0.03,-0.45,-0.3,1,0.1,0.1,0.15,40,66.26,1495,1438,42,1396,889,356,78,37,21,15,0,57,10,1505,925,471,1505,283677.53,2950.15,396,269,189,100,114,83,53,192,889,356,99,52
183608,15,-0.07,-0.03,-0.45,-0.3,1,0.1,0.1,0.15,40,50.18,1494,1437,68,1369,0,454,165,63,206,481,0,57,11,1505,687,682,1505,270627.9,2855.71,43,90,79,49,62,40,61,945,0,454,371,544
183609,15,-0.07,-0.03,-0.45,-0.3,1,0.1,0.1,0.15,40,74.3,1491,1434,45,1389,967,0,234,123,27,38,0,57,14,1505,1032,357,1505,567200.23,5837.22,353,189,132,74,91,66,34,450,967,0,261,161
183610,15,-0.07,-0.03,-0.45,-0.3,1,0.1,0.1,0.15,50,65.9,1495,1438,42,1396,889,362,0,114,0,31,0,57,10,1505,920,476,1505,273175.52,2841.65,396,269,189,100,114,83,53,192,889,362,0,145
183611,15,-0.07,-0.03,-0.45,-0.3,1,0.1,0.1,0.15,50,48.5,1494,1437,68,1369,0,472,0,233,0,664,0,57,11,1505,664,705,1505,223538.59,2358.07,43,90,79,49,62,40,61,945,0,472,0,897
183612,15,-0.07,-0.03,-0.45,-0.3,1,0.1,0.1,0.15,50,74.01,1491,1434,45,1389,967,0,0,361,0,61,0,57,14,1505,1028,361,1505,553235.0,5692.55,353,189,132,74,91,66,34,450,967,0,0,422
183613,15,-0.07,-0.03,-0.45,-0.3,1,0.1,0.1,0.15,60,65.9,1495,1438,42,1396,889,362,0,114,0,31,0,57,10,1505,920,476,1505,273175.52,2841.65,396,269,189,100,114,83,53,192,889,362,0,145
183614,15,-0.07,-0.03,-0.45,-0.3,1,0.1,0.1,0.15,60,48.5,1494,1437,68,1369,0,472,0,233,0,664,0,57,11,1505,664,705,1505,223538.59,2358.07,43,90,79,49,62,40,61,945,0,472,0,897
183615,15,-0.07,-0.03,-0.45,-0.3,1,0.1,0.1,0.15,60,74.01,1491,1434,45,1389,967,0,0,361,0,61,0,57,14,1505,1028,361,1505,553235.0,5692.55,353,189,132,74,91,66,34,450,967,0,0,422
183616,15,-0.07,-0.03,-0.45,-0.3,1,0.1,0.2,0.15,20,56.35,1495,1438,29,1409,298,257,358,0,496,0,0,57,10,1505,794,615,1505,353696.05,3675.88,95,176,176,962,0,0,0,0,298,257,854,0
183617,15,-0.07,-0.03,-0.45,-0.3,1,0.1,0.2,0.15,20,55.55,1494,1437,31,1406,0,261,364,0,781,0,0,57,11,1505,781,625,1505,335403.29,3519.57,43,90,79,1194,0,0,0,0,0,261,1145,0
183618,15,-0.07,-0.03,-0.45,-0.3,1,0.1,0.2,0.15,20,59.17,1492,1435,29,1406,303,0,574,0,529,0,0,57,13,1505,832,574,1505,450015.76,4655.41,52,86,100,1168,0,0,0,0,303,0,1103,0
183619,15,-0.07,-0.03,-0.45,-0.3,1,0.1,0.2,0.15,30,54.86,1495,1438,60,1378,416,356,266,0,340,0,0,57,10,1505,756,622,1505,370135.75,3871.95,95,176,176,108,125,698,0,0,416,356,606,0
183620,15,-0.07,-0.03,-0.45,-0.3,1,0.1,0.2,0.15,30,52.88,1494,1437,66,1371,0,363,283,0,725,0,0,57,11,1505,725,646,1505,315520.15,3369.88,43,90,79,49,62,1048,0,0,0,363,1008,0
183621,15,-0.07,-0.03,-0.45,-0.3,1,0.1,0.2,0.15,30,60.98,1490,1433,62,1371,439,0,535,0,397,0,0,57,15,1505,836,535,1505,602548.05,6236.15,52,86,100,65,77,991,0,0,439,0,932,0
183622,15,-0.07,-0.03,-0.45,-0.3,1,0.1,0.2,0.15,40,53.12,1495,1438,62,1376,487,439,145,61,85,159,0,57,10,1505,731,645,1505,346662.18,3647.91,95,176,176,108,125,92,98,506,487,439,230,220
183623,15,-0.07,-0.03,-0.45,-0.3,1,0.1,0.2,0.15,40,50.18,1494,1437,68,1369,0,454,165,63,206,481,0,57,11,1505,687,682,1505,270627.9,2855.71,43,90,79,49,62,40,61,945,0,454,371,544
183624,15,-0.07,-0.03,-0.45,-0.3,1,0.1,0.2,0.15,40,61.55,1490,1433,65,1368,523,0,368,158,99,220,0,57,15,1505,842,526,1505,682154.02,7066.69,52,86,100,65,77,59,60,869,523,0,467,378
183625,15,-0.07,-0.03,-0.45,-0.3,1,0.1,0.2,0.15,50,52.25,1495,1438,62,1376,490,455,0,202,0,229,0,57,10,1505,719,657,1505,321126.27,3383.88,95,176,176,108,125,92,98,506,490,455,0,431
183626,15,-0.07,-0.03,-0.45,-0.3,1,0.1,0.2,0.15,50,48.5,1494,1437,68,1369,0,472,0,233,0,664,0,57,11,1505,664,705,1505,223538.59,2358.07,43,90,79,49,62,40,61,945,0,472,0,897
183627,15,-0.07,-0.03,-0.45,-0.3,1,0.1,0.2,0.15,50,60.89,1490,1433,65,1368,526,0,0,535,0,307,0,57,15,1505,833,535,1505,647719.22,6711.04,52,86,100,65,77,59,60,869,526,0,0,842
183628,15,-0.07,-0.03,-0.45,-0.3,1,0.1,0.2,0.15,60,52.25,1495,1438,62,1376,490,455,0,202,0,229,0,57,10,1505,719,657,1505,321126.27,3383.88,95,176,176,108,125,92,98,506,490,455,0,431
183629,15,-0.07,-0.03,-0.45,-0.3,1,0.1,0.2,0.15,60,48.5,1494,1437,68,1369,0,472,0,233,0,664,0,57,11,1505,664,705,1505,223538.59,2358.07,43,90,79,49,62,40,61,945,0,472,0,897
183630,15,-0.07,-0.03,-0.45,-0.3,1,0.1,0.2,0.15,60,60.89,1490,1433,65,1368,526,0,0,535,0,307,0,57,15,1505,833,535,1505,647719.22,6711.04,52,86,100,65,77,59,60,869,526,0,0,842
183631,15,-0.07,-0.03,-0.45,-0.3,1,0.2,0.1,0.15,20,63.51,1495,1438,24,1414,725,229,287,0,173,0,0,57,10,1505,898,516,1505,280995.9,2911.58,396,269,189,560,0,0,0,0,725,229,460,0
183632,15,-0.07,-0.03,-0.45,-0.3,1,0.2,0.1,0.15,20,55.55,1494,1437,31,1406,0,261,364,0,781,0,0,57,11,1505,781,625,1505,335403.29,3519.57,43,90,79,1194,0,0,0,0,0,261,1145,0
183633,15,-0.07,-0.03,-0.45,-0.3,1,0.2,0.1,0.15,20,66.55,1492,1435,24,1411,748,0,472,0,191,0,0,57,13,1505,939,472,1505,381421.68,3927.39,353,189,132,737,0,0,0,0,748,0,663,0
183634,15,-0.07,-0.03,-0.45,-0.3,1,0.2,0.1,0.15,30,66.43,1495,1438,41,1397,854,297,172,0,74,0,0,57,10,1505,928,469,1505,324022.2,3365.93,396,269,189,100,114,329,0,0,854,297,246,0
183635,15,-0.07,-0.03,-0.45,-0.3,1,0.2,0.1,0.15,30,52.88,1494,1437,66,1371,0,363,283,0,725,0,0,57,11,1505,725,646,1505,315520.15,3369.88,43,90,79,49,62,1048,0,0,0,363,1008,0
183636,15,-0.07,-0.03,-0.45,-0.3,1,0.2,0.1,0.15,30,72.25,1491,1434,43,1391,905,0,386,0,100,0,0,57,14,1505,1005,386,1505,534745.88,5509.67,353,189,132,74,91,552,0,0,905,0,486,0
183637,15,-0.07,-0.03,-0.45,-0.3,1,0.2,0.1,0.15,40,66.26,1495,1438,42,1396,889,356,78,37,21,15,0,57,10,1505,925,471,1505,283677.53,2950.15,396,269,189,100,114,83,53,192,889,356,99,52
183638,15,-0.07,-0.03,-0.45,-0.3,1,0.2,0.1,0.15,40,50.18,1494,1437,68,1369,0,454,165,63,206,481,0,57,11,1505,687,682,1505,270627.9,2855.71,43,90,79,49,62,40,61,945,0,454,371,544
183639,15,-0.07,-0.03,-0.45,-0.3,1,0.2,0.1,0.15,40,74.3,1491,1434,45,1389,967,0,234,123,27,38,0,57,14,1505,1032,357,1505,567200.23,5837.22,353,189,132,74,91,66,34,450,967,0,261,161
183640,15,-0.07,-0.03,-0.45,-0.3,1,0.2,0.1,0.15,50,65.9,1495,1438,42,1396,889,362,0,114,0,31,0,57,10,1505,920,476,1505,273175.52,2841.65,396,269,189,100,114,83,53,192,889,362,0,145
183641,15,-0.07,-0.03,-0.45,-0.3,1,0.2,0.1,0.15,50,48.5,1494,1437,68,1369,0,472,0,233,0,664,0,57,11,1505,664,705,1505,223538.59,2358.07,43,90,79,49,62,40,61,945,0,472,0,897
183642,15,-0.07,-0.03,-0.45,-0.3,1,0.2,0.1,0.15,50,74.01,1491,1434,45,1389,967,0,0,361,0,61,0,57,14,1505,1028,361,1505,553235.0,5692.55,353,189,132,74,91,66,34,450,967,0,0,422
183643,15,-0.07,-0.03,-0.45,-0.3,1,0.2,0.1,0.15,60,65.9,1495,1438,42,1396,889,362,0,114,0,31,0,57,10,1505,920,476,1505,273175.52,2841.65,396,269,189,100,114,83,53,192,889,362,0,145
183644,15,-0.07,-0.03,-0.45,-0.3,1,0.2,0.1,0.15,60,48.5,1494,1437,68,1369,0,472,0,233,0,664,0,57,11,1505,664,705,1505,223538.59,2358.07,43,90,79,49,62,40,61,945,0,472,0,897
183645,15,-0.07,-0.03,-0.45,-0.3,1,0.2,0.1,0.15,60,74.01,1491,1434,45,1389,967,0,0,361,0,61,0,57,14,1505,1028,361,1505,553235.0,5692.55,353,189,132,74,91,66,34,450,967,0,0,422
183646,15,-0.07,-0.03,-0.45,-0.3,1,0.2,0.2,0.15,20,56.35,1495,1438,29,1409,298,257,358,0,496,0,0,57,10,1505,794,615,1505,353696.05,3675.88,95,176,176,962,0,0,0,0,298,257,854,0
183647,15,-0.07,-0.03,-0.45,-0.3,1,0.2,0.2,0.15,20,55.55,1494,1437,31,1406,0,261,364,0,781,0,0,57,11,1505,781,625,1505,335403.29,3519.57,43,90,79,1194,0,0,0,0,0,261,1145,0
183648,15,-0.07,-0.03,-0.45,-0.3,1,0.2,0.2,0.15,20,59.17,1492,1435,29,1406,303,0,574,0,529,0,0,57,13,1505,832,574,1505,450015.76,4655.41,52,86,100,1168,0,0,0,0,303,0,1103,0
183649,15,-0.07,-0.03,-0.45,-0.3,1,0.2,0.2,0.15,30,54.86,1495,1438,60,1378,416,356,266,0,340,0,0,57,10,1505,756,622,1505,370135.75,3871.95,95,176,176,108,125,698,0,0,416,356,606,0
183650,15,-0.07,-0.03,-0.45,-0.3,1,0.2,0.2,0.15,30,52.88,1494,1437,66,1371,0,363,283,0,725,0,0,57,11,1505,725,646,1505,315520.15,3369.88,43,90,79,49,62,1048,0,0,0,363,1008,0
183651,15,-0.07,-0.03,-0.45,-0.3,1,0.2,0.2,0.15,30,60.98,1490,1433,62,1371,439,0,535,0,397,0,0,57,15,1505,836,535,1505,602548.05,6236.15,52,86,100,65,77,991,0,0,439,0,932,0
183652,15,-0.07,-0.03,-0.45,-0.3,1,0.2,0.2,0.15,40,53.12,1495,1438,62,1376,487,439,145,61,85,159,0,57,10,1505,731,645,1505,346662.18,3647.91,95,176,176,108,125,92,98,506,487,439,230,220
183653,15,-0.07,-0.03,-0.45,-0.3,1,0.2,0.2,0.15,40,50.18,1494,1437,68,1369,0,454,165,63,206,481,0,57,11,1505,687,682,1505,270627.9,2855.71,43,90,79,49,62,40,61,945,0,454,371,544
183654,15,-0.07,-0.03,-0.45,-0.3,1,0.2,0.2,0.15,40,61.55,1490,1433,65,1368,523,0,368,158,99,220,0,57,15,1505,842,526,1505,682154.02,7066.69,52,86,100,65,77,59,60,869,523,0,467,378
183655,15,-0.07,-0.03,-0.45,-0.3,1,0.2,0.2,0.15,50,52.25,1495,1438,62,1376,490,455,0,202,0,229,0,57,10,1505,719,657,1505,321126.27,3383.88,95,176,176,108,125,92,98,506,490,455,0,431
183656,15,-0.07,-0.03,-0.45,-0.3,1,0.2,0.2,0.15,50,48.5,1494,1437,68,1369,0,472,0,233,0,664,0,57,11,1505,664,705,1505,223538.59,2358.07,43,90,79,49,62,40,61,945,0,472,0,897
183657,15,-0.07,-0.03,-0.45,-0.3,1,0.2,0.2,0.15,50,60.89,1490,1433,65,1368,526,0,0,535,0,307,0,57,15,1505,833,535,1505,647719.22,6711.04,52,86,100,65,77,59,60,869,526,0,0,842
183658,15,-0.07,-0.03,-0.45,-0.3,1,0.2,0.2,0.15,60,52.25,1495,1438,62,1376,490,455,0,202,0,229,0,57,10,1505,719,657,1505,321126.27,3383.88,95,176,176,108,125,92,98,506,490,455,0,431
183659,15,-0.07,-0.03,-0.45,-0.3,1,0.2,0.2,0.15,60,48.5,1494,1437,68,1369,0,472,0,233,0,664,0,57,11,1505,664,705,1505,223538.59,2358.07,43,90,79,49,62,40,61,945,0,472,0,897
183660,15,-0.07,-0.03,-0.45,-0.3,1,0.2,0.2,0.15,60,60.89,1490,1433,65,1368,526,0,0,535,0,307,0,57,15,1505,833,535,1505,647719.22,6711.04,52,86,100,65,77,59,60,869,526,0,0,842
183661,15,-0.07,-0.03,-0.45,-0.3,2,0.1,0.1,0.15,20,68.6,1495,1438,24,1414,791,223,221,0,179,0,0,57,10,1505,970,444,1505,430910.42,5193.88,417,288,208,501,0,0,0,0,791,223,400,0
183662,15,-0.07,-0.03,-0.45,-0.3,2,0.1,0.1,0.15,20,60.81,1494,1437,31,1406,0,261,290,0,855,0,0,57,11,1505,855,551,1505,513979.76,6157.57,43,90,79,1194,0,0,0,0,0,261,1145,0
183663,15,-0.07,-0.03,-0.45,-0.3,2,0.1,0.1,0.15,20,73.49,1492,1435,24,1411,835,0,374,0,202,0,0,57,13,1505,1037,374,1505,617438.56,6365.36,375,216,162,658,0,0,0,0,835,0,576,0
183664,15,-0.07,-0.03,-0.45,-0.3,2,0.1,0.1,0.15,30,70.74,1495,1438,40,1398,919,287,122,0,70,0,0,57,10,1505,989,409,1505,484135.28,5762.11,417,288,208,101,125,259,0,0,919,287,192,0
183665,15,-0.07,-0.03,-0.45,-0.3,2,0.1,0.1,0.15,30,56.67,1494,1437,66,1371,0,363,231,0,777,0,0,57,11,1505,777,594,1505,566690.46,6565.54,43,90,79,49,62,1048,0,0,0,363,1008,0
183666,15,-0.07,-0.03,-0.45,-0.3,2,0.1,0.1,0.15,30,79.76,1491,1434,41,1393,1005,0,282,0,106,0,0,57,14,1505,1111,282,1505,878602.76,8049.46,375,216,162,82,118,440,0,0,1005,0,388,0
183667,15,-0.07,-0.03,-0.45,-0.3,2,0.1,0.1,0.15,40,70.15,1495,1438,41,1397,941,337,57,23,25,14,0,57,10,1505,980,417,1505,420531.08,5502.97,417,288,208,101,125,67,41,150,941,337,82,37
183668,15,-0.07,-0.03,-0.45,-0.3,2,0.1,0.1,0.15,40,53.32,1494,1437,68,1369,0,454,143,42,228,502,0,57,11,1505,730,639,1505,524794.53,6450.63,43,90,79,49,62,40,61,945,0,454,371,544
183669,15,-0.07,-0.03,-0.45,-0.3,2,0.1,0.1,0.15,40,81.88,1491,1434,43,1391,1071,0,179,73,34,34,0,57,14,1505,1139,252,1505,947338.64,8472.86,375,216,162,82,118,52,41,345,1071,0,213,107
183670,15,-0.07,-0.03,-0.45,-0.3,2,0.1,0.1,0.15,50,69.43,1495,1438,41,1397,941,343,0,84,0,29,0,57,10,1505,970,427,1505,403654.13,5412.65,417,288,208,101,125,67,41,150,941,343,0,113
183671,15,-0.07,-0.03,-0.45,-0.3,2,0.1,0.1,0.15,50,51.42,1494,1437,68,1369,0,472,0,193,0,704,0,57,11,1505,704,665,1505,457195.83,5977.11,43,90,79,49,62,40,61,945,0,472,0,897
183672,15,-0.07,-0.03,-0.45,-0.3,2,0.1,0.1,0.15,50,81.67,1491,1434,43,1391,1072,0,0,255,0,64,0,57,14,1505,1136,255,1505,925153.9,8354.46,375,216,162,82,118,52,41,345,1072,0,0,319
183673,15,-0.07,-0.03,-0.45,-0.3,2,0.1,0.1,0.15,60,69.43,1495,1438,41,1397,941,343,0,84,0,29,0,57,10,1505,970,427,1505,403654.13,5412.65,417,288,208,101,125,67,41,150,941,343,0,113
183674,15,-0.07,-0.03,-0.45,-0.3,2,0.1,0.1,0.15,60,51.42,1494,1437,68,1369,0,472,0,193,0,704,0,57,11,1505,704,665,1505,457195.83,5977.11,43,90,79,49,62,40,61,945,0,472,0,897
183675,15,-0.07,-0.03,-0.45,-0.3,2,0.1,0.1,0.15,60,81.67,1491,1434,43,1391,1072,0,0,255,0,64,0,57,14,1505,1136,255,1505,925153.9,8354.46,375,216,162,82,118,52,41,345,1072,0,0,319
183676,15,-0.07,-0.03,-0.45,-0.3,2,0.1,0.2,0.15,20,61.53,1495,1438,29,1409,321,257,285,0,546,0,0,57,10,1505,867,542,1505,533483.81,6284.88,97,182,182,948,0,0,0,0,321,257,831,0
183677,15,-0.07,-0.03,-0.45,-0.3,2,0.1,0.2,0.15,20,60.81,1494,1437,31,1406,0,261,290,0,855,0,0,57,11,1505,855,551,1505,513979.76,6157.57,43,90,79,1194,0,0,0,0,0,261,1145,0
183678,15,-0.07,-0.03,-0.45,-0.3,2,0.1,0.2,0.15,20,66.29,1492,1435,29,1406,334,0,474,0,598,0,0,57,13,1505,932,474,1505,710311.15,7480.03,54,92,109,1151,0,0,0,0,334,0,1072,0
183679,15,-0.07,-0.03,-0.45,-0.3,2,0.1,0.2,0.15,30,58.56,1495,1438,60,1378,454,355,216,0,353,0,0,57,10,1505,807,571,1505,613202.5,6982.55,97,182,182,117,135,665,0,0,454,355,569,0
183680,15,-0.07,-0.03,-0.45,-0.3,2,0.1,0.2,0.15,30,56.67,1494,1437,66,1371,0,363,231,0,777,0,0,57,11,1505,777,594,1505,566690.46,6565.54,43,90,79,49,62,1048,0,0,0,363,1008,0
183681,15,-0.07,-0.03,-0.45,-0.3,2,0.1,0.2,0.15,30,67.69,1490,1433,62,1371,494,0,443,0,434,0,0,57,15,1505,928,443,1505,1059950.83,9630.35,54,92,109,79,93,944,0,0,494,0,877,0
183682,15,-0.07,-0.03,-0.45,-0.3,2,0.1,0.2,0.15,40,56.4,1495,1438,62,1376,533,437,122,41,97,146,0,57,10,1505,776,600,1505,563151.23,6968.27,97,182,182,117,135,96,98,469,533,437,219,187
183683,15,-0.07,-0.03,-0.45,-0.3,2,0.1,0.2,0.15,40,53.32,1494,1437,68,1369,0,454,143,42,228,502,0,57,11,1505,730,639,1505,524794.53,6450.63,43,90,79,49,62,40,61,945,0,454,371,544
183684,15,-0.07,-0.03,-0.45,-0.3,2,0.1,0.2,0.15,40,69.37,1490,1433,65,1368,597,0,313,106,135,217,0,57,15,1505,949,419,1505,1224620.86,10727.8,54,92,109,79,93,67,68,806,597,0,448,323
183685,15,-0.07,-0.03,-0.45,-0.3,2,0.1,0.2,0.15,50,55.38,1495,1438,62,1376,535,452,0,162,0,227,0,57,10,1505,762,614,1505,525084.13,6744.14,97,182,182,117,135,96,98,469,535,452,0,389
183686,15,-0.07,-0.03,-0.45,-0.3,2,0.1,0.2,0.15,50,51.42,1494,1437,68,1369,0,472,0,193,0,704,0,57,11,1505,704,665,1505,457195.83,5977.11,43,90,79,49,62,40,61,945,0,472,0,897
183687,15,-0.07,-0.03,-0.45,-0.3,2,0.1,0.2,0.15,50,69.23,1490,1433,65,1368,599,0,0,421,0,348,0,57,15,1505,947,421,1505,1171296.78,10425.58,54,92,109,79,93,67,68,806,599,0,0,769
183688,15,-0.07,-0.03,-0.45,-0.3,2,0.1,0.2,0.15,60,55.38,1495,1438,62,1376,535,452,0,162,0,227,0,57,10,1505,762,614,1505,525084.13,6744.14,97,182,182,117,135,96,98,469,535,452,0,389
183689,15,-0.07,-0.03,-0.45,-0.3,2,0.1,0.2,0.15,60,51.42,1494,1437,68,1369,0,472,0,193,0,704,0,57,11,1505,704,665,1505,457195.83,5977.11,43,90,79,49,62,40,61,945,0,472,0,897
183690,15,-0.07,-0.03,-0.45,-0.3,2,0.1,0.2,0.15,60,69.23,1490,1433,65,1368,599,0,0,421,0,348,0,57,15,1505,947,421,1505,1171296.78,10425.58,54,92,109,79,93,67,68,806,599,0,0,769
183691,15,-0.07,-0.03,-0.45,-0.3,2,0.2,0.1,0.15,20,63.51,1495,1438,24,1414,725,229,287,0,173,0,0,57,10,1505,898,516,1505,280995.9,2911.58,396,269,189,560,0,0,0,0,725,229,460,0
183692,15,-0.07,-0.03,-0.45,-0.3,2,0.2,0.1,0.15,20,55.55,1494,1437,31,1406,0,261,364,0,781,0,0,57,11,1505,781,625,1505,335403.29,3519.57,43,90,79,1194,0,0,0,0,0,261,1145,0
183693,15,-0.07,-0.03,-0.45,-0.3,2,0.2,0.1,0.15,20,66.55,1492,1435,24,1411,748,0,472,0,191,0,0,57,13,1505,939,472,1505,381421.68,3927.39,353,189,132,737,0,0,0,0,748,0,663,0
183694,15,-0.07,-0.03,-0.45,-0.3,2,0.2,0.1,0.15,30,66.43,1495,1438,41,1397,854,297,172,0,74,0,0,57,10,1505,928,469,1505,324022.2,3365.93,396,269,189,100,114,329,0,0,854,297,246,0
183695,15,-0.07,-0.03,-0.45,-0.3,2,0.2,0.1,0.15,30,52.88,1494,1437,66,1371,0,363,283,0,725,0,0,57,11,1505,725,646,1505,315520.15,3369.88,43,90,79,49,62,1048,0,0,0,363,1008,0
183696,15,-0.07,-0.03,-0.45,-0.3,2,0.2,0.1,0.15,30,72.25,1491,1434,43,1391,905,0,386,0,100,0,0,57,14,1505,1005,386,1505,534745.88,5509.67,353,189,132,74,91,552,0,0,905,0,486,0
183697,15,-0.07,-0.03,-0.45,-0.3,2,0.2,0.1,0.15,40,66.26,1495,1438,42,1396,889,356,78,37,21,15,0,57,10,1505,925,471,1505,283677.53,2950.15,396,269,189,100,114,83,53,192,889,356,99,52
183698,15,-0.07,-0.03,-0.45,-0.3,2,0.2,0.1,0.15,40,50.18,1494,1437,68,1369,0,454,165,63,206,481,0,57,11,1505,687,682,1505,270627.9,2855.71,43,90,79,49,62,40,61,945,0,454,371,544
183699,15,-0.07,-0.03,-0.45,-0.3,2,0.2,0.1,0.15,40,74.3,1491,1434,45,1389,967,0,234,123,27,38,0,57,14,1505,1032,357,1505,567200.23,5837.22,353,189,132,74,91,66,34,450,967,0,261,161
183700,15,-0.07,-0.03,-0.45,-0.3,2,0.2,0.1,0.15,50,65.9,1495,1438,42,1396,889,362,0,114,0,31,0,57,10,1505,920,476,1505,273175.52,2841.65,396,269,189,100,114,83,53,192,889,362,0,145
183701,15,-0.07,-0.03,-0.45,-0.3,2,0.2,0.1,0.15,50,48.5,1494,1437,68,1369,0,472,0,233,0,664,0,57,11,1505,664,705,1505,223538.59,2358.07,43,90,79,49,62,40,61,945,0,472,0,897
183702,15,-0.07,-0.03,-0.45,-0.3,2,0.2,0.1,0.15,50,74.01,1491,1434,45,1389,967,0,0,361,0,61,0,57,14,1505,1028,361,1505,553235.0,5692.55,353,189,132,74,91,66,34,450,967,0,0,422
183703,15,-0.07,-0.03,-0.45,-0.3,2,0.2,0.1,0.15,60,65.9,1495,1438,42,1396,889,362,0,114,0,31,0,57,10,1505,920,476,1505,273175.52,2841.65,396,269,189,100,114,83,53,192,889,362,0,145
183704,15,-0.07,-0.03,-0.45,-0.3,2,0.2,0.1,0.15,60,48.5,1494,1437,68,1369,0,472,0,233,0,664,0,57,11,1505,664,705,1505,223538.59,2358.07,43,90,79,49,62,40,61,945,0,472,0,897
183705,15,-0.07,-0.03,-0.45,-0.3,2,0.2,0.1,0.15,60,74.01,1491,1434,45,1389,967,0,0,361,0,61,0,57,14,1505,1028,361,1505,553235.0,5692.55,353,189,132,74,91,66,34,450,967,0,0,422
183706,15,-0.07,-0.03,-0.45,-0.3,2,0.2,0.2,0.15,20,56.35,1495,1438,29,1409,298,257,358,0,496,0,0,57,10,1505,794,615,1505,353696.05,3675.88,95,176,176,962,0,0,0,0,298,257,854,0
183707,15,-0.07,-0.03,-0.45,-0.3,2,0.2,0.2,0.15,20,55.55,1494,1437,31,1406,0,261,364,0,781,0,0,57,11,1505,781,625,1505,335403.29,3519.57,43,90,79,1194,0,0,0,0,0,261,1145,0
183708,15,-0.07,-0.03,-0.45,-0.3,2,0.2,0.2,0.15,20,59.17,1492,1435,29,1406,303,0,574,0,529,0,0,57,13,1505,832,574,1505,450015.76,4655.41,52,86,100,1168,0,0,0,0,303,0,1103,0
183709,15,-0.07,-0.03,-0.45,-0.3,2,0.2,0.2,0.15,30,54.86,1495,1438,60,1378,416,356,266,0,340,0,0,57,10,1505,756,622,1505,370135.75,3871.95,95,176,176,108,125,698,0,0,416,356,606,0
183710,15,-0.07,-0.03,-0.45,-0.3,2,0.2,0.2,0.15,30,52.88,1494,1437,66,1371,0,363,283,0,725,0,0,57,11,1505,725,646,1505,315520.15,3369.88,43,90,79,49,62,1048,0,0,0,363,1008,0
183711,15,-0.07,-0.03,-0.45,-0.3,2,0.2,0.2,0.15,30,60.98,1490,1433,62,1371,439,0,535,0,397,0,0,57,15,1505,836,535,1505,602548.05,6236.15,52,86,100,65,77,991,0,0,439,0,932,0
183712,15,-0.07,-0.03,-0.45,-0.3,2,0.2,0.2,0.15,40,53.12,1495,1438,62,1376,487,439,145,61,85,159,0,57,10,1505,731,645,1505,346662.18,3647.91,95,176,176,108,125,92,98,506,487,439,230,220
183713,15,-0.07,-0.03,-0.45,-0.3,2,0.2,0.2,0.15,40,50.18,1494,1437,68,1369,0,454,165,63,206,481,0,57,11,1505,687,682,1505,270627.9,2855.71,43,90,79,49,62,40,61,945,0,454,371,544
183714,15,-0.07,-0.03,-0.45,-0.3,2,0.2,0.2,0.15,40,61.55,1490,1433,65,1368,523,0,368,158,99,220,0,57,15,1505,842,526,1505,682154.02,7066.69,52,86,100,65,77,59,60,869,523,0,467,378
183715,15,-0.07,-0.03,-0.45,-0.3,2,0.2,0.2,0.15,50,52.25,1495,1438,62,1376,490,455,0,202,0,229,0,57,10,1505,719,657,1505,321126.27,3383.88,95,176,176,108,125,92,98,506,490,455,0,431
183716,15,-0.07,-0.03,-0.45,-0.3,2,0.2,0.2,0.15,50,48.5,1494,1437,68,1369,0,472,0,233,0,664,0,57,11,1505,664,705,1505,223538.59,2358.07,43,90,79,49,62,40,61,945,0,472,0,897
183717,15,-0.07,-0.03,-0.45,-0.3,2,0.2,0.2,0.15,50,60.89,1490,1433,65,1368,526,0,0,535,0,307,0,57,15,1505,833,535,1505,647719.22,6711.04,52,86,100,65,77,59,60,869,526,0,0,842
183718,15,-0.07,-0.03,-0.45,-0.3,2,0.2,0.2,0.15,60,52.25,1495,1438,62,1376,490,455,0,202,0,229,0,57,10,1505,719,657,1505,321126.27,3383.88,95,176,176,108,125,92,98,506,490,455,0,431
183719,15,-0.07,-0.03,-0.45,-0.3,2,0.2,0.2,0.15,60,48.5,1494,1437,68,1369,0,472,0,233,0,664,0,57,11,1505,664,705,1505,223538.59,2358.07,43,90,79,49,62,40,61,945,0,472,0,897
183720,15,-0.07,-0.03,-0.45,-0.3,2,0.2,0.2,0.15,60,60.89,1490,1433,65,1368,526,0,0,535,0,307,0,57,15,1505,833,535,1505,647719.22,6711.04,52,86,100,65,77,59,60,869,526,0,0,842
183721,15,-0.07,-0.03,-0.45,-0.25,1,0.1,0.1,0.15,20,61.87,1956,1891,29,1862,908,313,397,0,244,0,0,65,18,1974,1152,710,1974,300319.84,3111.7,497,331,252,782,0,0,0,0,908,313,641,0
183722,15,-0.07,-0.03,-0.45,-0.25,1,0.1,0.1,0.15,20,53.59,1955,1890,37,1853,0,363,497,0,993,0,0,65,19,1974,993,860,1974,284993.16,3021.9,63,105,132,1553,0,0,0,0,0,363,1490,0
183723,15,-0.07,-0.03,-0.45,-0.25,1,0.1,0.1,0.15,20,64.37,1952,1887,29,1858,933,0,662,0,263,0,0,65,22,1974,1196,662,1974,413716.93,4240.36,434,239,157,1028,0,0,0,0,933,0,925,0
183724,15,-0.07,-0.03,-0.45,-0.25,1,0.1,0.1,0.15,30,63.89,1956,1891,55,1836,1067,403,260,0,106,0,0,65,18,1974,1173,663,1974,341378.39,3566.05,497,331,252,141,147,468,0,0,1067,403,366,0
183725,15,-0.07,-0.03,-0.45,-0.25,1,0.1,0.1,0.15,30,50.03,1955,1890,85,1805,0,499,403,0,903,0,0,65,19,1974,903,902,1974,232956.96,2560.81,63,105,132,63,89,1353,0,0,0,499,1306,0
183726,15,-0.07,-0.03,-0.45,-0.25,1,0.1,0.1,0.15,30,69.04,1950,1885,57,1828,1127,0,566,0,135,0,0,65,24,1974,1262,566,1974,582101.94,5992.17,434,239,157,103,112,783,0,0,1127,0,701,0
183727,15,-0.07,-0.03,-0.45,-0.25,1,0.1,0.1,0.15,40,64.01,1956,1891,57,1834,1113,478,127,55,35,26,0,65,18,1974,1174,660,1974,295124.38,3076.79,497,331,252,141,147,102,63,301,1113,478,162,81
183728,15,-0.07,-0.03,-0.45,-0.25,1,0.1,0.1,0.15,40,47.56,1955,1890,88,1802,0,609,247,89,265,592,0,65,19,1974,857,945,1974,163129.66,1770.33,63,105,132,63,89,47,75,1228,0,609,512,681
183729,15,-0.07,-0.03,-0.45,-0.25,1,0.1,0.1,0.15,40,71.34,1950,1885,60,1825,1207,0,346,177,42,53,0,65,24,1974,1302,523,1974,640074.73,6568.04,434,239,157,103,112,82,41,657,1207,0,388,230
183730,15,-0.07,-0.03,-0.45,-0.25,1,0.1,0.1,0.15,50,63.74,1956,1891,57,1834,1114,487,0,178,0,55,0,65,18,1974,1169,665,1974,283895.8,2960.53,497,331,252,141,147,102,63,301,1114,487,0,233
183731,15,-0.07,-0.03,-0.45,-0.25,1,0.1,0.1,0.15,50,46.34,1955,1890,88,1802,0,634,0,333,0,835,0,65,19,1974,835,967,1974,108342.38,1190.32,63,105,132,63,89,47,75,1228,0,634,0,1168
183732,15,-0.07,-0.03,-0.45,-0.25,1,0.1,0.1,0.15,50,71.12,1950,1885,60,1825,1208,0,0,527,0,90,0,65,24,1974,1298,527,1974,622625.57,6387.16,434,239,157,103,112,82,41,657,1208,0,0,617
183733,15,-0.07,-0.03,-0.45,-0.25,1,0.1,0.1,0.15,60,63.74,1956,1891,57,1834,1114,487,0,178,0,55,0,65,18,1974,1169,665,1974,283895.8,2960.53,497,331,252,141,147,102,63,301,1114,487,0,233
183734,15,-0.07,-0.03,-0.45,-0.25,1,0.1,0.1,0.15,60,46.34,1955,1890,88,1802,0,634,0,333,0,835,0,65,19,1974,835,967,1974,108342.38,1190.32,63,105,132,63,89,47,75,1228,0,634,0,1168
183735,15,-0.07,-0.03,-0.45,-0.25,1,0.1,0.1,0.15,60,71.12,1950,1885,60,1825,1208,0,0,527,0,90,0,65,24,1974,1298,527,1974,622625.57,6387.16,434,239,157,103,112,82,41,657,1208,0,0,617
183736,15,-0.07,-0.03,-0.45,-0.25,1,0.1,0.2,0.15,20,54.58,1956,1891,35,1856,346,358,485,0,667,0,0,65,18,1974,1013,843,1974,334182.7,3496.03,125,205,239,1287,0,0,0,0,346,358,1152,0
183737,15,-0.07,-0.03,-0.45,-0.25,1,0.1,0.2,0.15,20,53.59,1955,1890,37,1853,0,363,497,0,993,0,0,65,19,1974,993,860,1974,284993.16,3021.9,63,105,132,1553,0,0,0,0,0,363,1490,0
183738,15,-0.07,-0.03,-0.45,-0.25,1,0.1,0.2,0.15,20,56.86,1952,1887,35,1852,352,0,799,0,701,0,0,65,22,1974,1053,799,1974,428299.1,4433.69,62,100,112,1578,0,0,0,0,352,0,1500,0
183739,15,-0.07,-0.03,-0.45,-0.25,1,0.1,0.2,0.15,30,52.23,1956,1891,78,1813,492,486,380,0,455,0,0,65,18,1974,947,866,1974,340594.27,3606.25,125,205,239,135,163,946,0,0,492,486,835,0
183740,15,-0.07,-0.03,-0.45,-0.25,1,0.1,0.2,0.15,30,50.03,1955,1890,85,1805,0,499,403,0,903,0,0,65,19,1974,903,902,1974,232956.96,2560.81,63,105,132,63,89,1353,0,0,0,499,1306,0
183741,15,-0.07,-0.03,-0.45,-0.25,1,0.1,0.2,0.15,30,57.65,1949,1884,80,1804,516,0,764,0,524,0,0,65,25,1974,1040,764,1974,590394.75,6122.94,62,100,112,78,93,1359,0,0,516,0,1288,0
183742,15,-0.07,-0.03,-0.45,-0.25,1,0.1,0.2,0.15,40,50.66,1956,1891,81,1810,575,587,219,87,126,216,0,65,18,1974,917,893,1974,308974.53,3285.62,125,205,239,135,163,111,117,715,575,587,345,303
183743,15,-0.07,-0.03,-0.45,-0.25,1,0.1,0.2,0.15,40,47.56,1955,1890,88,1802,0,609,247,89,265,592,0,65,19,1974,857,945,1974,163129.66,1770.33,63,105,132,63,89,47,75,1228,0,609,512,681
183744,15,-0.07,-0.03,-0.45,-0.25,1,0.1,0.2,0.15,40,58.44,1949,1884,84,1800,617,0,526,222,146,289,0,65,25,1974,1052,748,1974,705428.31,7301.37,62,100,112,78,93,71,73,1211,617,0,672,511
183745,15,-0.07,-0.03,-0.45,-0.25,1,0.1,0.2,0.15,50,50.06,1956,1891,81,1810,578,608,0,296,0,328,0,65,18,1974,906,904,1974,279453.87,2978.81,125,205,239,135,163,111,117,715,578,608,0,624
183746,15,-0.07,-0.03,-0.45,-0.25,1,0.1,0.2,0.15,50,46.34,1955,1890,88,1802,0,634,0,333,0,835,0,65,19,1974,835,967,1974,108342.38,1190.32,63,105,132,63,89,47,75,1228,0,634,0,1168
183747,15,-0.07,-0.03,-0.45,-0.25,1,0.1,0.2,0.15,50,58.0,1949,1884,84,1800,620,0,0,756,0,424,0,65,25,1974,1044,756,1974,665983.98,6892.03,62,100,112,78,93,71,73,1211,620,0,0,1180
183748,15,-0.07,-0.03,-0.45,-0.25,1,0.1,0.2,0.15,60,50.06,1956,1891,81,1810,578,608,0,296,0,328,0,65,18,1974,906,904,1974,279453.87,2978.81,125,205,239,135,163,111,117,715,578,608,0,624
183749,15,-0.07,-0.03,-0.45,-0.25,1,0.1,0.2,0.15,60,46.34,1955,1890,88,1802,0,634,0,333,0,835,0,65,19,1974,835,967,1974,108342.38,1190.32,63,105,132,63,89,47,75,1228,0,634,0,1168
183750,15,-0.07,-0.03,-0.45,-0.25,1,0.1,0.2,0.15,60,58.0,1949,1884,84,1800,620,0,0,756,0,424,0,65,25,1974,1044,756,1974,665983.98,6892.03,62,100,112,78,93,71,73,1211,620,0,0,1180
183751,15,-0.07,-0.03,-0.45,-0.25,1,0.2,0.1,0.15,20,61.87,1956,1891,29,1862,908,313,397,0,244,0,0,65,18,1974,1152,710,1974,300319.84,3111.7,497,331,252,782,0,0,0,0,908,313,641,0
183752,15,-0.07,-0.03,-0.45,-0.25,1,0.2,0.1,0.15,20,53.59,1955,1890,37,1853,0,363,497,0,993,0,0,65,19,1974,993,860,1974,284993.16,3021.9,63,105,132,1553,0,0,0,0,0,363,1490,0
183753,15,-0.07,-0.03,-0.45,-0.25,1,0.2,0.1,0.15,20,64.37,1952,1887,29,1858,933,0,662,0,263,0,0,65,22,1974,1196,662,1974,413716.93,4240.36,434,239,157,1028,0,0,0,0,933,0,925,0
183754,15,-0.07,-0.03,-0.45,-0.25,1,0.2,0.1,0.15,30,63.89,1956,1891,55,1836,1067,403,260,0,106,0,0,65,18,1974,1173,663,1974,341378.39,3566.05,497,331,252,141,147,468,0,0,1067,403,366,0
183755,15,-0.07,-0.03,-0.45,-0.25,1,0.2,0.1,0.15,30,50.03,1955,1890,85,1805,0,499,403,0,903,0,0,65,19,1974,903,902,1974,232956.96,2560.81,63,105,132,63,89,1353,0,0,0,499,1306,0
183756,15,-0.07,-0.03,-0.45,-0.25,1,0.2,0.1,0.15,30,69.04,1950,1885,57,1828,1127,0,566,0,135,0,0,65,24,1974,1262,566,1974,582101.94,5992.17,434,239,157,103,112,783,0,0,1127,0,701,0
183757,15,-0.07,-0.03,-0.45,-0.25,1,0.2,0.1,0.15,40,64.01,1956,1891,57,1834,1113,478,127,55,35,26,0,65,18,1974,1174,660,1974,295124.38,3076.79,497,331,252,141,147,102,63,301,1113,478,162,81
183758,15,-0.07,-0.03,-0.45,-0.25,1,0.2,0.1,0.15,40,47.56,1955,1890,88,1802,0,609,247,89,265,592,0,65,19,1974,857,945,1974,163129.66,1770.33,63,105,132,63,89,47,75,1228,0,609,512,681
183759,15,-0.07,-0.03,-0.45,-0.25,1,0.2,0.1,0.15,40,71.34,1950,1885,60,1825,1207,0,346,177,42,53,0,65,24,1974,1302,523,1974,640074.73,6568.04,434,239,157,103,112,82,41,657,1207,0,388,230
183760,15,-0.07,-0.03,-0.45,-0.25,1,0.2,0.1,0.15,50,63.74,1956,1891,57,1834,1114,487,0,178,0,55,0,65,18,1974,1169,665,1974,283895.8,2960.53,497,331,252,141,147,102,63,301,1114,487,0,233
183761,15,-0.07,-0.03,-0.45,-0.25,1,0.2,0.1,0.15,50,46.34,1955,1890,88,1802,0,634,0,333,0,835,0,65,19,1974,835,967,1974,108342.38,1190.32,63,105,132,63,89,47,75,1228,0,634,0,1168
183762,15,-0.07,-0.03,-0.45,-0.25,1,0.2,0.1,0.15,50,71.12,1950,1885,60,1825,1208,0,0,527,0,90,0,65,24,1974,1298,527,1974,622625.57,6387.16,434,239,157,103,112,82,41,657,1208,0,0,617
183763,15,-0.07,-0.03,-0.45,-0.25,1,0.2,0.1,0.15,60,63.74,1956,1891,57,1834,1114,487,0,178,0,55,0,65,18,1974,1169,665,1974,283895.8,2960.53,497,331,252,141,147,102,63,301,1114,487,0,233
183764,15,-0.07,-0.03,-0.45,-0.25,1,0.2,0.1,0.15,60,46.34,1955,1890,88,1802,0,634,0,333,0,835,0,65,19,1974,835,967,1974,108342.38,1190.32,63,105,132,63,89,47,75,1228,0,634,0,1168
183765,15,-0.07,-0.03,-0.45,-0.25,1,0.2,0.1,0.15,60,71.12,1950,1885,60,1825,1208,0,0,527,0,90,0,65,24,1974,1298,527,1974,622625.57,6387.16,434,239,157,103,112,82,41,657,1208,0,0,617
183766,15,-0.07,-0.03,-0.45,-0.25,1,0.2,0.2,0.15,20,54.58,1956,1891,35,1856,346,358,485,0,667,0,0,65,18,1974,1013,843,1974,334182.7,3496.03,125,205,239,1287,0,0,0,0,346,358,1152,0
183767,15,-0.07,-0.03,-0.45,-0.25,1,0.2,0.2,0.15,20,53.59,1955,1890,37,1853,0,363,497,0,993,0,0,65,19,1974,993,860,1974,284993.16,3021.9,63,105,132,1553,0,0,0,0,0,363,1490,0
183768,15,-0.07,-0.03,-0.45,-0.25,1,0.2,0.2,0.15,20,56.86,1952,1887,35,1852,352,0,799,0,701,0,0,65,22,1974,1053,799,1974,428299.1,4433.69,62,100,112,1578,0,0,0,0,352,0,1500,0
183769,15,-0.07,-0.03,-0.45,-0.25,1,0.2,0.2,0.15,30,52.23,1956,1891,78,1813,492,486,380,0,455,0,0,65,18,1974,947,866,1974,340594.27,3606.25,125,205,239,135,163,946,0,0,492,486,835,0
183770,15,-0.07,-0.03,-0.45,-0.25,1,0.2,0.2,0.15,30,50.03,1955,1890,85,1805,0,499,403,0,903,0,0,65,19,1974,903,902,1974,232956.96,2560.81,63,105,132,63,89,1353,0,0,0,499,1306,0
183771,15,-0.07,-0.03,-0.45,-0.25,1,0.2,0.2,0.15,30,57.65,1949,1884,80,1804,516,0,764,0,524,0,0,65,25,1974,1040,764,1974,590394.75,6122.94,62,100,112,78,93,1359,0,0,516,0,1288,0
183772,15,-0.07,-0.03,-0.45,-0.25,1,0.2,0.2,0.15,40,50.66,1956,1891,81,1810,575,587,219,87,126,216,0,65,18,1974,917,893,1974,308974.53,3285.62,125,205,239,135,163,111,117,715,575,587,345,303
183773,15,-0.07,-0.03,-0.45,-0.25,1,0.2,0.2,0.15,40,47.56,1955,1890,88,1802,0,609,247,89,265,592,0,65,19,1974,857,945,1974,163129.66,1770.33,63,105,132,63,89,47,75,1228,0,609,512,681
183774,15,-0.07,-0.03,-0.45,-0.25,1,0.2,0.2,0.15,40,58.44,1949,1884,84,1800,617,0,526,222,146,289,0,65,25,1974,1052,748,1974,705428.31,7301.37,62,100,112,78,93,71,73,1211,617,0,672,511
183775,15,-0.07,-0.03,-0.45,-0.25,1,0.2,0.2,0.15,50,50.06,1956,1891,81,1810,578,608,0,296,0,328,0,65,18,1974,906,904,1974,279453.87,2978.81,125,205,239,135,163,111,117,715,578,608,0,624
183776,15,-0.07,-0.03,-0.45,-0.25,1,0.2,0.2,0.15,50,46.34,1955,1890,88,1802,0,634,0,333,0,835,0,65,19,1974,835,967,1974,108342.38,1190.32,63,105,132,63,89,47,75,1228,0,634,0,1168
183777,15,-0.07,-0.03,-0.45,-0.25,1,0.2,0.2,0.15,50,58.0,1949,1884,84,1800,620,0,0,756,0,424,0,65,25,1974,1044,756,1974,665983.98,6892.03,62,100,112,78,93,71,73,1211,620,0,0,1180
183778,15,-0.07,-0.03,-0.45,-0.25,1,0.2,0.2,0.15,60,50.06,1956,1891,81,1810,578,608,0,296,0,328,0,65,18,1974,906,904,1974,279453.87,2978.81,125,205,239,135,163,111,117,715,578,608,0,624
183779,15,-0.07,-0.03,-0.45,-0.25,1,0.2,0.2,0.15,60,46.34,1955,1890,88,1802,0,634,0,333,0,835,0,65,19,1974,835,967,1974,108342.38,1190.32,63,105,132,63,89,47,75,1228,0,634,0,1168
183780,15,-0.07,-0.03,-0.45,-0.25,1,0.2,0.2,0.15,60,58.0,1949,1884,84,1800,620,0,0,756,0,424,0,65,25,1974,1044,756,1974,665983.98,6892.03,62,100,112,78,93,71,73,1211,620,0,0,1180
183781,15,-0.07,-0.03,-0.45,-0.25,2,0.1,0.1,0.15,20,66.54,1956,1891,29,1862,994,304,319,0,245,0,0,65,18,1974,1239,623,1974,473223.33,6196.26,522,355,274,711,0,0,0,0,994,304,564,0
183782,15,-0.07,-0.03,-0.45,-0.25,2,0.1,0.1,0.15,20,58.55,1955,1890,37,1853,0,363,405,0,1085,0,0,65,19,1974,1085,768,1974,481357.5,6549.16,63,105,132,1553,0,0,0,0,0,363,1490,0
183783,15,-0.07,-0.03,-0.45,-0.25,2,0.1,0.1,0.15,20,70.88,1952,1887,29,1858,1043,0,541,0,274,0,0,65,22,1974,1317,541,1974,678751.22,7488.15,460,271,192,935,0,0,0,0,1043,0,815,0
183784,15,-0.07,-0.03,-0.45,-0.25,2,0.1,0.1,0.15,30,68.66,1956,1891,53,1838,1151,387,189,0,111,0,0,65,18,1974,1262,576,1974,533490.1,6900.67,522,355,274,147,155,385,0,0,1151,387,300,0
183785,15,-0.07,-0.03,-0.45,-0.25,2,0.1,0.1,0.15,30,54.07,1955,1890,85,1805,0,499,330,0,976,0,0,65,19,1974,976,829,1974,506926.04,6813.16,63,105,132,63,89,1353,0,0,0,499,1306,0
183786,15,-0.07,-0.03,-0.45,-0.25,2,0.1,0.1,0.15,30,76.68,1950,1885,54,1831,1252,0,427,0,152,0,0,65,24,1974,1404,427,1974,972558.06,9435.85,460,271,192,120,138,650,0,0,1252,0,579,0
183787,15,-0.07,-0.03,-0.45,-0.25,2,0.1,0.1,0.15,40,68.19,1956,1891,55,1836,1185,453,100,31,43,24,0,65,18,1974,1252,584,1974,458554.15,6622.81,522,355,274,147,155,85,54,244,1185,453,143,55
183788,15,-0.07,-0.03,-0.45,-0.25,2,0.1,0.1,0.15,40,50.94,1955,1890,88,1802,0,609,216,59,296,622,0,65,19,1974,918,884,1974,443991.8,6538.52,63,105,132,63,89,47,75,1228,0,609,512,681
183789,15,-0.07,-0.03,-0.45,-0.25,2,0.1,0.1,0.15,40,79.16,1950,1885,57,1828,1337,0,272,109,59,51,0,65,24,1974,1447,381,1974,1089971.13,10150.64,460,271,192,120,138,71,50,526,1337,0,331,160
183790,15,-0.07,-0.03,-0.45,-0.25,2,0.1,0.1,0.15,50,67.81,1956,1891,55,1836,1186,461,0,130,0,59,0,65,18,1974,1245,591,1974,440317.29,6527.61,522,355,274,147,155,85,54,244,1186,461,0,189
183791,15,-0.07,-0.03,-0.45,-0.25,2,0.1,0.1,0.15,50,49.67,1955,1890,88,1802,0,634,0,273,0,895,0,65,19,1974,895,907,1974,365710.02,5981.05,63,105,132,63,89,47,75,1228,0,634,0,1168
183792,15,-0.07,-0.03,-0.45,-0.25,2,0.1,0.1,0.15,50,79.1,1950,1885,57,1828,1339,0,0,382,0,107,0,65,24,1974,1446,382,1974,1061477.56,10001.75,460,271,192,120,138,71,50,526,1339,0,0,489
183793,15,-0.07,-0.03,-0.45,-0.25,2,0.1,0.1,0.15,60,67.81,1956,1891,55,1836,1186,461,0,130,0,59,0,65,18,1974,1245,591,1974,440317.29,6527.61,522,355,274,147,155,85,54,244,1186,461,0,189
183794,15,-0.07,-0.03,-0.45,-0.25,2,0.1,0.1,0.15,60,49.67,1955,1890,88,1802,0,634,0,273,0,895,0,65,19,1974,895,907,1974,365710.02,5981.05,63,105,132,63,89,47,75,1228,0,634,0,1168
183795,15,-0.07,-0.03,-0.45,-0.25,2,0.1,0.1,0.15,60,79.1,1950,1885,57,1828,1339,0,0,382,0,107,0,65,24,1974,1446,382,1974,1061477.56,10001.75,460,271,192,120,138,71,50,526,1339,0,0,489
183796,15,-0.07,-0.03,-0.45,-0.25,2,0.1,0.2,0.15,20,59.43,1956,1891,35,1856,372,358,395,0,731,0,0,65,18,1974,1103,753,1974,529648.15,6963.23,127,211,246,1272,0,0,0,0,372,358,1126,0
183797,15,-0.07,-0.03,-0.45,-0.25,2,0.1,0.2,0.15,20,58.55,1955,1890,37,1853,0,363,405,0,1085,0,0,65,19,1974,1085,768,1974,481357.5,6549.16,63,105,132,1553,0,0,0,0,0,363,1490,0
183798,15,-0.07,-0.03,-0.45,-0.25,2,0.1,0.2,0.15,20,63.71,1952,1887,35,1852,386,0,672,0,794,0,0,65,22,1974,1180,672,1974,700746.73,8157.42,64,107,121,1560,0,0,0,0,386,0,1466,0
183799,15,-0.07,-0.03,-0.45,-0.25,2,0.1,0.2,0.15,30,56.21,1956,1891,78,1813,541,485,309,0,478,0,0,65,18,1974,1019,794,1974,610273.32,7739.28,127,211,246,146,178,905,0,0,541,485,787,0
183800,15,-0.07,-0.03,-0.45,-0.25,2,0.1,0.2,0.15,30,54.07,1955,1890,85,1805,0,499,330,0,976,0,0,65,19,1974,976,829,1974,506926.04,6813.16,63,105,132,63,89,1353,0,0,0,499,1306,0
183801,15,-0.07,-0.03,-0.45,-0.25,2,0.1,0.2,0.15,30,64.58,1949,1884,80,1804,588,0,639,0,577,0,0,65,25,1974,1165,639,1974,1085800.39,10612.54,64,107,121,94,115,1303,0,0,588,0,1216,0
183802,15,-0.07,-0.03,-0.45,-0.25,2,0.1,0.2,0.15,40,54.14,1956,1891,81,1810,632,584,188,58,143,205,0,65,18,1974,980,830,1974,553986.87,7723.52,127,211,246,146,178,118,115,669,632,584,331,263
183803,15,-0.07,-0.03,-0.45,-0.25,2,0.1,0.2,0.15,40,50.94,1955,1890,88,1802,0,609,216,59,296,622,0,65,19,1974,918,884,1974,443991.8,6538.52,63,105,132,63,89,47,75,1228,0,609,512,681
183804,15,-0.07,-0.03,-0.45,-0.25,2,0.1,0.2,0.15,40,66.33,1949,1884,84,1800,710,0,453,153,193,291,0,65,25,1974,1194,606,1974,1333398.54,12165.81,64,107,121,94,115,87,82,1130,710,0,646,444
183805,15,-0.07,-0.03,-0.45,-0.25,2,0.1,0.2,0.15,50,53.59,1956,1891,81,1810,635,604,0,236,0,335,0,65,18,1974,970,840,1974,510418.8,7456.06,127,211,246,146,178,118,115,669,635,604,0,571
183806,15,-0.07,-0.03,-0.45,-0.25,2,0.1,0.2,0.15,50,49.67,1955,1890,88,1802,0,634,0,273,0,895,0,65,19,1974,895,907,1974,365710.02,5981.05,63,105,132,63,89,47,75,1228,0,634,0,1168
183807,15,-0.07,-0.03,-0.45,-0.25,2,0.1,0.2,0.15,50,66.39,1949,1884,84,1800,713,0,0,605,0,482,0,65,25,1974,1195,605,1974,1272412.29,11808.62,64,107,121,94,115,87,82,1130,713,0,0,1087
183808,15,-0.07,-0.03,-0.45,-0.25,2,0.1,0.2,0.15,60,53.59,1956,1891,81,1810,635,604,0,236,0,335,0,65,18,1974,970,840,1974,510418.8,7456.06,127,211,246,146,178,118,115,669,635,604,0,571
183809,15,-0.07,-0.03,-0.45,-0.25,2,0.1,0.2,0.15,60,49.67,1955,1890,88,1802,0,634,0,273,0,895,0,65,19,1974,895,907,1974,365710.02,5981.05,63,105,132,63,89,47,75,1228,0,634,0,1168
183810,15,-0.07,-0.03,-0.45,-0.25,2,0.1,0.2,0.15,60,66.39,1949,1884,84,1800,713,0,0,605,0,482,0,65,25,1974,1195,605,1974,1272412.29,11808.62,64,107,121,94,115,87,82,1130,713,0,0,1087
183811,15,-0.07,-0.03,-0.45,-0.25,2,0.2,0.1,0.15,20,61.87,1956,1891,29,1862,908,313,397,0,244,0,0,65,18,1974,1152,710,1974,300319.84,3111.7,497,331,252,782,0,0,0,0,908,313,641,0
183812,15,-0.07,-0.03,-0.45,-0.25,2,0.2,0.1,0.15,20,53.59,1955,1890,37,1853,0,363,497,0,993,0,0,65,19,1974,993,860,1974,284993.16,3021.9,63,105,132,1553,0,0,0,0,0,363,1490,0
183813,15,-0.07,-0.03,-0.45,-0.25,2,0.2,0.1,0.15,20,64.37,1952,1887,29,1858,933,0,662,0,263,0,0,65,22,1974,1196,662,1974,413716.93,4240.36,434,239,157,1028,0,0,0,0,933,0,925,0
183814,15,-0.07,-0.03,-0.45,-0.25,2,0.2,0.1,0.15,30,63.89,1956,1891,55,1836,1067,403,260,0,106,0,0,65,18,1974,1173,663,1974,341378.39,3566.05,497,331,252,141,147,468,0,0,1067,403,366,0
183815,15,-0.07,-0.03,-0.45,-0.25,2,0.2,0.1,0.15,30,50.03,1955,1890,85,1805,0,499,403,0,903,0,0,65,19,1974,903,902,1974,232956.96,2560.81,63,105,132,63,89,1353,0,0,0,499,1306,0
183816,15,-0.07,-0.03,-0.45,-0.25,2,0.2,0.1,0.15,30,69.04,1950,1885,57,1828,1127,0,566,0,135,0,0,65,24,1974,1262,566,1974,582101.94,5992.17,434,239,157,103,112,783,0,0,1127,0,701,0
183817,15,-0.07,-0.03,-0.45,-0.25,2,0.2,0.1,0.15,40,64.01,1956,1891,57,1834,1113,478,127,55,35,26,0,65,18,1974,1174,660,1974,295124.38,3076.79,497,331,252,141,147,102,63,301,1113,478,162,81
183818,15,-0.07,-0.03,-0.45,-0.25,2,0.2,0.1,0.15,40,47.56,1955,1890,88,1802,0,609,247,89,265,592,0,65,19,1974,857,945,1974,163129.66,1770.33,63,105,132,63,89,47,75,1228,0,609,512,681
183819,15,-0.07,-0.03,-0.45,-0.25,2,0.2,0.1,0.15,40,71.34,1950,1885,60,1825,1207,0,346,177,42,53,0,65,24,1974,1302,523,1974,640074.73,6568.04,434,239,157,103,112,82,41,657,1207,0,388,230
183820,15,-0.07,-0.03,-0.45,-0.25,2,0.2,0.1,0.15,50,63.74,1956,1891,57,1834,1114,487,0,178,0,55,0,65,18,1974,1169,665,1974,283895.8,2960.53,497,331,252,141,147,102,63,301,1114,487,0,233
183821,15,-0.07,-0.03,-0.45,-0.25,2,0.2,0.1,0.15,50,46.34,1955,1890,88,1802,0,634,0,333,0,835,0,65,19,1974,835,967,1974,108342.38,1190.32,63,105,132,63,89,47,75,1228,0,634,0,1168
183822,15,-0.07,-0.03,-0.45,-0.25,2,0.2,0.1,0.15,50,71.12,1950,1885,60,1825,1208,0,0,527,0,90,0,65,24,1974,1298,527,1974,622625.57,6387.16,434,239,157,103,112,82,41,657,1208,0,0,617
183823,15,-0.07,-0.03,-0.45,-0.25,2,0.2,0.1,0.15,60,63.74,1956,1891,57,1834,1114,487,0,178,0,55,0,65,18,1974,1169,665,1974,283895.8,2960.53,497,331,252,141,147,102,63,301,1114,487,0,233
183824,15,-0.07,-0.03,-0.45,-0.25,2,0.2,0.1,0.15,60,46.34,1955,1890,88,1802,0,634,0,333,0,835,0,65,19,1974,835,967,1974,108342.38,1190.32,63,105,132,63,89,47,75,1228,0,634,0,1168
183825,15,-0.07,-0.03,-0.45,-0.25,2,0.2,0.1,0.15,60,71.12,1950,1885,60,1825,1208,0,0,527,0,90,0,65,24,1974,1298,527,1974,622625.57,6387.16,434,239,157,103,112,82,41,657,1208,0,0,617
183826,15,-0.07,-0.03,-0.45,-0.25,2,0.2,0.2,0.15,20,54.58,1956,1891,35,1856,346,358,485,0,667,0,0,65,18,1974,1013,843,1974,334182.7,3496.03,125,205,239,1287,0,0,0,0,346,358,1152,0
183827,15,-0.07,-0.03,-0.45,-0.25,2,0.2,0.2,0.15,20,53.59,1955,1890,37,1853,0,363,497,0,993,0,0,65,19,1974,993,860,1974,284993.16,3021.9,63,105,132,1553,0,0,0,0,0,363,1490,0
183828,15,-0.07,-0.03,-0.45,-0.25,2,0.2,0.2,0.15,20,56.86,1952,1887,35,1852,352,0,799,0,701,0,0,65,22,1974,1053,799,1974,428299.1,4433.69,62,100,112,1578,0,0,0,0,352,0,1500,0
183829,15,-0.07,-0.03,-0.45,-0.25,2,0.2,0.2,0.15,30,52.23,1956,1891,78,1813,492,486,380,0,455,0,0,65,18,1974,947,866,1974,340594.27,3606.25,125,205,239,135,163,946,0,0,492,486,835,0
183830,15,-0.07,-0.03,-0.45,-0.25,2,0.2,0.2,0.15,30,50.03,1955,1890,85,1805,0,499,403,0,903,0,0,65,19,1974,903,902,1974,232956.96,2560.81,63,105,132,63,89,1353,0,0,0,499,1306,0
183831,15,-0.07,-0.03,-0.45,-0.25,2,0.2,0.2,0.15,30,57.65,1949,1884,80,1804,516,0,764,0,524,0,0,65,25,1974,1040,764,1974,590394.75,6122.94,62,100,112,78,93,1359,0,0,516,0,1288,0
183832,15,-0.07,-0.03,-0.45,-0.25,2,0.2,0.2,0.15,40,50.66,1956,1891,81,1810,575,587,219,87,126,216,0,65,18,1974,917,893,1974,308974.53,3285.62,125,205,239,135,163,111,117,715,575,587,345,303
183833,15,-0.07,-0.03,-0.45,-0.25,2,0.2,0.2,0.15,40,47.56,1955,1890,88,1802,0,609,247,89,265,592,0,65,19,1974,857,945,1974,163129.66,1770.33,63,105,132,63,89,47,75,1228,0,609,512,681
183834,15,-0.07,-0.03,-0.45,-0.25,2,0.2,0.2,0.15,40,58.44,1949,1884,84,1800,617,0,526,222,146,289,0,65,25,1974,1052,748,1974,705428.31,7301.37,62,100,112,78,93,71,73,1211,617,0,672,511
183835,15,-0.07,-0.03,-0.45,-0.25,2,0.2,0.2,0.15,50,50.06,1956,1891,81,1810,578,608,0,296,0,328,0,65,18,1974,906,904,1974,279453.87,2978.81,125,205,239,135,163,111,117,715,578,608,0,624
183836,15,-0.07,-0.03,-0.45,-0.25,2,0.2,0.2,0.15,50,46.34,1955,1890,88,1802,0,634,0,333,0,835,0,65,19,1974,835,967,1974,108342.38,1190.32,63,105,132,63,89,47,75,1228,0,634,0,1168
183837,15,-0.07,-0.03,-0.45,-0.25,2,0.2,0.2,0.15,50,58.0,1949,1884,84,1800,620,0,0,756,0,424,0,65,25,1974,1044,756,1974,665983.98,6892.03,62,100,112,78,93,71,73,1211,620,0,0,1180
183838,15,-0.07,-0.03,-0.45,-0.25,2,0.2,0.2,0.15,60,50.06,1956,1891,81,1810,578,608,0,296,0,328,0,65,18,1974,906,904,1974,279453.87,2978.81,125,205,239,135,163,111,117,715,578,608,0,624
183839,15,-0.07,-0.03,-0.45,-0.25,2,0.2,0.2,0.15,60,46.34,1955,1890,88,1802,0,634,0,333,0,835,0,65,19,1974,835,967,1974,108342.38,1190.32,63,105,132,63,89,47,75,1228,0,634,0,1168
183840,15,-0.07,-0.03,-0.45,-0.25,2,0.2,0.2,0.15,60,58.0,1949,1884,84,1800,620,0,0,756,0,424,0,65,25,1974,1044,756,1974,665983.98,6892.03,62,100,112,78,93,71,73,1211,620,0,0,1180
183841,15,-0.07,-0.03,-0.4,-0.35,1,0.1,0.1,0.15,20,64.07,518,498,11,487,266,81,94,0,46,0,0,20,5,523,312,175,523,108219.21,1113.5,141,96,80,170,0,0,0,0,266,81,140,0
183842,15,-0.07,-0.03,-0.4,-0.35,1,0.1,0.1,0.15,20,55.17,517,497,13,484,0,91,126,0,267,0,0,20,6,523,267,217,523,116077.11,1202.2,17,31,23,413,0,0,0,0,0,91,393,0
183843,15,-0.07,-0.03,-0.4,-0.35,1,0.1,0.1,0.15,20,67.63,516,496,11,485,273,0,157,0,55,0,0,20,7,523,328,157,523,154317.16,1580.22,124,68,61,232,0,0,0,0,273,0,212,0
183844,15,-0.07,-0.03,-0.4,-0.35,1,0.1,0.1,0.15,30,67.78,518,498,17,481,311,104,51,0,15,0,0,20,5,523,326,155,523,124802.47,1293.15,141,96,80,30,34,100,0,0,311,104,66,0
183845,15,-0.07,-0.03,-0.4,-0.35,1,0.1,0.1,0.15,30,54.09,517,497,20,477,0,122,97,0,258,0,0,20,6,523,258,219,523,117996.91,1255.77,17,31,23,20,15,371,0,0,0,122,355,0
183846,15,-0.07,-0.03,-0.4,-0.35,1,0.1,0.1,0.15,30,73.64,516,496,18,478,327,0,126,0,25,0,0,20,7,523,352,126,523,209473.55,2157.25,124,68,61,20,29,176,0,0,327,0,151,0
183847,15,-0.07,-0.03,-0.4,-0.35,1,0.1,0.1,0.15,40,67.98,518,498,17,481,318,126,18,10,3,6,0,20,5,523,327,154,523,110297.79,1144.61,141,96,80,30,34,34,12,54,318,126,21,16
183848,15,-0.07,-0.03,-0.4,-0.35,1,0.1,0.1,0.15,40,52.41,517,497,20,477,0,158,52,17,79,171,0,20,6,523,250,227,523,94583.82,954.82,17,31,23,20,15,16,20,335,0,158,131,188
183849,15,-0.07,-0.03,-0.4,-0.35,1,0.1,0.1,0.15,40,76.94,516,496,19,477,344,0,69,41,6,17,0,20,7,523,367,110,523,221479.28,2280.58,124,68,61,20,29,25,8,142,344,0,75,58
183850,15,-0.07,-0.03,-0.4,-0.35,1,0.1,0.1,0.15,50,67.57,518,498,17,481,318,126,0,30,0,7,0,20,5,523,325,156,523,108768.75,1127.86,141,96,80,30,34,34,12,54,318,126,0,37
183851,15,-0.07,-0.03,-0.4,-0.35,1,0.1,0.1,0.15,50,50.73,517,497,20,477,0,162,0,73,0,242,0,20,6,523,242,235,523,78580.56,782.64,17,31,23,20,15,16,20,335,0,162,0,315
183852,15,-0.07,-0.03,-0.4,-0.35,1,0.1,0.1,0.15,50,76.73,516,496,19,477,344,0,0,111,0,22,0,20,7,523,366,111,523,222348.64,2289.03,124,68,61,20,29,25,8,142,344,0,0,133
183853,15,-0.07,-0.03,-0.4,-0.35,1,0.1,0.1,0.15,60,67.57,518,498,17,481,318,126,0,30,0,7,0,20,5,523,325,156,523,108768.75,1127.86,141,96,80,30,34,34,12,54,318,126,0,37
183854,15,-0.07,-0.03,-0.4,-0.35,1,0.1,0.1,0.15,60,50.73,517,497,20,477,0,162,0,73,0,242,0,20,6,523,242,235,523,78580.56,782.64,17,31,23,20,15,16,20,335,0,162,0,315
183855,15,-0.07,-0.03,-0.4,-0.35,1,0.1,0.1,0.15,60,76.73,516,496,19,477,344,0,0,111,0,22,0,20,7,523,366,111,523,222348.64,2289.03,124,68,61,20,29,25,8,142,344,0,0,133
183856,15,-0.07,-0.03,-0.4,-0.35,1,0.1,0.2,0.15,20,56.17,518,498,12,486,101,90,123,0,172,0,0,20,5,523,273,213,523,128840.24,1317.53,35,55,62,334,0,0,0,0,101,90,295,0
183857,15,-0.07,-0.03,-0.4,-0.35,1,0.1,0.2,0.15,20,55.17,517,497,13,484,0,91,126,0,267,0,0,20,6,523,267,217,523,116077.11,1202.2,17,31,23,413,0,0,0,0,0,91,393,0
183858,15,-0.07,-0.03,-0.4,-0.35,1,0.1,0.2,0.15,20,59.3,516,496,12,484,102,0,197,0,185,0,0,20,7,523,287,197,523,174658.54,1781.44,18,24,39,403,0,0,0,0,102,0,382,0
183859,15,-0.07,-0.03,-0.4,-0.35,1,0.1,0.2,0.15,30,55.95,518,498,19,479,144,121,90,0,124,0,0,20,5,523,268,211,523,147243.8,1514.46,35,55,62,39,45,243,0,0,144,121,214,0
183860,15,-0.07,-0.03,-0.4,-0.35,1,0.1,0.2,0.15,30,54.09,517,497,20,477,0,122,97,0,258,0,0,20,6,523,258,219,523,117996.91,1255.77,17,31,23,20,15,371,0,0,0,122,355,0
183861,15,-0.07,-0.03,-0.4,-0.35,1,0.1,0.2,0.15,30,62.18,516,496,20,476,153,0,180,0,143,0,0,20,7,523,296,180,523,242639.27,2483.75,18,24,39,21,34,340,0,0,153,0,323,0
183862,15,-0.07,-0.03,-0.4,-0.35,1,0.1,0.2,0.15,40,55.53,518,498,19,479,173,153,43,17,31,62,0,20,5,523,266,213,523,142921.49,1482.22,35,55,62,39,45,29,35,179,173,153,74,79
183863,15,-0.07,-0.03,-0.4,-0.35,1,0.1,0.2,0.15,40,52.41,517,497,20,477,0,158,52,17,79,171,0,20,6,523,250,227,523,94583.82,954.82,17,31,23,20,15,16,20,335,0,158,131,188
183864,15,-0.07,-0.03,-0.4,-0.35,1,0.1,0.2,0.15,40,64.42,516,496,21,475,186,0,117,52,37,83,0,20,7,523,306,169,523,271017.76,2788.46,18,24,39,21,34,17,26,296,186,0,154,135
183865,15,-0.07,-0.03,-0.4,-0.35,1,0.1,0.2,0.15,50,54.49,518,498,19,479,175,157,0,61,0,86,0,20,5,523,261,218,523,135702.3,1408.17,35,55,62,39,45,29,35,179,175,157,0,147
183866,15,-0.07,-0.03,-0.4,-0.35,1,0.1,0.2,0.15,50,50.73,517,497,20,477,0,162,0,73,0,242,0,20,6,523,242,235,523,78580.56,782.64,17,31,23,20,15,16,20,335,0,162,0,315
183867,15,-0.07,-0.03,-0.4,-0.35,1,0.1,0.2,0.15,50,63.79,516,496,21,475,188,0,0,172,0,115,0,20,7,523,303,172,523,264049.56,2718.08,18,24,39,21,34,17,26,296,188,0,0,287
183868,15,-0.07,-0.03,-0.4,-0.35,1,0.1,0.2,0.15,60,54.49,518,498,19,479,175,157,0,61,0,86,0,20,5,523,261,218,523,135702.3,1408.17,35,55,62,39,45,29,35,179,175,157,0,147
183869,15,-0.07,-0.03,-0.4,-0.35,1,0.1,0.2,0.15,60,50.73,517,497,20,477,0,162,0,73,0,242,0,20,6,523,242,235,523,78580.56,782.64,17,31,23,20,15,16,20,335,0,162,0,315
183870,15,-0.07,-0.03,-0.4,-0.35,1,0.1,0.2,0.15,60,63.79,516,496,21,475,188,0,0,172,0,115,0,20,7,523,303,172,523,264049.56,2718.08,18,24,39,21,34,17,26,296,188,0,0,287
183871,15,-0.07,-0.03,-0.4,-0.35,1,0.2,0.1,0.15,20,64.07,518,498,11,487,266,81,94,0,46,0,0,20,5,523,312,175,523,108219.21,1113.5,141,96,80,170,0,0,0,0,266,81,140,0
183872,15,-0.07,-0.03,-0.4,-0.35,1,0.2,0.1,0.15,20,55.17,517,497,13,484,0,91,126,0,267,0,0,20,6,523,267,217,523,116077.11,1202.2,17,31,23,413,0,0,0,0,0,91,393,0
183873,15,-0.07,-0.03,-0.4,-0.35,1,0.2,0.1,0.15,20,67.63,516,496,11,485,273,0,157,0,55,0,0,20,7,523,328,157,523,154317.16,1580.22,124,68,61,232,0,0,0,0,273,0,212,0
183874,15,-0.07,-0.03,-0.4,-0.35,1,0.2,0.1,0.15,30,67.78,518,498,17,481,311,104,51,0,15,0,0,20,5,523,326,155,523,124802.47,1293.15,141,96,80,30,34,100,0,0,311,104,66,0
183875,15,-0.07,-0.03,-0.4,-0.35,1,0.2,0.1,0.15,30,54.09,517,497,20,477,0,122,97,0,258,0,0,20,6,523,258,219,523,117996.91,1255.77,17,31,23,20,15,371,0,0,0,122,355,0
183876,15,-0.07,-0.03,-0.4,-0.35,1,0.2,0.1,0.15,30,73.64,516,496,18,478,327,0,126,0,25,0,0,20,7,523,352,126,523,209473.55,2157.25,124,68,61,20,29,176,0,0,327,0,151,0
183877,15,-0.07,-0.03,-0.4,-0.35,1,0.2,0.1,0.15,40,67.98,518,498,17,481,318,126,18,10,3,6,0,20,5,523,327,154,523,110297.79,1144.61,141,96,80,30,34,34,12,54,318,126,21,16
183878,15,-0.07,-0.03,-0.4,-0.35,1,0.2,0.1,0.15,40,52.41,517,497,20,477,0,158,52,17,79,171,0,20,6,523,250,227,523,94583.82,954.82,17,31,23,20,15,16,20,335,0,158,131,188
183879,15,-0.07,-0.03,-0.4,-0.35,1,0.2,0.1,0.15,40,76.94,516,496,19,477,344,0,69,41,6,17,0,20,7,523,367,110,523,221479.28,2280.58,124,68,61,20,29,25,8,142,344,0,75,58
183880,15,-0.07,-0.03,-0.4,-0.35,1,0.2,0.1,0.15,50,67.57,518,498,17,481,318,126,0,30,0,7,0,20,5,523,325,156,523,108768.75,1127.86,141,96,80,30,34,34,12,54,318,126,0,37
183881,15,-0.07,-0.03,-0.4,-0.35,1,0.2,0.1,0.15,50,50.73,517,497,20,477,0,162,0,73,0,242,0,20,6,523,242,235,523,78580.56,782.64,17,31,23,20,15,16,20,335,0,162,0,315
183882,15,-0.07,-0.03,-0.4,-0.35,1,0.2,0.1,0.15,50,76.73,516,496,19,477,344,0,0,111,0,22,0,20,7,523,366,111,523,222348.64,2289.03,124,68,61,20,29,25,8,142,344,0,0,133
183883,15,-0.07,-0.03,-0.4,-0.35,1,0.2,0.1,0.15,60,67.57,518,498,17,481,318,126,0,30,0,7,0,20,5,523,325,156,523,108768.75,1127.86,141,96,80,30,34,34,12,54,318,126,0,37
183884,15,-0.07,-0.03,-0.4,-0.35,1,0.2,0.1,0.15,60,50.73,517,497,20,477,0,162,0,73,0,242,0,20,6,523,242,235,523,78580.56,782.64,17,31,23,20,15,16,20,335,0,162,0,315
183885,15,-0.07,-0.03,-0.4,-0.35,1,0.2,0.1,0.15,60,76.73,516,496,19,477,344,0,0,111,0,22,0,20,7,523,366,111,523,222348.64,2289.03,124,68,61,20,29,25,8,142,344,0,0,133
183886,15,-0.07,-0.03,-0.4,-0.35,1,0.2,0.2,0.15,20,56.17,518,498,12,486,101,90,123,0,172,0,0,20,5,523,273,213,523,128840.24,1317.53,35,55,62,334,0,0,0,0,101,90,295,0
183887,15,-0.07,-0.03,-0.4,-0.35,1,0.2,0.2,0.15,20,55.17,517,497,13,484,0,91,126,0,267,0,0,20,6,523,267,217,523,116077.11,1202.2,17,31,23,413,0,0,0,0,0,91,393,0
183888,15,-0.07,-0.03,-0.4,-0.35,1,0.2,0.2,0.15,20,59.3,516,496,12,484,102,0,197,0,185,0,0,20,7,523,287,197,523,174658.54,1781.44,18,24,39,403,0,0,0,0,102,0,382,0
183889,15,-0.07,-0.03,-0.4,-0.35,1,0.2,0.2,0.15,30,55.95,518,498,19,479,144,121,90,0,124,0,0,20,5,523,268,211,523,147243.8,1514.46,35,55,62,39,45,243,0,0,144,121,214,0
183890,15,-0.07,-0.03,-0.4,-0.35,1,0.2,0.2,0.15,30,54.09,517,497,20,477,0,122,97,0,258,0,0,20,6,523,258,219,523,117996.91,1255.77,17,31,23,20,15,371,0,0,0,122,355,0
183891,15,-0.07,-0.03,-0.4,-0.35,1,0.2,0.2,0.15,30,62.18,516,496,20,476,153,0,180,0,143,0,0,20,7,523,296,180,523,242639.27,2483.75,18,24,39,21,34,340,0,0,153,0,323,0
183892,15,-0.07,-0.03,-0.4,-0.35,1,0.2,0.2,0.15,40,55.53,518,498,19,479,173,153,43,17,31,62,0,20,5,523,266,213,523,142921.49,1482.22,35,55,62,39,45,29,35,179,173,153,74,79
183893,15,-0.07,-0.03,-0.4,-0.35,1,0.2,0.2,0.15,40,52.41,517,497,20,477,0,158,52,17,79,171,0,20,6,523,250,227,523,94583.82,954.82,17,31,23,20,15,16,20,335,0,158,131,188
183894,15,-0.07,-0.03,-0.4,-0.35,1,0.2,0.2,0.15,40,64.42,516,496,21,475,186,0,117,52,37,83,0,20,7,523,306,169,523,271017.76,2788.46,18,24,39,21,34,17,26,296,186,0,154,135
183895,15,-0.07,-0.03,-0.4,-0.35,1,0.2,0.2,0.15,50,54.49,518,498,19,479,175,157,0,61,0,86,0,20,5,523,261,218,523,135702.3,1408.17,35,55,62,39,45,29,35,179,175,157,0,147
183896,15,-0.07,-0.03,-0.4,-0.35,1,0.2,0.2,0.15,50,50.73,517,497,20,477,0,162,0,73,0,242,0,20,6,523,242,235,523,78580.56,782.64,17,31,23,20,15,16,20,335,0,162,0,315
183897,15,-0.07,-0.03,-0.4,-0.35,1,0.2,0.2,0.15,50,63.79,516,496,21,475,188,0,0,172,0,115,0,20,7,523,303,172,523,264049.56,2718.08,18,24,39,21,34,17,26,296,188,0,0,287
183898,15,-0.07,-0.03,-0.4,-0.35,1,0.2,0.2,0.15,60,54.49,518,498,19,479,175,157,0,61,0,86,0,20,5,523,261,218,523,135702.3,1408.17,35,55,62,39,45,29,35,179,175,157,0,147
183899,15,-0.07,-0.03,-0.4,-0.35,1,0.2,0.2,0.15,60,50.73,517,497,20,477,0,162,0,73,0,242,0,20,6,523,242,235,523,78580.56,782.64,17,31,23,20,15,16,20,335,0,162,0,315
183900,15,-0.07,-0.03,-0.4,-0.35,1,0.2,0.2,0.15,60,63.79,516,496,21,475,188,0,0,172,0,115,0,20,7,523,303,172,523,264049.56,2718.08,18,24,39,21,34,17,26,296,188,0,0,287
183901,15,-0.07,-0.03,-0.4,-0.35,2,0.1,0.1,0.15,20,69.82,518,498,11,487,291,79,68,0,49,0,0,20,5,523,340,147,523,162441.59,1925.35,147,106,81,153,0,0,0,0,291,79,117,0
183902,15,-0.07,-0.03,-0.4,-0.35,2,0.1,0.1,0.15,20,61.36,517,497,13,484,0,91,96,0,297,0,0,20,6,523,297,187,523,166138.67,2089.08,17,31,23,413,0,0,0,0,0,91,393,0
183903,15,-0.07,-0.03,-0.4,-0.35,2,0.1,0.1,0.15,20,75.26,516,496,11,485,308,0,120,0,57,0,0,20,7,523,365,120,523,248753.11,2447.73,130,80,68,207,0,0,0,0,308,0,177,0
183904,15,-0.07,-0.03,-0.4,-0.35,2,0.1,0.1,0.15,30,71.73,518,498,17,481,329,101,35,0,16,0,0,20,5,523,345,136,523,172449.26,2091.43,147,106,81,36,35,76,0,0,329,101,51,0
183905,15,-0.07,-0.03,-0.4,-0.35,2,0.1,0.1,0.15,30,57.23,517,497,20,477,0,122,82,0,273,0,0,20,6,523,273,204,523,190244.7,2328.82,17,31,23,20,15,371,0,0,0,122,355,0
183906,15,-0.07,-0.03,-0.4,-0.35,2,0.1,0.1,0.15,30,82.05,516,496,17,479,360,0,86,0,33,0,0,20,7,523,393,86,523,334262.13,3022.98,130,80,68,30,33,138,0,0,360,0,119,0
183907,15,-0.07,-0.03,-0.4,-0.35,2,0.1,0.1,0.15,40,71.73,518,498,17,481,336,119,11,6,4,5,0,20,5,523,345,136,523,155353.11,2027.07,147,106,81,36,35,25,13,38,336,119,15,11
183908,15,-0.07,-0.03,-0.4,-0.35,2,0.1,0.1,0.15,40,55.35,517,497,20,477,0,158,45,10,86,178,0,20,6,523,264,213,523,169992.27,2180.6,17,31,23,20,15,16,20,335,0,158,131,188
183909,15,-0.07,-0.03,-0.4,-0.35,2,0.1,0.1,0.15,40,84.73,516,496,18,478,386,0,48,25,7,12,0,20,7,523,405,73,523,369497.15,3227.8,130,80,68,30,33,19,20,98,386,0,55,37
183910,15,-0.07,-0.03,-0.4,-0.35,2,0.1,0.1,0.15,50,71.1,518,498,17,481,336,119,0,20,0,6,0,20,5,523,342,139,523,151793.51,2006.85,147,106,81,36,35,25,13,38,336,119,0,26
183911,15,-0.07,-0.03,-0.4,-0.35,2,0.1,0.1,0.15,50,53.46,517,497,20,477,0,162,0,60,0,255,0,20,6,523,255,222,523,147769.43,2010.14,17,31,23,20,15,16,20,335,0,162,0,315
183912,15,-0.07,-0.03,-0.4,-0.35,2,0.1,0.1,0.15,50,84.73,516,496,18,478,387,0,0,73,0,18,0,20,7,523,405,73,523,368327.79,3219.53,130,80,68,30,33,19,20,98,387,0,0,91
183913,15,-0.07,-0.03,-0.4,-0.35,2,0.1,0.1,0.15,60,71.1,518,498,17,481,336,119,0,20,0,6,0,20,5,523,342,139,523,151793.51,2006.85,147,106,81,36,35,25,13,38,336,119,0,26
183914,15,-0.07,-0.03,-0.4,-0.35,2,0.1,0.1,0.15,60,53.46,517,497,20,477,0,162,0,60,0,255,0,20,6,523,255,222,523,147769.43,2010.14,17,31,23,20,15,16,20,335,0,162,0,315
183915,15,-0.07,-0.03,-0.4,-0.35,2,0.1,0.1,0.15,60,84.73,516,496,18,478,387,0,0,73,0,18,0,20,7,523,405,73,523,368327.79,3219.53,130,80,68,30,33,19,20,98,387,0,0,91
183916,15,-0.07,-0.03,-0.4,-0.35,2,0.1,0.2,0.15,20,61.93,518,498,12,486,108,90,95,0,193,0,0,20,5,523,301,185,523,186866.23,2212.26,36,58,66,326,0,0,0,0,108,90,288,0
183917,15,-0.07,-0.03,-0.4,-0.35,2,0.1,0.2,0.15,20,61.36,517,497,13,484,0,91,96,0,297,0,0,20,6,523,297,187,523,166138.67,2089.08,17,31,23,413,0,0,0,0,0,91,393,0
183918,15,-0.07,-0.03,-0.4,-0.35,2,0.1,0.2,0.15,20,67.36,516,496,12,484,111,0,158,0,215,0,0,20,7,523,326,158,523,271998.8,2751.55,19,27,44,394,0,0,0,0,111,0,373,0
183919,15,-0.07,-0.03,-0.4,-0.35,2,0.1,0.2,0.15,30,58.66,518,498,19,479,158,121,77,0,123,0,0,20,5,523,281,198,523,221457.56,2557.68,36,58,66,38,48,233,0,0,158,121,200,0
183920,15,-0.07,-0.03,-0.4,-0.35,2,0.1,0.2,0.15,30,57.23,517,497,20,477,0,122,82,0,273,0,0,20,6,523,273,204,523,190244.7,2328.82,17,31,23,20,15,371,0,0,0,122,355,0
183921,15,-0.07,-0.03,-0.4,-0.35,2,0.1,0.2,0.15,30,69.33,516,496,20,476,172,0,146,0,158,0,0,20,7,523,330,146,523,401071.9,3607.57,19,27,44,21,40,325,0,0,172,0,304,0
183922,15,-0.07,-0.03,-0.4,-0.35,2,0.1,0.2,0.15,40,58.66,518,498,19,479,189,153,35,10,33,59,0,20,5,523,281,198,523,207139.63,2588.42,36,58,66,38,48,33,34,166,189,153,68,69
183923,15,-0.07,-0.03,-0.4,-0.35,2,0.1,0.2,0.15,40,55.35,517,497,20,477,0,158,45,10,86,178,0,20,6,523,264,213,523,169992.27,2180.6,17,31,23,20,15,16,20,335,0,158,131,188
183924,15,-0.07,-0.03,-0.4,-0.35,2,0.1,0.2,0.15,40,71.58,516,496,21,475,210,0,100,35,46,84,0,20,7,523,340,135,523,456196.09,3995.5,19,27,44,21,40,21,26,277,210,0,146,119
183925,15,-0.07,-0.03,-0.4,-0.35,2,0.1,0.2,0.15,50,57.83,518,498,19,479,190,156,0,46,0,87,0,20,5,523,277,202,523,197374.62,2522.24,36,58,66,38,48,33,34,166,190,156,0,133
183926,15,-0.07,-0.03,-0.4,-0.35,2,0.1,0.2,0.15,50,53.46,517,497,20,477,0,162,0,60,0,255,0,20,6,523,255,222,523,147769.43,2010.14,17,31,23,20,15,16,20,335,0,162,0,315
183927,15,-0.07,-0.03,-0.4,-0.35,2,0.1,0.2,0.15,50,72.0,516,496,21,475,211,0,0,133,0,131,0,20,7,523,342,133,523,448163.58,3938.9,19,27,44,21,40,21,26,277,211,0,0,264
183928,15,-0.07,-0.03,-0.4,-0.35,2,0.1,0.2,0.15,60,57.83,518,498,19,479,190,156,0,46,0,87,0,20,5,523,277,202,523,197374.62,2522.24,36,58,66,38,48,33,34,166,190,156,0,133
183929,15,-0.07,-0.03,-0.4,-0.35,2,0.1,0.2,0.15,60,53.46,517,497,20,477,0,162,0,60,0,255,0,20,6,523,255,222,523,147769.43,2010.14,17,31,23,20,15,16,20,335,0,162,0,315
183930,15,-0.07,-0.03,-0.4,-0.35,2,0.1,0.2,0.15,60,72.0,516,496,21,475,211,0,0,133,0,131,0,20,7,523,342,133,523,448163.58,3938.9,19,27,44,21,40,21,26,277,211,0,0,264
183931,15,-0.07,-0.03,-0.4,-0.35,2,0.2,0.1,0.15,20,64.07,518,498,11,487,266,81,94,0,46,0,0,20,5,523,312,175,523,108219.21,1113.5,141,96,80,170,0,0,0,0,266,81,140,0
183932,15,-0.07,-0.03,-0.4,-0.35,2,0.2,0.1,0.15,20,55.17,517,497,13,484,0,91,126,0,267,0,0,20,6,523,267,217,523,116077.11,1202.2,17,31,23,413,0,0,0,0,0,91,393,0
183933,15,-0.07,-0.03,-0.4,-0.35,2,0.2,0.1,0.15,20,67.63,516,496,11,485,273,0,157,0,55,0,0,20,7,523,328,157,523,154317.16,1580.22,124,68,61,232,0,0,0,0,273,0,212,0
183934,15,-0.07,-0.03,-0.4,-0.35,2,0.2,0.1,0.15,30,67.78,518,498,17,481,311,104,51,0,15,0,0,20,5,523,326,155,523,124802.47,1293.15,141,96,80,30,34,100,0,0,311,104,66,0
183935,15,-0.07,-0.03,-0.4,-0.35,2,0.2,0.1,0.15,30,54.09,517,497,20,477,0,122,97,0,258,0,0,20,6,523,258,219,523,117996.91,1255.77,17,31,23,20,15,371,0,0,0,122,355,0
183936,15,-0.07,-0.03,-0.4,-0.35,2,0.2,0.1,0.15,30,73.64,516,496,18,478,327,0,126,0,25,0,0,20,7,523,352,126,523,209473.55,2157.25,124,68,61,20,29,176,0,0,327,0,151,0
183937,15,-0.07,-0.03,-0.4,-0.35,2,0.2,0.1,0.15,40,67.98,518,498,17,481,318,126,18,10,3,6,0,20,5,523,327,154,523,110297.79,1144.61,141,96,80,30,34,34,12,54,318,126,21,16
183938,15,-0.07,-0.03,-0.4,-0.35,2,0.2,0.1,0.15,40,52.41,517,497,20,477,0,158,52,17,79,171,0,20,6,523,250,227,523,94583.82,954.82,17,31,23,20,15,16,20,335,0,158,131,188
183939,15,-0.07,-0.03,-0.4,-0.35,2,0.2,0.1,0.15,40,76.94,516,496,19,477,344,0,69,41,6,17,0,20,7,523,367,110,523,221479.28,2280.58,124,68,61,20,29,25,8,142,344,0,75,58
183940,15,-0.07,-0.03,-0.4,-0.35,2,0.2,0.1,0.15,50,67.57,518,498,17,481,318,126,0,30,0,7,0,20,5,523,325,156,523,108768.75,1127.86,141,96,80,30,34,34,12,54,318,126,0,37
183941,15,-0.07,-0.03,-0.4,-0.35,2,0.2,0.1,0.15,50,50.73,517,497,20,477,0,162,0,73,0,242,0,20,6,523,242,235,523,78580.56,782.64,17,31,23,20,15,16,20,335,0,162,0,315
183942,15,-0.07,-0.03,-0.4,-0.35,2,0.2,0.1,0.15,50,76.73,516,496,19,477,344,0,0,111,0,22,0,20,7,523,366,111,523,222348.64,2289.03,124,68,61,20,29,25,8,142,344,0,0,133
183943,15,-0.07,-0.03,-0.4,-0.35,2,0.2,0.1,0.15,60,67.57,518,498,17,481,318,126,0,30,0,7,0,20,5,523,325,156,523,108768.75,1127.86,141,96,80,30,34,34,12,54,318,126,0,37
183944,15,-0.07,-0.03,-0.4,-0.35,2,0.2,0.1,0.15,60,50.73,517,497,20,477,0,162,0,73,0,242,0,20,6,523,242,235,523,78580.56,782.64,17,31,23,20,15,16,20,335,0,162,0,315
183945,15,-0.07,-0.03,-0.4,-0.35,2,0.2,0.1,0.15,60,76.73,516,496,19,477,344,0,0,111,0,22,0,20,7,523,366,111,523,222348.64,2289.03,124,68,61,20,29,25,8,142,344,0,0,133
183946,15,-0.07,-0.03,-0.4,-0.35,2,0.2,0.2,0.15,20,56.17,518,498,12,486,101,90,123,0,172,0,0,20,5,523,273,213,523,128840.24,1317.53,35,55,62,334,0,0,0,0,101,90,295,0
183947,15,-0.07,-0.03,-0.4,-0.35,2,0.2,0.2,0.15,20,55.17,517,497,13,484,0,91,126,0,267,0,0,20,6,523,267,217,523,116077.11,1202.2,17,31,23,413,0,0,0,0,0,91,393,0
183948,15,-0.07,-0.03,-0.4,-0.35,2,0.2,0.2,0.15,20,59.3,516,496,12,484,102,0,197,0,185,0,0,20,7,523,287,197,523,174658.54,1781.44,18,24,39,403,0,0,0,0,102,0,382,0
183949,15,-0.07,-0.03,-0.4,-0.35,2,0.2,0.2,0.15,30,55.95,518,498,19,479,144,121,90,0,124,0,0,20,5,523,268,211,523,147243.8,1514.46,35,55,62,39,45,243,0,0,144,121,214,0
183950,15,-0.07,-0.03,-0.4,-0.35,2,0.2,0.2,0.15,30,54.09,517,497,20,477,0,122,97,0,258,0,0,20,6,523,258,219,523,117996.91,1255.77,17,31,23,20,15,371,0,0,0,122,355,0
183951,15,-0.07,-0.03,-0.4,-0.35,2,0.2,0.2,0.15,30,62.18,516,496,20,476,153,0,180,0,143,0,0,20,7,523,296,180,523,242639.27,2483.75,18,24,39,21,34,340,0,0,153,0,323,0
183952,15,-0.07,-0.03,-0.4,-0.35,2,0.2,0.2,0.15,40,55.53,518,498,19,479,173,153,43,17,31,62,0,20,5,523,266,213,523,142921.49,1482.22,35,55,62,39,45,29,35,179,173,153,74,79
183953,15,-0.07,-0.03,-0.4,-0.35,2,0.2,0.2,0.15,40,52.41,517,497,20,477,0,158,52,17,79,171,0,20,6,523,250,227,523,94583.82,954.82,17,31,23,20,15,16,20,335,0,158,131,188
183954,15,-0.07,-0.03,-0.4,-0.35,2,0.2,0.2,0.15,40,64.42,516,496,21,475,186,0,117,52,37,83,0,20,7,523,306,169,523,271017.76,2788.46,18,24,39,21,34,17,26,296,186,0,154,135
183955,15,-0.07,-0.03,-0.4,-0.35,2,0.2,0.2,0.15,50,54.49,518,498,19,479,175,157,0,61,0,86,0,20,5,523,261,218,523,135702.3,1408.17,35,55,62,39,45,29,35,179,175,157,0,147
183956,15,-0.07,-0.03,-0.4,-0.35,2,0.2,0.2,0.15,50,50.73,517,497,20,477,0,162,0,73,0,242,0,20,6,523,242,235,523,78580.56,782.64,17,31,23,20,15,16,20,335,0,162,0,315
183957,15,-0.07,-0.03,-0.4,-0.35,2,0.2,0.2,0.15,50,63.79,516,496,21,475,188,0,0,172,0,115,0,20,7,523,303,172,523,264049.56,2718.08,18,24,39,21,34,17,26,296,188,0,0,287
183958,15,-0.07,-0.03,-0.4,-0.35,2,0.2,0.2,0.15,60,54.49,518,498,19,479,175,157,0,61,0,86,0,20,5,523,261,218,523,135702.3,1408.17,35,55,62,39,45,29,35,179,175,157,0,147
183959,15,-0.07,-0.03,-0.4,-0.35,2,0.2,0.2,0.15,60,50.73,517,497,20,477,0,162,0,73,0,242,0,20,6,523,242,235,523,78580.56,782.64,17,31,23,20,15,16,20,335,0,162,0,315
183960,15,-0.07,-0.03,-0.4,-0.35,2,0.2,0.2,0.15,60,63.79,516,496,21,475,188,0,0,172,0,115,0,20,7,523,303,172,523,264049.56,2718.08,18,24,39,21,34,17,26,296,188,0,0,287
183961,15,-0.07,-0.03,-0.4,-0.3,1,0.1,0.1,0.15,20,61.91,1039,1013,18,995,488,165,214,0,128,0,0,26,8,1047,616,379,1047,169205.14,1764.69,264,189,142,400,0,0,0,0,488,165,342,0
183962,15,-0.07,-0.03,-0.4,-0.3,1,0.1,0.1,0.15,20,53.58,1038,1012,21,991,0,192,268,0,531,0,0,26,9,1047,531,460,1047,168259.8,1793.1,29,69,62,831,0,0,0,0,0,192,799,0
183963,15,-0.07,-0.03,-0.4,-0.3,1,0.1,0.1,0.15,20,64.75,1037,1011,18,993,500,0,350,0,143,0,0,26,10,1047,643,350,1047,230189.76,2373.58,235,129,95,534,0,0,0,0,500,0,493,0
183964,15,-0.07,-0.03,-0.4,-0.3,1,0.1,0.1,0.15,30,65.08,1039,1013,28,985,582,209,135,0,59,0,0,26,8,1047,641,344,1047,206610.94,2164.53,264,189,142,58,77,255,0,0,582,209,194,0
183965,15,-0.07,-0.03,-0.4,-0.3,1,0.1,0.1,0.15,30,51.85,1038,1012,38,974,0,256,213,0,505,0,0,26,9,1047,505,469,1047,160509.45,1766.16,29,69,62,32,36,746,0,0,0,256,718,0
183966,15,-0.07,-0.03,-0.4,-0.3,1,0.1,0.1,0.15,30,70.34,1036,1010,29,981,611,0,291,0,79,0,0,26,11,1047,690,291,1047,343652.61,3546.41,235,129,95,41,61,420,0,0,611,0,370,0
183967,15,-0.07,-0.03,-0.4,-0.3,1,0.1,0.1,0.15,40,64.87,1039,1013,28,985,610,254,62,30,15,14,0,26,8,1047,639,346,1047,172546.79,1809.58,264,189,142,58,77,61,43,151,610,254,77,44
183968,15,-0.07,-0.03,-0.4,-0.3,1,0.1,0.1,0.15,40,49.49,1038,1012,38,974,0,323,121,48,159,323,0,26,9,1047,482,492,1047,109224.33,1181.79,29,69,62,32,36,28,45,673,0,323,280,371
183969,15,-0.07,-0.03,-0.4,-0.3,1,0.1,0.1,0.15,40,72.76,1036,1010,30,980,659,0,175,92,21,33,0,26,11,1047,713,267,1047,369602.92,3801.67,235,129,95,41,61,50,30,339,659,0,196,125
183970,15,-0.07,-0.03,-0.4,-0.3,1,0.1,0.1,0.15,50,64.47,1039,1013,28,985,610,257,0,93,0,25,0,26,8,1047,635,350,1047,165726.24,1738.44,264,189,142,58,77,61,43,151,610,257,0,118
183971,15,-0.07,-0.03,-0.4,-0.3,1,0.1,0.1,0.15,50,48.05,1038,1012,38,974,0,335,0,171,0,468,0,26,9,1047,468,506,1047,78551.88,852.59,29,69,62,32,36,28,45,673,0,335,0,639
183972,15,-0.07,-0.03,-0.4,-0.3,1,0.1,0.1,0.15,50,72.45,1036,1010,30,980,659,0,0,270,0,51,0,26,11,1047,710,270,1047,363989.19,3742.25,235,129,95,41,61,50,30,339,659,0,0,321
183973,15,-0.07,-0.03,-0.4,-0.3,1,0.1,0.1,0.15,60,64.47,1039,1013,28,985,610,257,0,93,0,25,0,26,8,1047,635,350,1047,165726.24,1738.44,264,189,142,58,77,61,43,151,610,257,0,118
183974,15,-0.07,-0.03,-0.4,-0.3,1,0.1,0.1,0.15,60,48.05,1038,1012,38,974,0,335,0,171,0,468,0,26,9,1047,468,506,1047,78551.88,852.59,29,69,62,32,36,28,45,673,0,335,0,639
183975,15,-0.07,-0.03,-0.4,-0.3,1,0.1,0.1,0.15,60,72.45,1036,1010,30,980,659,0,0,270,0,51,0,26,11,1047,710,270,1047,363989.19,3742.25,235,129,95,41,61,50,30,339,659,0,0,321
183976,15,-0.07,-0.03,-0.4,-0.3,1,0.1,0.2,0.15,20,54.63,1039,1013,19,994,199,189,262,0,344,0,0,26,8,1047,543,451,1047,202431.04,2120.6,63,117,134,680,0,0,0,0,199,189,606,0
183977,15,-0.07,-0.03,-0.4,-0.3,1,0.1,0.2,0.15,20,53.58,1038,1012,21,991,0,192,268,0,531,0,0,26,9,1047,531,460,1047,168259.8,1793.1,29,69,62,831,0,0,0,0,0,192,799,0
183978,15,-0.07,-0.03,-0.4,-0.3,1,0.1,0.2,0.15,20,57.16,1037,1011,19,992,201,0,425,0,366,0,0,26,10,1047,567,425,1047,255824.79,2652.97,34,48,75,835,0,0,0,0,201,0,791,0
183979,15,-0.07,-0.03,-0.4,-0.3,1,0.1,0.2,0.15,30,53.89,1039,1013,35,978,270,250,201,0,257,0,0,26,8,1047,527,451,1047,226364.75,2394.29,63,117,134,74,74,516,0,0,270,250,458,0
183980,15,-0.07,-0.03,-0.4,-0.3,1,0.1,0.2,0.15,30,51.85,1038,1012,38,974,0,256,213,0,505,0,0,26,9,1047,505,469,1047,160509.45,1766.16,29,69,62,32,36,746,0,0,0,256,718,0
183981,15,-0.07,-0.03,-0.4,-0.3,1,0.1,0.2,0.15,30,59.4,1035,1009,36,973,283,0,395,0,295,0,0,26,12,1047,578,395,1047,370076.61,3839.88,34,48,75,44,47,725,0,0,283,0,690,0
183982,15,-0.07,-0.03,-0.4,-0.3,1,0.1,0.2,0.15,40,52.45,1039,1013,35,978,321,312,107,46,65,127,0,26,8,1047,513,465,1047,202561.7,2160.72,63,117,134,74,74,58,70,388,321,312,172,173
183983,15,-0.07,-0.03,-0.4,-0.3,1,0.1,0.2,0.15,40,49.49,1038,1012,38,974,0,323,121,48,159,323,0,26,9,1047,482,492,1047,109224.33,1181.79,29,69,62,32,36,28,45,673,0,323,280,371
183984,15,-0.07,-0.03,-0.4,-0.3,1,0.1,0.2,0.15,40,60.6,1035,1009,37,972,341,0,267,116,77,171,0,26,12,1047,589,383,1047,424352.95,4401.38,34,48,75,44,47,35,42,647,341,0,344,287
183985,15,-0.07,-0.03,-0.4,-0.3,1,0.1,0.2,0.15,50,51.74,1039,1013,35,978,324,322,0,150,0,182,0,26,8,1047,506,472,1047,187760.08,2007.28,63,117,134,74,74,58,70,388,324,322,0,332
183986,15,-0.07,-0.03,-0.4,-0.3,1,0.1,0.2,0.15,50,48.05,1038,1012,38,974,0,335,0,171,0,468,0,26,9,1047,468,506,1047,78551.88,852.59,29,69,62,32,36,28,45,673,0,335,0,639
183987,15,-0.07,-0.03,-0.4,-0.3,1,0.1,0.2,0.15,50,60.29,1035,1009,37,972,344,0,0,386,0,242,0,26,12,1047,586,386,1047,409194.98,4243.71,34,48,75,44,47,35,42,647,344,0,0,628
183988,15,-0.07,-0.03,-0.4,-0.3,1,0.1,0.2,0.15,60,51.74,1039,1013,35,978,324,322,0,150,0,182,0,26,8,1047,506,472,1047,187760.08,2007.28,63,117,134,74,74,58,70,388,324,322,0,332
183989,15,-0.07,-0.03,-0.4,-0.3,1,0.1,0.2,0.15,60,48.05,1038,1012,38,974,0,335,0,171,0,468,0,26,9,1047,468,506,1047,78551.88,852.59,29,69,62,32,36,28,45,673,0,335,0,639
183990,15,-0.07,-0.03,-0.4,-0.3,1,0.1,0.2,0.15,60,60.29,1035,1009,37,972,344,0,0,386,0,242,0,26,12,1047,586,386,1047,409194.98,4243.71,34,48,75,44,47,35,42,647,344,0,0,628
183991,15,-0.07,-0.03,-0.4,-0.3,1,0.2,0.1,0.15,20,61.91,1039,1013,18,995,488,165,214,0,128,0,0,26,8,1047,616,379,1047,169205.14,1764.69,264,189,142,400,0,0,0,0,488,165,342,0
183992,15,-0.07,-0.03,-0.4,-0.3,1,0.2,0.1,0.15,20,53.58,1038,1012,21,991,0,192,268,0,531,0,0,26,9,1047,531,460,1047,168259.8,1793.1,29,69,62,831,0,0,0,0,0,192,799,0
183993,15,-0.07,-0.03,-0.4,-0.3,1,0.2,0.1,0.15,20,64.75,1037,1011,18,993,500,0,350,0,143,0,0,26,10,1047,643,350,1047,230189.76,2373.58,235,129,95,534,0,0,0,0,500,0,493,0
183994,15,-0.07,-0.03,-0.4,-0.3,1,0.2,0.1,0.15,30,65.08,1039,1013,28,985,582,209,135,0,59,0,0,26,8,1047,641,344,1047,206610.94,2164.53,264,189,142,58,77,255,0,0,582,209,194,0
183995,15,-0.07,-0.03,-0.4,-0.3,1,0.2,0.1,0.15,30,51.85,1038,1012,38,974,0,256,213,0,505,0,0,26,9,1047,505,469,1047,160509.45,1766.16,29,69,62,32,36,746,0,0,0,256,718,0
183996,15,-0.07,-0.03,-0.4,-0.3,1,0.2,0.1,0.15,30,70.34,1036,1010,29,981,611,0,291,0,79,0,0,26,11,1047,690,291,1047,343652.61,3546.41,235,129,95,41,61,420,0,0,611,0,370,0
183997,15,-0.07,-0.03,-0.4,-0.3,1,0.2,0.1,0.15,40,64.87,1039,1013,28,985,610,254,62,30,15,14,0,26,8,1047,639,346,1047,172546.79,1809.58,264,189,142,58,77,61,43,151,610,254,77,44
183998,15,-0.07,-0.03,-0.4,-0.3,1,0.2,0.1,0.15,40,49.49,1038,1012,38,974,0,323,121,48,159,323,0,26,9,1047,482,492,1047,109224.33,1181.79,29,69,62,32,36,28,45,673,0,323,280,371
183999,15,-0.07,-0.03,-0.4,-0.3,1,0.2,0.1,0.15,40,72.76,1036,1010,30,980,659,0,175,92,21,33,0,26,11,1047,713,267,1047,369602.92,3801.67,235,129,95,41,61,50,30,339,659,0,196,125
184000,15,-0.07,-0.03,-0.4,-0.3,1,0.2,0.1,0.15,50,64.47,1039,1013,28,985,610,257,0,93,0,25,0,26,8,1047,635,350,1047,165726.24,1738.44,264,189,142,58,77,61,43,151,610,257,0,118
184001,15,-0.07,-0.03,-0.4,-0.3,1,0.2,0.1,0.15,50,48.05,1038,1012,38,974,0,335,0,171,0,468,0,26,9,1047,468,506,1047,78551.88,852.59,29,69,62,32,36,28,45,673,0,335,0,639
184002,15,-0.07,-0.03,-0.4,-0.3,1,0.2,0.1,0.15,50,72.45,1036,1010,30,980,659,0,0,270,0,51,0,26,11,1047,710,270,1047,363989.19,3742.25,235,129,95,41,61,50,30,339,659,0,0,321
184003,15,-0.07,-0.03,-0.4,-0.3,1,0.2,0.1,0.15,60,64.47,1039,1013,28,985,610,257,0,93,0,25,0,26,8,1047,635,350,1047,165726.24,1738.44,264,189,142,58,77,61,43,151,610,257,0,118
184004,15,-0.07,-0.03,-0.4,-0.3,1,0.2,0.1,0.15,60,48.05,1038,1012,38,974,0,335,0,171,0,468,0,26,9,1047,468,506,1047,78551.88,852.59,29,69,62,32,36,28,45,673,0,335,0,639
184005,15,-0.07,-0.03,-0.4,-0.3,1,0.2,0.1,0.15,60,72.45,1036,1010,30,980,659,0,0,270,0,51,0,26,11,1047,710,270,1047,363989.19,3742.25,235,129,95,41,61,50,30,339,659,0,0,321
184006,15,-0.07,-0.03,-0.4,-0.3,1,0.2,0.2,0.15,20,54.63,1039,1013,19,994,199,189,262,0,344,0,0,26,8,1047,543,451,1047,202431.04,2120.6,63,117,134,680,0,0,0,0,199,189,606,0
184007,15,-0.07,-0.03,-0.4,-0.3,1,0.2,0.2,0.15,20,53.58,1038,1012,21,991,0,192,268,0,531,0,0,26,9,1047,531,460,1047,168259.8,1793.1,29,69,62,831,0,0,0,0,0,192,799,0
184008,15,-0.07,-0.03,-0.4,-0.3,1,0.2,0.2,0.15,20,57.16,1037,1011,19,992,201,0,425,0,366,0,0,26,10,1047,567,425,1047,255824.79,2652.97,34,48,75,835,0,0,0,0,201,0,791,0
184009,15,-0.07,-0.03,-0.4,-0.3,1,0.2,0.2,0.15,30,53.89,1039,1013,35,978,270,250,201,0,257,0,0,26,8,1047,527,451,1047,226364.75,2394.29,63,117,134,74,74,516,0,0,270,250,458,0
184010,15,-0.07,-0.03,-0.4,-0.3,1,0.2,0.2,0.15,30,51.85,1038,1012,38,974,0,256,213,0,505,0,0,26,9,1047,505,469,1047,160509.45,1766.16,29,69,62,32,36,746,0,0,0,256,718,0
184011,15,-0.07,-0.03,-0.4,-0.3,1,0.2,0.2,0.15,30,59.4,1035,1009,36,973,283,0,395,0,295,0,0,26,12,1047,578,395,1047,370076.61,3839.88,34,48,75,44,47,725,0,0,283,0,690,0
184012,15,-0.07,-0.03,-0.4,-0.3,1,0.2,0.2,0.15,40,52.45,1039,1013,35,978,321,312,107,46,65,127,0,26,8,1047,513,465,1047,202561.7,2160.72,63,117,134,74,74,58,70,388,321,312,172,173
184013,15,-0.07,-0.03,-0.4,-0.3,1,0.2,0.2,0.15,40,49.49,1038,1012,38,974,0,323,121,48,159,323,0,26,9,1047,482,492,1047,109224.33,1181.79,29,69,62,32,36,28,45,673,0,323,280,371
184014,15,-0.07,-0.03,-0.4,-0.3,1,0.2,0.2,0.15,40,60.6,1035,1009,37,972,341,0,267,116,77,171,0,26,12,1047,589,383,1047,424352.95,4401.38,34,48,75,44,47,35,42,647,341,0,344,287
184015,15,-0.07,-0.03,-0.4,-0.3,1,0.2,0.2,0.15,50,51.74,1039,1013,35,978,324,322,0,150,0,182,0,26,8,1047,506,472,1047,187760.08,2007.28,63,117,134,74,74,58,70,388,324,322,0,332
184016,15,-0.07,-0.03,-0.4,-0.3,1,0.2,0.2,0.15,50,48.05,1038,1012,38,974,0,335,0,171,0,468,0,26,9,1047,468,506,1047,78551.88,852.59,29,69,62,32,36,28,45,673,0,335,0,639
184017,15,-0.07,-0.03,-0.4,-0.3,1,0.2,0.2,0.15,50,60.29,1035,1009,37,972,344,0,0,386,0,242,0,26,12,1047,586,386,1047,409194.98,4243.71,34,48,75,44,47,35,42,647,344,0,0,628
184018,15,-0.07,-0.03,-0.4,-0.3,1,0.2,0.2,0.15,60,51.74,1039,1013,35,978,324,322,0,150,0,182,0,26,8,1047,506,472,1047,187760.08,2007.28,63,117,134,74,74,58,70,388,324,322,0,332
184019,15,-0.07,-0.03,-0.4,-0.3,1,0.2,0.2,0.15,60,48.05,1038,1012,38,974,0,335,0,171,0,468,0,26,9,1047,468,506,1047,78551.88,852.59,29,69,62,32,36,28,45,673,0,335,0,639
184020,15,-0.07,-0.03,-0.4,-0.3,1,0.2,0.2,0.15,60,60.29,1035,1009,37,972,344,0,0,386,0,242,0,26,12,1047,586,386,1047,409194.98,4243.71,34,48,75,44,47,35,42,647,344,0,0,628
184021,15,-0.07,-0.03,-0.4,-0.3,2,0.1,0.1,0.15,20,67.34,1039,1013,18,995,538,161,164,0,132,0,0,26,8,1047,670,325,1047,269279.07,3438.49,277,204,152,362,0,0,0,0,538,161,296,0
184022,15,-0.07,-0.03,-0.4,-0.3,2,0.1,0.1,0.15,20,59.13,1038,1012,21,991,0,192,213,0,586,0,0,26,9,1047,586,405,1047,262599.65,3636.64,29,69,62,831,0,0,0,0,0,192,799,0
184023,15,-0.07,-0.03,-0.4,-0.3,2,0.1,0.1,0.15,20,71.9,1037,1011,18,993,567,0,279,0,147,0,0,26,10,1047,714,279,1047,391108.54,4196.32,249,149,113,482,0,0,0,0,567,0,426,0
184024,15,-0.07,-0.03,-0.4,-0.3,2,0.1,0.1,0.15,30,70.05,1039,1013,28,985,635,203,92,0,55,0,0,26,8,1047,690,295,1047,323428.57,3950.56,277,204,152,66,88,198,0,0,635,203,147,0
184025,15,-0.07,-0.03,-0.4,-0.3,2,0.1,0.1,0.15,30,56.26,1038,1012,38,974,0,256,170,0,548,0,0,26,9,1047,548,426,1047,308172.48,4012.33,29,69,62,32,36,746,0,0,0,256,718,0
184026,15,-0.07,-0.03,-0.4,-0.3,2,0.1,0.1,0.15,30,79.02,1036,1010,28,982,692,0,206,0,84,0,0,26,11,1047,776,206,1047,594505.38,5509.13,249,149,113,56,82,333,0,0,692,0,290,0
184027,15,-0.07,-0.03,-0.4,-0.3,2,0.1,0.1,0.15,40,69.14,1039,1013,28,985,651,240,44,20,18,12,0,26,8,1047,681,304,1047,269310.79,3712.07,277,204,152,66,88,51,31,116,651,240,62,32
184028,15,-0.07,-0.03,-0.4,-0.3,2,0.1,0.1,0.15,40,52.87,1038,1012,38,974,0,323,105,31,175,340,0,26,9,1047,515,459,1047,254755.3,3719.64,29,69,62,32,36,28,45,673,0,323,280,371
184029,15,-0.07,-0.03,-0.4,-0.3,2,0.1,0.1,0.15,40,81.04,1036,1010,29,981,744,0,131,55,24,27,0,26,11,1047,795,186,1047,648216.68,5826.25,249,149,113,56,82,43,34,255,744,0,155,82
184030,15,-0.07,-0.03,-0.4,-0.3,2,0.1,0.1,0.15,50,68.43,1039,1013,28,985,651,243,0,68,0,23,0,26,8,1047,674,311,1047,258118.36,3656.54,277,204,152,66,88,51,31,116,651,243,0,91
184031,15,-0.07,-0.03,-0.4,-0.3,2,0.1,0.1,0.15,50,51.33,1038,1012,38,974,0,335,0,139,0,500,0,26,9,1047,500,474,1047,210426.45,3412.88,29,69,62,32,36,28,45,673,0,335,0,639
184032,15,-0.07,-0.03,-0.4,-0.3,2,0.1,0.1,0.15,50,80.73,1036,1010,29,981,745,0,0,189,0,47,0,26,11,1047,792,189,1047,640352.91,5786.63,249,149,113,56,82,43,34,255,745,0,0,236
184033,15,-0.07,-0.03,-0.4,-0.3,2,0.1,0.1,0.15,60,68.43,1039,1013,28,985,651,243,0,68,0,23,0,26,8,1047,674,311,1047,258118.36,3656.54,277,204,152,66,88,51,31,116,651,243,0,91
184034,15,-0.07,-0.03,-0.4,-0.3,2,0.1,0.1,0.15,60,51.33,1038,1012,38,974,0,335,0,139,0,500,0,26,9,1047,500,474,1047,210426.45,3412.88,29,69,62,32,36,28,45,673,0,335,0,639
184035,15,-0.07,-0.03,-0.4,-0.3,2,0.1,0.1,0.15,60,80.73,1036,1010,29,981,745,0,0,189,0,47,0,26,11,1047,792,189,1047,640352.91,5786.63,249,149,113,56,82,43,34,255,745,0,0,236
184036,15,-0.07,-0.03,-0.4,-0.3,2,0.1,0.2,0.15,20,59.96,1039,1013,19,994,210,189,209,0,386,0,0,26,8,1047,596,398,1047,301748.29,3950.62,64,123,137,670,0,0,0,0,210,189,595,0
184037,15,-0.07,-0.03,-0.4,-0.3,2,0.1,0.2,0.15,20,59.13,1038,1012,21,991,0,192,213,0,586,0,0,26,9,1047,586,405,1047,262599.65,3636.64,29,69,62,831,0,0,0,0,0,192,799,0
184038,15,-0.07,-0.03,-0.4,-0.3,2,0.1,0.2,0.15,20,64.31,1037,1011,19,992,216,0,354,0,422,0,0,26,10,1047,638,354,1047,394854.82,4616.28,35,54,80,823,0,0,0,0,216,0,776,0
184039,15,-0.07,-0.03,-0.4,-0.3,2,0.1,0.2,0.15,30,57.98,1039,1013,35,978,295,250,161,0,272,0,0,26,8,1047,567,411,1047,377184.11,4597.21,64,123,137,75,82,497,0,0,295,250,433,0
184040,15,-0.07,-0.03,-0.4,-0.3,2,0.1,0.2,0.15,30,56.26,1038,1012,38,974,0,256,170,0,548,0,0,26,9,1047,548,426,1047,308172.48,4012.33,29,69,62,32,36,746,0,0,0,256,718,0
184041,15,-0.07,-0.03,-0.4,-0.3,2,0.1,0.2,0.15,30,66.8,1035,1009,36,973,318,0,323,0,332,0,0,26,12,1047,650,323,1047,650617.54,6244.1,35,54,80,47,60,697,0,0,318,0,655,0
184042,15,-0.07,-0.03,-0.4,-0.3,2,0.1,0.2,0.15,40,55.93,1039,1013,35,978,354,312,89,30,75,118,0,26,8,1047,547,431,1047,333853.94,4549.06,64,123,137,75,82,64,72,361,354,312,164,148
184043,15,-0.07,-0.03,-0.4,-0.3,2,0.1,0.2,0.15,40,52.87,1038,1012,38,974,0,323,105,31,175,340,0,26,9,1047,515,459,1047,254755.3,3719.64,29,69,62,32,36,28,45,673,0,323,280,371
184044,15,-0.07,-0.03,-0.4,-0.3,2,0.1,0.2,0.15,40,68.93,1035,1009,37,972,390,0,225,77,106,174,0,26,12,1047,670,302,1047,776140.33,7070.11,35,54,80,47,60,42,48,606,390,0,331,251
184045,15,-0.07,-0.03,-0.4,-0.3,2,0.1,0.2,0.15,50,55.11,1039,1013,35,978,356,321,0,118,0,183,0,26,8,1047,539,439,1047,308803.52,4418.35,64,123,137,75,82,64,72,361,356,321,0,301
184046,15,-0.07,-0.03,-0.4,-0.3,2,0.1,0.2,0.15,50,51.33,1038,1012,38,974,0,335,0,139,0,500,0,26,9,1047,500,474,1047,210426.45,3412.88,29,69,62,32,36,28,45,673,0,335,0,639
184047,15,-0.07,-0.03,-0.4,-0.3,2,0.1,0.2,0.15,50,68.93,1035,1009,37,972,392,0,0,302,0,278,0,26,12,1047,670,302,1047,752641.31,6947.46,35,54,80,47,60,42,48,606,392,0,0,580
184048,15,-0.07,-0.03,-0.4,-0.3,2,0.1,0.2,0.15,60,55.11,1039,1013,35,978,356,321,0,118,0,183,0,26,8,1047,539,439,1047,308803.52,4418.35,64,123,137,75,82,64,72,361,356,321,0,301
184049,15,-0.07,-0.03,-0.4,-0.3,2,0.1,0.2,0.15,60,51.33,1038,1012,38,974,0,335,0,139,0,500,0,26,9,1047,500,474,1047,210426.45,3412.88,29,69,62,32,36,28,45,673,0,335,0,639
184050,15,-0.07,-0.03,-0.4,-0.3,2,0.1,0.2,0.15,60,68.93,1035,1009,37,972,392,0,0,302,0,278,0,26,12,1047,670,302,1047,752641.31,6947.46,35,54,80,47,60,42,48,606,392,0,0,580
184051,15,-0.07,-0.03,-0.4,-0.3,2,0.2,0.1,0.15,20,61.91,1039,1013,18,995,488,165,214,0,128,0,0,26,8,1047,616,379,1047,169205.14,1764.69,264,189,142,400,0,0,0,0,488,165,342,0
184052,15,-0.07,-0.03,-0.4,-0.3,2,0.2,0.1,0.15,20,53.58,1038,1012,21,991,0,192,268,0,531,0,0,26,9,1047,531,460,1047,168259.8,1793.1,29,69,62,831,0,0,0,0,0,192,799,0
184053,15,-0.07,-0.03,-0.4,-0.3,2,0.2,0.1,0.15,20,64.75,1037,1011,18,993,500,0,350,0,143,0,0,26,10,1047,643,350,1047,230189.76,2373.58,235,129,95,534,0,0,0,0,500,0,493,0
184054,15,-0.07,-0.03,-0.4,-0.3,2,0.2,0.1,0.15,30,65.08,1039,1013,28,985,582,209,135,0,59,0,0,26,8,1047,641,344,1047,206610.94,2164.53,264,189,142,58,77,255,0,0,582,209,194,0
184055,15,-0.07,-0.03,-0.4,-0.3,2,0.2,0.1,0.15,30,51.85,1038,1012,38,974,0,256,213,0,505,0,0,26,9,1047,505,469,1047,160509.45,1766.16,29,69,62,32,36,746,0,0,0,256,718,0
184056,15,-0.07,-0.03,-0.4,-0.3,2,0.2,0.1,0.15,30,70.34,1036,1010,29,981,611,0,291,0,79,0,0,26,11,1047,690,291,1047,343652.61,3546.41,235,129,95,41,61,420,0,0,611,0,370,0
184057,15,-0.07,-0.03,-0.4,-0.3,2,0.2,0.1,0.15,40,64.87,1039,1013,28,985,610,254,62,30,15,14,0,26,8,1047,639,346,1047,172546.79,1809.58,264,189,142,58,77,61,43,151,610,254,77,44
184058,15,-0.07,-0.03,-0.4,-0.3,2,0.2,0.1,0.15,40,49.49,1038,1012,38,974,0,323,121,48,159,323,0,26,9,1047,482,492,1047,109224.33,1181.79,29,69,62,32,36,28,45,673,0,323,280,371
184059,15,-0.07,-0.03,-0.4,-0.3,2,0.2,0.1,0.15,40,72.76,1036,1010,30,980,659,0,175,92,21,33,0,26,11,1047,713,267,1047,369602.92,3801.67,235,129,95,41,61,50,30,339,659,0,196,125
184060,15,-0.07,-0.03,-0.4,-0.3,2,0.2,0.1,0.15,50,64.47,1039,1013,28,985,610,257,0,93,0,25,0,26,8,1047,635,350,1047,165726.24,1738.44,264,189,142,58,77,61,43,151,610,257,0,118
184061,15,-0.07,-0.03,-0.4,-0.3,2,0.2,0.1,0.15,50,48.05,1038,1012,38,974,0,335,0,171,0,468,0,26,9,1047,468,506,1047,78551.88,852.59,29,69,62,32,36,28,45,673,0,335,0,639
184062,15,-0.07,-0.03,-0.4,-0.3,2,0.2,0.1,0.15,50,72.45,1036,1010,30,980,659,0,0,270,0,51,0,26,11,1047,710,270,1047,363989.19,3742.25,235,129,95,41,61,50,30,339,659,0,0,321
184063,15,-0.07,-0.03,-0.4,-0.3,2,0.2,0.1,0.15,60,64.47,1039,1013,28,985,610,257,0,93,0,25,0,26,8,1047,635,350,1047,165726.24,1738.44,264,189,142,58,77,61,43,151,610,257,0,118
184064,15,-0.07,-0.03,-0.4,-0.3,2,0.2,0.1,0.15,60,48.05,1038,1012,38,974,0,335,0,171,0,468,0,26,9,1047,468,506,1047,78551.88,852.59,29,69,62,32,36,28,45,673,0,335,0,639
184065,15,-0.07,-0.03,-0.4,-0.3,2,0.2,0.1,0.15,60,72.45,1036,1010,30,980,659,0,0,270,0,51,0,26,11,1047,710,270,1047,363989.19,3742.25,235,129,95,41,61,50,30,339,659,0,0,321
184066,15,-0.07,-0.03,-0.4,-0.3,2,0.2,0.2,0.15,20,54.63,1039,1013,19,994,199,189,262,0,344,0,0,26,8,1047,543,451,1047,202431.04,2120.6,63,117,134,680,0,0,0,0,199,189,606,0
184067,15,-0.07,-0.03,-0.4,-0.3,2,0.2,0.2,0.15,20,53.58,1038,1012,21,991,0,192,268,0,531,0,0,26,9,1047,531,460,1047,168259.8,1793.1,29,69,62,831,0,0,0,0,0,192,799,0
184068,15,-0.07,-0.03,-0.4,-0.3,2,0.2,0.2,0.15,20,57.16,1037,1011,19,992,201,0,425,0,366,0,0,26,10,1047,567,425,1047,255824.79,2652.97,34,48,75,835,0,0,0,0,201,0,791,0
184069,15,-0.07,-0.03,-0.4,-0.3,2,0.2,0.2,0.15,30,53.89,1039,1013,35,978,270,250,201,0,257,0,0,26,8,1047,527,451,1047,226364.75,2394.29,63,117,134,74,74,516,0,0,270,250,458,0
184070,15,-0.07,-0.03,-0.4,-0.3,2,0.2,0.2,0.15,30,51.85,1038,1012,38,974,0,256,213,0,505,0,0,26,9,1047,505,469,1047,160509.45,1766.16,29,69,62,32,36,746,0,0,0,256,718,0
184071,15,-0.07,-0.03,-0.4,-0.3,2,0.2,0.2,0.15,30,59.4,1035,1009,36,973,283,0,395,0,295,0,0,26,12,1047,578,395,1047,370076.61,3839.88,34,48,75,44,47,725,0,0,283,0,690,0
184072,15,-0.07,-0.03,-0.4,-0.3,2,0.2,0.2,0.15,40,52.45,1039,1013,35,978,321,312,107,46,65,127,0,26,8,1047,513,465,1047,202561.7,2160.72,63,117,134,74,74,58,70,388,321,312,172,173
184073,15,-0.07,-0.03,-0.4,-0.3,2,0.2,0.2,0.15,40,49.49,1038,1012,38,974,0,323,121,48,159,323,0,26,9,1047,482,492,1047,109224.33,1181.79,29,69,62,32,36,28,45,673,0,323,280,371
184074,15,-0.07,-0.03,-0.4,-0.3,2,0.2,0.2,0.15,40,60.6,1035,1009,37,972,341,0,267,116,77,171,0,26,12,1047,589,383,1047,424352.95,4401.38,34,48,75,44,47,35,42,647,341,0,344,287
184075,15,-0.07,-0.03,-0.4,-0.3,2,0.2,0.2,0.15,50,51.74,1039,1013,35,978,324,322,0,150,0,182,0,26,8,1047,506,472,1047,187760.08,2007.28,63,117,134,74,74,58,70,388,324,322,0,332
184076,15,-0.07,-0.03,-0.4,-0.3,2,0.2,0.2,0.15,50,48.05,1038,1012,38,974,0,335,0,171,0,468,0,26,9,1047,468,506,1047,78551.88,852.59,29,69,62,32,36,28,45,673,0,335,0,639
184077,15,-0.07,-0.03,-0.4,-0.3,2,0.2,0.2,0.15,50,60.29,1035,1009,37,972,344,0,0,386,0,242,0,26,12,1047,586,386,1047,409194.98,4243.71,34,48,75,44,47,35,42,647,344,0,0,628
184078,15,-0.07,-0.03,-0.4,-0.3,2,0.2,0.2,0.15,60,51.74,1039,1013,35,978,324,322,0,150,0,182,0,26,8,1047,506,472,1047,187760.08,2007.28,63,117,134,74,74,58,70,388,324,322,0,332
184079,15,-0.07,-0.03,-0.4,-0.3,2,0.2,0.2,0.15,60,48.05,1038,1012,38,974,0,335,0,171,0,468,0,26,9,1047,468,506,1047,78551.88,852.59,29,69,62,32,36,28,45,673,0,335,0,639
184080,15,-0.07,-0.03,-0.4,-0.3,2,0.2,0.2,0.15,60,60.29,1035,1009,37,972,344,0,0,386,0,242,0,26,12,1047,586,386,1047,409194.98,4243.71,34,48,75,44,47,35,42,647,344,0,0,628
184081,15,-0.07,-0.03,-0.4,-0.25,1,0.1,0.1,0.15,20,60.29,1500,1466,23,1443,671,249,324,0,199,0,0,34,16,1516,870,573,1516,188529.08,1964.81,365,251,205,622,0,0,0,0,671,249,523,0
184082,15,-0.07,-0.03,-0.4,-0.25,1,0.1,0.1,0.15,20,51.67,1499,1465,27,1438,0,294,401,0,743,0,0,34,17,1516,743,695,1516,117849.67,1295.43,49,84,115,1190,0,0,0,0,0,294,1144,0
184083,15,-0.07,-0.03,-0.4,-0.25,1,0.1,0.1,0.15,20,62.5,1497,1463,23,1440,685,0,540,0,215,0,0,34,19,1516,900,540,1516,262485.01,2686.55,316,179,120,825,0,0,0,0,685,0,755,0
184084,15,-0.07,-0.03,-0.4,-0.25,1,0.1,0.1,0.15,30,62.22,1500,1466,42,1424,795,315,223,0,91,0,0,34,16,1516,886,538,1516,223967.13,2364.65,365,251,205,99,110,394,0,0,795,315,314,0
184085,15,-0.07,-0.03,-0.4,-0.25,1,0.1,0.1,0.15,30,48.51,1499,1465,57,1408,0,392,333,0,683,0,0,34,17,1516,683,725,1516,77946.26,957.09,49,84,115,46,63,1051,0,0,0,392,1016,0
184086,15,-0.07,-0.03,-0.4,-0.25,1,0.1,0.1,0.15,30,66.78,1495,1461,43,1418,833,0,471,0,114,0,0,34,21,1516,947,471,1516,391008.67,4028.91,316,179,120,70,82,651,0,0,833,0,585,0
184087,15,-0.07,-0.03,-0.4,-0.25,1,0.1,0.1,0.15,40,62.4,1500,1466,43,1423,834,376,111,48,29,25,0,34,16,1516,888,535,1516,183993.64,1936.22,365,251,205,99,110,80,53,260,834,376,140,73
184088,15,-0.07,-0.03,-0.4,-0.25,1,0.1,0.1,0.15,40,46.34,1499,1465,58,1407,0,478,203,74,218,434,0,34,17,1516,652,755,1516,1726.09,96.41,49,84,115,46,63,35,59,956,0,478,421,508
184089,15,-0.07,-0.03,-0.4,-0.25,1,0.1,0.1,0.15,40,69.42,1495,1461,45,1416,899,0,287,146,36,48,0,34,21,1516,983,433,1516,442477.42,4532.49,316,179,120,70,82,66,37,546,899,0,323,194
184090,15,-0.07,-0.03,-0.4,-0.25,1,0.1,0.1,0.15,50,62.12,1500,1466,43,1423,835,382,0,157,0,49,0,34,16,1516,884,539,1516,176446.52,1857.32,365,251,205,99,110,80,53,260,835,382,0,206
184091,15,-0.07,-0.03,-0.4,-0.25,1,0.1,0.1,0.15,50,45.42,1499,1465,58,1407,0,497,0,271,0,639,0,34,17,1516,639,768,1516,-36644.33,-315.16,49,84,115,46,63,35,59,956,0,497,0,910
184092,15,-0.07,-0.03,-0.4,-0.25,1,0.1,0.1,0.15,50,69.21,1495,1461,45,1416,900,0,0,436,0,80,0,34,21,1516,980,436,1516,433379.76,4436.86,316,179,120,70,82,66,37,546,900,0,0,516
184093,15,-0.07,-0.03,-0.4,-0.25,1,0.1,0.1,0.15,60,62.12,1500,1466,43,1423,835,382,0,157,0,49,0,34,16,1516,884,539,1516,176446.52,1857.32,365,251,205,99,110,80,53,260,835,382,0,206
184094,15,-0.07,-0.03,-0.4,-0.25,1,0.1,0.1,0.15,60,45.42,1499,1465,58,1407,0,497,0,271,0,639,0,34,17,1516,639,768,1516,-36644.33,-315.16,49,84,115,46,63,35,59,956,0,497,0,910
184095,15,-0.07,-0.03,-0.4,-0.25,1,0.1,0.1,0.15,60,69.21,1495,1461,45,1416,900,0,0,436,0,80,0,34,21,1516,980,436,1516,433379.76,4436.86,316,179,120,70,82,66,37,546,900,0,0,516
184096,15,-0.07,-0.03,-0.4,-0.25,1,0.1,0.2,0.15,20,52.88,1500,1466,25,1441,247,290,389,0,515,0,0,34,16,1516,762,679,1516,182917.69,1940.75,93,146,197,1005,0,0,0,0,247,290,904,0
184097,15,-0.07,-0.03,-0.4,-0.25,1,0.1,0.2,0.15,20,51.67,1499,1465,27,1438,0,294,401,0,743,0,0,34,17,1516,743,695,1516,117849.67,1295.43,49,84,115,1190,0,0,0,0,0,294,1144,0
184098,15,-0.07,-0.03,-0.4,-0.25,1,0.1,0.2,0.15,20,54.8,1497,1463,25,1438,250,0,650,0,538,0,0,34,19,1516,788,650,1516,234108.13,2431.25,44,62,87,1245,0,0,0,0,250,0,1188,0
184099,15,-0.07,-0.03,-0.4,-0.25,1,0.1,0.2,0.15,30,50.81,1500,1466,53,1413,346,380,315,0,372,0,0,34,16,1516,718,695,1516,196823.27,2128.59,93,146,197,101,112,764,0,0,346,380,687,0
184100,15,-0.07,-0.03,-0.4,-0.25,1,0.1,0.2,0.15,30,48.51,1499,1465,57,1408,0,392,333,0,683,0,0,34,17,1516,683,725,1516,77946.26,957.09,49,84,115,46,63,1051,0,0,0,392,1016,0
184101,15,-0.07,-0.03,-0.4,-0.25,1,0.1,0.2,0.15,30,55.62,1494,1460,54,1406,360,0,624,0,422,0,0,34,22,1516,782,624,1516,357923.31,3726.67,44,62,87,57,63,1093,0,0,360,0,1046,0
184102,15,-0.07,-0.03,-0.4,-0.25,1,0.1,0.2,0.15,40,49.5,1500,1466,54,1412,409,460,181,72,106,184,0,34,16,1516,699,713,1516,164874.05,1798.43,93,146,197,101,112,77,89,597,409,460,287,256
184103,15,-0.07,-0.03,-0.4,-0.25,1,0.1,0.2,0.15,40,46.34,1499,1465,58,1407,0,478,203,74,218,434,0,34,17,1516,652,755,1516,1726.09,96.41,49,84,115,46,63,35,59,956,0,478,421,508
184104,15,-0.07,-0.03,-0.4,-0.25,1,0.1,0.2,0.15,40,56.91,1494,1460,56,1404,435,0,425,180,124,240,0,34,22,1516,799,605,1516,447627.24,4636.06,44,62,87,57,63,47,55,989,435,0,549,420
184105,15,-0.07,-0.03,-0.4,-0.25,1,0.1,0.2,0.15,50,49.08,1500,1466,54,1412,412,475,0,244,0,281,0,34,16,1516,693,719,1516,146087.68,1602.21,93,146,197,101,112,77,89,597,412,475,0,525
184106,15,-0.07,-0.03,-0.4,-0.25,1,0.1,0.2,0.15,50,45.42,1499,1465,58,1407,0,497,0,271,0,639,0,34,17,1516,639,768,1516,-36644.33,-315.16,49,84,115,46,63,35,59,956,0,497,0,910
184107,15,-0.07,-0.03,-0.4,-0.25,1,0.1,0.2,0.15,50,56.77,1494,1460,56,1404,438,0,0,607,0,359,0,34,22,1516,797,607,1516,427459.74,4424.7,44,62,87,57,63,47,55,989,438,0,0,966
184108,15,-0.07,-0.03,-0.4,-0.25,1,0.1,0.2,0.15,60,49.08,1500,1466,54,1412,412,475,0,244,0,281,0,34,16,1516,693,719,1516,146087.68,1602.21,93,146,197,101,112,77,89,597,412,475,0,525
184109,15,-0.07,-0.03,-0.4,-0.25,1,0.1,0.2,0.15,60,45.42,1499,1465,58,1407,0,497,0,271,0,639,0,34,17,1516,639,768,1516,-36644.33,-315.16,49,84,115,46,63,35,59,956,0,497,0,910
184110,15,-0.07,-0.03,-0.4,-0.25,1,0.1,0.2,0.15,60,56.77,1494,1460,56,1404,438,0,0,607,0,359,0,34,22,1516,797,607,1516,427459.74,4424.7,44,62,87,57,63,47,55,989,438,0,0,966
184111,15,-0.07,-0.03,-0.4,-0.25,1,0.2,0.1,0.15,20,60.29,1500,1466,23,1443,671,249,324,0,199,0,0,34,16,1516,870,573,1516,188529.08,1964.81,365,251,205,622,0,0,0,0,671,249,523,0
184112,15,-0.07,-0.03,-0.4,-0.25,1,0.2,0.1,0.15,20,51.67,1499,1465,27,1438,0,294,401,0,743,0,0,34,17,1516,743,695,1516,117849.67,1295.43,49,84,115,1190,0,0,0,0,0,294,1144,0
184113,15,-0.07,-0.03,-0.4,-0.25,1,0.2,0.1,0.15,20,62.5,1497,1463,23,1440,685,0,540,0,215,0,0,34,19,1516,900,540,1516,262485.01,2686.55,316,179,120,825,0,0,0,0,685,0,755,0
184114,15,-0.07,-0.03,-0.4,-0.25,1,0.2,0.1,0.15,30,62.22,1500,1466,42,1424,795,315,223,0,91,0,0,34,16,1516,886,538,1516,223967.13,2364.65,365,251,205,99,110,394,0,0,795,315,314,0
184115,15,-0.07,-0.03,-0.4,-0.25,1,0.2,0.1,0.15,30,48.51,1499,1465,57,1408,0,392,333,0,683,0,0,34,17,1516,683,725,1516,77946.26,957.09,49,84,115,46,63,1051,0,0,0,392,1016,0
184116,15,-0.07,-0.03,-0.4,-0.25,1,0.2,0.1,0.15,30,66.78,1495,1461,43,1418,833,0,471,0,114,0,0,34,21,1516,947,471,1516,391008.67,4028.91,316,179,120,70,82,651,0,0,833,0,585,0
184117,15,-0.07,-0.03,-0.4,-0.25,1,0.2,0.1,0.15,40,62.4,1500,1466,43,1423,834,376,111,48,29,25,0,34,16,1516,888,535,1516,183993.64,1936.22,365,251,205,99,110,80,53,260,834,376,140,73
184118,15,-0.07,-0.03,-0.4,-0.25,1,0.2,0.1,0.15,40,46.34,1499,1465,58,1407,0,478,203,74,218,434,0,34,17,1516,652,755,1516,1726.09,96.41,49,84,115,46,63,35,59,956,0,478,421,508
184119,15,-0.07,-0.03,-0.4,-0.25,1,0.2,0.1,0.15,40,69.42,1495,1461,45,1416,899,0,287,146,36,48,0,34,21,1516,983,433,1516,442477.42,4532.49,316,179,120,70,82,66,37,546,899,0,323,194
184120,15,-0.07,-0.03,-0.4,-0.25,1,0.2,0.1,0.15,50,62.12,1500,1466,43,1423,835,382,0,157,0,49,0,34,16,1516,884,539,1516,176446.52,1857.32,365,251,205,99,110,80,53,260,835,382,0,206
184121,15,-0.07,-0.03,-0.4,-0.25,1,0.2,0.1,0.15,50,45.42,1499,1465,58,1407,0,497,0,271,0,639,0,34,17,1516,639,768,1516,-36644.33,-315.16,49,84,115,46,63,35,59,956,0,497,0,910
184122,15,-0.07,-0.03,-0.4,-0.25,1,0.2,0.1,0.15,50,69.21,1495,1461,45,1416,900,0,0,436,0,80,0,34,21,1516,980,436,1516,433379.76,4436.86,316,179,120,70,82,66,37,546,900,0,0,516
184123,15,-0.07,-0.03,-0.4,-0.25,1,0.2,0.1,0.15,60,62.12,1500,1466,43,1423,835,382,0,157,0,49,0,34,16,1516,884,539,1516,176446.52,1857.32,365,251,205,99,110,80,53,260,835,382,0,206
184124,15,-0.07,-0.03,-0.4,-0.25,1,0.2,0.1,0.15,60,45.42,1499,1465,58,1407,0,497,0,271,0,639,0,34,17,1516,639,768,1516,-36644.33,-315.16,49,84,115,46,63,35,59,956,0,497,0,910
184125,15,-0.07,-0.03,-0.4,-0.25,1,0.2,0.1,0.15,60,69.21,1495,1461,45,1416,900,0,0,436,0,80,0,34,21,1516,980,436,1516,433379.76,4436.86,316,179,120,70,82,66,37,546,900,0,0,516
184126,15,-0.07,-0.03,-0.4,-0.25,1,0.2,0.2,0.15,20,52.88,1500,1466,25,1441,247,290,389,0,515,0,0,34,16,1516,762,679,1516,182917.69,1940.75,93,146,197,1005,0,0,0,0,247,290,904,0
184127,15,-0.07,-0.03,-0.4,-0.25,1,0.2,0.2,0.15,20,51.67,1499,1465,27,1438,0,294,401,0,743,0,0,34,17,1516,743,695,1516,117849.67,1295.43,49,84,115,1190,0,0,0,0,0,294,1144,0
184128,15,-0.07,-0.03,-0.4,-0.25,1,0.2,0.2,0.15,20,54.8,1497,1463,25,1438,250,0,650,0,538,0,0,34,19,1516,788,650,1516,234108.13,2431.25,44,62,87,1245,0,0,0,0,250,0,1188,0
184129,15,-0.07,-0.03,-0.4,-0.25,1,0.2,0.2,0.15,30,50.81,1500,1466,53,1413,346,380,315,0,372,0,0,34,16,1516,718,695,1516,196823.27,2128.59,93,146,197,101,112,764,0,0,346,380,687,0
184130,15,-0.07,-0.03,-0.4,-0.25,1,0.2,0.2,0.15,30,48.51,1499,1465,57,1408,0,392,333,0,683,0,0,34,17,1516,683,725,1516,77946.26,957.09,49,84,115,46,63,1051,0,0,0,392,1016,0
184131,15,-0.07,-0.03,-0.4,-0.25,1,0.2,0.2,0.15,30,55.62,1494,1460,54,1406,360,0,624,0,422,0,0,34,22,1516,782,624,1516,357923.31,3726.67,44,62,87,57,63,1093,0,0,360,0,1046,0
184132,15,-0.07,-0.03,-0.4,-0.25,1,0.2,0.2,0.15,40,49.5,1500,1466,54,1412,409,460,181,72,106,184,0,34,16,1516,699,713,1516,164874.05,1798.43,93,146,197,101,112,77,89,597,409,460,287,256
184133,15,-0.07,-0.03,-0.4,-0.25,1,0.2,0.2,0.15,40,46.34,1499,1465,58,1407,0,478,203,74,218,434,0,34,17,1516,652,755,1516,1726.09,96.41,49,84,115,46,63,35,59,956,0,478,421,508
184134,15,-0.07,-0.03,-0.4,-0.25,1,0.2,0.2,0.15,40,56.91,1494,1460,56,1404,435,0,425,180,124,240,0,34,22,1516,799,605,1516,447627.24,4636.06,44,62,87,57,63,47,55,989,435,0,549,420
184135,15,-0.07,-0.03,-0.4,-0.25,1,0.2,0.2,0.15,50,49.08,1500,1466,54,1412,412,475,0,244,0,281,0,34,16,1516,693,719,1516,146087.68,1602.21,93,146,197,101,112,77,89,597,412,475,0,525
184136,15,-0.07,-0.03,-0.4,-0.25,1,0.2,0.2,0.15,50,45.42,1499,1465,58,1407,0,497,0,271,0,639,0,34,17,1516,639,768,1516,-36644.33,-315.16,49,84,115,46,63,35,59,956,0,497,0,910
184137,15,-0.07,-0.03,-0.4,-0.25,1,0.2,0.2,0.15,50,56.77,1494,1460,56,1404,438,0,0,607,0,359,0,34,22,1516,797,607,1516,427459.74,4424.7,44,62,87,57,63,47,55,989,438,0,0,966
184138,15,-0.07,-0.03,-0.4,-0.25,1,0.2,0.2,0.15,60,49.08,1500,1466,54,1412,412,475,0,244,0,281,0,34,16,1516,693,719,1516,146087.68,1602.21,93,146,197,101,112,77,89,597,412,475,0,525
184139,15,-0.07,-0.03,-0.4,-0.25,1,0.2,0.2,0.15,60,45.42,1499,1465,58,1407,0,497,0,271,0,639,0,34,17,1516,639,768,1516,-36644.33,-315.16,49,84,115,46,63,35,59,956,0,497,0,910
184140,15,-0.07,-0.03,-0.4,-0.25,1,0.2,0.2,0.15,60,56.77,1494,1460,56,1404,438,0,0,607,0,359,0,34,22,1516,797,607,1516,427459.74,4424.7,44,62,87,57,63,47,55,989,438,0,0,966
184141,15,-0.07,-0.03,-0.4,-0.25,2,0.1,0.1,0.15,20,65.07,1500,1466,23,1443,741,242,262,0,198,0,0,34,16,1516,939,504,1516,311591.98,4440.87,382,271,218,572,0,0,0,0,741,242,460,0
184142,15,-0.07,-0.03,-0.4,-0.25,2,0.1,0.1,0.15,20,56.75,1499,1465,27,1438,0,294,328,0,816,0,0,34,17,1516,816,622,1516,229977.39,4028.23,49,84,115,1190,0,0,0,0,0,294,1144,0
184143,15,-0.07,-0.03,-0.4,-0.25,2,0.1,0.1,0.15,20,69.03,1497,1463,23,1440,775,0,446,0,219,0,0,34,19,1516,994,446,1516,452421.2,5319.11,334,204,143,759,0,0,0,0,775,0,665,0
184144,15,-0.07,-0.03,-0.4,-0.25,2,0.1,0.1,0.15,30,67.58,1500,1466,41,1425,867,303,159,0,96,0,0,34,16,1516,963,462,1516,372783.39,5089.12,382,271,218,112,118,324,0,0,867,303,255,0
184145,15,-0.07,-0.03,-0.4,-0.25,2,0.1,0.1,0.15,30,53.05,1499,1465,57,1408,0,392,269,0,747,0,0,34,17,1516,747,661,1516,248408.06,4259.95,49,84,115,46,63,1051,0,0,0,392,1016,0
184146,15,-0.07,-0.03,-0.4,-0.25,2,0.1,0.1,0.15,30,75.28,1495,1461,41,1420,939,0,351,0,130,0,0,34,21,1516,1069,351,1516,688460.68,6895.52,334,204,143,94,102,543,0,0,939,0,481,0
184147,15,-0.07,-0.03,-0.4,-0.25,2,0.1,0.1,0.15,40,66.92,1500,1466,42,1424,895,356,87,28,36,22,0,34,16,1516,953,471,1516,307333.86,4831.91,382,271,218,112,118,69,44,210,895,356,123,50
184148,15,-0.07,-0.03,-0.4,-0.25,2,0.1,0.1,0.15,40,49.96,1499,1465,58,1407,0,478,178,48,243,460,0,34,17,1516,703,704,1516,173952.57,3807.53,49,84,115,46,63,35,59,956,0,478,421,508
184149,15,-0.07,-0.03,-0.4,-0.25,2,0.1,0.1,0.15,40,77.79,1495,1461,43,1418,1010,0,224,91,49,44,0,34,21,1516,1103,315,1516,790849.17,7504.03,334,204,143,94,102,62,43,436,1010,0,273,135
184150,15,-0.07,-0.03,-0.4,-0.25,2,0.1,0.1,0.15,50,66.64,1500,1466,42,1424,896,361,0,114,0,53,0,34,16,1516,949,475,1516,294781.52,4771.5,382,271,218,112,118,69,44,210,896,361,0,167
184151,15,-0.07,-0.03,-0.4,-0.25,2,0.1,0.1,0.15,50,49.11,1499,1465,58,1407,0,497,0,219,0,691,0,34,17,1516,691,716,1516,118940.64,3416.82,49,84,115,46,63,35,59,956,0,497,0,910
184152,15,-0.07,-0.03,-0.4,-0.25,2,0.1,0.1,0.15,50,77.72,1495,1461,43,1418,1012,0,0,316,0,90,0,34,21,1516,1102,316,1516,776676.57,7433.92,334,204,143,94,102,62,43,436,1012,0,0,406
184153,15,-0.07,-0.03,-0.4,-0.25,2,0.1,0.1,0.15,60,66.64,1500,1466,42,1424,896,361,0,114,0,53,0,34,16,1516,949,475,1516,294781.52,4771.5,382,271,218,112,118,69,44,210,896,361,0,167
184154,15,-0.07,-0.03,-0.4,-0.25,2,0.1,0.1,0.15,60,49.11,1499,1465,58,1407,0,497,0,219,0,691,0,34,17,1516,691,716,1516,118940.64,3416.82,49,84,115,46,63,35,59,956,0,497,0,910
184155,15,-0.07,-0.03,-0.4,-0.25,2,0.1,0.1,0.15,60,77.72,1495,1461,43,1418,1012,0,0,316,0,90,0,34,21,1516,1102,316,1516,776676.57,7433.92,334,204,143,94,102,62,43,436,1012,0,0,406
184156,15,-0.07,-0.03,-0.4,-0.25,2,0.1,0.2,0.15,20,57.74,1500,1466,25,1441,261,290,319,0,571,0,0,34,16,1516,832,609,1516,297912.63,4628.97,94,152,201,994,0,0,0,0,261,290,890,0
184157,15,-0.07,-0.03,-0.4,-0.25,2,0.1,0.2,0.15,20,56.75,1499,1465,27,1438,0,294,328,0,816,0,0,34,17,1516,816,622,1516,229977.39,4028.23,49,84,115,1190,0,0,0,0,0,294,1144,0
184158,15,-0.07,-0.03,-0.4,-0.25,2,0.1,0.2,0.15,20,61.61,1497,1463,25,1438,268,0,552,0,618,0,0,34,19,1516,886,552,1516,385290.4,5293.67,45,69,92,1232,0,0,0,0,268,0,1170,0
184159,15,-0.07,-0.03,-0.4,-0.25,2,0.1,0.2,0.15,30,55.13,1500,1466,53,1413,382,380,254,0,397,0,0,34,16,1516,779,634,1516,374254.93,5353.94,94,152,201,104,125,737,0,0,382,380,651,0
184160,15,-0.07,-0.03,-0.4,-0.25,2,0.1,0.2,0.15,30,53.05,1499,1465,57,1408,0,392,269,0,747,0,0,34,17,1516,747,661,1516,248408.06,4259.95,49,84,115,46,63,1051,0,0,0,392,1016,0
184161,15,-0.07,-0.03,-0.4,-0.25,2,0.1,0.2,0.15,30,63.09,1494,1460,54,1406,412,0,519,0,475,0,0,34,22,1516,887,519,1516,676467.1,7226.29,45,69,92,62,82,1056,0,0,412,0,994,0
184162,15,-0.07,-0.03,-0.4,-0.25,2,0.1,0.2,0.15,40,53.19,1500,1466,54,1412,453,459,155,47,121,177,0,34,16,1516,751,661,1516,324689.58,5304.31,94,152,201,104,125,86,89,561,453,459,276,224
184163,15,-0.07,-0.03,-0.4,-0.25,2,0.1,0.2,0.15,40,49.96,1499,1465,58,1407,0,478,178,48,243,460,0,34,17,1516,703,704,1516,173952.57,3807.53,49,84,115,46,63,35,59,956,0,478,421,508
184164,15,-0.07,-0.03,-0.4,-0.25,2,0.1,0.2,0.15,40,65.17,1494,1460,56,1404,503,0,365,124,164,248,0,34,22,1516,915,489,1516,884918.01,8508.12,45,69,92,62,82,62,62,930,503,0,529,372
184165,15,-0.07,-0.03,-0.4,-0.25,2,0.1,0.2,0.15,50,52.9,1500,1466,54,1412,456,473,0,192,0,291,0,34,16,1516,747,665,1516,294138.19,5130.27,94,152,201,104,125,86,89,561,456,473,0,483
184166,15,-0.07,-0.03,-0.4,-0.25,2,0.1,0.2,0.15,50,49.11,1499,1465,58,1407,0,497,0,219,0,691,0,34,17,1516,691,716,1516,118940.64,3416.82,49,84,115,46,63,35,59,956,0,497,0,910
184167,15,-0.07,-0.03,-0.4,-0.25,2,0.1,0.2,0.15,50,65.38,1494,1460,56,1404,506,0,0,486,0,412,0,34,22,1516,918,486,1516,853756.82,8330.5,45,69,92,62,82,62,62,930,506,0,0,898
184168,15,-0.07,-0.03,-0.4,-0.25,2,0.1,0.2,0.15,60,52.9,1500,1466,54,1412,456,473,0,192,0,291,0,34,16,1516,747,665,1516,294138.19,5130.27,94,152,201,104,125,86,89,561,456,473,0,483
184169,15,-0.07,-0.03,-0.4,-0.25,2,0.1,0.2,0.15,60,49.11,1499,1465,58,1407,0,497,0,219,0,691,0,34,17,1516,691,716,1516,118940.64,3416.82,49,84,115,46,63,35,59,956,0,497,0,910
184170,15,-0.07,-0.03,-0.4,-0.25,2,0.1,0.2,0.15,60,65.38,1494,1460,56,1404,506,0,0,486,0,412,0,34,22,1516,918,486,1516,853756.82,8330.5,45,69,92,62,82,62,62,930,506,0,0,898
184171,15,-0.07,-0.03,-0.4,-0.25,2,0.2,0.1,0.15,20,60.29,1500,1466,23,1443,671,249,324,0,199,0,0,34,16,1516,870,573,1516,188529.08,1964.81,365,251,205,622,0,0,0,0,671,249,523,0
184172,15,-0.07,-0.03,-0.4,-0.25,2,0.2,0.1,0.15,20,51.67,1499,1465,27,1438,0,294,401,0,743,0,0,34,17,1516,743,695,1516,117849.67,1295.43,49,84,115,1190,0,0,0,0,0,294,1144,0
184173,15,-0.07,-0.03,-0.4,-0.25,2,0.2,0.1,0.15,20,62.5,1497,1463,23,1440,685,0,540,0,215,0,0,34,19,1516,900,540,1516,262485.01,2686.55,316,179,120,825,0,0,0,0,685,0,755,0
184174,15,-0.07,-0.03,-0.4,-0.25,2,0.2,0.1,0.15,30,62.22,1500,1466,42,1424,795,315,223,0,91,0,0,34,16,1516,886,538,1516,223967.13,2364.65,365,251,205,99,110,394,0,0,795,315,314,0
184175,15,-0.07,-0.03,-0.4,-0.25,2,0.2,0.1,0.15,30,48.51,1499,1465,57,1408,0,392,333,0,683,0,0,34,17,1516,683,725,1516,77946.26,957.09,49,84,115,46,63,1051,0,0,0,392,1016,0
184176,15,-0.07,-0.03,-0.4,-0.25,2,0.2,0.1,0.15,30,66.78,1495,1461,43,1418,833,0,471,0,114,0,0,34,21,1516,947,471,1516,391008.67,4028.91,316,179,120,70,82,651,0,0,833,0,585,0
184177,15,-0.07,-0.03,-0.4,-0.25,2,0.2,0.1,0.15,40,62.4,1500,1466,43,1423,834,376,111,48,29,25,0,34,16,1516,888,535,1516,183993.64,1936.22,365,251,205,99,110,80,53,260,834,376,140,73
184178,15,-0.07,-0.03,-0.4,-0.25,2,0.2,0.1,0.15,40,46.34,1499,1465,58,1407,0,478,203,74,218,434,0,34,17,1516,652,755,1516,1726.09,96.41,49,84,115,46,63,35,59,956,0,478,421,508
184179,15,-0.07,-0.03,-0.4,-0.25,2,0.2,0.1,0.15,40,69.42,1495,1461,45,1416,899,0,287,146,36,48,0,34,21,1516,983,433,1516,442477.42,4532.49,316,179,120,70,82,66,37,546,899,0,323,194
184180,15,-0.07,-0.03,-0.4,-0.25,2,0.2,0.1,0.15,50,62.12,1500,1466,43,1423,835,382,0,157,0,49,0,34,16,1516,884,539,1516,176446.52,1857.32,365,251,205,99,110,80,53,260,835,382,0,206
184181,15,-0.07,-0.03,-0.4,-0.25,2,0.2,0.1,0.15,50,45.42,1499,1465,58,1407,0,497,0,271,0,639,0,34,17,1516,639,768,1516,-36644.33,-315.16,49,84,115,46,63,35,59,956,0,497,0,910
184182,15,-0.07,-0.03,-0.4,-0.25,2,0.2,0.1,0.15,50,69.21,1495,1461,45,1416,900,0,0,436,0,80,0,34,21,1516,980,436,1516,433379.76,4436.86,316,179,120,70,82,66,37,546,900,0,0,516
184183,15,-0.07,-0.03,-0.4,-0.25,2,0.2,0.1,0.15,60,62.12,1500,1466,43,1423,835,382,0,157,0,49,0,34,16,1516,884,539,1516,176446.52,1857.32,365,251,205,99,110,80,53,260,835,382,0,206
184184,15,-0.07,-0.03,-0.4,-0.25,2,0.2,0.1,0.15,60,45.42,1499,1465,58,1407,0,497,0,271,0,639,0,34,17,1516,639,768,1516,-36644.33,-315.16,49,84,115,46,63,35,59,956,0,497,0,910
184185,15,-0.07,-0.03,-0.4,-0.25,2,0.2,0.1,0.15,60,69.21,1495,1461,45,1416,900,0,0,436,0,80,0,34,21,1516,980,436,1516,433379.76,4436.86,316,179,120,70,82,66,37,546,900,0,0,516
184186,15,-0.07,-0.03,-0.4,-0.25,2,0.2,0.2,0.15,20,52.88,1500,1466,25,1441,247,290,389,0,515,0,0,34,16,1516,762,679,1516,182917.69,1940.75,93,146,197,1005,0,0,0,0,247,290,904,0
184187,15,-0.07,-0.03,-0.4,-0.25,2,0.2,0.2,0.15,20,51.67,1499,1465,27,1438,0,294,401,0,743,0,0,34,17,1516,743,695,1516,117849.67,1295.43,49,84,115,1190,0,0,0,0,0,294,1144,0
184188,15,-0.07,-0.03,-0.4,-0.25,2,0.2,0.2,0.15,20,54.8,1497,1463,25,1438,250,0,650,0,538,0,0,34,19,1516,788,650,1516,234108.13,2431.25,44,62,87,1245,0,0,0,0,250,0,1188,0
184189,15,-0.07,-0.03,-0.4,-0.25,2,0.2,0.2,0.15,30,50.81,1500,1466,53,1413,346,380,315,0,372,0,0,34,16,1516,718,695,1516,196823.27,2128.59,93,146,197,101,112,764,0,0,346,380,687,0
184190,15,-0.07,-0.03,-0.4,-0.25,2,0.2,0.2,0.15,30,48.51,1499,1465,57,1408,0,392,333,0,683,0,0,34,17,1516,683,725,1516,77946.26,957.09,49,84,115,46,63,1051,0,0,0,392,1016,0
184191,15,-0.07,-0.03,-0.4,-0.25,2,0.2,0.2,0.15,30,55.62,1494,1460,54,1406,360,0,624,0,422,0,0,34,22,1516,782,624,1516,357923.31,3726.67,44,62,87,57,63,1093,0,0,360,0,1046,0
184192,15,-0.07,-0.03,-0.4,-0.25,2,0.2,0.2,0.15,40,49.5,1500,1466,54,1412,409,460,181,72,106,184,0,34,16,1516,699,713,1516,164874.05,1798.43,93,146,197,101,112,77,89,597,409,460,287,256
184193,15,-0.07,-0.03,-0.4,-0.25,2,0.2,0.2,0.15,40,46.34,1499,1465,58,1407,0,478,203,74,218,434,0,34,17,1516,652,755,1516,1726.09,96.41,49,84,115,46,63,35,59,956,0,478,421,508
184194,15,-0.07,-0.03,-0.4,-0.25,2,0.2,0.2,0.15,40,56.91,1494,1460,56,1404,435,0,425,180,124,240,0,34,22,1516,799,605,1516,447627.24,4636.06,44,62,87,57,63,47,55,989,435,0,549,420
184195,15,-0.07,-0.03,-0.4,-0.25,2,0.2,0.2,0.15,50,49.08,1500,1466,54,1412,412,475,0,244,0,281,0,34,16,1516,693,719,1516,146087.68,1602.21,93,146,197,101,112,77,89,597,412,475,0,525
184196,15,-0.07,-0.03,-0.4,-0.25,2,0.2,0.2,0.15,50,45.42,1499,1465,58,1407,0,497,0,271,0,639,0,34,17,1516,639,768,1516,-36644.33,-315.16,49,84,115,46,63,35,59,956,0,497,0,910
184197,15,-0.07,-0.03,-0.4,-0.25,2,0.2,0.2,0.15,50,56.77,1494,1460,56,1404,438,0,0,607,0,359,0,34,22,1516,797,607,1516,427459.74,4424.7,44,62,87,57,63,47,55,989,438,0,0,966
184198,15,-0.07,-0.03,-0.4,-0.25,2,0.2,0.2,0.15,60,49.08,1500,1466,54,1412,412,475,0,244,0,281,0,34,16,1516,693,719,1516,146087.68,1602.21,93,146,197,101,112,77,89,597,412,475,0,525
184199,15,-0.07,-0.03,-0.4,-0.25,2,0.2,0.2,0.15,60,45.42,1499,1465,58,1407,0,497,0,271,0,639,0,34,17,1516,639,768,1516,-36644.33,-315.16,49,84,115,46,63,35,59,956,0,497,0,910
184200,15,-0.07,-0.03,-0.4,-0.25,2,0.2,0.2,0.15,60,56.77,1494,1460,56,1404,438,0,0,607,0,359,0,34,22,1516,797,607,1516,427459.74,4424.7,44,62,87,57,63,47,55,989,438,0,0,966
184201,15,-0.07,-0.02,-0.6,-0.45,1,0.1,0.1,0.15,20,66.51,1723,1540,29,1511,902,264,242,0,103,0,0,183,10,1733,1005,506,1733,396120.47,4097.65,488,322,219,482,0,0,0,0,902,264,345,0
184202,15,-0.07,-0.02,-0.6,-0.45,1,0.1,0.1,0.15,20,59.41,1723,1540,47,1493,0,281,325,0,887,0,0,183,10,1733,887,606,1733,816610.42,8419.29,39,105,72,1277,0,0,0,0,0,281,1212,0
184203,15,-0.07,-0.02,-0.6,-0.45,1,0.1,0.1,0.15,20,70.62,1723,1540,29,1511,944,0,444,0,123,0,0,183,10,1733,1067,444,1733,551726.61,5683.78,452,230,165,664,0,0,0,0,944,0,567,0
184204,15,-0.07,-0.02,-0.6,-0.45,1,0.1,0.1,0.15,30,69.49,1723,1540,52,1488,996,340,114,0,38,0,0,183,10,1733,1034,454,1733,406848.12,4219.7,488,322,219,137,100,222,0,0,996,340,152,0
184205,15,-0.07,-0.02,-0.6,-0.45,1,0.1,0.1,0.15,30,56.21,1721,1538,97,1441,0,392,239,0,810,0,0,183,12,1733,810,631,1733,744686.79,7678.58,39,105,72,65,57,1103,0,0,0,392,1049,0
184206,15,-0.07,-0.02,-0.6,-0.45,1,0.1,0.1,0.15,30,77.8,1723,1540,58,1482,1082,0,329,0,71,0,0,183,10,1733,1153,329,1733,698587.63,7198.74,452,230,165,97,82,456,0,0,1082,0,400,0
184207,15,-0.07,-0.02,-0.6,-0.45,1,0.1,0.1,0.15,40,70.21,1723,1540,53,1487,1023,383,46,14,12,9,0,183,10,1733,1044,443,1733,401732.43,4166.98,488,322,219,137,100,70,45,106,1023,383,58,23
184208,15,-0.07,-0.02,-0.6,-0.45,1,0.1,0.1,0.15,40,53.69,1719,1536,98,1438,0,490,138,38,214,558,0,183,14,1733,772,666,1733,792921.96,8201.22,39,105,72,65,57,54,67,979,0,490,352,596
184209,15,-0.07,-0.02,-0.6,-0.45,1,0.1,0.1,0.15,40,80.22,1723,1540,59,1481,1141,0,213,80,16,31,0,183,10,1733,1188,293,1733,740477.06,7613.13,452,230,165,97,82,56,35,364,1141,0,229,111
184210,15,-0.07,-0.02,-0.6,-0.45,1,0.1,0.1,0.15,50,69.94,1723,1540,53,1487,1023,390,0,57,0,17,0,183,10,1733,1040,447,1733,394454.06,4092.24,488,322,219,137,100,70,45,106,1023,390,0,74
184211,15,-0.07,-0.02,-0.6,-0.45,1,0.1,0.1,0.15,50,52.54,1719,1536,99,1437,0,514,0,168,0,755,0,183,14,1733,755,682,1733,751245.21,7765.78,39,105,72,65,57,54,67,978,0,514,0,923
184212,15,-0.07,-0.02,-0.6,-0.45,1,0.1,0.1,0.15,50,80.01,1723,1540,59,1481,1142,0,0,296,0,43,0,183,10,1733,1185,296,1733,715171.25,7346.26,452,230,165,97,82,56,35,364,1142,0,0,339
184213,15,-0.07,-0.02,-0.6,-0.45,1,0.1,0.1,0.15,60,69.94,1723,1540,53,1487,1023,390,0,57,0,17,0,183,10,1733,1040,447,1733,394454.06,4092.24,488,322,219,137,100,70,45,106,1023,390,0,74
184214,15,-0.07,-0.02,-0.6,-0.45,1,0.1,0.1,0.15,60,52.54,1719,1536,99,1437,0,514,0,168,0,755,0,183,14,1733,755,682,1733,751245.21,7765.78,39,105,72,65,57,54,67,978,0,514,0,923
184215,15,-0.07,-0.02,-0.6,-0.45,1,0.1,0.1,0.15,60,80.01,1723,1540,59,1481,1142,0,0,296,0,43,0,183,10,1733,1185,296,1733,715171.25,7346.26,452,230,165,97,82,56,35,364,1142,0,0,339
184216,15,-0.07,-0.02,-0.6,-0.45,1,0.1,0.2,0.15,20,60.54,1723,1540,45,1495,496,281,309,0,409,0,0,183,10,1733,905,590,1733,684877.06,7076.57,132,242,240,881,0,0,0,0,496,281,718,0
184217,15,-0.07,-0.02,-0.6,-0.45,1,0.1,0.2,0.15,20,59.41,1723,1540,47,1493,0,281,325,0,887,0,0,183,10,1733,887,606,1733,816610.42,8419.29,39,105,72,1277,0,0,0,0,0,281,1212,0
184218,15,-0.07,-0.02,-0.6,-0.45,1,0.1,0.2,0.15,20,64.82,1723,1540,45,1495,514,0,526,0,455,0,0,183,10,1733,969,526,1733,867365.42,8934.42,93,141,175,1086,0,0,0,0,514,0,981,0
184219,15,-0.07,-0.02,-0.6,-0.45,1,0.1,0.2,0.15,30,59.89,1723,1540,84,1456,647,383,201,0,225,0,0,183,10,1733,872,584,1733,728238.56,7525.14,132,242,240,163,134,545,0,0,647,383,426,0
184220,15,-0.07,-0.02,-0.6,-0.45,1,0.1,0.2,0.15,30,56.21,1721,1538,97,1441,0,392,239,0,810,0,0,183,12,1733,810,631,1733,744686.79,7678.58,39,105,72,65,57,1103,0,0,0,392,1049,0
184221,15,-0.07,-0.02,-0.6,-0.45,1,0.1,0.2,0.15,30,68.69,1723,1540,90,1450,690,0,454,0,306,0,0,183,10,1733,996,454,1733,1072608.52,11039.69,93,141,175,105,97,839,0,0,690,0,760,0
184222,15,-0.07,-0.02,-0.6,-0.45,1,0.1,0.2,0.15,40,58.76,1723,1540,85,1455,700,465,103,32,71,84,0,183,10,1733,855,600,1733,716011.08,7408.5,132,242,240,163,134,119,85,340,700,465,174,116
184223,15,-0.07,-0.02,-0.6,-0.45,1,0.1,0.2,0.15,40,53.69,1719,1536,98,1438,0,490,138,38,214,558,0,183,14,1733,772,666,1733,792921.96,8201.22,39,105,72,65,57,54,67,979,0,490,352,596
184224,15,-0.07,-0.02,-0.6,-0.45,1,0.1,0.2,0.15,40,69.15,1723,1540,91,1449,762,0,337,110,81,159,0,183,10,1733,1002,447,1733,1128060.82,11608.82,93,141,175,105,97,79,49,710,762,0,418,269
184225,15,-0.07,-0.02,-0.6,-0.45,1,0.1,0.2,0.15,50,57.77,1723,1540,86,1454,702,484,0,130,0,138,0,183,10,1733,840,614,1733,689114.25,7129.3,132,242,240,163,134,119,85,339,702,484,0,268
184226,15,-0.07,-0.02,-0.6,-0.45,1,0.1,0.2,0.15,50,52.54,1719,1536,99,1437,0,514,0,168,0,755,0,183,14,1733,755,682,1733,751245.21,7765.78,39,105,72,65,57,54,67,978,0,514,0,923
184227,15,-0.07,-0.02,-0.6,-0.45,1,0.1,0.2,0.15,50,68.16,1723,1540,92,1448,764,0,0,461,0,223,0,183,10,1733,987,461,1733,1067667.53,10976.21,93,141,175,105,97,79,49,709,764,0,0,684
184228,15,-0.07,-0.02,-0.6,-0.45,1,0.1,0.2,0.15,60,57.77,1723,1540,86,1454,702,484,0,130,0,138,0,183,10,1733,840,614,1733,689114.25,7129.3,132,242,240,163,134,119,85,339,702,484,0,268
184229,15,-0.07,-0.02,-0.6,-0.45,1,0.1,0.2,0.15,60,52.54,1719,1536,99,1437,0,514,0,168,0,755,0,183,14,1733,755,682,1733,751245.21,7765.78,39,105,72,65,57,54,67,978,0,514,0,923
184230,15,-0.07,-0.02,-0.6,-0.45,1,0.1,0.2,0.15,60,68.16,1723,1540,92,1448,764,0,0,461,0,223,0,183,10,1733,987,461,1733,1067667.53,10976.21,93,141,175,105,97,79,49,709,764,0,0,684
184231,15,-0.07,-0.02,-0.6,-0.45,1,0.2,0.1,0.15,20,66.51,1723,1540,29,1511,902,264,242,0,103,0,0,183,10,1733,1005,506,1733,396120.47,4097.65,488,322,219,482,0,0,0,0,902,264,345,0
184232,15,-0.07,-0.02,-0.6,-0.45,1,0.2,0.1,0.15,20,59.41,1723,1540,47,1493,0,281,325,0,887,0,0,183,10,1733,887,606,1733,816610.42,8419.29,39,105,72,1277,0,0,0,0,0,281,1212,0
184233,15,-0.07,-0.02,-0.6,-0.45,1,0.2,0.1,0.15,20,70.62,1723,1540,29,1511,944,0,444,0,123,0,0,183,10,1733,1067,444,1733,551726.61,5683.78,452,230,165,664,0,0,0,0,944,0,567,0
184234,15,-0.07,-0.02,-0.6,-0.45,1,0.2,0.1,0.15,30,69.49,1723,1540,52,1488,996,340,114,0,38,0,0,183,10,1733,1034,454,1733,406848.12,4219.7,488,322,219,137,100,222,0,0,996,340,152,0
184235,15,-0.07,-0.02,-0.6,-0.45,1,0.2,0.1,0.15,30,56.21,1721,1538,97,1441,0,392,239,0,810,0,0,183,12,1733,810,631,1733,744686.79,7678.58,39,105,72,65,57,1103,0,0,0,392,1049,0
184236,15,-0.07,-0.02,-0.6,-0.45,1,0.2,0.1,0.15,30,77.8,1723,1540,58,1482,1082,0,329,0,71,0,0,183,10,1733,1153,329,1733,698587.63,7198.74,452,230,165,97,82,456,0,0,1082,0,400,0
184237,15,-0.07,-0.02,-0.6,-0.45,1,0.2,0.1,0.15,40,70.21,1723,1540,53,1487,1023,383,46,14,12,9,0,183,10,1733,1044,443,1733,401732.43,4166.98,488,322,219,137,100,70,45,106,1023,383,58,23
184238,15,-0.07,-0.02,-0.6,-0.45,1,0.2,0.1,0.15,40,53.69,1719,1536,98,1438,0,490,138,38,214,558,0,183,14,1733,772,666,1733,792921.96,8201.22,39,105,72,65,57,54,67,979,0,490,352,596
184239,15,-0.07,-0.02,-0.6,-0.45,1,0.2,0.1,0.15,40,80.22,1723,1540,59,1481,1141,0,213,80,16,31,0,183,10,1733,1188,293,1733,740477.06,7613.13,452,230,165,97,82,56,35,364,1141,0,229,111
184240,15,-0.07,-0.02,-0.6,-0.45,1,0.2,0.1,0.15,50,69.94,1723,1540,53,1487,1023,390,0,57,0,17,0,183,10,1733,1040,447,1733,394454.06,4092.24,488,322,219,137,100,70,45,106,1023,390,0,74
184241,15,-0.07,-0.02,-0.6,-0.45,1,0.2,0.1,0.15,50,52.54,1719,1536,99,1437,0,514,0,168,0,755,0,183,14,1733,755,682,1733,751245.21,7765.78,39,105,72,65,57,54,67,978,0,514,0,923
184242,15,-0.07,-0.02,-0.6,-0.45,1,0.2,0.1,0.15,50,80.01,1723,1540,59,1481,1142,0,0,296,0,43,0,183,10,1733,1185,296,1733,715171.25,7346.26,452,230,165,97,82,56,35,364,1142,0,0,339
184243,15,-0.07,-0.02,-0.6,-0.45,1,0.2,0.1,0.15,60,69.94,1723,1540,53,1487,1023,390,0,57,0,17,0,183,10,1733,1040,447,1733,394454.06,4092.24,488,322,219,137,100,70,45,106,1023,390,0,74
184244,15,-0.07,-0.02,-0.6,-0.45,1,0.2,0.1,0.15,60,52.54,1719,1536,99,1437,0,514,0,168,0,755,0,183,14,1733,755,682,1733,751245.21,7765.78,39,105,72,65,57,54,67,978,0,514,0,923
184245,15,-0.07,-0.02,-0.6,-0.45,1,0.2,0.1,0.15,60,80.01,1723,1540,59,1481,1142,0,0,296,0,43,0,183,10,1733,1185,296,1733,715171.25,7346.26,452,230,165,97,82,56,35,364,1142,0,0,339
184246,15,-0.07,-0.02,-0.6,-0.45,1,0.2,0.2,0.15,20,60.54,1723,1540,45,1495,496,281,309,0,409,0,0,183,10,1733,905,590,1733,684877.06,7076.57,132,242,240,881,0,0,0,0,496,281,718,0
184247,15,-0.07,-0.02,-0.6,-0.45,1,0.2,0.2,0.15,20,59.41,1723,1540,47,1493,0,281,325,0,887,0,0,183,10,1733,887,606,1733,816610.42,8419.29,39,105,72,1277,0,0,0,0,0,281,1212,0
184248,15,-0.07,-0.02,-0.6,-0.45,1,0.2,0.2,0.15,20,64.82,1723,1540,45,1495,514,0,526,0,455,0,0,183,10,1733,969,526,1733,867365.42,8934.42,93,141,175,1086,0,0,0,0,514,0,981,0
184249,15,-0.07,-0.02,-0.6,-0.45,1,0.2,0.2,0.15,30,59.89,1723,1540,84,1456,647,383,201,0,225,0,0,183,10,1733,872,584,1733,728238.56,7525.14,132,242,240,163,134,545,0,0,647,383,426,0
184250,15,-0.07,-0.02,-0.6,-0.45,1,0.2,0.2,0.15,30,56.21,1721,1538,97,1441,0,392,239,0,810,0,0,183,12,1733,810,631,1733,744686.79,7678.58,39,105,72,65,57,1103,0,0,0,392,1049,0
184251,15,-0.07,-0.02,-0.6,-0.45,1,0.2,0.2,0.15,30,68.69,1723,1540,90,1450,690,0,454,0,306,0,0,183,10,1733,996,454,1733,1072608.52,11039.69,93,141,175,105,97,839,0,0,690,0,760,0
184252,15,-0.07,-0.02,-0.6,-0.45,1,0.2,0.2,0.15,40,58.76,1723,1540,85,1455,700,465,103,32,71,84,0,183,10,1733,855,600,1733,716011.08,7408.5,132,242,240,163,134,119,85,340,700,465,174,116
184253,15,-0.07,-0.02,-0.6,-0.45,1,0.2,0.2,0.15,40,53.69,1719,1536,98,1438,0,490,138,38,214,558,0,183,14,1733,772,666,1733,792921.96,8201.22,39,105,72,65,57,54,67,979,0,490,352,596
184254,15,-0.07,-0.02,-0.6,-0.45,1,0.2,0.2,0.15,40,69.15,1723,1540,91,1449,762,0,337,110,81,159,0,183,10,1733,1002,447,1733,1128060.82,11608.82,93,141,175,105,97,79,49,710,762,0,418,269
184255,15,-0.07,-0.02,-0.6,-0.45,1,0.2,0.2,0.15,50,57.77,1723,1540,86,1454,702,484,0,130,0,138,0,183,10,1733,840,614,1733,689114.25,7129.3,132,242,240,163,134,119,85,339,702,484,0,268
184256,15,-0.07,-0.02,-0.6,-0.45,1,0.2,0.2,0.15,50,52.54,1719,1536,99,1437,0,514,0,168,0,755,0,183,14,1733,755,682,1733,751245.21,7765.78,39,105,72,65,57,54,67,978,0,514,0,923
184257,15,-0.07,-0.02,-0.6,-0.45,1,0.2,0.2,0.15,50,68.16,1723,1540,92,1448,764,0,0,461,0,223,0,183,10,1733,987,461,1733,1067667.53,10976.21,93,141,175,105,97,79,49,709,764,0,0,684
184258,15,-0.07,-0.02,-0.6,-0.45,1,0.2,0.2,0.15,60,57.77,1723,1540,86,1454,702,484,0,130,0,138,0,183,10,1733,840,614,1733,689114.25,7129.3,132,242,240,163,134,119,85,339,702,484,0,268
184259,15,-0.07,-0.02,-0.6,-0.45,1,0.2,0.2,0.15,60,52.54,1719,1536,99,1437,0,514,0,168,0,755,0,183,14,1733,755,682,1733,751245.21,7765.78,39,105,72,65,57,54,67,978,0,514,0,923
184260,15,-0.07,-0.02,-0.6,-0.45,1,0.2,0.2,0.15,60,68.16,1723,1540,92,1448,764,0,0,461,0,223,0,183,10,1733,987,461,1733,1067667.53,10976.21,93,141,175,105,97,79,49,709,764,0,0,684
184261,15,-0.07,-0.02,-0.6,-0.45,2,0.1,0.1,0.15,20,69.71,1723,1540,28,1512,949,261,197,0,105,0,0,183,10,1733,1054,458,1733,505369.56,6110.69,498,339,231,444,0,0,0,0,949,261,302,0
184262,15,-0.07,-0.02,-0.6,-0.45,2,0.1,0.1,0.15,20,63.16,1723,1540,47,1493,0,281,269,0,943,0,0,183,10,1733,943,550,1733,1080087.26,11096.09,39,105,72,1277,0,0,0,0,0,281,1212,0
184263,15,-0.07,-0.02,-0.6,-0.45,2,0.1,0.1,0.15,20,75.79,1723,1540,28,1512,1010,0,366,0,136,0,0,183,10,1733,1146,366,1733,769876.84,7790.62,465,250,184,613,0,0,0,0,1010,0,502,0
184264,15,-0.07,-0.02,-0.6,-0.45,2,0.1,0.1,0.15,30,71.85,1723,1540,48,1492,1034,333,87,0,38,0,0,183,10,1733,1072,420,1733,503697.09,6397.85,498,339,231,142,91,191,0,0,1034,333,125,0
184265,15,-0.07,-0.02,-0.6,-0.45,2,0.1,0.1,0.15,30,58.36,1721,1538,97,1441,0,392,208,0,841,0,0,183,12,1733,841,600,1733,1059460.7,10937.7,39,105,72,65,57,1103,0,0,0,392,1049,0
184266,15,-0.07,-0.02,-0.6,-0.45,2,0.1,0.1,0.15,30,83.31,1723,1540,54,1486,1169,0,248,0,69,0,0,183,10,1733,1238,248,1733,1012399.04,9367.16,465,250,184,111,93,383,0,0,1169,0,317,0
184267,15,-0.07,-0.02,-0.6,-0.45,2,0.1,0.1,0.15,40,72.23,1723,1540,49,1491,1058,369,37,8,12,7,0,183,10,1733,1077,414,1733,488896.5,6418.15,498,339,231,142,91,66,36,88,1058,369,49,15
184268,15,-0.07,-0.02,-0.6,-0.45,2,0.1,0.1,0.15,40,55.77,1719,1536,98,1438,0,490,119,27,233,569,0,183,14,1733,802,636,1733,1092207.78,11802.21,39,105,72,65,57,54,67,979,0,490,352,596
184269,15,-0.07,-0.02,-0.6,-0.45,2,0.1,0.1,0.15,40,85.32,1723,1540,55,1485,1223,0,170,48,19,25,0,183,10,1733,1267,218,1733,1096710.33,9883.2,465,250,184,111,93,66,31,285,1223,0,189,73
184270,15,-0.07,-0.02,-0.6,-0.45,2,0.1,0.1,0.15,50,71.97,1723,1540,49,1491,1058,375,0,43,0,15,0,183,10,1733,1073,418,1733,479786.96,6361.58,498,339,231,142,91,66,36,88,1058,375,0,58
184271,15,-0.07,-0.02,-0.6,-0.45,2,0.1,0.1,0.15,50,54.35,1719,1536,99,1437,0,514,0,142,0,781,0,183,14,1733,781,656,1733,1032828.71,11357.7,39,105,72,65,57,54,67,978,0,514,0,923
184272,15,-0.07,-0.02,-0.6,-0.45,2,0.1,0.1,0.15,50,85.19,1723,1540,55,1485,1223,0,0,220,0,42,0,183,10,1733,1265,220,1733,1057014.35,9670.66,465,250,184,111,93,66,31,285,1223,0,0,262
184273,15,-0.07,-0.02,-0.6,-0.45,2,0.1,0.1,0.15,60,71.97,1723,1540,49,1491,1058,375,0,43,0,15,0,183,10,1733,1073,418,1733,479786.96,6361.58,498,339,231,142,91,66,36,88,1058,375,0,58
184274,15,-0.07,-0.02,-0.6,-0.45,2,0.1,0.1,0.15,60,54.35,1719,1536,99,1437,0,514,0,142,0,781,0,183,14,1733,781,656,1733,1032828.71,11357.7,39,105,72,65,57,54,67,978,0,514,0,923
184275,15,-0.07,-0.02,-0.6,-0.45,2,0.1,0.1,0.15,60,85.19,1723,1540,55,1485,1223,0,0,220,0,42,0,183,10,1733,1265,220,1733,1057014.35,9670.66,465,250,184,111,93,66,31,285,1223,0,0,262
184276,15,-0.07,-0.02,-0.6,-0.45,2,0.1,0.2,0.15,20,64.28,1723,1540,45,1495,522,281,253,0,439,0,0,183,10,1733,961,534,1733,883425.31,9503.37,135,250,256,854,0,0,0,0,522,281,692,0
184277,15,-0.07,-0.02,-0.6,-0.45,2,0.1,0.2,0.15,20,63.16,1723,1540,47,1493,0,281,269,0,943,0,0,183,10,1733,943,550,1733,1080087.26,11096.09,39,105,72,1277,0,0,0,0,0,281,1212,0
184278,15,-0.07,-0.02,-0.6,-0.45,2,0.1,0.2,0.15,20,70.57,1723,1540,45,1495,555,0,440,0,500,0,0,183,10,1733,1055,440,1733,1224299.32,11594.23,97,151,197,1050,0,0,0,0,555,0,940,0
184279,15,-0.07,-0.02,-0.6,-0.45,2,0.1,0.2,0.15,30,61.81,1723,1540,84,1456,684,382,174,0,216,0,0,183,10,1733,900,556,1733,943652.27,10262.66,135,250,256,162,143,510,0,0,684,382,390,0
184280,15,-0.07,-0.02,-0.6,-0.45,2,0.1,0.2,0.15,30,58.36,1721,1538,97,1441,0,392,208,0,841,0,0,183,12,1733,841,600,1733,1059460.7,10937.7,39,105,72,65,57,1103,0,0,0,392,1049,0
184281,15,-0.07,-0.02,-0.6,-0.45,2,0.1,0.2,0.15,30,74.28,1723,1540,90,1450,757,0,373,0,320,0,0,183,10,1733,1077,373,1733,1610879.98,14099.86,97,151,197,110,112,783,0,0,757,0,693,0
184282,15,-0.07,-0.02,-0.6,-0.45,2,0.1,0.2,0.15,40,60.82,1723,1540,85,1455,743,462,86,22,76,66,0,183,10,1733,885,570,1733,936060.13,10467.62,135,250,256,162,143,120,90,299,743,462,162,88
184283,15,-0.07,-0.02,-0.6,-0.45,2,0.1,0.2,0.15,40,55.77,1719,1536,98,1438,0,490,119,27,233,569,0,183,14,1733,802,636,1733,1092207.78,11802.21,39,105,72,65,57,54,67,979,0,490,352,596
184284,15,-0.07,-0.02,-0.6,-0.45,2,0.1,0.2,0.15,40,74.4,1723,1540,91,1449,848,0,299,72,97,133,0,183,10,1733,1078,371,1733,1738053.55,15030.07,97,151,197,110,112,90,59,633,848,0,396,205
184285,15,-0.07,-0.02,-0.6,-0.45,2,0.1,0.2,0.15,50,59.7,1723,1540,86,1454,745,481,0,105,0,123,0,183,10,1733,868,586,1733,894763.47,10188.89,135,250,256,162,143,120,90,298,745,481,0,228
184286,15,-0.07,-0.02,-0.6,-0.45,2,0.1,0.2,0.15,50,54.35,1719,1536,99,1437,0,514,0,142,0,781,0,183,14,1733,781,656,1733,1032828.71,11357.7,39,105,72,65,57,54,67,978,0,514,0,923
184287,15,-0.07,-0.02,-0.6,-0.45,2,0.1,0.2,0.15,50,73.69,1723,1540,92,1448,851,0,0,381,0,216,0,183,10,1733,1067,381,1733,1635164.04,14425.13,97,151,197,110,112,90,59,632,851,0,0,597
184288,15,-0.07,-0.02,-0.6,-0.45,2,0.1,0.2,0.15,60,59.7,1723,1540,86,1454,745,481,0,105,0,123,0,183,10,1733,868,586,1733,894763.47,10188.89,135,250,256,162,143,120,90,298,745,481,0,228
184289,15,-0.07,-0.02,-0.6,-0.45,2,0.1,0.2,0.15,60,54.35,1719,1536,99,1437,0,514,0,142,0,781,0,183,14,1733,781,656,1733,1032828.71,11357.7,39,105,72,65,57,54,67,978,0,514,0,923
184290,15,-0.07,-0.02,-0.6,-0.45,2,0.1,0.2,0.15,60,73.69,1723,1540,92,1448,851,0,0,381,0,216,0,183,10,1733,1067,381,1733,1635164.04,14425.13,97,151,197,110,112,90,59,632,851,0,0,597
184291,15,-0.07,-0.02,-0.6,-0.45,2,0.2,0.1,0.15,20,66.51,1723,1540,29,1511,902,264,242,0,103,0,0,183,10,1733,1005,506,1733,396120.47,4097.65,488,322,219,482,0,0,0,0,902,264,345,0
184292,15,-0.07,-0.02,-0.6,-0.45,2,0.2,0.1,0.15,20,59.41,1723,1540,47,1493,0,281,325,0,887,0,0,183,10,1733,887,606,1733,816610.42,8419.29,39,105,72,1277,0,0,0,0,0,281,1212,0
184293,15,-0.07,-0.02,-0.6,-0.45,2,0.2,0.1,0.15,20,70.62,1723,1540,29,1511,944,0,444,0,123,0,0,183,10,1733,1067,444,1733,551726.61,5683.78,452,230,165,664,0,0,0,0,944,0,567,0
184294,15,-0.07,-0.02,-0.6,-0.45,2,0.2,0.1,0.15,30,69.49,1723,1540,52,1488,996,340,114,0,38,0,0,183,10,1733,1034,454,1733,406848.12,4219.7,488,322,219,137,100,222,0,0,996,340,152,0
184295,15,-0.07,-0.02,-0.6,-0.45,2,0.2,0.1,0.15,30,56.21,1721,1538,97,1441,0,392,239,0,810,0,0,183,12,1733,810,631,1733,744686.79,7678.58,39,105,72,65,57,1103,0,0,0,392,1049,0
184296,15,-0.07,-0.02,-0.6,-0.45,2,0.2,0.1,0.15,30,77.8,1723,1540,58,1482,1082,0,329,0,71,0,0,183,10,1733,1153,329,1733,698587.63,7198.74,452,230,165,97,82,456,0,0,1082,0,400,0
184297,15,-0.07,-0.02,-0.6,-0.45,2,0.2,0.1,0.15,40,70.21,1723,1540,53,1487,1023,383,46,14,12,9,0,183,10,1733,1044,443,1733,401732.43,4166.98,488,322,219,137,100,70,45,106,1023,383,58,23
184298,15,-0.07,-0.02,-0.6,-0.45,2,0.2,0.1,0.15,40,53.69,1719,1536,98,1438,0,490,138,38,214,558,0,183,14,1733,772,666,1733,792921.96,8201.22,39,105,72,65,57,54,67,979,0,490,352,596
184299,15,-0.07,-0.02,-0.6,-0.45,2,0.2,0.1,0.15,40,80.22,1723,1540,59,1481,1141,0,213,80,16,31,0,183,10,1733,1188,293,1733,740477.06,7613.13,452,230,165,97,82,56,35,364,1141,0,229,111
184300,15,-0.07,-0.02,-0.6,-0.45,2,0.2,0.1,0.15,50,69.94,1723,1540,53,1487,1023,390,0,57,0,17,0,183,10,1733,1040,447,1733,394454.06,4092.24,488,322,219,137,100,70,45,106,1023,390,0,74
184301,15,-0.07,-0.02,-0.6,-0.45,2,0.2,0.1,0.15,50,52.54,1719,1536,99,1437,0,514,0,168,0,755,0,183,14,1733,755,682,1733,751245.21,7765.78,39,105,72,65,57,54,67,978,0,514,0,923
184302,15,-0.07,-0.02,-0.6,-0.45,2,0.2,0.1,0.15,50,80.01,1723,1540,59,1481,1142,0,0,296,0,43,0,183,10,1733,1185,296,1733,715171.25,7346.26,452,230,165,97,82,56,35,364,1142,0,0,339
184303,15,-0.07,-0.02,-0.6,-0.45,2,0.2,0.1,0.15,60,69.94,1723,1540,53,1487,1023,390,0,57,0,17,0,183,10,1733,1040,447,1733,394454.06,4092.24,488,322,219,137,100,70,45,106,1023,390,0,74
184304,15,-0.07,-0.02,-0.6,-0.45,2,0.2,0.1,0.15,60,52.54,1719,1536,99,1437,0,514,0,168,0,755,0,183,14,1733,755,682,1733,751245.21,7765.78,39,105,72,65,57,54,67,978,0,514,0,923
184305,15,-0.07,-0.02,-0.6,-0.45,2,0.2,0.1,0.15,60,80.01,1723,1540,59,1481,1142,0,0,296,0,43,0,183,10,1733,1185,296,1733,715171.25,7346.26,452,230,165,97,82,56,35,364,1142,0,0,339
184306,15,-0.07,-0.02,-0.6,-0.45,2,0.2,0.2,0.15,20,60.54,1723,1540,45,1495,496,281,309,0,409,0,0,183,10,1733,905,590,1733,684877.06,7076.57,132,242,240,881,0,0,0,0,496,281,718,0
184307,15,-0.07,-0.02,-0.6,-0.45,2,0.2,0.2,0.15,20,59.41,1723,1540,47,1493,0,281,325,0,887,0,0,183,10,1733,887,606,1733,816610.42,8419.29,39,105,72,1277,0,0,0,0,0,281,1212,0
184308,15,-0.07,-0.02,-0.6,-0.45,2,0.2,0.2,0.15,20,64.82,1723,1540,45,1495,514,0,526,0,455,0,0,183,10,1733,969,526,1733,867365.42,8934.42,93,141,175,1086,0,0,0,0,514,0,981,0
184309,15,-0.07,-0.02,-0.6,-0.45,2,0.2,0.2,0.15,30,59.89,1723,1540,84,1456,647,383,201,0,225,0,0,183,10,1733,872,584,1733,728238.56,7525.14,132,242,240,163,134,545,0,0,647,383,426,0
184310,15,-0.07,-0.02,-0.6,-0.45,2,0.2,0.2,0.15,30,56.21,1721,1538,97,1441,0,392,239,0,810,0,0,183,12,1733,810,631,1733,744686.79,7678.58,39,105,72,65,57,1103,0,0,0,392,1049,0
184311,15,-0.07,-0.02,-0.6,-0.45,2,0.2,0.2,0.15,30,68.69,1723,1540,90,1450,690,0,454,0,306,0,0,183,10,1733,996,454,1733,1072608.52,11039.69,93,141,175,105,97,839,0,0,690,0,760,0
184312,15,-0.07,-0.02,-0.6,-0.45,2,0.2,0.2,0.15,40,58.76,1723,1540,85,1455,700,465,103,32,71,84,0,183,10,1733,855,600,1733,716011.08,7408.5,132,242,240,163,134,119,85,340,700,465,174,116
184313,15,-0.07,-0.02,-0.6,-0.45,2,0.2,0.2,0.15,40,53.69,1719,1536,98,1438,0,490,138,38,214,558,0,183,14,1733,772,666,1733,792921.96,8201.22,39,105,72,65,57,54,67,979,0,490,352,596
184314,15,-0.07,-0.02,-0.6,-0.45,2,0.2,0.2,0.15,40,69.15,1723,1540,91,1449,762,0,337,110,81,159,0,183,10,1733,1002,447,1733,1128060.82,11608.82,93,141,175,105,97,79,49,710,762,0,418,269
184315,15,-0.07,-0.02,-0.6,-0.45,2,0.2,0.2,0.15,50,57.77,1723,1540,86,1454,702,484,0,130,0,138,0,183,10,1733,840,614,1733,689114.25,7129.3,132,242,240,163,134,119,85,339,702,484,0,268
184316,15,-0.07,-0.02,-0.6,-0.45,2,0.2,0.2,0.15,50,52.54,1719,1536,99,1437,0,514,0,168,0,755,0,183,14,1733,755,682,1733,751245.21,7765.78,39,105,72,65,57,54,67,978,0,514,0,923
184317,15,-0.07,-0.02,-0.6,-0.45,2,0.2,0.2,0.15,50,68.16,1723,1540,92,1448,764,0,0,461,0,223,0,183,10,1733,987,461,1733,1067667.53,10976.21,93,141,175,105,97,79,49,709,764,0,0,684
184318,15,-0.07,-0.02,-0.6,-0.45,2,0.2,0.2,0.15,60,57.77,1723,1540,86,1454,702,484,0,130,0,138,0,183,10,1733,840,614,1733,689114.25,7129.3,132,242,240,163,134,119,85,339,702,484,0,268
184319,15,-0.07,-0.02,-0.6,-0.45,2,0.2,0.2,0.15,60,52.54,1719,1536,99,1437,0,514,0,168,0,755,0,183,14,1733,755,682,1733,751245.21,7765.78,39,105,72,65,57,54,67,978,0,514,0,923
184320,15,-0.07,-0.02,-0.6,-0.45,2,0.2,0.2,0.15,60,68.16,1723,1540,92,1448,764,0,0,461,0,223,0,183,10,1733,987,461,1733,1067667.53,10976.21,93,141,175,105,97,79,49,709,764,0,0,684
184321,15,-0.07,-0.02,-0.6,-0.4,1,0.1,0.1,0.15,20,66.1,2658,2422,53,2369,1366,394,409,0,200,0,0,236,14,2672,1566,803,2672,602028.83,6199.06,713,477,345,834,0,0,0,0,1366,394,609,0
184322,15,-0.07,-0.02,-0.6,-0.4,1,0.1,0.1,0.15,20,59.51,2658,2422,78,2344,0,417,532,0,1395,0,0,236,14,2672,1395,949,2672,1134293.16,11700.93,55,152,113,2024,0,0,0,0,0,417,1927,0
184323,15,-0.07,-0.02,-0.6,-0.4,1,0.1,0.1,0.15,20,70.05,2656,2420,53,2367,1427,0,709,0,231,0,0,236,16,2672,1658,709,2672,853617.74,8775.05,661,340,259,1107,0,0,0,0,1427,0,940,0
184324,15,-0.07,-0.02,-0.6,-0.4,1,0.1,0.1,0.15,30,68.64,2658,2422,88,2334,1527,523,209,0,75,0,0,236,14,2672,1602,732,2672,608069.34,6272.98,713,477,345,225,170,404,0,0,1527,523,284,0
184325,15,-0.07,-0.02,-0.6,-0.4,1,0.1,0.1,0.15,30,55.27,2655,2419,161,2258,0,601,409,0,1248,0,0,236,17,2672,1248,1010,2672,1006302.71,10385.29,55,152,113,97,99,1742,0,0,0,601,1657,0
184326,15,-0.07,-0.02,-0.6,-0.4,1,0.1,0.1,0.15,30,76.82,2656,2420,95,2325,1658,0,539,0,128,0,0,236,16,2672,1786,539,2672,1065172.59,10951.35,661,340,259,167,139,759,0,0,1658,0,667,0
184327,15,-0.07,-0.02,-0.6,-0.4,1,0.1,0.1,0.15,40,69.13,2658,2422,90,2332,1570,597,96,27,26,16,0,236,14,2672,1612,720,2672,590559.88,6094.76,713,477,345,225,170,120,72,210,1570,597,122,43
184328,15,-0.07,-0.02,-0.6,-0.4,1,0.1,0.1,0.15,40,52.42,2653,2417,164,2253,0,750,257,65,327,854,0,236,19,2672,1181,1072,2672,1050831.58,10868.46,55,152,113,97,99,85,100,1552,0,750,584,919
184329,15,-0.07,-0.02,-0.6,-0.4,1,0.1,0.1,0.15,40,78.95,2656,2420,97,2323,1750,0,349,140,32,52,0,236,16,2672,1834,489,2672,1126254.93,11569.52,661,340,259,167,139,92,52,613,1750,0,381,192
184330,15,-0.07,-0.02,-0.6,-0.4,1,0.1,0.1,0.15,50,68.87,2658,2422,90,2332,1573,611,0,115,0,33,0,236,14,2672,1606,726,2672,577396.05,5959.4,713,477,345,225,170,120,72,210,1573,611,0,148
184331,15,-0.07,-0.02,-0.6,-0.4,1,0.1,0.1,0.15,50,51.07,2653,2417,165,2252,0,788,0,314,0,1150,0,236,19,2672,1150,1102,2672,982751.83,10156.74,55,152,113,97,99,85,100,1551,0,788,0,1464
184332,15,-0.07,-0.02,-0.6,-0.4,1,0.1,0.1,0.15,50,78.69,2656,2420,97,2323,1754,0,0,495,0,74,0,236,16,2672,1828,495,2672,1084526.85,11134.54,661,340,259,167,139,92,52,613,1754,0,0,569
184333,15,-0.07,-0.02,-0.6,-0.4,1,0.1,0.1,0.15,60,68.87,2658,2422,90,2332,1573,611,0,115,0,33,0,236,14,2672,1606,726,2672,577396.05,5959.4,713,477,345,225,170,120,72,210,1573,611,0,148
184334,15,-0.07,-0.02,-0.6,-0.4,1,0.1,0.1,0.15,60,51.07,2653,2417,165,2252,0,788,0,314,0,1150,0,236,19,2672,1150,1102,2672,982751.83,10156.74,55,152,113,97,99,85,100,1551,0,788,0,1464
184335,15,-0.07,-0.02,-0.6,-0.4,1,0.1,0.1,0.15,60,78.69,2656,2420,97,2323,1754,0,0,495,0,74,0,236,16,2672,1828,495,2672,1084526.85,11134.54,661,340,259,167,139,92,52,613,1754,0,0,569
184336,15,-0.07,-0.02,-0.6,-0.4,1,0.1,0.2,0.15,20,60.37,2658,2422,75,2347,695,416,514,0,722,0,0,236,14,2672,1417,930,2672,989391.29,10202.42,181,362,339,1465,0,0,0,0,695,416,1236,0
184337,15,-0.07,-0.02,-0.6,-0.4,1,0.1,0.2,0.15,20,59.51,2658,2422,78,2344,0,417,532,0,1395,0,0,236,14,2672,1395,949,2672,1134293.16,11700.93,55,152,113,2024,0,0,0,0,0,417,1927,0
184338,15,-0.07,-0.02,-0.6,-0.4,1,0.1,0.2,0.15,20,64.43,2656,2420,75,2345,719,0,834,0,792,0,0,236,16,2672,1511,834,2672,1273068.7,13108.69,126,215,234,1770,0,0,0,0,719,0,1626,0
184339,15,-0.07,-0.02,-0.6,-0.4,1,0.1,0.2,0.15,30,58.44,2658,2422,141,2281,929,590,358,0,404,0,0,236,14,2672,1333,948,2672,994726.06,10270.59,181,362,339,229,220,950,0,0,929,590,762,0
184340,15,-0.07,-0.02,-0.6,-0.4,1,0.1,0.2,0.15,30,55.27,2655,2419,161,2258,0,601,409,0,1248,0,0,236,17,2672,1248,1010,2672,1006302.71,10385.29,55,152,113,97,99,1742,0,0,0,601,1657,0
184341,15,-0.07,-0.02,-0.6,-0.4,1,0.1,0.2,0.15,30,67.03,2656,2420,148,2272,993,0,749,0,530,0,0,236,16,2672,1523,749,2672,1531025.89,15758.71,126,215,234,144,150,1403,0,0,993,0,1279,0
184342,15,-0.07,-0.02,-0.6,-0.4,1,0.1,0.2,0.15,40,57.02,2658,2422,144,2278,1022,717,206,56,123,154,0,236,14,2672,1299,979,2672,981726.41,10147.07,181,362,339,229,220,188,145,614,1022,717,329,210
184343,15,-0.07,-0.02,-0.6,-0.4,1,0.1,0.2,0.15,40,52.42,2653,2417,164,2253,0,750,257,65,327,854,0,236,19,2672,1181,1072,2672,1050831.58,10868.46,55,152,113,97,99,85,100,1552,0,750,584,919
184344,15,-0.07,-0.02,-0.6,-0.4,1,0.1,0.2,0.15,40,67.21,2656,2420,151,2269,1118,0,556,188,139,268,0,236,16,2672,1525,744,2672,1633311.41,16816.2,126,215,234,144,150,124,88,1188,1118,0,695,456
184345,15,-0.07,-0.02,-0.6,-0.4,1,0.1,0.2,0.15,50,56.08,2658,2422,145,2277,1024,749,0,251,0,253,0,236,14,2672,1277,1000,2672,942064.29,9735.15,181,362,339,229,220,188,145,613,1024,749,0,504
184346,15,-0.07,-0.02,-0.6,-0.4,1,0.1,0.2,0.15,50,51.07,2653,2417,165,2252,0,788,0,314,0,1150,0,236,19,2672,1150,1102,2672,982751.83,10156.74,55,152,113,97,99,85,100,1551,0,788,0,1464
184347,15,-0.07,-0.02,-0.6,-0.4,1,0.1,0.2,0.15,50,66.18,2656,2420,152,2268,1120,0,0,767,0,381,0,236,16,2672,1501,767,2672,1542717.66,15873.3,126,215,234,144,150,124,88,1187,1120,0,0,1148
184348,15,-0.07,-0.02,-0.6,-0.4,1,0.1,0.2,0.15,60,56.08,2658,2422,145,2277,1024,749,0,251,0,253,0,236,14,2672,1277,1000,2672,942064.29,9735.15,181,362,339,229,220,188,145,613,1024,749,0,504
184349,15,-0.07,-0.02,-0.6,-0.4,1,0.1,0.2,0.15,60,51.07,2653,2417,165,2252,0,788,0,314,0,1150,0,236,19,2672,1150,1102,2672,982751.83,10156.74,55,152,113,97,99,85,100,1551,0,788,0,1464
184350,15,-0.07,-0.02,-0.6,-0.4,1,0.1,0.2,0.15,60,66.18,2656,2420,152,2268,1120,0,0,767,0,381,0,236,16,2672,1501,767,2672,1542717.66,15873.3,126,215,234,144,150,124,88,1187,1120,0,0,1148
184351,15,-0.07,-0.02,-0.6,-0.4,1,0.2,0.1,0.15,20,66.1,2658,2422,53,2369,1366,394,409,0,200,0,0,236,14,2672,1566,803,2672,602028.83,6199.06,713,477,345,834,0,0,0,0,1366,394,609,0
184352,15,-0.07,-0.02,-0.6,-0.4,1,0.2,0.1,0.15,20,59.51,2658,2422,78,2344,0,417,532,0,1395,0,0,236,14,2672,1395,949,2672,1134293.16,11700.93,55,152,113,2024,0,0,0,0,0,417,1927,0
184353,15,-0.07,-0.02,-0.6,-0.4,1,0.2,0.1,0.15,20,70.05,2656,2420,53,2367,1427,0,709,0,231,0,0,236,16,2672,1658,709,2672,853617.74,8775.05,661,340,259,1107,0,0,0,0,1427,0,940,0
184354,15,-0.07,-0.02,-0.6,-0.4,1,0.2,0.1,0.15,30,68.64,2658,2422,88,2334,1527,523,209,0,75,0,0,236,14,2672,1602,732,2672,608069.34,6272.98,713,477,345,225,170,404,0,0,1527,523,284,0
184355,15,-0.07,-0.02,-0.6,-0.4,1,0.2,0.1,0.15,30,55.27,2655,2419,161,2258,0,601,409,0,1248,0,0,236,17,2672,1248,1010,2672,1006302.71,10385.29,55,152,113,97,99,1742,0,0,0,601,1657,0
184356,15,-0.07,-0.02,-0.6,-0.4,1,0.2,0.1,0.15,30,76.82,2656,2420,95,2325,1658,0,539,0,128,0,0,236,16,2672,1786,539,2672,1065172.59,10951.35,661,340,259,167,139,759,0,0,1658,0,667,0
184357,15,-0.07,-0.02,-0.6,-0.4,1,0.2,0.1,0.15,40,69.13,2658,2422,90,2332,1570,597,96,27,26,16,0,236,14,2672,1612,720,2672,590559.88,6094.76,713,477,345,225,170,120,72,210,1570,597,122,43
184358,15,-0.07,-0.02,-0.6,-0.4,1,0.2,0.1,0.15,40,52.42,2653,2417,164,2253,0,750,257,65,327,854,0,236,19,2672,1181,1072,2672,1050831.58,10868.46,55,152,113,97,99,85,100,1552,0,750,584,919
184359,15,-0.07,-0.02,-0.6,-0.4,1,0.2,0.1,0.15,40,78.95,2656,2420,97,2323,1750,0,349,140,32,52,0,236,16,2672,1834,489,2672,1126254.93,11569.52,661,340,259,167,139,92,52,613,1750,0,381,192
184360,15,-0.07,-0.02,-0.6,-0.4,1,0.2,0.1,0.15,50,68.87,2658,2422,90,2332,1573,611,0,115,0,33,0,236,14,2672,1606,726,2672,577396.05,5959.4,713,477,345,225,170,120,72,210,1573,611,0,148
184361,15,-0.07,-0.02,-0.6,-0.4,1,0.2,0.1,0.15,50,51.07,2653,2417,165,2252,0,788,0,314,0,1150,0,236,19,2672,1150,1102,2672,982751.83,10156.74,55,152,113,97,99,85,100,1551,0,788,0,1464
184362,15,-0.07,-0.02,-0.6,-0.4,1,0.2,0.1,0.15,50,78.69,2656,2420,97,2323,1754,0,0,495,0,74,0,236,16,2672,1828,495,2672,1084526.85,11134.54,661,340,259,167,139,92,52,613,1754,0,0,569
184363,15,-0.07,-0.02,-0.6,-0.4,1,0.2,0.1,0.15,60,68.87,2658,2422,90,2332,1573,611,0,115,0,33,0,236,14,2672,1606,726,2672,577396.05,5959.4,713,477,345,225,170,120,72,210,1573,611,0,148
184364,15,-0.07,-0.02,-0.6,-0.4,1,0.2,0.1,0.15,60,51.07,2653,2417,165,2252,0,788,0,314,0,1150,0,236,19,2672,1150,1102,2672,982751.83,10156.74,55,152,113,97,99,85,100,1551,0,788,0,1464
184365,15,-0.07,-0.02,-0.6,-0.4,1,0.2,0.1,0.15,60,78.69,2656,2420,97,2323,1754,0,0,495,0,74,0,236,16,2672,1828,495,2672,1084526.85,11134.54,661,340,259,167,139,92,52,613,1754,0,0,569
184366,15,-0.07,-0.02,-0.6,-0.4,1,0.2,0.2,0.15,20,60.37,2658,2422,75,2347,695,416,514,0,722,0,0,236,14,2672,1417,930,2672,989391.29,10202.42,181,362,339,1465,0,0,0,0,695,416,1236,0
184367,15,-0.07,-0.02,-0.6,-0.4,1,0.2,0.2,0.15,20,59.51,2658,2422,78,2344,0,417,532,0,1395,0,0,236,14,2672,1395,949,2672,1134293.16,11700.93,55,152,113,2024,0,0,0,0,0,417,1927,0
184368,15,-0.07,-0.02,-0.6,-0.4,1,0.2,0.2,0.15,20,64.43,2656,2420,75,2345,719,0,834,0,792,0,0,236,16,2672,1511,834,2672,1273068.7,13108.69,126,215,234,1770,0,0,0,0,719,0,1626,0
184369,15,-0.07,-0.02,-0.6,-0.4,1,0.2,0.2,0.15,30,58.44,2658,2422,141,2281,929,590,358,0,404,0,0,236,14,2672,1333,948,2672,994726.06,10270.59,181,362,339,229,220,950,0,0,929,590,762,0
184370,15,-0.07,-0.02,-0.6,-0.4,1,0.2,0.2,0.15,30,55.27,2655,2419,161,2258,0,601,409,0,1248,0,0,236,17,2672,1248,1010,2672,1006302.71,10385.29,55,152,113,97,99,1742,0,0,0,601,1657,0
184371,15,-0.07,-0.02,-0.6,-0.4,1,0.2,0.2,0.15,30,67.03,2656,2420,148,2272,993,0,749,0,530,0,0,236,16,2672,1523,749,2672,1531025.89,15758.71,126,215,234,144,150,1403,0,0,993,0,1279,0
184372,15,-0.07,-0.02,-0.6,-0.4,1,0.2,0.2,0.15,40,57.02,2658,2422,144,2278,1022,717,206,56,123,154,0,236,14,2672,1299,979,2672,981726.41,10147.07,181,362,339,229,220,188,145,614,1022,717,329,210
184373,15,-0.07,-0.02,-0.6,-0.4,1,0.2,0.2,0.15,40,52.42,2653,2417,164,2253,0,750,257,65,327,854,0,236,19,2672,1181,1072,2672,1050831.58,10868.46,55,152,113,97,99,85,100,1552,0,750,584,919
184374,15,-0.07,-0.02,-0.6,-0.4,1,0.2,0.2,0.15,40,67.21,2656,2420,151,2269,1118,0,556,188,139,268,0,236,16,2672,1525,744,2672,1633311.41,16816.2,126,215,234,144,150,124,88,1188,1118,0,695,456
184375,15,-0.07,-0.02,-0.6,-0.4,1,0.2,0.2,0.15,50,56.08,2658,2422,145,2277,1024,749,0,251,0,253,0,236,14,2672,1277,1000,2672,942064.29,9735.15,181,362,339,229,220,188,145,613,1024,749,0,504
184376,15,-0.07,-0.02,-0.6,-0.4,1,0.2,0.2,0.15,50,51.07,2653,2417,165,2252,0,788,0,314,0,1150,0,236,19,2672,1150,1102,2672,982751.83,10156.74,55,152,113,97,99,85,100,1551,0,788,0,1464
184377,15,-0.07,-0.02,-0.6,-0.4,1,0.2,0.2,0.15,50,66.18,2656,2420,152,2268,1120,0,0,767,0,381,0,236,16,2672,1501,767,2672,1542717.66,15873.3,126,215,234,144,150,124,88,1187,1120,0,0,1148
184378,15,-0.07,-0.02,-0.6,-0.4,1,0.2,0.2,0.15,60,56.08,2658,2422,145,2277,1024,749,0,251,0,253,0,236,14,2672,1277,1000,2672,942064.29,9735.15,181,362,339,229,220,188,145,613,1024,749,0,504
184379,15,-0.07,-0.02,-0.6,-0.4,1,0.2,0.2,0.15,60,51.07,2653,2417,165,2252,0,788,0,314,0,1150,0,236,19,2672,1150,1102,2672,982751.83,10156.74,55,152,113,97,99,85,100,1551,0,788,0,1464
184380,15,-0.07,-0.02,-0.6,-0.4,1,0.2,0.2,0.15,60,66.18,2656,2420,152,2268,1120,0,0,767,0,381,0,236,16,2672,1501,767,2672,1542717.66,15873.3,126,215,234,144,150,124,88,1187,1120,0,0,1148
184381,15,-0.07,-0.02,-0.6,-0.4,2,0.1,0.1,0.15,20,69.66,2658,2422,52,2370,1447,389,330,0,204,0,0,236,14,2672,1651,719,2672,804807.76,9478.65,738,502,372,758,0,0,0,0,1447,389,534,0
184382,15,-0.07,-0.02,-0.6,-0.4,2,0.1,0.1,0.15,20,63.35,2658,2422,78,2344,0,417,442,0,1485,0,0,236,14,2672,1485,859,2672,1557311.96,15982.81,55,152,113,2024,0,0,0,0,0,417,1927,0
184383,15,-0.07,-0.02,-0.6,-0.4,2,0.1,0.1,0.15,20,75.93,2656,2420,52,2368,1540,0,570,0,258,0,0,236,16,2672,1798,570,2672,1245334.86,12182.81,689,371,301,1007,0,0,0,0,1540,0,828,0
184384,15,-0.07,-0.02,-0.6,-0.4,2,0.1,0.1,0.15,30,71.18,2658,2422,83,2339,1594,508,166,0,71,0,0,236,14,2672,1665,674,2672,788510.11,9832.9,738,502,372,224,159,344,0,0,1594,508,237,0
184385,15,-0.07,-0.02,-0.6,-0.4,2,0.1,0.1,0.15,30,57.48,2655,2419,161,2258,0,601,359,0,1298,0,0,236,17,2672,1298,960,2672,1509695.29,15599.94,55,152,113,97,99,1742,0,0,0,601,1657,0
184386,15,-0.07,-0.02,-0.6,-0.4,2,0.1,0.1,0.15,30,82.19,2656,2420,90,2330,1797,0,415,0,118,0,0,236,16,2672,1915,415,2672,1591040.68,14449.9,689,371,301,179,159,631,0,0,1797,0,533,0
184387,15,-0.07,-0.02,-0.6,-0.4,2,0.1,0.1,0.15,40,71.76,2658,2422,85,2337,1634,572,74,14,30,13,0,236,14,2672,1677,660,2672,762182.58,9849.69,738,502,372,224,159,107,60,175,1634,572,104,27
184388,15,-0.07,-0.02,-0.6,-0.4,2,0.1,0.1,0.15,40,55.04,2653,2417,164,2253,0,750,219,44,365,875,0,236,19,2672,1240,1013,2672,1536690.86,16648.26,55,152,113,97,99,85,100,1552,0,750,584,919
184389,15,-0.07,-0.02,-0.6,-0.4,2,0.1,0.1,0.15,40,84.62,2656,2420,92,2328,1887,0,280,78,42,41,0,236,16,2672,1970,358,2672,1722307.46,15272.47,689,371,301,179,159,98,49,482,1887,0,322,119
184390,15,-0.07,-0.02,-0.6,-0.4,2,0.1,0.1,0.15,50,71.37,2658,2422,85,2337,1637,585,0,84,0,31,0,236,14,2672,1668,669,2672,743340.78,9743.14,738,502,372,224,159,107,60,175,1637,585,0,115
184391,15,-0.07,-0.02,-0.6,-0.4,2,0.1,0.1,0.15,50,53.33,2653,2417,165,2252,0,788,0,263,0,1201,0,236,19,2672,1201,1051,2672,1439794.58,15947.03,55,152,113,97,99,85,100,1551,0,788,0,1464
184392,15,-0.07,-0.02,-0.6,-0.4,2,0.1,0.1,0.15,50,84.54,2656,2420,92,2328,1890,0,0,360,0,78,0,236,16,2672,1968,360,2672,1654707.77,14918.71,689,371,301,179,159,98,49,482,1890,0,0,438
184393,15,-0.07,-0.02,-0.6,-0.4,2,0.1,0.1,0.15,60,71.37,2658,2422,85,2337,1637,585,0,84,0,31,0,236,14,2672,1668,669,2672,743340.78,9743.14,738,502,372,224,159,107,60,175,1637,585,0,115
184394,15,-0.07,-0.02,-0.6,-0.4,2,0.1,0.1,0.15,60,53.33,2653,2417,165,2252,0,788,0,263,0,1201,0,236,19,2672,1201,1051,2672,1439794.58,15947.03,55,152,113,97,99,85,100,1551,0,788,0,1464
184395,15,-0.07,-0.02,-0.6,-0.4,2,0.1,0.1,0.15,60,84.54,2656,2420,92,2328,1890,0,0,360,0,78,0,236,16,2672,1968,360,2672,1654707.77,14918.71,689,371,301,179,159,98,49,482,1890,0,0,438
184396,15,-0.07,-0.02,-0.6,-0.4,2,0.1,0.2,0.15,20,64.29,2658,2422,75,2347,750,415,423,0,759,0,0,236,14,2672,1509,838,2672,1353048.6,14248.57,185,372,365,1425,0,0,0,0,750,415,1182,0
184397,15,-0.07,-0.02,-0.6,-0.4,2,0.1,0.2,0.15,20,63.35,2658,2422,78,2344,0,417,442,0,1485,0,0,236,14,2672,1485,859,2672,1557311.96,15982.81,55,152,113,2024,0,0,0,0,0,417,1927,0
184398,15,-0.07,-0.02,-0.6,-0.4,2,0.1,0.2,0.15,20,70.7,2656,2420,75,2345,795,0,687,0,863,0,0,236,16,2672,1658,687,2672,1895746.46,17513.45,131,227,267,1720,0,0,0,0,795,0,1550,0
184399,15,-0.07,-0.02,-0.6,-0.4,2,0.1,0.2,0.15,30,60.72,2658,2422,141,2281,999,586,310,0,386,0,0,236,14,2672,1385,896,2672,1391230.24,14944.38,185,372,365,243,233,883,0,0,999,586,696,0
184400,15,-0.07,-0.02,-0.6,-0.4,2,0.1,0.2,0.15,30,57.48,2655,2419,161,2258,0,601,359,0,1298,0,0,236,17,2672,1298,960,2672,1509695.29,15599.94,55,152,113,97,99,1742,0,0,0,601,1657,0
184401,15,-0.07,-0.02,-0.6,-0.4,2,0.1,0.2,0.15,30,72.62,2656,2420,148,2272,1107,0,622,0,543,0,0,236,16,2672,1650,622,2672,2435167.02,20872.71,131,227,267,170,171,1306,0,0,1107,0,1165,0
184402,15,-0.07,-0.02,-0.6,-0.4,2,0.1,0.2,0.15,40,59.79,2658,2422,144,2278,1094,709,170,37,139,129,0,236,14,2672,1362,916,2672,1378791.47,15271.26,185,372,365,243,233,187,142,551,1094,709,309,166
184403,15,-0.07,-0.02,-0.6,-0.4,2,0.1,0.2,0.15,40,55.04,2653,2417,164,2253,0,750,219,44,365,875,0,236,19,2672,1240,1013,2672,1536690.86,16648.26,55,152,113,97,99,85,100,1552,0,750,584,919
184404,15,-0.07,-0.02,-0.6,-0.4,2,0.1,0.2,0.15,40,73.25,2656,2420,151,2269,1252,0,485,122,172,238,0,236,16,2672,1662,607,2672,2643891.77,22401.65,131,227,267,170,171,141,96,1066,1252,0,657,360
184405,15,-0.07,-0.02,-0.6,-0.4,2,0.1,0.2,0.15,50,58.63,2658,2422,145,2277,1096,741,0,201,0,239,0,236,14,2672,1335,942,2672,1322228.94,14899.02,185,372,365,243,233,187,142,550,1096,741,0,440
184406,15,-0.07,-0.02,-0.6,-0.4,2,0.1,0.2,0.15,50,53.33,2653,2417,165,2252,0,788,0,263,0,1201,0,236,19,2672,1201,1051,2672,1439794.58,15947.03,55,152,113,97,99,85,100,1551,0,788,0,1464
184407,15,-0.07,-0.02,-0.6,-0.4,2,0.1,0.2,0.15,50,72.57,2656,2420,152,2268,1255,0,0,622,0,391,0,236,16,2672,1646,622,2672,2492332.47,21533.38,131,227,267,170,171,141,96,1065,1255,0,0,1013
184408,15,-0.07,-0.02,-0.6,-0.4,2,0.1,0.2,0.15,60,58.63,2658,2422,145,2277,1096,741,0,201,0,239,0,236,14,2672,1335,942,2672,1322228.94,14899.02,185,372,365,243,233,187,142,550,1096,741,0,440
184409,15,-0.07,-0.02,-0.6,-0.4,2,0.1,0.2,0.15,60,53.33,2653,2417,165,2252,0,788,0,263,0,1201,0,236,19,2672,1201,1051,2672,1439794.58,15947.03,55,152,113,97,99,85,100,1551,0,788,0,1464
184410,15,-0.07,-0.02,-0.6,-0.4,2,0.1,0.2,0.15,60,72.57,2656,2420,152,2268,1255,0,0,622,0,391,0,236,16,2672,1646,622,2672,2492332.47,21533.38,131,227,267,170,171,141,96,1065,1255,0,0,1013
184411,15,-0.07,-0.02,-0.6,-0.4,2,0.2,0.1,0.15,20,66.1,2658,2422,53,2369,1366,394,409,0,200,0,0,236,14,2672,1566,803,2672,602028.83,6199.06,713,477,345,834,0,0,0,0,1366,394,609,0
184412,15,-0.07,-0.02,-0.6,-0.4,2,0.2,0.1,0.15,20,59.51,2658,2422,78,2344,0,417,532,0,1395,0,0,236,14,2672,1395,949,2672,1134293.16,11700.93,55,152,113,2024,0,0,0,0,0,417,1927,0
184413,15,-0.07,-0.02,-0.6,-0.4,2,0.2,0.1,0.15,20,70.05,2656,2420,53,2367,1427,0,709,0,231,0,0,236,16,2672,1658,709,2672,853617.74,8775.05,661,340,259,1107,0,0,0,0,1427,0,940,0
184414,15,-0.07,-0.02,-0.6,-0.4,2,0.2,0.1,0.15,30,68.64,2658,2422,88,2334,1527,523,209,0,75,0,0,236,14,2672,1602,732,2672,608069.34,6272.98,713,477,345,225,170,404,0,0,1527,523,284,0
184415,15,-0.07,-0.02,-0.6,-0.4,2,0.2,0.1,0.15,30,55.27,2655,2419,161,2258,0,601,409,0,1248,0,0,236,17,2672,1248,1010,2672,1006302.71,10385.29,55,152,113,97,99,1742,0,0,0,601,1657,0
184416,15,-0.07,-0.02,-0.6,-0.4,2,0.2,0.1,0.15,30,76.82,2656,2420,95,2325,1658,0,539,0,128,0,0,236,16,2672,1786,539,2672,1065172.59,10951.35,661,340,259,167,139,759,0,0,1658,0,667,0
184417,15,-0.07,-0.02,-0.6,-0.4,2,0.2,0.1,0.15,40,69.13,2658,2422,90,2332,1570,597,96,27,26,16,0,236,14,2672,1612,720,2672,590559.88,6094.76,713,477,345,225,170,120,72,210,1570,597,122,43
184418,15,-0.07,-0.02,-0.6,-0.4,2,0.2,0.1,0.15,40,52.42,2653,2417,164,2253,0,750,257,65,327,854,0,236,19,2672,1181,1072,2672,1050831.58,10868.46,55,152,113,97,99,85,100,1552,0,750,584,919
184419,15,-0.07,-0.02,-0.6,-0.4,2,0.2,0.1,0.15,40,78.95,2656,2420,97,2323,1750,0,349,140,32,52,0,236,16,2672,1834,489,2672,1126254.93,11569.52,661,340,259,167,139,92,52,613,1750,0,381,192
184420,15,-0.07,-0.02,-0.6,-0.4,2,0.2,0.1,0.15,50,68.87,2658,2422,90,2332,1573,611,0,115,0,33,0,236,14,2672,1606,726,2672,577396.05,5959.4,713,477,345,225,170,120,72,210,1573,611,0,148
184421,15,-0.07,-0.02,-0.6,-0.4,2,0.2,0.1,0.15,50,51.07,2653,2417,165,2252,0,788,0,314,0,1150,0,236,19,2672,1150,1102,2672,982751.83,10156.74,55,152,113,97,99,85,100,1551,0,788,0,1464
184422,15,-0.07,-0.02,-0.6,-0.4,2,0.2,0.1,0.15,50,78.69,2656,2420,97,2323,1754,0,0,495,0,74,0,236,16,2672,1828,495,2672,1084526.85,11134.54,661,340,259,167,139,92,52,613,1754,0,0,569
184423,15,-0.07,-0.02,-0.6,-0.4,2,0.2,0.1,0.15,60,68.87,2658,2422,90,2332,1573,611,0,115,0,33,0,236,14,2672,1606,726,2672,577396.05,5959.4,713,477,345,225,170,120,72,210,1573,611,0,148
184424,15,-0.07,-0.02,-0.6,-0.4,2,0.2,0.1,0.15,60,51.07,2653,2417,165,2252,0,788,0,314,0,1150,0,236,19,2672,1150,1102,2672,982751.83,10156.74,55,152,113,97,99,85,100,1551,0,788,0,1464
184425,15,-0.07,-0.02,-0.6,-0.4,2,0.2,0.1,0.15,60,78.69,2656,2420,97,2323,1754,0,0,495,0,74,0,236,16,2672,1828,495,2672,1084526.85,11134.54,661,340,259,167,139,92,52,613,1754,0,0,569
184426,15,-0.07,-0.02,-0.6,-0.4,2,0.2,0.2,0.15,20,60.37,2658,2422,75,2347,695,416,514,0,722,0,0,236,14,2672,1417,930,2672,989391.29,10202.42,181,362,339,1465,0,0,0,0,695,416,1236,0
184427,15,-0.07,-0.02,-0.6,-0.4,2,0.2,0.2,0.15,20,59.51,2658,2422,78,2344,0,417,532,0,1395,0,0,236,14,2672,1395,949,2672,1134293.16,11700.93,55,152,113,2024,0,0,0,0,0,417,1927,0
184428,15,-0.07,-0.02,-0.6,-0.4,2,0.2,0.2,0.15,20,64.43,2656,2420,75,2345,719,0,834,0,792,0,0,236,16,2672,1511,834,2672,1273068.7,13108.69,126,215,234,1770,0,0,0,0,719,0,1626,0
184429,15,-0.07,-0.02,-0.6,-0.4,2,0.2,0.2,0.15,30,58.44,2658,2422,141,2281,929,590,358,0,404,0,0,236,14,2672,1333,948,2672,994726.06,10270.59,181,362,339,229,220,950,0,0,929,590,762,0
184430,15,-0.07,-0.02,-0.6,-0.4,2,0.2,0.2,0.15,30,55.27,2655,2419,161,2258,0,601,409,0,1248,0,0,236,17,2672,1248,1010,2672,1006302.71,10385.29,55,152,113,97,99,1742,0,0,0,601,1657,0
184431,15,-0.07,-0.02,-0.6,-0.4,2,0.2,0.2,0.15,30,67.03,2656,2420,148,2272,993,0,749,0,530,0,0,236,16,2672,1523,749,2672,1531025.89,15758.71,126,215,234,144,150,1403,0,0,993,0,1279,0
184432,15,-0.07,-0.02,-0.6,-0.4,2,0.2,0.2,0.15,40,57.02,2658,2422,144,2278,1022,717,206,56,123,154,0,236,14,2672,1299,979,2672,981726.41,10147.07,181,362,339,229,220,188,145,614,1022,717,329,210
184433,15,-0.07,-0.02,-0.6,-0.4,2,0.2,0.2,0.15,40,52.42,2653,2417,164,2253,0,750,257,65,327,854,0,236,19,2672,1181,1072,2672,1050831.58,10868.46,55,152,113,97,99,85,100,1552,0,750,584,919
184434,15,-0.07,-0.02,-0.6,-0.4,2,0.2,0.2,0.15,40,67.21,2656,2420,151,2269,1118,0,556,188,139,268,0,236,16,2672,1525,744,2672,1633311.41,16816.2,126,215,234,144,150,124,88,1188,1118,0,695,456
184435,15,-0.07,-0.02,-0.6,-0.4,2,0.2,0.2,0.15,50,56.08,2658,2422,145,2277,1024,749,0,251,0,253,0,236,14,2672,1277,1000,2672,942064.29,9735.15,181,362,339,229,220,188,145,613,1024,749,0,504
184436,15,-0.07,-0.02,-0.6,-0.4,2,0.2,0.2,0.15,50,51.07,2653,2417,165,2252,0,788,0,314,0,1150,0,236,19,2672,1150,1102,2672,982751.83,10156.74,55,152,113,97,99,85,100,1551,0,788,0,1464
184437,15,-0.07,-0.02,-0.6,-0.4,2,0.2,0.2,0.15,50,66.18,2656,2420,152,2268,1120,0,0,767,0,381,0,236,16,2672,1501,767,2672,1542717.66,15873.3,126,215,234,144,150,124,88,1187,1120,0,0,1148
184438,15,-0.07,-0.02,-0.6,-0.4,2,0.2,0.2,0.15,60,56.08,2658,2422,145,2277,1024,749,0,251,0,253,0,236,14,2672,1277,1000,2672,942064.29,9735.15,181,362,339,229,220,188,145,613,1024,749,0,504
184439,15,-0.07,-0.02,-0.6,-0.4,2,0.2,0.2,0.15,60,51.07,2653,2417,165,2252,0,788,0,314,0,1150,0,236,19,2672,1150,1102,2672,982751.83,10156.74,55,152,113,97,99,85,100,1551,0,788,0,1464
184440,15,-0.07,-0.02,-0.6,-0.4,2,0.2,0.2,0.15,60,66.18,2656,2420,152,2268,1120,0,0,767,0,381,0,236,16,2672,1501,767,2672,1542717.66,15873.3,126,215,234,144,150,124,88,1187,1120,0,0,1148
184441,15,-0.07,-0.02,-0.6,-0.35,1,0.1,0.1,0.15,20,65.38,3712,3438,70,3368,1897,540,626,0,305,0,0,274,25,3737,2202,1166,3737,830064.62,8564.61,975,658,508,1227,0,0,0,0,1897,540,931,0
184442,15,-0.07,-0.02,-0.6,-0.35,1,0.1,0.1,0.15,20,58.31,3711,3437,103,3334,0,577,813,0,1944,0,0,274,26,3737,1944,1390,3737,1373202.13,14214.88,86,207,153,2888,0,0,0,0,0,577,2757,0
184443,15,-0.07,-0.02,-0.6,-0.35,1,0.1,0.1,0.15,20,68.98,3706,3432,70,3362,1970,0,1043,0,349,0,0,274,31,3737,2319,1043,3737,1149079.11,11825.72,892,469,391,1610,0,0,0,0,1970,0,1392,0
184444,15,-0.07,-0.02,-0.6,-0.35,1,0.1,0.1,0.15,30,68.09,3712,3438,119,3319,2134,720,339,0,126,0,0,274,25,3737,2260,1059,3737,843127.85,8721.48,975,658,508,296,241,641,0,0,2134,720,465,0
184445,15,-0.07,-0.02,-0.6,-0.35,1,0.1,0.1,0.15,30,54.7,3708,3434,209,3225,0,827,634,0,1764,0,0,274,29,3737,1764,1461,3737,1205464.66,12501.47,86,207,153,131,135,2513,0,0,0,827,2398,0
184446,15,-0.07,-0.02,-0.6,-0.35,1,0.1,0.1,0.15,30,75.54,3706,3432,128,3304,2296,0,808,0,200,0,0,274,31,3737,2496,808,3737,1434022.2,14762.29,892,469,391,218,195,1139,0,0,2296,0,1008,0
184447,15,-0.07,-0.02,-0.6,-0.35,1,0.1,0.1,0.15,40,68.44,3712,3438,121,3317,2197,844,154,49,36,37,0,274,25,3737,2270,1047,3737,795813.15,8242.35,975,658,508,296,241,176,106,357,2197,844,190,86
184448,15,-0.07,-0.02,-0.6,-0.35,1,0.1,0.1,0.15,40,52.18,3706,3432,214,3218,0,1049,384,106,489,1190,0,274,31,3737,1679,1539,3737,1190515.86,12310.42,86,207,153,131,135,115,148,2243,0,1049,873,1296
184449,15,-0.07,-0.02,-0.6,-0.35,1,0.1,0.1,0.15,40,77.64,3706,3432,131,3301,2425,0,525,213,46,92,0,274,31,3737,2563,738,3737,1505281.19,15488.4,892,469,391,218,195,131,68,937,2425,0,571,305
184450,15,-0.07,-0.02,-0.6,-0.35,1,0.1,0.1,0.15,50,68.19,3712,3438,121,3317,2200,861,0,194,0,62,0,274,25,3737,2262,1055,3737,778166.6,8059.53,975,658,508,296,241,176,106,357,2200,861,0,256
184451,15,-0.07,-0.02,-0.6,-0.35,1,0.1,0.1,0.15,50,50.82,3706,3432,215,3217,0,1099,0,483,0,1635,0,274,31,3737,1635,1582,3737,1093671.56,11292.71,86,207,153,131,135,115,148,2242,0,1099,0,2118
184452,15,-0.07,-0.02,-0.6,-0.35,1,0.1,0.1,0.15,50,77.43,3706,3432,131,3301,2429,0,0,745,0,127,0,274,31,3737,2556,745,3737,1451838.71,14931.64,892,469,391,218,195,131,68,937,2429,0,0,872
184453,15,-0.07,-0.02,-0.6,-0.35,1,0.1,0.1,0.15,60,68.19,3712,3438,121,3317,2200,861,0,194,0,62,0,274,25,3737,2262,1055,3737,778166.6,8059.53,975,658,508,296,241,176,106,357,2200,861,0,256
184454,15,-0.07,-0.02,-0.6,-0.35,1,0.1,0.1,0.15,60,50.82,3706,3432,215,3217,0,1099,0,483,0,1635,0,274,31,3737,1635,1582,3737,1093671.56,11292.71,86,207,153,131,135,115,148,2242,0,1099,0,2118
184455,15,-0.07,-0.02,-0.6,-0.35,1,0.1,0.1,0.15,60,77.43,3706,3432,131,3301,2429,0,0,745,0,127,0,274,31,3737,2556,745,3737,1451838.71,14931.64,892,469,391,218,195,131,68,937,2429,0,0,872
184456,15,-0.07,-0.02,-0.6,-0.35,1,0.1,0.2,0.15,20,59.1,3712,3438,98,3340,882,575,791,0,1092,0,0,274,25,3737,1974,1366,3737,1242826.7,12839.05,244,460,448,2188,0,0,0,0,882,575,1883,0
184457,15,-0.07,-0.02,-0.6,-0.35,1,0.1,0.2,0.15,20,58.31,3711,3437,103,3334,0,577,813,0,1944,0,0,274,26,3737,1944,1390,3737,1373202.13,14214.88,86,207,153,2888,0,0,0,0,0,577,2757,0
184458,15,-0.07,-0.02,-0.6,-0.35,1,0.1,0.2,0.15,20,62.69,3706,3432,98,3334,907,0,1244,0,1183,0,0,274,31,3737,2090,1244,3737,1590778.75,16397.68,158,258,303,2615,0,0,0,0,907,0,2427,0
184459,15,-0.07,-0.02,-0.6,-0.35,1,0.1,0.2,0.15,30,57.37,3712,3438,182,3256,1198,815,573,0,670,0,0,274,25,3737,1868,1388,3737,1245306.47,12886.95,244,460,448,305,300,1499,0,0,1198,815,1243,0
184460,15,-0.07,-0.02,-0.6,-0.35,1,0.1,0.2,0.15,30,54.7,3708,3434,209,3225,0,827,634,0,1764,0,0,274,29,3737,1764,1461,3737,1205464.66,12501.47,86,207,153,131,135,2513,0,0,0,827,2398,0
184461,15,-0.07,-0.02,-0.6,-0.35,1,0.1,0.2,0.15,30,65.29,3706,3432,191,3241,1275,0,1125,0,841,0,0,274,31,3737,2116,1125,3737,1939520.99,19977.39,158,258,303,188,199,2135,0,0,1275,0,1966,0
184462,15,-0.07,-0.02,-0.6,-0.35,1,0.1,0.2,0.15,40,56.12,3712,3438,186,3252,1339,1011,320,96,196,290,0,274,25,3737,1825,1427,3737,1216597.57,12621.27,244,460,448,305,300,256,219,1020,1339,1011,516,386
184463,15,-0.07,-0.02,-0.6,-0.35,1,0.1,0.2,0.15,40,52.18,3706,3432,214,3218,0,1049,384,106,489,1190,0,274,31,3737,1679,1539,3737,1190515.86,12310.42,86,207,153,131,135,115,148,2243,0,1049,873,1296
184464,15,-0.07,-0.02,-0.6,-0.35,1,0.1,0.2,0.15,40,65.64,3706,3432,196,3236,1459,0,826,286,220,445,0,274,31,3737,2124,1112,3737,2075504.87,21400.07,158,258,303,188,199,169,134,1827,1459,0,1046,731
184465,15,-0.07,-0.02,-0.6,-0.35,1,0.1,0.2,0.15,50,55.24,3712,3438,187,3251,1347,1054,0,401,0,449,0,274,25,3737,1796,1455,3737,1164330.41,12079.76,244,460,448,305,300,256,219,1019,1347,1054,0,850
184466,15,-0.07,-0.02,-0.6,-0.35,1,0.1,0.2,0.15,50,50.82,3706,3432,215,3217,0,1099,0,483,0,1635,0,274,31,3737,1635,1582,3737,1093671.56,11292.71,86,207,153,131,135,115,148,2242,0,1099,0,2118
184467,15,-0.07,-0.02,-0.6,-0.35,1,0.1,0.2,0.15,50,64.76,3706,3432,197,3235,1467,0,0,1140,0,628,0,274,31,3737,2095,1140,3737,1958178.24,20183.32,158,258,303,188,199,169,134,1826,1467,0,0,1768
184468,15,-0.07,-0.02,-0.6,-0.35,1,0.1,0.2,0.15,60,55.24,3712,3438,187,3251,1347,1054,0,401,0,449,0,274,25,3737,1796,1455,3737,1164330.41,12079.76,244,460,448,305,300,256,219,1019,1347,1054,0,850
184469,15,-0.07,-0.02,-0.6,-0.35,1,0.1,0.2,0.15,60,50.82,3706,3432,215,3217,0,1099,0,483,0,1635,0,274,31,3737,1635,1582,3737,1093671.56,11292.71,86,207,153,131,135,115,148,2242,0,1099,0,2118
184470,15,-0.07,-0.02,-0.6,-0.35,1,0.1,0.2,0.15,60,64.76,3706,3432,197,3235,1467,0,0,1140,0,628,0,274,31,3737,2095,1140,3737,1958178.24,20183.32,158,258,303,188,199,169,134,1826,1467,0,0,1768
184471,15,-0.07,-0.02,-0.6,-0.35,1,0.2,0.1,0.15,20,65.38,3712,3438,70,3368,1897,540,626,0,305,0,0,274,25,3737,2202,1166,3737,830064.62,8564.61,975,658,508,1227,0,0,0,0,1897,540,931,0
184472,15,-0.07,-0.02,-0.6,-0.35,1,0.2,0.1,0.15,20,58.31,3711,3437,103,3334,0,577,813,0,1944,0,0,274,26,3737,1944,1390,3737,1373202.13,14214.88,86,207,153,2888,0,0,0,0,0,577,2757,0
184473,15,-0.07,-0.02,-0.6,-0.35,1,0.2,0.1,0.15,20,68.98,3706,3432,70,3362,1970,0,1043,0,349,0,0,274,31,3737,2319,1043,3737,1149079.11,11825.72,892,469,391,1610,0,0,0,0,1970,0,1392,0
184474,15,-0.07,-0.02,-0.6,-0.35,1,0.2,0.1,0.15,30,68.09,3712,3438,119,3319,2134,720,339,0,126,0,0,274,25,3737,2260,1059,3737,843127.85,8721.48,975,658,508,296,241,641,0,0,2134,720,465,0
184475,15,-0.07,-0.02,-0.6,-0.35,1,0.2,0.1,0.15,30,54.7,3708,3434,209,3225,0,827,634,0,1764,0,0,274,29,3737,1764,1461,3737,1205464.66,12501.47,86,207,153,131,135,2513,0,0,0,827,2398,0
184476,15,-0.07,-0.02,-0.6,-0.35,1,0.2,0.1,0.15,30,75.54,3706,3432,128,3304,2296,0,808,0,200,0,0,274,31,3737,2496,808,3737,1434022.2,14762.29,892,469,391,218,195,1139,0,0,2296,0,1008,0
184477,15,-0.07,-0.02,-0.6,-0.35,1,0.2,0.1,0.15,40,68.44,3712,3438,121,3317,2197,844,154,49,36,37,0,274,25,3737,2270,1047,3737,795813.15,8242.35,975,658,508,296,241,176,106,357,2197,844,190,86
184478,15,-0.07,-0.02,-0.6,-0.35,1,0.2,0.1,0.15,40,52.18,3706,3432,214,3218,0,1049,384,106,489,1190,0,274,31,3737,1679,1539,3737,1190515.86,12310.42,86,207,153,131,135,115,148,2243,0,1049,873,1296
184479,15,-0.07,-0.02,-0.6,-0.35,1,0.2,0.1,0.15,40,77.64,3706,3432,131,3301,2425,0,525,213,46,92,0,274,31,3737,2563,738,3737,1505281.19,15488.4,892,469,391,218,195,131,68,937,2425,0,571,305
184480,15,-0.07,-0.02,-0.6,-0.35,1,0.2,0.1,0.15,50,68.19,3712,3438,121,3317,2200,861,0,194,0,62,0,274,25,3737,2262,1055,3737,778166.6,8059.53,975,658,508,296,241,176,106,357,2200,861,0,256
184481,15,-0.07,-0.02,-0.6,-0.35,1,0.2,0.1,0.15,50,50.82,3706,3432,215,3217,0,1099,0,483,0,1635,0,274,31,3737,1635,1582,3737,1093671.56,11292.71,86,207,153,131,135,115,148,2242,0,1099,0,2118
184482,15,-0.07,-0.02,-0.6,-0.35,1,0.2,0.1,0.15,50,77.43,3706,3432,131,3301,2429,0,0,745,0,127,0,274,31,3737,2556,745,3737,1451838.71,14931.64,892,469,391,218,195,131,68,937,2429,0,0,872
184483,15,-0.07,-0.02,-0.6,-0.35,1,0.2,0.1,0.15,60,68.19,3712,3438,121,3317,2200,861,0,194,0,62,0,274,25,3737,2262,1055,3737,778166.6,8059.53,975,658,508,296,241,176,106,357,2200,861,0,256
184484,15,-0.07,-0.02,-0.6,-0.35,1,0.2,0.1,0.15,60,50.82,3706,3432,215,3217,0,1099,0,483,0,1635,0,274,31,3737,1635,1582,3737,1093671.56,11292.71,86,207,153,131,135,115,148,2242,0,1099,0,2118
184485,15,-0.07,-0.02,-0.6,-0.35,1,0.2,0.1,0.15,60,77.43,3706,3432,131,3301,2429,0,0,745,0,127,0,274,31,3737,2556,745,3737,1451838.71,14931.64,892,469,391,218,195,131,68,937,2429,0,0,872
184486,15,-0.07,-0.02,-0.6,-0.35,1,0.2,0.2,0.15,20,59.1,3712,3438,98,3340,882,575,791,0,1092,0,0,274,25,3737,1974,1366,3737,1242826.7,12839.05,244,460,448,2188,0,0,0,0,882,575,1883,0
184487,15,-0.07,-0.02,-0.6,-0.35,1,0.2,0.2,0.15,20,58.31,3711,3437,103,3334,0,577,813,0,1944,0,0,274,26,3737,1944,1390,3737,1373202.13,14214.88,86,207,153,2888,0,0,0,0,0,577,2757,0
184488,15,-0.07,-0.02,-0.6,-0.35,1,0.2,0.2,0.15,20,62.69,3706,3432,98,3334,907,0,1244,0,1183,0,0,274,31,3737,2090,1244,3737,1590778.75,16397.68,158,258,303,2615,0,0,0,0,907,0,2427,0
184489,15,-0.07,-0.02,-0.6,-0.35,1,0.2,0.2,0.15,30,57.37,3712,3438,182,3256,1198,815,573,0,670,0,0,274,25,3737,1868,1388,3737,1245306.47,12886.95,244,460,448,305,300,1499,0,0,1198,815,1243,0
184490,15,-0.07,-0.02,-0.6,-0.35,1,0.2,0.2,0.15,30,54.7,3708,3434,209,3225,0,827,634,0,1764,0,0,274,29,3737,1764,1461,3737,1205464.66,12501.47,86,207,153,131,135,2513,0,0,0,827,2398,0
184491,15,-0.07,-0.02,-0.6,-0.35,1,0.2,0.2,0.15,30,65.29,3706,3432,191,3241,1275,0,1125,0,841,0,0,274,31,3737,2116,1125,3737,1939520.99,19977.39,158,258,303,188,199,2135,0,0,1275,0,1966,0
184492,15,-0.07,-0.02,-0.6,-0.35,1,0.2,0.2,0.15,40,56.12,3712,3438,186,3252,1339,1011,320,96,196,290,0,274,25,3737,1825,1427,3737,1216597.57,12621.27,244,460,448,305,300,256,219,1020,1339,1011,516,386
184493,15,-0.07,-0.02,-0.6,-0.35,1,0.2,0.2,0.15,40,52.18,3706,3432,214,3218,0,1049,384,106,489,1190,0,274,31,3737,1679,1539,3737,1190515.86,12310.42,86,207,153,131,135,115,148,2243,0,1049,873,1296
184494,15,-0.07,-0.02,-0.6,-0.35,1,0.2,0.2,0.15,40,65.64,3706,3432,196,3236,1459,0,826,286,220,445,0,274,31,3737,2124,1112,3737,2075504.87,21400.07,158,258,303,188,199,169,134,1827,1459,0,1046,731
184495,15,-0.07,-0.02,-0.6,-0.35,1,0.2,0.2,0.15,50,55.24,3712,3438,187,3251,1347,1054,0,401,0,449,0,274,25,3737,1796,1455,3737,1164330.41,12079.76,244,460,448,305,300,256,219,1019,1347,1054,0,850
184496,15,-0.07,-0.02,-0.6,-0.35,1,0.2,0.2,0.15,50,50.82,3706,3432,215,3217,0,1099,0,483,0,1635,0,274,31,3737,1635,1582,3737,1093671.56,11292.71,86,207,153,131,135,115,148,2242,0,1099,0,2118
184497,15,-0.07,-0.02,-0.6,-0.35,1,0.2,0.2,0.15,50,64.76,3706,3432,197,3235,1467,0,0,1140,0,628,0,274,31,3737,2095,1140,3737,1958178.24,20183.32,158,258,303,188,199,169,134,1826,1467,0,0,1768
184498,15,-0.07,-0.02,-0.6,-0.35,1,0.2,0.2,0.15,60,55.24,3712,3438,187,3251,1347,1054,0,401,0,449,0,274,25,3737,1796,1455,3737,1164330.41,12079.76,244,460,448,305,300,256,219,1019,1347,1054,0,850
184499,15,-0.07,-0.02,-0.6,-0.35,1,0.2,0.2,0.15,60,50.82,3706,3432,215,3217,0,1099,0,483,0,1635,0,274,31,3737,1635,1582,3737,1093671.56,11292.71,86,207,153,131,135,115,148,2242,0,1099,0,2118
184500,15,-0.07,-0.02,-0.6,-0.35,1,0.2,0.2,0.15,60,64.76,3706,3432,197,3235,1467,0,0,1140,0,628,0,274,31,3737,2095,1140,3737,1958178.24,20183.32,158,258,303,188,199,169,134,1826,1467,0,0,1768
184501,15,-0.07,-0.02,-0.6,-0.35,2,0.1,0.1,0.15,20,69.49,3712,3438,69,3369,2021,532,496,0,320,0,0,274,25,3737,2341,1028,3737,1134042.55,13355.33,1009,696,538,1126,0,0,0,0,2021,532,816,0
184502,15,-0.07,-0.02,-0.6,-0.35,2,0.1,0.1,0.15,20,62.75,3711,3437,103,3334,0,577,665,0,2092,0,0,274,26,3737,2092,1242,3737,1905836.76,20223.42,86,207,153,2888,0,0,0,0,0,577,2757,0
184503,15,-0.07,-0.02,-0.6,-0.35,2,0.1,0.1,0.15,20,75.26,3706,3432,69,3363,2143,0,832,0,388,0,0,274,31,3737,2531,832,3737,1699190.93,16856.75,930,516,446,1471,0,0,0,0,2143,0,1220,0
184504,15,-0.07,-0.02,-0.6,-0.35,2,0.1,0.1,0.15,30,70.94,3712,3438,114,3324,2238,700,266,0,120,0,0,274,25,3737,2358,966,3737,1116007.84,13862.07,1009,696,538,310,232,539,0,0,2238,700,386,0
184505,15,-0.07,-0.02,-0.6,-0.35,2,0.1,0.1,0.15,30,57.18,3708,3434,209,3225,0,827,554,0,1844,0,0,274,29,3737,1844,1381,3737,1842110.68,19823.28,86,207,153,131,135,2513,0,0,0,827,2398,0
184506,15,-0.07,-0.02,-0.6,-0.35,2,0.1,0.1,0.15,30,81.3,3706,3432,122,3310,2499,0,619,0,192,0,0,274,31,3737,2691,619,3737,2171679.4,19959.09,930,516,446,251,225,942,0,0,2499,0,811,0
184507,15,-0.07,-0.02,-0.6,-0.35,2,0.1,0.1,0.15,40,71.34,3712,3438,116,3322,2303,810,116,26,41,26,0,274,25,3737,2370,952,3737,1057055.13,13800.22,1009,696,538,310,232,153,100,284,2303,810,157,52
184508,15,-0.07,-0.02,-0.6,-0.35,2,0.1,0.1,0.15,40,55.07,3706,3432,214,3218,0,1049,330,67,543,1229,0,274,31,3737,1772,1446,3737,1810141.56,20515.52,86,207,153,131,135,115,148,2243,0,1049,873,1296
184509,15,-0.07,-0.02,-0.6,-0.35,2,0.1,0.1,0.15,40,83.76,3706,3432,125,3307,2648,0,415,122,59,63,0,274,31,3737,2770,537,3737,2358757.5,21171.31,930,516,446,251,225,131,85,723,2648,0,474,185
184510,15,-0.07,-0.02,-0.6,-0.35,2,0.1,0.1,0.15,50,70.98,3712,3438,116,3322,2307,825,0,139,0,51,0,274,25,3737,2358,964,3737,1031687.57,13650.17,1009,696,538,310,232,153,100,284,2307,825,0,190
184511,15,-0.07,-0.02,-0.6,-0.35,2,0.1,0.1,0.15,50,53.4,3706,3432,215,3217,0,1099,0,400,0,1718,0,274,31,3737,1718,1499,3737,1673107.31,19517.3,86,207,153,131,135,115,148,2242,0,1099,0,2118
184512,15,-0.07,-0.02,-0.6,-0.35,2,0.1,0.1,0.15,50,83.73,3706,3432,125,3307,2653,0,0,538,0,116,0,274,31,3737,2769,538,3737,2272838.29,20711.8,930,516,446,251,225,131,85,723,2653,0,0,654
184513,15,-0.07,-0.02,-0.6,-0.35,2,0.1,0.1,0.15,60,70.98,3712,3438,116,3322,2307,825,0,139,0,51,0,274,25,3737,2358,964,3737,1031687.57,13650.17,1009,696,538,310,232,153,100,284,2307,825,0,190
184514,15,-0.07,-0.02,-0.6,-0.35,2,0.1,0.1,0.15,60,53.4,3706,3432,215,3217,0,1099,0,400,0,1718,0,274,31,3737,1718,1499,3737,1673107.31,19517.3,86,207,153,131,135,115,148,2242,0,1099,0,2118
184515,15,-0.07,-0.02,-0.6,-0.35,2,0.1,0.1,0.15,60,83.73,3706,3432,125,3307,2653,0,0,538,0,116,0,274,31,3737,2769,538,3737,2272838.29,20711.8,930,516,446,251,225,131,85,723,2653,0,0,654
184516,15,-0.07,-0.02,-0.6,-0.35,2,0.1,0.2,0.15,20,63.53,3712,3438,98,3340,953,574,644,0,1169,0,0,274,25,3737,2122,1218,3737,1731996.12,18656.88,249,474,483,2134,0,0,0,0,953,574,1813,0
184517,15,-0.07,-0.02,-0.6,-0.35,2,0.1,0.2,0.15,20,62.75,3711,3437,103,3334,0,577,665,0,2092,0,0,274,26,3737,2092,1242,3737,1905836.76,20223.42,86,207,153,2888,0,0,0,0,0,577,2757,0
184518,15,-0.07,-0.02,-0.6,-0.35,2,0.1,0.2,0.15,20,69.38,3706,3432,98,3334,1003,0,1021,0,1310,0,0,274,31,3737,2313,1021,3737,2399665.72,22744.37,164,274,347,2549,0,0,0,0,1003,0,2331,0
184519,15,-0.07,-0.02,-0.6,-0.35,2,0.1,0.2,0.15,30,59.95,3712,3438,182,3256,1301,810,494,0,651,0,0,274,25,3737,1952,1304,3737,1803965.09,19762.74,249,474,483,321,324,1405,0,0,1301,810,1145,0
184520,15,-0.07,-0.02,-0.6,-0.35,2,0.1,0.2,0.15,30,57.18,3708,3434,209,3225,0,827,554,0,1844,0,0,274,29,3737,1844,1381,3737,1842110.68,19823.28,86,207,153,131,135,2513,0,0,0,827,2398,0
184521,15,-0.07,-0.02,-0.6,-0.35,2,0.1,0.2,0.15,30,71.06,3706,3432,191,3241,1437,0,938,0,866,0,0,274,31,3737,2303,938,3737,3156654.49,27496.94,164,274,347,218,239,1999,0,0,1437,0,1804,0
184522,15,-0.07,-0.02,-0.6,-0.35,2,0.1,0.2,0.15,40,59.23,3712,3438,186,3252,1445,1000,267,59,219,262,0,274,25,3737,1926,1326,3737,1760425.85,20152.2,249,474,483,321,324,260,213,928,1445,1000,486,321
184523,15,-0.07,-0.02,-0.6,-0.35,2,0.1,0.2,0.15,40,55.07,3706,3432,214,3218,0,1049,330,67,543,1229,0,274,31,3737,1772,1446,3737,1810141.56,20515.52,86,207,153,131,135,115,148,2243,0,1049,873,1296
184524,15,-0.07,-0.02,-0.6,-0.35,2,0.1,0.2,0.15,40,72.0,3706,3432,196,3236,1649,0,720,186,270,411,0,274,31,3737,2330,906,3737,3441434.61,29653.22,164,274,347,218,239,195,143,1656,1649,0,990,597
184525,15,-0.07,-0.02,-0.6,-0.35,2,0.1,0.2,0.15,50,58.26,3712,3438,187,3251,1452,1042,0,315,0,442,0,274,25,3737,1894,1357,3737,1683930.91,19659.17,249,474,483,321,324,260,213,927,1452,1042,0,757
184526,15,-0.07,-0.02,-0.6,-0.35,2,0.1,0.2,0.15,50,53.4,3706,3432,215,3217,0,1099,0,400,0,1718,0,274,31,3737,1718,1499,3737,1673107.31,19517.3,86,207,153,131,135,115,148,2242,0,1099,0,2118
184527,15,-0.07,-0.02,-0.6,-0.35,2,0.1,0.2,0.15,50,71.56,3706,3432,197,3235,1657,0,0,920,0,658,0,274,31,3737,2315,920,3737,3245147.15,28536.6,164,274,347,218,239,195,143,1655,1657,0,0,1578
184528,15,-0.07,-0.02,-0.6,-0.35,2,0.1,0.2,0.15,60,58.26,3712,3438,187,3251,1452,1042,0,315,0,442,0,274,25,3737,1894,1357,3737,1683930.91,19659.17,249,474,483,321,324,260,213,927,1452,1042,0,757
184529,15,-0.07,-0.02,-0.6,-0.35,2,0.1,0.2,0.15,60,53.4,3706,3432,215,3217,0,1099,0,400,0,1718,0,274,31,3737,1718,1499,3737,1673107.31,19517.3,86,207,153,131,135,115,148,2242,0,1099,0,2118
184530,15,-0.07,-0.02,-0.6,-0.35,2,0.1,0.2,0.15,60,71.56,3706,3432,197,3235,1657,0,0,920,0,658,0,274,31,3737,2315,920,3737,3245147.15,28536.6,164,274,347,218,239,195,143,1655,1657,0,0,1578
184531,15,-0.07,-0.02,-0.6,-0.35,2,0.2,0.1,0.15,20,65.38,3712,3438,70,3368,1897,540,626,0,305,0,0,274,25,3737,2202,1166,3737,830064.62,8564.61,975,658,508,1227,0,0,0,0,1897,540,931,0
184532,15,-0.07,-0.02,-0.6,-0.35,2,0.2,0.1,0.15,20,58.31,3711,3437,103,3334,0,577,813,0,1944,0,0,274,26,3737,1944,1390,3737,1373202.13,14214.88,86,207,153,2888,0,0,0,0,0,577,2757,0
184533,15,-0.07,-0.02,-0.6,-0.35,2,0.2,0.1,0.15,20,68.98,3706,3432,70,3362,1970,0,1043,0,349,0,0,274,31,3737,2319,1043,3737,1149079.11,11825.72,892,469,391,1610,0,0,0,0,1970,0,1392,0
184534,15,-0.07,-0.02,-0.6,-0.35,2,0.2,0.1,0.15,30,68.09,3712,3438,119,3319,2134,720,339,0,126,0,0,274,25,3737,2260,1059,3737,843127.85,8721.48,975,658,508,296,241,641,0,0,2134,720,465,0
184535,15,-0.07,-0.02,-0.6,-0.35,2,0.2,0.1,0.15,30,54.7,3708,3434,209,3225,0,827,634,0,1764,0,0,274,29,3737,1764,1461,3737,1205464.66,12501.47,86,207,153,131,135,2513,0,0,0,827,2398,0
184536,15,-0.07,-0.02,-0.6,-0.35,2,0.2,0.1,0.15,30,75.54,3706,3432,128,3304,2296,0,808,0,200,0,0,274,31,3737,2496,808,3737,1434022.2,14762.29,892,469,391,218,195,1139,0,0,2296,0,1008,0
184537,15,-0.07,-0.02,-0.6,-0.35,2,0.2,0.1,0.15,40,68.44,3712,3438,121,3317,2197,844,154,49,36,37,0,274,25,3737,2270,1047,3737,795813.15,8242.35,975,658,508,296,241,176,106,357,2197,844,190,86
184538,15,-0.07,-0.02,-0.6,-0.35,2,0.2,0.1,0.15,40,52.18,3706,3432,214,3218,0,1049,384,106,489,1190,0,274,31,3737,1679,1539,3737,1190515.86,12310.42,86,207,153,131,135,115,148,2243,0,1049,873,1296
184539,15,-0.07,-0.02,-0.6,-0.35,2,0.2,0.1,0.15,40,77.64,3706,3432,131,3301,2425,0,525,213,46,92,0,274,31,3737,2563,738,3737,1505281.19,15488.4,892,469,391,218,195,131,68,937,2425,0,571,305
184540,15,-0.07,-0.02,-0.6,-0.35,2,0.2,0.1,0.15,50,68.19,3712,3438,121,3317,2200,861,0,194,0,62,0,274,25,3737,2262,1055,3737,778166.6,8059.53,975,658,508,296,241,176,106,357,2200,861,0,256
184541,15,-0.07,-0.02,-0.6,-0.35,2,0.2,0.1,0.15,50,50.82,3706,3432,215,3217,0,1099,0,483,0,1635,0,274,31,3737,1635,1582,3737,1093671.56,11292.71,86,207,153,131,135,115,148,2242,0,1099,0,2118
184542,15,-0.07,-0.02,-0.6,-0.35,2,0.2,0.1,0.15,50,77.43,3706,3432,131,3301,2429,0,0,745,0,127,0,274,31,3737,2556,745,3737,1451838.71,14931.64,892,469,391,218,195,131,68,937,2429,0,0,872
184543,15,-0.07,-0.02,-0.6,-0.35,2,0.2,0.1,0.15,60,68.19,3712,3438,121,3317,2200,861,0,194,0,62,0,274,25,3737,2262,1055,3737,778166.6,8059.53,975,658,508,296,241,176,106,357,2200,861,0,256
184544,15,-0.07,-0.02,-0.6,-0.35,2,0.2,0.1,0.15,60,50.82,3706,3432,215,3217,0,1099,0,483,0,1635,0,274,31,3737,1635,1582,3737,1093671.56,11292.71,86,207,153,131,135,115,148,2242,0,1099,0,2118
184545,15,-0.07,-0.02,-0.6,-0.35,2,0.2,0.1,0.15,60,77.43,3706,3432,131,3301,2429,0,0,745,0,127,0,274,31,3737,2556,745,3737,1451838.71,14931.64,892,469,391,218,195,131,68,937,2429,0,0,872
184546,15,-0.07,-0.02,-0.6,-0.35,2,0.2,0.2,0.15,20,59.1,3712,3438,98,3340,882,575,791,0,1092,0,0,274,25,3737,1974,1366,3737,1242826.7,12839.05,244,460,448,2188,0,0,0,0,882,575,1883,0
184547,15,-0.07,-0.02,-0.6,-0.35,2,0.2,0.2,0.15,20,58.31,3711,3437,103,3334,0,577,813,0,1944,0,0,274,26,3737,1944,1390,3737,1373202.13,14214.88,86,207,153,2888,0,0,0,0,0,577,2757,0
184548,15,-0.07,-0.02,-0.6,-0.35,2,0.2,0.2,0.15,20,62.69,3706,3432,98,3334,907,0,1244,0,1183,0,0,274,31,3737,2090,1244,3737,1590778.75,16397.68,158,258,303,2615,0,0,0,0,907,0,2427,0
184549,15,-0.07,-0.02,-0.6,-0.35,2,0.2,0.2,0.15,30,57.37,3712,3438,182,3256,1198,815,573,0,670,0,0,274,25,3737,1868,1388,3737,1245306.47,12886.95,244,460,448,305,300,1499,0,0,1198,815,1243,0
184550,15,-0.07,-0.02,-0.6,-0.35,2,0.2,0.2,0.15,30,54.7,3708,3434,209,3225,0,827,634,0,1764,0,0,274,29,3737,1764,1461,3737,1205464.66,12501.47,86,207,153,131,135,2513,0,0,0,827,2398,0
184551,15,-0.07,-0.02,-0.6,-0.35,2,0.2,0.2,0.15,30,65.29,3706,3432,191,3241,1275,0,1125,0,841,0,0,274,31,3737,2116,1125,3737,1939520.99,19977.39,158,258,303,188,199,2135,0,0,1275,0,1966,0
184552,15,-0.07,-0.02,-0.6,-0.35,2,0.2,0.2,0.15,40,56.12,3712,3438,186,3252,1339,1011,320,96,196,290,0,274,25,3737,1825,1427,3737,1216597.57,12621.27,244,460,448,305,300,256,219,1020,1339,1011,516,386
184553,15,-0.07,-0.02,-0.6,-0.35,2,0.2,0.2,0.15,40,52.18,3706,3432,214,3218,0,1049,384,106,489,1190,0,274,31,3737,1679,1539,3737,1190515.86,12310.42,86,207,153,131,135,115,148,2243,0,1049,873,1296
184554,15,-0.07,-0.02,-0.6,-0.35,2,0.2,0.2,0.15,40,65.64,3706,3432,196,3236,1459,0,826,286,220,445,0,274,31,3737,2124,1112,3737,2075504.87,21400.07,158,258,303,188,199,169,134,1827,1459,0,1046,731
184555,15,-0.07,-0.02,-0.6,-0.35,2,0.2,0.2,0.15,50,55.24,3712,3438,187,3251,1347,1054,0,401,0,449,0,274,25,3737,1796,1455,3737,1164330.41,12079.76,244,460,448,305,300,256,219,1019,1347,1054,0,850
184556,15,-0.07,-0.02,-0.6,-0.35,2,0.2,0.2,0.15,50,50.82,3706,3432,215,3217,0,1099,0,483,0,1635,0,274,31,3737,1635,1582,3737,1093671.56,11292.71,86,207,153,131,135,115,148,2242,0,1099,0,2118
184557,15,-0.07,-0.02,-0.6,-0.35,2,0.2,0.2,0.15,50,64.76,3706,3432,197,3235,1467,0,0,1140,0,628,0,274,31,3737,2095,1140,3737,1958178.24,20183.32,158,258,303,188,199,169,134,1826,1467,0,0,1768
184558,15,-0.07,-0.02,-0.6,-0.35,2,0.2,0.2,0.15,60,55.24,3712,3438,187,3251,1347,1054,0,401,0,449,0,274,25,3737,1796,1455,3737,1164330.41,12079.76,244,460,448,305,300,256,219,1019,1347,1054,0,850
184559,15,-0.07,-0.02,-0.6,-0.35,2,0.2,0.2,0.15,60,50.82,3706,3432,215,3217,0,1099,0,483,0,1635,0,274,31,3737,1635,1582,3737,1093671.56,11292.71,86,207,153,131,135,115,148,2242,0,1099,0,2118
184560,15,-0.07,-0.02,-0.6,-0.35,2,0.2,0.2,0.15,60,64.76,3706,3432,197,3235,1467,0,0,1140,0,628,0,274,31,3737,2095,1140,3737,1958178.24,20183.32,158,258,303,188,199,169,134,1826,1467,0,0,1768
184561,15,-0.07,-0.02,-0.6,-0.3,1,0.1,0.1,0.15,20,64.4,4809,4520,85,4435,2371,704,875,0,485,0,0,289,32,4841,2856,1579,4841,999159.33,10235.25,1213,842,643,1737,0,0,0,0,2371,704,1360,0
184562,15,-0.07,-0.02,-0.6,-0.3,1,0.1,0.1,0.15,20,57.53,4808,4519,123,4396,0,767,1100,0,2529,0,0,289,33,4841,2529,1867,4841,1548212.66,15910.2,117,268,218,3793,0,0,0,0,0,767,3629,0
184563,15,-0.07,-0.02,-0.6,-0.3,1,0.1,0.1,0.15,20,67.44,4803,4514,85,4429,2451,0,1442,0,536,0,0,289,38,4841,2987,1442,4841,1347787.97,13782.26,1099,600,476,2254,0,0,0,0,2451,0,1978,0
184564,15,-0.07,-0.02,-0.6,-0.3,1,0.1,0.1,0.15,30,66.59,4809,4520,147,4373,2710,929,532,0,202,0,0,289,32,4841,2912,1461,4841,1026252.88,10547.62,1213,842,643,377,321,977,0,0,2710,929,734,0
184565,15,-0.07,-0.02,-0.6,-0.3,1,0.1,0.1,0.15,30,53.45,4805,4516,260,4256,0,1085,896,0,2275,0,0,289,36,4841,2275,1981,4841,1294559.87,13464.93,117,268,218,164,170,3319,0,0,0,1085,3171,0
184566,15,-0.07,-0.02,-0.6,-0.3,1,0.1,0.1,0.15,30,73.15,4802,4513,156,4357,2897,0,1170,0,290,0,0,289,39,4841,3187,1170,4841,1708583.82,17493.42,1099,600,476,276,261,1645,0,0,2897,0,1460,0
184567,15,-0.07,-0.02,-0.6,-0.3,1,0.1,0.1,0.15,40,66.9,4809,4520,149,4371,2812,1110,255,82,61,51,0,289,32,4841,2924,1447,4841,941437.28,9678.98,1213,842,643,377,321,243,169,563,2812,1110,316,133
184568,15,-0.07,-0.02,-0.6,-0.3,1,0.1,0.1,0.15,40,50.75,4803,4514,266,4248,0,1386,549,157,684,1472,0,289,38,4841,2156,2092,4841,1209477.74,12553.63,117,268,218,164,170,148,205,2958,0,1386,1233,1629
184569,15,-0.07,-0.02,-0.6,-0.3,1,0.1,0.1,0.15,40,75.22,4802,4513,159,4354,3077,0,768,311,78,120,0,289,39,4841,3275,1079,4841,1795541.99,18369.72,1099,600,476,276,261,185,103,1354,3077,0,846,431
184570,15,-0.07,-0.02,-0.6,-0.3,1,0.1,0.1,0.15,50,66.71,4809,4520,149,4371,2815,1133,0,322,0,101,0,289,32,4841,2916,1455,4841,913469.82,9389.39,1213,842,643,377,321,243,169,563,2815,1133,0,423
184571,15,-0.07,-0.02,-0.6,-0.3,1,0.1,0.1,0.15,50,49.42,4803,4514,267,4247,0,1450,0,698,0,2099,0,289,38,4841,2099,2148,4841,1075988.72,11152.31,117,268,218,164,170,148,205,2957,0,1450,0,2797
184572,15,-0.07,-0.02,-0.6,-0.3,1,0.1,0.1,0.15,50,75.06,4802,4513,159,4354,3081,0,0,1086,0,187,0,289,39,4841,3268,1086,4841,1723478.4,17621.63,1099,600,476,276,261,185,103,1354,3081,0,0,1273
184573,15,-0.07,-0.02,-0.6,-0.3,1,0.1,0.1,0.15,60,66.71,4809,4520,149,4371,2815,1133,0,322,0,101,0,289,32,4841,2916,1455,4841,913469.82,9389.39,1213,842,643,377,321,243,169,563,2815,1133,0,423
184574,15,-0.07,-0.02,-0.6,-0.3,1,0.1,0.1,0.15,60,49.42,4803,4514,267,4247,0,1450,0,698,0,2099,0,289,38,4841,2099,2148,4841,1075988.72,11152.31,117,268,218,164,170,148,205,2957,0,1450,0,2797
184575,15,-0.07,-0.02,-0.6,-0.3,1,0.1,0.1,0.15,60,75.06,4802,4513,159,4354,3081,0,0,1086,0,187,0,289,39,4841,3268,1086,4841,1723478.4,17621.63,1099,600,476,276,261,185,103,1354,3081,0,0,1273
184576,15,-0.07,-0.02,-0.6,-0.3,1,0.1,0.2,0.15,20,58.3,4809,4520,117,4403,1072,762,1074,0,1495,0,0,289,32,4841,2567,1836,4841,1452006.16,14893.25,299,570,572,2962,0,0,0,0,1072,762,2569,0
184577,15,-0.07,-0.02,-0.6,-0.3,1,0.1,0.2,0.15,20,57.53,4808,4519,123,4396,0,767,1100,0,2529,0,0,289,33,4841,2529,1867,4841,1548212.66,15910.2,117,268,218,3793,0,0,0,0,0,767,3629,0
184578,15,-0.07,-0.02,-0.6,-0.3,1,0.1,0.2,0.15,20,61.36,4803,4514,117,4397,1098,0,1699,0,1600,0,0,289,38,4841,2698,1699,4841,1828456.94,18728.81,182,307,366,3542,0,0,0,0,1098,0,3299,0
184579,15,-0.07,-0.02,-0.6,-0.3,1,0.1,0.2,0.15,30,55.88,4809,4520,227,4293,1456,1066,828,0,943,0,0,289,32,4841,2399,1894,4841,1416123.8,14606.39,299,570,572,393,365,2094,0,0,1456,1066,1771,0
184580,15,-0.07,-0.02,-0.6,-0.3,1,0.1,0.2,0.15,30,53.45,4805,4516,260,4256,0,1085,896,0,2275,0,0,289,36,4841,2275,1981,4841,1294559.87,13464.93,117,268,218,164,170,3319,0,0,0,1085,3171,0
184581,15,-0.07,-0.02,-0.6,-0.3,1,0.1,0.2,0.15,30,62.89,4801,4512,236,4276,1539,0,1587,0,1150,0,0,289,40,4841,2689,1587,4841,2206125.85,22647.79,182,307,366,243,236,2942,0,0,1539,0,2737,0
184582,15,-0.07,-0.02,-0.6,-0.3,1,0.1,0.2,0.15,40,54.46,4809,4520,231,4289,1642,1339,471,143,289,405,0,289,32,4841,2336,1953,4841,1347627.89,13943.46,299,570,572,393,365,323,296,1471,1642,1339,760,548
184583,15,-0.07,-0.02,-0.6,-0.3,1,0.1,0.2,0.15,40,50.75,4803,4514,266,4248,0,1386,549,157,684,1472,0,289,38,4841,2156,2092,4841,1209477.74,12553.63,117,268,218,164,170,148,205,2958,0,1386,1233,1629
184584,15,-0.07,-0.02,-0.6,-0.3,1,0.1,0.2,0.15,40,63.29,4801,4512,241,4271,1774,0,1162,406,325,604,0,289,40,4841,2703,1568,4841,2382835.88,24489.27,182,307,366,243,236,205,169,2563,1774,0,1487,1010
184585,15,-0.07,-0.02,-0.6,-0.3,1,0.1,0.2,0.15,50,53.66,4809,4520,232,4288,1651,1394,0,593,0,650,0,289,32,4841,2301,1987,4841,1274156.73,13182.74,299,570,572,393,365,323,296,1470,1651,1394,0,1243
184586,15,-0.07,-0.02,-0.6,-0.3,1,0.1,0.2,0.15,50,49.42,4803,4514,267,4247,0,1450,0,698,0,2099,0,289,38,4841,2099,2148,4841,1075988.72,11152.31,117,268,218,164,170,148,205,2957,0,1450,0,2797
184587,15,-0.07,-0.02,-0.6,-0.3,1,0.1,0.2,0.15,50,62.53,4801,4512,242,4270,1783,0,0,1600,0,887,0,289,40,4841,2670,1600,4841,2234385.8,22951.2,182,307,366,243,236,205,169,2562,1783,0,0,2487
184588,15,-0.07,-0.02,-0.6,-0.3,1,0.1,0.2,0.15,60,53.66,4809,4520,232,4288,1651,1394,0,593,0,650,0,289,32,4841,2301,1987,4841,1274156.73,13182.74,299,570,572,393,365,323,296,1470,1651,1394,0,1243
184589,15,-0.07,-0.02,-0.6,-0.3,1,0.1,0.2,0.15,60,49.42,4803,4514,267,4247,0,1450,0,698,0,2099,0,289,38,4841,2099,2148,4841,1075988.72,11152.31,117,268,218,164,170,148,205,2957,0,1450,0,2797
184590,15,-0.07,-0.02,-0.6,-0.3,1,0.1,0.2,0.15,60,62.53,4801,4512,242,4270,1783,0,0,1600,0,887,0,289,40,4841,2670,1600,4841,2234385.8,22951.2,182,307,366,243,236,205,169,2562,1783,0,0,2487
184591,15,-0.07,-0.02,-0.6,-0.3,1,0.2,0.1,0.15,20,64.4,4809,4520,85,4435,2371,704,875,0,485,0,0,289,32,4841,2856,1579,4841,999159.33,10235.25,1213,842,643,1737,0,0,0,0,2371,704,1360,0
184592,15,-0.07,-0.02,-0.6,-0.3,1,0.2,0.1,0.15,20,57.53,4808,4519,123,4396,0,767,1100,0,2529,0,0,289,33,4841,2529,1867,4841,1548212.66,15910.2,117,268,218,3793,0,0,0,0,0,767,3629,0
184593,15,-0.07,-0.02,-0.6,-0.3,1,0.2,0.1,0.15,20,67.44,4803,4514,85,4429,2451,0,1442,0,536,0,0,289,38,4841,2987,1442,4841,1347787.97,13782.26,1099,600,476,2254,0,0,0,0,2451,0,1978,0
184594,15,-0.07,-0.02,-0.6,-0.3,1,0.2,0.1,0.15,30,66.59,4809,4520,147,4373,2710,929,532,0,202,0,0,289,32,4841,2912,1461,4841,1026252.88,10547.62,1213,842,643,377,321,977,0,0,2710,929,734,0
184595,15,-0.07,-0.02,-0.6,-0.3,1,0.2,0.1,0.15,30,53.45,4805,4516,260,4256,0,1085,896,0,2275,0,0,289,36,4841,2275,1981,4841,1294559.87,13464.93,117,268,218,164,170,3319,0,0,0,1085,3171,0
184596,15,-0.07,-0.02,-0.6,-0.3,1,0.2,0.1,0.15,30,73.15,4802,4513,156,4357,2897,0,1170,0,290,0,0,289,39,4841,3187,1170,4841,1708583.82,17493.42,1099,600,476,276,261,1645,0,0,2897,0,1460,0
184597,15,-0.07,-0.02,-0.6,-0.3,1,0.2,0.1,0.15,40,66.9,4809,4520,149,4371,2812,1110,255,82,61,51,0,289,32,4841,2924,1447,4841,941437.28,9678.98,1213,842,643,377,321,243,169,563,2812,1110,316,133
184598,15,-0.07,-0.02,-0.6,-0.3,1,0.2,0.1,0.15,40,50.75,4803,4514,266,4248,0,1386,549,157,684,1472,0,289,38,4841,2156,2092,4841,1209477.74,12553.63,117,268,218,164,170,148,205,2958,0,1386,1233,1629
184599,15,-0.07,-0.02,-0.6,-0.3,1,0.2,0.1,0.15,40,75.22,4802,4513,159,4354,3077,0,768,311,78,120,0,289,39,4841,3275,1079,4841,1795541.99,18369.72,1099,600,476,276,261,185,103,1354,3077,0,846,431
184600,15,-0.07,-0.02,-0.6,-0.3,1,0.2,0.1,0.15,50,66.71,4809,4520,149,4371,2815,1133,0,322,0,101,0,289,32,4841,2916,1455,4841,913469.82,9389.39,1213,842,643,377,321,243,169,563,2815,1133,0,423
184601,15,-0.07,-0.02,-0.6,-0.3,1,0.2,0.1,0.15,50,49.42,4803,4514,267,4247,0,1450,0,698,0,2099,0,289,38,4841,2099,2148,4841,1075988.72,11152.31,117,268,218,164,170,148,205,2957,0,1450,0,2797
184602,15,-0.07,-0.02,-0.6,-0.3,1,0.2,0.1,0.15,50,75.06,4802,4513,159,4354,3081,0,0,1086,0,187,0,289,39,4841,3268,1086,4841,1723478.4,17621.63,1099,600,476,276,261,185,103,1354,3081,0,0,1273
184603,15,-0.07,-0.02,-0.6,-0.3,1,0.2,0.1,0.15,60,66.71,4809,4520,149,4371,2815,1133,0,322,0,101,0,289,32,4841,2916,1455,4841,913469.82,9389.39,1213,842,643,377,321,243,169,563,2815,1133,0,423
184604,15,-0.07,-0.02,-0.6,-0.3,1,0.2,0.1,0.15,60,49.42,4803,4514,267,4247,0,1450,0,698,0,2099,0,289,38,4841,2099,2148,4841,1075988.72,11152.31,117,268,218,164,170,148,205,2957,0,1450,0,2797
184605,15,-0.07,-0.02,-0.6,-0.3,1,0.2,0.1,0.15,60,75.06,4802,4513,159,4354,3081,0,0,1086,0,187,0,289,39,4841,3268,1086,4841,1723478.4,17621.63,1099,600,476,276,261,185,103,1354,3081,0,0,1273
184606,15,-0.07,-0.02,-0.6,-0.3,1,0.2,0.2,0.15,20,58.3,4809,4520,117,4403,1072,762,1074,0,1495,0,0,289,32,4841,2567,1836,4841,1452006.16,14893.25,299,570,572,2962,0,0,0,0,1072,762,2569,0
184607,15,-0.07,-0.02,-0.6,-0.3,1,0.2,0.2,0.15,20,57.53,4808,4519,123,4396,0,767,1100,0,2529,0,0,289,33,4841,2529,1867,4841,1548212.66,15910.2,117,268,218,3793,0,0,0,0,0,767,3629,0
184608,15,-0.07,-0.02,-0.6,-0.3,1,0.2,0.2,0.15,20,61.36,4803,4514,117,4397,1098,0,1699,0,1600,0,0,289,38,4841,2698,1699,4841,1828456.94,18728.81,182,307,366,3542,0,0,0,0,1098,0,3299,0
184609,15,-0.07,-0.02,-0.6,-0.3,1,0.2,0.2,0.15,30,55.88,4809,4520,227,4293,1456,1066,828,0,943,0,0,289,32,4841,2399,1894,4841,1416123.8,14606.39,299,570,572,393,365,2094,0,0,1456,1066,1771,0
184610,15,-0.07,-0.02,-0.6,-0.3,1,0.2,0.2,0.15,30,53.45,4805,4516,260,4256,0,1085,896,0,2275,0,0,289,36,4841,2275,1981,4841,1294559.87,13464.93,117,268,218,164,170,3319,0,0,0,1085,3171,0
184611,15,-0.07,-0.02,-0.6,-0.3,1,0.2,0.2,0.15,30,62.89,4801,4512,236,4276,1539,0,1587,0,1150,0,0,289,40,4841,2689,1587,4841,2206125.85,22647.79,182,307,366,243,236,2942,0,0,1539,0,2737,0
184612,15,-0.07,-0.02,-0.6,-0.3,1,0.2,0.2,0.15,40,54.46,4809,4520,231,4289,1642,1339,471,143,289,405,0,289,32,4841,2336,1953,4841,1347627.89,13943.46,299,570,572,393,365,323,296,1471,1642,1339,760,548
184613,15,-0.07,-0.02,-0.6,-0.3,1,0.2,0.2,0.15,40,50.75,4803,4514,266,4248,0,1386,549,157,684,1472,0,289,38,4841,2156,2092,4841,1209477.74,12553.63,117,268,218,164,170,148,205,2958,0,1386,1233,1629
184614,15,-0.07,-0.02,-0.6,-0.3,1,0.2,0.2,0.15,40,63.29,4801,4512,241,4271,1774,0,1162,406,325,604,0,289,40,4841,2703,1568,4841,2382835.88,24489.27,182,307,366,243,236,205,169,2563,1774,0,1487,1010
184615,15,-0.07,-0.02,-0.6,-0.3,1,0.2,0.2,0.15,50,53.66,4809,4520,232,4288,1651,1394,0,593,0,650,0,289,32,4841,2301,1987,4841,1274156.73,13182.74,299,570,572,393,365,323,296,1470,1651,1394,0,1243
184616,15,-0.07,-0.02,-0.6,-0.3,1,0.2,0.2,0.15,50,49.42,4803,4514,267,4247,0,1450,0,698,0,2099,0,289,38,4841,2099,2148,4841,1075988.72,11152.31,117,268,218,164,170,148,205,2957,0,1450,0,2797
184617,15,-0.07,-0.02,-0.6,-0.3,1,0.2,0.2,0.15,50,62.53,4801,4512,242,4270,1783,0,0,1600,0,887,0,289,40,4841,2670,1600,4841,2234385.8,22951.2,182,307,366,243,236,205,169,2562,1783,0,0,2487
184618,15,-0.07,-0.02,-0.6,-0.3,1,0.2,0.2,0.15,60,53.66,4809,4520,232,4288,1651,1394,0,593,0,650,0,289,32,4841,2301,1987,4841,1274156.73,13182.74,299,570,572,393,365,323,296,1470,1651,1394,0,1243
184619,15,-0.07,-0.02,-0.6,-0.3,1,0.2,0.2,0.15,60,49.42,4803,4514,267,4247,0,1450,0,698,0,2099,0,289,38,4841,2099,2148,4841,1075988.72,11152.31,117,268,218,164,170,148,205,2957,0,1450,0,2797
184620,15,-0.07,-0.02,-0.6,-0.3,1,0.2,0.2,0.15,60,62.53,4801,4512,242,4270,1783,0,0,1600,0,887,0,289,40,4841,2670,1600,4841,2234385.8,22951.2,182,307,366,243,236,205,169,2562,1783,0,0,2487
184621,15,-0.07,-0.02,-0.6,-0.3,2,0.1,0.1,0.15,20,68.33,4809,4520,84,4436,2535,693,712,0,496,0,0,289,32,4841,3031,1405,4841,1376815.27,16554.55,1259,890,688,1599,0,0,0,0,2535,693,1208,0
184622,15,-0.07,-0.02,-0.6,-0.3,2,0.1,0.1,0.15,20,61.69,4808,4519,123,4396,0,767,917,0,2712,0,0,289,33,4841,2712,1684,4841,2177751.0,23702.26,117,268,218,3793,0,0,0,0,0,767,3629,0
184623,15,-0.07,-0.02,-0.6,-0.3,2,0.1,0.1,0.15,20,73.54,4803,4514,84,4430,2674,0,1172,0,584,0,0,289,38,4841,3258,1172,4841,2009647.26,20520.03,1150,661,550,2069,0,0,0,0,2674,0,1756,0
184624,15,-0.07,-0.02,-0.6,-0.3,2,0.1,0.1,0.15,30,69.69,4809,4520,142,4378,2859,904,423,0,192,0,0,289,32,4841,3051,1327,4841,1387363.64,17452.02,1259,890,688,391,318,832,0,0,2859,904,615,0
184625,15,-0.07,-0.02,-0.6,-0.3,2,0.1,0.1,0.15,30,56.25,4805,4516,260,4256,0,1085,777,0,2394,0,0,289,36,4841,2394,1862,4841,2054586.59,23009.77,117,268,218,164,170,3319,0,0,0,1085,3171,0
184626,15,-0.07,-0.02,-0.6,-0.3,2,0.1,0.1,0.15,30,79.14,4802,4513,150,4363,3165,0,910,0,288,0,0,289,39,4841,3453,910,4841,2626630.04,24631.36,1150,661,550,313,308,1381,0,0,3165,0,1198,0
184627,15,-0.07,-0.02,-0.6,-0.3,2,0.1,0.1,0.15,40,69.9,4809,4520,144,4376,2950,1066,199,52,71,38,0,289,32,4841,3059,1317,4841,1262317.39,17141.72,1259,890,688,391,318,217,148,465,2950,1066,270,90
184628,15,-0.07,-0.02,-0.6,-0.3,2,0.1,0.1,0.15,40,53.67,4803,4514,266,4248,0,1386,477,105,756,1524,0,289,38,4841,2280,1968,4841,1940612.64,23329.1,117,268,218,164,170,148,205,2958,0,1386,1233,1629
184629,15,-0.07,-0.02,-0.6,-0.3,2,0.1,0.1,0.15,40,81.47,4802,4513,153,4360,3365,0,622,186,94,93,0,289,39,4841,3552,808,4841,2837620.1,26074.71,1150,661,550,313,308,183,113,1082,3365,0,716,279
184630,15,-0.07,-0.02,-0.6,-0.3,2,0.1,0.1,0.15,50,69.49,4809,4520,144,4376,2954,1086,0,249,0,87,0,289,32,4841,3041,1335,4841,1222936.83,16920.15,1259,890,688,391,318,217,148,465,2954,1086,0,336
184631,15,-0.07,-0.02,-0.6,-0.3,2,0.1,0.1,0.15,50,51.99,4803,4514,267,4247,0,1450,0,589,0,2208,0,289,38,4841,2208,2039,4841,1755263.68,21985.31,117,268,218,164,170,148,205,2957,0,1450,0,2797
184632,15,-0.07,-0.02,-0.6,-0.3,2,0.1,0.1,0.15,50,81.35,4802,4513,153,4360,3370,0,0,813,0,177,0,289,39,4841,3547,813,4841,2725734.6,25483.26,1150,661,550,313,308,183,113,1082,3370,0,0,990
184633,15,-0.07,-0.02,-0.6,-0.3,2,0.1,0.1,0.15,60,69.49,4809,4520,144,4376,2954,1086,0,249,0,87,0,289,32,4841,3041,1335,4841,1222936.83,16920.15,1259,890,688,391,318,217,148,465,2954,1086,0,336
184634,15,-0.07,-0.02,-0.6,-0.3,2,0.1,0.1,0.15,60,51.99,4803,4514,267,4247,0,1450,0,589,0,2208,0,289,38,4841,2208,2039,4841,1755263.68,21985.31,117,268,218,164,170,148,205,2957,0,1450,0,2797
184635,15,-0.07,-0.02,-0.6,-0.3,2,0.1,0.1,0.15,60,81.35,4802,4513,153,4360,3370,0,0,813,0,177,0,289,39,4841,3547,813,4841,2725734.6,25483.26,1150,661,550,313,308,183,113,1082,3370,0,0,990
184636,15,-0.07,-0.02,-0.6,-0.3,2,0.1,0.2,0.15,20,62.46,4809,4520,117,4403,1154,761,892,0,1596,0,0,289,32,4841,2750,1653,4841,2032733.02,22459.73,304,589,609,2901,0,0,0,0,1154,761,2488,0
184637,15,-0.07,-0.02,-0.6,-0.3,2,0.1,0.2,0.15,20,61.69,4808,4519,123,4396,0,767,917,0,2712,0,0,289,33,4841,2712,1684,4841,2177751.0,23702.26,117,268,218,3793,0,0,0,0,0,767,3629,0
184638,15,-0.07,-0.02,-0.6,-0.3,2,0.1,0.2,0.15,20,67.73,4803,4514,117,4397,1209,0,1419,0,1769,0,0,289,38,4841,2978,1419,4841,2747191.64,26953.56,188,329,414,3466,0,0,0,0,1209,0,3188,0
184639,15,-0.07,-0.02,-0.6,-0.3,2,0.1,0.2,0.15,30,58.82,4809,4520,227,4293,1580,1060,708,0,945,0,0,289,32,4841,2525,1768,4841,2106474.04,23717.29,304,589,609,413,397,1981,0,0,1580,1060,1653,0
184640,15,-0.07,-0.02,-0.6,-0.3,2,0.1,0.2,0.15,30,56.25,4805,4516,260,4256,0,1085,777,0,2394,0,0,289,36,4841,2394,1862,4841,2054586.59,23009.77,117,268,218,164,170,3319,0,0,0,1085,3171,0
184641,15,-0.07,-0.02,-0.6,-0.3,2,0.1,0.2,0.15,30,68.87,4801,4512,236,4276,1734,0,1331,0,1211,0,0,289,40,4841,2945,1331,4841,3645396.93,32634.6,188,329,414,278,289,2778,0,0,1734,0,2542,0
184642,15,-0.07,-0.02,-0.6,-0.3,2,0.1,0.2,0.15,40,57.59,4809,4520,231,4289,1781,1326,397,96,326,363,0,289,32,4841,2470,1819,4841,2005231.51,23985.62,304,589,609,413,397,328,296,1353,1781,1326,723,459
184643,15,-0.07,-0.02,-0.6,-0.3,2,0.1,0.2,0.15,40,53.67,4803,4514,266,4248,0,1386,477,105,756,1524,0,289,38,4841,2280,1968,4841,1940612.64,23329.1,117,268,218,164,170,148,205,2958,0,1386,1233,1629
184644,15,-0.07,-0.02,-0.6,-0.3,2,0.1,0.2,0.15,40,69.84,4801,4512,241,4271,2012,0,1016,272,404,567,0,289,40,4841,2983,1288,4841,4033041.24,35520.87,188,329,414,278,289,236,187,2350,2012,0,1420,839
184645,15,-0.07,-0.02,-0.6,-0.3,2,0.1,0.2,0.15,50,56.53,4809,4520,232,4288,1789,1379,0,485,0,635,0,289,32,4841,2424,1864,4841,1897989.79,23318.52,304,589,609,413,397,328,296,1352,1789,1379,0,1120
184646,15,-0.07,-0.02,-0.6,-0.3,2,0.1,0.2,0.15,50,51.99,4803,4514,267,4247,0,1450,0,589,0,2208,0,289,38,4841,2208,2039,4841,1755263.68,21985.31,117,268,218,164,170,148,205,2957,0,1450,0,2797
184647,15,-0.07,-0.02,-0.6,-0.3,2,0.1,0.2,0.15,50,69.25,4801,4512,242,4270,2021,0,0,1313,0,936,0,289,40,4841,2957,1313,4841,3786524.1,34131.09,188,329,414,278,289,236,187,2349,2021,0,0,2249
184648,15,-0.07,-0.02,-0.6,-0.3,2,0.1,0.2,0.15,60,56.53,4809,4520,232,4288,1789,1379,0,485,0,635,0,289,32,4841,2424,1864,4841,1897989.79,23318.52,304,589,609,413,397,328,296,1352,1789,1379,0,1120
184649,15,-0.07,-0.02,-0.6,-0.3,2,0.1,0.2,0.15,60,51.99,4803,4514,267,4247,0,1450,0,589,0,2208,0,289,38,4841,2208,2039,4841,1755263.68,21985.31,117,268,218,164,170,148,205,2957,0,1450,0,2797
184650,15,-0.07,-0.02,-0.6,-0.3,2,0.1,0.2,0.15,60,69.25,4801,4512,242,4270,2021,0,0,1313,0,936,0,289,40,4841,2957,1313,4841,3786524.1,34131.09,188,329,414,278,289,236,187,2349,2021,0,0,2249
184651,15,-0.07,-0.02,-0.6,-0.3,2,0.2,0.1,0.15,20,64.4,4809,4520,85,4435,2371,704,875,0,485,0,0,289,32,4841,2856,1579,4841,999159.33,10235.25,1213,842,643,1737,0,0,0,0,2371,704,1360,0
184652,15,-0.07,-0.02,-0.6,-0.3,2,0.2,0.1,0.15,20,57.53,4808,4519,123,4396,0,767,1100,0,2529,0,0,289,33,4841,2529,1867,4841,1548212.66,15910.2,117,268,218,3793,0,0,0,0,0,767,3629,0
184653,15,-0.07,-0.02,-0.6,-0.3,2,0.2,0.1,0.15,20,67.44,4803,4514,85,4429,2451,0,1442,0,536,0,0,289,38,4841,2987,1442,4841,1347787.97,13782.26,1099,600,476,2254,0,0,0,0,2451,0,1978,0
184654,15,-0.07,-0.02,-0.6,-0.3,2,0.2,0.1,0.15,30,66.59,4809,4520,147,4373,2710,929,532,0,202,0,0,289,32,4841,2912,1461,4841,1026252.88,10547.62,1213,842,643,377,321,977,0,0,2710,929,734,0
184655,15,-0.07,-0.02,-0.6,-0.3,2,0.2,0.1,0.15,30,53.45,4805,4516,260,4256,0,1085,896,0,2275,0,0,289,36,4841,2275,1981,4841,1294559.87,13464.93,117,268,218,164,170,3319,0,0,0,1085,3171,0
184656,15,-0.07,-0.02,-0.6,-0.3,2,0.2,0.1,0.15,30,73.15,4802,4513,156,4357,2897,0,1170,0,290,0,0,289,39,4841,3187,1170,4841,1708583.82,17493.42,1099,600,476,276,261,1645,0,0,2897,0,1460,0
184657,15,-0.07,-0.02,-0.6,-0.3,2,0.2,0.1,0.15,40,66.9,4809,4520,149,4371,2812,1110,255,82,61,51,0,289,32,4841,2924,1447,4841,941437.28,9678.98,1213,842,643,377,321,243,169,563,2812,1110,316,133
184658,15,-0.07,-0.02,-0.6,-0.3,2,0.2,0.1,0.15,40,50.75,4803,4514,266,4248,0,1386,549,157,684,1472,0,289,38,4841,2156,2092,4841,1209477.74,12553.63,117,268,218,164,170,148,205,2958,0,1386,1233,1629
184659,15,-0.07,-0.02,-0.6,-0.3,2,0.2,0.1,0.15,40,75.22,4802,4513,159,4354,3077,0,768,311,78,120,0,289,39,4841,3275,1079,4841,1795541.99,18369.72,1099,600,476,276,261,185,103,1354,3077,0,846,431
184660,15,-0.07,-0.02,-0.6,-0.3,2,0.2,0.1,0.15,50,66.71,4809,4520,149,4371,2815,1133,0,322,0,101,0,289,32,4841,2916,1455,4841,913469.82,9389.39,1213,842,643,377,321,243,169,563,2815,1133,0,423
184661,15,-0.07,-0.02,-0.6,-0.3,2,0.2,0.1,0.15,50,49.42,4803,4514,267,4247,0,1450,0,698,0,2099,0,289,38,4841,2099,2148,4841,1075988.72,11152.31,117,268,218,164,170,148,205,2957,0,1450,0,2797
184662,15,-0.07,-0.02,-0.6,-0.3,2,0.2,0.1,0.15,50,75.06,4802,4513,159,4354,3081,0,0,1086,0,187,0,289,39,4841,3268,1086,4841,1723478.4,17621.63,1099,600,476,276,261,185,103,1354,3081,0,0,1273
184663,15,-0.07,-0.02,-0.6,-0.3,2,0.2,0.1,0.15,60,66.71,4809,4520,149,4371,2815,1133,0,322,0,101,0,289,32,4841,2916,1455,4841,913469.82,9389.39,1213,842,643,377,321,243,169,563,2815,1133,0,423
184664,15,-0.07,-0.02,-0.6,-0.3,2,0.2,0.1,0.15,60,49.42,4803,4514,267,4247,0,1450,0,698,0,2099,0,289,38,4841,2099,2148,4841,1075988.72,11152.31,117,268,218,164,170,148,205,2957,0,1450,0,2797
184665,15,-0.07,-0.02,-0.6,-0.3,2,0.2,0.1,0.15,60,75.06,4802,4513,159,4354,3081,0,0,1086,0,187,0,289,39,4841,3268,1086,4841,1723478.4,17621.63,1099,600,476,276,261,185,103,1354,3081,0,0,1273
184666,15,-0.07,-0.02,-0.6,-0.3,2,0.2,0.2,0.15,20,58.3,4809,4520,117,4403,1072,762,1074,0,1495,0,0,289,32,4841,2567,1836,4841,1452006.16,14893.25,299,570,572,2962,0,0,0,0,1072,762,2569,0
184667,15,-0.07,-0.02,-0.6,-0.3,2,0.2,0.2,0.15,20,57.53,4808,4519,123,4396,0,767,1100,0,2529,0,0,289,33,4841,2529,1867,4841,1548212.66,15910.2,117,268,218,3793,0,0,0,0,0,767,3629,0
184668,15,-0.07,-0.02,-0.6,-0.3,2,0.2,0.2,0.15,20,61.36,4803,4514,117,4397,1098,0,1699,0,1600,0,0,289,38,4841,2698,1699,4841,1828456.94,18728.81,182,307,366,3542,0,0,0,0,1098,0,3299,0
184669,15,-0.07,-0.02,-0.6,-0.3,2,0.2,0.2,0.15,30,55.88,4809,4520,227,4293,1456,1066,828,0,943,0,0,289,32,4841,2399,1894,4841,1416123.8,14606.39,299,570,572,393,365,2094,0,0,1456,1066,1771,0
184670,15,-0.07,-0.02,-0.6,-0.3,2,0.2,0.2,0.15,30,53.45,4805,4516,260,4256,0,1085,896,0,2275,0,0,289,36,4841,2275,1981,4841,1294559.87,13464.93,117,268,218,164,170,3319,0,0,0,1085,3171,0
184671,15,-0.07,-0.02,-0.6,-0.3,2,0.2,0.2,0.15,30,62.89,4801,4512,236,4276,1539,0,1587,0,1150,0,0,289,40,4841,2689,1587,4841,2206125.85,22647.79,182,307,366,243,236,2942,0,0,1539,0,2737,0
184672,15,-0.07,-0.02,-0.6,-0.3,2,0.2,0.2,0.15,40,54.46,4809,4520,231,4289,1642,1339,471,143,289,405,0,289,32,4841,2336,1953,4841,1347627.89,13943.46,299,570,572,393,365,323,296,1471,1642,1339,760,548
184673,15,-0.07,-0.02,-0.6,-0.3,2,0.2,0.2,0.15,40,50.75,4803,4514,266,4248,0,1386,549,157,684,1472,0,289,38,4841,2156,2092,4841,1209477.74,12553.63,117,268,218,164,170,148,205,2958,0,1386,1233,1629
184674,15,-0.07,-0.02,-0.6,-0.3,2,0.2,0.2,0.15,40,63.29,4801,4512,241,4271,1774,0,1162,406,325,604,0,289,40,4841,2703,1568,4841,2382835.88,24489.27,182,307,366,243,236,205,169,2563,1774,0,1487,1010
184675,15,-0.07,-0.02,-0.6,-0.3,2,0.2,0.2,0.15,50,53.66,4809,4520,232,4288,1651,1394,0,593,0,650,0,289,32,4841,2301,1987,4841,1274156.73,13182.74,299,570,572,393,365,323,296,1470,1651,1394,0,1243
184676,15,-0.07,-0.02,-0.6,-0.3,2,0.2,0.2,0.15,50,49.42,4803,4514,267,4247,0,1450,0,698,0,2099,0,289,38,4841,2099,2148,4841,1075988.72,11152.31,117,268,218,164,170,148,205,2957,0,1450,0,2797
184677,15,-0.07,-0.02,-0.6,-0.3,2,0.2,0.2,0.15,50,62.53,4801,4512,242,4270,1783,0,0,1600,0,887,0,289,40,4841,2670,1600,4841,2234385.8,22951.2,182,307,366,243,236,205,169,2562,1783,0,0,2487
184678,15,-0.07,-0.02,-0.6,-0.3,2,0.2,0.2,0.15,60,53.66,4809,4520,232,4288,1651,1394,0,593,0,650,0,289,32,4841,2301,1987,4841,1274156.73,13182.74,299,570,572,393,365,323,296,1470,1651,1394,0,1243
184679,15,-0.07,-0.02,-0.6,-0.3,2,0.2,0.2,0.15,60,49.42,4803,4514,267,4247,0,1450,0,698,0,2099,0,289,38,4841,2099,2148,4841,1075988.72,11152.31,117,268,218,164,170,148,205,2957,0,1450,0,2797
184680,15,-0.07,-0.02,-0.6,-0.3,2,0.2,0.2,0.15,60,62.53,4801,4512,242,4270,1783,0,0,1600,0,887,0,289,40,4841,2670,1600,4841,2234385.8,22951.2,182,307,366,243,236,205,169,2562,1783,0,0,2487
184681,15,-0.07,-0.02,-0.6,-0.25,1,0.1,0.1,0.15,20,63.09,5803,5501,96,5405,2767,857,1138,0,643,0,0,302,44,5847,3410,1995,5847,1072752.81,10953.92,1402,973,779,2251,0,0,0,0,2767,857,1781,0
184682,15,-0.07,-0.02,-0.6,-0.25,1,0.1,0.1,0.15,20,56.03,5802,5500,139,5361,0,944,1413,0,3004,0,0,302,45,5847,3004,2357,5847,1521753.78,15598.2,151,292,304,4614,0,0,0,0,0,944,4417,0
184683,15,-0.07,-0.02,-0.6,-0.25,1,0.1,0.1,0.15,20,65.72,5795,5493,96,5397,2851,0,1850,0,696,0,0,302,52,5847,3547,1850,5847,1453881.56,14819.23,1256,710,544,2887,0,0,0,0,2851,0,2546,0
184684,15,-0.07,-0.02,-0.6,-0.25,1,0.1,0.1,0.15,30,64.93,5803,5501,174,5327,3171,1140,728,0,288,0,0,302,44,5847,3459,1868,5847,1094305.19,11239.7,1402,973,779,470,392,1311,0,0,3171,1140,1016,0
184685,15,-0.07,-0.02,-0.6,-0.25,1,0.1,0.1,0.15,30,51.9,5799,5497,299,5198,0,1339,1161,0,2698,0,0,302,48,5847,2698,2500,5847,1217182.66,12705.52,151,292,304,197,223,4031,0,0,0,1339,3859,0
184686,15,-0.07,-0.02,-0.6,-0.25,1,0.1,0.1,0.15,30,70.76,5793,5491,183,5308,3372,0,1552,0,384,0,0,302,54,5847,3756,1552,5847,1839005.32,18807.14,1256,710,544,341,299,2158,0,0,3372,0,1936,0
184687,15,-0.07,-0.02,-0.6,-0.25,1,0.1,0.1,0.15,40,65.21,5803,5501,177,5324,3306,1360,371,121,92,74,0,302,44,5847,3472,1852,5847,990188.64,10151.64,1402,973,779,470,392,295,207,806,3306,1360,463,195
184688,15,-0.07,-0.02,-0.6,-0.25,1,0.1,0.1,0.15,40,49.37,5797,5495,306,5189,0,1693,725,209,836,1726,0,302,50,5847,2562,2627,5847,1073723.67,11178.45,151,292,304,197,223,172,243,3607,0,1693,1561,1935
184689,15,-0.07,-0.02,-0.6,-0.25,1,0.1,0.1,0.15,40,72.78,5793,5491,187,5304,3597,0,1026,418,110,153,0,302,54,5847,3860,1444,5847,1949123.09,19913.88,1256,710,544,341,299,222,125,1807,3597,0,1136,571
184690,15,-0.07,-0.02,-0.6,-0.25,1,0.1,0.1,0.15,50,65.03,5803,5501,177,5324,3312,1389,0,473,0,150,0,302,44,5847,3462,1862,5847,953511.26,9772.87,1402,973,779,470,392,295,207,806,3312,1389,0,623
184691,15,-0.07,-0.02,-0.6,-0.25,1,0.1,0.1,0.15,50,48.19,5797,5495,307,5188,0,1771,0,917,0,2500,0,302,50,5847,2500,2688,5847,917141.24,9540.94,151,292,304,197,223,172,243,3606,0,1771,0,3417
184692,15,-0.07,-0.02,-0.6,-0.25,1,0.1,0.1,0.15,50,72.64,5793,5491,187,5304,3604,0,0,1451,0,249,0,302,54,5847,3853,1451,5847,1860350.49,18996.51,1256,710,544,341,299,222,125,1807,3604,0,0,1700
184693,15,-0.07,-0.02,-0.6,-0.25,1,0.1,0.1,0.15,60,65.03,5803,5501,177,5324,3312,1389,0,473,0,150,0,302,44,5847,3462,1862,5847,953511.26,9772.87,1402,973,779,470,392,295,207,806,3312,1389,0,623
184694,15,-0.07,-0.02,-0.6,-0.25,1,0.1,0.1,0.15,60,48.19,5797,5495,307,5188,0,1771,0,917,0,2500,0,302,50,5847,2500,2688,5847,917141.24,9540.94,151,292,304,197,223,172,243,3606,0,1771,0,3417
184695,15,-0.07,-0.02,-0.6,-0.25,1,0.1,0.1,0.15,60,72.64,5793,5491,187,5304,3604,0,0,1451,0,249,0,302,54,5847,3853,1451,5847,1860350.49,18996.51,1256,710,544,341,299,222,125,1807,3604,0,0,1700
184696,15,-0.07,-0.02,-0.6,-0.25,1,0.1,0.2,0.15,20,56.83,5803,5501,132,5369,1176,938,1380,0,1875,0,0,302,44,5847,3051,2318,5847,1470948.76,15058.17,349,626,681,3713,0,0,0,0,1176,938,3255,0
184697,15,-0.07,-0.02,-0.6,-0.25,1,0.1,0.2,0.15,20,56.03,5802,5500,139,5361,0,944,1413,0,3004,0,0,302,45,5847,3004,2357,5847,1521753.78,15598.2,151,292,304,4614,0,0,0,0,0,944,4417,0
184698,15,-0.07,-0.02,-0.6,-0.25,1,0.1,0.2,0.15,20,59.45,5795,5493,132,5361,1203,0,2174,0,1984,0,0,302,52,5847,3187,2174,5847,1860493.18,19014.67,198,339,391,4433,0,0,0,0,1203,0,4158,0
184699,15,-0.07,-0.02,-0.6,-0.25,1,0.1,0.2,0.15,30,54.26,5803,5501,263,5238,1618,1314,1082,0,1224,0,0,302,44,5847,2842,2396,5847,1423829.98,14694.09,349,626,681,458,450,2674,0,0,1618,1314,2306,0
184700,15,-0.07,-0.02,-0.6,-0.25,1,0.1,0.2,0.15,30,51.9,5799,5497,299,5198,0,1339,1161,0,2698,0,0,302,48,5847,2698,2500,5847,1217182.66,12705.52,151,292,304,197,223,4031,0,0,0,1339,3859,0
184701,15,-0.07,-0.02,-0.6,-0.25,1,0.1,0.2,0.15,30,60.46,5792,5490,272,5218,1702,0,2063,0,1453,0,0,302,55,5847,3155,2063,5847,2261331.88,23206.15,198,339,391,275,273,3742,0,0,1702,0,3516,0
184702,15,-0.07,-0.02,-0.6,-0.25,1,0.1,0.2,0.15,40,52.86,5803,5501,268,5233,1838,1638,634,195,391,537,0,302,44,5847,2766,2467,5847,1323925.42,13712.93,349,626,681,458,450,368,356,1945,1838,1638,1025,732
184703,15,-0.07,-0.02,-0.6,-0.25,1,0.1,0.2,0.15,40,49.37,5797,5495,306,5189,0,1693,725,209,836,1726,0,302,50,5847,2562,2627,5847,1073723.67,11178.45,151,292,304,197,223,172,243,3607,0,1693,1561,1935
184704,15,-0.07,-0.02,-0.6,-0.25,1,0.1,0.2,0.15,40,60.86,5792,5490,278,5212,1977,0,1508,532,437,758,0,302,55,5847,3172,2040,5847,2457286.32,25263.34,198,339,391,275,273,226,202,3308,1977,0,1945,1290
184705,15,-0.07,-0.02,-0.6,-0.25,1,0.1,0.2,0.15,50,52.12,5803,5501,269,5232,1847,1705,0,800,0,880,0,302,44,5847,2727,2505,5847,1234739.07,12796.27,349,626,681,458,450,368,356,1944,1847,1705,0,1680
184706,15,-0.07,-0.02,-0.6,-0.25,1,0.1,0.2,0.15,50,48.19,5797,5495,307,5188,0,1771,0,917,0,2500,0,302,50,5847,2500,2688,5847,917141.24,9540.94,151,292,304,197,223,172,243,3606,0,1771,0,3417
184707,15,-0.07,-0.02,-0.6,-0.25,1,0.1,0.2,0.15,50,60.2,5792,5490,279,5211,1987,0,0,2074,0,1150,0,302,55,5847,3137,2074,5847,2285805.26,23499.14,198,339,391,275,273,226,202,3307,1987,0,0,3224
184708,15,-0.07,-0.02,-0.6,-0.25,1,0.1,0.2,0.15,60,52.12,5803,5501,269,5232,1847,1705,0,800,0,880,0,302,44,5847,2727,2505,5847,1234739.07,12796.27,349,626,681,458,450,368,356,1944,1847,1705,0,1680
184709,15,-0.07,-0.02,-0.6,-0.25,1,0.1,0.2,0.15,60,48.19,5797,5495,307,5188,0,1771,0,917,0,2500,0,302,50,5847,2500,2688,5847,917141.24,9540.94,151,292,304,197,223,172,243,3606,0,1771,0,3417
184710,15,-0.07,-0.02,-0.6,-0.25,1,0.1,0.2,0.15,60,60.2,5792,5490,279,5211,1987,0,0,2074,0,1150,0,302,55,5847,3137,2074,5847,2285805.26,23499.14,198,339,391,275,273,226,202,3307,1987,0,0,3224
184711,15,-0.07,-0.02,-0.6,-0.25,1,0.2,0.1,0.15,20,63.09,5803,5501,96,5405,2767,857,1138,0,643,0,0,302,44,5847,3410,1995,5847,1072752.81,10953.92,1402,973,779,2251,0,0,0,0,2767,857,1781,0
184712,15,-0.07,-0.02,-0.6,-0.25,1,0.2,0.1,0.15,20,56.03,5802,5500,139,5361,0,944,1413,0,3004,0,0,302,45,5847,3004,2357,5847,1521753.78,15598.2,151,292,304,4614,0,0,0,0,0,944,4417,0
184713,15,-0.07,-0.02,-0.6,-0.25,1,0.2,0.1,0.15,20,65.72,5795,5493,96,5397,2851,0,1850,0,696,0,0,302,52,5847,3547,1850,5847,1453881.56,14819.23,1256,710,544,2887,0,0,0,0,2851,0,2546,0
184714,15,-0.07,-0.02,-0.6,-0.25,1,0.2,0.1,0.15,30,64.93,5803,5501,174,5327,3171,1140,728,0,288,0,0,302,44,5847,3459,1868,5847,1094305.19,11239.7,1402,973,779,470,392,1311,0,0,3171,1140,1016,0
184715,15,-0.07,-0.02,-0.6,-0.25,1,0.2,0.1,0.15,30,51.9,5799,5497,299,5198,0,1339,1161,0,2698,0,0,302,48,5847,2698,2500,5847,1217182.66,12705.52,151,292,304,197,223,4031,0,0,0,1339,3859,0
184716,15,-0.07,-0.02,-0.6,-0.25,1,0.2,0.1,0.15,30,70.76,5793,5491,183,5308,3372,0,1552,0,384,0,0,302,54,5847,3756,1552,5847,1839005.32,18807.14,1256,710,544,341,299,2158,0,0,3372,0,1936,0
184717,15,-0.07,-0.02,-0.6,-0.25,1,0.2,0.1,0.15,40,65.21,5803,5501,177,5324,3306,1360,371,121,92,74,0,302,44,5847,3472,1852,5847,990188.64,10151.64,1402,973,779,470,392,295,207,806,3306,1360,463,195
184718,15,-0.07,-0.02,-0.6,-0.25,1,0.2,0.1,0.15,40,49.37,5797,5495,306,5189,0,1693,725,209,836,1726,0,302,50,5847,2562,2627,5847,1073723.67,11178.45,151,292,304,197,223,172,243,3607,0,1693,1561,1935
184719,15,-0.07,-0.02,-0.6,-0.25,1,0.2,0.1,0.15,40,72.78,5793,5491,187,5304,3597,0,1026,418,110,153,0,302,54,5847,3860,1444,5847,1949123.09,19913.88,1256,710,544,341,299,222,125,1807,3597,0,1136,571
184720,15,-0.07,-0.02,-0.6,-0.25,1,0.2,0.1,0.15,50,65.03,5803,5501,177,5324,3312,1389,0,473,0,150,0,302,44,5847,3462,1862,5847,953511.26,9772.87,1402,973,779,470,392,295,207,806,3312,1389,0,623
184721,15,-0.07,-0.02,-0.6,-0.25,1,0.2,0.1,0.15,50,48.19,5797,5495,307,5188,0,1771,0,917,0,2500,0,302,50,5847,2500,2688,5847,917141.24,9540.94,151,292,304,197,223,172,243,3606,0,1771,0,3417
184722,15,-0.07,-0.02,-0.6,-0.25,1,0.2,0.1,0.15,50,72.64,5793,5491,187,5304,3604,0,0,1451,0,249,0,302,54,5847,3853,1451,5847,1860350.49,18996.51,1256,710,544,341,299,222,125,1807,3604,0,0,1700
184723,15,-0.07,-0.02,-0.6,-0.25,1,0.2,0.1,0.15,60,65.03,5803,5501,177,5324,3312,1389,0,473,0,150,0,302,44,5847,3462,1862,5847,953511.26,9772.87,1402,973,779,470,392,295,207,806,3312,1389,0,623
184724,15,-0.07,-0.02,-0.6,-0.25,1,0.2,0.1,0.15,60,48.19,5797,5495,307,5188,0,1771,0,917,0,2500,0,302,50,5847,2500,2688,5847,917141.24,9540.94,151,292,304,197,223,172,243,3606,0,1771,0,3417
184725,15,-0.07,-0.02,-0.6,-0.25,1,0.2,0.1,0.15,60,72.64,5793,5491,187,5304,3604,0,0,1451,0,249,0,302,54,5847,3853,1451,5847,1860350.49,18996.51,1256,710,544,341,299,222,125,1807,3604,0,0,1700
184726,15,-0.07,-0.02,-0.6,-0.25,1,0.2,0.2,0.15,20,56.83,5803,5501,132,5369,1176,938,1380,0,1875,0,0,302,44,5847,3051,2318,5847,1470948.76,15058.17,349,626,681,3713,0,0,0,0,1176,938,3255,0
184727,15,-0.07,-0.02,-0.6,-0.25,1,0.2,0.2,0.15,20,56.03,5802,5500,139,5361,0,944,1413,0,3004,0,0,302,45,5847,3004,2357,5847,1521753.78,15598.2,151,292,304,4614,0,0,0,0,0,944,4417,0
184728,15,-0.07,-0.02,-0.6,-0.25,1,0.2,0.2,0.15,20,59.45,5795,5493,132,5361,1203,0,2174,0,1984,0,0,302,52,5847,3187,2174,5847,1860493.18,19014.67,198,339,391,4433,0,0,0,0,1203,0,4158,0
184729,15,-0.07,-0.02,-0.6,-0.25,1,0.2,0.2,0.15,30,54.26,5803,5501,263,5238,1618,1314,1082,0,1224,0,0,302,44,5847,2842,2396,5847,1423829.98,14694.09,349,626,681,458,450,2674,0,0,1618,1314,2306,0
184730,15,-0.07,-0.02,-0.6,-0.25,1,0.2,0.2,0.15,30,51.9,5799,5497,299,5198,0,1339,1161,0,2698,0,0,302,48,5847,2698,2500,5847,1217182.66,12705.52,151,292,304,197,223,4031,0,0,0,1339,3859,0
184731,15,-0.07,-0.02,-0.6,-0.25,1,0.2,0.2,0.15,30,60.46,5792,5490,272,5218,1702,0,2063,0,1453,0,0,302,55,5847,3155,2063,5847,2261331.88,23206.15,198,339,391,275,273,3742,0,0,1702,0,3516,0
184732,15,-0.07,-0.02,-0.6,-0.25,1,0.2,0.2,0.15,40,52.86,5803,5501,268,5233,1838,1638,634,195,391,537,0,302,44,5847,2766,2467,5847,1323925.42,13712.93,349,626,681,458,450,368,356,1945,1838,1638,1025,732
184733,15,-0.07,-0.02,-0.6,-0.25,1,0.2,0.2,0.15,40,49.37,5797,5495,306,5189,0,1693,725,209,836,1726,0,302,50,5847,2562,2627,5847,1073723.67,11178.45,151,292,304,197,223,172,243,3607,0,1693,1561,1935
184734,15,-0.07,-0.02,-0.6,-0.25,1,0.2,0.2,0.15,40,60.86,5792,5490,278,5212,1977,0,1508,532,437,758,0,302,55,5847,3172,2040,5847,2457286.32,25263.34,198,339,391,275,273,226,202,3308,1977,0,1945,1290
184735,15,-0.07,-0.02,-0.6,-0.25,1,0.2,0.2,0.15,50,52.12,5803,5501,269,5232,1847,1705,0,800,0,880,0,302,44,5847,2727,2505,5847,1234739.07,12796.27,349,626,681,458,450,368,356,1944,1847,1705,0,1680
184736,15,-0.07,-0.02,-0.6,-0.25,1,0.2,0.2,0.15,50,48.19,5797,5495,307,5188,0,1771,0,917,0,2500,0,302,50,5847,2500,2688,5847,917141.24,9540.94,151,292,304,197,223,172,243,3606,0,1771,0,3417
184737,15,-0.07,-0.02,-0.6,-0.25,1,0.2,0.2,0.15,50,60.2,5792,5490,279,5211,1987,0,0,2074,0,1150,0,302,55,5847,3137,2074,5847,2285805.26,23499.14,198,339,391,275,273,226,202,3307,1987,0,0,3224
184738,15,-0.07,-0.02,-0.6,-0.25,1,0.2,0.2,0.15,60,52.12,5803,5501,269,5232,1847,1705,0,800,0,880,0,302,44,5847,2727,2505,5847,1234739.07,12796.27,349,626,681,458,450,368,356,1944,1847,1705,0,1680
184739,15,-0.07,-0.02,-0.6,-0.25,1,0.2,0.2,0.15,60,48.19,5797,5495,307,5188,0,1771,0,917,0,2500,0,302,50,5847,2500,2688,5847,917141.24,9540.94,151,292,304,197,223,172,243,3606,0,1771,0,3417
184740,15,-0.07,-0.02,-0.6,-0.25,1,0.2,0.2,0.15,60,60.2,5792,5490,279,5211,1987,0,0,2074,0,1150,0,302,55,5847,3137,2074,5847,2285805.26,23499.14,198,339,391,275,273,226,202,3307,1987,0,0,3224
184741,15,-0.07,-0.02,-0.6,-0.25,2,0.1,0.1,0.15,20,66.83,5803,5501,95,5406,2965,842,951,0,648,0,0,302,44,5847,3613,1793,5847,1489493.22,18781.59,1454,1030,831,2091,0,0,0,0,2965,842,1599,0
184742,15,-0.07,-0.02,-0.6,-0.25,2,0.1,0.1,0.15,20,59.97,5802,5500,139,5361,0,944,1202,0,3215,0,0,302,45,5847,3215,2146,5847,2181616.11,25011.23,151,292,304,4614,0,0,0,0,0,944,4417,0
184743,15,-0.07,-0.02,-0.6,-0.25,2,0.1,0.1,0.15,20,71.58,5795,5493,95,5398,3116,0,1534,0,748,0,0,302,52,5847,3864,1534,5847,2182599.01,23172.98,1314,781,631,2672,0,0,0,0,3116,0,2282,0
184744,15,-0.07,-0.02,-0.6,-0.25,2,0.1,0.1,0.15,30,68.37,5803,5501,167,5334,3357,1106,581,0,290,0,0,302,44,5847,3647,1687,5847,1510458.86,19976.13,1454,1030,831,492,384,1143,0,0,3357,1106,871,0
184745,15,-0.07,-0.02,-0.6,-0.25,2,0.1,0.1,0.15,30,54.96,5799,5497,299,5198,0,1339,1002,0,2857,0,0,302,48,5847,2857,2341,5847,2029741.89,24318.63,151,292,304,197,223,4031,0,0,0,1339,3859,0
184746,15,-0.07,-0.02,-0.6,-0.25,2,0.1,0.1,0.15,30,76.88,5793,5491,175,5316,3692,0,1229,0,395,0,0,302,54,5847,4087,1229,5847,2854136.01,27841.8,1314,781,631,390,345,1855,0,0,3692,0,1624,0
184747,15,-0.07,-0.02,-0.6,-0.25,2,0.1,0.1,0.15,40,68.69,5803,5501,170,5331,3483,1305,292,72,116,63,0,302,44,5847,3662,1669,5847,1366117.17,19656.7,1454,1030,831,492,384,272,187,681,3483,1305,408,135
184748,15,-0.07,-0.02,-0.6,-0.25,2,0.1,0.1,0.15,40,52.55,5797,5495,306,5189,0,1693,629,140,932,1795,0,302,50,5847,2727,2462,5847,1852590.23,24283.54,151,292,304,197,223,172,243,3607,0,1693,1561,1935
184749,15,-0.07,-0.02,-0.6,-0.25,2,0.1,0.1,0.15,40,79.54,5793,5491,179,5312,3942,0,833,254,151,132,0,302,54,5847,4225,1087,5847,3127159.14,29715.03,1314,781,631,390,345,231,137,1483,3942,0,984,386
184750,15,-0.07,-0.02,-0.6,-0.25,2,0.1,0.1,0.15,50,68.26,5803,5501,170,5331,3490,1329,0,363,0,149,0,302,44,5847,3639,1692,5847,1311087.19,19361.15,1454,1030,831,492,384,272,187,681,3490,1329,0,512
184751,15,-0.07,-0.02,-0.6,-0.25,2,0.1,0.1,0.15,50,51.08,5797,5495,307,5188,0,1771,0,767,0,2650,0,302,50,5847,2650,2538,5847,1631522.96,22712.32,151,292,304,197,223,172,243,3606,0,1771,0,3417
184752,15,-0.07,-0.02,-0.6,-0.25,2,0.1,0.1,0.15,50,79.37,5793,5491,179,5312,3950,0,0,1096,0,266,0,302,54,5847,4216,1096,5847,2985086.14,28976.95,1314,781,631,390,345,231,137,1483,3950,0,0,1362
184753,15,-0.07,-0.02,-0.6,-0.25,2,0.1,0.1,0.15,60,68.26,5803,5501,170,5331,3490,1329,0,363,0,149,0,302,44,5847,3639,1692,5847,1311087.19,19361.15,1454,1030,831,492,384,272,187,681,3490,1329,0,512
184754,15,-0.07,-0.02,-0.6,-0.25,2,0.1,0.1,0.15,60,51.08,5797,5495,307,5188,0,1771,0,767,0,2650,0,302,50,5847,2650,2538,5847,1631522.96,22712.32,151,292,304,197,223,172,243,3606,0,1771,0,3417
184755,15,-0.07,-0.02,-0.6,-0.25,2,0.1,0.1,0.15,60,79.37,5793,5491,179,5312,3950,0,0,1096,0,266,0,302,54,5847,4216,1096,5847,2985086.14,28976.95,1314,781,631,390,345,231,137,1483,3950,0,0,1362
184756,15,-0.07,-0.02,-0.6,-0.25,2,0.1,0.2,0.15,20,60.74,5803,5501,132,5369,1264,937,1171,0,1997,0,0,302,44,5847,3261,2108,5847,2076927.68,24200.53,354,646,719,3650,0,0,0,0,1264,937,3168,0
184757,15,-0.07,-0.02,-0.6,-0.25,2,0.1,0.2,0.15,20,59.97,5802,5500,139,5361,0,944,1202,0,3215,0,0,302,45,5847,3215,2146,5847,2181616.11,25011.23,151,292,304,4614,0,0,0,0,0,944,4417,0
184758,15,-0.07,-0.02,-0.6,-0.25,2,0.1,0.2,0.15,20,65.51,5795,5493,132,5361,1320,0,1849,0,2192,0,0,302,52,5847,3512,1849,5847,2809113.11,28926.45,204,363,439,4355,0,0,0,0,1320,0,4041,0
184759,15,-0.07,-0.02,-0.6,-0.25,2,0.1,0.2,0.15,30,57.43,5803,5501,263,5238,1762,1308,922,0,1246,0,0,302,44,5847,3008,2230,5847,2167363.15,25829.15,354,646,719,482,490,2547,0,0,1762,1308,2168,0
184760,15,-0.07,-0.02,-0.6,-0.25,2,0.1,0.2,0.15,30,54.96,5799,5497,299,5198,0,1339,1002,0,2857,0,0,302,48,5847,2857,2341,5847,2029741.89,24318.63,151,292,304,197,223,4031,0,0,0,1339,3859,0
184761,15,-0.07,-0.02,-0.6,-0.25,2,0.1,0.2,0.15,30,66.52,5792,5490,272,5218,1926,0,1747,0,1545,0,0,302,55,5847,3471,1747,5847,3790042.02,35406.38,204,363,439,314,337,3561,0,0,1926,0,3292,0
184762,15,-0.07,-0.02,-0.6,-0.25,2,0.1,0.2,0.15,40,56.22,5803,5501,268,5233,2002,1624,536,131,442,498,0,302,44,5847,2942,2291,5847,2037481.22,26064.34,354,646,719,482,490,379,355,1808,2002,1624,978,629
184763,15,-0.07,-0.02,-0.6,-0.25,2,0.1,0.2,0.15,40,52.55,5797,5495,306,5189,0,1693,629,140,932,1795,0,302,50,5847,2727,2462,5847,1852590.23,24283.54,151,292,304,197,223,172,243,3607,0,1693,1561,1935
184764,15,-0.07,-0.02,-0.6,-0.25,2,0.1,0.2,0.15,40,67.81,5792,5490,278,5212,2256,0,1317,361,542,736,0,302,55,5847,3534,1678,5847,4266106.43,38858.84,204,363,439,314,337,269,225,3061,2256,0,1859,1097
184765,15,-0.07,-0.02,-0.6,-0.25,2,0.1,0.2,0.15,50,55.28,5803,5501,269,5232,2011,1689,0,651,0,881,0,302,44,5847,2892,2340,5847,1904590.73,25253.56,354,646,719,482,490,379,355,1807,2011,1689,0,1532
184766,15,-0.07,-0.02,-0.6,-0.25,2,0.1,0.2,0.15,50,51.08,5797,5495,307,5188,0,1771,0,767,0,2650,0,302,50,5847,2650,2538,5847,1631522.96,22712.32,151,292,304,197,223,172,243,3606,0,1771,0,3417
184767,15,-0.07,-0.02,-0.6,-0.25,2,0.1,0.2,0.15,50,67.3,5792,5490,279,5211,2266,0,0,1704,0,1241,0,302,55,5847,3507,1704,5847,3970257.38,37247.17,204,363,439,314,337,269,225,3060,2266,0,0,2945
184768,15,-0.07,-0.02,-0.6,-0.25,2,0.1,0.2,0.15,60,55.28,5803,5501,269,5232,2011,1689,0,651,0,881,0,302,44,5847,2892,2340,5847,1904590.73,25253.56,354,646,719,482,490,379,355,1807,2011,1689,0,1532
184769,15,-0.07,-0.02,-0.6,-0.25,2,0.1,0.2,0.15,60,51.08,5797,5495,307,5188,0,1771,0,767,0,2650,0,302,50,5847,2650,2538,5847,1631522.96,22712.32,151,292,304,197,223,172,243,3606,0,1771,0,3417
184770,15,-0.07,-0.02,-0.6,-0.25,2,0.1,0.2,0.15,60,67.3,5792,5490,279,5211,2266,0,0,1704,0,1241,0,302,55,5847,3507,1704,5847,3970257.38,37247.17,204,363,439,314,337,269,225,3060,2266,0,0,2945
184771,15,-0.07,-0.02,-0.6,-0.25,2,0.2,0.1,0.15,20,63.09,5803,5501,96,5405,2767,857,1138,0,643,0,0,302,44,5847,3410,1995,5847,1072752.81,10953.92,1402,973,779,2251,0,0,0,0,2767,857,1781,0
184772,15,-0.07,-0.02,-0.6,-0.25,2,0.2,0.1,0.15,20,56.03,5802,5500,139,5361,0,944,1413,0,3004,0,0,302,45,5847,3004,2357,5847,1521753.78,15598.2,151,292,304,4614,0,0,0,0,0,944,4417,0
184773,15,-0.07,-0.02,-0.6,-0.25,2,0.2,0.1,0.15,20,65.72,5795,5493,96,5397,2851,0,1850,0,696,0,0,302,52,5847,3547,1850,5847,1453881.56,14819.23,1256,710,544,2887,0,0,0,0,2851,0,2546,0
184774,15,-0.07,-0.02,-0.6,-0.25,2,0.2,0.1,0.15,30,64.93,5803,5501,174,5327,3171,1140,728,0,288,0,0,302,44,5847,3459,1868,5847,1094305.19,11239.7,1402,973,779,470,392,1311,0,0,3171,1140,1016,0
184775,15,-0.07,-0.02,-0.6,-0.25,2,0.2,0.1,0.15,30,51.9,5799,5497,299,5198,0,1339,1161,0,2698,0,0,302,48,5847,2698,2500,5847,1217182.66,12705.52,151,292,304,197,223,4031,0,0,0,1339,3859,0
184776,15,-0.07,-0.02,-0.6,-0.25,2,0.2,0.1,0.15,30,70.76,5793,5491,183,5308,3372,0,1552,0,384,0,0,302,54,5847,3756,1552,5847,1839005.32,18807.14,1256,710,544,341,299,2158,0,0,3372,0,1936,0
184777,15,-0.07,-0.02,-0.6,-0.25,2,0.2,0.1,0.15,40,65.21,5803,5501,177,5324,3306,1360,371,121,92,74,0,302,44,5847,3472,1852,5847,990188.64,10151.64,1402,973,779,470,392,295,207,806,3306,1360,463,195
184778,15,-0.07,-0.02,-0.6,-0.25,2,0.2,0.1,0.15,40,49.37,5797,5495,306,5189,0,1693,725,209,836,1726,0,302,50,5847,2562,2627,5847,1073723.67,11178.45,151,292,304,197,223,172,243,3607,0,1693,1561,1935
184779,15,-0.07,-0.02,-0.6,-0.25,2,0.2,0.1,0.15,40,72.78,5793,5491,187,5304,3597,0,1026,418,110,153,0,302,54,5847,3860,1444,5847,1949123.09,19913.88,1256,710,544,341,299,222,125,1807,3597,0,1136,571
184780,15,-0.07,-0.02,-0.6,-0.25,2,0.2,0.1,0.15,50,65.03,5803,5501,177,5324,3312,1389,0,473,0,150,0,302,44,5847,3462,1862,5847,953511.26,9772.87,1402,973,779,470,392,295,207,806,3312,1389,0,623
184781,15,-0.07,-0.02,-0.6,-0.25,2,0.2,0.1,0.15,50,48.19,5797,5495,307,5188,0,1771,0,917,0,2500,0,302,50,5847,2500,2688,5847,917141.24,9540.94,151,292,304,197,223,172,243,3606,0,1771,0,3417
184782,15,-0.07,-0.02,-0.6,-0.25,2,0.2,0.1,0.15,50,72.64,5793,5491,187,5304,3604,0,0,1451,0,249,0,302,54,5847,3853,1451,5847,1860350.49,18996.51,1256,710,544,341,299,222,125,1807,3604,0,0,1700
184783,15,-0.07,-0.02,-0.6,-0.25,2,0.2,0.1,0.15,60,65.03,5803,5501,177,5324,3312,1389,0,473,0,150,0,302,44,5847,3462,1862,5847,953511.26,9772.87,1402,973,779,470,392,295,207,806,3312,1389,0,623
184784,15,-0.07,-0.02,-0.6,-0.25,2,0.2,0.1,0.15,60,48.19,5797,5495,307,5188,0,1771,0,917,0,2500,0,302,50,5847,2500,2688,5847,917141.24,9540.94,151,292,304,197,223,172,243,3606,0,1771,0,3417
184785,15,-0.07,-0.02,-0.6,-0.25,2,0.2,0.1,0.15,60,72.64,5793,5491,187,5304,3604,0,0,1451,0,249,0,302,54,5847,3853,1451,5847,1860350.49,18996.51,1256,710,544,341,299,222,125,1807,3604,0,0,1700
184786,15,-0.07,-0.02,-0.6,-0.25,2,0.2,0.2,0.15,20,56.83,5803,5501,132,5369,1176,938,1380,0,1875,0,0,302,44,5847,3051,2318,5847,1470948.76,15058.17,349,626,681,3713,0,0,0,0,1176,938,3255,0
184787,15,-0.07,-0.02,-0.6,-0.25,2,0.2,0.2,0.15,20,56.03,5802,5500,139,5361,0,944,1413,0,3004,0,0,302,45,5847,3004,2357,5847,1521753.78,15598.2,151,292,304,4614,0,0,0,0,0,944,4417,0
184788,15,-0.07,-0.02,-0.6,-0.25,2,0.2,0.2,0.15,20,59.45,5795,5493,132,5361,1203,0,2174,0,1984,0,0,302,52,5847,3187,2174,5847,1860493.18,19014.67,198,339,391,4433,0,0,0,0,1203,0,4158,0
184789,15,-0.07,-0.02,-0.6,-0.25,2,0.2,0.2,0.15,30,54.26,5803,5501,263,5238,1618,1314,1082,0,1224,0,0,302,44,5847,2842,2396,5847,1423829.98,14694.09,349,626,681,458,450,2674,0,0,1618,1314,2306,0
184790,15,-0.07,-0.02,-0.6,-0.25,2,0.2,0.2,0.15,30,51.9,5799,5497,299,5198,0,1339,1161,0,2698,0,0,302,48,5847,2698,2500,5847,1217182.66,12705.52,151,292,304,197,223,4031,0,0,0,1339,3859,0
184791,15,-0.07,-0.02,-0.6,-0.25,2,0.2,0.2,0.15,30,60.46,5792,5490,272,5218,1702,0,2063,0,1453,0,0,302,55,5847,3155,2063,5847,2261331.88,23206.15,198,339,391,275,273,3742,0,0,1702,0,3516,0
184792,15,-0.07,-0.02,-0.6,-0.25,2,0.2,0.2,0.15,40,52.86,5803,5501,268,5233,1838,1638,634,195,391,537,0,302,44,5847,2766,2467,5847,1323925.42,13712.93,349,626,681,458,450,368,356,1945,1838,1638,1025,732
184793,15,-0.07,-0.02,-0.6,-0.25,2,0.2,0.2,0.15,40,49.37,5797,5495,306,5189,0,1693,725,209,836,1726,0,302,50,5847,2562,2627,5847,1073723.67,11178.45,151,292,304,197,223,172,243,3607,0,1693,1561,1935
184794,15,-0.07,-0.02,-0.6,-0.25,2,0.2,0.2,0.15,40,60.86,5792,5490,278,5212,1977,0,1508,532,437,758,0,302,55,5847,3172,2040,5847,2457286.32,25263.34,198,339,391,275,273,226,202,3308,1977,0,1945,1290
184795,15,-0.07,-0.02,-0.6,-0.25,2,0.2,0.2,0.15,50,52.12,5803,5501,269,5232,1847,1705,0,800,0,880,0,302,44,5847,2727,2505,5847,1234739.07,12796.27,349,626,681,458,450,368,356,1944,1847,1705,0,1680
184796,15,-0.07,-0.02,-0.6,-0.25,2,0.2,0.2,0.15,50,48.19,5797,5495,307,5188,0,1771,0,917,0,2500,0,302,50,5847,2500,2688,5847,917141.24,9540.94,151,292,304,197,223,172,243,3606,0,1771,0,3417
184797,15,-0.07,-0.02,-0.6,-0.25,2,0.2,0.2,0.15,50,60.2,5792,5490,279,5211,1987,0,0,2074,0,1150,0,302,55,5847,3137,2074,5847,2285805.26,23499.14,198,339,391,275,273,226,202,3307,1987,0,0,3224
184798,15,-0.07,-0.02,-0.6,-0.25,2,0.2,0.2,0.15,60,52.12,5803,5501,269,5232,1847,1705,0,800,0,880,0,302,44,5847,2727,2505,5847,1234739.07,12796.27,349,626,681,458,450,368,356,1944,1847,1705,0,1680
184799,15,-0.07,-0.02,-0.6,-0.25,2,0.2,0.2,0.15,60,48.19,5797,5495,307,5188,0,1771,0,917,0,2500,0,302,50,5847,2500,2688,5847,917141.24,9540.94,151,292,304,197,223,172,243,3606,0,1771,0,3417
184800,15,-0.07,-0.02,-0.6,-0.25,2,0.2,0.2,0.15,60,60.2,5792,5490,279,5211,1987,0,0,2074,0,1150,0,302,55,5847,3137,2074,5847,2285805.26,23499.14,198,339,391,275,273,226,202,3307,1987,0,0,3224
184801,15,-0.07,-0.02,-0.55,-0.45,1,0.1,0.1,0.15,20,67.5,1322,1182,19,1163,703,183,195,0,82,0,0,140,8,1330,785,378,1330,341861.19,3527.09,358,241,173,391,0,0,0,0,703,183,277,0
184802,15,-0.07,-0.02,-0.55,-0.45,1,0.1,0.1,0.15,20,60.47,1322,1182,31,1151,0,198,257,0,696,0,0,140,8,1330,696,455,1330,656421.5,6745.93,20,68,57,1006,0,0,0,0,0,198,953,0
184803,15,-0.07,-0.02,-0.55,-0.45,1,0.1,0.1,0.15,20,70.68,1322,1182,19,1163,726,0,341,0,96,0,0,140,8,1330,822,341,1330,441801.48,4549.78,340,181,128,514,0,0,0,0,726,0,437,0
184804,15,-0.07,-0.02,-0.55,-0.45,1,0.1,0.1,0.15,30,70.51,1322,1182,36,1146,774,248,90,0,34,0,0,140,8,1330,808,338,1330,340706.46,3522.76,358,241,173,114,74,186,0,0,774,248,124,0
184805,15,-0.07,-0.02,-0.55,-0.45,1,0.1,0.1,0.15,30,57.66,1320,1180,70,1110,0,290,180,0,640,0,0,140,10,1330,640,470,1330,572143.21,5888.63,20,68,57,53,44,868,0,0,0,290,820,0
184806,15,-0.07,-0.02,-0.55,-0.45,1,0.1,0.1,0.15,30,77.56,1322,1182,41,1141,827,0,256,0,58,0,0,140,8,1330,885,256,1330,528909.87,5448.59,340,181,128,77,58,357,0,0,827,0,314,0
184807,15,-0.07,-0.02,-0.55,-0.45,1,0.1,0.1,0.15,40,71.35,1322,1182,37,1145,797,282,36,10,12,8,0,140,8,1330,817,328,1330,339838.56,3512.3,358,241,173,114,74,62,39,84,797,282,48,18
184808,15,-0.07,-0.02,-0.55,-0.45,1,0.1,0.1,0.15,40,54.65,1318,1178,71,1107,0,364,111,27,176,429,0,140,12,1330,605,502,1330,599050.5,6187.48,20,68,57,53,44,48,54,763,0,364,287,456
184809,15,-0.07,-0.02,-0.55,-0.45,1,0.1,0.1,0.15,40,80.09,1322,1182,42,1140,875,0,169,58,14,24,0,140,8,1330,913,227,1330,568005.2,5832.37,340,181,128,77,58,43,27,286,875,0,183,82
184810,15,-0.07,-0.02,-0.55,-0.45,1,0.1,0.1,0.15,50,71.0,1322,1182,37,1145,797,287,0,45,0,16,0,140,8,1330,813,332,1330,333646.61,3449.78,358,241,173,114,74,62,39,84,797,287,0,61
184811,15,-0.07,-0.02,-0.55,-0.45,1,0.1,0.1,0.15,50,53.3,1318,1178,71,1107,0,385,0,132,0,590,0,140,12,1330,590,517,1330,559795.92,5781.06,20,68,57,53,44,48,54,763,0,385,0,722
184812,15,-0.07,-0.02,-0.55,-0.45,1,0.1,0.1,0.15,50,79.82,1322,1182,42,1140,876,0,0,230,0,34,0,140,8,1330,910,230,1330,550244.53,5644.1,340,181,128,77,58,43,27,286,876,0,0,264
184813,15,-0.07,-0.02,-0.55,-0.45,1,0.1,0.1,0.15,60,71.0,1322,1182,37,1145,797,287,0,45,0,16,0,140,8,1330,813,332,1330,333646.61,3449.78,358,241,173,114,74,62,39,84,797,287,0,61
184814,15,-0.07,-0.02,-0.55,-0.45,1,0.1,0.1,0.15,60,53.3,1318,1178,71,1107,0,385,0,132,0,590,0,140,12,1330,590,517,1330,559795.92,5781.06,20,68,57,53,44,48,54,763,0,385,0,722
184815,15,-0.07,-0.02,-0.55,-0.45,1,0.1,0.1,0.15,60,79.82,1322,1182,42,1140,876,0,0,230,0,34,0,140,8,1330,910,230,1330,550244.53,5644.1,340,181,128,77,58,43,27,286,876,0,0,264
184816,15,-0.07,-0.02,-0.55,-0.45,1,0.1,0.2,0.15,20,61.46,1322,1182,30,1152,375,198,246,0,333,0,0,140,8,1330,708,444,1330,559093.91,5759.62,80,175,196,701,0,0,0,0,375,198,579,0
184817,15,-0.07,-0.02,-0.55,-0.45,1,0.1,0.2,0.15,20,60.47,1322,1182,31,1151,0,198,257,0,696,0,0,140,8,1330,696,455,1330,656421.5,6745.93,20,68,57,1006,0,0,0,0,0,198,953,0
184818,15,-0.07,-0.02,-0.55,-0.45,1,0.1,0.2,0.15,20,64.84,1322,1182,30,1152,385,0,405,0,362,0,0,140,8,1330,747,405,1330,677148.08,6966.35,60,108,143,841,0,0,0,0,385,0,767,0
184819,15,-0.07,-0.02,-0.55,-0.45,1,0.1,0.2,0.15,30,61.25,1322,1182,62,1120,498,283,151,0,188,0,0,140,8,1330,686,434,1330,586491.64,6039.63,80,175,196,122,110,437,0,0,498,283,339,0
184820,15,-0.07,-0.02,-0.55,-0.45,1,0.1,0.2,0.15,30,57.66,1320,1180,70,1110,0,290,180,0,640,0,0,140,10,1330,640,470,1330,572143.21,5888.63,20,68,57,53,44,868,0,0,0,290,820,0
184821,15,-0.07,-0.02,-0.55,-0.45,1,0.1,0.2,0.15,30,68.79,1322,1182,67,1115,523,0,348,0,244,0,0,140,8,1330,767,348,1330,806632.18,8291.57,60,108,143,74,80,650,0,0,523,0,592,0
184822,15,-0.07,-0.02,-0.55,-0.45,1,0.1,0.2,0.15,40,60.14,1322,1182,63,1119,538,345,78,23,64,71,0,140,8,1330,673,446,1330,584010.98,6016.68,80,175,196,122,110,98,63,275,538,345,142,94
184823,15,-0.07,-0.02,-0.55,-0.45,1,0.1,0.2,0.15,40,54.65,1318,1178,71,1107,0,364,111,27,176,429,0,140,12,1330,605,502,1330,599050.5,6187.48,20,68,57,53,44,48,54,763,0,364,287,456
184824,15,-0.07,-0.02,-0.55,-0.45,1,0.1,0.2,0.15,40,69.3,1322,1182,68,1114,574,0,261,81,72,126,0,140,8,1330,772,342,1330,857683.36,8808.88,60,108,143,74,80,58,31,560,574,0,333,207
184825,15,-0.07,-0.02,-0.55,-0.45,1,0.1,0.2,0.15,50,58.89,1322,1182,63,1119,539,361,0,99,0,120,0,140,8,1330,659,460,1330,561873.39,5787.76,80,175,196,122,110,98,63,275,539,361,0,219
184826,15,-0.07,-0.02,-0.55,-0.45,1,0.1,0.2,0.15,50,53.3,1318,1178,71,1107,0,385,0,132,0,590,0,140,12,1330,590,517,1330,559795.92,5781.06,20,68,57,53,44,48,54,763,0,385,0,722
184827,15,-0.07,-0.02,-0.55,-0.45,1,0.1,0.2,0.15,50,67.95,1322,1182,68,1114,575,0,0,357,0,182,0,140,8,1330,757,357,1330,813933.54,8347.8,60,108,143,74,80,58,31,560,575,0,0,539
184828,15,-0.07,-0.02,-0.55,-0.45,1,0.1,0.2,0.15,60,58.89,1322,1182,63,1119,539,361,0,99,0,120,0,140,8,1330,659,460,1330,561873.39,5787.76,80,175,196,122,110,98,63,275,539,361,0,219
184829,15,-0.07,-0.02,-0.55,-0.45,1,0.1,0.2,0.15,60,53.3,1318,1178,71,1107,0,385,0,132,0,590,0,140,12,1330,590,517,1330,559795.92,5781.06,20,68,57,53,44,48,54,763,0,385,0,722
184830,15,-0.07,-0.02,-0.55,-0.45,1,0.1,0.2,0.15,60,67.95,1322,1182,68,1114,575,0,0,357,0,182,0,140,8,1330,757,357,1330,813933.54,8347.8,60,108,143,74,80,58,31,560,575,0,0,539
184831,15,-0.07,-0.02,-0.55,-0.45,1,0.2,0.1,0.15,20,67.5,1322,1182,19,1163,703,183,195,0,82,0,0,140,8,1330,785,378,1330,341861.19,3527.09,358,241,173,391,0,0,0,0,703,183,277,0
184832,15,-0.07,-0.02,-0.55,-0.45,1,0.2,0.1,0.15,20,60.47,1322,1182,31,1151,0,198,257,0,696,0,0,140,8,1330,696,455,1330,656421.5,6745.93,20,68,57,1006,0,0,0,0,0,198,953,0
184833,15,-0.07,-0.02,-0.55,-0.45,1,0.2,0.1,0.15,20,70.68,1322,1182,19,1163,726,0,341,0,96,0,0,140,8,1330,822,341,1330,441801.48,4549.78,340,181,128,514,0,0,0,0,726,0,437,0
184834,15,-0.07,-0.02,-0.55,-0.45,1,0.2,0.1,0.15,30,70.51,1322,1182,36,1146,774,248,90,0,34,0,0,140,8,1330,808,338,1330,340706.46,3522.76,358,241,173,114,74,186,0,0,774,248,124,0
184835,15,-0.07,-0.02,-0.55,-0.45,1,0.2,0.1,0.15,30,57.66,1320,1180,70,1110,0,290,180,0,640,0,0,140,10,1330,640,470,1330,572143.21,5888.63,20,68,57,53,44,868,0,0,0,290,820,0
184836,15,-0.07,-0.02,-0.55,-0.45,1,0.2,0.1,0.15,30,77.56,1322,1182,41,1141,827,0,256,0,58,0,0,140,8,1330,885,256,1330,528909.87,5448.59,340,181,128,77,58,357,0,0,827,0,314,0
184837,15,-0.07,-0.02,-0.55,-0.45,1,0.2,0.1,0.15,40,71.35,1322,1182,37,1145,797,282,36,10,12,8,0,140,8,1330,817,328,1330,339838.56,3512.3,358,241,173,114,74,62,39,84,797,282,48,18
184838,15,-0.07,-0.02,-0.55,-0.45,1,0.2,0.1,0.15,40,54.65,1318,1178,71,1107,0,364,111,27,176,429,0,140,12,1330,605,502,1330,599050.5,6187.48,20,68,57,53,44,48,54,763,0,364,287,456
184839,15,-0.07,-0.02,-0.55,-0.45,1,0.2,0.1,0.15,40,80.09,1322,1182,42,1140,875,0,169,58,14,24,0,140,8,1330,913,227,1330,568005.2,5832.37,340,181,128,77,58,43,27,286,875,0,183,82
184840,15,-0.07,-0.02,-0.55,-0.45,1,0.2,0.1,0.15,50,71.0,1322,1182,37,1145,797,287,0,45,0,16,0,140,8,1330,813,332,1330,333646.61,3449.78,358,241,173,114,74,62,39,84,797,287,0,61
184841,15,-0.07,-0.02,-0.55,-0.45,1,0.2,0.1,0.15,50,53.3,1318,1178,71,1107,0,385,0,132,0,590,0,140,12,1330,590,517,1330,559795.92,5781.06,20,68,57,53,44,48,54,763,0,385,0,722
184842,15,-0.07,-0.02,-0.55,-0.45,1,0.2,0.1,0.15,50,79.82,1322,1182,42,1140,876,0,0,230,0,34,0,140,8,1330,910,230,1330,550244.53,5644.1,340,181,128,77,58,43,27,286,876,0,0,264
184843,15,-0.07,-0.02,-0.55,-0.45,1,0.2,0.1,0.15,60,71.0,1322,1182,37,1145,797,287,0,45,0,16,0,140,8,1330,813,332,1330,333646.61,3449.78,358,241,173,114,74,62,39,84,797,287,0,61
184844,15,-0.07,-0.02,-0.55,-0.45,1,0.2,0.1,0.15,60,53.3,1318,1178,71,1107,0,385,0,132,0,590,0,140,12,1330,590,517,1330,559795.92,5781.06,20,68,57,53,44,48,54,763,0,385,0,722
184845,15,-0.07,-0.02,-0.55,-0.45,1,0.2,0.1,0.15,60,79.82,1322,1182,42,1140,876,0,0,230,0,34,0,140,8,1330,910,230,1330,550244.53,5644.1,340,181,128,77,58,43,27,286,876,0,0,264
184846,15,-0.07,-0.02,-0.55,-0.45,1,0.2,0.2,0.15,20,61.46,1322,1182,30,1152,375,198,246,0,333,0,0,140,8,1330,708,444,1330,559093.91,5759.62,80,175,196,701,0,0,0,0,375,198,579,0
184847,15,-0.07,-0.02,-0.55,-0.45,1,0.2,0.2,0.15,20,60.47,1322,1182,31,1151,0,198,257,0,696,0,0,140,8,1330,696,455,1330,656421.5,6745.93,20,68,57,1006,0,0,0,0,0,198,953,0
184848,15,-0.07,-0.02,-0.55,-0.45,1,0.2,0.2,0.15,20,64.84,1322,1182,30,1152,385,0,405,0,362,0,0,140,8,1330,747,405,1330,677148.08,6966.35,60,108,143,841,0,0,0,0,385,0,767,0
184849,15,-0.07,-0.02,-0.55,-0.45,1,0.2,0.2,0.15,30,61.25,1322,1182,62,1120,498,283,151,0,188,0,0,140,8,1330,686,434,1330,586491.64,6039.63,80,175,196,122,110,437,0,0,498,283,339,0
184850,15,-0.07,-0.02,-0.55,-0.45,1,0.2,0.2,0.15,30,57.66,1320,1180,70,1110,0,290,180,0,640,0,0,140,10,1330,640,470,1330,572143.21,5888.63,20,68,57,53,44,868,0,0,0,290,820,0
184851,15,-0.07,-0.02,-0.55,-0.45,1,0.2,0.2,0.15,30,68.79,1322,1182,67,1115,523,0,348,0,244,0,0,140,8,1330,767,348,1330,806632.18,8291.57,60,108,143,74,80,650,0,0,523,0,592,0
184852,15,-0.07,-0.02,-0.55,-0.45,1,0.2,0.2,0.15,40,60.14,1322,1182,63,1119,538,345,78,23,64,71,0,140,8,1330,673,446,1330,584010.98,6016.68,80,175,196,122,110,98,63,275,538,345,142,94
184853,15,-0.07,-0.02,-0.55,-0.45,1,0.2,0.2,0.15,40,54.65,1318,1178,71,1107,0,364,111,27,176,429,0,140,12,1330,605,502,1330,599050.5,6187.48,20,68,57,53,44,48,54,763,0,364,287,456
184854,15,-0.07,-0.02,-0.55,-0.45,1,0.2,0.2,0.15,40,69.3,1322,1182,68,1114,574,0,261,81,72,126,0,140,8,1330,772,342,1330,857683.36,8808.88,60,108,143,74,80,58,31,560,574,0,333,207
184855,15,-0.07,-0.02,-0.55,-0.45,1,0.2,0.2,0.15,50,58.89,1322,1182,63,1119,539,361,0,99,0,120,0,140,8,1330,659,460,1330,561873.39,5787.76,80,175,196,122,110,98,63,275,539,361,0,219
184856,15,-0.07,-0.02,-0.55,-0.45,1,0.2,0.2,0.15,50,53.3,1318,1178,71,1107,0,385,0,132,0,590,0,140,12,1330,590,517,1330,559795.92,5781.06,20,68,57,53,44,48,54,763,0,385,0,722
184857,15,-0.07,-0.02,-0.55,-0.45,1,0.2,0.2,0.15,50,67.95,1322,1182,68,1114,575,0,0,357,0,182,0,140,8,1330,757,357,1330,813933.54,8347.8,60,108,143,74,80,58,31,560,575,0,0,539
184858,15,-0.07,-0.02,-0.55,-0.45,1,0.2,0.2,0.15,60,58.89,1322,1182,63,1119,539,361,0,99,0,120,0,140,8,1330,659,460,1330,561873.39,5787.76,80,175,196,122,110,98,63,275,539,361,0,219
184859,15,-0.07,-0.02,-0.55,-0.45,1,0.2,0.2,0.15,60,53.3,1318,1178,71,1107,0,385,0,132,0,590,0,140,12,1330,590,517,1330,559795.92,5781.06,20,68,57,53,44,48,54,763,0,385,0,722
184860,15,-0.07,-0.02,-0.55,-0.45,1,0.2,0.2,0.15,60,67.95,1322,1182,68,1114,575,0,0,357,0,182,0,140,8,1330,757,357,1330,813933.54,8347.8,60,108,143,74,80,58,31,560,575,0,0,539
184861,15,-0.07,-0.02,-0.55,-0.45,2,0.1,0.1,0.15,20,70.42,1322,1182,19,1163,734,182,162,0,85,0,0,140,8,1330,819,344,1330,426332.71,4952.85,366,255,178,364,0,0,0,0,734,182,247,0
184862,15,-0.07,-0.02,-0.55,-0.45,2,0.1,0.1,0.15,20,64.03,1322,1182,31,1151,0,198,216,0,737,0,0,140,8,1330,737,414,1330,875665.06,8759.29,20,68,57,1006,0,0,0,0,0,198,953,0
184863,15,-0.07,-0.02,-0.55,-0.45,2,0.1,0.1,0.15,20,75.41,1322,1182,19,1163,768,0,286,0,109,0,0,140,8,1330,877,286,1330,595768.64,6033.96,349,196,137,481,0,0,0,0,768,0,395,0
184864,15,-0.07,-0.02,-0.55,-0.45,2,0.1,0.1,0.15,30,72.71,1322,1182,35,1147,802,245,68,0,32,0,0,140,8,1330,834,313,1330,409984.92,5130.93,366,255,178,117,73,158,0,0,802,245,100,0
184865,15,-0.07,-0.02,-0.55,-0.45,2,0.1,0.1,0.15,30,59.73,1320,1180,70,1110,0,290,157,0,663,0,0,140,10,1330,663,447,1330,809289.05,8367.48,20,68,57,53,44,868,0,0,0,290,820,0
184866,15,-0.07,-0.02,-0.55,-0.45,2,0.1,0.1,0.15,30,82.49,1322,1182,40,1142,888,0,200,0,54,0,0,140,8,1330,942,200,1330,736643.71,7057.23,349,196,137,86,74,300,0,0,888,0,254,0
184867,15,-0.07,-0.02,-0.55,-0.45,2,0.1,0.1,0.15,40,73.3,1322,1182,36,1146,823,272,28,6,11,6,0,140,8,1330,840,306,1330,406593.91,5186.7,366,255,178,117,73,58,31,68,823,272,39,12
184868,15,-0.07,-0.02,-0.55,-0.45,2,0.1,0.1,0.15,40,56.73,1318,1178,71,1107,0,364,95,20,192,436,0,140,12,1330,628,479,1330,814422.11,8919.98,20,68,57,53,44,48,54,763,0,364,287,456
184869,15,-0.07,-0.02,-0.55,-0.45,2,0.1,0.1,0.15,40,85.1,1322,1182,41,1141,936,0,134,36,18,17,0,140,8,1330,971,170,1330,822850.34,7559.05,349,196,137,86,74,46,27,226,936,0,152,53
184870,15,-0.07,-0.02,-0.55,-0.45,2,0.1,0.1,0.15,50,72.95,1322,1182,36,1146,823,276,0,34,0,13,0,140,8,1330,836,310,1330,399763.08,5142.95,366,255,178,117,73,58,31,68,823,276,0,47
184871,15,-0.07,-0.02,-0.55,-0.45,2,0.1,0.1,0.15,50,55.19,1318,1178,71,1107,0,385,0,111,0,611,0,140,12,1330,611,496,1330,761209.26,8511.37,20,68,57,53,44,48,54,763,0,385,0,722
184872,15,-0.07,-0.02,-0.55,-0.45,2,0.1,0.1,0.15,50,84.93,1322,1182,41,1141,936,0,0,172,0,33,0,140,8,1330,969,172,1330,795140.62,7409.51,349,196,137,86,74,46,27,226,936,0,0,205
184873,15,-0.07,-0.02,-0.55,-0.45,2,0.1,0.1,0.15,60,72.95,1322,1182,36,1146,823,276,0,34,0,13,0,140,8,1330,836,310,1330,399763.08,5142.95,366,255,178,117,73,58,31,68,823,276,0,47
184874,15,-0.07,-0.02,-0.55,-0.45,2,0.1,0.1,0.15,60,55.19,1318,1178,71,1107,0,385,0,111,0,611,0,140,12,1330,611,496,1330,761209.26,8511.37,20,68,57,53,44,48,54,763,0,385,0,722
184875,15,-0.07,-0.02,-0.55,-0.45,2,0.1,0.1,0.15,60,84.93,1322,1182,41,1141,936,0,0,172,0,33,0,140,8,1330,969,172,1330,795140.62,7409.51,349,196,137,86,74,46,27,226,936,0,0,205
184876,15,-0.07,-0.02,-0.55,-0.45,2,0.1,0.2,0.15,20,65.02,1322,1182,30,1152,397,198,205,0,352,0,0,140,8,1330,749,403,1330,722409.39,7553.93,81,182,210,679,0,0,0,0,397,198,557,0
184877,15,-0.07,-0.02,-0.55,-0.45,2,0.1,0.2,0.15,20,64.03,1322,1182,31,1151,0,198,216,0,737,0,0,140,8,1330,737,414,1330,875665.06,8759.29,20,68,57,1006,0,0,0,0,0,198,953,0
184878,15,-0.07,-0.02,-0.55,-0.45,2,0.1,0.2,0.15,20,70.31,1322,1182,30,1152,416,0,342,0,394,0,0,140,8,1330,810,342,1330,944698.95,8920.46,62,116,161,813,0,0,0,0,416,0,736,0
184879,15,-0.07,-0.02,-0.55,-0.45,2,0.1,0.2,0.15,30,63.04,1322,1182,62,1120,522,282,132,0,184,0,0,140,8,1330,706,414,1330,744208.77,8070.76,81,182,210,122,114,411,0,0,522,282,316,0
184880,15,-0.07,-0.02,-0.55,-0.45,2,0.1,0.2,0.15,30,59.73,1320,1180,70,1110,0,290,157,0,663,0,0,140,10,1330,663,447,1330,809289.05,8367.48,20,68,57,53,44,868,0,0,0,290,820,0
184881,15,-0.07,-0.02,-0.55,-0.45,2,0.1,0.2,0.15,30,73.81,1322,1182,67,1115,565,0,292,0,258,0,0,140,8,1330,823,292,1330,1173311.84,10558.52,62,116,161,77,89,610,0,0,565,0,550,0
184882,15,-0.07,-0.02,-0.55,-0.45,2,0.1,0.2,0.15,40,61.93,1322,1182,63,1119,568,343,65,18,68,57,0,140,8,1330,693,426,1330,748485.14,8274.52,81,182,210,122,114,95,69,246,568,343,133,75
184883,15,-0.07,-0.02,-0.55,-0.45,2,0.1,0.2,0.15,40,56.73,1318,1178,71,1107,0,364,95,20,192,436,0,140,12,1330,628,479,1330,814422.11,8919.98,20,68,57,53,44,48,54,763,0,364,287,456
184884,15,-0.07,-0.02,-0.55,-0.45,2,0.1,0.2,0.15,40,74.15,1322,1182,68,1114,635,0,231,57,85,106,0,140,8,1330,826,288,1330,1289239.52,11361.81,62,116,161,77,89,60,42,507,635,0,316,163
184885,15,-0.07,-0.02,-0.55,-0.45,2,0.1,0.2,0.15,50,60.68,1322,1182,63,1119,569,359,0,81,0,110,0,140,8,1330,679,440,1330,714844.15,8048.87,81,182,210,122,114,95,69,246,569,359,0,191
184886,15,-0.07,-0.02,-0.55,-0.45,2,0.1,0.2,0.15,50,55.19,1318,1178,71,1107,0,385,0,111,0,611,0,140,12,1330,611,496,1330,761209.26,8511.37,20,68,57,53,44,48,54,763,0,385,0,722
184887,15,-0.07,-0.02,-0.55,-0.45,2,0.1,0.2,0.15,50,73.43,1322,1182,68,1114,637,0,0,296,0,181,0,140,8,1330,818,296,1330,1217068.23,10927.98,62,116,161,77,89,60,42,507,637,0,0,477
184888,15,-0.07,-0.02,-0.55,-0.45,2,0.1,0.2,0.15,60,60.68,1322,1182,63,1119,569,359,0,81,0,110,0,140,8,1330,679,440,1330,714844.15,8048.87,81,182,210,122,114,95,69,246,569,359,0,191
184889,15,-0.07,-0.02,-0.55,-0.45,2,0.1,0.2,0.15,60,55.19,1318,1178,71,1107,0,385,0,111,0,611,0,140,12,1330,611,496,1330,761209.26,8511.37,20,68,57,53,44,48,54,763,0,385,0,722
184890,15,-0.07,-0.02,-0.55,-0.45,2,0.1,0.2,0.15,60,73.43,1322,1182,68,1114,637,0,0,296,0,181,0,140,8,1330,818,296,1330,1217068.23,10927.98,62,116,161,77,89,60,42,507,637,0,0,477
184891,15,-0.07,-0.02,-0.55,-0.45,2,0.2,0.1,0.15,20,67.5,1322,1182,19,1163,703,183,195,0,82,0,0,140,8,1330,785,378,1330,341861.19,3527.09,358,241,173,391,0,0,0,0,703,183,277,0
184892,15,-0.07,-0.02,-0.55,-0.45,2,0.2,0.1,0.15,20,60.47,1322,1182,31,1151,0,198,257,0,696,0,0,140,8,1330,696,455,1330,656421.5,6745.93,20,68,57,1006,0,0,0,0,0,198,953,0
184893,15,-0.07,-0.02,-0.55,-0.45,2,0.2,0.1,0.15,20,70.68,1322,1182,19,1163,726,0,341,0,96,0,0,140,8,1330,822,341,1330,441801.48,4549.78,340,181,128,514,0,0,0,0,726,0,437,0
184894,15,-0.07,-0.02,-0.55,-0.45,2,0.2,0.1,0.15,30,70.51,1322,1182,36,1146,774,248,90,0,34,0,0,140,8,1330,808,338,1330,340706.46,3522.76,358,241,173,114,74,186,0,0,774,248,124,0
184895,15,-0.07,-0.02,-0.55,-0.45,2,0.2,0.1,0.15,30,57.66,1320,1180,70,1110,0,290,180,0,640,0,0,140,10,1330,640,470,1330,572143.21,5888.63,20,68,57,53,44,868,0,0,0,290,820,0
184896,15,-0.07,-0.02,-0.55,-0.45,2,0.2,0.1,0.15,30,77.56,1322,1182,41,1141,827,0,256,0,58,0,0,140,8,1330,885,256,1330,528909.87,5448.59,340,181,128,77,58,357,0,0,827,0,314,0
184897,15,-0.07,-0.02,-0.55,-0.45,2,0.2,0.1,0.15,40,71.35,1322,1182,37,1145,797,282,36,10,12,8,0,140,8,1330,817,328,1330,339838.56,3512.3,358,241,173,114,74,62,39,84,797,282,48,18
184898,15,-0.07,-0.02,-0.55,-0.45,2,0.2,0.1,0.15,40,54.65,1318,1178,71,1107,0,364,111,27,176,429,0,140,12,1330,605,502,1330,599050.5,6187.48,20,68,57,53,44,48,54,763,0,364,287,456
184899,15,-0.07,-0.02,-0.55,-0.45,2,0.2,0.1,0.15,40,80.09,1322,1182,42,1140,875,0,169,58,14,24,0,140,8,1330,913,227,1330,568005.2,5832.37,340,181,128,77,58,43,27,286,875,0,183,82
184900,15,-0.07,-0.02,-0.55,-0.45,2,0.2,0.1,0.15,50,71.0,1322,1182,37,1145,797,287,0,45,0,16,0,140,8,1330,813,332,1330,333646.61,3449.78,358,241,173,114,74,62,39,84,797,287,0,61
184901,15,-0.07,-0.02,-0.55,-0.45,2,0.2,0.1,0.15,50,53.3,1318,1178,71,1107,0,385,0,132,0,590,0,140,12,1330,590,517,1330,559795.92,5781.06,20,68,57,53,44,48,54,763,0,385,0,722
184902,15,-0.07,-0.02,-0.55,-0.45,2,0.2,0.1,0.15,50,79.82,1322,1182,42,1140,876,0,0,230,0,34,0,140,8,1330,910,230,1330,550244.53,5644.1,340,181,128,77,58,43,27,286,876,0,0,264
184903,15,-0.07,-0.02,-0.55,-0.45,2,0.2,0.1,0.15,60,71.0,1322,1182,37,1145,797,287,0,45,0,16,0,140,8,1330,813,332,1330,333646.61,3449.78,358,241,173,114,74,62,39,84,797,287,0,61
184904,15,-0.07,-0.02,-0.55,-0.45,2,0.2,0.1,0.15,60,53.3,1318,1178,71,1107,0,385,0,132,0,590,0,140,12,1330,590,517,1330,559795.92,5781.06,20,68,57,53,44,48,54,763,0,385,0,722
184905,15,-0.07,-0.02,-0.55,-0.45,2,0.2,0.1,0.15,60,79.82,1322,1182,42,1140,876,0,0,230,0,34,0,140,8,1330,910,230,1330,550244.53,5644.1,340,181,128,77,58,43,27,286,876,0,0,264
184906,15,-0.07,-0.02,-0.55,-0.45,2,0.2,0.2,0.15,20,61.46,1322,1182,30,1152,375,198,246,0,333,0,0,140,8,1330,708,444,1330,559093.91,5759.62,80,175,196,701,0,0,0,0,375,198,579,0
184907,15,-0.07,-0.02,-0.55,-0.45,2,0.2,0.2,0.15,20,60.47,1322,1182,31,1151,0,198,257,0,696,0,0,140,8,1330,696,455,1330,656421.5,6745.93,20,68,57,1006,0,0,0,0,0,198,953,0
184908,15,-0.07,-0.02,-0.55,-0.45,2,0.2,0.2,0.15,20,64.84,1322,1182,30,1152,385,0,405,0,362,0,0,140,8,1330,747,405,1330,677148.08,6966.35,60,108,143,841,0,0,0,0,385,0,767,0
184909,15,-0.07,-0.02,-0.55,-0.45,2,0.2,0.2,0.15,30,61.25,1322,1182,62,1120,498,283,151,0,188,0,0,140,8,1330,686,434,1330,586491.64,6039.63,80,175,196,122,110,437,0,0,498,283,339,0
184910,15,-0.07,-0.02,-0.55,-0.45,2,0.2,0.2,0.15,30,57.66,1320,1180,70,1110,0,290,180,0,640,0,0,140,10,1330,640,470,1330,572143.21,5888.63,20,68,57,53,44,868,0,0,0,290,820,0
184911,15,-0.07,-0.02,-0.55,-0.45,2,0.2,0.2,0.15,30,68.79,1322,1182,67,1115,523,0,348,0,244,0,0,140,8,1330,767,348,1330,806632.18,8291.57,60,108,143,74,80,650,0,0,523,0,592,0
184912,15,-0.07,-0.02,-0.55,-0.45,2,0.2,0.2,0.15,40,60.14,1322,1182,63,1119,538,345,78,23,64,71,0,140,8,1330,673,446,1330,584010.98,6016.68,80,175,196,122,110,98,63,275,538,345,142,94
184913,15,-0.07,-0.02,-0.55,-0.45,2,0.2,0.2,0.15,40,54.65,1318,1178,71,1107,0,364,111,27,176,429,0,140,12,1330,605,502,1330,599050.5,6187.48,20,68,57,53,44,48,54,763,0,364,287,456
184914,15,-0.07,-0.02,-0.55,-0.45,2,0.2,0.2,0.15,40,69.3,1322,1182,68,1114,574,0,261,81,72,126,0,140,8,1330,772,342,1330,857683.36,8808.88,60,108,143,74,80,58,31,560,574,0,333,207
184915,15,-0.07,-0.02,-0.55,-0.45,2,0.2,0.2,0.15,50,58.89,1322,1182,63,1119,539,361,0,99,0,120,0,140,8,1330,659,460,1330,561873.39,5787.76,80,175,196,122,110,98,63,275,539,361,0,219
184916,15,-0.07,-0.02,-0.55,-0.45,2,0.2,0.2,0.15,50,53.3,1318,1178,71,1107,0,385,0,132,0,590,0,140,12,1330,590,517,1330,559795.92,5781.06,20,68,57,53,44,48,54,763,0,385,0,722
184917,15,-0.07,-0.02,-0.55,-0.45,2,0.2,0.2,0.15,50,67.95,1322,1182,68,1114,575,0,0,357,0,182,0,140,8,1330,757,357,1330,813933.54,8347.8,60,108,143,74,80,58,31,560,575,0,0,539
184918,15,-0.07,-0.02,-0.55,-0.45,2,0.2,0.2,0.15,60,58.89,1322,1182,63,1119,539,361,0,99,0,120,0,140,8,1330,659,460,1330,561873.39,5787.76,80,175,196,122,110,98,63,275,539,361,0,219
184919,15,-0.07,-0.02,-0.55,-0.45,2,0.2,0.2,0.15,60,53.3,1318,1178,71,1107,0,385,0,132,0,590,0,140,12,1330,590,517,1330,559795.92,5781.06,20,68,57,53,44,48,54,763,0,385,0,722
184920,15,-0.07,-0.02,-0.55,-0.45,2,0.2,0.2,0.15,60,67.95,1322,1182,68,1114,575,0,0,357,0,182,0,140,8,1330,757,357,1330,813933.54,8347.8,60,108,143,74,80,58,31,560,575,0,0,539
184921,15,-0.07,-0.02,-0.55,-0.4,1,0.1,0.1,0.15,20,66.6,2257,2064,43,2021,1167,313,362,0,179,0,0,193,12,2269,1346,675,2269,547769.55,5628.5,583,396,299,743,0,0,0,0,1167,313,541,0
184922,15,-0.07,-0.02,-0.55,-0.4,1,0.1,0.1,0.15,20,60.14,2257,2064,62,2002,0,334,464,0,1204,0,0,193,12,2269,1204,798,2269,974104.24,10027.57,36,115,98,1753,0,0,0,0,0,334,1668,0
184923,15,-0.07,-0.02,-0.55,-0.4,1,0.1,0.1,0.15,20,69.99,2255,2062,43,2019,1209,0,606,0,204,0,0,193,14,2269,1413,606,2269,743692.61,7641.05,549,291,222,957,0,0,0,0,1209,0,810,0
184924,15,-0.07,-0.02,-0.55,-0.4,1,0.1,0.1,0.15,30,69.08,2257,2064,72,1992,1305,431,185,0,71,0,0,193,12,2269,1376,616,2269,541927.68,5576.04,583,396,299,202,144,368,0,0,1305,431,256,0
184925,15,-0.07,-0.02,-0.55,-0.4,1,0.1,0.1,0.15,30,55.94,2254,2061,134,1927,0,499,350,0,1078,0,0,193,15,2269,1078,849,2269,833759.13,8595.34,36,115,98,85,86,1507,0,0,0,499,1428,0
184926,15,-0.07,-0.02,-0.55,-0.4,1,0.1,0.1,0.15,30,76.51,2255,2062,78,1984,1403,0,466,0,115,0,0,193,14,2269,1518,466,2269,895494.83,9201.2,549,291,222,147,115,660,0,0,1403,0,581,0
184927,15,-0.07,-0.02,-0.55,-0.4,1,0.1,0.1,0.15,40,69.6,2257,2064,74,1990,1344,496,86,23,26,15,0,193,12,2269,1385,605,2269,528666.01,5440.08,583,396,299,202,144,112,66,188,1344,496,112,38
184928,15,-0.07,-0.02,-0.55,-0.4,1,0.1,0.1,0.15,40,52.76,2252,2059,137,1922,0,624,230,54,289,725,0,193,17,2269,1014,908,2269,856960.12,8854.72,36,115,98,85,86,79,87,1336,0,624,519,779
184929,15,-0.07,-0.02,-0.55,-0.4,1,0.1,0.1,0.15,40,78.66,2255,2062,80,1982,1484,0,305,118,30,45,0,193,14,2269,1559,423,2269,953783.07,9788.76,549,291,222,147,115,79,44,535,1484,0,335,163
184930,15,-0.07,-0.02,-0.55,-0.4,1,0.1,0.1,0.15,50,69.3,2257,2064,74,1990,1347,508,0,103,0,32,0,193,12,2269,1379,611,2269,516588.6,5316.94,583,396,299,202,144,112,66,188,1347,508,0,135
184931,15,-0.07,-0.02,-0.55,-0.4,1,0.1,0.1,0.15,50,51.25,2252,2059,137,1922,0,659,0,278,0,985,0,193,17,2269,985,937,2269,791302.54,8172.02,36,115,98,85,86,79,87,1336,0,659,0,1263
184932,15,-0.07,-0.02,-0.55,-0.4,1,0.1,0.1,0.15,50,78.36,2255,2062,80,1982,1488,0,0,429,0,65,0,193,14,2269,1553,429,2269,919600.13,9432.38,549,291,222,147,115,79,44,535,1488,0,0,494
184933,15,-0.07,-0.02,-0.55,-0.4,1,0.1,0.1,0.15,60,69.3,2257,2064,74,1990,1347,508,0,103,0,32,0,193,12,2269,1379,611,2269,516588.6,5316.94,583,396,299,202,144,112,66,188,1347,508,0,135
184934,15,-0.07,-0.02,-0.55,-0.4,1,0.1,0.1,0.15,60,51.25,2252,2059,137,1922,0,659,0,278,0,985,0,193,17,2269,985,937,2269,791302.54,8172.02,36,115,98,85,86,79,87,1336,0,659,0,1263
184935,15,-0.07,-0.02,-0.55,-0.4,1,0.1,0.1,0.15,60,78.36,2255,2062,80,1982,1488,0,0,429,0,65,0,193,14,2269,1553,429,2269,919600.13,9432.38,549,291,222,147,115,79,44,535,1488,0,0,494
184936,15,-0.07,-0.02,-0.55,-0.4,1,0.1,0.2,0.15,20,60.88,2257,2064,60,2004,574,333,451,0,646,0,0,193,12,2269,1220,784,2269,863608.14,8885.47,129,295,295,1285,0,0,0,0,574,333,1097,0
184937,15,-0.07,-0.02,-0.55,-0.4,1,0.1,0.2,0.15,20,60.14,2257,2064,62,2002,0,334,464,0,1204,0,0,193,12,2269,1204,798,2269,974104.24,10027.57,36,115,98,1753,0,0,0,0,0,334,1668,0
184938,15,-0.07,-0.02,-0.55,-0.4,1,0.1,0.2,0.15,20,64.39,2255,2062,60,2002,590,0,713,0,699,0,0,193,14,2269,1289,713,2269,1082851.36,11140.62,93,182,202,1525,0,0,0,0,590,0,1412,0
184939,15,-0.07,-0.02,-0.55,-0.4,1,0.1,0.2,0.15,30,58.97,2257,2064,119,1945,780,490,308,0,367,0,0,193,12,2269,1147,798,2269,852979.14,8785.08,129,295,295,188,196,842,0,0,780,490,675,0
184940,15,-0.07,-0.02,-0.55,-0.4,1,0.1,0.2,0.15,30,55.94,2254,2061,134,1927,0,499,350,0,1078,0,0,193,15,2269,1078,849,2269,833759.13,8595.34,36,115,98,85,86,1507,0,0,0,499,1428,0
184941,15,-0.07,-0.02,-0.55,-0.4,1,0.1,0.2,0.15,30,66.8,2255,2062,125,1937,826,0,643,0,468,0,0,193,14,2269,1294,643,2269,1265049.55,13010.59,93,182,202,113,133,1214,0,0,826,0,1111,0
184942,15,-0.07,-0.02,-0.55,-0.4,1,0.1,0.2,0.15,40,57.52,2257,2064,122,1942,860,597,181,47,116,141,0,193,12,2269,1117,825,2269,849726.31,8755.25,129,295,295,188,196,167,123,549,860,597,297,188
184943,15,-0.07,-0.02,-0.55,-0.4,1,0.1,0.2,0.15,40,52.76,2252,2059,137,1922,0,624,230,54,289,725,0,193,17,2269,1014,908,2269,856960.12,8854.72,36,115,98,85,86,79,87,1336,0,624,519,779
184944,15,-0.07,-0.02,-0.55,-0.4,1,0.1,0.2,0.15,40,66.96,2255,2062,128,1934,930,0,480,159,130,235,0,193,14,2269,1295,639,2269,1362933.95,14016.26,93,182,202,113,133,103,70,1038,930,0,610,394
184945,15,-0.07,-0.02,-0.55,-0.4,1,0.1,0.2,0.15,50,56.44,2257,2064,122,1942,861,626,0,220,0,235,0,193,12,2269,1096,846,2269,814823.43,8393.61,129,295,295,188,196,167,123,549,861,626,0,455
184946,15,-0.07,-0.02,-0.55,-0.4,1,0.1,0.2,0.15,50,51.25,2252,2059,137,1922,0,659,0,278,0,985,0,193,17,2269,985,937,2269,791302.54,8172.02,36,115,98,85,86,79,87,1336,0,659,0,1263
184947,15,-0.07,-0.02,-0.55,-0.4,1,0.1,0.2,0.15,50,65.72,2255,2062,128,1934,931,0,0,663,0,340,0,193,14,2269,1271,663,2269,1288983.67,13244.89,93,182,202,113,133,103,70,1038,931,0,0,1003
184948,15,-0.07,-0.02,-0.55,-0.4,1,0.1,0.2,0.15,60,56.44,2257,2064,122,1942,861,626,0,220,0,235,0,193,12,2269,1096,846,2269,814823.43,8393.61,129,295,295,188,196,167,123,549,861,626,0,455
184949,15,-0.07,-0.02,-0.55,-0.4,1,0.1,0.2,0.15,60,51.25,2252,2059,137,1922,0,659,0,278,0,985,0,193,17,2269,985,937,2269,791302.54,8172.02,36,115,98,85,86,79,87,1336,0,659,0,1263
184950,15,-0.07,-0.02,-0.55,-0.4,1,0.1,0.2,0.15,60,65.72,2255,2062,128,1934,931,0,0,663,0,340,0,193,14,2269,1271,663,2269,1288983.67,13244.89,93,182,202,113,133,103,70,1038,931,0,0,1003
184951,15,-0.07,-0.02,-0.55,-0.4,1,0.2,0.1,0.15,20,66.6,2257,2064,43,2021,1167,313,362,0,179,0,0,193,12,2269,1346,675,2269,547769.55,5628.5,583,396,299,743,0,0,0,0,1167,313,541,0
184952,15,-0.07,-0.02,-0.55,-0.4,1,0.2,0.1,0.15,20,60.14,2257,2064,62,2002,0,334,464,0,1204,0,0,193,12,2269,1204,798,2269,974104.24,10027.57,36,115,98,1753,0,0,0,0,0,334,1668,0
184953,15,-0.07,-0.02,-0.55,-0.4,1,0.2,0.1,0.15,20,69.99,2255,2062,43,2019,1209,0,606,0,204,0,0,193,14,2269,1413,606,2269,743692.61,7641.05,549,291,222,957,0,0,0,0,1209,0,810,0
184954,15,-0.07,-0.02,-0.55,-0.4,1,0.2,0.1,0.15,30,69.08,2257,2064,72,1992,1305,431,185,0,71,0,0,193,12,2269,1376,616,2269,541927.68,5576.04,583,396,299,202,144,368,0,0,1305,431,256,0
184955,15,-0.07,-0.02,-0.55,-0.4,1,0.2,0.1,0.15,30,55.94,2254,2061,134,1927,0,499,350,0,1078,0,0,193,15,2269,1078,849,2269,833759.13,8595.34,36,115,98,85,86,1507,0,0,0,499,1428,0
184956,15,-0.07,-0.02,-0.55,-0.4,1,0.2,0.1,0.15,30,76.51,2255,2062,78,1984,1403,0,466,0,115,0,0,193,14,2269,1518,466,2269,895494.83,9201.2,549,291,222,147,115,660,0,0,1403,0,581,0
184957,15,-0.07,-0.02,-0.55,-0.4,1,0.2,0.1,0.15,40,69.6,2257,2064,74,1990,1344,496,86,23,26,15,0,193,12,2269,1385,605,2269,528666.01,5440.08,583,396,299,202,144,112,66,188,1344,496,112,38
184958,15,-0.07,-0.02,-0.55,-0.4,1,0.2,0.1,0.15,40,52.76,2252,2059,137,1922,0,624,230,54,289,725,0,193,17,2269,1014,908,2269,856960.12,8854.72,36,115,98,85,86,79,87,1336,0,624,519,779
184959,15,-0.07,-0.02,-0.55,-0.4,1,0.2,0.1,0.15,40,78.66,2255,2062,80,1982,1484,0,305,118,30,45,0,193,14,2269,1559,423,2269,953783.07,9788.76,549,291,222,147,115,79,44,535,1484,0,335,163
184960,15,-0.07,-0.02,-0.55,-0.4,1,0.2,0.1,0.15,50,69.3,2257,2064,74,1990,1347,508,0,103,0,32,0,193,12,2269,1379,611,2269,516588.6,5316.94,583,396,299,202,144,112,66,188,1347,508,0,135
184961,15,-0.07,-0.02,-0.55,-0.4,1,0.2,0.1,0.15,50,51.25,2252,2059,137,1922,0,659,0,278,0,985,0,193,17,2269,985,937,2269,791302.54,8172.02,36,115,98,85,86,79,87,1336,0,659,0,1263
184962,15,-0.07,-0.02,-0.55,-0.4,1,0.2,0.1,0.15,50,78.36,2255,2062,80,1982,1488,0,0,429,0,65,0,193,14,2269,1553,429,2269,919600.13,9432.38,549,291,222,147,115,79,44,535,1488,0,0,494
184963,15,-0.07,-0.02,-0.55,-0.4,1,0.2,0.1,0.15,60,69.3,2257,2064,74,1990,1347,508,0,103,0,32,0,193,12,2269,1379,611,2269,516588.6,5316.94,583,396,299,202,144,112,66,188,1347,508,0,135
184964,15,-0.07,-0.02,-0.55,-0.4,1,0.2,0.1,0.15,60,51.25,2252,2059,137,1922,0,659,0,278,0,985,0,193,17,2269,985,937,2269,791302.54,8172.02,36,115,98,85,86,79,87,1336,0,659,0,1263
184965,15,-0.07,-0.02,-0.55,-0.4,1,0.2,0.1,0.15,60,78.36,2255,2062,80,1982,1488,0,0,429,0,65,0,193,14,2269,1553,429,2269,919600.13,9432.38,549,291,222,147,115,79,44,535,1488,0,0,494
184966,15,-0.07,-0.02,-0.55,-0.4,1,0.2,0.2,0.15,20,60.88,2257,2064,60,2004,574,333,451,0,646,0,0,193,12,2269,1220,784,2269,863608.14,8885.47,129,295,295,1285,0,0,0,0,574,333,1097,0
184967,15,-0.07,-0.02,-0.55,-0.4,1,0.2,0.2,0.15,20,60.14,2257,2064,62,2002,0,334,464,0,1204,0,0,193,12,2269,1204,798,2269,974104.24,10027.57,36,115,98,1753,0,0,0,0,0,334,1668,0
184968,15,-0.07,-0.02,-0.55,-0.4,1,0.2,0.2,0.15,20,64.39,2255,2062,60,2002,590,0,713,0,699,0,0,193,14,2269,1289,713,2269,1082851.36,11140.62,93,182,202,1525,0,0,0,0,590,0,1412,0
184969,15,-0.07,-0.02,-0.55,-0.4,1,0.2,0.2,0.15,30,58.97,2257,2064,119,1945,780,490,308,0,367,0,0,193,12,2269,1147,798,2269,852979.14,8785.08,129,295,295,188,196,842,0,0,780,490,675,0
184970,15,-0.07,-0.02,-0.55,-0.4,1,0.2,0.2,0.15,30,55.94,2254,2061,134,1927,0,499,350,0,1078,0,0,193,15,2269,1078,849,2269,833759.13,8595.34,36,115,98,85,86,1507,0,0,0,499,1428,0
184971,15,-0.07,-0.02,-0.55,-0.4,1,0.2,0.2,0.15,30,66.8,2255,2062,125,1937,826,0,643,0,468,0,0,193,14,2269,1294,643,2269,1265049.55,13010.59,93,182,202,113,133,1214,0,0,826,0,1111,0
184972,15,-0.07,-0.02,-0.55,-0.4,1,0.2,0.2,0.15,40,57.52,2257,2064,122,1942,860,597,181,47,116,141,0,193,12,2269,1117,825,2269,849726.31,8755.25,129,295,295,188,196,167,123,549,860,597,297,188
184973,15,-0.07,-0.02,-0.55,-0.4,1,0.2,0.2,0.15,40,52.76,2252,2059,137,1922,0,624,230,54,289,725,0,193,17,2269,1014,908,2269,856960.12,8854.72,36,115,98,85,86,79,87,1336,0,624,519,779
184974,15,-0.07,-0.02,-0.55,-0.4,1,0.2,0.2,0.15,40,66.96,2255,2062,128,1934,930,0,480,159,130,235,0,193,14,2269,1295,639,2269,1362933.95,14016.26,93,182,202,113,133,103,70,1038,930,0,610,394
184975,15,-0.07,-0.02,-0.55,-0.4,1,0.2,0.2,0.15,50,56.44,2257,2064,122,1942,861,626,0,220,0,235,0,193,12,2269,1096,846,2269,814823.43,8393.61,129,295,295,188,196,167,123,549,861,626,0,455
184976,15,-0.07,-0.02,-0.55,-0.4,1,0.2,0.2,0.15,50,51.25,2252,2059,137,1922,0,659,0,278,0,985,0,193,17,2269,985,937,2269,791302.54,8172.02,36,115,98,85,86,79,87,1336,0,659,0,1263
184977,15,-0.07,-0.02,-0.55,-0.4,1,0.2,0.2,0.15,50,65.72,2255,2062,128,1934,931,0,0,663,0,340,0,193,14,2269,1271,663,2269,1288983.67,13244.89,93,182,202,113,133,103,70,1038,931,0,0,1003
184978,15,-0.07,-0.02,-0.55,-0.4,1,0.2,0.2,0.15,60,56.44,2257,2064,122,1942,861,626,0,220,0,235,0,193,12,2269,1096,846,2269,814823.43,8393.61,129,295,295,188,196,167,123,549,861,626,0,455
184979,15,-0.07,-0.02,-0.55,-0.4,1,0.2,0.2,0.15,60,51.25,2252,2059,137,1922,0,659,0,278,0,985,0,193,17,2269,985,937,2269,791302.54,8172.02,36,115,98,85,86,79,87,1336,0,659,0,1263
184980,15,-0.07,-0.02,-0.55,-0.4,1,0.2,0.2,0.15,60,65.72,2255,2062,128,1934,931,0,0,663,0,340,0,193,14,2269,1271,663,2269,1288983.67,13244.89,93,182,202,113,133,103,70,1038,931,0,0,1003
184981,15,-0.07,-0.02,-0.55,-0.4,2,0.1,0.1,0.15,20,70.06,2257,2064,43,2021,1232,310,295,0,184,0,0,193,12,2269,1416,605,2269,725770.91,8320.81,606,418,319,678,0,0,0,0,1232,310,479,0
184982,15,-0.07,-0.02,-0.55,-0.4,2,0.1,0.1,0.15,20,63.89,2257,2064,62,2002,0,334,389,0,1279,0,0,193,12,2269,1279,723,2269,1352889.76,13646.01,36,115,98,1753,0,0,0,0,0,334,1668,0
184983,15,-0.07,-0.02,-0.55,-0.4,2,0.1,0.1,0.15,20,75.73,2255,2062,43,2019,1298,0,490,0,231,0,0,193,14,2269,1529,490,2269,1071226.66,10426.15,573,317,254,875,0,0,0,0,1298,0,721,0
184984,15,-0.07,-0.02,-0.55,-0.4,2,0.1,0.1,0.15,30,71.56,2257,2064,70,1994,1362,420,147,0,65,0,0,193,12,2269,1427,567,2269,694797.94,8565.98,606,418,319,199,141,311,0,0,1362,420,212,0
184985,15,-0.07,-0.02,-0.55,-0.4,2,0.1,0.1,0.15,30,58.12,2254,2061,134,1927,0,499,308,0,1120,0,0,193,15,2269,1120,807,2269,1259523.64,13029.72,36,115,98,85,86,1507,0,0,0,499,1428,0
184986,15,-0.07,-0.02,-0.55,-0.4,2,0.1,0.1,0.15,30,81.52,2255,2062,76,1986,1516,0,367,0,103,0,0,193,14,2269,1619,367,2269,1315285.35,12139.97,573,317,254,154,140,548,0,0,1516,0,470,0
184987,15,-0.07,-0.02,-0.55,-0.4,2,0.1,0.1,0.15,40,72.29,2257,2064,72,1992,1399,475,65,12,29,12,0,193,12,2269,1440,552,2269,679879.99,8618.24,606,418,319,199,141,99,55,155,1399,475,94,24
184988,15,-0.07,-0.02,-0.55,-0.4,2,0.1,0.1,0.15,40,55.46,2252,2059,137,1922,0,624,195,37,324,742,0,193,17,2269,1066,856,2269,1258905.19,13766.03,36,115,98,85,86,79,87,1336,0,624,519,779
184989,15,-0.07,-0.02,-0.55,-0.4,2,0.1,0.1,0.15,40,84.38,2255,2062,78,1984,1600,0,244,66,41,33,0,193,14,2269,1674,310,2269,1448447.47,12948.32,573,317,254,154,140,78,45,423,1600,0,285,99
184990,15,-0.07,-0.02,-0.55,-0.4,2,0.1,0.1,0.15,50,71.84,2257,2064,72,1992,1402,486,0,75,0,29,0,193,12,2269,1431,561,2269,663316.9,8524.51,606,418,319,199,141,99,55,155,1402,486,0,104
184991,15,-0.07,-0.02,-0.55,-0.4,2,0.1,0.1,0.15,50,53.64,2252,2059,137,1922,0,659,0,232,0,1031,0,193,17,2269,1031,891,2269,1168175.13,13100.7,36,115,98,85,86,79,87,1336,0,659,0,1263
184992,15,-0.07,-0.02,-0.55,-0.4,2,0.1,0.1,0.15,50,84.27,2255,2062,78,1984,1603,0,0,312,0,69,0,193,14,2269,1672,312,2269,1392834.04,12657.56,573,317,254,154,140,78,45,423,1603,0,0,381
184993,15,-0.07,-0.02,-0.55,-0.4,2,0.1,0.1,0.15,60,71.84,2257,2064,72,1992,1402,486,0,75,0,29,0,193,12,2269,1431,561,2269,663316.9,8524.51,606,418,319,199,141,99,55,155,1402,486,0,104
184994,15,-0.07,-0.02,-0.55,-0.4,2,0.1,0.1,0.15,60,53.64,2252,2059,137,1922,0,659,0,232,0,1031,0,193,17,2269,1031,891,2269,1168175.13,13100.7,36,115,98,85,86,79,87,1336,0,659,0,1263
184995,15,-0.07,-0.02,-0.55,-0.4,2,0.1,0.1,0.15,60,84.27,2255,2062,78,1984,1603,0,0,312,0,69,0,193,14,2269,1672,312,2269,1392834.04,12657.56,573,317,254,154,140,78,45,423,1603,0,0,381
184996,15,-0.07,-0.02,-0.55,-0.4,2,0.1,0.2,0.15,20,64.72,2257,2064,60,2004,625,332,375,0,672,0,0,193,12,2269,1297,707,2269,1192032.68,12299.13,131,304,319,1250,0,0,0,0,625,332,1047,0
184997,15,-0.07,-0.02,-0.55,-0.4,2,0.1,0.2,0.15,20,63.89,2257,2064,62,2002,0,334,389,0,1279,0,0,193,12,2269,1279,723,2269,1352889.76,13646.01,36,115,98,1753,0,0,0,0,0,334,1668,0
184998,15,-0.07,-0.02,-0.55,-0.4,2,0.1,0.2,0.15,20,70.58,2255,2062,60,2002,656,0,589,0,757,0,0,193,14,2269,1413,589,2269,1616146.09,14839.68,96,192,231,1483,0,0,0,0,656,0,1346,0
184999,15,-0.07,-0.02,-0.55,-0.4,2,0.1,0.2,0.15,30,61.23,2257,2064,119,1945,837,486,268,0,354,0,0,193,12,2269,1191,754,2269,1191786.74,12752.48,131,304,319,203,204,784,0,0,837,486,622,0
185000,15,-0.07,-0.02,-0.55,-0.4,2,0.1,0.2,0.15,30,58.12,2254,2061,134,1927,0,499,308,0,1120,0,0,193,15,2269,1120,807,2269,1259523.64,13029.72,36,115,98,85,86,1507,0,0,0,499,1428,0
185001,15,-0.07,-0.02,-0.55,-0.4,2,0.1,0.2,0.15,30,72.07,2255,2062,125,1937,915,0,541,0,481,0,0,193,14,2269,1396,541,2269,1997598.88,17331.37,96,192,231,137,148,1133,0,0,915,0,1022,0
185002,15,-0.07,-0.02,-0.55,-0.4,2,0.1,0.2,0.15,40,60.25,2257,2064,122,1942,919,590,149,33,131,120,0,193,12,2269,1170,772,2269,1191216.48,13078.16,131,304,319,203,204,162,121,498,919,590,280,153
185003,15,-0.07,-0.02,-0.55,-0.4,2,0.1,0.2,0.15,40,55.46,2252,2059,137,1922,0,624,195,37,324,742,0,193,17,2269,1066,856,2269,1258905.19,13766.03,36,115,98,85,86,79,87,1336,0,624,519,779
185004,15,-0.07,-0.02,-0.55,-0.4,2,0.1,0.2,0.15,40,72.91,2255,2062,128,1934,1039,0,417,107,160,211,0,193,14,2269,1410,524,2269,2195077.74,18733.39,96,192,231,137,148,111,79,940,1039,0,577,318
185005,15,-0.07,-0.02,-0.55,-0.4,2,0.1,0.2,0.15,50,59.01,2257,2064,122,1942,920,619,0,177,0,226,0,193,12,2269,1146,796,2269,1142309.62,12759.0,131,304,319,203,204,162,121,498,920,619,0,403
185006,15,-0.07,-0.02,-0.55,-0.4,2,0.1,0.2,0.15,50,53.64,2252,2059,137,1922,0,659,0,232,0,1031,0,193,17,2269,1031,891,2269,1168175.13,13100.7,36,115,98,85,86,79,87,1336,0,659,0,1263
185007,15,-0.07,-0.02,-0.55,-0.4,2,0.1,0.2,0.15,50,72.23,2255,2062,128,1934,1041,0,0,537,0,356,0,193,14,2269,1397,537,2269,2074236.66,18036.23,96,192,231,137,148,111,79,940,1041,0,0,893
185008,15,-0.07,-0.02,-0.55,-0.4,2,0.1,0.2,0.15,60,59.01,2257,2064,122,1942,920,619,0,177,0,226,0,193,12,2269,1146,796,2269,1142309.62,12759.0,131,304,319,203,204,162,121,498,920,619,0,403
185009,15,-0.07,-0.02,-0.55,-0.4,2,0.1,0.2,0.15,60,53.64,2252,2059,137,1922,0,659,0,232,0,1031,0,193,17,2269,1031,891,2269,1168175.13,13100.7,36,115,98,85,86,79,87,1336,0,659,0,1263
185010,15,-0.07,-0.02,-0.55,-0.4,2,0.1,0.2,0.15,60,72.23,2255,2062,128,1934,1041,0,0,537,0,356,0,193,14,2269,1397,537,2269,2074236.66,18036.23,96,192,231,137,148,111,79,940,1041,0,0,893
185011,15,-0.07,-0.02,-0.55,-0.4,2,0.2,0.1,0.15,20,66.6,2257,2064,43,2021,1167,313,362,0,179,0,0,193,12,2269,1346,675,2269,547769.55,5628.5,583,396,299,743,0,0,0,0,1167,313,541,0
185012,15,-0.07,-0.02,-0.55,-0.4,2,0.2,0.1,0.15,20,60.14,2257,2064,62,2002,0,334,464,0,1204,0,0,193,12,2269,1204,798,2269,974104.24,10027.57,36,115,98,1753,0,0,0,0,0,334,1668,0
185013,15,-0.07,-0.02,-0.55,-0.4,2,0.2,0.1,0.15,20,69.99,2255,2062,43,2019,1209,0,606,0,204,0,0,193,14,2269,1413,606,2269,743692.61,7641.05,549,291,222,957,0,0,0,0,1209,0,810,0
185014,15,-0.07,-0.02,-0.55,-0.4,2,0.2,0.1,0.15,30,69.08,2257,2064,72,1992,1305,431,185,0,71,0,0,193,12,2269,1376,616,2269,541927.68,5576.04,583,396,299,202,144,368,0,0,1305,431,256,0
185015,15,-0.07,-0.02,-0.55,-0.4,2,0.2,0.1,0.15,30,55.94,2254,2061,134,1927,0,499,350,0,1078,0,0,193,15,2269,1078,849,2269,833759.13,8595.34,36,115,98,85,86,1507,0,0,0,499,1428,0
185016,15,-0.07,-0.02,-0.55,-0.4,2,0.2,0.1,0.15,30,76.51,2255,2062,78,1984,1403,0,466,0,115,0,0,193,14,2269,1518,466,2269,895494.83,9201.2,549,291,222,147,115,660,0,0,1403,0,581,0
185017,15,-0.07,-0.02,-0.55,-0.4,2,0.2,0.1,0.15,40,69.6,2257,2064,74,1990,1344,496,86,23,26,15,0,193,12,2269,1385,605,2269,528666.01,5440.08,583,396,299,202,144,112,66,188,1344,496,112,38
185018,15,-0.07,-0.02,-0.55,-0.4,2,0.2,0.1,0.15,40,52.76,2252,2059,137,1922,0,624,230,54,289,725,0,193,17,2269,1014,908,2269,856960.12,8854.72,36,115,98,85,86,79,87,1336,0,624,519,779
185019,15,-0.07,-0.02,-0.55,-0.4,2,0.2,0.1,0.15,40,78.66,2255,2062,80,1982,1484,0,305,118,30,45,0,193,14,2269,1559,423,2269,953783.07,9788.76,549,291,222,147,115,79,44,535,1484,0,335,163
185020,15,-0.07,-0.02,-0.55,-0.4,2,0.2,0.1,0.15,50,69.3,2257,2064,74,1990,1347,508,0,103,0,32,0,193,12,2269,1379,611,2269,516588.6,5316.94,583,396,299,202,144,112,66,188,1347,508,0,135
185021,15,-0.07,-0.02,-0.55,-0.4,2,0.2,0.1,0.15,50,51.25,2252,2059,137,1922,0,659,0,278,0,985,0,193,17,2269,985,937,2269,791302.54,8172.02,36,115,98,85,86,79,87,1336,0,659,0,1263
185022,15,-0.07,-0.02,-0.55,-0.4,2,0.2,0.1,0.15,50,78.36,2255,2062,80,1982,1488,0,0,429,0,65,0,193,14,2269,1553,429,2269,919600.13,9432.38,549,291,222,147,115,79,44,535,1488,0,0,494
185023,15,-0.07,-0.02,-0.55,-0.4,2,0.2,0.1,0.15,60,69.3,2257,2064,74,1990,1347,508,0,103,0,32,0,193,12,2269,1379,611,2269,516588.6,5316.94,583,396,299,202,144,112,66,188,1347,508,0,135
185024,15,-0.07,-0.02,-0.55,-0.4,2,0.2,0.1,0.15,60,51.25,2252,2059,137,1922,0,659,0,278,0,985,0,193,17,2269,985,937,2269,791302.54,8172.02,36,115,98,85,86,79,87,1336,0,659,0,1263
185025,15,-0.07,-0.02,-0.55,-0.4,2,0.2,0.1,0.15,60,78.36,2255,2062,80,1982,1488,0,0,429,0,65,0,193,14,2269,1553,429,2269,919600.13,9432.38,549,291,222,147,115,79,44,535,1488,0,0,494
185026,15,-0.07,-0.02,-0.55,-0.4,2,0.2,0.2,0.15,20,60.88,2257,2064,60,2004,574,333,451,0,646,0,0,193,12,2269,1220,784,2269,863608.14,8885.47,129,295,295,1285,0,0,0,0,574,333,1097,0
185027,15,-0.07,-0.02,-0.55,-0.4,2,0.2,0.2,0.15,20,60.14,2257,2064,62,2002,0,334,464,0,1204,0,0,193,12,2269,1204,798,2269,974104.24,10027.57,36,115,98,1753,0,0,0,0,0,334,1668,0
185028,15,-0.07,-0.02,-0.55,-0.4,2,0.2,0.2,0.15,20,64.39,2255,2062,60,2002,590,0,713,0,699,0,0,193,14,2269,1289,713,2269,1082851.36,11140.62,93,182,202,1525,0,0,0,0,590,0,1412,0
185029,15,-0.07,-0.02,-0.55,-0.4,2,0.2,0.2,0.15,30,58.97,2257,2064,119,1945,780,490,308,0,367,0,0,193,12,2269,1147,798,2269,852979.14,8785.08,129,295,295,188,196,842,0,0,780,490,675,0
185030,15,-0.07,-0.02,-0.55,-0.4,2,0.2,0.2,0.15,30,55.94,2254,2061,134,1927,0,499,350,0,1078,0,0,193,15,2269,1078,849,2269,833759.13,8595.34,36,115,98,85,86,1507,0,0,0,499,1428,0
185031,15,-0.07,-0.02,-0.55,-0.4,2,0.2,0.2,0.15,30,66.8,2255,2062,125,1937,826,0,643,0,468,0,0,193,14,2269,1294,643,2269,1265049.55,13010.59,93,182,202,113,133,1214,0,0,826,0,1111,0
185032,15,-0.07,-0.02,-0.55,-0.4,2,0.2,0.2,0.15,40,57.52,2257,2064,122,1942,860,597,181,47,116,141,0,193,12,2269,1117,825,2269,849726.31,8755.25,129,295,295,188,196,167,123,549,860,597,297,188
185033,15,-0.07,-0.02,-0.55,-0.4,2,0.2,0.2,0.15,40,52.76,2252,2059,137,1922,0,624,230,54,289,725,0,193,17,2269,1014,908,2269,856960.12,8854.72,36,115,98,85,86,79,87,1336,0,624,519,779
185034,15,-0.07,-0.02,-0.55,-0.4,2,0.2,0.2,0.15,40,66.96,2255,2062,128,1934,930,0,480,159,130,235,0,193,14,2269,1295,639,2269,1362933.95,14016.26,93,182,202,113,133,103,70,1038,930,0,610,394
185035,15,-0.07,-0.02,-0.55,-0.4,2,0.2,0.2,0.15,50,56.44,2257,2064,122,1942,861,626,0,220,0,235,0,193,12,2269,1096,846,2269,814823.43,8393.61,129,295,295,188,196,167,123,549,861,626,0,455
185036,15,-0.07,-0.02,-0.55,-0.4,2,0.2,0.2,0.15,50,51.25,2252,2059,137,1922,0,659,0,278,0,985,0,193,17,2269,985,937,2269,791302.54,8172.02,36,115,98,85,86,79,87,1336,0,659,0,1263
185037,15,-0.07,-0.02,-0.55,-0.4,2,0.2,0.2,0.15,50,65.72,2255,2062,128,1934,931,0,0,663,0,340,0,193,14,2269,1271,663,2269,1288983.67,13244.89,93,182,202,113,133,103,70,1038,931,0,0,1003
185038,15,-0.07,-0.02,-0.55,-0.4,2,0.2,0.2,0.15,60,56.44,2257,2064,122,1942,861,626,0,220,0,235,0,193,12,2269,1096,846,2269,814823.43,8393.61,129,295,295,188,196,167,123,549,861,626,0,455
185039,15,-0.07,-0.02,-0.55,-0.4,2,0.2,0.2,0.15,60,51.25,2252,2059,137,1922,0,659,0,278,0,985,0,193,17,2269,985,937,2269,791302.54,8172.02,36,115,98,85,86,79,87,1336,0,659,0,1263
185040,15,-0.07,-0.02,-0.55,-0.4,2,0.2,0.2,0.15,60,65.72,2255,2062,128,1934,931,0,0,663,0,340,0,193,14,2269,1271,663,2269,1288983.67,13244.89,93,182,202,113,133,103,70,1038,931,0,0,1003
185041,15,-0.07,-0.02,-0.55,-0.35,1,0.1,0.1,0.15,20,65.63,3311,3080,60,3020,1698,459,579,0,284,0,0,231,23,3334,1982,1038,3334,775805.34,7994.05,845,577,462,1136,0,0,0,0,1698,459,863,0
185042,15,-0.07,-0.02,-0.55,-0.35,1,0.1,0.1,0.15,20,58.59,3310,3079,87,2992,0,494,745,0,1753,0,0,231,24,3334,1753,1239,3334,1213013.21,12541.52,67,170,138,2617,0,0,0,0,0,494,2498,0
185043,15,-0.07,-0.02,-0.55,-0.35,1,0.1,0.1,0.15,20,68.81,3305,3074,60,3014,1752,0,940,0,322,0,0,231,29,3334,2074,940,3334,1039153.98,10691.72,780,420,354,1460,0,0,0,0,1752,0,1262,0
185044,15,-0.07,-0.02,-0.55,-0.35,1,0.1,0.1,0.15,30,68.32,3311,3080,103,2977,1912,628,315,0,122,0,0,231,23,3334,2034,943,3334,776986.19,8024.54,845,577,462,273,215,605,0,0,1912,628,437,0
185045,15,-0.07,-0.02,-0.55,-0.35,1,0.1,0.1,0.15,30,55.08,3307,3076,182,2894,0,725,575,0,1594,0,0,231,27,3334,1594,1300,3334,1032921.08,10711.52,67,170,138,119,122,2278,0,0,0,725,2169,0
185046,15,-0.07,-0.02,-0.55,-0.35,1,0.1,0.1,0.15,30,75.19,3305,3074,111,2963,2041,0,735,0,187,0,0,231,29,3334,2228,735,3334,1264344.44,13012.14,780,420,354,198,171,1040,0,0,2041,0,922,0
185047,15,-0.07,-0.02,-0.55,-0.35,1,0.1,0.1,0.15,40,68.67,3311,3080,105,2975,1971,743,144,45,36,36,0,231,23,3334,2043,932,3334,733919.28,7587.67,845,577,462,273,215,168,100,335,1971,743,180,81
185048,15,-0.07,-0.02,-0.55,-0.35,1,0.1,0.1,0.15,40,52.37,3305,3074,187,2887,0,923,357,95,451,1061,0,231,29,3334,1512,1375,3334,996644.4,10296.68,67,170,138,119,122,109,135,2027,0,923,808,1156
185049,15,-0.07,-0.02,-0.55,-0.35,1,0.1,0.1,0.15,40,77.3,3305,3074,114,2960,2159,0,481,191,44,85,0,231,29,3334,2288,672,3334,1332809.33,13707.64,780,420,354,198,171,118,60,859,2159,0,525,276
185050,15,-0.07,-0.02,-0.55,-0.35,1,0.1,0.1,0.15,50,68.4,3311,3080,105,2975,1974,758,0,182,0,61,0,231,23,3334,2035,940,3334,717359.15,7417.07,845,577,462,273,215,168,100,335,1974,758,0,243
185051,15,-0.07,-0.02,-0.55,-0.35,1,0.1,0.1,0.15,50,50.92,3305,3074,187,2887,0,970,0,447,0,1470,0,231,29,3334,1470,1417,3334,902222.27,9307.99,67,170,138,119,122,109,135,2027,0,970,0,1917
185052,15,-0.07,-0.02,-0.55,-0.35,1,0.1,0.1,0.15,50,77.06,3305,3074,114,2960,2163,0,0,679,0,118,0,231,29,3334,2281,679,3334,1286911.99,13229.48,780,420,354,198,171,118,60,859,2163,0,0,797
185053,15,-0.07,-0.02,-0.55,-0.35,1,0.1,0.1,0.15,60,68.4,3311,3080,105,2975,1974,758,0,182,0,61,0,231,23,3334,2035,940,3334,717359.15,7417.07,845,577,462,273,215,168,100,335,1974,758,0,243
185054,15,-0.07,-0.02,-0.55,-0.35,1,0.1,0.1,0.15,60,50.92,3305,3074,187,2887,0,970,0,447,0,1470,0,231,29,3334,1470,1417,3334,902222.27,9307.99,67,170,138,119,122,109,135,2027,0,970,0,1917
185055,15,-0.07,-0.02,-0.55,-0.35,1,0.1,0.1,0.15,60,77.06,3305,3074,114,2960,2163,0,0,679,0,118,0,231,29,3334,2281,679,3334,1286911.99,13229.48,780,420,354,198,171,118,60,859,2163,0,0,797
185056,15,-0.07,-0.02,-0.55,-0.35,1,0.1,0.2,0.15,20,59.29,3311,3080,83,2997,761,492,728,0,1016,0,0,231,23,3334,1777,1220,3334,1117043.55,11522.1,192,393,404,2008,0,0,0,0,761,492,1744,0
185057,15,-0.07,-0.02,-0.55,-0.35,1,0.1,0.2,0.15,20,58.59,3310,3079,87,2992,0,494,745,0,1753,0,0,231,24,3334,1753,1239,3334,1213013.21,12541.52,67,170,138,2617,0,0,0,0,0,494,2498,0
185058,15,-0.07,-0.02,-0.55,-0.35,1,0.1,0.2,0.15,20,62.45,3305,3074,83,2991,778,0,1123,0,1090,0,0,231,29,3334,1868,1123,3334,1400561.41,14429.61,125,225,271,2370,0,0,0,0,778,0,2213,0
185059,15,-0.07,-0.02,-0.55,-0.35,1,0.1,0.2,0.15,30,57.6,3311,3080,160,2920,1049,715,523,0,633,0,0,231,23,3334,1682,1238,3334,1103559.55,11401.44,192,393,404,264,276,1391,0,0,1049,715,1156,0
185060,15,-0.07,-0.02,-0.55,-0.35,1,0.1,0.2,0.15,30,55.08,3307,3076,182,2894,0,725,575,0,1594,0,0,231,27,3334,1594,1300,3334,1032921.08,10711.52,67,170,138,119,122,2278,0,0,0,725,2169,0
185061,15,-0.07,-0.02,-0.55,-0.35,1,0.1,0.2,0.15,30,64.93,3305,3074,168,2906,1108,0,1019,0,779,0,0,231,29,3334,1887,1019,3334,1673544.65,17229.27,125,225,271,157,182,1946,0,0,1108,0,1798,0
185062,15,-0.07,-0.02,-0.55,-0.35,1,0.1,0.2,0.15,40,56.34,3311,3080,164,2916,1177,891,295,87,189,277,0,231,23,3334,1643,1273,3334,1084597.47,11229.45,192,393,404,264,276,235,197,955,1177,891,484,364
185063,15,-0.07,-0.02,-0.55,-0.35,1,0.1,0.2,0.15,40,52.37,3305,3074,187,2887,0,923,357,95,451,1061,0,231,29,3334,1512,1375,3334,996644.4,10296.68,67,170,138,119,122,109,135,2027,0,923,808,1156
185064,15,-0.07,-0.02,-0.55,-0.35,1,0.1,0.2,0.15,40,65.29,3305,3074,173,2901,1271,0,750,257,211,412,0,231,29,3334,1894,1007,3334,1805127.41,18600.13,125,225,271,157,182,148,116,1677,1271,0,961,669
185065,15,-0.07,-0.02,-0.55,-0.35,1,0.1,0.2,0.15,50,55.38,3311,3080,164,2916,1184,931,0,370,0,431,0,231,23,3334,1615,1301,3334,1037089.55,10738.22,192,393,404,264,276,235,197,955,1184,931,0,801
185066,15,-0.07,-0.02,-0.55,-0.35,1,0.1,0.2,0.15,50,50.92,3305,3074,187,2887,0,970,0,447,0,1470,0,231,29,3334,1470,1417,3334,902222.27,9307.99,67,170,138,119,122,109,135,2027,0,970,0,1917
185067,15,-0.07,-0.02,-0.55,-0.35,1,0.1,0.2,0.15,50,64.29,3305,3074,173,2901,1278,0,0,1036,0,587,0,231,29,3334,1865,1036,3334,1704444.25,17554.91,125,225,271,157,182,148,116,1677,1278,0,0,1623
185068,15,-0.07,-0.02,-0.55,-0.35,1,0.1,0.2,0.15,60,55.38,3311,3080,164,2916,1184,931,0,370,0,431,0,231,23,3334,1615,1301,3334,1037089.55,10738.22,192,393,404,264,276,235,197,955,1184,931,0,801
185069,15,-0.07,-0.02,-0.55,-0.35,1,0.1,0.2,0.15,60,50.92,3305,3074,187,2887,0,970,0,447,0,1470,0,231,29,3334,1470,1417,3334,902222.27,9307.99,67,170,138,119,122,109,135,2027,0,970,0,1917
185070,15,-0.07,-0.02,-0.55,-0.35,1,0.1,0.2,0.15,60,64.29,3305,3074,173,2901,1278,0,0,1036,0,587,0,231,29,3334,1865,1036,3334,1704444.25,17554.91,125,225,271,157,182,148,116,1677,1278,0,0,1623
185071,15,-0.07,-0.02,-0.55,-0.35,1,0.2,0.1,0.15,20,65.63,3311,3080,60,3020,1698,459,579,0,284,0,0,231,23,3334,1982,1038,3334,775805.34,7994.05,845,577,462,1136,0,0,0,0,1698,459,863,0
185072,15,-0.07,-0.02,-0.55,-0.35,1,0.2,0.1,0.15,20,58.59,3310,3079,87,2992,0,494,745,0,1753,0,0,231,24,3334,1753,1239,3334,1213013.21,12541.52,67,170,138,2617,0,0,0,0,0,494,2498,0
185073,15,-0.07,-0.02,-0.55,-0.35,1,0.2,0.1,0.15,20,68.81,3305,3074,60,3014,1752,0,940,0,322,0,0,231,29,3334,2074,940,3334,1039153.98,10691.72,780,420,354,1460,0,0,0,0,1752,0,1262,0
185074,15,-0.07,-0.02,-0.55,-0.35,1,0.2,0.1,0.15,30,68.32,3311,3080,103,2977,1912,628,315,0,122,0,0,231,23,3334,2034,943,3334,776986.19,8024.54,845,577,462,273,215,605,0,0,1912,628,437,0
185075,15,-0.07,-0.02,-0.55,-0.35,1,0.2,0.1,0.15,30,55.08,3307,3076,182,2894,0,725,575,0,1594,0,0,231,27,3334,1594,1300,3334,1032921.08,10711.52,67,170,138,119,122,2278,0,0,0,725,2169,0
185076,15,-0.07,-0.02,-0.55,-0.35,1,0.2,0.1,0.15,30,75.19,3305,3074,111,2963,2041,0,735,0,187,0,0,231,29,3334,2228,735,3334,1264344.44,13012.14,780,420,354,198,171,1040,0,0,2041,0,922,0
185077,15,-0.07,-0.02,-0.55,-0.35,1,0.2,0.1,0.15,40,68.67,3311,3080,105,2975,1971,743,144,45,36,36,0,231,23,3334,2043,932,3334,733919.28,7587.67,845,577,462,273,215,168,100,335,1971,743,180,81
185078,15,-0.07,-0.02,-0.55,-0.35,1,0.2,0.1,0.15,40,52.37,3305,3074,187,2887,0,923,357,95,451,1061,0,231,29,3334,1512,1375,3334,996644.4,10296.68,67,170,138,119,122,109,135,2027,0,923,808,1156
185079,15,-0.07,-0.02,-0.55,-0.35,1,0.2,0.1,0.15,40,77.3,3305,3074,114,2960,2159,0,481,191,44,85,0,231,29,3334,2288,672,3334,1332809.33,13707.64,780,420,354,198,171,118,60,859,2159,0,525,276
185080,15,-0.07,-0.02,-0.55,-0.35,1,0.2,0.1,0.15,50,68.4,3311,3080,105,2975,1974,758,0,182,0,61,0,231,23,3334,2035,940,3334,717359.15,7417.07,845,577,462,273,215,168,100,335,1974,758,0,243
185081,15,-0.07,-0.02,-0.55,-0.35,1,0.2,0.1,0.15,50,50.92,3305,3074,187,2887,0,970,0,447,0,1470,0,231,29,3334,1470,1417,3334,902222.27,9307.99,67,170,138,119,122,109,135,2027,0,970,0,1917
185082,15,-0.07,-0.02,-0.55,-0.35,1,0.2,0.1,0.15,50,77.06,3305,3074,114,2960,2163,0,0,679,0,118,0,231,29,3334,2281,679,3334,1286911.99,13229.48,780,420,354,198,171,118,60,859,2163,0,0,797
185083,15,-0.07,-0.02,-0.55,-0.35,1,0.2,0.1,0.15,60,68.4,3311,3080,105,2975,1974,758,0,182,0,61,0,231,23,3334,2035,940,3334,717359.15,7417.07,845,577,462,273,215,168,100,335,1974,758,0,243
185084,15,-0.07,-0.02,-0.55,-0.35,1,0.2,0.1,0.15,60,50.92,3305,3074,187,2887,0,970,0,447,0,1470,0,231,29,3334,1470,1417,3334,902222.27,9307.99,67,170,138,119,122,109,135,2027,0,970,0,1917
185085,15,-0.07,-0.02,-0.55,-0.35,1,0.2,0.1,0.15,60,77.06,3305,3074,114,2960,2163,0,0,679,0,118,0,231,29,3334,2281,679,3334,1286911.99,13229.48,780,420,354,198,171,118,60,859,2163,0,0,797
185086,15,-0.07,-0.02,-0.55,-0.35,1,0.2,0.2,0.15,20,59.29,3311,3080,83,2997,761,492,728,0,1016,0,0,231,23,3334,1777,1220,3334,1117043.55,11522.1,192,393,404,2008,0,0,0,0,761,492,1744,0
185087,15,-0.07,-0.02,-0.55,-0.35,1,0.2,0.2,0.15,20,58.59,3310,3079,87,2992,0,494,745,0,1753,0,0,231,24,3334,1753,1239,3334,1213013.21,12541.52,67,170,138,2617,0,0,0,0,0,494,2498,0
185088,15,-0.07,-0.02,-0.55,-0.35,1,0.2,0.2,0.15,20,62.45,3305,3074,83,2991,778,0,1123,0,1090,0,0,231,29,3334,1868,1123,3334,1400561.41,14429.61,125,225,271,2370,0,0,0,0,778,0,2213,0
185089,15,-0.07,-0.02,-0.55,-0.35,1,0.2,0.2,0.15,30,57.6,3311,3080,160,2920,1049,715,523,0,633,0,0,231,23,3334,1682,1238,3334,1103559.55,11401.44,192,393,404,264,276,1391,0,0,1049,715,1156,0
185090,15,-0.07,-0.02,-0.55,-0.35,1,0.2,0.2,0.15,30,55.08,3307,3076,182,2894,0,725,575,0,1594,0,0,231,27,3334,1594,1300,3334,1032921.08,10711.52,67,170,138,119,122,2278,0,0,0,725,2169,0
185091,15,-0.07,-0.02,-0.55,-0.35,1,0.2,0.2,0.15,30,64.93,3305,3074,168,2906,1108,0,1019,0,779,0,0,231,29,3334,1887,1019,3334,1673544.65,17229.27,125,225,271,157,182,1946,0,0,1108,0,1798,0
185092,15,-0.07,-0.02,-0.55,-0.35,1,0.2,0.2,0.15,40,56.34,3311,3080,164,2916,1177,891,295,87,189,277,0,231,23,3334,1643,1273,3334,1084597.47,11229.45,192,393,404,264,276,235,197,955,1177,891,484,364
185093,15,-0.07,-0.02,-0.55,-0.35,1,0.2,0.2,0.15,40,52.37,3305,3074,187,2887,0,923,357,95,451,1061,0,231,29,3334,1512,1375,3334,996644.4,10296.68,67,170,138,119,122,109,135,2027,0,923,808,1156
185094,15,-0.07,-0.02,-0.55,-0.35,1,0.2,0.2,0.15,40,65.29,3305,3074,173,2901,1271,0,750,257,211,412,0,231,29,3334,1894,1007,3334,1805127.41,18600.13,125,225,271,157,182,148,116,1677,1271,0,961,669
185095,15,-0.07,-0.02,-0.55,-0.35,1,0.2,0.2,0.15,50,55.38,3311,3080,164,2916,1184,931,0,370,0,431,0,231,23,3334,1615,1301,3334,1037089.55,10738.22,192,393,404,264,276,235,197,955,1184,931,0,801
185096,15,-0.07,-0.02,-0.55,-0.35,1,0.2,0.2,0.15,50,50.92,3305,3074,187,2887,0,970,0,447,0,1470,0,231,29,3334,1470,1417,3334,902222.27,9307.99,67,170,138,119,122,109,135,2027,0,970,0,1917
185097,15,-0.07,-0.02,-0.55,-0.35,1,0.2,0.2,0.15,50,64.29,3305,3074,173,2901,1278,0,0,1036,0,587,0,231,29,3334,1865,1036,3334,1704444.25,17554.91,125,225,271,157,182,148,116,1677,1278,0,0,1623
185098,15,-0.07,-0.02,-0.55,-0.35,1,0.2,0.2,0.15,60,55.38,3311,3080,164,2916,1184,931,0,370,0,431,0,231,23,3334,1615,1301,3334,1037089.55,10738.22,192,393,404,264,276,235,197,955,1184,931,0,801
185099,15,-0.07,-0.02,-0.55,-0.35,1,0.2,0.2,0.15,60,50.92,3305,3074,187,2887,0,970,0,447,0,1470,0,231,29,3334,1470,1417,3334,902222.27,9307.99,67,170,138,119,122,109,135,2027,0,970,0,1917
185100,15,-0.07,-0.02,-0.55,-0.35,1,0.2,0.2,0.15,60,64.29,3305,3074,173,2901,1278,0,0,1036,0,587,0,231,29,3334,1865,1036,3334,1704444.25,17554.91,125,225,271,157,182,148,116,1677,1278,0,0,1623
185101,15,-0.07,-0.02,-0.55,-0.35,2,0.1,0.1,0.15,20,69.74,3311,3080,60,3020,1806,453,461,0,300,0,0,231,23,3334,2106,914,3334,1055005.7,12197.49,877,612,485,1046,0,0,0,0,1806,453,761,0
185102,15,-0.07,-0.02,-0.55,-0.35,2,0.1,0.1,0.15,20,63.03,3310,3079,87,2992,0,494,612,0,1886,0,0,231,24,3334,1886,1106,3334,1701414.56,17886.62,67,170,138,2617,0,0,0,0,0,494,2498,0
185103,15,-0.07,-0.02,-0.55,-0.35,2,0.1,0.1,0.15,20,75.05,3305,3074,60,3014,1901,0,752,0,361,0,0,231,29,3334,2262,752,3334,1525082.73,15100.09,814,462,399,1339,0,0,0,0,1901,0,1113,0
185104,15,-0.07,-0.02,-0.55,-0.35,2,0.1,0.1,0.15,30,71.16,3311,3080,101,2979,2006,612,247,0,114,0,0,231,23,3334,2120,859,3334,1022295.67,12595.15,877,612,485,285,214,506,0,0,2006,612,361,0
185105,15,-0.07,-0.02,-0.55,-0.35,2,0.1,0.1,0.15,30,57.57,3307,3076,182,2894,0,725,503,0,1666,0,0,231,27,3334,1666,1228,3334,1591939.03,17253.06,67,170,138,119,122,2278,0,0,0,725,2169,0
185106,15,-0.07,-0.02,-0.55,-0.35,2,0.1,0.1,0.15,30,80.75,3305,3074,108,2966,2218,0,571,0,177,0,0,231,29,3334,2395,571,3334,1895924.07,17649.16,814,462,399,226,206,859,0,0,2218,0,748,0
185107,15,-0.07,-0.02,-0.55,-0.35,2,0.1,0.1,0.15,40,71.65,3311,3080,103,2977,2068,713,107,24,40,25,0,231,23,3334,2133,844,3334,974752.54,12568.77,877,612,485,285,214,145,95,264,2068,713,147,49
185108,15,-0.07,-0.02,-0.55,-0.35,2,0.1,0.1,0.15,40,55.35,3305,3074,187,2887,0,923,306,60,502,1096,0,231,29,3334,1598,1289,3334,1532355.89,17633.29,67,170,138,119,122,109,135,2027,0,923,808,1156
185109,15,-0.07,-0.02,-0.55,-0.35,2,0.1,0.1,0.15,40,83.5,3305,3074,111,2963,2361,0,379,110,58,55,0,231,29,3334,2474,489,3334,2084897.51,18847.16,814,462,399,226,206,111,81,664,2361,0,437,165
185110,15,-0.07,-0.02,-0.55,-0.35,2,0.1,0.1,0.15,50,71.25,3311,3080,103,2977,2072,726,0,130,0,49,0,231,23,3334,2121,856,3334,951663.69,12431.54,877,612,485,285,214,145,95,264,2072,726,0,179
185111,15,-0.07,-0.02,-0.55,-0.35,2,0.1,0.1,0.15,50,53.62,3305,3074,187,2887,0,970,0,369,0,1548,0,231,29,3334,1548,1339,3334,1401487.86,16670.97,67,170,138,119,122,109,135,2027,0,970,0,1917
185112,15,-0.07,-0.02,-0.55,-0.35,2,0.1,0.1,0.15,50,83.46,3305,3074,111,2963,2366,0,0,490,0,107,0,231,29,3334,2473,490,3334,2010964.56,18450.65,814,462,399,226,206,111,81,664,2366,0,0,597
185113,15,-0.07,-0.02,-0.55,-0.35,2,0.1,0.1,0.15,60,71.25,3311,3080,103,2977,2072,726,0,130,0,49,0,231,23,3334,2121,856,3334,951663.69,12431.54,877,612,485,285,214,145,95,264,2072,726,0,179
185114,15,-0.07,-0.02,-0.55,-0.35,2,0.1,0.1,0.15,60,53.62,3305,3074,187,2887,0,970,0,369,0,1548,0,231,29,3334,1548,1339,3334,1401487.86,16670.97,67,170,138,119,122,109,135,2027,0,970,0,1917
185115,15,-0.07,-0.02,-0.55,-0.35,2,0.1,0.1,0.15,60,83.46,3305,3074,111,2963,2366,0,0,490,0,107,0,231,29,3334,2473,490,3334,2010964.56,18450.65,814,462,399,226,206,111,81,664,2366,0,0,597
185116,15,-0.07,-0.02,-0.55,-0.35,2,0.1,0.2,0.15,20,63.73,3311,3080,83,2997,828,491,596,0,1082,0,0,231,23,3334,1910,1087,3334,1570980.2,16707.44,195,406,437,1959,0,0,0,0,828,491,1678,0
185117,15,-0.07,-0.02,-0.55,-0.35,2,0.1,0.2,0.15,20,63.03,3310,3079,87,2992,0,494,612,0,1886,0,0,231,24,3334,1886,1106,3334,1701414.56,17886.62,67,170,138,2617,0,0,0,0,0,494,2498,0
185118,15,-0.07,-0.02,-0.55,-0.35,2,0.1,0.2,0.15,20,69.14,3305,3074,83,2991,864,0,923,0,1204,0,0,231,29,3334,2068,923,3334,2120065.35,20070.6,129,239,311,2312,0,0,0,0,864,0,2127,0
185119,15,-0.07,-0.02,-0.55,-0.35,2,0.1,0.2,0.15,30,60.21,3311,3080,160,2920,1139,710,452,0,619,0,0,231,23,3334,1758,1162,3334,1604521.59,17570.84,195,406,437,281,295,1306,0,0,1139,710,1071,0
185120,15,-0.07,-0.02,-0.55,-0.35,2,0.1,0.2,0.15,30,57.57,3307,3076,182,2894,0,725,503,0,1666,0,0,231,27,3334,1666,1228,3334,1591939.03,17253.06,67,170,138,119,122,2278,0,0,0,725,2169,0
185121,15,-0.07,-0.02,-0.55,-0.35,2,0.1,0.2,0.15,30,70.51,3305,3074,168,2906,1245,0,857,0,804,0,0,231,29,3334,2049,857,3334,2719086.35,23955.6,129,239,311,185,216,1826,0,0,1245,0,1661,0
185122,15,-0.07,-0.02,-0.55,-0.35,2,0.1,0.2,0.15,40,59.47,3311,3080,164,2916,1270,881,246,55,211,253,0,231,23,3334,1734,1182,3334,1572850.86,17959.1,195,406,437,281,295,235,192,875,1270,881,457,308
185123,15,-0.07,-0.02,-0.55,-0.35,2,0.1,0.2,0.15,40,55.35,3305,3074,187,2887,0,923,306,60,502,1096,0,231,29,3334,1598,1289,3334,1532355.89,17633.29,67,170,138,119,122,109,135,2027,0,923,808,1156
185124,15,-0.07,-0.02,-0.55,-0.35,2,0.1,0.2,0.15,40,71.63,3305,3074,173,2901,1436,0,652,171,258,384,0,231,29,3334,2078,823,3334,2992620.58,25984.96,129,239,311,185,216,165,126,1530,1436,0,910,555
185125,15,-0.07,-0.02,-0.55,-0.35,2,0.1,0.2,0.15,50,58.47,3311,3080,164,2916,1276,920,0,291,0,429,0,231,23,3334,1705,1211,3334,1504011.59,17519.15,195,406,437,281,295,235,192,875,1276,920,0,720
185126,15,-0.07,-0.02,-0.55,-0.35,2,0.1,0.2,0.15,50,53.62,3305,3074,187,2887,0,970,0,369,0,1548,0,231,29,3334,1548,1339,3334,1401487.86,16670.97,67,170,138,119,122,109,135,2027,0,970,0,1917
185127,15,-0.07,-0.02,-0.55,-0.35,2,0.1,0.2,0.15,50,71.22,3305,3074,173,2901,1443,0,0,835,0,623,0,231,29,3334,2066,835,3334,2827051.34,25039.45,129,239,311,185,216,165,126,1530,1443,0,0,1458
185128,15,-0.07,-0.02,-0.55,-0.35,2,0.1,0.2,0.15,60,58.47,3311,3080,164,2916,1276,920,0,291,0,429,0,231,23,3334,1705,1211,3334,1504011.59,17519.15,195,406,437,281,295,235,192,875,1276,920,0,720
185129,15,-0.07,-0.02,-0.55,-0.35,2,0.1,0.2,0.15,60,53.62,3305,3074,187,2887,0,970,0,369,0,1548,0,231,29,3334,1548,1339,3334,1401487.86,16670.97,67,170,138,119,122,109,135,2027,0,970,0,1917
185130,15,-0.07,-0.02,-0.55,-0.35,2,0.1,0.2,0.15,60,71.22,3305,3074,173,2901,1443,0,0,835,0,623,0,231,29,3334,2066,835,3334,2827051.34,25039.45,129,239,311,185,216,165,126,1530,1443,0,0,1458
185131,15,-0.07,-0.02,-0.55,-0.35,2,0.2,0.1,0.15,20,65.63,3311,3080,60,3020,1698,459,579,0,284,0,0,231,23,3334,1982,1038,3334,775805.34,7994.05,845,577,462,1136,0,0,0,0,1698,459,863,0
185132,15,-0.07,-0.02,-0.55,-0.35,2,0.2,0.1,0.15,20,58.59,3310,3079,87,2992,0,494,745,0,1753,0,0,231,24,3334,1753,1239,3334,1213013.21,12541.52,67,170,138,2617,0,0,0,0,0,494,2498,0
185133,15,-0.07,-0.02,-0.55,-0.35,2,0.2,0.1,0.15,20,68.81,3305,3074,60,3014,1752,0,940,0,322,0,0,231,29,3334,2074,940,3334,1039153.98,10691.72,780,420,354,1460,0,0,0,0,1752,0,1262,0
185134,15,-0.07,-0.02,-0.55,-0.35,2,0.2,0.1,0.15,30,68.32,3311,3080,103,2977,1912,628,315,0,122,0,0,231,23,3334,2034,943,3334,776986.19,8024.54,845,577,462,273,215,605,0,0,1912,628,437,0
185135,15,-0.07,-0.02,-0.55,-0.35,2,0.2,0.1,0.15,30,55.08,3307,3076,182,2894,0,725,575,0,1594,0,0,231,27,3334,1594,1300,3334,1032921.08,10711.52,67,170,138,119,122,2278,0,0,0,725,2169,0
185136,15,-0.07,-0.02,-0.55,-0.35,2,0.2,0.1,0.15,30,75.19,3305,3074,111,2963,2041,0,735,0,187,0,0,231,29,3334,2228,735,3334,1264344.44,13012.14,780,420,354,198,171,1040,0,0,2041,0,922,0
185137,15,-0.07,-0.02,-0.55,-0.35,2,0.2,0.1,0.15,40,68.67,3311,3080,105,2975,1971,743,144,45,36,36,0,231,23,3334,2043,932,3334,733919.28,7587.67,845,577,462,273,215,168,100,335,1971,743,180,81
185138,15,-0.07,-0.02,-0.55,-0.35,2,0.2,0.1,0.15,40,52.37,3305,3074,187,2887,0,923,357,95,451,1061,0,231,29,3334,1512,1375,3334,996644.4,10296.68,67,170,138,119,122,109,135,2027,0,923,808,1156
185139,15,-0.07,-0.02,-0.55,-0.35,2,0.2,0.1,0.15,40,77.3,3305,3074,114,2960,2159,0,481,191,44,85,0,231,29,3334,2288,672,3334,1332809.33,13707.64,780,420,354,198,171,118,60,859,2159,0,525,276
185140,15,-0.07,-0.02,-0.55,-0.35,2,0.2,0.1,0.15,50,68.4,3311,3080,105,2975,1974,758,0,182,0,61,0,231,23,3334,2035,940,3334,717359.15,7417.07,845,577,462,273,215,168,100,335,1974,758,0,243
185141,15,-0.07,-0.02,-0.55,-0.35,2,0.2,0.1,0.15,50,50.92,3305,3074,187,2887,0,970,0,447,0,1470,0,231,29,3334,1470,1417,3334,902222.27,9307.99,67,170,138,119,122,109,135,2027,0,970,0,1917
185142,15,-0.07,-0.02,-0.55,-0.35,2,0.2,0.1,0.15,50,77.06,3305,3074,114,2960,2163,0,0,679,0,118,0,231,29,3334,2281,679,3334,1286911.99,13229.48,780,420,354,198,171,118,60,859,2163,0,0,797
185143,15,-0.07,-0.02,-0.55,-0.35,2,0.2,0.1,0.15,60,68.4,3311,3080,105,2975,1974,758,0,182,0,61,0,231,23,3334,2035,940,3334,717359.15,7417.07,845,577,462,273,215,168,100,335,1974,758,0,243
185144,15,-0.07,-0.02,-0.55,-0.35,2,0.2,0.1,0.15,60,50.92,3305,3074,187,2887,0,970,0,447,0,1470,0,231,29,3334,1470,1417,3334,902222.27,9307.99,67,170,138,119,122,109,135,2027,0,970,0,1917
185145,15,-0.07,-0.02,-0.55,-0.35,2,0.2,0.1,0.15,60,77.06,3305,3074,114,2960,2163,0,0,679,0,118,0,231,29,3334,2281,679,3334,1286911.99,13229.48,780,420,354,198,171,118,60,859,2163,0,0,797
185146,15,-0.07,-0.02,-0.55,-0.35,2,0.2,0.2,0.15,20,59.29,3311,3080,83,2997,761,492,728,0,1016,0,0,231,23,3334,1777,1220,3334,1117043.55,11522.1,192,393,404,2008,0,0,0,0,761,492,1744,0
185147,15,-0.07,-0.02,-0.55,-0.35,2,0.2,0.2,0.15,20,58.59,3310,3079,87,2992,0,494,745,0,1753,0,0,231,24,3334,1753,1239,3334,1213013.21,12541.52,67,170,138,2617,0,0,0,0,0,494,2498,0
185148,15,-0.07,-0.02,-0.55,-0.35,2,0.2,0.2,0.15,20,62.45,3305,3074,83,2991,778,0,1123,0,1090,0,0,231,29,3334,1868,1123,3334,1400561.41,14429.61,125,225,271,2370,0,0,0,0,778,0,2213,0
185149,15,-0.07,-0.02,-0.55,-0.35,2,0.2,0.2,0.15,30,57.6,3311,3080,160,2920,1049,715,523,0,633,0,0,231,23,3334,1682,1238,3334,1103559.55,11401.44,192,393,404,264,276,1391,0,0,1049,715,1156,0
185150,15,-0.07,-0.02,-0.55,-0.35,2,0.2,0.2,0.15,30,55.08,3307,3076,182,2894,0,725,575,0,1594,0,0,231,27,3334,1594,1300,3334,1032921.08,10711.52,67,170,138,119,122,2278,0,0,0,725,2169,0
185151,15,-0.07,-0.02,-0.55,-0.35,2,0.2,0.2,0.15,30,64.93,3305,3074,168,2906,1108,0,1019,0,779,0,0,231,29,3334,1887,1019,3334,1673544.65,17229.27,125,225,271,157,182,1946,0,0,1108,0,1798,0
185152,15,-0.07,-0.02,-0.55,-0.35,2,0.2,0.2,0.15,40,56.34,3311,3080,164,2916,1177,891,295,87,189,277,0,231,23,3334,1643,1273,3334,1084597.47,11229.45,192,393,404,264,276,235,197,955,1177,891,484,364
185153,15,-0.07,-0.02,-0.55,-0.35,2,0.2,0.2,0.15,40,52.37,3305,3074,187,2887,0,923,357,95,451,1061,0,231,29,3334,1512,1375,3334,996644.4,10296.68,67,170,138,119,122,109,135,2027,0,923,808,1156
185154,15,-0.07,-0.02,-0.55,-0.35,2,0.2,0.2,0.15,40,65.29,3305,3074,173,2901,1271,0,750,257,211,412,0,231,29,3334,1894,1007,3334,1805127.41,18600.13,125,225,271,157,182,148,116,1677,1271,0,961,669
185155,15,-0.07,-0.02,-0.55,-0.35,2,0.2,0.2,0.15,50,55.38,3311,3080,164,2916,1184,931,0,370,0,431,0,231,23,3334,1615,1301,3334,1037089.55,10738.22,192,393,404,264,276,235,197,955,1184,931,0,801
185156,15,-0.07,-0.02,-0.55,-0.35,2,0.2,0.2,0.15,50,50.92,3305,3074,187,2887,0,970,0,447,0,1470,0,231,29,3334,1470,1417,3334,902222.27,9307.99,67,170,138,119,122,109,135,2027,0,970,0,1917
185157,15,-0.07,-0.02,-0.55,-0.35,2,0.2,0.2,0.15,50,64.29,3305,3074,173,2901,1278,0,0,1036,0,587,0,231,29,3334,1865,1036,3334,1704444.25,17554.91,125,225,271,157,182,148,116,1677,1278,0,0,1623
185158,15,-0.07,-0.02,-0.55,-0.35,2,0.2,0.2,0.15,60,55.38,3311,3080,164,2916,1184,931,0,370,0,431,0,231,23,3334,1615,1301,3334,1037089.55,10738.22,192,393,404,264,276,235,197,955,1184,931,0,801
185159,15,-0.07,-0.02,-0.55,-0.35,2,0.2,0.2,0.15,60,50.92,3305,3074,187,2887,0,970,0,447,0,1470,0,231,29,3334,1470,1417,3334,902222.27,9307.99,67,170,138,119,122,109,135,2027,0,970,0,1917
185160,15,-0.07,-0.02,-0.55,-0.35,2,0.2,0.2,0.15,60,64.29,3305,3074,173,2901,1278,0,0,1036,0,587,0,231,29,3334,1865,1036,3334,1704444.25,17554.91,125,225,271,157,182,148,116,1677,1278,0,0,1623
185161,15,-0.07,-0.02,-0.55,-0.3,1,0.1,0.1,0.15,20,64.5,4408,4162,75,4087,2172,623,828,0,464,0,0,246,30,4438,2636,1451,4438,944900.05,9664.69,1083,761,597,1646,0,0,0,0,2172,623,1292,0
185162,15,-0.07,-0.02,-0.55,-0.3,1,0.1,0.1,0.15,20,57.67,4407,4161,107,4054,0,684,1032,0,2338,0,0,246,31,4438,2338,1716,4438,1388023.74,14236.84,98,231,203,3522,0,0,0,0,0,684,3370,0
185163,15,-0.07,-0.02,-0.55,-0.3,1,0.1,0.1,0.15,20,67.19,4402,4156,75,4081,2233,0,1339,0,509,0,0,246,36,4438,2742,1339,4438,1237862.84,12648.26,987,551,439,2104,0,0,0,0,2233,0,1848,0
185164,15,-0.07,-0.02,-0.55,-0.3,1,0.1,0.1,0.15,30,66.63,4408,4162,131,4031,2488,837,508,0,198,0,0,246,30,4438,2686,1345,4438,960111.22,9850.68,1083,761,597,354,295,941,0,0,2488,837,706,0
185165,15,-0.07,-0.02,-0.55,-0.3,1,0.1,0.1,0.15,30,53.63,4404,4158,233,3925,0,983,837,0,2105,0,0,246,34,4438,2105,1820,4438,1122016.29,11674.98,98,231,203,152,157,3084,0,0,0,983,2942,0
185166,15,-0.07,-0.02,-0.55,-0.3,1,0.1,0.1,0.15,30,72.68,4401,4155,139,4016,2642,0,1097,0,277,0,0,246,37,4438,2919,1097,4438,1538906.06,15743.27,987,551,439,256,237,1546,0,0,2642,0,1374,0
185167,15,-0.07,-0.02,-0.55,-0.3,1,0.1,0.1,0.15,40,66.94,4408,4162,133,4029,2586,1009,245,78,61,50,0,246,30,4438,2697,1332,4438,879543.41,9024.3,1083,761,597,354,295,235,163,541,2586,1009,306,128
185168,15,-0.07,-0.02,-0.55,-0.3,1,0.1,0.1,0.15,40,50.78,4402,4156,239,3917,0,1260,522,146,646,1343,0,246,36,4438,1989,1928,4438,1015606.28,10539.89,98,231,203,152,157,142,192,2742,0,1260,1168,1489
185169,15,-0.07,-0.02,-0.55,-0.3,1,0.1,0.1,0.15,40,74.76,4401,4155,142,4013,2811,0,724,289,76,113,0,246,37,4438,3000,1013,4438,1623070.13,16588.96,987,551,439,256,237,172,95,1276,2811,0,800,402
185170,15,-0.07,-0.02,-0.55,-0.3,1,0.1,0.1,0.15,50,66.74,4408,4162,133,4029,2589,1030,0,310,0,100,0,246,30,4438,2689,1340,4438,852662.37,8746.93,1083,761,597,354,295,235,163,541,2589,1030,0,410
185171,15,-0.07,-0.02,-0.55,-0.3,1,0.1,0.1,0.15,50,49.37,4402,4156,239,3917,0,1321,0,662,0,1934,0,246,36,4438,1934,1983,4438,884539.43,9167.59,98,231,203,152,157,142,192,2742,0,1321,0,2596
185172,15,-0.07,-0.02,-0.55,-0.3,1,0.1,0.1,0.15,50,74.58,4401,4155,142,4013,2815,0,0,1020,0,178,0,246,37,4438,2993,1020,4438,1558551.68,15919.47,987,551,439,256,237,172,95,1276,2815,0,0,1198
185173,15,-0.07,-0.02,-0.55,-0.3,1,0.1,0.1,0.15,60,66.74,4408,4162,133,4029,2589,1030,0,310,0,100,0,246,30,4438,2689,1340,4438,852662.37,8746.93,1083,761,597,354,295,235,163,541,2589,1030,0,410
185174,15,-0.07,-0.02,-0.55,-0.3,1,0.1,0.1,0.15,60,49.37,4402,4156,239,3917,0,1321,0,662,0,1934,0,246,36,4438,1934,1983,4438,884539.43,9167.59,98,231,203,152,157,142,192,2742,0,1321,0,2596
185175,15,-0.07,-0.02,-0.55,-0.3,1,0.1,0.1,0.15,60,74.58,4401,4155,142,4013,2815,0,0,1020,0,178,0,246,37,4438,2993,1020,4438,1558551.68,15919.47,987,551,439,256,237,172,95,1276,2815,0,0,1198
185176,15,-0.07,-0.02,-0.55,-0.3,1,0.1,0.2,0.15,20,58.37,4408,4162,102,4060,951,679,1011,0,1419,0,0,246,30,4438,2370,1690,4438,1326223.01,13576.3,247,503,528,2782,0,0,0,0,951,679,2430,0
185177,15,-0.07,-0.02,-0.55,-0.3,1,0.1,0.2,0.15,20,57.67,4407,4161,107,4054,0,684,1032,0,2338,0,0,246,31,4438,2338,1716,4438,1388023.74,14236.84,98,231,203,3522,0,0,0,0,0,684,3370,0
185178,15,-0.07,-0.02,-0.55,-0.3,1,0.1,0.2,0.15,20,61.08,4402,4156,102,4054,969,0,1578,0,1507,0,0,246,36,4438,2476,1578,4438,1638239.6,16760.74,149,274,334,3297,0,0,0,0,969,0,3085,0
185179,15,-0.07,-0.02,-0.55,-0.3,1,0.1,0.2,0.15,30,55.93,4408,4162,205,3957,1307,966,778,0,906,0,0,246,30,4438,2213,1744,4438,1274376.88,13120.88,247,503,528,352,341,1986,0,0,1307,966,1684,0
185180,15,-0.07,-0.02,-0.55,-0.3,1,0.1,0.2,0.15,30,53.63,4404,4158,233,3925,0,983,837,0,2105,0,0,246,34,4438,2105,1820,4438,1122016.29,11674.98,98,231,203,152,157,3084,0,0,0,983,2942,0
185181,15,-0.07,-0.02,-0.55,-0.3,1,0.1,0.2,0.15,30,62.42,4400,4154,213,3941,1372,0,1481,0,1088,0,0,246,38,4438,2460,1481,4438,1940149.51,19899.67,149,274,334,212,219,2753,0,0,1372,0,2569,0
185182,15,-0.07,-0.02,-0.55,-0.3,1,0.1,0.2,0.15,40,54.49,4408,4162,209,3953,1480,1219,446,134,282,392,0,246,30,4438,2154,1799,4438,1215627.79,12551.64,247,503,528,352,341,302,274,1406,1480,1219,728,526
185183,15,-0.07,-0.02,-0.55,-0.3,1,0.1,0.2,0.15,40,50.78,4402,4156,239,3917,0,1260,522,146,646,1343,0,246,36,4438,1989,1928,4438,1015606.28,10539.89,98,231,203,152,157,142,192,2742,0,1260,1168,1489
185184,15,-0.07,-0.02,-0.55,-0.3,1,0.1,0.2,0.15,40,62.83,4400,4154,218,3936,1586,0,1086,377,316,571,0,246,38,4438,2473,1463,4438,2112458.42,21689.33,149,274,334,212,219,184,151,2413,1586,0,1402,948
185185,15,-0.07,-0.02,-0.55,-0.3,1,0.1,0.2,0.15,50,53.63,4408,4162,209,3953,1488,1271,0,562,0,632,0,246,30,4438,2120,1833,4438,1146915.87,11841.2,247,503,528,352,341,302,274,1406,1488,1271,0,1194
185186,15,-0.07,-0.02,-0.55,-0.3,1,0.1,0.2,0.15,50,49.37,4402,4156,239,3917,0,1321,0,662,0,1934,0,246,36,4438,1934,1983,4438,884539.43,9167.59,98,231,203,152,157,142,192,2742,0,1321,0,2596
185187,15,-0.07,-0.02,-0.55,-0.3,1,0.1,0.2,0.15,50,61.99,4400,4154,218,3936,1594,0,0,1496,0,846,0,246,38,4438,2440,1496,4438,1980651.81,20322.79,149,274,334,212,219,184,151,2413,1594,0,0,2342
185188,15,-0.07,-0.02,-0.55,-0.3,1,0.1,0.2,0.15,60,53.63,4408,4162,209,3953,1488,1271,0,562,0,632,0,246,30,4438,2120,1833,4438,1146915.87,11841.2,247,503,528,352,341,302,274,1406,1488,1271,0,1194
185189,15,-0.07,-0.02,-0.55,-0.3,1,0.1,0.2,0.15,60,49.37,4402,4156,239,3917,0,1321,0,662,0,1934,0,246,36,4438,1934,1983,4438,884539.43,9167.59,98,231,203,152,157,142,192,2742,0,1321,0,2596
185190,15,-0.07,-0.02,-0.55,-0.3,1,0.1,0.2,0.15,60,61.99,4400,4154,218,3936,1594,0,0,1496,0,846,0,246,38,4438,2440,1496,4438,1980651.81,20322.79,149,274,334,212,219,184,151,2413,1594,0,0,2342
185191,15,-0.07,-0.02,-0.55,-0.3,1,0.2,0.1,0.15,20,64.5,4408,4162,75,4087,2172,623,828,0,464,0,0,246,30,4438,2636,1451,4438,944900.05,9664.69,1083,761,597,1646,0,0,0,0,2172,623,1292,0
185192,15,-0.07,-0.02,-0.55,-0.3,1,0.2,0.1,0.15,20,57.67,4407,4161,107,4054,0,684,1032,0,2338,0,0,246,31,4438,2338,1716,4438,1388023.74,14236.84,98,231,203,3522,0,0,0,0,0,684,3370,0
185193,15,-0.07,-0.02,-0.55,-0.3,1,0.2,0.1,0.15,20,67.19,4402,4156,75,4081,2233,0,1339,0,509,0,0,246,36,4438,2742,1339,4438,1237862.84,12648.26,987,551,439,2104,0,0,0,0,2233,0,1848,0
185194,15,-0.07,-0.02,-0.55,-0.3,1,0.2,0.1,0.15,30,66.63,4408,4162,131,4031,2488,837,508,0,198,0,0,246,30,4438,2686,1345,4438,960111.22,9850.68,1083,761,597,354,295,941,0,0,2488,837,706,0
185195,15,-0.07,-0.02,-0.55,-0.3,1,0.2,0.1,0.15,30,53.63,4404,4158,233,3925,0,983,837,0,2105,0,0,246,34,4438,2105,1820,4438,1122016.29,11674.98,98,231,203,152,157,3084,0,0,0,983,2942,0
185196,15,-0.07,-0.02,-0.55,-0.3,1,0.2,0.1,0.15,30,72.68,4401,4155,139,4016,2642,0,1097,0,277,0,0,246,37,4438,2919,1097,4438,1538906.06,15743.27,987,551,439,256,237,1546,0,0,2642,0,1374,0
185197,15,-0.07,-0.02,-0.55,-0.3,1,0.2,0.1,0.15,40,66.94,4408,4162,133,4029,2586,1009,245,78,61,50,0,246,30,4438,2697,1332,4438,879543.41,9024.3,1083,761,597,354,295,235,163,541,2586,1009,306,128
185198,15,-0.07,-0.02,-0.55,-0.3,1,0.2,0.1,0.15,40,50.78,4402,4156,239,3917,0,1260,522,146,646,1343,0,246,36,4438,1989,1928,4438,1015606.28,10539.89,98,231,203,152,157,142,192,2742,0,1260,1168,1489
185199,15,-0.07,-0.02,-0.55,-0.3,1,0.2,0.1,0.15,40,74.76,4401,4155,142,4013,2811,0,724,289,76,113,0,246,37,4438,3000,1013,4438,1623070.13,16588.96,987,551,439,256,237,172,95,1276,2811,0,800,402
185200,15,-0.07,-0.02,-0.55,-0.3,1,0.2,0.1,0.15,50,66.74,4408,4162,133,4029,2589,1030,0,310,0,100,0,246,30,4438,2689,1340,4438,852662.37,8746.93,1083,761,597,354,295,235,163,541,2589,1030,0,410
185201,15,-0.07,-0.02,-0.55,-0.3,1,0.2,0.1,0.15,50,49.37,4402,4156,239,3917,0,1321,0,662,0,1934,0,246,36,4438,1934,1983,4438,884539.43,9167.59,98,231,203,152,157,142,192,2742,0,1321,0,2596
185202,15,-0.07,-0.02,-0.55,-0.3,1,0.2,0.1,0.15,50,74.58,4401,4155,142,4013,2815,0,0,1020,0,178,0,246,37,4438,2993,1020,4438,1558551.68,15919.47,987,551,439,256,237,172,95,1276,2815,0,0,1198
185203,15,-0.07,-0.02,-0.55,-0.3,1,0.2,0.1,0.15,60,66.74,4408,4162,133,4029,2589,1030,0,310,0,100,0,246,30,4438,2689,1340,4438,852662.37,8746.93,1083,761,597,354,295,235,163,541,2589,1030,0,410
185204,15,-0.07,-0.02,-0.55,-0.3,1,0.2,0.1,0.15,60,49.37,4402,4156,239,3917,0,1321,0,662,0,1934,0,246,36,4438,1934,1983,4438,884539.43,9167.59,98,231,203,152,157,142,192,2742,0,1321,0,2596
185205,15,-0.07,-0.02,-0.55,-0.3,1,0.2,0.1,0.15,60,74.58,4401,4155,142,4013,2815,0,0,1020,0,178,0,246,37,4438,2993,1020,4438,1558551.68,15919.47,987,551,439,256,237,172,95,1276,2815,0,0,1198
185206,15,-0.07,-0.02,-0.55,-0.3,1,0.2,0.2,0.15,20,58.37,4408,4162,102,4060,951,679,1011,0,1419,0,0,246,30,4438,2370,1690,4438,1326223.01,13576.3,247,503,528,2782,0,0,0,0,951,679,2430,0
185207,15,-0.07,-0.02,-0.55,-0.3,1,0.2,0.2,0.15,20,57.67,4407,4161,107,4054,0,684,1032,0,2338,0,0,246,31,4438,2338,1716,4438,1388023.74,14236.84,98,231,203,3522,0,0,0,0,0,684,3370,0
185208,15,-0.07,-0.02,-0.55,-0.3,1,0.2,0.2,0.15,20,61.08,4402,4156,102,4054,969,0,1578,0,1507,0,0,246,36,4438,2476,1578,4438,1638239.6,16760.74,149,274,334,3297,0,0,0,0,969,0,3085,0
185209,15,-0.07,-0.02,-0.55,-0.3,1,0.2,0.2,0.15,30,55.93,4408,4162,205,3957,1307,966,778,0,906,0,0,246,30,4438,2213,1744,4438,1274376.88,13120.88,247,503,528,352,341,1986,0,0,1307,966,1684,0
185210,15,-0.07,-0.02,-0.55,-0.3,1,0.2,0.2,0.15,30,53.63,4404,4158,233,3925,0,983,837,0,2105,0,0,246,34,4438,2105,1820,4438,1122016.29,11674.98,98,231,203,152,157,3084,0,0,0,983,2942,0
185211,15,-0.07,-0.02,-0.55,-0.3,1,0.2,0.2,0.15,30,62.42,4400,4154,213,3941,1372,0,1481,0,1088,0,0,246,38,4438,2460,1481,4438,1940149.51,19899.67,149,274,334,212,219,2753,0,0,1372,0,2569,0
185212,15,-0.07,-0.02,-0.55,-0.3,1,0.2,0.2,0.15,40,54.49,4408,4162,209,3953,1480,1219,446,134,282,392,0,246,30,4438,2154,1799,4438,1215627.79,12551.64,247,503,528,352,341,302,274,1406,1480,1219,728,526
185213,15,-0.07,-0.02,-0.55,-0.3,1,0.2,0.2,0.15,40,50.78,4402,4156,239,3917,0,1260,522,146,646,1343,0,246,36,4438,1989,1928,4438,1015606.28,10539.89,98,231,203,152,157,142,192,2742,0,1260,1168,1489
185214,15,-0.07,-0.02,-0.55,-0.3,1,0.2,0.2,0.15,40,62.83,4400,4154,218,3936,1586,0,1086,377,316,571,0,246,38,4438,2473,1463,4438,2112458.42,21689.33,149,274,334,212,219,184,151,2413,1586,0,1402,948
185215,15,-0.07,-0.02,-0.55,-0.3,1,0.2,0.2,0.15,50,53.63,4408,4162,209,3953,1488,1271,0,562,0,632,0,246,30,4438,2120,1833,4438,1146915.87,11841.2,247,503,528,352,341,302,274,1406,1488,1271,0,1194
185216,15,-0.07,-0.02,-0.55,-0.3,1,0.2,0.2,0.15,50,49.37,4402,4156,239,3917,0,1321,0,662,0,1934,0,246,36,4438,1934,1983,4438,884539.43,9167.59,98,231,203,152,157,142,192,2742,0,1321,0,2596
185217,15,-0.07,-0.02,-0.55,-0.3,1,0.2,0.2,0.15,50,61.99,4400,4154,218,3936,1594,0,0,1496,0,846,0,246,38,4438,2440,1496,4438,1980651.81,20322.79,149,274,334,212,219,184,151,2413,1594,0,0,2342
185218,15,-0.07,-0.02,-0.55,-0.3,1,0.2,0.2,0.15,60,53.63,4408,4162,209,3953,1488,1271,0,562,0,632,0,246,30,4438,2120,1833,4438,1146915.87,11841.2,247,503,528,352,341,302,274,1406,1488,1271,0,1194
185219,15,-0.07,-0.02,-0.55,-0.3,1,0.2,0.2,0.15,60,49.37,4402,4156,239,3917,0,1321,0,662,0,1934,0,246,36,4438,1934,1983,4438,884539.43,9167.59,98,231,203,152,157,142,192,2742,0,1321,0,2596
185220,15,-0.07,-0.02,-0.55,-0.3,1,0.2,0.2,0.15,60,61.99,4400,4154,218,3936,1594,0,0,1496,0,846,0,246,38,4438,2440,1496,4438,1980651.81,20322.79,149,274,334,212,219,184,151,2413,1594,0,0,2342
185221,15,-0.07,-0.02,-0.55,-0.3,2,0.1,0.1,0.15,20,68.41,4408,4162,75,4087,2320,614,677,0,476,0,0,246,30,4438,2796,1291,4438,1297778.42,15396.71,1127,806,635,1519,0,0,0,0,2320,614,1153,0
185222,15,-0.07,-0.02,-0.55,-0.3,2,0.1,0.1,0.15,20,61.82,4407,4161,107,4054,0,684,864,0,2506,0,0,246,31,4438,2506,1548,4438,1973328.8,21365.46,98,231,203,3522,0,0,0,0,0,684,3370,0
185223,15,-0.07,-0.02,-0.55,-0.3,2,0.1,0.1,0.15,20,73.24,4402,4156,75,4081,2432,0,1092,0,557,0,0,246,36,4438,2989,1092,4438,1835539.06,18763.37,1034,607,503,1937,0,0,0,0,2432,0,1649,0
185224,15,-0.07,-0.02,-0.55,-0.3,2,0.1,0.1,0.15,30,69.75,4408,4162,129,4033,2627,816,404,0,186,0,0,246,30,4438,2813,1220,4438,1293651.47,16185.1,1127,806,635,366,300,799,0,0,2627,816,590,0
185225,15,-0.07,-0.02,-0.55,-0.3,2,0.1,0.1,0.15,30,56.46,4404,4158,233,3925,0,983,726,0,2216,0,0,246,34,4438,2216,1709,4438,1804414.94,20439.55,98,231,203,152,157,3084,0,0,0,983,2942,0
185226,15,-0.07,-0.02,-0.55,-0.3,2,0.1,0.1,0.15,30,78.55,4401,4155,136,4019,2884,0,862,0,273,0,0,246,37,4438,3157,862,4438,2350874.71,22321.43,1034,607,503,288,289,1298,0,0,2884,0,1135,0
185227,15,-0.07,-0.02,-0.55,-0.3,2,0.1,0.1,0.15,40,70.01,4408,4162,131,4031,2715,969,190,50,70,37,0,246,30,4438,2822,1209,4438,1180014.8,15910.27,1127,806,635,366,300,209,143,445,2715,969,260,87
185228,15,-0.07,-0.02,-0.55,-0.3,2,0.1,0.1,0.15,40,53.77,4402,4156,239,3917,0,1260,453,98,715,1391,0,246,36,4438,2106,1811,4438,1662826.97,20446.87,98,231,203,152,157,142,192,2742,0,1260,1168,1489
185229,15,-0.07,-0.02,-0.55,-0.3,2,0.1,0.1,0.15,40,81.08,4401,4155,139,4016,3078,0,586,174,93,85,0,246,37,4438,3256,760,4438,2563760.11,23750.56,1034,607,503,288,289,163,109,1023,3078,0,679,259
185230,15,-0.07,-0.02,-0.55,-0.3,2,0.1,0.1,0.15,50,69.56,4408,4162,131,4031,2719,987,0,240,0,85,0,246,30,4438,2804,1227,4438,1142912.95,15701.52,1127,806,635,366,300,209,143,445,2719,987,0,325
185231,15,-0.07,-0.02,-0.55,-0.3,2,0.1,0.1,0.15,50,52.03,4402,4156,239,3917,0,1321,0,558,0,2038,0,246,36,4438,2038,1879,4438,1483644.23,19138.98,98,231,203,152,157,142,192,2742,0,1321,0,2596
185232,15,-0.07,-0.02,-0.55,-0.3,2,0.1,0.1,0.15,50,80.95,4401,4155,139,4016,3083,0,0,765,0,168,0,246,37,4438,3251,765,4438,2463860.87,23222.11,1034,607,503,288,289,163,109,1023,3083,0,0,933
185233,15,-0.07,-0.02,-0.55,-0.3,2,0.1,0.1,0.15,60,69.56,4408,4162,131,4031,2719,987,0,240,0,85,0,246,30,4438,2804,1227,4438,1142912.95,15701.52,1127,806,635,366,300,209,143,445,2719,987,0,325
185234,15,-0.07,-0.02,-0.55,-0.3,2,0.1,0.1,0.15,60,52.03,4402,4156,239,3917,0,1321,0,558,0,2038,0,246,36,4438,2038,1879,4438,1483644.23,19138.98,98,231,203,152,157,142,192,2742,0,1321,0,2596
185235,15,-0.07,-0.02,-0.55,-0.3,2,0.1,0.1,0.15,60,80.95,4401,4155,139,4016,3083,0,0,765,0,168,0,246,37,4438,3251,765,4438,2463860.87,23222.11,1034,607,503,288,289,163,109,1023,3083,0,0,933
185236,15,-0.07,-0.02,-0.55,-0.3,2,0.1,0.2,0.15,20,62.51,4408,4162,102,4060,1029,678,844,0,1509,0,0,246,30,4438,2538,1522,4438,1871717.1,20510.29,250,521,563,2726,0,0,0,0,1029,678,2353,0
185237,15,-0.07,-0.02,-0.55,-0.3,2,0.1,0.2,0.15,20,61.82,4407,4161,107,4054,0,684,864,0,2506,0,0,246,31,4438,2506,1548,4438,1973328.8,21365.46,98,231,203,3522,0,0,0,0,0,684,3370,0
185238,15,-0.07,-0.02,-0.55,-0.3,2,0.1,0.2,0.15,20,67.41,4402,4156,102,4054,1070,0,1321,0,1663,0,0,246,36,4438,2733,1321,4438,2467591.27,24279.79,153,294,378,3229,0,0,0,0,1070,0,2984,0
185239,15,-0.07,-0.02,-0.55,-0.3,2,0.1,0.2,0.15,30,58.91,4408,4162,205,3957,1418,960,666,0,913,0,0,246,30,4438,2331,1626,4438,1907030.54,21525.39,250,521,563,373,368,1882,0,0,1418,960,1579,0
185240,15,-0.07,-0.02,-0.55,-0.3,2,0.1,0.2,0.15,30,56.46,4404,4158,233,3925,0,983,726,0,2216,0,0,246,34,4438,2216,1709,4438,1804414.94,20439.55,98,231,203,152,157,3084,0,0,0,983,2942,0
185241,15,-0.07,-0.02,-0.55,-0.3,2,0.1,0.2,0.15,30,68.28,4400,4154,213,3941,1542,0,1250,0,1149,0,0,246,38,4438,2691,1250,4438,3207828.79,29093.26,153,294,378,245,266,2605,0,0,1542,0,2399,0
185242,15,-0.07,-0.02,-0.55,-0.3,2,0.1,0.2,0.15,40,57.63,4408,4162,209,3953,1606,1207,376,92,318,354,0,246,30,4438,2278,1675,4438,1817656.52,21792.52,250,521,563,373,368,303,275,1300,1606,1207,694,446
185243,15,-0.07,-0.02,-0.55,-0.3,2,0.1,0.2,0.15,40,53.77,4402,4156,239,3917,0,1260,453,98,715,1391,0,246,36,4438,2106,1811,4438,1662826.97,20446.87,98,231,203,152,157,142,192,2742,0,1260,1168,1489
185244,15,-0.07,-0.02,-0.55,-0.3,2,0.1,0.2,0.15,40,69.39,4400,4154,218,3936,1799,0,948,257,392,540,0,246,38,4438,2731,1205,4438,3584227.21,31852.61,153,294,378,245,266,206,170,2224,1799,0,1340,797
185245,15,-0.07,-0.02,-0.55,-0.3,2,0.1,0.2,0.15,50,56.54,4408,4162,209,3953,1613,1257,0,461,0,622,0,246,30,4438,2235,1718,4438,1718070.47,21178.5,250,521,563,373,368,303,275,1300,1613,1257,0,1083
185246,15,-0.07,-0.02,-0.55,-0.3,2,0.1,0.2,0.15,50,52.03,4402,4156,239,3917,0,1321,0,558,0,2038,0,246,36,4438,2038,1879,4438,1483644.23,19138.98,98,231,203,152,157,142,192,2742,0,1321,0,2596
185247,15,-0.07,-0.02,-0.55,-0.3,2,0.1,0.2,0.15,50,68.8,4400,4154,218,3936,1807,0,0,1228,0,901,0,246,38,4438,2708,1228,4438,3368428.29,30633.94,153,294,378,245,266,206,170,2224,1807,0,0,2129
185248,15,-0.07,-0.02,-0.55,-0.3,2,0.1,0.2,0.15,60,56.54,4408,4162,209,3953,1613,1257,0,461,0,622,0,246,30,4438,2235,1718,4438,1718070.47,21178.5,250,521,563,373,368,303,275,1300,1613,1257,0,1083
185249,15,-0.07,-0.02,-0.55,-0.3,2,0.1,0.2,0.15,60,52.03,4402,4156,239,3917,0,1321,0,558,0,2038,0,246,36,4438,2038,1879,4438,1483644.23,19138.98,98,231,203,152,157,142,192,2742,0,1321,0,2596
185250,15,-0.07,-0.02,-0.55,-0.3,2,0.1,0.2,0.15,60,68.8,4400,4154,218,3936,1807,0,0,1228,0,901,0,246,38,4438,2708,1228,4438,3368428.29,30633.94,153,294,378,245,266,206,170,2224,1807,0,0,2129
185251,15,-0.07,-0.02,-0.55,-0.3,2,0.2,0.1,0.15,20,64.5,4408,4162,75,4087,2172,623,828,0,464,0,0,246,30,4438,2636,1451,4438,944900.05,9664.69,1083,761,597,1646,0,0,0,0,2172,623,1292,0
185252,15,-0.07,-0.02,-0.55,-0.3,2,0.2,0.1,0.15,20,57.67,4407,4161,107,4054,0,684,1032,0,2338,0,0,246,31,4438,2338,1716,4438,1388023.74,14236.84,98,231,203,3522,0,0,0,0,0,684,3370,0
185253,15,-0.07,-0.02,-0.55,-0.3,2,0.2,0.1,0.15,20,67.19,4402,4156,75,4081,2233,0,1339,0,509,0,0,246,36,4438,2742,1339,4438,1237862.84,12648.26,987,551,439,2104,0,0,0,0,2233,0,1848,0
185254,15,-0.07,-0.02,-0.55,-0.3,2,0.2,0.1,0.15,30,66.63,4408,4162,131,4031,2488,837,508,0,198,0,0,246,30,4438,2686,1345,4438,960111.22,9850.68,1083,761,597,354,295,941,0,0,2488,837,706,0
185255,15,-0.07,-0.02,-0.55,-0.3,2,0.2,0.1,0.15,30,53.63,4404,4158,233,3925,0,983,837,0,2105,0,0,246,34,4438,2105,1820,4438,1122016.29,11674.98,98,231,203,152,157,3084,0,0,0,983,2942,0
185256,15,-0.07,-0.02,-0.55,-0.3,2,0.2,0.1,0.15,30,72.68,4401,4155,139,4016,2642,0,1097,0,277,0,0,246,37,4438,2919,1097,4438,1538906.06,15743.27,987,551,439,256,237,1546,0,0,2642,0,1374,0
185257,15,-0.07,-0.02,-0.55,-0.3,2,0.2,0.1,0.15,40,66.94,4408,4162,133,4029,2586,1009,245,78,61,50,0,246,30,4438,2697,1332,4438,879543.41,9024.3,1083,761,597,354,295,235,163,541,2586,1009,306,128
185258,15,-0.07,-0.02,-0.55,-0.3,2,0.2,0.1,0.15,40,50.78,4402,4156,239,3917,0,1260,522,146,646,1343,0,246,36,4438,1989,1928,4438,1015606.28,10539.89,98,231,203,152,157,142,192,2742,0,1260,1168,1489
185259,15,-0.07,-0.02,-0.55,-0.3,2,0.2,0.1,0.15,40,74.76,4401,4155,142,4013,2811,0,724,289,76,113,0,246,37,4438,3000,1013,4438,1623070.13,16588.96,987,551,439,256,237,172,95,1276,2811,0,800,402
185260,15,-0.07,-0.02,-0.55,-0.3,2,0.2,0.1,0.15,50,66.74,4408,4162,133,4029,2589,1030,0,310,0,100,0,246,30,4438,2689,1340,4438,852662.37,8746.93,1083,761,597,354,295,235,163,541,2589,1030,0,410
185261,15,-0.07,-0.02,-0.55,-0.3,2,0.2,0.1,0.15,50,49.37,4402,4156,239,3917,0,1321,0,662,0,1934,0,246,36,4438,1934,1983,4438,884539.43,9167.59,98,231,203,152,157,142,192,2742,0,1321,0,2596
185262,15,-0.07,-0.02,-0.55,-0.3,2,0.2,0.1,0.15,50,74.58,4401,4155,142,4013,2815,0,0,1020,0,178,0,246,37,4438,2993,1020,4438,1558551.68,15919.47,987,551,439,256,237,172,95,1276,2815,0,0,1198
185263,15,-0.07,-0.02,-0.55,-0.3,2,0.2,0.1,0.15,60,66.74,4408,4162,133,4029,2589,1030,0,310,0,100,0,246,30,4438,2689,1340,4438,852662.37,8746.93,1083,761,597,354,295,235,163,541,2589,1030,0,410
185264,15,-0.07,-0.02,-0.55,-0.3,2,0.2,0.1,0.15,60,49.37,4402,4156,239,3917,0,1321,0,662,0,1934,0,246,36,4438,1934,1983,4438,884539.43,9167.59,98,231,203,152,157,142,192,2742,0,1321,0,2596
185265,15,-0.07,-0.02,-0.55,-0.3,2,0.2,0.1,0.15,60,74.58,4401,4155,142,4013,2815,0,0,1020,0,178,0,246,37,4438,2993,1020,4438,1558551.68,15919.47,987,551,439,256,237,172,95,1276,2815,0,0,1198
185266,15,-0.07,-0.02,-0.55,-0.3,2,0.2,0.2,0.15,20,58.37,4408,4162,102,4060,951,679,1011,0,1419,0,0,246,30,4438,2370,1690,4438,1326223.01,13576.3,247,503,528,2782,0,0,0,0,951,679,2430,0
185267,15,-0.07,-0.02,-0.55,-0.3,2,0.2,0.2,0.15,20,57.67,4407,4161,107,4054,0,684,1032,0,2338,0,0,246,31,4438,2338,1716,4438,1388023.74,14236.84,98,231,203,3522,0,0,0,0,0,684,3370,0
185268,15,-0.07,-0.02,-0.55,-0.3,2,0.2,0.2,0.15,20,61.08,4402,4156,102,4054,969,0,1578,0,1507,0,0,246,36,4438,2476,1578,4438,1638239.6,16760.74,149,274,334,3297,0,0,0,0,969,0,3085,0
185269,15,-0.07,-0.02,-0.55,-0.3,2,0.2,0.2,0.15,30,55.93,4408,4162,205,3957,1307,966,778,0,906,0,0,246,30,4438,2213,1744,4438,1274376.88,13120.88,247,503,528,352,341,1986,0,0,1307,966,1684,0
185270,15,-0.07,-0.02,-0.55,-0.3,2,0.2,0.2,0.15,30,53.63,4404,4158,233,3925,0,983,837,0,2105,0,0,246,34,4438,2105,1820,4438,1122016.29,11674.98,98,231,203,152,157,3084,0,0,0,983,2942,0
185271,15,-0.07,-0.02,-0.55,-0.3,2,0.2,0.2,0.15,30,62.42,4400,4154,213,3941,1372,0,1481,0,1088,0,0,246,38,4438,2460,1481,4438,1940149.51,19899.67,149,274,334,212,219,2753,0,0,1372,0,2569,0
185272,15,-0.07,-0.02,-0.55,-0.3,2,0.2,0.2,0.15,40,54.49,4408,4162,209,3953,1480,1219,446,134,282,392,0,246,30,4438,2154,1799,4438,1215627.79,12551.64,247,503,528,352,341,302,274,1406,1480,1219,728,526
185273,15,-0.07,-0.02,-0.55,-0.3,2,0.2,0.2,0.15,40,50.78,4402,4156,239,3917,0,1260,522,146,646,1343,0,246,36,4438,1989,1928,4438,1015606.28,10539.89,98,231,203,152,157,142,192,2742,0,1260,1168,1489
185274,15,-0.07,-0.02,-0.55,-0.3,2,0.2,0.2,0.15,40,62.83,4400,4154,218,3936,1586,0,1086,377,316,571,0,246,38,4438,2473,1463,4438,2112458.42,21689.33,149,274,334,212,219,184,151,2413,1586,0,1402,948
185275,15,-0.07,-0.02,-0.55,-0.3,2,0.2,0.2,0.15,50,53.63,4408,4162,209,3953,1488,1271,0,562,0,632,0,246,30,4438,2120,1833,4438,1146915.87,11841.2,247,503,528,352,341,302,274,1406,1488,1271,0,1194
185276,15,-0.07,-0.02,-0.55,-0.3,2,0.2,0.2,0.15,50,49.37,4402,4156,239,3917,0,1321,0,662,0,1934,0,246,36,4438,1934,1983,4438,884539.43,9167.59,98,231,203,152,157,142,192,2742,0,1321,0,2596
185277,15,-0.07,-0.02,-0.55,-0.3,2,0.2,0.2,0.15,50,61.99,4400,4154,218,3936,1594,0,0,1496,0,846,0,246,38,4438,2440,1496,4438,1980651.81,20322.79,149,274,334,212,219,184,151,2413,1594,0,0,2342
185278,15,-0.07,-0.02,-0.55,-0.3,2,0.2,0.2,0.15,60,53.63,4408,4162,209,3953,1488,1271,0,562,0,632,0,246,30,4438,2120,1833,4438,1146915.87,11841.2,247,503,528,352,341,302,274,1406,1488,1271,0,1194
185279,15,-0.07,-0.02,-0.55,-0.3,2,0.2,0.2,0.15,60,49.37,4402,4156,239,3917,0,1321,0,662,0,1934,0,246,36,4438,1934,1983,4438,884539.43,9167.59,98,231,203,152,157,142,192,2742,0,1321,0,2596
185280,15,-0.07,-0.02,-0.55,-0.3,2,0.2,0.2,0.15,60,61.99,4400,4154,218,3936,1594,0,0,1496,0,846,0,246,38,4438,2440,1496,4438,1980651.81,20322.79,149,274,334,212,219,184,151,2413,1594,0,0,2342
185281,15,-0.07,-0.02,-0.55,-0.25,1,0.1,0.1,0.15,20,63.08,5402,5143,86,5057,2568,776,1091,0,622,0,0,259,42,5444,3190,1867,5444,1018493.53,10383.36,1272,892,733,2160,0,0,0,0,2568,776,1713,0
185282,15,-0.07,-0.02,-0.55,-0.25,1,0.1,0.1,0.15,20,56.05,5401,5142,123,5019,0,861,1345,0,2813,0,0,259,43,5444,2813,2206,5444,1361564.86,13924.84,132,255,289,4343,0,0,0,0,0,861,4158,0
185283,15,-0.07,-0.02,-0.55,-0.25,1,0.1,0.1,0.15,20,65.4,5394,5135,86,5049,2633,0,1747,0,669,0,0,259,50,5444,3302,1747,5444,1343956.43,13685.23,1144,661,507,2737,0,0,0,0,2633,0,2416,0
185284,15,-0.07,-0.02,-0.55,-0.25,1,0.1,0.1,0.15,30,64.85,5402,5143,158,4985,2949,1048,704,0,284,0,0,259,42,5444,3233,1752,5444,1028163.53,10542.76,1272,892,733,447,366,1275,0,0,2949,1048,988,0
185285,15,-0.07,-0.02,-0.55,-0.25,1,0.1,0.1,0.15,30,51.94,5398,5139,272,4867,0,1237,1102,0,2528,0,0,259,46,5444,2528,2339,5444,1044639.08,10915.57,132,255,289,185,210,3796,0,0,0,1237,3630,0
185286,15,-0.07,-0.02,-0.55,-0.25,1,0.1,0.1,0.15,30,70.22,5392,5133,166,4967,3117,0,1479,0,371,0,0,259,52,5444,3488,1479,5444,1669327.56,17056.99,1144,661,507,321,275,2059,0,0,3117,0,1850,0
185287,15,-0.07,-0.02,-0.55,-0.25,1,0.1,0.1,0.15,40,65.13,5402,5143,161,4982,3080,1259,361,117,92,73,0,259,42,5444,3245,1737,5444,928294.77,9496.96,1272,892,733,447,366,287,201,784,3080,1259,453,190
185288,15,-0.07,-0.02,-0.55,-0.25,1,0.1,0.1,0.15,40,49.3,5396,5137,279,4858,0,1567,698,198,798,1597,0,259,48,5444,2395,2463,5444,879852.21,9164.71,132,255,289,185,210,166,230,3391,0,1567,1496,1795
185289,15,-0.07,-0.02,-0.55,-0.25,1,0.1,0.1,0.15,40,72.23,5392,5133,170,4963,3331,0,982,396,108,146,0,259,52,5444,3585,1378,5444,1776651.23,18133.12,1144,661,507,321,275,209,117,1729,3331,0,1090,542
185290,15,-0.07,-0.02,-0.55,-0.25,1,0.1,0.1,0.15,50,64.93,5402,5143,161,4982,3086,1286,0,461,0,149,0,259,42,5444,3235,1747,5444,892703.81,9130.41,1272,892,733,447,366,287,201,784,3086,1286,0,610
185291,15,-0.07,-0.02,-0.55,-0.25,1,0.1,0.1,0.15,50,48.07,5396,5137,279,4858,0,1642,0,881,0,2335,0,259,48,5444,2335,2523,5444,725691.95,7556.22,132,255,289,185,210,166,230,3391,0,1642,0,3216
185292,15,-0.07,-0.02,-0.55,-0.25,1,0.1,0.1,0.15,50,72.09,5392,5133,170,4963,3338,0,0,1385,0,240,0,259,52,5444,3578,1385,5444,1695423.77,17294.35,1144,661,507,321,275,209,117,1729,3338,0,0,1625
185293,15,-0.07,-0.02,-0.55,-0.25,1,0.1,0.1,0.15,60,64.93,5402,5143,161,4982,3086,1286,0,461,0,149,0,259,42,5444,3235,1747,5444,892703.81,9130.41,1272,892,733,447,366,287,201,784,3086,1286,0,610
185294,15,-0.07,-0.02,-0.55,-0.25,1,0.1,0.1,0.15,60,48.07,5396,5137,279,4858,0,1642,0,881,0,2335,0,259,48,5444,2335,2523,5444,725691.95,7556.22,132,255,289,185,210,166,230,3391,0,1642,0,3216
185295,15,-0.07,-0.02,-0.55,-0.25,1,0.1,0.1,0.15,60,72.09,5392,5133,170,4963,3338,0,0,1385,0,240,0,259,52,5444,3578,1385,5444,1695423.77,17294.35,1144,661,507,321,275,209,117,1729,3338,0,0,1625
185296,15,-0.07,-0.02,-0.55,-0.25,1,0.1,0.2,0.15,20,56.78,5402,5143,117,5026,1055,855,1317,0,1799,0,0,259,42,5444,2854,2172,5444,1345165.61,13741.22,297,559,637,3533,0,0,0,0,1055,855,3116,0
185297,15,-0.07,-0.02,-0.55,-0.25,1,0.1,0.2,0.15,20,56.05,5401,5142,123,5019,0,861,1345,0,2813,0,0,259,43,5444,2813,2206,5444,1361564.86,13924.84,132,255,289,4343,0,0,0,0,0,861,4158,0
185298,15,-0.07,-0.02,-0.55,-0.25,1,0.1,0.2,0.15,20,59.09,5394,5135,117,5018,1074,0,2053,0,1891,0,0,259,50,5444,2965,2053,5444,1670275.84,17046.6,165,306,359,4188,0,0,0,0,1074,0,3944,0
185299,15,-0.07,-0.02,-0.55,-0.25,1,0.1,0.2,0.15,30,54.18,5402,5143,241,4902,1469,1214,1032,0,1187,0,0,259,42,5444,2656,2246,5444,1282083.06,13208.58,297,559,637,417,426,2566,0,0,1469,1214,2219,0
185300,15,-0.07,-0.02,-0.55,-0.25,1,0.1,0.2,0.15,30,51.94,5398,5139,272,4867,0,1237,1102,0,2528,0,0,259,46,5444,2528,2339,5444,1044639.08,10915.57,132,255,289,185,210,3796,0,0,0,1237,3630,0
185301,15,-0.07,-0.02,-0.55,-0.25,1,0.1,0.2,0.15,30,59.92,5391,5132,249,4883,1535,0,1957,0,1391,0,0,259,53,5444,2926,1957,5444,1995355.54,20458.03,165,306,359,244,256,3553,0,0,1535,0,3348,0
185302,15,-0.07,-0.02,-0.55,-0.25,1,0.1,0.2,0.15,40,52.77,5402,5143,246,4897,1676,1518,609,186,384,524,0,259,42,5444,2584,2313,5444,1191925.32,12321.11,297,559,637,417,426,347,334,1880,1676,1518,993,710
185303,15,-0.07,-0.02,-0.55,-0.25,1,0.1,0.2,0.15,40,49.3,5396,5137,279,4858,0,1567,698,198,798,1597,0,259,48,5444,2395,2463,5444,879852.21,9164.71,132,255,289,185,210,166,230,3391,0,1567,1496,1795
185304,15,-0.07,-0.02,-0.55,-0.25,1,0.1,0.2,0.15,40,60.32,5391,5132,255,4877,1789,0,1432,503,428,725,0,259,53,5444,2942,1935,5444,2186908.86,22463.4,165,306,359,244,256,205,184,3158,1789,0,1860,1228
185305,15,-0.07,-0.02,-0.55,-0.25,1,0.1,0.2,0.15,50,51.99,5402,5143,246,4897,1684,1582,0,769,0,862,0,259,42,5444,2546,2351,5444,1107498.21,11454.73,297,559,637,417,426,347,334,1880,1684,1582,0,1631
185306,15,-0.07,-0.02,-0.55,-0.25,1,0.1,0.2,0.15,50,48.07,5396,5137,279,4858,0,1642,0,881,0,2335,0,259,48,5444,2335,2523,5444,725691.95,7556.22,132,255,289,185,210,166,230,3391,0,1642,0,3216
185307,15,-0.07,-0.02,-0.55,-0.25,1,0.1,0.2,0.15,50,59.61,5391,5132,255,4877,1798,0,0,1970,0,1109,0,259,53,5444,2907,1970,5444,2032071.27,20870.73,165,306,359,244,256,205,184,3158,1798,0,0,3079
185308,15,-0.07,-0.02,-0.55,-0.25,1,0.1,0.2,0.15,60,51.99,5402,5143,246,4897,1684,1582,0,769,0,862,0,259,42,5444,2546,2351,5444,1107498.21,11454.73,297,559,637,417,426,347,334,1880,1684,1582,0,1631
185309,15,-0.07,-0.02,-0.55,-0.25,1,0.1,0.2,0.15,60,48.07,5396,5137,279,4858,0,1642,0,881,0,2335,0,259,48,5444,2335,2523,5444,725691.95,7556.22,132,255,289,185,210,166,230,3391,0,1642,0,3216
185310,15,-0.07,-0.02,-0.55,-0.25,1,0.1,0.2,0.15,60,59.61,5391,5132,255,4877,1798,0,0,1970,0,1109,0,259,53,5444,2907,1970,5444,2032071.27,20870.73,165,306,359,244,256,205,184,3158,1798,0,0,3079
185311,15,-0.07,-0.02,-0.55,-0.25,1,0.2,0.1,0.15,20,63.08,5402,5143,86,5057,2568,776,1091,0,622,0,0,259,42,5444,3190,1867,5444,1018493.53,10383.36,1272,892,733,2160,0,0,0,0,2568,776,1713,0
185312,15,-0.07,-0.02,-0.55,-0.25,1,0.2,0.1,0.15,20,56.05,5401,5142,123,5019,0,861,1345,0,2813,0,0,259,43,5444,2813,2206,5444,1361564.86,13924.84,132,255,289,4343,0,0,0,0,0,861,4158,0
185313,15,-0.07,-0.02,-0.55,-0.25,1,0.2,0.1,0.15,20,65.4,5394,5135,86,5049,2633,0,1747,0,669,0,0,259,50,5444,3302,1747,5444,1343956.43,13685.23,1144,661,507,2737,0,0,0,0,2633,0,2416,0
185314,15,-0.07,-0.02,-0.55,-0.25,1,0.2,0.1,0.15,30,64.85,5402,5143,158,4985,2949,1048,704,0,284,0,0,259,42,5444,3233,1752,5444,1028163.53,10542.76,1272,892,733,447,366,1275,0,0,2949,1048,988,0
185315,15,-0.07,-0.02,-0.55,-0.25,1,0.2,0.1,0.15,30,51.94,5398,5139,272,4867,0,1237,1102,0,2528,0,0,259,46,5444,2528,2339,5444,1044639.08,10915.57,132,255,289,185,210,3796,0,0,0,1237,3630,0
185316,15,-0.07,-0.02,-0.55,-0.25,1,0.2,0.1,0.15,30,70.22,5392,5133,166,4967,3117,0,1479,0,371,0,0,259,52,5444,3488,1479,5444,1669327.56,17056.99,1144,661,507,321,275,2059,0,0,3117,0,1850,0
185317,15,-0.07,-0.02,-0.55,-0.25,1,0.2,0.1,0.15,40,65.13,5402,5143,161,4982,3080,1259,361,117,92,73,0,259,42,5444,3245,1737,5444,928294.77,9496.96,1272,892,733,447,366,287,201,784,3080,1259,453,190
185318,15,-0.07,-0.02,-0.55,-0.25,1,0.2,0.1,0.15,40,49.3,5396,5137,279,4858,0,1567,698,198,798,1597,0,259,48,5444,2395,2463,5444,879852.21,9164.71,132,255,289,185,210,166,230,3391,0,1567,1496,1795
185319,15,-0.07,-0.02,-0.55,-0.25,1,0.2,0.1,0.15,40,72.23,5392,5133,170,4963,3331,0,982,396,108,146,0,259,52,5444,3585,1378,5444,1776651.23,18133.12,1144,661,507,321,275,209,117,1729,3331,0,1090,542
185320,15,-0.07,-0.02,-0.55,-0.25,1,0.2,0.1,0.15,50,64.93,5402,5143,161,4982,3086,1286,0,461,0,149,0,259,42,5444,3235,1747,5444,892703.81,9130.41,1272,892,733,447,366,287,201,784,3086,1286,0,610
185321,15,-0.07,-0.02,-0.55,-0.25,1,0.2,0.1,0.15,50,48.07,5396,5137,279,4858,0,1642,0,881,0,2335,0,259,48,5444,2335,2523,5444,725691.95,7556.22,132,255,289,185,210,166,230,3391,0,1642,0,3216
185322,15,-0.07,-0.02,-0.55,-0.25,1,0.2,0.1,0.15,50,72.09,5392,5133,170,4963,3338,0,0,1385,0,240,0,259,52,5444,3578,1385,5444,1695423.77,17294.35,1144,661,507,321,275,209,117,1729,3338,0,0,1625
185323,15,-0.07,-0.02,-0.55,-0.25,1,0.2,0.1,0.15,60,64.93,5402,5143,161,4982,3086,1286,0,461,0,149,0,259,42,5444,3235,1747,5444,892703.81,9130.41,1272,892,733,447,366,287,201,784,3086,1286,0,610
185324,15,-0.07,-0.02,-0.55,-0.25,1,0.2,0.1,0.15,60,48.07,5396,5137,279,4858,0,1642,0,881,0,2335,0,259,48,5444,2335,2523,5444,725691.95,7556.22,132,255,289,185,210,166,230,3391,0,1642,0,3216
185325,15,-0.07,-0.02,-0.55,-0.25,1,0.2,0.1,0.15,60,72.09,5392,5133,170,4963,3338,0,0,1385,0,240,0,259,52,5444,3578,1385,5444,1695423.77,17294.35,1144,661,507,321,275,209,117,1729,3338,0,0,1625
185326,15,-0.07,-0.02,-0.55,-0.25,1,0.2,0.2,0.15,20,56.78,5402,5143,117,5026,1055,855,1317,0,1799,0,0,259,42,5444,2854,2172,5444,1345165.61,13741.22,297,559,637,3533,0,0,0,0,1055,855,3116,0
185327,15,-0.07,-0.02,-0.55,-0.25,1,0.2,0.2,0.15,20,56.05,5401,5142,123,5019,0,861,1345,0,2813,0,0,259,43,5444,2813,2206,5444,1361564.86,13924.84,132,255,289,4343,0,0,0,0,0,861,4158,0
185328,15,-0.07,-0.02,-0.55,-0.25,1,0.2,0.2,0.15,20,59.09,5394,5135,117,5018,1074,0,2053,0,1891,0,0,259,50,5444,2965,2053,5444,1670275.84,17046.6,165,306,359,4188,0,0,0,0,1074,0,3944,0
185329,15,-0.07,-0.02,-0.55,-0.25,1,0.2,0.2,0.15,30,54.18,5402,5143,241,4902,1469,1214,1032,0,1187,0,0,259,42,5444,2656,2246,5444,1282083.06,13208.58,297,559,637,417,426,2566,0,0,1469,1214,2219,0
185330,15,-0.07,-0.02,-0.55,-0.25,1,0.2,0.2,0.15,30,51.94,5398,5139,272,4867,0,1237,1102,0,2528,0,0,259,46,5444,2528,2339,5444,1044639.08,10915.57,132,255,289,185,210,3796,0,0,0,1237,3630,0
185331,15,-0.07,-0.02,-0.55,-0.25,1,0.2,0.2,0.15,30,59.92,5391,5132,249,4883,1535,0,1957,0,1391,0,0,259,53,5444,2926,1957,5444,1995355.54,20458.03,165,306,359,244,256,3553,0,0,1535,0,3348,0
185332,15,-0.07,-0.02,-0.55,-0.25,1,0.2,0.2,0.15,40,52.77,5402,5143,246,4897,1676,1518,609,186,384,524,0,259,42,5444,2584,2313,5444,1191925.32,12321.11,297,559,637,417,426,347,334,1880,1676,1518,993,710
185333,15,-0.07,-0.02,-0.55,-0.25,1,0.2,0.2,0.15,40,49.3,5396,5137,279,4858,0,1567,698,198,798,1597,0,259,48,5444,2395,2463,5444,879852.21,9164.71,132,255,289,185,210,166,230,3391,0,1567,1496,1795
185334,15,-0.07,-0.02,-0.55,-0.25,1,0.2,0.2,0.15,40,60.32,5391,5132,255,4877,1789,0,1432,503,428,725,0,259,53,5444,2942,1935,5444,2186908.86,22463.4,165,306,359,244,256,205,184,3158,1789,0,1860,1228
185335,15,-0.07,-0.02,-0.55,-0.25,1,0.2,0.2,0.15,50,51.99,5402,5143,246,4897,1684,1582,0,769,0,862,0,259,42,5444,2546,2351,5444,1107498.21,11454.73,297,559,637,417,426,347,334,1880,1684,1582,0,1631
185336,15,-0.07,-0.02,-0.55,-0.25,1,0.2,0.2,0.15,50,48.07,5396,5137,279,4858,0,1642,0,881,0,2335,0,259,48,5444,2335,2523,5444,725691.95,7556.22,132,255,289,185,210,166,230,3391,0,1642,0,3216
185337,15,-0.07,-0.02,-0.55,-0.25,1,0.2,0.2,0.15,50,59.61,5391,5132,255,4877,1798,0,0,1970,0,1109,0,259,53,5444,2907,1970,5444,2032071.27,20870.73,165,306,359,244,256,205,184,3158,1798,0,0,3079
185338,15,-0.07,-0.02,-0.55,-0.25,1,0.2,0.2,0.15,60,51.99,5402,5143,246,4897,1684,1582,0,769,0,862,0,259,42,5444,2546,2351,5444,1107498.21,11454.73,297,559,637,417,426,347,334,1880,1684,1582,0,1631
185339,15,-0.07,-0.02,-0.55,-0.25,1,0.2,0.2,0.15,60,48.07,5396,5137,279,4858,0,1642,0,881,0,2335,0,259,48,5444,2335,2523,5444,725691.95,7556.22,132,255,289,185,210,166,230,3391,0,1642,0,3216
185340,15,-0.07,-0.02,-0.55,-0.25,1,0.2,0.2,0.15,60,59.61,5391,5132,255,4877,1798,0,0,1970,0,1109,0,259,53,5444,2907,1970,5444,2032071.27,20870.73,165,306,359,244,256,205,184,3158,1798,0,0,3079
185341,15,-0.07,-0.02,-0.55,-0.25,2,0.1,0.1,0.15,20,66.8,5402,5143,86,5057,2750,763,916,0,628,0,0,259,42,5444,3378,1679,5444,1410456.37,17623.75,1322,946,778,2011,0,0,0,0,2750,763,1544,0
185342,15,-0.07,-0.02,-0.55,-0.25,2,0.1,0.1,0.15,20,59.95,5401,5142,123,5019,0,861,1149,0,3009,0,0,259,43,5444,3009,2010,5444,1977193.91,22674.43,132,255,289,4343,0,0,0,0,0,861,4158,0
185343,15,-0.07,-0.02,-0.55,-0.25,2,0.1,0.1,0.15,20,71.2,5394,5135,86,5049,2874,0,1454,0,721,0,0,259,50,5444,3595,1454,5444,2008490.81,21416.32,1198,727,584,2540,0,0,0,0,2874,0,2175,0
185344,15,-0.07,-0.02,-0.55,-0.25,2,0.1,0.1,0.15,30,68.33,5402,5143,154,4989,3125,1018,562,0,284,0,0,259,42,5444,3409,1580,5444,1416746.69,18709.21,1322,946,778,467,366,1110,0,0,3125,1018,846,0
185345,15,-0.07,-0.02,-0.55,-0.25,2,0.1,0.1,0.15,30,55.04,5398,5139,272,4867,0,1237,951,0,2679,0,0,259,46,5444,2679,2188,5444,1779570.24,21748.41,132,255,289,185,210,3796,0,0,0,1237,3630,0
185346,15,-0.07,-0.02,-0.55,-0.25,2,0.1,0.1,0.15,30,76.25,5392,5133,161,4972,3411,0,1181,0,380,0,0,259,52,5444,3791,1181,5444,2578380.68,25531.87,1198,727,584,365,326,1772,0,0,3411,0,1561,0
185347,15,-0.07,-0.02,-0.55,-0.25,2,0.1,0.1,0.15,40,68.69,5402,5143,157,4986,3248,1208,283,70,115,62,0,259,42,5444,3425,1561,5444,1283814.58,18425.25,1322,946,778,467,366,264,182,661,3248,1208,398,132
185348,15,-0.07,-0.02,-0.55,-0.25,2,0.1,0.1,0.15,40,52.55,5396,5137,279,4858,0,1567,605,133,891,1662,0,259,48,5444,2553,2305,5444,1574804.56,21401.31,132,255,289,185,210,166,230,3391,0,1567,1496,1795
185349,15,-0.07,-0.02,-0.55,-0.25,2,0.1,0.1,0.15,40,79.09,5392,5133,165,4968,3655,0,797,242,150,124,0,259,52,5444,3929,1039,5444,2853299.15,27390.88,1198,727,584,365,326,211,133,1424,3655,0,947,366
185350,15,-0.07,-0.02,-0.55,-0.25,2,0.1,0.1,0.15,50,68.23,5402,5143,157,4986,3255,1230,0,354,0,147,0,259,42,5444,3402,1584,5444,1231063.31,18142.52,1322,946,778,467,366,264,182,661,3255,1230,0,501
185351,15,-0.07,-0.02,-0.55,-0.25,2,0.1,0.1,0.15,50,51.05,5396,5137,279,4858,0,1642,0,736,0,2480,0,259,48,5444,2480,2378,5444,1359903.51,19865.99,132,255,289,185,210,166,230,3391,0,1642,0,3216
185352,15,-0.07,-0.02,-0.55,-0.25,2,0.1,0.1,0.15,50,78.9,5392,5133,165,4968,3663,0,0,1048,0,257,0,259,52,5444,3920,1048,5444,2723212.41,26715.8,1198,727,584,365,326,211,133,1424,3663,0,0,1305
185353,15,-0.07,-0.02,-0.55,-0.25,2,0.1,0.1,0.15,60,68.23,5402,5143,157,4986,3255,1230,0,354,0,147,0,259,42,5444,3402,1584,5444,1231063.31,18142.52,1322,946,778,467,366,264,182,661,3255,1230,0,501
185354,15,-0.07,-0.02,-0.55,-0.25,2,0.1,0.1,0.15,60,51.05,5396,5137,279,4858,0,1642,0,736,0,2480,0,259,48,5444,2480,2378,5444,1359903.51,19865.99,132,255,289,185,210,166,230,3391,0,1642,0,3216
185355,15,-0.07,-0.02,-0.55,-0.25,2,0.1,0.1,0.15,60,78.9,5392,5133,165,4968,3663,0,0,1048,0,257,0,259,52,5444,3920,1048,5444,2723212.41,26715.8,1198,727,584,365,326,211,133,1424,3663,0,0,1305
185356,15,-0.07,-0.02,-0.55,-0.25,2,0.1,0.2,0.15,20,60.66,5402,5143,117,5026,1139,854,1123,0,1910,0,0,259,42,5444,3049,1977,5444,1915911.76,22251.09,300,578,673,3475,0,0,0,0,1139,854,3033,0
185357,15,-0.07,-0.02,-0.55,-0.25,2,0.1,0.2,0.15,20,59.95,5401,5142,123,5019,0,861,1149,0,3009,0,0,259,43,5444,3009,2010,5444,1977193.91,22674.43,132,255,289,4343,0,0,0,0,0,861,4158,0
185358,15,-0.07,-0.02,-0.55,-0.25,2,0.1,0.2,0.15,20,65.11,5394,5135,117,5018,1181,0,1751,0,2086,0,0,259,50,5444,3267,1751,5444,2529512.74,26252.68,169,328,403,4118,0,0,0,0,1181,0,3837,0
185359,15,-0.07,-0.02,-0.55,-0.25,2,0.1,0.2,0.15,30,57.41,5402,5143,241,4902,1600,1208,880,0,1214,0,0,259,42,5444,2814,2088,5444,1967919.65,23637.25,300,578,673,442,461,2448,0,0,1600,1208,2094,0
185360,15,-0.07,-0.02,-0.55,-0.25,2,0.1,0.2,0.15,30,55.04,5398,5139,272,4867,0,1237,951,0,2679,0,0,259,46,5444,2679,2188,5444,1779570.24,21748.41,132,255,289,185,210,3796,0,0,0,1237,3630,0
185361,15,-0.07,-0.02,-0.55,-0.25,2,0.1,0.2,0.15,30,65.88,5391,5132,249,4883,1734,0,1666,0,1483,0,0,259,53,5444,3217,1666,5444,3352473.88,31865.04,169,328,403,281,314,3388,0,0,1734,0,3149,0
185362,15,-0.07,-0.02,-0.55,-0.25,2,0.1,0.2,0.15,40,56.16,5402,5143,246,4897,1827,1505,515,127,434,489,0,259,42,5444,2750,2147,5444,1849906.23,23871.24,300,578,673,442,461,354,334,1755,1827,1505,949,616
185363,15,-0.07,-0.02,-0.55,-0.25,2,0.1,0.2,0.15,40,52.55,5396,5137,279,4858,0,1567,605,133,891,1662,0,259,48,5444,2553,2305,5444,1574804.56,21401.31,132,255,289,185,210,166,230,3391,0,1567,1496,1795
185364,15,-0.07,-0.02,-0.55,-0.25,2,0.1,0.2,0.15,40,67.3,5391,5132,255,4877,2043,0,1249,346,530,709,0,259,53,5444,3282,1595,5444,3817292.4,35190.58,169,328,403,281,314,239,208,2935,2043,0,1779,1055
185365,15,-0.07,-0.02,-0.55,-0.25,2,0.1,0.2,0.15,50,55.2,5402,5143,246,4897,1835,1567,0,627,0,868,0,259,42,5444,2703,2194,5444,1724671.41,23113.54,300,578,673,442,461,354,334,1755,1835,1567,0,1495
185366,15,-0.07,-0.02,-0.55,-0.25,2,0.1,0.2,0.15,50,51.05,5396,5137,279,4858,0,1642,0,736,0,2480,0,259,48,5444,2480,2378,5444,1359903.51,19865.99,132,255,289,185,210,166,230,3391,0,1642,0,3216
185367,15,-0.07,-0.02,-0.55,-0.25,2,0.1,0.2,0.15,50,66.8,5391,5132,255,4877,2052,0,0,1619,0,1206,0,259,53,5444,3258,1619,5444,3552161.57,33750.02,169,328,403,281,314,239,208,2935,2052,0,0,2825
185368,15,-0.07,-0.02,-0.55,-0.25,2,0.1,0.2,0.15,60,55.2,5402,5143,246,4897,1835,1567,0,627,0,868,0,259,42,5444,2703,2194,5444,1724671.41,23113.54,300,578,673,442,461,354,334,1755,1835,1567,0,1495
185369,15,-0.07,-0.02,-0.55,-0.25,2,0.1,0.2,0.15,60,51.05,5396,5137,279,4858,0,1642,0,736,0,2480,0,259,48,5444,2480,2378,5444,1359903.51,19865.99,132,255,289,185,210,166,230,3391,0,1642,0,3216
185370,15,-0.07,-0.02,-0.55,-0.25,2,0.1,0.2,0.15,60,66.8,5391,5132,255,4877,2052,0,0,1619,0,1206,0,259,53,5444,3258,1619,5444,3552161.57,33750.02,169,328,403,281,314,239,208,2935,2052,0,0,2825
185371,15,-0.07,-0.02,-0.55,-0.25,2,0.2,0.1,0.15,20,63.08,5402,5143,86,5057,2568,776,1091,0,622,0,0,259,42,5444,3190,1867,5444,1018493.53,10383.36,1272,892,733,2160,0,0,0,0,2568,776,1713,0
185372,15,-0.07,-0.02,-0.55,-0.25,2,0.2,0.1,0.15,20,56.05,5401,5142,123,5019,0,861,1345,0,2813,0,0,259,43,5444,2813,2206,5444,1361564.86,13924.84,132,255,289,4343,0,0,0,0,0,861,4158,0
185373,15,-0.07,-0.02,-0.55,-0.25,2,0.2,0.1,0.15,20,65.4,5394,5135,86,5049,2633,0,1747,0,669,0,0,259,50,5444,3302,1747,5444,1343956.43,13685.23,1144,661,507,2737,0,0,0,0,2633,0,2416,0
185374,15,-0.07,-0.02,-0.55,-0.25,2,0.2,0.1,0.15,30,64.85,5402,5143,158,4985,2949,1048,704,0,284,0,0,259,42,5444,3233,1752,5444,1028163.53,10542.76,1272,892,733,447,366,1275,0,0,2949,1048,988,0
185375,15,-0.07,-0.02,-0.55,-0.25,2,0.2,0.1,0.15,30,51.94,5398,5139,272,4867,0,1237,1102,0,2528,0,0,259,46,5444,2528,2339,5444,1044639.08,10915.57,132,255,289,185,210,3796,0,0,0,1237,3630,0
185376,15,-0.07,-0.02,-0.55,-0.25,2,0.2,0.1,0.15,30,70.22,5392,5133,166,4967,3117,0,1479,0,371,0,0,259,52,5444,3488,1479,5444,1669327.56,17056.99,1144,661,507,321,275,2059,0,0,3117,0,1850,0
185377,15,-0.07,-0.02,-0.55,-0.25,2,0.2,0.1,0.15,40,65.13,5402,5143,161,4982,3080,1259,361,117,92,73,0,259,42,5444,3245,1737,5444,928294.77,9496.96,1272,892,733,447,366,287,201,784,3080,1259,453,190
185378,15,-0.07,-0.02,-0.55,-0.25,2,0.2,0.1,0.15,40,49.3,5396,5137,279,4858,0,1567,698,198,798,1597,0,259,48,5444,2395,2463,5444,879852.21,9164.71,132,255,289,185,210,166,230,3391,0,1567,1496,1795
185379,15,-0.07,-0.02,-0.55,-0.25,2,0.2,0.1,0.15,40,72.23,5392,5133,170,4963,3331,0,982,396,108,146,0,259,52,5444,3585,1378,5444,1776651.23,18133.12,1144,661,507,321,275,209,117,1729,3331,0,1090,542
185380,15,-0.07,-0.02,-0.55,-0.25,2,0.2,0.1,0.15,50,64.93,5402,5143,161,4982,3086,1286,0,461,0,149,0,259,42,5444,3235,1747,5444,892703.81,9130.41,1272,892,733,447,366,287,201,784,3086,1286,0,610
185381,15,-0.07,-0.02,-0.55,-0.25,2,0.2,0.1,0.15,50,48.07,5396,5137,279,4858,0,1642,0,881,0,2335,0,259,48,5444,2335,2523,5444,725691.95,7556.22,132,255,289,185,210,166,230,3391,0,1642,0,3216
185382,15,-0.07,-0.02,-0.55,-0.25,2,0.2,0.1,0.15,50,72.09,5392,5133,170,4963,3338,0,0,1385,0,240,0,259,52,5444,3578,1385,5444,1695423.77,17294.35,1144,661,507,321,275,209,117,1729,3338,0,0,1625
185383,15,-0.07,-0.02,-0.55,-0.25,2,0.2,0.1,0.15,60,64.93,5402,5143,161,4982,3086,1286,0,461,0,149,0,259,42,5444,3235,1747,5444,892703.81,9130.41,1272,892,733,447,366,287,201,784,3086,1286,0,610
185384,15,-0.07,-0.02,-0.55,-0.25,2,0.2,0.1,0.15,60,48.07,5396,5137,279,4858,0,1642,0,881,0,2335,0,259,48,5444,2335,2523,5444,725691.95,7556.22,132,255,289,185,210,166,230,3391,0,1642,0,3216
185385,15,-0.07,-0.02,-0.55,-0.25,2,0.2,0.1,0.15,60,72.09,5392,5133,170,4963,3338,0,0,1385,0,240,0,259,52,5444,3578,1385,5444,1695423.77,17294.35,1144,661,507,321,275,209,117,1729,3338,0,0,1625
185386,15,-0.07,-0.02,-0.55,-0.25,2,0.2,0.2,0.15,20,56.78,5402,5143,117,5026,1055,855,1317,0,1799,0,0,259,42,5444,2854,2172,5444,1345165.61,13741.22,297,559,637,3533,0,0,0,0,1055,855,3116,0
185387,15,-0.07,-0.02,-0.55,-0.25,2,0.2,0.2,0.15,20,56.05,5401,5142,123,5019,0,861,1345,0,2813,0,0,259,43,5444,2813,2206,5444,1361564.86,13924.84,132,255,289,4343,0,0,0,0,0,861,4158,0
185388,15,-0.07,-0.02,-0.55,-0.25,2,0.2,0.2,0.15,20,59.09,5394,5135,117,5018,1074,0,2053,0,1891,0,0,259,50,5444,2965,2053,5444,1670275.84,17046.6,165,306,359,4188,0,0,0,0,1074,0,3944,0
185389,15,-0.07,-0.02,-0.55,-0.25,2,0.2,0.2,0.15,30,54.18,5402,5143,241,4902,1469,1214,1032,0,1187,0,0,259,42,5444,2656,2246,5444,1282083.06,13208.58,297,559,637,417,426,2566,0,0,1469,1214,2219,0
185390,15,-0.07,-0.02,-0.55,-0.25,2,0.2,0.2,0.15,30,51.94,5398,5139,272,4867,0,1237,1102,0,2528,0,0,259,46,5444,2528,2339,5444,1044639.08,10915.57,132,255,289,185,210,3796,0,0,0,1237,3630,0
185391,15,-0.07,-0.02,-0.55,-0.25,2,0.2,0.2,0.15,30,59.92,5391,5132,249,4883,1535,0,1957,0,1391,0,0,259,53,5444,2926,1957,5444,1995355.54,20458.03,165,306,359,244,256,3553,0,0,1535,0,3348,0
185392,15,-0.07,-0.02,-0.55,-0.25,2,0.2,0.2,0.15,40,52.77,5402,5143,246,4897,1676,1518,609,186,384,524,0,259,42,5444,2584,2313,5444,1191925.32,12321.11,297,559,637,417,426,347,334,1880,1676,1518,993,710
185393,15,-0.07,-0.02,-0.55,-0.25,2,0.2,0.2,0.15,40,49.3,5396,5137,279,4858,0,1567,698,198,798,1597,0,259,48,5444,2395,2463,5444,879852.21,9164.71,132,255,289,185,210,166,230,3391,0,1567,1496,1795
185394,15,-0.07,-0.02,-0.55,-0.25,2,0.2,0.2,0.15,40,60.32,5391,5132,255,4877,1789,0,1432,503,428,725,0,259,53,5444,2942,1935,5444,2186908.86,22463.4,165,306,359,244,256,205,184,3158,1789,0,1860,1228
185395,15,-0.07,-0.02,-0.55,-0.25,2,0.2,0.2,0.15,50,51.99,5402,5143,246,4897,1684,1582,0,769,0,862,0,259,42,5444,2546,2351,5444,1107498.21,11454.73,297,559,637,417,426,347,334,1880,1684,1582,0,1631
185396,15,-0.07,-0.02,-0.55,-0.25,2,0.2,0.2,0.15,50,48.07,5396,5137,279,4858,0,1642,0,881,0,2335,0,259,48,5444,2335,2523,5444,725691.95,7556.22,132,255,289,185,210,166,230,3391,0,1642,0,3216
185397,15,-0.07,-0.02,-0.55,-0.25,2,0.2,0.2,0.15,50,59.61,5391,5132,255,4877,1798,0,0,1970,0,1109,0,259,53,5444,2907,1970,5444,2032071.27,20870.73,165,306,359,244,256,205,184,3158,1798,0,0,3079
185398,15,-0.07,-0.02,-0.55,-0.25,2,0.2,0.2,0.15,60,51.99,5402,5143,246,4897,1684,1582,0,769,0,862,0,259,42,5444,2546,2351,5444,1107498.21,11454.73,297,559,637,417,426,347,334,1880,1684,1582,0,1631
185399,15,-0.07,-0.02,-0.55,-0.25,2,0.2,0.2,0.15,60,48.07,5396,5137,279,4858,0,1642,0,881,0,2335,0,259,48,5444,2335,2523,5444,725691.95,7556.22,132,255,289,185,210,166,230,3391,0,1642,0,3216
185400,15,-0.07,-0.02,-0.55,-0.25,2,0.2,0.2,0.15,60,59.61,5391,5132,255,4877,1798,0,0,1970,0,1109,0,259,53,5444,2907,1970,5444,2032071.27,20870.73,165,306,359,244,256,205,184,3158,1798,0,0,3079
185401,15,-0.07,-0.02,-0.5,-0.45,1,0.1,0.1,0.15,20,66.57,750,690,11,679,402,104,123,0,50,0,0,60,4,754,452,227,754,186089.42,1918.02,188,144,98,249,0,0,0,0,402,104,173,0
185402,15,-0.07,-0.02,-0.5,-0.45,1,0.1,0.1,0.15,20,59.61,750,690,19,671,0,113,158,0,400,0,0,60,4,754,400,271,754,344642.54,3531.44,12,36,31,592,0,0,0,0,0,113,558,0
185403,15,-0.07,-0.02,-0.5,-0.45,1,0.1,0.1,0.15,20,69.66,750,690,11,679,415,0,206,0,58,0,0,60,4,754,473,206,754,246601.96,2532.86,177,111,74,317,0,0,0,0,415,0,264,0
185404,15,-0.07,-0.02,-0.5,-0.45,1,0.1,0.1,0.15,30,69.7,750,690,20,670,445,148,55,0,22,0,0,60,4,754,467,203,754,190985.62,1975.79,188,144,98,76,47,117,0,0,445,148,77,0
185405,15,-0.07,-0.02,-0.5,-0.45,1,0.1,0.1,0.15,30,56.36,749,689,36,653,0,172,113,0,368,0,0,60,5,754,368,285,754,313525.6,3210.18,12,36,31,34,33,507,0,0,0,172,481,0
185406,15,-0.07,-0.02,-0.5,-0.45,1,0.1,0.1,0.15,30,77.06,750,690,23,667,474,0,153,0,40,0,0,60,4,754,514,153,754,299378.65,3086.98,177,111,74,53,33,219,0,0,474,0,193,0
185407,15,-0.07,-0.02,-0.5,-0.45,1,0.1,0.1,0.15,40,71.0,750,690,21,669,461,167,20,7,8,6,0,60,4,754,475,194,754,192522.02,1990.84,188,144,98,76,47,40,22,54,461,167,28,13
185408,15,-0.07,-0.02,-0.5,-0.45,1,0.1,0.1,0.15,40,53.99,749,689,37,652,0,214,69,17,104,248,0,60,5,754,352,300,754,322440.55,3309.72,12,36,31,34,33,26,29,451,0,214,173,265
185409,15,-0.07,-0.02,-0.5,-0.45,1,0.1,0.1,0.15,40,79.43,750,690,24,666,504,0,104,33,8,17,0,60,4,754,529,137,754,313310.45,3224.28,177,111,74,53,33,26,16,176,504,0,112,50
185410,15,-0.07,-0.02,-0.5,-0.45,1,0.1,0.1,0.15,50,70.55,750,690,21,669,461,169,0,28,0,11,0,60,4,754,472,197,754,189132.91,1956.87,188,144,98,76,47,40,22,54,461,169,0,39
185411,15,-0.07,-0.02,-0.5,-0.45,1,0.1,0.1,0.15,50,51.84,749,689,37,652,0,230,0,84,0,338,0,60,5,754,338,314,754,297024.86,3046.54,12,36,31,34,33,26,29,451,0,230,0,422
185412,15,-0.07,-0.02,-0.5,-0.45,1,0.1,0.1,0.15,50,79.13,750,690,24,666,504,0,0,139,0,23,0,60,4,754,527,139,754,299406.23,3086.13,177,111,74,53,33,26,16,176,504,0,0,162
185413,15,-0.07,-0.02,-0.5,-0.45,1,0.1,0.1,0.15,60,70.55,750,690,21,669,461,169,0,28,0,11,0,60,4,754,472,197,754,189132.91,1956.87,188,144,98,76,47,40,22,54,461,169,0,39
185414,15,-0.07,-0.02,-0.5,-0.45,1,0.1,0.1,0.15,60,51.84,749,689,37,652,0,230,0,84,0,338,0,60,5,754,338,314,754,297024.86,3046.54,12,36,31,34,33,26,29,451,0,230,0,422
185415,15,-0.07,-0.02,-0.5,-0.45,1,0.1,0.1,0.15,60,79.13,750,690,24,666,504,0,0,139,0,23,0,60,4,754,527,139,754,299406.23,3086.13,177,111,74,53,33,26,16,176,504,0,0,162
185416,15,-0.07,-0.02,-0.5,-0.45,1,0.1,0.2,0.15,20,60.57,750,690,18,672,205,113,152,0,202,0,0,60,4,754,407,265,754,299604.95,3078.54,32,94,112,434,0,0,0,0,205,113,354,0
185417,15,-0.07,-0.02,-0.5,-0.45,1,0.1,0.2,0.15,20,59.61,750,690,19,671,0,113,158,0,400,0,0,60,4,754,400,271,754,344642.54,3531.44,12,36,31,592,0,0,0,0,0,113,558,0
185418,15,-0.07,-0.02,-0.5,-0.45,1,0.1,0.2,0.15,20,63.99,750,690,18,672,209,0,242,0,221,0,0,60,4,754,430,242,754,371071.93,3804.21,20,59,81,512,0,0,0,0,209,0,463,0
185419,15,-0.07,-0.02,-0.5,-0.45,1,0.1,0.2,0.15,30,59.67,750,690,33,657,280,168,97,0,112,0,0,60,4,754,392,265,754,322132.7,3311.92,32,94,112,80,73,266,0,0,280,168,209,0
185420,15,-0.07,-0.02,-0.5,-0.45,1,0.1,0.2,0.15,30,56.36,749,689,36,653,0,172,113,0,368,0,0,60,5,754,368,285,754,313525.6,3210.18,12,36,31,34,33,507,0,0,0,172,481,0
185421,15,-0.07,-0.02,-0.5,-0.45,1,0.1,0.2,0.15,30,67.58,750,690,36,654,291,0,212,0,151,0,0,60,4,754,442,212,754,447859.89,4598.22,20,59,81,49,48,397,0,0,291,0,363,0
185422,15,-0.07,-0.02,-0.5,-0.45,1,0.1,0.2,0.15,40,59.3,750,690,34,656,301,206,47,14,46,42,0,60,4,754,389,267,754,312785.87,3216.8,32,94,112,80,73,57,35,173,301,206,93,56
185423,15,-0.07,-0.02,-0.5,-0.45,1,0.1,0.2,0.15,40,53.99,749,689,37,652,0,214,69,17,104,248,0,60,5,754,352,300,754,322440.55,3309.72,12,36,31,34,33,26,29,451,0,214,173,265
185424,15,-0.07,-0.02,-0.5,-0.45,1,0.1,0.2,0.15,40,67.84,750,690,37,653,319,0,162,48,51,73,0,60,4,754,443,210,754,458387.83,4707.87,20,59,81,49,48,34,17,345,319,0,213,121
185425,15,-0.07,-0.02,-0.5,-0.45,1,0.1,0.2,0.15,50,57.62,750,690,34,656,302,217,0,61,0,76,0,60,4,754,378,278,754,298684.68,3069.91,32,94,112,80,73,57,35,173,302,217,0,137
185426,15,-0.07,-0.02,-0.5,-0.45,1,0.1,0.2,0.15,50,51.84,749,689,37,652,0,230,0,84,0,338,0,60,5,754,338,314,754,297024.86,3046.54,12,36,31,34,33,26,29,451,0,230,0,422
185427,15,-0.07,-0.02,-0.5,-0.45,1,0.1,0.2,0.15,50,66.0,750,690,37,653,320,0,0,222,0,111,0,60,4,754,431,222,754,424948.7,4365.77,20,59,81,49,48,34,17,345,320,0,0,333
185428,15,-0.07,-0.02,-0.5,-0.45,1,0.1,0.2,0.15,60,57.62,750,690,34,656,302,217,0,61,0,76,0,60,4,754,378,278,754,298684.68,3069.91,32,94,112,80,73,57,35,173,302,217,0,137
185429,15,-0.07,-0.02,-0.5,-0.45,1,0.1,0.2,0.15,60,51.84,749,689,37,652,0,230,0,84,0,338,0,60,5,754,338,314,754,297024.86,3046.54,12,36,31,34,33,26,29,451,0,230,0,422
185430,15,-0.07,-0.02,-0.5,-0.45,1,0.1,0.2,0.15,60,66.0,750,690,37,653,320,0,0,222,0,111,0,60,4,754,431,222,754,424948.7,4365.77,20,59,81,49,48,34,17,345,320,0,0,333
185431,15,-0.07,-0.02,-0.5,-0.45,1,0.2,0.1,0.15,20,66.57,750,690,11,679,402,104,123,0,50,0,0,60,4,754,452,227,754,186089.42,1918.02,188,144,98,249,0,0,0,0,402,104,173,0
185432,15,-0.07,-0.02,-0.5,-0.45,1,0.2,0.1,0.15,20,59.61,750,690,19,671,0,113,158,0,400,0,0,60,4,754,400,271,754,344642.54,3531.44,12,36,31,592,0,0,0,0,0,113,558,0
185433,15,-0.07,-0.02,-0.5,-0.45,1,0.2,0.1,0.15,20,69.66,750,690,11,679,415,0,206,0,58,0,0,60,4,754,473,206,754,246601.96,2532.86,177,111,74,317,0,0,0,0,415,0,264,0
185434,15,-0.07,-0.02,-0.5,-0.45,1,0.2,0.1,0.15,30,69.7,750,690,20,670,445,148,55,0,22,0,0,60,4,754,467,203,754,190985.62,1975.79,188,144,98,76,47,117,0,0,445,148,77,0
185435,15,-0.07,-0.02,-0.5,-0.45,1,0.2,0.1,0.15,30,56.36,749,689,36,653,0,172,113,0,368,0,0,60,5,754,368,285,754,313525.6,3210.18,12,36,31,34,33,507,0,0,0,172,481,0
185436,15,-0.07,-0.02,-0.5,-0.45,1,0.2,0.1,0.15,30,77.06,750,690,23,667,474,0,153,0,40,0,0,60,4,754,514,153,754,299378.65,3086.98,177,111,74,53,33,219,0,0,474,0,193,0
185437,15,-0.07,-0.02,-0.5,-0.45,1,0.2,0.1,0.15,40,71.0,750,690,21,669,461,167,20,7,8,6,0,60,4,754,475,194,754,192522.02,1990.84,188,144,98,76,47,40,22,54,461,167,28,13
185438,15,-0.07,-0.02,-0.5,-0.45,1,0.2,0.1,0.15,40,53.99,749,689,37,652,0,214,69,17,104,248,0,60,5,754,352,300,754,322440.55,3309.72,12,36,31,34,33,26,29,451,0,214,173,265
185439,15,-0.07,-0.02,-0.5,-0.45,1,0.2,0.1,0.15,40,79.43,750,690,24,666,504,0,104,33,8,17,0,60,4,754,529,137,754,313310.45,3224.28,177,111,74,53,33,26,16,176,504,0,112,50
185440,15,-0.07,-0.02,-0.5,-0.45,1,0.2,0.1,0.15,50,70.55,750,690,21,669,461,169,0,28,0,11,0,60,4,754,472,197,754,189132.91,1956.87,188,144,98,76,47,40,22,54,461,169,0,39
185441,15,-0.07,-0.02,-0.5,-0.45,1,0.2,0.1,0.15,50,51.84,749,689,37,652,0,230,0,84,0,338,0,60,5,754,338,314,754,297024.86,3046.54,12,36,31,34,33,26,29,451,0,230,0,422
185442,15,-0.07,-0.02,-0.5,-0.45,1,0.2,0.1,0.15,50,79.13,750,690,24,666,504,0,0,139,0,23,0,60,4,754,527,139,754,299406.23,3086.13,177,111,74,53,33,26,16,176,504,0,0,162
185443,15,-0.07,-0.02,-0.5,-0.45,1,0.2,0.1,0.15,60,70.55,750,690,21,669,461,169,0,28,0,11,0,60,4,754,472,197,754,189132.91,1956.87,188,144,98,76,47,40,22,54,461,169,0,39
185444,15,-0.07,-0.02,-0.5,-0.45,1,0.2,0.1,0.15,60,51.84,749,689,37,652,0,230,0,84,0,338,0,60,5,754,338,314,754,297024.86,3046.54,12,36,31,34,33,26,29,451,0,230,0,422
185445,15,-0.07,-0.02,-0.5,-0.45,1,0.2,0.1,0.15,60,79.13,750,690,24,666,504,0,0,139,0,23,0,60,4,754,527,139,754,299406.23,3086.13,177,111,74,53,33,26,16,176,504,0,0,162
185446,15,-0.07,-0.02,-0.5,-0.45,1,0.2,0.2,0.15,20,60.57,750,690,18,672,205,113,152,0,202,0,0,60,4,754,407,265,754,299604.95,3078.54,32,94,112,434,0,0,0,0,205,113,354,0
185447,15,-0.07,-0.02,-0.5,-0.45,1,0.2,0.2,0.15,20,59.61,750,690,19,671,0,113,158,0,400,0,0,60,4,754,400,271,754,344642.54,3531.44,12,36,31,592,0,0,0,0,0,113,558,0
185448,15,-0.07,-0.02,-0.5,-0.45,1,0.2,0.2,0.15,20,63.99,750,690,18,672,209,0,242,0,221,0,0,60,4,754,430,242,754,371071.93,3804.21,20,59,81,512,0,0,0,0,209,0,463,0
185449,15,-0.07,-0.02,-0.5,-0.45,1,0.2,0.2,0.15,30,59.67,750,690,33,657,280,168,97,0,112,0,0,60,4,754,392,265,754,322132.7,3311.92,32,94,112,80,73,266,0,0,280,168,209,0
185450,15,-0.07,-0.02,-0.5,-0.45,1,0.2,0.2,0.15,30,56.36,749,689,36,653,0,172,113,0,368,0,0,60,5,754,368,285,754,313525.6,3210.18,12,36,31,34,33,507,0,0,0,172,481,0
185451,15,-0.07,-0.02,-0.5,-0.45,1,0.2,0.2,0.15,30,67.58,750,690,36,654,291,0,212,0,151,0,0,60,4,754,442,212,754,447859.89,4598.22,20,59,81,49,48,397,0,0,291,0,363,0
185452,15,-0.07,-0.02,-0.5,-0.45,1,0.2,0.2,0.15,40,59.3,750,690,34,656,301,206,47,14,46,42,0,60,4,754,389,267,754,312785.87,3216.8,32,94,112,80,73,57,35,173,301,206,93,56
185453,15,-0.07,-0.02,-0.5,-0.45,1,0.2,0.2,0.15,40,53.99,749,689,37,652,0,214,69,17,104,248,0,60,5,754,352,300,754,322440.55,3309.72,12,36,31,34,33,26,29,451,0,214,173,265
185454,15,-0.07,-0.02,-0.5,-0.45,1,0.2,0.2,0.15,40,67.84,750,690,37,653,319,0,162,48,51,73,0,60,4,754,443,210,754,458387.83,4707.87,20,59,81,49,48,34,17,345,319,0,213,121
185455,15,-0.07,-0.02,-0.5,-0.45,1,0.2,0.2,0.15,50,57.62,750,690,34,656,302,217,0,61,0,76,0,60,4,754,378,278,754,298684.68,3069.91,32,94,112,80,73,57,35,173,302,217,0,137
185456,15,-0.07,-0.02,-0.5,-0.45,1,0.2,0.2,0.15,50,51.84,749,689,37,652,0,230,0,84,0,338,0,60,5,754,338,314,754,297024.86,3046.54,12,36,31,34,33,26,29,451,0,230,0,422
185457,15,-0.07,-0.02,-0.5,-0.45,1,0.2,0.2,0.15,50,66.0,750,690,37,653,320,0,0,222,0,111,0,60,4,754,431,222,754,424948.7,4365.77,20,59,81,49,48,34,17,345,320,0,0,333
185458,15,-0.07,-0.02,-0.5,-0.45,1,0.2,0.2,0.15,60,57.62,750,690,34,656,302,217,0,61,0,76,0,60,4,754,378,278,754,298684.68,3069.91,32,94,112,80,73,57,35,173,302,217,0,137
185459,15,-0.07,-0.02,-0.5,-0.45,1,0.2,0.2,0.15,60,51.84,749,689,37,652,0,230,0,84,0,338,0,60,5,754,338,314,754,297024.86,3046.54,12,36,31,34,33,26,29,451,0,230,0,422
185460,15,-0.07,-0.02,-0.5,-0.45,1,0.2,0.2,0.15,60,66.0,750,690,37,653,320,0,0,222,0,111,0,60,4,754,431,222,754,424948.7,4365.77,20,59,81,49,48,34,17,345,320,0,0,333
185461,15,-0.07,-0.02,-0.5,-0.45,2,0.1,0.1,0.15,20,70.1,750,690,11,679,421,104,99,0,55,0,0,60,4,754,476,203,754,244022.05,2815.33,192,157,96,234,0,0,0,0,421,104,154,0
185462,15,-0.07,-0.02,-0.5,-0.45,2,0.1,0.1,0.15,20,64.08,750,690,19,671,0,113,128,0,430,0,0,60,4,754,430,241,754,471422.36,4755.4,12,36,31,592,0,0,0,0,0,113,558,0
185463,15,-0.07,-0.02,-0.5,-0.45,2,0.1,0.1,0.15,20,74.82,750,690,11,679,439,0,171,0,69,0,0,60,4,754,508,171,754,346985.96,3464.61,182,124,76,297,0,0,0,0,439,0,240,0
185464,15,-0.07,-0.02,-0.5,-0.45,2,0.1,0.1,0.15,30,72.39,750,690,20,670,463,147,38,0,22,0,0,60,4,754,485,185,754,239889.74,2934.69,192,157,96,80,48,97,0,0,463,147,60,0
185465,15,-0.07,-0.02,-0.5,-0.45,2,0.1,0.1,0.15,30,59.42,749,689,36,653,0,172,93,0,388,0,0,60,5,754,388,265,754,467521.46,4698.84,12,36,31,34,33,507,0,0,0,172,481,0
185466,15,-0.07,-0.02,-0.5,-0.45,2,0.1,0.1,0.15,30,82.16,750,690,23,667,512,0,119,0,36,0,0,60,4,754,548,119,754,428068.86,4060.94,182,124,76,57,44,184,0,0,512,0,155,0
185467,15,-0.07,-0.02,-0.5,-0.45,2,0.1,0.1,0.15,40,72.8,750,690,21,669,479,163,15,4,5,3,0,60,4,754,487,182,754,237942.87,2956.62,192,157,96,80,48,37,18,41,479,163,20,7
185468,15,-0.07,-0.02,-0.5,-0.45,2,0.1,0.1,0.15,40,55.98,749,689,37,652,0,214,61,12,112,253,0,60,5,754,365,287,754,462460.57,4946.25,12,36,31,34,33,26,29,451,0,214,173,265
185469,15,-0.07,-0.02,-0.5,-0.45,2,0.1,0.1,0.15,40,84.08,750,690,24,666,540,0,84,22,10,10,0,60,4,754,560,106,754,454837.88,4231.81,182,124,76,57,44,29,14,140,540,0,94,32
185470,15,-0.07,-0.02,-0.5,-0.45,2,0.1,0.1,0.15,50,72.35,750,690,21,669,479,165,0,20,0,5,0,60,4,754,484,185,754,234238.52,2933.88,192,157,96,80,48,37,18,41,479,165,0,25
185471,15,-0.07,-0.02,-0.5,-0.45,2,0.1,0.1,0.15,50,53.83,749,689,37,652,0,230,0,71,0,351,0,60,5,754,351,301,754,426794.04,4682.85,12,36,31,34,33,26,29,451,0,230,0,422
185472,15,-0.07,-0.02,-0.5,-0.45,2,0.1,0.1,0.15,50,83.63,750,690,24,666,540,0,0,109,0,17,0,60,4,754,557,109,754,430672.73,4105.69,182,124,76,57,44,29,14,140,540,0,0,126
185473,15,-0.07,-0.02,-0.5,-0.45,2,0.1,0.1,0.15,60,72.35,750,690,21,669,479,165,0,20,0,5,0,60,4,754,484,185,754,234238.52,2933.88,192,157,96,80,48,37,18,41,479,165,0,25
185474,15,-0.07,-0.02,-0.5,-0.45,2,0.1,0.1,0.15,60,53.83,749,689,37,652,0,230,0,71,0,351,0,60,5,754,351,301,754,426794.04,4682.85,12,36,31,34,33,26,29,451,0,230,0,422
185475,15,-0.07,-0.02,-0.5,-0.45,2,0.1,0.1,0.15,60,83.63,750,690,24,666,540,0,0,109,0,17,0,60,4,754,557,109,754,430672.73,4105.69,182,124,76,57,44,29,14,140,540,0,0,126
185476,15,-0.07,-0.02,-0.5,-0.45,2,0.1,0.2,0.15,20,65.03,750,690,18,672,217,113,122,0,220,0,0,60,4,754,437,235,754,398067.6,4191.69,33,98,119,422,0,0,0,0,217,113,342,0
185477,15,-0.07,-0.02,-0.5,-0.45,2,0.1,0.2,0.15,20,64.08,750,690,19,671,0,113,128,0,430,0,0,60,4,754,430,241,754,471422.36,4755.4,12,36,31,592,0,0,0,0,0,113,558,0
185478,15,-0.07,-0.02,-0.5,-0.45,2,0.1,0.2,0.15,20,70.09,750,690,18,672,228,0,201,0,243,0,0,60,4,754,471,201,754,536150.47,5027.42,21,63,93,495,0,0,0,0,228,0,444,0
185479,15,-0.07,-0.02,-0.5,-0.45,2,0.1,0.2,0.15,30,62.4,750,690,33,657,294,167,80,0,116,0,0,60,4,754,410,247,754,424479.94,4528.41,33,98,119,80,74,253,0,0,294,167,196,0
185480,15,-0.07,-0.02,-0.5,-0.45,2,0.1,0.2,0.15,30,59.42,749,689,36,653,0,172,93,0,388,0,0,60,5,754,388,265,754,467521.46,4698.84,12,36,31,34,33,507,0,0,0,172,481,0
185481,15,-0.07,-0.02,-0.5,-0.45,2,0.1,0.2,0.15,30,73.09,750,690,36,654,318,0,176,0,160,0,0,60,4,754,478,176,754,674645.82,5993.92,21,63,93,51,54,372,0,0,318,0,336,0
185482,15,-0.07,-0.02,-0.5,-0.45,2,0.1,0.2,0.15,40,61.28,750,690,34,656,319,204,39,11,49,34,0,60,4,754,402,254,754,420160.32,4584.77,33,98,119,80,74,57,38,157,319,204,88,45
185483,15,-0.07,-0.02,-0.5,-0.45,2,0.1,0.2,0.15,40,55.98,749,689,37,652,0,214,61,12,112,253,0,60,5,754,365,287,754,462460.57,4946.25,12,36,31,34,33,26,29,451,0,214,173,265
185484,15,-0.07,-0.02,-0.5,-0.45,2,0.1,0.2,0.15,40,72.74,750,690,37,653,357,0,143,35,58,60,0,60,4,754,475,178,754,712927.4,6296.07,21,63,93,51,54,36,23,312,357,0,201,95
185485,15,-0.07,-0.02,-0.5,-0.45,2,0.1,0.2,0.15,50,59.45,750,690,34,656,320,215,0,51,0,70,0,60,4,754,390,266,754,397646.04,4436.97,33,98,119,80,74,57,38,157,320,215,0,121
185486,15,-0.07,-0.02,-0.5,-0.45,2,0.1,0.2,0.15,50,53.83,749,689,37,652,0,230,0,71,0,351,0,60,5,754,351,301,754,426794.04,4682.85,12,36,31,34,33,26,29,451,0,230,0,422
185487,15,-0.07,-0.02,-0.5,-0.45,2,0.1,0.2,0.15,50,71.36,750,690,37,653,358,0,0,187,0,108,0,60,4,754,466,187,754,655738.52,5973.91,21,63,93,51,54,36,23,312,358,0,0,295
185488,15,-0.07,-0.02,-0.5,-0.45,2,0.1,0.2,0.15,60,59.45,750,690,34,656,320,215,0,51,0,70,0,60,4,754,390,266,754,397646.04,4436.97,33,98,119,80,74,57,38,157,320,215,0,121
185489,15,-0.07,-0.02,-0.5,-0.45,2,0.1,0.2,0.15,60,53.83,749,689,37,652,0,230,0,71,0,351,0,60,5,754,351,301,754,426794.04,4682.85,12,36,31,34,33,26,29,451,0,230,0,422
185490,15,-0.07,-0.02,-0.5,-0.45,2,0.1,0.2,0.15,60,71.36,750,690,37,653,358,0,0,187,0,108,0,60,4,754,466,187,754,655738.52,5973.91,21,63,93,51,54,36,23,312,358,0,0,295
185491,15,-0.07,-0.02,-0.5,-0.45,2,0.2,0.1,0.15,20,66.57,750,690,11,679,402,104,123,0,50,0,0,60,4,754,452,227,754,186089.42,1918.02,188,144,98,249,0,0,0,0,402,104,173,0
185492,15,-0.07,-0.02,-0.5,-0.45,2,0.2,0.1,0.15,20,59.61,750,690,19,671,0,113,158,0,400,0,0,60,4,754,400,271,754,344642.54,3531.44,12,36,31,592,0,0,0,0,0,113,558,0
185493,15,-0.07,-0.02,-0.5,-0.45,2,0.2,0.1,0.15,20,69.66,750,690,11,679,415,0,206,0,58,0,0,60,4,754,473,206,754,246601.96,2532.86,177,111,74,317,0,0,0,0,415,0,264,0
185494,15,-0.07,-0.02,-0.5,-0.45,2,0.2,0.1,0.15,30,69.7,750,690,20,670,445,148,55,0,22,0,0,60,4,754,467,203,754,190985.62,1975.79,188,144,98,76,47,117,0,0,445,148,77,0
185495,15,-0.07,-0.02,-0.5,-0.45,2,0.2,0.1,0.15,30,56.36,749,689,36,653,0,172,113,0,368,0,0,60,5,754,368,285,754,313525.6,3210.18,12,36,31,34,33,507,0,0,0,172,481,0
185496,15,-0.07,-0.02,-0.5,-0.45,2,0.2,0.1,0.15,30,77.06,750,690,23,667,474,0,153,0,40,0,0,60,4,754,514,153,754,299378.65,3086.98,177,111,74,53,33,219,0,0,474,0,193,0
185497,15,-0.07,-0.02,-0.5,-0.45,2,0.2,0.1,0.15,40,71.0,750,690,21,669,461,167,20,7,8,6,0,60,4,754,475,194,754,192522.02,1990.84,188,144,98,76,47,40,22,54,461,167,28,13
185498,15,-0.07,-0.02,-0.5,-0.45,2,0.2,0.1,0.15,40,53.99,749,689,37,652,0,214,69,17,104,248,0,60,5,754,352,300,754,322440.55,3309.72,12,36,31,34,33,26,29,451,0,214,173,265
185499,15,-0.07,-0.02,-0.5,-0.45,2,0.2,0.1,0.15,40,79.43,750,690,24,666,504,0,104,33,8,17,0,60,4,754,529,137,754,313310.45,3224.28,177,111,74,53,33,26,16,176,504,0,112,50
185500,15,-0.07,-0.02,-0.5,-0.45,2,0.2,0.1,0.15,50,70.55,750,690,21,669,461,169,0,28,0,11,0,60,4,754,472,197,754,189132.91,1956.87,188,144,98,76,47,40,22,54,461,169,0,39
185501,15,-0.07,-0.02,-0.5,-0.45,2,0.2,0.1,0.15,50,51.84,749,689,37,652,0,230,0,84,0,338,0,60,5,754,338,314,754,297024.86,3046.54,12,36,31,34,33,26,29,451,0,230,0,422
185502,15,-0.07,-0.02,-0.5,-0.45,2,0.2,0.1,0.15,50,79.13,750,690,24,666,504,0,0,139,0,23,0,60,4,754,527,139,754,299406.23,3086.13,177,111,74,53,33,26,16,176,504,0,0,162
185503,15,-0.07,-0.02,-0.5,-0.45,2,0.2,0.1,0.15,60,70.55,750,690,21,669,461,169,0,28,0,11,0,60,4,754,472,197,754,189132.91,1956.87,188,144,98,76,47,40,22,54,461,169,0,39
185504,15,-0.07,-0.02,-0.5,-0.45,2,0.2,0.1,0.15,60,51.84,749,689,37,652,0,230,0,84,0,338,0,60,5,754,338,314,754,297024.86,3046.54,12,36,31,34,33,26,29,451,0,230,0,422
185505,15,-0.07,-0.02,-0.5,-0.45,2,0.2,0.1,0.15,60,79.13,750,690,24,666,504,0,0,139,0,23,0,60,4,754,527,139,754,299406.23,3086.13,177,111,74,53,33,26,16,176,504,0,0,162
185506,15,-0.07,-0.02,-0.5,-0.45,2,0.2,0.2,0.15,20,60.57,750,690,18,672,205,113,152,0,202,0,0,60,4,754,407,265,754,299604.95,3078.54,32,94,112,434,0,0,0,0,205,113,354,0
185507,15,-0.07,-0.02,-0.5,-0.45,2,0.2,0.2,0.15,20,59.61,750,690,19,671,0,113,158,0,400,0,0,60,4,754,400,271,754,344642.54,3531.44,12,36,31,592,0,0,0,0,0,113,558,0
185508,15,-0.07,-0.02,-0.5,-0.45,2,0.2,0.2,0.15,20,63.99,750,690,18,672,209,0,242,0,221,0,0,60,4,754,430,242,754,371071.93,3804.21,20,59,81,512,0,0,0,0,209,0,463,0
185509,15,-0.07,-0.02,-0.5,-0.45,2,0.2,0.2,0.15,30,59.67,750,690,33,657,280,168,97,0,112,0,0,60,4,754,392,265,754,322132.7,3311.92,32,94,112,80,73,266,0,0,280,168,209,0
185510,15,-0.07,-0.02,-0.5,-0.45,2,0.2,0.2,0.15,30,56.36,749,689,36,653,0,172,113,0,368,0,0,60,5,754,368,285,754,313525.6,3210.18,12,36,31,34,33,507,0,0,0,172,481,0
185511,15,-0.07,-0.02,-0.5,-0.45,2,0.2,0.2,0.15,30,67.58,750,690,36,654,291,0,212,0,151,0,0,60,4,754,442,212,754,447859.89,4598.22,20,59,81,49,48,397,0,0,291,0,363,0
185512,15,-0.07,-0.02,-0.5,-0.45,2,0.2,0.2,0.15,40,59.3,750,690,34,656,301,206,47,14,46,42,0,60,4,754,389,267,754,312785.87,3216.8,32,94,112,80,73,57,35,173,301,206,93,56
185513,15,-0.07,-0.02,-0.5,-0.45,2,0.2,0.2,0.15,40,53.99,749,689,37,652,0,214,69,17,104,248,0,60,5,754,352,300,754,322440.55,3309.72,12,36,31,34,33,26,29,451,0,214,173,265
185514,15,-0.07,-0.02,-0.5,-0.45,2,0.2,0.2,0.15,40,67.84,750,690,37,653,319,0,162,48,51,73,0,60,4,754,443,210,754,458387.83,4707.87,20,59,81,49,48,34,17,345,319,0,213,121
185515,15,-0.07,-0.02,-0.5,-0.45,2,0.2,0.2,0.15,50,57.62,750,690,34,656,302,217,0,61,0,76,0,60,4,754,378,278,754,298684.68,3069.91,32,94,112,80,73,57,35,173,302,217,0,137
185516,15,-0.07,-0.02,-0.5,-0.45,2,0.2,0.2,0.15,50,51.84,749,689,37,652,0,230,0,84,0,338,0,60,5,754,338,314,754,297024.86,3046.54,12,36,31,34,33,26,29,451,0,230,0,422
185517,15,-0.07,-0.02,-0.5,-0.45,2,0.2,0.2,0.15,50,66.0,750,690,37,653,320,0,0,222,0,111,0,60,4,754,431,222,754,424948.7,4365.77,20,59,81,49,48,34,17,345,320,0,0,333
185518,15,-0.07,-0.02,-0.5,-0.45,2,0.2,0.2,0.15,60,57.62,750,690,34,656,302,217,0,61,0,76,0,60,4,754,378,278,754,298684.68,3069.91,32,94,112,80,73,57,35,173,302,217,0,137
185519,15,-0.07,-0.02,-0.5,-0.45,2,0.2,0.2,0.15,60,51.84,749,689,37,652,0,230,0,84,0,338,0,60,5,754,338,314,754,297024.86,3046.54,12,36,31,34,33,26,29,451,0,230,0,422
185520,15,-0.07,-0.02,-0.5,-0.45,2,0.2,0.2,0.15,60,66.0,750,690,37,653,320,0,0,222,0,111,0,60,4,754,431,222,754,424948.7,4365.77,20,59,81,49,48,34,17,345,320,0,0,333
185521,15,-0.07,-0.02,-0.5,-0.4,1,0.1,0.1,0.15,20,65.91,1685,1572,35,1537,866,234,290,0,147,0,0,113,8,1693,1013,524,1693,391997.78,4019.43,413,299,224,601,0,0,0,0,866,234,437,0
185522,15,-0.07,-0.02,-0.5,-0.4,1,0.1,0.1,0.15,20,59.66,1685,1572,50,1522,0,249,365,0,908,0,0,113,8,1693,908,614,1693,662325.28,6813.08,28,83,72,1339,0,0,0,0,0,249,1273,0
185523,15,-0.07,-0.02,-0.5,-0.4,1,0.1,0.1,0.15,20,69.32,1683,1570,35,1535,898,0,471,0,166,0,0,113,10,1693,1064,471,1693,548493.09,5624.13,386,221,168,760,0,0,0,0,898,0,637,0
185524,15,-0.07,-0.02,-0.5,-0.4,1,0.1,0.1,0.15,30,68.27,1685,1572,56,1516,976,331,150,0,59,0,0,113,8,1693,1035,481,1693,392206.84,4029.07,413,299,224,164,117,299,0,0,976,331,209,0
185525,15,-0.07,-0.02,-0.5,-0.4,1,0.1,0.1,0.15,30,54.83,1683,1570,100,1470,0,381,283,0,806,0,0,113,10,1693,806,664,1693,575141.52,5916.89,28,83,72,66,75,1146,0,0,0,381,1089,0
185526,15,-0.07,-0.02,-0.5,-0.4,1,0.1,0.1,0.15,30,75.96,1683,1570,60,1510,1050,0,363,0,97,0,0,113,10,1693,1147,363,1693,665963.61,6839.59,386,221,168,123,90,522,0,0,1050,0,460,0
185527,15,-0.07,-0.02,-0.5,-0.4,1,0.1,0.1,0.15,40,68.89,1685,1572,58,1514,1008,381,70,20,22,13,0,113,8,1693,1043,471,1693,381349.47,3918.62,413,299,224,164,117,90,49,158,1008,381,92,33
185528,15,-0.07,-0.02,-0.5,-0.4,1,0.1,0.1,0.15,40,51.87,1683,1570,103,1467,0,474,188,44,217,544,0,113,10,1693,761,706,1693,580350.17,5976.96,28,83,72,66,75,57,62,1024,0,474,405,588
185529,15,-0.07,-0.02,-0.5,-0.4,1,0.1,0.1,0.15,40,77.92,1683,1570,62,1508,1113,0,240,93,24,38,0,113,10,1693,1175,333,1693,699088.32,7180.67,386,221,168,123,90,62,33,425,1113,0,264,131
185530,15,-0.07,-0.02,-0.5,-0.4,1,0.1,0.1,0.15,50,68.56,1685,1572,58,1514,1011,390,0,86,0,27,0,113,8,1693,1038,476,1693,372074.9,3824.03,413,299,224,164,117,90,49,158,1011,390,0,113
185531,15,-0.07,-0.02,-0.5,-0.4,1,0.1,0.1,0.15,50,49.97,1683,1570,103,1467,0,504,0,230,0,733,0,113,10,1693,733,734,1693,528531.48,5437.5,28,83,72,66,75,57,62,1024,0,504,0,963
185532,15,-0.07,-0.02,-0.5,-0.4,1,0.1,0.1,0.15,50,77.59,1683,1570,62,1508,1116,0,0,338,0,54,0,113,10,1693,1170,338,1693,668761.83,6874.41,386,221,168,123,90,62,33,425,1116,0,0,392
185533,15,-0.07,-0.02,-0.5,-0.4,1,0.1,0.1,0.15,60,68.56,1685,1572,58,1514,1011,390,0,86,0,27,0,113,8,1693,1038,476,1693,372074.9,3824.03,413,299,224,164,117,90,49,158,1011,390,0,113
185534,15,-0.07,-0.02,-0.5,-0.4,1,0.1,0.1,0.15,60,49.97,1683,1570,103,1467,0,504,0,230,0,733,0,113,10,1693,733,734,1693,528531.48,5437.5,28,83,72,66,75,57,62,1024,0,504,0,963
185535,15,-0.07,-0.02,-0.5,-0.4,1,0.1,0.1,0.15,60,77.59,1683,1570,62,1508,1116,0,0,338,0,54,0,113,10,1693,1170,338,1693,668761.83,6874.41,386,221,168,123,90,62,33,425,1116,0,0,392
185536,15,-0.07,-0.02,-0.5,-0.4,1,0.1,0.2,0.15,20,60.3,1685,1572,48,1524,404,248,357,0,515,0,0,113,8,1693,919,605,1693,604119.18,6204.39,81,214,211,1018,0,0,0,0,404,248,872,0
185537,15,-0.07,-0.02,-0.5,-0.4,1,0.1,0.2,0.15,20,59.66,1685,1572,50,1522,0,249,365,0,908,0,0,113,8,1693,908,614,1693,662325.28,6813.08,28,83,72,1339,0,0,0,0,0,249,1273,0
185538,15,-0.07,-0.02,-0.5,-0.4,1,0.1,0.2,0.15,20,63.86,1683,1570,48,1522,414,0,550,0,558,0,0,113,10,1693,972,550,1693,776775.21,7978.48,53,133,140,1196,0,0,0,0,414,0,1108,0
185539,15,-0.07,-0.02,-0.5,-0.4,1,0.1,0.2,0.15,30,57.56,1685,1572,90,1482,562,375,254,0,291,0,0,113,8,1693,853,629,1693,588620.2,6057.37,81,214,211,146,159,671,0,0,562,375,545,0
185540,15,-0.07,-0.02,-0.5,-0.4,1,0.1,0.2,0.15,30,54.83,1683,1570,100,1470,0,381,283,0,806,0,0,113,10,1693,806,664,1693,575141.52,5916.89,28,83,72,66,75,1146,0,0,0,381,1089,0
185541,15,-0.07,-0.02,-0.5,-0.4,1,0.1,0.2,0.15,30,65.65,1683,1570,94,1476,594,0,507,0,375,0,0,113,10,1693,969,507,1693,906277.26,9317.24,53,133,140,88,101,961,0,0,594,0,882,0
185542,15,-0.07,-0.02,-0.5,-0.4,1,0.1,0.2,0.15,40,56.32,1685,1572,93,1479,623,458,150,38,98,112,0,113,8,1693,833,646,1693,578501.2,5955.37,81,214,211,146,159,126,95,447,623,458,248,150
185543,15,-0.07,-0.02,-0.5,-0.4,1,0.1,0.2,0.15,40,51.87,1683,1570,103,1467,0,474,188,44,217,544,0,113,10,1693,761,706,1693,580350.17,5976.96,28,83,72,66,75,57,62,1024,0,474,405,588
185544,15,-0.07,-0.02,-0.5,-0.4,1,0.1,0.2,0.15,40,65.58,1683,1570,97,1473,675,0,381,126,109,182,0,113,10,1693,966,507,1693,963638.42,9915.25,53,133,140,88,101,79,56,823,675,0,490,308
185545,15,-0.07,-0.02,-0.5,-0.4,1,0.1,0.2,0.15,50,55.1,1685,1572,93,1479,624,482,0,182,0,191,0,113,8,1693,815,664,1693,551634.72,5675.76,81,214,211,146,159,126,95,447,624,482,0,373
185546,15,-0.07,-0.02,-0.5,-0.4,1,0.1,0.2,0.15,50,49.97,1683,1570,103,1467,0,504,0,230,0,733,0,113,10,1693,733,734,1693,528531.48,5437.5,28,83,72,66,75,57,62,1024,0,504,0,963
185547,15,-0.07,-0.02,-0.5,-0.4,1,0.1,0.2,0.15,50,64.15,1683,1570,97,1473,676,0,0,528,0,269,0,113,10,1693,945,528,1693,899998.83,9262.86,53,133,140,88,101,79,56,823,676,0,0,797
185548,15,-0.07,-0.02,-0.5,-0.4,1,0.1,0.2,0.15,60,55.1,1685,1572,93,1479,624,482,0,182,0,191,0,113,8,1693,815,664,1693,551634.72,5675.76,81,214,211,146,159,126,95,447,624,482,0,373
185549,15,-0.07,-0.02,-0.5,-0.4,1,0.1,0.2,0.15,60,49.97,1683,1570,103,1467,0,504,0,230,0,733,0,113,10,1693,733,734,1693,528531.48,5437.5,28,83,72,66,75,57,62,1024,0,504,0,963
185550,15,-0.07,-0.02,-0.5,-0.4,1,0.1,0.2,0.15,60,64.15,1683,1570,97,1473,676,0,0,528,0,269,0,113,10,1693,945,528,1693,899998.83,9262.86,53,133,140,88,101,79,56,823,676,0,0,797
185551,15,-0.07,-0.02,-0.5,-0.4,1,0.2,0.1,0.15,20,65.91,1685,1572,35,1537,866,234,290,0,147,0,0,113,8,1693,1013,524,1693,391997.78,4019.43,413,299,224,601,0,0,0,0,866,234,437,0
185552,15,-0.07,-0.02,-0.5,-0.4,1,0.2,0.1,0.15,20,59.66,1685,1572,50,1522,0,249,365,0,908,0,0,113,8,1693,908,614,1693,662325.28,6813.08,28,83,72,1339,0,0,0,0,0,249,1273,0
185553,15,-0.07,-0.02,-0.5,-0.4,1,0.2,0.1,0.15,20,69.32,1683,1570,35,1535,898,0,471,0,166,0,0,113,10,1693,1064,471,1693,548493.09,5624.13,386,221,168,760,0,0,0,0,898,0,637,0
185554,15,-0.07,-0.02,-0.5,-0.4,1,0.2,0.1,0.15,30,68.27,1685,1572,56,1516,976,331,150,0,59,0,0,113,8,1693,1035,481,1693,392206.84,4029.07,413,299,224,164,117,299,0,0,976,331,209,0
185555,15,-0.07,-0.02,-0.5,-0.4,1,0.2,0.1,0.15,30,54.83,1683,1570,100,1470,0,381,283,0,806,0,0,113,10,1693,806,664,1693,575141.52,5916.89,28,83,72,66,75,1146,0,0,0,381,1089,0
185556,15,-0.07,-0.02,-0.5,-0.4,1,0.2,0.1,0.15,30,75.96,1683,1570,60,1510,1050,0,363,0,97,0,0,113,10,1693,1147,363,1693,665963.61,6839.59,386,221,168,123,90,522,0,0,1050,0,460,0
185557,15,-0.07,-0.02,-0.5,-0.4,1,0.2,0.1,0.15,40,68.89,1685,1572,58,1514,1008,381,70,20,22,13,0,113,8,1693,1043,471,1693,381349.47,3918.62,413,299,224,164,117,90,49,158,1008,381,92,33
185558,15,-0.07,-0.02,-0.5,-0.4,1,0.2,0.1,0.15,40,51.87,1683,1570,103,1467,0,474,188,44,217,544,0,113,10,1693,761,706,1693,580350.17,5976.96,28,83,72,66,75,57,62,1024,0,474,405,588
185559,15,-0.07,-0.02,-0.5,-0.4,1,0.2,0.1,0.15,40,77.92,1683,1570,62,1508,1113,0,240,93,24,38,0,113,10,1693,1175,333,1693,699088.32,7180.67,386,221,168,123,90,62,33,425,1113,0,264,131
185560,15,-0.07,-0.02,-0.5,-0.4,1,0.2,0.1,0.15,50,68.56,1685,1572,58,1514,1011,390,0,86,0,27,0,113,8,1693,1038,476,1693,372074.9,3824.03,413,299,224,164,117,90,49,158,1011,390,0,113
185561,15,-0.07,-0.02,-0.5,-0.4,1,0.2,0.1,0.15,50,49.97,1683,1570,103,1467,0,504,0,230,0,733,0,113,10,1693,733,734,1693,528531.48,5437.5,28,83,72,66,75,57,62,1024,0,504,0,963
185562,15,-0.07,-0.02,-0.5,-0.4,1,0.2,0.1,0.15,50,77.59,1683,1570,62,1508,1116,0,0,338,0,54,0,113,10,1693,1170,338,1693,668761.83,6874.41,386,221,168,123,90,62,33,425,1116,0,0,392
185563,15,-0.07,-0.02,-0.5,-0.4,1,0.2,0.1,0.15,60,68.56,1685,1572,58,1514,1011,390,0,86,0,27,0,113,8,1693,1038,476,1693,372074.9,3824.03,413,299,224,164,117,90,49,158,1011,390,0,113
185564,15,-0.07,-0.02,-0.5,-0.4,1,0.2,0.1,0.15,60,49.97,1683,1570,103,1467,0,504,0,230,0,733,0,113,10,1693,733,734,1693,528531.48,5437.5,28,83,72,66,75,57,62,1024,0,504,0,963
185565,15,-0.07,-0.02,-0.5,-0.4,1,0.2,0.1,0.15,60,77.59,1683,1570,62,1508,1116,0,0,338,0,54,0,113,10,1693,1170,338,1693,668761.83,6874.41,386,221,168,123,90,62,33,425,1116,0,0,392
185566,15,-0.07,-0.02,-0.5,-0.4,1,0.2,0.2,0.15,20,60.3,1685,1572,48,1524,404,248,357,0,515,0,0,113,8,1693,919,605,1693,604119.18,6204.39,81,214,211,1018,0,0,0,0,404,248,872,0
185567,15,-0.07,-0.02,-0.5,-0.4,1,0.2,0.2,0.15,20,59.66,1685,1572,50,1522,0,249,365,0,908,0,0,113,8,1693,908,614,1693,662325.28,6813.08,28,83,72,1339,0,0,0,0,0,249,1273,0
185568,15,-0.07,-0.02,-0.5,-0.4,1,0.2,0.2,0.15,20,63.86,1683,1570,48,1522,414,0,550,0,558,0,0,113,10,1693,972,550,1693,776775.21,7978.48,53,133,140,1196,0,0,0,0,414,0,1108,0
185569,15,-0.07,-0.02,-0.5,-0.4,1,0.2,0.2,0.15,30,57.56,1685,1572,90,1482,562,375,254,0,291,0,0,113,8,1693,853,629,1693,588620.2,6057.37,81,214,211,146,159,671,0,0,562,375,545,0
185570,15,-0.07,-0.02,-0.5,-0.4,1,0.2,0.2,0.15,30,54.83,1683,1570,100,1470,0,381,283,0,806,0,0,113,10,1693,806,664,1693,575141.52,5916.89,28,83,72,66,75,1146,0,0,0,381,1089,0
185571,15,-0.07,-0.02,-0.5,-0.4,1,0.2,0.2,0.15,30,65.65,1683,1570,94,1476,594,0,507,0,375,0,0,113,10,1693,969,507,1693,906277.26,9317.24,53,133,140,88,101,961,0,0,594,0,882,0
185572,15,-0.07,-0.02,-0.5,-0.4,1,0.2,0.2,0.15,40,56.32,1685,1572,93,1479,623,458,150,38,98,112,0,113,8,1693,833,646,1693,578501.2,5955.37,81,214,211,146,159,126,95,447,623,458,248,150
185573,15,-0.07,-0.02,-0.5,-0.4,1,0.2,0.2,0.15,40,51.87,1683,1570,103,1467,0,474,188,44,217,544,0,113,10,1693,761,706,1693,580350.17,5976.96,28,83,72,66,75,57,62,1024,0,474,405,588
185574,15,-0.07,-0.02,-0.5,-0.4,1,0.2,0.2,0.15,40,65.58,1683,1570,97,1473,675,0,381,126,109,182,0,113,10,1693,966,507,1693,963638.42,9915.25,53,133,140,88,101,79,56,823,675,0,490,308
185575,15,-0.07,-0.02,-0.5,-0.4,1,0.2,0.2,0.15,50,55.1,1685,1572,93,1479,624,482,0,182,0,191,0,113,8,1693,815,664,1693,551634.72,5675.76,81,214,211,146,159,126,95,447,624,482,0,373
185576,15,-0.07,-0.02,-0.5,-0.4,1,0.2,0.2,0.15,50,49.97,1683,1570,103,1467,0,504,0,230,0,733,0,113,10,1693,733,734,1693,528531.48,5437.5,28,83,72,66,75,57,62,1024,0,504,0,963
185577,15,-0.07,-0.02,-0.5,-0.4,1,0.2,0.2,0.15,50,64.15,1683,1570,97,1473,676,0,0,528,0,269,0,113,10,1693,945,528,1693,899998.83,9262.86,53,133,140,88,101,79,56,823,676,0,0,797
185578,15,-0.07,-0.02,-0.5,-0.4,1,0.2,0.2,0.15,60,55.1,1685,1572,93,1479,624,482,0,182,0,191,0,113,8,1693,815,664,1693,551634.72,5675.76,81,214,211,146,159,126,95,447,624,482,0,373
185579,15,-0.07,-0.02,-0.5,-0.4,1,0.2,0.2,0.15,60,49.97,1683,1570,103,1467,0,504,0,230,0,733,0,113,10,1693,733,734,1693,528531.48,5437.5,28,83,72,66,75,57,62,1024,0,504,0,963
185580,15,-0.07,-0.02,-0.5,-0.4,1,0.2,0.2,0.15,60,64.15,1683,1570,97,1473,676,0,0,528,0,269,0,113,10,1693,945,528,1693,899998.83,9262.86,53,133,140,88,101,79,56,823,676,0,0,797
185581,15,-0.07,-0.02,-0.5,-0.4,2,0.1,0.1,0.15,20,69.81,1685,1572,35,1537,919,232,232,0,154,0,0,113,8,1693,1073,464,1693,543460.25,6183.29,432,320,237,548,0,0,0,0,919,232,386,0
185582,15,-0.07,-0.02,-0.5,-0.4,2,0.1,0.1,0.15,20,63.86,1685,1572,50,1522,0,249,301,0,972,0,0,113,8,1693,972,550,1693,948647.06,9642.12,28,83,72,1339,0,0,0,0,0,249,1273,0
185583,15,-0.07,-0.02,-0.5,-0.4,2,0.1,0.1,0.15,20,75.57,1683,1570,35,1535,969,0,375,0,191,0,0,113,10,1693,1160,375,1693,822443.98,7856.8,406,245,193,691,0,0,0,0,969,0,566,0
185584,15,-0.07,-0.02,-0.5,-0.4,2,0.1,0.1,0.15,30,71.06,1685,1572,55,1517,1023,322,117,0,55,0,0,113,8,1693,1078,439,1693,524702.76,6369.74,432,320,237,162,116,250,0,0,1023,322,172,0
185585,15,-0.07,-0.02,-0.5,-0.4,2,0.1,0.1,0.15,30,57.48,1683,1570,100,1470,0,381,244,0,845,0,0,113,10,1693,845,625,1693,917756.05,9361.08,28,83,72,66,75,1146,0,0,0,381,1089,0
185586,15,-0.07,-0.02,-0.5,-0.4,2,0.1,0.1,0.15,30,81.07,1683,1570,59,1511,1140,0,286,0,85,0,0,113,10,1693,1225,286,1693,1006710.5,9143.68,406,245,193,125,110,432,0,0,1140,0,371,0
185587,15,-0.07,-0.02,-0.5,-0.4,2,0.1,0.1,0.15,40,71.75,1685,1572,57,1515,1055,366,52,10,23,9,0,113,8,1693,1087,428,1693,511228.95,6388.16,432,320,237,162,116,78,42,128,1055,366,75,19
185588,15,-0.07,-0.02,-0.5,-0.4,2,0.1,0.1,0.15,40,54.74,1683,1570,103,1467,0,474,161,29,244,559,0,113,10,1693,803,664,1693,906943.65,9792.3,28,83,72,66,75,57,62,1024,0,474,405,588
185589,15,-0.07,-0.02,-0.5,-0.4,2,0.1,0.1,0.15,40,83.7,1683,1570,61,1509,1204,0,194,52,33,26,0,113,10,1693,1263,246,1693,1080435.01,9621.08,406,245,193,125,110,61,32,337,1204,0,227,78
185590,15,-0.07,-0.02,-0.5,-0.4,2,0.1,0.1,0.15,50,71.22,1685,1572,57,1515,1058,375,0,61,0,21,0,113,8,1693,1079,436,1693,497792.34,6315.44,432,320,237,162,116,78,42,128,1058,375,0,82
185591,15,-0.07,-0.02,-0.5,-0.4,2,0.1,0.1,0.15,50,52.56,1683,1570,103,1467,0,504,0,192,0,771,0,113,10,1693,771,696,1693,833759.91,9272.18,28,83,72,66,75,57,62,1024,0,504,0,963
185592,15,-0.07,-0.02,-0.5,-0.4,2,0.1,0.1,0.15,50,83.5,1683,1570,61,1509,1207,0,0,249,0,53,0,113,10,1693,1260,249,1693,1028366.15,9353.74,406,245,193,125,110,61,32,337,1207,0,0,302
185593,15,-0.07,-0.02,-0.5,-0.4,2,0.1,0.1,0.15,60,71.22,1685,1572,57,1515,1058,375,0,61,0,21,0,113,8,1693,1079,436,1693,497792.34,6315.44,432,320,237,162,116,78,42,128,1058,375,0,82
185594,15,-0.07,-0.02,-0.5,-0.4,2,0.1,0.1,0.15,60,52.56,1683,1570,103,1467,0,504,0,192,0,771,0,113,10,1693,771,696,1693,833759.91,9272.18,28,83,72,66,75,57,62,1024,0,504,0,963
185595,15,-0.07,-0.02,-0.5,-0.4,2,0.1,0.1,0.15,60,83.5,1683,1570,61,1509,1207,0,0,249,0,53,0,113,10,1693,1260,249,1693,1028366.15,9353.74,406,245,193,125,110,61,32,337,1207,0,0,302
185596,15,-0.07,-0.02,-0.5,-0.4,2,0.1,0.2,0.15,20,64.63,1685,1572,48,1524,445,247,292,0,540,0,0,113,8,1693,985,539,1693,867690.89,8936.89,83,220,228,993,0,0,0,0,445,247,832,0
185597,15,-0.07,-0.02,-0.5,-0.4,2,0.1,0.2,0.15,20,63.86,1685,1572,50,1522,0,249,301,0,972,0,0,113,8,1693,972,550,1693,948647.06,9642.12,28,83,72,1339,0,0,0,0,0,249,1273,0
185598,15,-0.07,-0.02,-0.5,-0.4,2,0.1,0.2,0.15,20,70.57,1683,1570,48,1522,468,0,448,0,606,0,0,113,10,1693,1074,448,1693,1207597.61,10946.64,55,139,163,1165,0,0,0,0,468,0,1054,0
185599,15,-0.07,-0.02,-0.5,-0.4,2,0.1,0.2,0.15,30,60.39,1685,1572,90,1482,609,371,216,0,286,0,0,113,8,1693,895,587,1693,872057.91,9210.13,83,220,228,161,164,626,0,0,609,371,502,0
185600,15,-0.07,-0.02,-0.5,-0.4,2,0.1,0.2,0.15,30,57.48,1683,1570,100,1470,0,381,244,0,845,0,0,113,10,1693,845,625,1693,917756.05,9361.08,28,83,72,66,75,1146,0,0,0,381,1089,0
185601,15,-0.07,-0.02,-0.5,-0.4,2,0.1,0.2,0.15,30,71.21,1683,1570,94,1476,668,0,425,0,383,0,0,113,10,1693,1051,425,1693,1498932.86,12766.77,55,139,163,111,113,895,0,0,668,0,808,0
185602,15,-0.07,-0.02,-0.5,-0.4,2,0.1,0.2,0.15,40,59.43,1685,1572,93,1479,670,451,123,26,112,97,0,113,8,1693,879,600,1693,862891.66,9388.41,83,220,228,161,164,124,90,409,670,451,235,123
185603,15,-0.07,-0.02,-0.5,-0.4,2,0.1,0.2,0.15,40,54.74,1683,1570,103,1467,0,474,161,29,244,559,0,113,10,1693,803,664,1693,906943.65,9792.3,28,83,72,66,75,57,62,1024,0,474,405,588
185604,15,-0.07,-0.02,-0.5,-0.4,2,0.1,0.2,0.15,40,71.89,1683,1570,97,1473,761,0,329,85,133,165,0,113,10,1693,1059,414,1693,1618765.62,13667.65,55,139,163,111,113,87,60,745,761,0,462,250
185605,15,-0.07,-0.02,-0.5,-0.4,2,0.1,0.2,0.15,50,57.94,1685,1572,93,1479,671,475,0,147,0,186,0,113,8,1693,857,622,1693,825111.51,9147.1,83,220,228,161,164,124,90,409,671,475,0,333
185606,15,-0.07,-0.02,-0.5,-0.4,2,0.1,0.2,0.15,50,52.56,1683,1570,103,1467,0,504,0,192,0,771,0,113,10,1693,771,696,1693,833759.91,9272.18,28,83,72,66,75,57,62,1024,0,504,0,963
185607,15,-0.07,-0.02,-0.5,-0.4,2,0.1,0.2,0.15,50,70.94,1683,1570,97,1473,762,0,0,428,0,283,0,113,10,1693,1045,428,1693,1512906.95,13082.16,55,139,163,111,113,87,60,745,762,0,0,711
185608,15,-0.07,-0.02,-0.5,-0.4,2,0.1,0.2,0.15,60,57.94,1685,1572,93,1479,671,475,0,147,0,186,0,113,8,1693,857,622,1693,825111.51,9147.1,83,220,228,161,164,124,90,409,671,475,0,333
185609,15,-0.07,-0.02,-0.5,-0.4,2,0.1,0.2,0.15,60,52.56,1683,1570,103,1467,0,504,0,192,0,771,0,113,10,1693,771,696,1693,833759.91,9272.18,28,83,72,66,75,57,62,1024,0,504,0,963
185610,15,-0.07,-0.02,-0.5,-0.4,2,0.1,0.2,0.15,60,70.94,1683,1570,97,1473,762,0,0,428,0,283,0,113,10,1693,1045,428,1693,1512906.95,13082.16,55,139,163,111,113,87,60,745,762,0,0,711
